codice_intervento,descrizione,registro,codice_linea,linea,confidenza,prova,capi_nominati,comuni_citati_attraversati,confermato,natura_del_dato
0013A,Nuova linea a monte del Vesuvio Nuova linea a monte del Vesuvio (tratta bivio Casoria - bivio Sarno),"registro RFI (CdP Servizi, Allegato 3)",C142,Sarno - Codola,media,nome-parziale,sarno,,no,"dedotto: i CdP Investimenti non dichiarano la linea; associazione ricavata da nomi e comuni citati, in corso di verifica"
0013A,Nuova linea a monte del Vesuvio Nuova linea a monte del Vesuvio (tratta bivio Casoria - bivio Sarno),"registro RFI (CdP Servizi, Allegato 3)",C143,Cancello - Sarno,media,nome-parziale,sarno,,no,"dedotto: i CdP Investimenti non dichiarano la linea; associazione ricavata da nomi e comuni citati, in corso di verifica"
0013A,Nuova linea a monte del Vesuvio Nuova linea a monte del Vesuvio (tratta bivio Casoria - bivio Sarno),"registro RFI (CdP Servizi, Allegato 3)",C144,Sarno - Biv. S.Lucia 123,media,nome-parziale,sarno,,no,"dedotto: i CdP Investimenti non dichiarano la linea; associazione ricavata da nomi e comuni citati, in corso di verifica"
0013A,Nuova linea a monte del Vesuvio Nuova linea a monte del Vesuvio (tratta bivio Casoria - bivio Sarno),"registro RFI (CdP Servizi, Allegato 3)",F073,[NAPOLI] PORTICI - SALERNO,media,nome-parziale,,,no,"dedotto: i CdP Investimenti non dichiarano la linea; associazione ricavata da nomi e comuni citati, in corso di verifica"
0013A,Nuova linea a monte del Vesuvio Nuova linea a monte del Vesuvio (tratta bivio Casoria - bivio Sarno),"registro RFI (CdP Servizi, Allegato 3)",N008,Napoli,media,nome-parziale,,,no,"dedotto: i CdP Investimenti non dichiarano la linea; associazione ricavata da nomi e comuni citati, in corso di verifica"
0013A,Nuova linea a monte del Vesuvio Nuova linea a monte del Vesuvio (tratta bivio Casoria - bivio Sarno),"registro RFI (CdP Servizi, Allegato 3)",C177,Caltanissetta Xirbi - Roccapalumba-A.,media,nome-parziale,a,,no,"dedotto: i CdP Investimenti non dichiarano la linea; associazione ricavata da nomi e comuni citati, in corso di verifica"
0013B,Fermata Vesuvio Est Linea a monte del Vesuvio Fermata Vesuvio Est PROG PROG,"registro RFI (CdP Servizi, Allegato 3)",C177,Caltanissetta Xirbi - Roccapalumba-A.,media,nome-parziale,a,,no,"dedotto: i CdP Investimenti non dichiarano la linea; associazione ricavata da nomi e comuni citati, in corso di verifica"
0013B,Fermata Vesuvio Est Linea a monte del Vesuvio Fermata Vesuvio Est PROG PROG,"registro RFI (CdP Servizi, Allegato 3)",C180,Roccapalumba-A. - Fiumetorto,media,nome-parziale,a,,no,"dedotto: i CdP Investimenti non dichiarano la linea; associazione ricavata da nomi e comuni citati, in corso di verifica"
0013B,Fermata Vesuvio Est Linea a monte del Vesuvio Fermata Vesuvio Est PROG PROG,"registro RFI (CdP Servizi, Allegato 3)",C182,Roccapalumba-A. - Aragona Caldare,media,nome-parziale,a,,no,"dedotto: i CdP Investimenti non dichiarano la linea; associazione ricavata da nomi e comuni citati, in corso di verifica"
0036,"Nodo di Palermo Passante ferroviario Palermo c.le/Notarbartolo-Carini, Apparato tecnologico Palermo c.le e Completamento raddoppio Carini- Punta-Raisi e adeguamento tecnologico Palermo c.le-Fiumetorto","registro RFI (CdP Servizi, Allegato 3)",C181,Palermo - Carini,alta,nome,palermo|carini,,no,"dedotto: i CdP Investimenti non dichiarano la linea; associazione ricavata da nomi e comuni citati, in corso di verifica"
0036,"Nodo di Palermo Passante ferroviario Palermo c.le/Notarbartolo-Carini, Apparato tecnologico Palermo c.le e Completamento raddoppio Carini- Punta-Raisi e adeguamento tecnologico Palermo c.le-Fiumetorto","registro RFI (CdP Servizi, Allegato 3)",C176,Fiumetorto - Palermo,alta,nome,fiumetorto|palermo,,no,"dedotto: i CdP Investimenti non dichiarano la linea; associazione ricavata da nomi e comuni citati, in corso di verifica"
0036,"Nodo di Palermo Passante ferroviario Palermo c.le/Notarbartolo-Carini, Apparato tecnologico Palermo c.le e Completamento raddoppio Carini- Punta-Raisi e adeguamento tecnologico Palermo c.le-Fiumetorto","registro RFI (CdP Servizi, Allegato 3)",C184,Palermo Centrale - Palermo Marittima,media,nome-parziale,palermo,,no,"dedotto: i CdP Investimenti non dichiarano la linea; associazione ricavata da nomi e comuni citati, in corso di verifica"
0036,"Nodo di Palermo Passante ferroviario Palermo c.le/Notarbartolo-Carini, Apparato tecnologico Palermo c.le e Completamento raddoppio Carini- Punta-Raisi e adeguamento tecnologico Palermo c.le-Fiumetorto","registro RFI (CdP Servizi, Allegato 3)",C204,Carini - Alcamo Diramazione - Trapani,media,nome-parziale,carini,,no,"dedotto: i CdP Investimenti non dichiarano la linea; associazione ricavata da nomi e comuni citati, in corso di verifica"
0036,"Nodo di Palermo Passante ferroviario Palermo c.le/Notarbartolo-Carini, Apparato tecnologico Palermo c.le e Completamento raddoppio Carini- Punta-Raisi e adeguamento tecnologico Palermo c.le-Fiumetorto","registro RFI (CdP Servizi, Allegato 3)",C175,Messina - Fiumetorto,media,nome-parziale,fiumetorto,,no,"dedotto: i CdP Investimenti non dichiarano la linea; associazione ricavata da nomi e comuni citati, in corso di verifica"
0036,"Nodo di Palermo Passante ferroviario Palermo c.le/Notarbartolo-Carini, Apparato tecnologico Palermo c.le e Completamento raddoppio Carini- Punta-Raisi e adeguamento tecnologico Palermo c.le-Fiumetorto","registro RFI (CdP Servizi, Allegato 3)",C180,Roccapalumba-A. - Fiumetorto,media,nome-parziale,fiumetorto,,no,"dedotto: i CdP Investimenti non dichiarano la linea; associazione ricavata da nomi e comuni citati, in corso di verifica"
0037,Realizzazione fermate ed adeguamento stazioni per servizio metropolitano di Bologna 1^ fase,"registro RFI (CdP Servizi, Allegato 3)",N005,Bologna,media,nome-parziale,bologna,,no,"dedotto: i CdP Investimenti non dichiarano la linea; associazione ricavata da nomi e comuni citati, in corso di verifica"
0037,Realizzazione fermate ed adeguamento stazioni per servizio metropolitano di Bologna 1^ fase,"registro RFI (CdP Servizi, Allegato 3)",F043,[BOLOGNA] BOLOGNA S.RUFFILLO - FIRENZE CASTELLO [FIRENZE],media,nome-parziale,,,no,"dedotto: i CdP Investimenti non dichiarano la linea; associazione ricavata da nomi e comuni citati, in corso di verifica"
0037,Realizzazione fermate ed adeguamento stazioni per servizio metropolitano di Bologna 1^ fase,"registro RFI (CdP Servizi, Allegato 3)",A005,Milano-Bologna AV/AC,bassa,nome-parziale,bologna,,no,"dedotto: i CdP Investimenti non dichiarano la linea; associazione ricavata da nomi e comuni citati, in corso di verifica"
0037,Realizzazione fermate ed adeguamento stazioni per servizio metropolitano di Bologna 1^ fase,"registro RFI (CdP Servizi, Allegato 3)",A007,Bologna - Firenze AV/AC,bassa,nome-parziale,bologna,,no,"dedotto: i CdP Investimenti non dichiarano la linea; associazione ricavata da nomi e comuni citati, in corso di verifica"
0049A,Raddoppio Milano-Mortara: 1^ fase Raddoppio Milano S.Cristoforo- Albairate Fermate Porta Romana e Tibaldi Riqualificazione Milano S. Cristoforo-P.ta Romana PROG PROG Raddoppio Albairate-Abbiategrasso PROG PROG,"registro RFI (CdP Servizi, Allegato 3)",C058,Milano P.Genova - Mortara,alta,nome-parziale,mortara,,no,"dedotto: i CdP Investimenti non dichiarano la linea; associazione ricavata da nomi e comuni citati, in corso di verifica"
0049A,Raddoppio Milano-Mortara: 1^ fase Raddoppio Milano S.Cristoforo- Albairate Fermate Porta Romana e Tibaldi Riqualificazione Milano S. Cristoforo-P.ta Romana PROG PROG Raddoppio Albairate-Abbiategrasso PROG PROG,"registro RFI (CdP Servizi, Allegato 3)",C020,Vercelli - Mortara,media,nome-parziale,mortara,,no,"dedotto: i CdP Investimenti non dichiarano la linea; associazione ricavata da nomi e comuni citati, in corso di verifica"
0049A,Raddoppio Milano-Mortara: 1^ fase Raddoppio Milano S.Cristoforo- Albairate Fermate Porta Romana e Tibaldi Riqualificazione Milano S. Cristoforo-P.ta Romana PROG PROG Raddoppio Albairate-Abbiategrasso PROG PROG,"registro RFI (CdP Servizi, Allegato 3)",C021,Mortara - Pavia,media,nome-parziale,mortara,,no,"dedotto: i CdP Investimenti non dichiarano la linea; associazione ricavata da nomi e comuni citati, in corso di verifica"
0049A,Raddoppio Milano-Mortara: 1^ fase Raddoppio Milano S.Cristoforo- Albairate Fermate Porta Romana e Tibaldi Riqualificazione Milano S. Cristoforo-P.ta Romana PROG PROG Raddoppio Albairate-Abbiategrasso PROG PROG,"registro RFI (CdP Servizi, Allegato 3)",C025,Novara - Mortara,media,nome-parziale,mortara,,no,"dedotto: i CdP Investimenti non dichiarano la linea; associazione ricavata da nomi e comuni citati, in corso di verifica"
0049A,Raddoppio Milano-Mortara: 1^ fase Raddoppio Milano S.Cristoforo- Albairate Fermate Porta Romana e Tibaldi Riqualificazione Milano S. Cristoforo-P.ta Romana PROG PROG Raddoppio Albairate-Abbiategrasso PROG PROG,"registro RFI (CdP Servizi, Allegato 3)",C218,Mortara - Casale Monferr. - Asti,media,nome-parziale,mortara,,no,"dedotto: i CdP Investimenti non dichiarano la linea; associazione ricavata da nomi e comuni citati, in corso di verifica"
0049A,Raddoppio Milano-Mortara: 1^ fase Raddoppio Milano S.Cristoforo- Albairate Fermate Porta Romana e Tibaldi Riqualificazione Milano S. Cristoforo-P.ta Romana PROG PROG Raddoppio Albairate-Abbiategrasso PROG PROG,"registro RFI (CdP Servizi, Allegato 3)",N002,Milano,media,nome-parziale,milano,,no,"dedotto: i CdP Investimenti non dichiarano la linea; associazione ricavata da nomi e comuni citati, in corso di verifica"
0049B,Raddoppio Milano-Mortara: 2^ fase Raddoppio Abbiategrasso-Vigevano-Parona PROG PROG Raddoppio Parona-Mortara,"registro RFI (CdP Servizi, Allegato 3)",C058,Milano P.Genova - Mortara,alta,nome-parziale,mortara,,no,"dedotto: i CdP Investimenti non dichiarano la linea; associazione ricavata da nomi e comuni citati, in corso di verifica"
0049B,Raddoppio Milano-Mortara: 2^ fase Raddoppio Abbiategrasso-Vigevano-Parona PROG PROG Raddoppio Parona-Mortara,"registro RFI (CdP Servizi, Allegato 3)",C020,Vercelli - Mortara,media,nome-parziale,mortara,,no,"dedotto: i CdP Investimenti non dichiarano la linea; associazione ricavata da nomi e comuni citati, in corso di verifica"
0049B,Raddoppio Milano-Mortara: 2^ fase Raddoppio Abbiategrasso-Vigevano-Parona PROG PROG Raddoppio Parona-Mortara,"registro RFI (CdP Servizi, Allegato 3)",C021,Mortara - Pavia,media,nome-parziale,mortara,,no,"dedotto: i CdP Investimenti non dichiarano la linea; associazione ricavata da nomi e comuni citati, in corso di verifica"
0049B,Raddoppio Milano-Mortara: 2^ fase Raddoppio Abbiategrasso-Vigevano-Parona PROG PROG Raddoppio Parona-Mortara,"registro RFI (CdP Servizi, Allegato 3)",C025,Novara - Mortara,media,nome-parziale,mortara,,no,"dedotto: i CdP Investimenti non dichiarano la linea; associazione ricavata da nomi e comuni citati, in corso di verifica"
0049B,Raddoppio Milano-Mortara: 2^ fase Raddoppio Abbiategrasso-Vigevano-Parona PROG PROG Raddoppio Parona-Mortara,"registro RFI (CdP Servizi, Allegato 3)",C218,Mortara - Casale Monferr. - Asti,media,nome-parziale,mortara,,no,"dedotto: i CdP Investimenti non dichiarano la linea; associazione ricavata da nomi e comuni citati, in corso di verifica"
0049B,Raddoppio Milano-Mortara: 2^ fase Raddoppio Abbiategrasso-Vigevano-Parona PROG PROG Raddoppio Parona-Mortara,"registro RFI (CdP Servizi, Allegato 3)",N002,Milano,media,nome-parziale,milano,,no,"dedotto: i CdP Investimenti non dichiarano la linea; associazione ricavata da nomi e comuni citati, in corso di verifica"
0052,"Passante di Torino tratta Porta Susa - Stura Quadruplicamento Torino Porta Susa-Stura e progettazione fermate Dora e Zappata, Stazione AV Torino Porta Susa e Nuova SSE Torino Bramante","registro RFI (CdP Servizi, Allegato 3)",N001,Torino,media,nome-parziale,torino,,no,"dedotto: i CdP Investimenti non dichiarano la linea; associazione ricavata da nomi e comuni citati, in corso di verifica"
0052,"Passante di Torino tratta Porta Susa - Stura Quadruplicamento Torino Porta Susa-Stura e progettazione fermate Dora e Zappata, Stazione AV Torino Porta Susa e Nuova SSE Torino Bramante","registro RFI (CdP Servizi, Allegato 3)",A003,Torino-Milano AV/AC,media,nome-parziale,torino,,no,"dedotto: i CdP Investimenti non dichiarano la linea; associazione ricavata da nomi e comuni citati, in corso di verifica"
0052,"Passante di Torino tratta Porta Susa - Stura Quadruplicamento Torino Porta Susa-Stura e progettazione fermate Dora e Zappata, Stazione AV Torino Porta Susa e Nuova SSE Torino Bramante","registro RFI (CdP Servizi, Allegato 3)",C246,Susa - Bussoleno,media,nome-parziale,susa,,no,"dedotto: i CdP Investimenti non dichiarano la linea; associazione ricavata da nomi e comuni citati, in corso di verifica"
0077,Raddoppio Genova-Ventimiglia 1^ fase Raddoppio Andora - S.Lorenzo e completamento raddoppio S.Lorenzo - Ospedaletti,"registro RFI (CdP Servizi, Allegato 3)",F009,VENTIMIGLIA - SAVONA,alta,nome-parziale,ventimiglia,,no,"dedotto: i CdP Investimenti non dichiarano la linea; associazione ricavata da nomi e comuni citati, in corso di verifica"
0077,Raddoppio Genova-Ventimiglia 1^ fase Raddoppio Andora - S.Lorenzo e completamento raddoppio S.Lorenzo - Ospedaletti,"registro RFI (CdP Servizi, Allegato 3)",C010,Cuneo - Ventimiglia,media,nome-parziale,ventimiglia,,no,"dedotto: i CdP Investimenti non dichiarano la linea; associazione ricavata da nomi e comuni citati, in corso di verifica"
0077,Raddoppio Genova-Ventimiglia 1^ fase Raddoppio Andora - S.Lorenzo e completamento raddoppio S.Lorenzo - Ospedaletti,"registro RFI (CdP Servizi, Allegato 3)",N004,Genova,media,nome-parziale,genova,,no,"dedotto: i CdP Investimenti non dichiarano la linea; associazione ricavata da nomi e comuni citati, in corso di verifica"
0077,Raddoppio Genova-Ventimiglia 1^ fase Raddoppio Andora - S.Lorenzo e completamento raddoppio S.Lorenzo - Ospedaletti,"registro RFI (CdP Servizi, Allegato 3)",C098,Ovada - Genova Borzoli,media,nome-parziale,,,no,"dedotto: i CdP Investimenti non dichiarano la linea; associazione ricavata da nomi e comuni citati, in corso di verifica"
0077,Raddoppio Genova-Ventimiglia 1^ fase Raddoppio Andora - S.Lorenzo e completamento raddoppio S.Lorenzo - Ospedaletti,"registro RFI (CdP Servizi, Allegato 3)",F007,SAVONA -  GENOVA VOLTRI [GENOVA],media,nome-parziale,,,no,"dedotto: i CdP Investimenti non dichiarano la linea; associazione ricavata da nomi e comuni citati, in corso di verifica"
0077,Raddoppio Genova-Ventimiglia 1^ fase Raddoppio Andora - S.Lorenzo e completamento raddoppio S.Lorenzo - Ospedaletti,"registro RFI (CdP Servizi, Allegato 3)",F019,ARQUATA - MIGNANEGO / GENOVA RIVAROLO / GENOVA CAMPASSO [GENOVA] (compresa via Isola del Cantone),media,nome-parziale,,,no,"dedotto: i CdP Investimenti non dichiarano la linea; associazione ricavata da nomi e comuni citati, in corso di verifica"
0083,Infrastrutturazione area stazione Tiburtina e nodo di interscambio Stazione AV stazione Tiburtina e infrastrutturazione area,"registro RFI (CdP Servizi, Allegato 3)",A001,Roma-Napoli AV/AC,media,nome-parziale,,,no,"dedotto: i CdP Investimenti non dichiarano la linea; associazione ricavata da nomi e comuni citati, in corso di verifica"
0083,Infrastrutturazione area stazione Tiburtina e nodo di interscambio Stazione AV stazione Tiburtina e infrastrutturazione area,"registro RFI (CdP Servizi, Allegato 3)",C129,Viterbo - Cesano,media,nome-parziale,,,no,"dedotto: i CdP Investimenti non dichiarano la linea; associazione ricavata da nomi e comuni citati, in corso di verifica"
0083,Infrastrutturazione area stazione Tiburtina e nodo di interscambio Stazione AV stazione Tiburtina e infrastrutturazione area,"registro RFI (CdP Servizi, Allegato 3)",F055,[FIRENZE] FIRENZE ROVEZZANO - SETTE BAGNI [ROMA] (Linea Direttissima),media,nome-parziale,,,no,"dedotto: i CdP Investimenti non dichiarano la linea; associazione ricavata da nomi e comuni citati, in corso di verifica"
0083,Infrastrutturazione area stazione Tiburtina e nodo di interscambio Stazione AV stazione Tiburtina e infrastrutturazione area,"registro RFI (CdP Servizi, Allegato 3)",F057,[ROMA] TORRICOLA - FRATTAMAGGIORE [NAPOLI] (via Formia),media,nome-parziale,,,no,"dedotto: i CdP Investimenti non dichiarano la linea; associazione ricavata da nomi e comuni citati, in corso di verifica"
0083,Infrastrutturazione area stazione Tiburtina e nodo di interscambio Stazione AV stazione Tiburtina e infrastrutturazione area,"registro RFI (CdP Servizi, Allegato 3)",F061,(comprese linee Rocca d'Evandro - Venafro/Vairano e Santa Maria C.V. - Maddaloni M. S.to e linee Bivio Maddaloni /,media,nome-parziale,,,no,"dedotto: i CdP Investimenti non dichiarano la linea; associazione ricavata da nomi e comuni citati, in corso di verifica"
0083,Infrastrutturazione area stazione Tiburtina e nodo di interscambio Stazione AV stazione Tiburtina e infrastrutturazione area,"registro RFI (CdP Servizi, Allegato 3)",N007,Roma,media,nome-parziale,,,no,"dedotto: i CdP Investimenti non dichiarano la linea; associazione ricavata da nomi e comuni citati, in corso di verifica"
0099A,Itinerario Napoli-Bari: Raddoppio Bovino-Cervaro Raddoppio Bovino-Cervaro,"registro RFI (CdP Servizi, Allegato 3)",C150,Bari - Brindisi,media,nome-parziale,bari,,no,"dedotto: i CdP Investimenti non dichiarano la linea; associazione ricavata da nomi e comuni citati, in corso di verifica"
0099A,Itinerario Napoli-Bari: Raddoppio Bovino-Cervaro Raddoppio Bovino-Cervaro,"registro RFI (CdP Servizi, Allegato 3)",C158,Bari - Gioia Del Colle,media,nome-parziale,bari,,no,"dedotto: i CdP Investimenti non dichiarano la linea; associazione ricavata da nomi e comuni citati, in corso di verifica"
0099A,Itinerario Napoli-Bari: Raddoppio Bovino-Cervaro Raddoppio Bovino-Cervaro,"registro RFI (CdP Servizi, Allegato 3)",F069,FOGGIA - BARI (compresa Enziteto Catino - Bari S.Spirito),media,nome-parziale,bari,,no,"dedotto: i CdP Investimenti non dichiarano la linea; associazione ricavata da nomi e comuni citati, in corso di verifica"
0099A,Itinerario Napoli-Bari: Raddoppio Bovino-Cervaro Raddoppio Bovino-Cervaro,"registro RFI (CdP Servizi, Allegato 3)",N008,Napoli,media,nome-parziale,napoli,,no,"dedotto: i CdP Investimenti non dichiarano la linea; associazione ricavata da nomi e comuni citati, in corso di verifica"
0099A,Itinerario Napoli-Bari: Raddoppio Bovino-Cervaro Raddoppio Bovino-Cervaro,"registro RFI (CdP Servizi, Allegato 3)",F071,CASERTA - FOGGIA,media,nome-parziale,,,no,"dedotto: i CdP Investimenti non dichiarano la linea; associazione ricavata da nomi e comuni citati, in corso di verifica"
0099A,Itinerario Napoli-Bari: Raddoppio Bovino-Cervaro Raddoppio Bovino-Cervaro,"registro RFI (CdP Servizi, Allegato 3)",F073,[NAPOLI] PORTICI - SALERNO,media,nome-parziale,,,no,"dedotto: i CdP Investimenti non dichiarano la linea; associazione ricavata da nomi e comuni citati, in corso di verifica"
0099B,Itinerario Napoli-Bari: Raddoppio Orsara-Bovino Raddoppio Orsara-Bovino,"registro RFI (CdP Servizi, Allegato 3)",C150,Bari - Brindisi,media,nome-parziale,bari,,no,"dedotto: i CdP Investimenti non dichiarano la linea; associazione ricavata da nomi e comuni citati, in corso di verifica"
0099B,Itinerario Napoli-Bari: Raddoppio Orsara-Bovino Raddoppio Orsara-Bovino,"registro RFI (CdP Servizi, Allegato 3)",C158,Bari - Gioia Del Colle,media,nome-parziale,bari,,no,"dedotto: i CdP Investimenti non dichiarano la linea; associazione ricavata da nomi e comuni citati, in corso di verifica"
0099B,Itinerario Napoli-Bari: Raddoppio Orsara-Bovino Raddoppio Orsara-Bovino,"registro RFI (CdP Servizi, Allegato 3)",F069,FOGGIA - BARI (compresa Enziteto Catino - Bari S.Spirito),media,nome-parziale,bari,,no,"dedotto: i CdP Investimenti non dichiarano la linea; associazione ricavata da nomi e comuni citati, in corso di verifica"
0099B,Itinerario Napoli-Bari: Raddoppio Orsara-Bovino Raddoppio Orsara-Bovino,"registro RFI (CdP Servizi, Allegato 3)",N008,Napoli,media,nome-parziale,napoli,,no,"dedotto: i CdP Investimenti non dichiarano la linea; associazione ricavata da nomi e comuni citati, in corso di verifica"
0099B,Itinerario Napoli-Bari: Raddoppio Orsara-Bovino Raddoppio Orsara-Bovino,"registro RFI (CdP Servizi, Allegato 3)",F071,CASERTA - FOGGIA,media,nome-parziale,,,no,"dedotto: i CdP Investimenti non dichiarano la linea; associazione ricavata da nomi e comuni citati, in corso di verifica"
0099B,Itinerario Napoli-Bari: Raddoppio Orsara-Bovino Raddoppio Orsara-Bovino,"registro RFI (CdP Servizi, Allegato 3)",F073,[NAPOLI] PORTICI - SALERNO,media,nome-parziale,,,no,"dedotto: i CdP Investimenti non dichiarano la linea; associazione ricavata da nomi e comuni citati, in corso di verifica"
0099C,Itinerario Napoli-Bari: Opere di completamento raddoppio Vitulano-Apice Interventi di completamento raddoppio Vitulano-Apice,"registro RFI (CdP Servizi, Allegato 3)",C150,Bari - Brindisi,media,nome-parziale,bari,,no,"dedotto: i CdP Investimenti non dichiarano la linea; associazione ricavata da nomi e comuni citati, in corso di verifica"
0099C,Itinerario Napoli-Bari: Opere di completamento raddoppio Vitulano-Apice Interventi di completamento raddoppio Vitulano-Apice,"registro RFI (CdP Servizi, Allegato 3)",C158,Bari - Gioia Del Colle,media,nome-parziale,bari,,no,"dedotto: i CdP Investimenti non dichiarano la linea; associazione ricavata da nomi e comuni citati, in corso di verifica"
0099C,Itinerario Napoli-Bari: Opere di completamento raddoppio Vitulano-Apice Interventi di completamento raddoppio Vitulano-Apice,"registro RFI (CdP Servizi, Allegato 3)",F069,FOGGIA - BARI (compresa Enziteto Catino - Bari S.Spirito),media,nome-parziale,bari,,no,"dedotto: i CdP Investimenti non dichiarano la linea; associazione ricavata da nomi e comuni citati, in corso di verifica"
0099C,Itinerario Napoli-Bari: Opere di completamento raddoppio Vitulano-Apice Interventi di completamento raddoppio Vitulano-Apice,"registro RFI (CdP Servizi, Allegato 3)",N008,Napoli,media,nome-parziale,napoli,,no,"dedotto: i CdP Investimenti non dichiarano la linea; associazione ricavata da nomi e comuni citati, in corso di verifica"
0099C,Itinerario Napoli-Bari: Opere di completamento raddoppio Vitulano-Apice Interventi di completamento raddoppio Vitulano-Apice,"registro RFI (CdP Servizi, Allegato 3)",F071,CASERTA - FOGGIA,media,nome-parziale,,,no,"dedotto: i CdP Investimenti non dichiarano la linea; associazione ricavata da nomi e comuni citati, in corso di verifica"
0099C,Itinerario Napoli-Bari: Opere di completamento raddoppio Vitulano-Apice Interventi di completamento raddoppio Vitulano-Apice,"registro RFI (CdP Servizi, Allegato 3)",F073,[NAPOLI] PORTICI - SALERNO,media,nome-parziale,,,no,"dedotto: i CdP Investimenti non dichiarano la linea; associazione ricavata da nomi e comuni citati, in corso di verifica"
0100,"Raddoppio Bari-Taranto Raddoppio Bari S.Andrea - Bitetto e Castellaneta-Palagianello e interventi di completamento tratte già raddoppiate, bretella di collegamento Bari-Taranto-Metaponto","registro RFI (CdP Servizi, Allegato 3)",C159,Gioia Del Colle - Taranto,alta,nome-parziale,taranto,,no,"dedotto: i CdP Investimenti non dichiarano la linea; associazione ricavata da nomi e comuni citati, in corso di verifica"
0100,"Raddoppio Bari-Taranto Raddoppio Bari S.Andrea - Bitetto e Castellaneta-Palagianello e interventi di completamento tratte già raddoppiate, bretella di collegamento Bari-Taranto-Metaponto","registro RFI (CdP Servizi, Allegato 3)",C156,Metaponto - Taranto,alta,nome,metaponto|taranto,,no,"dedotto: i CdP Investimenti non dichiarano la linea; associazione ricavata da nomi e comuni citati, in corso di verifica"
0100,"Raddoppio Bari-Taranto Raddoppio Bari S.Andrea - Bitetto e Castellaneta-Palagianello e interventi di completamento tratte già raddoppiate, bretella di collegamento Bari-Taranto-Metaponto","registro RFI (CdP Servizi, Allegato 3)",C158,Bari - Gioia Del Colle,alta,nome-parziale,bari,,no,"dedotto: i CdP Investimenti non dichiarano la linea; associazione ricavata da nomi e comuni citati, in corso di verifica"
0100,"Raddoppio Bari-Taranto Raddoppio Bari S.Andrea - Bitetto e Castellaneta-Palagianello e interventi di completamento tratte già raddoppiate, bretella di collegamento Bari-Taranto-Metaponto","registro RFI (CdP Servizi, Allegato 3)",C150,Bari - Brindisi,media,nome-parziale,bari,,no,"dedotto: i CdP Investimenti non dichiarano la linea; associazione ricavata da nomi e comuni citati, in corso di verifica"
0100,"Raddoppio Bari-Taranto Raddoppio Bari S.Andrea - Bitetto e Castellaneta-Palagianello e interventi di completamento tratte già raddoppiate, bretella di collegamento Bari-Taranto-Metaponto","registro RFI (CdP Servizi, Allegato 3)",C157,Taranto - Brindisi,media,nome-parziale,taranto,,no,"dedotto: i CdP Investimenti non dichiarano la linea; associazione ricavata da nomi e comuni citati, in corso di verifica"
0100,"Raddoppio Bari-Taranto Raddoppio Bari S.Andrea - Bitetto e Castellaneta-Palagianello e interventi di completamento tratte già raddoppiate, bretella di collegamento Bari-Taranto-Metaponto","registro RFI (CdP Servizi, Allegato 3)",F069,FOGGIA - BARI (compresa Enziteto Catino - Bari S.Spirito),media,nome-parziale,bari,,no,"dedotto: i CdP Investimenti non dichiarano la linea; associazione ricavata da nomi e comuni citati, in corso di verifica"
0115,Raddoppio Messina - Siracusa 1^ fase Raddoppio Catania Ognina - Catania Centrale e interventi di completamento raddoppio Fiumefreddo-Giarre e Targia - Siracusa,"registro RFI (CdP Servizi, Allegato 3)",C169,Messina - Catania,alta,nome,messina|catania,,no,"dedotto: i CdP Investimenti non dichiarano la linea; associazione ricavata da nomi e comuni citati, in corso di verifica"
0115,Raddoppio Messina - Siracusa 1^ fase Raddoppio Catania Ognina - Catania Centrale e interventi di completamento raddoppio Fiumefreddo-Giarre e Targia - Siracusa,"registro RFI (CdP Servizi, Allegato 3)",C170,Catania  - Lentini Diramazione,media,nome-parziale,catania,,no,"dedotto: i CdP Investimenti non dichiarano la linea; associazione ricavata da nomi e comuni citati, in corso di verifica"
0115,Raddoppio Messina - Siracusa 1^ fase Raddoppio Catania Ognina - Catania Centrale e interventi di completamento raddoppio Fiumefreddo-Giarre e Targia - Siracusa,"registro RFI (CdP Servizi, Allegato 3)",C171,Lentini Diramazione - Siracusa,media,nome-parziale,siracusa,,no,"dedotto: i CdP Investimenti non dichiarano la linea; associazione ricavata da nomi e comuni citati, in corso di verifica"
0115,Raddoppio Messina - Siracusa 1^ fase Raddoppio Catania Ognina - Catania Centrale e interventi di completamento raddoppio Fiumefreddo-Giarre e Targia - Siracusa,"registro RFI (CdP Servizi, Allegato 3)",C174,Modica - Siracusa,media,nome-parziale,siracusa,,no,"dedotto: i CdP Investimenti non dichiarano la linea; associazione ricavata da nomi e comuni citati, in corso di verifica"
0115,Raddoppio Messina - Siracusa 1^ fase Raddoppio Catania Ognina - Catania Centrale e interventi di completamento raddoppio Fiumefreddo-Giarre e Targia - Siracusa,"registro RFI (CdP Servizi, Allegato 3)",C175,Messina - Fiumetorto,media,nome-parziale,messina,,no,"dedotto: i CdP Investimenti non dichiarano la linea; associazione ricavata da nomi e comuni citati, in corso di verifica"
0115,Raddoppio Messina - Siracusa 1^ fase Raddoppio Catania Ognina - Catania Centrale e interventi di completamento raddoppio Fiumefreddo-Giarre e Targia - Siracusa,"registro RFI (CdP Servizi, Allegato 3)",C178,Bicocca - Caltanissetta Xirbi,media,nome-parziale,,,no,"dedotto: i CdP Investimenti non dichiarano la linea; associazione ricavata da nomi e comuni citati, in corso di verifica"
0119,Potenziamento infrastrutturale Orte-Falconara,"registro RFI (CdP Servizi, Allegato 3)",F065,ANCONA - ORTE (compresa Ancona - Ancona Marittima),media,nome-parziale,orte,,no,"dedotto: i CdP Investimenti non dichiarano la linea; associazione ricavata da nomi e comuni citati, in corso di verifica"
0136,Nuova Linea Ferrandina-Matera La Martella,"registro RFI (CdP Servizi, Allegato 3)",C155,Potenza  - Metaponto,media,nome-parziale,,,no,"dedotto: i CdP Investimenti non dichiarano la linea; associazione ricavata da nomi e comuni citati, in corso di verifica"
0142A,"Raddoppio Pescara-Bari 1^ fase Completamento raddoppio Ortona-Casalbordino, Vasto-Vasto S.Salvo e Lesina-San Severo (opere già in esercizio) e Raddoppio tratta a nord della stazione di Ortona PRG e ACC Foggia","registro RFI (CdP Servizi, Allegato 3)",F067,ANCONA - FOGGIA,alta,nome-parziale,foggia,,no,"dedotto: i CdP Investimenti non dichiarano la linea; associazione ricavata da nomi e comuni citati, in corso di verifica"
0142A,"Raddoppio Pescara-Bari 1^ fase Completamento raddoppio Ortona-Casalbordino, Vasto-Vasto S.Salvo e Lesina-San Severo (opere già in esercizio) e Raddoppio tratta a nord della stazione di Ortona PRG e ACC Foggia","registro RFI (CdP Servizi, Allegato 3)",F069,FOGGIA - BARI (compresa Enziteto Catino - Bari S.Spirito),alta,nome,foggia|bari,,no,"dedotto: i CdP Investimenti non dichiarano la linea; associazione ricavata da nomi e comuni citati, in corso di verifica"
0142A,"Raddoppio Pescara-Bari 1^ fase Completamento raddoppio Ortona-Casalbordino, Vasto-Vasto S.Salvo e Lesina-San Severo (opere già in esercizio) e Raddoppio tratta a nord della stazione di Ortona PRG e ACC Foggia","registro RFI (CdP Servizi, Allegato 3)",C125,Pescara - Sulmona,media,nome-parziale,pescara,,no,"dedotto: i CdP Investimenti non dichiarano la linea; associazione ricavata da nomi e comuni citati, in corso di verifica"
0142A,"Raddoppio Pescara-Bari 1^ fase Completamento raddoppio Ortona-Casalbordino, Vasto-Vasto S.Salvo e Lesina-San Severo (opere già in esercizio) e Raddoppio tratta a nord della stazione di Ortona PRG e ACC Foggia","registro RFI (CdP Servizi, Allegato 3)",C150,Bari - Brindisi,media,nome-parziale,bari,,no,"dedotto: i CdP Investimenti non dichiarano la linea; associazione ricavata da nomi e comuni citati, in corso di verifica"
0142A,"Raddoppio Pescara-Bari 1^ fase Completamento raddoppio Ortona-Casalbordino, Vasto-Vasto S.Salvo e Lesina-San Severo (opere già in esercizio) e Raddoppio tratta a nord della stazione di Ortona PRG e ACC Foggia","registro RFI (CdP Servizi, Allegato 3)",C158,Bari - Gioia Del Colle,media,nome-parziale,bari,,no,"dedotto: i CdP Investimenti non dichiarano la linea; associazione ricavata da nomi e comuni citati, in corso di verifica"
0142A,"Raddoppio Pescara-Bari 1^ fase Completamento raddoppio Ortona-Casalbordino, Vasto-Vasto S.Salvo e Lesina-San Severo (opere già in esercizio) e Raddoppio tratta a nord della stazione di Ortona PRG e ACC Foggia","registro RFI (CdP Servizi, Allegato 3)",C236,Foggia - Manfredonia,media,nome-parziale,foggia,,no,"dedotto: i CdP Investimenti non dichiarano la linea; associazione ricavata da nomi e comuni citati, in corso di verifica"
0142B,Completamento raddoppio Pescara-Bari (tratta Termoli- Lesina) Raddoppio Ripalta-Lesina Raddoppio Termoli-Ripalta,"registro RFI (CdP Servizi, Allegato 3)",F067,ANCONA - FOGGIA,alta,nome-parziale,,,no,"dedotto: i CdP Investimenti non dichiarano la linea; associazione ricavata da nomi e comuni citati, in corso di verifica"
0142B,Completamento raddoppio Pescara-Bari (tratta Termoli- Lesina) Raddoppio Ripalta-Lesina Raddoppio Termoli-Ripalta,"registro RFI (CdP Servizi, Allegato 3)",C125,Pescara - Sulmona,media,nome-parziale,pescara,,no,"dedotto: i CdP Investimenti non dichiarano la linea; associazione ricavata da nomi e comuni citati, in corso di verifica"
0142B,Completamento raddoppio Pescara-Bari (tratta Termoli- Lesina) Raddoppio Ripalta-Lesina Raddoppio Termoli-Ripalta,"registro RFI (CdP Servizi, Allegato 3)",C150,Bari - Brindisi,media,nome-parziale,bari,,no,"dedotto: i CdP Investimenti non dichiarano la linea; associazione ricavata da nomi e comuni citati, in corso di verifica"
0142B,Completamento raddoppio Pescara-Bari (tratta Termoli- Lesina) Raddoppio Ripalta-Lesina Raddoppio Termoli-Ripalta,"registro RFI (CdP Servizi, Allegato 3)",C158,Bari - Gioia Del Colle,media,nome-parziale,bari,,no,"dedotto: i CdP Investimenti non dichiarano la linea; associazione ricavata da nomi e comuni citati, in corso di verifica"
0142B,Completamento raddoppio Pescara-Bari (tratta Termoli- Lesina) Raddoppio Ripalta-Lesina Raddoppio Termoli-Ripalta,"registro RFI (CdP Servizi, Allegato 3)",C230,Termoli - Campobasso,media,nome-parziale,termoli,,no,"dedotto: i CdP Investimenti non dichiarano la linea; associazione ricavata da nomi e comuni citati, in corso di verifica"
0142B,Completamento raddoppio Pescara-Bari (tratta Termoli- Lesina) Raddoppio Ripalta-Lesina Raddoppio Termoli-Ripalta,"registro RFI (CdP Servizi, Allegato 3)",F069,FOGGIA - BARI (compresa Enziteto Catino - Bari S.Spirito),media,nome-parziale,bari,,no,"dedotto: i CdP Investimenti non dichiarano la linea; associazione ricavata da nomi e comuni citati, in corso di verifica"
0149,"Sistemazione nodo di Bari Raddoppio Bari Parco Sud - Bari Torre a Mare e variante ingresso linea merci Bari-Taranto, Variante ingresso linea viaggiatori Bari- Taranto, modifica radice lato Nord Bari C.le e ACC Bari Parco Nord, Binari di stazionamento della stazione di Bari C.le","registro RFI (CdP Servizi, Allegato 3)",C150,Bari - Brindisi,media,nome-parziale,bari,,no,"dedotto: i CdP Investimenti non dichiarano la linea; associazione ricavata da nomi e comuni citati, in corso di verifica"
0149,"Sistemazione nodo di Bari Raddoppio Bari Parco Sud - Bari Torre a Mare e variante ingresso linea merci Bari-Taranto, Variante ingresso linea viaggiatori Bari- Taranto, modifica radice lato Nord Bari C.le e ACC Bari Parco Nord, Binari di stazionamento della stazione di Bari C.le","registro RFI (CdP Servizi, Allegato 3)",C156,Metaponto - Taranto,media,nome-parziale,taranto,,no,"dedotto: i CdP Investimenti non dichiarano la linea; associazione ricavata da nomi e comuni citati, in corso di verifica"
0149,"Sistemazione nodo di Bari Raddoppio Bari Parco Sud - Bari Torre a Mare e variante ingresso linea merci Bari-Taranto, Variante ingresso linea viaggiatori Bari- Taranto, modifica radice lato Nord Bari C.le e ACC Bari Parco Nord, Binari di stazionamento della stazione di Bari C.le","registro RFI (CdP Servizi, Allegato 3)",C157,Taranto - Brindisi,media,nome-parziale,taranto,,no,"dedotto: i CdP Investimenti non dichiarano la linea; associazione ricavata da nomi e comuni citati, in corso di verifica"
0149,"Sistemazione nodo di Bari Raddoppio Bari Parco Sud - Bari Torre a Mare e variante ingresso linea merci Bari-Taranto, Variante ingresso linea viaggiatori Bari- Taranto, modifica radice lato Nord Bari C.le e ACC Bari Parco Nord, Binari di stazionamento della stazione di Bari C.le","registro RFI (CdP Servizi, Allegato 3)",C158,Bari - Gioia Del Colle,media,nome-parziale,bari,,no,"dedotto: i CdP Investimenti non dichiarano la linea; associazione ricavata da nomi e comuni citati, in corso di verifica"
0149,"Sistemazione nodo di Bari Raddoppio Bari Parco Sud - Bari Torre a Mare e variante ingresso linea merci Bari-Taranto, Variante ingresso linea viaggiatori Bari- Taranto, modifica radice lato Nord Bari C.le e ACC Bari Parco Nord, Binari di stazionamento della stazione di Bari C.le","registro RFI (CdP Servizi, Allegato 3)",C159,Gioia Del Colle - Taranto,media,nome-parziale,taranto,,no,"dedotto: i CdP Investimenti non dichiarano la linea; associazione ricavata da nomi e comuni citati, in corso di verifica"
0149,"Sistemazione nodo di Bari Raddoppio Bari Parco Sud - Bari Torre a Mare e variante ingresso linea merci Bari-Taranto, Variante ingresso linea viaggiatori Bari- Taranto, modifica radice lato Nord Bari C.le e ACC Bari Parco Nord, Binari di stazionamento della stazione di Bari C.le","registro RFI (CdP Servizi, Allegato 3)",F069,FOGGIA - BARI (compresa Enziteto Catino - Bari S.Spirito),media,nome-parziale,bari,,no,"dedotto: i CdP Investimenti non dichiarano la linea; associazione ricavata da nomi e comuni citati, in corso di verifica"
0223A,Nodo di Novara 1^ fase Sistemazione Novara Boschetto e PRG Vignale PROG PROG,"registro RFI (CdP Servizi, Allegato 3)",C024,Vignale - Novara,alta,nome,vignale|novara,,no,"dedotto: i CdP Investimenti non dichiarano la linea; associazione ricavata da nomi e comuni citati, in corso di verifica"
0223A,Nodo di Novara 1^ fase Sistemazione Novara Boschetto e PRG Vignale PROG PROG,"registro RFI (CdP Servizi, Allegato 3)",C023,Oleggio - Vignale,media,nome-parziale,vignale,,no,"dedotto: i CdP Investimenti non dichiarano la linea; associazione ricavata da nomi e comuni citati, in corso di verifica"
0223A,Nodo di Novara 1^ fase Sistemazione Novara Boschetto e PRG Vignale PROG PROG,"registro RFI (CdP Servizi, Allegato 3)",C025,Novara - Mortara,media,nome-parziale,novara,,no,"dedotto: i CdP Investimenti non dichiarano la linea; associazione ricavata da nomi e comuni citati, in corso di verifica"
0223A,Nodo di Novara 1^ fase Sistemazione Novara Boschetto e PRG Vignale PROG PROG,"registro RFI (CdP Servizi, Allegato 3)",C034,Borgomanero - Vignale,media,nome-parziale,vignale,,no,"dedotto: i CdP Investimenti non dichiarano la linea; associazione ricavata da nomi e comuni citati, in corso di verifica"
0223A,Nodo di Novara 1^ fase Sistemazione Novara Boschetto e PRG Vignale PROG PROG,"registro RFI (CdP Servizi, Allegato 3)",C035,Varallo Sesia - Vignale,media,nome-parziale,vignale,,no,"dedotto: i CdP Investimenti non dichiarano la linea; associazione ricavata da nomi e comuni citati, in corso di verifica"
0223A,Nodo di Novara 1^ fase Sistemazione Novara Boschetto e PRG Vignale PROG PROG,"registro RFI (CdP Servizi, Allegato 3)",C199,Biella - Novara,media,nome-parziale,novara,,no,"dedotto: i CdP Investimenti non dichiarano la linea; associazione ricavata da nomi e comuni citati, in corso di verifica"
0223B,Nodo di Novara completamento Nodo di Novara: Passante merci (include progettazioni pregresse PROG PROG per opere di scavalco linee Novara-Mortara e Novara-Milano),"registro RFI (CdP Servizi, Allegato 3)",C025,Novara - Mortara,alta,nome,novara|mortara,,no,"dedotto: i CdP Investimenti non dichiarano la linea; associazione ricavata da nomi e comuni citati, in corso di verifica"
0223B,Nodo di Novara completamento Nodo di Novara: Passante merci (include progettazioni pregresse PROG PROG per opere di scavalco linee Novara-Mortara e Novara-Milano),"registro RFI (CdP Servizi, Allegato 3)",C058,Milano P.Genova - Mortara,alta,nome-parziale,mortara,,no,"dedotto: i CdP Investimenti non dichiarano la linea; associazione ricavata da nomi e comuni citati, in corso di verifica"
0223B,Nodo di Novara completamento Nodo di Novara: Passante merci (include progettazioni pregresse PROG PROG per opere di scavalco linee Novara-Mortara e Novara-Milano),"registro RFI (CdP Servizi, Allegato 3)",C020,Vercelli - Mortara,media,nome-parziale,mortara,,no,"dedotto: i CdP Investimenti non dichiarano la linea; associazione ricavata da nomi e comuni citati, in corso di verifica"
0223B,Nodo di Novara completamento Nodo di Novara: Passante merci (include progettazioni pregresse PROG PROG per opere di scavalco linee Novara-Mortara e Novara-Milano),"registro RFI (CdP Servizi, Allegato 3)",C021,Mortara - Pavia,media,nome-parziale,mortara,,no,"dedotto: i CdP Investimenti non dichiarano la linea; associazione ricavata da nomi e comuni citati, in corso di verifica"
0223B,Nodo di Novara completamento Nodo di Novara: Passante merci (include progettazioni pregresse PROG PROG per opere di scavalco linee Novara-Mortara e Novara-Milano),"registro RFI (CdP Servizi, Allegato 3)",C024,Vignale - Novara,media,nome-parziale,novara,,no,"dedotto: i CdP Investimenti non dichiarano la linea; associazione ricavata da nomi e comuni citati, in corso di verifica"
0223B,Nodo di Novara completamento Nodo di Novara: Passante merci (include progettazioni pregresse PROG PROG per opere di scavalco linee Novara-Mortara e Novara-Milano),"registro RFI (CdP Servizi, Allegato 3)",C199,Biella - Novara,media,nome-parziale,novara,,no,"dedotto: i CdP Investimenti non dichiarano la linea; associazione ricavata da nomi e comuni citati, in corso di verifica"
0226,Raddoppio Orte-Falconara: tratta Spoleto-Terni Raddoppio Spoleto-Terni PROG ITER,"registro RFI (CdP Servizi, Allegato 3)",F065,ANCONA - ORTE (compresa Ancona - Ancona Marittima),alta,nome-parziale,orte,,no,"dedotto: i CdP Investimenti non dichiarano la linea; associazione ricavata da nomi e comuni citati, in corso di verifica"
0226,Raddoppio Orte-Falconara: tratta Spoleto-Terni Raddoppio Spoleto-Terni PROG ITER,"registro RFI (CdP Servizi, Allegato 3)",C231,Terni - Sulmona,media,nome-parziale,terni,,no,"dedotto: i CdP Investimenti non dichiarano la linea; associazione ricavata da nomi e comuni citati, in corso di verifica"
0240,"Potenziamento infrastrutturale Voltri-Brignole 1^ fase: Completamento variante Pegli-Voltri e PRG Voltri 1^ fase, quadruplicamento Voltri-Sampierdarena e PRG Sampierdarena, sestuplicamento P.Principe-Brignole/Terralba 2^ fase: Completamento PRG Voltri","registro RFI (CdP Servizi, Allegato 3)",C098,Ovada - Genova Borzoli,media,nome-parziale,,,no,"dedotto: i CdP Investimenti non dichiarano la linea; associazione ricavata da nomi e comuni citati, in corso di verifica"
0240,"Potenziamento infrastrutturale Voltri-Brignole 1^ fase: Completamento variante Pegli-Voltri e PRG Voltri 1^ fase, quadruplicamento Voltri-Sampierdarena e PRG Sampierdarena, sestuplicamento P.Principe-Brignole/Terralba 2^ fase: Completamento PRG Voltri","registro RFI (CdP Servizi, Allegato 3)",F007,SAVONA -  GENOVA VOLTRI [GENOVA],media,nome-parziale,,,no,"dedotto: i CdP Investimenti non dichiarano la linea; associazione ricavata da nomi e comuni citati, in corso di verifica"
0240,"Potenziamento infrastrutturale Voltri-Brignole 1^ fase: Completamento variante Pegli-Voltri e PRG Voltri 1^ fase, quadruplicamento Voltri-Sampierdarena e PRG Sampierdarena, sestuplicamento P.Principe-Brignole/Terralba 2^ fase: Completamento PRG Voltri","registro RFI (CdP Servizi, Allegato 3)",F019,ARQUATA - MIGNANEGO / GENOVA RIVAROLO / GENOVA CAMPASSO [GENOVA] (compresa via Isola del Cantone),media,nome-parziale,,,no,"dedotto: i CdP Investimenti non dichiarano la linea; associazione ricavata da nomi e comuni citati, in corso di verifica"
0240,"Potenziamento infrastrutturale Voltri-Brignole 1^ fase: Completamento variante Pegli-Voltri e PRG Voltri 1^ fase, quadruplicamento Voltri-Sampierdarena e PRG Sampierdarena, sestuplicamento P.Principe-Brignole/Terralba 2^ fase: Completamento PRG Voltri","registro RFI (CdP Servizi, Allegato 3)",N004,Genova,media,nome-parziale,,,no,"dedotto: i CdP Investimenti non dichiarano la linea; associazione ricavata da nomi e comuni citati, in corso di verifica"
0241A,Cintura di Torino e connessione al collegamento Torino- Lione opere prioritarie Sezione nazionale Torino-Lione 1^ fase (quadruplicamento PROG PROG Avigliana-Orbassano e scalo Orbassano),"registro RFI (CdP Servizi, Allegato 3)",N001,Torino,alta,nome-parziale,torino,,no,"dedotto: i CdP Investimenti non dichiarano la linea; associazione ricavata da nomi e comuni citati, in corso di verifica"
0241A,Cintura di Torino e connessione al collegamento Torino- Lione opere prioritarie Sezione nazionale Torino-Lione 1^ fase (quadruplicamento PROG PROG Avigliana-Orbassano e scalo Orbassano),"registro RFI (CdP Servizi, Allegato 3)",F001,MODANE / MODANE FX - ALPIGNANO [TORINO],media,nome-parziale,,,no,"dedotto: i CdP Investimenti non dichiarano la linea; associazione ricavata da nomi e comuni citati, in corso di verifica"
0241A,Cintura di Torino e connessione al collegamento Torino- Lione opere prioritarie Sezione nazionale Torino-Lione 1^ fase (quadruplicamento PROG PROG Avigliana-Orbassano e scalo Orbassano),"registro RFI (CdP Servizi, Allegato 3)",A003,Torino-Milano AV/AC,bassa,nome-parziale,torino,,no,"dedotto: i CdP Investimenti non dichiarano la linea; associazione ricavata da nomi e comuni citati, in corso di verifica"
0241B,Cintura di Torino e connessione al collegamento Torino- Lione completamento Cintura di Torino (nuova linea Orbassano-Settimo Torinese) Sezione nazionale Torino-Lione 2^ fase (quadruplicamento PROG PROG Bussoleno-Avigliana),"registro RFI (CdP Servizi, Allegato 3)",N001,Torino,alta,nome-parziale,torino,,no,"dedotto: i CdP Investimenti non dichiarano la linea; associazione ricavata da nomi e comuni citati, in corso di verifica"
0241B,Cintura di Torino e connessione al collegamento Torino- Lione completamento Cintura di Torino (nuova linea Orbassano-Settimo Torinese) Sezione nazionale Torino-Lione 2^ fase (quadruplicamento PROG PROG Bussoleno-Avigliana),"registro RFI (CdP Servizi, Allegato 3)",F001,MODANE / MODANE FX - ALPIGNANO [TORINO],alta,nome-parziale,,,si,"dedotto: i CdP Investimenti non dichiarano la linea; associazione ricavata da nomi e comuni citati, in corso di verifica"
0241B,Cintura di Torino e connessione al collegamento Torino- Lione completamento Cintura di Torino (nuova linea Orbassano-Settimo Torinese) Sezione nazionale Torino-Lione 2^ fase (quadruplicamento PROG PROG Bussoleno-Avigliana),"registro RFI (CdP Servizi, Allegato 3)",C246,Susa - Bussoleno,media,nome-parziale,bussoleno,,no,"dedotto: i CdP Investimenti non dichiarano la linea; associazione ricavata da nomi e comuni citati, in corso di verifica"
0241B,Cintura di Torino e connessione al collegamento Torino- Lione completamento Cintura di Torino (nuova linea Orbassano-Settimo Torinese) Sezione nazionale Torino-Lione 2^ fase (quadruplicamento PROG PROG Bussoleno-Avigliana),"registro RFI (CdP Servizi, Allegato 3)",F011,[TORINO] SETTIMO T. - RHO [MILANO] (compresa Novara Boschetto),media,nome-parziale,,,no,"dedotto: i CdP Investimenti non dichiarano la linea; associazione ricavata da nomi e comuni citati, in corso di verifica"
0241B,Cintura di Torino e connessione al collegamento Torino- Lione completamento Cintura di Torino (nuova linea Orbassano-Settimo Torinese) Sezione nazionale Torino-Lione 2^ fase (quadruplicamento PROG PROG Bussoleno-Avigliana),"registro RFI (CdP Servizi, Allegato 3)",A003,Torino-Milano AV/AC,bassa,nome-parziale,torino,,no,"dedotto: i CdP Investimenti non dichiarano la linea; associazione ricavata da nomi e comuni citati, in corso di verifica"
0242,"Velocizzazione Palermo - Agrigento Velocizzazione Montemaggiore-Roccapalumba, Variante Lercara e altri interventi minori","registro RFI (CdP Servizi, Allegato 3)",C176,Fiumetorto - Palermo,media,nome-parziale,palermo,,no,"dedotto: i CdP Investimenti non dichiarano la linea; associazione ricavata da nomi e comuni citati, in corso di verifica"
0242,"Velocizzazione Palermo - Agrigento Velocizzazione Montemaggiore-Roccapalumba, Variante Lercara e altri interventi minori","registro RFI (CdP Servizi, Allegato 3)",C177,Caltanissetta Xirbi - Roccapalumba-A.,media,nome-parziale,roccapalumba,,no,"dedotto: i CdP Investimenti non dichiarano la linea; associazione ricavata da nomi e comuni citati, in corso di verifica"
0242,"Velocizzazione Palermo - Agrigento Velocizzazione Montemaggiore-Roccapalumba, Variante Lercara e altri interventi minori","registro RFI (CdP Servizi, Allegato 3)",C180,Roccapalumba-A. - Fiumetorto,media,nome-parziale,roccapalumba,,no,"dedotto: i CdP Investimenti non dichiarano la linea; associazione ricavata da nomi e comuni citati, in corso di verifica"
0242,"Velocizzazione Palermo - Agrigento Velocizzazione Montemaggiore-Roccapalumba, Variante Lercara e altri interventi minori","registro RFI (CdP Servizi, Allegato 3)",C181,Palermo - Carini,media,nome-parziale,palermo,,no,"dedotto: i CdP Investimenti non dichiarano la linea; associazione ricavata da nomi e comuni citati, in corso di verifica"
0242,"Velocizzazione Palermo - Agrigento Velocizzazione Montemaggiore-Roccapalumba, Variante Lercara e altri interventi minori","registro RFI (CdP Servizi, Allegato 3)",C183,Aragona Caldare - Agrigento,media,nome-parziale,agrigento,,no,"dedotto: i CdP Investimenti non dichiarano la linea; associazione ricavata da nomi e comuni citati, in corso di verifica"
0242,"Velocizzazione Palermo - Agrigento Velocizzazione Montemaggiore-Roccapalumba, Variante Lercara e altri interventi minori","registro RFI (CdP Servizi, Allegato 3)",C184,Palermo Centrale - Palermo Marittima,media,nome-parziale,palermo,,no,"dedotto: i CdP Investimenti non dichiarano la linea; associazione ricavata da nomi e comuni citati, in corso di verifica"
0243,Scalo merci di Modena Marzaglia,"registro RFI (CdP Servizi, Allegato 3)",C072,Suzzara - Modena,media,nome-parziale,modena,,no,"dedotto: i CdP Investimenti non dichiarano la linea; associazione ricavata da nomi e comuni citati, in corso di verifica"
0243,Scalo merci di Modena Marzaglia,"registro RFI (CdP Servizi, Allegato 3)",F041,[MILANO] MILANO ROGOREDO - LAVINO [BOLOGNA],media,nome-parziale,,,no,"dedotto: i CdP Investimenti non dichiarano la linea; associazione ricavata da nomi e comuni citati, in corso di verifica"
0243,Scalo merci di Modena Marzaglia,"registro RFI (CdP Servizi, Allegato 3)",A005,Milano-Bologna AV/AC,bassa,nome-parziale,,,no,"dedotto: i CdP Investimenti non dichiarano la linea; associazione ricavata da nomi e comuni citati, in corso di verifica"
0249,Linea Messina-Catania: raddoppio Giampilieri-Fiumefreddo Raddoppio Giampilieri-Taormina Raddoppio Letojanni-Taormina-Fiumefreddo,"registro RFI (CdP Servizi, Allegato 3)",C169,Messina - Catania,alta,nome,messina|catania,,no,"dedotto: i CdP Investimenti non dichiarano la linea; associazione ricavata da nomi e comuni citati, in corso di verifica"
0249,Linea Messina-Catania: raddoppio Giampilieri-Fiumefreddo Raddoppio Giampilieri-Taormina Raddoppio Letojanni-Taormina-Fiumefreddo,"registro RFI (CdP Servizi, Allegato 3)",C170,Catania  - Lentini Diramazione,media,nome-parziale,catania,,no,"dedotto: i CdP Investimenti non dichiarano la linea; associazione ricavata da nomi e comuni citati, in corso di verifica"
0249,Linea Messina-Catania: raddoppio Giampilieri-Fiumefreddo Raddoppio Giampilieri-Taormina Raddoppio Letojanni-Taormina-Fiumefreddo,"registro RFI (CdP Servizi, Allegato 3)",C175,Messina - Fiumetorto,media,nome-parziale,messina,,no,"dedotto: i CdP Investimenti non dichiarano la linea; associazione ricavata da nomi e comuni citati, in corso di verifica"
0249,Linea Messina-Catania: raddoppio Giampilieri-Fiumefreddo Raddoppio Giampilieri-Taormina Raddoppio Letojanni-Taormina-Fiumefreddo,"registro RFI (CdP Servizi, Allegato 3)",C178,Bicocca - Caltanissetta Xirbi,media,nome-parziale,,,no,"dedotto: i CdP Investimenti non dichiarano la linea; associazione ricavata da nomi e comuni citati, in corso di verifica"
0258_A,Chiusura anello ferroviario di Roma Chiusura anello di Roma lotto 1A Raddoppio Valle Aurelia - Vigna Clara Chiusura anello di Roma lotto 1B Vigna Clara - Tor di Quinto ITER Chiusura anello di Roma lotto 2 Tor di Quinto - Val d'Ala PROG PROG Chiusura anello di Roma lotto 3 Collegamenti con linee Tirrenica e PROG PROG Roma-Firenze,"registro RFI (CdP Servizi, Allegato 3)",F055,[FIRENZE] FIRENZE ROVEZZANO - SETTE BAGNI [ROMA] (Linea Direttissima),alta,nome-parziale,,,no,"dedotto: i CdP Investimenti non dichiarano la linea; associazione ricavata da nomi e comuni citati, in corso di verifica"
0258_A,Chiusura anello ferroviario di Roma Chiusura anello di Roma lotto 1A Raddoppio Valle Aurelia - Vigna Clara Chiusura anello di Roma lotto 1B Vigna Clara - Tor di Quinto ITER Chiusura anello di Roma lotto 2 Tor di Quinto - Val d'Ala PROG PROG Chiusura anello di Roma lotto 3 Collegamenti con linee Tirrenica e PROG PROG Roma-Firenze,"registro RFI (CdP Servizi, Allegato 3)",N006,Firenze,media,nome-parziale,firenze,,no,"dedotto: i CdP Investimenti non dichiarano la linea; associazione ricavata da nomi e comuni citati, in corso di verifica"
0258_A,Chiusura anello ferroviario di Roma Chiusura anello di Roma lotto 1A Raddoppio Valle Aurelia - Vigna Clara Chiusura anello di Roma lotto 1B Vigna Clara - Tor di Quinto ITER Chiusura anello di Roma lotto 2 Tor di Quinto - Val d'Ala PROG PROG Chiusura anello di Roma lotto 3 Collegamenti con linee Tirrenica e PROG PROG Roma-Firenze,"registro RFI (CdP Servizi, Allegato 3)",N007,Roma,media,nome-parziale,roma,,no,"dedotto: i CdP Investimenti non dichiarano la linea; associazione ricavata da nomi e comuni citati, in corso di verifica"
0258_A,Chiusura anello ferroviario di Roma Chiusura anello di Roma lotto 1A Raddoppio Valle Aurelia - Vigna Clara Chiusura anello di Roma lotto 1B Vigna Clara - Tor di Quinto ITER Chiusura anello di Roma lotto 2 Tor di Quinto - Val d'Ala PROG PROG Chiusura anello di Roma lotto 3 Collegamenti con linee Tirrenica e PROG PROG Roma-Firenze,"registro RFI (CdP Servizi, Allegato 3)",C112,Firenze S. Marco V. - Borgo S.Lorenzo,media,nome-parziale,,,no,"dedotto: i CdP Investimenti non dichiarano la linea; associazione ricavata da nomi e comuni citati, in corso di verifica"
0258_A,Chiusura anello ferroviario di Roma Chiusura anello di Roma lotto 1A Raddoppio Valle Aurelia - Vigna Clara Chiusura anello di Roma lotto 1B Vigna Clara - Tor di Quinto ITER Chiusura anello di Roma lotto 2 Tor di Quinto - Val d'Ala PROG PROG Chiusura anello di Roma lotto 3 Collegamenti con linee Tirrenica e PROG PROG Roma-Firenze,"registro RFI (CdP Servizi, Allegato 3)",C129,Viterbo - Cesano,media,nome-parziale,,,no,"dedotto: i CdP Investimenti non dichiarano la linea; associazione ricavata da nomi e comuni citati, in corso di verifica"
0258_A,Chiusura anello ferroviario di Roma Chiusura anello di Roma lotto 1A Raddoppio Valle Aurelia - Vigna Clara Chiusura anello di Roma lotto 1B Vigna Clara - Tor di Quinto ITER Chiusura anello di Roma lotto 2 Tor di Quinto - Val d'Ala PROG PROG Chiusura anello di Roma lotto 3 Collegamenti con linee Tirrenica e PROG PROG Roma-Firenze,"registro RFI (CdP Servizi, Allegato 3)",F043,[BOLOGNA] BOLOGNA S.RUFFILLO - FIRENZE CASTELLO [FIRENZE],media,nome-parziale,,,no,"dedotto: i CdP Investimenti non dichiarano la linea; associazione ricavata da nomi e comuni citati, in corso di verifica"
0260,Raddoppio Lunghezza-Guidonia Raddoppio Lunghezza-Guidonia 1^ fase (Lunghezza-Bagni di Tivoli) Raddoppio Lunghezza-Guidonia 2^ fase (Bagni di Tivoli - Guidonia) PROG ITER,"registro RFI (CdP Servizi, Allegato 3)",C132,Avezzano - Guidonia-M.-S.A.,media,nome-parziale,guidonia,,no,"dedotto: i CdP Investimenti non dichiarano la linea; associazione ricavata da nomi e comuni citati, in corso di verifica"
0260,Raddoppio Lunghezza-Guidonia Raddoppio Lunghezza-Guidonia 1^ fase (Lunghezza-Bagni di Tivoli) Raddoppio Lunghezza-Guidonia 2^ fase (Bagni di Tivoli - Guidonia) PROG ITER,"registro RFI (CdP Servizi, Allegato 3)",N007,Roma,media,nome-parziale,,,no,"dedotto: i CdP Investimenti non dichiarano la linea; associazione ricavata da nomi e comuni citati, in corso di verifica"
0262,"Nuova linea AV/AC Venezia-Trieste: tratta Ronchi dei Legionari - Trieste • NCP 1: ""Intervento sospeso""","registro RFI (CdP Servizi, Allegato 3)",F035,[VENEZIA] VENEZIA CARPENEDO - VILLA OPICINA / TRIESTE,alta,nome-parziale,trieste,,no,"dedotto: i CdP Investimenti non dichiarano la linea; associazione ricavata da nomi e comuni citati, in corso di verifica"
0262,"Nuova linea AV/AC Venezia-Trieste: tratta Ronchi dei Legionari - Trieste • NCP 1: ""Intervento sospeso""","registro RFI (CdP Servizi, Allegato 3)",N003,Venezia,media,nome-parziale,venezia,,no,"dedotto: i CdP Investimenti non dichiarano la linea; associazione ricavata da nomi e comuni citati, in corso di verifica"
0262,"Nuova linea AV/AC Venezia-Trieste: tratta Ronchi dei Legionari - Trieste • NCP 1: ""Intervento sospeso""","registro RFI (CdP Servizi, Allegato 3)",F039,UDINE - MONFALCONE via GORIZIA (compresa Gorizia - Nova Gorica),media,nome-parziale,,,no,"dedotto: i CdP Investimenti non dichiarano la linea; associazione ricavata da nomi e comuni citati, in corso di verifica"
0262,"Nuova linea AV/AC Venezia-Trieste: tratta Ronchi dei Legionari - Trieste • NCP 1: ""Intervento sospeso""","registro RFI (CdP Servizi, Allegato 3)",F033AV,PADOVA - VENEZIA AVAC,media,nome-parziale,venezia,,no,"dedotto: i CdP Investimenti non dichiarano la linea; associazione ricavata da nomi e comuni citati, in corso di verifica"
0263,Adeguamento tecnologico e infrastrutturale linea Battipaglia-Reggio Calabria,"registro RFI (CdP Servizi, Allegato 3)",C136,Battipaglia - Potenza Inf.Re,media,nome-parziale,battipaglia,,no,"dedotto: i CdP Investimenti non dichiarano la linea; associazione ricavata da nomi e comuni citati, in corso di verifica"
0263,Adeguamento tecnologico e infrastrutturale linea Battipaglia-Reggio Calabria,"registro RFI (CdP Servizi, Allegato 3)",F075,SALERNO - PAOLA,media,nome-parziale,,,no,"dedotto: i CdP Investimenti non dichiarano la linea; associazione ricavata da nomi e comuni citati, in corso di verifica"
0263,Adeguamento tecnologico e infrastrutturale linea Battipaglia-Reggio Calabria,"registro RFI (CdP Servizi, Allegato 3)",F077,PAOLA - REGGIO CALABRIA CENTRALE (compresa Eccellente - Rosarno),media,nome-parziale,reggio calabria,,no,"dedotto: i CdP Investimenti non dichiarano la linea; associazione ricavata da nomi e comuni citati, in corso di verifica"
0264A,Accesso al Sempione: raddoppio Vignale-Oleggio-Arona Raddoppio Vignale-Oleggio PROG PROG Raddoppio Oleggio-Arona PROG PROG,"registro RFI (CdP Servizi, Allegato 3)",C022,Arona - Oleggio,alta,nome,arona|oleggio,,si,"dedotto: i CdP Investimenti non dichiarano la linea; associazione ricavata da nomi e comuni citati, in corso di verifica"
0264A,Accesso al Sempione: raddoppio Vignale-Oleggio-Arona Raddoppio Vignale-Oleggio PROG PROG Raddoppio Oleggio-Arona PROG PROG,"registro RFI (CdP Servizi, Allegato 3)",C023,Oleggio - Vignale,alta,nome,oleggio|vignale,,no,"dedotto: i CdP Investimenti non dichiarano la linea; associazione ricavata da nomi e comuni citati, in corso di verifica"
0264A,Accesso al Sempione: raddoppio Vignale-Oleggio-Arona Raddoppio Vignale-Oleggio PROG PROG Raddoppio Oleggio-Arona PROG PROG,"registro RFI (CdP Servizi, Allegato 3)",C036,Laveno Mombello - Oleggio,media,nome-parziale,oleggio,,no,"dedotto: i CdP Investimenti non dichiarano la linea; associazione ricavata da nomi e comuni citati, in corso di verifica"
0264A,Accesso al Sempione: raddoppio Vignale-Oleggio-Arona Raddoppio Vignale-Oleggio PROG PROG Raddoppio Oleggio-Arona PROG PROG,"registro RFI (CdP Servizi, Allegato 3)",C227,Santhià - Arona,media,nome-parziale,arona,,no,"dedotto: i CdP Investimenti non dichiarano la linea; associazione ricavata da nomi e comuni citati, in corso di verifica"
0264A,Accesso al Sempione: raddoppio Vignale-Oleggio-Arona Raddoppio Vignale-Oleggio PROG PROG Raddoppio Oleggio-Arona PROG PROG,"registro RFI (CdP Servizi, Allegato 3)",F013,ISELLE [DOMODOSSOLA] - GALLARATE [MILANO] (compresa via Domo II),media,nome-parziale,,,no,"dedotto: i CdP Investimenti non dichiarano la linea; associazione ricavata da nomi e comuni citati, in corso di verifica"
0264A,Accesso al Sempione: raddoppio Vignale-Oleggio-Arona Raddoppio Vignale-Oleggio PROG PROG Raddoppio Oleggio-Arona PROG PROG,"registro RFI (CdP Servizi, Allegato 3)",C024,Vignale - Novara,bassa,nome-parziale,vignale,,no,"dedotto: i CdP Investimenti non dichiarano la linea; associazione ricavata da nomi e comuni citati, in corso di verifica"
0264B,Accesso al Sempione: raddoppio Vignale-Oleggio- Arona completamento Nuovo terminal autostrada viaggiante Cameri,"registro RFI (CdP Servizi, Allegato 3)",C022,Arona - Oleggio,alta,nome,arona|oleggio,,si,"dedotto: i CdP Investimenti non dichiarano la linea; associazione ricavata da nomi e comuni citati, in corso di verifica"
0264B,Accesso al Sempione: raddoppio Vignale-Oleggio- Arona completamento Nuovo terminal autostrada viaggiante Cameri,"registro RFI (CdP Servizi, Allegato 3)",C023,Oleggio - Vignale,alta,nome,oleggio|vignale,,no,"dedotto: i CdP Investimenti non dichiarano la linea; associazione ricavata da nomi e comuni citati, in corso di verifica"
0264B,Accesso al Sempione: raddoppio Vignale-Oleggio- Arona completamento Nuovo terminal autostrada viaggiante Cameri,"registro RFI (CdP Servizi, Allegato 3)",C036,Laveno Mombello - Oleggio,media,nome-parziale,oleggio,,no,"dedotto: i CdP Investimenti non dichiarano la linea; associazione ricavata da nomi e comuni citati, in corso di verifica"
0264B,Accesso al Sempione: raddoppio Vignale-Oleggio- Arona completamento Nuovo terminal autostrada viaggiante Cameri,"registro RFI (CdP Servizi, Allegato 3)",C227,Santhià - Arona,media,nome-parziale,arona,,no,"dedotto: i CdP Investimenti non dichiarano la linea; associazione ricavata da nomi e comuni citati, in corso di verifica"
0264B,Accesso al Sempione: raddoppio Vignale-Oleggio- Arona completamento Nuovo terminal autostrada viaggiante Cameri,"registro RFI (CdP Servizi, Allegato 3)",F013,ISELLE [DOMODOSSOLA] - GALLARATE [MILANO] (compresa via Domo II),media,nome-parziale,,,no,"dedotto: i CdP Investimenti non dichiarano la linea; associazione ricavata da nomi e comuni citati, in corso di verifica"
0264B,Accesso al Sempione: raddoppio Vignale-Oleggio- Arona completamento Nuovo terminal autostrada viaggiante Cameri,"registro RFI (CdP Servizi, Allegato 3)",C024,Vignale - Novara,bassa,nome-parziale,vignale,,no,"dedotto: i CdP Investimenti non dichiarano la linea; associazione ricavata da nomi e comuni citati, in corso di verifica"
0266,Accesso al Gottardo Quadruplicamento Chiasso- Monza Quadruplicamento tratta bivio Rosales-Seregno,"registro RFI (CdP Servizi, Allegato 3)",N002,Milano,alta,nome-parziale,,,no,"dedotto: i CdP Investimenti non dichiarano la linea; associazione ricavata da nomi e comuni citati, in corso di verifica"
0266,Accesso al Gottardo Quadruplicamento Chiasso- Monza Quadruplicamento tratta bivio Rosales-Seregno,"registro RFI (CdP Servizi, Allegato 3)",F017,CHIASSO - SEREGNO [MILANO] (compresa via Monteolimpino 2),alta,nome,chiasso|seregno,,si,"dedotto: i CdP Investimenti non dichiarano la linea; associazione ricavata da nomi e comuni citati, in corso di verifica"
0266,Accesso al Gottardo Quadruplicamento Chiasso- Monza Quadruplicamento tratta bivio Rosales-Seregno,"registro RFI (CdP Servizi, Allegato 3)",C042,Monza - Molteno,media,nome-parziale,monza,,no,"dedotto: i CdP Investimenti non dichiarano la linea; associazione ricavata da nomi e comuni citati, in corso di verifica"
0266,Accesso al Gottardo Quadruplicamento Chiasso- Monza Quadruplicamento tratta bivio Rosales-Seregno,"registro RFI (CdP Servizi, Allegato 3)",C046,Carnate Usmate - Monza,media,nome-parziale,monza,,no,"dedotto: i CdP Investimenti non dichiarano la linea; associazione ricavata da nomi e comuni citati, in corso di verifica"
0266,Accesso al Gottardo Quadruplicamento Chiasso- Monza Quadruplicamento tratta bivio Rosales-Seregno,"registro RFI (CdP Servizi, Allegato 3)",C047,Seregno - Ponte S.Pietro,media,nome-parziale,seregno,,no,"dedotto: i CdP Investimenti non dichiarano la linea; associazione ricavata da nomi e comuni citati, in corso di verifica"
0267,Nuovo collegamento Arcisate - Stabio,"registro RFI (CdP Servizi, Allegato 3)",C049,Porto Ceresio - Varese - Gallarate,media,nome-parziale,,,no,"dedotto: i CdP Investimenti non dichiarano la linea; associazione ricavata da nomi e comuni citati, in corso di verifica"
0268,Collegamento ferroviario aeroporto di Venezia Collegamento ferroviario aeroporto di Venezia,"registro RFI (CdP Servizi, Allegato 3)",N003,Venezia,media,nome-parziale,venezia,,no,"dedotto: i CdP Investimenti non dichiarano la linea; associazione ricavata da nomi e comuni citati, in corso di verifica"
0268,Collegamento ferroviario aeroporto di Venezia Collegamento ferroviario aeroporto di Venezia,"registro RFI (CdP Servizi, Allegato 3)",F035,[VENEZIA] VENEZIA CARPENEDO - VILLA OPICINA / TRIESTE,media,nome-parziale,,,no,"dedotto: i CdP Investimenti non dichiarano la linea; associazione ricavata da nomi e comuni citati, in corso di verifica"
0268,Collegamento ferroviario aeroporto di Venezia Collegamento ferroviario aeroporto di Venezia,"registro RFI (CdP Servizi, Allegato 3)",F033AV,PADOVA - VENEZIA AVAC,bassa,nome-parziale,venezia,,no,"dedotto: i CdP Investimenti non dichiarano la linea; associazione ricavata da nomi e comuni citati, in corso di verifica"
0269,Collegamento ferroviario aeroporto di Verona Collegamento ferroviario aeroporto di Verona,"registro RFI (CdP Servizi, Allegato 3)",C070,Verona - Mantova,media,nome-parziale,verona,,no,"dedotto: i CdP Investimenti non dichiarano la linea; associazione ricavata da nomi e comuni citati, in corso di verifica"
0269,Collegamento ferroviario aeroporto di Verona Collegamento ferroviario aeroporto di Verona,"registro RFI (CdP Servizi, Allegato 3)",F025,VERONA  - PADOVA,media,nome-parziale,verona,,no,"dedotto: i CdP Investimenti non dichiarano la linea; associazione ricavata da nomi e comuni citati, in corso di verifica"
0269,Collegamento ferroviario aeroporto di Verona Collegamento ferroviario aeroporto di Verona,"registro RFI (CdP Servizi, Allegato 3)",F027,BRENNERO - VERONA,media,nome-parziale,verona,,no,"dedotto: i CdP Investimenti non dichiarano la linea; associazione ricavata da nomi e comuni citati, in corso di verifica"
0269,Collegamento ferroviario aeroporto di Verona Collegamento ferroviario aeroporto di Verona,"registro RFI (CdP Servizi, Allegato 3)",F029,VERONA  - TAVERNELLE [BOLOGNA],media,nome-parziale,verona,,no,"dedotto: i CdP Investimenti non dichiarano la linea; associazione ricavata da nomi e comuni citati, in corso di verifica"
0269,Collegamento ferroviario aeroporto di Verona Collegamento ferroviario aeroporto di Verona,"registro RFI (CdP Servizi, Allegato 3)",F023,[MILANO] PIOLTELLO L. - BRESCIA  VERONA,media,nome-parziale,,,no,"dedotto: i CdP Investimenti non dichiarano la linea; associazione ricavata da nomi e comuni citati, in corso di verifica"
0270,Sistemazione nodo di Catania Interramento stazione Catania c.le completamento del doppio PROG PROG binario tra Catania C.le e Catania Acquicella Interramento Catania Acquicella-Bicocca Collegamento ferroviario aeroporto di Catania: fermata su linea esistente,"registro RFI (CdP Servizi, Allegato 3)",C169,Messina - Catania,media,nome-parziale,catania,,no,"dedotto: i CdP Investimenti non dichiarano la linea; associazione ricavata da nomi e comuni citati, in corso di verifica"
0270,Sistemazione nodo di Catania Interramento stazione Catania c.le completamento del doppio PROG PROG binario tra Catania C.le e Catania Acquicella Interramento Catania Acquicella-Bicocca Collegamento ferroviario aeroporto di Catania: fermata su linea esistente,"registro RFI (CdP Servizi, Allegato 3)",C170,Catania  - Lentini Diramazione,media,nome-parziale,catania,,no,"dedotto: i CdP Investimenti non dichiarano la linea; associazione ricavata da nomi e comuni citati, in corso di verifica"
0270,Sistemazione nodo di Catania Interramento stazione Catania c.le completamento del doppio PROG PROG binario tra Catania C.le e Catania Acquicella Interramento Catania Acquicella-Bicocca Collegamento ferroviario aeroporto di Catania: fermata su linea esistente,"registro RFI (CdP Servizi, Allegato 3)",C178,Bicocca - Caltanissetta Xirbi,media,nome-parziale,bicocca,,no,"dedotto: i CdP Investimenti non dichiarano la linea; associazione ricavata da nomi e comuni citati, in corso di verifica"
0271A,Velocizzazione Catania-Siracusa 1^ fase Velocizzazione Bicocca-Augusta,"registro RFI (CdP Servizi, Allegato 3)",C171,Lentini Diramazione - Siracusa,alta,nome-parziale,siracusa,,no,"dedotto: i CdP Investimenti non dichiarano la linea; associazione ricavata da nomi e comuni citati, in corso di verifica"
0271A,Velocizzazione Catania-Siracusa 1^ fase Velocizzazione Bicocca-Augusta,"registro RFI (CdP Servizi, Allegato 3)",C169,Messina - Catania,media,nome-parziale,catania,,no,"dedotto: i CdP Investimenti non dichiarano la linea; associazione ricavata da nomi e comuni citati, in corso di verifica"
0271A,Velocizzazione Catania-Siracusa 1^ fase Velocizzazione Bicocca-Augusta,"registro RFI (CdP Servizi, Allegato 3)",C170,Catania  - Lentini Diramazione,media,nome-parziale,catania,,no,"dedotto: i CdP Investimenti non dichiarano la linea; associazione ricavata da nomi e comuni citati, in corso di verifica"
0271A,Velocizzazione Catania-Siracusa 1^ fase Velocizzazione Bicocca-Augusta,"registro RFI (CdP Servizi, Allegato 3)",C174,Modica - Siracusa,media,nome-parziale,siracusa,,no,"dedotto: i CdP Investimenti non dichiarano la linea; associazione ricavata da nomi e comuni citati, in corso di verifica"
0271A,Velocizzazione Catania-Siracusa 1^ fase Velocizzazione Bicocca-Augusta,"registro RFI (CdP Servizi, Allegato 3)",C178,Bicocca - Caltanissetta Xirbi,media,nome-parziale,bicocca,,no,"dedotto: i CdP Investimenti non dichiarano la linea; associazione ricavata da nomi e comuni citati, in corso di verifica"
0271B,Velocizzazione Catania-Siracusa completamento Velocizzazione Augusta-Targia PROG PROG,"registro RFI (CdP Servizi, Allegato 3)",C171,Lentini Diramazione - Siracusa,alta,nome-parziale,siracusa,,no,"dedotto: i CdP Investimenti non dichiarano la linea; associazione ricavata da nomi e comuni citati, in corso di verifica"
0271B,Velocizzazione Catania-Siracusa completamento Velocizzazione Augusta-Targia PROG PROG,"registro RFI (CdP Servizi, Allegato 3)",C169,Messina - Catania,media,nome-parziale,catania,,no,"dedotto: i CdP Investimenti non dichiarano la linea; associazione ricavata da nomi e comuni citati, in corso di verifica"
0271B,Velocizzazione Catania-Siracusa completamento Velocizzazione Augusta-Targia PROG PROG,"registro RFI (CdP Servizi, Allegato 3)",C170,Catania  - Lentini Diramazione,media,nome-parziale,catania,,no,"dedotto: i CdP Investimenti non dichiarano la linea; associazione ricavata da nomi e comuni citati, in corso di verifica"
0271B,Velocizzazione Catania-Siracusa completamento Velocizzazione Augusta-Targia PROG PROG,"registro RFI (CdP Servizi, Allegato 3)",C174,Modica - Siracusa,media,nome-parziale,siracusa,,no,"dedotto: i CdP Investimenti non dichiarano la linea; associazione ricavata da nomi e comuni citati, in corso di verifica"
0271B,Velocizzazione Catania-Siracusa completamento Velocizzazione Augusta-Targia PROG PROG,"registro RFI (CdP Servizi, Allegato 3)",C178,Bicocca - Caltanissetta Xirbi,media,nome-parziale,,,no,"dedotto: i CdP Investimenti non dichiarano la linea; associazione ricavata da nomi e comuni citati, in corso di verifica"
0274,Quadruplicamento Salerno - Battipaglia,"registro RFI (CdP Servizi, Allegato 3)",F075,SALERNO - PAOLA,alta,nome-parziale,salerno,,no,"dedotto: i CdP Investimenti non dichiarano la linea; associazione ricavata da nomi e comuni citati, in corso di verifica"
0274,Quadruplicamento Salerno - Battipaglia,"registro RFI (CdP Servizi, Allegato 3)",C136,Battipaglia - Potenza Inf.Re,media,nome-parziale,battipaglia,,no,"dedotto: i CdP Investimenti non dichiarano la linea; associazione ricavata da nomi e comuni citati, in corso di verifica"
0274,Quadruplicamento Salerno - Battipaglia,"registro RFI (CdP Servizi, Allegato 3)",C146,Nocera Inferiore - Salerno (via CAVA T.),media,nome-parziale,salerno,,no,"dedotto: i CdP Investimenti non dichiarano la linea; associazione ricavata da nomi e comuni citati, in corso di verifica"
0274,Quadruplicamento Salerno - Battipaglia,"registro RFI (CdP Servizi, Allegato 3)",C147,Salerno - Arechi,media,nome-parziale,salerno,,no,"dedotto: i CdP Investimenti non dichiarano la linea; associazione ricavata da nomi e comuni citati, in corso di verifica"
0274,Quadruplicamento Salerno - Battipaglia,"registro RFI (CdP Servizi, Allegato 3)",C148,Mercato S.Severino - Salerno,media,nome-parziale,salerno,,no,"dedotto: i CdP Investimenti non dichiarano la linea; associazione ricavata da nomi e comuni citati, in corso di verifica"
0274,Quadruplicamento Salerno - Battipaglia,"registro RFI (CdP Servizi, Allegato 3)",F073,[NAPOLI] PORTICI - SALERNO,media,nome-parziale,salerno,,no,"dedotto: i CdP Investimenti non dichiarano la linea; associazione ricavata da nomi e comuni citati, in corso di verifica"
0275A,Nuovo collegamento Palermo-Catania 1^ macrofase 1^ macrofase Palermo - Catania: Lotto 1+2 Fiumetorto- Montemaggiore-Lercara 1^ macrofase Palermo - Catania: Lotto 3 Lercara-Caltanissetta Xirbi 1^ macrofase Palermo - Catania: Lotto 4a Caltanissetta Xirbi-Enna 1^ macrofase Palermo - Catania: Lotto 4b Enna-Dittaino 1^ macrofase Palermo - Catania: Lotto 5 Dittaino-Catenanuova 1^ macrofase Palermo - Catania: Lotto 6 Catenanuova-Bicocca,"registro RFI (CdP Servizi, Allegato 3)",C178,Bicocca - Caltanissetta Xirbi,alta,nome,bicocca|caltanissetta xirbi,,no,"dedotto: i CdP Investimenti non dichiarano la linea; associazione ricavata da nomi e comuni citati, in corso di verifica"
0275A,Nuovo collegamento Palermo-Catania 1^ macrofase 1^ macrofase Palermo - Catania: Lotto 1+2 Fiumetorto- Montemaggiore-Lercara 1^ macrofase Palermo - Catania: Lotto 3 Lercara-Caltanissetta Xirbi 1^ macrofase Palermo - Catania: Lotto 4a Caltanissetta Xirbi-Enna 1^ macrofase Palermo - Catania: Lotto 4b Enna-Dittaino 1^ macrofase Palermo - Catania: Lotto 5 Dittaino-Catenanuova 1^ macrofase Palermo - Catania: Lotto 6 Catenanuova-Bicocca,"registro RFI (CdP Servizi, Allegato 3)",C176,Fiumetorto - Palermo,alta,nome,fiumetorto|palermo,,no,"dedotto: i CdP Investimenti non dichiarano la linea; associazione ricavata da nomi e comuni citati, in corso di verifica"
0275A,Nuovo collegamento Palermo-Catania 1^ macrofase 1^ macrofase Palermo - Catania: Lotto 1+2 Fiumetorto- Montemaggiore-Lercara 1^ macrofase Palermo - Catania: Lotto 3 Lercara-Caltanissetta Xirbi 1^ macrofase Palermo - Catania: Lotto 4a Caltanissetta Xirbi-Enna 1^ macrofase Palermo - Catania: Lotto 4b Enna-Dittaino 1^ macrofase Palermo - Catania: Lotto 5 Dittaino-Catenanuova 1^ macrofase Palermo - Catania: Lotto 6 Catenanuova-Bicocca,"registro RFI (CdP Servizi, Allegato 3)",C169,Messina - Catania,media,nome-parziale,catania,,no,"dedotto: i CdP Investimenti non dichiarano la linea; associazione ricavata da nomi e comuni citati, in corso di verifica"
0275A,Nuovo collegamento Palermo-Catania 1^ macrofase 1^ macrofase Palermo - Catania: Lotto 1+2 Fiumetorto- Montemaggiore-Lercara 1^ macrofase Palermo - Catania: Lotto 3 Lercara-Caltanissetta Xirbi 1^ macrofase Palermo - Catania: Lotto 4a Caltanissetta Xirbi-Enna 1^ macrofase Palermo - Catania: Lotto 4b Enna-Dittaino 1^ macrofase Palermo - Catania: Lotto 5 Dittaino-Catenanuova 1^ macrofase Palermo - Catania: Lotto 6 Catenanuova-Bicocca,"registro RFI (CdP Servizi, Allegato 3)",C170,Catania  - Lentini Diramazione,media,nome-parziale,catania,,no,"dedotto: i CdP Investimenti non dichiarano la linea; associazione ricavata da nomi e comuni citati, in corso di verifica"
0275A,Nuovo collegamento Palermo-Catania 1^ macrofase 1^ macrofase Palermo - Catania: Lotto 1+2 Fiumetorto- Montemaggiore-Lercara 1^ macrofase Palermo - Catania: Lotto 3 Lercara-Caltanissetta Xirbi 1^ macrofase Palermo - Catania: Lotto 4a Caltanissetta Xirbi-Enna 1^ macrofase Palermo - Catania: Lotto 4b Enna-Dittaino 1^ macrofase Palermo - Catania: Lotto 5 Dittaino-Catenanuova 1^ macrofase Palermo - Catania: Lotto 6 Catenanuova-Bicocca,"registro RFI (CdP Servizi, Allegato 3)",C177,Caltanissetta Xirbi - Roccapalumba-A.,media,nome-parziale,caltanissetta xirbi,,no,"dedotto: i CdP Investimenti non dichiarano la linea; associazione ricavata da nomi e comuni citati, in corso di verifica"
0275A,Nuovo collegamento Palermo-Catania 1^ macrofase 1^ macrofase Palermo - Catania: Lotto 1+2 Fiumetorto- Montemaggiore-Lercara 1^ macrofase Palermo - Catania: Lotto 3 Lercara-Caltanissetta Xirbi 1^ macrofase Palermo - Catania: Lotto 4a Caltanissetta Xirbi-Enna 1^ macrofase Palermo - Catania: Lotto 4b Enna-Dittaino 1^ macrofase Palermo - Catania: Lotto 5 Dittaino-Catenanuova 1^ macrofase Palermo - Catania: Lotto 6 Catenanuova-Bicocca,"registro RFI (CdP Servizi, Allegato 3)",C181,Palermo - Carini,media,nome-parziale,palermo,,no,"dedotto: i CdP Investimenti non dichiarano la linea; associazione ricavata da nomi e comuni citati, in corso di verifica"
0275B,Nuovo collegamento Palermo-Catania 2^ macrofase 2^ macrofase Palermo - Catania: Tratti di raddoppio e varianti alla PROG PROG linea storica tratta Lercara Diramazione- Nuova Enna,"registro RFI (CdP Servizi, Allegato 3)",C178,Bicocca - Caltanissetta Xirbi,alta,nome-parziale,,,no,"dedotto: i CdP Investimenti non dichiarano la linea; associazione ricavata da nomi e comuni citati, in corso di verifica"
0275B,Nuovo collegamento Palermo-Catania 2^ macrofase 2^ macrofase Palermo - Catania: Tratti di raddoppio e varianti alla PROG PROG linea storica tratta Lercara Diramazione- Nuova Enna,"registro RFI (CdP Servizi, Allegato 3)",C169,Messina - Catania,media,nome-parziale,catania,,no,"dedotto: i CdP Investimenti non dichiarano la linea; associazione ricavata da nomi e comuni citati, in corso di verifica"
0275B,Nuovo collegamento Palermo-Catania 2^ macrofase 2^ macrofase Palermo - Catania: Tratti di raddoppio e varianti alla PROG PROG linea storica tratta Lercara Diramazione- Nuova Enna,"registro RFI (CdP Servizi, Allegato 3)",C170,Catania  - Lentini Diramazione,media,nome-parziale,catania,,no,"dedotto: i CdP Investimenti non dichiarano la linea; associazione ricavata da nomi e comuni citati, in corso di verifica"
0275B,Nuovo collegamento Palermo-Catania 2^ macrofase 2^ macrofase Palermo - Catania: Tratti di raddoppio e varianti alla PROG PROG linea storica tratta Lercara Diramazione- Nuova Enna,"registro RFI (CdP Servizi, Allegato 3)",C176,Fiumetorto - Palermo,media,nome-parziale,palermo,,no,"dedotto: i CdP Investimenti non dichiarano la linea; associazione ricavata da nomi e comuni citati, in corso di verifica"
0275B,Nuovo collegamento Palermo-Catania 2^ macrofase 2^ macrofase Palermo - Catania: Tratti di raddoppio e varianti alla PROG PROG linea storica tratta Lercara Diramazione- Nuova Enna,"registro RFI (CdP Servizi, Allegato 3)",C181,Palermo - Carini,media,nome-parziale,palermo,,no,"dedotto: i CdP Investimenti non dichiarano la linea; associazione ricavata da nomi e comuni citati, in corso di verifica"
0275B,Nuovo collegamento Palermo-Catania 2^ macrofase 2^ macrofase Palermo - Catania: Tratti di raddoppio e varianti alla PROG PROG linea storica tratta Lercara Diramazione- Nuova Enna,"registro RFI (CdP Servizi, Allegato 3)",C184,Palermo Centrale - Palermo Marittima,media,nome-parziale,palermo,,no,"dedotto: i CdP Investimenti non dichiarano la linea; associazione ricavata da nomi e comuni citati, in corso di verifica"
0276A,Completamento raddoppio asse ferroviario Pontremolese - 1^ fase Raddoppio Parma-Vicofertile ITER,"registro RFI (CdP Servizi, Allegato 3)",C066,Piadena - Parma,media,nome-parziale,parma,,no,"dedotto: i CdP Investimenti non dichiarano la linea; associazione ricavata da nomi e comuni citati, in corso di verifica"
0276A,Completamento raddoppio asse ferroviario Pontremolese - 1^ fase Raddoppio Parma-Vicofertile ITER,"registro RFI (CdP Servizi, Allegato 3)",F047,PARMA / FIDENZA - PONTREMOLI - VEZZANO / SARZANA,media,nome-parziale,parma,,no,"dedotto: i CdP Investimenti non dichiarano la linea; associazione ricavata da nomi e comuni citati, in corso di verifica"
0276A,Completamento raddoppio asse ferroviario Pontremolese - 1^ fase Raddoppio Parma-Vicofertile ITER,"registro RFI (CdP Servizi, Allegato 3)",F041,[MILANO] MILANO ROGOREDO - LAVINO [BOLOGNA],media,nome-parziale,,,no,"dedotto: i CdP Investimenti non dichiarano la linea; associazione ricavata da nomi e comuni citati, in corso di verifica"
0276A,Completamento raddoppio asse ferroviario Pontremolese - 1^ fase Raddoppio Parma-Vicofertile ITER,"registro RFI (CdP Servizi, Allegato 3)",A005,Milano-Bologna AV/AC,bassa,nome-parziale,,,no,"dedotto: i CdP Investimenti non dichiarano la linea; associazione ricavata da nomi e comuni citati, in corso di verifica"
0276B,Completamento raddoppio asse ferroviario Pontremolese - 2^ fase Raddoppio Vicofertile-Fornovo(Osteriazza) e Berceto-Chiesaccia PROG PROG,"registro RFI (CdP Servizi, Allegato 3)",F047,PARMA / FIDENZA - PONTREMOLI - VEZZANO / SARZANA,alta,nome-parziale,,,no,"dedotto: i CdP Investimenti non dichiarano la linea; associazione ricavata da nomi e comuni citati, in corso di verifica"
0276B,Completamento raddoppio asse ferroviario Pontremolese - 2^ fase Raddoppio Vicofertile-Fornovo(Osteriazza) e Berceto-Chiesaccia PROG PROG,"registro RFI (CdP Servizi, Allegato 3)",C066,Piadena - Parma,media,nome-parziale,,,no,"dedotto: i CdP Investimenti non dichiarano la linea; associazione ricavata da nomi e comuni citati, in corso di verifica"
0276B,Completamento raddoppio asse ferroviario Pontremolese - 2^ fase Raddoppio Vicofertile-Fornovo(Osteriazza) e Berceto-Chiesaccia PROG PROG,"registro RFI (CdP Servizi, Allegato 3)",F041,[MILANO] MILANO ROGOREDO - LAVINO [BOLOGNA],media,nome-parziale,,,no,"dedotto: i CdP Investimenti non dichiarano la linea; associazione ricavata da nomi e comuni citati, in corso di verifica"
0276B,Completamento raddoppio asse ferroviario Pontremolese - 2^ fase Raddoppio Vicofertile-Fornovo(Osteriazza) e Berceto-Chiesaccia PROG PROG,"registro RFI (CdP Servizi, Allegato 3)",A005,Milano-Bologna AV/AC,bassa,nome-parziale,,,no,"dedotto: i CdP Investimenti non dichiarano la linea; associazione ricavata da nomi e comuni citati, in corso di verifica"
0277,Potenziamento Seregno-Bergamo Potenziamento Seregno-Bergamo (gronda est di Milano) PROG PROG,"registro RFI (CdP Servizi, Allegato 3)",N002,Milano,alta,nome-parziale,milano,,no,"dedotto: i CdP Investimenti non dichiarano la linea; associazione ricavata da nomi e comuni citati, in corso di verifica"
0277,Potenziamento Seregno-Bergamo Potenziamento Seregno-Bergamo (gronda est di Milano) PROG PROG,"registro RFI (CdP Servizi, Allegato 3)",C047,Seregno - Ponte S.Pietro,media,nome-parziale,seregno,,no,"dedotto: i CdP Investimenti non dichiarano la linea; associazione ricavata da nomi e comuni citati, in corso di verifica"
0277,Potenziamento Seregno-Bergamo Potenziamento Seregno-Bergamo (gronda est di Milano) PROG PROG,"registro RFI (CdP Servizi, Allegato 3)",C051,Bergamo - Treviglio Ovest - Treviglio,media,nome-parziale,bergamo,,no,"dedotto: i CdP Investimenti non dichiarano la linea; associazione ricavata da nomi e comuni citati, in corso di verifica"
0277,Potenziamento Seregno-Bergamo Potenziamento Seregno-Bergamo (gronda est di Milano) PROG PROG,"registro RFI (CdP Servizi, Allegato 3)",F017,CHIASSO - SEREGNO [MILANO] (compresa via Monteolimpino 2),media,nome-parziale,seregno,,no,"dedotto: i CdP Investimenti non dichiarano la linea; associazione ricavata da nomi e comuni citati, in corso di verifica"
0277,Potenziamento Seregno-Bergamo Potenziamento Seregno-Bergamo (gronda est di Milano) PROG PROG,"registro RFI (CdP Servizi, Allegato 3)",C048,Ponte S.Pietro - Rovato,media,nome-parziale,,,no,"dedotto: i CdP Investimenti non dichiarano la linea; associazione ricavata da nomi e comuni citati, in corso di verifica"
0277,Potenziamento Seregno-Bergamo Potenziamento Seregno-Bergamo (gronda est di Milano) PROG PROG,"registro RFI (CdP Servizi, Allegato 3)",C058,Milano P.Genova - Mortara,media,nome-parziale,,,no,"dedotto: i CdP Investimenti non dichiarano la linea; associazione ricavata da nomi e comuni citati, in corso di verifica"
0279A,Itinerario Napoli-Bari: Raddoppio e velocizzazione tratta Cancello-Frasso Telesino Nuovo collegamento Cancello-Frasso Telesino e progettazione preliminare intero itinerario,"registro RFI (CdP Servizi, Allegato 3)",C150,Bari - Brindisi,media,nome-parziale,bari,,no,"dedotto: i CdP Investimenti non dichiarano la linea; associazione ricavata da nomi e comuni citati, in corso di verifica"
0279A,Itinerario Napoli-Bari: Raddoppio e velocizzazione tratta Cancello-Frasso Telesino Nuovo collegamento Cancello-Frasso Telesino e progettazione preliminare intero itinerario,"registro RFI (CdP Servizi, Allegato 3)",C158,Bari - Gioia Del Colle,media,nome-parziale,bari,,no,"dedotto: i CdP Investimenti non dichiarano la linea; associazione ricavata da nomi e comuni citati, in corso di verifica"
0279A,Itinerario Napoli-Bari: Raddoppio e velocizzazione tratta Cancello-Frasso Telesino Nuovo collegamento Cancello-Frasso Telesino e progettazione preliminare intero itinerario,"registro RFI (CdP Servizi, Allegato 3)",F069,FOGGIA - BARI (compresa Enziteto Catino - Bari S.Spirito),media,nome-parziale,bari,,no,"dedotto: i CdP Investimenti non dichiarano la linea; associazione ricavata da nomi e comuni citati, in corso di verifica"
0279A,Itinerario Napoli-Bari: Raddoppio e velocizzazione tratta Cancello-Frasso Telesino Nuovo collegamento Cancello-Frasso Telesino e progettazione preliminare intero itinerario,"registro RFI (CdP Servizi, Allegato 3)",N008,Napoli,media,nome-parziale,napoli,,no,"dedotto: i CdP Investimenti non dichiarano la linea; associazione ricavata da nomi e comuni citati, in corso di verifica"
0279A,Itinerario Napoli-Bari: Raddoppio e velocizzazione tratta Cancello-Frasso Telesino Nuovo collegamento Cancello-Frasso Telesino e progettazione preliminare intero itinerario,"registro RFI (CdP Servizi, Allegato 3)",F073,[NAPOLI] PORTICI - SALERNO,media,nome-parziale,,,no,"dedotto: i CdP Investimenti non dichiarano la linea; associazione ricavata da nomi e comuni citati, in corso di verifica"
0279A,Itinerario Napoli-Bari: Raddoppio e velocizzazione tratta Cancello-Frasso Telesino Nuovo collegamento Cancello-Frasso Telesino e progettazione preliminare intero itinerario,"registro RFI (CdP Servizi, Allegato 3)",C143,Cancello - Sarno,media,nome-parziale,cancello,,no,"dedotto: i CdP Investimenti non dichiarano la linea; associazione ricavata da nomi e comuni citati, in corso di verifica"
0279B,Itinerario Napoli-Bari: Raddoppio e velocizzazione tratta Frasso Telesino-Vitulano (Benevento) Raddoppio Frasso Telesino-Telese Raddoppio Telese-S.Lorenzo Maggiore-Vitulano,"registro RFI (CdP Servizi, Allegato 3)",C150,Bari - Brindisi,media,nome-parziale,bari,,no,"dedotto: i CdP Investimenti non dichiarano la linea; associazione ricavata da nomi e comuni citati, in corso di verifica"
0279B,Itinerario Napoli-Bari: Raddoppio e velocizzazione tratta Frasso Telesino-Vitulano (Benevento) Raddoppio Frasso Telesino-Telese Raddoppio Telese-S.Lorenzo Maggiore-Vitulano,"registro RFI (CdP Servizi, Allegato 3)",C158,Bari - Gioia Del Colle,media,nome-parziale,bari,,no,"dedotto: i CdP Investimenti non dichiarano la linea; associazione ricavata da nomi e comuni citati, in corso di verifica"
0279B,Itinerario Napoli-Bari: Raddoppio e velocizzazione tratta Frasso Telesino-Vitulano (Benevento) Raddoppio Frasso Telesino-Telese Raddoppio Telese-S.Lorenzo Maggiore-Vitulano,"registro RFI (CdP Servizi, Allegato 3)",C197,Avellino - Benevento,media,nome-parziale,benevento,,no,"dedotto: i CdP Investimenti non dichiarano la linea; associazione ricavata da nomi e comuni citati, in corso di verifica"
0279B,Itinerario Napoli-Bari: Raddoppio e velocizzazione tratta Frasso Telesino-Vitulano (Benevento) Raddoppio Frasso Telesino-Telese Raddoppio Telese-S.Lorenzo Maggiore-Vitulano,"registro RFI (CdP Servizi, Allegato 3)",C202,Campobasso - Bosco Redole - Benevento,media,nome-parziale,benevento,,no,"dedotto: i CdP Investimenti non dichiarano la linea; associazione ricavata da nomi e comuni citati, in corso di verifica"
0279B,Itinerario Napoli-Bari: Raddoppio e velocizzazione tratta Frasso Telesino-Vitulano (Benevento) Raddoppio Frasso Telesino-Telese Raddoppio Telese-S.Lorenzo Maggiore-Vitulano,"registro RFI (CdP Servizi, Allegato 3)",F069,FOGGIA - BARI (compresa Enziteto Catino - Bari S.Spirito),media,nome-parziale,bari,,no,"dedotto: i CdP Investimenti non dichiarano la linea; associazione ricavata da nomi e comuni citati, in corso di verifica"
0279B,Itinerario Napoli-Bari: Raddoppio e velocizzazione tratta Frasso Telesino-Vitulano (Benevento) Raddoppio Frasso Telesino-Telese Raddoppio Telese-S.Lorenzo Maggiore-Vitulano,"registro RFI (CdP Servizi, Allegato 3)",N008,Napoli,media,nome-parziale,napoli,,no,"dedotto: i CdP Investimenti non dichiarano la linea; associazione ricavata da nomi e comuni citati, in corso di verifica"
0281,Itinerario Napoli-Bari: raddoppio tratta Apice-Orsara,"registro RFI (CdP Servizi, Allegato 3)",C150,Bari - Brindisi,media,nome-parziale,bari,,no,"dedotto: i CdP Investimenti non dichiarano la linea; associazione ricavata da nomi e comuni citati, in corso di verifica"
0281,Itinerario Napoli-Bari: raddoppio tratta Apice-Orsara,"registro RFI (CdP Servizi, Allegato 3)",C158,Bari - Gioia Del Colle,media,nome-parziale,bari,,no,"dedotto: i CdP Investimenti non dichiarano la linea; associazione ricavata da nomi e comuni citati, in corso di verifica"
0281,Itinerario Napoli-Bari: raddoppio tratta Apice-Orsara,"registro RFI (CdP Servizi, Allegato 3)",F069,FOGGIA - BARI (compresa Enziteto Catino - Bari S.Spirito),media,nome-parziale,bari,,no,"dedotto: i CdP Investimenti non dichiarano la linea; associazione ricavata da nomi e comuni citati, in corso di verifica"
0281,Itinerario Napoli-Bari: raddoppio tratta Apice-Orsara,"registro RFI (CdP Servizi, Allegato 3)",N008,Napoli,media,nome-parziale,napoli,,no,"dedotto: i CdP Investimenti non dichiarano la linea; associazione ricavata da nomi e comuni citati, in corso di verifica"
0281,Itinerario Napoli-Bari: raddoppio tratta Apice-Orsara,"registro RFI (CdP Servizi, Allegato 3)",F071,CASERTA - FOGGIA,media,nome-parziale,,,no,"dedotto: i CdP Investimenti non dichiarano la linea; associazione ricavata da nomi e comuni citati, in corso di verifica"
0281,Itinerario Napoli-Bari: raddoppio tratta Apice-Orsara,"registro RFI (CdP Servizi, Allegato 3)",F073,[NAPOLI] PORTICI - SALERNO,media,nome-parziale,,,no,"dedotto: i CdP Investimenti non dichiarano la linea; associazione ricavata da nomi e comuni citati, in corso di verifica"
0282,Alta Velocità Salerno-Reggio Calabria: Variante Ogliastro-Sapri,"registro RFI (CdP Servizi, Allegato 3)",F075,SALERNO - PAOLA,alta,nome-parziale,salerno,,no,"dedotto: i CdP Investimenti non dichiarano la linea; associazione ricavata da nomi e comuni citati, in corso di verifica"
0282,Alta Velocità Salerno-Reggio Calabria: Variante Ogliastro-Sapri,"registro RFI (CdP Servizi, Allegato 3)",C146,Nocera Inferiore - Salerno (via CAVA T.),media,nome-parziale,salerno,,no,"dedotto: i CdP Investimenti non dichiarano la linea; associazione ricavata da nomi e comuni citati, in corso di verifica"
0282,Alta Velocità Salerno-Reggio Calabria: Variante Ogliastro-Sapri,"registro RFI (CdP Servizi, Allegato 3)",C147,Salerno - Arechi,media,nome-parziale,salerno,,no,"dedotto: i CdP Investimenti non dichiarano la linea; associazione ricavata da nomi e comuni citati, in corso di verifica"
0282,Alta Velocità Salerno-Reggio Calabria: Variante Ogliastro-Sapri,"registro RFI (CdP Servizi, Allegato 3)",C148,Mercato S.Severino - Salerno,media,nome-parziale,salerno,,no,"dedotto: i CdP Investimenti non dichiarano la linea; associazione ricavata da nomi e comuni citati, in corso di verifica"
0282,Alta Velocità Salerno-Reggio Calabria: Variante Ogliastro-Sapri,"registro RFI (CdP Servizi, Allegato 3)",F073,[NAPOLI] PORTICI - SALERNO,media,nome-parziale,salerno,,no,"dedotto: i CdP Investimenti non dichiarano la linea; associazione ricavata da nomi e comuni citati, in corso di verifica"
0282,Alta Velocità Salerno-Reggio Calabria: Variante Ogliastro-Sapri,"registro RFI (CdP Servizi, Allegato 3)",F077,PAOLA - REGGIO CALABRIA CENTRALE (compresa Eccellente - Rosarno),media,nome-parziale,reggio calabria,,no,"dedotto: i CdP Investimenti non dichiarano la linea; associazione ricavata da nomi e comuni citati, in corso di verifica"
0284,Itinerario Napoli-Bari: Interventi su linea Cancello-Napoli per integrazione con linea AV/AC Variante Napoli-Cancello,"registro RFI (CdP Servizi, Allegato 3)",C150,Bari - Brindisi,media,nome-parziale,bari,,no,"dedotto: i CdP Investimenti non dichiarano la linea; associazione ricavata da nomi e comuni citati, in corso di verifica"
0284,Itinerario Napoli-Bari: Interventi su linea Cancello-Napoli per integrazione con linea AV/AC Variante Napoli-Cancello,"registro RFI (CdP Servizi, Allegato 3)",C158,Bari - Gioia Del Colle,media,nome-parziale,bari,,no,"dedotto: i CdP Investimenti non dichiarano la linea; associazione ricavata da nomi e comuni citati, in corso di verifica"
0284,Itinerario Napoli-Bari: Interventi su linea Cancello-Napoli per integrazione con linea AV/AC Variante Napoli-Cancello,"registro RFI (CdP Servizi, Allegato 3)",F069,FOGGIA - BARI (compresa Enziteto Catino - Bari S.Spirito),media,nome-parziale,bari,,no,"dedotto: i CdP Investimenti non dichiarano la linea; associazione ricavata da nomi e comuni citati, in corso di verifica"
0284,Itinerario Napoli-Bari: Interventi su linea Cancello-Napoli per integrazione con linea AV/AC Variante Napoli-Cancello,"registro RFI (CdP Servizi, Allegato 3)",N008,Napoli,media,nome-parziale,napoli,,no,"dedotto: i CdP Investimenti non dichiarano la linea; associazione ricavata da nomi e comuni citati, in corso di verifica"
0284,Itinerario Napoli-Bari: Interventi su linea Cancello-Napoli per integrazione con linea AV/AC Variante Napoli-Cancello,"registro RFI (CdP Servizi, Allegato 3)",F073,[NAPOLI] PORTICI - SALERNO,media,nome-parziale,,,no,"dedotto: i CdP Investimenti non dichiarano la linea; associazione ricavata da nomi e comuni citati, in corso di verifica"
0284,Itinerario Napoli-Bari: Interventi su linea Cancello-Napoli per integrazione con linea AV/AC Variante Napoli-Cancello,"registro RFI (CdP Servizi, Allegato 3)",A001,Roma-Napoli AV/AC,media,nome-parziale,napoli,,no,"dedotto: i CdP Investimenti non dichiarano la linea; associazione ricavata da nomi e comuni citati, in corso di verifica"
0286A,Quadruplicamento Tortona-Voghera opere prioritarie PRG e ACC Tortona,"registro RFI (CdP Servizi, Allegato 3)",F005,[MILANO] MILANO ROGOREDO - ARQUATA (compresa via Novi L. e via Bressana B. - Arena Po),alta,nome-parziale,,,no,"dedotto: i CdP Investimenti non dichiarano la linea; associazione ricavata da nomi e comuni citati, in corso di verifica"
0286A,Quadruplicamento Tortona-Voghera opere prioritarie PRG e ACC Tortona,"registro RFI (CdP Servizi, Allegato 3)",F021,ALESSANDRIA - PIACENZA (compresa Broni - Bressana B.),alta,nome-parziale,,,si,"dedotto: i CdP Investimenti non dichiarano la linea; associazione ricavata da nomi e comuni citati, in corso di verifica"
0286B,Quadruplicamento Tortona-Voghera Quadruplicamento Tortona-Voghera PROG ITER,"registro RFI (CdP Servizi, Allegato 3)",F005,[MILANO] MILANO ROGOREDO - ARQUATA (compresa via Novi L. e via Bressana B. - Arena Po),alta,nome-parziale,,,no,"dedotto: i CdP Investimenti non dichiarano la linea; associazione ricavata da nomi e comuni citati, in corso di verifica"
0286B,Quadruplicamento Tortona-Voghera Quadruplicamento Tortona-Voghera PROG ITER,"registro RFI (CdP Servizi, Allegato 3)",F021,ALESSANDRIA - PIACENZA (compresa Broni - Bressana B.),alta,nome-parziale,,,si,"dedotto: i CdP Investimenti non dichiarano la linea; associazione ricavata da nomi e comuni citati, in corso di verifica"
0289,Completamento raddoppio Genova-Ventimiglia: tratta Andora-Finale Ligure Raddoppio Andora-Finale Ligure PROG ITER,"registro RFI (CdP Servizi, Allegato 3)",F009,VENTIMIGLIA - SAVONA,alta,nome-parziale,ventimiglia,,no,"dedotto: i CdP Investimenti non dichiarano la linea; associazione ricavata da nomi e comuni citati, in corso di verifica"
0289,Completamento raddoppio Genova-Ventimiglia: tratta Andora-Finale Ligure Raddoppio Andora-Finale Ligure PROG ITER,"registro RFI (CdP Servizi, Allegato 3)",C010,Cuneo - Ventimiglia,media,nome-parziale,ventimiglia,,no,"dedotto: i CdP Investimenti non dichiarano la linea; associazione ricavata da nomi e comuni citati, in corso di verifica"
0289,Completamento raddoppio Genova-Ventimiglia: tratta Andora-Finale Ligure Raddoppio Andora-Finale Ligure PROG ITER,"registro RFI (CdP Servizi, Allegato 3)",N004,Genova,media,nome-parziale,genova,,no,"dedotto: i CdP Investimenti non dichiarano la linea; associazione ricavata da nomi e comuni citati, in corso di verifica"
0289,Completamento raddoppio Genova-Ventimiglia: tratta Andora-Finale Ligure Raddoppio Andora-Finale Ligure PROG ITER,"registro RFI (CdP Servizi, Allegato 3)",C098,Ovada - Genova Borzoli,media,nome-parziale,,,no,"dedotto: i CdP Investimenti non dichiarano la linea; associazione ricavata da nomi e comuni citati, in corso di verifica"
0289,Completamento raddoppio Genova-Ventimiglia: tratta Andora-Finale Ligure Raddoppio Andora-Finale Ligure PROG ITER,"registro RFI (CdP Servizi, Allegato 3)",F007,SAVONA -  GENOVA VOLTRI [GENOVA],media,nome-parziale,,,no,"dedotto: i CdP Investimenti non dichiarano la linea; associazione ricavata da nomi e comuni citati, in corso di verifica"
0289,Completamento raddoppio Genova-Ventimiglia: tratta Andora-Finale Ligure Raddoppio Andora-Finale Ligure PROG ITER,"registro RFI (CdP Servizi, Allegato 3)",F019,ARQUATA - MIGNANEGO / GENOVA RIVAROLO / GENOVA CAMPASSO [GENOVA] (compresa via Isola del Cantone),media,nome-parziale,,,no,"dedotto: i CdP Investimenti non dichiarano la linea; associazione ricavata da nomi e comuni citati, in corso di verifica"
0290,Nuova linea Passo Corese-Rieti Nuova linea Passo Corese-Rieti PROG PROG,"registro RFI (CdP Servizi, Allegato 3)",C231,Terni - Sulmona,media,nome-parziale,,,no,"dedotto: i CdP Investimenti non dichiarano la linea; associazione ricavata da nomi e comuni citati, in corso di verifica"
0290,Nuova linea Passo Corese-Rieti Nuova linea Passo Corese-Rieti PROG PROG,"registro RFI (CdP Servizi, Allegato 3)",F053,[FIRENZE]  FIRENZE ROVEZZANO - FARA SABINA [ROMA] (Linea Lenta),media,nome-parziale,,,no,"dedotto: i CdP Investimenti non dichiarano la linea; associazione ricavata da nomi e comuni citati, in corso di verifica"
0291,"Nuova linea AV/AC Venezia-Trieste: tratta Venezia - Ronchi dei Legionari • NCP 1: ""Intervento sospeso""","registro RFI (CdP Servizi, Allegato 3)",F035,[VENEZIA] VENEZIA CARPENEDO - VILLA OPICINA / TRIESTE,alta,nome-parziale,trieste,,no,"dedotto: i CdP Investimenti non dichiarano la linea; associazione ricavata da nomi e comuni citati, in corso di verifica"
0291,"Nuova linea AV/AC Venezia-Trieste: tratta Venezia - Ronchi dei Legionari • NCP 1: ""Intervento sospeso""","registro RFI (CdP Servizi, Allegato 3)",N003,Venezia,media,nome-parziale,venezia,,no,"dedotto: i CdP Investimenti non dichiarano la linea; associazione ricavata da nomi e comuni citati, in corso di verifica"
0291,"Nuova linea AV/AC Venezia-Trieste: tratta Venezia - Ronchi dei Legionari • NCP 1: ""Intervento sospeso""","registro RFI (CdP Servizi, Allegato 3)",F039,UDINE - MONFALCONE via GORIZIA (compresa Gorizia - Nova Gorica),media,nome-parziale,,,no,"dedotto: i CdP Investimenti non dichiarano la linea; associazione ricavata da nomi e comuni citati, in corso di verifica"
0291,"Nuova linea AV/AC Venezia-Trieste: tratta Venezia - Ronchi dei Legionari • NCP 1: ""Intervento sospeso""","registro RFI (CdP Servizi, Allegato 3)",F033AV,PADOVA - VENEZIA AVAC,media,nome-parziale,venezia,,no,"dedotto: i CdP Investimenti non dichiarano la linea; associazione ricavata da nomi e comuni citati, in corso di verifica"
0292A,Accesso al Brennero lotto 1 - Fortezza-Ponte Gardena Quadruplicamento Fortezza - Ponte Gardena,"registro RFI (CdP Servizi, Allegato 3)",C067,Fortezza - S.Candido,media,nome-parziale,fortezza,,no,"dedotto: i CdP Investimenti non dichiarano la linea; associazione ricavata da nomi e comuni citati, in corso di verifica"
0292A,Accesso al Brennero lotto 1 - Fortezza-Ponte Gardena Quadruplicamento Fortezza - Ponte Gardena,"registro RFI (CdP Servizi, Allegato 3)",F027,BRENNERO - VERONA,media,nome-parziale,brennero,,no,"dedotto: i CdP Investimenti non dichiarano la linea; associazione ricavata da nomi e comuni citati, in corso di verifica"
0292B,Accesso al Brennero lotto 4 - Ingresso nel nodo di Verona Ingresso a Verona,"registro RFI (CdP Servizi, Allegato 3)",F027,BRENNERO - VERONA,alta,nome,brennero|verona,,no,"dedotto: i CdP Investimenti non dichiarano la linea; associazione ricavata da nomi e comuni citati, in corso di verifica"
0292B,Accesso al Brennero lotto 4 - Ingresso nel nodo di Verona Ingresso a Verona,"registro RFI (CdP Servizi, Allegato 3)",C070,Verona - Mantova,media,nome-parziale,verona,,no,"dedotto: i CdP Investimenti non dichiarano la linea; associazione ricavata da nomi e comuni citati, in corso di verifica"
0292B,Accesso al Brennero lotto 4 - Ingresso nel nodo di Verona Ingresso a Verona,"registro RFI (CdP Servizi, Allegato 3)",F025,VERONA  - PADOVA,media,nome-parziale,verona,,no,"dedotto: i CdP Investimenti non dichiarano la linea; associazione ricavata da nomi e comuni citati, in corso di verifica"
0292B,Accesso al Brennero lotto 4 - Ingresso nel nodo di Verona Ingresso a Verona,"registro RFI (CdP Servizi, Allegato 3)",F029,VERONA  - TAVERNELLE [BOLOGNA],media,nome-parziale,verona,,no,"dedotto: i CdP Investimenti non dichiarano la linea; associazione ricavata da nomi e comuni citati, in corso di verifica"
0292B,Accesso al Brennero lotto 4 - Ingresso nel nodo di Verona Ingresso a Verona,"registro RFI (CdP Servizi, Allegato 3)",F023,[MILANO] PIOLTELLO L. - BRESCIA  VERONA,media,nome-parziale,,,no,"dedotto: i CdP Investimenti non dichiarano la linea; associazione ricavata da nomi e comuni citati, in corso di verifica"
0292B,Accesso al Brennero lotto 4 - Ingresso nel nodo di Verona Ingresso a Verona,"registro RFI (CdP Servizi, Allegato 3)",C177,Caltanissetta Xirbi - Roccapalumba-A.,media,nome-parziale,a,,no,"dedotto: i CdP Investimenti non dichiarano la linea; associazione ricavata da nomi e comuni citati, in corso di verifica"
0292C,Accesso al Brennero lotto 2- Circonvallazione di Bolzano Circonvallazione di Bolzano PROG PROG,"registro RFI (CdP Servizi, Allegato 3)",C068,Bolzano - Merano,media,nome-parziale,bolzano,,no,"dedotto: i CdP Investimenti non dichiarano la linea; associazione ricavata da nomi e comuni citati, in corso di verifica"
0292C,Accesso al Brennero lotto 2- Circonvallazione di Bolzano Circonvallazione di Bolzano PROG PROG,"registro RFI (CdP Servizi, Allegato 3)",F027,BRENNERO - VERONA,media,nome-parziale,brennero,,no,"dedotto: i CdP Investimenti non dichiarano la linea; associazione ricavata da nomi e comuni citati, in corso di verifica"
0294,Potenziamento linea Gallarate-Rho Quadruplicamento Rho-Parabiago e raccordo a Y per Malpensa Quadruplicamento Rho-Parabiago e raccordo a Y per Malpensa (opere di completamento) Triplicamento Parabiago-Gallarate PROG ITER,"registro RFI (CdP Servizi, Allegato 3)",C049,Porto Ceresio - Varese - Gallarate,media,nome-parziale,gallarate,,no,"dedotto: i CdP Investimenti non dichiarano la linea; associazione ricavata da nomi e comuni citati, in corso di verifica"
0294,Potenziamento linea Gallarate-Rho Quadruplicamento Rho-Parabiago e raccordo a Y per Malpensa Quadruplicamento Rho-Parabiago e raccordo a Y per Malpensa (opere di completamento) Triplicamento Parabiago-Gallarate PROG ITER,"registro RFI (CdP Servizi, Allegato 3)",F015,PINO TRONZANO [LUINO] - GALLARATE,media,nome-parziale,gallarate,,no,"dedotto: i CdP Investimenti non dichiarano la linea; associazione ricavata da nomi e comuni citati, in corso di verifica"
0294,Potenziamento linea Gallarate-Rho Quadruplicamento Rho-Parabiago e raccordo a Y per Malpensa Quadruplicamento Rho-Parabiago e raccordo a Y per Malpensa (opere di completamento) Triplicamento Parabiago-Gallarate PROG ITER,"registro RFI (CdP Servizi, Allegato 3)",N002,Milano,media,nome-parziale,,,no,"dedotto: i CdP Investimenti non dichiarano la linea; associazione ricavata da nomi e comuni citati, in corso di verifica"
0294,Potenziamento linea Gallarate-Rho Quadruplicamento Rho-Parabiago e raccordo a Y per Malpensa Quadruplicamento Rho-Parabiago e raccordo a Y per Malpensa (opere di completamento) Triplicamento Parabiago-Gallarate PROG ITER,"registro RFI (CdP Servizi, Allegato 3)",C177,Caltanissetta Xirbi - Roccapalumba-A.,media,nome-parziale,a,,no,"dedotto: i CdP Investimenti non dichiarano la linea; associazione ricavata da nomi e comuni citati, in corso di verifica"
0294,Potenziamento linea Gallarate-Rho Quadruplicamento Rho-Parabiago e raccordo a Y per Malpensa Quadruplicamento Rho-Parabiago e raccordo a Y per Malpensa (opere di completamento) Triplicamento Parabiago-Gallarate PROG ITER,"registro RFI (CdP Servizi, Allegato 3)",C180,Roccapalumba-A. - Fiumetorto,media,nome-parziale,a,,no,"dedotto: i CdP Investimenti non dichiarano la linea; associazione ricavata da nomi e comuni citati, in corso di verifica"
0294,Potenziamento linea Gallarate-Rho Quadruplicamento Rho-Parabiago e raccordo a Y per Malpensa Quadruplicamento Rho-Parabiago e raccordo a Y per Malpensa (opere di completamento) Triplicamento Parabiago-Gallarate PROG ITER,"registro RFI (CdP Servizi, Allegato 3)",C182,Roccapalumba-A. - Aragona Caldare,media,nome-parziale,a,,no,"dedotto: i CdP Investimenti non dichiarano la linea; associazione ricavata da nomi e comuni citati, in corso di verifica"
0296,Raddoppio Orte-Falconara: tratta Foligno-Fabriano Raddoppio Foligno-Fabriano,"registro RFI (CdP Servizi, Allegato 3)",F065,ANCONA - ORTE (compresa Ancona - Ancona Marittima),alta,nome-parziale,orte,,no,"dedotto: i CdP Investimenti non dichiarano la linea; associazione ricavata da nomi e comuni citati, in corso di verifica"
0296,Raddoppio Orte-Falconara: tratta Foligno-Fabriano Raddoppio Foligno-Fabriano,"registro RFI (CdP Servizi, Allegato 3)",C127,Terontola - Foligno,media,nome-parziale,foligno,,no,"dedotto: i CdP Investimenti non dichiarano la linea; associazione ricavata da nomi e comuni citati, in corso di verifica"
0296,Raddoppio Orte-Falconara: tratta Foligno-Fabriano Raddoppio Foligno-Fabriano,"registro RFI (CdP Servizi, Allegato 3)",C239,Pergola - Fabriano,media,nome-parziale,fabriano,,no,"dedotto: i CdP Investimenti non dichiarano la linea; associazione ricavata da nomi e comuni citati, in corso di verifica"
0296,Raddoppio Orte-Falconara: tratta Foligno-Fabriano Raddoppio Foligno-Fabriano,"registro RFI (CdP Servizi, Allegato 3)",C126,Civitanova - Albacina,media,nome-parziale,,,no,"dedotto: i CdP Investimenti non dichiarano la linea; associazione ricavata da nomi e comuni citati, in corso di verifica"
0297A,Nodo di Falconara 1^ fase Variante Falconara e bretella di collegamento tra la linea Orte- Falconara direzione nord e la variante di Falconara verso nord,"registro RFI (CdP Servizi, Allegato 3)",F065,ANCONA - ORTE (compresa Ancona - Ancona Marittima),media,nome-parziale,orte,,no,"dedotto: i CdP Investimenti non dichiarano la linea; associazione ricavata da nomi e comuni citati, in corso di verifica"
0297B,Nodo di Falconara completamento Nuova stazione Osimo ITER,"registro RFI (CdP Servizi, Allegato 3)",F067,ANCONA - FOGGIA,media,nome-parziale,,,no,"dedotto: i CdP Investimenti non dichiarano la linea; associazione ricavata da nomi e comuni citati, in corso di verifica"
0298,Nuovo collegamento PM228 - Castelplanio con by-pass di Albacina PM228-Castelplanio Lotto 1: nuovo collegamento PM228 - nuovo ITER Bivio Nord Albacina PM228-Castelplanio Lotto 2: Raddoppio Bivio Nord Albacina - Serra San Quirico PM228-Castelplanio Lotto 3: Raddoppio Serra San Quirico - PROG ITER Castelplanio,"registro RFI (CdP Servizi, Allegato 3)",F065,ANCONA - ORTE (compresa Ancona - Ancona Marittima),alta,nome-parziale,,,no,"dedotto: i CdP Investimenti non dichiarano la linea; associazione ricavata da nomi e comuni citati, in corso di verifica"
0298,Nuovo collegamento PM228 - Castelplanio con by-pass di Albacina PM228-Castelplanio Lotto 1: nuovo collegamento PM228 - nuovo ITER Bivio Nord Albacina PM228-Castelplanio Lotto 2: Raddoppio Bivio Nord Albacina - Serra San Quirico PM228-Castelplanio Lotto 3: Raddoppio Serra San Quirico - PROG ITER Castelplanio,"registro RFI (CdP Servizi, Allegato 3)",C126,Civitanova - Albacina,media,nome-parziale,albacina,,no,"dedotto: i CdP Investimenti non dichiarano la linea; associazione ricavata da nomi e comuni citati, in corso di verifica"
0307A,Roma-Pescara - ulteriore fasi Raddoppio Interporto d'Abruzzo-Chieti-Pescara PROG ITER,"registro RFI (CdP Servizi, Allegato 3)",C125,Pescara - Sulmona,alta,nome-parziale,pescara,,no,"dedotto: i CdP Investimenti non dichiarano la linea; associazione ricavata da nomi e comuni citati, in corso di verifica"
0307A,Roma-Pescara - ulteriore fasi Raddoppio Interporto d'Abruzzo-Chieti-Pescara PROG ITER,"registro RFI (CdP Servizi, Allegato 3)",N007,Roma,media,nome-parziale,roma,,no,"dedotto: i CdP Investimenti non dichiarano la linea; associazione ricavata da nomi e comuni citati, in corso di verifica"
0307A,Roma-Pescara - ulteriore fasi Raddoppio Interporto d'Abruzzo-Chieti-Pescara PROG ITER,"registro RFI (CdP Servizi, Allegato 3)",C129,Viterbo - Cesano,media,nome-parziale,,,no,"dedotto: i CdP Investimenti non dichiarano la linea; associazione ricavata da nomi e comuni citati, in corso di verifica"
0307A,Roma-Pescara - ulteriore fasi Raddoppio Interporto d'Abruzzo-Chieti-Pescara PROG ITER,"registro RFI (CdP Servizi, Allegato 3)",F055,[FIRENZE] FIRENZE ROVEZZANO - SETTE BAGNI [ROMA] (Linea Direttissima),media,nome-parziale,,,no,"dedotto: i CdP Investimenti non dichiarano la linea; associazione ricavata da nomi e comuni citati, in corso di verifica"
0307A,Roma-Pescara - ulteriore fasi Raddoppio Interporto d'Abruzzo-Chieti-Pescara PROG ITER,"registro RFI (CdP Servizi, Allegato 3)",F057,[ROMA] TORRICOLA - FRATTAMAGGIORE [NAPOLI] (via Formia),media,nome-parziale,,,no,"dedotto: i CdP Investimenti non dichiarano la linea; associazione ricavata da nomi e comuni citati, in corso di verifica"
0307A,Roma-Pescara - ulteriore fasi Raddoppio Interporto d'Abruzzo-Chieti-Pescara PROG ITER,"registro RFI (CdP Servizi, Allegato 3)",F061,(comprese linee Rocca d'Evandro - Venafro/Vairano e Santa Maria C.V. - Maddaloni M. S.to e linee Bivio Maddaloni /,media,nome-parziale,,,no,"dedotto: i CdP Investimenti non dichiarano la linea; associazione ricavata da nomi e comuni citati, in corso di verifica"
0307B,Roma-Pescara,"registro RFI (CdP Servizi, Allegato 3)",C125,Pescara - Sulmona,media,nome-parziale,pescara,,no,"dedotto: i CdP Investimenti non dichiarano la linea; associazione ricavata da nomi e comuni citati, in corso di verifica"
0307B,Roma-Pescara,"registro RFI (CdP Servizi, Allegato 3)",N007,Roma,media,nome-parziale,roma,,no,"dedotto: i CdP Investimenti non dichiarano la linea; associazione ricavata da nomi e comuni citati, in corso di verifica"
0307B,Roma-Pescara,"registro RFI (CdP Servizi, Allegato 3)",C129,Viterbo - Cesano,media,nome-parziale,,,no,"dedotto: i CdP Investimenti non dichiarano la linea; associazione ricavata da nomi e comuni citati, in corso di verifica"
0307B,Roma-Pescara,"registro RFI (CdP Servizi, Allegato 3)",F055,[FIRENZE] FIRENZE ROVEZZANO - SETTE BAGNI [ROMA] (Linea Direttissima),media,nome-parziale,,,no,"dedotto: i CdP Investimenti non dichiarano la linea; associazione ricavata da nomi e comuni citati, in corso di verifica"
0307B,Roma-Pescara,"registro RFI (CdP Servizi, Allegato 3)",F057,[ROMA] TORRICOLA - FRATTAMAGGIORE [NAPOLI] (via Formia),media,nome-parziale,,,no,"dedotto: i CdP Investimenti non dichiarano la linea; associazione ricavata da nomi e comuni citati, in corso di verifica"
0307B,Roma-Pescara,"registro RFI (CdP Servizi, Allegato 3)",F061,(comprese linee Rocca d'Evandro - Venafro/Vairano e Santa Maria C.V. - Maddaloni M. S.to e linee Bivio Maddaloni /,media,nome-parziale,,,no,"dedotto: i CdP Investimenti non dichiarano la linea; associazione ricavata da nomi e comuni citati, in corso di verifica"
0308,Velocizzazione Battipaglia-Potenza,"registro RFI (CdP Servizi, Allegato 3)",C136,Battipaglia - Potenza Inf.Re,alta,nome-parziale,battipaglia,,no,"dedotto: i CdP Investimenti non dichiarano la linea; associazione ricavata da nomi e comuni citati, in corso di verifica"
0308,Velocizzazione Battipaglia-Potenza,"registro RFI (CdP Servizi, Allegato 3)",C154,Rocchetta S.A.L. - Potenza,media,nome-parziale,potenza,,no,"dedotto: i CdP Investimenti non dichiarano la linea; associazione ricavata da nomi e comuni citati, in corso di verifica"
0308,Velocizzazione Battipaglia-Potenza,"registro RFI (CdP Servizi, Allegato 3)",C155,Potenza  - Metaponto,media,nome-parziale,potenza,,no,"dedotto: i CdP Investimenti non dichiarano la linea; associazione ricavata da nomi e comuni citati, in corso di verifica"
0308,Velocizzazione Battipaglia-Potenza,"registro RFI (CdP Servizi, Allegato 3)",F075,SALERNO - PAOLA,media,nome-parziale,,,no,"dedotto: i CdP Investimenti non dichiarano la linea; associazione ricavata da nomi e comuni citati, in corso di verifica"
0309,Velocizzazione Potenza - Metaponto,"registro RFI (CdP Servizi, Allegato 3)",C155,Potenza  - Metaponto,alta,nome,potenza|metaponto,,no,"dedotto: i CdP Investimenti non dichiarano la linea; associazione ricavata da nomi e comuni citati, in corso di verifica"
0309,Velocizzazione Potenza - Metaponto,"registro RFI (CdP Servizi, Allegato 3)",C154,Rocchetta S.A.L. - Potenza,media,nome-parziale,potenza,,no,"dedotto: i CdP Investimenti non dichiarano la linea; associazione ricavata da nomi e comuni citati, in corso di verifica"
0309,Velocizzazione Potenza - Metaponto,"registro RFI (CdP Servizi, Allegato 3)",C136,Battipaglia - Potenza Inf.Re,media,nome-parziale,,,no,"dedotto: i CdP Investimenti non dichiarano la linea; associazione ricavata da nomi e comuni citati, in corso di verifica"
0309,Velocizzazione Potenza - Metaponto,"registro RFI (CdP Servizi, Allegato 3)",C156,Metaponto - Taranto,media,nome-parziale,metaponto,,no,"dedotto: i CdP Investimenti non dichiarano la linea; associazione ricavata da nomi e comuni citati, in corso di verifica"
0309,Velocizzazione Potenza - Metaponto,"registro RFI (CdP Servizi, Allegato 3)",C160,Metaponto - Sibari,media,nome-parziale,metaponto,,no,"dedotto: i CdP Investimenti non dichiarano la linea; associazione ricavata da nomi e comuni citati, in corso di verifica"
0310,Potenziamento Taranto-Metaponto,"registro RFI (CdP Servizi, Allegato 3)",C156,Metaponto - Taranto,alta,nome,metaponto|taranto,,no,"dedotto: i CdP Investimenti non dichiarano la linea; associazione ricavata da nomi e comuni citati, in corso di verifica"
0310,Potenziamento Taranto-Metaponto,"registro RFI (CdP Servizi, Allegato 3)",C157,Taranto - Brindisi,media,nome-parziale,taranto,,no,"dedotto: i CdP Investimenti non dichiarano la linea; associazione ricavata da nomi e comuni citati, in corso di verifica"
0310,Potenziamento Taranto-Metaponto,"registro RFI (CdP Servizi, Allegato 3)",C159,Gioia Del Colle - Taranto,media,nome-parziale,taranto,,no,"dedotto: i CdP Investimenti non dichiarano la linea; associazione ricavata da nomi e comuni citati, in corso di verifica"
0310,Potenziamento Taranto-Metaponto,"registro RFI (CdP Servizi, Allegato 3)",C155,Potenza  - Metaponto,media,nome-parziale,metaponto,,no,"dedotto: i CdP Investimenti non dichiarano la linea; associazione ricavata da nomi e comuni citati, in corso di verifica"
0310,Potenziamento Taranto-Metaponto,"registro RFI (CdP Servizi, Allegato 3)",C160,Metaponto - Sibari,media,nome-parziale,metaponto,,no,"dedotto: i CdP Investimenti non dichiarano la linea; associazione ricavata da nomi e comuni citati, in corso di verifica"
0311A,"Potenziamento Metaponto-Sibari-Bivio S.Antonello opere prioritarie Metaponto-Sibari-Paola: potenziamento linea di contatto, adeguamento a modulo 750 m e semplificazione impianti, rettifiche di tracciato località Cassano, Tarsia e Torano e variante di Acri","registro RFI (CdP Servizi, Allegato 3)",C160,Metaponto - Sibari,alta,nome,metaponto|sibari,,no,"dedotto: i CdP Investimenti non dichiarano la linea; associazione ricavata da nomi e comuni citati, in corso di verifica"
0311A,"Potenziamento Metaponto-Sibari-Bivio S.Antonello opere prioritarie Metaponto-Sibari-Paola: potenziamento linea di contatto, adeguamento a modulo 750 m e semplificazione impianti, rettifiche di tracciato località Cassano, Tarsia e Torano e variante di Acri","registro RFI (CdP Servizi, Allegato 3)",C164,Paola - Castiglione C.,media,nome-parziale,paola,,no,"dedotto: i CdP Investimenti non dichiarano la linea; associazione ricavata da nomi e comuni citati, in corso di verifica"
0311A,"Potenziamento Metaponto-Sibari-Bivio S.Antonello opere prioritarie Metaponto-Sibari-Paola: potenziamento linea di contatto, adeguamento a modulo 750 m e semplificazione impianti, rettifiche di tracciato località Cassano, Tarsia e Torano e variante di Acri","registro RFI (CdP Servizi, Allegato 3)",F075,SALERNO - PAOLA,media,nome-parziale,paola,,no,"dedotto: i CdP Investimenti non dichiarano la linea; associazione ricavata da nomi e comuni citati, in corso di verifica"
0311A,"Potenziamento Metaponto-Sibari-Bivio S.Antonello opere prioritarie Metaponto-Sibari-Paola: potenziamento linea di contatto, adeguamento a modulo 750 m e semplificazione impianti, rettifiche di tracciato località Cassano, Tarsia e Torano e variante di Acri","registro RFI (CdP Servizi, Allegato 3)",F077,PAOLA - REGGIO CALABRIA CENTRALE (compresa Eccellente - Rosarno),media,nome-parziale,paola,,no,"dedotto: i CdP Investimenti non dichiarano la linea; associazione ricavata da nomi e comuni citati, in corso di verifica"
0311A,"Potenziamento Metaponto-Sibari-Bivio S.Antonello opere prioritarie Metaponto-Sibari-Paola: potenziamento linea di contatto, adeguamento a modulo 750 m e semplificazione impianti, rettifiche di tracciato località Cassano, Tarsia e Torano e variante di Acri","registro RFI (CdP Servizi, Allegato 3)",C165,S.Lucido Marina - Bivio Pantani,media,nome-parziale,,,no,"dedotto: i CdP Investimenti non dichiarano la linea; associazione ricavata da nomi e comuni citati, in corso di verifica"
0311A,"Potenziamento Metaponto-Sibari-Bivio S.Antonello opere prioritarie Metaponto-Sibari-Paola: potenziamento linea di contatto, adeguamento a modulo 750 m e semplificazione impianti, rettifiche di tracciato località Cassano, Tarsia e Torano e variante di Acri","registro RFI (CdP Servizi, Allegato 3)",C132,Avezzano - Guidonia-M.-S.A.,media,nome-parziale,m,,no,"dedotto: i CdP Investimenti non dichiarano la linea; associazione ricavata da nomi e comuni citati, in corso di verifica"
0311B,Potenziamento Metaponto-Sibari-Bivio S.Antonello Variante Montegiordano-Amendolara Rettifiche curve ed adeguamento linea Metaponto-Sibari-Paola,"registro RFI (CdP Servizi, Allegato 3)",C160,Metaponto - Sibari,alta,nome,metaponto|sibari,,no,"dedotto: i CdP Investimenti non dichiarano la linea; associazione ricavata da nomi e comuni citati, in corso di verifica"
0311B,Potenziamento Metaponto-Sibari-Bivio S.Antonello Variante Montegiordano-Amendolara Rettifiche curve ed adeguamento linea Metaponto-Sibari-Paola,"registro RFI (CdP Servizi, Allegato 3)",C164,Paola - Castiglione C.,media,nome-parziale,paola,,no,"dedotto: i CdP Investimenti non dichiarano la linea; associazione ricavata da nomi e comuni citati, in corso di verifica"
0311B,Potenziamento Metaponto-Sibari-Bivio S.Antonello Variante Montegiordano-Amendolara Rettifiche curve ed adeguamento linea Metaponto-Sibari-Paola,"registro RFI (CdP Servizi, Allegato 3)",F075,SALERNO - PAOLA,media,nome-parziale,paola,,no,"dedotto: i CdP Investimenti non dichiarano la linea; associazione ricavata da nomi e comuni citati, in corso di verifica"
0311B,Potenziamento Metaponto-Sibari-Bivio S.Antonello Variante Montegiordano-Amendolara Rettifiche curve ed adeguamento linea Metaponto-Sibari-Paola,"registro RFI (CdP Servizi, Allegato 3)",F077,PAOLA - REGGIO CALABRIA CENTRALE (compresa Eccellente - Rosarno),media,nome-parziale,paola,,no,"dedotto: i CdP Investimenti non dichiarano la linea; associazione ricavata da nomi e comuni citati, in corso di verifica"
0311B,Potenziamento Metaponto-Sibari-Bivio S.Antonello Variante Montegiordano-Amendolara Rettifiche curve ed adeguamento linea Metaponto-Sibari-Paola,"registro RFI (CdP Servizi, Allegato 3)",C165,S.Lucido Marina - Bivio Pantani,media,nome-parziale,,,no,"dedotto: i CdP Investimenti non dichiarano la linea; associazione ricavata da nomi e comuni citati, in corso di verifica"
0311B,Potenziamento Metaponto-Sibari-Bivio S.Antonello Variante Montegiordano-Amendolara Rettifiche curve ed adeguamento linea Metaponto-Sibari-Paola,"registro RFI (CdP Servizi, Allegato 3)",C155,Potenza  - Metaponto,media,nome-parziale,metaponto,,no,"dedotto: i CdP Investimenti non dichiarano la linea; associazione ricavata da nomi e comuni citati, in corso di verifica"
0312,Ammodernamento Venafro - Termoli,"registro RFI (CdP Servizi, Allegato 3)",C230,Termoli - Campobasso,media,nome-parziale,termoli,,no,"dedotto: i CdP Investimenti non dichiarano la linea; associazione ricavata da nomi e comuni citati, in corso di verifica"
0312,Ammodernamento Venafro - Termoli,"registro RFI (CdP Servizi, Allegato 3)",F061,(comprese linee Rocca d'Evandro - Venafro/Vairano e Santa Maria C.V. - Maddaloni M. S.to e linee Bivio Maddaloni /,media,nome-parziale,venafro,,no,"dedotto: i CdP Investimenti non dichiarano la linea; associazione ricavata da nomi e comuni citati, in corso di verifica"
0312,Ammodernamento Venafro - Termoli,"registro RFI (CdP Servizi, Allegato 3)",C141,Isernia - Vairano,media,nome-parziale,,,no,"dedotto: i CdP Investimenti non dichiarano la linea; associazione ricavata da nomi e comuni citati, in corso di verifica"
0312,Ammodernamento Venafro - Termoli,"registro RFI (CdP Servizi, Allegato 3)",F067,ANCONA - FOGGIA,media,nome-parziale,,,no,"dedotto: i CdP Investimenti non dichiarano la linea; associazione ricavata da nomi e comuni citati, in corso di verifica"
0313A,Velocizzazione S. Gavino-Sassari-Olbia fasi prioritarie Variante Bauladu,"registro RFI (CdP Servizi, Allegato 3)",C185,Olbia - Ozieri Chilivani,media,nome-parziale,olbia,,no,"dedotto: i CdP Investimenti non dichiarano la linea; associazione ricavata da nomi e comuni citati, in corso di verifica"
0313A,Velocizzazione S. Gavino-Sassari-Olbia fasi prioritarie Variante Bauladu,"registro RFI (CdP Servizi, Allegato 3)",C186,Sassari - Ozieri Chilivani,media,nome-parziale,sassari,,no,"dedotto: i CdP Investimenti non dichiarano la linea; associazione ricavata da nomi e comuni citati, in corso di verifica"
0313A,Velocizzazione S. Gavino-Sassari-Olbia fasi prioritarie Variante Bauladu,"registro RFI (CdP Servizi, Allegato 3)",C237,Golfo Aranci Mar.ma - Olbia,media,nome-parziale,olbia,,no,"dedotto: i CdP Investimenti non dichiarano la linea; associazione ricavata da nomi e comuni citati, in corso di verifica"
0313A,Velocizzazione S. Gavino-Sassari-Olbia fasi prioritarie Variante Bauladu,"registro RFI (CdP Servizi, Allegato 3)",C241,Porto Torres Pcc - Sassari,media,nome-parziale,sassari,,no,"dedotto: i CdP Investimenti non dichiarano la linea; associazione ricavata da nomi e comuni citati, in corso di verifica"
0313A,Velocizzazione S. Gavino-Sassari-Olbia fasi prioritarie Variante Bauladu,"registro RFI (CdP Servizi, Allegato 3)",C187,Ozieri Chilivani - Decimomannu,media,nome-parziale,,,no,"dedotto: i CdP Investimenti non dichiarano la linea; associazione ricavata da nomi e comuni citati, in corso di verifica"
0313B,"Velocizzazione S. Gavino-Sassari-Olbia completamento Varianti Bonorva-Torralba, Macomer I, Macomer II e Campomela- PROG PROG Sassari","registro RFI (CdP Servizi, Allegato 3)",C187,Ozieri Chilivani - Decimomannu,alta,nome-parziale,,,no,"dedotto: i CdP Investimenti non dichiarano la linea; associazione ricavata da nomi e comuni citati, in corso di verifica"
0313B,"Velocizzazione S. Gavino-Sassari-Olbia completamento Varianti Bonorva-Torralba, Macomer I, Macomer II e Campomela- PROG PROG Sassari","registro RFI (CdP Servizi, Allegato 3)",C185,Olbia - Ozieri Chilivani,media,nome-parziale,olbia,,no,"dedotto: i CdP Investimenti non dichiarano la linea; associazione ricavata da nomi e comuni citati, in corso di verifica"
0313B,"Velocizzazione S. Gavino-Sassari-Olbia completamento Varianti Bonorva-Torralba, Macomer I, Macomer II e Campomela- PROG PROG Sassari","registro RFI (CdP Servizi, Allegato 3)",C186,Sassari - Ozieri Chilivani,media,nome-parziale,sassari,,no,"dedotto: i CdP Investimenti non dichiarano la linea; associazione ricavata da nomi e comuni citati, in corso di verifica"
0313B,"Velocizzazione S. Gavino-Sassari-Olbia completamento Varianti Bonorva-Torralba, Macomer I, Macomer II e Campomela- PROG PROG Sassari","registro RFI (CdP Servizi, Allegato 3)",C237,Golfo Aranci Mar.ma - Olbia,media,nome-parziale,olbia,,no,"dedotto: i CdP Investimenti non dichiarano la linea; associazione ricavata da nomi e comuni citati, in corso di verifica"
0313B,"Velocizzazione S. Gavino-Sassari-Olbia completamento Varianti Bonorva-Torralba, Macomer I, Macomer II e Campomela- PROG PROG Sassari","registro RFI (CdP Servizi, Allegato 3)",C241,Porto Torres Pcc - Sassari,media,nome-parziale,sassari,,no,"dedotto: i CdP Investimenti non dichiarano la linea; associazione ricavata da nomi e comuni citati, in corso di verifica"
0314,Velocizzazione Palermo-Trapani via Milo e via Castelvetrano,"registro RFI (CdP Servizi, Allegato 3)",C192,Alcamo - Castelvetrano - Trapani,alta,nome,castelvetrano|trapani,,si,"dedotto: i CdP Investimenti non dichiarano la linea; associazione ricavata da nomi e comuni citati, in corso di verifica"
0314,Velocizzazione Palermo-Trapani via Milo e via Castelvetrano,"registro RFI (CdP Servizi, Allegato 3)",C176,Fiumetorto - Palermo,media,nome-parziale,palermo,,no,"dedotto: i CdP Investimenti non dichiarano la linea; associazione ricavata da nomi e comuni citati, in corso di verifica"
0314,Velocizzazione Palermo-Trapani via Milo e via Castelvetrano,"registro RFI (CdP Servizi, Allegato 3)",C181,Palermo - Carini,media,nome-parziale,palermo,,no,"dedotto: i CdP Investimenti non dichiarano la linea; associazione ricavata da nomi e comuni citati, in corso di verifica"
0314,Velocizzazione Palermo-Trapani via Milo e via Castelvetrano,"registro RFI (CdP Servizi, Allegato 3)",C184,Palermo Centrale - Palermo Marittima,media,nome-parziale,palermo,,no,"dedotto: i CdP Investimenti non dichiarano la linea; associazione ricavata da nomi e comuni citati, in corso di verifica"
0314,Velocizzazione Palermo-Trapani via Milo e via Castelvetrano,"registro RFI (CdP Servizi, Allegato 3)",C204,Carini - Alcamo Diramazione - Trapani,media,nome-parziale,trapani,,no,"dedotto: i CdP Investimenti non dichiarano la linea; associazione ricavata da nomi e comuni citati, in corso di verifica"
0315,Velocizzazione Siracusa-Ragusa-Gela Velocizzazione Siracusa-Ragusa-Gela PROG PROG,"registro RFI (CdP Servizi, Allegato 3)",C171,Lentini Diramazione - Siracusa,media,nome-parziale,siracusa,,no,"dedotto: i CdP Investimenti non dichiarano la linea; associazione ricavata da nomi e comuni citati, in corso di verifica"
0315,Velocizzazione Siracusa-Ragusa-Gela Velocizzazione Siracusa-Ragusa-Gela PROG PROG,"registro RFI (CdP Servizi, Allegato 3)",C173,Gela - Modica,media,nome-parziale,gela,,no,"dedotto: i CdP Investimenti non dichiarano la linea; associazione ricavata da nomi e comuni citati, in corso di verifica"
0315,Velocizzazione Siracusa-Ragusa-Gela Velocizzazione Siracusa-Ragusa-Gela PROG PROG,"registro RFI (CdP Servizi, Allegato 3)",C174,Modica - Siracusa,media,nome-parziale,siracusa,,no,"dedotto: i CdP Investimenti non dichiarano la linea; associazione ricavata da nomi e comuni citati, in corso di verifica"
0315,Velocizzazione Siracusa-Ragusa-Gela Velocizzazione Siracusa-Ragusa-Gela PROG PROG,"registro RFI (CdP Servizi, Allegato 3)",C172,Lentini Diramazione - Gela,media,nome-parziale,gela,,no,"dedotto: i CdP Investimenti non dichiarano la linea; associazione ricavata da nomi e comuni citati, in corso di verifica"
0315,Velocizzazione Siracusa-Ragusa-Gela Velocizzazione Siracusa-Ragusa-Gela PROG PROG,"registro RFI (CdP Servizi, Allegato 3)",C210,Canicattì  - Gela,media,nome-parziale,gela,,no,"dedotto: i CdP Investimenti non dichiarano la linea; associazione ricavata da nomi e comuni citati, in corso di verifica"
0325,Linea AV/AC Milano-Verona: tratta Treviglio-Brescia,"registro RFI (CdP Servizi, Allegato 3)",F023,[MILANO] PIOLTELLO L. - BRESCIA  VERONA,alta,nome-parziale,,,no,"dedotto: i CdP Investimenti non dichiarano la linea; associazione ricavata da nomi e comuni citati, in corso di verifica"
0325,Linea AV/AC Milano-Verona: tratta Treviglio-Brescia,"registro RFI (CdP Servizi, Allegato 3)",A009,Milano - Brescia AV/AC,alta,nome,milano|brescia,,no,"dedotto: i CdP Investimenti non dichiarano la linea; associazione ricavata da nomi e comuni citati, in corso di verifica"
0325,Linea AV/AC Milano-Verona: tratta Treviglio-Brescia,"registro RFI (CdP Servizi, Allegato 3)",C051,Bergamo - Treviglio Ovest - Treviglio,media,nome,treviglio|treviglio,,no,"dedotto: i CdP Investimenti non dichiarano la linea; associazione ricavata da nomi e comuni citati, in corso di verifica"
0325,Linea AV/AC Milano-Verona: tratta Treviglio-Brescia,"registro RFI (CdP Servizi, Allegato 3)",C050,Bivio Bergamo - Treviglio Ovest,media,nome-parziale,treviglio,,no,"dedotto: i CdP Investimenti non dichiarano la linea; associazione ricavata da nomi e comuni citati, in corso di verifica"
0325,Linea AV/AC Milano-Verona: tratta Treviglio-Brescia,"registro RFI (CdP Servizi, Allegato 3)",C057,Treviglio - Olmeneta,media,nome-parziale,treviglio,,no,"dedotto: i CdP Investimenti non dichiarano la linea; associazione ricavata da nomi e comuni citati, in corso di verifica"
0325,Linea AV/AC Milano-Verona: tratta Treviglio-Brescia,"registro RFI (CdP Servizi, Allegato 3)",C064,Brescia - S. Zeno Folzano,media,nome-parziale,brescia,,no,"dedotto: i CdP Investimenti non dichiarano la linea; associazione ricavata da nomi e comuni citati, in corso di verifica"
0331,Raddoppio linea Roma-Viterbo: tratta Cesano-Bracciano Raddoppio Cesano-Vigna di Valle PROG ITER Raddoppio Vigna di Valle-Bracciano PROG ITER,"registro RFI (CdP Servizi, Allegato 3)",C129,Viterbo - Cesano,alta,nome,viterbo|cesano,,no,"dedotto: i CdP Investimenti non dichiarano la linea; associazione ricavata da nomi e comuni citati, in corso di verifica"
0331,Raddoppio linea Roma-Viterbo: tratta Cesano-Bracciano Raddoppio Cesano-Vigna di Valle PROG ITER Raddoppio Vigna di Valle-Bracciano PROG ITER,"registro RFI (CdP Servizi, Allegato 3)",C196,Viterbo - Attigliano,media,nome-parziale,viterbo,,no,"dedotto: i CdP Investimenti non dichiarano la linea; associazione ricavata da nomi e comuni citati, in corso di verifica"
0331,Raddoppio linea Roma-Viterbo: tratta Cesano-Bracciano Raddoppio Cesano-Vigna di Valle PROG ITER Raddoppio Vigna di Valle-Bracciano PROG ITER,"registro RFI (CdP Servizi, Allegato 3)",N007,Roma,media,nome-parziale,roma,,no,"dedotto: i CdP Investimenti non dichiarano la linea; associazione ricavata da nomi e comuni citati, in corso di verifica"
0331,Raddoppio linea Roma-Viterbo: tratta Cesano-Bracciano Raddoppio Cesano-Vigna di Valle PROG ITER Raddoppio Vigna di Valle-Bracciano PROG ITER,"registro RFI (CdP Servizi, Allegato 3)",F055,[FIRENZE] FIRENZE ROVEZZANO - SETTE BAGNI [ROMA] (Linea Direttissima),media,nome-parziale,,,no,"dedotto: i CdP Investimenti non dichiarano la linea; associazione ricavata da nomi e comuni citati, in corso di verifica"
0331,Raddoppio linea Roma-Viterbo: tratta Cesano-Bracciano Raddoppio Cesano-Vigna di Valle PROG ITER Raddoppio Vigna di Valle-Bracciano PROG ITER,"registro RFI (CdP Servizi, Allegato 3)",F057,[ROMA] TORRICOLA - FRATTAMAGGIORE [NAPOLI] (via Formia),media,nome-parziale,,,no,"dedotto: i CdP Investimenti non dichiarano la linea; associazione ricavata da nomi e comuni citati, in corso di verifica"
0331,Raddoppio linea Roma-Viterbo: tratta Cesano-Bracciano Raddoppio Cesano-Vigna di Valle PROG ITER Raddoppio Vigna di Valle-Bracciano PROG ITER,"registro RFI (CdP Servizi, Allegato 3)",F061,(comprese linee Rocca d'Evandro - Venafro/Vairano e Santa Maria C.V. - Maddaloni M. S.to e linee Bivio Maddaloni /,media,nome-parziale,,,no,"dedotto: i CdP Investimenti non dichiarano la linea; associazione ricavata da nomi e comuni citati, in corso di verifica"
0332A,Nodo di Bari: Bari Sud Variante Bari C.le-Bari Torre a Mare,"registro RFI (CdP Servizi, Allegato 3)",C150,Bari - Brindisi,media,nome-parziale,bari,,no,"dedotto: i CdP Investimenti non dichiarano la linea; associazione ricavata da nomi e comuni citati, in corso di verifica"
0332A,Nodo di Bari: Bari Sud Variante Bari C.le-Bari Torre a Mare,"registro RFI (CdP Servizi, Allegato 3)",C158,Bari - Gioia Del Colle,media,nome-parziale,bari,,no,"dedotto: i CdP Investimenti non dichiarano la linea; associazione ricavata da nomi e comuni citati, in corso di verifica"
0332A,Nodo di Bari: Bari Sud Variante Bari C.le-Bari Torre a Mare,"registro RFI (CdP Servizi, Allegato 3)",F069,FOGGIA - BARI (compresa Enziteto Catino - Bari S.Spirito),media,nome-parziale,bari,,no,"dedotto: i CdP Investimenti non dichiarano la linea; associazione ricavata da nomi e comuni citati, in corso di verifica"
0332A,Nodo di Bari: Bari Sud Variante Bari C.le-Bari Torre a Mare,"registro RFI (CdP Servizi, Allegato 3)",C177,Caltanissetta Xirbi - Roccapalumba-A.,media,nome-parziale,a,,no,"dedotto: i CdP Investimenti non dichiarano la linea; associazione ricavata da nomi e comuni citati, in corso di verifica"
0332A,Nodo di Bari: Bari Sud Variante Bari C.le-Bari Torre a Mare,"registro RFI (CdP Servizi, Allegato 3)",C180,Roccapalumba-A. - Fiumetorto,media,nome-parziale,a,,no,"dedotto: i CdP Investimenti non dichiarano la linea; associazione ricavata da nomi e comuni citati, in corso di verifica"
0332A,Nodo di Bari: Bari Sud Variante Bari C.le-Bari Torre a Mare,"registro RFI (CdP Servizi, Allegato 3)",C182,Roccapalumba-A. - Aragona Caldare,media,nome-parziale,a,,no,"dedotto: i CdP Investimenti non dichiarano la linea; associazione ricavata da nomi e comuni citati, in corso di verifica"
0332B,Nodo di Bari: Bari Nord Variante tratta Bari S.Spirito - Palese,"registro RFI (CdP Servizi, Allegato 3)",C150,Bari - Brindisi,media,nome-parziale,bari,,no,"dedotto: i CdP Investimenti non dichiarano la linea; associazione ricavata da nomi e comuni citati, in corso di verifica"
0332B,Nodo di Bari: Bari Nord Variante tratta Bari S.Spirito - Palese,"registro RFI (CdP Servizi, Allegato 3)",C158,Bari - Gioia Del Colle,media,nome-parziale,bari,,no,"dedotto: i CdP Investimenti non dichiarano la linea; associazione ricavata da nomi e comuni citati, in corso di verifica"
0332B,Nodo di Bari: Bari Nord Variante tratta Bari S.Spirito - Palese,"registro RFI (CdP Servizi, Allegato 3)",F069,FOGGIA - BARI (compresa Enziteto Catino - Bari S.Spirito),media,nome-parziale,bari,,no,"dedotto: i CdP Investimenti non dichiarano la linea; associazione ricavata da nomi e comuni citati, in corso di verifica"
0332B,Nodo di Bari: Bari Nord Variante tratta Bari S.Spirito - Palese,"registro RFI (CdP Servizi, Allegato 3)",C152,Bari - Bitritto,bassa,nome-parziale,bari,,no,"dedotto: i CdP Investimenti non dichiarano la linea; associazione ricavata da nomi e comuni citati, in corso di verifica"
0333,Interventi linea Chivasso-Aosta,"registro RFI (CdP Servizi, Allegato 3)",C002,Chivasso - Aosta,alta,nome,chivasso|aosta,,no,"dedotto: i CdP Investimenti non dichiarano la linea; associazione ricavata da nomi e comuni citati, in corso di verifica"
0333,Interventi linea Chivasso-Aosta,"registro RFI (CdP Servizi, Allegato 3)",C003,Aosta - Pre' S. Didier,media,nome-parziale,aosta,,no,"dedotto: i CdP Investimenti non dichiarano la linea; associazione ricavata da nomi e comuni citati, in corso di verifica"
0333,Interventi linea Chivasso-Aosta,"registro RFI (CdP Servizi, Allegato 3)",C209,Chivasso - Asti,media,nome-parziale,chivasso,,no,"dedotto: i CdP Investimenti non dichiarano la linea; associazione ricavata da nomi e comuni citati, in corso di verifica"
0333,Interventi linea Chivasso-Aosta,"registro RFI (CdP Servizi, Allegato 3)",F011,[TORINO] SETTIMO T. - RHO [MILANO] (compresa Novara Boschetto),media,nome-parziale,,,no,"dedotto: i CdP Investimenti non dichiarano la linea; associazione ricavata da nomi e comuni citati, in corso di verifica"
0333,Interventi linea Chivasso-Aosta,"registro RFI (CdP Servizi, Allegato 3)",A003,Torino-Milano AV/AC,bassa,nome-parziale,,,no,"dedotto: i CdP Investimenti non dichiarano la linea; associazione ricavata da nomi e comuni citati, in corso di verifica"
0334,"Potenziamento Foligno-Perugia-Terontola 1° stralcio Consolidamento sede tratta Foligno-Assisi, velocizzazione tratta Perugia Ponte San Giovanni - Foligno e nuova fermata Perugia aeroporto","registro RFI (CdP Servizi, Allegato 3)",C127,Terontola - Foligno,alta,nome,terontola|foligno,,si,"dedotto: i CdP Investimenti non dichiarano la linea; associazione ricavata da nomi e comuni citati, in corso di verifica"
0334,"Potenziamento Foligno-Perugia-Terontola 1° stralcio Consolidamento sede tratta Foligno-Assisi, velocizzazione tratta Perugia Ponte San Giovanni - Foligno e nuova fermata Perugia aeroporto","registro RFI (CdP Servizi, Allegato 3)",F065,ANCONA - ORTE (compresa Ancona - Ancona Marittima),media,nome-parziale,,,no,"dedotto: i CdP Investimenti non dichiarano la linea; associazione ricavata da nomi e comuni citati, in corso di verifica"
0335,Quadruplicamento Pavia-Milano Rogoredo Quadruplicamento Rogoredo-Pieve Emanuele Quadruplicamento Pieve Emanuele-Pavia PROG PROG,"registro RFI (CdP Servizi, Allegato 3)",F005,[MILANO] MILANO ROGOREDO - ARQUATA (compresa via Novi L. e via Bressana B. - Arena Po),alta,nome-parziale,milano rogoredo,,no,"dedotto: i CdP Investimenti non dichiarano la linea; associazione ricavata da nomi e comuni citati, in corso di verifica"
0335,Quadruplicamento Pavia-Milano Rogoredo Quadruplicamento Rogoredo-Pieve Emanuele Quadruplicamento Pieve Emanuele-Pavia PROG PROG,"registro RFI (CdP Servizi, Allegato 3)",C021,Mortara - Pavia,media,nome-parziale,pavia,,no,"dedotto: i CdP Investimenti non dichiarano la linea; associazione ricavata da nomi e comuni citati, in corso di verifica"
0335,Quadruplicamento Pavia-Milano Rogoredo Quadruplicamento Rogoredo-Pieve Emanuele Quadruplicamento Pieve Emanuele-Pavia PROG PROG,"registro RFI (CdP Servizi, Allegato 3)",C060,Pavia - Casalpusterlengo,media,nome-parziale,pavia,,no,"dedotto: i CdP Investimenti non dichiarano la linea; associazione ricavata da nomi e comuni citati, in corso di verifica"
0335,Quadruplicamento Pavia-Milano Rogoredo Quadruplicamento Rogoredo-Pieve Emanuele Quadruplicamento Pieve Emanuele-Pavia PROG PROG,"registro RFI (CdP Servizi, Allegato 3)",F041,[MILANO] MILANO ROGOREDO - LAVINO [BOLOGNA],media,nome-parziale,milano rogoredo,,no,"dedotto: i CdP Investimenti non dichiarano la linea; associazione ricavata da nomi e comuni citati, in corso di verifica"
0335,Quadruplicamento Pavia-Milano Rogoredo Quadruplicamento Rogoredo-Pieve Emanuele Quadruplicamento Pieve Emanuele-Pavia PROG PROG,"registro RFI (CdP Servizi, Allegato 3)",N002,Milano,media,nome-parziale,milano,,no,"dedotto: i CdP Investimenti non dichiarano la linea; associazione ricavata da nomi e comuni citati, in corso di verifica"
0335,Quadruplicamento Pavia-Milano Rogoredo Quadruplicamento Rogoredo-Pieve Emanuele Quadruplicamento Pieve Emanuele-Pavia PROG PROG,"registro RFI (CdP Servizi, Allegato 3)",C058,Milano P.Genova - Mortara,media,nome-parziale,,,no,"dedotto: i CdP Investimenti non dichiarano la linea; associazione ricavata da nomi e comuni citati, in corso di verifica"
0336,Raddoppio Palermo-Messina tratta Fiumetorto- Castelbuono Raddoppio Fiumetorto-Ogliastrillo Raddoppio Ogliastrillo-Castelbuono,"registro RFI (CdP Servizi, Allegato 3)",C175,Messina - Fiumetorto,alta,nome,messina|fiumetorto,,no,"dedotto: i CdP Investimenti non dichiarano la linea; associazione ricavata da nomi e comuni citati, in corso di verifica"
0336,Raddoppio Palermo-Messina tratta Fiumetorto- Castelbuono Raddoppio Fiumetorto-Ogliastrillo Raddoppio Ogliastrillo-Castelbuono,"registro RFI (CdP Servizi, Allegato 3)",C176,Fiumetorto - Palermo,alta,nome,fiumetorto|palermo,,no,"dedotto: i CdP Investimenti non dichiarano la linea; associazione ricavata da nomi e comuni citati, in corso di verifica"
0336,Raddoppio Palermo-Messina tratta Fiumetorto- Castelbuono Raddoppio Fiumetorto-Ogliastrillo Raddoppio Ogliastrillo-Castelbuono,"registro RFI (CdP Servizi, Allegato 3)",C169,Messina - Catania,media,nome-parziale,messina,,no,"dedotto: i CdP Investimenti non dichiarano la linea; associazione ricavata da nomi e comuni citati, in corso di verifica"
0336,Raddoppio Palermo-Messina tratta Fiumetorto- Castelbuono Raddoppio Fiumetorto-Ogliastrillo Raddoppio Ogliastrillo-Castelbuono,"registro RFI (CdP Servizi, Allegato 3)",C181,Palermo - Carini,media,nome-parziale,palermo,,no,"dedotto: i CdP Investimenti non dichiarano la linea; associazione ricavata da nomi e comuni citati, in corso di verifica"
0336,Raddoppio Palermo-Messina tratta Fiumetorto- Castelbuono Raddoppio Fiumetorto-Ogliastrillo Raddoppio Ogliastrillo-Castelbuono,"registro RFI (CdP Servizi, Allegato 3)",C184,Palermo Centrale - Palermo Marittima,media,nome-parziale,palermo,,no,"dedotto: i CdP Investimenti non dichiarano la linea; associazione ricavata da nomi e comuni citati, in corso di verifica"
0336,Raddoppio Palermo-Messina tratta Fiumetorto- Castelbuono Raddoppio Fiumetorto-Ogliastrillo Raddoppio Ogliastrillo-Castelbuono,"registro RFI (CdP Servizi, Allegato 3)",C180,Roccapalumba-A. - Fiumetorto,media,nome-parziale,fiumetorto,,no,"dedotto: i CdP Investimenti non dichiarano la linea; associazione ricavata da nomi e comuni citati, in corso di verifica"
0337,Accesso al Brennero lotto 3 - Circonvallazione di,"registro RFI (CdP Servizi, Allegato 3)",F027,BRENNERO - VERONA,media,nome-parziale,brennero,,no,"dedotto: i CdP Investimenti non dichiarano la linea; associazione ricavata da nomi e comuni citati, in corso di verifica"
0337A,Accesso al Brennero lotto 3a - Circonvallazione di Trento Circonvallazione di Trento (lotto 3a) e progettazione preliminare lotti 3a e 3b,"registro RFI (CdP Servizi, Allegato 3)",C232,Trento - Primolano,media,nome-parziale,trento,,no,"dedotto: i CdP Investimenti non dichiarano la linea; associazione ricavata da nomi e comuni citati, in corso di verifica"
0337A,Accesso al Brennero lotto 3a - Circonvallazione di Trento Circonvallazione di Trento (lotto 3a) e progettazione preliminare lotti 3a e 3b,"registro RFI (CdP Servizi, Allegato 3)",F027,BRENNERO - VERONA,media,nome-parziale,brennero,,no,"dedotto: i CdP Investimenti non dichiarano la linea; associazione ricavata da nomi e comuni citati, in corso di verifica"
0337B,Accesso al Brennero lotto 3b - Circonvallazione di Rovereto Circonvallazione di Rovereto,"registro RFI (CdP Servizi, Allegato 3)",F027,BRENNERO - VERONA,media,nome-parziale,brennero,,no,"dedotto: i CdP Investimenti non dichiarano la linea; associazione ricavata da nomi e comuni citati, in corso di verifica"
0339,"Nodo di Livorno: potenziamento dei collegamenti ferroviari tra porto di Livorno, rete ferroviaria e interporto di Guasticce","registro RFI (CdP Servizi, Allegato 3)",F051,PISA  - MACCARESE [ROMA] (compresa Vada - Collesalvetti),media,nome-parziale,,,no,"dedotto: i CdP Investimenti non dichiarano la linea; associazione ricavata da nomi e comuni citati, in corso di verifica"
0359,Raddoppio Campoleone-Aprilia Raddoppio Campoleone-Aprilia,"registro RFI (CdP Servizi, Allegato 3)",C130,Campoleone - Nettuno,media,nome-parziale,campoleone,,no,"dedotto: i CdP Investimenti non dichiarano la linea; associazione ricavata da nomi e comuni citati, in corso di verifica"
0359,Raddoppio Campoleone-Aprilia Raddoppio Campoleone-Aprilia,"registro RFI (CdP Servizi, Allegato 3)",F057,[ROMA] TORRICOLA - FRATTAMAGGIORE [NAPOLI] (via Formia),media,nome-parziale,,,no,"dedotto: i CdP Investimenti non dichiarano la linea; associazione ricavata da nomi e comuni citati, in corso di verifica"
0361,Linea AV/AC Milano - Verona: tratta Brescia - Verona,"registro RFI (CdP Servizi, Allegato 3)",F023,[MILANO] PIOLTELLO L. - BRESCIA  VERONA,alta,nome-parziale,,,no,"dedotto: i CdP Investimenti non dichiarano la linea; associazione ricavata da nomi e comuni citati, in corso di verifica"
0361,Linea AV/AC Milano - Verona: tratta Brescia - Verona,"registro RFI (CdP Servizi, Allegato 3)",A009,Milano - Brescia AV/AC,alta,nome,milano|brescia,,no,"dedotto: i CdP Investimenti non dichiarano la linea; associazione ricavata da nomi e comuni citati, in corso di verifica"
0361,Linea AV/AC Milano - Verona: tratta Brescia - Verona,"registro RFI (CdP Servizi, Allegato 3)",C064,Brescia - S. Zeno Folzano,media,nome-parziale,brescia,,no,"dedotto: i CdP Investimenti non dichiarano la linea; associazione ricavata da nomi e comuni citati, in corso di verifica"
0361,Linea AV/AC Milano - Verona: tratta Brescia - Verona,"registro RFI (CdP Servizi, Allegato 3)",C070,Verona - Mantova,media,nome-parziale,verona,,no,"dedotto: i CdP Investimenti non dichiarano la linea; associazione ricavata da nomi e comuni citati, in corso di verifica"
0361,Linea AV/AC Milano - Verona: tratta Brescia - Verona,"registro RFI (CdP Servizi, Allegato 3)",F025,VERONA  - PADOVA,media,nome-parziale,verona,,no,"dedotto: i CdP Investimenti non dichiarano la linea; associazione ricavata da nomi e comuni citati, in corso di verifica"
0361,Linea AV/AC Milano - Verona: tratta Brescia - Verona,"registro RFI (CdP Servizi, Allegato 3)",F027,BRENNERO - VERONA,media,nome-parziale,verona,,no,"dedotto: i CdP Investimenti non dichiarano la linea; associazione ricavata da nomi e comuni citati, in corso di verifica"
0362A,Linea AV/AC Verona-Padova 1° lotto funzionale: Tratta Verona-bivio Vicenza,"registro RFI (CdP Servizi, Allegato 3)",F025,VERONA  - PADOVA,alta,nome,verona|padova,,no,"dedotto: i CdP Investimenti non dichiarano la linea; associazione ricavata da nomi e comuni citati, in corso di verifica"
0362A,Linea AV/AC Verona-Padova 1° lotto funzionale: Tratta Verona-bivio Vicenza,"registro RFI (CdP Servizi, Allegato 3)",C069,Vicenza - Schio,media,nome-parziale,vicenza,,no,"dedotto: i CdP Investimenti non dichiarano la linea; associazione ricavata da nomi e comuni citati, in corso di verifica"
0362A,Linea AV/AC Verona-Padova 1° lotto funzionale: Tratta Verona-bivio Vicenza,"registro RFI (CdP Servizi, Allegato 3)",C070,Verona - Mantova,media,nome-parziale,verona,,no,"dedotto: i CdP Investimenti non dichiarano la linea; associazione ricavata da nomi e comuni citati, in corso di verifica"
0362A,Linea AV/AC Verona-Padova 1° lotto funzionale: Tratta Verona-bivio Vicenza,"registro RFI (CdP Servizi, Allegato 3)",C082,Vigodarzere - Padova,media,nome-parziale,padova,,no,"dedotto: i CdP Investimenti non dichiarano la linea; associazione ricavata da nomi e comuni citati, in corso di verifica"
0362A,Linea AV/AC Verona-Padova 1° lotto funzionale: Tratta Verona-bivio Vicenza,"registro RFI (CdP Servizi, Allegato 3)",C086,Vicenza - Cittadella,media,nome-parziale,vicenza,,no,"dedotto: i CdP Investimenti non dichiarano la linea; associazione ricavata da nomi e comuni citati, in corso di verifica"
0362A,Linea AV/AC Verona-Padova 1° lotto funzionale: Tratta Verona-bivio Vicenza,"registro RFI (CdP Servizi, Allegato 3)",F027,BRENNERO - VERONA,media,nome-parziale,verona,,no,"dedotto: i CdP Investimenti non dichiarano la linea; associazione ricavata da nomi e comuni citati, in corso di verifica"
0362B,Linea AV/AC Verona-Padova 2° lotto funzionale: Attraversamento di Vicenza,"registro RFI (CdP Servizi, Allegato 3)",F025,VERONA  - PADOVA,alta,nome,verona|padova,,no,"dedotto: i CdP Investimenti non dichiarano la linea; associazione ricavata da nomi e comuni citati, in corso di verifica"
0362B,Linea AV/AC Verona-Padova 2° lotto funzionale: Attraversamento di Vicenza,"registro RFI (CdP Servizi, Allegato 3)",C069,Vicenza - Schio,media,nome-parziale,vicenza,,no,"dedotto: i CdP Investimenti non dichiarano la linea; associazione ricavata da nomi e comuni citati, in corso di verifica"
0362B,Linea AV/AC Verona-Padova 2° lotto funzionale: Attraversamento di Vicenza,"registro RFI (CdP Servizi, Allegato 3)",C070,Verona - Mantova,media,nome-parziale,verona,,no,"dedotto: i CdP Investimenti non dichiarano la linea; associazione ricavata da nomi e comuni citati, in corso di verifica"
0362B,Linea AV/AC Verona-Padova 2° lotto funzionale: Attraversamento di Vicenza,"registro RFI (CdP Servizi, Allegato 3)",C082,Vigodarzere - Padova,media,nome-parziale,padova,,no,"dedotto: i CdP Investimenti non dichiarano la linea; associazione ricavata da nomi e comuni citati, in corso di verifica"
0362B,Linea AV/AC Verona-Padova 2° lotto funzionale: Attraversamento di Vicenza,"registro RFI (CdP Servizi, Allegato 3)",C086,Vicenza - Cittadella,media,nome-parziale,vicenza,,no,"dedotto: i CdP Investimenti non dichiarano la linea; associazione ricavata da nomi e comuni citati, in corso di verifica"
0362B,Linea AV/AC Verona-Padova 2° lotto funzionale: Attraversamento di Vicenza,"registro RFI (CdP Servizi, Allegato 3)",F027,BRENNERO - VERONA,media,nome-parziale,verona,,no,"dedotto: i CdP Investimenti non dichiarano la linea; associazione ricavata da nomi e comuni citati, in corso di verifica"
0365,"Potenziamento Venezia-Trieste Velocizzazione linea storica e varianti Opere civili, soppressione PL e adeguamento a modulo 750m SF° Variante Latisana SF° Variante Ronchi dei Legionari - bivio Aurisina SF°","registro RFI (CdP Servizi, Allegato 3)",F035,[VENEZIA] VENEZIA CARPENEDO - VILLA OPICINA / TRIESTE,alta,nome-parziale,trieste,,no,"dedotto: i CdP Investimenti non dichiarano la linea; associazione ricavata da nomi e comuni citati, in corso di verifica"
0365,"Potenziamento Venezia-Trieste Velocizzazione linea storica e varianti Opere civili, soppressione PL e adeguamento a modulo 750m SF° Variante Latisana SF° Variante Ronchi dei Legionari - bivio Aurisina SF°","registro RFI (CdP Servizi, Allegato 3)",N003,Venezia,media,nome-parziale,venezia,,no,"dedotto: i CdP Investimenti non dichiarano la linea; associazione ricavata da nomi e comuni citati, in corso di verifica"
0365,"Potenziamento Venezia-Trieste Velocizzazione linea storica e varianti Opere civili, soppressione PL e adeguamento a modulo 750m SF° Variante Latisana SF° Variante Ronchi dei Legionari - bivio Aurisina SF°","registro RFI (CdP Servizi, Allegato 3)",F039,UDINE - MONFALCONE via GORIZIA (compresa Gorizia - Nova Gorica),media,nome-parziale,,,no,"dedotto: i CdP Investimenti non dichiarano la linea; associazione ricavata da nomi e comuni citati, in corso di verifica"
0365,"Potenziamento Venezia-Trieste Velocizzazione linea storica e varianti Opere civili, soppressione PL e adeguamento a modulo 750m SF° Variante Latisana SF° Variante Ronchi dei Legionari - bivio Aurisina SF°","registro RFI (CdP Servizi, Allegato 3)",C177,Caltanissetta Xirbi - Roccapalumba-A.,media,nome-parziale,a,,no,"dedotto: i CdP Investimenti non dichiarano la linea; associazione ricavata da nomi e comuni citati, in corso di verifica"
0365,"Potenziamento Venezia-Trieste Velocizzazione linea storica e varianti Opere civili, soppressione PL e adeguamento a modulo 750m SF° Variante Latisana SF° Variante Ronchi dei Legionari - bivio Aurisina SF°","registro RFI (CdP Servizi, Allegato 3)",C180,Roccapalumba-A. - Fiumetorto,media,nome-parziale,a,,no,"dedotto: i CdP Investimenti non dichiarano la linea; associazione ricavata da nomi e comuni citati, in corso di verifica"
0365,"Potenziamento Venezia-Trieste Velocizzazione linea storica e varianti Opere civili, soppressione PL e adeguamento a modulo 750m SF° Variante Latisana SF° Variante Ronchi dei Legionari - bivio Aurisina SF°","registro RFI (CdP Servizi, Allegato 3)",C182,Roccapalumba-A. - Aragona Caldare,media,nome-parziale,a,,no,"dedotto: i CdP Investimenti non dichiarano la linea; associazione ricavata da nomi e comuni citati, in corso di verifica"
0365A,"Potenziamento Venezia-Trieste lotti prioritari Potenziamento tecnologico Venezia-Trieste, rimozione limitazione massa assiale D4 e altri interventi infrastrutturali su linea storica","registro RFI (CdP Servizi, Allegato 3)",F035,[VENEZIA] VENEZIA CARPENEDO - VILLA OPICINA / TRIESTE,alta,nome-parziale,trieste,,no,"dedotto: i CdP Investimenti non dichiarano la linea; associazione ricavata da nomi e comuni citati, in corso di verifica"
0365A,"Potenziamento Venezia-Trieste lotti prioritari Potenziamento tecnologico Venezia-Trieste, rimozione limitazione massa assiale D4 e altri interventi infrastrutturali su linea storica","registro RFI (CdP Servizi, Allegato 3)",N003,Venezia,media,nome-parziale,venezia,,no,"dedotto: i CdP Investimenti non dichiarano la linea; associazione ricavata da nomi e comuni citati, in corso di verifica"
0365A,"Potenziamento Venezia-Trieste lotti prioritari Potenziamento tecnologico Venezia-Trieste, rimozione limitazione massa assiale D4 e altri interventi infrastrutturali su linea storica","registro RFI (CdP Servizi, Allegato 3)",F033AV,PADOVA - VENEZIA AVAC,bassa,nome-parziale,venezia,,no,"dedotto: i CdP Investimenti non dichiarano la linea; associazione ricavata da nomi e comuni citati, in corso di verifica"
0365B,"Potenziamento Venezia-Trieste completamento Varianti Portugruaro, Latisana e Isonzo PROG ITER Variante Ronchi-Aurisina","registro RFI (CdP Servizi, Allegato 3)",F035,[VENEZIA] VENEZIA CARPENEDO - VILLA OPICINA / TRIESTE,alta,nome-parziale,trieste,,no,"dedotto: i CdP Investimenti non dichiarano la linea; associazione ricavata da nomi e comuni citati, in corso di verifica"
0365B,"Potenziamento Venezia-Trieste completamento Varianti Portugruaro, Latisana e Isonzo PROG ITER Variante Ronchi-Aurisina","registro RFI (CdP Servizi, Allegato 3)",N003,Venezia,media,nome-parziale,venezia,,no,"dedotto: i CdP Investimenti non dichiarano la linea; associazione ricavata da nomi e comuni citati, in corso di verifica"
0365B,"Potenziamento Venezia-Trieste completamento Varianti Portugruaro, Latisana e Isonzo PROG ITER Variante Ronchi-Aurisina","registro RFI (CdP Servizi, Allegato 3)",F033AV,PADOVA - VENEZIA AVAC,bassa,nome-parziale,venezia,,no,"dedotto: i CdP Investimenti non dichiarano la linea; associazione ricavata da nomi e comuni citati, in corso di verifica"
0366,Potenziamento linea Ponte S.Pietro-Bergamo- Montello,"registro RFI (CdP Servizi, Allegato 3)",C048,Ponte S.Pietro - Rovato,alta,nome-parziale,ponte s pietro,,no,"dedotto: i CdP Investimenti non dichiarano la linea; associazione ricavata da nomi e comuni citati, in corso di verifica"
0366,Potenziamento linea Ponte S.Pietro-Bergamo- Montello,"registro RFI (CdP Servizi, Allegato 3)",C051,Bergamo - Treviglio Ovest - Treviglio,media,nome-parziale,bergamo,,no,"dedotto: i CdP Investimenti non dichiarano la linea; associazione ricavata da nomi e comuni citati, in corso di verifica"
0366,Potenziamento linea Ponte S.Pietro-Bergamo- Montello,"registro RFI (CdP Servizi, Allegato 3)",C044,Lecco - Ponte S.Pietro,media,nome-parziale,ponte s pietro,,no,"dedotto: i CdP Investimenti non dichiarano la linea; associazione ricavata da nomi e comuni citati, in corso di verifica"
0366,Potenziamento linea Ponte S.Pietro-Bergamo- Montello,"registro RFI (CdP Servizi, Allegato 3)",C047,Seregno - Ponte S.Pietro,media,nome-parziale,ponte s pietro,,no,"dedotto: i CdP Investimenti non dichiarano la linea; associazione ricavata da nomi e comuni citati, in corso di verifica"
0366A,"Potenziamento linea Ponte S.Pietro-Bergamo-Montello Raddoppio Bergamo-Curno, ACC Bergamo, PRG e ACC Ponte S.Pietro Raddoppio Bergamo-Montello ITER PRG Bergamo","registro RFI (CdP Servizi, Allegato 3)",C048,Ponte S.Pietro - Rovato,alta,nome-parziale,ponte s pietro,,no,"dedotto: i CdP Investimenti non dichiarano la linea; associazione ricavata da nomi e comuni citati, in corso di verifica"
0366A,"Potenziamento linea Ponte S.Pietro-Bergamo-Montello Raddoppio Bergamo-Curno, ACC Bergamo, PRG e ACC Ponte S.Pietro Raddoppio Bergamo-Montello ITER PRG Bergamo","registro RFI (CdP Servizi, Allegato 3)",C044,Lecco - Ponte S.Pietro,media,nome-parziale,ponte s pietro,,no,"dedotto: i CdP Investimenti non dichiarano la linea; associazione ricavata da nomi e comuni citati, in corso di verifica"
0366A,"Potenziamento linea Ponte S.Pietro-Bergamo-Montello Raddoppio Bergamo-Curno, ACC Bergamo, PRG e ACC Ponte S.Pietro Raddoppio Bergamo-Montello ITER PRG Bergamo","registro RFI (CdP Servizi, Allegato 3)",C047,Seregno - Ponte S.Pietro,media,nome-parziale,ponte s pietro,,no,"dedotto: i CdP Investimenti non dichiarano la linea; associazione ricavata da nomi e comuni citati, in corso di verifica"
0366A,"Potenziamento linea Ponte S.Pietro-Bergamo-Montello Raddoppio Bergamo-Curno, ACC Bergamo, PRG e ACC Ponte S.Pietro Raddoppio Bergamo-Montello ITER PRG Bergamo","registro RFI (CdP Servizi, Allegato 3)",C051,Bergamo - Treviglio Ovest - Treviglio,media,nome-parziale,bergamo,,no,"dedotto: i CdP Investimenti non dichiarano la linea; associazione ricavata da nomi e comuni citati, in corso di verifica"
0366B,Potenziamento linea Ponte S.Pietro-Bergamo- Montello 2^ fase,"registro RFI (CdP Servizi, Allegato 3)",C048,Ponte S.Pietro - Rovato,alta,nome-parziale,ponte s pietro,,no,"dedotto: i CdP Investimenti non dichiarano la linea; associazione ricavata da nomi e comuni citati, in corso di verifica"
0366B,Potenziamento linea Ponte S.Pietro-Bergamo- Montello 2^ fase,"registro RFI (CdP Servizi, Allegato 3)",C051,Bergamo - Treviglio Ovest - Treviglio,media,nome-parziale,bergamo,,no,"dedotto: i CdP Investimenti non dichiarano la linea; associazione ricavata da nomi e comuni citati, in corso di verifica"
0366B,Potenziamento linea Ponte S.Pietro-Bergamo- Montello 2^ fase,"registro RFI (CdP Servizi, Allegato 3)",C044,Lecco - Ponte S.Pietro,media,nome-parziale,ponte s pietro,,no,"dedotto: i CdP Investimenti non dichiarano la linea; associazione ricavata da nomi e comuni citati, in corso di verifica"
0366B,Potenziamento linea Ponte S.Pietro-Bergamo- Montello 2^ fase,"registro RFI (CdP Servizi, Allegato 3)",C047,Seregno - Ponte S.Pietro,media,nome-parziale,ponte s pietro,,no,"dedotto: i CdP Investimenti non dichiarano la linea; associazione ricavata da nomi e comuni citati, in corso di verifica"
0417,Porto di Taranto - collegamento ferroviario del complesso del porto di Taranto con la rete nazionale Nuova stazione di Cagioni e collegamento con nuova Piastra Logistica,"registro RFI (CdP Servizi, Allegato 3)",C156,Metaponto - Taranto,media,nome-parziale,taranto,,no,"dedotto: i CdP Investimenti non dichiarano la linea; associazione ricavata da nomi e comuni citati, in corso di verifica"
0417,Porto di Taranto - collegamento ferroviario del complesso del porto di Taranto con la rete nazionale Nuova stazione di Cagioni e collegamento con nuova Piastra Logistica,"registro RFI (CdP Servizi, Allegato 3)",C157,Taranto - Brindisi,media,nome-parziale,taranto,,no,"dedotto: i CdP Investimenti non dichiarano la linea; associazione ricavata da nomi e comuni citati, in corso di verifica"
0417,Porto di Taranto - collegamento ferroviario del complesso del porto di Taranto con la rete nazionale Nuova stazione di Cagioni e collegamento con nuova Piastra Logistica,"registro RFI (CdP Servizi, Allegato 3)",C159,Gioia Del Colle - Taranto,media,nome-parziale,taranto,,no,"dedotto: i CdP Investimenti non dichiarano la linea; associazione ricavata da nomi e comuni citati, in corso di verifica"
0810,"Velocizzazione Foligno-Perugia-Terontola PRG Perugia S. Giovanni 1^ fase, Velocizzazione Perugia Pontivegge, nuova fermata Perugia Capitini e miglioramenti infrastrutturali tratte varie","registro RFI (CdP Servizi, Allegato 3)",C127,Terontola - Foligno,alta,nome,terontola|foligno,,si,"dedotto: i CdP Investimenti non dichiarano la linea; associazione ricavata da nomi e comuni citati, in corso di verifica"
0810,"Velocizzazione Foligno-Perugia-Terontola PRG Perugia S. Giovanni 1^ fase, Velocizzazione Perugia Pontivegge, nuova fermata Perugia Capitini e miglioramenti infrastrutturali tratte varie","registro RFI (CdP Servizi, Allegato 3)",F065,ANCONA - ORTE (compresa Ancona - Ancona Marittima),media,nome-parziale,,,no,"dedotto: i CdP Investimenti non dichiarano la linea; associazione ricavata da nomi e comuni citati, in corso di verifica"
1161,Adeguamenti preliminari alla linea storica ed al nodo di Bologna per integrazione funzionale con AV/AC,"registro RFI (CdP Servizi, Allegato 3)",A005,Milano-Bologna AV/AC,media,nome-parziale,bologna,,no,"dedotto: i CdP Investimenti non dichiarano la linea; associazione ricavata da nomi e comuni citati, in corso di verifica"
1161,Adeguamenti preliminari alla linea storica ed al nodo di Bologna per integrazione funzionale con AV/AC,"registro RFI (CdP Servizi, Allegato 3)",A007,Bologna - Firenze AV/AC,media,nome-parziale,bologna,,no,"dedotto: i CdP Investimenti non dichiarano la linea; associazione ricavata da nomi e comuni citati, in corso di verifica"
1161,Adeguamenti preliminari alla linea storica ed al nodo di Bologna per integrazione funzionale con AV/AC,"registro RFI (CdP Servizi, Allegato 3)",N005,Bologna,media,nome-parziale,bologna,,no,"dedotto: i CdP Investimenti non dichiarano la linea; associazione ricavata da nomi e comuni citati, in corso di verifica"
1161,Adeguamenti preliminari alla linea storica ed al nodo di Bologna per integrazione funzionale con AV/AC,"registro RFI (CdP Servizi, Allegato 3)",F043,[BOLOGNA] BOLOGNA S.RUFFILLO - FIRENZE CASTELLO [FIRENZE],media,nome-parziale,,,no,"dedotto: i CdP Investimenti non dichiarano la linea; associazione ricavata da nomi e comuni citati, in corso di verifica"
1310,Potenziamento itinerari merci Tarvisio/Villa Opicina,"registro RFI (CdP Servizi, Allegato 3)",F037,TARVISIO BOSCOVERDE  - MOGLIANO [VENEZIA],media,nome-parziale,,,no,"dedotto: i CdP Investimenti non dichiarano la linea; associazione ricavata da nomi e comuni citati, in corso di verifica"
1310,Potenziamento itinerari merci Tarvisio/Villa Opicina,"registro RFI (CdP Servizi, Allegato 3)",F035,[VENEZIA] VENEZIA CARPENEDO - VILLA OPICINA / TRIESTE,media,nome-parziale,villa opicina,,no,"dedotto: i CdP Investimenti non dichiarano la linea; associazione ricavata da nomi e comuni citati, in corso di verifica"
1346,Potenziamento linea Pistoia-Lucca Raddoppio Pistoia-Montecatini Upgrading Montecatini-Pescia Raddoppio Pescia-Lucca PROG ITER,"registro RFI (CdP Servizi, Allegato 3)",C116,Lucca - Pistoia,alta,nome,lucca|pistoia,,no,"dedotto: i CdP Investimenti non dichiarano la linea; associazione ricavata da nomi e comuni citati, in corso di verifica"
1346,Potenziamento linea Pistoia-Lucca Raddoppio Pistoia-Montecatini Upgrading Montecatini-Pescia Raddoppio Pescia-Lucca PROG ITER,"registro RFI (CdP Servizi, Allegato 3)",C113,Viareggio - Lucca,media,nome-parziale,lucca,,no,"dedotto: i CdP Investimenti non dichiarano la linea; associazione ricavata da nomi e comuni citati, in corso di verifica"
1346,Potenziamento linea Pistoia-Lucca Raddoppio Pistoia-Montecatini Upgrading Montecatini-Pescia Raddoppio Pescia-Lucca PROG ITER,"registro RFI (CdP Servizi, Allegato 3)",C115,Porretta Terme - Pistoia,media,nome-parziale,pistoia,,no,"dedotto: i CdP Investimenti non dichiarano la linea; associazione ricavata da nomi e comuni citati, in corso di verifica"
1346,Potenziamento linea Pistoia-Lucca Raddoppio Pistoia-Montecatini Upgrading Montecatini-Pescia Raddoppio Pescia-Lucca PROG ITER,"registro RFI (CdP Servizi, Allegato 3)",C117,Pisa - Lucca,media,nome-parziale,lucca,,no,"dedotto: i CdP Investimenti non dichiarano la linea; associazione ricavata da nomi e comuni citati, in corso di verifica"
1346,Potenziamento linea Pistoia-Lucca Raddoppio Pistoia-Montecatini Upgrading Montecatini-Pescia Raddoppio Pescia-Lucca PROG ITER,"registro RFI (CdP Servizi, Allegato 3)",C118,Pistoia - Prato,media,nome-parziale,pistoia,,no,"dedotto: i CdP Investimenti non dichiarano la linea; associazione ricavata da nomi e comuni citati, in corso di verifica"
1346,Potenziamento linea Pistoia-Lucca Raddoppio Pistoia-Montecatini Upgrading Montecatini-Pescia Raddoppio Pescia-Lucca PROG ITER,"registro RFI (CdP Servizi, Allegato 3)",C119,Aulla - Lucca,media,nome-parziale,lucca,,no,"dedotto: i CdP Investimenti non dichiarano la linea; associazione ricavata da nomi e comuni citati, in corso di verifica"
1357,Potenziamento Fossano-Cuneo Interventi nella stazione di Centallo e progettazione raddoppio Fossano-Cuneo,"registro RFI (CdP Servizi, Allegato 3)",C009,Fossano - Cuneo,alta,nome,fossano|cuneo,,no,"dedotto: i CdP Investimenti non dichiarano la linea; associazione ricavata da nomi e comuni citati, in corso di verifica"
1357,Potenziamento Fossano-Cuneo Interventi nella stazione di Centallo e progettazione raddoppio Fossano-Cuneo,"registro RFI (CdP Servizi, Allegato 3)",C010,Cuneo - Ventimiglia,media,nome-parziale,cuneo,,no,"dedotto: i CdP Investimenti non dichiarano la linea; associazione ricavata da nomi e comuni citati, in corso di verifica"
1357,Potenziamento Fossano-Cuneo Interventi nella stazione di Centallo e progettazione raddoppio Fossano-Cuneo,"registro RFI (CdP Servizi, Allegato 3)",C011,Trofarello - Fossano,media,nome-parziale,fossano,,no,"dedotto: i CdP Investimenti non dichiarano la linea; associazione ricavata da nomi e comuni citati, in corso di verifica"
1357,Potenziamento Fossano-Cuneo Interventi nella stazione di Centallo e progettazione raddoppio Fossano-Cuneo,"registro RFI (CdP Servizi, Allegato 3)",C012,Fossano - Mondovì,media,nome-parziale,fossano,,no,"dedotto: i CdP Investimenti non dichiarano la linea; associazione ricavata da nomi e comuni citati, in corso di verifica"
1357,Potenziamento Fossano-Cuneo Interventi nella stazione di Centallo e progettazione raddoppio Fossano-Cuneo,"registro RFI (CdP Servizi, Allegato 3)",C217,Mondovì - Cuneo,media,nome-parziale,cuneo,,no,"dedotto: i CdP Investimenti non dichiarano la linea; associazione ricavata da nomi e comuni citati, in corso di verifica"
1357,Potenziamento Fossano-Cuneo Interventi nella stazione di Centallo e progettazione raddoppio Fossano-Cuneo,"registro RFI (CdP Servizi, Allegato 3)",C243,Saluzzo - Cuneo,media,nome-parziale,cuneo,,no,"dedotto: i CdP Investimenti non dichiarano la linea; associazione ricavata da nomi e comuni citati, in corso di verifica"
1417,Potenziamento linee Castelli Romani Potenziamento stazione di Marino e Frascati; potenziamento infrastrutturale e tecnologico della linea Ciampino-Frascati e nuova stazione di Villa Senni,"registro RFI (CdP Servizi, Allegato 3)",C235,Ciampino - Frascati,alta,nome,ciampino|frascati,,no,"dedotto: i CdP Investimenti non dichiarano la linea; associazione ricavata da nomi e comuni citati, in corso di verifica"
1417,Potenziamento linee Castelli Romani Potenziamento stazione di Marino e Frascati; potenziamento infrastrutturale e tecnologico della linea Ciampino-Frascati e nuova stazione di Villa Senni,"registro RFI (CdP Servizi, Allegato 3)",C134,Ciampino - Albano Laziale,alta,nome-parziale,ciampino,,no,"dedotto: i CdP Investimenti non dichiarano la linea; associazione ricavata da nomi e comuni citati, in corso di verifica"
1417,Potenziamento linee Castelli Romani Potenziamento stazione di Marino e Frascati; potenziamento infrastrutturale e tecnologico della linea Ciampino-Frascati e nuova stazione di Villa Senni,"registro RFI (CdP Servizi, Allegato 3)",C135,Ciampino - Velletri,alta,nome-parziale,ciampino,,no,"dedotto: i CdP Investimenti non dichiarano la linea; associazione ricavata da nomi e comuni citati, in corso di verifica"
1417,Potenziamento linee Castelli Romani Potenziamento stazione di Marino e Frascati; potenziamento infrastrutturale e tecnologico della linea Ciampino-Frascati e nuova stazione di Villa Senni,"registro RFI (CdP Servizi, Allegato 3)",F061,(comprese linee Rocca d'Evandro - Venafro/Vairano e Santa Maria C.V. - Maddaloni M. S.to e linee Bivio Maddaloni /,alta,nome-parziale,,,no,"dedotto: i CdP Investimenti non dichiarano la linea; associazione ricavata da nomi e comuni citati, in corso di verifica"
1417,Potenziamento linee Castelli Romani Potenziamento stazione di Marino e Frascati; potenziamento infrastrutturale e tecnologico della linea Ciampino-Frascati e nuova stazione di Villa Senni,"registro RFI (CdP Servizi, Allegato 3)",N007,Roma,media,nome-parziale,,,no,"dedotto: i CdP Investimenti non dichiarano la linea; associazione ricavata da nomi e comuni citati, in corso di verifica"
1427,Efficientamento linea Codogno-Cremona-Mantova e raddoppio tratta Cremona-Cava Tigozzi,"registro RFI (CdP Servizi, Allegato 3)",C061,Codogno - Cremona,alta,nome,codogno|cremona,,no,"dedotto: i CdP Investimenti non dichiarano la linea; associazione ricavata da nomi e comuni citati, in corso di verifica"
1427,Efficientamento linea Codogno-Cremona-Mantova e raddoppio tratta Cremona-Cava Tigozzi,"registro RFI (CdP Servizi, Allegato 3)",C053,Olmeneta - Cremona,media,nome-parziale,cremona,,no,"dedotto: i CdP Investimenti non dichiarano la linea; associazione ricavata da nomi e comuni citati, in corso di verifica"
1427,Efficientamento linea Codogno-Cremona-Mantova e raddoppio tratta Cremona-Cava Tigozzi,"registro RFI (CdP Servizi, Allegato 3)",C054,Cremona - Castelvetro,media,nome-parziale,cremona,,no,"dedotto: i CdP Investimenti non dichiarano la linea; associazione ricavata da nomi e comuni citati, in corso di verifica"
1427,Efficientamento linea Codogno-Cremona-Mantova e raddoppio tratta Cremona-Cava Tigozzi,"registro RFI (CdP Servizi, Allegato 3)",C062,Cremona - Piadena,media,nome-parziale,cremona,,no,"dedotto: i CdP Investimenti non dichiarano la linea; associazione ricavata da nomi e comuni citati, in corso di verifica"
1427,Efficientamento linea Codogno-Cremona-Mantova e raddoppio tratta Cremona-Cava Tigozzi,"registro RFI (CdP Servizi, Allegato 3)",C063,Piadena - Mantova,media,nome-parziale,mantova,,no,"dedotto: i CdP Investimenti non dichiarano la linea; associazione ricavata da nomi e comuni citati, in corso di verifica"
1427,Efficientamento linea Codogno-Cremona-Mantova e raddoppio tratta Cremona-Cava Tigozzi,"registro RFI (CdP Servizi, Allegato 3)",C070,Verona - Mantova,media,nome-parziale,mantova,,no,"dedotto: i CdP Investimenti non dichiarano la linea; associazione ricavata da nomi e comuni citati, in corso di verifica"
1438,Nodo ferrostradale Casalecchio di Reno: interramento linea Porrettana (stralcio ferroviario) Nodo Casalecchio di Reno: interramento linea Porrettana (stralcio PROG PROG ferroviario),"registro RFI (CdP Servizi, Allegato 3)",N005,Bologna,media,nome-parziale,,,no,"dedotto: i CdP Investimenti non dichiarano la linea; associazione ricavata da nomi e comuni citati, in corso di verifica"
1524,"Interventi di ammodernamento e velocizzazione della tratta ferroviaria Oristano-Sassari-Olbia Soppressione passaggi a livello a nord di Oristano, istituzione Rango C linee Cagliari-Sassari/Olbia e rettifiche di tracciato tra Bauladu e Abbasanta","registro RFI (CdP Servizi, Allegato 3)",C187,Ozieri Chilivani - Decimomannu,alta,nome-parziale,,,no,"dedotto: i CdP Investimenti non dichiarano la linea; associazione ricavata da nomi e comuni citati, in corso di verifica"
1524,"Interventi di ammodernamento e velocizzazione della tratta ferroviaria Oristano-Sassari-Olbia Soppressione passaggi a livello a nord di Oristano, istituzione Rango C linee Cagliari-Sassari/Olbia e rettifiche di tracciato tra Bauladu e Abbasanta","registro RFI (CdP Servizi, Allegato 3)",C185,Olbia - Ozieri Chilivani,media,nome-parziale,olbia,,no,"dedotto: i CdP Investimenti non dichiarano la linea; associazione ricavata da nomi e comuni citati, in corso di verifica"
1524,"Interventi di ammodernamento e velocizzazione della tratta ferroviaria Oristano-Sassari-Olbia Soppressione passaggi a livello a nord di Oristano, istituzione Rango C linee Cagliari-Sassari/Olbia e rettifiche di tracciato tra Bauladu e Abbasanta","registro RFI (CdP Servizi, Allegato 3)",C186,Sassari - Ozieri Chilivani,media,nome-parziale,sassari,,no,"dedotto: i CdP Investimenti non dichiarano la linea; associazione ricavata da nomi e comuni citati, in corso di verifica"
1524,"Interventi di ammodernamento e velocizzazione della tratta ferroviaria Oristano-Sassari-Olbia Soppressione passaggi a livello a nord di Oristano, istituzione Rango C linee Cagliari-Sassari/Olbia e rettifiche di tracciato tra Bauladu e Abbasanta","registro RFI (CdP Servizi, Allegato 3)",C188,Decimomannu - Cagliari,media,nome-parziale,cagliari,,no,"dedotto: i CdP Investimenti non dichiarano la linea; associazione ricavata da nomi e comuni citati, in corso di verifica"
1524,"Interventi di ammodernamento e velocizzazione della tratta ferroviaria Oristano-Sassari-Olbia Soppressione passaggi a livello a nord di Oristano, istituzione Rango C linee Cagliari-Sassari/Olbia e rettifiche di tracciato tra Bauladu e Abbasanta","registro RFI (CdP Servizi, Allegato 3)",C237,Golfo Aranci Mar.ma - Olbia,media,nome-parziale,olbia,,no,"dedotto: i CdP Investimenti non dichiarano la linea; associazione ricavata da nomi e comuni citati, in corso di verifica"
1524,"Interventi di ammodernamento e velocizzazione della tratta ferroviaria Oristano-Sassari-Olbia Soppressione passaggi a livello a nord di Oristano, istituzione Rango C linee Cagliari-Sassari/Olbia e rettifiche di tracciato tra Bauladu e Abbasanta","registro RFI (CdP Servizi, Allegato 3)",C241,Porto Torres Pcc - Sassari,media,nome-parziale,sassari,,no,"dedotto: i CdP Investimenti non dichiarano la linea; associazione ricavata da nomi e comuni citati, in corso di verifica"
1604A,Upgrading infrastrutturale e tecnologico linea linea Trieste- Divaca Upgrade linea storica bivio Aurisina-Confine di Stato (fase 0 Nuova linea Trieste-Divaca) - comprende anche progettazione preliminare nuova linea,"registro RFI (CdP Servizi, Allegato 3)",F035,[VENEZIA] VENEZIA CARPENEDO - VILLA OPICINA / TRIESTE,media,nome-parziale,trieste,,no,"dedotto: i CdP Investimenti non dichiarano la linea; associazione ricavata da nomi e comuni citati, in corso di verifica"
1604B,"Nuova linea Trieste-Divaca Nuova linea • NCP 1: ""Intervento sospeso""","registro RFI (CdP Servizi, Allegato 3)",F035,[VENEZIA] VENEZIA CARPENEDO - VILLA OPICINA / TRIESTE,media,nome-parziale,trieste,,no,"dedotto: i CdP Investimenti non dichiarano la linea; associazione ricavata da nomi e comuni citati, in corso di verifica"
1659,Potenziamento collegamento Lamezia Terme - Catanzaro Lido - Dorsale jonica,"registro RFI (CdP Servizi, Allegato 3)",C163,Lamezia Terme - Catanzaro Lido,alta,nome,lamezia terme|catanzaro lido,,no,"dedotto: i CdP Investimenti non dichiarano la linea; associazione ricavata da nomi e comuni citati, in corso di verifica"
1659,Potenziamento collegamento Lamezia Terme - Catanzaro Lido - Dorsale jonica,"registro RFI (CdP Servizi, Allegato 3)",C161,Sibari - Catanzaro Lido,media,nome-parziale,catanzaro lido,,no,"dedotto: i CdP Investimenti non dichiarano la linea; associazione ricavata da nomi e comuni citati, in corso di verifica"
1659,Potenziamento collegamento Lamezia Terme - Catanzaro Lido - Dorsale jonica,"registro RFI (CdP Servizi, Allegato 3)",C162,Catanzaro Lido - REGGIO C CLE,media,nome-parziale,catanzaro lido,,no,"dedotto: i CdP Investimenti non dichiarano la linea; associazione ricavata da nomi e comuni citati, in corso di verifica"
1659,Potenziamento collegamento Lamezia Terme - Catanzaro Lido - Dorsale jonica,"registro RFI (CdP Servizi, Allegato 3)",F077,PAOLA - REGGIO CALABRIA CENTRALE (compresa Eccellente - Rosarno),media,nome-parziale,,,no,"dedotto: i CdP Investimenti non dichiarano la linea; associazione ricavata da nomi e comuni citati, in corso di verifica"
1669,Asse Salerno-Reggio Calabria: stazione di Reggio Calabria - abbassamento piano binari ed intubamento tratto urbano,"registro RFI (CdP Servizi, Allegato 3)",C146,Nocera Inferiore - Salerno (via CAVA T.),media,nome-parziale,salerno,,no,"dedotto: i CdP Investimenti non dichiarano la linea; associazione ricavata da nomi e comuni citati, in corso di verifica"
1669,Asse Salerno-Reggio Calabria: stazione di Reggio Calabria - abbassamento piano binari ed intubamento tratto urbano,"registro RFI (CdP Servizi, Allegato 3)",C147,Salerno - Arechi,media,nome-parziale,salerno,,no,"dedotto: i CdP Investimenti non dichiarano la linea; associazione ricavata da nomi e comuni citati, in corso di verifica"
1669,Asse Salerno-Reggio Calabria: stazione di Reggio Calabria - abbassamento piano binari ed intubamento tratto urbano,"registro RFI (CdP Servizi, Allegato 3)",C148,Mercato S.Severino - Salerno,media,nome-parziale,salerno,,no,"dedotto: i CdP Investimenti non dichiarano la linea; associazione ricavata da nomi e comuni citati, in corso di verifica"
1669,Asse Salerno-Reggio Calabria: stazione di Reggio Calabria - abbassamento piano binari ed intubamento tratto urbano,"registro RFI (CdP Servizi, Allegato 3)",F073,[NAPOLI] PORTICI - SALERNO,media,nome-parziale,salerno,,no,"dedotto: i CdP Investimenti non dichiarano la linea; associazione ricavata da nomi e comuni citati, in corso di verifica"
1669,Asse Salerno-Reggio Calabria: stazione di Reggio Calabria - abbassamento piano binari ed intubamento tratto urbano,"registro RFI (CdP Servizi, Allegato 3)",F075,SALERNO - PAOLA,media,nome-parziale,salerno,,no,"dedotto: i CdP Investimenti non dichiarano la linea; associazione ricavata da nomi e comuni citati, in corso di verifica"
1669,Asse Salerno-Reggio Calabria: stazione di Reggio Calabria - abbassamento piano binari ed intubamento tratto urbano,"registro RFI (CdP Servizi, Allegato 3)",F077,PAOLA - REGGIO CALABRIA CENTRALE (compresa Eccellente - Rosarno),media,nome-parziale,reggio calabria,,no,"dedotto: i CdP Investimenti non dichiarano la linea; associazione ricavata da nomi e comuni citati, in corso di verifica"
1670,Upgrading infrastrutturale e tecnologico rete sarda 1^ fase SCMT e istituzione rango P tratte a nord di Oristano e linee Decimomannu-Iglesias/Villamassargia; Opere connesse all'arretramento della stazione di Olbia,"registro RFI (CdP Servizi, Allegato 3)",C189,Villamassargia  - Decimomannu,alta,nome,villamassargia|decimomannu,,no,"dedotto: i CdP Investimenti non dichiarano la linea; associazione ricavata da nomi e comuni citati, in corso di verifica"
1670,Upgrading infrastrutturale e tecnologico rete sarda 1^ fase SCMT e istituzione rango P tratte a nord di Oristano e linee Decimomannu-Iglesias/Villamassargia; Opere connesse all'arretramento della stazione di Olbia,"registro RFI (CdP Servizi, Allegato 3)",C190,Iglesias - Villamassargia,alta,nome,iglesias|villamassargia,,no,"dedotto: i CdP Investimenti non dichiarano la linea; associazione ricavata da nomi e comuni citati, in corso di verifica"
1670,Upgrading infrastrutturale e tecnologico rete sarda 1^ fase SCMT e istituzione rango P tratte a nord di Oristano e linee Decimomannu-Iglesias/Villamassargia; Opere connesse all'arretramento della stazione di Olbia,"registro RFI (CdP Servizi, Allegato 3)",C187,Ozieri Chilivani - Decimomannu,alta,nome-parziale,decimomannu,,no,"dedotto: i CdP Investimenti non dichiarano la linea; associazione ricavata da nomi e comuni citati, in corso di verifica"
1670,Upgrading infrastrutturale e tecnologico rete sarda 1^ fase SCMT e istituzione rango P tratte a nord di Oristano e linee Decimomannu-Iglesias/Villamassargia; Opere connesse all'arretramento della stazione di Olbia,"registro RFI (CdP Servizi, Allegato 3)",C185,Olbia - Ozieri Chilivani,media,nome-parziale,olbia,,no,"dedotto: i CdP Investimenti non dichiarano la linea; associazione ricavata da nomi e comuni citati, in corso di verifica"
1670,Upgrading infrastrutturale e tecnologico rete sarda 1^ fase SCMT e istituzione rango P tratte a nord di Oristano e linee Decimomannu-Iglesias/Villamassargia; Opere connesse all'arretramento della stazione di Olbia,"registro RFI (CdP Servizi, Allegato 3)",C191,Carbonia  - Villamassargia,media,nome-parziale,villamassargia,,no,"dedotto: i CdP Investimenti non dichiarano la linea; associazione ricavata da nomi e comuni citati, in corso di verifica"
1670,Upgrading infrastrutturale e tecnologico rete sarda 1^ fase SCMT e istituzione rango P tratte a nord di Oristano e linee Decimomannu-Iglesias/Villamassargia; Opere connesse all'arretramento della stazione di Olbia,"registro RFI (CdP Servizi, Allegato 3)",C237,Golfo Aranci Mar.ma - Olbia,media,nome-parziale,olbia,,no,"dedotto: i CdP Investimenti non dichiarano la linea; associazione ricavata da nomi e comuni citati, in corso di verifica"
1674,"Linea ferroviaria Potenza - Foggia - ammodernamento Ammodernamento Potenza-Foggia Fase 1: adeguamento a standard RFI e razionalizzazione impianti Ammodernamento Potenza-Foggia Fase 2B: velocizzazione PROG PROG Variante di Melfi PROG PROG Ammodernamento Potenza-Foggia Fase 2A: elettrificazione, soppressione PL e consolidamento sede","registro RFI (CdP Servizi, Allegato 3)",C154,Rocchetta S.A.L. - Potenza,alta,nome-parziale,potenza,,no,"dedotto: i CdP Investimenti non dichiarano la linea; associazione ricavata da nomi e comuni citati, in corso di verifica"
1674,"Linea ferroviaria Potenza - Foggia - ammodernamento Ammodernamento Potenza-Foggia Fase 1: adeguamento a standard RFI e razionalizzazione impianti Ammodernamento Potenza-Foggia Fase 2B: velocizzazione PROG PROG Variante di Melfi PROG PROG Ammodernamento Potenza-Foggia Fase 2A: elettrificazione, soppressione PL e consolidamento sede","registro RFI (CdP Servizi, Allegato 3)",C155,Potenza  - Metaponto,media,nome-parziale,potenza,,no,"dedotto: i CdP Investimenti non dichiarano la linea; associazione ricavata da nomi e comuni citati, in corso di verifica"
1674,"Linea ferroviaria Potenza - Foggia - ammodernamento Ammodernamento Potenza-Foggia Fase 1: adeguamento a standard RFI e razionalizzazione impianti Ammodernamento Potenza-Foggia Fase 2B: velocizzazione PROG PROG Variante di Melfi PROG PROG Ammodernamento Potenza-Foggia Fase 2A: elettrificazione, soppressione PL e consolidamento sede","registro RFI (CdP Servizi, Allegato 3)",C236,Foggia - Manfredonia,media,nome-parziale,foggia,,no,"dedotto: i CdP Investimenti non dichiarano la linea; associazione ricavata da nomi e comuni citati, in corso di verifica"
1674,"Linea ferroviaria Potenza - Foggia - ammodernamento Ammodernamento Potenza-Foggia Fase 1: adeguamento a standard RFI e razionalizzazione impianti Ammodernamento Potenza-Foggia Fase 2B: velocizzazione PROG PROG Variante di Melfi PROG PROG Ammodernamento Potenza-Foggia Fase 2A: elettrificazione, soppressione PL e consolidamento sede","registro RFI (CdP Servizi, Allegato 3)",F067,ANCONA - FOGGIA,media,nome-parziale,foggia,,no,"dedotto: i CdP Investimenti non dichiarano la linea; associazione ricavata da nomi e comuni citati, in corso di verifica"
1674,"Linea ferroviaria Potenza - Foggia - ammodernamento Ammodernamento Potenza-Foggia Fase 1: adeguamento a standard RFI e razionalizzazione impianti Ammodernamento Potenza-Foggia Fase 2B: velocizzazione PROG PROG Variante di Melfi PROG PROG Ammodernamento Potenza-Foggia Fase 2A: elettrificazione, soppressione PL e consolidamento sede","registro RFI (CdP Servizi, Allegato 3)",F069,FOGGIA - BARI (compresa Enziteto Catino - Bari S.Spirito),media,nome-parziale,foggia,,no,"dedotto: i CdP Investimenti non dichiarano la linea; associazione ricavata da nomi e comuni citati, in corso di verifica"
1674,"Linea ferroviaria Potenza - Foggia - ammodernamento Ammodernamento Potenza-Foggia Fase 1: adeguamento a standard RFI e razionalizzazione impianti Ammodernamento Potenza-Foggia Fase 2B: velocizzazione PROG PROG Variante di Melfi PROG PROG Ammodernamento Potenza-Foggia Fase 2A: elettrificazione, soppressione PL e consolidamento sede","registro RFI (CdP Servizi, Allegato 3)",F071,CASERTA - FOGGIA,media,nome-parziale,foggia,,no,"dedotto: i CdP Investimenti non dichiarano la linea; associazione ricavata da nomi e comuni citati, in corso di verifica"
1888,Metropolitana Leggera Matrice-Bojano Metropolitana Leggera Matrice-Bojano,"registro RFI (CdP Servizi, Allegato 3)",C139,Bosco Redole - Carpinone,media,nome-parziale,,,no,"dedotto: i CdP Investimenti non dichiarano la linea; associazione ricavata da nomi e comuni citati, in corso di verifica"
1888,Metropolitana Leggera Matrice-Bojano Metropolitana Leggera Matrice-Bojano,"registro RFI (CdP Servizi, Allegato 3)",C230,Termoli - Campobasso,media,nome-parziale,,,no,"dedotto: i CdP Investimenti non dichiarano la linea; associazione ricavata da nomi e comuni citati, in corso di verifica"
1940,"Nodo di Udine Revisione fascio Sacca e ACC Udine Centrale su piano ferro attuale Nuovo PM Cargnacco, PRG di Udine Centrale, PRG Udine C.le, ITER PRG/ACC Udine Bivi (ex Udine Parco), raddoppio della linea di cintura tra PM VAT, bretella tra linea Gorizia e linea per Cervignano","registro RFI (CdP Servizi, Allegato 3)",F039,UDINE - MONFALCONE via GORIZIA (compresa Gorizia - Nova Gorica),alta,nome-parziale,udine,,no,"dedotto: i CdP Investimenti non dichiarano la linea; associazione ricavata da nomi e comuni citati, in corso di verifica"
1940,"Nodo di Udine Revisione fascio Sacca e ACC Udine Centrale su piano ferro attuale Nuovo PM Cargnacco, PRG di Udine Centrale, PRG Udine C.le, ITER PRG/ACC Udine Bivi (ex Udine Parco), raddoppio della linea di cintura tra PM VAT, bretella tra linea Gorizia e linea per Cervignano","registro RFI (CdP Servizi, Allegato 3)",C094,Udine - Palmanova,media,nome-parziale,udine,,no,"dedotto: i CdP Investimenti non dichiarano la linea; associazione ricavata da nomi e comuni citati, in corso di verifica"
1940,"Nodo di Udine Revisione fascio Sacca e ACC Udine Centrale su piano ferro attuale Nuovo PM Cargnacco, PRG di Udine Centrale, PRG Udine C.le, ITER PRG/ACC Udine Bivi (ex Udine Parco), raddoppio della linea di cintura tra PM VAT, bretella tra linea Gorizia e linea per Cervignano","registro RFI (CdP Servizi, Allegato 3)",F037,TARVISIO BOSCOVERDE  - MOGLIANO [VENEZIA],media,nome-parziale,,,no,"dedotto: i CdP Investimenti non dichiarano la linea; associazione ricavata da nomi e comuni citati, in corso di verifica"
1940,"Nodo di Udine Revisione fascio Sacca e ACC Udine Centrale su piano ferro attuale Nuovo PM Cargnacco, PRG di Udine Centrale, PRG Udine C.le, ITER PRG/ACC Udine Bivi (ex Udine Parco), raddoppio della linea di cintura tra PM VAT, bretella tra linea Gorizia e linea per Cervignano","registro RFI (CdP Servizi, Allegato 3)",C095,Palmanova - Cervignano,media,nome-parziale,cervignano,,no,"dedotto: i CdP Investimenti non dichiarano la linea; associazione ricavata da nomi e comuni citati, in corso di verifica"
A004,Galleria di base del Brennero - quota Italia,"registro RFI (CdP Servizi, Allegato 3)",F027,BRENNERO - VERONA,media,nome-parziale,brennero,,no,"dedotto: i CdP Investimenti non dichiarano la linea; associazione ricavata da nomi e comuni citati, in corso di verifica"
A1004F,"Rilievi, progettazioni e interventi di adeguamento a STI Opere d'arte","registro RFI (CdP Servizi, Allegato 3)",C177,Caltanissetta Xirbi - Roccapalumba-A.,media,nome-parziale,a,,no,"dedotto: i CdP Investimenti non dichiarano la linea; associazione ricavata da nomi e comuni citati, in corso di verifica"
A1004F,"Rilievi, progettazioni e interventi di adeguamento a STI Opere d'arte","registro RFI (CdP Servizi, Allegato 3)",C180,Roccapalumba-A. - Fiumetorto,media,nome-parziale,a,,no,"dedotto: i CdP Investimenti non dichiarano la linea; associazione ricavata da nomi e comuni citati, in corso di verifica"
A1004F,"Rilievi, progettazioni e interventi di adeguamento a STI Opere d'arte","registro RFI (CdP Servizi, Allegato 3)",C182,Roccapalumba-A. - Aragona Caldare,media,nome-parziale,a,,no,"dedotto: i CdP Investimenti non dichiarano la linea; associazione ricavata da nomi e comuni citati, in corso di verifica"
A1006,Soppressione passaggi a livello,"registro RFI (CdP Servizi, Allegato 3)",C177,Caltanissetta Xirbi - Roccapalumba-A.,media,nome-parziale,a,,no,"dedotto: i CdP Investimenti non dichiarano la linea; associazione ricavata da nomi e comuni citati, in corso di verifica"
A1006,Soppressione passaggi a livello,"registro RFI (CdP Servizi, Allegato 3)",C180,Roccapalumba-A. - Fiumetorto,media,nome-parziale,a,,no,"dedotto: i CdP Investimenti non dichiarano la linea; associazione ricavata da nomi e comuni citati, in corso di verifica"
A1006,Soppressione passaggi a livello,"registro RFI (CdP Servizi, Allegato 3)",C182,Roccapalumba-A. - Aragona Caldare,media,nome-parziale,a,,no,"dedotto: i CdP Investimenti non dichiarano la linea; associazione ricavata da nomi e comuni citati, in corso di verifica"
A1008,Velocizzazione attraversamento dinamico Stretto di Messina,"registro RFI (CdP Servizi, Allegato 3)",C169,Messina - Catania,media,nome-parziale,messina,,no,"dedotto: i CdP Investimenti non dichiarano la linea; associazione ricavata da nomi e comuni citati, in corso di verifica"
A1008,Velocizzazione attraversamento dinamico Stretto di Messina,"registro RFI (CdP Servizi, Allegato 3)",C175,Messina - Fiumetorto,media,nome-parziale,messina,,no,"dedotto: i CdP Investimenti non dichiarano la linea; associazione ricavata da nomi e comuni citati, in corso di verifica"
A2004C,Sistemi per la protezione dei passaggi a livello,"registro RFI (CdP Servizi, Allegato 3)",C177,Caltanissetta Xirbi - Roccapalumba-A.,media,nome-parziale,a,,no,"dedotto: i CdP Investimenti non dichiarano la linea; associazione ricavata da nomi e comuni citati, in corso di verifica"
A2004C,Sistemi per la protezione dei passaggi a livello,"registro RFI (CdP Servizi, Allegato 3)",C180,Roccapalumba-A. - Fiumetorto,media,nome-parziale,a,,no,"dedotto: i CdP Investimenti non dichiarano la linea; associazione ricavata da nomi e comuni citati, in corso di verifica"
A2004C,Sistemi per la protezione dei passaggi a livello,"registro RFI (CdP Servizi, Allegato 3)",C182,Roccapalumba-A. - Aragona Caldare,media,nome-parziale,a,,no,"dedotto: i CdP Investimenti non dichiarano la linea; associazione ricavata da nomi e comuni citati, in corso di verifica"
A5000,Rete AV/AC Torino-Milano-Napoli: interventi in ultimazione,"registro RFI (CdP Servizi, Allegato 3)",A003,Torino-Milano AV/AC,alta,nome,torino|milano,,si,"dedotto: i CdP Investimenti non dichiarano la linea; associazione ricavata da nomi e comuni citati, in corso di verifica"
A5000,Rete AV/AC Torino-Milano-Napoli: interventi in ultimazione,"registro RFI (CdP Servizi, Allegato 3)",N001,Torino,media,nome-parziale,torino,,no,"dedotto: i CdP Investimenti non dichiarano la linea; associazione ricavata da nomi e comuni citati, in corso di verifica"
A5000,Rete AV/AC Torino-Milano-Napoli: interventi in ultimazione,"registro RFI (CdP Servizi, Allegato 3)",N002,Milano,media,nome-parziale,milano,,no,"dedotto: i CdP Investimenti non dichiarano la linea; associazione ricavata da nomi e comuni citati, in corso di verifica"
A5000,Rete AV/AC Torino-Milano-Napoli: interventi in ultimazione,"registro RFI (CdP Servizi, Allegato 3)",N008,Napoli,media,nome-parziale,napoli,,no,"dedotto: i CdP Investimenti non dichiarano la linea; associazione ricavata da nomi e comuni citati, in corso di verifica"
A5000,Rete AV/AC Torino-Milano-Napoli: interventi in ultimazione,"registro RFI (CdP Servizi, Allegato 3)",C058,Milano P.Genova - Mortara,media,nome-parziale,,,no,"dedotto: i CdP Investimenti non dichiarano la linea; associazione ricavata da nomi e comuni citati, in corso di verifica"
A5000,Rete AV/AC Torino-Milano-Napoli: interventi in ultimazione,"registro RFI (CdP Servizi, Allegato 3)",F005,[MILANO] MILANO ROGOREDO - ARQUATA (compresa via Novi L. e via Bressana B. - Arena Po),media,nome-parziale,,,no,"dedotto: i CdP Investimenti non dichiarano la linea; associazione ricavata da nomi e comuni citati, in corso di verifica"
A5000_1,Nodo AV di Firenze Nodo AV di Firenze,"registro RFI (CdP Servizi, Allegato 3)",A007,Bologna - Firenze AV/AC,media,nome-parziale,firenze,,no,"dedotto: i CdP Investimenti non dichiarano la linea; associazione ricavata da nomi e comuni citati, in corso di verifica"
A5000_1,Nodo AV di Firenze Nodo AV di Firenze,"registro RFI (CdP Servizi, Allegato 3)",N006,Firenze,media,nome-parziale,firenze,,no,"dedotto: i CdP Investimenti non dichiarano la linea; associazione ricavata da nomi e comuni citati, in corso di verifica"
A5000_1,Nodo AV di Firenze Nodo AV di Firenze,"registro RFI (CdP Servizi, Allegato 3)",C112,Firenze S. Marco V. - Borgo S.Lorenzo,media,nome-parziale,,,no,"dedotto: i CdP Investimenti non dichiarano la linea; associazione ricavata da nomi e comuni citati, in corso di verifica"
A5000_1,Nodo AV di Firenze Nodo AV di Firenze,"registro RFI (CdP Servizi, Allegato 3)",F043,[BOLOGNA] BOLOGNA S.RUFFILLO - FIRENZE CASTELLO [FIRENZE],media,nome-parziale,,,no,"dedotto: i CdP Investimenti non dichiarano la linea; associazione ricavata da nomi e comuni citati, in corso di verifica"
A5000_1,Nodo AV di Firenze Nodo AV di Firenze,"registro RFI (CdP Servizi, Allegato 3)",F049,[FIRENZE] FIRENZE CASCINE - PISA,media,nome-parziale,,,no,"dedotto: i CdP Investimenti non dichiarano la linea; associazione ricavata da nomi e comuni citati, in corso di verifica"
A5000_1,Nodo AV di Firenze Nodo AV di Firenze,"registro RFI (CdP Servizi, Allegato 3)",F053,[FIRENZE]  FIRENZE ROVEZZANO - FARA SABINA [ROMA] (Linea Lenta),media,nome-parziale,,,no,"dedotto: i CdP Investimenti non dichiarano la linea; associazione ricavata da nomi e comuni citati, in corso di verifica"
A5000_2,Upgrade tecnologico linea DD Firenze-Roma 1^ fase,"registro RFI (CdP Servizi, Allegato 3)",F055,[FIRENZE] FIRENZE ROVEZZANO - SETTE BAGNI [ROMA] (Linea Direttissima),alta,nome-parziale,,,no,"dedotto: i CdP Investimenti non dichiarano la linea; associazione ricavata da nomi e comuni citati, in corso di verifica"
A5000_2,Upgrade tecnologico linea DD Firenze-Roma 1^ fase,"registro RFI (CdP Servizi, Allegato 3)",N006,Firenze,media,nome-parziale,firenze,,no,"dedotto: i CdP Investimenti non dichiarano la linea; associazione ricavata da nomi e comuni citati, in corso di verifica"
A5000_2,Upgrade tecnologico linea DD Firenze-Roma 1^ fase,"registro RFI (CdP Servizi, Allegato 3)",N007,Roma,media,nome-parziale,roma,,no,"dedotto: i CdP Investimenti non dichiarano la linea; associazione ricavata da nomi e comuni citati, in corso di verifica"
A5000_2,Upgrade tecnologico linea DD Firenze-Roma 1^ fase,"registro RFI (CdP Servizi, Allegato 3)",C112,Firenze S. Marco V. - Borgo S.Lorenzo,media,nome-parziale,,,no,"dedotto: i CdP Investimenti non dichiarano la linea; associazione ricavata da nomi e comuni citati, in corso di verifica"
A5000_2,Upgrade tecnologico linea DD Firenze-Roma 1^ fase,"registro RFI (CdP Servizi, Allegato 3)",C129,Viterbo - Cesano,media,nome-parziale,,,no,"dedotto: i CdP Investimenti non dichiarano la linea; associazione ricavata da nomi e comuni citati, in corso di verifica"
A5000_2,Upgrade tecnologico linea DD Firenze-Roma 1^ fase,"registro RFI (CdP Servizi, Allegato 3)",F043,[BOLOGNA] BOLOGNA S.RUFFILLO - FIRENZE CASTELLO [FIRENZE],media,nome-parziale,,,no,"dedotto: i CdP Investimenti non dichiarano la linea; associazione ricavata da nomi e comuni citati, in corso di verifica"
A5000_3,Nodo AV di Napoli,"registro RFI (CdP Servizi, Allegato 3)",N008,Napoli,media,nome-parziale,napoli,,no,"dedotto: i CdP Investimenti non dichiarano la linea; associazione ricavata da nomi e comuni citati, in corso di verifica"
A5000_3,Nodo AV di Napoli,"registro RFI (CdP Servizi, Allegato 3)",F073,[NAPOLI] PORTICI - SALERNO,media,nome-parziale,,,no,"dedotto: i CdP Investimenti non dichiarano la linea; associazione ricavata da nomi e comuni citati, in corso di verifica"
A5000_3,Nodo AV di Napoli,"registro RFI (CdP Servizi, Allegato 3)",A001,Roma-Napoli AV/AC,media,nome-parziale,napoli,,no,"dedotto: i CdP Investimenti non dichiarano la linea; associazione ricavata da nomi e comuni citati, in corso di verifica"
A5000_3,Nodo AV di Napoli,"registro RFI (CdP Servizi, Allegato 3)",F073AV,NAPOLI - SALERNO LMV,media,nome-parziale,napoli,,no,"dedotto: i CdP Investimenti non dichiarano la linea; associazione ricavata da nomi e comuni citati, in corso di verifica"
A5000_4,"Adeguamenti tecnologici, opere di completamento e contingencies rete AV Torino-Milano-Napoli","registro RFI (CdP Servizi, Allegato 3)",A003,Torino-Milano AV/AC,alta,nome,torino|milano,,si,"dedotto: i CdP Investimenti non dichiarano la linea; associazione ricavata da nomi e comuni citati, in corso di verifica"
A5000_4,"Adeguamenti tecnologici, opere di completamento e contingencies rete AV Torino-Milano-Napoli","registro RFI (CdP Servizi, Allegato 3)",N001,Torino,media,nome-parziale,torino,,no,"dedotto: i CdP Investimenti non dichiarano la linea; associazione ricavata da nomi e comuni citati, in corso di verifica"
A5000_4,"Adeguamenti tecnologici, opere di completamento e contingencies rete AV Torino-Milano-Napoli","registro RFI (CdP Servizi, Allegato 3)",N002,Milano,media,nome-parziale,milano,,no,"dedotto: i CdP Investimenti non dichiarano la linea; associazione ricavata da nomi e comuni citati, in corso di verifica"
A5000_4,"Adeguamenti tecnologici, opere di completamento e contingencies rete AV Torino-Milano-Napoli","registro RFI (CdP Servizi, Allegato 3)",N008,Napoli,media,nome-parziale,napoli,,no,"dedotto: i CdP Investimenti non dichiarano la linea; associazione ricavata da nomi e comuni citati, in corso di verifica"
A5000_4,"Adeguamenti tecnologici, opere di completamento e contingencies rete AV Torino-Milano-Napoli","registro RFI (CdP Servizi, Allegato 3)",C058,Milano P.Genova - Mortara,media,nome-parziale,,,no,"dedotto: i CdP Investimenti non dichiarano la linea; associazione ricavata da nomi e comuni citati, in corso di verifica"
A5000_4,"Adeguamenti tecnologici, opere di completamento e contingencies rete AV Torino-Milano-Napoli","registro RFI (CdP Servizi, Allegato 3)",F005,[MILANO] MILANO ROGOREDO - ARQUATA (compresa via Novi L. e via Bressana B. - Arena Po),media,nome-parziale,,,no,"dedotto: i CdP Investimenti non dichiarano la linea; associazione ricavata da nomi e comuni citati, in corso di verifica"
A5000_5,Nodo AV di Bologna,"registro RFI (CdP Servizi, Allegato 3)",A005,Milano-Bologna AV/AC,media,nome-parziale,bologna,,no,"dedotto: i CdP Investimenti non dichiarano la linea; associazione ricavata da nomi e comuni citati, in corso di verifica"
A5000_5,Nodo AV di Bologna,"registro RFI (CdP Servizi, Allegato 3)",A007,Bologna - Firenze AV/AC,media,nome-parziale,bologna,,no,"dedotto: i CdP Investimenti non dichiarano la linea; associazione ricavata da nomi e comuni citati, in corso di verifica"
A5000_5,Nodo AV di Bologna,"registro RFI (CdP Servizi, Allegato 3)",N005,Bologna,media,nome-parziale,bologna,,no,"dedotto: i CdP Investimenti non dichiarano la linea; associazione ricavata da nomi e comuni citati, in corso di verifica"
A5000_5,Nodo AV di Bologna,"registro RFI (CdP Servizi, Allegato 3)",F043,[BOLOGNA] BOLOGNA S.RUFFILLO - FIRENZE CASTELLO [FIRENZE],media,nome-parziale,,,no,"dedotto: i CdP Investimenti non dichiarano la linea; associazione ricavata da nomi e comuni citati, in corso di verifica"
I003,x Penetrazione urbana nella città di Manfredonia,"registro RFI (CdP Servizi, Allegato 3)",C236,Foggia - Manfredonia,media,nome-parziale,manfredonia,,no,"dedotto: i CdP Investimenti non dichiarano la linea; associazione ricavata da nomi e comuni citati, in corso di verifica"
I008,Porto di Trieste Potenziamento stazione Trieste Campo Marzio Potenziamento impianti a servizio del porto di Trieste,"registro RFI (CdP Servizi, Allegato 3)",F035,[VENEZIA] VENEZIA CARPENEDO - VILLA OPICINA / TRIESTE,media,nome-parziale,trieste,,no,"dedotto: i CdP Investimenti non dichiarano la linea; associazione ricavata da nomi e comuni citati, in corso di verifica"
I008,Porto di Trieste Potenziamento stazione Trieste Campo Marzio Potenziamento impianti a servizio del porto di Trieste,"registro RFI (CdP Servizi, Allegato 3)",C177,Caltanissetta Xirbi - Roccapalumba-A.,media,nome-parziale,a,,no,"dedotto: i CdP Investimenti non dichiarano la linea; associazione ricavata da nomi e comuni citati, in corso di verifica"
I008,Porto di Trieste Potenziamento stazione Trieste Campo Marzio Potenziamento impianti a servizio del porto di Trieste,"registro RFI (CdP Servizi, Allegato 3)",C180,Roccapalumba-A. - Fiumetorto,media,nome-parziale,a,,no,"dedotto: i CdP Investimenti non dichiarano la linea; associazione ricavata da nomi e comuni citati, in corso di verifica"
I008,Porto di Trieste Potenziamento stazione Trieste Campo Marzio Potenziamento impianti a servizio del porto di Trieste,"registro RFI (CdP Servizi, Allegato 3)",C182,Roccapalumba-A. - Aragona Caldare,media,nome-parziale,a,,no,"dedotto: i CdP Investimenti non dichiarano la linea; associazione ricavata da nomi e comuni citati, in corso di verifica"
I024,Raddoppio Fossano-Cuneo Raddoppio tratta Fossano - Madonna dell'Olmo PD° PD°,"registro RFI (CdP Servizi, Allegato 3)",C009,Fossano - Cuneo,alta,nome,fossano|cuneo,,no,"dedotto: i CdP Investimenti non dichiarano la linea; associazione ricavata da nomi e comuni citati, in corso di verifica"
I024,Raddoppio Fossano-Cuneo Raddoppio tratta Fossano - Madonna dell'Olmo PD° PD°,"registro RFI (CdP Servizi, Allegato 3)",C010,Cuneo - Ventimiglia,media,nome-parziale,cuneo,,no,"dedotto: i CdP Investimenti non dichiarano la linea; associazione ricavata da nomi e comuni citati, in corso di verifica"
I024,Raddoppio Fossano-Cuneo Raddoppio tratta Fossano - Madonna dell'Olmo PD° PD°,"registro RFI (CdP Servizi, Allegato 3)",C011,Trofarello - Fossano,media,nome-parziale,fossano,,no,"dedotto: i CdP Investimenti non dichiarano la linea; associazione ricavata da nomi e comuni citati, in corso di verifica"
I024,Raddoppio Fossano-Cuneo Raddoppio tratta Fossano - Madonna dell'Olmo PD° PD°,"registro RFI (CdP Servizi, Allegato 3)",C012,Fossano - Mondovì,media,nome-parziale,fossano,,no,"dedotto: i CdP Investimenti non dichiarano la linea; associazione ricavata da nomi e comuni citati, in corso di verifica"
I024,Raddoppio Fossano-Cuneo Raddoppio tratta Fossano - Madonna dell'Olmo PD° PD°,"registro RFI (CdP Servizi, Allegato 3)",C217,Mondovì - Cuneo,media,nome-parziale,cuneo,,no,"dedotto: i CdP Investimenti non dichiarano la linea; associazione ricavata da nomi e comuni citati, in corso di verifica"
I024,Raddoppio Fossano-Cuneo Raddoppio tratta Fossano - Madonna dell'Olmo PD° PD°,"registro RFI (CdP Servizi, Allegato 3)",C243,Saluzzo - Cuneo,media,nome-parziale,cuneo,,no,"dedotto: i CdP Investimenti non dichiarano la linea; associazione ricavata da nomi e comuni citati, in corso di verifica"
I034,Gronda merci sud di Milano,"registro RFI (CdP Servizi, Allegato 3)",N002,Milano,media,nome-parziale,milano,,no,"dedotto: i CdP Investimenti non dichiarano la linea; associazione ricavata da nomi e comuni citati, in corso di verifica"
I034,Gronda merci sud di Milano,"registro RFI (CdP Servizi, Allegato 3)",C058,Milano P.Genova - Mortara,media,nome-parziale,,,no,"dedotto: i CdP Investimenti non dichiarano la linea; associazione ricavata da nomi e comuni citati, in corso di verifica"
I034,Gronda merci sud di Milano,"registro RFI (CdP Servizi, Allegato 3)",F005,[MILANO] MILANO ROGOREDO - ARQUATA (compresa via Novi L. e via Bressana B. - Arena Po),media,nome-parziale,,,no,"dedotto: i CdP Investimenti non dichiarano la linea; associazione ricavata da nomi e comuni citati, in corso di verifica"
I034,Gronda merci sud di Milano,"registro RFI (CdP Servizi, Allegato 3)",F041,[MILANO] MILANO ROGOREDO - LAVINO [BOLOGNA],media,nome-parziale,,,no,"dedotto: i CdP Investimenti non dichiarano la linea; associazione ricavata da nomi e comuni citati, in corso di verifica"
I034,Gronda merci sud di Milano,"registro RFI (CdP Servizi, Allegato 3)",A003,Torino-Milano AV/AC,bassa,nome-parziale,milano,,no,"dedotto: i CdP Investimenti non dichiarano la linea; associazione ricavata da nomi e comuni citati, in corso di verifica"
I034,Gronda merci sud di Milano,"registro RFI (CdP Servizi, Allegato 3)",A005,Milano-Bologna AV/AC,bassa,nome-parziale,milano,,no,"dedotto: i CdP Investimenti non dichiarano la linea; associazione ricavata da nomi e comuni citati, in corso di verifica"
I045,Quadruplicamento Genova Brignole - Pieve Ligure,"registro RFI (CdP Servizi, Allegato 3)",N004,Genova,media,nome-parziale,genova,,no,"dedotto: i CdP Investimenti non dichiarano la linea; associazione ricavata da nomi e comuni citati, in corso di verifica"
I045,Quadruplicamento Genova Brignole - Pieve Ligure,"registro RFI (CdP Servizi, Allegato 3)",C098,Ovada - Genova Borzoli,media,nome-parziale,,,no,"dedotto: i CdP Investimenti non dichiarano la linea; associazione ricavata da nomi e comuni citati, in corso di verifica"
I045,Quadruplicamento Genova Brignole - Pieve Ligure,"registro RFI (CdP Servizi, Allegato 3)",F007,SAVONA -  GENOVA VOLTRI [GENOVA],media,nome-parziale,,,no,"dedotto: i CdP Investimenti non dichiarano la linea; associazione ricavata da nomi e comuni citati, in corso di verifica"
I045,Quadruplicamento Genova Brignole - Pieve Ligure,"registro RFI (CdP Servizi, Allegato 3)",F019,ARQUATA - MIGNANEGO / GENOVA RIVAROLO / GENOVA CAMPASSO [GENOVA] (compresa via Isola del Cantone),media,nome-parziale,,,no,"dedotto: i CdP Investimenti non dichiarano la linea; associazione ricavata da nomi e comuni citati, in corso di verifica"
I045,Quadruplicamento Genova Brignole - Pieve Ligure,"registro RFI (CdP Servizi, Allegato 3)",F045,[GENOVA] GENOVA NERVI - PISA,media,nome-parziale,,,no,"dedotto: i CdP Investimenti non dichiarano la linea; associazione ricavata da nomi e comuni citati, in corso di verifica"
I048,Porto di Genova Potenziamento scalo Campasso,"registro RFI (CdP Servizi, Allegato 3)",N004,Genova,media,nome-parziale,genova,,no,"dedotto: i CdP Investimenti non dichiarano la linea; associazione ricavata da nomi e comuni citati, in corso di verifica"
I048,Porto di Genova Potenziamento scalo Campasso,"registro RFI (CdP Servizi, Allegato 3)",C098,Ovada - Genova Borzoli,media,nome-parziale,,,no,"dedotto: i CdP Investimenti non dichiarano la linea; associazione ricavata da nomi e comuni citati, in corso di verifica"
I048,Porto di Genova Potenziamento scalo Campasso,"registro RFI (CdP Servizi, Allegato 3)",F007,SAVONA -  GENOVA VOLTRI [GENOVA],media,nome-parziale,,,no,"dedotto: i CdP Investimenti non dichiarano la linea; associazione ricavata da nomi e comuni citati, in corso di verifica"
I048,Porto di Genova Potenziamento scalo Campasso,"registro RFI (CdP Servizi, Allegato 3)",F019,ARQUATA - MIGNANEGO / GENOVA RIVAROLO / GENOVA CAMPASSO [GENOVA] (compresa via Isola del Cantone),media,nome-parziale,,,no,"dedotto: i CdP Investimenti non dichiarano la linea; associazione ricavata da nomi e comuni citati, in corso di verifica"
I049,Raddoppio Palermo-Messina: tratta Castelbuono- Patti,"registro RFI (CdP Servizi, Allegato 3)",C175,Messina - Fiumetorto,alta,nome-parziale,messina,,no,"dedotto: i CdP Investimenti non dichiarano la linea; associazione ricavata da nomi e comuni citati, in corso di verifica"
I049,Raddoppio Palermo-Messina: tratta Castelbuono- Patti,"registro RFI (CdP Servizi, Allegato 3)",C169,Messina - Catania,media,nome-parziale,messina,,no,"dedotto: i CdP Investimenti non dichiarano la linea; associazione ricavata da nomi e comuni citati, in corso di verifica"
I049,Raddoppio Palermo-Messina: tratta Castelbuono- Patti,"registro RFI (CdP Servizi, Allegato 3)",C176,Fiumetorto - Palermo,media,nome-parziale,palermo,,no,"dedotto: i CdP Investimenti non dichiarano la linea; associazione ricavata da nomi e comuni citati, in corso di verifica"
I049,Raddoppio Palermo-Messina: tratta Castelbuono- Patti,"registro RFI (CdP Servizi, Allegato 3)",C181,Palermo - Carini,media,nome-parziale,palermo,,no,"dedotto: i CdP Investimenti non dichiarano la linea; associazione ricavata da nomi e comuni citati, in corso di verifica"
I049,Raddoppio Palermo-Messina: tratta Castelbuono- Patti,"registro RFI (CdP Servizi, Allegato 3)",C184,Palermo Centrale - Palermo Marittima,media,nome-parziale,palermo,,no,"dedotto: i CdP Investimenti non dichiarano la linea; associazione ricavata da nomi e comuni citati, in corso di verifica"
I071,Adeguamento del tracciato e velocizzazione dell'asse ferroviario Bologna-Lecce Upgrading infrastrutturale e tecnologico Bologna-Lecce - fasi Potenziamento tecnologico tratte Bologna-Rimini-Ancona - fasi,"registro RFI (CdP Servizi, Allegato 3)",F063,[BOLOGNA] MIRANDOLA O. - ANCONA (compresa Ancona - Ancona Marittima),alta,nome-parziale,ancona,,no,"dedotto: i CdP Investimenti non dichiarano la linea; associazione ricavata da nomi e comuni citati, in corso di verifica"
I071,Adeguamento del tracciato e velocizzazione dell'asse ferroviario Bologna-Lecce Upgrading infrastrutturale e tecnologico Bologna-Lecce - fasi Potenziamento tecnologico tratte Bologna-Rimini-Ancona - fasi,"registro RFI (CdP Servizi, Allegato 3)",C102,Ravenna - Rimini,media,nome-parziale,rimini,,no,"dedotto: i CdP Investimenti non dichiarano la linea; associazione ricavata da nomi e comuni citati, in corso di verifica"
I071,Adeguamento del tracciato e velocizzazione dell'asse ferroviario Bologna-Lecce Upgrading infrastrutturale e tecnologico Bologna-Lecce - fasi Potenziamento tecnologico tratte Bologna-Rimini-Ancona - fasi,"registro RFI (CdP Servizi, Allegato 3)",C151,Brindisi - Lecce,media,nome-parziale,lecce,,no,"dedotto: i CdP Investimenti non dichiarano la linea; associazione ricavata da nomi e comuni citati, in corso di verifica"
I071,Adeguamento del tracciato e velocizzazione dell'asse ferroviario Bologna-Lecce Upgrading infrastrutturale e tecnologico Bologna-Lecce - fasi Potenziamento tecnologico tratte Bologna-Rimini-Ancona - fasi,"registro RFI (CdP Servizi, Allegato 3)",F065,ANCONA - ORTE (compresa Ancona - Ancona Marittima),media,nome-parziale,ancona,,no,"dedotto: i CdP Investimenti non dichiarano la linea; associazione ricavata da nomi e comuni citati, in corso di verifica"
I071,Adeguamento del tracciato e velocizzazione dell'asse ferroviario Bologna-Lecce Upgrading infrastrutturale e tecnologico Bologna-Lecce - fasi Potenziamento tecnologico tratte Bologna-Rimini-Ancona - fasi,"registro RFI (CdP Servizi, Allegato 3)",F067,ANCONA - FOGGIA,media,nome-parziale,ancona,,no,"dedotto: i CdP Investimenti non dichiarano la linea; associazione ricavata da nomi e comuni citati, in corso di verifica"
I071,Adeguamento del tracciato e velocizzazione dell'asse ferroviario Bologna-Lecce Upgrading infrastrutturale e tecnologico Bologna-Lecce - fasi Potenziamento tecnologico tratte Bologna-Rimini-Ancona - fasi,"registro RFI (CdP Servizi, Allegato 3)",N005,Bologna,media,nome-parziale,bologna,,no,"dedotto: i CdP Investimenti non dichiarano la linea; associazione ricavata da nomi e comuni citati, in corso di verifica"
I085,Accesso al Brennero lotti di completamento (fasi) Accesso al Brennero: lotti di completamento (fasi),"registro RFI (CdP Servizi, Allegato 3)",F027,BRENNERO - VERONA,media,nome-parziale,brennero,,no,"dedotto: i CdP Investimenti non dichiarano la linea; associazione ricavata da nomi e comuni citati, in corso di verifica"
I086,Raddoppio Aprilia-Nettuno,"registro RFI (CdP Servizi, Allegato 3)",C130,Campoleone - Nettuno,alta,nome-parziale,nettuno,,no,"dedotto: i CdP Investimenti non dichiarano la linea; associazione ricavata da nomi e comuni citati, in corso di verifica"
I086,Raddoppio Aprilia-Nettuno,"registro RFI (CdP Servizi, Allegato 3)",F057,[ROMA] TORRICOLA - FRATTAMAGGIORE [NAPOLI] (via Formia),media,nome-parziale,,,no,"dedotto: i CdP Investimenti non dichiarano la linea; associazione ricavata da nomi e comuni citati, in corso di verifica"
I095,Raddoppio Cremona-Olmeneta Raddoppio Cremona-Olmeneta,"registro RFI (CdP Servizi, Allegato 3)",C053,Olmeneta - Cremona,alta,nome,olmeneta|cremona,,no,"dedotto: i CdP Investimenti non dichiarano la linea; associazione ricavata da nomi e comuni citati, in corso di verifica"
I095,Raddoppio Cremona-Olmeneta Raddoppio Cremona-Olmeneta,"registro RFI (CdP Servizi, Allegato 3)",C052,S. Zeno Folzano - Olmeneta,media,nome-parziale,olmeneta,,no,"dedotto: i CdP Investimenti non dichiarano la linea; associazione ricavata da nomi e comuni citati, in corso di verifica"
I095,Raddoppio Cremona-Olmeneta Raddoppio Cremona-Olmeneta,"registro RFI (CdP Servizi, Allegato 3)",C054,Cremona - Castelvetro,media,nome-parziale,cremona,,no,"dedotto: i CdP Investimenti non dichiarano la linea; associazione ricavata da nomi e comuni citati, in corso di verifica"
I095,Raddoppio Cremona-Olmeneta Raddoppio Cremona-Olmeneta,"registro RFI (CdP Servizi, Allegato 3)",C057,Treviglio - Olmeneta,media,nome-parziale,olmeneta,,no,"dedotto: i CdP Investimenti non dichiarano la linea; associazione ricavata da nomi e comuni citati, in corso di verifica"
I095,Raddoppio Cremona-Olmeneta Raddoppio Cremona-Olmeneta,"registro RFI (CdP Servizi, Allegato 3)",C061,Codogno - Cremona,media,nome-parziale,cremona,,no,"dedotto: i CdP Investimenti non dichiarano la linea; associazione ricavata da nomi e comuni citati, in corso di verifica"
I095,Raddoppio Cremona-Olmeneta Raddoppio Cremona-Olmeneta,"registro RFI (CdP Servizi, Allegato 3)",C062,Cremona - Piadena,media,nome-parziale,cremona,,no,"dedotto: i CdP Investimenti non dichiarano la linea; associazione ricavata da nomi e comuni citati, in corso di verifica"
I106,Raddoppio Paola - Cosenza tratta bivio S.Antonello - bivio S.Lucido (nuova galleria Santomarco),"registro RFI (CdP Servizi, Allegato 3)",C164,Paola - Castiglione C.,media,nome-parziale,paola,,no,"dedotto: i CdP Investimenti non dichiarano la linea; associazione ricavata da nomi e comuni citati, in corso di verifica"
I106,Raddoppio Paola - Cosenza tratta bivio S.Antonello - bivio S.Lucido (nuova galleria Santomarco),"registro RFI (CdP Servizi, Allegato 3)",F075,SALERNO - PAOLA,media,nome-parziale,paola,,no,"dedotto: i CdP Investimenti non dichiarano la linea; associazione ricavata da nomi e comuni citati, in corso di verifica"
I106,Raddoppio Paola - Cosenza tratta bivio S.Antonello - bivio S.Lucido (nuova galleria Santomarco),"registro RFI (CdP Servizi, Allegato 3)",F077,PAOLA - REGGIO CALABRIA CENTRALE (compresa Eccellente - Rosarno),media,nome-parziale,paola,,no,"dedotto: i CdP Investimenti non dichiarano la linea; associazione ricavata da nomi e comuni citati, in corso di verifica"
I106,Raddoppio Paola - Cosenza tratta bivio S.Antonello - bivio S.Lucido (nuova galleria Santomarco),"registro RFI (CdP Servizi, Allegato 3)",C165,S.Lucido Marina - Bivio Pantani,media,nome-parziale,,,no,"dedotto: i CdP Investimenti non dichiarano la linea; associazione ricavata da nomi e comuni citati, in corso di verifica"
I106,Raddoppio Paola - Cosenza tratta bivio S.Antonello - bivio S.Lucido (nuova galleria Santomarco),"registro RFI (CdP Servizi, Allegato 3)",C167,Castiglione C. - Cosenza,media,nome-parziale,cosenza,,no,"dedotto: i CdP Investimenti non dichiarano la linea; associazione ricavata da nomi e comuni citati, in corso di verifica"
I107A,AV-AC Salerno - Reggio Calabria AV Salerno-Reggio Calabria: Lotto 1a Battipaglia - Romagnano e progettazione di fattibilità tecnico-economica intero itinerario AV Salerno-Reggio Calabria: Lotti 1b+1c Romagnano - Praia ITER AV Salerno-Reggio Calabria: Raddoppio Galleria Santomarco AV Salerno-Reggio Calabria: Lotto 2 Praia-Paola,"registro RFI (CdP Servizi, Allegato 3)",F075,SALERNO - PAOLA,alta,nome,salerno|paola,,no,"dedotto: i CdP Investimenti non dichiarano la linea; associazione ricavata da nomi e comuni citati, in corso di verifica"
I107A,AV-AC Salerno - Reggio Calabria AV Salerno-Reggio Calabria: Lotto 1a Battipaglia - Romagnano e progettazione di fattibilità tecnico-economica intero itinerario AV Salerno-Reggio Calabria: Lotti 1b+1c Romagnano - Praia ITER AV Salerno-Reggio Calabria: Raddoppio Galleria Santomarco AV Salerno-Reggio Calabria: Lotto 2 Praia-Paola,"registro RFI (CdP Servizi, Allegato 3)",C136,Battipaglia - Potenza Inf.Re,alta,nome-parziale,battipaglia,,no,"dedotto: i CdP Investimenti non dichiarano la linea; associazione ricavata da nomi e comuni citati, in corso di verifica"
I107A,AV-AC Salerno - Reggio Calabria AV Salerno-Reggio Calabria: Lotto 1a Battipaglia - Romagnano e progettazione di fattibilità tecnico-economica intero itinerario AV Salerno-Reggio Calabria: Lotti 1b+1c Romagnano - Praia ITER AV Salerno-Reggio Calabria: Raddoppio Galleria Santomarco AV Salerno-Reggio Calabria: Lotto 2 Praia-Paola,"registro RFI (CdP Servizi, Allegato 3)",F077,PAOLA - REGGIO CALABRIA CENTRALE (compresa Eccellente - Rosarno),alta,nome,paola|reggio calabria,,no,"dedotto: i CdP Investimenti non dichiarano la linea; associazione ricavata da nomi e comuni citati, in corso di verifica"
I107A,AV-AC Salerno - Reggio Calabria AV Salerno-Reggio Calabria: Lotto 1a Battipaglia - Romagnano e progettazione di fattibilità tecnico-economica intero itinerario AV Salerno-Reggio Calabria: Lotti 1b+1c Romagnano - Praia ITER AV Salerno-Reggio Calabria: Raddoppio Galleria Santomarco AV Salerno-Reggio Calabria: Lotto 2 Praia-Paola,"registro RFI (CdP Servizi, Allegato 3)",C146,Nocera Inferiore - Salerno (via CAVA T.),media,nome-parziale,salerno,,no,"dedotto: i CdP Investimenti non dichiarano la linea; associazione ricavata da nomi e comuni citati, in corso di verifica"
I107A,AV-AC Salerno - Reggio Calabria AV Salerno-Reggio Calabria: Lotto 1a Battipaglia - Romagnano e progettazione di fattibilità tecnico-economica intero itinerario AV Salerno-Reggio Calabria: Lotti 1b+1c Romagnano - Praia ITER AV Salerno-Reggio Calabria: Raddoppio Galleria Santomarco AV Salerno-Reggio Calabria: Lotto 2 Praia-Paola,"registro RFI (CdP Servizi, Allegato 3)",C147,Salerno - Arechi,media,nome-parziale,salerno,,no,"dedotto: i CdP Investimenti non dichiarano la linea; associazione ricavata da nomi e comuni citati, in corso di verifica"
I107A,AV-AC Salerno - Reggio Calabria AV Salerno-Reggio Calabria: Lotto 1a Battipaglia - Romagnano e progettazione di fattibilità tecnico-economica intero itinerario AV Salerno-Reggio Calabria: Lotti 1b+1c Romagnano - Praia ITER AV Salerno-Reggio Calabria: Raddoppio Galleria Santomarco AV Salerno-Reggio Calabria: Lotto 2 Praia-Paola,"registro RFI (CdP Servizi, Allegato 3)",C148,Mercato S.Severino - Salerno,media,nome-parziale,salerno,,no,"dedotto: i CdP Investimenti non dichiarano la linea; associazione ricavata da nomi e comuni citati, in corso di verifica"
I107B,"AV-AC Salerno - Reggio Calabria completamento AV Salerno-Reggio Calabria: Lotti di completamento (Collegamento linea a monte del Vesuvio - Battipaglia e tratte Paola - Lamezia, Lamezia - Gioia Tauro, Gioia Tauro - Villa S.Giovanni / Reggio Calabria) e progettazioni pregresse","registro RFI (CdP Servizi, Allegato 3)",F075,SALERNO - PAOLA,alta,nome,salerno|paola,,no,"dedotto: i CdP Investimenti non dichiarano la linea; associazione ricavata da nomi e comuni citati, in corso di verifica"
I107B,"AV-AC Salerno - Reggio Calabria completamento AV Salerno-Reggio Calabria: Lotti di completamento (Collegamento linea a monte del Vesuvio - Battipaglia e tratte Paola - Lamezia, Lamezia - Gioia Tauro, Gioia Tauro - Villa S.Giovanni / Reggio Calabria) e progettazioni pregresse","registro RFI (CdP Servizi, Allegato 3)",F077,PAOLA - REGGIO CALABRIA CENTRALE (compresa Eccellente - Rosarno),alta,nome,paola|reggio calabria,,no,"dedotto: i CdP Investimenti non dichiarano la linea; associazione ricavata da nomi e comuni citati, in corso di verifica"
I107B,"AV-AC Salerno - Reggio Calabria completamento AV Salerno-Reggio Calabria: Lotti di completamento (Collegamento linea a monte del Vesuvio - Battipaglia e tratte Paola - Lamezia, Lamezia - Gioia Tauro, Gioia Tauro - Villa S.Giovanni / Reggio Calabria) e progettazioni pregresse","registro RFI (CdP Servizi, Allegato 3)",C136,Battipaglia - Potenza Inf.Re,media,nome-parziale,battipaglia,,no,"dedotto: i CdP Investimenti non dichiarano la linea; associazione ricavata da nomi e comuni citati, in corso di verifica"
I107B,"AV-AC Salerno - Reggio Calabria completamento AV Salerno-Reggio Calabria: Lotti di completamento (Collegamento linea a monte del Vesuvio - Battipaglia e tratte Paola - Lamezia, Lamezia - Gioia Tauro, Gioia Tauro - Villa S.Giovanni / Reggio Calabria) e progettazioni pregresse","registro RFI (CdP Servizi, Allegato 3)",C146,Nocera Inferiore - Salerno (via CAVA T.),media,nome-parziale,salerno,,no,"dedotto: i CdP Investimenti non dichiarano la linea; associazione ricavata da nomi e comuni citati, in corso di verifica"
I107B,"AV-AC Salerno - Reggio Calabria completamento AV Salerno-Reggio Calabria: Lotti di completamento (Collegamento linea a monte del Vesuvio - Battipaglia e tratte Paola - Lamezia, Lamezia - Gioia Tauro, Gioia Tauro - Villa S.Giovanni / Reggio Calabria) e progettazioni pregresse","registro RFI (CdP Servizi, Allegato 3)",C147,Salerno - Arechi,media,nome-parziale,salerno,,no,"dedotto: i CdP Investimenti non dichiarano la linea; associazione ricavata da nomi e comuni citati, in corso di verifica"
I107B,"AV-AC Salerno - Reggio Calabria completamento AV Salerno-Reggio Calabria: Lotti di completamento (Collegamento linea a monte del Vesuvio - Battipaglia e tratte Paola - Lamezia, Lamezia - Gioia Tauro, Gioia Tauro - Villa S.Giovanni / Reggio Calabria) e progettazioni pregresse","registro RFI (CdP Servizi, Allegato 3)",C148,Mercato S.Severino - Salerno,media,nome-parziale,salerno,,no,"dedotto: i CdP Investimenti non dichiarano la linea; associazione ricavata da nomi e comuni citati, in corso di verifica"
I131,Ripristino linea dei bivi di Venezia Mestre Ripristino linea dei bivi di Venezia Mestre PROG PROG,"registro RFI (CdP Servizi, Allegato 3)",N003,Venezia,media,nome-parziale,venezia,,no,"dedotto: i CdP Investimenti non dichiarano la linea; associazione ricavata da nomi e comuni citati, in corso di verifica"
I131,Ripristino linea dei bivi di Venezia Mestre Ripristino linea dei bivi di Venezia Mestre PROG PROG,"registro RFI (CdP Servizi, Allegato 3)",F035,[VENEZIA] VENEZIA CARPENEDO - VILLA OPICINA / TRIESTE,media,nome-parziale,,,no,"dedotto: i CdP Investimenti non dichiarano la linea; associazione ricavata da nomi e comuni citati, in corso di verifica"
I131,Ripristino linea dei bivi di Venezia Mestre Ripristino linea dei bivi di Venezia Mestre PROG PROG,"registro RFI (CdP Servizi, Allegato 3)",F033AV,PADOVA - VENEZIA AVAC,bassa,nome-parziale,venezia,,no,"dedotto: i CdP Investimenti non dichiarano la linea; associazione ricavata da nomi e comuni citati, in corso di verifica"
I133,Raddoppio Udine-Palmanova-Cervignano (Strassoldo),"registro RFI (CdP Servizi, Allegato 3)",C094,Udine - Palmanova,alta,nome,udine|palmanova,,no,"dedotto: i CdP Investimenti non dichiarano la linea; associazione ricavata da nomi e comuni citati, in corso di verifica"
I133,Raddoppio Udine-Palmanova-Cervignano (Strassoldo),"registro RFI (CdP Servizi, Allegato 3)",C095,Palmanova - Cervignano,alta,nome,palmanova|cervignano,,si,"dedotto: i CdP Investimenti non dichiarano la linea; associazione ricavata da nomi e comuni citati, in corso di verifica"
I133,Raddoppio Udine-Palmanova-Cervignano (Strassoldo),"registro RFI (CdP Servizi, Allegato 3)",F039,UDINE - MONFALCONE via GORIZIA (compresa Gorizia - Nova Gorica),media,nome-parziale,udine,,no,"dedotto: i CdP Investimenti non dichiarano la linea; associazione ricavata da nomi e comuni citati, in corso di verifica"
I133,Raddoppio Udine-Palmanova-Cervignano (Strassoldo),"registro RFI (CdP Servizi, Allegato 3)",F037,TARVISIO BOSCOVERDE  - MOGLIANO [VENEZIA],media,nome-parziale,,,no,"dedotto: i CdP Investimenti non dichiarano la linea; associazione ricavata da nomi e comuni citati, in corso di verifica"
I135,Linea AV/AC Verona-Padova 3° lotto funzionale: Tratta Vicenza-Padova,"registro RFI (CdP Servizi, Allegato 3)",F025,VERONA  - PADOVA,alta,nome,verona|padova,,no,"dedotto: i CdP Investimenti non dichiarano la linea; associazione ricavata da nomi e comuni citati, in corso di verifica"
I135,Linea AV/AC Verona-Padova 3° lotto funzionale: Tratta Vicenza-Padova,"registro RFI (CdP Servizi, Allegato 3)",C069,Vicenza - Schio,media,nome-parziale,vicenza,,no,"dedotto: i CdP Investimenti non dichiarano la linea; associazione ricavata da nomi e comuni citati, in corso di verifica"
I135,Linea AV/AC Verona-Padova 3° lotto funzionale: Tratta Vicenza-Padova,"registro RFI (CdP Servizi, Allegato 3)",C070,Verona - Mantova,media,nome-parziale,verona,,no,"dedotto: i CdP Investimenti non dichiarano la linea; associazione ricavata da nomi e comuni citati, in corso di verifica"
I135,Linea AV/AC Verona-Padova 3° lotto funzionale: Tratta Vicenza-Padova,"registro RFI (CdP Servizi, Allegato 3)",C082,Vigodarzere - Padova,media,nome-parziale,padova,,no,"dedotto: i CdP Investimenti non dichiarano la linea; associazione ricavata da nomi e comuni citati, in corso di verifica"
I135,Linea AV/AC Verona-Padova 3° lotto funzionale: Tratta Vicenza-Padova,"registro RFI (CdP Servizi, Allegato 3)",C086,Vicenza - Cittadella,media,nome-parziale,vicenza,,no,"dedotto: i CdP Investimenti non dichiarano la linea; associazione ricavata da nomi e comuni citati, in corso di verifica"
I135,Linea AV/AC Verona-Padova 3° lotto funzionale: Tratta Vicenza-Padova,"registro RFI (CdP Servizi, Allegato 3)",F027,BRENNERO - VERONA,media,nome-parziale,verona,,no,"dedotto: i CdP Investimenti non dichiarano la linea; associazione ricavata da nomi e comuni citati, in corso di verifica"
I137,Collegamento ferroviario aeroporto di Bergamo Collegamento ferroviario aeroporto di Bergamo,"registro RFI (CdP Servizi, Allegato 3)",C051,Bergamo - Treviglio Ovest - Treviglio,media,nome-parziale,bergamo,,no,"dedotto: i CdP Investimenti non dichiarano la linea; associazione ricavata da nomi e comuni citati, in corso di verifica"
I137,Collegamento ferroviario aeroporto di Bergamo Collegamento ferroviario aeroporto di Bergamo,"registro RFI (CdP Servizi, Allegato 3)",C048,Ponte S.Pietro - Rovato,media,nome-parziale,,,no,"dedotto: i CdP Investimenti non dichiarano la linea; associazione ricavata da nomi e comuni citati, in corso di verifica"
I138A,"Potenziamento collegamenti ferroviari con aeroporto di Fiumicino - opere prioritarie Ampliamento impianto Fiumicino Aeroporto, potenziamento PROG PROG tratta Fiumicino-Ponte Galeria e bretelle di collegamento con la linea Pisa-Roma","registro RFI (CdP Servizi, Allegato 3)",F051,PISA  - MACCARESE [ROMA] (compresa Vada - Collesalvetti),alta,nome-parziale,pisa,,no,"dedotto: i CdP Investimenti non dichiarano la linea; associazione ricavata da nomi e comuni citati, in corso di verifica"
I138A,"Potenziamento collegamenti ferroviari con aeroporto di Fiumicino - opere prioritarie Ampliamento impianto Fiumicino Aeroporto, potenziamento PROG PROG tratta Fiumicino-Ponte Galeria e bretelle di collegamento con la linea Pisa-Roma","registro RFI (CdP Servizi, Allegato 3)",N007,Roma,alta,nome-parziale,roma,,si,"dedotto: i CdP Investimenti non dichiarano la linea; associazione ricavata da nomi e comuni citati, in corso di verifica"
I138A,"Potenziamento collegamenti ferroviari con aeroporto di Fiumicino - opere prioritarie Ampliamento impianto Fiumicino Aeroporto, potenziamento PROG PROG tratta Fiumicino-Ponte Galeria e bretelle di collegamento con la linea Pisa-Roma","registro RFI (CdP Servizi, Allegato 3)",C117,Pisa - Lucca,media,nome-parziale,pisa,,no,"dedotto: i CdP Investimenti non dichiarano la linea; associazione ricavata da nomi e comuni citati, in corso di verifica"
I138A,"Potenziamento collegamenti ferroviari con aeroporto di Fiumicino - opere prioritarie Ampliamento impianto Fiumicino Aeroporto, potenziamento PROG PROG tratta Fiumicino-Ponte Galeria e bretelle di collegamento con la linea Pisa-Roma","registro RFI (CdP Servizi, Allegato 3)",F045,[GENOVA] GENOVA NERVI - PISA,media,nome-parziale,pisa,,no,"dedotto: i CdP Investimenti non dichiarano la linea; associazione ricavata da nomi e comuni citati, in corso di verifica"
I138A,"Potenziamento collegamenti ferroviari con aeroporto di Fiumicino - opere prioritarie Ampliamento impianto Fiumicino Aeroporto, potenziamento PROG PROG tratta Fiumicino-Ponte Galeria e bretelle di collegamento con la linea Pisa-Roma","registro RFI (CdP Servizi, Allegato 3)",F049,[FIRENZE] FIRENZE CASCINE - PISA,media,nome-parziale,pisa,,no,"dedotto: i CdP Investimenti non dichiarano la linea; associazione ricavata da nomi e comuni citati, in corso di verifica"
I138A,"Potenziamento collegamenti ferroviari con aeroporto di Fiumicino - opere prioritarie Ampliamento impianto Fiumicino Aeroporto, potenziamento PROG PROG tratta Fiumicino-Ponte Galeria e bretelle di collegamento con la linea Pisa-Roma","registro RFI (CdP Servizi, Allegato 3)",C129,Viterbo - Cesano,media,nome-parziale,,,no,"dedotto: i CdP Investimenti non dichiarano la linea; associazione ricavata da nomi e comuni citati, in corso di verifica"
I138B,Potenziamento collegamenti ferroviari con aeroporto di Fiumicino Collegamento con futuro terminal nord e passante terminal nord - terminal sud,"registro RFI (CdP Servizi, Allegato 3)",F051,PISA  - MACCARESE [ROMA] (compresa Vada - Collesalvetti),media,nome-parziale,,,no,"dedotto: i CdP Investimenti non dichiarano la linea; associazione ricavata da nomi e comuni citati, in corso di verifica"
I138B,Potenziamento collegamenti ferroviari con aeroporto di Fiumicino Collegamento con futuro terminal nord e passante terminal nord - terminal sud,"registro RFI (CdP Servizi, Allegato 3)",N007,Roma,media,nome-parziale,,,no,"dedotto: i CdP Investimenti non dichiarano la linea; associazione ricavata da nomi e comuni citati, in corso di verifica"
I139,Collegamento ferroviario aeroporto di Catania Fontanarossa,"registro RFI (CdP Servizi, Allegato 3)",C169,Messina - Catania,media,nome-parziale,catania,,no,"dedotto: i CdP Investimenti non dichiarano la linea; associazione ricavata da nomi e comuni citati, in corso di verifica"
I139,Collegamento ferroviario aeroporto di Catania Fontanarossa,"registro RFI (CdP Servizi, Allegato 3)",C170,Catania  - Lentini Diramazione,media,nome-parziale,catania,,no,"dedotto: i CdP Investimenti non dichiarano la linea; associazione ricavata da nomi e comuni citati, in corso di verifica"
I139,Collegamento ferroviario aeroporto di Catania Fontanarossa,"registro RFI (CdP Servizi, Allegato 3)",C178,Bicocca - Caltanissetta Xirbi,media,nome-parziale,,,no,"dedotto: i CdP Investimenti non dichiarano la linea; associazione ricavata da nomi e comuni citati, in corso di verifica"
I153,Adeguamento e velocizzazione linea ferroviaria jonica - tratta Sibari-Melito Porto Salvo,"registro RFI (CdP Servizi, Allegato 3)",C160,Metaponto - Sibari,media,nome-parziale,sibari,,no,"dedotto: i CdP Investimenti non dichiarano la linea; associazione ricavata da nomi e comuni citati, in corso di verifica"
I153,Adeguamento e velocizzazione linea ferroviaria jonica - tratta Sibari-Melito Porto Salvo,"registro RFI (CdP Servizi, Allegato 3)",C161,Sibari - Catanzaro Lido,media,nome-parziale,sibari,,no,"dedotto: i CdP Investimenti non dichiarano la linea; associazione ricavata da nomi e comuni citati, in corso di verifica"
I153,Adeguamento e velocizzazione linea ferroviaria jonica - tratta Sibari-Melito Porto Salvo,"registro RFI (CdP Servizi, Allegato 3)",C168,Sibari - Castiglione C.,media,nome-parziale,sibari,,no,"dedotto: i CdP Investimenti non dichiarano la linea; associazione ricavata da nomi e comuni citati, in corso di verifica"
I162,Ripristino linea Palermo-Trapani via Milo Ripristino linea Palermo-Trapani via Milo,"registro RFI (CdP Servizi, Allegato 3)",C176,Fiumetorto - Palermo,media,nome-parziale,palermo,,no,"dedotto: i CdP Investimenti non dichiarano la linea; associazione ricavata da nomi e comuni citati, in corso di verifica"
I162,Ripristino linea Palermo-Trapani via Milo Ripristino linea Palermo-Trapani via Milo,"registro RFI (CdP Servizi, Allegato 3)",C181,Palermo - Carini,media,nome-parziale,palermo,,no,"dedotto: i CdP Investimenti non dichiarano la linea; associazione ricavata da nomi e comuni citati, in corso di verifica"
I162,Ripristino linea Palermo-Trapani via Milo Ripristino linea Palermo-Trapani via Milo,"registro RFI (CdP Servizi, Allegato 3)",C184,Palermo Centrale - Palermo Marittima,media,nome-parziale,palermo,,no,"dedotto: i CdP Investimenti non dichiarano la linea; associazione ricavata da nomi e comuni citati, in corso di verifica"
I162,Ripristino linea Palermo-Trapani via Milo Ripristino linea Palermo-Trapani via Milo,"registro RFI (CdP Servizi, Allegato 3)",C192,Alcamo - Castelvetrano - Trapani,media,nome-parziale,trapani,,no,"dedotto: i CdP Investimenti non dichiarano la linea; associazione ricavata da nomi e comuni citati, in corso di verifica"
I162,Ripristino linea Palermo-Trapani via Milo Ripristino linea Palermo-Trapani via Milo,"registro RFI (CdP Servizi, Allegato 3)",C204,Carini - Alcamo Diramazione - Trapani,media,nome-parziale,trapani,,no,"dedotto: i CdP Investimenti non dichiarano la linea; associazione ricavata da nomi e comuni citati, in corso di verifica"
I170,Elettrificazione e ammodernamento linea Barletta-Canosa Elettrificazione e ammodernamento linea Barletta-Canosa,"registro RFI (CdP Servizi, Allegato 3)",C198,Spinazzola - Barletta,media,nome-parziale,barletta,,no,"dedotto: i CdP Investimenti non dichiarano la linea; associazione ricavata da nomi e comuni citati, in corso di verifica"
I170,Elettrificazione e ammodernamento linea Barletta-Canosa Elettrificazione e ammodernamento linea Barletta-Canosa,"registro RFI (CdP Servizi, Allegato 3)",F069,FOGGIA - BARI (compresa Enziteto Catino - Bari S.Spirito),media,nome-parziale,,,no,"dedotto: i CdP Investimenti non dichiarano la linea; associazione ricavata da nomi e comuni citati, in corso di verifica"
I173,"Elettrificazione, velocizzazione e ammodernamento linee Salerno - Mercato S.S. - Avellino - Benevento e tratta","registro RFI (CdP Servizi, Allegato 3)",C197,Avellino - Benevento,alta,nome,avellino|benevento,,no,"dedotto: i CdP Investimenti non dichiarano la linea; associazione ricavata da nomi e comuni citati, in corso di verifica"
I173,"Elettrificazione, velocizzazione e ammodernamento linee Salerno - Mercato S.S. - Avellino - Benevento e tratta","registro RFI (CdP Servizi, Allegato 3)",C146,Nocera Inferiore - Salerno (via CAVA T.),media,nome-parziale,salerno,,no,"dedotto: i CdP Investimenti non dichiarano la linea; associazione ricavata da nomi e comuni citati, in corso di verifica"
I173,"Elettrificazione, velocizzazione e ammodernamento linee Salerno - Mercato S.S. - Avellino - Benevento e tratta","registro RFI (CdP Servizi, Allegato 3)",C147,Salerno - Arechi,media,nome-parziale,salerno,,no,"dedotto: i CdP Investimenti non dichiarano la linea; associazione ricavata da nomi e comuni citati, in corso di verifica"
I173,"Elettrificazione, velocizzazione e ammodernamento linee Salerno - Mercato S.S. - Avellino - Benevento e tratta","registro RFI (CdP Servizi, Allegato 3)",C148,Mercato S.Severino - Salerno,media,nome-parziale,salerno,,no,"dedotto: i CdP Investimenti non dichiarano la linea; associazione ricavata da nomi e comuni citati, in corso di verifica"
I173,"Elettrificazione, velocizzazione e ammodernamento linee Salerno - Mercato S.S. - Avellino - Benevento e tratta","registro RFI (CdP Servizi, Allegato 3)",C202,Campobasso - Bosco Redole - Benevento,media,nome-parziale,benevento,,no,"dedotto: i CdP Investimenti non dichiarano la linea; associazione ricavata da nomi e comuni citati, in corso di verifica"
I173,"Elettrificazione, velocizzazione e ammodernamento linee Salerno - Mercato S.S. - Avellino - Benevento e tratta","registro RFI (CdP Servizi, Allegato 3)",C215,Mercato S.Severino - Avellino,media,nome-parziale,avellino,,no,"dedotto: i CdP Investimenti non dichiarano la linea; associazione ricavata da nomi e comuni citati, in corso di verifica"
I174,Nuova stazione Taranto Nasisi Nuova stazione Taranto Nasisi,"registro RFI (CdP Servizi, Allegato 3)",C156,Metaponto - Taranto,media,nome-parziale,taranto,,no,"dedotto: i CdP Investimenti non dichiarano la linea; associazione ricavata da nomi e comuni citati, in corso di verifica"
I174,Nuova stazione Taranto Nasisi Nuova stazione Taranto Nasisi,"registro RFI (CdP Servizi, Allegato 3)",C157,Taranto - Brindisi,media,nome-parziale,taranto,,no,"dedotto: i CdP Investimenti non dichiarano la linea; associazione ricavata da nomi e comuni citati, in corso di verifica"
I174,Nuova stazione Taranto Nasisi Nuova stazione Taranto Nasisi,"registro RFI (CdP Servizi, Allegato 3)",C159,Gioia Del Colle - Taranto,media,nome-parziale,taranto,,no,"dedotto: i CdP Investimenti non dichiarano la linea; associazione ricavata da nomi e comuni citati, in corso di verifica"
I175,Raddoppio PM 228-Albacina,"registro RFI (CdP Servizi, Allegato 3)",C126,Civitanova - Albacina,media,nome-parziale,albacina,,no,"dedotto: i CdP Investimenti non dichiarano la linea; associazione ricavata da nomi e comuni citati, in corso di verifica"
I177,"Completamento metropolitana di Salerno: tratta stadio Arechi-Pontecagnano Aeroporto Completamento metropolitana di Salerno: tratta stadio Arechi- Pontecagnano Aeroporto ASI Salerno - nuova stazione metropolitana - ""Zona Industriale""","registro RFI (CdP Servizi, Allegato 3)",C147,Salerno - Arechi,alta,nome,salerno|arechi,,no,"dedotto: i CdP Investimenti non dichiarano la linea; associazione ricavata da nomi e comuni citati, in corso di verifica"
I177,"Completamento metropolitana di Salerno: tratta stadio Arechi-Pontecagnano Aeroporto Completamento metropolitana di Salerno: tratta stadio Arechi- Pontecagnano Aeroporto ASI Salerno - nuova stazione metropolitana - ""Zona Industriale""","registro RFI (CdP Servizi, Allegato 3)",C146,Nocera Inferiore - Salerno (via CAVA T.),media,nome-parziale,salerno,,no,"dedotto: i CdP Investimenti non dichiarano la linea; associazione ricavata da nomi e comuni citati, in corso di verifica"
I177,"Completamento metropolitana di Salerno: tratta stadio Arechi-Pontecagnano Aeroporto Completamento metropolitana di Salerno: tratta stadio Arechi- Pontecagnano Aeroporto ASI Salerno - nuova stazione metropolitana - ""Zona Industriale""","registro RFI (CdP Servizi, Allegato 3)",C148,Mercato S.Severino - Salerno,media,nome-parziale,salerno,,no,"dedotto: i CdP Investimenti non dichiarano la linea; associazione ricavata da nomi e comuni citati, in corso di verifica"
I177,"Completamento metropolitana di Salerno: tratta stadio Arechi-Pontecagnano Aeroporto Completamento metropolitana di Salerno: tratta stadio Arechi- Pontecagnano Aeroporto ASI Salerno - nuova stazione metropolitana - ""Zona Industriale""","registro RFI (CdP Servizi, Allegato 3)",F073,[NAPOLI] PORTICI - SALERNO,media,nome-parziale,salerno,,no,"dedotto: i CdP Investimenti non dichiarano la linea; associazione ricavata da nomi e comuni citati, in corso di verifica"
I177,"Completamento metropolitana di Salerno: tratta stadio Arechi-Pontecagnano Aeroporto Completamento metropolitana di Salerno: tratta stadio Arechi- Pontecagnano Aeroporto ASI Salerno - nuova stazione metropolitana - ""Zona Industriale""","registro RFI (CdP Servizi, Allegato 3)",F075,SALERNO - PAOLA,media,nome-parziale,salerno,,no,"dedotto: i CdP Investimenti non dichiarano la linea; associazione ricavata da nomi e comuni citati, in corso di verifica"
I177,"Completamento metropolitana di Salerno: tratta stadio Arechi-Pontecagnano Aeroporto Completamento metropolitana di Salerno: tratta stadio Arechi- Pontecagnano Aeroporto ASI Salerno - nuova stazione metropolitana - ""Zona Industriale""","registro RFI (CdP Servizi, Allegato 3)",F073AV,NAPOLI - SALERNO LMV,bassa,nome-parziale,salerno,,no,"dedotto: i CdP Investimenti non dichiarano la linea; associazione ricavata da nomi e comuni citati, in corso di verifica"
I178A,Raddoppio Codogno-Cremona-Mantova 1^ fase Raddoppio Piadena-Mantova e soppressione PL critici intera linea,"registro RFI (CdP Servizi, Allegato 3)",C061,Codogno - Cremona,alta,nome,codogno|cremona,,no,"dedotto: i CdP Investimenti non dichiarano la linea; associazione ricavata da nomi e comuni citati, in corso di verifica"
I178A,Raddoppio Codogno-Cremona-Mantova 1^ fase Raddoppio Piadena-Mantova e soppressione PL critici intera linea,"registro RFI (CdP Servizi, Allegato 3)",C062,Cremona - Piadena,alta,nome,cremona|piadena,,no,"dedotto: i CdP Investimenti non dichiarano la linea; associazione ricavata da nomi e comuni citati, in corso di verifica"
I178A,Raddoppio Codogno-Cremona-Mantova 1^ fase Raddoppio Piadena-Mantova e soppressione PL critici intera linea,"registro RFI (CdP Servizi, Allegato 3)",C063,Piadena - Mantova,alta,nome,piadena|mantova,,no,"dedotto: i CdP Investimenti non dichiarano la linea; associazione ricavata da nomi e comuni citati, in corso di verifica"
I178A,Raddoppio Codogno-Cremona-Mantova 1^ fase Raddoppio Piadena-Mantova e soppressione PL critici intera linea,"registro RFI (CdP Servizi, Allegato 3)",C053,Olmeneta - Cremona,media,nome-parziale,cremona,,no,"dedotto: i CdP Investimenti non dichiarano la linea; associazione ricavata da nomi e comuni citati, in corso di verifica"
I178A,Raddoppio Codogno-Cremona-Mantova 1^ fase Raddoppio Piadena-Mantova e soppressione PL critici intera linea,"registro RFI (CdP Servizi, Allegato 3)",C054,Cremona - Castelvetro,media,nome-parziale,cremona,,no,"dedotto: i CdP Investimenti non dichiarano la linea; associazione ricavata da nomi e comuni citati, in corso di verifica"
I178A,Raddoppio Codogno-Cremona-Mantova 1^ fase Raddoppio Piadena-Mantova e soppressione PL critici intera linea,"registro RFI (CdP Servizi, Allegato 3)",C070,Verona - Mantova,media,nome-parziale,mantova,,no,"dedotto: i CdP Investimenti non dichiarano la linea; associazione ricavata da nomi e comuni citati, in corso di verifica"
I178B,Raddoppio Codogno-Cremona-Mantova 2^ fase Raddoppio Codogno-Cava Tigozzi e Cremona-Piadena PROG PROG,"registro RFI (CdP Servizi, Allegato 3)",C061,Codogno - Cremona,alta,nome,codogno|cremona,,no,"dedotto: i CdP Investimenti non dichiarano la linea; associazione ricavata da nomi e comuni citati, in corso di verifica"
I178B,Raddoppio Codogno-Cremona-Mantova 2^ fase Raddoppio Codogno-Cava Tigozzi e Cremona-Piadena PROG PROG,"registro RFI (CdP Servizi, Allegato 3)",C062,Cremona - Piadena,alta,nome,cremona|piadena,,no,"dedotto: i CdP Investimenti non dichiarano la linea; associazione ricavata da nomi e comuni citati, in corso di verifica"
I178B,Raddoppio Codogno-Cremona-Mantova 2^ fase Raddoppio Codogno-Cava Tigozzi e Cremona-Piadena PROG PROG,"registro RFI (CdP Servizi, Allegato 3)",C063,Piadena - Mantova,alta,nome,piadena|mantova,,no,"dedotto: i CdP Investimenti non dichiarano la linea; associazione ricavata da nomi e comuni citati, in corso di verifica"
I178B,Raddoppio Codogno-Cremona-Mantova 2^ fase Raddoppio Codogno-Cava Tigozzi e Cremona-Piadena PROG PROG,"registro RFI (CdP Servizi, Allegato 3)",C053,Olmeneta - Cremona,media,nome-parziale,cremona,,no,"dedotto: i CdP Investimenti non dichiarano la linea; associazione ricavata da nomi e comuni citati, in corso di verifica"
I178B,Raddoppio Codogno-Cremona-Mantova 2^ fase Raddoppio Codogno-Cava Tigozzi e Cremona-Piadena PROG PROG,"registro RFI (CdP Servizi, Allegato 3)",C054,Cremona - Castelvetro,media,nome-parziale,cremona,,no,"dedotto: i CdP Investimenti non dichiarano la linea; associazione ricavata da nomi e comuni citati, in corso di verifica"
I178B,Raddoppio Codogno-Cremona-Mantova 2^ fase Raddoppio Codogno-Cava Tigozzi e Cremona-Piadena PROG PROG,"registro RFI (CdP Servizi, Allegato 3)",C070,Verona - Mantova,media,nome-parziale,mantova,,no,"dedotto: i CdP Investimenti non dichiarano la linea; associazione ricavata da nomi e comuni citati, in corso di verifica"
I179A,x Bretella di collegamento tra la linea Collesalvetti- Vada e la linea Firenze-Pisa,"registro RFI (CdP Servizi, Allegato 3)",F049,[FIRENZE] FIRENZE CASCINE - PISA,alta,nome-parziale,pisa,,no,"dedotto: i CdP Investimenti non dichiarano la linea; associazione ricavata da nomi e comuni citati, in corso di verifica"
I179A,x Bretella di collegamento tra la linea Collesalvetti- Vada e la linea Firenze-Pisa,"registro RFI (CdP Servizi, Allegato 3)",F051,PISA  - MACCARESE [ROMA] (compresa Vada - Collesalvetti),alta,nome-parziale,pisa,,no,"dedotto: i CdP Investimenti non dichiarano la linea; associazione ricavata da nomi e comuni citati, in corso di verifica"
I179A,x Bretella di collegamento tra la linea Collesalvetti- Vada e la linea Firenze-Pisa,"registro RFI (CdP Servizi, Allegato 3)",C117,Pisa - Lucca,media,nome-parziale,pisa,,no,"dedotto: i CdP Investimenti non dichiarano la linea; associazione ricavata da nomi e comuni citati, in corso di verifica"
I179A,x Bretella di collegamento tra la linea Collesalvetti- Vada e la linea Firenze-Pisa,"registro RFI (CdP Servizi, Allegato 3)",F045,[GENOVA] GENOVA NERVI - PISA,media,nome-parziale,pisa,,no,"dedotto: i CdP Investimenti non dichiarano la linea; associazione ricavata da nomi e comuni citati, in corso di verifica"
I179A,x Bretella di collegamento tra la linea Collesalvetti- Vada e la linea Firenze-Pisa,"registro RFI (CdP Servizi, Allegato 3)",N006,Firenze,media,nome-parziale,firenze,,no,"dedotto: i CdP Investimenti non dichiarano la linea; associazione ricavata da nomi e comuni citati, in corso di verifica"
I179A,x Bretella di collegamento tra la linea Collesalvetti- Vada e la linea Firenze-Pisa,"registro RFI (CdP Servizi, Allegato 3)",C112,Firenze S. Marco V. - Borgo S.Lorenzo,media,nome-parziale,,,no,"dedotto: i CdP Investimenti non dichiarano la linea; associazione ricavata da nomi e comuni citati, in corso di verifica"
I179B,x Collegamento dell’interporto di Guasticce alla linea Collesalvetti-Vada,"registro RFI (CdP Servizi, Allegato 3)",F051,PISA  - MACCARESE [ROMA] (compresa Vada - Collesalvetti),media,nome-parziale,,,no,"dedotto: i CdP Investimenti non dichiarano la linea; associazione ricavata da nomi e comuni citati, in corso di verifica"
I181,Quadruplicamento Tavazzano-Lodi,"registro RFI (CdP Servizi, Allegato 3)",F041,[MILANO] MILANO ROGOREDO - LAVINO [BOLOGNA],media,nome-parziale,,,no,"dedotto: i CdP Investimenti non dichiarano la linea; associazione ricavata da nomi e comuni citati, in corso di verifica"
I182,Adeguamento nodo di Brescia e potenziamento collegamento Brescia-S.Zeno-Ghedi Adeguamento nodo di Brescia e potenziamento collegamento PROG PROG Brescia-S.Zeno-Ghedi,"registro RFI (CdP Servizi, Allegato 3)",C064,Brescia - S. Zeno Folzano,media,nome-parziale,brescia,,no,"dedotto: i CdP Investimenti non dichiarano la linea; associazione ricavata da nomi e comuni citati, in corso di verifica"
I182,Adeguamento nodo di Brescia e potenziamento collegamento Brescia-S.Zeno-Ghedi Adeguamento nodo di Brescia e potenziamento collegamento PROG PROG Brescia-S.Zeno-Ghedi,"registro RFI (CdP Servizi, Allegato 3)",C065,S. Zeno Folzano - Piadena,media,nome-parziale,,,no,"dedotto: i CdP Investimenti non dichiarano la linea; associazione ricavata da nomi e comuni citati, in corso di verifica"
I182,Adeguamento nodo di Brescia e potenziamento collegamento Brescia-S.Zeno-Ghedi Adeguamento nodo di Brescia e potenziamento collegamento PROG PROG Brescia-S.Zeno-Ghedi,"registro RFI (CdP Servizi, Allegato 3)",F023,[MILANO] PIOLTELLO L. - BRESCIA  VERONA,media,nome-parziale,,,no,"dedotto: i CdP Investimenti non dichiarano la linea; associazione ricavata da nomi e comuni citati, in corso di verifica"
I182,Adeguamento nodo di Brescia e potenziamento collegamento Brescia-S.Zeno-Ghedi Adeguamento nodo di Brescia e potenziamento collegamento PROG PROG Brescia-S.Zeno-Ghedi,"registro RFI (CdP Servizi, Allegato 3)",A009,Milano - Brescia AV/AC,bassa,nome-parziale,brescia,,no,"dedotto: i CdP Investimenti non dichiarano la linea; associazione ricavata da nomi e comuni citati, in corso di verifica"
I182,Adeguamento nodo di Brescia e potenziamento collegamento Brescia-S.Zeno-Ghedi Adeguamento nodo di Brescia e potenziamento collegamento PROG PROG Brescia-S.Zeno-Ghedi,"registro RFI (CdP Servizi, Allegato 3)",F023AV,PIOLTELLO L. - BRESCIA AVAC,bassa,nome-parziale,brescia,,no,"dedotto: i CdP Investimenti non dichiarano la linea; associazione ricavata da nomi e comuni citati, in corso di verifica"
I183,Raddoppio Maerne-Castelfranco Veneto Raddoppio Maerne-Castelfranco Veneto PROG PROG,"registro RFI (CdP Servizi, Allegato 3)",C079,Montebelluna - Castelfranco Veneto,media,nome-parziale,castelfranco veneto,,no,"dedotto: i CdP Investimenti non dichiarano la linea; associazione ricavata da nomi e comuni citati, in corso di verifica"
I183,Raddoppio Maerne-Castelfranco Veneto Raddoppio Maerne-Castelfranco Veneto PROG PROG,"registro RFI (CdP Servizi, Allegato 3)",C080,Castelfranco Veneto - Camposampiero,media,nome-parziale,castelfranco veneto,,no,"dedotto: i CdP Investimenti non dichiarano la linea; associazione ricavata da nomi e comuni citati, in corso di verifica"
I183,Raddoppio Maerne-Castelfranco Veneto Raddoppio Maerne-Castelfranco Veneto PROG PROG,"registro RFI (CdP Servizi, Allegato 3)",C088,Castelfranco Veneto - Treviso,media,nome-parziale,castelfranco veneto,,no,"dedotto: i CdP Investimenti non dichiarano la linea; associazione ricavata da nomi e comuni citati, in corso di verifica"
I183,Raddoppio Maerne-Castelfranco Veneto Raddoppio Maerne-Castelfranco Veneto PROG PROG,"registro RFI (CdP Servizi, Allegato 3)",C091,Bassano del Grappa - Castelfranco Veneto,media,nome-parziale,castelfranco veneto,,no,"dedotto: i CdP Investimenti non dichiarano la linea; associazione ricavata da nomi e comuni citati, in corso di verifica"
I183,Raddoppio Maerne-Castelfranco Veneto Raddoppio Maerne-Castelfranco Veneto PROG PROG,"registro RFI (CdP Servizi, Allegato 3)",C092,Castelfranco Veneto - Maerne di Martellago,media,nome-parziale,castelfranco veneto,,no,"dedotto: i CdP Investimenti non dichiarano la linea; associazione ricavata da nomi e comuni citati, in corso di verifica"
I183,Raddoppio Maerne-Castelfranco Veneto Raddoppio Maerne-Castelfranco Veneto PROG PROG,"registro RFI (CdP Servizi, Allegato 3)",C087,Cittadella - Castelfranco Veneto,bassa,nome-parziale,castelfranco veneto,,no,"dedotto: i CdP Investimenti non dichiarano la linea; associazione ricavata da nomi e comuni citati, in corso di verifica"
I184,Potenziamento Padova-Castelfranco Linea Padova-Vigodarzere: raddoppio ponte sul Brenta,"registro RFI (CdP Servizi, Allegato 3)",C082,Vigodarzere - Padova,alta,nome,vigodarzere|padova,,no,"dedotto: i CdP Investimenti non dichiarano la linea; associazione ricavata da nomi e comuni citati, in corso di verifica"
I184,Potenziamento Padova-Castelfranco Linea Padova-Vigodarzere: raddoppio ponte sul Brenta,"registro RFI (CdP Servizi, Allegato 3)",C081,Camposampiero - Vigodarzere,media,nome-parziale,vigodarzere,,no,"dedotto: i CdP Investimenti non dichiarano la linea; associazione ricavata da nomi e comuni citati, in corso di verifica"
I184,Potenziamento Padova-Castelfranco Linea Padova-Vigodarzere: raddoppio ponte sul Brenta,"registro RFI (CdP Servizi, Allegato 3)",F025,VERONA  - PADOVA,media,nome-parziale,padova,,no,"dedotto: i CdP Investimenti non dichiarano la linea; associazione ricavata da nomi e comuni citati, in corso di verifica"
I184,Potenziamento Padova-Castelfranco Linea Padova-Vigodarzere: raddoppio ponte sul Brenta,"registro RFI (CdP Servizi, Allegato 3)",F031,PADOVA - S.PIETRO IN CASALE [BOLOGNA],media,nome-parziale,padova,,no,"dedotto: i CdP Investimenti non dichiarano la linea; associazione ricavata da nomi e comuni citati, in corso di verifica"
I184,Potenziamento Padova-Castelfranco Linea Padova-Vigodarzere: raddoppio ponte sul Brenta,"registro RFI (CdP Servizi, Allegato 3)",F033,PADOVA - MIRA M. [VENEZIA],media,nome-parziale,padova,,no,"dedotto: i CdP Investimenti non dichiarano la linea; associazione ricavata da nomi e comuni citati, in corso di verifica"
I184,Potenziamento Padova-Castelfranco Linea Padova-Vigodarzere: raddoppio ponte sul Brenta,"registro RFI (CdP Servizi, Allegato 3)",F033AV,PADOVA - VENEZIA AVAC,bassa,nome-parziale,padova,,no,"dedotto: i CdP Investimenti non dichiarano la linea; associazione ricavata da nomi e comuni citati, in corso di verifica"
I185,Quadruplicamento Firenze Rifredi-Firenze Statuto,"registro RFI (CdP Servizi, Allegato 3)",N006,Firenze,media,nome-parziale,firenze,,no,"dedotto: i CdP Investimenti non dichiarano la linea; associazione ricavata da nomi e comuni citati, in corso di verifica"
I185,Quadruplicamento Firenze Rifredi-Firenze Statuto,"registro RFI (CdP Servizi, Allegato 3)",C112,Firenze S. Marco V. - Borgo S.Lorenzo,media,nome-parziale,,,no,"dedotto: i CdP Investimenti non dichiarano la linea; associazione ricavata da nomi e comuni citati, in corso di verifica"
I185,Quadruplicamento Firenze Rifredi-Firenze Statuto,"registro RFI (CdP Servizi, Allegato 3)",F043,[BOLOGNA] BOLOGNA S.RUFFILLO - FIRENZE CASTELLO [FIRENZE],media,nome-parziale,,,no,"dedotto: i CdP Investimenti non dichiarano la linea; associazione ricavata da nomi e comuni citati, in corso di verifica"
I185,Quadruplicamento Firenze Rifredi-Firenze Statuto,"registro RFI (CdP Servizi, Allegato 3)",F049,[FIRENZE] FIRENZE CASCINE - PISA,media,nome-parziale,,,no,"dedotto: i CdP Investimenti non dichiarano la linea; associazione ricavata da nomi e comuni citati, in corso di verifica"
I185,Quadruplicamento Firenze Rifredi-Firenze Statuto,"registro RFI (CdP Servizi, Allegato 3)",F053,[FIRENZE]  FIRENZE ROVEZZANO - FARA SABINA [ROMA] (Linea Lenta),media,nome-parziale,,,no,"dedotto: i CdP Investimenti non dichiarano la linea; associazione ricavata da nomi e comuni citati, in corso di verifica"
I185,Quadruplicamento Firenze Rifredi-Firenze Statuto,"registro RFI (CdP Servizi, Allegato 3)",F055,[FIRENZE] FIRENZE ROVEZZANO - SETTE BAGNI [ROMA] (Linea Direttissima),media,nome-parziale,,,no,"dedotto: i CdP Investimenti non dichiarano la linea; associazione ricavata da nomi e comuni citati, in corso di verifica"
I191,Velocizzazione Tirrenica Sud 2^ fase - variante Agropoli,"registro RFI (CdP Servizi, Allegato 3)",F075,SALERNO - PAOLA,media,nome-parziale,,,no,"dedotto: i CdP Investimenti non dichiarano la linea; associazione ricavata da nomi e comuni citati, in corso di verifica"
NA023,Interventi connessi a linea AV/AC Milano - Bologna,"registro RFI (CdP Servizi, Allegato 3)",A005,Milano-Bologna AV/AC,alta,nome,milano|bologna,,si,"dedotto: i CdP Investimenti non dichiarano la linea; associazione ricavata da nomi e comuni citati, in corso di verifica"
NA023,Interventi connessi a linea AV/AC Milano - Bologna,"registro RFI (CdP Servizi, Allegato 3)",A007,Bologna - Firenze AV/AC,media,nome-parziale,bologna,,no,"dedotto: i CdP Investimenti non dichiarano la linea; associazione ricavata da nomi e comuni citati, in corso di verifica"
NA023,Interventi connessi a linea AV/AC Milano - Bologna,"registro RFI (CdP Servizi, Allegato 3)",N002,Milano,media,nome-parziale,milano,,no,"dedotto: i CdP Investimenti non dichiarano la linea; associazione ricavata da nomi e comuni citati, in corso di verifica"
NA023,Interventi connessi a linea AV/AC Milano - Bologna,"registro RFI (CdP Servizi, Allegato 3)",N005,Bologna,media,nome-parziale,bologna,,no,"dedotto: i CdP Investimenti non dichiarano la linea; associazione ricavata da nomi e comuni citati, in corso di verifica"
NA023,Interventi connessi a linea AV/AC Milano - Bologna,"registro RFI (CdP Servizi, Allegato 3)",C058,Milano P.Genova - Mortara,media,nome-parziale,,,no,"dedotto: i CdP Investimenti non dichiarano la linea; associazione ricavata da nomi e comuni citati, in corso di verifica"
NA023,Interventi connessi a linea AV/AC Milano - Bologna,"registro RFI (CdP Servizi, Allegato 3)",F005,[MILANO] MILANO ROGOREDO - ARQUATA (compresa via Novi L. e via Bressana B. - Arena Po),media,nome-parziale,,,no,"dedotto: i CdP Investimenti non dichiarano la linea; associazione ricavata da nomi e comuni citati, in corso di verifica"
P014,Fermata passante nodo di Milano,"registro RFI (CdP Servizi, Allegato 3)",N002,Milano,media,nome-parziale,milano,,no,"dedotto: i CdP Investimenti non dichiarano la linea; associazione ricavata da nomi e comuni citati, in corso di verifica"
P014,Fermata passante nodo di Milano,"registro RFI (CdP Servizi, Allegato 3)",C058,Milano P.Genova - Mortara,media,nome-parziale,,,no,"dedotto: i CdP Investimenti non dichiarano la linea; associazione ricavata da nomi e comuni citati, in corso di verifica"
P014,Fermata passante nodo di Milano,"registro RFI (CdP Servizi, Allegato 3)",F005,[MILANO] MILANO ROGOREDO - ARQUATA (compresa via Novi L. e via Bressana B. - Arena Po),media,nome-parziale,,,no,"dedotto: i CdP Investimenti non dichiarano la linea; associazione ricavata da nomi e comuni citati, in corso di verifica"
P014,Fermata passante nodo di Milano,"registro RFI (CdP Servizi, Allegato 3)",F041,[MILANO] MILANO ROGOREDO - LAVINO [BOLOGNA],media,nome-parziale,,,no,"dedotto: i CdP Investimenti non dichiarano la linea; associazione ricavata da nomi e comuni citati, in corso di verifica"
P014,Fermata passante nodo di Milano,"registro RFI (CdP Servizi, Allegato 3)",A003,Torino-Milano AV/AC,bassa,nome-parziale,milano,,no,"dedotto: i CdP Investimenti non dichiarano la linea; associazione ricavata da nomi e comuni citati, in corso di verifica"
P014,Fermata passante nodo di Milano,"registro RFI (CdP Servizi, Allegato 3)",A005,Milano-Bologna AV/AC,bassa,nome-parziale,milano,,no,"dedotto: i CdP Investimenti non dichiarano la linea; associazione ricavata da nomi e comuni citati, in corso di verifica"
P053,Upgrading infrastrutturale e tecnologico nodo di Roma,"registro RFI (CdP Servizi, Allegato 3)",N007,Roma,media,nome-parziale,roma,,no,"dedotto: i CdP Investimenti non dichiarano la linea; associazione ricavata da nomi e comuni citati, in corso di verifica"
P053,Upgrading infrastrutturale e tecnologico nodo di Roma,"registro RFI (CdP Servizi, Allegato 3)",C129,Viterbo - Cesano,media,nome-parziale,,,no,"dedotto: i CdP Investimenti non dichiarano la linea; associazione ricavata da nomi e comuni citati, in corso di verifica"
P053,Upgrading infrastrutturale e tecnologico nodo di Roma,"registro RFI (CdP Servizi, Allegato 3)",F055,[FIRENZE] FIRENZE ROVEZZANO - SETTE BAGNI [ROMA] (Linea Direttissima),media,nome-parziale,,,no,"dedotto: i CdP Investimenti non dichiarano la linea; associazione ricavata da nomi e comuni citati, in corso di verifica"
P053,Upgrading infrastrutturale e tecnologico nodo di Roma,"registro RFI (CdP Servizi, Allegato 3)",F057,[ROMA] TORRICOLA - FRATTAMAGGIORE [NAPOLI] (via Formia),media,nome-parziale,,,no,"dedotto: i CdP Investimenti non dichiarano la linea; associazione ricavata da nomi e comuni citati, in corso di verifica"
P053,Upgrading infrastrutturale e tecnologico nodo di Roma,"registro RFI (CdP Servizi, Allegato 3)",F061,(comprese linee Rocca d'Evandro - Venafro/Vairano e Santa Maria C.V. - Maddaloni M. S.to e linee Bivio Maddaloni /,media,nome-parziale,,,no,"dedotto: i CdP Investimenti non dichiarano la linea; associazione ricavata da nomi e comuni citati, in corso di verifica"
P053,Upgrading infrastrutturale e tecnologico nodo di Roma,"registro RFI (CdP Servizi, Allegato 3)",A001,Roma-Napoli AV/AC,bassa,nome-parziale,roma,,no,"dedotto: i CdP Investimenti non dichiarano la linea; associazione ricavata da nomi e comuni citati, in corso di verifica"
P054,Upgrading infrastrutturale e tecnologico nodo di Milano,"registro RFI (CdP Servizi, Allegato 3)",N002,Milano,media,nome-parziale,milano,,no,"dedotto: i CdP Investimenti non dichiarano la linea; associazione ricavata da nomi e comuni citati, in corso di verifica"
P054,Upgrading infrastrutturale e tecnologico nodo di Milano,"registro RFI (CdP Servizi, Allegato 3)",C058,Milano P.Genova - Mortara,media,nome-parziale,,,no,"dedotto: i CdP Investimenti non dichiarano la linea; associazione ricavata da nomi e comuni citati, in corso di verifica"
P054,Upgrading infrastrutturale e tecnologico nodo di Milano,"registro RFI (CdP Servizi, Allegato 3)",F005,[MILANO] MILANO ROGOREDO - ARQUATA (compresa via Novi L. e via Bressana B. - Arena Po),media,nome-parziale,,,no,"dedotto: i CdP Investimenti non dichiarano la linea; associazione ricavata da nomi e comuni citati, in corso di verifica"
P054,Upgrading infrastrutturale e tecnologico nodo di Milano,"registro RFI (CdP Servizi, Allegato 3)",F041,[MILANO] MILANO ROGOREDO - LAVINO [BOLOGNA],media,nome-parziale,,,no,"dedotto: i CdP Investimenti non dichiarano la linea; associazione ricavata da nomi e comuni citati, in corso di verifica"
P054,Upgrading infrastrutturale e tecnologico nodo di Milano,"registro RFI (CdP Servizi, Allegato 3)",A003,Torino-Milano AV/AC,bassa,nome-parziale,milano,,no,"dedotto: i CdP Investimenti non dichiarano la linea; associazione ricavata da nomi e comuni citati, in corso di verifica"
P054,Upgrading infrastrutturale e tecnologico nodo di Milano,"registro RFI (CdP Servizi, Allegato 3)",A005,Milano-Bologna AV/AC,bassa,nome-parziale,milano,,no,"dedotto: i CdP Investimenti non dichiarano la linea; associazione ricavata da nomi e comuni citati, in corso di verifica"
P067,Velocizzazione linee Milano-Venezia e Venezia- Trieste,"registro RFI (CdP Servizi, Allegato 3)",F035,[VENEZIA] VENEZIA CARPENEDO - VILLA OPICINA / TRIESTE,alta,nome-parziale,trieste,,no,"dedotto: i CdP Investimenti non dichiarano la linea; associazione ricavata da nomi e comuni citati, in corso di verifica"
P067,Velocizzazione linee Milano-Venezia e Venezia- Trieste,"registro RFI (CdP Servizi, Allegato 3)",N002,Milano,media,nome-parziale,milano,,no,"dedotto: i CdP Investimenti non dichiarano la linea; associazione ricavata da nomi e comuni citati, in corso di verifica"
P067,Velocizzazione linee Milano-Venezia e Venezia- Trieste,"registro RFI (CdP Servizi, Allegato 3)",N003,Venezia,media,nome-parziale,venezia,,no,"dedotto: i CdP Investimenti non dichiarano la linea; associazione ricavata da nomi e comuni citati, in corso di verifica"
P067,Velocizzazione linee Milano-Venezia e Venezia- Trieste,"registro RFI (CdP Servizi, Allegato 3)",C058,Milano P.Genova - Mortara,media,nome-parziale,,,no,"dedotto: i CdP Investimenti non dichiarano la linea; associazione ricavata da nomi e comuni citati, in corso di verifica"
P067,Velocizzazione linee Milano-Venezia e Venezia- Trieste,"registro RFI (CdP Servizi, Allegato 3)",F005,[MILANO] MILANO ROGOREDO - ARQUATA (compresa via Novi L. e via Bressana B. - Arena Po),media,nome-parziale,,,no,"dedotto: i CdP Investimenti non dichiarano la linea; associazione ricavata da nomi e comuni citati, in corso di verifica"
P067,Velocizzazione linee Milano-Venezia e Venezia- Trieste,"registro RFI (CdP Servizi, Allegato 3)",F041,[MILANO] MILANO ROGOREDO - LAVINO [BOLOGNA],media,nome-parziale,,,no,"dedotto: i CdP Investimenti non dichiarano la linea; associazione ricavata da nomi e comuni citati, in corso di verifica"
P071,Upgrading infrastrutturale e tecnologico linea Milano-Bologna,"registro RFI (CdP Servizi, Allegato 3)",A005,Milano-Bologna AV/AC,media,nome,milano|bologna,,no,"dedotto: i CdP Investimenti non dichiarano la linea; associazione ricavata da nomi e comuni citati, in corso di verifica"
P071,Upgrading infrastrutturale e tecnologico linea Milano-Bologna,"registro RFI (CdP Servizi, Allegato 3)",N002,Milano,media,nome-parziale,milano,,no,"dedotto: i CdP Investimenti non dichiarano la linea; associazione ricavata da nomi e comuni citati, in corso di verifica"
P071,Upgrading infrastrutturale e tecnologico linea Milano-Bologna,"registro RFI (CdP Servizi, Allegato 3)",N005,Bologna,media,nome-parziale,bologna,,no,"dedotto: i CdP Investimenti non dichiarano la linea; associazione ricavata da nomi e comuni citati, in corso di verifica"
P071,Upgrading infrastrutturale e tecnologico linea Milano-Bologna,"registro RFI (CdP Servizi, Allegato 3)",C058,Milano P.Genova - Mortara,media,nome-parziale,,,no,"dedotto: i CdP Investimenti non dichiarano la linea; associazione ricavata da nomi e comuni citati, in corso di verifica"
P071,Upgrading infrastrutturale e tecnologico linea Milano-Bologna,"registro RFI (CdP Servizi, Allegato 3)",F005,[MILANO] MILANO ROGOREDO - ARQUATA (compresa via Novi L. e via Bressana B. - Arena Po),media,nome-parziale,,,no,"dedotto: i CdP Investimenti non dichiarano la linea; associazione ricavata da nomi e comuni citati, in corso di verifica"
P071,Upgrading infrastrutturale e tecnologico linea Milano-Bologna,"registro RFI (CdP Servizi, Allegato 3)",F041,[MILANO] MILANO ROGOREDO - LAVINO [BOLOGNA],media,nome-parziale,,,no,"dedotto: i CdP Investimenti non dichiarano la linea; associazione ricavata da nomi e comuni citati, in corso di verifica"
P072,Upgrading e potenziamento tecnologico itinerario Napoli-Bari-Lecce/Taranto,"registro RFI (CdP Servizi, Allegato 3)",C150,Bari - Brindisi,media,nome-parziale,bari,,no,"dedotto: i CdP Investimenti non dichiarano la linea; associazione ricavata da nomi e comuni citati, in corso di verifica"
P072,Upgrading e potenziamento tecnologico itinerario Napoli-Bari-Lecce/Taranto,"registro RFI (CdP Servizi, Allegato 3)",C151,Brindisi - Lecce,media,nome-parziale,lecce,,no,"dedotto: i CdP Investimenti non dichiarano la linea; associazione ricavata da nomi e comuni citati, in corso di verifica"
P072,Upgrading e potenziamento tecnologico itinerario Napoli-Bari-Lecce/Taranto,"registro RFI (CdP Servizi, Allegato 3)",C156,Metaponto - Taranto,media,nome-parziale,taranto,,no,"dedotto: i CdP Investimenti non dichiarano la linea; associazione ricavata da nomi e comuni citati, in corso di verifica"
P072,Upgrading e potenziamento tecnologico itinerario Napoli-Bari-Lecce/Taranto,"registro RFI (CdP Servizi, Allegato 3)",C157,Taranto - Brindisi,media,nome-parziale,taranto,,no,"dedotto: i CdP Investimenti non dichiarano la linea; associazione ricavata da nomi e comuni citati, in corso di verifica"
P072,Upgrading e potenziamento tecnologico itinerario Napoli-Bari-Lecce/Taranto,"registro RFI (CdP Servizi, Allegato 3)",C158,Bari - Gioia Del Colle,media,nome-parziale,bari,,no,"dedotto: i CdP Investimenti non dichiarano la linea; associazione ricavata da nomi e comuni citati, in corso di verifica"
P072,Upgrading e potenziamento tecnologico itinerario Napoli-Bari-Lecce/Taranto,"registro RFI (CdP Servizi, Allegato 3)",C159,Gioia Del Colle - Taranto,media,nome-parziale,taranto,,no,"dedotto: i CdP Investimenti non dichiarano la linea; associazione ricavata da nomi e comuni citati, in corso di verifica"
P074,"Ammodernamento e velocizzazione itinerari Palermo- Catania-Messina, Messina-Palermo e Messina-Siracusa","registro RFI (CdP Servizi, Allegato 3)",C169,Messina - Catania,alta,nome,messina|catania,,no,"dedotto: i CdP Investimenti non dichiarano la linea; associazione ricavata da nomi e comuni citati, in corso di verifica"
P074,"Ammodernamento e velocizzazione itinerari Palermo- Catania-Messina, Messina-Palermo e Messina-Siracusa","registro RFI (CdP Servizi, Allegato 3)",C170,Catania  - Lentini Diramazione,media,nome-parziale,catania,,no,"dedotto: i CdP Investimenti non dichiarano la linea; associazione ricavata da nomi e comuni citati, in corso di verifica"
P074,"Ammodernamento e velocizzazione itinerari Palermo- Catania-Messina, Messina-Palermo e Messina-Siracusa","registro RFI (CdP Servizi, Allegato 3)",C171,Lentini Diramazione - Siracusa,media,nome-parziale,siracusa,,no,"dedotto: i CdP Investimenti non dichiarano la linea; associazione ricavata da nomi e comuni citati, in corso di verifica"
P074,"Ammodernamento e velocizzazione itinerari Palermo- Catania-Messina, Messina-Palermo e Messina-Siracusa","registro RFI (CdP Servizi, Allegato 3)",C174,Modica - Siracusa,media,nome-parziale,siracusa,,no,"dedotto: i CdP Investimenti non dichiarano la linea; associazione ricavata da nomi e comuni citati, in corso di verifica"
P074,"Ammodernamento e velocizzazione itinerari Palermo- Catania-Messina, Messina-Palermo e Messina-Siracusa","registro RFI (CdP Servizi, Allegato 3)",C175,Messina - Fiumetorto,media,nome-parziale,messina,,no,"dedotto: i CdP Investimenti non dichiarano la linea; associazione ricavata da nomi e comuni citati, in corso di verifica"
P074,"Ammodernamento e velocizzazione itinerari Palermo- Catania-Messina, Messina-Palermo e Messina-Siracusa","registro RFI (CdP Servizi, Allegato 3)",C176,Fiumetorto - Palermo,media,nome-parziale,palermo,,no,"dedotto: i CdP Investimenti non dichiarano la linea; associazione ricavata da nomi e comuni citati, in corso di verifica"
P075,Upgrading infrastrutturale e tecnologico nodo di Venezia,"registro RFI (CdP Servizi, Allegato 3)",N003,Venezia,media,nome-parziale,venezia,,no,"dedotto: i CdP Investimenti non dichiarano la linea; associazione ricavata da nomi e comuni citati, in corso di verifica"
P075,Upgrading infrastrutturale e tecnologico nodo di Venezia,"registro RFI (CdP Servizi, Allegato 3)",F035,[VENEZIA] VENEZIA CARPENEDO - VILLA OPICINA / TRIESTE,media,nome-parziale,,,no,"dedotto: i CdP Investimenti non dichiarano la linea; associazione ricavata da nomi e comuni citati, in corso di verifica"
P075,Upgrading infrastrutturale e tecnologico nodo di Venezia,"registro RFI (CdP Servizi, Allegato 3)",F033AV,PADOVA - VENEZIA AVAC,bassa,nome-parziale,venezia,,no,"dedotto: i CdP Investimenti non dichiarano la linea; associazione ricavata da nomi e comuni citati, in corso di verifica"
P076,Upgrading infrastrutturale e tecnologico nodo di Firenze,"registro RFI (CdP Servizi, Allegato 3)",N006,Firenze,media,nome-parziale,firenze,,no,"dedotto: i CdP Investimenti non dichiarano la linea; associazione ricavata da nomi e comuni citati, in corso di verifica"
P076,Upgrading infrastrutturale e tecnologico nodo di Firenze,"registro RFI (CdP Servizi, Allegato 3)",C112,Firenze S. Marco V. - Borgo S.Lorenzo,media,nome-parziale,,,no,"dedotto: i CdP Investimenti non dichiarano la linea; associazione ricavata da nomi e comuni citati, in corso di verifica"
P076,Upgrading infrastrutturale e tecnologico nodo di Firenze,"registro RFI (CdP Servizi, Allegato 3)",F043,[BOLOGNA] BOLOGNA S.RUFFILLO - FIRENZE CASTELLO [FIRENZE],media,nome-parziale,,,no,"dedotto: i CdP Investimenti non dichiarano la linea; associazione ricavata da nomi e comuni citati, in corso di verifica"
P076,Upgrading infrastrutturale e tecnologico nodo di Firenze,"registro RFI (CdP Servizi, Allegato 3)",F049,[FIRENZE] FIRENZE CASCINE - PISA,media,nome-parziale,,,no,"dedotto: i CdP Investimenti non dichiarano la linea; associazione ricavata da nomi e comuni citati, in corso di verifica"
P076,Upgrading infrastrutturale e tecnologico nodo di Firenze,"registro RFI (CdP Servizi, Allegato 3)",F053,[FIRENZE]  FIRENZE ROVEZZANO - FARA SABINA [ROMA] (Linea Lenta),media,nome-parziale,,,no,"dedotto: i CdP Investimenti non dichiarano la linea; associazione ricavata da nomi e comuni citati, in corso di verifica"
P076,Upgrading infrastrutturale e tecnologico nodo di Firenze,"registro RFI (CdP Servizi, Allegato 3)",F055,[FIRENZE] FIRENZE ROVEZZANO - SETTE BAGNI [ROMA] (Linea Direttissima),media,nome-parziale,,,no,"dedotto: i CdP Investimenti non dichiarano la linea; associazione ricavata da nomi e comuni citati, in corso di verifica"
P078,Messa in sicurezza dell’asse ferroviario Cuneo - Ventimiglia (opere di competenza RFI),"registro RFI (CdP Servizi, Allegato 3)",C010,Cuneo - Ventimiglia,alta,nome,cuneo|ventimiglia,,no,"dedotto: i CdP Investimenti non dichiarano la linea; associazione ricavata da nomi e comuni citati, in corso di verifica"
P078,Messa in sicurezza dell’asse ferroviario Cuneo - Ventimiglia (opere di competenza RFI),"registro RFI (CdP Servizi, Allegato 3)",C009,Fossano - Cuneo,media,nome-parziale,cuneo,,no,"dedotto: i CdP Investimenti non dichiarano la linea; associazione ricavata da nomi e comuni citati, in corso di verifica"
P078,Messa in sicurezza dell’asse ferroviario Cuneo - Ventimiglia (opere di competenza RFI),"registro RFI (CdP Servizi, Allegato 3)",C217,Mondovì - Cuneo,media,nome-parziale,cuneo,,no,"dedotto: i CdP Investimenti non dichiarano la linea; associazione ricavata da nomi e comuni citati, in corso di verifica"
P078,Messa in sicurezza dell’asse ferroviario Cuneo - Ventimiglia (opere di competenza RFI),"registro RFI (CdP Servizi, Allegato 3)",C243,Saluzzo - Cuneo,media,nome-parziale,cuneo,,no,"dedotto: i CdP Investimenti non dichiarano la linea; associazione ricavata da nomi e comuni citati, in corso di verifica"
P078,Messa in sicurezza dell’asse ferroviario Cuneo - Ventimiglia (opere di competenza RFI),"registro RFI (CdP Servizi, Allegato 3)",F009,VENTIMIGLIA - SAVONA,media,nome-parziale,ventimiglia,,no,"dedotto: i CdP Investimenti non dichiarano la linea; associazione ricavata da nomi e comuni citati, in corso di verifica"
P080,Upgrading infrastrutturale e tecnologico nodo di Torino,"registro RFI (CdP Servizi, Allegato 3)",N001,Torino,media,nome-parziale,torino,,no,"dedotto: i CdP Investimenti non dichiarano la linea; associazione ricavata da nomi e comuni citati, in corso di verifica"
P080,Upgrading infrastrutturale e tecnologico nodo di Torino,"registro RFI (CdP Servizi, Allegato 3)",A003,Torino-Milano AV/AC,bassa,nome-parziale,torino,,no,"dedotto: i CdP Investimenti non dichiarano la linea; associazione ricavata da nomi e comuni citati, in corso di verifica"
P087A,Ammodernamento e potenziamento rete ferroviaria Regione Abruzzo - Bretella Sulmona Bretella Sulmona,"registro RFI (CdP Servizi, Allegato 3)",C125,Pescara - Sulmona,media,nome-parziale,sulmona,,no,"dedotto: i CdP Investimenti non dichiarano la linea; associazione ricavata da nomi e comuni citati, in corso di verifica"
P087A,Ammodernamento e potenziamento rete ferroviaria Regione Abruzzo - Bretella Sulmona Bretella Sulmona,"registro RFI (CdP Servizi, Allegato 3)",C131,Sulmona - Avezzano,media,nome-parziale,sulmona,,no,"dedotto: i CdP Investimenti non dichiarano la linea; associazione ricavata da nomi e comuni citati, in corso di verifica"
P087A,Ammodernamento e potenziamento rete ferroviaria Regione Abruzzo - Bretella Sulmona Bretella Sulmona,"registro RFI (CdP Servizi, Allegato 3)",C229,Sulmona - Carpinone,media,nome-parziale,sulmona,,no,"dedotto: i CdP Investimenti non dichiarano la linea; associazione ricavata da nomi e comuni citati, in corso di verifica"
P087A,Ammodernamento e potenziamento rete ferroviaria Regione Abruzzo - Bretella Sulmona Bretella Sulmona,"registro RFI (CdP Servizi, Allegato 3)",C231,Terni - Sulmona,media,nome-parziale,sulmona,,no,"dedotto: i CdP Investimenti non dichiarano la linea; associazione ricavata da nomi e comuni citati, in corso di verifica"
P087B,Ammodernamento e potenziamento rete ferroviaria Regione Abruzzo - Collegamento al porto di Vasto Collegamento al porto di Vasto PROG PROG,"registro RFI (CdP Servizi, Allegato 3)",F067,ANCONA - FOGGIA,media,nome-parziale,,,no,"dedotto: i CdP Investimenti non dichiarano la linea; associazione ricavata da nomi e comuni citati, in corso di verifica"
P090,Upgrade tecnologico linea DD Firenze-Roma,"registro RFI (CdP Servizi, Allegato 3)",F055,[FIRENZE] FIRENZE ROVEZZANO - SETTE BAGNI [ROMA] (Linea Direttissima),alta,nome-parziale,,,no,"dedotto: i CdP Investimenti non dichiarano la linea; associazione ricavata da nomi e comuni citati, in corso di verifica"
P090,Upgrade tecnologico linea DD Firenze-Roma,"registro RFI (CdP Servizi, Allegato 3)",N006,Firenze,media,nome-parziale,firenze,,no,"dedotto: i CdP Investimenti non dichiarano la linea; associazione ricavata da nomi e comuni citati, in corso di verifica"
P090,Upgrade tecnologico linea DD Firenze-Roma,"registro RFI (CdP Servizi, Allegato 3)",N007,Roma,media,nome-parziale,roma,,no,"dedotto: i CdP Investimenti non dichiarano la linea; associazione ricavata da nomi e comuni citati, in corso di verifica"
P090,Upgrade tecnologico linea DD Firenze-Roma,"registro RFI (CdP Servizi, Allegato 3)",C112,Firenze S. Marco V. - Borgo S.Lorenzo,media,nome-parziale,,,no,"dedotto: i CdP Investimenti non dichiarano la linea; associazione ricavata da nomi e comuni citati, in corso di verifica"
P090,Upgrade tecnologico linea DD Firenze-Roma,"registro RFI (CdP Servizi, Allegato 3)",C129,Viterbo - Cesano,media,nome-parziale,,,no,"dedotto: i CdP Investimenti non dichiarano la linea; associazione ricavata da nomi e comuni citati, in corso di verifica"
P090,Upgrade tecnologico linea DD Firenze-Roma,"registro RFI (CdP Servizi, Allegato 3)",F043,[BOLOGNA] BOLOGNA S.RUFFILLO - FIRENZE CASTELLO [FIRENZE],media,nome-parziale,,,no,"dedotto: i CdP Investimenti non dichiarano la linea; associazione ricavata da nomi e comuni citati, in corso di verifica"
P094,Upgrading infrastrutturale e tecnologico linee Roma-Napoli,"registro RFI (CdP Servizi, Allegato 3)",A001,Roma-Napoli AV/AC,media,nome,roma|napoli,,no,"dedotto: i CdP Investimenti non dichiarano la linea; associazione ricavata da nomi e comuni citati, in corso di verifica"
P094,Upgrading infrastrutturale e tecnologico linee Roma-Napoli,"registro RFI (CdP Servizi, Allegato 3)",N007,Roma,media,nome-parziale,roma,,no,"dedotto: i CdP Investimenti non dichiarano la linea; associazione ricavata da nomi e comuni citati, in corso di verifica"
P094,Upgrading infrastrutturale e tecnologico linee Roma-Napoli,"registro RFI (CdP Servizi, Allegato 3)",N008,Napoli,media,nome-parziale,napoli,,no,"dedotto: i CdP Investimenti non dichiarano la linea; associazione ricavata da nomi e comuni citati, in corso di verifica"
P094,Upgrading infrastrutturale e tecnologico linee Roma-Napoli,"registro RFI (CdP Servizi, Allegato 3)",C129,Viterbo - Cesano,media,nome-parziale,,,no,"dedotto: i CdP Investimenti non dichiarano la linea; associazione ricavata da nomi e comuni citati, in corso di verifica"
P094,Upgrading infrastrutturale e tecnologico linee Roma-Napoli,"registro RFI (CdP Servizi, Allegato 3)",F055,[FIRENZE] FIRENZE ROVEZZANO - SETTE BAGNI [ROMA] (Linea Direttissima),media,nome-parziale,,,no,"dedotto: i CdP Investimenti non dichiarano la linea; associazione ricavata da nomi e comuni citati, in corso di verifica"
P094,Upgrading infrastrutturale e tecnologico linee Roma-Napoli,"registro RFI (CdP Servizi, Allegato 3)",F057,[ROMA] TORRICOLA - FRATTAMAGGIORE [NAPOLI] (via Formia),media,nome-parziale,,,no,"dedotto: i CdP Investimenti non dichiarano la linea; associazione ricavata da nomi e comuni citati, in corso di verifica"
P101,Potenziamento linea Empoli-Siena Raddoppio Empoli-Granaiolo Elettrificazione linea Empoli-Siena ITER,"registro RFI (CdP Servizi, Allegato 3)",C121,Empoli - Siena,alta,nome,empoli|siena,,no,"dedotto: i CdP Investimenti non dichiarano la linea; associazione ricavata da nomi e comuni citati, in corso di verifica"
P101,Potenziamento linea Empoli-Siena Raddoppio Empoli-Granaiolo Elettrificazione linea Empoli-Siena ITER,"registro RFI (CdP Servizi, Allegato 3)",C122,Siena - Asciano,media,nome-parziale,siena,,no,"dedotto: i CdP Investimenti non dichiarano la linea; associazione ricavata da nomi e comuni citati, in corso di verifica"
P101,Potenziamento linea Empoli-Siena Raddoppio Empoli-Granaiolo Elettrificazione linea Empoli-Siena ITER,"registro RFI (CdP Servizi, Allegato 3)",C228,Siena - Monte Antico - Montepescali,media,nome-parziale,siena,,no,"dedotto: i CdP Investimenti non dichiarano la linea; associazione ricavata da nomi e comuni citati, in corso di verifica"
P101,Potenziamento linea Empoli-Siena Raddoppio Empoli-Granaiolo Elettrificazione linea Empoli-Siena ITER,"registro RFI (CdP Servizi, Allegato 3)",F049,[FIRENZE] FIRENZE CASCINE - PISA,media,nome-parziale,,,no,"dedotto: i CdP Investimenti non dichiarano la linea; associazione ricavata da nomi e comuni citati, in corso di verifica"
P106,Gronda merci di Roma - Cintura sud,"registro RFI (CdP Servizi, Allegato 3)",N007,Roma,media,nome-parziale,roma,,no,"dedotto: i CdP Investimenti non dichiarano la linea; associazione ricavata da nomi e comuni citati, in corso di verifica"
P106,Gronda merci di Roma - Cintura sud,"registro RFI (CdP Servizi, Allegato 3)",C129,Viterbo - Cesano,media,nome-parziale,,,no,"dedotto: i CdP Investimenti non dichiarano la linea; associazione ricavata da nomi e comuni citati, in corso di verifica"
P106,Gronda merci di Roma - Cintura sud,"registro RFI (CdP Servizi, Allegato 3)",F055,[FIRENZE] FIRENZE ROVEZZANO - SETTE BAGNI [ROMA] (Linea Direttissima),media,nome-parziale,,,no,"dedotto: i CdP Investimenti non dichiarano la linea; associazione ricavata da nomi e comuni citati, in corso di verifica"
P106,Gronda merci di Roma - Cintura sud,"registro RFI (CdP Servizi, Allegato 3)",F057,[ROMA] TORRICOLA - FRATTAMAGGIORE [NAPOLI] (via Formia),media,nome-parziale,,,no,"dedotto: i CdP Investimenti non dichiarano la linea; associazione ricavata da nomi e comuni citati, in corso di verifica"
P106,Gronda merci di Roma - Cintura sud,"registro RFI (CdP Servizi, Allegato 3)",F061,(comprese linee Rocca d'Evandro - Venafro/Vairano e Santa Maria C.V. - Maddaloni M. S.to e linee Bivio Maddaloni /,media,nome-parziale,,,no,"dedotto: i CdP Investimenti non dichiarano la linea; associazione ricavata da nomi e comuni citati, in corso di verifica"
P106,Gronda merci di Roma - Cintura sud,"registro RFI (CdP Servizi, Allegato 3)",A001,Roma-Napoli AV/AC,bassa,nome-parziale,roma,,no,"dedotto: i CdP Investimenti non dichiarano la linea; associazione ricavata da nomi e comuni citati, in corso di verifica"
P112,Upgrading infrastrutturale e tecnologico nodo di Bologna,"registro RFI (CdP Servizi, Allegato 3)",N005,Bologna,media,nome-parziale,bologna,,no,"dedotto: i CdP Investimenti non dichiarano la linea; associazione ricavata da nomi e comuni citati, in corso di verifica"
P112,Upgrading infrastrutturale e tecnologico nodo di Bologna,"registro RFI (CdP Servizi, Allegato 3)",F043,[BOLOGNA] BOLOGNA S.RUFFILLO - FIRENZE CASTELLO [FIRENZE],media,nome-parziale,,,no,"dedotto: i CdP Investimenti non dichiarano la linea; associazione ricavata da nomi e comuni citati, in corso di verifica"
P112,Upgrading infrastrutturale e tecnologico nodo di Bologna,"registro RFI (CdP Servizi, Allegato 3)",A005,Milano-Bologna AV/AC,bassa,nome-parziale,bologna,,no,"dedotto: i CdP Investimenti non dichiarano la linea; associazione ricavata da nomi e comuni citati, in corso di verifica"
P112,Upgrading infrastrutturale e tecnologico nodo di Bologna,"registro RFI (CdP Servizi, Allegato 3)",A007,Bologna - Firenze AV/AC,bassa,nome-parziale,bologna,,no,"dedotto: i CdP Investimenti non dichiarano la linea; associazione ricavata da nomi e comuni citati, in corso di verifica"
P120,Adeguamento prestazionale e Upgrading direttrice Genova-Ventimiglia/La Spezia,"registro RFI (CdP Servizi, Allegato 3)",C010,Cuneo - Ventimiglia,media,nome-parziale,ventimiglia,,no,"dedotto: i CdP Investimenti non dichiarano la linea; associazione ricavata da nomi e comuni citati, in corso di verifica"
P120,Adeguamento prestazionale e Upgrading direttrice Genova-Ventimiglia/La Spezia,"registro RFI (CdP Servizi, Allegato 3)",F009,VENTIMIGLIA - SAVONA,media,nome-parziale,ventimiglia,,no,"dedotto: i CdP Investimenti non dichiarano la linea; associazione ricavata da nomi e comuni citati, in corso di verifica"
P120,Adeguamento prestazionale e Upgrading direttrice Genova-Ventimiglia/La Spezia,"registro RFI (CdP Servizi, Allegato 3)",N004,Genova,media,nome-parziale,genova,,no,"dedotto: i CdP Investimenti non dichiarano la linea; associazione ricavata da nomi e comuni citati, in corso di verifica"
P120,Adeguamento prestazionale e Upgrading direttrice Genova-Ventimiglia/La Spezia,"registro RFI (CdP Servizi, Allegato 3)",C098,Ovada - Genova Borzoli,media,nome-parziale,,,no,"dedotto: i CdP Investimenti non dichiarano la linea; associazione ricavata da nomi e comuni citati, in corso di verifica"
P120,Adeguamento prestazionale e Upgrading direttrice Genova-Ventimiglia/La Spezia,"registro RFI (CdP Servizi, Allegato 3)",F007,SAVONA -  GENOVA VOLTRI [GENOVA],media,nome-parziale,,,no,"dedotto: i CdP Investimenti non dichiarano la linea; associazione ricavata da nomi e comuni citati, in corso di verifica"
P120,Adeguamento prestazionale e Upgrading direttrice Genova-Ventimiglia/La Spezia,"registro RFI (CdP Servizi, Allegato 3)",F019,ARQUATA - MIGNANEGO / GENOVA RIVAROLO / GENOVA CAMPASSO [GENOVA] (compresa via Isola del Cantone),media,nome-parziale,,,no,"dedotto: i CdP Investimenti non dichiarano la linea; associazione ricavata da nomi e comuni citati, in corso di verifica"
P123,Elettrificazione Ivrea-Aosta e adeguamento linea Chivasso - Aosta Elettrificazione Ivrea-Aosta e Velocizzazione impianti e soppressione PL linea Chivasso-Aosta,"registro RFI (CdP Servizi, Allegato 3)",C002,Chivasso - Aosta,alta,nome,chivasso|aosta,,no,"dedotto: i CdP Investimenti non dichiarano la linea; associazione ricavata da nomi e comuni citati, in corso di verifica"
P123,Elettrificazione Ivrea-Aosta e adeguamento linea Chivasso - Aosta Elettrificazione Ivrea-Aosta e Velocizzazione impianti e soppressione PL linea Chivasso-Aosta,"registro RFI (CdP Servizi, Allegato 3)",C003,Aosta - Pre' S. Didier,media,nome-parziale,aosta,,no,"dedotto: i CdP Investimenti non dichiarano la linea; associazione ricavata da nomi e comuni citati, in corso di verifica"
P123,Elettrificazione Ivrea-Aosta e adeguamento linea Chivasso - Aosta Elettrificazione Ivrea-Aosta e Velocizzazione impianti e soppressione PL linea Chivasso-Aosta,"registro RFI (CdP Servizi, Allegato 3)",C209,Chivasso - Asti,media,nome-parziale,chivasso,,no,"dedotto: i CdP Investimenti non dichiarano la linea; associazione ricavata da nomi e comuni citati, in corso di verifica"
P123,Elettrificazione Ivrea-Aosta e adeguamento linea Chivasso - Aosta Elettrificazione Ivrea-Aosta e Velocizzazione impianti e soppressione PL linea Chivasso-Aosta,"registro RFI (CdP Servizi, Allegato 3)",F011,[TORINO] SETTIMO T. - RHO [MILANO] (compresa Novara Boschetto),media,nome-parziale,,,no,"dedotto: i CdP Investimenti non dichiarano la linea; associazione ricavata da nomi e comuni citati, in corso di verifica"
P123,Elettrificazione Ivrea-Aosta e adeguamento linea Chivasso - Aosta Elettrificazione Ivrea-Aosta e Velocizzazione impianti e soppressione PL linea Chivasso-Aosta,"registro RFI (CdP Servizi, Allegato 3)",A003,Torino-Milano AV/AC,bassa,nome-parziale,,,no,"dedotto: i CdP Investimenti non dichiarano la linea; associazione ricavata da nomi e comuni citati, in corso di verifica"
P124,Adeguamento e miglioramento linea ferroviaria Chivasso-Ivrea-Quincinetto,"registro RFI (CdP Servizi, Allegato 3)",C002,Chivasso - Aosta,alta,nome-parziale,chivasso,,no,"dedotto: i CdP Investimenti non dichiarano la linea; associazione ricavata da nomi e comuni citati, in corso di verifica"
P124,Adeguamento e miglioramento linea ferroviaria Chivasso-Ivrea-Quincinetto,"registro RFI (CdP Servizi, Allegato 3)",C209,Chivasso - Asti,media,nome-parziale,chivasso,,no,"dedotto: i CdP Investimenti non dichiarano la linea; associazione ricavata da nomi e comuni citati, in corso di verifica"
P124,Adeguamento e miglioramento linea ferroviaria Chivasso-Ivrea-Quincinetto,"registro RFI (CdP Servizi, Allegato 3)",F011,[TORINO] SETTIMO T. - RHO [MILANO] (compresa Novara Boschetto),media,nome-parziale,,,no,"dedotto: i CdP Investimenti non dichiarano la linea; associazione ricavata da nomi e comuni citati, in corso di verifica"
P124,Adeguamento e miglioramento linea ferroviaria Chivasso-Ivrea-Quincinetto,"registro RFI (CdP Servizi, Allegato 3)",A003,Torino-Milano AV/AC,bassa,nome-parziale,,,no,"dedotto: i CdP Investimenti non dichiarano la linea; associazione ricavata da nomi e comuni citati, in corso di verifica"
P126,Velocizzazione direttrice Salerno-Taranto Velocizzazione impianti linea Battipaglia-Potenza,"registro RFI (CdP Servizi, Allegato 3)",C136,Battipaglia - Potenza Inf.Re,alta,nome-parziale,battipaglia,,no,"dedotto: i CdP Investimenti non dichiarano la linea; associazione ricavata da nomi e comuni citati, in corso di verifica"
P126,Velocizzazione direttrice Salerno-Taranto Velocizzazione impianti linea Battipaglia-Potenza,"registro RFI (CdP Servizi, Allegato 3)",F075,SALERNO - PAOLA,alta,nome-parziale,salerno,,no,"dedotto: i CdP Investimenti non dichiarano la linea; associazione ricavata da nomi e comuni citati, in corso di verifica"
P126,Velocizzazione direttrice Salerno-Taranto Velocizzazione impianti linea Battipaglia-Potenza,"registro RFI (CdP Servizi, Allegato 3)",C146,Nocera Inferiore - Salerno (via CAVA T.),media,nome-parziale,salerno,,no,"dedotto: i CdP Investimenti non dichiarano la linea; associazione ricavata da nomi e comuni citati, in corso di verifica"
P126,Velocizzazione direttrice Salerno-Taranto Velocizzazione impianti linea Battipaglia-Potenza,"registro RFI (CdP Servizi, Allegato 3)",C147,Salerno - Arechi,media,nome-parziale,salerno,,no,"dedotto: i CdP Investimenti non dichiarano la linea; associazione ricavata da nomi e comuni citati, in corso di verifica"
P126,Velocizzazione direttrice Salerno-Taranto Velocizzazione impianti linea Battipaglia-Potenza,"registro RFI (CdP Servizi, Allegato 3)",C148,Mercato S.Severino - Salerno,media,nome-parziale,salerno,,no,"dedotto: i CdP Investimenti non dichiarano la linea; associazione ricavata da nomi e comuni citati, in corso di verifica"
P126,Velocizzazione direttrice Salerno-Taranto Velocizzazione impianti linea Battipaglia-Potenza,"registro RFI (CdP Servizi, Allegato 3)",C154,Rocchetta S.A.L. - Potenza,media,nome-parziale,potenza,,no,"dedotto: i CdP Investimenti non dichiarano la linea; associazione ricavata da nomi e comuni citati, in corso di verifica"
P128,Elettrificazione linea Trento-Bassano 1^ fase Elettrificazione Trento-Borgo Valsugana,"registro RFI (CdP Servizi, Allegato 3)",C232,Trento - Primolano,alta,nome-parziale,trento,,si,"dedotto: i CdP Investimenti non dichiarano la linea; associazione ricavata da nomi e comuni citati, in corso di verifica"
P128,Elettrificazione linea Trento-Bassano 1^ fase Elettrificazione Trento-Borgo Valsugana,"registro RFI (CdP Servizi, Allegato 3)",F027,BRENNERO - VERONA,media,nome-parziale,,,no,"dedotto: i CdP Investimenti non dichiarano la linea; associazione ricavata da nomi e comuni citati, in corso di verifica"
P129,Collegamento ferroviario aeroporto di Genova Fermate di Erzelli/Aeroporto e Cornigliano est ACC e PRG Sestri Ponente PROG PROG,"registro RFI (CdP Servizi, Allegato 3)",N004,Genova,media,nome-parziale,genova,,no,"dedotto: i CdP Investimenti non dichiarano la linea; associazione ricavata da nomi e comuni citati, in corso di verifica"
P129,Collegamento ferroviario aeroporto di Genova Fermate di Erzelli/Aeroporto e Cornigliano est ACC e PRG Sestri Ponente PROG PROG,"registro RFI (CdP Servizi, Allegato 3)",C098,Ovada - Genova Borzoli,media,nome-parziale,,,no,"dedotto: i CdP Investimenti non dichiarano la linea; associazione ricavata da nomi e comuni citati, in corso di verifica"
P129,Collegamento ferroviario aeroporto di Genova Fermate di Erzelli/Aeroporto e Cornigliano est ACC e PRG Sestri Ponente PROG PROG,"registro RFI (CdP Servizi, Allegato 3)",F007,SAVONA -  GENOVA VOLTRI [GENOVA],media,nome-parziale,,,no,"dedotto: i CdP Investimenti non dichiarano la linea; associazione ricavata da nomi e comuni citati, in corso di verifica"
P129,Collegamento ferroviario aeroporto di Genova Fermate di Erzelli/Aeroporto e Cornigliano est ACC e PRG Sestri Ponente PROG PROG,"registro RFI (CdP Servizi, Allegato 3)",F019,ARQUATA - MIGNANEGO / GENOVA RIVAROLO / GENOVA CAMPASSO [GENOVA] (compresa via Isola del Cantone),media,nome-parziale,,,no,"dedotto: i CdP Investimenti non dichiarano la linea; associazione ricavata da nomi e comuni citati, in corso di verifica"
P131,Velocizzazione linea Torino-Genova Velocizzazione Torino-Genova 1^ fase (potenziamento tecnologico e rettifiche di tracciato) Velocizzazione Torino-Genova 2^ fase (varianti di tracciato),"registro RFI (CdP Servizi, Allegato 3)",N001,Torino,media,nome-parziale,torino,,no,"dedotto: i CdP Investimenti non dichiarano la linea; associazione ricavata da nomi e comuni citati, in corso di verifica"
P131,Velocizzazione linea Torino-Genova Velocizzazione Torino-Genova 1^ fase (potenziamento tecnologico e rettifiche di tracciato) Velocizzazione Torino-Genova 2^ fase (varianti di tracciato),"registro RFI (CdP Servizi, Allegato 3)",N004,Genova,media,nome-parziale,genova,,no,"dedotto: i CdP Investimenti non dichiarano la linea; associazione ricavata da nomi e comuni citati, in corso di verifica"
P131,Velocizzazione linea Torino-Genova Velocizzazione Torino-Genova 1^ fase (potenziamento tecnologico e rettifiche di tracciato) Velocizzazione Torino-Genova 2^ fase (varianti di tracciato),"registro RFI (CdP Servizi, Allegato 3)",C098,Ovada - Genova Borzoli,media,nome-parziale,,,no,"dedotto: i CdP Investimenti non dichiarano la linea; associazione ricavata da nomi e comuni citati, in corso di verifica"
P131,Velocizzazione linea Torino-Genova Velocizzazione Torino-Genova 1^ fase (potenziamento tecnologico e rettifiche di tracciato) Velocizzazione Torino-Genova 2^ fase (varianti di tracciato),"registro RFI (CdP Servizi, Allegato 3)",F007,SAVONA -  GENOVA VOLTRI [GENOVA],media,nome-parziale,,,no,"dedotto: i CdP Investimenti non dichiarano la linea; associazione ricavata da nomi e comuni citati, in corso di verifica"
P131,Velocizzazione linea Torino-Genova Velocizzazione Torino-Genova 1^ fase (potenziamento tecnologico e rettifiche di tracciato) Velocizzazione Torino-Genova 2^ fase (varianti di tracciato),"registro RFI (CdP Servizi, Allegato 3)",F019,ARQUATA - MIGNANEGO / GENOVA RIVAROLO / GENOVA CAMPASSO [GENOVA] (compresa via Isola del Cantone),media,nome-parziale,,,no,"dedotto: i CdP Investimenti non dichiarano la linea; associazione ricavata da nomi e comuni citati, in corso di verifica"
P131,Velocizzazione linea Torino-Genova Velocizzazione Torino-Genova 1^ fase (potenziamento tecnologico e rettifiche di tracciato) Velocizzazione Torino-Genova 2^ fase (varianti di tracciato),"registro RFI (CdP Servizi, Allegato 3)",A003,Torino-Milano AV/AC,bassa,nome-parziale,torino,,no,"dedotto: i CdP Investimenti non dichiarano la linea; associazione ricavata da nomi e comuni citati, in corso di verifica"
P133,Velocizzazione linea Milano-Genova Velocizzazione Milano-Genova 1^ fase - potenziamento tecnologico e 2^ fase - rettifiche di tracciato e piccole varianti,"registro RFI (CdP Servizi, Allegato 3)",N002,Milano,media,nome-parziale,milano,,no,"dedotto: i CdP Investimenti non dichiarano la linea; associazione ricavata da nomi e comuni citati, in corso di verifica"
P133,Velocizzazione linea Milano-Genova Velocizzazione Milano-Genova 1^ fase - potenziamento tecnologico e 2^ fase - rettifiche di tracciato e piccole varianti,"registro RFI (CdP Servizi, Allegato 3)",N004,Genova,media,nome-parziale,genova,,no,"dedotto: i CdP Investimenti non dichiarano la linea; associazione ricavata da nomi e comuni citati, in corso di verifica"
P133,Velocizzazione linea Milano-Genova Velocizzazione Milano-Genova 1^ fase - potenziamento tecnologico e 2^ fase - rettifiche di tracciato e piccole varianti,"registro RFI (CdP Servizi, Allegato 3)",C058,Milano P.Genova - Mortara,media,nome-parziale,,,no,"dedotto: i CdP Investimenti non dichiarano la linea; associazione ricavata da nomi e comuni citati, in corso di verifica"
P133,Velocizzazione linea Milano-Genova Velocizzazione Milano-Genova 1^ fase - potenziamento tecnologico e 2^ fase - rettifiche di tracciato e piccole varianti,"registro RFI (CdP Servizi, Allegato 3)",C098,Ovada - Genova Borzoli,media,nome-parziale,,,no,"dedotto: i CdP Investimenti non dichiarano la linea; associazione ricavata da nomi e comuni citati, in corso di verifica"
P133,Velocizzazione linea Milano-Genova Velocizzazione Milano-Genova 1^ fase - potenziamento tecnologico e 2^ fase - rettifiche di tracciato e piccole varianti,"registro RFI (CdP Servizi, Allegato 3)",F005,[MILANO] MILANO ROGOREDO - ARQUATA (compresa via Novi L. e via Bressana B. - Arena Po),media,nome-parziale,,,no,"dedotto: i CdP Investimenti non dichiarano la linea; associazione ricavata da nomi e comuni citati, in corso di verifica"
P133,Velocizzazione linea Milano-Genova Velocizzazione Milano-Genova 1^ fase - potenziamento tecnologico e 2^ fase - rettifiche di tracciato e piccole varianti,"registro RFI (CdP Servizi, Allegato 3)",F007,SAVONA -  GENOVA VOLTRI [GENOVA],media,nome-parziale,,,no,"dedotto: i CdP Investimenti non dichiarano la linea; associazione ricavata da nomi e comuni citati, in corso di verifica"
P134,Upgrading infrastrutturale e tecnologico nodo di Napoli,"registro RFI (CdP Servizi, Allegato 3)",N008,Napoli,media,nome-parziale,napoli,,no,"dedotto: i CdP Investimenti non dichiarano la linea; associazione ricavata da nomi e comuni citati, in corso di verifica"
P134,Upgrading infrastrutturale e tecnologico nodo di Napoli,"registro RFI (CdP Servizi, Allegato 3)",F073,[NAPOLI] PORTICI - SALERNO,media,nome-parziale,,,no,"dedotto: i CdP Investimenti non dichiarano la linea; associazione ricavata da nomi e comuni citati, in corso di verifica"
P134,Upgrading infrastrutturale e tecnologico nodo di Napoli,"registro RFI (CdP Servizi, Allegato 3)",A001,Roma-Napoli AV/AC,bassa,nome-parziale,napoli,,no,"dedotto: i CdP Investimenti non dichiarano la linea; associazione ricavata da nomi e comuni citati, in corso di verifica"
P134,Upgrading infrastrutturale e tecnologico nodo di Napoli,"registro RFI (CdP Servizi, Allegato 3)",F073AV,NAPOLI - SALERNO LMV,bassa,nome-parziale,napoli,,no,"dedotto: i CdP Investimenti non dichiarano la linea; associazione ricavata da nomi e comuni citati, in corso di verifica"
P135,Upgrading infrastrutturale e tecnologico nodi di Palermo - Catania - Messina,"registro RFI (CdP Servizi, Allegato 3)",C169,Messina - Catania,alta,nome,messina|catania,,no,"dedotto: i CdP Investimenti non dichiarano la linea; associazione ricavata da nomi e comuni citati, in corso di verifica"
P135,Upgrading infrastrutturale e tecnologico nodi di Palermo - Catania - Messina,"registro RFI (CdP Servizi, Allegato 3)",C170,Catania  - Lentini Diramazione,media,nome-parziale,catania,,no,"dedotto: i CdP Investimenti non dichiarano la linea; associazione ricavata da nomi e comuni citati, in corso di verifica"
P135,Upgrading infrastrutturale e tecnologico nodi di Palermo - Catania - Messina,"registro RFI (CdP Servizi, Allegato 3)",C175,Messina - Fiumetorto,media,nome-parziale,messina,,no,"dedotto: i CdP Investimenti non dichiarano la linea; associazione ricavata da nomi e comuni citati, in corso di verifica"
P135,Upgrading infrastrutturale e tecnologico nodi di Palermo - Catania - Messina,"registro RFI (CdP Servizi, Allegato 3)",C176,Fiumetorto - Palermo,media,nome-parziale,palermo,,no,"dedotto: i CdP Investimenti non dichiarano la linea; associazione ricavata da nomi e comuni citati, in corso di verifica"
P135,Upgrading infrastrutturale e tecnologico nodi di Palermo - Catania - Messina,"registro RFI (CdP Servizi, Allegato 3)",C181,Palermo - Carini,media,nome-parziale,palermo,,no,"dedotto: i CdP Investimenti non dichiarano la linea; associazione ricavata da nomi e comuni citati, in corso di verifica"
P135,Upgrading infrastrutturale e tecnologico nodi di Palermo - Catania - Messina,"registro RFI (CdP Servizi, Allegato 3)",C184,Palermo Centrale - Palermo Marittima,media,nome-parziale,palermo,,no,"dedotto: i CdP Investimenti non dichiarano la linea; associazione ricavata da nomi e comuni citati, in corso di verifica"
P136,Linea Bolzano-Merano: Galleria del Virgolo Modifica radice sud di Bolzano e inserimento terzo binario indipendente per linea Bolzano-Merano,"registro RFI (CdP Servizi, Allegato 3)",C068,Bolzano - Merano,alta,nome,bolzano|merano,,no,"dedotto: i CdP Investimenti non dichiarano la linea; associazione ricavata da nomi e comuni citati, in corso di verifica"
P141,Elettrificazione e velocizzazione Roccaravindola-Isernia- Campobasso,"registro RFI (CdP Servizi, Allegato 3)",C140,Carpinone - Isernia,media,nome-parziale,isernia,,no,"dedotto: i CdP Investimenti non dichiarano la linea; associazione ricavata da nomi e comuni citati, in corso di verifica"
P141,Elettrificazione e velocizzazione Roccaravindola-Isernia- Campobasso,"registro RFI (CdP Servizi, Allegato 3)",C141,Isernia - Vairano,media,nome-parziale,isernia,,no,"dedotto: i CdP Investimenti non dichiarano la linea; associazione ricavata da nomi e comuni citati, in corso di verifica"
P141,Elettrificazione e velocizzazione Roccaravindola-Isernia- Campobasso,"registro RFI (CdP Servizi, Allegato 3)",C202,Campobasso - Bosco Redole - Benevento,media,nome-parziale,campobasso,,no,"dedotto: i CdP Investimenti non dichiarano la linea; associazione ricavata da nomi e comuni citati, in corso di verifica"
P141,Elettrificazione e velocizzazione Roccaravindola-Isernia- Campobasso,"registro RFI (CdP Servizi, Allegato 3)",C230,Termoli - Campobasso,media,nome-parziale,campobasso,,no,"dedotto: i CdP Investimenti non dichiarano la linea; associazione ricavata da nomi e comuni citati, in corso di verifica"
P142,"Porto di Ravenna Porto di Ravenna 1^ fase: Soppressione P.L. via Canale Molinetto, ITER adeguamento cavalcavia Teodorico, prolungamento del sottopassaggio pedonale di stazione e adeguamento collegamento esistente dorsale sinistra Candiano Porto di Ravenna 2^ fase: Potenziamento collegamenti esistenti ITER dorsali sinistra e destra Candiano","registro RFI (CdP Servizi, Allegato 3)",C101,Lavezzola - Ravenna,media,nome-parziale,ravenna,,no,"dedotto: i CdP Investimenti non dichiarano la linea; associazione ricavata da nomi e comuni citati, in corso di verifica"
P142,"Porto di Ravenna Porto di Ravenna 1^ fase: Soppressione P.L. via Canale Molinetto, ITER adeguamento cavalcavia Teodorico, prolungamento del sottopassaggio pedonale di stazione e adeguamento collegamento esistente dorsale sinistra Candiano Porto di Ravenna 2^ fase: Potenziamento collegamenti esistenti ITER dorsali sinistra e destra Candiano","registro RFI (CdP Servizi, Allegato 3)",C102,Ravenna - Rimini,media,nome-parziale,ravenna,,no,"dedotto: i CdP Investimenti non dichiarano la linea; associazione ricavata da nomi e comuni citati, in corso di verifica"
P142,"Porto di Ravenna Porto di Ravenna 1^ fase: Soppressione P.L. via Canale Molinetto, ITER adeguamento cavalcavia Teodorico, prolungamento del sottopassaggio pedonale di stazione e adeguamento collegamento esistente dorsale sinistra Candiano Porto di Ravenna 2^ fase: Potenziamento collegamenti esistenti ITER dorsali sinistra e destra Candiano","registro RFI (CdP Servizi, Allegato 3)",C108,Russi - Ravenna,media,nome-parziale,ravenna,,no,"dedotto: i CdP Investimenti non dichiarano la linea; associazione ricavata da nomi e comuni citati, in corso di verifica"
P142A,"Porto di Ravenna 1^ fase: Prolungamento dorsale destra Candiano, soppressione del Passaggio a Livello di via Canale Molinetto, adeguamento sagoma cavalcavia Teodorico e altre opere - quota RFI","registro RFI (CdP Servizi, Allegato 3)",C101,Lavezzola - Ravenna,media,nome-parziale,ravenna,,no,"dedotto: i CdP Investimenti non dichiarano la linea; associazione ricavata da nomi e comuni citati, in corso di verifica"
P142A,"Porto di Ravenna 1^ fase: Prolungamento dorsale destra Candiano, soppressione del Passaggio a Livello di via Canale Molinetto, adeguamento sagoma cavalcavia Teodorico e altre opere - quota RFI","registro RFI (CdP Servizi, Allegato 3)",C102,Ravenna - Rimini,media,nome-parziale,ravenna,,no,"dedotto: i CdP Investimenti non dichiarano la linea; associazione ricavata da nomi e comuni citati, in corso di verifica"
P142A,"Porto di Ravenna 1^ fase: Prolungamento dorsale destra Candiano, soppressione del Passaggio a Livello di via Canale Molinetto, adeguamento sagoma cavalcavia Teodorico e altre opere - quota RFI","registro RFI (CdP Servizi, Allegato 3)",C108,Russi - Ravenna,media,nome-parziale,ravenna,,no,"dedotto: i CdP Investimenti non dichiarano la linea; associazione ricavata da nomi e comuni citati, in corso di verifica"
P142A,"Porto di Ravenna 1^ fase: Prolungamento dorsale destra Candiano, soppressione del Passaggio a Livello di via Canale Molinetto, adeguamento sagoma cavalcavia Teodorico e altre opere - quota RFI","registro RFI (CdP Servizi, Allegato 3)",C177,Caltanissetta Xirbi - Roccapalumba-A.,media,nome-parziale,a,,no,"dedotto: i CdP Investimenti non dichiarano la linea; associazione ricavata da nomi e comuni citati, in corso di verifica"
P142A,"Porto di Ravenna 1^ fase: Prolungamento dorsale destra Candiano, soppressione del Passaggio a Livello di via Canale Molinetto, adeguamento sagoma cavalcavia Teodorico e altre opere - quota RFI","registro RFI (CdP Servizi, Allegato 3)",C180,Roccapalumba-A. - Fiumetorto,media,nome-parziale,a,,no,"dedotto: i CdP Investimenti non dichiarano la linea; associazione ricavata da nomi e comuni citati, in corso di verifica"
P142A,"Porto di Ravenna 1^ fase: Prolungamento dorsale destra Candiano, soppressione del Passaggio a Livello di via Canale Molinetto, adeguamento sagoma cavalcavia Teodorico e altre opere - quota RFI","registro RFI (CdP Servizi, Allegato 3)",C182,Roccapalumba-A. - Aragona Caldare,media,nome-parziale,a,,no,"dedotto: i CdP Investimenti non dichiarano la linea; associazione ricavata da nomi e comuni citati, in corso di verifica"
P142B,Porto di Ravenna - completamento Completamento: interventi funzionali al potenziamento della relazione ferroviaria Ravenna-Poggio Rusco,"registro RFI (CdP Servizi, Allegato 3)",C101,Lavezzola - Ravenna,media,nome-parziale,ravenna,,no,"dedotto: i CdP Investimenti non dichiarano la linea; associazione ricavata da nomi e comuni citati, in corso di verifica"
P142B,Porto di Ravenna - completamento Completamento: interventi funzionali al potenziamento della relazione ferroviaria Ravenna-Poggio Rusco,"registro RFI (CdP Servizi, Allegato 3)",C102,Ravenna - Rimini,media,nome-parziale,ravenna,,no,"dedotto: i CdP Investimenti non dichiarano la linea; associazione ricavata da nomi e comuni citati, in corso di verifica"
P142B,Porto di Ravenna - completamento Completamento: interventi funzionali al potenziamento della relazione ferroviaria Ravenna-Poggio Rusco,"registro RFI (CdP Servizi, Allegato 3)",C108,Russi - Ravenna,media,nome-parziale,ravenna,,no,"dedotto: i CdP Investimenti non dichiarano la linea; associazione ricavata da nomi e comuni citati, in corso di verifica"
P142B,Porto di Ravenna - completamento Completamento: interventi funzionali al potenziamento della relazione ferroviaria Ravenna-Poggio Rusco,"registro RFI (CdP Servizi, Allegato 3)",F029,VERONA  - TAVERNELLE [BOLOGNA],media,nome-parziale,,,no,"dedotto: i CdP Investimenti non dichiarano la linea; associazione ricavata da nomi e comuni citati, in corso di verifica"
P145,Elettrificazione Empoli-Siena,"registro RFI (CdP Servizi, Allegato 3)",C121,Empoli - Siena,alta,nome,empoli|siena,,no,"dedotto: i CdP Investimenti non dichiarano la linea; associazione ricavata da nomi e comuni citati, in corso di verifica"
P145,Elettrificazione Empoli-Siena,"registro RFI (CdP Servizi, Allegato 3)",C122,Siena - Asciano,media,nome-parziale,siena,,no,"dedotto: i CdP Investimenti non dichiarano la linea; associazione ricavata da nomi e comuni citati, in corso di verifica"
P145,Elettrificazione Empoli-Siena,"registro RFI (CdP Servizi, Allegato 3)",C228,Siena - Monte Antico - Montepescali,media,nome-parziale,siena,,no,"dedotto: i CdP Investimenti non dichiarano la linea; associazione ricavata da nomi e comuni citati, in corso di verifica"
P145,Elettrificazione Empoli-Siena,"registro RFI (CdP Servizi, Allegato 3)",F049,[FIRENZE] FIRENZE CASCINE - PISA,media,nome-parziale,,,no,"dedotto: i CdP Investimenti non dichiarano la linea; associazione ricavata da nomi e comuni citati, in corso di verifica"
P146,Potenziamento e velocizzazione Firenze-Pisa,"registro RFI (CdP Servizi, Allegato 3)",F049,[FIRENZE] FIRENZE CASCINE - PISA,alta,nome-parziale,pisa,,no,"dedotto: i CdP Investimenti non dichiarano la linea; associazione ricavata da nomi e comuni citati, in corso di verifica"
P146,Potenziamento e velocizzazione Firenze-Pisa,"registro RFI (CdP Servizi, Allegato 3)",C117,Pisa - Lucca,media,nome-parziale,pisa,,no,"dedotto: i CdP Investimenti non dichiarano la linea; associazione ricavata da nomi e comuni citati, in corso di verifica"
P146,Potenziamento e velocizzazione Firenze-Pisa,"registro RFI (CdP Servizi, Allegato 3)",F045,[GENOVA] GENOVA NERVI - PISA,media,nome-parziale,pisa,,no,"dedotto: i CdP Investimenti non dichiarano la linea; associazione ricavata da nomi e comuni citati, in corso di verifica"
P146,Potenziamento e velocizzazione Firenze-Pisa,"registro RFI (CdP Servizi, Allegato 3)",F051,PISA  - MACCARESE [ROMA] (compresa Vada - Collesalvetti),media,nome-parziale,pisa,,no,"dedotto: i CdP Investimenti non dichiarano la linea; associazione ricavata da nomi e comuni citati, in corso di verifica"
P146,Potenziamento e velocizzazione Firenze-Pisa,"registro RFI (CdP Servizi, Allegato 3)",N006,Firenze,media,nome-parziale,firenze,,no,"dedotto: i CdP Investimenti non dichiarano la linea; associazione ricavata da nomi e comuni citati, in corso di verifica"
P146,Potenziamento e velocizzazione Firenze-Pisa,"registro RFI (CdP Servizi, Allegato 3)",C112,Firenze S. Marco V. - Borgo S.Lorenzo,media,nome-parziale,,,no,"dedotto: i CdP Investimenti non dichiarano la linea; associazione ricavata da nomi e comuni citati, in corso di verifica"
P147,Elettrificazione Civitanova-Macerata-Albacina Elettrificazione Civitanova-Macerata-Albacina,"registro RFI (CdP Servizi, Allegato 3)",C126,Civitanova - Albacina,alta,nome,civitanova|albacina,,no,"dedotto: i CdP Investimenti non dichiarano la linea; associazione ricavata da nomi e comuni citati, in corso di verifica"
P173,Nuovo terminale Milano smistamento (interventi RFI) Milano smistamento: attrezzaggio tecnologico nuovo terminale e opere di allaccio alla rete ferroviaria nazionale,"registro RFI (CdP Servizi, Allegato 3)",N002,Milano,media,nome-parziale,milano,,no,"dedotto: i CdP Investimenti non dichiarano la linea; associazione ricavata da nomi e comuni citati, in corso di verifica"
P173,Nuovo terminale Milano smistamento (interventi RFI) Milano smistamento: attrezzaggio tecnologico nuovo terminale e opere di allaccio alla rete ferroviaria nazionale,"registro RFI (CdP Servizi, Allegato 3)",C058,Milano P.Genova - Mortara,media,nome-parziale,,,no,"dedotto: i CdP Investimenti non dichiarano la linea; associazione ricavata da nomi e comuni citati, in corso di verifica"
P173,Nuovo terminale Milano smistamento (interventi RFI) Milano smistamento: attrezzaggio tecnologico nuovo terminale e opere di allaccio alla rete ferroviaria nazionale,"registro RFI (CdP Servizi, Allegato 3)",F005,[MILANO] MILANO ROGOREDO - ARQUATA (compresa via Novi L. e via Bressana B. - Arena Po),media,nome-parziale,,,no,"dedotto: i CdP Investimenti non dichiarano la linea; associazione ricavata da nomi e comuni citati, in corso di verifica"
P173,Nuovo terminale Milano smistamento (interventi RFI) Milano smistamento: attrezzaggio tecnologico nuovo terminale e opere di allaccio alla rete ferroviaria nazionale,"registro RFI (CdP Servizi, Allegato 3)",F041,[MILANO] MILANO ROGOREDO - LAVINO [BOLOGNA],media,nome-parziale,,,no,"dedotto: i CdP Investimenti non dichiarano la linea; associazione ricavata da nomi e comuni citati, in corso di verifica"
P173,Nuovo terminale Milano smistamento (interventi RFI) Milano smistamento: attrezzaggio tecnologico nuovo terminale e opere di allaccio alla rete ferroviaria nazionale,"registro RFI (CdP Servizi, Allegato 3)",A003,Torino-Milano AV/AC,bassa,nome-parziale,milano,,no,"dedotto: i CdP Investimenti non dichiarano la linea; associazione ricavata da nomi e comuni citati, in corso di verifica"
P173,Nuovo terminale Milano smistamento (interventi RFI) Milano smistamento: attrezzaggio tecnologico nuovo terminale e opere di allaccio alla rete ferroviaria nazionale,"registro RFI (CdP Servizi, Allegato 3)",A005,Milano-Bologna AV/AC,bassa,nome-parziale,milano,,no,"dedotto: i CdP Investimenti non dichiarano la linea; associazione ricavata da nomi e comuni citati, in corso di verifica"
P174,Scalo merci Bari Lamasinata Nuova stazione di Bari Lamasinata/Ferruccio fasi PROG PROG,"registro RFI (CdP Servizi, Allegato 3)",C150,Bari - Brindisi,media,nome-parziale,bari,,no,"dedotto: i CdP Investimenti non dichiarano la linea; associazione ricavata da nomi e comuni citati, in corso di verifica"
P174,Scalo merci Bari Lamasinata Nuova stazione di Bari Lamasinata/Ferruccio fasi PROG PROG,"registro RFI (CdP Servizi, Allegato 3)",C158,Bari - Gioia Del Colle,media,nome-parziale,bari,,no,"dedotto: i CdP Investimenti non dichiarano la linea; associazione ricavata da nomi e comuni citati, in corso di verifica"
P174,Scalo merci Bari Lamasinata Nuova stazione di Bari Lamasinata/Ferruccio fasi PROG PROG,"registro RFI (CdP Servizi, Allegato 3)",F069,FOGGIA - BARI (compresa Enziteto Catino - Bari S.Spirito),media,nome-parziale,bari,,no,"dedotto: i CdP Investimenti non dichiarano la linea; associazione ricavata da nomi e comuni citati, in corso di verifica"
P174,Scalo merci Bari Lamasinata Nuova stazione di Bari Lamasinata/Ferruccio fasi PROG PROG,"registro RFI (CdP Servizi, Allegato 3)",C152,Bari - Bitritto,bassa,nome-parziale,bari,,no,"dedotto: i CdP Investimenti non dichiarano la linea; associazione ricavata da nomi e comuni citati, in corso di verifica"
P175,Scalo Torino Orbassano ACC Torino Orbassano Scalo Torino Orbassano: interventi in fascio container,"registro RFI (CdP Servizi, Allegato 3)",N001,Torino,alta,nome-parziale,torino,,no,"dedotto: i CdP Investimenti non dichiarano la linea; associazione ricavata da nomi e comuni citati, in corso di verifica"
P175,Scalo Torino Orbassano ACC Torino Orbassano Scalo Torino Orbassano: interventi in fascio container,"registro RFI (CdP Servizi, Allegato 3)",A003,Torino-Milano AV/AC,bassa,nome-parziale,torino,,no,"dedotto: i CdP Investimenti non dichiarano la linea; associazione ricavata da nomi e comuni citati, in corso di verifica"
P178,Nodo intermodale di Brindisi Nodo intermodale di Brindisi,"registro RFI (CdP Servizi, Allegato 3)",C150,Bari - Brindisi,media,nome-parziale,brindisi,,no,"dedotto: i CdP Investimenti non dichiarano la linea; associazione ricavata da nomi e comuni citati, in corso di verifica"
P178,Nodo intermodale di Brindisi Nodo intermodale di Brindisi,"registro RFI (CdP Servizi, Allegato 3)",C151,Brindisi - Lecce,media,nome-parziale,brindisi,,no,"dedotto: i CdP Investimenti non dichiarano la linea; associazione ricavata da nomi e comuni citati, in corso di verifica"
P178,Nodo intermodale di Brindisi Nodo intermodale di Brindisi,"registro RFI (CdP Servizi, Allegato 3)",C157,Taranto - Brindisi,media,nome-parziale,brindisi,,no,"dedotto: i CdP Investimenti non dichiarano la linea; associazione ricavata da nomi e comuni citati, in corso di verifica"
P188,Raddoppio Bolzano-Merano Raddoppio Bolzano-Merano PROG PROG,"registro RFI (CdP Servizi, Allegato 3)",C068,Bolzano - Merano,alta,nome,bolzano|merano,,no,"dedotto: i CdP Investimenti non dichiarano la linea; associazione ricavata da nomi e comuni citati, in corso di verifica"
P192,Upgrading infrastrutturale e tecnologico nodo di Genova,"registro RFI (CdP Servizi, Allegato 3)",N004,Genova,media,nome-parziale,genova,,no,"dedotto: i CdP Investimenti non dichiarano la linea; associazione ricavata da nomi e comuni citati, in corso di verifica"
P192,Upgrading infrastrutturale e tecnologico nodo di Genova,"registro RFI (CdP Servizi, Allegato 3)",C098,Ovada - Genova Borzoli,media,nome-parziale,,,no,"dedotto: i CdP Investimenti non dichiarano la linea; associazione ricavata da nomi e comuni citati, in corso di verifica"
P192,Upgrading infrastrutturale e tecnologico nodo di Genova,"registro RFI (CdP Servizi, Allegato 3)",F007,SAVONA -  GENOVA VOLTRI [GENOVA],media,nome-parziale,,,no,"dedotto: i CdP Investimenti non dichiarano la linea; associazione ricavata da nomi e comuni citati, in corso di verifica"
P192,Upgrading infrastrutturale e tecnologico nodo di Genova,"registro RFI (CdP Servizi, Allegato 3)",F019,ARQUATA - MIGNANEGO / GENOVA RIVAROLO / GENOVA CAMPASSO [GENOVA] (compresa via Isola del Cantone),media,nome-parziale,,,no,"dedotto: i CdP Investimenti non dichiarano la linea; associazione ricavata da nomi e comuni citati, in corso di verifica"
P193,Upgrading infrastrutturale e tecnologico nodo di Bari,"registro RFI (CdP Servizi, Allegato 3)",C150,Bari - Brindisi,media,nome-parziale,bari,,no,"dedotto: i CdP Investimenti non dichiarano la linea; associazione ricavata da nomi e comuni citati, in corso di verifica"
P193,Upgrading infrastrutturale e tecnologico nodo di Bari,"registro RFI (CdP Servizi, Allegato 3)",C158,Bari - Gioia Del Colle,media,nome-parziale,bari,,no,"dedotto: i CdP Investimenti non dichiarano la linea; associazione ricavata da nomi e comuni citati, in corso di verifica"
P193,Upgrading infrastrutturale e tecnologico nodo di Bari,"registro RFI (CdP Servizi, Allegato 3)",F069,FOGGIA - BARI (compresa Enziteto Catino - Bari S.Spirito),media,nome-parziale,bari,,no,"dedotto: i CdP Investimenti non dichiarano la linea; associazione ricavata da nomi e comuni citati, in corso di verifica"
P193,Upgrading infrastrutturale e tecnologico nodo di Bari,"registro RFI (CdP Servizi, Allegato 3)",C152,Bari - Bitritto,bassa,nome-parziale,bari,,no,"dedotto: i CdP Investimenti non dichiarano la linea; associazione ricavata da nomi e comuni citati, in corso di verifica"
P194,Upgrading infrastrutturale e tecnologico nodo di Reggio Calabria,"registro RFI (CdP Servizi, Allegato 3)",F077,PAOLA - REGGIO CALABRIA CENTRALE (compresa Eccellente - Rosarno),media,nome-parziale,reggio calabria,,no,"dedotto: i CdP Investimenti non dichiarano la linea; associazione ricavata da nomi e comuni citati, in corso di verifica"
P196,Upgrading infrastrutturale e tecnologico nodo di Catania,"registro RFI (CdP Servizi, Allegato 3)",C169,Messina - Catania,media,nome-parziale,catania,,no,"dedotto: i CdP Investimenti non dichiarano la linea; associazione ricavata da nomi e comuni citati, in corso di verifica"
P196,Upgrading infrastrutturale e tecnologico nodo di Catania,"registro RFI (CdP Servizi, Allegato 3)",C170,Catania  - Lentini Diramazione,media,nome-parziale,catania,,no,"dedotto: i CdP Investimenti non dichiarano la linea; associazione ricavata da nomi e comuni citati, in corso di verifica"
P196,Upgrading infrastrutturale e tecnologico nodo di Catania,"registro RFI (CdP Servizi, Allegato 3)",C178,Bicocca - Caltanissetta Xirbi,media,nome-parziale,,,no,"dedotto: i CdP Investimenti non dichiarano la linea; associazione ricavata da nomi e comuni citati, in corso di verifica"
P197,Upgrading infrastrutturale e tecnologico nodo di Cagliari,"registro RFI (CdP Servizi, Allegato 3)",C188,Decimomannu - Cagliari,media,nome-parziale,cagliari,,no,"dedotto: i CdP Investimenti non dichiarano la linea; associazione ricavata da nomi e comuni citati, in corso di verifica"
P210A,Potenziamento della linea Terni - Rieti - L’Aquila-Sulmona Velocizzazione Terni-Rieti e adeguamento massa assiale Rieti- ITER L'Aquila Linea Terni-Sulmona: Infrastrutture di terra per la produzione/stoccaggi e distribuzione di idrogeno verde,"registro RFI (CdP Servizi, Allegato 3)",C231,Terni - Sulmona,alta,nome,terni|sulmona,,no,"dedotto: i CdP Investimenti non dichiarano la linea; associazione ricavata da nomi e comuni citati, in corso di verifica"
P210A,Potenziamento della linea Terni - Rieti - L’Aquila-Sulmona Velocizzazione Terni-Rieti e adeguamento massa assiale Rieti- ITER L'Aquila Linea Terni-Sulmona: Infrastrutture di terra per la produzione/stoccaggi e distribuzione di idrogeno verde,"registro RFI (CdP Servizi, Allegato 3)",C125,Pescara - Sulmona,media,nome-parziale,sulmona,,no,"dedotto: i CdP Investimenti non dichiarano la linea; associazione ricavata da nomi e comuni citati, in corso di verifica"
P210A,Potenziamento della linea Terni - Rieti - L’Aquila-Sulmona Velocizzazione Terni-Rieti e adeguamento massa assiale Rieti- ITER L'Aquila Linea Terni-Sulmona: Infrastrutture di terra per la produzione/stoccaggi e distribuzione di idrogeno verde,"registro RFI (CdP Servizi, Allegato 3)",C131,Sulmona - Avezzano,media,nome-parziale,sulmona,,no,"dedotto: i CdP Investimenti non dichiarano la linea; associazione ricavata da nomi e comuni citati, in corso di verifica"
P210A,Potenziamento della linea Terni - Rieti - L’Aquila-Sulmona Velocizzazione Terni-Rieti e adeguamento massa assiale Rieti- ITER L'Aquila Linea Terni-Sulmona: Infrastrutture di terra per la produzione/stoccaggi e distribuzione di idrogeno verde,"registro RFI (CdP Servizi, Allegato 3)",C229,Sulmona - Carpinone,media,nome-parziale,sulmona,,no,"dedotto: i CdP Investimenti non dichiarano la linea; associazione ricavata da nomi e comuni citati, in corso di verifica"
P210A,Potenziamento della linea Terni - Rieti - L’Aquila-Sulmona Velocizzazione Terni-Rieti e adeguamento massa assiale Rieti- ITER L'Aquila Linea Terni-Sulmona: Infrastrutture di terra per la produzione/stoccaggi e distribuzione di idrogeno verde,"registro RFI (CdP Servizi, Allegato 3)",F065,ANCONA - ORTE (compresa Ancona - Ancona Marittima),media,nome-parziale,,,no,"dedotto: i CdP Investimenti non dichiarano la linea; associazione ricavata da nomi e comuni citati, in corso di verifica"
P210B,Collegamento Terni-Rieti-L'Aquila-Sulmona completamento Completamento Terni-Rieti-L’Aquila- Sulmona FAP° FAP°,"registro RFI (CdP Servizi, Allegato 3)",C231,Terni - Sulmona,alta,nome,terni|sulmona,,no,"dedotto: i CdP Investimenti non dichiarano la linea; associazione ricavata da nomi e comuni citati, in corso di verifica"
P210B,Collegamento Terni-Rieti-L'Aquila-Sulmona completamento Completamento Terni-Rieti-L’Aquila- Sulmona FAP° FAP°,"registro RFI (CdP Servizi, Allegato 3)",C125,Pescara - Sulmona,media,nome-parziale,sulmona,,no,"dedotto: i CdP Investimenti non dichiarano la linea; associazione ricavata da nomi e comuni citati, in corso di verifica"
P210B,Collegamento Terni-Rieti-L'Aquila-Sulmona completamento Completamento Terni-Rieti-L’Aquila- Sulmona FAP° FAP°,"registro RFI (CdP Servizi, Allegato 3)",C131,Sulmona - Avezzano,media,nome-parziale,sulmona,,no,"dedotto: i CdP Investimenti non dichiarano la linea; associazione ricavata da nomi e comuni citati, in corso di verifica"
P210B,Collegamento Terni-Rieti-L'Aquila-Sulmona completamento Completamento Terni-Rieti-L’Aquila- Sulmona FAP° FAP°,"registro RFI (CdP Servizi, Allegato 3)",C229,Sulmona - Carpinone,media,nome-parziale,sulmona,,no,"dedotto: i CdP Investimenti non dichiarano la linea; associazione ricavata da nomi e comuni citati, in corso di verifica"
P210B,Collegamento Terni-Rieti-L'Aquila-Sulmona completamento Completamento Terni-Rieti-L’Aquila- Sulmona FAP° FAP°,"registro RFI (CdP Servizi, Allegato 3)",F065,ANCONA - ORTE (compresa Ancona - Ancona Marittima),media,nome-parziale,,,no,"dedotto: i CdP Investimenti non dichiarano la linea; associazione ricavata da nomi e comuni citati, in corso di verifica"
P211,Nodo complesso di Pompei Nodo complesso di Pompei,"registro RFI (CdP Servizi, Allegato 3)",C247,Torre A.Centrale - Gragnano,media,nome-parziale,,,no,"dedotto: i CdP Investimenti non dichiarano la linea; associazione ricavata da nomi e comuni citati, in corso di verifica"
P211,Nodo complesso di Pompei Nodo complesso di Pompei,"registro RFI (CdP Servizi, Allegato 3)",F073,[NAPOLI] PORTICI - SALERNO,media,nome-parziale,,,no,"dedotto: i CdP Investimenti non dichiarano la linea; associazione ricavata da nomi e comuni citati, in corso di verifica"
P212,Riqualificazione urbana Area Portuale Napoli Est - progetto Traccia Napoli (stralcio ferroviario),"registro RFI (CdP Servizi, Allegato 3)",N008,Napoli,media,nome-parziale,napoli,,no,"dedotto: i CdP Investimenti non dichiarano la linea; associazione ricavata da nomi e comuni citati, in corso di verifica"
P212,Riqualificazione urbana Area Portuale Napoli Est - progetto Traccia Napoli (stralcio ferroviario),"registro RFI (CdP Servizi, Allegato 3)",F073,[NAPOLI] PORTICI - SALERNO,media,nome-parziale,,,no,"dedotto: i CdP Investimenti non dichiarano la linea; associazione ricavata da nomi e comuni citati, in corso di verifica"
P212,Riqualificazione urbana Area Portuale Napoli Est - progetto Traccia Napoli (stralcio ferroviario),"registro RFI (CdP Servizi, Allegato 3)",A001,Roma-Napoli AV/AC,bassa,nome-parziale,napoli,,no,"dedotto: i CdP Investimenti non dichiarano la linea; associazione ricavata da nomi e comuni citati, in corso di verifica"
P212,Riqualificazione urbana Area Portuale Napoli Est - progetto Traccia Napoli (stralcio ferroviario),"registro RFI (CdP Servizi, Allegato 3)",F073AV,NAPOLI - SALERNO LMV,bassa,nome-parziale,napoli,,no,"dedotto: i CdP Investimenti non dichiarano la linea; associazione ricavata da nomi e comuni citati, in corso di verifica"
P213,Upgrading infrastrutturale e tecnologico nodo di Messina,"registro RFI (CdP Servizi, Allegato 3)",C169,Messina - Catania,media,nome-parziale,messina,,no,"dedotto: i CdP Investimenti non dichiarano la linea; associazione ricavata da nomi e comuni citati, in corso di verifica"
P213,Upgrading infrastrutturale e tecnologico nodo di Messina,"registro RFI (CdP Servizi, Allegato 3)",C175,Messina - Fiumetorto,media,nome-parziale,messina,,no,"dedotto: i CdP Investimenti non dichiarano la linea; associazione ricavata da nomi e comuni citati, in corso di verifica"
P215,Adeguamento linea storica Torino-Modane tratta Bussoleno-Avigliana Adeguamento linea Torino-Modane 1^ fase - potenziamento tecnologico e 2^ adeguamento prestazionale,"registro RFI (CdP Servizi, Allegato 3)",F001,MODANE / MODANE FX - ALPIGNANO [TORINO],alta,nome-parziale,modane,,si,"dedotto: i CdP Investimenti non dichiarano la linea; associazione ricavata da nomi e comuni citati, in corso di verifica"
P215,Adeguamento linea storica Torino-Modane tratta Bussoleno-Avigliana Adeguamento linea Torino-Modane 1^ fase - potenziamento tecnologico e 2^ adeguamento prestazionale,"registro RFI (CdP Servizi, Allegato 3)",C246,Susa - Bussoleno,media,nome-parziale,bussoleno,,no,"dedotto: i CdP Investimenti non dichiarano la linea; associazione ricavata da nomi e comuni citati, in corso di verifica"
P215,Adeguamento linea storica Torino-Modane tratta Bussoleno-Avigliana Adeguamento linea Torino-Modane 1^ fase - potenziamento tecnologico e 2^ adeguamento prestazionale,"registro RFI (CdP Servizi, Allegato 3)",N001,Torino,media,nome-parziale,torino,,no,"dedotto: i CdP Investimenti non dichiarano la linea; associazione ricavata da nomi e comuni citati, in corso di verifica"
P215,Adeguamento linea storica Torino-Modane tratta Bussoleno-Avigliana Adeguamento linea Torino-Modane 1^ fase - potenziamento tecnologico e 2^ adeguamento prestazionale,"registro RFI (CdP Servizi, Allegato 3)",A003,Torino-Milano AV/AC,bassa,nome-parziale,torino,,no,"dedotto: i CdP Investimenti non dichiarano la linea; associazione ricavata da nomi e comuni citati, in corso di verifica"
P216,Completamento fermate SFM Torino Fermata S.Paolo Fermata Borgata Quaglia - Le Gru Fermata S.Luigi Orbassano Fermate Dora e Zappata Fermata Ferriera - Buttigliera,"registro RFI (CdP Servizi, Allegato 3)",N001,Torino,alta,nome-parziale,torino,,no,"dedotto: i CdP Investimenti non dichiarano la linea; associazione ricavata da nomi e comuni citati, in corso di verifica"
P216,Completamento fermate SFM Torino Fermata S.Paolo Fermata Borgata Quaglia - Le Gru Fermata S.Luigi Orbassano Fermate Dora e Zappata Fermata Ferriera - Buttigliera,"registro RFI (CdP Servizi, Allegato 3)",A003,Torino-Milano AV/AC,bassa,nome-parziale,torino,,no,"dedotto: i CdP Investimenti non dichiarano la linea; associazione ricavata da nomi e comuni citati, in corso di verifica"
P217,Potenziamento linea veloce collegamento Porta Nuova - Porta Susa Potenziamento linea veloce collegamento Porta Nuova -Porta Susa,"registro RFI (CdP Servizi, Allegato 3)",C246,Susa - Bussoleno,media,nome-parziale,susa,,no,"dedotto: i CdP Investimenti non dichiarano la linea; associazione ricavata da nomi e comuni citati, in corso di verifica"
P220,"Potenziamento dei collegamenti tra il porto di Livorno, la rete ferroviaria e l'interporto Guasticce Porto di Livorno: collegamento diretto Porto-Guasticce (scavalco della linea tirrenica ambito Livorno Calambrone) Porto di Livorno: Collegamento dell’interporto di Guasticce alla PROG PROG linea Pisa-Vada via Collesalvetti Porto di Livorno: Bretella di collegamento tra la linea Pisa-Vada PROG PROG via Collesalvetti e la linea Firenze-Pisa","registro RFI (CdP Servizi, Allegato 3)",F051,PISA  - MACCARESE [ROMA] (compresa Vada - Collesalvetti),alta,nome-parziale,pisa,,no,"dedotto: i CdP Investimenti non dichiarano la linea; associazione ricavata da nomi e comuni citati, in corso di verifica"
P220,"Potenziamento dei collegamenti tra il porto di Livorno, la rete ferroviaria e l'interporto Guasticce Porto di Livorno: collegamento diretto Porto-Guasticce (scavalco della linea tirrenica ambito Livorno Calambrone) Porto di Livorno: Collegamento dell’interporto di Guasticce alla PROG PROG linea Pisa-Vada via Collesalvetti Porto di Livorno: Bretella di collegamento tra la linea Pisa-Vada PROG PROG via Collesalvetti e la linea Firenze-Pisa","registro RFI (CdP Servizi, Allegato 3)",F049,[FIRENZE] FIRENZE CASCINE - PISA,alta,nome-parziale,pisa,,no,"dedotto: i CdP Investimenti non dichiarano la linea; associazione ricavata da nomi e comuni citati, in corso di verifica"
P220,"Potenziamento dei collegamenti tra il porto di Livorno, la rete ferroviaria e l'interporto Guasticce Porto di Livorno: collegamento diretto Porto-Guasticce (scavalco della linea tirrenica ambito Livorno Calambrone) Porto di Livorno: Collegamento dell’interporto di Guasticce alla PROG PROG linea Pisa-Vada via Collesalvetti Porto di Livorno: Bretella di collegamento tra la linea Pisa-Vada PROG PROG via Collesalvetti e la linea Firenze-Pisa","registro RFI (CdP Servizi, Allegato 3)",C117,Pisa - Lucca,media,nome-parziale,pisa,,no,"dedotto: i CdP Investimenti non dichiarano la linea; associazione ricavata da nomi e comuni citati, in corso di verifica"
P220,"Potenziamento dei collegamenti tra il porto di Livorno, la rete ferroviaria e l'interporto Guasticce Porto di Livorno: collegamento diretto Porto-Guasticce (scavalco della linea tirrenica ambito Livorno Calambrone) Porto di Livorno: Collegamento dell’interporto di Guasticce alla PROG PROG linea Pisa-Vada via Collesalvetti Porto di Livorno: Bretella di collegamento tra la linea Pisa-Vada PROG PROG via Collesalvetti e la linea Firenze-Pisa","registro RFI (CdP Servizi, Allegato 3)",F045,[GENOVA] GENOVA NERVI - PISA,media,nome-parziale,pisa,,no,"dedotto: i CdP Investimenti non dichiarano la linea; associazione ricavata da nomi e comuni citati, in corso di verifica"
P220,"Potenziamento dei collegamenti tra il porto di Livorno, la rete ferroviaria e l'interporto Guasticce Porto di Livorno: collegamento diretto Porto-Guasticce (scavalco della linea tirrenica ambito Livorno Calambrone) Porto di Livorno: Collegamento dell’interporto di Guasticce alla PROG PROG linea Pisa-Vada via Collesalvetti Porto di Livorno: Bretella di collegamento tra la linea Pisa-Vada PROG PROG via Collesalvetti e la linea Firenze-Pisa","registro RFI (CdP Servizi, Allegato 3)",N006,Firenze,media,nome-parziale,firenze,,no,"dedotto: i CdP Investimenti non dichiarano la linea; associazione ricavata da nomi e comuni citati, in corso di verifica"
P220,"Potenziamento dei collegamenti tra il porto di Livorno, la rete ferroviaria e l'interporto Guasticce Porto di Livorno: collegamento diretto Porto-Guasticce (scavalco della linea tirrenica ambito Livorno Calambrone) Porto di Livorno: Collegamento dell’interporto di Guasticce alla PROG PROG linea Pisa-Vada via Collesalvetti Porto di Livorno: Bretella di collegamento tra la linea Pisa-Vada PROG PROG via Collesalvetti e la linea Firenze-Pisa","registro RFI (CdP Servizi, Allegato 3)",C112,Firenze S. Marco V. - Borgo S.Lorenzo,media,nome-parziale,,,no,"dedotto: i CdP Investimenti non dichiarano la linea; associazione ricavata da nomi e comuni citati, in corso di verifica"
P227,Collegamento ferroviario aeroporto di Brindisi Collegamento ferroviario aeroporto di Brindisi,"registro RFI (CdP Servizi, Allegato 3)",C150,Bari - Brindisi,media,nome-parziale,brindisi,,no,"dedotto: i CdP Investimenti non dichiarano la linea; associazione ricavata da nomi e comuni citati, in corso di verifica"
P227,Collegamento ferroviario aeroporto di Brindisi Collegamento ferroviario aeroporto di Brindisi,"registro RFI (CdP Servizi, Allegato 3)",C151,Brindisi - Lecce,media,nome-parziale,brindisi,,no,"dedotto: i CdP Investimenti non dichiarano la linea; associazione ricavata da nomi e comuni citati, in corso di verifica"
P227,Collegamento ferroviario aeroporto di Brindisi Collegamento ferroviario aeroporto di Brindisi,"registro RFI (CdP Servizi, Allegato 3)",C157,Taranto - Brindisi,media,nome-parziale,brindisi,,no,"dedotto: i CdP Investimenti non dichiarano la linea; associazione ricavata da nomi e comuni citati, in corso di verifica"
P230,Stazione AV Foggia Cervaro Stazione AV Foggia Cervaro,"registro RFI (CdP Servizi, Allegato 3)",C153,Cervaro - Rocchetta S.A.L.,media,nome-parziale,cervaro,,no,"dedotto: i CdP Investimenti non dichiarano la linea; associazione ricavata da nomi e comuni citati, in corso di verifica"
P230,Stazione AV Foggia Cervaro Stazione AV Foggia Cervaro,"registro RFI (CdP Servizi, Allegato 3)",C236,Foggia - Manfredonia,media,nome-parziale,foggia,,no,"dedotto: i CdP Investimenti non dichiarano la linea; associazione ricavata da nomi e comuni citati, in corso di verifica"
P230,Stazione AV Foggia Cervaro Stazione AV Foggia Cervaro,"registro RFI (CdP Servizi, Allegato 3)",F067,ANCONA - FOGGIA,media,nome-parziale,foggia,,no,"dedotto: i CdP Investimenti non dichiarano la linea; associazione ricavata da nomi e comuni citati, in corso di verifica"
P230,Stazione AV Foggia Cervaro Stazione AV Foggia Cervaro,"registro RFI (CdP Servizi, Allegato 3)",F069,FOGGIA - BARI (compresa Enziteto Catino - Bari S.Spirito),media,nome-parziale,foggia,,no,"dedotto: i CdP Investimenti non dichiarano la linea; associazione ricavata da nomi e comuni citati, in corso di verifica"
P230,Stazione AV Foggia Cervaro Stazione AV Foggia Cervaro,"registro RFI (CdP Servizi, Allegato 3)",F071,CASERTA - FOGGIA,media,nome-parziale,foggia,,no,"dedotto: i CdP Investimenti non dichiarano la linea; associazione ricavata da nomi e comuni citati, in corso di verifica"
P232,Ripristino linea Caltagirone - Gela Ripristino linea Caltagirone - Gela,"registro RFI (CdP Servizi, Allegato 3)",C172,Lentini Diramazione - Gela,media,nome-parziale,gela,,no,"dedotto: i CdP Investimenti non dichiarano la linea; associazione ricavata da nomi e comuni citati, in corso di verifica"
P232,Ripristino linea Caltagirone - Gela Ripristino linea Caltagirone - Gela,"registro RFI (CdP Servizi, Allegato 3)",C173,Gela - Modica,media,nome-parziale,gela,,no,"dedotto: i CdP Investimenti non dichiarano la linea; associazione ricavata da nomi e comuni citati, in corso di verifica"
P232,Ripristino linea Caltagirone - Gela Ripristino linea Caltagirone - Gela,"registro RFI (CdP Servizi, Allegato 3)",C210,Canicattì  - Gela,media,nome-parziale,gela,,no,"dedotto: i CdP Investimenti non dichiarano la linea; associazione ricavata da nomi e comuni citati, in corso di verifica"
P233,Potenziamento Carnate - Ponte S.Pietro 1^ fase Variante ponte ferroviario Paderno d'Adda PROG PROG,"registro RFI (CdP Servizi, Allegato 3)",C047,Seregno - Ponte S.Pietro,alta,nome-parziale,ponte s pietro,,no,"dedotto: i CdP Investimenti non dichiarano la linea; associazione ricavata da nomi e comuni citati, in corso di verifica"
P233,Potenziamento Carnate - Ponte S.Pietro 1^ fase Variante ponte ferroviario Paderno d'Adda PROG PROG,"registro RFI (CdP Servizi, Allegato 3)",C045,Calolziocorte O. - Carnate Usmate,media,nome-parziale,,,no,"dedotto: i CdP Investimenti non dichiarano la linea; associazione ricavata da nomi e comuni citati, in corso di verifica"
P233,Potenziamento Carnate - Ponte S.Pietro 1^ fase Variante ponte ferroviario Paderno d'Adda PROG PROG,"registro RFI (CdP Servizi, Allegato 3)",C044,Lecco - Ponte S.Pietro,media,nome-parziale,ponte s pietro,,no,"dedotto: i CdP Investimenti non dichiarano la linea; associazione ricavata da nomi e comuni citati, in corso di verifica"
P233,Potenziamento Carnate - Ponte S.Pietro 1^ fase Variante ponte ferroviario Paderno d'Adda PROG PROG,"registro RFI (CdP Servizi, Allegato 3)",C048,Ponte S.Pietro - Rovato,media,nome-parziale,ponte s pietro,,no,"dedotto: i CdP Investimenti non dichiarano la linea; associazione ricavata da nomi e comuni citati, in corso di verifica"
P234,Nodo di Genova e Terzo valico dei Giovi Potenziamento infrastrutturale Voltri-Brignole Porto di Genova: Nuovo terminal merci i Genova Campasso Potenziamento terminale Rivalta Scrivia,"registro RFI (CdP Servizi, Allegato 3)",F019,ARQUATA - MIGNANEGO / GENOVA RIVAROLO / GENOVA CAMPASSO [GENOVA] (compresa via Isola del Cantone),media,nome-parziale,genova campasso,,no,"dedotto: i CdP Investimenti non dichiarano la linea; associazione ricavata da nomi e comuni citati, in corso di verifica"
P234,Nodo di Genova e Terzo valico dei Giovi Potenziamento infrastrutturale Voltri-Brignole Porto di Genova: Nuovo terminal merci i Genova Campasso Potenziamento terminale Rivalta Scrivia,"registro RFI (CdP Servizi, Allegato 3)",N004,Genova,media,nome-parziale,genova,,no,"dedotto: i CdP Investimenti non dichiarano la linea; associazione ricavata da nomi e comuni citati, in corso di verifica"
P234,Nodo di Genova e Terzo valico dei Giovi Potenziamento infrastrutturale Voltri-Brignole Porto di Genova: Nuovo terminal merci i Genova Campasso Potenziamento terminale Rivalta Scrivia,"registro RFI (CdP Servizi, Allegato 3)",C098,Ovada - Genova Borzoli,media,nome-parziale,,,no,"dedotto: i CdP Investimenti non dichiarano la linea; associazione ricavata da nomi e comuni citati, in corso di verifica"
P234,Nodo di Genova e Terzo valico dei Giovi Potenziamento infrastrutturale Voltri-Brignole Porto di Genova: Nuovo terminal merci i Genova Campasso Potenziamento terminale Rivalta Scrivia,"registro RFI (CdP Servizi, Allegato 3)",F007,SAVONA -  GENOVA VOLTRI [GENOVA],media,nome-parziale,,,no,"dedotto: i CdP Investimenti non dichiarano la linea; associazione ricavata da nomi e comuni citati, in corso di verifica"
P235,Chiusura anello di Palermo tratta Politeama - Notarbartolo Anello di Palermo 2° stralcio: tratta Politeama-Notarbartolo,"registro RFI (CdP Servizi, Allegato 3)",C176,Fiumetorto - Palermo,media,nome-parziale,palermo,,no,"dedotto: i CdP Investimenti non dichiarano la linea; associazione ricavata da nomi e comuni citati, in corso di verifica"
P235,Chiusura anello di Palermo tratta Politeama - Notarbartolo Anello di Palermo 2° stralcio: tratta Politeama-Notarbartolo,"registro RFI (CdP Servizi, Allegato 3)",C181,Palermo - Carini,media,nome-parziale,palermo,,no,"dedotto: i CdP Investimenti non dichiarano la linea; associazione ricavata da nomi e comuni citati, in corso di verifica"
P235,Chiusura anello di Palermo tratta Politeama - Notarbartolo Anello di Palermo 2° stralcio: tratta Politeama-Notarbartolo,"registro RFI (CdP Servizi, Allegato 3)",C184,Palermo Centrale - Palermo Marittima,media,nome-parziale,palermo,,no,"dedotto: i CdP Investimenti non dichiarano la linea; associazione ricavata da nomi e comuni citati, in corso di verifica"
P236,"Elettrificazione della tratta Cinisi-Alcamo Dir- Trapani della linea Palermo - Trapani "" via Milo"" Elettrificazione Cinisi-Alcamo Dir- Trapani","registro RFI (CdP Servizi, Allegato 3)",C204,Carini - Alcamo Diramazione - Trapani,alta,nome-parziale,trapani,,si,"dedotto: i CdP Investimenti non dichiarano la linea; associazione ricavata da nomi e comuni citati, in corso di verifica"
P236,"Elettrificazione della tratta Cinisi-Alcamo Dir- Trapani della linea Palermo - Trapani "" via Milo"" Elettrificazione Cinisi-Alcamo Dir- Trapani","registro RFI (CdP Servizi, Allegato 3)",C192,Alcamo - Castelvetrano - Trapani,alta,nome,alcamo|trapani,,no,"dedotto: i CdP Investimenti non dichiarano la linea; associazione ricavata da nomi e comuni citati, in corso di verifica"
P236,"Elettrificazione della tratta Cinisi-Alcamo Dir- Trapani della linea Palermo - Trapani "" via Milo"" Elettrificazione Cinisi-Alcamo Dir- Trapani","registro RFI (CdP Servizi, Allegato 3)",C181,Palermo - Carini,alta,nome-parziale,palermo,,no,"dedotto: i CdP Investimenti non dichiarano la linea; associazione ricavata da nomi e comuni citati, in corso di verifica"
P236,"Elettrificazione della tratta Cinisi-Alcamo Dir- Trapani della linea Palermo - Trapani "" via Milo"" Elettrificazione Cinisi-Alcamo Dir- Trapani","registro RFI (CdP Servizi, Allegato 3)",C176,Fiumetorto - Palermo,media,nome-parziale,palermo,,no,"dedotto: i CdP Investimenti non dichiarano la linea; associazione ricavata da nomi e comuni citati, in corso di verifica"
P236,"Elettrificazione della tratta Cinisi-Alcamo Dir- Trapani della linea Palermo - Trapani "" via Milo"" Elettrificazione Cinisi-Alcamo Dir- Trapani","registro RFI (CdP Servizi, Allegato 3)",C184,Palermo Centrale - Palermo Marittima,media,nome-parziale,palermo,,no,"dedotto: i CdP Investimenti non dichiarano la linea; associazione ricavata da nomi e comuni citati, in corso di verifica"
P238,Battipaglia - Potenza - Metaponto - Taranto Battipaglia - Potenza - Metaponto - Taranto 1^ fase Battipaglia - Potenza - Metaponto - Taranto 2^ fase,"registro RFI (CdP Servizi, Allegato 3)",C136,Battipaglia - Potenza Inf.Re,alta,nome-parziale,battipaglia,,no,"dedotto: i CdP Investimenti non dichiarano la linea; associazione ricavata da nomi e comuni citati, in corso di verifica"
P238,Battipaglia - Potenza - Metaponto - Taranto Battipaglia - Potenza - Metaponto - Taranto 1^ fase Battipaglia - Potenza - Metaponto - Taranto 2^ fase,"registro RFI (CdP Servizi, Allegato 3)",C155,Potenza  - Metaponto,alta,nome,potenza|metaponto,,no,"dedotto: i CdP Investimenti non dichiarano la linea; associazione ricavata da nomi e comuni citati, in corso di verifica"
P238,Battipaglia - Potenza - Metaponto - Taranto Battipaglia - Potenza - Metaponto - Taranto 1^ fase Battipaglia - Potenza - Metaponto - Taranto 2^ fase,"registro RFI (CdP Servizi, Allegato 3)",C156,Metaponto - Taranto,alta,nome,metaponto|taranto,,no,"dedotto: i CdP Investimenti non dichiarano la linea; associazione ricavata da nomi e comuni citati, in corso di verifica"
P238,Battipaglia - Potenza - Metaponto - Taranto Battipaglia - Potenza - Metaponto - Taranto 1^ fase Battipaglia - Potenza - Metaponto - Taranto 2^ fase,"registro RFI (CdP Servizi, Allegato 3)",C154,Rocchetta S.A.L. - Potenza,media,nome-parziale,potenza,,no,"dedotto: i CdP Investimenti non dichiarano la linea; associazione ricavata da nomi e comuni citati, in corso di verifica"
P238,Battipaglia - Potenza - Metaponto - Taranto Battipaglia - Potenza - Metaponto - Taranto 1^ fase Battipaglia - Potenza - Metaponto - Taranto 2^ fase,"registro RFI (CdP Servizi, Allegato 3)",C157,Taranto - Brindisi,media,nome-parziale,taranto,,no,"dedotto: i CdP Investimenti non dichiarano la linea; associazione ricavata da nomi e comuni citati, in corso di verifica"
P238,Battipaglia - Potenza - Metaponto - Taranto Battipaglia - Potenza - Metaponto - Taranto 1^ fase Battipaglia - Potenza - Metaponto - Taranto 2^ fase,"registro RFI (CdP Servizi, Allegato 3)",C159,Gioia Del Colle - Taranto,media,nome-parziale,taranto,,no,"dedotto: i CdP Investimenti non dichiarano la linea; associazione ricavata da nomi e comuni citati, in corso di verifica"
P238A,Battipaglia - Potenza - Metaponto - Taranto 1^ fase Velocizzazione Grassano-Metaponto,"registro RFI (CdP Servizi, Allegato 3)",C136,Battipaglia - Potenza Inf.Re,alta,nome-parziale,battipaglia,,no,"dedotto: i CdP Investimenti non dichiarano la linea; associazione ricavata da nomi e comuni citati, in corso di verifica"
P238A,Battipaglia - Potenza - Metaponto - Taranto 1^ fase Velocizzazione Grassano-Metaponto,"registro RFI (CdP Servizi, Allegato 3)",C155,Potenza  - Metaponto,alta,nome,potenza|metaponto,,no,"dedotto: i CdP Investimenti non dichiarano la linea; associazione ricavata da nomi e comuni citati, in corso di verifica"
P238A,Battipaglia - Potenza - Metaponto - Taranto 1^ fase Velocizzazione Grassano-Metaponto,"registro RFI (CdP Servizi, Allegato 3)",C156,Metaponto - Taranto,alta,nome,metaponto|taranto,,no,"dedotto: i CdP Investimenti non dichiarano la linea; associazione ricavata da nomi e comuni citati, in corso di verifica"
P238A,Battipaglia - Potenza - Metaponto - Taranto 1^ fase Velocizzazione Grassano-Metaponto,"registro RFI (CdP Servizi, Allegato 3)",C154,Rocchetta S.A.L. - Potenza,media,nome-parziale,potenza,,no,"dedotto: i CdP Investimenti non dichiarano la linea; associazione ricavata da nomi e comuni citati, in corso di verifica"
P238A,Battipaglia - Potenza - Metaponto - Taranto 1^ fase Velocizzazione Grassano-Metaponto,"registro RFI (CdP Servizi, Allegato 3)",C157,Taranto - Brindisi,media,nome-parziale,taranto,,no,"dedotto: i CdP Investimenti non dichiarano la linea; associazione ricavata da nomi e comuni citati, in corso di verifica"
P238A,Battipaglia - Potenza - Metaponto - Taranto 1^ fase Velocizzazione Grassano-Metaponto,"registro RFI (CdP Servizi, Allegato 3)",C159,Gioia Del Colle - Taranto,media,nome-parziale,taranto,,no,"dedotto: i CdP Investimenti non dichiarano la linea; associazione ricavata da nomi e comuni citati, in corso di verifica"
P238B,Battipaglia - Potenza - Metaponto - Taranto completamento Velocizzazione e adeguamento prestazionale Romagnano - Taranto ulteriori fasi,"registro RFI (CdP Servizi, Allegato 3)",C136,Battipaglia - Potenza Inf.Re,alta,nome-parziale,battipaglia,,no,"dedotto: i CdP Investimenti non dichiarano la linea; associazione ricavata da nomi e comuni citati, in corso di verifica"
P238B,Battipaglia - Potenza - Metaponto - Taranto completamento Velocizzazione e adeguamento prestazionale Romagnano - Taranto ulteriori fasi,"registro RFI (CdP Servizi, Allegato 3)",C155,Potenza  - Metaponto,alta,nome,potenza|metaponto,,no,"dedotto: i CdP Investimenti non dichiarano la linea; associazione ricavata da nomi e comuni citati, in corso di verifica"
P238B,Battipaglia - Potenza - Metaponto - Taranto completamento Velocizzazione e adeguamento prestazionale Romagnano - Taranto ulteriori fasi,"registro RFI (CdP Servizi, Allegato 3)",C156,Metaponto - Taranto,alta,nome,metaponto|taranto,,no,"dedotto: i CdP Investimenti non dichiarano la linea; associazione ricavata da nomi e comuni citati, in corso di verifica"
P238B,Battipaglia - Potenza - Metaponto - Taranto completamento Velocizzazione e adeguamento prestazionale Romagnano - Taranto ulteriori fasi,"registro RFI (CdP Servizi, Allegato 3)",C154,Rocchetta S.A.L. - Potenza,media,nome-parziale,potenza,,no,"dedotto: i CdP Investimenti non dichiarano la linea; associazione ricavata da nomi e comuni citati, in corso di verifica"
P238B,Battipaglia - Potenza - Metaponto - Taranto completamento Velocizzazione e adeguamento prestazionale Romagnano - Taranto ulteriori fasi,"registro RFI (CdP Servizi, Allegato 3)",C157,Taranto - Brindisi,media,nome-parziale,taranto,,no,"dedotto: i CdP Investimenti non dichiarano la linea; associazione ricavata da nomi e comuni citati, in corso di verifica"
P238B,Battipaglia - Potenza - Metaponto - Taranto completamento Velocizzazione e adeguamento prestazionale Romagnano - Taranto ulteriori fasi,"registro RFI (CdP Servizi, Allegato 3)",C159,Gioia Del Colle - Taranto,media,nome-parziale,taranto,,no,"dedotto: i CdP Investimenti non dichiarano la linea; associazione ricavata da nomi e comuni citati, in corso di verifica"
P239,Velocizzazione tratte Orte-Falconara Tecnologie per la velocizzazione tratte prioritarie Orte-Falconara,"registro RFI (CdP Servizi, Allegato 3)",F065,ANCONA - ORTE (compresa Ancona - Ancona Marittima),media,nome-parziale,orte,,no,"dedotto: i CdP Investimenti non dichiarano la linea; associazione ricavata da nomi e comuni citati, in corso di verifica"
P240A,Roma-Pescara fasi Raddoppio Tagliacozzo-Avezzano PROG PROG Raddoppio Sulmona-Pratola Peligna PROG PROG Raddoppio Scafa-Manoppello-Interporto d'Abruzzo,"registro RFI (CdP Servizi, Allegato 3)",C125,Pescara - Sulmona,alta,nome,pescara|sulmona,,no,"dedotto: i CdP Investimenti non dichiarano la linea; associazione ricavata da nomi e comuni citati, in corso di verifica"
P240A,Roma-Pescara fasi Raddoppio Tagliacozzo-Avezzano PROG PROG Raddoppio Sulmona-Pratola Peligna PROG PROG Raddoppio Scafa-Manoppello-Interporto d'Abruzzo,"registro RFI (CdP Servizi, Allegato 3)",C131,Sulmona - Avezzano,alta,nome,sulmona|avezzano,,no,"dedotto: i CdP Investimenti non dichiarano la linea; associazione ricavata da nomi e comuni citati, in corso di verifica"
P240A,Roma-Pescara fasi Raddoppio Tagliacozzo-Avezzano PROG PROG Raddoppio Sulmona-Pratola Peligna PROG PROG Raddoppio Scafa-Manoppello-Interporto d'Abruzzo,"registro RFI (CdP Servizi, Allegato 3)",C132,Avezzano - Guidonia-M.-S.A.,alta,nome-parziale,avezzano,,no,"dedotto: i CdP Investimenti non dichiarano la linea; associazione ricavata da nomi e comuni citati, in corso di verifica"
P240A,Roma-Pescara fasi Raddoppio Tagliacozzo-Avezzano PROG PROG Raddoppio Sulmona-Pratola Peligna PROG PROG Raddoppio Scafa-Manoppello-Interporto d'Abruzzo,"registro RFI (CdP Servizi, Allegato 3)",C231,Terni - Sulmona,alta,nome-parziale,sulmona,,no,"dedotto: i CdP Investimenti non dichiarano la linea; associazione ricavata da nomi e comuni citati, in corso di verifica"
P240A,Roma-Pescara fasi Raddoppio Tagliacozzo-Avezzano PROG PROG Raddoppio Sulmona-Pratola Peligna PROG PROG Raddoppio Scafa-Manoppello-Interporto d'Abruzzo,"registro RFI (CdP Servizi, Allegato 3)",C133,Avezzano - Roccasecca,media,nome-parziale,avezzano,,no,"dedotto: i CdP Investimenti non dichiarano la linea; associazione ricavata da nomi e comuni citati, in corso di verifica"
P240A,Roma-Pescara fasi Raddoppio Tagliacozzo-Avezzano PROG PROG Raddoppio Sulmona-Pratola Peligna PROG PROG Raddoppio Scafa-Manoppello-Interporto d'Abruzzo,"registro RFI (CdP Servizi, Allegato 3)",C229,Sulmona - Carpinone,media,nome-parziale,sulmona,,no,"dedotto: i CdP Investimenti non dichiarano la linea; associazione ricavata da nomi e comuni citati, in corso di verifica"
P240B,Roma-Pescara completamento Nuova linea Roma-Mandela-Tagliacozzo,"registro RFI (CdP Servizi, Allegato 3)",C132,Avezzano - Guidonia-M.-S.A.,alta,nome-parziale,,,no,"dedotto: i CdP Investimenti non dichiarano la linea; associazione ricavata da nomi e comuni citati, in corso di verifica"
P240B,Roma-Pescara completamento Nuova linea Roma-Mandela-Tagliacozzo,"registro RFI (CdP Servizi, Allegato 3)",C125,Pescara - Sulmona,media,nome-parziale,pescara,,no,"dedotto: i CdP Investimenti non dichiarano la linea; associazione ricavata da nomi e comuni citati, in corso di verifica"
P240B,Roma-Pescara completamento Nuova linea Roma-Mandela-Tagliacozzo,"registro RFI (CdP Servizi, Allegato 3)",N007,Roma,media,nome-parziale,roma,,no,"dedotto: i CdP Investimenti non dichiarano la linea; associazione ricavata da nomi e comuni citati, in corso di verifica"
P240B,Roma-Pescara completamento Nuova linea Roma-Mandela-Tagliacozzo,"registro RFI (CdP Servizi, Allegato 3)",C129,Viterbo - Cesano,media,nome-parziale,,,no,"dedotto: i CdP Investimenti non dichiarano la linea; associazione ricavata da nomi e comuni citati, in corso di verifica"
P240B,Roma-Pescara completamento Nuova linea Roma-Mandela-Tagliacozzo,"registro RFI (CdP Servizi, Allegato 3)",F055,[FIRENZE] FIRENZE ROVEZZANO - SETTE BAGNI [ROMA] (Linea Direttissima),media,nome-parziale,,,no,"dedotto: i CdP Investimenti non dichiarano la linea; associazione ricavata da nomi e comuni citati, in corso di verifica"
P240B,Roma-Pescara completamento Nuova linea Roma-Mandela-Tagliacozzo,"registro RFI (CdP Servizi, Allegato 3)",F057,[ROMA] TORRICOLA - FRATTAMAGGIORE [NAPOLI] (via Formia),media,nome-parziale,,,no,"dedotto: i CdP Investimenti non dichiarano la linea; associazione ricavata da nomi e comuni citati, in corso di verifica"
P245,Adeguamento e velocizzazione linea ferroviaria jonica - tratta Sibari-Melito Porto Salvo e trasversale Lamezia Terme - Catanzaro Lido Elettrificazione linea jonica tratta Catanzaro Lido - Crotone - Sibari Potenziamento Lamezia Terme - Settingiano e elettrificazione,"registro RFI (CdP Servizi, Allegato 3)",C163,Lamezia Terme - Catanzaro Lido,alta,nome,lamezia terme|catanzaro lido,,no,"dedotto: i CdP Investimenti non dichiarano la linea; associazione ricavata da nomi e comuni citati, in corso di verifica"
P245,Adeguamento e velocizzazione linea ferroviaria jonica - tratta Sibari-Melito Porto Salvo e trasversale Lamezia Terme - Catanzaro Lido Elettrificazione linea jonica tratta Catanzaro Lido - Crotone - Sibari Potenziamento Lamezia Terme - Settingiano e elettrificazione,"registro RFI (CdP Servizi, Allegato 3)",C161,Sibari - Catanzaro Lido,alta,nome,sibari|catanzaro lido,,no,"dedotto: i CdP Investimenti non dichiarano la linea; associazione ricavata da nomi e comuni citati, in corso di verifica"
P245,Adeguamento e velocizzazione linea ferroviaria jonica - tratta Sibari-Melito Porto Salvo e trasversale Lamezia Terme - Catanzaro Lido Elettrificazione linea jonica tratta Catanzaro Lido - Crotone - Sibari Potenziamento Lamezia Terme - Settingiano e elettrificazione,"registro RFI (CdP Servizi, Allegato 3)",C162,Catanzaro Lido - REGGIO C CLE,media,nome-parziale,catanzaro lido,,no,"dedotto: i CdP Investimenti non dichiarano la linea; associazione ricavata da nomi e comuni citati, in corso di verifica"
P245,Adeguamento e velocizzazione linea ferroviaria jonica - tratta Sibari-Melito Porto Salvo e trasversale Lamezia Terme - Catanzaro Lido Elettrificazione linea jonica tratta Catanzaro Lido - Crotone - Sibari Potenziamento Lamezia Terme - Settingiano e elettrificazione,"registro RFI (CdP Servizi, Allegato 3)",F077,PAOLA - REGGIO CALABRIA CENTRALE (compresa Eccellente - Rosarno),media,nome-parziale,,,no,"dedotto: i CdP Investimenti non dichiarano la linea; associazione ricavata da nomi e comuni citati, in corso di verifica"
P245,Adeguamento e velocizzazione linea ferroviaria jonica - tratta Sibari-Melito Porto Salvo e trasversale Lamezia Terme - Catanzaro Lido Elettrificazione linea jonica tratta Catanzaro Lido - Crotone - Sibari Potenziamento Lamezia Terme - Settingiano e elettrificazione,"registro RFI (CdP Servizi, Allegato 3)",C160,Metaponto - Sibari,media,nome-parziale,sibari,,no,"dedotto: i CdP Investimenti non dichiarano la linea; associazione ricavata da nomi e comuni citati, in corso di verifica"
P245,Adeguamento e velocizzazione linea ferroviaria jonica - tratta Sibari-Melito Porto Salvo e trasversale Lamezia Terme - Catanzaro Lido Elettrificazione linea jonica tratta Catanzaro Lido - Crotone - Sibari Potenziamento Lamezia Terme - Settingiano e elettrificazione,"registro RFI (CdP Servizi, Allegato 3)",C168,Sibari - Castiglione C.,media,nome-parziale,sibari,,no,"dedotto: i CdP Investimenti non dichiarano la linea; associazione ricavata da nomi e comuni citati, in corso di verifica"
P246,Potenziamento Venafro - Campobasso - Matrice Potenziamento Venafro - Campobasso - Matrice 1^ fase Potenziamento Venafro - Campobasso - Matrice 2^ fase,"registro RFI (CdP Servizi, Allegato 3)",C230,Termoli - Campobasso,alta,nome-parziale,campobasso,,no,"dedotto: i CdP Investimenti non dichiarano la linea; associazione ricavata da nomi e comuni citati, in corso di verifica"
P246,Potenziamento Venafro - Campobasso - Matrice Potenziamento Venafro - Campobasso - Matrice 1^ fase Potenziamento Venafro - Campobasso - Matrice 2^ fase,"registro RFI (CdP Servizi, Allegato 3)",C202,Campobasso - Bosco Redole - Benevento,media,nome-parziale,campobasso,,no,"dedotto: i CdP Investimenti non dichiarano la linea; associazione ricavata da nomi e comuni citati, in corso di verifica"
P246,Potenziamento Venafro - Campobasso - Matrice Potenziamento Venafro - Campobasso - Matrice 1^ fase Potenziamento Venafro - Campobasso - Matrice 2^ fase,"registro RFI (CdP Servizi, Allegato 3)",F061,(comprese linee Rocca d'Evandro - Venafro/Vairano e Santa Maria C.V. - Maddaloni M. S.to e linee Bivio Maddaloni /,media,nome-parziale,venafro,,no,"dedotto: i CdP Investimenti non dichiarano la linea; associazione ricavata da nomi e comuni citati, in corso di verifica"
P246,Potenziamento Venafro - Campobasso - Matrice Potenziamento Venafro - Campobasso - Matrice 1^ fase Potenziamento Venafro - Campobasso - Matrice 2^ fase,"registro RFI (CdP Servizi, Allegato 3)",C141,Isernia - Vairano,media,nome-parziale,,,no,"dedotto: i CdP Investimenti non dichiarano la linea; associazione ricavata da nomi e comuni citati, in corso di verifica"
P247,Potenziamento Palermo - Agrigento - Porto Empedocle bassa Potenziamento Palermo - Agrigento - Porto Empedocle bassa,"registro RFI (CdP Servizi, Allegato 3)",C220,Agrigento Bassa - Porto Empedocle,alta,nome,agrigento|porto empedocle,,no,"dedotto: i CdP Investimenti non dichiarano la linea; associazione ricavata da nomi e comuni citati, in corso di verifica"
P247,Potenziamento Palermo - Agrigento - Porto Empedocle bassa Potenziamento Palermo - Agrigento - Porto Empedocle bassa,"registro RFI (CdP Servizi, Allegato 3)",C176,Fiumetorto - Palermo,media,nome-parziale,palermo,,no,"dedotto: i CdP Investimenti non dichiarano la linea; associazione ricavata da nomi e comuni citati, in corso di verifica"
P247,Potenziamento Palermo - Agrigento - Porto Empedocle bassa Potenziamento Palermo - Agrigento - Porto Empedocle bassa,"registro RFI (CdP Servizi, Allegato 3)",C181,Palermo - Carini,media,nome-parziale,palermo,,no,"dedotto: i CdP Investimenti non dichiarano la linea; associazione ricavata da nomi e comuni citati, in corso di verifica"
P247,Potenziamento Palermo - Agrigento - Porto Empedocle bassa Potenziamento Palermo - Agrigento - Porto Empedocle bassa,"registro RFI (CdP Servizi, Allegato 3)",C183,Aragona Caldare - Agrigento,media,nome-parziale,agrigento,,no,"dedotto: i CdP Investimenti non dichiarano la linea; associazione ricavata da nomi e comuni citati, in corso di verifica"
P247,Potenziamento Palermo - Agrigento - Porto Empedocle bassa Potenziamento Palermo - Agrigento - Porto Empedocle bassa,"registro RFI (CdP Servizi, Allegato 3)",C184,Palermo Centrale - Palermo Marittima,media,nome-parziale,palermo,,no,"dedotto: i CdP Investimenti non dichiarano la linea; associazione ricavata da nomi e comuni citati, in corso di verifica"
P248,Raddoppio Decimomannu-Villamassargia,"registro RFI (CdP Servizi, Allegato 3)",C189,Villamassargia  - Decimomannu,alta,nome,villamassargia|decimomannu,,no,"dedotto: i CdP Investimenti non dichiarano la linea; associazione ricavata da nomi e comuni citati, in corso di verifica"
P248,Raddoppio Decimomannu-Villamassargia,"registro RFI (CdP Servizi, Allegato 3)",C187,Ozieri Chilivani - Decimomannu,media,nome-parziale,decimomannu,,no,"dedotto: i CdP Investimenti non dichiarano la linea; associazione ricavata da nomi e comuni citati, in corso di verifica"
P248,Raddoppio Decimomannu-Villamassargia,"registro RFI (CdP Servizi, Allegato 3)",C190,Iglesias - Villamassargia,media,nome-parziale,villamassargia,,no,"dedotto: i CdP Investimenti non dichiarano la linea; associazione ricavata da nomi e comuni citati, in corso di verifica"
P248,Raddoppio Decimomannu-Villamassargia,"registro RFI (CdP Servizi, Allegato 3)",C191,Carbonia  - Villamassargia,media,nome-parziale,villamassargia,,no,"dedotto: i CdP Investimenti non dichiarano la linea; associazione ricavata da nomi e comuni citati, in corso di verifica"
P248,Raddoppio Decimomannu-Villamassargia,"registro RFI (CdP Servizi, Allegato 3)",C188,Decimomannu - Cagliari,media,nome-parziale,decimomannu,,no,"dedotto: i CdP Investimenti non dichiarano la linea; associazione ricavata da nomi e comuni citati, in corso di verifica"
P249,Collegamento ferroviario aeroporto di Olbia Collegamento ferroviario aeroporto di Olbia,"registro RFI (CdP Servizi, Allegato 3)",C185,Olbia - Ozieri Chilivani,media,nome-parziale,olbia,,no,"dedotto: i CdP Investimenti non dichiarano la linea; associazione ricavata da nomi e comuni citati, in corso di verifica"
P249,Collegamento ferroviario aeroporto di Olbia Collegamento ferroviario aeroporto di Olbia,"registro RFI (CdP Servizi, Allegato 3)",C237,Golfo Aranci Mar.ma - Olbia,media,nome-parziale,olbia,,no,"dedotto: i CdP Investimenti non dichiarano la linea; associazione ricavata da nomi e comuni citati, in corso di verifica"
P250,Intermodalità e accessibilità Trapani Birgi Intermodalità e accessibilità aeroporto Trapani Birgi,"registro RFI (CdP Servizi, Allegato 3)",C192,Alcamo - Castelvetrano - Trapani,media,nome-parziale,trapani,,no,"dedotto: i CdP Investimenti non dichiarano la linea; associazione ricavata da nomi e comuni citati, in corso di verifica"
P250,Intermodalità e accessibilità Trapani Birgi Intermodalità e accessibilità aeroporto Trapani Birgi,"registro RFI (CdP Servizi, Allegato 3)",C204,Carini - Alcamo Diramazione - Trapani,media,nome-parziale,trapani,,no,"dedotto: i CdP Investimenti non dichiarano la linea; associazione ricavata da nomi e comuni citati, in corso di verifica"
P251,Collegamento porto di Augusta Collegamento porto di Augusta,"registro RFI (CdP Servizi, Allegato 3)",C171,Lentini Diramazione - Siracusa,media,nome-parziale,,,no,"dedotto: i CdP Investimenti non dichiarano la linea; associazione ricavata da nomi e comuni citati, in corso di verifica"
P253,Potenziamento collegamenti bacino di Augusta Bypass di Augusta,"registro RFI (CdP Servizi, Allegato 3)",C171,Lentini Diramazione - Siracusa,media,nome-parziale,,,no,"dedotto: i CdP Investimenti non dichiarano la linea; associazione ricavata da nomi e comuni citati, in corso di verifica"
P254,"Velocizzazione collegamenti nord-sud rete sarda Velocizzazione Villamassargia-Carbonia Elettrificazione Cagliari-Oristano 1^ fase , Potenziamento infrastrutturale Oristano-Ozieri Chilivani, Nuova stazione Chilivani Sud, Interventi IS e Verifiche alle opere d'arte per adeguamenti prestazionali","registro RFI (CdP Servizi, Allegato 3)",C191,Carbonia  - Villamassargia,alta,nome,carbonia|villamassargia,,no,"dedotto: i CdP Investimenti non dichiarano la linea; associazione ricavata da nomi e comuni citati, in corso di verifica"
P254,"Velocizzazione collegamenti nord-sud rete sarda Velocizzazione Villamassargia-Carbonia Elettrificazione Cagliari-Oristano 1^ fase , Potenziamento infrastrutturale Oristano-Ozieri Chilivani, Nuova stazione Chilivani Sud, Interventi IS e Verifiche alle opere d'arte per adeguamenti prestazionali","registro RFI (CdP Servizi, Allegato 3)",C187,Ozieri Chilivani - Decimomannu,alta,nome-parziale,ozieri chilivani,,no,"dedotto: i CdP Investimenti non dichiarano la linea; associazione ricavata da nomi e comuni citati, in corso di verifica"
P254,"Velocizzazione collegamenti nord-sud rete sarda Velocizzazione Villamassargia-Carbonia Elettrificazione Cagliari-Oristano 1^ fase , Potenziamento infrastrutturale Oristano-Ozieri Chilivani, Nuova stazione Chilivani Sud, Interventi IS e Verifiche alle opere d'arte per adeguamenti prestazionali","registro RFI (CdP Servizi, Allegato 3)",C185,Olbia - Ozieri Chilivani,media,nome-parziale,ozieri chilivani,,no,"dedotto: i CdP Investimenti non dichiarano la linea; associazione ricavata da nomi e comuni citati, in corso di verifica"
P254,"Velocizzazione collegamenti nord-sud rete sarda Velocizzazione Villamassargia-Carbonia Elettrificazione Cagliari-Oristano 1^ fase , Potenziamento infrastrutturale Oristano-Ozieri Chilivani, Nuova stazione Chilivani Sud, Interventi IS e Verifiche alle opere d'arte per adeguamenti prestazionali","registro RFI (CdP Servizi, Allegato 3)",C186,Sassari - Ozieri Chilivani,media,nome-parziale,ozieri chilivani,,no,"dedotto: i CdP Investimenti non dichiarano la linea; associazione ricavata da nomi e comuni citati, in corso di verifica"
P254,"Velocizzazione collegamenti nord-sud rete sarda Velocizzazione Villamassargia-Carbonia Elettrificazione Cagliari-Oristano 1^ fase , Potenziamento infrastrutturale Oristano-Ozieri Chilivani, Nuova stazione Chilivani Sud, Interventi IS e Verifiche alle opere d'arte per adeguamenti prestazionali","registro RFI (CdP Servizi, Allegato 3)",C188,Decimomannu - Cagliari,media,nome-parziale,cagliari,,no,"dedotto: i CdP Investimenti non dichiarano la linea; associazione ricavata da nomi e comuni citati, in corso di verifica"
P254,"Velocizzazione collegamenti nord-sud rete sarda Velocizzazione Villamassargia-Carbonia Elettrificazione Cagliari-Oristano 1^ fase , Potenziamento infrastrutturale Oristano-Ozieri Chilivani, Nuova stazione Chilivani Sud, Interventi IS e Verifiche alle opere d'arte per adeguamenti prestazionali","registro RFI (CdP Servizi, Allegato 3)",C189,Villamassargia  - Decimomannu,media,nome-parziale,villamassargia,,no,"dedotto: i CdP Investimenti non dichiarano la linea; associazione ricavata da nomi e comuni citati, in corso di verifica"
P254A,Elettrificazione Cagliari-Oristano Elettrificazione Cagliari-Oristano,"registro RFI (CdP Servizi, Allegato 3)",C188,Decimomannu - Cagliari,media,nome-parziale,cagliari,,no,"dedotto: i CdP Investimenti non dichiarano la linea; associazione ricavata da nomi e comuni citati, in corso di verifica"
P254A,Elettrificazione Cagliari-Oristano Elettrificazione Cagliari-Oristano,"registro RFI (CdP Servizi, Allegato 3)",C187,Ozieri Chilivani - Decimomannu,media,nome-parziale,,,no,"dedotto: i CdP Investimenti non dichiarano la linea; associazione ricavata da nomi e comuni citati, in corso di verifica"
P254B,Velocizzazione Villamassargia-Carbonia Velocizzazione Villamassargia-Carbonia,"registro RFI (CdP Servizi, Allegato 3)",C191,Carbonia  - Villamassargia,alta,nome,carbonia|villamassargia,,no,"dedotto: i CdP Investimenti non dichiarano la linea; associazione ricavata da nomi e comuni citati, in corso di verifica"
P254B,Velocizzazione Villamassargia-Carbonia Velocizzazione Villamassargia-Carbonia,"registro RFI (CdP Servizi, Allegato 3)",C189,Villamassargia  - Decimomannu,media,nome-parziale,villamassargia,,no,"dedotto: i CdP Investimenti non dichiarano la linea; associazione ricavata da nomi e comuni citati, in corso di verifica"
P254B,Velocizzazione Villamassargia-Carbonia Velocizzazione Villamassargia-Carbonia,"registro RFI (CdP Servizi, Allegato 3)",C190,Iglesias - Villamassargia,media,nome-parziale,villamassargia,,no,"dedotto: i CdP Investimenti non dichiarano la linea; associazione ricavata da nomi e comuni citati, in corso di verifica"
P255,Accessibilità alla nuova stazione AV di Belfiore People mover Firenze Belfiore - Santa Maria Novella PROG PROG Fermata Circondaria ITER,"registro RFI (CdP Servizi, Allegato 3)",A007,Bologna - Firenze AV/AC,media,nome-parziale,firenze,,no,"dedotto: i CdP Investimenti non dichiarano la linea; associazione ricavata da nomi e comuni citati, in corso di verifica"
P255,Accessibilità alla nuova stazione AV di Belfiore People mover Firenze Belfiore - Santa Maria Novella PROG PROG Fermata Circondaria ITER,"registro RFI (CdP Servizi, Allegato 3)",N006,Firenze,media,nome-parziale,firenze,,no,"dedotto: i CdP Investimenti non dichiarano la linea; associazione ricavata da nomi e comuni citati, in corso di verifica"
P255,Accessibilità alla nuova stazione AV di Belfiore People mover Firenze Belfiore - Santa Maria Novella PROG PROG Fermata Circondaria ITER,"registro RFI (CdP Servizi, Allegato 3)",C112,Firenze S. Marco V. - Borgo S.Lorenzo,media,nome-parziale,,,no,"dedotto: i CdP Investimenti non dichiarano la linea; associazione ricavata da nomi e comuni citati, in corso di verifica"
P255,Accessibilità alla nuova stazione AV di Belfiore People mover Firenze Belfiore - Santa Maria Novella PROG PROG Fermata Circondaria ITER,"registro RFI (CdP Servizi, Allegato 3)",F043,[BOLOGNA] BOLOGNA S.RUFFILLO - FIRENZE CASTELLO [FIRENZE],media,nome-parziale,,,no,"dedotto: i CdP Investimenti non dichiarano la linea; associazione ricavata da nomi e comuni citati, in corso di verifica"
P255,Accessibilità alla nuova stazione AV di Belfiore People mover Firenze Belfiore - Santa Maria Novella PROG PROG Fermata Circondaria ITER,"registro RFI (CdP Servizi, Allegato 3)",F049,[FIRENZE] FIRENZE CASCINE - PISA,media,nome-parziale,,,no,"dedotto: i CdP Investimenti non dichiarano la linea; associazione ricavata da nomi e comuni citati, in corso di verifica"
P255,Accessibilità alla nuova stazione AV di Belfiore People mover Firenze Belfiore - Santa Maria Novella PROG PROG Fermata Circondaria ITER,"registro RFI (CdP Servizi, Allegato 3)",F053,[FIRENZE]  FIRENZE ROVEZZANO - FARA SABINA [ROMA] (Linea Lenta),media,nome-parziale,,,no,"dedotto: i CdP Investimenti non dichiarano la linea; associazione ricavata da nomi e comuni citati, in corso di verifica"
P256,Potenziamento infrastrutturale scalo di Brescia Potenziamento infrastrutturale scalo di Brescia,"registro RFI (CdP Servizi, Allegato 3)",C064,Brescia - S. Zeno Folzano,media,nome-parziale,brescia,,no,"dedotto: i CdP Investimenti non dichiarano la linea; associazione ricavata da nomi e comuni citati, in corso di verifica"
P256,Potenziamento infrastrutturale scalo di Brescia Potenziamento infrastrutturale scalo di Brescia,"registro RFI (CdP Servizi, Allegato 3)",F023,[MILANO] PIOLTELLO L. - BRESCIA  VERONA,media,nome-parziale,,,no,"dedotto: i CdP Investimenti non dichiarano la linea; associazione ricavata da nomi e comuni citati, in corso di verifica"
P256,Potenziamento infrastrutturale scalo di Brescia Potenziamento infrastrutturale scalo di Brescia,"registro RFI (CdP Servizi, Allegato 3)",A009,Milano - Brescia AV/AC,bassa,nome-parziale,brescia,,no,"dedotto: i CdP Investimenti non dichiarano la linea; associazione ricavata da nomi e comuni citati, in corso di verifica"
P256,Potenziamento infrastrutturale scalo di Brescia Potenziamento infrastrutturale scalo di Brescia,"registro RFI (CdP Servizi, Allegato 3)",F023AV,PIOLTELLO L. - BRESCIA AVAC,bassa,nome-parziale,brescia,,no,"dedotto: i CdP Investimenti non dichiarano la linea; associazione ricavata da nomi e comuni citati, in corso di verifica"
P257,Elettrificazione Ivrea-Aosta,"registro RFI (CdP Servizi, Allegato 3)",C002,Chivasso - Aosta,alta,nome-parziale,aosta,,no,"dedotto: i CdP Investimenti non dichiarano la linea; associazione ricavata da nomi e comuni citati, in corso di verifica"
P257,Elettrificazione Ivrea-Aosta,"registro RFI (CdP Servizi, Allegato 3)",C003,Aosta - Pre' S. Didier,media,nome-parziale,aosta,,no,"dedotto: i CdP Investimenti non dichiarano la linea; associazione ricavata da nomi e comuni citati, in corso di verifica"
P258,Linea Rosarno-S. Ferdinando: adeguamento PRG impianti di Rosarno e San Ferdinando Adeguamento PRG impianti di Rosarno e San Ferdinando,"registro RFI (CdP Servizi, Allegato 3)",F077,PAOLA - REGGIO CALABRIA CENTRALE (compresa Eccellente - Rosarno),alta,nome-parziale,,,no,"dedotto: i CdP Investimenti non dichiarano la linea; associazione ricavata da nomi e comuni citati, in corso di verifica"
P259,Linea Bari-Bitritto: upgrading infrastrutturale Linea Bari-Bitritto: upgrading infrastrutturale,"registro RFI (CdP Servizi, Allegato 3)",C152,Bari - Bitritto,alta,nome,bari|bitritto,,si,"dedotto: i CdP Investimenti non dichiarano la linea; associazione ricavata da nomi e comuni citati, in corso di verifica"
P259,Linea Bari-Bitritto: upgrading infrastrutturale Linea Bari-Bitritto: upgrading infrastrutturale,"registro RFI (CdP Servizi, Allegato 3)",C150,Bari - Brindisi,media,nome-parziale,bari,,no,"dedotto: i CdP Investimenti non dichiarano la linea; associazione ricavata da nomi e comuni citati, in corso di verifica"
P259,Linea Bari-Bitritto: upgrading infrastrutturale Linea Bari-Bitritto: upgrading infrastrutturale,"registro RFI (CdP Servizi, Allegato 3)",C158,Bari - Gioia Del Colle,media,nome-parziale,bari,,no,"dedotto: i CdP Investimenti non dichiarano la linea; associazione ricavata da nomi e comuni citati, in corso di verifica"
P259,Linea Bari-Bitritto: upgrading infrastrutturale Linea Bari-Bitritto: upgrading infrastrutturale,"registro RFI (CdP Servizi, Allegato 3)",F069,FOGGIA - BARI (compresa Enziteto Catino - Bari S.Spirito),media,nome-parziale,bari,,no,"dedotto: i CdP Investimenti non dichiarano la linea; associazione ricavata da nomi e comuni citati, in corso di verifica"
P260,Potenziamento Capannelle-Ciampino Quadruplicamento Capannelle-Ciampino e PRG Ciampino,"registro RFI (CdP Servizi, Allegato 3)",C134,Ciampino - Albano Laziale,media,nome-parziale,ciampino,,no,"dedotto: i CdP Investimenti non dichiarano la linea; associazione ricavata da nomi e comuni citati, in corso di verifica"
P260,Potenziamento Capannelle-Ciampino Quadruplicamento Capannelle-Ciampino e PRG Ciampino,"registro RFI (CdP Servizi, Allegato 3)",C135,Ciampino - Velletri,media,nome-parziale,ciampino,,no,"dedotto: i CdP Investimenti non dichiarano la linea; associazione ricavata da nomi e comuni citati, in corso di verifica"
P260,Potenziamento Capannelle-Ciampino Quadruplicamento Capannelle-Ciampino e PRG Ciampino,"registro RFI (CdP Servizi, Allegato 3)",C235,Ciampino - Frascati,media,nome-parziale,ciampino,,no,"dedotto: i CdP Investimenti non dichiarano la linea; associazione ricavata da nomi e comuni citati, in corso di verifica"
P260,Potenziamento Capannelle-Ciampino Quadruplicamento Capannelle-Ciampino e PRG Ciampino,"registro RFI (CdP Servizi, Allegato 3)",F061,(comprese linee Rocca d'Evandro - Venafro/Vairano e Santa Maria C.V. - Maddaloni M. S.to e linee Bivio Maddaloni /,media,nome-parziale,,,no,"dedotto: i CdP Investimenti non dichiarano la linea; associazione ricavata da nomi e comuni citati, in corso di verifica"
P260,Potenziamento Capannelle-Ciampino Quadruplicamento Capannelle-Ciampino e PRG Ciampino,"registro RFI (CdP Servizi, Allegato 3)",N007,Roma,media,nome-parziale,,,no,"dedotto: i CdP Investimenti non dichiarano la linea; associazione ricavata da nomi e comuni citati, in corso di verifica"
P261,"Potenziamento linea Bologna-Prato Linea Bologna-Prato-Firenze: adeguamento prestazionale (sagoma, modulo) e potenziamento tecnologico","registro RFI (CdP Servizi, Allegato 3)",F043,[BOLOGNA] BOLOGNA S.RUFFILLO - FIRENZE CASTELLO [FIRENZE],alta,nome-parziale,,,no,"dedotto: i CdP Investimenti non dichiarano la linea; associazione ricavata da nomi e comuni citati, in corso di verifica"
P261,"Potenziamento linea Bologna-Prato Linea Bologna-Prato-Firenze: adeguamento prestazionale (sagoma, modulo) e potenziamento tecnologico","registro RFI (CdP Servizi, Allegato 3)",A007,Bologna - Firenze AV/AC,media,nome,bologna|firenze,,no,"dedotto: i CdP Investimenti non dichiarano la linea; associazione ricavata da nomi e comuni citati, in corso di verifica"
P261,"Potenziamento linea Bologna-Prato Linea Bologna-Prato-Firenze: adeguamento prestazionale (sagoma, modulo) e potenziamento tecnologico","registro RFI (CdP Servizi, Allegato 3)",N005,Bologna,media,nome-parziale,bologna,,no,"dedotto: i CdP Investimenti non dichiarano la linea; associazione ricavata da nomi e comuni citati, in corso di verifica"
P261,"Potenziamento linea Bologna-Prato Linea Bologna-Prato-Firenze: adeguamento prestazionale (sagoma, modulo) e potenziamento tecnologico","registro RFI (CdP Servizi, Allegato 3)",N006,Firenze,media,nome-parziale,firenze,,no,"dedotto: i CdP Investimenti non dichiarano la linea; associazione ricavata da nomi e comuni citati, in corso di verifica"
P261,"Potenziamento linea Bologna-Prato Linea Bologna-Prato-Firenze: adeguamento prestazionale (sagoma, modulo) e potenziamento tecnologico","registro RFI (CdP Servizi, Allegato 3)",C112,Firenze S. Marco V. - Borgo S.Lorenzo,media,nome-parziale,,,no,"dedotto: i CdP Investimenti non dichiarano la linea; associazione ricavata da nomi e comuni citati, in corso di verifica"
P261,"Potenziamento linea Bologna-Prato Linea Bologna-Prato-Firenze: adeguamento prestazionale (sagoma, modulo) e potenziamento tecnologico","registro RFI (CdP Servizi, Allegato 3)",F049,[FIRENZE] FIRENZE CASCINE - PISA,media,nome-parziale,,,no,"dedotto: i CdP Investimenti non dichiarano la linea; associazione ricavata da nomi e comuni citati, in corso di verifica"
P262B,Velocizzazione e potenziamento linea ferroviaria Adriatica 2^ fase Velocizzazione CastelBolognese-Rimini,"registro RFI (CdP Servizi, Allegato 3)",C102,Ravenna - Rimini,media,nome-parziale,rimini,,no,"dedotto: i CdP Investimenti non dichiarano la linea; associazione ricavata da nomi e comuni citati, in corso di verifica"
P262B,Velocizzazione e potenziamento linea ferroviaria Adriatica 2^ fase Velocizzazione CastelBolognese-Rimini,"registro RFI (CdP Servizi, Allegato 3)",F063,[BOLOGNA] MIRANDOLA O. - ANCONA (compresa Ancona - Ancona Marittima),media,nome-parziale,,,no,"dedotto: i CdP Investimenti non dichiarano la linea; associazione ricavata da nomi e comuni citati, in corso di verifica"
P262B,Velocizzazione e potenziamento linea ferroviaria Adriatica 2^ fase Velocizzazione CastelBolognese-Rimini,"registro RFI (CdP Servizi, Allegato 3)",C106,Castelbolognese - Lugo,media,nome-parziale,castelbolognese,,no,"dedotto: i CdP Investimenti non dichiarano la linea; associazione ricavata da nomi e comuni citati, in corso di verifica"
P270,Opere di collegamento al Ponte sullo stretto di Messina - sponda calabra e siciliana Opere di collegamento al Ponte sullo stretto di Messina - sponda PROG PROG calabra Opere di collegamento al Ponte sullo stretto di Messina - sponda PROG PROG sicialiana,"registro RFI (CdP Servizi, Allegato 3)",C169,Messina - Catania,media,nome-parziale,messina,,no,"dedotto: i CdP Investimenti non dichiarano la linea; associazione ricavata da nomi e comuni citati, in corso di verifica"
P270,Opere di collegamento al Ponte sullo stretto di Messina - sponda calabra e siciliana Opere di collegamento al Ponte sullo stretto di Messina - sponda PROG PROG calabra Opere di collegamento al Ponte sullo stretto di Messina - sponda PROG PROG sicialiana,"registro RFI (CdP Servizi, Allegato 3)",C175,Messina - Fiumetorto,media,nome-parziale,messina,,no,"dedotto: i CdP Investimenti non dichiarano la linea; associazione ricavata da nomi e comuni citati, in corso di verifica"
0013A,Nuova linea a monte del Vesuvio Nuova linea a monte del Vesuvio (tratta bivio Casoria - bivio Sarno),OpenStreetMap (relazione route=railway),17977510,Ferrovia Cancello-Avellino,media,comuni,,1,no,"dedotto: i CdP Investimenti non dichiarano la linea; associazione ricavata da nomi e comuni citati, in corso di verifica"
0013A,Nuova linea a monte del Vesuvio Nuova linea a monte del Vesuvio (tratta bivio Casoria - bivio Sarno),OpenStreetMap (relazione route=railway),7343201,Ferrovia Napoli–Salerno (via Galleria Santa Lucia),media,comuni,,1,no,"dedotto: i CdP Investimenti non dichiarano la linea; associazione ricavata da nomi e comuni citati, in corso di verifica"
0013A,Nuova linea a monte del Vesuvio Nuova linea a monte del Vesuvio (tratta bivio Casoria - bivio Sarno),OpenStreetMap (relazione route=railway),5381831,Ferrovia Salerno - Cancello,media,comuni,,1,no,"dedotto: i CdP Investimenti non dichiarano la linea; associazione ricavata da nomi e comuni citati, in corso di verifica"
0013A,Nuova linea a monte del Vesuvio Nuova linea a monte del Vesuvio (tratta bivio Casoria - bivio Sarno),OpenStreetMap (relazione route=railway),7781979,Ferrovia Pugliano-Vesuvio,media,nome-parziale,vesuvio,,no,"dedotto: i CdP Investimenti non dichiarano la linea; associazione ricavata da nomi e comuni citati, in corso di verifica"
0013A,Nuova linea a monte del Vesuvio Nuova linea a monte del Vesuvio (tratta bivio Casoria - bivio Sarno),OpenStreetMap (relazione route=railway),12454737,Napoli-Bari AV/AC,bassa,comuni,,1,no,"dedotto: i CdP Investimenti non dichiarano la linea; associazione ricavata da nomi e comuni citati, in corso di verifica"
0013B,Fermata Vesuvio Est Linea a monte del Vesuvio Fermata Vesuvio Est PROG PROG,OpenStreetMap (relazione route=railway),7781979,Ferrovia Pugliano-Vesuvio,media,nome-parziale,vesuvio,,no,"dedotto: i CdP Investimenti non dichiarano la linea; associazione ricavata da nomi e comuni citati, in corso di verifica"
0036,"Nodo di Palermo Passante ferroviario Palermo c.le/Notarbartolo-Carini, Apparato tecnologico Palermo c.le e Completamento raddoppio Carini- Punta-Raisi e adeguamento tecnologico Palermo c.le-Fiumetorto",OpenStreetMap (relazione route=railway),13165261,Linea Palermo Notarbartolo - Punta Raisi / Piraineto - Trapani / Palermo Centrale - Palermo Sampolo / Alcamo Dne - Catelvetrano - Trapani,alta,nome+comuni,punta raisi|palermo,2,no,"dedotto: i CdP Investimenti non dichiarano la linea; associazione ricavata da nomi e comuni citati, in corso di verifica"
0036,"Nodo di Palermo Passante ferroviario Palermo c.le/Notarbartolo-Carini, Apparato tecnologico Palermo c.le e Completamento raddoppio Carini- Punta-Raisi e adeguamento tecnologico Palermo c.le-Fiumetorto",OpenStreetMap (relazione route=railway),13271799,Linea Agrigento Centrale - Palermo Centrale,media,nome-parziale+comuni,palermo,1,no,"dedotto: i CdP Investimenti non dichiarano la linea; associazione ricavata da nomi e comuni citati, in corso di verifica"
0036,"Nodo di Palermo Passante ferroviario Palermo c.le/Notarbartolo-Carini, Apparato tecnologico Palermo c.le e Completamento raddoppio Carini- Punta-Raisi e adeguamento tecnologico Palermo c.le-Fiumetorto",OpenStreetMap (relazione route=railway),15317508,Linea Caltanissetta Centrale - Palermo Centrale,media,nome-parziale+comuni,palermo,1,no,"dedotto: i CdP Investimenti non dichiarano la linea; associazione ricavata da nomi e comuni citati, in corso di verifica"
0036,"Nodo di Palermo Passante ferroviario Palermo c.le/Notarbartolo-Carini, Apparato tecnologico Palermo c.le e Completamento raddoppio Carini- Punta-Raisi e adeguamento tecnologico Palermo c.le-Fiumetorto",OpenStreetMap (relazione route=railway),10071532,Linea Messina Centrale - Palermo Centrale / Bivio Terme Vigliatore - Patti-San Piero Patti,media,nome-parziale+comuni,palermo,1,no,"dedotto: i CdP Investimenti non dichiarano la linea; associazione ricavata da nomi e comuni citati, in corso di verifica"
0036,"Nodo di Palermo Passante ferroviario Palermo c.le/Notarbartolo-Carini, Apparato tecnologico Palermo c.le e Completamento raddoppio Carini- Punta-Raisi e adeguamento tecnologico Palermo c.le-Fiumetorto",OpenStreetMap (relazione route=railway),20989389,Chiusura Anello Ferroviario,media,comuni,,1,no,"dedotto: i CdP Investimenti non dichiarano la linea; associazione ricavata da nomi e comuni citati, in corso di verifica"
0036,"Nodo di Palermo Passante ferroviario Palermo c.le/Notarbartolo-Carini, Apparato tecnologico Palermo c.le e Completamento raddoppio Carini- Punta-Raisi e adeguamento tecnologico Palermo c.le-Fiumetorto",OpenStreetMap (relazione route=railway),10362602,Ferrovia Incompiuta Palermo-Salaparuta,media,comuni,,1,no,"dedotto: i CdP Investimenti non dichiarano la linea; associazione ricavata da nomi e comuni citati, in corso di verifica"
0037,Realizzazione fermate ed adeguamento stazioni per servizio metropolitano di Bologna 1^ fase,OpenStreetMap (relazione route=railway),1782127,Ferrovia Bologna - Verona,media,nome-parziale+comuni,bologna,1,no,"dedotto: i CdP Investimenti non dichiarano la linea; associazione ricavata da nomi e comuni citati, in corso di verifica"
0037,Realizzazione fermate ed adeguamento stazioni per servizio metropolitano di Bologna 1^ fase,OpenStreetMap (relazione route=railway),7481564,Ferrovia Milano-Bologna,media,nome-parziale+comuni,bologna,1,no,"dedotto: i CdP Investimenti non dichiarano la linea; associazione ricavata da nomi e comuni citati, in corso di verifica"
0037,Realizzazione fermate ed adeguamento stazioni per servizio metropolitano di Bologna 1^ fase,OpenStreetMap (relazione route=railway),7795886,Ferrovia Padova – Bologna,media,nome-parziale+comuni,bologna,1,no,"dedotto: i CdP Investimenti non dichiarano la linea; associazione ricavata da nomi e comuni citati, in corso di verifica"
0037,Realizzazione fermate ed adeguamento stazioni per servizio metropolitano di Bologna 1^ fase,OpenStreetMap (relazione route=railway),16108812,Linea di cintura di Bologna,media,comuni,,1,no,"dedotto: i CdP Investimenti non dichiarano la linea; associazione ricavata da nomi e comuni citati, in corso di verifica"
0037,Realizzazione fermate ed adeguamento stazioni per servizio metropolitano di Bologna 1^ fase,OpenStreetMap (relazione route=railway),2172727,Ferrovia Bologna-Firenze (alta velocità),bassa,nome-parziale+comuni,bologna,1,no,"dedotto: i CdP Investimenti non dichiarano la linea; associazione ricavata da nomi e comuni citati, in corso di verifica"
0037,Realizzazione fermate ed adeguamento stazioni per servizio metropolitano di Bologna 1^ fase,OpenStreetMap (relazione route=railway),1962856,Ferrovia ad alta velocità Milano – Bologna (biforcazione),bassa,nome-parziale+comuni,bologna,1,no,"dedotto: i CdP Investimenti non dichiarano la linea; associazione ricavata da nomi e comuni citati, in corso di verifica"
0049A,Raddoppio Milano-Mortara: 1^ fase Raddoppio Milano S.Cristoforo- Albairate Fermate Porta Romana e Tibaldi Riqualificazione Milano S. Cristoforo-P.ta Romana PROG PROG Raddoppio Albairate-Abbiategrasso PROG PROG,OpenStreetMap (relazione route=railway),15616423,Ferrovia Milano-Mortara,alta,nome+comuni,milano|mortara,4,no,"dedotto: i CdP Investimenti non dichiarano la linea; associazione ricavata da nomi e comuni citati, in corso di verifica"
0049A,Raddoppio Milano-Mortara: 1^ fase Raddoppio Milano S.Cristoforo- Albairate Fermate Porta Romana e Tibaldi Riqualificazione Milano S. Cristoforo-P.ta Romana PROG PROG Raddoppio Albairate-Abbiategrasso PROG PROG,OpenStreetMap (relazione route=railway),7475352,Ferrovia Domodossola-Milano,media,nome-parziale+comuni,milano,1,no,"dedotto: i CdP Investimenti non dichiarano la linea; associazione ricavata da nomi e comuni citati, in corso di verifica"
0049A,Raddoppio Milano-Mortara: 1^ fase Raddoppio Milano S.Cristoforo- Albairate Fermate Porta Romana e Tibaldi Riqualificazione Milano S. Cristoforo-P.ta Romana PROG PROG Raddoppio Albairate-Abbiategrasso PROG PROG,OpenStreetMap (relazione route=railway),14603060,Ferrovia Milano-Asso,media,nome-parziale+comuni,milano,1,no,"dedotto: i CdP Investimenti non dichiarano la linea; associazione ricavata da nomi e comuni citati, in corso di verifica"
0049A,Raddoppio Milano-Mortara: 1^ fase Raddoppio Milano S.Cristoforo- Albairate Fermate Porta Romana e Tibaldi Riqualificazione Milano S. Cristoforo-P.ta Romana PROG PROG Raddoppio Albairate-Abbiategrasso PROG PROG,OpenStreetMap (relazione route=railway),7481564,Ferrovia Milano-Bologna,media,nome-parziale+comuni,milano,1,no,"dedotto: i CdP Investimenti non dichiarano la linea; associazione ricavata da nomi e comuni citati, in corso di verifica"
0049A,Raddoppio Milano-Mortara: 1^ fase Raddoppio Milano S.Cristoforo- Albairate Fermate Porta Romana e Tibaldi Riqualificazione Milano S. Cristoforo-P.ta Romana PROG PROG Raddoppio Albairate-Abbiategrasso PROG PROG,OpenStreetMap (relazione route=railway),12242964,Ferrovia Milano-Chiasso,media,nome-parziale+comuni,milano,1,no,"dedotto: i CdP Investimenti non dichiarano la linea; associazione ricavata da nomi e comuni citati, in corso di verifica"
0049A,Raddoppio Milano-Mortara: 1^ fase Raddoppio Milano S.Cristoforo- Albairate Fermate Porta Romana e Tibaldi Riqualificazione Milano S. Cristoforo-P.ta Romana PROG PROG Raddoppio Albairate-Abbiategrasso PROG PROG,OpenStreetMap (relazione route=railway),19261719,Ferrovia Milano-Genova,media,nome-parziale+comuni,milano,1,no,"dedotto: i CdP Investimenti non dichiarano la linea; associazione ricavata da nomi e comuni citati, in corso di verifica"
0049B,Raddoppio Milano-Mortara: 2^ fase Raddoppio Abbiategrasso-Vigevano-Parona PROG PROG Raddoppio Parona-Mortara,OpenStreetMap (relazione route=railway),15616423,Ferrovia Milano-Mortara,alta,nome+comuni,milano|mortara,4,no,"dedotto: i CdP Investimenti non dichiarano la linea; associazione ricavata da nomi e comuni citati, in corso di verifica"
0049B,Raddoppio Milano-Mortara: 2^ fase Raddoppio Abbiategrasso-Vigevano-Parona PROG PROG Raddoppio Parona-Mortara,OpenStreetMap (relazione route=railway),7475352,Ferrovia Domodossola-Milano,media,nome-parziale+comuni,milano,1,no,"dedotto: i CdP Investimenti non dichiarano la linea; associazione ricavata da nomi e comuni citati, in corso di verifica"
0049B,Raddoppio Milano-Mortara: 2^ fase Raddoppio Abbiategrasso-Vigevano-Parona PROG PROG Raddoppio Parona-Mortara,OpenStreetMap (relazione route=railway),14603060,Ferrovia Milano-Asso,media,nome-parziale+comuni,milano,1,no,"dedotto: i CdP Investimenti non dichiarano la linea; associazione ricavata da nomi e comuni citati, in corso di verifica"
0049B,Raddoppio Milano-Mortara: 2^ fase Raddoppio Abbiategrasso-Vigevano-Parona PROG PROG Raddoppio Parona-Mortara,OpenStreetMap (relazione route=railway),7481564,Ferrovia Milano-Bologna,media,nome-parziale+comuni,milano,1,no,"dedotto: i CdP Investimenti non dichiarano la linea; associazione ricavata da nomi e comuni citati, in corso di verifica"
0049B,Raddoppio Milano-Mortara: 2^ fase Raddoppio Abbiategrasso-Vigevano-Parona PROG PROG Raddoppio Parona-Mortara,OpenStreetMap (relazione route=railway),12242964,Ferrovia Milano-Chiasso,media,nome-parziale+comuni,milano,1,no,"dedotto: i CdP Investimenti non dichiarano la linea; associazione ricavata da nomi e comuni citati, in corso di verifica"
0049B,Raddoppio Milano-Mortara: 2^ fase Raddoppio Abbiategrasso-Vigevano-Parona PROG PROG Raddoppio Parona-Mortara,OpenStreetMap (relazione route=railway),19261719,Ferrovia Milano-Genova,media,nome-parziale+comuni,milano,1,no,"dedotto: i CdP Investimenti non dichiarano la linea; associazione ricavata da nomi e comuni citati, in corso di verifica"
0052,"Passante di Torino tratta Porta Susa - Stura Quadruplicamento Torino Porta Susa-Stura e progettazione fermate Dora e Zappata, Stazione AV Torino Porta Susa e Nuova SSE Torino Bramante",OpenStreetMap (relazione route=railway),7699365,Ferrovia Torino-Genova,media,nome-parziale+comuni,torino,1,no,"dedotto: i CdP Investimenti non dichiarano la linea; associazione ricavata da nomi e comuni citati, in corso di verifica"
0052,"Passante di Torino tratta Porta Susa - Stura Quadruplicamento Torino Porta Susa-Stura e progettazione fermate Dora e Zappata, Stazione AV Torino Porta Susa e Nuova SSE Torino Bramante",OpenStreetMap (relazione route=railway),2596061,Torino-Milano (Alta Velocità),media,nome-parziale+comuni,torino,1,no,"dedotto: i CdP Investimenti non dichiarano la linea; associazione ricavata da nomi e comuni citati, in corso di verifica"
0052,"Passante di Torino tratta Porta Susa - Stura Quadruplicamento Torino Porta Susa-Stura e progettazione fermate Dora e Zappata, Stazione AV Torino Porta Susa e Nuova SSE Torino Bramante",OpenStreetMap (relazione route=railway),7808741,Torino-Modane,media,nome-parziale+comuni,torino,1,no,"dedotto: i CdP Investimenti non dichiarano la linea; associazione ricavata da nomi e comuni citati, in corso di verifica"
0052,"Passante di Torino tratta Porta Susa - Stura Quadruplicamento Torino Porta Susa-Stura e progettazione fermate Dora e Zappata, Stazione AV Torino Porta Susa e Nuova SSE Torino Bramante",OpenStreetMap (relazione route=railway),6927937,Ligne Nouvelle Lyon - Turin,media,comuni,,1,no,"dedotto: i CdP Investimenti non dichiarano la linea; associazione ricavata da nomi e comuni citati, in corso di verifica"
0077,Raddoppio Genova-Ventimiglia 1^ fase Raddoppio Andora - S.Lorenzo e completamento raddoppio S.Lorenzo - Ospedaletti,OpenStreetMap (relazione route=railway),2590941,Ferrovia Genova-Ventimiglia,alta,nome+comuni,genova|ventimiglia,4,no,"dedotto: i CdP Investimenti non dichiarano la linea; associazione ricavata da nomi e comuni citati, in corso di verifica"
0077,Raddoppio Genova-Ventimiglia 1^ fase Raddoppio Andora - S.Lorenzo e completamento raddoppio S.Lorenzo - Ospedaletti,OpenStreetMap (relazione route=railway),7841395,Ferrovia Asti-Genova,media,nome-parziale+comuni,genova,1,no,"dedotto: i CdP Investimenti non dichiarano la linea; associazione ricavata da nomi e comuni citati, in corso di verifica"
0077,Raddoppio Genova-Ventimiglia 1^ fase Raddoppio Andora - S.Lorenzo e completamento raddoppio S.Lorenzo - Ospedaletti,OpenStreetMap (relazione route=railway),19261719,Ferrovia Milano-Genova,media,nome-parziale+comuni,genova,1,no,"dedotto: i CdP Investimenti non dichiarano la linea; associazione ricavata da nomi e comuni citati, in corso di verifica"
0077,Raddoppio Genova-Ventimiglia 1^ fase Raddoppio Andora - S.Lorenzo e completamento raddoppio S.Lorenzo - Ospedaletti,OpenStreetMap (relazione route=railway),7699365,Ferrovia Torino-Genova,media,nome-parziale+comuni,genova,1,no,"dedotto: i CdP Investimenti non dichiarano la linea; associazione ricavata da nomi e comuni citati, in corso di verifica"
0077,Raddoppio Genova-Ventimiglia 1^ fase Raddoppio Andora - S.Lorenzo e completamento raddoppio S.Lorenzo - Ospedaletti,OpenStreetMap (relazione route=railway),14396395,Ventimiglia-Marsiglia (confine),media,nome-parziale+comuni,ventimiglia,1,no,"dedotto: i CdP Investimenti non dichiarano la linea; associazione ricavata da nomi e comuni citati, in corso di verifica"
0077,Raddoppio Genova-Ventimiglia 1^ fase Raddoppio Andora - S.Lorenzo e completamento raddoppio S.Lorenzo - Ospedaletti,OpenStreetMap (relazione route=railway),16107068,Bretella di Pra',media,comuni,,1,no,"dedotto: i CdP Investimenti non dichiarano la linea; associazione ricavata da nomi e comuni citati, in corso di verifica"
0083,Infrastrutturazione area stazione Tiburtina e nodo di interscambio Stazione AV stazione Tiburtina e infrastrutturazione area,OpenStreetMap (relazione route=railway),17959804,Cintura Nord di Roma,media,comuni,,1,no,"dedotto: i CdP Investimenti non dichiarano la linea; associazione ricavata da nomi e comuni citati, in corso di verifica"
0083,Infrastrutturazione area stazione Tiburtina e nodo di interscambio Stazione AV stazione Tiburtina e infrastrutturazione area,OpenStreetMap (relazione route=railway),1811976,Direttissima Firenze S.M.N. - Roma Termini,media,comuni,,1,no,"dedotto: i CdP Investimenti non dichiarano la linea; associazione ricavata da nomi e comuni citati, in corso di verifica"
0083,Infrastrutturazione area stazione Tiburtina e nodo di interscambio Stazione AV stazione Tiburtina e infrastrutturazione area,OpenStreetMap (relazione route=railway),17940537,Ferrovia Roma-Fiumicino,media,comuni,,1,no,"dedotto: i CdP Investimenti non dichiarano la linea; associazione ricavata da nomi e comuni citati, in corso di verifica"
0083,Infrastrutturazione area stazione Tiburtina e nodo di interscambio Stazione AV stazione Tiburtina e infrastrutturazione area,OpenStreetMap (relazione route=railway),2178861,Italia - Città del Vaticano,media,comuni,,1,no,"dedotto: i CdP Investimenti non dichiarano la linea; associazione ricavata da nomi e comuni citati, in corso di verifica"
0099A,Itinerario Napoli-Bari: Raddoppio Bovino-Cervaro Raddoppio Bovino-Cervaro,OpenStreetMap (relazione route=railway),12454737,Napoli-Bari AV/AC,media,nome-parziale+comuni,napoli,3,no,"dedotto: i CdP Investimenti non dichiarano la linea; associazione ricavata da nomi e comuni citati, in corso di verifica"
0099A,Itinerario Napoli-Bari: Raddoppio Bovino-Cervaro Raddoppio Bovino-Cervaro,OpenStreetMap (relazione route=railway),6334362,Bari Lamasinata - Bari Centrale (indipendente),media,nome-parziale+comuni,bari,1,no,"dedotto: i CdP Investimenti non dichiarano la linea; associazione ricavata da nomi e comuni citati, in corso di verifica"
0099A,Itinerario Napoli-Bari: Raddoppio Bovino-Cervaro Raddoppio Bovino-Cervaro,OpenStreetMap (relazione route=railway),16640417,Ferrovia Bari-Taranto,media,nome-parziale+comuni,bari,1,no,"dedotto: i CdP Investimenti non dichiarano la linea; associazione ricavata da nomi e comuni citati, in corso di verifica"
0099A,Itinerario Napoli-Bari: Raddoppio Bovino-Cervaro Raddoppio Bovino-Cervaro,OpenStreetMap (relazione route=railway),17976116,Ferrovia Bitritto,media,comuni,,1,no,"dedotto: i CdP Investimenti non dichiarano la linea; associazione ricavata da nomi e comuni citati, in corso di verifica"
0099A,Itinerario Napoli-Bari: Raddoppio Bovino-Cervaro Raddoppio Bovino-Cervaro,OpenStreetMap (relazione route=railway),1778547,Metronapoli Linea 2 Nord,media,comuni,,1,no,"dedotto: i CdP Investimenti non dichiarano la linea; associazione ricavata da nomi e comuni citati, in corso di verifica"
0099A,Itinerario Napoli-Bari: Raddoppio Bovino-Cervaro Raddoppio Bovino-Cervaro,OpenStreetMap (relazione route=railway),3158739,Servizio Ferroviario Urbano di Bari (Bari Santo Spirito → Bari Torre a Mare),media,comuni,,1,no,"dedotto: i CdP Investimenti non dichiarano la linea; associazione ricavata da nomi e comuni citati, in corso di verifica"
0099B,Itinerario Napoli-Bari: Raddoppio Orsara-Bovino Raddoppio Orsara-Bovino,OpenStreetMap (relazione route=railway),12454737,Napoli-Bari AV/AC,media,nome-parziale+comuni,napoli,3,no,"dedotto: i CdP Investimenti non dichiarano la linea; associazione ricavata da nomi e comuni citati, in corso di verifica"
0099B,Itinerario Napoli-Bari: Raddoppio Orsara-Bovino Raddoppio Orsara-Bovino,OpenStreetMap (relazione route=railway),6334362,Bari Lamasinata - Bari Centrale (indipendente),media,nome-parziale+comuni,bari,1,no,"dedotto: i CdP Investimenti non dichiarano la linea; associazione ricavata da nomi e comuni citati, in corso di verifica"
0099B,Itinerario Napoli-Bari: Raddoppio Orsara-Bovino Raddoppio Orsara-Bovino,OpenStreetMap (relazione route=railway),16640417,Ferrovia Bari-Taranto,media,nome-parziale+comuni,bari,1,no,"dedotto: i CdP Investimenti non dichiarano la linea; associazione ricavata da nomi e comuni citati, in corso di verifica"
0099B,Itinerario Napoli-Bari: Raddoppio Orsara-Bovino Raddoppio Orsara-Bovino,OpenStreetMap (relazione route=railway),17976116,Ferrovia Bitritto,media,comuni,,1,no,"dedotto: i CdP Investimenti non dichiarano la linea; associazione ricavata da nomi e comuni citati, in corso di verifica"
0099B,Itinerario Napoli-Bari: Raddoppio Orsara-Bovino Raddoppio Orsara-Bovino,OpenStreetMap (relazione route=railway),1778547,Metronapoli Linea 2 Nord,media,comuni,,1,no,"dedotto: i CdP Investimenti non dichiarano la linea; associazione ricavata da nomi e comuni citati, in corso di verifica"
0099B,Itinerario Napoli-Bari: Raddoppio Orsara-Bovino Raddoppio Orsara-Bovino,OpenStreetMap (relazione route=railway),3158739,Servizio Ferroviario Urbano di Bari (Bari Santo Spirito → Bari Torre a Mare),media,comuni,,1,no,"dedotto: i CdP Investimenti non dichiarano la linea; associazione ricavata da nomi e comuni citati, in corso di verifica"
0099C,Itinerario Napoli-Bari: Opere di completamento raddoppio Vitulano-Apice Interventi di completamento raddoppio Vitulano-Apice,OpenStreetMap (relazione route=railway),12454737,Napoli-Bari AV/AC,media,nome-parziale+comuni,napoli,3,no,"dedotto: i CdP Investimenti non dichiarano la linea; associazione ricavata da nomi e comuni citati, in corso di verifica"
0099C,Itinerario Napoli-Bari: Opere di completamento raddoppio Vitulano-Apice Interventi di completamento raddoppio Vitulano-Apice,OpenStreetMap (relazione route=railway),6334362,Bari Lamasinata - Bari Centrale (indipendente),media,nome-parziale+comuni,bari,1,no,"dedotto: i CdP Investimenti non dichiarano la linea; associazione ricavata da nomi e comuni citati, in corso di verifica"
0099C,Itinerario Napoli-Bari: Opere di completamento raddoppio Vitulano-Apice Interventi di completamento raddoppio Vitulano-Apice,OpenStreetMap (relazione route=railway),16640417,Ferrovia Bari-Taranto,media,nome-parziale+comuni,bari,1,no,"dedotto: i CdP Investimenti non dichiarano la linea; associazione ricavata da nomi e comuni citati, in corso di verifica"
0099C,Itinerario Napoli-Bari: Opere di completamento raddoppio Vitulano-Apice Interventi di completamento raddoppio Vitulano-Apice,OpenStreetMap (relazione route=railway),17976116,Ferrovia Bitritto,media,comuni,,1,no,"dedotto: i CdP Investimenti non dichiarano la linea; associazione ricavata da nomi e comuni citati, in corso di verifica"
0099C,Itinerario Napoli-Bari: Opere di completamento raddoppio Vitulano-Apice Interventi di completamento raddoppio Vitulano-Apice,OpenStreetMap (relazione route=railway),1778547,Metronapoli Linea 2 Nord,media,comuni,,1,no,"dedotto: i CdP Investimenti non dichiarano la linea; associazione ricavata da nomi e comuni citati, in corso di verifica"
0099C,Itinerario Napoli-Bari: Opere di completamento raddoppio Vitulano-Apice Interventi di completamento raddoppio Vitulano-Apice,OpenStreetMap (relazione route=railway),3158739,Servizio Ferroviario Urbano di Bari (Bari Santo Spirito → Bari Torre a Mare),media,comuni,,1,no,"dedotto: i CdP Investimenti non dichiarano la linea; associazione ricavata da nomi e comuni citati, in corso di verifica"
0100,"Raddoppio Bari-Taranto Raddoppio Bari S.Andrea - Bitetto e Castellaneta-Palagianello e interventi di completamento tratte già raddoppiate, bretella di collegamento Bari-Taranto-Metaponto",OpenStreetMap (relazione route=railway),16640417,Ferrovia Bari-Taranto,alta,nome+comuni,bari|taranto,5,no,"dedotto: i CdP Investimenti non dichiarano la linea; associazione ricavata da nomi e comuni citati, in corso di verifica"
0100,"Raddoppio Bari-Taranto Raddoppio Bari S.Andrea - Bitetto e Castellaneta-Palagianello e interventi di completamento tratte già raddoppiate, bretella di collegamento Bari-Taranto-Metaponto",OpenStreetMap (relazione route=railway),6334362,Bari Lamasinata - Bari Centrale (indipendente),media,nome-parziale+comuni,bari,1,no,"dedotto: i CdP Investimenti non dichiarano la linea; associazione ricavata da nomi e comuni citati, in corso di verifica"
0100,"Raddoppio Bari-Taranto Raddoppio Bari S.Andrea - Bitetto e Castellaneta-Palagianello e interventi di completamento tratte già raddoppiate, bretella di collegamento Bari-Taranto-Metaponto",OpenStreetMap (relazione route=railway),17976116,Ferrovia Bitritto,media,comuni,,1,no,"dedotto: i CdP Investimenti non dichiarano la linea; associazione ricavata da nomi e comuni citati, in corso di verifica"
0100,"Raddoppio Bari-Taranto Raddoppio Bari S.Andrea - Bitetto e Castellaneta-Palagianello e interventi di completamento tratte già raddoppiate, bretella di collegamento Bari-Taranto-Metaponto",OpenStreetMap (relazione route=railway),3158739,Servizio Ferroviario Urbano di Bari (Bari Santo Spirito → Bari Torre a Mare),media,comuni,,1,no,"dedotto: i CdP Investimenti non dichiarano la linea; associazione ricavata da nomi e comuni citati, in corso di verifica"
0100,"Raddoppio Bari-Taranto Raddoppio Bari S.Andrea - Bitetto e Castellaneta-Palagianello e interventi di completamento tratte già raddoppiate, bretella di collegamento Bari-Taranto-Metaponto",OpenStreetMap (relazione route=railway),12454737,Napoli-Bari AV/AC,bassa,comuni,,1,no,"dedotto: i CdP Investimenti non dichiarano la linea; associazione ricavata da nomi e comuni citati, in corso di verifica"
0115,Raddoppio Messina - Siracusa 1^ fase Raddoppio Catania Ognina - Catania Centrale e interventi di completamento raddoppio Fiumefreddo-Giarre e Targia - Siracusa,OpenStreetMap (relazione route=railway),3629581,Linea Messina - Siracusa,alta,nome+comuni,messina|siracusa,5,no,"dedotto: i CdP Investimenti non dichiarano la linea; associazione ricavata da nomi e comuni citati, in corso di verifica"
0115,Raddoppio Messina - Siracusa 1^ fase Raddoppio Catania Ognina - Catania Centrale e interventi di completamento raddoppio Fiumefreddo-Giarre e Targia - Siracusa,OpenStreetMap (relazione route=railway),11124943,Ferrovia Dismessa per variante Terme Vigliatore-Messina Scalo,media,nome-parziale+comuni,messina,1,no,"dedotto: i CdP Investimenti non dichiarano la linea; associazione ricavata da nomi e comuni citati, in corso di verifica"
0115,Raddoppio Messina - Siracusa 1^ fase Raddoppio Catania Ognina - Catania Centrale e interventi di completamento raddoppio Fiumefreddo-Giarre e Targia - Siracusa,OpenStreetMap (relazione route=railway),11121598,Ferrovia dismessa per variante Carruba-Catania Centrale,media,nome-parziale+comuni,catania,1,no,"dedotto: i CdP Investimenti non dichiarano la linea; associazione ricavata da nomi e comuni citati, in corso di verifica"
0115,Raddoppio Messina - Siracusa 1^ fase Raddoppio Catania Ognina - Catania Centrale e interventi di completamento raddoppio Fiumefreddo-Giarre e Targia - Siracusa,OpenStreetMap (relazione route=railway),3282458,Linea Caltanissetta Xirbi - Gela - Siracusa,media,nome-parziale+comuni,siracusa,1,no,"dedotto: i CdP Investimenti non dichiarano la linea; associazione ricavata da nomi e comuni citati, in corso di verifica"
0115,Raddoppio Messina - Siracusa 1^ fase Raddoppio Catania Ognina - Catania Centrale e interventi di completamento raddoppio Fiumefreddo-Giarre e Targia - Siracusa,OpenStreetMap (relazione route=railway),4743096,Linea Catania - Caltagirone - Gela,media,nome-parziale+comuni,catania,1,no,"dedotto: i CdP Investimenti non dichiarano la linea; associazione ricavata da nomi e comuni citati, in corso di verifica"
0115,Raddoppio Messina - Siracusa 1^ fase Raddoppio Catania Ognina - Catania Centrale e interventi di completamento raddoppio Fiumefreddo-Giarre e Targia - Siracusa,OpenStreetMap (relazione route=railway),382292,Linea Catania Centrale - Agrigento Centrale / Agrigento Bassa-Porto Empedocle / Motta S.A. - Paternò,media,nome-parziale+comuni,catania,1,no,"dedotto: i CdP Investimenti non dichiarano la linea; associazione ricavata da nomi e comuni citati, in corso di verifica"
0119,Potenziamento infrastrutturale Orte-Falconara,OpenStreetMap (relazione route=railway),2350392,Ferrovia Capranica - Orte,media,nome-parziale,orte,,no,"dedotto: i CdP Investimenti non dichiarano la linea; associazione ricavata da nomi e comuni citati, in corso di verifica"
0136,Nuova Linea Ferrandina-Matera La Martella,OpenStreetMap (relazione route=railway),8416061,Ferrovia Ferrandina-Matera,alta,nome+comuni,ferrandina|matera,2,no,"dedotto: i CdP Investimenti non dichiarano la linea; associazione ricavata da nomi e comuni citati, in corso di verifica"
0142A,"Raddoppio Pescara-Bari 1^ fase Completamento raddoppio Ortona-Casalbordino, Vasto-Vasto S.Salvo e Lesina-San Severo (opere già in esercizio) e Raddoppio tratta a nord della stazione di Ortona PRG e ACC Foggia",OpenStreetMap (relazione route=railway),12454737,Napoli-Bari AV/AC,media,comuni,,2,no,"dedotto: i CdP Investimenti non dichiarano la linea; associazione ricavata da nomi e comuni citati, in corso di verifica"
0142A,"Raddoppio Pescara-Bari 1^ fase Completamento raddoppio Ortona-Casalbordino, Vasto-Vasto S.Salvo e Lesina-San Severo (opere già in esercizio) e Raddoppio tratta a nord della stazione di Ortona PRG e ACC Foggia",OpenStreetMap (relazione route=railway),6334362,Bari Lamasinata - Bari Centrale (indipendente),media,nome-parziale+comuni,bari,1,no,"dedotto: i CdP Investimenti non dichiarano la linea; associazione ricavata da nomi e comuni citati, in corso di verifica"
0142A,"Raddoppio Pescara-Bari 1^ fase Completamento raddoppio Ortona-Casalbordino, Vasto-Vasto S.Salvo e Lesina-San Severo (opere già in esercizio) e Raddoppio tratta a nord della stazione di Ortona PRG e ACC Foggia",OpenStreetMap (relazione route=railway),16640417,Ferrovia Bari-Taranto,media,nome-parziale+comuni,bari,1,no,"dedotto: i CdP Investimenti non dichiarano la linea; associazione ricavata da nomi e comuni citati, in corso di verifica"
0142A,"Raddoppio Pescara-Bari 1^ fase Completamento raddoppio Ortona-Casalbordino, Vasto-Vasto S.Salvo e Lesina-San Severo (opere già in esercizio) e Raddoppio tratta a nord della stazione di Ortona PRG e ACC Foggia",OpenStreetMap (relazione route=railway),17981546,Ferrovia Ortona - Crocetta,media,nome-parziale+comuni,ortona,1,no,"dedotto: i CdP Investimenti non dichiarano la linea; associazione ricavata da nomi e comuni citati, in corso di verifica"
0142A,"Raddoppio Pescara-Bari 1^ fase Completamento raddoppio Ortona-Casalbordino, Vasto-Vasto S.Salvo e Lesina-San Severo (opere già in esercizio) e Raddoppio tratta a nord della stazione di Ortona PRG e ACC Foggia",OpenStreetMap (relazione route=railway),17976116,Ferrovia Bitritto,media,comuni,,1,no,"dedotto: i CdP Investimenti non dichiarano la linea; associazione ricavata da nomi e comuni citati, in corso di verifica"
0142A,"Raddoppio Pescara-Bari 1^ fase Completamento raddoppio Ortona-Casalbordino, Vasto-Vasto S.Salvo e Lesina-San Severo (opere già in esercizio) e Raddoppio tratta a nord della stazione di Ortona PRG e ACC Foggia",OpenStreetMap (relazione route=railway),3158739,Servizio Ferroviario Urbano di Bari (Bari Santo Spirito → Bari Torre a Mare),media,comuni,,1,no,"dedotto: i CdP Investimenti non dichiarano la linea; associazione ricavata da nomi e comuni citati, in corso di verifica"
0142B,Completamento raddoppio Pescara-Bari (tratta Termoli- Lesina) Raddoppio Ripalta-Lesina Raddoppio Termoli-Ripalta,OpenStreetMap (relazione route=railway),6334362,Bari Lamasinata - Bari Centrale (indipendente),media,nome-parziale+comuni,bari,1,no,"dedotto: i CdP Investimenti non dichiarano la linea; associazione ricavata da nomi e comuni citati, in corso di verifica"
0142B,Completamento raddoppio Pescara-Bari (tratta Termoli- Lesina) Raddoppio Ripalta-Lesina Raddoppio Termoli-Ripalta,OpenStreetMap (relazione route=railway),16640417,Ferrovia Bari-Taranto,media,nome-parziale+comuni,bari,1,no,"dedotto: i CdP Investimenti non dichiarano la linea; associazione ricavata da nomi e comuni citati, in corso di verifica"
0142B,Completamento raddoppio Pescara-Bari (tratta Termoli- Lesina) Raddoppio Ripalta-Lesina Raddoppio Termoli-Ripalta,OpenStreetMap (relazione route=railway),17976116,Ferrovia Bitritto,media,comuni,,1,no,"dedotto: i CdP Investimenti non dichiarano la linea; associazione ricavata da nomi e comuni citati, in corso di verifica"
0142B,Completamento raddoppio Pescara-Bari (tratta Termoli- Lesina) Raddoppio Ripalta-Lesina Raddoppio Termoli-Ripalta,OpenStreetMap (relazione route=railway),3158739,Servizio Ferroviario Urbano di Bari (Bari Santo Spirito → Bari Torre a Mare),media,comuni,,1,no,"dedotto: i CdP Investimenti non dichiarano la linea; associazione ricavata da nomi e comuni citati, in corso di verifica"
0142B,Completamento raddoppio Pescara-Bari (tratta Termoli- Lesina) Raddoppio Ripalta-Lesina Raddoppio Termoli-Ripalta,OpenStreetMap (relazione route=railway),12454737,Napoli-Bari AV/AC,bassa,comuni,,1,no,"dedotto: i CdP Investimenti non dichiarano la linea; associazione ricavata da nomi e comuni citati, in corso di verifica"
0149,"Sistemazione nodo di Bari Raddoppio Bari Parco Sud - Bari Torre a Mare e variante ingresso linea merci Bari-Taranto, Variante ingresso linea viaggiatori Bari- Taranto, modifica radice lato Nord Bari C.le e ACC Bari Parco Nord, Binari di stazionamento della stazione di Bari C.le",OpenStreetMap (relazione route=railway),16640417,Ferrovia Bari-Taranto,alta,nome+comuni,bari|taranto,2,no,"dedotto: i CdP Investimenti non dichiarano la linea; associazione ricavata da nomi e comuni citati, in corso di verifica"
0149,"Sistemazione nodo di Bari Raddoppio Bari Parco Sud - Bari Torre a Mare e variante ingresso linea merci Bari-Taranto, Variante ingresso linea viaggiatori Bari- Taranto, modifica radice lato Nord Bari C.le e ACC Bari Parco Nord, Binari di stazionamento della stazione di Bari C.le",OpenStreetMap (relazione route=railway),6334362,Bari Lamasinata - Bari Centrale (indipendente),media,nome-parziale+comuni,bari,1,no,"dedotto: i CdP Investimenti non dichiarano la linea; associazione ricavata da nomi e comuni citati, in corso di verifica"
0149,"Sistemazione nodo di Bari Raddoppio Bari Parco Sud - Bari Torre a Mare e variante ingresso linea merci Bari-Taranto, Variante ingresso linea viaggiatori Bari- Taranto, modifica radice lato Nord Bari C.le e ACC Bari Parco Nord, Binari di stazionamento della stazione di Bari C.le",OpenStreetMap (relazione route=railway),17976116,Ferrovia Bitritto,media,comuni,,1,no,"dedotto: i CdP Investimenti non dichiarano la linea; associazione ricavata da nomi e comuni citati, in corso di verifica"
0149,"Sistemazione nodo di Bari Raddoppio Bari Parco Sud - Bari Torre a Mare e variante ingresso linea merci Bari-Taranto, Variante ingresso linea viaggiatori Bari- Taranto, modifica radice lato Nord Bari C.le e ACC Bari Parco Nord, Binari di stazionamento della stazione di Bari C.le",OpenStreetMap (relazione route=railway),3158739,Servizio Ferroviario Urbano di Bari (Bari Santo Spirito → Bari Torre a Mare),media,comuni,,1,no,"dedotto: i CdP Investimenti non dichiarano la linea; associazione ricavata da nomi e comuni citati, in corso di verifica"
0149,"Sistemazione nodo di Bari Raddoppio Bari Parco Sud - Bari Torre a Mare e variante ingresso linea merci Bari-Taranto, Variante ingresso linea viaggiatori Bari- Taranto, modifica radice lato Nord Bari C.le e ACC Bari Parco Nord, Binari di stazionamento della stazione di Bari C.le",OpenStreetMap (relazione route=railway),12454737,Napoli-Bari AV/AC,bassa,comuni,,1,no,"dedotto: i CdP Investimenti non dichiarano la linea; associazione ricavata da nomi e comuni citati, in corso di verifica"
0223A,Nodo di Novara 1^ fase Sistemazione Novara Boschetto e PRG Vignale PROG PROG,OpenStreetMap (relazione route=railway),12238995,Ferrovia Arona-Novara,media,nome-parziale+comuni,novara,1,no,"dedotto: i CdP Investimenti non dichiarano la linea; associazione ricavata da nomi e comuni citati, in corso di verifica"
0223A,Nodo di Novara 1^ fase Sistemazione Novara Boschetto e PRG Vignale PROG PROG,OpenStreetMap (relazione route=railway),12296800,Ferrovia Biella-Novara,media,nome-parziale+comuni,novara,1,no,"dedotto: i CdP Investimenti non dichiarano la linea; associazione ricavata da nomi e comuni citati, in corso di verifica"
0223A,Nodo di Novara 1^ fase Sistemazione Novara Boschetto e PRG Vignale PROG PROG,OpenStreetMap (relazione route=railway),7475366,Ferrovia Domodossola-Novara,media,nome-parziale+comuni,novara,1,no,"dedotto: i CdP Investimenti non dichiarano la linea; associazione ricavata da nomi e comuni citati, in corso di verifica"
0223A,Nodo di Novara 1^ fase Sistemazione Novara Boschetto e PRG Vignale PROG PROG,OpenStreetMap (relazione route=railway),6694298,Ferrovia Novara-Alessandria,media,nome-parziale+comuni,novara,1,no,"dedotto: i CdP Investimenti non dichiarano la linea; associazione ricavata da nomi e comuni citati, in corso di verifica"
0223A,Nodo di Novara 1^ fase Sistemazione Novara Boschetto e PRG Vignale PROG PROG,OpenStreetMap (relazione route=railway),12238695,Ferrovia Saronno-Novara,media,nome-parziale+comuni,novara,1,no,"dedotto: i CdP Investimenti non dichiarano la linea; associazione ricavata da nomi e comuni citati, in corso di verifica"
0223A,Nodo di Novara 1^ fase Sistemazione Novara Boschetto e PRG Vignale PROG PROG,OpenStreetMap (relazione route=railway),12304419,Ferrovia Varallo-Novara,media,nome-parziale+comuni,novara,1,no,"dedotto: i CdP Investimenti non dichiarano la linea; associazione ricavata da nomi e comuni citati, in corso di verifica"
0223B,Nodo di Novara completamento Nodo di Novara: Passante merci (include progettazioni pregresse PROG PROG per opere di scavalco linee Novara-Mortara e Novara-Milano),OpenStreetMap (relazione route=railway),15616423,Ferrovia Milano-Mortara,alta,nome+comuni,milano|mortara,2,no,"dedotto: i CdP Investimenti non dichiarano la linea; associazione ricavata da nomi e comuni citati, in corso di verifica"
0223B,Nodo di Novara completamento Nodo di Novara: Passante merci (include progettazioni pregresse PROG PROG per opere di scavalco linee Novara-Mortara e Novara-Milano),OpenStreetMap (relazione route=railway),6694298,Ferrovia Novara-Alessandria,alta,nome-parziale+comuni,novara,2,no,"dedotto: i CdP Investimenti non dichiarano la linea; associazione ricavata da nomi e comuni citati, in corso di verifica"
0223B,Nodo di Novara completamento Nodo di Novara: Passante merci (include progettazioni pregresse PROG PROG per opere di scavalco linee Novara-Mortara e Novara-Milano),OpenStreetMap (relazione route=railway),2596061,Torino-Milano (Alta Velocità),media,nome-parziale+comuni,milano,2,no,"dedotto: i CdP Investimenti non dichiarano la linea; associazione ricavata da nomi e comuni citati, in corso di verifica"
0223B,Nodo di Novara completamento Nodo di Novara: Passante merci (include progettazioni pregresse PROG PROG per opere di scavalco linee Novara-Mortara e Novara-Milano),OpenStreetMap (relazione route=railway),12238995,Ferrovia Arona-Novara,media,nome-parziale+comuni,novara,1,no,"dedotto: i CdP Investimenti non dichiarano la linea; associazione ricavata da nomi e comuni citati, in corso di verifica"
0223B,Nodo di Novara completamento Nodo di Novara: Passante merci (include progettazioni pregresse PROG PROG per opere di scavalco linee Novara-Mortara e Novara-Milano),OpenStreetMap (relazione route=railway),12296800,Ferrovia Biella-Novara,media,nome-parziale+comuni,novara,1,no,"dedotto: i CdP Investimenti non dichiarano la linea; associazione ricavata da nomi e comuni citati, in corso di verifica"
0223B,Nodo di Novara completamento Nodo di Novara: Passante merci (include progettazioni pregresse PROG PROG per opere di scavalco linee Novara-Mortara e Novara-Milano),OpenStreetMap (relazione route=railway),7475352,Ferrovia Domodossola-Milano,media,nome-parziale+comuni,milano,1,no,"dedotto: i CdP Investimenti non dichiarano la linea; associazione ricavata da nomi e comuni citati, in corso di verifica"
0226,Raddoppio Orte-Falconara: tratta Spoleto-Terni Raddoppio Spoleto-Terni PROG ITER,OpenStreetMap (relazione route=railway),1717011,Ex Ferrovia Spoleto Norcia,media,comuni,,1,no,"dedotto: i CdP Investimenti non dichiarano la linea; associazione ricavata da nomi e comuni citati, in corso di verifica"
0226,Raddoppio Orte-Falconara: tratta Spoleto-Terni Raddoppio Spoleto-Terni PROG ITER,OpenStreetMap (relazione route=railway),2350392,Ferrovia Capranica - Orte,media,nome-parziale,orte,,no,"dedotto: i CdP Investimenti non dichiarano la linea; associazione ricavata da nomi e comuni citati, in corso di verifica"
0240,"Potenziamento infrastrutturale Voltri-Brignole 1^ fase: Completamento variante Pegli-Voltri e PRG Voltri 1^ fase, quadruplicamento Voltri-Sampierdarena e PRG Sampierdarena, sestuplicamento P.Principe-Brignole/Terralba 2^ fase: Completamento PRG Voltri",OpenStreetMap (relazione route=railway),16107068,Bretella di Pra',media,comuni,,1,no,"dedotto: i CdP Investimenti non dichiarano la linea; associazione ricavata da nomi e comuni citati, in corso di verifica"
0240,"Potenziamento infrastrutturale Voltri-Brignole 1^ fase: Completamento variante Pegli-Voltri e PRG Voltri 1^ fase, quadruplicamento Voltri-Sampierdarena e PRG Sampierdarena, sestuplicamento P.Principe-Brignole/Terralba 2^ fase: Completamento PRG Voltri",OpenStreetMap (relazione route=railway),16107066,Curva Molini,media,comuni,,1,no,"dedotto: i CdP Investimenti non dichiarano la linea; associazione ricavata da nomi e comuni citati, in corso di verifica"
0240,"Potenziamento infrastrutturale Voltri-Brignole 1^ fase: Completamento variante Pegli-Voltri e PRG Voltri 1^ fase, quadruplicamento Voltri-Sampierdarena e PRG Sampierdarena, sestuplicamento P.Principe-Brignole/Terralba 2^ fase: Completamento PRG Voltri",OpenStreetMap (relazione route=railway),7841395,Ferrovia Asti-Genova,media,comuni,,1,no,"dedotto: i CdP Investimenti non dichiarano la linea; associazione ricavata da nomi e comuni citati, in corso di verifica"
0240,"Potenziamento infrastrutturale Voltri-Brignole 1^ fase: Completamento variante Pegli-Voltri e PRG Voltri 1^ fase, quadruplicamento Voltri-Sampierdarena e PRG Sampierdarena, sestuplicamento P.Principe-Brignole/Terralba 2^ fase: Completamento PRG Voltri",OpenStreetMap (relazione route=railway),2590941,Ferrovia Genova-Ventimiglia,media,comuni,,1,no,"dedotto: i CdP Investimenti non dichiarano la linea; associazione ricavata da nomi e comuni citati, in corso di verifica"
0240,"Potenziamento infrastrutturale Voltri-Brignole 1^ fase: Completamento variante Pegli-Voltri e PRG Voltri 1^ fase, quadruplicamento Voltri-Sampierdarena e PRG Sampierdarena, sestuplicamento P.Principe-Brignole/Terralba 2^ fase: Completamento PRG Voltri",OpenStreetMap (relazione route=railway),19261719,Ferrovia Milano-Genova,media,comuni,,1,no,"dedotto: i CdP Investimenti non dichiarano la linea; associazione ricavata da nomi e comuni citati, in corso di verifica"
0240,"Potenziamento infrastrutturale Voltri-Brignole 1^ fase: Completamento variante Pegli-Voltri e PRG Voltri 1^ fase, quadruplicamento Voltri-Sampierdarena e PRG Sampierdarena, sestuplicamento P.Principe-Brignole/Terralba 2^ fase: Completamento PRG Voltri",OpenStreetMap (relazione route=railway),7699365,Ferrovia Torino-Genova,media,comuni,,1,no,"dedotto: i CdP Investimenti non dichiarano la linea; associazione ricavata da nomi e comuni citati, in corso di verifica"
0241A,Cintura di Torino e connessione al collegamento Torino- Lione opere prioritarie Sezione nazionale Torino-Lione 1^ fase (quadruplicamento PROG PROG Avigliana-Orbassano e scalo Orbassano),OpenStreetMap (relazione route=railway),6927937,Ligne Nouvelle Lyon - Turin,alta,comuni,,3,no,"dedotto: i CdP Investimenti non dichiarano la linea; associazione ricavata da nomi e comuni citati, in corso di verifica"
0241A,Cintura di Torino e connessione al collegamento Torino- Lione opere prioritarie Sezione nazionale Torino-Lione 1^ fase (quadruplicamento PROG PROG Avigliana-Orbassano e scalo Orbassano),OpenStreetMap (relazione route=railway),7808741,Torino-Modane,alta,nome-parziale+comuni,torino,2,no,"dedotto: i CdP Investimenti non dichiarano la linea; associazione ricavata da nomi e comuni citati, in corso di verifica"
0241A,Cintura di Torino e connessione al collegamento Torino- Lione opere prioritarie Sezione nazionale Torino-Lione 1^ fase (quadruplicamento PROG PROG Avigliana-Orbassano e scalo Orbassano),OpenStreetMap (relazione route=railway),7699365,Ferrovia Torino-Genova,media,nome-parziale+comuni,torino,1,no,"dedotto: i CdP Investimenti non dichiarano la linea; associazione ricavata da nomi e comuni citati, in corso di verifica"
0241A,Cintura di Torino e connessione al collegamento Torino- Lione opere prioritarie Sezione nazionale Torino-Lione 1^ fase (quadruplicamento PROG PROG Avigliana-Orbassano e scalo Orbassano),OpenStreetMap (relazione route=railway),2596061,Torino-Milano (Alta Velocità),bassa,nome-parziale+comuni,torino,1,no,"dedotto: i CdP Investimenti non dichiarano la linea; associazione ricavata da nomi e comuni citati, in corso di verifica"
0241B,Cintura di Torino e connessione al collegamento Torino- Lione completamento Cintura di Torino (nuova linea Orbassano-Settimo Torinese) Sezione nazionale Torino-Lione 2^ fase (quadruplicamento PROG PROG Bussoleno-Avigliana),OpenStreetMap (relazione route=railway),6927937,Ligne Nouvelle Lyon - Turin,alta,comuni,,4,no,"dedotto: i CdP Investimenti non dichiarano la linea; associazione ricavata da nomi e comuni citati, in corso di verifica"
0241B,Cintura di Torino e connessione al collegamento Torino- Lione completamento Cintura di Torino (nuova linea Orbassano-Settimo Torinese) Sezione nazionale Torino-Lione 2^ fase (quadruplicamento PROG PROG Bussoleno-Avigliana),OpenStreetMap (relazione route=railway),7808741,Torino-Modane,alta,nome-parziale+comuni,torino,3,si,"dedotto: i CdP Investimenti non dichiarano la linea; associazione ricavata da nomi e comuni citati, in corso di verifica"
0241B,Cintura di Torino e connessione al collegamento Torino- Lione completamento Cintura di Torino (nuova linea Orbassano-Settimo Torinese) Sezione nazionale Torino-Lione 2^ fase (quadruplicamento PROG PROG Bussoleno-Avigliana),OpenStreetMap (relazione route=railway),2596061,Torino-Milano (Alta Velocità),media,nome-parziale+comuni,torino,2,no,"dedotto: i CdP Investimenti non dichiarano la linea; associazione ricavata da nomi e comuni citati, in corso di verifica"
0241B,Cintura di Torino e connessione al collegamento Torino- Lione completamento Cintura di Torino (nuova linea Orbassano-Settimo Torinese) Sezione nazionale Torino-Lione 2^ fase (quadruplicamento PROG PROG Bussoleno-Avigliana),OpenStreetMap (relazione route=railway),7699365,Ferrovia Torino-Genova,media,nome-parziale+comuni,torino,1,no,"dedotto: i CdP Investimenti non dichiarano la linea; associazione ricavata da nomi e comuni citati, in corso di verifica"
0242,"Velocizzazione Palermo - Agrigento Velocizzazione Montemaggiore-Roccapalumba, Variante Lercara e altri interventi minori",OpenStreetMap (relazione route=railway),13271799,Linea Agrigento Centrale - Palermo Centrale,alta,nome+comuni,agrigento|palermo,3,no,"dedotto: i CdP Investimenti non dichiarano la linea; associazione ricavata da nomi e comuni citati, in corso di verifica"
0242,"Velocizzazione Palermo - Agrigento Velocizzazione Montemaggiore-Roccapalumba, Variante Lercara e altri interventi minori",OpenStreetMap (relazione route=railway),15317508,Linea Caltanissetta Centrale - Palermo Centrale,alta,nome-parziale+comuni,palermo,2,no,"dedotto: i CdP Investimenti non dichiarano la linea; associazione ricavata da nomi e comuni citati, in corso di verifica"
0242,"Velocizzazione Palermo - Agrigento Velocizzazione Montemaggiore-Roccapalumba, Variante Lercara e altri interventi minori",OpenStreetMap (relazione route=railway),382292,Linea Catania Centrale - Agrigento Centrale / Agrigento Bassa-Porto Empedocle / Motta S.A. - Paternò,alta,nome+comuni,agrigento|agrigento,1,no,"dedotto: i CdP Investimenti non dichiarano la linea; associazione ricavata da nomi e comuni citati, in corso di verifica"
0242,"Velocizzazione Palermo - Agrigento Velocizzazione Montemaggiore-Roccapalumba, Variante Lercara e altri interventi minori",OpenStreetMap (relazione route=railway),10071532,Linea Messina Centrale - Palermo Centrale / Bivio Terme Vigliatore - Patti-San Piero Patti,media,nome-parziale+comuni,palermo,1,no,"dedotto: i CdP Investimenti non dichiarano la linea; associazione ricavata da nomi e comuni citati, in corso di verifica"
0242,"Velocizzazione Palermo - Agrigento Velocizzazione Montemaggiore-Roccapalumba, Variante Lercara e altri interventi minori",OpenStreetMap (relazione route=railway),13165261,Linea Palermo Notarbartolo - Punta Raisi / Piraineto - Trapani / Palermo Centrale - Palermo Sampolo / Alcamo Dne - Catelvetrano - Trapani,media,nome-parziale+comuni,palermo,1,no,"dedotto: i CdP Investimenti non dichiarano la linea; associazione ricavata da nomi e comuni citati, in corso di verifica"
0242,"Velocizzazione Palermo - Agrigento Velocizzazione Montemaggiore-Roccapalumba, Variante Lercara e altri interventi minori",OpenStreetMap (relazione route=railway),20989389,Chiusura Anello Ferroviario,media,comuni,,1,no,"dedotto: i CdP Investimenti non dichiarano la linea; associazione ricavata da nomi e comuni citati, in corso di verifica"
0243,Scalo merci di Modena Marzaglia,OpenStreetMap (relazione route=railway),8353811,Ferrovia Ferrara-Modena,media,nome-parziale+comuni,modena,1,no,"dedotto: i CdP Investimenti non dichiarano la linea; associazione ricavata da nomi e comuni citati, in corso di verifica"
0243,Scalo merci di Modena Marzaglia,OpenStreetMap (relazione route=railway),7481564,Ferrovia Milano-Bologna,media,comuni,,1,no,"dedotto: i CdP Investimenti non dichiarano la linea; associazione ricavata da nomi e comuni citati, in corso di verifica"
0243,Scalo merci di Modena Marzaglia,OpenStreetMap (relazione route=railway),8416047,Ferrovia Modena-Pavullo,media,nome-parziale,modena,,no,"dedotto: i CdP Investimenti non dichiarano la linea; associazione ricavata da nomi e comuni citati, in corso di verifica"
0243,Scalo merci di Modena Marzaglia,OpenStreetMap (relazione route=railway),1962856,Ferrovia ad alta velocità Milano – Bologna (biforcazione),bassa,comuni,,1,no,"dedotto: i CdP Investimenti non dichiarano la linea; associazione ricavata da nomi e comuni citati, in corso di verifica"
0249,Linea Messina-Catania: raddoppio Giampilieri-Fiumefreddo Raddoppio Giampilieri-Taormina Raddoppio Letojanni-Taormina-Fiumefreddo,OpenStreetMap (relazione route=railway),3629581,Linea Messina - Siracusa,alta,nome-parziale+comuni,messina,5,no,"dedotto: i CdP Investimenti non dichiarano la linea; associazione ricavata da nomi e comuni citati, in corso di verifica"
0249,Linea Messina-Catania: raddoppio Giampilieri-Fiumefreddo Raddoppio Giampilieri-Taormina Raddoppio Letojanni-Taormina-Fiumefreddo,OpenStreetMap (relazione route=railway),11124943,Ferrovia Dismessa per variante Terme Vigliatore-Messina Scalo,media,nome-parziale+comuni,messina,1,no,"dedotto: i CdP Investimenti non dichiarano la linea; associazione ricavata da nomi e comuni citati, in corso di verifica"
0249,Linea Messina-Catania: raddoppio Giampilieri-Fiumefreddo Raddoppio Giampilieri-Taormina Raddoppio Letojanni-Taormina-Fiumefreddo,OpenStreetMap (relazione route=railway),11121598,Ferrovia dismessa per variante Carruba-Catania Centrale,media,nome-parziale+comuni,catania,1,no,"dedotto: i CdP Investimenti non dichiarano la linea; associazione ricavata da nomi e comuni citati, in corso di verifica"
0249,Linea Messina-Catania: raddoppio Giampilieri-Fiumefreddo Raddoppio Giampilieri-Taormina Raddoppio Letojanni-Taormina-Fiumefreddo,OpenStreetMap (relazione route=railway),4743096,Linea Catania - Caltagirone - Gela,media,nome-parziale+comuni,catania,1,no,"dedotto: i CdP Investimenti non dichiarano la linea; associazione ricavata da nomi e comuni citati, in corso di verifica"
0249,Linea Messina-Catania: raddoppio Giampilieri-Fiumefreddo Raddoppio Giampilieri-Taormina Raddoppio Letojanni-Taormina-Fiumefreddo,OpenStreetMap (relazione route=railway),382292,Linea Catania Centrale - Agrigento Centrale / Agrigento Bassa-Porto Empedocle / Motta S.A. - Paternò,media,nome-parziale+comuni,catania,1,no,"dedotto: i CdP Investimenti non dichiarano la linea; associazione ricavata da nomi e comuni citati, in corso di verifica"
0249,Linea Messina-Catania: raddoppio Giampilieri-Fiumefreddo Raddoppio Giampilieri-Taormina Raddoppio Letojanni-Taormina-Fiumefreddo,OpenStreetMap (relazione route=railway),10071532,Linea Messina Centrale - Palermo Centrale / Bivio Terme Vigliatore - Patti-San Piero Patti,media,nome-parziale+comuni,messina,1,no,"dedotto: i CdP Investimenti non dichiarano la linea; associazione ricavata da nomi e comuni citati, in corso di verifica"
0258_A,Chiusura anello ferroviario di Roma Chiusura anello di Roma lotto 1A Raddoppio Valle Aurelia - Vigna Clara Chiusura anello di Roma lotto 1B Vigna Clara - Tor di Quinto ITER Chiusura anello di Roma lotto 2 Tor di Quinto - Val d'Ala PROG PROG Chiusura anello di Roma lotto 3 Collegamenti con linee Tirrenica e PROG PROG Roma-Firenze,OpenStreetMap (relazione route=railway),1811976,Direttissima Firenze S.M.N. - Roma Termini,alta,comuni,,2,no,"dedotto: i CdP Investimenti non dichiarano la linea; associazione ricavata da nomi e comuni citati, in corso di verifica"
0258_A,Chiusura anello ferroviario di Roma Chiusura anello di Roma lotto 1A Raddoppio Valle Aurelia - Vigna Clara Chiusura anello di Roma lotto 1B Vigna Clara - Tor di Quinto ITER Chiusura anello di Roma lotto 2 Tor di Quinto - Val d'Ala PROG PROG Chiusura anello di Roma lotto 3 Collegamenti con linee Tirrenica e PROG PROG Roma-Firenze,OpenStreetMap (relazione route=railway),9180193,Ferrovia Firenze-Lucca,media,nome-parziale+comuni,firenze,1,no,"dedotto: i CdP Investimenti non dichiarano la linea; associazione ricavata da nomi e comuni citati, in corso di verifica"
0258_A,Chiusura anello ferroviario di Roma Chiusura anello di Roma lotto 1A Raddoppio Valle Aurelia - Vigna Clara Chiusura anello di Roma lotto 1B Vigna Clara - Tor di Quinto ITER Chiusura anello di Roma lotto 2 Tor di Quinto - Val d'Ala PROG PROG Chiusura anello di Roma lotto 3 Collegamenti con linee Tirrenica e PROG PROG Roma-Firenze,OpenStreetMap (relazione route=railway),17940537,Ferrovia Roma-Fiumicino,media,nome-parziale+comuni,roma,1,no,"dedotto: i CdP Investimenti non dichiarano la linea; associazione ricavata da nomi e comuni citati, in corso di verifica"
0258_A,Chiusura anello ferroviario di Roma Chiusura anello di Roma lotto 1A Raddoppio Valle Aurelia - Vigna Clara Chiusura anello di Roma lotto 1B Vigna Clara - Tor di Quinto ITER Chiusura anello di Roma lotto 2 Tor di Quinto - Val d'Ala PROG PROG Chiusura anello di Roma lotto 3 Collegamenti con linee Tirrenica e PROG PROG Roma-Firenze,OpenStreetMap (relazione route=railway),17959804,Cintura Nord di Roma,media,comuni,,1,no,"dedotto: i CdP Investimenti non dichiarano la linea; associazione ricavata da nomi e comuni citati, in corso di verifica"
0258_A,Chiusura anello ferroviario di Roma Chiusura anello di Roma lotto 1A Raddoppio Valle Aurelia - Vigna Clara Chiusura anello di Roma lotto 1B Vigna Clara - Tor di Quinto ITER Chiusura anello di Roma lotto 2 Tor di Quinto - Val d'Ala PROG PROG Chiusura anello di Roma lotto 3 Collegamenti con linee Tirrenica e PROG PROG Roma-Firenze,OpenStreetMap (relazione route=railway),2178861,Italia - Città del Vaticano,media,comuni,,1,no,"dedotto: i CdP Investimenti non dichiarano la linea; associazione ricavata da nomi e comuni citati, in corso di verifica"
0258_A,Chiusura anello ferroviario di Roma Chiusura anello di Roma lotto 1A Raddoppio Valle Aurelia - Vigna Clara Chiusura anello di Roma lotto 1B Vigna Clara - Tor di Quinto ITER Chiusura anello di Roma lotto 2 Tor di Quinto - Val d'Ala PROG PROG Chiusura anello di Roma lotto 3 Collegamenti con linee Tirrenica e PROG PROG Roma-Firenze,OpenStreetMap (relazione route=railway),20989389,Chiusura Anello Ferroviario,media,nome-parziale,chiusura anello ferroviario,,no,"dedotto: i CdP Investimenti non dichiarano la linea; associazione ricavata da nomi e comuni citati, in corso di verifica"
0262,"Nuova linea AV/AC Venezia-Trieste: tratta Ronchi dei Legionari - Trieste • NCP 1: ""Intervento sospeso""",OpenStreetMap (relazione route=railway),7795902,Portgruaro C. - Trieste C.le (tratto Latisana - Trieste C.le),alta,nome-parziale+comuni,trieste,2,no,"dedotto: i CdP Investimenti non dichiarano la linea; associazione ricavata da nomi e comuni citati, in corso di verifica"
0262,"Nuova linea AV/AC Venezia-Trieste: tratta Ronchi dei Legionari - Trieste • NCP 1: ""Intervento sospeso""",OpenStreetMap (relazione route=railway),10678015,Udine - Trieste C.le,alta,nome-parziale+comuni,trieste,2,no,"dedotto: i CdP Investimenti non dichiarano la linea; associazione ricavata da nomi e comuni citati, in corso di verifica"
0262,"Nuova linea AV/AC Venezia-Trieste: tratta Ronchi dei Legionari - Trieste • NCP 1: ""Intervento sospeso""",OpenStreetMap (relazione route=railway),546969,Ferrovia Milano-Venezia,media,nome-parziale+comuni,venezia,1,no,"dedotto: i CdP Investimenti non dichiarano la linea; associazione ricavata da nomi e comuni citati, in corso di verifica"
0262,"Nuova linea AV/AC Venezia-Trieste: tratta Ronchi dei Legionari - Trieste • NCP 1: ""Intervento sospeso""",OpenStreetMap (relazione route=railway),532112,Ferrovia Padova - Venezia (Linea Storica),media,nome-parziale+comuni,venezia,1,no,"dedotto: i CdP Investimenti non dichiarano la linea; associazione ricavata da nomi e comuni citati, in corso di verifica"
0262,"Nuova linea AV/AC Venezia-Trieste: tratta Ronchi dei Legionari - Trieste • NCP 1: ""Intervento sospeso""",OpenStreetMap (relazione route=railway),11965985,Ferrovia Trieste-Erpelle,media,nome-parziale+comuni,trieste,1,no,"dedotto: i CdP Investimenti non dichiarano la linea; associazione ricavata da nomi e comuni citati, in corso di verifica"
0262,"Nuova linea AV/AC Venezia-Trieste: tratta Ronchi dei Legionari - Trieste • NCP 1: ""Intervento sospeso""",OpenStreetMap (relazione route=railway),10677868,Ferrovia Meridionale,media,comuni,,1,no,"dedotto: i CdP Investimenti non dichiarano la linea; associazione ricavata da nomi e comuni citati, in corso di verifica"
0263,Adeguamento tecnologico e infrastrutturale linea Battipaglia-Reggio Calabria,OpenStreetMap (relazione route=railway),17941980,Interconnessione Battipaglia,media,comuni,,1,no,"dedotto: i CdP Investimenti non dichiarano la linea; associazione ricavata da nomi e comuni citati, in corso di verifica"
0264A,Accesso al Sempione: raddoppio Vignale-Oleggio-Arona Raddoppio Vignale-Oleggio PROG PROG Raddoppio Oleggio-Arona PROG PROG,OpenStreetMap (relazione route=railway),12238995,Ferrovia Arona-Novara,alta,nome-parziale+comuni,arona,2,si,"dedotto: i CdP Investimenti non dichiarano la linea; associazione ricavata da nomi e comuni citati, in corso di verifica"
0264A,Accesso al Sempione: raddoppio Vignale-Oleggio-Arona Raddoppio Vignale-Oleggio PROG PROG Raddoppio Oleggio-Arona PROG PROG,OpenStreetMap (relazione route=railway),7475352,Ferrovia Domodossola-Milano,media,comuni,,1,no,"dedotto: i CdP Investimenti non dichiarano la linea; associazione ricavata da nomi e comuni citati, in corso di verifica"
0264B,Accesso al Sempione: raddoppio Vignale-Oleggio- Arona completamento Nuovo terminal autostrada viaggiante Cameri,OpenStreetMap (relazione route=railway),12238995,Ferrovia Arona-Novara,alta,nome-parziale+comuni,arona,2,si,"dedotto: i CdP Investimenti non dichiarano la linea; associazione ricavata da nomi e comuni citati, in corso di verifica"
0264B,Accesso al Sempione: raddoppio Vignale-Oleggio- Arona completamento Nuovo terminal autostrada viaggiante Cameri,OpenStreetMap (relazione route=railway),7475352,Ferrovia Domodossola-Milano,media,comuni,,1,no,"dedotto: i CdP Investimenti non dichiarano la linea; associazione ricavata da nomi e comuni citati, in corso di verifica"
0265,Accesso al Gottardo Raddoppio Laveno-Luino,OpenStreetMap (relazione route=railway),4084798,Ferrovia Gallarate-Laveno,media,nome-parziale,laveno,,no,"dedotto: i CdP Investimenti non dichiarano la linea; associazione ricavata da nomi e comuni citati, in corso di verifica"
0265,Accesso al Gottardo Raddoppio Laveno-Luino,OpenStreetMap (relazione route=railway),12238698,Ferrovia Saronno-Laveno,media,nome-parziale,laveno,,no,"dedotto: i CdP Investimenti non dichiarano la linea; associazione ricavata da nomi e comuni citati, in corso di verifica"
0265,Accesso al Gottardo Raddoppio Laveno-Luino,OpenStreetMap (relazione route=railway),15616554,Ferrovia Sesto Calende - Laveno,media,nome-parziale,laveno,,no,"dedotto: i CdP Investimenti non dichiarano la linea; associazione ricavata da nomi e comuni citati, in corso di verifica"
0266,Accesso al Gottardo Quadruplicamento Chiasso- Monza Quadruplicamento tratta bivio Rosales-Seregno,OpenStreetMap (relazione route=railway),12242964,Ferrovia Milano-Chiasso,alta,nome-parziale+comuni,chiasso,2,si,"dedotto: i CdP Investimenti non dichiarano la linea; associazione ricavata da nomi e comuni citati, in corso di verifica"
0266,Accesso al Gottardo Quadruplicamento Chiasso- Monza Quadruplicamento tratta bivio Rosales-Seregno,OpenStreetMap (relazione route=railway),2589419,Ferrovia Monza-Molteno-Lecco,media,nome-parziale+comuni,monza,1,no,"dedotto: i CdP Investimenti non dichiarano la linea; associazione ricavata da nomi e comuni citati, in corso di verifica"
0266,Accesso al Gottardo Quadruplicamento Chiasso- Monza Quadruplicamento tratta bivio Rosales-Seregno,OpenStreetMap (relazione route=railway),12235123,Ferrovia Saronno-Seregno,media,nome-parziale+comuni,seregno,1,no,"dedotto: i CdP Investimenti non dichiarano la linea; associazione ricavata da nomi e comuni citati, in corso di verifica"
0266,Accesso al Gottardo Quadruplicamento Chiasso- Monza Quadruplicamento tratta bivio Rosales-Seregno,OpenStreetMap (relazione route=railway),2597121,Ferrovia Seregno-Bergamo,media,nome-parziale+comuni,seregno,1,no,"dedotto: i CdP Investimenti non dichiarano la linea; associazione ricavata da nomi e comuni citati, in corso di verifica"
0267,Nuovo collegamento Arcisate - Stabio,OpenStreetMap (relazione route=railway),539246,Ferrovia Porto Ceresio-Varese,media,comuni,,1,no,"dedotto: i CdP Investimenti non dichiarano la linea; associazione ricavata da nomi e comuni citati, in corso di verifica"
0268,Collegamento ferroviario aeroporto di Venezia Collegamento ferroviario aeroporto di Venezia,OpenStreetMap (relazione route=railway),546969,Ferrovia Milano-Venezia,media,nome-parziale+comuni,venezia,1,no,"dedotto: i CdP Investimenti non dichiarano la linea; associazione ricavata da nomi e comuni citati, in corso di verifica"
0268,Collegamento ferroviario aeroporto di Venezia Collegamento ferroviario aeroporto di Venezia,OpenStreetMap (relazione route=railway),532112,Ferrovia Padova - Venezia (Linea Storica),media,nome-parziale+comuni,venezia,1,no,"dedotto: i CdP Investimenti non dichiarano la linea; associazione ricavata da nomi e comuni citati, in corso di verifica"
0268,Collegamento ferroviario aeroporto di Venezia Collegamento ferroviario aeroporto di Venezia,OpenStreetMap (relazione route=railway),553079,Ferrovia Primolano - Venezia Santa Lucia,media,comuni,,1,no,"dedotto: i CdP Investimenti non dichiarano la linea; associazione ricavata da nomi e comuni citati, in corso di verifica"
0268,Collegamento ferroviario aeroporto di Venezia Collegamento ferroviario aeroporto di Venezia,OpenStreetMap (relazione route=railway),553281,Ferrovia Venezia Santa Lucia - Sacile,media,comuni,,1,no,"dedotto: i CdP Investimenti non dichiarano la linea; associazione ricavata da nomi e comuni citati, in corso di verifica"
0269,Collegamento ferroviario aeroporto di Verona Collegamento ferroviario aeroporto di Verona,OpenStreetMap (relazione route=railway),1782127,Ferrovia Bologna - Verona,media,nome-parziale+comuni,verona,1,no,"dedotto: i CdP Investimenti non dichiarano la linea; associazione ricavata da nomi e comuni citati, in corso di verifica"
0269,Collegamento ferroviario aeroporto di Verona Collegamento ferroviario aeroporto di Verona,OpenStreetMap (relazione route=railway),546969,Ferrovia Milano-Venezia,media,comuni,,1,no,"dedotto: i CdP Investimenti non dichiarano la linea; associazione ricavata da nomi e comuni citati, in corso di verifica"
0269,Collegamento ferroviario aeroporto di Verona Collegamento ferroviario aeroporto di Verona,OpenStreetMap (relazione route=railway),15988417,Ferrovia Verona - Vicenza (AV/AC),bassa,nome-parziale+comuni,verona,1,no,"dedotto: i CdP Investimenti non dichiarano la linea; associazione ricavata da nomi e comuni citati, in corso di verifica"
0269,Collegamento ferroviario aeroporto di Verona Collegamento ferroviario aeroporto di Verona,OpenStreetMap (relazione route=railway),6789381,Ferrovia Milano-Verona AV/AC,bassa,comuni,,1,no,"dedotto: i CdP Investimenti non dichiarano la linea; associazione ricavata da nomi e comuni citati, in corso di verifica"
0269,Collegamento ferroviario aeroporto di Verona Collegamento ferroviario aeroporto di Verona,OpenStreetMap (relazione route=railway),18268249,Linea del Brennero (alta velocità),bassa,comuni,,1,no,"dedotto: i CdP Investimenti non dichiarano la linea; associazione ricavata da nomi e comuni citati, in corso di verifica"
0270,Sistemazione nodo di Catania Interramento stazione Catania c.le completamento del doppio PROG PROG binario tra Catania C.le e Catania Acquicella Interramento Catania Acquicella-Bicocca Collegamento ferroviario aeroporto di Catania: fermata su linea esistente,OpenStreetMap (relazione route=railway),11121598,Ferrovia dismessa per variante Carruba-Catania Centrale,media,nome-parziale+comuni,catania,1,no,"dedotto: i CdP Investimenti non dichiarano la linea; associazione ricavata da nomi e comuni citati, in corso di verifica"
0270,Sistemazione nodo di Catania Interramento stazione Catania c.le completamento del doppio PROG PROG binario tra Catania C.le e Catania Acquicella Interramento Catania Acquicella-Bicocca Collegamento ferroviario aeroporto di Catania: fermata su linea esistente,OpenStreetMap (relazione route=railway),4743096,Linea Catania - Caltagirone - Gela,media,nome-parziale+comuni,catania,1,no,"dedotto: i CdP Investimenti non dichiarano la linea; associazione ricavata da nomi e comuni citati, in corso di verifica"
0270,Sistemazione nodo di Catania Interramento stazione Catania c.le completamento del doppio PROG PROG binario tra Catania C.le e Catania Acquicella Interramento Catania Acquicella-Bicocca Collegamento ferroviario aeroporto di Catania: fermata su linea esistente,OpenStreetMap (relazione route=railway),382292,Linea Catania Centrale - Agrigento Centrale / Agrigento Bassa-Porto Empedocle / Motta S.A. - Paternò,media,nome-parziale+comuni,catania,1,no,"dedotto: i CdP Investimenti non dichiarano la linea; associazione ricavata da nomi e comuni citati, in corso di verifica"
0270,Sistemazione nodo di Catania Interramento stazione Catania c.le completamento del doppio PROG PROG binario tra Catania C.le e Catania Acquicella Interramento Catania Acquicella-Bicocca Collegamento ferroviario aeroporto di Catania: fermata su linea esistente,OpenStreetMap (relazione route=railway),3629581,Linea Messina - Siracusa,media,comuni,,1,no,"dedotto: i CdP Investimenti non dichiarano la linea; associazione ricavata da nomi e comuni citati, in corso di verifica"
0271A,Velocizzazione Catania-Siracusa 1^ fase Velocizzazione Bicocca-Augusta,OpenStreetMap (relazione route=railway),3629581,Linea Messina - Siracusa,alta,nome-parziale+comuni,siracusa,3,no,"dedotto: i CdP Investimenti non dichiarano la linea; associazione ricavata da nomi e comuni citati, in corso di verifica"
0271A,Velocizzazione Catania-Siracusa 1^ fase Velocizzazione Bicocca-Augusta,OpenStreetMap (relazione route=railway),11121598,Ferrovia dismessa per variante Carruba-Catania Centrale,media,nome-parziale+comuni,catania,1,no,"dedotto: i CdP Investimenti non dichiarano la linea; associazione ricavata da nomi e comuni citati, in corso di verifica"
0271A,Velocizzazione Catania-Siracusa 1^ fase Velocizzazione Bicocca-Augusta,OpenStreetMap (relazione route=railway),3282458,Linea Caltanissetta Xirbi - Gela - Siracusa,media,nome-parziale+comuni,siracusa,1,no,"dedotto: i CdP Investimenti non dichiarano la linea; associazione ricavata da nomi e comuni citati, in corso di verifica"
0271A,Velocizzazione Catania-Siracusa 1^ fase Velocizzazione Bicocca-Augusta,OpenStreetMap (relazione route=railway),4743096,Linea Catania - Caltagirone - Gela,media,nome-parziale+comuni,catania,1,no,"dedotto: i CdP Investimenti non dichiarano la linea; associazione ricavata da nomi e comuni citati, in corso di verifica"
0271A,Velocizzazione Catania-Siracusa 1^ fase Velocizzazione Bicocca-Augusta,OpenStreetMap (relazione route=railway),382292,Linea Catania Centrale - Agrigento Centrale / Agrigento Bassa-Porto Empedocle / Motta S.A. - Paternò,media,nome-parziale+comuni,catania,1,no,"dedotto: i CdP Investimenti non dichiarano la linea; associazione ricavata da nomi e comuni citati, in corso di verifica"
0271A,Velocizzazione Catania-Siracusa 1^ fase Velocizzazione Bicocca-Augusta,OpenStreetMap (relazione route=railway),11051411,Variante di tracciato Targia-Siracusa,media,nome-parziale+comuni,siracusa,1,no,"dedotto: i CdP Investimenti non dichiarano la linea; associazione ricavata da nomi e comuni citati, in corso di verifica"
0271B,Velocizzazione Catania-Siracusa completamento Velocizzazione Augusta-Targia PROG PROG,OpenStreetMap (relazione route=railway),3629581,Linea Messina - Siracusa,alta,nome-parziale+comuni,siracusa,3,no,"dedotto: i CdP Investimenti non dichiarano la linea; associazione ricavata da nomi e comuni citati, in corso di verifica"
0271B,Velocizzazione Catania-Siracusa completamento Velocizzazione Augusta-Targia PROG PROG,OpenStreetMap (relazione route=railway),11121598,Ferrovia dismessa per variante Carruba-Catania Centrale,media,nome-parziale+comuni,catania,1,no,"dedotto: i CdP Investimenti non dichiarano la linea; associazione ricavata da nomi e comuni citati, in corso di verifica"
0271B,Velocizzazione Catania-Siracusa completamento Velocizzazione Augusta-Targia PROG PROG,OpenStreetMap (relazione route=railway),3282458,Linea Caltanissetta Xirbi - Gela - Siracusa,media,nome-parziale+comuni,siracusa,1,no,"dedotto: i CdP Investimenti non dichiarano la linea; associazione ricavata da nomi e comuni citati, in corso di verifica"
0271B,Velocizzazione Catania-Siracusa completamento Velocizzazione Augusta-Targia PROG PROG,OpenStreetMap (relazione route=railway),4743096,Linea Catania - Caltagirone - Gela,media,nome-parziale+comuni,catania,1,no,"dedotto: i CdP Investimenti non dichiarano la linea; associazione ricavata da nomi e comuni citati, in corso di verifica"
0271B,Velocizzazione Catania-Siracusa completamento Velocizzazione Augusta-Targia PROG PROG,OpenStreetMap (relazione route=railway),382292,Linea Catania Centrale - Agrigento Centrale / Agrigento Bassa-Porto Empedocle / Motta S.A. - Paternò,media,nome-parziale+comuni,catania,1,no,"dedotto: i CdP Investimenti non dichiarano la linea; associazione ricavata da nomi e comuni citati, in corso di verifica"
0271B,Velocizzazione Catania-Siracusa completamento Velocizzazione Augusta-Targia PROG PROG,OpenStreetMap (relazione route=railway),11051411,Variante di tracciato Targia-Siracusa,media,nome-parziale+comuni,siracusa,1,no,"dedotto: i CdP Investimenti non dichiarano la linea; associazione ricavata da nomi e comuni citati, in corso di verifica"
0274,Quadruplicamento Salerno - Battipaglia,OpenStreetMap (relazione route=railway),7343201,Ferrovia Napoli–Salerno (via Galleria Santa Lucia),media,nome-parziale+comuni,salerno,1,no,"dedotto: i CdP Investimenti non dichiarano la linea; associazione ricavata da nomi e comuni citati, in corso di verifica"
0274,Quadruplicamento Salerno - Battipaglia,OpenStreetMap (relazione route=railway),7795822,Tratto comune LMV / Salerno-Caserta,media,nome-parziale+comuni,salerno,1,no,"dedotto: i CdP Investimenti non dichiarano la linea; associazione ricavata da nomi e comuni citati, in corso di verifica"
0274,Quadruplicamento Salerno - Battipaglia,OpenStreetMap (relazione route=railway),17941980,Interconnessione Battipaglia,media,comuni,,1,no,"dedotto: i CdP Investimenti non dichiarano la linea; associazione ricavata da nomi e comuni citati, in corso di verifica"
0274,Quadruplicamento Salerno - Battipaglia,OpenStreetMap (relazione route=railway),5381831,Ferrovia Salerno - Cancello,media,nome-parziale,salerno,,no,"dedotto: i CdP Investimenti non dichiarano la linea; associazione ricavata da nomi e comuni citati, in corso di verifica"
0275A,Nuovo collegamento Palermo-Catania 1^ macrofase 1^ macrofase Palermo - Catania: Lotto 1+2 Fiumetorto- Montemaggiore-Lercara 1^ macrofase Palermo - Catania: Lotto 3 Lercara-Caltanissetta Xirbi 1^ macrofase Palermo - Catania: Lotto 4a Caltanissetta Xirbi-Enna 1^ macrofase Palermo - Catania: Lotto 4b Enna-Dittaino 1^ macrofase Palermo - Catania: Lotto 5 Dittaino-Catenanuova 1^ macrofase Palermo - Catania: Lotto 6 Catenanuova-Bicocca,OpenStreetMap (relazione route=railway),382292,Linea Catania Centrale - Agrigento Centrale / Agrigento Bassa-Porto Empedocle / Motta S.A. - Paternò,alta,nome-parziale+comuni,catania,3,no,"dedotto: i CdP Investimenti non dichiarano la linea; associazione ricavata da nomi e comuni citati, in corso di verifica"
0275A,Nuovo collegamento Palermo-Catania 1^ macrofase 1^ macrofase Palermo - Catania: Lotto 1+2 Fiumetorto- Montemaggiore-Lercara 1^ macrofase Palermo - Catania: Lotto 3 Lercara-Caltanissetta Xirbi 1^ macrofase Palermo - Catania: Lotto 4a Caltanissetta Xirbi-Enna 1^ macrofase Palermo - Catania: Lotto 4b Enna-Dittaino 1^ macrofase Palermo - Catania: Lotto 5 Dittaino-Catenanuova 1^ macrofase Palermo - Catania: Lotto 6 Catenanuova-Bicocca,OpenStreetMap (relazione route=railway),15317508,Linea Caltanissetta Centrale - Palermo Centrale,alta,nome+comuni,caltanissetta|palermo,2,no,"dedotto: i CdP Investimenti non dichiarano la linea; associazione ricavata da nomi e comuni citati, in corso di verifica"
0275A,Nuovo collegamento Palermo-Catania 1^ macrofase 1^ macrofase Palermo - Catania: Lotto 1+2 Fiumetorto- Montemaggiore-Lercara 1^ macrofase Palermo - Catania: Lotto 3 Lercara-Caltanissetta Xirbi 1^ macrofase Palermo - Catania: Lotto 4a Caltanissetta Xirbi-Enna 1^ macrofase Palermo - Catania: Lotto 4b Enna-Dittaino 1^ macrofase Palermo - Catania: Lotto 5 Dittaino-Catenanuova 1^ macrofase Palermo - Catania: Lotto 6 Catenanuova-Bicocca,OpenStreetMap (relazione route=railway),11121598,Ferrovia dismessa per variante Carruba-Catania Centrale,media,nome-parziale+comuni,catania,1,no,"dedotto: i CdP Investimenti non dichiarano la linea; associazione ricavata da nomi e comuni citati, in corso di verifica"
0275A,Nuovo collegamento Palermo-Catania 1^ macrofase 1^ macrofase Palermo - Catania: Lotto 1+2 Fiumetorto- Montemaggiore-Lercara 1^ macrofase Palermo - Catania: Lotto 3 Lercara-Caltanissetta Xirbi 1^ macrofase Palermo - Catania: Lotto 4a Caltanissetta Xirbi-Enna 1^ macrofase Palermo - Catania: Lotto 4b Enna-Dittaino 1^ macrofase Palermo - Catania: Lotto 5 Dittaino-Catenanuova 1^ macrofase Palermo - Catania: Lotto 6 Catenanuova-Bicocca,OpenStreetMap (relazione route=railway),13271799,Linea Agrigento Centrale - Palermo Centrale,media,nome-parziale+comuni,palermo,1,no,"dedotto: i CdP Investimenti non dichiarano la linea; associazione ricavata da nomi e comuni citati, in corso di verifica"
0275A,Nuovo collegamento Palermo-Catania 1^ macrofase 1^ macrofase Palermo - Catania: Lotto 1+2 Fiumetorto- Montemaggiore-Lercara 1^ macrofase Palermo - Catania: Lotto 3 Lercara-Caltanissetta Xirbi 1^ macrofase Palermo - Catania: Lotto 4a Caltanissetta Xirbi-Enna 1^ macrofase Palermo - Catania: Lotto 4b Enna-Dittaino 1^ macrofase Palermo - Catania: Lotto 5 Dittaino-Catenanuova 1^ macrofase Palermo - Catania: Lotto 6 Catenanuova-Bicocca,OpenStreetMap (relazione route=railway),3282458,Linea Caltanissetta Xirbi - Gela - Siracusa,media,nome-parziale+comuni,caltanissetta xirbi,1,no,"dedotto: i CdP Investimenti non dichiarano la linea; associazione ricavata da nomi e comuni citati, in corso di verifica"
0275A,Nuovo collegamento Palermo-Catania 1^ macrofase 1^ macrofase Palermo - Catania: Lotto 1+2 Fiumetorto- Montemaggiore-Lercara 1^ macrofase Palermo - Catania: Lotto 3 Lercara-Caltanissetta Xirbi 1^ macrofase Palermo - Catania: Lotto 4a Caltanissetta Xirbi-Enna 1^ macrofase Palermo - Catania: Lotto 4b Enna-Dittaino 1^ macrofase Palermo - Catania: Lotto 5 Dittaino-Catenanuova 1^ macrofase Palermo - Catania: Lotto 6 Catenanuova-Bicocca,OpenStreetMap (relazione route=railway),4743096,Linea Catania - Caltagirone - Gela,media,nome-parziale+comuni,catania,1,no,"dedotto: i CdP Investimenti non dichiarano la linea; associazione ricavata da nomi e comuni citati, in corso di verifica"
0275B,Nuovo collegamento Palermo-Catania 2^ macrofase 2^ macrofase Palermo - Catania: Tratti di raddoppio e varianti alla PROG PROG linea storica tratta Lercara Diramazione- Nuova Enna,OpenStreetMap (relazione route=railway),382292,Linea Catania Centrale - Agrigento Centrale / Agrigento Bassa-Porto Empedocle / Motta S.A. - Paternò,alta,nome-parziale+comuni,catania,2,no,"dedotto: i CdP Investimenti non dichiarano la linea; associazione ricavata da nomi e comuni citati, in corso di verifica"
0275B,Nuovo collegamento Palermo-Catania 2^ macrofase 2^ macrofase Palermo - Catania: Tratti di raddoppio e varianti alla PROG PROG linea storica tratta Lercara Diramazione- Nuova Enna,OpenStreetMap (relazione route=railway),11121598,Ferrovia dismessa per variante Carruba-Catania Centrale,media,nome-parziale+comuni,catania,1,no,"dedotto: i CdP Investimenti non dichiarano la linea; associazione ricavata da nomi e comuni citati, in corso di verifica"
0275B,Nuovo collegamento Palermo-Catania 2^ macrofase 2^ macrofase Palermo - Catania: Tratti di raddoppio e varianti alla PROG PROG linea storica tratta Lercara Diramazione- Nuova Enna,OpenStreetMap (relazione route=railway),13271799,Linea Agrigento Centrale - Palermo Centrale,media,nome-parziale+comuni,palermo,1,no,"dedotto: i CdP Investimenti non dichiarano la linea; associazione ricavata da nomi e comuni citati, in corso di verifica"
0275B,Nuovo collegamento Palermo-Catania 2^ macrofase 2^ macrofase Palermo - Catania: Tratti di raddoppio e varianti alla PROG PROG linea storica tratta Lercara Diramazione- Nuova Enna,OpenStreetMap (relazione route=railway),15317508,Linea Caltanissetta Centrale - Palermo Centrale,media,nome-parziale+comuni,palermo,1,no,"dedotto: i CdP Investimenti non dichiarano la linea; associazione ricavata da nomi e comuni citati, in corso di verifica"
0275B,Nuovo collegamento Palermo-Catania 2^ macrofase 2^ macrofase Palermo - Catania: Tratti di raddoppio e varianti alla PROG PROG linea storica tratta Lercara Diramazione- Nuova Enna,OpenStreetMap (relazione route=railway),4743096,Linea Catania - Caltagirone - Gela,media,nome-parziale+comuni,catania,1,no,"dedotto: i CdP Investimenti non dichiarano la linea; associazione ricavata da nomi e comuni citati, in corso di verifica"
0275B,Nuovo collegamento Palermo-Catania 2^ macrofase 2^ macrofase Palermo - Catania: Tratti di raddoppio e varianti alla PROG PROG linea storica tratta Lercara Diramazione- Nuova Enna,OpenStreetMap (relazione route=railway),10071532,Linea Messina Centrale - Palermo Centrale / Bivio Terme Vigliatore - Patti-San Piero Patti,media,nome-parziale+comuni,palermo,1,no,"dedotto: i CdP Investimenti non dichiarano la linea; associazione ricavata da nomi e comuni citati, in corso di verifica"
0276A,Completamento raddoppio asse ferroviario Pontremolese - 1^ fase Raddoppio Parma-Vicofertile ITER,OpenStreetMap (relazione route=railway),3414505,Ferrovia Parma-Brescia,media,nome-parziale+comuni,parma,1,no,"dedotto: i CdP Investimenti non dichiarano la linea; associazione ricavata da nomi e comuni citati, in corso di verifica"
0276A,Completamento raddoppio asse ferroviario Pontremolese - 1^ fase Raddoppio Parma-Vicofertile ITER,OpenStreetMap (relazione route=railway),7481564,Ferrovia Milano-Bologna,media,comuni,,1,no,"dedotto: i CdP Investimenti non dichiarano la linea; associazione ricavata da nomi e comuni citati, in corso di verifica"
0276A,Completamento raddoppio asse ferroviario Pontremolese - 1^ fase Raddoppio Parma-Vicofertile ITER,OpenStreetMap (relazione route=railway),1962856,Ferrovia ad alta velocità Milano – Bologna (biforcazione),bassa,comuni,,1,no,"dedotto: i CdP Investimenti non dichiarano la linea; associazione ricavata da nomi e comuni citati, in corso di verifica"
0276B,Completamento raddoppio asse ferroviario Pontremolese - 2^ fase Raddoppio Vicofertile-Fornovo(Osteriazza) e Berceto-Chiesaccia PROG PROG,OpenStreetMap (relazione route=railway),7481564,Ferrovia Milano-Bologna,media,comuni,,1,no,"dedotto: i CdP Investimenti non dichiarano la linea; associazione ricavata da nomi e comuni citati, in corso di verifica"
0276B,Completamento raddoppio asse ferroviario Pontremolese - 2^ fase Raddoppio Vicofertile-Fornovo(Osteriazza) e Berceto-Chiesaccia PROG PROG,OpenStreetMap (relazione route=railway),3414505,Ferrovia Parma-Brescia,media,comuni,,1,no,"dedotto: i CdP Investimenti non dichiarano la linea; associazione ricavata da nomi e comuni citati, in corso di verifica"
0276B,Completamento raddoppio asse ferroviario Pontremolese - 2^ fase Raddoppio Vicofertile-Fornovo(Osteriazza) e Berceto-Chiesaccia PROG PROG,OpenStreetMap (relazione route=railway),1962856,Ferrovia ad alta velocità Milano – Bologna (biforcazione),bassa,comuni,,1,no,"dedotto: i CdP Investimenti non dichiarano la linea; associazione ricavata da nomi e comuni citati, in corso di verifica"
0277,Potenziamento Seregno-Bergamo Potenziamento Seregno-Bergamo (gronda est di Milano) PROG PROG,OpenStreetMap (relazione route=railway),2597121,Ferrovia Seregno-Bergamo,alta,nome+comuni,seregno|bergamo,2,no,"dedotto: i CdP Investimenti non dichiarano la linea; associazione ricavata da nomi e comuni citati, in corso di verifica"
0277,Potenziamento Seregno-Bergamo Potenziamento Seregno-Bergamo (gronda est di Milano) PROG PROG,OpenStreetMap (relazione route=railway),12242964,Ferrovia Milano-Chiasso,alta,nome-parziale+comuni,milano,2,no,"dedotto: i CdP Investimenti non dichiarano la linea; associazione ricavata da nomi e comuni citati, in corso di verifica"
0277,Potenziamento Seregno-Bergamo Potenziamento Seregno-Bergamo (gronda est di Milano) PROG PROG,OpenStreetMap (relazione route=railway),7475352,Ferrovia Domodossola-Milano,media,nome-parziale+comuni,milano,1,no,"dedotto: i CdP Investimenti non dichiarano la linea; associazione ricavata da nomi e comuni citati, in corso di verifica"
0277,Potenziamento Seregno-Bergamo Potenziamento Seregno-Bergamo (gronda est di Milano) PROG PROG,OpenStreetMap (relazione route=railway),14603060,Ferrovia Milano-Asso,media,nome-parziale+comuni,milano,1,no,"dedotto: i CdP Investimenti non dichiarano la linea; associazione ricavata da nomi e comuni citati, in corso di verifica"
0277,Potenziamento Seregno-Bergamo Potenziamento Seregno-Bergamo (gronda est di Milano) PROG PROG,OpenStreetMap (relazione route=railway),7481564,Ferrovia Milano-Bologna,media,nome-parziale+comuni,milano,1,no,"dedotto: i CdP Investimenti non dichiarano la linea; associazione ricavata da nomi e comuni citati, in corso di verifica"
0277,Potenziamento Seregno-Bergamo Potenziamento Seregno-Bergamo (gronda est di Milano) PROG PROG,OpenStreetMap (relazione route=railway),19261719,Ferrovia Milano-Genova,media,nome-parziale+comuni,milano,1,no,"dedotto: i CdP Investimenti non dichiarano la linea; associazione ricavata da nomi e comuni citati, in corso di verifica"
0279A,Itinerario Napoli-Bari: Raddoppio e velocizzazione tratta Cancello-Frasso Telesino Nuovo collegamento Cancello-Frasso Telesino e progettazione preliminare intero itinerario,OpenStreetMap (relazione route=railway),12454737,Napoli-Bari AV/AC,media,nome-parziale+comuni,napoli,2,no,"dedotto: i CdP Investimenti non dichiarano la linea; associazione ricavata da nomi e comuni citati, in corso di verifica"
0279A,Itinerario Napoli-Bari: Raddoppio e velocizzazione tratta Cancello-Frasso Telesino Nuovo collegamento Cancello-Frasso Telesino e progettazione preliminare intero itinerario,OpenStreetMap (relazione route=railway),6334362,Bari Lamasinata - Bari Centrale (indipendente),media,nome-parziale+comuni,bari,1,no,"dedotto: i CdP Investimenti non dichiarano la linea; associazione ricavata da nomi e comuni citati, in corso di verifica"
0279A,Itinerario Napoli-Bari: Raddoppio e velocizzazione tratta Cancello-Frasso Telesino Nuovo collegamento Cancello-Frasso Telesino e progettazione preliminare intero itinerario,OpenStreetMap (relazione route=railway),16640417,Ferrovia Bari-Taranto,media,nome-parziale+comuni,bari,1,no,"dedotto: i CdP Investimenti non dichiarano la linea; associazione ricavata da nomi e comuni citati, in corso di verifica"
0279A,Itinerario Napoli-Bari: Raddoppio e velocizzazione tratta Cancello-Frasso Telesino Nuovo collegamento Cancello-Frasso Telesino e progettazione preliminare intero itinerario,OpenStreetMap (relazione route=railway),17976116,Ferrovia Bitritto,media,comuni,,1,no,"dedotto: i CdP Investimenti non dichiarano la linea; associazione ricavata da nomi e comuni citati, in corso di verifica"
0279A,Itinerario Napoli-Bari: Raddoppio e velocizzazione tratta Cancello-Frasso Telesino Nuovo collegamento Cancello-Frasso Telesino e progettazione preliminare intero itinerario,OpenStreetMap (relazione route=railway),1778547,Metronapoli Linea 2 Nord,media,comuni,,1,no,"dedotto: i CdP Investimenti non dichiarano la linea; associazione ricavata da nomi e comuni citati, in corso di verifica"
0279A,Itinerario Napoli-Bari: Raddoppio e velocizzazione tratta Cancello-Frasso Telesino Nuovo collegamento Cancello-Frasso Telesino e progettazione preliminare intero itinerario,OpenStreetMap (relazione route=railway),3158739,Servizio Ferroviario Urbano di Bari (Bari Santo Spirito → Bari Torre a Mare),media,comuni,,1,no,"dedotto: i CdP Investimenti non dichiarano la linea; associazione ricavata da nomi e comuni citati, in corso di verifica"
0279B,Itinerario Napoli-Bari: Raddoppio e velocizzazione tratta Frasso Telesino-Vitulano (Benevento) Raddoppio Frasso Telesino-Telese Raddoppio Telese-S.Lorenzo Maggiore-Vitulano,OpenStreetMap (relazione route=railway),12454737,Napoli-Bari AV/AC,media,nome-parziale+comuni,napoli,3,no,"dedotto: i CdP Investimenti non dichiarano la linea; associazione ricavata da nomi e comuni citati, in corso di verifica"
0279B,Itinerario Napoli-Bari: Raddoppio e velocizzazione tratta Frasso Telesino-Vitulano (Benevento) Raddoppio Frasso Telesino-Telese Raddoppio Telese-S.Lorenzo Maggiore-Vitulano,OpenStreetMap (relazione route=railway),6334362,Bari Lamasinata - Bari Centrale (indipendente),media,nome-parziale+comuni,bari,1,no,"dedotto: i CdP Investimenti non dichiarano la linea; associazione ricavata da nomi e comuni citati, in corso di verifica"
0279B,Itinerario Napoli-Bari: Raddoppio e velocizzazione tratta Frasso Telesino-Vitulano (Benevento) Raddoppio Frasso Telesino-Telese Raddoppio Telese-S.Lorenzo Maggiore-Vitulano,OpenStreetMap (relazione route=railway),17974718,Benevento - Bosco Redole,media,nome-parziale+comuni,benevento,1,no,"dedotto: i CdP Investimenti non dichiarano la linea; associazione ricavata da nomi e comuni citati, in corso di verifica"
0279B,Itinerario Napoli-Bari: Raddoppio e velocizzazione tratta Frasso Telesino-Vitulano (Benevento) Raddoppio Frasso Telesino-Telese Raddoppio Telese-S.Lorenzo Maggiore-Vitulano,OpenStreetMap (relazione route=railway),16640417,Ferrovia Bari-Taranto,media,nome-parziale+comuni,bari,1,no,"dedotto: i CdP Investimenti non dichiarano la linea; associazione ricavata da nomi e comuni citati, in corso di verifica"
0279B,Itinerario Napoli-Bari: Raddoppio e velocizzazione tratta Frasso Telesino-Vitulano (Benevento) Raddoppio Frasso Telesino-Telese Raddoppio Telese-S.Lorenzo Maggiore-Vitulano,OpenStreetMap (relazione route=railway),17976116,Ferrovia Bitritto,media,comuni,,1,no,"dedotto: i CdP Investimenti non dichiarano la linea; associazione ricavata da nomi e comuni citati, in corso di verifica"
0279B,Itinerario Napoli-Bari: Raddoppio e velocizzazione tratta Frasso Telesino-Vitulano (Benevento) Raddoppio Frasso Telesino-Telese Raddoppio Telese-S.Lorenzo Maggiore-Vitulano,OpenStreetMap (relazione route=railway),1901567,Ferrovia della Valle Caudina,media,comuni,,1,no,"dedotto: i CdP Investimenti non dichiarano la linea; associazione ricavata da nomi e comuni citati, in corso di verifica"
0281,Itinerario Napoli-Bari: raddoppio tratta Apice-Orsara,OpenStreetMap (relazione route=railway),12454737,Napoli-Bari AV/AC,media,nome-parziale+comuni,napoli,3,no,"dedotto: i CdP Investimenti non dichiarano la linea; associazione ricavata da nomi e comuni citati, in corso di verifica"
0281,Itinerario Napoli-Bari: raddoppio tratta Apice-Orsara,OpenStreetMap (relazione route=railway),6334362,Bari Lamasinata - Bari Centrale (indipendente),media,nome-parziale+comuni,bari,1,no,"dedotto: i CdP Investimenti non dichiarano la linea; associazione ricavata da nomi e comuni citati, in corso di verifica"
0281,Itinerario Napoli-Bari: raddoppio tratta Apice-Orsara,OpenStreetMap (relazione route=railway),16640417,Ferrovia Bari-Taranto,media,nome-parziale+comuni,bari,1,no,"dedotto: i CdP Investimenti non dichiarano la linea; associazione ricavata da nomi e comuni citati, in corso di verifica"
0281,Itinerario Napoli-Bari: raddoppio tratta Apice-Orsara,OpenStreetMap (relazione route=railway),17976116,Ferrovia Bitritto,media,comuni,,1,no,"dedotto: i CdP Investimenti non dichiarano la linea; associazione ricavata da nomi e comuni citati, in corso di verifica"
0281,Itinerario Napoli-Bari: raddoppio tratta Apice-Orsara,OpenStreetMap (relazione route=railway),1778547,Metronapoli Linea 2 Nord,media,comuni,,1,no,"dedotto: i CdP Investimenti non dichiarano la linea; associazione ricavata da nomi e comuni citati, in corso di verifica"
0281,Itinerario Napoli-Bari: raddoppio tratta Apice-Orsara,OpenStreetMap (relazione route=railway),3158739,Servizio Ferroviario Urbano di Bari (Bari Santo Spirito → Bari Torre a Mare),media,comuni,,1,no,"dedotto: i CdP Investimenti non dichiarano la linea; associazione ricavata da nomi e comuni citati, in corso di verifica"
0282,Alta Velocità Salerno-Reggio Calabria: Variante Ogliastro-Sapri,OpenStreetMap (relazione route=railway),7343201,Ferrovia Napoli–Salerno (via Galleria Santa Lucia),media,nome-parziale+comuni,salerno,1,no,"dedotto: i CdP Investimenti non dichiarano la linea; associazione ricavata da nomi e comuni citati, in corso di verifica"
0282,Alta Velocità Salerno-Reggio Calabria: Variante Ogliastro-Sapri,OpenStreetMap (relazione route=railway),7795822,Tratto comune LMV / Salerno-Caserta,media,nome-parziale+comuni,salerno,1,no,"dedotto: i CdP Investimenti non dichiarano la linea; associazione ricavata da nomi e comuni citati, in corso di verifica"
0282,Alta Velocità Salerno-Reggio Calabria: Variante Ogliastro-Sapri,OpenStreetMap (relazione route=railway),5381831,Ferrovia Salerno - Cancello,media,nome-parziale,salerno,,no,"dedotto: i CdP Investimenti non dichiarano la linea; associazione ricavata da nomi e comuni citati, in corso di verifica"
0284,Itinerario Napoli-Bari: Interventi su linea Cancello-Napoli per integrazione con linea AV/AC Variante Napoli-Cancello,OpenStreetMap (relazione route=railway),12454737,Napoli-Bari AV/AC,alta,nome+comuni,napoli|ac,2,no,"dedotto: i CdP Investimenti non dichiarano la linea; associazione ricavata da nomi e comuni citati, in corso di verifica"
0284,Itinerario Napoli-Bari: Interventi su linea Cancello-Napoli per integrazione con linea AV/AC Variante Napoli-Cancello,OpenStreetMap (relazione route=railway),6334362,Bari Lamasinata - Bari Centrale (indipendente),media,nome-parziale+comuni,bari,1,no,"dedotto: i CdP Investimenti non dichiarano la linea; associazione ricavata da nomi e comuni citati, in corso di verifica"
0284,Itinerario Napoli-Bari: Interventi su linea Cancello-Napoli per integrazione con linea AV/AC Variante Napoli-Cancello,OpenStreetMap (relazione route=railway),16640417,Ferrovia Bari-Taranto,media,nome-parziale+comuni,bari,1,no,"dedotto: i CdP Investimenti non dichiarano la linea; associazione ricavata da nomi e comuni citati, in corso di verifica"
0284,Itinerario Napoli-Bari: Interventi su linea Cancello-Napoli per integrazione con linea AV/AC Variante Napoli-Cancello,OpenStreetMap (relazione route=railway),17976116,Ferrovia Bitritto,media,comuni,,1,no,"dedotto: i CdP Investimenti non dichiarano la linea; associazione ricavata da nomi e comuni citati, in corso di verifica"
0284,Itinerario Napoli-Bari: Interventi su linea Cancello-Napoli per integrazione con linea AV/AC Variante Napoli-Cancello,OpenStreetMap (relazione route=railway),1778547,Metronapoli Linea 2 Nord,media,comuni,,1,no,"dedotto: i CdP Investimenti non dichiarano la linea; associazione ricavata da nomi e comuni citati, in corso di verifica"
0284,Itinerario Napoli-Bari: Interventi su linea Cancello-Napoli per integrazione con linea AV/AC Variante Napoli-Cancello,OpenStreetMap (relazione route=railway),3158739,Servizio Ferroviario Urbano di Bari (Bari Santo Spirito → Bari Torre a Mare),media,comuni,,1,no,"dedotto: i CdP Investimenti non dichiarano la linea; associazione ricavata da nomi e comuni citati, in corso di verifica"
0286A,Quadruplicamento Tortona-Voghera opere prioritarie PRG e ACC Tortona,OpenStreetMap (relazione route=railway),2250889,Ferrovia Alessandria-Piacenza,alta,comuni,,2,si,"dedotto: i CdP Investimenti non dichiarano la linea; associazione ricavata da nomi e comuni citati, in corso di verifica"
0286A,Quadruplicamento Tortona-Voghera opere prioritarie PRG e ACC Tortona,OpenStreetMap (relazione route=railway),19261719,Ferrovia Milano-Genova,alta,comuni,,2,no,"dedotto: i CdP Investimenti non dichiarano la linea; associazione ricavata da nomi e comuni citati, in corso di verifica"
0286A,Quadruplicamento Tortona-Voghera opere prioritarie PRG e ACC Tortona,OpenStreetMap (relazione route=railway),7796048,Ferrovia Tortona-Novi Ligure,media,nome-parziale+comuni,tortona,1,no,"dedotto: i CdP Investimenti non dichiarano la linea; associazione ricavata da nomi e comuni citati, in corso di verifica"
0286A,Quadruplicamento Tortona-Voghera opere prioritarie PRG e ACC Tortona,OpenStreetMap (relazione route=railway),2591069,Milano-Pavia-Voghera,media,nome-parziale+comuni,voghera,1,no,"dedotto: i CdP Investimenti non dichiarano la linea; associazione ricavata da nomi e comuni citati, in corso di verifica"
0286A,Quadruplicamento Tortona-Voghera opere prioritarie PRG e ACC Tortona,OpenStreetMap (relazione route=railway),7699364,Ferrovia succursale dei Giovi,media,comuni,,1,no,"dedotto: i CdP Investimenti non dichiarano la linea; associazione ricavata da nomi e comuni citati, in corso di verifica"
0286B,Quadruplicamento Tortona-Voghera Quadruplicamento Tortona-Voghera PROG ITER,OpenStreetMap (relazione route=railway),2250889,Ferrovia Alessandria-Piacenza,alta,comuni,,2,si,"dedotto: i CdP Investimenti non dichiarano la linea; associazione ricavata da nomi e comuni citati, in corso di verifica"
0286B,Quadruplicamento Tortona-Voghera Quadruplicamento Tortona-Voghera PROG ITER,OpenStreetMap (relazione route=railway),19261719,Ferrovia Milano-Genova,alta,comuni,,2,no,"dedotto: i CdP Investimenti non dichiarano la linea; associazione ricavata da nomi e comuni citati, in corso di verifica"
0286B,Quadruplicamento Tortona-Voghera Quadruplicamento Tortona-Voghera PROG ITER,OpenStreetMap (relazione route=railway),7796048,Ferrovia Tortona-Novi Ligure,media,nome-parziale+comuni,tortona,1,no,"dedotto: i CdP Investimenti non dichiarano la linea; associazione ricavata da nomi e comuni citati, in corso di verifica"
0286B,Quadruplicamento Tortona-Voghera Quadruplicamento Tortona-Voghera PROG ITER,OpenStreetMap (relazione route=railway),2591069,Milano-Pavia-Voghera,media,nome-parziale+comuni,voghera,1,no,"dedotto: i CdP Investimenti non dichiarano la linea; associazione ricavata da nomi e comuni citati, in corso di verifica"
0286B,Quadruplicamento Tortona-Voghera Quadruplicamento Tortona-Voghera PROG ITER,OpenStreetMap (relazione route=railway),7699364,Ferrovia succursale dei Giovi,media,comuni,,1,no,"dedotto: i CdP Investimenti non dichiarano la linea; associazione ricavata da nomi e comuni citati, in corso di verifica"
0289,Completamento raddoppio Genova-Ventimiglia: tratta Andora-Finale Ligure Raddoppio Andora-Finale Ligure PROG ITER,OpenStreetMap (relazione route=railway),2590941,Ferrovia Genova-Ventimiglia,alta,nome+comuni,genova|ventimiglia,4,no,"dedotto: i CdP Investimenti non dichiarano la linea; associazione ricavata da nomi e comuni citati, in corso di verifica"
0289,Completamento raddoppio Genova-Ventimiglia: tratta Andora-Finale Ligure Raddoppio Andora-Finale Ligure PROG ITER,OpenStreetMap (relazione route=railway),7841395,Ferrovia Asti-Genova,media,nome-parziale+comuni,genova,1,no,"dedotto: i CdP Investimenti non dichiarano la linea; associazione ricavata da nomi e comuni citati, in corso di verifica"
0289,Completamento raddoppio Genova-Ventimiglia: tratta Andora-Finale Ligure Raddoppio Andora-Finale Ligure PROG ITER,OpenStreetMap (relazione route=railway),19261719,Ferrovia Milano-Genova,media,nome-parziale+comuni,genova,1,no,"dedotto: i CdP Investimenti non dichiarano la linea; associazione ricavata da nomi e comuni citati, in corso di verifica"
0289,Completamento raddoppio Genova-Ventimiglia: tratta Andora-Finale Ligure Raddoppio Andora-Finale Ligure PROG ITER,OpenStreetMap (relazione route=railway),7699365,Ferrovia Torino-Genova,media,nome-parziale+comuni,genova,1,no,"dedotto: i CdP Investimenti non dichiarano la linea; associazione ricavata da nomi e comuni citati, in corso di verifica"
0289,Completamento raddoppio Genova-Ventimiglia: tratta Andora-Finale Ligure Raddoppio Andora-Finale Ligure PROG ITER,OpenStreetMap (relazione route=railway),14396395,Ventimiglia-Marsiglia (confine),media,nome-parziale+comuni,ventimiglia,1,no,"dedotto: i CdP Investimenti non dichiarano la linea; associazione ricavata da nomi e comuni citati, in corso di verifica"
0289,Completamento raddoppio Genova-Ventimiglia: tratta Andora-Finale Ligure Raddoppio Andora-Finale Ligure PROG ITER,OpenStreetMap (relazione route=railway),16107068,Bretella di Pra',media,comuni,,1,no,"dedotto: i CdP Investimenti non dichiarano la linea; associazione ricavata da nomi e comuni citati, in corso di verifica"
0291,"Nuova linea AV/AC Venezia-Trieste: tratta Venezia - Ronchi dei Legionari • NCP 1: ""Intervento sospeso""",OpenStreetMap (relazione route=railway),7795902,Portgruaro C. - Trieste C.le (tratto Latisana - Trieste C.le),alta,nome-parziale+comuni,trieste,2,no,"dedotto: i CdP Investimenti non dichiarano la linea; associazione ricavata da nomi e comuni citati, in corso di verifica"
0291,"Nuova linea AV/AC Venezia-Trieste: tratta Venezia - Ronchi dei Legionari • NCP 1: ""Intervento sospeso""",OpenStreetMap (relazione route=railway),10678015,Udine - Trieste C.le,alta,nome-parziale+comuni,trieste,2,no,"dedotto: i CdP Investimenti non dichiarano la linea; associazione ricavata da nomi e comuni citati, in corso di verifica"
0291,"Nuova linea AV/AC Venezia-Trieste: tratta Venezia - Ronchi dei Legionari • NCP 1: ""Intervento sospeso""",OpenStreetMap (relazione route=railway),546969,Ferrovia Milano-Venezia,media,nome-parziale+comuni,venezia,1,no,"dedotto: i CdP Investimenti non dichiarano la linea; associazione ricavata da nomi e comuni citati, in corso di verifica"
0291,"Nuova linea AV/AC Venezia-Trieste: tratta Venezia - Ronchi dei Legionari • NCP 1: ""Intervento sospeso""",OpenStreetMap (relazione route=railway),532112,Ferrovia Padova - Venezia (Linea Storica),media,nome-parziale+comuni,venezia,1,no,"dedotto: i CdP Investimenti non dichiarano la linea; associazione ricavata da nomi e comuni citati, in corso di verifica"
0291,"Nuova linea AV/AC Venezia-Trieste: tratta Venezia - Ronchi dei Legionari • NCP 1: ""Intervento sospeso""",OpenStreetMap (relazione route=railway),11965985,Ferrovia Trieste-Erpelle,media,nome-parziale+comuni,trieste,1,no,"dedotto: i CdP Investimenti non dichiarano la linea; associazione ricavata da nomi e comuni citati, in corso di verifica"
0291,"Nuova linea AV/AC Venezia-Trieste: tratta Venezia - Ronchi dei Legionari • NCP 1: ""Intervento sospeso""",OpenStreetMap (relazione route=railway),10677868,Ferrovia Meridionale,media,comuni,,1,no,"dedotto: i CdP Investimenti non dichiarano la linea; associazione ricavata da nomi e comuni citati, in corso di verifica"
0292A,Accesso al Brennero lotto 1 - Fortezza-Ponte Gardena Quadruplicamento Fortezza - Ponte Gardena,OpenStreetMap (relazione route=railway),18268249,Linea del Brennero (alta velocità),bassa,nome-parziale,brennero,,no,"dedotto: i CdP Investimenti non dichiarano la linea; associazione ricavata da nomi e comuni citati, in corso di verifica"
0292B,Accesso al Brennero lotto 4 - Ingresso nel nodo di Verona Ingresso a Verona,OpenStreetMap (relazione route=railway),1782127,Ferrovia Bologna - Verona,media,nome-parziale+comuni,verona,1,no,"dedotto: i CdP Investimenti non dichiarano la linea; associazione ricavata da nomi e comuni citati, in corso di verifica"
0292B,Accesso al Brennero lotto 4 - Ingresso nel nodo di Verona Ingresso a Verona,OpenStreetMap (relazione route=railway),546969,Ferrovia Milano-Venezia,media,comuni,,1,no,"dedotto: i CdP Investimenti non dichiarano la linea; associazione ricavata da nomi e comuni citati, in corso di verifica"
0292B,Accesso al Brennero lotto 4 - Ingresso nel nodo di Verona Ingresso a Verona,OpenStreetMap (relazione route=railway),15988417,Ferrovia Verona - Vicenza (AV/AC),bassa,nome-parziale+comuni,verona,1,no,"dedotto: i CdP Investimenti non dichiarano la linea; associazione ricavata da nomi e comuni citati, in corso di verifica"
0292B,Accesso al Brennero lotto 4 - Ingresso nel nodo di Verona Ingresso a Verona,OpenStreetMap (relazione route=railway),18268249,Linea del Brennero (alta velocità),bassa,nome-parziale+comuni,brennero,1,no,"dedotto: i CdP Investimenti non dichiarano la linea; associazione ricavata da nomi e comuni citati, in corso di verifica"
0292B,Accesso al Brennero lotto 4 - Ingresso nel nodo di Verona Ingresso a Verona,OpenStreetMap (relazione route=railway),6789381,Ferrovia Milano-Verona AV/AC,bassa,comuni,,1,no,"dedotto: i CdP Investimenti non dichiarano la linea; associazione ricavata da nomi e comuni citati, in corso di verifica"
0292C,Accesso al Brennero lotto 2- Circonvallazione di Bolzano Circonvallazione di Bolzano PROG PROG,OpenStreetMap (relazione route=railway),18268249,Linea del Brennero (alta velocità),bassa,nome-parziale,brennero,,no,"dedotto: i CdP Investimenti non dichiarano la linea; associazione ricavata da nomi e comuni citati, in corso di verifica"
0294,Potenziamento linea Gallarate-Rho Quadruplicamento Rho-Parabiago e raccordo a Y per Malpensa Quadruplicamento Rho-Parabiago e raccordo a Y per Malpensa (opere di completamento) Triplicamento Parabiago-Gallarate PROG ITER,OpenStreetMap (relazione route=railway),5987029,Ferrovia Busto Arsizio-Malpensa Aeroporto-Gallarate,alta,nome-parziale+comuni,gallarate,2,no,"dedotto: i CdP Investimenti non dichiarano la linea; associazione ricavata da nomi e comuni citati, in corso di verifica"
0294,Potenziamento linea Gallarate-Rho Quadruplicamento Rho-Parabiago e raccordo a Y per Malpensa Quadruplicamento Rho-Parabiago e raccordo a Y per Malpensa (opere di completamento) Triplicamento Parabiago-Gallarate PROG ITER,OpenStreetMap (relazione route=railway),7475352,Ferrovia Domodossola-Milano,alta,comuni,,2,no,"dedotto: i CdP Investimenti non dichiarano la linea; associazione ricavata da nomi e comuni citati, in corso di verifica"
0294,Potenziamento linea Gallarate-Rho Quadruplicamento Rho-Parabiago e raccordo a Y per Malpensa Quadruplicamento Rho-Parabiago e raccordo a Y per Malpensa (opere di completamento) Triplicamento Parabiago-Gallarate PROG ITER,OpenStreetMap (relazione route=railway),4084798,Ferrovia Gallarate-Laveno,media,nome-parziale+comuni,gallarate,1,no,"dedotto: i CdP Investimenti non dichiarano la linea; associazione ricavata da nomi e comuni citati, in corso di verifica"
0294,Potenziamento linea Gallarate-Rho Quadruplicamento Rho-Parabiago e raccordo a Y per Malpensa Quadruplicamento Rho-Parabiago e raccordo a Y per Malpensa (opere di completamento) Triplicamento Parabiago-Gallarate PROG ITER,OpenStreetMap (relazione route=railway),539244,Ferrovia Varese-Gallarate,media,nome-parziale+comuni,gallarate,1,no,"dedotto: i CdP Investimenti non dichiarano la linea; associazione ricavata da nomi e comuni citati, in corso di verifica"
0295,Potenziamento collegamenti ferroviari da nord con aeroporto Malpensa,OpenStreetMap (relazione route=railway),5987029,Ferrovia Busto Arsizio-Malpensa Aeroporto-Gallarate,media,comuni,,1,no,"dedotto: i CdP Investimenti non dichiarano la linea; associazione ricavata da nomi e comuni citati, in corso di verifica"
0296,Raddoppio Orte-Falconara: tratta Foligno-Fabriano Raddoppio Foligno-Fabriano,OpenStreetMap (relazione route=railway),2312810,Ferrovia Civitanova Marche – Fabriano,media,nome-parziale+comuni,fabriano,1,no,"dedotto: i CdP Investimenti non dichiarano la linea; associazione ricavata da nomi e comuni citati, in corso di verifica"
0296,Raddoppio Orte-Falconara: tratta Foligno-Fabriano Raddoppio Foligno-Fabriano,OpenStreetMap (relazione route=railway),1720923,Ferrovia Foligno-Terontola,media,nome-parziale+comuni,foligno,1,no,"dedotto: i CdP Investimenti non dichiarano la linea; associazione ricavata da nomi e comuni citati, in corso di verifica"
0296,Raddoppio Orte-Falconara: tratta Foligno-Fabriano Raddoppio Foligno-Fabriano,OpenStreetMap (relazione route=railway),2350392,Ferrovia Capranica - Orte,media,nome-parziale,orte,,no,"dedotto: i CdP Investimenti non dichiarano la linea; associazione ricavata da nomi e comuni citati, in corso di verifica"
0297A,Nodo di Falconara 1^ fase Variante Falconara e bretella di collegamento tra la linea Orte- Falconara direzione nord e la variante di Falconara verso nord,OpenStreetMap (relazione route=railway),2350392,Ferrovia Capranica - Orte,media,nome-parziale,orte,,no,"dedotto: i CdP Investimenti non dichiarano la linea; associazione ricavata da nomi e comuni citati, in corso di verifica"
0307A,Roma-Pescara - ulteriore fasi Raddoppio Interporto d'Abruzzo-Chieti-Pescara PROG ITER,OpenStreetMap (relazione route=railway),17940537,Ferrovia Roma-Fiumicino,media,nome-parziale+comuni,roma,1,no,"dedotto: i CdP Investimenti non dichiarano la linea; associazione ricavata da nomi e comuni citati, in corso di verifica"
0307A,Roma-Pescara - ulteriore fasi Raddoppio Interporto d'Abruzzo-Chieti-Pescara PROG ITER,OpenStreetMap (relazione route=railway),17959804,Cintura Nord di Roma,media,comuni,,1,no,"dedotto: i CdP Investimenti non dichiarano la linea; associazione ricavata da nomi e comuni citati, in corso di verifica"
0307A,Roma-Pescara - ulteriore fasi Raddoppio Interporto d'Abruzzo-Chieti-Pescara PROG ITER,OpenStreetMap (relazione route=railway),1811976,Direttissima Firenze S.M.N. - Roma Termini,media,comuni,,1,no,"dedotto: i CdP Investimenti non dichiarano la linea; associazione ricavata da nomi e comuni citati, in corso di verifica"
0307A,Roma-Pescara - ulteriore fasi Raddoppio Interporto d'Abruzzo-Chieti-Pescara PROG ITER,OpenStreetMap (relazione route=railway),2178861,Italia - Città del Vaticano,media,comuni,,1,no,"dedotto: i CdP Investimenti non dichiarano la linea; associazione ricavata da nomi e comuni citati, in corso di verifica"
0307B,Roma-Pescara,OpenStreetMap (relazione route=railway),17940537,Ferrovia Roma-Fiumicino,media,nome-parziale+comuni,roma,1,no,"dedotto: i CdP Investimenti non dichiarano la linea; associazione ricavata da nomi e comuni citati, in corso di verifica"
0307B,Roma-Pescara,OpenStreetMap (relazione route=railway),17959804,Cintura Nord di Roma,media,comuni,,1,no,"dedotto: i CdP Investimenti non dichiarano la linea; associazione ricavata da nomi e comuni citati, in corso di verifica"
0307B,Roma-Pescara,OpenStreetMap (relazione route=railway),1811976,Direttissima Firenze S.M.N. - Roma Termini,media,comuni,,1,no,"dedotto: i CdP Investimenti non dichiarano la linea; associazione ricavata da nomi e comuni citati, in corso di verifica"
0307B,Roma-Pescara,OpenStreetMap (relazione route=railway),2178861,Italia - Città del Vaticano,media,comuni,,1,no,"dedotto: i CdP Investimenti non dichiarano la linea; associazione ricavata da nomi e comuni citati, in corso di verifica"
0308,Velocizzazione Battipaglia-Potenza,OpenStreetMap (relazione route=railway),17941980,Interconnessione Battipaglia,media,comuni,,1,no,"dedotto: i CdP Investimenti non dichiarano la linea; associazione ricavata da nomi e comuni citati, in corso di verifica"
0310,Potenziamento Taranto-Metaponto,OpenStreetMap (relazione route=railway),16640417,Ferrovia Bari-Taranto,media,nome-parziale+comuni,taranto,1,no,"dedotto: i CdP Investimenti non dichiarano la linea; associazione ricavata da nomi e comuni citati, in corso di verifica"
0312,Ammodernamento Venafro - Termoli,OpenStreetMap (relazione route=railway),17974717,Rocca d'Evandro-San Vittore - Venafro,media,nome-parziale+comuni,venafro,1,no,"dedotto: i CdP Investimenti non dichiarano la linea; associazione ricavata da nomi e comuni citati, in corso di verifica"
0312,Ammodernamento Venafro - Termoli,OpenStreetMap (relazione route=railway),17974716,Campobasso - Vairano-Caianello,media,comuni,,1,no,"dedotto: i CdP Investimenti non dichiarano la linea; associazione ricavata da nomi e comuni citati, in corso di verifica"
0313A,Velocizzazione S. Gavino-Sassari-Olbia fasi prioritarie Variante Bauladu,OpenStreetMap (relazione route=railway),1809011,Ferrovia Sassari-Alghero,media,nome-parziale+comuni,sassari,1,no,"dedotto: i CdP Investimenti non dichiarano la linea; associazione ricavata da nomi e comuni citati, in corso di verifica"
0313A,Velocizzazione S. Gavino-Sassari-Olbia fasi prioritarie Variante Bauladu,OpenStreetMap (relazione route=railway),1902999,Ferrovia Sassari-Tempio-Palau,media,nome-parziale+comuni,sassari,1,no,"dedotto: i CdP Investimenti non dichiarano la linea; associazione ricavata da nomi e comuni citati, in corso di verifica"
0313B,"Velocizzazione S. Gavino-Sassari-Olbia completamento Varianti Bonorva-Torralba, Macomer I, Macomer II e Campomela- PROG PROG Sassari",OpenStreetMap (relazione route=railway),1808855,Ferrovia Macomer-Bosa,media,nome-parziale+comuni,macomer,1,no,"dedotto: i CdP Investimenti non dichiarano la linea; associazione ricavata da nomi e comuni citati, in corso di verifica"
0313B,"Velocizzazione S. Gavino-Sassari-Olbia completamento Varianti Bonorva-Torralba, Macomer I, Macomer II e Campomela- PROG PROG Sassari",OpenStreetMap (relazione route=railway),1808856,Ferrovia Macomer-Nuoro,media,nome-parziale+comuni,macomer,1,no,"dedotto: i CdP Investimenti non dichiarano la linea; associazione ricavata da nomi e comuni citati, in corso di verifica"
0313B,"Velocizzazione S. Gavino-Sassari-Olbia completamento Varianti Bonorva-Torralba, Macomer I, Macomer II e Campomela- PROG PROG Sassari",OpenStreetMap (relazione route=railway),1809011,Ferrovia Sassari-Alghero,media,nome-parziale+comuni,sassari,1,no,"dedotto: i CdP Investimenti non dichiarano la linea; associazione ricavata da nomi e comuni citati, in corso di verifica"
0313B,"Velocizzazione S. Gavino-Sassari-Olbia completamento Varianti Bonorva-Torralba, Macomer I, Macomer II e Campomela- PROG PROG Sassari",OpenStreetMap (relazione route=railway),1902999,Ferrovia Sassari-Tempio-Palau,media,nome-parziale+comuni,sassari,1,no,"dedotto: i CdP Investimenti non dichiarano la linea; associazione ricavata da nomi e comuni citati, in corso di verifica"
0314,Velocizzazione Palermo-Trapani via Milo e via Castelvetrano,OpenStreetMap (relazione route=railway),13165261,Linea Palermo Notarbartolo - Punta Raisi / Piraineto - Trapani / Palermo Centrale - Palermo Sampolo / Alcamo Dne - Catelvetrano - Trapani,alta,nome+comuni,trapani|palermo|trapani,3,si,"dedotto: i CdP Investimenti non dichiarano la linea; associazione ricavata da nomi e comuni citati, in corso di verifica"
0314,Velocizzazione Palermo-Trapani via Milo e via Castelvetrano,OpenStreetMap (relazione route=railway),10385844,Ferrovia Castelvetrano-Porto Empedocle,media,nome-parziale+comuni,castelvetrano,1,no,"dedotto: i CdP Investimenti non dichiarano la linea; associazione ricavata da nomi e comuni citati, in corso di verifica"
0314,Velocizzazione Palermo-Trapani via Milo e via Castelvetrano,OpenStreetMap (relazione route=railway),10400677,Ferrovia Dismessa San Carlo-Santa Ninfa-Castelvetrano,media,nome-parziale+comuni,castelvetrano,1,no,"dedotto: i CdP Investimenti non dichiarano la linea; associazione ricavata da nomi e comuni citati, in corso di verifica"
0314,Velocizzazione Palermo-Trapani via Milo e via Castelvetrano,OpenStreetMap (relazione route=railway),13271799,Linea Agrigento Centrale - Palermo Centrale,media,nome-parziale+comuni,palermo,1,no,"dedotto: i CdP Investimenti non dichiarano la linea; associazione ricavata da nomi e comuni citati, in corso di verifica"
0314,Velocizzazione Palermo-Trapani via Milo e via Castelvetrano,OpenStreetMap (relazione route=railway),15317508,Linea Caltanissetta Centrale - Palermo Centrale,media,nome-parziale+comuni,palermo,1,no,"dedotto: i CdP Investimenti non dichiarano la linea; associazione ricavata da nomi e comuni citati, in corso di verifica"
0314,Velocizzazione Palermo-Trapani via Milo e via Castelvetrano,OpenStreetMap (relazione route=railway),10071532,Linea Messina Centrale - Palermo Centrale / Bivio Terme Vigliatore - Patti-San Piero Patti,media,nome-parziale+comuni,palermo,1,no,"dedotto: i CdP Investimenti non dichiarano la linea; associazione ricavata da nomi e comuni citati, in corso di verifica"
0315,Velocizzazione Siracusa-Ragusa-Gela Velocizzazione Siracusa-Ragusa-Gela PROG PROG,OpenStreetMap (relazione route=railway),3282458,Linea Caltanissetta Xirbi - Gela - Siracusa,alta,nome+comuni,gela|siracusa,2,no,"dedotto: i CdP Investimenti non dichiarano la linea; associazione ricavata da nomi e comuni citati, in corso di verifica"
0315,Velocizzazione Siracusa-Ragusa-Gela Velocizzazione Siracusa-Ragusa-Gela PROG PROG,OpenStreetMap (relazione route=railway),11036391,Ferrovia Dismessa Siracusa Nuova - Bivio Giarratana - Ragusa,alta,nome-parziale+comuni,ragusa,2,no,"dedotto: i CdP Investimenti non dichiarano la linea; associazione ricavata da nomi e comuni citati, in corso di verifica"
0315,Velocizzazione Siracusa-Ragusa-Gela Velocizzazione Siracusa-Ragusa-Gela PROG PROG,OpenStreetMap (relazione route=railway),3629581,Linea Messina - Siracusa,media,nome-parziale+comuni,siracusa,1,no,"dedotto: i CdP Investimenti non dichiarano la linea; associazione ricavata da nomi e comuni citati, in corso di verifica"
0315,Velocizzazione Siracusa-Ragusa-Gela Velocizzazione Siracusa-Ragusa-Gela PROG PROG,OpenStreetMap (relazione route=railway),11051411,Variante di tracciato Targia-Siracusa,media,nome-parziale+comuni,siracusa,1,no,"dedotto: i CdP Investimenti non dichiarano la linea; associazione ricavata da nomi e comuni citati, in corso di verifica"
0315,Velocizzazione Siracusa-Ragusa-Gela Velocizzazione Siracusa-Ragusa-Gela PROG PROG,OpenStreetMap (relazione route=railway),11073140,Ferrovia Dismessa Caltagirone-Gela,media,nome-parziale,gela,,no,"dedotto: i CdP Investimenti non dichiarano la linea; associazione ricavata da nomi e comuni citati, in corso di verifica"
0315,Velocizzazione Siracusa-Ragusa-Gela Velocizzazione Siracusa-Ragusa-Gela PROG PROG,OpenStreetMap (relazione route=railway),4743096,Linea Catania - Caltagirone - Gela,media,nome-parziale,gela,,no,"dedotto: i CdP Investimenti non dichiarano la linea; associazione ricavata da nomi e comuni citati, in corso di verifica"
0325,Linea AV/AC Milano-Verona: tratta Treviglio-Brescia,OpenStreetMap (relazione route=railway),6789381,Ferrovia Milano-Verona AV/AC,alta,nome+comuni,milano|ac,4,no,"dedotto: i CdP Investimenti non dichiarano la linea; associazione ricavata da nomi e comuni citati, in corso di verifica"
0325,Linea AV/AC Milano-Verona: tratta Treviglio-Brescia,OpenStreetMap (relazione route=railway),546969,Ferrovia Milano-Venezia,alta,nome-parziale+comuni,milano,4,no,"dedotto: i CdP Investimenti non dichiarano la linea; associazione ricavata da nomi e comuni citati, in corso di verifica"
0325,Linea AV/AC Milano-Verona: tratta Treviglio-Brescia,OpenStreetMap (relazione route=railway),1782127,Ferrovia Bologna - Verona,media,nome-parziale+comuni,verona,1,no,"dedotto: i CdP Investimenti non dichiarano la linea; associazione ricavata da nomi e comuni citati, in corso di verifica"
0325,Linea AV/AC Milano-Verona: tratta Treviglio-Brescia,OpenStreetMap (relazione route=railway),1412021,Ferrovia Brescia-Cremona,media,nome-parziale+comuni,brescia,1,no,"dedotto: i CdP Investimenti non dichiarano la linea; associazione ricavata da nomi e comuni citati, in corso di verifica"
0325,Linea AV/AC Milano-Verona: tratta Treviglio-Brescia,OpenStreetMap (relazione route=railway),967297,Ferrovia Brescia-Iseo-Edolo,media,nome-parziale+comuni,brescia,1,no,"dedotto: i CdP Investimenti non dichiarano la linea; associazione ricavata da nomi e comuni citati, in corso di verifica"
0325,Linea AV/AC Milano-Verona: tratta Treviglio-Brescia,OpenStreetMap (relazione route=railway),7475352,Ferrovia Domodossola-Milano,media,nome-parziale+comuni,milano,1,no,"dedotto: i CdP Investimenti non dichiarano la linea; associazione ricavata da nomi e comuni citati, in corso di verifica"
0331,Raddoppio linea Roma-Viterbo: tratta Cesano-Bracciano Raddoppio Cesano-Vigna di Valle PROG ITER Raddoppio Vigna di Valle-Bracciano PROG ITER,OpenStreetMap (relazione route=railway),17940537,Ferrovia Roma-Fiumicino,media,nome-parziale+comuni,roma,1,no,"dedotto: i CdP Investimenti non dichiarano la linea; associazione ricavata da nomi e comuni citati, in corso di verifica"
0331,Raddoppio linea Roma-Viterbo: tratta Cesano-Bracciano Raddoppio Cesano-Vigna di Valle PROG ITER Raddoppio Vigna di Valle-Bracciano PROG ITER,OpenStreetMap (relazione route=railway),17959804,Cintura Nord di Roma,media,comuni,,1,no,"dedotto: i CdP Investimenti non dichiarano la linea; associazione ricavata da nomi e comuni citati, in corso di verifica"
0331,Raddoppio linea Roma-Viterbo: tratta Cesano-Bracciano Raddoppio Cesano-Vigna di Valle PROG ITER Raddoppio Vigna di Valle-Bracciano PROG ITER,OpenStreetMap (relazione route=railway),1811976,Direttissima Firenze S.M.N. - Roma Termini,media,comuni,,1,no,"dedotto: i CdP Investimenti non dichiarano la linea; associazione ricavata da nomi e comuni citati, in corso di verifica"
0331,Raddoppio linea Roma-Viterbo: tratta Cesano-Bracciano Raddoppio Cesano-Vigna di Valle PROG ITER Raddoppio Vigna di Valle-Bracciano PROG ITER,OpenStreetMap (relazione route=railway),2178861,Italia - Città del Vaticano,media,comuni,,1,no,"dedotto: i CdP Investimenti non dichiarano la linea; associazione ricavata da nomi e comuni citati, in corso di verifica"
0332A,Nodo di Bari: Bari Sud Variante Bari C.le-Bari Torre a Mare,OpenStreetMap (relazione route=railway),6334362,Bari Lamasinata - Bari Centrale (indipendente),media,nome-parziale+comuni,bari,1,no,"dedotto: i CdP Investimenti non dichiarano la linea; associazione ricavata da nomi e comuni citati, in corso di verifica"
0332A,Nodo di Bari: Bari Sud Variante Bari C.le-Bari Torre a Mare,OpenStreetMap (relazione route=railway),16640417,Ferrovia Bari-Taranto,media,nome-parziale+comuni,bari,1,no,"dedotto: i CdP Investimenti non dichiarano la linea; associazione ricavata da nomi e comuni citati, in corso di verifica"
0332A,Nodo di Bari: Bari Sud Variante Bari C.le-Bari Torre a Mare,OpenStreetMap (relazione route=railway),17976116,Ferrovia Bitritto,media,comuni,,1,no,"dedotto: i CdP Investimenti non dichiarano la linea; associazione ricavata da nomi e comuni citati, in corso di verifica"
0332A,Nodo di Bari: Bari Sud Variante Bari C.le-Bari Torre a Mare,OpenStreetMap (relazione route=railway),3158739,Servizio Ferroviario Urbano di Bari (Bari Santo Spirito → Bari Torre a Mare),media,comuni,,1,no,"dedotto: i CdP Investimenti non dichiarano la linea; associazione ricavata da nomi e comuni citati, in corso di verifica"
0332A,Nodo di Bari: Bari Sud Variante Bari C.le-Bari Torre a Mare,OpenStreetMap (relazione route=railway),12454737,Napoli-Bari AV/AC,bassa,comuni,,1,no,"dedotto: i CdP Investimenti non dichiarano la linea; associazione ricavata da nomi e comuni citati, in corso di verifica"
0332B,Nodo di Bari: Bari Nord Variante tratta Bari S.Spirito - Palese,OpenStreetMap (relazione route=railway),6334362,Bari Lamasinata - Bari Centrale (indipendente),media,nome-parziale+comuni,bari,1,no,"dedotto: i CdP Investimenti non dichiarano la linea; associazione ricavata da nomi e comuni citati, in corso di verifica"
0332B,Nodo di Bari: Bari Nord Variante tratta Bari S.Spirito - Palese,OpenStreetMap (relazione route=railway),16640417,Ferrovia Bari-Taranto,media,nome-parziale+comuni,bari,1,no,"dedotto: i CdP Investimenti non dichiarano la linea; associazione ricavata da nomi e comuni citati, in corso di verifica"
0332B,Nodo di Bari: Bari Nord Variante tratta Bari S.Spirito - Palese,OpenStreetMap (relazione route=railway),17976116,Ferrovia Bitritto,media,comuni,,1,no,"dedotto: i CdP Investimenti non dichiarano la linea; associazione ricavata da nomi e comuni citati, in corso di verifica"
0332B,Nodo di Bari: Bari Nord Variante tratta Bari S.Spirito - Palese,OpenStreetMap (relazione route=railway),3158739,Servizio Ferroviario Urbano di Bari (Bari Santo Spirito → Bari Torre a Mare),media,comuni,,1,no,"dedotto: i CdP Investimenti non dichiarano la linea; associazione ricavata da nomi e comuni citati, in corso di verifica"
0332B,Nodo di Bari: Bari Nord Variante tratta Bari S.Spirito - Palese,OpenStreetMap (relazione route=railway),12454737,Napoli-Bari AV/AC,bassa,comuni,,1,no,"dedotto: i CdP Investimenti non dichiarano la linea; associazione ricavata da nomi e comuni citati, in corso di verifica"
0333,Interventi linea Chivasso-Aosta,OpenStreetMap (relazione route=railway),14588973,Ferrovia Chivasso-Asti,media,nome-parziale+comuni,chivasso,1,no,"dedotto: i CdP Investimenti non dichiarano la linea; associazione ricavata da nomi e comuni citati, in corso di verifica"
0333,Interventi linea Chivasso-Aosta,OpenStreetMap (relazione route=railway),2596061,Torino-Milano (Alta Velocità),bassa,comuni,,1,no,"dedotto: i CdP Investimenti non dichiarano la linea; associazione ricavata da nomi e comuni citati, in corso di verifica"
0334,"Potenziamento Foligno-Perugia-Terontola 1° stralcio Consolidamento sede tratta Foligno-Assisi, velocizzazione tratta Perugia Ponte San Giovanni - Foligno e nuova fermata Perugia aeroporto",OpenStreetMap (relazione route=railway),1720923,Ferrovia Foligno-Terontola,alta,nome+comuni,foligno|terontola,3,si,"dedotto: i CdP Investimenti non dichiarano la linea; associazione ricavata da nomi e comuni citati, in corso di verifica"
0335,Quadruplicamento Pavia-Milano Rogoredo Quadruplicamento Rogoredo-Pieve Emanuele Quadruplicamento Pieve Emanuele-Pavia PROG PROG,OpenStreetMap (relazione route=railway),2591069,Milano-Pavia-Voghera,alta,nome+comuni,milano|pavia,3,no,"dedotto: i CdP Investimenti non dichiarano la linea; associazione ricavata da nomi e comuni citati, in corso di verifica"
0335,Quadruplicamento Pavia-Milano Rogoredo Quadruplicamento Rogoredo-Pieve Emanuele Quadruplicamento Pieve Emanuele-Pavia PROG PROG,OpenStreetMap (relazione route=railway),19261719,Ferrovia Milano-Genova,alta,nome-parziale+comuni,milano,3,no,"dedotto: i CdP Investimenti non dichiarano la linea; associazione ricavata da nomi e comuni citati, in corso di verifica"
0335,Quadruplicamento Pavia-Milano Rogoredo Quadruplicamento Rogoredo-Pieve Emanuele Quadruplicamento Pieve Emanuele-Pavia PROG PROG,OpenStreetMap (relazione route=railway),7475352,Ferrovia Domodossola-Milano,media,nome-parziale+comuni,milano,1,no,"dedotto: i CdP Investimenti non dichiarano la linea; associazione ricavata da nomi e comuni citati, in corso di verifica"
0335,Quadruplicamento Pavia-Milano Rogoredo Quadruplicamento Rogoredo-Pieve Emanuele Quadruplicamento Pieve Emanuele-Pavia PROG PROG,OpenStreetMap (relazione route=railway),14603060,Ferrovia Milano-Asso,media,nome-parziale+comuni,milano,1,no,"dedotto: i CdP Investimenti non dichiarano la linea; associazione ricavata da nomi e comuni citati, in corso di verifica"
0335,Quadruplicamento Pavia-Milano Rogoredo Quadruplicamento Rogoredo-Pieve Emanuele Quadruplicamento Pieve Emanuele-Pavia PROG PROG,OpenStreetMap (relazione route=railway),7481564,Ferrovia Milano-Bologna,media,nome-parziale+comuni,milano,1,no,"dedotto: i CdP Investimenti non dichiarano la linea; associazione ricavata da nomi e comuni citati, in corso di verifica"
0335,Quadruplicamento Pavia-Milano Rogoredo Quadruplicamento Rogoredo-Pieve Emanuele Quadruplicamento Pieve Emanuele-Pavia PROG PROG,OpenStreetMap (relazione route=railway),12242964,Ferrovia Milano-Chiasso,media,nome-parziale+comuni,milano,1,no,"dedotto: i CdP Investimenti non dichiarano la linea; associazione ricavata da nomi e comuni citati, in corso di verifica"
0336,Raddoppio Palermo-Messina tratta Fiumetorto- Castelbuono Raddoppio Fiumetorto-Ogliastrillo Raddoppio Ogliastrillo-Castelbuono,OpenStreetMap (relazione route=railway),10071532,Linea Messina Centrale - Palermo Centrale / Bivio Terme Vigliatore - Patti-San Piero Patti,alta,nome+comuni,messina|palermo,2,no,"dedotto: i CdP Investimenti non dichiarano la linea; associazione ricavata da nomi e comuni citati, in corso di verifica"
0336,Raddoppio Palermo-Messina tratta Fiumetorto- Castelbuono Raddoppio Fiumetorto-Ogliastrillo Raddoppio Ogliastrillo-Castelbuono,OpenStreetMap (relazione route=railway),11124943,Ferrovia Dismessa per variante Terme Vigliatore-Messina Scalo,media,nome-parziale+comuni,messina,1,no,"dedotto: i CdP Investimenti non dichiarano la linea; associazione ricavata da nomi e comuni citati, in corso di verifica"
0336,Raddoppio Palermo-Messina tratta Fiumetorto- Castelbuono Raddoppio Fiumetorto-Ogliastrillo Raddoppio Ogliastrillo-Castelbuono,OpenStreetMap (relazione route=railway),13271799,Linea Agrigento Centrale - Palermo Centrale,media,nome-parziale+comuni,palermo,1,no,"dedotto: i CdP Investimenti non dichiarano la linea; associazione ricavata da nomi e comuni citati, in corso di verifica"
0336,Raddoppio Palermo-Messina tratta Fiumetorto- Castelbuono Raddoppio Fiumetorto-Ogliastrillo Raddoppio Ogliastrillo-Castelbuono,OpenStreetMap (relazione route=railway),15317508,Linea Caltanissetta Centrale - Palermo Centrale,media,nome-parziale+comuni,palermo,1,no,"dedotto: i CdP Investimenti non dichiarano la linea; associazione ricavata da nomi e comuni citati, in corso di verifica"
0336,Raddoppio Palermo-Messina tratta Fiumetorto- Castelbuono Raddoppio Fiumetorto-Ogliastrillo Raddoppio Ogliastrillo-Castelbuono,OpenStreetMap (relazione route=railway),3629581,Linea Messina - Siracusa,media,nome-parziale+comuni,messina,1,no,"dedotto: i CdP Investimenti non dichiarano la linea; associazione ricavata da nomi e comuni citati, in corso di verifica"
0336,Raddoppio Palermo-Messina tratta Fiumetorto- Castelbuono Raddoppio Fiumetorto-Ogliastrillo Raddoppio Ogliastrillo-Castelbuono,OpenStreetMap (relazione route=railway),13165261,Linea Palermo Notarbartolo - Punta Raisi / Piraineto - Trapani / Palermo Centrale - Palermo Sampolo / Alcamo Dne - Catelvetrano - Trapani,media,nome-parziale+comuni,palermo,1,no,"dedotto: i CdP Investimenti non dichiarano la linea; associazione ricavata da nomi e comuni citati, in corso di verifica"
0337,Accesso al Brennero lotto 3 - Circonvallazione di,OpenStreetMap (relazione route=railway),18268249,Linea del Brennero (alta velocità),bassa,nome-parziale,brennero,,no,"dedotto: i CdP Investimenti non dichiarano la linea; associazione ricavata da nomi e comuni citati, in corso di verifica"
0337A,Accesso al Brennero lotto 3a - Circonvallazione di Trento Circonvallazione di Trento (lotto 3a) e progettazione preliminare lotti 3a e 3b,OpenStreetMap (relazione route=railway),15737281,Ferrovia Trento - Primolano,media,nome-parziale+comuni,trento,1,no,"dedotto: i CdP Investimenti non dichiarano la linea; associazione ricavata da nomi e comuni citati, in corso di verifica"
0337A,Accesso al Brennero lotto 3a - Circonvallazione di Trento Circonvallazione di Trento (lotto 3a) e progettazione preliminare lotti 3a e 3b,OpenStreetMap (relazione route=railway),18268249,Linea del Brennero (alta velocità),bassa,nome-parziale+comuni,brennero,1,no,"dedotto: i CdP Investimenti non dichiarano la linea; associazione ricavata da nomi e comuni citati, in corso di verifica"
0337B,Accesso al Brennero lotto 3b - Circonvallazione di Rovereto Circonvallazione di Rovereto,OpenStreetMap (relazione route=railway),18268249,Linea del Brennero (alta velocità),bassa,nome-parziale+comuni,brennero,1,no,"dedotto: i CdP Investimenti non dichiarano la linea; associazione ricavata da nomi e comuni citati, in corso di verifica"
0339,"Nodo di Livorno: potenziamento dei collegamenti ferroviari tra porto di Livorno, rete ferroviaria e interporto di Guasticce",OpenStreetMap (relazione route=railway),9328966,Ferrovia Pisa-Tirrenia-Livorno,media,nome-parziale+comuni,livorno,1,no,"dedotto: i CdP Investimenti non dichiarano la linea; associazione ricavata da nomi e comuni citati, in corso di verifica"
0343,Tratta AV/AC Terzo valico dei Giovi,OpenStreetMap (relazione route=railway),6789381,Ferrovia Milano-Verona AV/AC,media,nome-parziale,ac,,no,"dedotto: i CdP Investimenti non dichiarano la linea; associazione ricavata da nomi e comuni citati, in corso di verifica"
0343,Tratta AV/AC Terzo valico dei Giovi,OpenStreetMap (relazione route=railway),12454737,Napoli-Bari AV/AC,media,nome-parziale,ac,,no,"dedotto: i CdP Investimenti non dichiarano la linea; associazione ricavata da nomi e comuni citati, in corso di verifica"
0361,Linea AV/AC Milano - Verona: tratta Brescia - Verona,OpenStreetMap (relazione route=railway),6789381,Ferrovia Milano-Verona AV/AC,alta,nome+comuni,milano|ac,3,no,"dedotto: i CdP Investimenti non dichiarano la linea; associazione ricavata da nomi e comuni citati, in corso di verifica"
0361,Linea AV/AC Milano - Verona: tratta Brescia - Verona,OpenStreetMap (relazione route=railway),546969,Ferrovia Milano-Venezia,alta,nome-parziale+comuni,milano,3,no,"dedotto: i CdP Investimenti non dichiarano la linea; associazione ricavata da nomi e comuni citati, in corso di verifica"
0361,Linea AV/AC Milano - Verona: tratta Brescia - Verona,OpenStreetMap (relazione route=railway),1782127,Ferrovia Bologna - Verona,media,nome-parziale+comuni,verona,1,no,"dedotto: i CdP Investimenti non dichiarano la linea; associazione ricavata da nomi e comuni citati, in corso di verifica"
0361,Linea AV/AC Milano - Verona: tratta Brescia - Verona,OpenStreetMap (relazione route=railway),1412021,Ferrovia Brescia-Cremona,media,nome-parziale+comuni,brescia,1,no,"dedotto: i CdP Investimenti non dichiarano la linea; associazione ricavata da nomi e comuni citati, in corso di verifica"
0361,Linea AV/AC Milano - Verona: tratta Brescia - Verona,OpenStreetMap (relazione route=railway),967297,Ferrovia Brescia-Iseo-Edolo,media,nome-parziale+comuni,brescia,1,no,"dedotto: i CdP Investimenti non dichiarano la linea; associazione ricavata da nomi e comuni citati, in corso di verifica"
0361,Linea AV/AC Milano - Verona: tratta Brescia - Verona,OpenStreetMap (relazione route=railway),7475352,Ferrovia Domodossola-Milano,media,nome-parziale+comuni,milano,1,no,"dedotto: i CdP Investimenti non dichiarano la linea; associazione ricavata da nomi e comuni citati, in corso di verifica"
0362A,Linea AV/AC Verona-Padova 1° lotto funzionale: Tratta Verona-bivio Vicenza,OpenStreetMap (relazione route=railway),546969,Ferrovia Milano-Venezia,alta,comuni,,3,no,"dedotto: i CdP Investimenti non dichiarano la linea; associazione ricavata da nomi e comuni citati, in corso di verifica"
0362A,Linea AV/AC Verona-Padova 1° lotto funzionale: Tratta Verona-bivio Vicenza,OpenStreetMap (relazione route=railway),15988417,Ferrovia Verona - Vicenza (AV/AC),alta,nome+comuni,verona|vicenza,2,no,"dedotto: i CdP Investimenti non dichiarano la linea; associazione ricavata da nomi e comuni citati, in corso di verifica"
0362A,Linea AV/AC Verona-Padova 1° lotto funzionale: Tratta Verona-bivio Vicenza,OpenStreetMap (relazione route=railway),1782127,Ferrovia Bologna - Verona,media,nome-parziale+comuni,verona,1,no,"dedotto: i CdP Investimenti non dichiarano la linea; associazione ricavata da nomi e comuni citati, in corso di verifica"
0362A,Linea AV/AC Verona-Padova 1° lotto funzionale: Tratta Verona-bivio Vicenza,OpenStreetMap (relazione route=railway),6789381,Ferrovia Milano-Verona AV/AC,media,nome-parziale+comuni,ac,1,no,"dedotto: i CdP Investimenti non dichiarano la linea; associazione ricavata da nomi e comuni citati, in corso di verifica"
0362A,Linea AV/AC Verona-Padova 1° lotto funzionale: Tratta Verona-bivio Vicenza,OpenStreetMap (relazione route=railway),532112,Ferrovia Padova - Venezia (Linea Storica),media,nome-parziale+comuni,padova,1,no,"dedotto: i CdP Investimenti non dichiarano la linea; associazione ricavata da nomi e comuni citati, in corso di verifica"
0362A,Linea AV/AC Verona-Padova 1° lotto funzionale: Tratta Verona-bivio Vicenza,OpenStreetMap (relazione route=railway),7795886,Ferrovia Padova – Bologna,media,nome-parziale+comuni,padova,1,no,"dedotto: i CdP Investimenti non dichiarano la linea; associazione ricavata da nomi e comuni citati, in corso di verifica"
0362B,Linea AV/AC Verona-Padova 2° lotto funzionale: Attraversamento di Vicenza,OpenStreetMap (relazione route=railway),546969,Ferrovia Milano-Venezia,alta,comuni,,3,no,"dedotto: i CdP Investimenti non dichiarano la linea; associazione ricavata da nomi e comuni citati, in corso di verifica"
0362B,Linea AV/AC Verona-Padova 2° lotto funzionale: Attraversamento di Vicenza,OpenStreetMap (relazione route=railway),15988417,Ferrovia Verona - Vicenza (AV/AC),alta,nome+comuni,verona|vicenza,2,no,"dedotto: i CdP Investimenti non dichiarano la linea; associazione ricavata da nomi e comuni citati, in corso di verifica"
0362B,Linea AV/AC Verona-Padova 2° lotto funzionale: Attraversamento di Vicenza,OpenStreetMap (relazione route=railway),1782127,Ferrovia Bologna - Verona,media,nome-parziale+comuni,verona,1,no,"dedotto: i CdP Investimenti non dichiarano la linea; associazione ricavata da nomi e comuni citati, in corso di verifica"
0362B,Linea AV/AC Verona-Padova 2° lotto funzionale: Attraversamento di Vicenza,OpenStreetMap (relazione route=railway),6789381,Ferrovia Milano-Verona AV/AC,media,nome-parziale+comuni,ac,1,no,"dedotto: i CdP Investimenti non dichiarano la linea; associazione ricavata da nomi e comuni citati, in corso di verifica"
0362B,Linea AV/AC Verona-Padova 2° lotto funzionale: Attraversamento di Vicenza,OpenStreetMap (relazione route=railway),532112,Ferrovia Padova - Venezia (Linea Storica),media,nome-parziale+comuni,padova,1,no,"dedotto: i CdP Investimenti non dichiarano la linea; associazione ricavata da nomi e comuni citati, in corso di verifica"
0362B,Linea AV/AC Verona-Padova 2° lotto funzionale: Attraversamento di Vicenza,OpenStreetMap (relazione route=railway),7795886,Ferrovia Padova – Bologna,media,nome-parziale+comuni,padova,1,no,"dedotto: i CdP Investimenti non dichiarano la linea; associazione ricavata da nomi e comuni citati, in corso di verifica"
0365,"Potenziamento Venezia-Trieste Velocizzazione linea storica e varianti Opere civili, soppressione PL e adeguamento a modulo 750m SF° Variante Latisana SF° Variante Ronchi dei Legionari - bivio Aurisina SF°",OpenStreetMap (relazione route=railway),7795902,Portgruaro C. - Trieste C.le (tratto Latisana - Trieste C.le),alta,nome-parziale+comuni,trieste,3,no,"dedotto: i CdP Investimenti non dichiarano la linea; associazione ricavata da nomi e comuni citati, in corso di verifica"
0365,"Potenziamento Venezia-Trieste Velocizzazione linea storica e varianti Opere civili, soppressione PL e adeguamento a modulo 750m SF° Variante Latisana SF° Variante Ronchi dei Legionari - bivio Aurisina SF°",OpenStreetMap (relazione route=railway),10678015,Udine - Trieste C.le,alta,nome-parziale+comuni,trieste,2,no,"dedotto: i CdP Investimenti non dichiarano la linea; associazione ricavata da nomi e comuni citati, in corso di verifica"
0365,"Potenziamento Venezia-Trieste Velocizzazione linea storica e varianti Opere civili, soppressione PL e adeguamento a modulo 750m SF° Variante Latisana SF° Variante Ronchi dei Legionari - bivio Aurisina SF°",OpenStreetMap (relazione route=railway),546969,Ferrovia Milano-Venezia,media,nome-parziale+comuni,venezia,1,no,"dedotto: i CdP Investimenti non dichiarano la linea; associazione ricavata da nomi e comuni citati, in corso di verifica"
0365,"Potenziamento Venezia-Trieste Velocizzazione linea storica e varianti Opere civili, soppressione PL e adeguamento a modulo 750m SF° Variante Latisana SF° Variante Ronchi dei Legionari - bivio Aurisina SF°",OpenStreetMap (relazione route=railway),532112,Ferrovia Padova - Venezia (Linea Storica),media,nome-parziale+comuni,venezia,1,no,"dedotto: i CdP Investimenti non dichiarano la linea; associazione ricavata da nomi e comuni citati, in corso di verifica"
0365,"Potenziamento Venezia-Trieste Velocizzazione linea storica e varianti Opere civili, soppressione PL e adeguamento a modulo 750m SF° Variante Latisana SF° Variante Ronchi dei Legionari - bivio Aurisina SF°",OpenStreetMap (relazione route=railway),11965985,Ferrovia Trieste-Erpelle,media,nome-parziale+comuni,trieste,1,no,"dedotto: i CdP Investimenti non dichiarano la linea; associazione ricavata da nomi e comuni citati, in corso di verifica"
0365,"Potenziamento Venezia-Trieste Velocizzazione linea storica e varianti Opere civili, soppressione PL e adeguamento a modulo 750m SF° Variante Latisana SF° Variante Ronchi dei Legionari - bivio Aurisina SF°",OpenStreetMap (relazione route=railway),10677868,Ferrovia Meridionale,media,comuni,,1,no,"dedotto: i CdP Investimenti non dichiarano la linea; associazione ricavata da nomi e comuni citati, in corso di verifica"
0365A,"Potenziamento Venezia-Trieste lotti prioritari Potenziamento tecnologico Venezia-Trieste, rimozione limitazione massa assiale D4 e altri interventi infrastrutturali su linea storica",OpenStreetMap (relazione route=railway),546969,Ferrovia Milano-Venezia,media,nome-parziale+comuni,venezia,1,no,"dedotto: i CdP Investimenti non dichiarano la linea; associazione ricavata da nomi e comuni citati, in corso di verifica"
0365A,"Potenziamento Venezia-Trieste lotti prioritari Potenziamento tecnologico Venezia-Trieste, rimozione limitazione massa assiale D4 e altri interventi infrastrutturali su linea storica",OpenStreetMap (relazione route=railway),532112,Ferrovia Padova - Venezia (Linea Storica),media,nome-parziale+comuni,venezia,1,no,"dedotto: i CdP Investimenti non dichiarano la linea; associazione ricavata da nomi e comuni citati, in corso di verifica"
0365A,"Potenziamento Venezia-Trieste lotti prioritari Potenziamento tecnologico Venezia-Trieste, rimozione limitazione massa assiale D4 e altri interventi infrastrutturali su linea storica",OpenStreetMap (relazione route=railway),11965985,Ferrovia Trieste-Erpelle,media,nome-parziale+comuni,trieste,1,no,"dedotto: i CdP Investimenti non dichiarano la linea; associazione ricavata da nomi e comuni citati, in corso di verifica"
0365A,"Potenziamento Venezia-Trieste lotti prioritari Potenziamento tecnologico Venezia-Trieste, rimozione limitazione massa assiale D4 e altri interventi infrastrutturali su linea storica",OpenStreetMap (relazione route=railway),7795902,Portgruaro C. - Trieste C.le (tratto Latisana - Trieste C.le),media,nome-parziale+comuni,trieste,1,no,"dedotto: i CdP Investimenti non dichiarano la linea; associazione ricavata da nomi e comuni citati, in corso di verifica"
0365A,"Potenziamento Venezia-Trieste lotti prioritari Potenziamento tecnologico Venezia-Trieste, rimozione limitazione massa assiale D4 e altri interventi infrastrutturali su linea storica",OpenStreetMap (relazione route=railway),10678015,Udine - Trieste C.le,media,nome-parziale+comuni,trieste,1,no,"dedotto: i CdP Investimenti non dichiarano la linea; associazione ricavata da nomi e comuni citati, in corso di verifica"
0365A,"Potenziamento Venezia-Trieste lotti prioritari Potenziamento tecnologico Venezia-Trieste, rimozione limitazione massa assiale D4 e altri interventi infrastrutturali su linea storica",OpenStreetMap (relazione route=railway),10677868,Ferrovia Meridionale,media,comuni,,1,no,"dedotto: i CdP Investimenti non dichiarano la linea; associazione ricavata da nomi e comuni citati, in corso di verifica"
0365B,"Potenziamento Venezia-Trieste completamento Varianti Portugruaro, Latisana e Isonzo PROG ITER Variante Ronchi-Aurisina",OpenStreetMap (relazione route=railway),7795902,Portgruaro C. - Trieste C.le (tratto Latisana - Trieste C.le),alta,nome-parziale+comuni,trieste,2,no,"dedotto: i CdP Investimenti non dichiarano la linea; associazione ricavata da nomi e comuni citati, in corso di verifica"
0365B,"Potenziamento Venezia-Trieste completamento Varianti Portugruaro, Latisana e Isonzo PROG ITER Variante Ronchi-Aurisina",OpenStreetMap (relazione route=railway),546969,Ferrovia Milano-Venezia,media,nome-parziale+comuni,venezia,1,no,"dedotto: i CdP Investimenti non dichiarano la linea; associazione ricavata da nomi e comuni citati, in corso di verifica"
0365B,"Potenziamento Venezia-Trieste completamento Varianti Portugruaro, Latisana e Isonzo PROG ITER Variante Ronchi-Aurisina",OpenStreetMap (relazione route=railway),532112,Ferrovia Padova - Venezia (Linea Storica),media,nome-parziale+comuni,venezia,1,no,"dedotto: i CdP Investimenti non dichiarano la linea; associazione ricavata da nomi e comuni citati, in corso di verifica"
0365B,"Potenziamento Venezia-Trieste completamento Varianti Portugruaro, Latisana e Isonzo PROG ITER Variante Ronchi-Aurisina",OpenStreetMap (relazione route=railway),11965985,Ferrovia Trieste-Erpelle,media,nome-parziale+comuni,trieste,1,no,"dedotto: i CdP Investimenti non dichiarano la linea; associazione ricavata da nomi e comuni citati, in corso di verifica"
0365B,"Potenziamento Venezia-Trieste completamento Varianti Portugruaro, Latisana e Isonzo PROG ITER Variante Ronchi-Aurisina",OpenStreetMap (relazione route=railway),10678015,Udine - Trieste C.le,media,nome-parziale+comuni,trieste,1,no,"dedotto: i CdP Investimenti non dichiarano la linea; associazione ricavata da nomi e comuni citati, in corso di verifica"
0365B,"Potenziamento Venezia-Trieste completamento Varianti Portugruaro, Latisana e Isonzo PROG ITER Variante Ronchi-Aurisina",OpenStreetMap (relazione route=railway),10677868,Ferrovia Meridionale,media,comuni,,1,no,"dedotto: i CdP Investimenti non dichiarano la linea; associazione ricavata da nomi e comuni citati, in corso di verifica"
0366,Potenziamento linea Ponte S.Pietro-Bergamo- Montello,OpenStreetMap (relazione route=railway),2597120,Ferrovia Lecco-Brescia,alta,comuni,,2,no,"dedotto: i CdP Investimenti non dichiarano la linea; associazione ricavata da nomi e comuni citati, in corso di verifica"
0366,Potenziamento linea Ponte S.Pietro-Bergamo- Montello,OpenStreetMap (relazione route=railway),2597121,Ferrovia Seregno-Bergamo,media,nome-parziale+comuni,bergamo,1,no,"dedotto: i CdP Investimenti non dichiarano la linea; associazione ricavata da nomi e comuni citati, in corso di verifica"
0366,Potenziamento linea Ponte S.Pietro-Bergamo- Montello,OpenStreetMap (relazione route=railway),10969713,Stazione di Bergamo,media,nome-parziale+comuni,bergamo,1,no,"dedotto: i CdP Investimenti non dichiarano la linea; associazione ricavata da nomi e comuni citati, in corso di verifica"
0366A,"Potenziamento linea Ponte S.Pietro-Bergamo-Montello Raddoppio Bergamo-Curno, ACC Bergamo, PRG e ACC Ponte S.Pietro Raddoppio Bergamo-Montello ITER PRG Bergamo",OpenStreetMap (relazione route=railway),2597120,Ferrovia Lecco-Brescia,alta,comuni,,3,no,"dedotto: i CdP Investimenti non dichiarano la linea; associazione ricavata da nomi e comuni citati, in corso di verifica"
0366A,"Potenziamento linea Ponte S.Pietro-Bergamo-Montello Raddoppio Bergamo-Curno, ACC Bergamo, PRG e ACC Ponte S.Pietro Raddoppio Bergamo-Montello ITER PRG Bergamo",OpenStreetMap (relazione route=railway),2597121,Ferrovia Seregno-Bergamo,alta,nome-parziale+comuni,bergamo,2,no,"dedotto: i CdP Investimenti non dichiarano la linea; associazione ricavata da nomi e comuni citati, in corso di verifica"
0366A,"Potenziamento linea Ponte S.Pietro-Bergamo-Montello Raddoppio Bergamo-Curno, ACC Bergamo, PRG e ACC Ponte S.Pietro Raddoppio Bergamo-Montello ITER PRG Bergamo",OpenStreetMap (relazione route=railway),10969713,Stazione di Bergamo,media,nome-parziale+comuni,bergamo,1,no,"dedotto: i CdP Investimenti non dichiarano la linea; associazione ricavata da nomi e comuni citati, in corso di verifica"
0366B,Potenziamento linea Ponte S.Pietro-Bergamo- Montello 2^ fase,OpenStreetMap (relazione route=railway),2597120,Ferrovia Lecco-Brescia,alta,comuni,,2,no,"dedotto: i CdP Investimenti non dichiarano la linea; associazione ricavata da nomi e comuni citati, in corso di verifica"
0366B,Potenziamento linea Ponte S.Pietro-Bergamo- Montello 2^ fase,OpenStreetMap (relazione route=railway),2597121,Ferrovia Seregno-Bergamo,media,nome-parziale+comuni,bergamo,1,no,"dedotto: i CdP Investimenti non dichiarano la linea; associazione ricavata da nomi e comuni citati, in corso di verifica"
0366B,Potenziamento linea Ponte S.Pietro-Bergamo- Montello 2^ fase,OpenStreetMap (relazione route=railway),10969713,Stazione di Bergamo,media,nome-parziale+comuni,bergamo,1,no,"dedotto: i CdP Investimenti non dichiarano la linea; associazione ricavata da nomi e comuni citati, in corso di verifica"
0417,Porto di Taranto - collegamento ferroviario del complesso del porto di Taranto con la rete nazionale Nuova stazione di Cagioni e collegamento con nuova Piastra Logistica,OpenStreetMap (relazione route=railway),16640417,Ferrovia Bari-Taranto,media,nome-parziale+comuni,taranto,1,no,"dedotto: i CdP Investimenti non dichiarano la linea; associazione ricavata da nomi e comuni citati, in corso di verifica"
0810,"Velocizzazione Foligno-Perugia-Terontola PRG Perugia S. Giovanni 1^ fase, Velocizzazione Perugia Pontivegge, nuova fermata Perugia Capitini e miglioramenti infrastrutturali tratte varie",OpenStreetMap (relazione route=railway),1720923,Ferrovia Foligno-Terontola,alta,nome+comuni,foligno|terontola,2,si,"dedotto: i CdP Investimenti non dichiarano la linea; associazione ricavata da nomi e comuni citati, in corso di verifica"
1161,Adeguamenti preliminari alla linea storica ed al nodo di Bologna per integrazione funzionale con AV/AC,OpenStreetMap (relazione route=railway),1782127,Ferrovia Bologna - Verona,media,nome-parziale+comuni,bologna,1,no,"dedotto: i CdP Investimenti non dichiarano la linea; associazione ricavata da nomi e comuni citati, in corso di verifica"
1161,Adeguamenti preliminari alla linea storica ed al nodo di Bologna per integrazione funzionale con AV/AC,OpenStreetMap (relazione route=railway),2172727,Ferrovia Bologna-Firenze (alta velocità),media,nome-parziale+comuni,bologna,1,no,"dedotto: i CdP Investimenti non dichiarano la linea; associazione ricavata da nomi e comuni citati, in corso di verifica"
1161,Adeguamenti preliminari alla linea storica ed al nodo di Bologna per integrazione funzionale con AV/AC,OpenStreetMap (relazione route=railway),7481564,Ferrovia Milano-Bologna,media,nome-parziale+comuni,bologna,1,no,"dedotto: i CdP Investimenti non dichiarano la linea; associazione ricavata da nomi e comuni citati, in corso di verifica"
1161,Adeguamenti preliminari alla linea storica ed al nodo di Bologna per integrazione funzionale con AV/AC,OpenStreetMap (relazione route=railway),7795886,Ferrovia Padova – Bologna,media,nome-parziale+comuni,bologna,1,no,"dedotto: i CdP Investimenti non dichiarano la linea; associazione ricavata da nomi e comuni citati, in corso di verifica"
1161,Adeguamenti preliminari alla linea storica ed al nodo di Bologna per integrazione funzionale con AV/AC,OpenStreetMap (relazione route=railway),1962856,Ferrovia ad alta velocità Milano – Bologna (biforcazione),media,nome-parziale+comuni,bologna,1,no,"dedotto: i CdP Investimenti non dichiarano la linea; associazione ricavata da nomi e comuni citati, in corso di verifica"
1161,Adeguamenti preliminari alla linea storica ed al nodo di Bologna per integrazione funzionale con AV/AC,OpenStreetMap (relazione route=railway),16108812,Linea di cintura di Bologna,media,comuni,,1,no,"dedotto: i CdP Investimenti non dichiarano la linea; associazione ricavata da nomi e comuni citati, in corso di verifica"
1310,Potenziamento itinerari merci Tarvisio/Villa Opicina,OpenStreetMap (relazione route=railway),11963707,Ferrovia Tarvisio-Lubiana,media,nome-parziale+comuni,tarvisio,1,no,"dedotto: i CdP Investimenti non dichiarano la linea; associazione ricavata da nomi e comuni citati, in corso di verifica"
1310,Potenziamento itinerari merci Tarvisio/Villa Opicina,OpenStreetMap (relazione route=railway),3776085,Villach – Arnoldstein – Hermagor / Tarvisio,media,nome-parziale+comuni,tarvisio,1,no,"dedotto: i CdP Investimenti non dichiarano la linea; associazione ricavata da nomi e comuni citati, in corso di verifica"
1310,Potenziamento itinerari merci Tarvisio/Villa Opicina,OpenStreetMap (relazione route=railway),4640715,Wien Hbf – Tarvisio,media,nome-parziale+comuni,tarvisio,1,no,"dedotto: i CdP Investimenti non dichiarano la linea; associazione ricavata da nomi e comuni citati, in corso di verifica"
1310,Potenziamento itinerari merci Tarvisio/Villa Opicina,OpenStreetMap (relazione route=railway),10676698,Ferrovia Rodolfiana,media,comuni,,1,no,"dedotto: i CdP Investimenti non dichiarano la linea; associazione ricavata da nomi e comuni citati, in corso di verifica"
1310,Potenziamento itinerari merci Tarvisio/Villa Opicina,OpenStreetMap (relazione route=railway),3776084,Pontebbana,media,comuni,,1,no,"dedotto: i CdP Investimenti non dichiarano la linea; associazione ricavata da nomi e comuni citati, in corso di verifica"
1310,Potenziamento itinerari merci Tarvisio/Villa Opicina,OpenStreetMap (relazione route=railway),15729471,Rudolfsbahn,media,comuni,,1,no,"dedotto: i CdP Investimenti non dichiarano la linea; associazione ricavata da nomi e comuni citati, in corso di verifica"
1346,Potenziamento linea Pistoia-Lucca Raddoppio Pistoia-Montecatini Upgrading Montecatini-Pescia Raddoppio Pescia-Lucca PROG ITER,OpenStreetMap (relazione route=railway),9180193,Ferrovia Firenze-Lucca,alta,nome-parziale+comuni,lucca,3,no,"dedotto: i CdP Investimenti non dichiarano la linea; associazione ricavata da nomi e comuni citati, in corso di verifica"
1346,Potenziamento linea Pistoia-Lucca Raddoppio Pistoia-Montecatini Upgrading Montecatini-Pescia Raddoppio Pescia-Lucca PROG ITER,OpenStreetMap (relazione route=railway),3152298,Ferrovia Lucca - Pisa,media,nome-parziale+comuni,lucca,1,no,"dedotto: i CdP Investimenti non dichiarano la linea; associazione ricavata da nomi e comuni citati, in corso di verifica"
1346,Potenziamento linea Pistoia-Lucca Raddoppio Pistoia-Montecatini Upgrading Montecatini-Pescia Raddoppio Pescia-Lucca PROG ITER,OpenStreetMap (relazione route=railway),15778723,Ferrovia Lucca-Pontedera,media,nome-parziale+comuni,lucca,1,no,"dedotto: i CdP Investimenti non dichiarano la linea; associazione ricavata da nomi e comuni citati, in corso di verifica"
1357,Potenziamento Fossano-Cuneo Interventi nella stazione di Centallo e progettazione raddoppio Fossano-Cuneo,OpenStreetMap (relazione route=railway),16104992,Ferrovia Cuneo-Mondovì,media,nome-parziale+comuni,cuneo,1,no,"dedotto: i CdP Investimenti non dichiarano la linea; associazione ricavata da nomi e comuni citati, in corso di verifica"
1357,Potenziamento Fossano-Cuneo Interventi nella stazione di Centallo e progettazione raddoppio Fossano-Cuneo,OpenStreetMap (relazione route=railway),16107839,Ferrovia Fossano-San Giuseppe di Cairo,media,nome-parziale+comuni,fossano,1,no,"dedotto: i CdP Investimenti non dichiarano la linea; associazione ricavata da nomi e comuni citati, in corso di verifica"
1357,Potenziamento Fossano-Cuneo Interventi nella stazione di Centallo e progettazione raddoppio Fossano-Cuneo,OpenStreetMap (relazione route=railway),557246,RFI L.6 - Savigliano - Cuneo,media,nome-parziale+comuni,cuneo,1,no,"dedotto: i CdP Investimenti non dichiarano la linea; associazione ricavata da nomi e comuni citati, in corso di verifica"
1427,Efficientamento linea Codogno-Cremona-Mantova e raddoppio tratta Cremona-Cava Tigozzi,OpenStreetMap (relazione route=railway),7270317,Ferrovia Pavia-Cremona,alta,nome-parziale+comuni,cremona,3,no,"dedotto: i CdP Investimenti non dichiarano la linea; associazione ricavata da nomi e comuni citati, in corso di verifica"
1427,Efficientamento linea Codogno-Cremona-Mantova e raddoppio tratta Cremona-Cava Tigozzi,OpenStreetMap (relazione route=railway),1412021,Ferrovia Brescia-Cremona,media,nome-parziale+comuni,cremona,1,no,"dedotto: i CdP Investimenti non dichiarano la linea; associazione ricavata da nomi e comuni citati, in corso di verifica"
1427,Efficientamento linea Codogno-Cremona-Mantova e raddoppio tratta Cremona-Cava Tigozzi,OpenStreetMap (relazione route=railway),11516937,Ferrovia Cremona-Iseo,media,nome-parziale+comuni,cremona,1,no,"dedotto: i CdP Investimenti non dichiarano la linea; associazione ricavata da nomi e comuni citati, in corso di verifica"
1427,Efficientamento linea Codogno-Cremona-Mantova e raddoppio tratta Cremona-Cava Tigozzi,OpenStreetMap (relazione route=railway),183626,Ferrovia Treviglio-Cremona,media,nome-parziale+comuni,cremona,1,no,"dedotto: i CdP Investimenti non dichiarano la linea; associazione ricavata da nomi e comuni citati, in corso di verifica"
1427,Efficientamento linea Codogno-Cremona-Mantova e raddoppio tratta Cremona-Cava Tigozzi,OpenStreetMap (relazione route=railway),7481564,Ferrovia Milano-Bologna,media,comuni,,1,no,"dedotto: i CdP Investimenti non dichiarano la linea; associazione ricavata da nomi e comuni citati, in corso di verifica"
1427,Efficientamento linea Codogno-Cremona-Mantova e raddoppio tratta Cremona-Cava Tigozzi,OpenStreetMap (relazione route=railway),6694905,Ferrovia Piacenza - Cremona,bassa,nome-parziale,cremona,,no,"dedotto: i CdP Investimenti non dichiarano la linea; associazione ricavata da nomi e comuni citati, in corso di verifica"
1524,"Interventi di ammodernamento e velocizzazione della tratta ferroviaria Oristano-Sassari-Olbia Soppressione passaggi a livello a nord di Oristano, istituzione Rango C linee Cagliari-Sassari/Olbia e rettifiche di tracciato tra Bauladu e Abbasanta",OpenStreetMap (relazione route=railway),1809011,Ferrovia Sassari-Alghero,media,nome-parziale+comuni,sassari,1,no,"dedotto: i CdP Investimenti non dichiarano la linea; associazione ricavata da nomi e comuni citati, in corso di verifica"
1524,"Interventi di ammodernamento e velocizzazione della tratta ferroviaria Oristano-Sassari-Olbia Soppressione passaggi a livello a nord di Oristano, istituzione Rango C linee Cagliari-Sassari/Olbia e rettifiche di tracciato tra Bauladu e Abbasanta",OpenStreetMap (relazione route=railway),1902999,Ferrovia Sassari-Tempio-Palau,media,nome-parziale+comuni,sassari,1,no,"dedotto: i CdP Investimenti non dichiarano la linea; associazione ricavata da nomi e comuni citati, in corso di verifica"
1604A,Upgrading infrastrutturale e tecnologico linea linea Trieste- Divaca Upgrade linea storica bivio Aurisina-Confine di Stato (fase 0 Nuova linea Trieste-Divaca) - comprende anche progettazione preliminare nuova linea,OpenStreetMap (relazione route=railway),11965985,Ferrovia Trieste-Erpelle,media,nome-parziale+comuni,trieste,1,no,"dedotto: i CdP Investimenti non dichiarano la linea; associazione ricavata da nomi e comuni citati, in corso di verifica"
1604A,Upgrading infrastrutturale e tecnologico linea linea Trieste- Divaca Upgrade linea storica bivio Aurisina-Confine di Stato (fase 0 Nuova linea Trieste-Divaca) - comprende anche progettazione preliminare nuova linea,OpenStreetMap (relazione route=railway),7795902,Portgruaro C. - Trieste C.le (tratto Latisana - Trieste C.le),media,nome-parziale+comuni,trieste,1,no,"dedotto: i CdP Investimenti non dichiarano la linea; associazione ricavata da nomi e comuni citati, in corso di verifica"
1604A,Upgrading infrastrutturale e tecnologico linea linea Trieste- Divaca Upgrade linea storica bivio Aurisina-Confine di Stato (fase 0 Nuova linea Trieste-Divaca) - comprende anche progettazione preliminare nuova linea,OpenStreetMap (relazione route=railway),10678015,Udine - Trieste C.le,media,nome-parziale+comuni,trieste,1,no,"dedotto: i CdP Investimenti non dichiarano la linea; associazione ricavata da nomi e comuni citati, in corso di verifica"
1604A,Upgrading infrastrutturale e tecnologico linea linea Trieste- Divaca Upgrade linea storica bivio Aurisina-Confine di Stato (fase 0 Nuova linea Trieste-Divaca) - comprende anche progettazione preliminare nuova linea,OpenStreetMap (relazione route=railway),10677868,Ferrovia Meridionale,media,comuni,,1,no,"dedotto: i CdP Investimenti non dichiarano la linea; associazione ricavata da nomi e comuni citati, in corso di verifica"
1604A,Upgrading infrastrutturale e tecnologico linea linea Trieste- Divaca Upgrade linea storica bivio Aurisina-Confine di Stato (fase 0 Nuova linea Trieste-Divaca) - comprende anche progettazione preliminare nuova linea,OpenStreetMap (relazione route=railway),17333759,Ferrovia Trieste Campo Marzio - Villa Opicina,media,comuni,,1,no,"dedotto: i CdP Investimenti non dichiarano la linea; associazione ricavata da nomi e comuni citati, in corso di verifica"
1604A,Upgrading infrastrutturale e tecnologico linea linea Trieste- Divaca Upgrade linea storica bivio Aurisina-Confine di Stato (fase 0 Nuova linea Trieste-Divaca) - comprende anche progettazione preliminare nuova linea,OpenStreetMap (relazione route=railway),10678970,Linea di cintura di Trieste,media,comuni,,1,no,"dedotto: i CdP Investimenti non dichiarano la linea; associazione ricavata da nomi e comuni citati, in corso di verifica"
1604B,"Nuova linea Trieste-Divaca Nuova linea • NCP 1: ""Intervento sospeso""",OpenStreetMap (relazione route=railway),11965985,Ferrovia Trieste-Erpelle,media,nome-parziale+comuni,trieste,1,no,"dedotto: i CdP Investimenti non dichiarano la linea; associazione ricavata da nomi e comuni citati, in corso di verifica"
1604B,"Nuova linea Trieste-Divaca Nuova linea • NCP 1: ""Intervento sospeso""",OpenStreetMap (relazione route=railway),7795902,Portgruaro C. - Trieste C.le (tratto Latisana - Trieste C.le),media,nome-parziale+comuni,trieste,1,no,"dedotto: i CdP Investimenti non dichiarano la linea; associazione ricavata da nomi e comuni citati, in corso di verifica"
1604B,"Nuova linea Trieste-Divaca Nuova linea • NCP 1: ""Intervento sospeso""",OpenStreetMap (relazione route=railway),10678015,Udine - Trieste C.le,media,nome-parziale+comuni,trieste,1,no,"dedotto: i CdP Investimenti non dichiarano la linea; associazione ricavata da nomi e comuni citati, in corso di verifica"
1604B,"Nuova linea Trieste-Divaca Nuova linea • NCP 1: ""Intervento sospeso""",OpenStreetMap (relazione route=railway),10677868,Ferrovia Meridionale,media,comuni,,1,no,"dedotto: i CdP Investimenti non dichiarano la linea; associazione ricavata da nomi e comuni citati, in corso di verifica"
1604B,"Nuova linea Trieste-Divaca Nuova linea • NCP 1: ""Intervento sospeso""",OpenStreetMap (relazione route=railway),17333759,Ferrovia Trieste Campo Marzio - Villa Opicina,media,comuni,,1,no,"dedotto: i CdP Investimenti non dichiarano la linea; associazione ricavata da nomi e comuni citati, in corso di verifica"
1604B,"Nuova linea Trieste-Divaca Nuova linea • NCP 1: ""Intervento sospeso""",OpenStreetMap (relazione route=railway),10678970,Linea di cintura di Trieste,media,comuni,,1,no,"dedotto: i CdP Investimenti non dichiarano la linea; associazione ricavata da nomi e comuni citati, in corso di verifica"
1659,Potenziamento collegamento Lamezia Terme - Catanzaro Lido - Dorsale jonica,OpenStreetMap (relazione route=railway),4144351,Ferrovia Cosenza - Catanzaro Lido,media,nome-parziale+comuni,catanzaro lido,1,no,"dedotto: i CdP Investimenti non dichiarano la linea; associazione ricavata da nomi e comuni citati, in corso di verifica"
1659,Potenziamento collegamento Lamezia Terme - Catanzaro Lido - Dorsale jonica,OpenStreetMap (relazione route=railway),8386329,Metropolitana di Catanzaro (in costruzione),media,comuni,,1,no,"dedotto: i CdP Investimenti non dichiarano la linea; associazione ricavata da nomi e comuni citati, in corso di verifica"
1669,Asse Salerno-Reggio Calabria: stazione di Reggio Calabria - abbassamento piano binari ed intubamento tratto urbano,OpenStreetMap (relazione route=railway),7343201,Ferrovia Napoli–Salerno (via Galleria Santa Lucia),media,nome-parziale+comuni,salerno,1,no,"dedotto: i CdP Investimenti non dichiarano la linea; associazione ricavata da nomi e comuni citati, in corso di verifica"
1669,Asse Salerno-Reggio Calabria: stazione di Reggio Calabria - abbassamento piano binari ed intubamento tratto urbano,OpenStreetMap (relazione route=railway),7795822,Tratto comune LMV / Salerno-Caserta,media,nome-parziale+comuni,salerno,1,no,"dedotto: i CdP Investimenti non dichiarano la linea; associazione ricavata da nomi e comuni citati, in corso di verifica"
1669,Asse Salerno-Reggio Calabria: stazione di Reggio Calabria - abbassamento piano binari ed intubamento tratto urbano,OpenStreetMap (relazione route=railway),5381831,Ferrovia Salerno - Cancello,media,nome-parziale,salerno,,no,"dedotto: i CdP Investimenti non dichiarano la linea; associazione ricavata da nomi e comuni citati, in corso di verifica"
1670,Upgrading infrastrutturale e tecnologico rete sarda 1^ fase SCMT e istituzione rango P tratte a nord di Oristano e linee Decimomannu-Iglesias/Villamassargia; Opere connesse all'arretramento della stazione di Olbia,OpenStreetMap (relazione route=railway),17956952,Ferrovia San Giovanni Suergiu-IglesiasDismessa San Giovanni Suergiu–Iglesias,media,nome-parziale+comuni,iglesias,1,no,"dedotto: i CdP Investimenti non dichiarano la linea; associazione ricavata da nomi e comuni citati, in corso di verifica"
1674,"Linea ferroviaria Potenza - Foggia - ammodernamento Ammodernamento Potenza-Foggia Fase 1: adeguamento a standard RFI e razionalizzazione impianti Ammodernamento Potenza-Foggia Fase 2B: velocizzazione PROG PROG Variante di Melfi PROG PROG Ammodernamento Potenza-Foggia Fase 2A: elettrificazione, soppressione PL e consolidamento sede",OpenStreetMap (relazione route=railway),12454737,Napoli-Bari AV/AC,bassa,comuni,,1,no,"dedotto: i CdP Investimenti non dichiarano la linea; associazione ricavata da nomi e comuni citati, in corso di verifica"
1888,Metropolitana Leggera Matrice-Bojano Metropolitana Leggera Matrice-Bojano,OpenStreetMap (relazione route=railway),17974716,Campobasso - Vairano-Caianello,media,comuni,,1,no,"dedotto: i CdP Investimenti non dichiarano la linea; associazione ricavata da nomi e comuni citati, in corso di verifica"
1940,"Nodo di Udine Revisione fascio Sacca e ACC Udine Centrale su piano ferro attuale Nuovo PM Cargnacco, PRG di Udine Centrale, PRG Udine C.le, ITER PRG/ACC Udine Bivi (ex Udine Parco), raddoppio della linea di cintura tra PM VAT, bretella tra linea Gorizia e linea per Cervignano",OpenStreetMap (relazione route=railway),10678015,Udine - Trieste C.le,alta,nome-parziale+comuni,udine,2,no,"dedotto: i CdP Investimenti non dichiarano la linea; associazione ricavata da nomi e comuni citati, in corso di verifica"
1940,"Nodo di Udine Revisione fascio Sacca e ACC Udine Centrale su piano ferro attuale Nuovo PM Cargnacco, PRG di Udine Centrale, PRG Udine C.le, ITER PRG/ACC Udine Bivi (ex Udine Parco), raddoppio della linea di cintura tra PM VAT, bretella tra linea Gorizia e linea per Cervignano",OpenStreetMap (relazione route=railway),2521959,Ex-Ferrovia Cervignano-Aquileia-Pontile per Grado,alta,nome,ex|cervignano,,no,"dedotto: i CdP Investimenti non dichiarano la linea; associazione ricavata da nomi e comuni citati, in corso di verifica"
1940,"Nodo di Udine Revisione fascio Sacca e ACC Udine Centrale su piano ferro attuale Nuovo PM Cargnacco, PRG di Udine Centrale, PRG Udine C.le, ITER PRG/ACC Udine Bivi (ex Udine Parco), raddoppio della linea di cintura tra PM VAT, bretella tra linea Gorizia e linea per Cervignano",OpenStreetMap (relazione route=railway),4547499,Ferrovia Udine-Cividale,media,nome-parziale+comuni,udine,1,no,"dedotto: i CdP Investimenti non dichiarano la linea; associazione ricavata da nomi e comuni citati, in corso di verifica"
1940,"Nodo di Udine Revisione fascio Sacca e ACC Udine Centrale su piano ferro attuale Nuovo PM Cargnacco, PRG di Udine Centrale, PRG Udine C.le, ITER PRG/ACC Udine Bivi (ex Udine Parco), raddoppio della linea di cintura tra PM VAT, bretella tra linea Gorizia e linea per Cervignano",OpenStreetMap (relazione route=railway),11963290,Ferrovia Udine-Majano,media,nome-parziale+comuni,udine,1,no,"dedotto: i CdP Investimenti non dichiarano la linea; associazione ricavata da nomi e comuni citati, in corso di verifica"
1940,"Nodo di Udine Revisione fascio Sacca e ACC Udine Centrale su piano ferro attuale Nuovo PM Cargnacco, PRG di Udine Centrale, PRG Udine C.le, ITER PRG/ACC Udine Bivi (ex Udine Parco), raddoppio della linea di cintura tra PM VAT, bretella tra linea Gorizia e linea per Cervignano",OpenStreetMap (relazione route=railway),10649992,Nova Gorica - Gorizia C.le,media,nome-parziale+comuni,gorizia,1,no,"dedotto: i CdP Investimenti non dichiarano la linea; associazione ricavata da nomi e comuni citati, in corso di verifica"
1940,"Nodo di Udine Revisione fascio Sacca e ACC Udine Centrale su piano ferro attuale Nuovo PM Cargnacco, PRG di Udine Centrale, PRG Udine C.le, ITER PRG/ACC Udine Bivi (ex Udine Parco), raddoppio della linea di cintura tra PM VAT, bretella tra linea Gorizia e linea per Cervignano",OpenStreetMap (relazione route=railway),7358317,P.M. Vat - Cervignano Smistamento,media,nome-parziale+comuni,cervignano,1,no,"dedotto: i CdP Investimenti non dichiarano la linea; associazione ricavata da nomi e comuni citati, in corso di verifica"
A004,Galleria di base del Brennero - quota Italia,OpenStreetMap (relazione route=railway),2178861,Italia - Città del Vaticano,media,nome-parziale,italia,,no,"dedotto: i CdP Investimenti non dichiarano la linea; associazione ricavata da nomi e comuni citati, in corso di verifica"
A004,Galleria di base del Brennero - quota Italia,OpenStreetMap (relazione route=railway),18268249,Linea del Brennero (alta velocità),bassa,nome-parziale,brennero,,no,"dedotto: i CdP Investimenti non dichiarano la linea; associazione ricavata da nomi e comuni citati, in corso di verifica"
A1008,Velocizzazione attraversamento dinamico Stretto di Messina,OpenStreetMap (relazione route=railway),11124943,Ferrovia Dismessa per variante Terme Vigliatore-Messina Scalo,media,nome-parziale+comuni,messina,1,no,"dedotto: i CdP Investimenti non dichiarano la linea; associazione ricavata da nomi e comuni citati, in corso di verifica"
A1008,Velocizzazione attraversamento dinamico Stretto di Messina,OpenStreetMap (relazione route=railway),3629581,Linea Messina - Siracusa,media,nome-parziale+comuni,messina,1,no,"dedotto: i CdP Investimenti non dichiarano la linea; associazione ricavata da nomi e comuni citati, in corso di verifica"
A1008,Velocizzazione attraversamento dinamico Stretto di Messina,OpenStreetMap (relazione route=railway),10071532,Linea Messina Centrale - Palermo Centrale / Bivio Terme Vigliatore - Patti-San Piero Patti,media,nome-parziale+comuni,messina,1,no,"dedotto: i CdP Investimenti non dichiarano la linea; associazione ricavata da nomi e comuni citati, in corso di verifica"
A5000,Rete AV/AC Torino-Milano-Napoli: interventi in ultimazione,OpenStreetMap (relazione route=railway),2596061,Torino-Milano (Alta Velocità),alta,nome+comuni,torino|milano,2,si,"dedotto: i CdP Investimenti non dichiarano la linea; associazione ricavata da nomi e comuni citati, in corso di verifica"
A5000,Rete AV/AC Torino-Milano-Napoli: interventi in ultimazione,OpenStreetMap (relazione route=railway),6789381,Ferrovia Milano-Verona AV/AC,alta,nome+comuni,milano|ac,1,no,"dedotto: i CdP Investimenti non dichiarano la linea; associazione ricavata da nomi e comuni citati, in corso di verifica"
A5000,Rete AV/AC Torino-Milano-Napoli: interventi in ultimazione,OpenStreetMap (relazione route=railway),12454737,Napoli-Bari AV/AC,alta,nome+comuni,napoli|ac,1,no,"dedotto: i CdP Investimenti non dichiarano la linea; associazione ricavata da nomi e comuni citati, in corso di verifica"
A5000,Rete AV/AC Torino-Milano-Napoli: interventi in ultimazione,OpenStreetMap (relazione route=railway),7475352,Ferrovia Domodossola-Milano,media,nome-parziale+comuni,milano,1,no,"dedotto: i CdP Investimenti non dichiarano la linea; associazione ricavata da nomi e comuni citati, in corso di verifica"
A5000,Rete AV/AC Torino-Milano-Napoli: interventi in ultimazione,OpenStreetMap (relazione route=railway),14603060,Ferrovia Milano-Asso,media,nome-parziale+comuni,milano,1,no,"dedotto: i CdP Investimenti non dichiarano la linea; associazione ricavata da nomi e comuni citati, in corso di verifica"
A5000,Rete AV/AC Torino-Milano-Napoli: interventi in ultimazione,OpenStreetMap (relazione route=railway),7481564,Ferrovia Milano-Bologna,media,nome-parziale+comuni,milano,1,no,"dedotto: i CdP Investimenti non dichiarano la linea; associazione ricavata da nomi e comuni citati, in corso di verifica"
A5000_1,Nodo AV di Firenze Nodo AV di Firenze,OpenStreetMap (relazione route=railway),2172727,Ferrovia Bologna-Firenze (alta velocità),media,nome-parziale+comuni,firenze,1,no,"dedotto: i CdP Investimenti non dichiarano la linea; associazione ricavata da nomi e comuni citati, in corso di verifica"
A5000_1,Nodo AV di Firenze Nodo AV di Firenze,OpenStreetMap (relazione route=railway),9180193,Ferrovia Firenze-Lucca,media,nome-parziale+comuni,firenze,1,no,"dedotto: i CdP Investimenti non dichiarano la linea; associazione ricavata da nomi e comuni citati, in corso di verifica"
A5000_1,Nodo AV di Firenze Nodo AV di Firenze,OpenStreetMap (relazione route=railway),1811976,Direttissima Firenze S.M.N. - Roma Termini,media,comuni,,1,no,"dedotto: i CdP Investimenti non dichiarano la linea; associazione ricavata da nomi e comuni citati, in corso di verifica"
A5000_2,Upgrade tecnologico linea DD Firenze-Roma 1^ fase,OpenStreetMap (relazione route=railway),1811976,Direttissima Firenze S.M.N. - Roma Termini,alta,comuni,,2,no,"dedotto: i CdP Investimenti non dichiarano la linea; associazione ricavata da nomi e comuni citati, in corso di verifica"
A5000_2,Upgrade tecnologico linea DD Firenze-Roma 1^ fase,OpenStreetMap (relazione route=railway),9180193,Ferrovia Firenze-Lucca,media,nome-parziale+comuni,firenze,1,no,"dedotto: i CdP Investimenti non dichiarano la linea; associazione ricavata da nomi e comuni citati, in corso di verifica"
A5000_2,Upgrade tecnologico linea DD Firenze-Roma 1^ fase,OpenStreetMap (relazione route=railway),17940537,Ferrovia Roma-Fiumicino,media,nome-parziale+comuni,roma,1,no,"dedotto: i CdP Investimenti non dichiarano la linea; associazione ricavata da nomi e comuni citati, in corso di verifica"
A5000_2,Upgrade tecnologico linea DD Firenze-Roma 1^ fase,OpenStreetMap (relazione route=railway),17959804,Cintura Nord di Roma,media,comuni,,1,no,"dedotto: i CdP Investimenti non dichiarano la linea; associazione ricavata da nomi e comuni citati, in corso di verifica"
A5000_2,Upgrade tecnologico linea DD Firenze-Roma 1^ fase,OpenStreetMap (relazione route=railway),2178861,Italia - Città del Vaticano,media,comuni,,1,no,"dedotto: i CdP Investimenti non dichiarano la linea; associazione ricavata da nomi e comuni citati, in corso di verifica"
A5000_2,Upgrade tecnologico linea DD Firenze-Roma 1^ fase,OpenStreetMap (relazione route=railway),2172727,Ferrovia Bologna-Firenze (alta velocità),bassa,nome-parziale+comuni,firenze,1,no,"dedotto: i CdP Investimenti non dichiarano la linea; associazione ricavata da nomi e comuni citati, in corso di verifica"
A5000_3,Nodo AV di Napoli,OpenStreetMap (relazione route=railway),12454737,Napoli-Bari AV/AC,media,nome-parziale+comuni,napoli,1,no,"dedotto: i CdP Investimenti non dichiarano la linea; associazione ricavata da nomi e comuni citati, in corso di verifica"
A5000_3,Nodo AV di Napoli,OpenStreetMap (relazione route=railway),1778547,Metronapoli Linea 2 Nord,media,comuni,,1,no,"dedotto: i CdP Investimenti non dichiarano la linea; associazione ricavata da nomi e comuni citati, in corso di verifica"
A5000_3,Nodo AV di Napoli,OpenStreetMap (relazione route=railway),7343201,Ferrovia Napoli–Salerno (via Galleria Santa Lucia),media,nome-parziale,napoli,,no,"dedotto: i CdP Investimenti non dichiarano la linea; associazione ricavata da nomi e comuni citati, in corso di verifica"
A5000_4,"Adeguamenti tecnologici, opere di completamento e contingencies rete AV Torino-Milano-Napoli",OpenStreetMap (relazione route=railway),2596061,Torino-Milano (Alta Velocità),alta,nome+comuni,torino|milano,2,si,"dedotto: i CdP Investimenti non dichiarano la linea; associazione ricavata da nomi e comuni citati, in corso di verifica"
A5000_4,"Adeguamenti tecnologici, opere di completamento e contingencies rete AV Torino-Milano-Napoli",OpenStreetMap (relazione route=railway),7475352,Ferrovia Domodossola-Milano,media,nome-parziale+comuni,milano,1,no,"dedotto: i CdP Investimenti non dichiarano la linea; associazione ricavata da nomi e comuni citati, in corso di verifica"
A5000_4,"Adeguamenti tecnologici, opere di completamento e contingencies rete AV Torino-Milano-Napoli",OpenStreetMap (relazione route=railway),14603060,Ferrovia Milano-Asso,media,nome-parziale+comuni,milano,1,no,"dedotto: i CdP Investimenti non dichiarano la linea; associazione ricavata da nomi e comuni citati, in corso di verifica"
A5000_4,"Adeguamenti tecnologici, opere di completamento e contingencies rete AV Torino-Milano-Napoli",OpenStreetMap (relazione route=railway),7481564,Ferrovia Milano-Bologna,media,nome-parziale+comuni,milano,1,no,"dedotto: i CdP Investimenti non dichiarano la linea; associazione ricavata da nomi e comuni citati, in corso di verifica"
A5000_4,"Adeguamenti tecnologici, opere di completamento e contingencies rete AV Torino-Milano-Napoli",OpenStreetMap (relazione route=railway),12242964,Ferrovia Milano-Chiasso,media,nome-parziale+comuni,milano,1,no,"dedotto: i CdP Investimenti non dichiarano la linea; associazione ricavata da nomi e comuni citati, in corso di verifica"
A5000_4,"Adeguamenti tecnologici, opere di completamento e contingencies rete AV Torino-Milano-Napoli",OpenStreetMap (relazione route=railway),19261719,Ferrovia Milano-Genova,media,nome-parziale+comuni,milano,1,no,"dedotto: i CdP Investimenti non dichiarano la linea; associazione ricavata da nomi e comuni citati, in corso di verifica"
A5000_5,Nodo AV di Bologna,OpenStreetMap (relazione route=railway),1782127,Ferrovia Bologna - Verona,media,nome-parziale+comuni,bologna,1,no,"dedotto: i CdP Investimenti non dichiarano la linea; associazione ricavata da nomi e comuni citati, in corso di verifica"
A5000_5,Nodo AV di Bologna,OpenStreetMap (relazione route=railway),2172727,Ferrovia Bologna-Firenze (alta velocità),media,nome-parziale+comuni,bologna,1,no,"dedotto: i CdP Investimenti non dichiarano la linea; associazione ricavata da nomi e comuni citati, in corso di verifica"
A5000_5,Nodo AV di Bologna,OpenStreetMap (relazione route=railway),7481564,Ferrovia Milano-Bologna,media,nome-parziale+comuni,bologna,1,no,"dedotto: i CdP Investimenti non dichiarano la linea; associazione ricavata da nomi e comuni citati, in corso di verifica"
A5000_5,Nodo AV di Bologna,OpenStreetMap (relazione route=railway),7795886,Ferrovia Padova – Bologna,media,nome-parziale+comuni,bologna,1,no,"dedotto: i CdP Investimenti non dichiarano la linea; associazione ricavata da nomi e comuni citati, in corso di verifica"
A5000_5,Nodo AV di Bologna,OpenStreetMap (relazione route=railway),1962856,Ferrovia ad alta velocità Milano – Bologna (biforcazione),media,nome-parziale+comuni,bologna,1,no,"dedotto: i CdP Investimenti non dichiarano la linea; associazione ricavata da nomi e comuni citati, in corso di verifica"
A5000_5,Nodo AV di Bologna,OpenStreetMap (relazione route=railway),16108812,Linea di cintura di Bologna,media,comuni,,1,no,"dedotto: i CdP Investimenti non dichiarano la linea; associazione ricavata da nomi e comuni citati, in corso di verifica"
I008,Porto di Trieste Potenziamento stazione Trieste Campo Marzio Potenziamento impianti a servizio del porto di Trieste,OpenStreetMap (relazione route=railway),17333759,Ferrovia Trieste Campo Marzio - Villa Opicina,media,nome-parziale+comuni,trieste campo marzio,1,no,"dedotto: i CdP Investimenti non dichiarano la linea; associazione ricavata da nomi e comuni citati, in corso di verifica"
I008,Porto di Trieste Potenziamento stazione Trieste Campo Marzio Potenziamento impianti a servizio del porto di Trieste,OpenStreetMap (relazione route=railway),11965985,Ferrovia Trieste-Erpelle,media,nome-parziale+comuni,trieste,1,no,"dedotto: i CdP Investimenti non dichiarano la linea; associazione ricavata da nomi e comuni citati, in corso di verifica"
I008,Porto di Trieste Potenziamento stazione Trieste Campo Marzio Potenziamento impianti a servizio del porto di Trieste,OpenStreetMap (relazione route=railway),7795902,Portgruaro C. - Trieste C.le (tratto Latisana - Trieste C.le),media,nome-parziale+comuni,trieste,1,no,"dedotto: i CdP Investimenti non dichiarano la linea; associazione ricavata da nomi e comuni citati, in corso di verifica"
I008,Porto di Trieste Potenziamento stazione Trieste Campo Marzio Potenziamento impianti a servizio del porto di Trieste,OpenStreetMap (relazione route=railway),10678015,Udine - Trieste C.le,media,nome-parziale+comuni,trieste,1,no,"dedotto: i CdP Investimenti non dichiarano la linea; associazione ricavata da nomi e comuni citati, in corso di verifica"
I008,Porto di Trieste Potenziamento stazione Trieste Campo Marzio Potenziamento impianti a servizio del porto di Trieste,OpenStreetMap (relazione route=railway),10677868,Ferrovia Meridionale,media,comuni,,1,no,"dedotto: i CdP Investimenti non dichiarano la linea; associazione ricavata da nomi e comuni citati, in corso di verifica"
I008,Porto di Trieste Potenziamento stazione Trieste Campo Marzio Potenziamento impianti a servizio del porto di Trieste,OpenStreetMap (relazione route=railway),10678970,Linea di cintura di Trieste,media,comuni,,1,no,"dedotto: i CdP Investimenti non dichiarano la linea; associazione ricavata da nomi e comuni citati, in corso di verifica"
I024,Raddoppio Fossano-Cuneo Raddoppio tratta Fossano - Madonna dell'Olmo PD° PD°,OpenStreetMap (relazione route=railway),16104992,Ferrovia Cuneo-Mondovì,media,nome-parziale+comuni,cuneo,1,no,"dedotto: i CdP Investimenti non dichiarano la linea; associazione ricavata da nomi e comuni citati, in corso di verifica"
I024,Raddoppio Fossano-Cuneo Raddoppio tratta Fossano - Madonna dell'Olmo PD° PD°,OpenStreetMap (relazione route=railway),16107839,Ferrovia Fossano-San Giuseppe di Cairo,media,nome-parziale+comuni,fossano,1,no,"dedotto: i CdP Investimenti non dichiarano la linea; associazione ricavata da nomi e comuni citati, in corso di verifica"
I024,Raddoppio Fossano-Cuneo Raddoppio tratta Fossano - Madonna dell'Olmo PD° PD°,OpenStreetMap (relazione route=railway),557246,RFI L.6 - Savigliano - Cuneo,media,nome-parziale+comuni,cuneo,1,no,"dedotto: i CdP Investimenti non dichiarano la linea; associazione ricavata da nomi e comuni citati, in corso di verifica"
I034,Gronda merci sud di Milano,OpenStreetMap (relazione route=railway),7475352,Ferrovia Domodossola-Milano,media,nome-parziale+comuni,milano,1,no,"dedotto: i CdP Investimenti non dichiarano la linea; associazione ricavata da nomi e comuni citati, in corso di verifica"
I034,Gronda merci sud di Milano,OpenStreetMap (relazione route=railway),14603060,Ferrovia Milano-Asso,media,nome-parziale+comuni,milano,1,no,"dedotto: i CdP Investimenti non dichiarano la linea; associazione ricavata da nomi e comuni citati, in corso di verifica"
I034,Gronda merci sud di Milano,OpenStreetMap (relazione route=railway),7481564,Ferrovia Milano-Bologna,media,nome-parziale+comuni,milano,1,no,"dedotto: i CdP Investimenti non dichiarano la linea; associazione ricavata da nomi e comuni citati, in corso di verifica"
I034,Gronda merci sud di Milano,OpenStreetMap (relazione route=railway),12242964,Ferrovia Milano-Chiasso,media,nome-parziale+comuni,milano,1,no,"dedotto: i CdP Investimenti non dichiarano la linea; associazione ricavata da nomi e comuni citati, in corso di verifica"
I034,Gronda merci sud di Milano,OpenStreetMap (relazione route=railway),19261719,Ferrovia Milano-Genova,media,nome-parziale+comuni,milano,1,no,"dedotto: i CdP Investimenti non dichiarano la linea; associazione ricavata da nomi e comuni citati, in corso di verifica"
I034,Gronda merci sud di Milano,OpenStreetMap (relazione route=railway),15616423,Ferrovia Milano-Mortara,media,nome-parziale+comuni,milano,1,no,"dedotto: i CdP Investimenti non dichiarano la linea; associazione ricavata da nomi e comuni citati, in corso di verifica"
I045,Quadruplicamento Genova Brignole - Pieve Ligure,OpenStreetMap (relazione route=railway),7841395,Ferrovia Asti-Genova,media,nome-parziale+comuni,genova,1,no,"dedotto: i CdP Investimenti non dichiarano la linea; associazione ricavata da nomi e comuni citati, in corso di verifica"
I045,Quadruplicamento Genova Brignole - Pieve Ligure,OpenStreetMap (relazione route=railway),2590941,Ferrovia Genova-Ventimiglia,media,nome-parziale+comuni,genova,1,no,"dedotto: i CdP Investimenti non dichiarano la linea; associazione ricavata da nomi e comuni citati, in corso di verifica"
I045,Quadruplicamento Genova Brignole - Pieve Ligure,OpenStreetMap (relazione route=railway),19261719,Ferrovia Milano-Genova,media,nome-parziale+comuni,genova,1,no,"dedotto: i CdP Investimenti non dichiarano la linea; associazione ricavata da nomi e comuni citati, in corso di verifica"
I045,Quadruplicamento Genova Brignole - Pieve Ligure,OpenStreetMap (relazione route=railway),7699365,Ferrovia Torino-Genova,media,nome-parziale+comuni,genova,1,no,"dedotto: i CdP Investimenti non dichiarano la linea; associazione ricavata da nomi e comuni citati, in corso di verifica"
I045,Quadruplicamento Genova Brignole - Pieve Ligure,OpenStreetMap (relazione route=railway),16107068,Bretella di Pra',media,comuni,,1,no,"dedotto: i CdP Investimenti non dichiarano la linea; associazione ricavata da nomi e comuni citati, in corso di verifica"
I045,Quadruplicamento Genova Brignole - Pieve Ligure,OpenStreetMap (relazione route=railway),16107066,Curva Molini,media,comuni,,1,no,"dedotto: i CdP Investimenti non dichiarano la linea; associazione ricavata da nomi e comuni citati, in corso di verifica"
I048,Porto di Genova Potenziamento scalo Campasso,OpenStreetMap (relazione route=railway),7841395,Ferrovia Asti-Genova,media,nome-parziale+comuni,genova,1,no,"dedotto: i CdP Investimenti non dichiarano la linea; associazione ricavata da nomi e comuni citati, in corso di verifica"
I048,Porto di Genova Potenziamento scalo Campasso,OpenStreetMap (relazione route=railway),2590941,Ferrovia Genova-Ventimiglia,media,nome-parziale+comuni,genova,1,no,"dedotto: i CdP Investimenti non dichiarano la linea; associazione ricavata da nomi e comuni citati, in corso di verifica"
I048,Porto di Genova Potenziamento scalo Campasso,OpenStreetMap (relazione route=railway),19261719,Ferrovia Milano-Genova,media,nome-parziale+comuni,genova,1,no,"dedotto: i CdP Investimenti non dichiarano la linea; associazione ricavata da nomi e comuni citati, in corso di verifica"
I048,Porto di Genova Potenziamento scalo Campasso,OpenStreetMap (relazione route=railway),7699365,Ferrovia Torino-Genova,media,nome-parziale+comuni,genova,1,no,"dedotto: i CdP Investimenti non dichiarano la linea; associazione ricavata da nomi e comuni citati, in corso di verifica"
I048,Porto di Genova Potenziamento scalo Campasso,OpenStreetMap (relazione route=railway),16107068,Bretella di Pra',media,comuni,,1,no,"dedotto: i CdP Investimenti non dichiarano la linea; associazione ricavata da nomi e comuni citati, in corso di verifica"
I048,Porto di Genova Potenziamento scalo Campasso,OpenStreetMap (relazione route=railway),16107066,Curva Molini,media,comuni,,1,no,"dedotto: i CdP Investimenti non dichiarano la linea; associazione ricavata da nomi e comuni citati, in corso di verifica"
I049,Raddoppio Palermo-Messina: tratta Castelbuono- Patti,OpenStreetMap (relazione route=railway),10071532,Linea Messina Centrale - Palermo Centrale / Bivio Terme Vigliatore - Patti-San Piero Patti,alta,nome+comuni,messina|palermo|patti,3,no,"dedotto: i CdP Investimenti non dichiarano la linea; associazione ricavata da nomi e comuni citati, in corso di verifica"
I049,Raddoppio Palermo-Messina: tratta Castelbuono- Patti,OpenStreetMap (relazione route=railway),11124943,Ferrovia Dismessa per variante Terme Vigliatore-Messina Scalo,media,nome-parziale+comuni,messina,1,no,"dedotto: i CdP Investimenti non dichiarano la linea; associazione ricavata da nomi e comuni citati, in corso di verifica"
I049,Raddoppio Palermo-Messina: tratta Castelbuono- Patti,OpenStreetMap (relazione route=railway),13271799,Linea Agrigento Centrale - Palermo Centrale,media,nome-parziale+comuni,palermo,1,no,"dedotto: i CdP Investimenti non dichiarano la linea; associazione ricavata da nomi e comuni citati, in corso di verifica"
I049,Raddoppio Palermo-Messina: tratta Castelbuono- Patti,OpenStreetMap (relazione route=railway),15317508,Linea Caltanissetta Centrale - Palermo Centrale,media,nome-parziale+comuni,palermo,1,no,"dedotto: i CdP Investimenti non dichiarano la linea; associazione ricavata da nomi e comuni citati, in corso di verifica"
I049,Raddoppio Palermo-Messina: tratta Castelbuono- Patti,OpenStreetMap (relazione route=railway),3629581,Linea Messina - Siracusa,media,nome-parziale+comuni,messina,1,no,"dedotto: i CdP Investimenti non dichiarano la linea; associazione ricavata da nomi e comuni citati, in corso di verifica"
I049,Raddoppio Palermo-Messina: tratta Castelbuono- Patti,OpenStreetMap (relazione route=railway),13165261,Linea Palermo Notarbartolo - Punta Raisi / Piraineto - Trapani / Palermo Centrale - Palermo Sampolo / Alcamo Dne - Catelvetrano - Trapani,media,nome-parziale+comuni,palermo,1,no,"dedotto: i CdP Investimenti non dichiarano la linea; associazione ricavata da nomi e comuni citati, in corso di verifica"
I064,Potenziamento collegamenti ferroviari da sud con aeroporto Malpensa,OpenStreetMap (relazione route=railway),5987029,Ferrovia Busto Arsizio-Malpensa Aeroporto-Gallarate,media,comuni,,1,no,"dedotto: i CdP Investimenti non dichiarano la linea; associazione ricavata da nomi e comuni citati, in corso di verifica"
I071,Adeguamento del tracciato e velocizzazione dell'asse ferroviario Bologna-Lecce Upgrading infrastrutturale e tecnologico Bologna-Lecce - fasi Potenziamento tecnologico tratte Bologna-Rimini-Ancona - fasi,OpenStreetMap (relazione route=railway),1782127,Ferrovia Bologna - Verona,media,nome-parziale+comuni,bologna,1,no,"dedotto: i CdP Investimenti non dichiarano la linea; associazione ricavata da nomi e comuni citati, in corso di verifica"
I071,Adeguamento del tracciato e velocizzazione dell'asse ferroviario Bologna-Lecce Upgrading infrastrutturale e tecnologico Bologna-Lecce - fasi Potenziamento tecnologico tratte Bologna-Rimini-Ancona - fasi,OpenStreetMap (relazione route=railway),7481564,Ferrovia Milano-Bologna,media,nome-parziale+comuni,bologna,1,no,"dedotto: i CdP Investimenti non dichiarano la linea; associazione ricavata da nomi e comuni citati, in corso di verifica"
I071,Adeguamento del tracciato e velocizzazione dell'asse ferroviario Bologna-Lecce Upgrading infrastrutturale e tecnologico Bologna-Lecce - fasi Potenziamento tecnologico tratte Bologna-Rimini-Ancona - fasi,OpenStreetMap (relazione route=railway),7795886,Ferrovia Padova – Bologna,media,nome-parziale+comuni,bologna,1,no,"dedotto: i CdP Investimenti non dichiarano la linea; associazione ricavata da nomi e comuni citati, in corso di verifica"
I071,Adeguamento del tracciato e velocizzazione dell'asse ferroviario Bologna-Lecce Upgrading infrastrutturale e tecnologico Bologna-Lecce - fasi Potenziamento tecnologico tratte Bologna-Rimini-Ancona - fasi,OpenStreetMap (relazione route=railway),9606361,Ex ferrovia Rimini-San Marino,media,comuni,,1,no,"dedotto: i CdP Investimenti non dichiarano la linea; associazione ricavata da nomi e comuni citati, in corso di verifica"
I071,Adeguamento del tracciato e velocizzazione dell'asse ferroviario Bologna-Lecce Upgrading infrastrutturale e tecnologico Bologna-Lecce - fasi Potenziamento tecnologico tratte Bologna-Rimini-Ancona - fasi,OpenStreetMap (relazione route=railway),16108812,Linea di cintura di Bologna,media,comuni,,1,no,"dedotto: i CdP Investimenti non dichiarano la linea; associazione ricavata da nomi e comuni citati, in corso di verifica"
I071,Adeguamento del tracciato e velocizzazione dell'asse ferroviario Bologna-Lecce Upgrading infrastrutturale e tecnologico Bologna-Lecce - fasi Potenziamento tecnologico tratte Bologna-Rimini-Ancona - fasi,OpenStreetMap (relazione route=railway),2172727,Ferrovia Bologna-Firenze (alta velocità),bassa,nome-parziale+comuni,bologna,1,no,"dedotto: i CdP Investimenti non dichiarano la linea; associazione ricavata da nomi e comuni citati, in corso di verifica"
I085,Accesso al Brennero lotti di completamento (fasi) Accesso al Brennero: lotti di completamento (fasi),OpenStreetMap (relazione route=railway),18268249,Linea del Brennero (alta velocità),bassa,nome-parziale,brennero,,no,"dedotto: i CdP Investimenti non dichiarano la linea; associazione ricavata da nomi e comuni citati, in corso di verifica"
I095,Raddoppio Cremona-Olmeneta Raddoppio Cremona-Olmeneta,OpenStreetMap (relazione route=railway),1412021,Ferrovia Brescia-Cremona,alta,nome-parziale+comuni,cremona,2,no,"dedotto: i CdP Investimenti non dichiarano la linea; associazione ricavata da nomi e comuni citati, in corso di verifica"
I095,Raddoppio Cremona-Olmeneta Raddoppio Cremona-Olmeneta,OpenStreetMap (relazione route=railway),183626,Ferrovia Treviglio-Cremona,alta,nome-parziale+comuni,cremona,2,no,"dedotto: i CdP Investimenti non dichiarano la linea; associazione ricavata da nomi e comuni citati, in corso di verifica"
I095,Raddoppio Cremona-Olmeneta Raddoppio Cremona-Olmeneta,OpenStreetMap (relazione route=railway),11516937,Ferrovia Cremona-Iseo,media,nome-parziale+comuni,cremona,1,no,"dedotto: i CdP Investimenti non dichiarano la linea; associazione ricavata da nomi e comuni citati, in corso di verifica"
I095,Raddoppio Cremona-Olmeneta Raddoppio Cremona-Olmeneta,OpenStreetMap (relazione route=railway),7270317,Ferrovia Pavia-Cremona,media,nome-parziale+comuni,cremona,1,no,"dedotto: i CdP Investimenti non dichiarano la linea; associazione ricavata da nomi e comuni citati, in corso di verifica"
I095,Raddoppio Cremona-Olmeneta Raddoppio Cremona-Olmeneta,OpenStreetMap (relazione route=railway),6694905,Ferrovia Piacenza - Cremona,bassa,nome-parziale,cremona,,no,"dedotto: i CdP Investimenti non dichiarano la linea; associazione ricavata da nomi e comuni citati, in corso di verifica"
I106,Raddoppio Paola - Cosenza tratta bivio S.Antonello - bivio S.Lucido (nuova galleria Santomarco),OpenStreetMap (relazione route=railway),4144351,Ferrovia Cosenza - Catanzaro Lido,media,nome-parziale+comuni,cosenza,1,no,"dedotto: i CdP Investimenti non dichiarano la linea; associazione ricavata da nomi e comuni citati, in corso di verifica"
I107A,AV-AC Salerno - Reggio Calabria AV Salerno-Reggio Calabria: Lotto 1a Battipaglia - Romagnano e progettazione di fattibilità tecnico-economica intero itinerario AV Salerno-Reggio Calabria: Lotti 1b+1c Romagnano - Praia ITER AV Salerno-Reggio Calabria: Raddoppio Galleria Santomarco AV Salerno-Reggio Calabria: Lotto 2 Praia-Paola,OpenStreetMap (relazione route=railway),7343201,Ferrovia Napoli–Salerno (via Galleria Santa Lucia),media,nome-parziale+comuni,salerno,1,no,"dedotto: i CdP Investimenti non dichiarano la linea; associazione ricavata da nomi e comuni citati, in corso di verifica"
I107A,AV-AC Salerno - Reggio Calabria AV Salerno-Reggio Calabria: Lotto 1a Battipaglia - Romagnano e progettazione di fattibilità tecnico-economica intero itinerario AV Salerno-Reggio Calabria: Lotti 1b+1c Romagnano - Praia ITER AV Salerno-Reggio Calabria: Raddoppio Galleria Santomarco AV Salerno-Reggio Calabria: Lotto 2 Praia-Paola,OpenStreetMap (relazione route=railway),7795822,Tratto comune LMV / Salerno-Caserta,media,nome-parziale+comuni,salerno,1,no,"dedotto: i CdP Investimenti non dichiarano la linea; associazione ricavata da nomi e comuni citati, in corso di verifica"
I107A,AV-AC Salerno - Reggio Calabria AV Salerno-Reggio Calabria: Lotto 1a Battipaglia - Romagnano e progettazione di fattibilità tecnico-economica intero itinerario AV Salerno-Reggio Calabria: Lotti 1b+1c Romagnano - Praia ITER AV Salerno-Reggio Calabria: Raddoppio Galleria Santomarco AV Salerno-Reggio Calabria: Lotto 2 Praia-Paola,OpenStreetMap (relazione route=railway),17941980,Interconnessione Battipaglia,media,comuni,,1,no,"dedotto: i CdP Investimenti non dichiarano la linea; associazione ricavata da nomi e comuni citati, in corso di verifica"
I107A,AV-AC Salerno - Reggio Calabria AV Salerno-Reggio Calabria: Lotto 1a Battipaglia - Romagnano e progettazione di fattibilità tecnico-economica intero itinerario AV Salerno-Reggio Calabria: Lotti 1b+1c Romagnano - Praia ITER AV Salerno-Reggio Calabria: Raddoppio Galleria Santomarco AV Salerno-Reggio Calabria: Lotto 2 Praia-Paola,OpenStreetMap (relazione route=railway),6789381,Ferrovia Milano-Verona AV/AC,media,nome-parziale,ac,,no,"dedotto: i CdP Investimenti non dichiarano la linea; associazione ricavata da nomi e comuni citati, in corso di verifica"
I107A,AV-AC Salerno - Reggio Calabria AV Salerno-Reggio Calabria: Lotto 1a Battipaglia - Romagnano e progettazione di fattibilità tecnico-economica intero itinerario AV Salerno-Reggio Calabria: Lotti 1b+1c Romagnano - Praia ITER AV Salerno-Reggio Calabria: Raddoppio Galleria Santomarco AV Salerno-Reggio Calabria: Lotto 2 Praia-Paola,OpenStreetMap (relazione route=railway),5381831,Ferrovia Salerno - Cancello,media,nome-parziale,salerno,,no,"dedotto: i CdP Investimenti non dichiarano la linea; associazione ricavata da nomi e comuni citati, in corso di verifica"
I107A,AV-AC Salerno - Reggio Calabria AV Salerno-Reggio Calabria: Lotto 1a Battipaglia - Romagnano e progettazione di fattibilità tecnico-economica intero itinerario AV Salerno-Reggio Calabria: Lotti 1b+1c Romagnano - Praia ITER AV Salerno-Reggio Calabria: Raddoppio Galleria Santomarco AV Salerno-Reggio Calabria: Lotto 2 Praia-Paola,OpenStreetMap (relazione route=railway),12454737,Napoli-Bari AV/AC,media,nome-parziale,ac,,no,"dedotto: i CdP Investimenti non dichiarano la linea; associazione ricavata da nomi e comuni citati, in corso di verifica"
I107B,"AV-AC Salerno - Reggio Calabria completamento AV Salerno-Reggio Calabria: Lotti di completamento (Collegamento linea a monte del Vesuvio - Battipaglia e tratte Paola - Lamezia, Lamezia - Gioia Tauro, Gioia Tauro - Villa S.Giovanni / Reggio Calabria) e progettazioni pregresse",OpenStreetMap (relazione route=railway),7343201,Ferrovia Napoli–Salerno (via Galleria Santa Lucia),media,nome-parziale+comuni,salerno,1,no,"dedotto: i CdP Investimenti non dichiarano la linea; associazione ricavata da nomi e comuni citati, in corso di verifica"
I107B,"AV-AC Salerno - Reggio Calabria completamento AV Salerno-Reggio Calabria: Lotti di completamento (Collegamento linea a monte del Vesuvio - Battipaglia e tratte Paola - Lamezia, Lamezia - Gioia Tauro, Gioia Tauro - Villa S.Giovanni / Reggio Calabria) e progettazioni pregresse",OpenStreetMap (relazione route=railway),7795822,Tratto comune LMV / Salerno-Caserta,media,nome-parziale+comuni,salerno,1,no,"dedotto: i CdP Investimenti non dichiarano la linea; associazione ricavata da nomi e comuni citati, in corso di verifica"
I107B,"AV-AC Salerno - Reggio Calabria completamento AV Salerno-Reggio Calabria: Lotti di completamento (Collegamento linea a monte del Vesuvio - Battipaglia e tratte Paola - Lamezia, Lamezia - Gioia Tauro, Gioia Tauro - Villa S.Giovanni / Reggio Calabria) e progettazioni pregresse",OpenStreetMap (relazione route=railway),17941980,Interconnessione Battipaglia,media,comuni,,1,no,"dedotto: i CdP Investimenti non dichiarano la linea; associazione ricavata da nomi e comuni citati, in corso di verifica"
I107B,"AV-AC Salerno - Reggio Calabria completamento AV Salerno-Reggio Calabria: Lotti di completamento (Collegamento linea a monte del Vesuvio - Battipaglia e tratte Paola - Lamezia, Lamezia - Gioia Tauro, Gioia Tauro - Villa S.Giovanni / Reggio Calabria) e progettazioni pregresse",OpenStreetMap (relazione route=railway),6789381,Ferrovia Milano-Verona AV/AC,media,nome-parziale,ac,,no,"dedotto: i CdP Investimenti non dichiarano la linea; associazione ricavata da nomi e comuni citati, in corso di verifica"
I107B,"AV-AC Salerno - Reggio Calabria completamento AV Salerno-Reggio Calabria: Lotti di completamento (Collegamento linea a monte del Vesuvio - Battipaglia e tratte Paola - Lamezia, Lamezia - Gioia Tauro, Gioia Tauro - Villa S.Giovanni / Reggio Calabria) e progettazioni pregresse",OpenStreetMap (relazione route=railway),7781979,Ferrovia Pugliano-Vesuvio,media,nome-parziale,vesuvio,,no,"dedotto: i CdP Investimenti non dichiarano la linea; associazione ricavata da nomi e comuni citati, in corso di verifica"
I107B,"AV-AC Salerno - Reggio Calabria completamento AV Salerno-Reggio Calabria: Lotti di completamento (Collegamento linea a monte del Vesuvio - Battipaglia e tratte Paola - Lamezia, Lamezia - Gioia Tauro, Gioia Tauro - Villa S.Giovanni / Reggio Calabria) e progettazioni pregresse",OpenStreetMap (relazione route=railway),5381831,Ferrovia Salerno - Cancello,media,nome-parziale,salerno,,no,"dedotto: i CdP Investimenti non dichiarano la linea; associazione ricavata da nomi e comuni citati, in corso di verifica"
I131,Ripristino linea dei bivi di Venezia Mestre Ripristino linea dei bivi di Venezia Mestre PROG PROG,OpenStreetMap (relazione route=railway),546969,Ferrovia Milano-Venezia,media,nome-parziale+comuni,venezia,1,no,"dedotto: i CdP Investimenti non dichiarano la linea; associazione ricavata da nomi e comuni citati, in corso di verifica"
I131,Ripristino linea dei bivi di Venezia Mestre Ripristino linea dei bivi di Venezia Mestre PROG PROG,OpenStreetMap (relazione route=railway),532112,Ferrovia Padova - Venezia (Linea Storica),media,nome-parziale+comuni,venezia,1,no,"dedotto: i CdP Investimenti non dichiarano la linea; associazione ricavata da nomi e comuni citati, in corso di verifica"
I131,Ripristino linea dei bivi di Venezia Mestre Ripristino linea dei bivi di Venezia Mestre PROG PROG,OpenStreetMap (relazione route=railway),553079,Ferrovia Primolano - Venezia Santa Lucia,media,comuni,,1,no,"dedotto: i CdP Investimenti non dichiarano la linea; associazione ricavata da nomi e comuni citati, in corso di verifica"
I131,Ripristino linea dei bivi di Venezia Mestre Ripristino linea dei bivi di Venezia Mestre PROG PROG,OpenStreetMap (relazione route=railway),553281,Ferrovia Venezia Santa Lucia - Sacile,media,comuni,,1,no,"dedotto: i CdP Investimenti non dichiarano la linea; associazione ricavata da nomi e comuni citati, in corso di verifica"
I133,Raddoppio Udine-Palmanova-Cervignano (Strassoldo),OpenStreetMap (relazione route=railway),7358317,P.M. Vat - Cervignano Smistamento,alta,nome-parziale+comuni,cervignano,2,si,"dedotto: i CdP Investimenti non dichiarano la linea; associazione ricavata da nomi e comuni citati, in corso di verifica"
I133,Raddoppio Udine-Palmanova-Cervignano (Strassoldo),OpenStreetMap (relazione route=railway),6335156,Udine - Cervignano A.G.,alta,nome-parziale+comuni,udine,2,no,"dedotto: i CdP Investimenti non dichiarano la linea; associazione ricavata da nomi e comuni citati, in corso di verifica"
I133,Raddoppio Udine-Palmanova-Cervignano (Strassoldo),OpenStreetMap (relazione route=railway),11963564,Ferrovia Bertiolo-Palmanova-Savogna,media,nome-parziale+comuni,palmanova,1,no,"dedotto: i CdP Investimenti non dichiarano la linea; associazione ricavata da nomi e comuni citati, in corso di verifica"
I133,Raddoppio Udine-Palmanova-Cervignano (Strassoldo),OpenStreetMap (relazione route=railway),10964542,Ferrovia Palmanova - San Giorgio,media,nome-parziale+comuni,palmanova,1,no,"dedotto: i CdP Investimenti non dichiarano la linea; associazione ricavata da nomi e comuni citati, in corso di verifica"
I133,Raddoppio Udine-Palmanova-Cervignano (Strassoldo),OpenStreetMap (relazione route=railway),4547499,Ferrovia Udine-Cividale,media,nome-parziale+comuni,udine,1,no,"dedotto: i CdP Investimenti non dichiarano la linea; associazione ricavata da nomi e comuni citati, in corso di verifica"
I133,Raddoppio Udine-Palmanova-Cervignano (Strassoldo),OpenStreetMap (relazione route=railway),11963290,Ferrovia Udine-Majano,media,nome-parziale+comuni,udine,1,no,"dedotto: i CdP Investimenti non dichiarano la linea; associazione ricavata da nomi e comuni citati, in corso di verifica"
I135,Linea AV/AC Verona-Padova 3° lotto funzionale: Tratta Vicenza-Padova,OpenStreetMap (relazione route=railway),546969,Ferrovia Milano-Venezia,alta,comuni,,3,no,"dedotto: i CdP Investimenti non dichiarano la linea; associazione ricavata da nomi e comuni citati, in corso di verifica"
I135,Linea AV/AC Verona-Padova 3° lotto funzionale: Tratta Vicenza-Padova,OpenStreetMap (relazione route=railway),15988417,Ferrovia Verona - Vicenza (AV/AC),alta,nome+comuni,verona|vicenza,2,no,"dedotto: i CdP Investimenti non dichiarano la linea; associazione ricavata da nomi e comuni citati, in corso di verifica"
I135,Linea AV/AC Verona-Padova 3° lotto funzionale: Tratta Vicenza-Padova,OpenStreetMap (relazione route=railway),1782127,Ferrovia Bologna - Verona,media,nome-parziale+comuni,verona,1,no,"dedotto: i CdP Investimenti non dichiarano la linea; associazione ricavata da nomi e comuni citati, in corso di verifica"
I135,Linea AV/AC Verona-Padova 3° lotto funzionale: Tratta Vicenza-Padova,OpenStreetMap (relazione route=railway),6789381,Ferrovia Milano-Verona AV/AC,media,nome-parziale+comuni,ac,1,no,"dedotto: i CdP Investimenti non dichiarano la linea; associazione ricavata da nomi e comuni citati, in corso di verifica"
I135,Linea AV/AC Verona-Padova 3° lotto funzionale: Tratta Vicenza-Padova,OpenStreetMap (relazione route=railway),532112,Ferrovia Padova - Venezia (Linea Storica),media,nome-parziale+comuni,padova,1,no,"dedotto: i CdP Investimenti non dichiarano la linea; associazione ricavata da nomi e comuni citati, in corso di verifica"
I135,Linea AV/AC Verona-Padova 3° lotto funzionale: Tratta Vicenza-Padova,OpenStreetMap (relazione route=railway),7795886,Ferrovia Padova – Bologna,media,nome-parziale+comuni,padova,1,no,"dedotto: i CdP Investimenti non dichiarano la linea; associazione ricavata da nomi e comuni citati, in corso di verifica"
I137,Collegamento ferroviario aeroporto di Bergamo Collegamento ferroviario aeroporto di Bergamo,OpenStreetMap (relazione route=railway),2597121,Ferrovia Seregno-Bergamo,media,nome-parziale+comuni,bergamo,1,no,"dedotto: i CdP Investimenti non dichiarano la linea; associazione ricavata da nomi e comuni citati, in corso di verifica"
I137,Collegamento ferroviario aeroporto di Bergamo Collegamento ferroviario aeroporto di Bergamo,OpenStreetMap (relazione route=railway),10969713,Stazione di Bergamo,media,nome-parziale+comuni,bergamo,1,no,"dedotto: i CdP Investimenti non dichiarano la linea; associazione ricavata da nomi e comuni citati, in corso di verifica"
I137,Collegamento ferroviario aeroporto di Bergamo Collegamento ferroviario aeroporto di Bergamo,OpenStreetMap (relazione route=railway),2597120,Ferrovia Lecco-Brescia,media,comuni,,1,no,"dedotto: i CdP Investimenti non dichiarano la linea; associazione ricavata da nomi e comuni citati, in corso di verifica"
I138A,"Potenziamento collegamenti ferroviari con aeroporto di Fiumicino - opere prioritarie Ampliamento impianto Fiumicino Aeroporto, potenziamento PROG PROG tratta Fiumicino-Ponte Galeria e bretelle di collegamento con la linea Pisa-Roma",OpenStreetMap (relazione route=railway),17940537,Ferrovia Roma-Fiumicino,alta,nome+comuni,roma|fiumicino,2,si,"dedotto: i CdP Investimenti non dichiarano la linea; associazione ricavata da nomi e comuni citati, in corso di verifica"
I138A,"Potenziamento collegamenti ferroviari con aeroporto di Fiumicino - opere prioritarie Ampliamento impianto Fiumicino Aeroporto, potenziamento PROG PROG tratta Fiumicino-Ponte Galeria e bretelle di collegamento con la linea Pisa-Roma",OpenStreetMap (relazione route=railway),3152298,Ferrovia Lucca - Pisa,media,nome-parziale+comuni,pisa,1,no,"dedotto: i CdP Investimenti non dichiarano la linea; associazione ricavata da nomi e comuni citati, in corso di verifica"
I138A,"Potenziamento collegamenti ferroviari con aeroporto di Fiumicino - opere prioritarie Ampliamento impianto Fiumicino Aeroporto, potenziamento PROG PROG tratta Fiumicino-Ponte Galeria e bretelle di collegamento con la linea Pisa-Roma",OpenStreetMap (relazione route=railway),9328966,Ferrovia Pisa-Tirrenia-Livorno,media,nome-parziale+comuni,pisa,1,no,"dedotto: i CdP Investimenti non dichiarano la linea; associazione ricavata da nomi e comuni citati, in corso di verifica"
I138A,"Potenziamento collegamenti ferroviari con aeroporto di Fiumicino - opere prioritarie Ampliamento impianto Fiumicino Aeroporto, potenziamento PROG PROG tratta Fiumicino-Ponte Galeria e bretelle di collegamento con la linea Pisa-Roma",OpenStreetMap (relazione route=railway),17959804,Cintura Nord di Roma,media,comuni,,1,no,"dedotto: i CdP Investimenti non dichiarano la linea; associazione ricavata da nomi e comuni citati, in corso di verifica"
I138A,"Potenziamento collegamenti ferroviari con aeroporto di Fiumicino - opere prioritarie Ampliamento impianto Fiumicino Aeroporto, potenziamento PROG PROG tratta Fiumicino-Ponte Galeria e bretelle di collegamento con la linea Pisa-Roma",OpenStreetMap (relazione route=railway),1811976,Direttissima Firenze S.M.N. - Roma Termini,media,comuni,,1,no,"dedotto: i CdP Investimenti non dichiarano la linea; associazione ricavata da nomi e comuni citati, in corso di verifica"
I138A,"Potenziamento collegamenti ferroviari con aeroporto di Fiumicino - opere prioritarie Ampliamento impianto Fiumicino Aeroporto, potenziamento PROG PROG tratta Fiumicino-Ponte Galeria e bretelle di collegamento con la linea Pisa-Roma",OpenStreetMap (relazione route=railway),2178861,Italia - Città del Vaticano,media,comuni,,1,no,"dedotto: i CdP Investimenti non dichiarano la linea; associazione ricavata da nomi e comuni citati, in corso di verifica"
I138B,Potenziamento collegamenti ferroviari con aeroporto di Fiumicino Collegamento con futuro terminal nord e passante terminal nord - terminal sud,OpenStreetMap (relazione route=railway),17940537,Ferrovia Roma-Fiumicino,media,nome-parziale+comuni,fiumicino,1,no,"dedotto: i CdP Investimenti non dichiarano la linea; associazione ricavata da nomi e comuni citati, in corso di verifica"
I139,Collegamento ferroviario aeroporto di Catania Fontanarossa,OpenStreetMap (relazione route=railway),11121598,Ferrovia dismessa per variante Carruba-Catania Centrale,media,nome-parziale+comuni,catania,1,no,"dedotto: i CdP Investimenti non dichiarano la linea; associazione ricavata da nomi e comuni citati, in corso di verifica"
I139,Collegamento ferroviario aeroporto di Catania Fontanarossa,OpenStreetMap (relazione route=railway),4743096,Linea Catania - Caltagirone - Gela,media,nome-parziale+comuni,catania,1,no,"dedotto: i CdP Investimenti non dichiarano la linea; associazione ricavata da nomi e comuni citati, in corso di verifica"
I139,Collegamento ferroviario aeroporto di Catania Fontanarossa,OpenStreetMap (relazione route=railway),382292,Linea Catania Centrale - Agrigento Centrale / Agrigento Bassa-Porto Empedocle / Motta S.A. - Paternò,media,nome-parziale+comuni,catania,1,no,"dedotto: i CdP Investimenti non dichiarano la linea; associazione ricavata da nomi e comuni citati, in corso di verifica"
I139,Collegamento ferroviario aeroporto di Catania Fontanarossa,OpenStreetMap (relazione route=railway),3629581,Linea Messina - Siracusa,media,comuni,,1,no,"dedotto: i CdP Investimenti non dichiarano la linea; associazione ricavata da nomi e comuni citati, in corso di verifica"
I162,Ripristino linea Palermo-Trapani via Milo Ripristino linea Palermo-Trapani via Milo,OpenStreetMap (relazione route=railway),13165261,Linea Palermo Notarbartolo - Punta Raisi / Piraineto - Trapani / Palermo Centrale - Palermo Sampolo / Alcamo Dne - Catelvetrano - Trapani,alta,nome+comuni,trapani|palermo|trapani,2,no,"dedotto: i CdP Investimenti non dichiarano la linea; associazione ricavata da nomi e comuni citati, in corso di verifica"
I162,Ripristino linea Palermo-Trapani via Milo Ripristino linea Palermo-Trapani via Milo,OpenStreetMap (relazione route=railway),13271799,Linea Agrigento Centrale - Palermo Centrale,media,nome-parziale+comuni,palermo,1,no,"dedotto: i CdP Investimenti non dichiarano la linea; associazione ricavata da nomi e comuni citati, in corso di verifica"
I162,Ripristino linea Palermo-Trapani via Milo Ripristino linea Palermo-Trapani via Milo,OpenStreetMap (relazione route=railway),15317508,Linea Caltanissetta Centrale - Palermo Centrale,media,nome-parziale+comuni,palermo,1,no,"dedotto: i CdP Investimenti non dichiarano la linea; associazione ricavata da nomi e comuni citati, in corso di verifica"
I162,Ripristino linea Palermo-Trapani via Milo Ripristino linea Palermo-Trapani via Milo,OpenStreetMap (relazione route=railway),10071532,Linea Messina Centrale - Palermo Centrale / Bivio Terme Vigliatore - Patti-San Piero Patti,media,nome-parziale+comuni,palermo,1,no,"dedotto: i CdP Investimenti non dichiarano la linea; associazione ricavata da nomi e comuni citati, in corso di verifica"
I162,Ripristino linea Palermo-Trapani via Milo Ripristino linea Palermo-Trapani via Milo,OpenStreetMap (relazione route=railway),20989389,Chiusura Anello Ferroviario,media,comuni,,1,no,"dedotto: i CdP Investimenti non dichiarano la linea; associazione ricavata da nomi e comuni citati, in corso di verifica"
I162,Ripristino linea Palermo-Trapani via Milo Ripristino linea Palermo-Trapani via Milo,OpenStreetMap (relazione route=railway),10362602,Ferrovia Incompiuta Palermo-Salaparuta,media,comuni,,1,no,"dedotto: i CdP Investimenti non dichiarano la linea; associazione ricavata da nomi e comuni citati, in corso di verifica"
I170,Elettrificazione e ammodernamento linea Barletta-Canosa Elettrificazione e ammodernamento linea Barletta-Canosa,OpenStreetMap (relazione route=railway),12454737,Napoli-Bari AV/AC,bassa,comuni,,1,no,"dedotto: i CdP Investimenti non dichiarano la linea; associazione ricavata da nomi e comuni citati, in corso di verifica"
I173,"Elettrificazione, velocizzazione e ammodernamento linee Salerno - Mercato S.S. - Avellino - Benevento e tratta",OpenStreetMap (relazione route=railway),17974718,Benevento - Bosco Redole,media,nome-parziale+comuni,benevento,1,no,"dedotto: i CdP Investimenti non dichiarano la linea; associazione ricavata da nomi e comuni citati, in corso di verifica"
I173,"Elettrificazione, velocizzazione e ammodernamento linee Salerno - Mercato S.S. - Avellino - Benevento e tratta",OpenStreetMap (relazione route=railway),17977510,Ferrovia Cancello-Avellino,media,nome-parziale+comuni,avellino,1,no,"dedotto: i CdP Investimenti non dichiarano la linea; associazione ricavata da nomi e comuni citati, in corso di verifica"
I173,"Elettrificazione, velocizzazione e ammodernamento linee Salerno - Mercato S.S. - Avellino - Benevento e tratta",OpenStreetMap (relazione route=railway),7343201,Ferrovia Napoli–Salerno (via Galleria Santa Lucia),media,nome-parziale+comuni,salerno,1,no,"dedotto: i CdP Investimenti non dichiarano la linea; associazione ricavata da nomi e comuni citati, in corso di verifica"
I173,"Elettrificazione, velocizzazione e ammodernamento linee Salerno - Mercato S.S. - Avellino - Benevento e tratta",OpenStreetMap (relazione route=railway),7795822,Tratto comune LMV / Salerno-Caserta,media,nome-parziale+comuni,salerno,1,no,"dedotto: i CdP Investimenti non dichiarano la linea; associazione ricavata da nomi e comuni citati, in corso di verifica"
I173,"Elettrificazione, velocizzazione e ammodernamento linee Salerno - Mercato S.S. - Avellino - Benevento e tratta",OpenStreetMap (relazione route=railway),1901567,Ferrovia della Valle Caudina,media,comuni,,1,no,"dedotto: i CdP Investimenti non dichiarano la linea; associazione ricavata da nomi e comuni citati, in corso di verifica"
I173,"Elettrificazione, velocizzazione e ammodernamento linee Salerno - Mercato S.S. - Avellino - Benevento e tratta",OpenStreetMap (relazione route=railway),5381831,Ferrovia Salerno - Cancello,media,nome-parziale,salerno,,no,"dedotto: i CdP Investimenti non dichiarano la linea; associazione ricavata da nomi e comuni citati, in corso di verifica"
I174,Nuova stazione Taranto Nasisi Nuova stazione Taranto Nasisi,OpenStreetMap (relazione route=railway),16640417,Ferrovia Bari-Taranto,media,nome-parziale+comuni,taranto,1,no,"dedotto: i CdP Investimenti non dichiarano la linea; associazione ricavata da nomi e comuni citati, in corso di verifica"
I177,"Completamento metropolitana di Salerno: tratta stadio Arechi-Pontecagnano Aeroporto Completamento metropolitana di Salerno: tratta stadio Arechi- Pontecagnano Aeroporto ASI Salerno - nuova stazione metropolitana - ""Zona Industriale""",OpenStreetMap (relazione route=railway),7343201,Ferrovia Napoli–Salerno (via Galleria Santa Lucia),media,nome-parziale+comuni,salerno,1,no,"dedotto: i CdP Investimenti non dichiarano la linea; associazione ricavata da nomi e comuni citati, in corso di verifica"
I177,"Completamento metropolitana di Salerno: tratta stadio Arechi-Pontecagnano Aeroporto Completamento metropolitana di Salerno: tratta stadio Arechi- Pontecagnano Aeroporto ASI Salerno - nuova stazione metropolitana - ""Zona Industriale""",OpenStreetMap (relazione route=railway),7795822,Tratto comune LMV / Salerno-Caserta,media,nome-parziale+comuni,salerno,1,no,"dedotto: i CdP Investimenti non dichiarano la linea; associazione ricavata da nomi e comuni citati, in corso di verifica"
I177,"Completamento metropolitana di Salerno: tratta stadio Arechi-Pontecagnano Aeroporto Completamento metropolitana di Salerno: tratta stadio Arechi- Pontecagnano Aeroporto ASI Salerno - nuova stazione metropolitana - ""Zona Industriale""",OpenStreetMap (relazione route=railway),5381831,Ferrovia Salerno - Cancello,media,nome-parziale,salerno,,no,"dedotto: i CdP Investimenti non dichiarano la linea; associazione ricavata da nomi e comuni citati, in corso di verifica"
I178A,Raddoppio Codogno-Cremona-Mantova 1^ fase Raddoppio Piadena-Mantova e soppressione PL critici intera linea,OpenStreetMap (relazione route=railway),7270317,Ferrovia Pavia-Cremona,alta,nome-parziale+comuni,cremona,3,no,"dedotto: i CdP Investimenti non dichiarano la linea; associazione ricavata da nomi e comuni citati, in corso di verifica"
I178A,Raddoppio Codogno-Cremona-Mantova 1^ fase Raddoppio Piadena-Mantova e soppressione PL critici intera linea,OpenStreetMap (relazione route=railway),1412021,Ferrovia Brescia-Cremona,media,nome-parziale+comuni,cremona,1,no,"dedotto: i CdP Investimenti non dichiarano la linea; associazione ricavata da nomi e comuni citati, in corso di verifica"
I178A,Raddoppio Codogno-Cremona-Mantova 1^ fase Raddoppio Piadena-Mantova e soppressione PL critici intera linea,OpenStreetMap (relazione route=railway),11516937,Ferrovia Cremona-Iseo,media,nome-parziale+comuni,cremona,1,no,"dedotto: i CdP Investimenti non dichiarano la linea; associazione ricavata da nomi e comuni citati, in corso di verifica"
I178A,Raddoppio Codogno-Cremona-Mantova 1^ fase Raddoppio Piadena-Mantova e soppressione PL critici intera linea,OpenStreetMap (relazione route=railway),183626,Ferrovia Treviglio-Cremona,media,nome-parziale+comuni,cremona,1,no,"dedotto: i CdP Investimenti non dichiarano la linea; associazione ricavata da nomi e comuni citati, in corso di verifica"
I178A,Raddoppio Codogno-Cremona-Mantova 1^ fase Raddoppio Piadena-Mantova e soppressione PL critici intera linea,OpenStreetMap (relazione route=railway),7481564,Ferrovia Milano-Bologna,media,comuni,,1,no,"dedotto: i CdP Investimenti non dichiarano la linea; associazione ricavata da nomi e comuni citati, in corso di verifica"
I178A,Raddoppio Codogno-Cremona-Mantova 1^ fase Raddoppio Piadena-Mantova e soppressione PL critici intera linea,OpenStreetMap (relazione route=railway),6694905,Ferrovia Piacenza - Cremona,bassa,nome-parziale,cremona,,no,"dedotto: i CdP Investimenti non dichiarano la linea; associazione ricavata da nomi e comuni citati, in corso di verifica"
I178B,Raddoppio Codogno-Cremona-Mantova 2^ fase Raddoppio Codogno-Cava Tigozzi e Cremona-Piadena PROG PROG,OpenStreetMap (relazione route=railway),7270317,Ferrovia Pavia-Cremona,alta,nome-parziale+comuni,cremona,3,no,"dedotto: i CdP Investimenti non dichiarano la linea; associazione ricavata da nomi e comuni citati, in corso di verifica"
I178B,Raddoppio Codogno-Cremona-Mantova 2^ fase Raddoppio Codogno-Cava Tigozzi e Cremona-Piadena PROG PROG,OpenStreetMap (relazione route=railway),1412021,Ferrovia Brescia-Cremona,media,nome-parziale+comuni,cremona,1,no,"dedotto: i CdP Investimenti non dichiarano la linea; associazione ricavata da nomi e comuni citati, in corso di verifica"
I178B,Raddoppio Codogno-Cremona-Mantova 2^ fase Raddoppio Codogno-Cava Tigozzi e Cremona-Piadena PROG PROG,OpenStreetMap (relazione route=railway),11516937,Ferrovia Cremona-Iseo,media,nome-parziale+comuni,cremona,1,no,"dedotto: i CdP Investimenti non dichiarano la linea; associazione ricavata da nomi e comuni citati, in corso di verifica"
I178B,Raddoppio Codogno-Cremona-Mantova 2^ fase Raddoppio Codogno-Cava Tigozzi e Cremona-Piadena PROG PROG,OpenStreetMap (relazione route=railway),183626,Ferrovia Treviglio-Cremona,media,nome-parziale+comuni,cremona,1,no,"dedotto: i CdP Investimenti non dichiarano la linea; associazione ricavata da nomi e comuni citati, in corso di verifica"
I178B,Raddoppio Codogno-Cremona-Mantova 2^ fase Raddoppio Codogno-Cava Tigozzi e Cremona-Piadena PROG PROG,OpenStreetMap (relazione route=railway),7481564,Ferrovia Milano-Bologna,media,comuni,,1,no,"dedotto: i CdP Investimenti non dichiarano la linea; associazione ricavata da nomi e comuni citati, in corso di verifica"
I178B,Raddoppio Codogno-Cremona-Mantova 2^ fase Raddoppio Codogno-Cava Tigozzi e Cremona-Piadena PROG PROG,OpenStreetMap (relazione route=railway),6694905,Ferrovia Piacenza - Cremona,bassa,nome-parziale,cremona,,no,"dedotto: i CdP Investimenti non dichiarano la linea; associazione ricavata da nomi e comuni citati, in corso di verifica"
I179A,x Bretella di collegamento tra la linea Collesalvetti- Vada e la linea Firenze-Pisa,OpenStreetMap (relazione route=railway),9180193,Ferrovia Firenze-Lucca,media,nome-parziale+comuni,firenze,1,no,"dedotto: i CdP Investimenti non dichiarano la linea; associazione ricavata da nomi e comuni citati, in corso di verifica"
I179A,x Bretella di collegamento tra la linea Collesalvetti- Vada e la linea Firenze-Pisa,OpenStreetMap (relazione route=railway),3152298,Ferrovia Lucca - Pisa,media,nome-parziale+comuni,pisa,1,no,"dedotto: i CdP Investimenti non dichiarano la linea; associazione ricavata da nomi e comuni citati, in corso di verifica"
I179A,x Bretella di collegamento tra la linea Collesalvetti- Vada e la linea Firenze-Pisa,OpenStreetMap (relazione route=railway),9328966,Ferrovia Pisa-Tirrenia-Livorno,media,nome-parziale+comuni,pisa,1,no,"dedotto: i CdP Investimenti non dichiarano la linea; associazione ricavata da nomi e comuni citati, in corso di verifica"
I179A,x Bretella di collegamento tra la linea Collesalvetti- Vada e la linea Firenze-Pisa,OpenStreetMap (relazione route=railway),1811976,Direttissima Firenze S.M.N. - Roma Termini,media,comuni,,1,no,"dedotto: i CdP Investimenti non dichiarano la linea; associazione ricavata da nomi e comuni citati, in corso di verifica"
I179A,x Bretella di collegamento tra la linea Collesalvetti- Vada e la linea Firenze-Pisa,OpenStreetMap (relazione route=railway),6770774,La Spezia-Pisa,media,nome-parziale,pisa,,no,"dedotto: i CdP Investimenti non dichiarano la linea; associazione ricavata da nomi e comuni citati, in corso di verifica"
I179A,x Bretella di collegamento tra la linea Collesalvetti- Vada e la linea Firenze-Pisa,OpenStreetMap (relazione route=railway),2172727,Ferrovia Bologna-Firenze (alta velocità),bassa,nome-parziale+comuni,firenze,1,no,"dedotto: i CdP Investimenti non dichiarano la linea; associazione ricavata da nomi e comuni citati, in corso di verifica"
I181,Quadruplicamento Tavazzano-Lodi,OpenStreetMap (relazione route=railway),7481564,Ferrovia Milano-Bologna,media,comuni,,1,no,"dedotto: i CdP Investimenti non dichiarano la linea; associazione ricavata da nomi e comuni citati, in corso di verifica"
I182,Adeguamento nodo di Brescia e potenziamento collegamento Brescia-S.Zeno-Ghedi Adeguamento nodo di Brescia e potenziamento collegamento PROG PROG Brescia-S.Zeno-Ghedi,OpenStreetMap (relazione route=railway),3414505,Ferrovia Parma-Brescia,alta,nome-parziale+comuni,brescia,2,no,"dedotto: i CdP Investimenti non dichiarano la linea; associazione ricavata da nomi e comuni citati, in corso di verifica"
I182,Adeguamento nodo di Brescia e potenziamento collegamento Brescia-S.Zeno-Ghedi Adeguamento nodo di Brescia e potenziamento collegamento PROG PROG Brescia-S.Zeno-Ghedi,OpenStreetMap (relazione route=railway),1412021,Ferrovia Brescia-Cremona,media,nome-parziale+comuni,brescia,1,no,"dedotto: i CdP Investimenti non dichiarano la linea; associazione ricavata da nomi e comuni citati, in corso di verifica"
I182,Adeguamento nodo di Brescia e potenziamento collegamento Brescia-S.Zeno-Ghedi Adeguamento nodo di Brescia e potenziamento collegamento PROG PROG Brescia-S.Zeno-Ghedi,OpenStreetMap (relazione route=railway),967297,Ferrovia Brescia-Iseo-Edolo,media,nome-parziale+comuni,brescia,1,no,"dedotto: i CdP Investimenti non dichiarano la linea; associazione ricavata da nomi e comuni citati, in corso di verifica"
I182,Adeguamento nodo di Brescia e potenziamento collegamento Brescia-S.Zeno-Ghedi Adeguamento nodo di Brescia e potenziamento collegamento PROG PROG Brescia-S.Zeno-Ghedi,OpenStreetMap (relazione route=railway),2597120,Ferrovia Lecco-Brescia,media,nome-parziale+comuni,brescia,1,no,"dedotto: i CdP Investimenti non dichiarano la linea; associazione ricavata da nomi e comuni citati, in corso di verifica"
I182,Adeguamento nodo di Brescia e potenziamento collegamento Brescia-S.Zeno-Ghedi Adeguamento nodo di Brescia e potenziamento collegamento PROG PROG Brescia-S.Zeno-Ghedi,OpenStreetMap (relazione route=railway),546969,Ferrovia Milano-Venezia,media,comuni,,1,no,"dedotto: i CdP Investimenti non dichiarano la linea; associazione ricavata da nomi e comuni citati, in corso di verifica"
I182,Adeguamento nodo di Brescia e potenziamento collegamento Brescia-S.Zeno-Ghedi Adeguamento nodo di Brescia e potenziamento collegamento PROG PROG Brescia-S.Zeno-Ghedi,OpenStreetMap (relazione route=railway),6789381,Ferrovia Milano-Verona AV/AC,bassa,comuni,,1,no,"dedotto: i CdP Investimenti non dichiarano la linea; associazione ricavata da nomi e comuni citati, in corso di verifica"
I183,Raddoppio Maerne-Castelfranco Veneto Raddoppio Maerne-Castelfranco Veneto PROG PROG,OpenStreetMap (relazione route=railway),7795930,Ferrovia Padova – Calalzo,media,comuni,,1,no,"dedotto: i CdP Investimenti non dichiarano la linea; associazione ricavata da nomi e comuni citati, in corso di verifica"
I183,Raddoppio Maerne-Castelfranco Veneto Raddoppio Maerne-Castelfranco Veneto PROG PROG,OpenStreetMap (relazione route=railway),553079,Ferrovia Primolano - Venezia Santa Lucia,media,comuni,,1,no,"dedotto: i CdP Investimenti non dichiarano la linea; associazione ricavata da nomi e comuni citati, in corso di verifica"
I183,Raddoppio Maerne-Castelfranco Veneto Raddoppio Maerne-Castelfranco Veneto PROG PROG,OpenStreetMap (relazione route=railway),7795824,Ferrovia Vicenza - Treviso,media,comuni,,1,no,"dedotto: i CdP Investimenti non dichiarano la linea; associazione ricavata da nomi e comuni citati, in corso di verifica"
I184,Potenziamento Padova-Castelfranco Linea Padova-Vigodarzere: raddoppio ponte sul Brenta,OpenStreetMap (relazione route=railway),7795930,Ferrovia Padova – Calalzo,alta,nome-parziale+comuni,padova,2,no,"dedotto: i CdP Investimenti non dichiarano la linea; associazione ricavata da nomi e comuni citati, in corso di verifica"
I184,Potenziamento Padova-Castelfranco Linea Padova-Vigodarzere: raddoppio ponte sul Brenta,OpenStreetMap (relazione route=railway),532112,Ferrovia Padova - Venezia (Linea Storica),media,nome-parziale+comuni,padova,1,no,"dedotto: i CdP Investimenti non dichiarano la linea; associazione ricavata da nomi e comuni citati, in corso di verifica"
I184,Potenziamento Padova-Castelfranco Linea Padova-Vigodarzere: raddoppio ponte sul Brenta,OpenStreetMap (relazione route=railway),7795886,Ferrovia Padova – Bologna,media,nome-parziale+comuni,padova,1,no,"dedotto: i CdP Investimenti non dichiarano la linea; associazione ricavata da nomi e comuni citati, in corso di verifica"
I184,Potenziamento Padova-Castelfranco Linea Padova-Vigodarzere: raddoppio ponte sul Brenta,OpenStreetMap (relazione route=railway),546969,Ferrovia Milano-Venezia,media,comuni,,1,no,"dedotto: i CdP Investimenti non dichiarano la linea; associazione ricavata da nomi e comuni citati, in corso di verifica"
I185,Quadruplicamento Firenze Rifredi-Firenze Statuto,OpenStreetMap (relazione route=railway),9180193,Ferrovia Firenze-Lucca,media,nome-parziale+comuni,firenze,1,no,"dedotto: i CdP Investimenti non dichiarano la linea; associazione ricavata da nomi e comuni citati, in corso di verifica"
I185,Quadruplicamento Firenze Rifredi-Firenze Statuto,OpenStreetMap (relazione route=railway),1811976,Direttissima Firenze S.M.N. - Roma Termini,media,comuni,,1,no,"dedotto: i CdP Investimenti non dichiarano la linea; associazione ricavata da nomi e comuni citati, in corso di verifica"
I185,Quadruplicamento Firenze Rifredi-Firenze Statuto,OpenStreetMap (relazione route=railway),2172727,Ferrovia Bologna-Firenze (alta velocità),bassa,nome-parziale+comuni,firenze,1,no,"dedotto: i CdP Investimenti non dichiarano la linea; associazione ricavata da nomi e comuni citati, in corso di verifica"
NA023,Interventi connessi a linea AV/AC Milano - Bologna,OpenStreetMap (relazione route=railway),7481564,Ferrovia Milano-Bologna,alta,nome+comuni,milano|bologna,2,si,"dedotto: i CdP Investimenti non dichiarano la linea; associazione ricavata da nomi e comuni citati, in corso di verifica"
NA023,Interventi connessi a linea AV/AC Milano - Bologna,OpenStreetMap (relazione route=railway),1962856,Ferrovia ad alta velocità Milano – Bologna (biforcazione),alta,nome-parziale+comuni,bologna,2,no,"dedotto: i CdP Investimenti non dichiarano la linea; associazione ricavata da nomi e comuni citati, in corso di verifica"
NA023,Interventi connessi a linea AV/AC Milano - Bologna,OpenStreetMap (relazione route=railway),6789381,Ferrovia Milano-Verona AV/AC,alta,nome+comuni,milano|ac,1,no,"dedotto: i CdP Investimenti non dichiarano la linea; associazione ricavata da nomi e comuni citati, in corso di verifica"
NA023,Interventi connessi a linea AV/AC Milano - Bologna,OpenStreetMap (relazione route=railway),1782127,Ferrovia Bologna - Verona,media,nome-parziale+comuni,bologna,1,no,"dedotto: i CdP Investimenti non dichiarano la linea; associazione ricavata da nomi e comuni citati, in corso di verifica"
NA023,Interventi connessi a linea AV/AC Milano - Bologna,OpenStreetMap (relazione route=railway),2172727,Ferrovia Bologna-Firenze (alta velocità),media,nome-parziale+comuni,bologna,1,no,"dedotto: i CdP Investimenti non dichiarano la linea; associazione ricavata da nomi e comuni citati, in corso di verifica"
NA023,Interventi connessi a linea AV/AC Milano - Bologna,OpenStreetMap (relazione route=railway),7475352,Ferrovia Domodossola-Milano,media,nome-parziale+comuni,milano,1,no,"dedotto: i CdP Investimenti non dichiarano la linea; associazione ricavata da nomi e comuni citati, in corso di verifica"
P014,Fermata passante nodo di Milano,OpenStreetMap (relazione route=railway),7475352,Ferrovia Domodossola-Milano,media,nome-parziale+comuni,milano,1,no,"dedotto: i CdP Investimenti non dichiarano la linea; associazione ricavata da nomi e comuni citati, in corso di verifica"
P014,Fermata passante nodo di Milano,OpenStreetMap (relazione route=railway),14603060,Ferrovia Milano-Asso,media,nome-parziale+comuni,milano,1,no,"dedotto: i CdP Investimenti non dichiarano la linea; associazione ricavata da nomi e comuni citati, in corso di verifica"
P014,Fermata passante nodo di Milano,OpenStreetMap (relazione route=railway),7481564,Ferrovia Milano-Bologna,media,nome-parziale+comuni,milano,1,no,"dedotto: i CdP Investimenti non dichiarano la linea; associazione ricavata da nomi e comuni citati, in corso di verifica"
P014,Fermata passante nodo di Milano,OpenStreetMap (relazione route=railway),12242964,Ferrovia Milano-Chiasso,media,nome-parziale+comuni,milano,1,no,"dedotto: i CdP Investimenti non dichiarano la linea; associazione ricavata da nomi e comuni citati, in corso di verifica"
P014,Fermata passante nodo di Milano,OpenStreetMap (relazione route=railway),19261719,Ferrovia Milano-Genova,media,nome-parziale+comuni,milano,1,no,"dedotto: i CdP Investimenti non dichiarano la linea; associazione ricavata da nomi e comuni citati, in corso di verifica"
P014,Fermata passante nodo di Milano,OpenStreetMap (relazione route=railway),15616423,Ferrovia Milano-Mortara,media,nome-parziale+comuni,milano,1,no,"dedotto: i CdP Investimenti non dichiarano la linea; associazione ricavata da nomi e comuni citati, in corso di verifica"
P053,Upgrading infrastrutturale e tecnologico nodo di Roma,OpenStreetMap (relazione route=railway),17940537,Ferrovia Roma-Fiumicino,media,nome-parziale+comuni,roma,1,no,"dedotto: i CdP Investimenti non dichiarano la linea; associazione ricavata da nomi e comuni citati, in corso di verifica"
P053,Upgrading infrastrutturale e tecnologico nodo di Roma,OpenStreetMap (relazione route=railway),17959804,Cintura Nord di Roma,media,comuni,,1,no,"dedotto: i CdP Investimenti non dichiarano la linea; associazione ricavata da nomi e comuni citati, in corso di verifica"
P053,Upgrading infrastrutturale e tecnologico nodo di Roma,OpenStreetMap (relazione route=railway),1811976,Direttissima Firenze S.M.N. - Roma Termini,media,comuni,,1,no,"dedotto: i CdP Investimenti non dichiarano la linea; associazione ricavata da nomi e comuni citati, in corso di verifica"
P053,Upgrading infrastrutturale e tecnologico nodo di Roma,OpenStreetMap (relazione route=railway),2178861,Italia - Città del Vaticano,media,comuni,,1,no,"dedotto: i CdP Investimenti non dichiarano la linea; associazione ricavata da nomi e comuni citati, in corso di verifica"
P054,Upgrading infrastrutturale e tecnologico nodo di Milano,OpenStreetMap (relazione route=railway),7475352,Ferrovia Domodossola-Milano,media,nome-parziale+comuni,milano,1,no,"dedotto: i CdP Investimenti non dichiarano la linea; associazione ricavata da nomi e comuni citati, in corso di verifica"
P054,Upgrading infrastrutturale e tecnologico nodo di Milano,OpenStreetMap (relazione route=railway),14603060,Ferrovia Milano-Asso,media,nome-parziale+comuni,milano,1,no,"dedotto: i CdP Investimenti non dichiarano la linea; associazione ricavata da nomi e comuni citati, in corso di verifica"
P054,Upgrading infrastrutturale e tecnologico nodo di Milano,OpenStreetMap (relazione route=railway),7481564,Ferrovia Milano-Bologna,media,nome-parziale+comuni,milano,1,no,"dedotto: i CdP Investimenti non dichiarano la linea; associazione ricavata da nomi e comuni citati, in corso di verifica"
P054,Upgrading infrastrutturale e tecnologico nodo di Milano,OpenStreetMap (relazione route=railway),12242964,Ferrovia Milano-Chiasso,media,nome-parziale+comuni,milano,1,no,"dedotto: i CdP Investimenti non dichiarano la linea; associazione ricavata da nomi e comuni citati, in corso di verifica"
P054,Upgrading infrastrutturale e tecnologico nodo di Milano,OpenStreetMap (relazione route=railway),19261719,Ferrovia Milano-Genova,media,nome-parziale+comuni,milano,1,no,"dedotto: i CdP Investimenti non dichiarano la linea; associazione ricavata da nomi e comuni citati, in corso di verifica"
P054,Upgrading infrastrutturale e tecnologico nodo di Milano,OpenStreetMap (relazione route=railway),15616423,Ferrovia Milano-Mortara,media,nome-parziale+comuni,milano,1,no,"dedotto: i CdP Investimenti non dichiarano la linea; associazione ricavata da nomi e comuni citati, in corso di verifica"
P067,Velocizzazione linee Milano-Venezia e Venezia- Trieste,OpenStreetMap (relazione route=railway),546969,Ferrovia Milano-Venezia,alta,nome+comuni,milano|venezia,2,no,"dedotto: i CdP Investimenti non dichiarano la linea; associazione ricavata da nomi e comuni citati, in corso di verifica"
P067,Velocizzazione linee Milano-Venezia e Venezia- Trieste,OpenStreetMap (relazione route=railway),7475352,Ferrovia Domodossola-Milano,media,nome-parziale+comuni,milano,1,no,"dedotto: i CdP Investimenti non dichiarano la linea; associazione ricavata da nomi e comuni citati, in corso di verifica"
P067,Velocizzazione linee Milano-Venezia e Venezia- Trieste,OpenStreetMap (relazione route=railway),14603060,Ferrovia Milano-Asso,media,nome-parziale+comuni,milano,1,no,"dedotto: i CdP Investimenti non dichiarano la linea; associazione ricavata da nomi e comuni citati, in corso di verifica"
P067,Velocizzazione linee Milano-Venezia e Venezia- Trieste,OpenStreetMap (relazione route=railway),7481564,Ferrovia Milano-Bologna,media,nome-parziale+comuni,milano,1,no,"dedotto: i CdP Investimenti non dichiarano la linea; associazione ricavata da nomi e comuni citati, in corso di verifica"
P067,Velocizzazione linee Milano-Venezia e Venezia- Trieste,OpenStreetMap (relazione route=railway),12242964,Ferrovia Milano-Chiasso,media,nome-parziale+comuni,milano,1,no,"dedotto: i CdP Investimenti non dichiarano la linea; associazione ricavata da nomi e comuni citati, in corso di verifica"
P067,Velocizzazione linee Milano-Venezia e Venezia- Trieste,OpenStreetMap (relazione route=railway),19261719,Ferrovia Milano-Genova,media,nome-parziale+comuni,milano,1,no,"dedotto: i CdP Investimenti non dichiarano la linea; associazione ricavata da nomi e comuni citati, in corso di verifica"
P071,Upgrading infrastrutturale e tecnologico linea Milano-Bologna,OpenStreetMap (relazione route=railway),7481564,Ferrovia Milano-Bologna,alta,nome+comuni,milano|bologna,2,no,"dedotto: i CdP Investimenti non dichiarano la linea; associazione ricavata da nomi e comuni citati, in corso di verifica"
P071,Upgrading infrastrutturale e tecnologico linea Milano-Bologna,OpenStreetMap (relazione route=railway),1962856,Ferrovia ad alta velocità Milano – Bologna (biforcazione),media,nome-parziale+comuni,bologna,2,no,"dedotto: i CdP Investimenti non dichiarano la linea; associazione ricavata da nomi e comuni citati, in corso di verifica"
P071,Upgrading infrastrutturale e tecnologico linea Milano-Bologna,OpenStreetMap (relazione route=railway),1782127,Ferrovia Bologna - Verona,media,nome-parziale+comuni,bologna,1,no,"dedotto: i CdP Investimenti non dichiarano la linea; associazione ricavata da nomi e comuni citati, in corso di verifica"
P071,Upgrading infrastrutturale e tecnologico linea Milano-Bologna,OpenStreetMap (relazione route=railway),7475352,Ferrovia Domodossola-Milano,media,nome-parziale+comuni,milano,1,no,"dedotto: i CdP Investimenti non dichiarano la linea; associazione ricavata da nomi e comuni citati, in corso di verifica"
P071,Upgrading infrastrutturale e tecnologico linea Milano-Bologna,OpenStreetMap (relazione route=railway),14603060,Ferrovia Milano-Asso,media,nome-parziale+comuni,milano,1,no,"dedotto: i CdP Investimenti non dichiarano la linea; associazione ricavata da nomi e comuni citati, in corso di verifica"
P071,Upgrading infrastrutturale e tecnologico linea Milano-Bologna,OpenStreetMap (relazione route=railway),12242964,Ferrovia Milano-Chiasso,media,nome-parziale+comuni,milano,1,no,"dedotto: i CdP Investimenti non dichiarano la linea; associazione ricavata da nomi e comuni citati, in corso di verifica"
P072,Upgrading e potenziamento tecnologico itinerario Napoli-Bari-Lecce/Taranto,OpenStreetMap (relazione route=railway),16640417,Ferrovia Bari-Taranto,alta,nome+comuni,bari|taranto,2,no,"dedotto: i CdP Investimenti non dichiarano la linea; associazione ricavata da nomi e comuni citati, in corso di verifica"
P072,Upgrading e potenziamento tecnologico itinerario Napoli-Bari-Lecce/Taranto,OpenStreetMap (relazione route=railway),12454737,Napoli-Bari AV/AC,media,nome-parziale+comuni,napoli,2,no,"dedotto: i CdP Investimenti non dichiarano la linea; associazione ricavata da nomi e comuni citati, in corso di verifica"
P072,Upgrading e potenziamento tecnologico itinerario Napoli-Bari-Lecce/Taranto,OpenStreetMap (relazione route=railway),6334362,Bari Lamasinata - Bari Centrale (indipendente),media,nome-parziale+comuni,bari,1,no,"dedotto: i CdP Investimenti non dichiarano la linea; associazione ricavata da nomi e comuni citati, in corso di verifica"
P072,Upgrading e potenziamento tecnologico itinerario Napoli-Bari-Lecce/Taranto,OpenStreetMap (relazione route=railway),17976116,Ferrovia Bitritto,media,comuni,,1,no,"dedotto: i CdP Investimenti non dichiarano la linea; associazione ricavata da nomi e comuni citati, in corso di verifica"
P072,Upgrading e potenziamento tecnologico itinerario Napoli-Bari-Lecce/Taranto,OpenStreetMap (relazione route=railway),1778547,Metronapoli Linea 2 Nord,media,comuni,,1,no,"dedotto: i CdP Investimenti non dichiarano la linea; associazione ricavata da nomi e comuni citati, in corso di verifica"
P072,Upgrading e potenziamento tecnologico itinerario Napoli-Bari-Lecce/Taranto,OpenStreetMap (relazione route=railway),3158739,Servizio Ferroviario Urbano di Bari (Bari Santo Spirito → Bari Torre a Mare),media,comuni,,1,no,"dedotto: i CdP Investimenti non dichiarano la linea; associazione ricavata da nomi e comuni citati, in corso di verifica"
P074,"Ammodernamento e velocizzazione itinerari Palermo- Catania-Messina, Messina-Palermo e Messina-Siracusa",OpenStreetMap (relazione route=railway),3629581,Linea Messina - Siracusa,alta,nome+comuni,messina|siracusa,3,no,"dedotto: i CdP Investimenti non dichiarano la linea; associazione ricavata da nomi e comuni citati, in corso di verifica"
P074,"Ammodernamento e velocizzazione itinerari Palermo- Catania-Messina, Messina-Palermo e Messina-Siracusa",OpenStreetMap (relazione route=railway),10071532,Linea Messina Centrale - Palermo Centrale / Bivio Terme Vigliatore - Patti-San Piero Patti,alta,nome+comuni,messina|palermo,2,no,"dedotto: i CdP Investimenti non dichiarano la linea; associazione ricavata da nomi e comuni citati, in corso di verifica"
P074,"Ammodernamento e velocizzazione itinerari Palermo- Catania-Messina, Messina-Palermo e Messina-Siracusa",OpenStreetMap (relazione route=railway),11124943,Ferrovia Dismessa per variante Terme Vigliatore-Messina Scalo,media,nome-parziale+comuni,messina,1,no,"dedotto: i CdP Investimenti non dichiarano la linea; associazione ricavata da nomi e comuni citati, in corso di verifica"
P074,"Ammodernamento e velocizzazione itinerari Palermo- Catania-Messina, Messina-Palermo e Messina-Siracusa",OpenStreetMap (relazione route=railway),11121598,Ferrovia dismessa per variante Carruba-Catania Centrale,media,nome-parziale+comuni,catania,1,no,"dedotto: i CdP Investimenti non dichiarano la linea; associazione ricavata da nomi e comuni citati, in corso di verifica"
P074,"Ammodernamento e velocizzazione itinerari Palermo- Catania-Messina, Messina-Palermo e Messina-Siracusa",OpenStreetMap (relazione route=railway),13271799,Linea Agrigento Centrale - Palermo Centrale,media,nome-parziale+comuni,palermo,1,no,"dedotto: i CdP Investimenti non dichiarano la linea; associazione ricavata da nomi e comuni citati, in corso di verifica"
P074,"Ammodernamento e velocizzazione itinerari Palermo- Catania-Messina, Messina-Palermo e Messina-Siracusa",OpenStreetMap (relazione route=railway),15317508,Linea Caltanissetta Centrale - Palermo Centrale,media,nome-parziale+comuni,palermo,1,no,"dedotto: i CdP Investimenti non dichiarano la linea; associazione ricavata da nomi e comuni citati, in corso di verifica"
P075,Upgrading infrastrutturale e tecnologico nodo di Venezia,OpenStreetMap (relazione route=railway),546969,Ferrovia Milano-Venezia,media,nome-parziale+comuni,venezia,1,no,"dedotto: i CdP Investimenti non dichiarano la linea; associazione ricavata da nomi e comuni citati, in corso di verifica"
P075,Upgrading infrastrutturale e tecnologico nodo di Venezia,OpenStreetMap (relazione route=railway),532112,Ferrovia Padova - Venezia (Linea Storica),media,nome-parziale+comuni,venezia,1,no,"dedotto: i CdP Investimenti non dichiarano la linea; associazione ricavata da nomi e comuni citati, in corso di verifica"
P075,Upgrading infrastrutturale e tecnologico nodo di Venezia,OpenStreetMap (relazione route=railway),553079,Ferrovia Primolano - Venezia Santa Lucia,media,comuni,,1,no,"dedotto: i CdP Investimenti non dichiarano la linea; associazione ricavata da nomi e comuni citati, in corso di verifica"
P075,Upgrading infrastrutturale e tecnologico nodo di Venezia,OpenStreetMap (relazione route=railway),553281,Ferrovia Venezia Santa Lucia - Sacile,media,comuni,,1,no,"dedotto: i CdP Investimenti non dichiarano la linea; associazione ricavata da nomi e comuni citati, in corso di verifica"
P076,Upgrading infrastrutturale e tecnologico nodo di Firenze,OpenStreetMap (relazione route=railway),9180193,Ferrovia Firenze-Lucca,media,nome-parziale+comuni,firenze,1,no,"dedotto: i CdP Investimenti non dichiarano la linea; associazione ricavata da nomi e comuni citati, in corso di verifica"
P076,Upgrading infrastrutturale e tecnologico nodo di Firenze,OpenStreetMap (relazione route=railway),1811976,Direttissima Firenze S.M.N. - Roma Termini,media,comuni,,1,no,"dedotto: i CdP Investimenti non dichiarano la linea; associazione ricavata da nomi e comuni citati, in corso di verifica"
P076,Upgrading infrastrutturale e tecnologico nodo di Firenze,OpenStreetMap (relazione route=railway),2172727,Ferrovia Bologna-Firenze (alta velocità),bassa,nome-parziale+comuni,firenze,1,no,"dedotto: i CdP Investimenti non dichiarano la linea; associazione ricavata da nomi e comuni citati, in corso di verifica"
P078,Messa in sicurezza dell’asse ferroviario Cuneo - Ventimiglia (opere di competenza RFI),OpenStreetMap (relazione route=railway),16104992,Ferrovia Cuneo-Mondovì,media,nome-parziale+comuni,cuneo,1,no,"dedotto: i CdP Investimenti non dichiarano la linea; associazione ricavata da nomi e comuni citati, in corso di verifica"
P078,Messa in sicurezza dell’asse ferroviario Cuneo - Ventimiglia (opere di competenza RFI),OpenStreetMap (relazione route=railway),2590941,Ferrovia Genova-Ventimiglia,media,nome-parziale+comuni,ventimiglia,1,no,"dedotto: i CdP Investimenti non dichiarano la linea; associazione ricavata da nomi e comuni citati, in corso di verifica"
P078,Messa in sicurezza dell’asse ferroviario Cuneo - Ventimiglia (opere di competenza RFI),OpenStreetMap (relazione route=railway),557246,RFI L.6 - Savigliano - Cuneo,media,nome-parziale+comuni,cuneo,1,no,"dedotto: i CdP Investimenti non dichiarano la linea; associazione ricavata da nomi e comuni citati, in corso di verifica"
P078,Messa in sicurezza dell’asse ferroviario Cuneo - Ventimiglia (opere di competenza RFI),OpenStreetMap (relazione route=railway),14396395,Ventimiglia-Marsiglia (confine),media,nome-parziale+comuni,ventimiglia,1,no,"dedotto: i CdP Investimenti non dichiarano la linea; associazione ricavata da nomi e comuni citati, in corso di verifica"
P080,Upgrading infrastrutturale e tecnologico nodo di Torino,OpenStreetMap (relazione route=railway),7699365,Ferrovia Torino-Genova,media,nome-parziale+comuni,torino,1,no,"dedotto: i CdP Investimenti non dichiarano la linea; associazione ricavata da nomi e comuni citati, in corso di verifica"
P080,Upgrading infrastrutturale e tecnologico nodo di Torino,OpenStreetMap (relazione route=railway),7808741,Torino-Modane,media,nome-parziale+comuni,torino,1,no,"dedotto: i CdP Investimenti non dichiarano la linea; associazione ricavata da nomi e comuni citati, in corso di verifica"
P080,Upgrading infrastrutturale e tecnologico nodo di Torino,OpenStreetMap (relazione route=railway),6927937,Ligne Nouvelle Lyon - Turin,media,comuni,,1,no,"dedotto: i CdP Investimenti non dichiarano la linea; associazione ricavata da nomi e comuni citati, in corso di verifica"
P080,Upgrading infrastrutturale e tecnologico nodo di Torino,OpenStreetMap (relazione route=railway),2596061,Torino-Milano (Alta Velocità),bassa,nome-parziale+comuni,torino,1,no,"dedotto: i CdP Investimenti non dichiarano la linea; associazione ricavata da nomi e comuni citati, in corso di verifica"
P087A,Ammodernamento e potenziamento rete ferroviaria Regione Abruzzo - Bretella Sulmona Bretella Sulmona,OpenStreetMap (relazione route=railway),7256956,Ferrovia Sulmona – Carpinone,media,nome-parziale+comuni,sulmona,1,no,"dedotto: i CdP Investimenti non dichiarano la linea; associazione ricavata da nomi e comuni citati, in corso di verifica"
P090,Upgrade tecnologico linea DD Firenze-Roma,OpenStreetMap (relazione route=railway),1811976,Direttissima Firenze S.M.N. - Roma Termini,alta,comuni,,2,no,"dedotto: i CdP Investimenti non dichiarano la linea; associazione ricavata da nomi e comuni citati, in corso di verifica"
P090,Upgrade tecnologico linea DD Firenze-Roma,OpenStreetMap (relazione route=railway),9180193,Ferrovia Firenze-Lucca,media,nome-parziale+comuni,firenze,1,no,"dedotto: i CdP Investimenti non dichiarano la linea; associazione ricavata da nomi e comuni citati, in corso di verifica"
P090,Upgrade tecnologico linea DD Firenze-Roma,OpenStreetMap (relazione route=railway),17940537,Ferrovia Roma-Fiumicino,media,nome-parziale+comuni,roma,1,no,"dedotto: i CdP Investimenti non dichiarano la linea; associazione ricavata da nomi e comuni citati, in corso di verifica"
P090,Upgrade tecnologico linea DD Firenze-Roma,OpenStreetMap (relazione route=railway),17959804,Cintura Nord di Roma,media,comuni,,1,no,"dedotto: i CdP Investimenti non dichiarano la linea; associazione ricavata da nomi e comuni citati, in corso di verifica"
P090,Upgrade tecnologico linea DD Firenze-Roma,OpenStreetMap (relazione route=railway),2178861,Italia - Città del Vaticano,media,comuni,,1,no,"dedotto: i CdP Investimenti non dichiarano la linea; associazione ricavata da nomi e comuni citati, in corso di verifica"
P090,Upgrade tecnologico linea DD Firenze-Roma,OpenStreetMap (relazione route=railway),2172727,Ferrovia Bologna-Firenze (alta velocità),bassa,nome-parziale+comuni,firenze,1,no,"dedotto: i CdP Investimenti non dichiarano la linea; associazione ricavata da nomi e comuni citati, in corso di verifica"
P094,Upgrading infrastrutturale e tecnologico linee Roma-Napoli,OpenStreetMap (relazione route=railway),17940537,Ferrovia Roma-Fiumicino,media,nome-parziale+comuni,roma,1,no,"dedotto: i CdP Investimenti non dichiarano la linea; associazione ricavata da nomi e comuni citati, in corso di verifica"
P094,Upgrading infrastrutturale e tecnologico linee Roma-Napoli,OpenStreetMap (relazione route=railway),17959804,Cintura Nord di Roma,media,comuni,,1,no,"dedotto: i CdP Investimenti non dichiarano la linea; associazione ricavata da nomi e comuni citati, in corso di verifica"
P094,Upgrading infrastrutturale e tecnologico linee Roma-Napoli,OpenStreetMap (relazione route=railway),1811976,Direttissima Firenze S.M.N. - Roma Termini,media,comuni,,1,no,"dedotto: i CdP Investimenti non dichiarano la linea; associazione ricavata da nomi e comuni citati, in corso di verifica"
P094,Upgrading infrastrutturale e tecnologico linee Roma-Napoli,OpenStreetMap (relazione route=railway),2178861,Italia - Città del Vaticano,media,comuni,,1,no,"dedotto: i CdP Investimenti non dichiarano la linea; associazione ricavata da nomi e comuni citati, in corso di verifica"
P094,Upgrading infrastrutturale e tecnologico linee Roma-Napoli,OpenStreetMap (relazione route=railway),1778547,Metronapoli Linea 2 Nord,media,comuni,,1,no,"dedotto: i CdP Investimenti non dichiarano la linea; associazione ricavata da nomi e comuni citati, in corso di verifica"
P094,Upgrading infrastrutturale e tecnologico linee Roma-Napoli,OpenStreetMap (relazione route=railway),7343201,Ferrovia Napoli–Salerno (via Galleria Santa Lucia),media,nome-parziale,napoli,,no,"dedotto: i CdP Investimenti non dichiarano la linea; associazione ricavata da nomi e comuni citati, in corso di verifica"
P101,Potenziamento linea Empoli-Siena Raddoppio Empoli-Granaiolo Elettrificazione linea Empoli-Siena ITER,OpenStreetMap (relazione route=railway),18124912,Ferrovia Centrale Toscana,alta,comuni,,2,no,"dedotto: i CdP Investimenti non dichiarano la linea; associazione ricavata da nomi e comuni citati, in corso di verifica"
P101,Potenziamento linea Empoli-Siena Raddoppio Empoli-Granaiolo Elettrificazione linea Empoli-Siena ITER,OpenStreetMap (relazione route=railway),18071654,Ferrovia Montepescali-Siena,media,nome-parziale+comuni,siena,1,no,"dedotto: i CdP Investimenti non dichiarano la linea; associazione ricavata da nomi e comuni citati, in corso di verifica"
P106,Gronda merci di Roma - Cintura sud,OpenStreetMap (relazione route=railway),17940537,Ferrovia Roma-Fiumicino,media,nome-parziale+comuni,roma,1,no,"dedotto: i CdP Investimenti non dichiarano la linea; associazione ricavata da nomi e comuni citati, in corso di verifica"
P106,Gronda merci di Roma - Cintura sud,OpenStreetMap (relazione route=railway),17959804,Cintura Nord di Roma,media,comuni,,1,no,"dedotto: i CdP Investimenti non dichiarano la linea; associazione ricavata da nomi e comuni citati, in corso di verifica"
P106,Gronda merci di Roma - Cintura sud,OpenStreetMap (relazione route=railway),1811976,Direttissima Firenze S.M.N. - Roma Termini,media,comuni,,1,no,"dedotto: i CdP Investimenti non dichiarano la linea; associazione ricavata da nomi e comuni citati, in corso di verifica"
P106,Gronda merci di Roma - Cintura sud,OpenStreetMap (relazione route=railway),2178861,Italia - Città del Vaticano,media,comuni,,1,no,"dedotto: i CdP Investimenti non dichiarano la linea; associazione ricavata da nomi e comuni citati, in corso di verifica"
P112,Upgrading infrastrutturale e tecnologico nodo di Bologna,OpenStreetMap (relazione route=railway),1782127,Ferrovia Bologna - Verona,media,nome-parziale+comuni,bologna,1,no,"dedotto: i CdP Investimenti non dichiarano la linea; associazione ricavata da nomi e comuni citati, in corso di verifica"
P112,Upgrading infrastrutturale e tecnologico nodo di Bologna,OpenStreetMap (relazione route=railway),7481564,Ferrovia Milano-Bologna,media,nome-parziale+comuni,bologna,1,no,"dedotto: i CdP Investimenti non dichiarano la linea; associazione ricavata da nomi e comuni citati, in corso di verifica"
P112,Upgrading infrastrutturale e tecnologico nodo di Bologna,OpenStreetMap (relazione route=railway),7795886,Ferrovia Padova – Bologna,media,nome-parziale+comuni,bologna,1,no,"dedotto: i CdP Investimenti non dichiarano la linea; associazione ricavata da nomi e comuni citati, in corso di verifica"
P112,Upgrading infrastrutturale e tecnologico nodo di Bologna,OpenStreetMap (relazione route=railway),16108812,Linea di cintura di Bologna,media,comuni,,1,no,"dedotto: i CdP Investimenti non dichiarano la linea; associazione ricavata da nomi e comuni citati, in corso di verifica"
P112,Upgrading infrastrutturale e tecnologico nodo di Bologna,OpenStreetMap (relazione route=railway),2172727,Ferrovia Bologna-Firenze (alta velocità),bassa,nome-parziale+comuni,bologna,1,no,"dedotto: i CdP Investimenti non dichiarano la linea; associazione ricavata da nomi e comuni citati, in corso di verifica"
P112,Upgrading infrastrutturale e tecnologico nodo di Bologna,OpenStreetMap (relazione route=railway),1962856,Ferrovia ad alta velocità Milano – Bologna (biforcazione),bassa,nome-parziale+comuni,bologna,1,no,"dedotto: i CdP Investimenti non dichiarano la linea; associazione ricavata da nomi e comuni citati, in corso di verifica"
P120,Adeguamento prestazionale e Upgrading direttrice Genova-Ventimiglia/La Spezia,OpenStreetMap (relazione route=railway),2590941,Ferrovia Genova-Ventimiglia,alta,nome+comuni,genova|ventimiglia,2,no,"dedotto: i CdP Investimenti non dichiarano la linea; associazione ricavata da nomi e comuni citati, in corso di verifica"
P120,Adeguamento prestazionale e Upgrading direttrice Genova-Ventimiglia/La Spezia,OpenStreetMap (relazione route=railway),7841395,Ferrovia Asti-Genova,media,nome-parziale+comuni,genova,1,no,"dedotto: i CdP Investimenti non dichiarano la linea; associazione ricavata da nomi e comuni citati, in corso di verifica"
P120,Adeguamento prestazionale e Upgrading direttrice Genova-Ventimiglia/La Spezia,OpenStreetMap (relazione route=railway),19261719,Ferrovia Milano-Genova,media,nome-parziale+comuni,genova,1,no,"dedotto: i CdP Investimenti non dichiarano la linea; associazione ricavata da nomi e comuni citati, in corso di verifica"
P120,Adeguamento prestazionale e Upgrading direttrice Genova-Ventimiglia/La Spezia,OpenStreetMap (relazione route=railway),7699365,Ferrovia Torino-Genova,media,nome-parziale+comuni,genova,1,no,"dedotto: i CdP Investimenti non dichiarano la linea; associazione ricavata da nomi e comuni citati, in corso di verifica"
P120,Adeguamento prestazionale e Upgrading direttrice Genova-Ventimiglia/La Spezia,OpenStreetMap (relazione route=railway),14396395,Ventimiglia-Marsiglia (confine),media,nome-parziale+comuni,ventimiglia,1,no,"dedotto: i CdP Investimenti non dichiarano la linea; associazione ricavata da nomi e comuni citati, in corso di verifica"
P120,Adeguamento prestazionale e Upgrading direttrice Genova-Ventimiglia/La Spezia,OpenStreetMap (relazione route=railway),16107068,Bretella di Pra',media,comuni,,1,no,"dedotto: i CdP Investimenti non dichiarano la linea; associazione ricavata da nomi e comuni citati, in corso di verifica"
P123,Elettrificazione Ivrea-Aosta e adeguamento linea Chivasso - Aosta Elettrificazione Ivrea-Aosta e Velocizzazione impianti e soppressione PL linea Chivasso-Aosta,OpenStreetMap (relazione route=railway),14588973,Ferrovia Chivasso-Asti,media,nome-parziale+comuni,chivasso,1,no,"dedotto: i CdP Investimenti non dichiarano la linea; associazione ricavata da nomi e comuni citati, in corso di verifica"
P123,Elettrificazione Ivrea-Aosta e adeguamento linea Chivasso - Aosta Elettrificazione Ivrea-Aosta e Velocizzazione impianti e soppressione PL linea Chivasso-Aosta,OpenStreetMap (relazione route=railway),2596061,Torino-Milano (Alta Velocità),bassa,comuni,,1,no,"dedotto: i CdP Investimenti non dichiarano la linea; associazione ricavata da nomi e comuni citati, in corso di verifica"
P124,Adeguamento e miglioramento linea ferroviaria Chivasso-Ivrea-Quincinetto,OpenStreetMap (relazione route=railway),14588973,Ferrovia Chivasso-Asti,media,nome-parziale+comuni,chivasso,1,no,"dedotto: i CdP Investimenti non dichiarano la linea; associazione ricavata da nomi e comuni citati, in corso di verifica"
P124,Adeguamento e miglioramento linea ferroviaria Chivasso-Ivrea-Quincinetto,OpenStreetMap (relazione route=railway),2596061,Torino-Milano (Alta Velocità),bassa,comuni,,1,no,"dedotto: i CdP Investimenti non dichiarano la linea; associazione ricavata da nomi e comuni citati, in corso di verifica"
P126,Velocizzazione direttrice Salerno-Taranto Velocizzazione impianti linea Battipaglia-Potenza,OpenStreetMap (relazione route=railway),16640417,Ferrovia Bari-Taranto,media,nome-parziale+comuni,taranto,1,no,"dedotto: i CdP Investimenti non dichiarano la linea; associazione ricavata da nomi e comuni citati, in corso di verifica"
P126,Velocizzazione direttrice Salerno-Taranto Velocizzazione impianti linea Battipaglia-Potenza,OpenStreetMap (relazione route=railway),7343201,Ferrovia Napoli–Salerno (via Galleria Santa Lucia),media,nome-parziale+comuni,salerno,1,no,"dedotto: i CdP Investimenti non dichiarano la linea; associazione ricavata da nomi e comuni citati, in corso di verifica"
P126,Velocizzazione direttrice Salerno-Taranto Velocizzazione impianti linea Battipaglia-Potenza,OpenStreetMap (relazione route=railway),7795822,Tratto comune LMV / Salerno-Caserta,media,nome-parziale+comuni,salerno,1,no,"dedotto: i CdP Investimenti non dichiarano la linea; associazione ricavata da nomi e comuni citati, in corso di verifica"
P126,Velocizzazione direttrice Salerno-Taranto Velocizzazione impianti linea Battipaglia-Potenza,OpenStreetMap (relazione route=railway),17941980,Interconnessione Battipaglia,media,comuni,,1,no,"dedotto: i CdP Investimenti non dichiarano la linea; associazione ricavata da nomi e comuni citati, in corso di verifica"
P126,Velocizzazione direttrice Salerno-Taranto Velocizzazione impianti linea Battipaglia-Potenza,OpenStreetMap (relazione route=railway),5381831,Ferrovia Salerno - Cancello,media,nome-parziale,salerno,,no,"dedotto: i CdP Investimenti non dichiarano la linea; associazione ricavata da nomi e comuni citati, in corso di verifica"
P128,Elettrificazione linea Trento-Bassano 1^ fase Elettrificazione Trento-Borgo Valsugana,OpenStreetMap (relazione route=railway),15737281,Ferrovia Trento - Primolano,alta,nome-parziale+comuni,trento,2,si,"dedotto: i CdP Investimenti non dichiarano la linea; associazione ricavata da nomi e comuni citati, in corso di verifica"
P128,Elettrificazione linea Trento-Bassano 1^ fase Elettrificazione Trento-Borgo Valsugana,OpenStreetMap (relazione route=railway),9950349,Ferrovia Bassano - Camposampiero,media,nome-parziale,bassano,,no,"dedotto: i CdP Investimenti non dichiarano la linea; associazione ricavata da nomi e comuni citati, in corso di verifica"
P128,Elettrificazione linea Trento-Bassano 1^ fase Elettrificazione Trento-Borgo Valsugana,OpenStreetMap (relazione route=railway),18268249,Linea del Brennero (alta velocità),bassa,comuni,,1,no,"dedotto: i CdP Investimenti non dichiarano la linea; associazione ricavata da nomi e comuni citati, in corso di verifica"
P129,Collegamento ferroviario aeroporto di Genova Fermate di Erzelli/Aeroporto e Cornigliano est ACC e PRG Sestri Ponente PROG PROG,OpenStreetMap (relazione route=railway),7841395,Ferrovia Asti-Genova,media,nome-parziale+comuni,genova,1,no,"dedotto: i CdP Investimenti non dichiarano la linea; associazione ricavata da nomi e comuni citati, in corso di verifica"
P129,Collegamento ferroviario aeroporto di Genova Fermate di Erzelli/Aeroporto e Cornigliano est ACC e PRG Sestri Ponente PROG PROG,OpenStreetMap (relazione route=railway),2590941,Ferrovia Genova-Ventimiglia,media,nome-parziale+comuni,genova,1,no,"dedotto: i CdP Investimenti non dichiarano la linea; associazione ricavata da nomi e comuni citati, in corso di verifica"
P129,Collegamento ferroviario aeroporto di Genova Fermate di Erzelli/Aeroporto e Cornigliano est ACC e PRG Sestri Ponente PROG PROG,OpenStreetMap (relazione route=railway),19261719,Ferrovia Milano-Genova,media,nome-parziale+comuni,genova,1,no,"dedotto: i CdP Investimenti non dichiarano la linea; associazione ricavata da nomi e comuni citati, in corso di verifica"
P129,Collegamento ferroviario aeroporto di Genova Fermate di Erzelli/Aeroporto e Cornigliano est ACC e PRG Sestri Ponente PROG PROG,OpenStreetMap (relazione route=railway),7699365,Ferrovia Torino-Genova,media,nome-parziale+comuni,genova,1,no,"dedotto: i CdP Investimenti non dichiarano la linea; associazione ricavata da nomi e comuni citati, in corso di verifica"
P129,Collegamento ferroviario aeroporto di Genova Fermate di Erzelli/Aeroporto e Cornigliano est ACC e PRG Sestri Ponente PROG PROG,OpenStreetMap (relazione route=railway),16107068,Bretella di Pra',media,comuni,,1,no,"dedotto: i CdP Investimenti non dichiarano la linea; associazione ricavata da nomi e comuni citati, in corso di verifica"
P129,Collegamento ferroviario aeroporto di Genova Fermate di Erzelli/Aeroporto e Cornigliano est ACC e PRG Sestri Ponente PROG PROG,OpenStreetMap (relazione route=railway),16107066,Curva Molini,media,comuni,,1,no,"dedotto: i CdP Investimenti non dichiarano la linea; associazione ricavata da nomi e comuni citati, in corso di verifica"
P131,Velocizzazione linea Torino-Genova Velocizzazione Torino-Genova 1^ fase (potenziamento tecnologico e rettifiche di tracciato) Velocizzazione Torino-Genova 2^ fase (varianti di tracciato),OpenStreetMap (relazione route=railway),7699365,Ferrovia Torino-Genova,alta,nome+comuni,torino|genova,2,no,"dedotto: i CdP Investimenti non dichiarano la linea; associazione ricavata da nomi e comuni citati, in corso di verifica"
P131,Velocizzazione linea Torino-Genova Velocizzazione Torino-Genova 1^ fase (potenziamento tecnologico e rettifiche di tracciato) Velocizzazione Torino-Genova 2^ fase (varianti di tracciato),OpenStreetMap (relazione route=railway),7841395,Ferrovia Asti-Genova,media,nome-parziale+comuni,genova,1,no,"dedotto: i CdP Investimenti non dichiarano la linea; associazione ricavata da nomi e comuni citati, in corso di verifica"
P131,Velocizzazione linea Torino-Genova Velocizzazione Torino-Genova 1^ fase (potenziamento tecnologico e rettifiche di tracciato) Velocizzazione Torino-Genova 2^ fase (varianti di tracciato),OpenStreetMap (relazione route=railway),2590941,Ferrovia Genova-Ventimiglia,media,nome-parziale+comuni,genova,1,no,"dedotto: i CdP Investimenti non dichiarano la linea; associazione ricavata da nomi e comuni citati, in corso di verifica"
P131,Velocizzazione linea Torino-Genova Velocizzazione Torino-Genova 1^ fase (potenziamento tecnologico e rettifiche di tracciato) Velocizzazione Torino-Genova 2^ fase (varianti di tracciato),OpenStreetMap (relazione route=railway),19261719,Ferrovia Milano-Genova,media,nome-parziale+comuni,genova,1,no,"dedotto: i CdP Investimenti non dichiarano la linea; associazione ricavata da nomi e comuni citati, in corso di verifica"
P131,Velocizzazione linea Torino-Genova Velocizzazione Torino-Genova 1^ fase (potenziamento tecnologico e rettifiche di tracciato) Velocizzazione Torino-Genova 2^ fase (varianti di tracciato),OpenStreetMap (relazione route=railway),7808741,Torino-Modane,media,nome-parziale+comuni,torino,1,no,"dedotto: i CdP Investimenti non dichiarano la linea; associazione ricavata da nomi e comuni citati, in corso di verifica"
P131,Velocizzazione linea Torino-Genova Velocizzazione Torino-Genova 1^ fase (potenziamento tecnologico e rettifiche di tracciato) Velocizzazione Torino-Genova 2^ fase (varianti di tracciato),OpenStreetMap (relazione route=railway),16107068,Bretella di Pra',media,comuni,,1,no,"dedotto: i CdP Investimenti non dichiarano la linea; associazione ricavata da nomi e comuni citati, in corso di verifica"
P133,Velocizzazione linea Milano-Genova Velocizzazione Milano-Genova 1^ fase - potenziamento tecnologico e 2^ fase - rettifiche di tracciato e piccole varianti,OpenStreetMap (relazione route=railway),19261719,Ferrovia Milano-Genova,alta,nome+comuni,milano|genova,2,no,"dedotto: i CdP Investimenti non dichiarano la linea; associazione ricavata da nomi e comuni citati, in corso di verifica"
P133,Velocizzazione linea Milano-Genova Velocizzazione Milano-Genova 1^ fase - potenziamento tecnologico e 2^ fase - rettifiche di tracciato e piccole varianti,OpenStreetMap (relazione route=railway),7841395,Ferrovia Asti-Genova,media,nome-parziale+comuni,genova,1,no,"dedotto: i CdP Investimenti non dichiarano la linea; associazione ricavata da nomi e comuni citati, in corso di verifica"
P133,Velocizzazione linea Milano-Genova Velocizzazione Milano-Genova 1^ fase - potenziamento tecnologico e 2^ fase - rettifiche di tracciato e piccole varianti,OpenStreetMap (relazione route=railway),7475352,Ferrovia Domodossola-Milano,media,nome-parziale+comuni,milano,1,no,"dedotto: i CdP Investimenti non dichiarano la linea; associazione ricavata da nomi e comuni citati, in corso di verifica"
P133,Velocizzazione linea Milano-Genova Velocizzazione Milano-Genova 1^ fase - potenziamento tecnologico e 2^ fase - rettifiche di tracciato e piccole varianti,OpenStreetMap (relazione route=railway),2590941,Ferrovia Genova-Ventimiglia,media,nome-parziale+comuni,genova,1,no,"dedotto: i CdP Investimenti non dichiarano la linea; associazione ricavata da nomi e comuni citati, in corso di verifica"
P133,Velocizzazione linea Milano-Genova Velocizzazione Milano-Genova 1^ fase - potenziamento tecnologico e 2^ fase - rettifiche di tracciato e piccole varianti,OpenStreetMap (relazione route=railway),14603060,Ferrovia Milano-Asso,media,nome-parziale+comuni,milano,1,no,"dedotto: i CdP Investimenti non dichiarano la linea; associazione ricavata da nomi e comuni citati, in corso di verifica"
P133,Velocizzazione linea Milano-Genova Velocizzazione Milano-Genova 1^ fase - potenziamento tecnologico e 2^ fase - rettifiche di tracciato e piccole varianti,OpenStreetMap (relazione route=railway),7481564,Ferrovia Milano-Bologna,media,nome-parziale+comuni,milano,1,no,"dedotto: i CdP Investimenti non dichiarano la linea; associazione ricavata da nomi e comuni citati, in corso di verifica"
P134,Upgrading infrastrutturale e tecnologico nodo di Napoli,OpenStreetMap (relazione route=railway),1778547,Metronapoli Linea 2 Nord,media,comuni,,1,no,"dedotto: i CdP Investimenti non dichiarano la linea; associazione ricavata da nomi e comuni citati, in corso di verifica"
P134,Upgrading infrastrutturale e tecnologico nodo di Napoli,OpenStreetMap (relazione route=railway),7343201,Ferrovia Napoli–Salerno (via Galleria Santa Lucia),media,nome-parziale,napoli,,no,"dedotto: i CdP Investimenti non dichiarano la linea; associazione ricavata da nomi e comuni citati, in corso di verifica"
P134,Upgrading infrastrutturale e tecnologico nodo di Napoli,OpenStreetMap (relazione route=railway),12454737,Napoli-Bari AV/AC,bassa,nome-parziale+comuni,napoli,1,no,"dedotto: i CdP Investimenti non dichiarano la linea; associazione ricavata da nomi e comuni citati, in corso di verifica"
P135,Upgrading infrastrutturale e tecnologico nodi di Palermo - Catania - Messina,OpenStreetMap (relazione route=railway),10071532,Linea Messina Centrale - Palermo Centrale / Bivio Terme Vigliatore - Patti-San Piero Patti,alta,nome+comuni,messina|palermo,2,no,"dedotto: i CdP Investimenti non dichiarano la linea; associazione ricavata da nomi e comuni citati, in corso di verifica"
P135,Upgrading infrastrutturale e tecnologico nodi di Palermo - Catania - Messina,OpenStreetMap (relazione route=railway),3629581,Linea Messina - Siracusa,alta,nome-parziale+comuni,messina,2,no,"dedotto: i CdP Investimenti non dichiarano la linea; associazione ricavata da nomi e comuni citati, in corso di verifica"
P135,Upgrading infrastrutturale e tecnologico nodi di Palermo - Catania - Messina,OpenStreetMap (relazione route=railway),11124943,Ferrovia Dismessa per variante Terme Vigliatore-Messina Scalo,media,nome-parziale+comuni,messina,1,no,"dedotto: i CdP Investimenti non dichiarano la linea; associazione ricavata da nomi e comuni citati, in corso di verifica"
P135,Upgrading infrastrutturale e tecnologico nodi di Palermo - Catania - Messina,OpenStreetMap (relazione route=railway),11121598,Ferrovia dismessa per variante Carruba-Catania Centrale,media,nome-parziale+comuni,catania,1,no,"dedotto: i CdP Investimenti non dichiarano la linea; associazione ricavata da nomi e comuni citati, in corso di verifica"
P135,Upgrading infrastrutturale e tecnologico nodi di Palermo - Catania - Messina,OpenStreetMap (relazione route=railway),13271799,Linea Agrigento Centrale - Palermo Centrale,media,nome-parziale+comuni,palermo,1,no,"dedotto: i CdP Investimenti non dichiarano la linea; associazione ricavata da nomi e comuni citati, in corso di verifica"
P135,Upgrading infrastrutturale e tecnologico nodi di Palermo - Catania - Messina,OpenStreetMap (relazione route=railway),15317508,Linea Caltanissetta Centrale - Palermo Centrale,media,nome-parziale+comuni,palermo,1,no,"dedotto: i CdP Investimenti non dichiarano la linea; associazione ricavata da nomi e comuni citati, in corso di verifica"
P141,Elettrificazione e velocizzazione Roccaravindola-Isernia- Campobasso,OpenStreetMap (relazione route=railway),17974716,Campobasso - Vairano-Caianello,alta,nome-parziale+comuni,campobasso,2,no,"dedotto: i CdP Investimenti non dichiarano la linea; associazione ricavata da nomi e comuni citati, in corso di verifica"
P142,"Porto di Ravenna Porto di Ravenna 1^ fase: Soppressione P.L. via Canale Molinetto, ITER adeguamento cavalcavia Teodorico, prolungamento del sottopassaggio pedonale di stazione e adeguamento collegamento esistente dorsale sinistra Candiano Porto di Ravenna 2^ fase: Potenziamento collegamenti esistenti ITER dorsali sinistra e destra Candiano",OpenStreetMap (relazione route=railway),7522566,Ravenna Port access,media,comuni,,1,no,"dedotto: i CdP Investimenti non dichiarano la linea; associazione ricavata da nomi e comuni citati, in corso di verifica"
P142A,"Porto di Ravenna 1^ fase: Prolungamento dorsale destra Candiano, soppressione del Passaggio a Livello di via Canale Molinetto, adeguamento sagoma cavalcavia Teodorico e altre opere - quota RFI",OpenStreetMap (relazione route=railway),7522566,Ravenna Port access,media,comuni,,1,no,"dedotto: i CdP Investimenti non dichiarano la linea; associazione ricavata da nomi e comuni citati, in corso di verifica"
P142B,Porto di Ravenna - completamento Completamento: interventi funzionali al potenziamento della relazione ferroviaria Ravenna-Poggio Rusco,OpenStreetMap (relazione route=railway),1782127,Ferrovia Bologna - Verona,media,comuni,,1,no,"dedotto: i CdP Investimenti non dichiarano la linea; associazione ricavata da nomi e comuni citati, in corso di verifica"
P142B,Porto di Ravenna - completamento Completamento: interventi funzionali al potenziamento della relazione ferroviaria Ravenna-Poggio Rusco,OpenStreetMap (relazione route=railway),7522566,Ravenna Port access,media,comuni,,1,no,"dedotto: i CdP Investimenti non dichiarano la linea; associazione ricavata da nomi e comuni citati, in corso di verifica"
P145,Elettrificazione Empoli-Siena,OpenStreetMap (relazione route=railway),18124912,Ferrovia Centrale Toscana,alta,comuni,,2,no,"dedotto: i CdP Investimenti non dichiarano la linea; associazione ricavata da nomi e comuni citati, in corso di verifica"
P145,Elettrificazione Empoli-Siena,OpenStreetMap (relazione route=railway),18071654,Ferrovia Montepescali-Siena,media,nome-parziale+comuni,siena,1,no,"dedotto: i CdP Investimenti non dichiarano la linea; associazione ricavata da nomi e comuni citati, in corso di verifica"
P146,Potenziamento e velocizzazione Firenze-Pisa,OpenStreetMap (relazione route=railway),9180193,Ferrovia Firenze-Lucca,media,nome-parziale+comuni,firenze,1,no,"dedotto: i CdP Investimenti non dichiarano la linea; associazione ricavata da nomi e comuni citati, in corso di verifica"
P146,Potenziamento e velocizzazione Firenze-Pisa,OpenStreetMap (relazione route=railway),3152298,Ferrovia Lucca - Pisa,media,nome-parziale+comuni,pisa,1,no,"dedotto: i CdP Investimenti non dichiarano la linea; associazione ricavata da nomi e comuni citati, in corso di verifica"
P146,Potenziamento e velocizzazione Firenze-Pisa,OpenStreetMap (relazione route=railway),9328966,Ferrovia Pisa-Tirrenia-Livorno,media,nome-parziale+comuni,pisa,1,no,"dedotto: i CdP Investimenti non dichiarano la linea; associazione ricavata da nomi e comuni citati, in corso di verifica"
P146,Potenziamento e velocizzazione Firenze-Pisa,OpenStreetMap (relazione route=railway),1811976,Direttissima Firenze S.M.N. - Roma Termini,media,comuni,,1,no,"dedotto: i CdP Investimenti non dichiarano la linea; associazione ricavata da nomi e comuni citati, in corso di verifica"
P146,Potenziamento e velocizzazione Firenze-Pisa,OpenStreetMap (relazione route=railway),6770774,La Spezia-Pisa,media,nome-parziale,pisa,,no,"dedotto: i CdP Investimenti non dichiarano la linea; associazione ricavata da nomi e comuni citati, in corso di verifica"
P146,Potenziamento e velocizzazione Firenze-Pisa,OpenStreetMap (relazione route=railway),2172727,Ferrovia Bologna-Firenze (alta velocità),bassa,nome-parziale+comuni,firenze,1,no,"dedotto: i CdP Investimenti non dichiarano la linea; associazione ricavata da nomi e comuni citati, in corso di verifica"
P147,Elettrificazione Civitanova-Macerata-Albacina Elettrificazione Civitanova-Macerata-Albacina,OpenStreetMap (relazione route=railway),2312810,Ferrovia Civitanova Marche – Fabriano,media,comuni,,1,no,"dedotto: i CdP Investimenti non dichiarano la linea; associazione ricavata da nomi e comuni citati, in corso di verifica"
P173,Nuovo terminale Milano smistamento (interventi RFI) Milano smistamento: attrezzaggio tecnologico nuovo terminale e opere di allaccio alla rete ferroviaria nazionale,OpenStreetMap (relazione route=railway),7475352,Ferrovia Domodossola-Milano,media,nome-parziale+comuni,milano,1,no,"dedotto: i CdP Investimenti non dichiarano la linea; associazione ricavata da nomi e comuni citati, in corso di verifica"
P173,Nuovo terminale Milano smistamento (interventi RFI) Milano smistamento: attrezzaggio tecnologico nuovo terminale e opere di allaccio alla rete ferroviaria nazionale,OpenStreetMap (relazione route=railway),14603060,Ferrovia Milano-Asso,media,nome-parziale+comuni,milano,1,no,"dedotto: i CdP Investimenti non dichiarano la linea; associazione ricavata da nomi e comuni citati, in corso di verifica"
P173,Nuovo terminale Milano smistamento (interventi RFI) Milano smistamento: attrezzaggio tecnologico nuovo terminale e opere di allaccio alla rete ferroviaria nazionale,OpenStreetMap (relazione route=railway),7481564,Ferrovia Milano-Bologna,media,nome-parziale+comuni,milano,1,no,"dedotto: i CdP Investimenti non dichiarano la linea; associazione ricavata da nomi e comuni citati, in corso di verifica"
P173,Nuovo terminale Milano smistamento (interventi RFI) Milano smistamento: attrezzaggio tecnologico nuovo terminale e opere di allaccio alla rete ferroviaria nazionale,OpenStreetMap (relazione route=railway),12242964,Ferrovia Milano-Chiasso,media,nome-parziale+comuni,milano,1,no,"dedotto: i CdP Investimenti non dichiarano la linea; associazione ricavata da nomi e comuni citati, in corso di verifica"
P173,Nuovo terminale Milano smistamento (interventi RFI) Milano smistamento: attrezzaggio tecnologico nuovo terminale e opere di allaccio alla rete ferroviaria nazionale,OpenStreetMap (relazione route=railway),19261719,Ferrovia Milano-Genova,media,nome-parziale+comuni,milano,1,no,"dedotto: i CdP Investimenti non dichiarano la linea; associazione ricavata da nomi e comuni citati, in corso di verifica"
P173,Nuovo terminale Milano smistamento (interventi RFI) Milano smistamento: attrezzaggio tecnologico nuovo terminale e opere di allaccio alla rete ferroviaria nazionale,OpenStreetMap (relazione route=railway),15616423,Ferrovia Milano-Mortara,media,nome-parziale+comuni,milano,1,no,"dedotto: i CdP Investimenti non dichiarano la linea; associazione ricavata da nomi e comuni citati, in corso di verifica"
P174,Scalo merci Bari Lamasinata Nuova stazione di Bari Lamasinata/Ferruccio fasi PROG PROG,OpenStreetMap (relazione route=railway),6334362,Bari Lamasinata - Bari Centrale (indipendente),alta,nome+comuni,bari lamasinata|bari,1,no,"dedotto: i CdP Investimenti non dichiarano la linea; associazione ricavata da nomi e comuni citati, in corso di verifica"
P174,Scalo merci Bari Lamasinata Nuova stazione di Bari Lamasinata/Ferruccio fasi PROG PROG,OpenStreetMap (relazione route=railway),16640417,Ferrovia Bari-Taranto,media,nome-parziale+comuni,bari,1,no,"dedotto: i CdP Investimenti non dichiarano la linea; associazione ricavata da nomi e comuni citati, in corso di verifica"
P174,Scalo merci Bari Lamasinata Nuova stazione di Bari Lamasinata/Ferruccio fasi PROG PROG,OpenStreetMap (relazione route=railway),17976116,Ferrovia Bitritto,media,comuni,,1,no,"dedotto: i CdP Investimenti non dichiarano la linea; associazione ricavata da nomi e comuni citati, in corso di verifica"
P174,Scalo merci Bari Lamasinata Nuova stazione di Bari Lamasinata/Ferruccio fasi PROG PROG,OpenStreetMap (relazione route=railway),3158739,Servizio Ferroviario Urbano di Bari (Bari Santo Spirito → Bari Torre a Mare),media,comuni,,1,no,"dedotto: i CdP Investimenti non dichiarano la linea; associazione ricavata da nomi e comuni citati, in corso di verifica"
P174,Scalo merci Bari Lamasinata Nuova stazione di Bari Lamasinata/Ferruccio fasi PROG PROG,OpenStreetMap (relazione route=railway),12454737,Napoli-Bari AV/AC,bassa,comuni,,1,no,"dedotto: i CdP Investimenti non dichiarano la linea; associazione ricavata da nomi e comuni citati, in corso di verifica"
P175,Scalo Torino Orbassano ACC Torino Orbassano Scalo Torino Orbassano: interventi in fascio container,OpenStreetMap (relazione route=railway),6927937,Ligne Nouvelle Lyon - Turin,alta,comuni,,2,no,"dedotto: i CdP Investimenti non dichiarano la linea; associazione ricavata da nomi e comuni citati, in corso di verifica"
P175,Scalo Torino Orbassano ACC Torino Orbassano Scalo Torino Orbassano: interventi in fascio container,OpenStreetMap (relazione route=railway),7699365,Ferrovia Torino-Genova,media,nome-parziale+comuni,torino,1,no,"dedotto: i CdP Investimenti non dichiarano la linea; associazione ricavata da nomi e comuni citati, in corso di verifica"
P175,Scalo Torino Orbassano ACC Torino Orbassano Scalo Torino Orbassano: interventi in fascio container,OpenStreetMap (relazione route=railway),7808741,Torino-Modane,media,nome-parziale+comuni,torino,1,no,"dedotto: i CdP Investimenti non dichiarano la linea; associazione ricavata da nomi e comuni citati, in corso di verifica"
P175,Scalo Torino Orbassano ACC Torino Orbassano Scalo Torino Orbassano: interventi in fascio container,OpenStreetMap (relazione route=railway),2596061,Torino-Milano (Alta Velocità),bassa,nome-parziale+comuni,torino,1,no,"dedotto: i CdP Investimenti non dichiarano la linea; associazione ricavata da nomi e comuni citati, in corso di verifica"
P192,Upgrading infrastrutturale e tecnologico nodo di Genova,OpenStreetMap (relazione route=railway),7841395,Ferrovia Asti-Genova,media,nome-parziale+comuni,genova,1,no,"dedotto: i CdP Investimenti non dichiarano la linea; associazione ricavata da nomi e comuni citati, in corso di verifica"
P192,Upgrading infrastrutturale e tecnologico nodo di Genova,OpenStreetMap (relazione route=railway),2590941,Ferrovia Genova-Ventimiglia,media,nome-parziale+comuni,genova,1,no,"dedotto: i CdP Investimenti non dichiarano la linea; associazione ricavata da nomi e comuni citati, in corso di verifica"
P192,Upgrading infrastrutturale e tecnologico nodo di Genova,OpenStreetMap (relazione route=railway),19261719,Ferrovia Milano-Genova,media,nome-parziale+comuni,genova,1,no,"dedotto: i CdP Investimenti non dichiarano la linea; associazione ricavata da nomi e comuni citati, in corso di verifica"
P192,Upgrading infrastrutturale e tecnologico nodo di Genova,OpenStreetMap (relazione route=railway),7699365,Ferrovia Torino-Genova,media,nome-parziale+comuni,genova,1,no,"dedotto: i CdP Investimenti non dichiarano la linea; associazione ricavata da nomi e comuni citati, in corso di verifica"
P192,Upgrading infrastrutturale e tecnologico nodo di Genova,OpenStreetMap (relazione route=railway),16107068,Bretella di Pra',media,comuni,,1,no,"dedotto: i CdP Investimenti non dichiarano la linea; associazione ricavata da nomi e comuni citati, in corso di verifica"
P192,Upgrading infrastrutturale e tecnologico nodo di Genova,OpenStreetMap (relazione route=railway),16107066,Curva Molini,media,comuni,,1,no,"dedotto: i CdP Investimenti non dichiarano la linea; associazione ricavata da nomi e comuni citati, in corso di verifica"
P193,Upgrading infrastrutturale e tecnologico nodo di Bari,OpenStreetMap (relazione route=railway),6334362,Bari Lamasinata - Bari Centrale (indipendente),media,nome-parziale+comuni,bari,1,no,"dedotto: i CdP Investimenti non dichiarano la linea; associazione ricavata da nomi e comuni citati, in corso di verifica"
P193,Upgrading infrastrutturale e tecnologico nodo di Bari,OpenStreetMap (relazione route=railway),16640417,Ferrovia Bari-Taranto,media,nome-parziale+comuni,bari,1,no,"dedotto: i CdP Investimenti non dichiarano la linea; associazione ricavata da nomi e comuni citati, in corso di verifica"
P193,Upgrading infrastrutturale e tecnologico nodo di Bari,OpenStreetMap (relazione route=railway),17976116,Ferrovia Bitritto,media,comuni,,1,no,"dedotto: i CdP Investimenti non dichiarano la linea; associazione ricavata da nomi e comuni citati, in corso di verifica"
P193,Upgrading infrastrutturale e tecnologico nodo di Bari,OpenStreetMap (relazione route=railway),3158739,Servizio Ferroviario Urbano di Bari (Bari Santo Spirito → Bari Torre a Mare),media,comuni,,1,no,"dedotto: i CdP Investimenti non dichiarano la linea; associazione ricavata da nomi e comuni citati, in corso di verifica"
P193,Upgrading infrastrutturale e tecnologico nodo di Bari,OpenStreetMap (relazione route=railway),12454737,Napoli-Bari AV/AC,bassa,comuni,,1,no,"dedotto: i CdP Investimenti non dichiarano la linea; associazione ricavata da nomi e comuni citati, in corso di verifica"
P196,Upgrading infrastrutturale e tecnologico nodo di Catania,OpenStreetMap (relazione route=railway),11121598,Ferrovia dismessa per variante Carruba-Catania Centrale,media,nome-parziale+comuni,catania,1,no,"dedotto: i CdP Investimenti non dichiarano la linea; associazione ricavata da nomi e comuni citati, in corso di verifica"
P196,Upgrading infrastrutturale e tecnologico nodo di Catania,OpenStreetMap (relazione route=railway),4743096,Linea Catania - Caltagirone - Gela,media,nome-parziale+comuni,catania,1,no,"dedotto: i CdP Investimenti non dichiarano la linea; associazione ricavata da nomi e comuni citati, in corso di verifica"
P196,Upgrading infrastrutturale e tecnologico nodo di Catania,OpenStreetMap (relazione route=railway),382292,Linea Catania Centrale - Agrigento Centrale / Agrigento Bassa-Porto Empedocle / Motta S.A. - Paternò,media,nome-parziale+comuni,catania,1,no,"dedotto: i CdP Investimenti non dichiarano la linea; associazione ricavata da nomi e comuni citati, in corso di verifica"
P196,Upgrading infrastrutturale e tecnologico nodo di Catania,OpenStreetMap (relazione route=railway),3629581,Linea Messina - Siracusa,media,comuni,,1,no,"dedotto: i CdP Investimenti non dichiarano la linea; associazione ricavata da nomi e comuni citati, in corso di verifica"
P206,Upgrading infrastrutturale e tecnologico trasversali appenniniche centro Italia,OpenStreetMap (relazione route=railway),2178861,Italia - Città del Vaticano,media,nome-parziale,italia,,no,"dedotto: i CdP Investimenti non dichiarano la linea; associazione ricavata da nomi e comuni citati, in corso di verifica"
P210A,Potenziamento della linea Terni - Rieti - L’Aquila-Sulmona Velocizzazione Terni-Rieti e adeguamento massa assiale Rieti- ITER L'Aquila Linea Terni-Sulmona: Infrastrutture di terra per la produzione/stoccaggi e distribuzione di idrogeno verde,OpenStreetMap (relazione route=railway),5826989,Ferrovia L'Aquila - Capitignano,media,nome-parziale+comuni,l aquila,1,no,"dedotto: i CdP Investimenti non dichiarano la linea; associazione ricavata da nomi e comuni citati, in corso di verifica"
P210A,Potenziamento della linea Terni - Rieti - L’Aquila-Sulmona Velocizzazione Terni-Rieti e adeguamento massa assiale Rieti- ITER L'Aquila Linea Terni-Sulmona: Infrastrutture di terra per la produzione/stoccaggi e distribuzione di idrogeno verde,OpenStreetMap (relazione route=railway),7256956,Ferrovia Sulmona – Carpinone,media,nome-parziale+comuni,sulmona,1,no,"dedotto: i CdP Investimenti non dichiarano la linea; associazione ricavata da nomi e comuni citati, in corso di verifica"
P210B,Collegamento Terni-Rieti-L'Aquila-Sulmona completamento Completamento Terni-Rieti-L’Aquila- Sulmona FAP° FAP°,OpenStreetMap (relazione route=railway),5826989,Ferrovia L'Aquila - Capitignano,media,nome-parziale+comuni,l aquila,1,no,"dedotto: i CdP Investimenti non dichiarano la linea; associazione ricavata da nomi e comuni citati, in corso di verifica"
P210B,Collegamento Terni-Rieti-L'Aquila-Sulmona completamento Completamento Terni-Rieti-L’Aquila- Sulmona FAP° FAP°,OpenStreetMap (relazione route=railway),7256956,Ferrovia Sulmona – Carpinone,media,nome-parziale+comuni,sulmona,1,no,"dedotto: i CdP Investimenti non dichiarano la linea; associazione ricavata da nomi e comuni citati, in corso di verifica"
P211,Nodo complesso di Pompei Nodo complesso di Pompei,OpenStreetMap (relazione route=railway),13948450,Ferrovia Cancello-Torre Annunziata,media,comuni,,1,no,"dedotto: i CdP Investimenti non dichiarano la linea; associazione ricavata da nomi e comuni citati, in corso di verifica"
P212,Riqualificazione urbana Area Portuale Napoli Est - progetto Traccia Napoli (stralcio ferroviario),OpenStreetMap (relazione route=railway),1778547,Metronapoli Linea 2 Nord,media,comuni,,1,no,"dedotto: i CdP Investimenti non dichiarano la linea; associazione ricavata da nomi e comuni citati, in corso di verifica"
P212,Riqualificazione urbana Area Portuale Napoli Est - progetto Traccia Napoli (stralcio ferroviario),OpenStreetMap (relazione route=railway),7343201,Ferrovia Napoli–Salerno (via Galleria Santa Lucia),media,nome-parziale,napoli,,no,"dedotto: i CdP Investimenti non dichiarano la linea; associazione ricavata da nomi e comuni citati, in corso di verifica"
P212,Riqualificazione urbana Area Portuale Napoli Est - progetto Traccia Napoli (stralcio ferroviario),OpenStreetMap (relazione route=railway),12454737,Napoli-Bari AV/AC,bassa,nome-parziale+comuni,napoli,1,no,"dedotto: i CdP Investimenti non dichiarano la linea; associazione ricavata da nomi e comuni citati, in corso di verifica"
P213,Upgrading infrastrutturale e tecnologico nodo di Messina,OpenStreetMap (relazione route=railway),11124943,Ferrovia Dismessa per variante Terme Vigliatore-Messina Scalo,media,nome-parziale+comuni,messina,1,no,"dedotto: i CdP Investimenti non dichiarano la linea; associazione ricavata da nomi e comuni citati, in corso di verifica"
P213,Upgrading infrastrutturale e tecnologico nodo di Messina,OpenStreetMap (relazione route=railway),3629581,Linea Messina - Siracusa,media,nome-parziale+comuni,messina,1,no,"dedotto: i CdP Investimenti non dichiarano la linea; associazione ricavata da nomi e comuni citati, in corso di verifica"
P213,Upgrading infrastrutturale e tecnologico nodo di Messina,OpenStreetMap (relazione route=railway),10071532,Linea Messina Centrale - Palermo Centrale / Bivio Terme Vigliatore - Patti-San Piero Patti,media,nome-parziale+comuni,messina,1,no,"dedotto: i CdP Investimenti non dichiarano la linea; associazione ricavata da nomi e comuni citati, in corso di verifica"
P215,Adeguamento linea storica Torino-Modane tratta Bussoleno-Avigliana Adeguamento linea Torino-Modane 1^ fase - potenziamento tecnologico e 2^ adeguamento prestazionale,OpenStreetMap (relazione route=railway),7808741,Torino-Modane,alta,nome+comuni,torino|modane,3,si,"dedotto: i CdP Investimenti non dichiarano la linea; associazione ricavata da nomi e comuni citati, in corso di verifica"
P215,Adeguamento linea storica Torino-Modane tratta Bussoleno-Avigliana Adeguamento linea Torino-Modane 1^ fase - potenziamento tecnologico e 2^ adeguamento prestazionale,OpenStreetMap (relazione route=railway),6927937,Ligne Nouvelle Lyon - Turin,alta,comuni,,3,no,"dedotto: i CdP Investimenti non dichiarano la linea; associazione ricavata da nomi e comuni citati, in corso di verifica"
P215,Adeguamento linea storica Torino-Modane tratta Bussoleno-Avigliana Adeguamento linea Torino-Modane 1^ fase - potenziamento tecnologico e 2^ adeguamento prestazionale,OpenStreetMap (relazione route=railway),7699365,Ferrovia Torino-Genova,media,nome-parziale+comuni,torino,1,no,"dedotto: i CdP Investimenti non dichiarano la linea; associazione ricavata da nomi e comuni citati, in corso di verifica"
P215,Adeguamento linea storica Torino-Modane tratta Bussoleno-Avigliana Adeguamento linea Torino-Modane 1^ fase - potenziamento tecnologico e 2^ adeguamento prestazionale,OpenStreetMap (relazione route=railway),2596061,Torino-Milano (Alta Velocità),bassa,nome-parziale+comuni,torino,1,no,"dedotto: i CdP Investimenti non dichiarano la linea; associazione ricavata da nomi e comuni citati, in corso di verifica"
P216,Completamento fermate SFM Torino Fermata S.Paolo Fermata Borgata Quaglia - Le Gru Fermata S.Luigi Orbassano Fermate Dora e Zappata Fermata Ferriera - Buttigliera,OpenStreetMap (relazione route=railway),6927937,Ligne Nouvelle Lyon - Turin,alta,comuni,,2,no,"dedotto: i CdP Investimenti non dichiarano la linea; associazione ricavata da nomi e comuni citati, in corso di verifica"
P216,Completamento fermate SFM Torino Fermata S.Paolo Fermata Borgata Quaglia - Le Gru Fermata S.Luigi Orbassano Fermate Dora e Zappata Fermata Ferriera - Buttigliera,OpenStreetMap (relazione route=railway),7699365,Ferrovia Torino-Genova,media,nome-parziale+comuni,torino,1,no,"dedotto: i CdP Investimenti non dichiarano la linea; associazione ricavata da nomi e comuni citati, in corso di verifica"
P216,Completamento fermate SFM Torino Fermata S.Paolo Fermata Borgata Quaglia - Le Gru Fermata S.Luigi Orbassano Fermate Dora e Zappata Fermata Ferriera - Buttigliera,OpenStreetMap (relazione route=railway),7808741,Torino-Modane,media,nome-parziale+comuni,torino,1,no,"dedotto: i CdP Investimenti non dichiarano la linea; associazione ricavata da nomi e comuni citati, in corso di verifica"
P216,Completamento fermate SFM Torino Fermata S.Paolo Fermata Borgata Quaglia - Le Gru Fermata S.Luigi Orbassano Fermate Dora e Zappata Fermata Ferriera - Buttigliera,OpenStreetMap (relazione route=railway),2596061,Torino-Milano (Alta Velocità),bassa,nome-parziale+comuni,torino,1,no,"dedotto: i CdP Investimenti non dichiarano la linea; associazione ricavata da nomi e comuni citati, in corso di verifica"
P220,"Potenziamento dei collegamenti tra il porto di Livorno, la rete ferroviaria e l'interporto Guasticce Porto di Livorno: collegamento diretto Porto-Guasticce (scavalco della linea tirrenica ambito Livorno Calambrone) Porto di Livorno: Collegamento dell’interporto di Guasticce alla PROG PROG linea Pisa-Vada via Collesalvetti Porto di Livorno: Bretella di collegamento tra la linea Pisa-Vada PROG PROG via Collesalvetti e la linea Firenze-Pisa",OpenStreetMap (relazione route=railway),9328966,Ferrovia Pisa-Tirrenia-Livorno,alta,nome+comuni,pisa|livorno,2,no,"dedotto: i CdP Investimenti non dichiarano la linea; associazione ricavata da nomi e comuni citati, in corso di verifica"
P220,"Potenziamento dei collegamenti tra il porto di Livorno, la rete ferroviaria e l'interporto Guasticce Porto di Livorno: collegamento diretto Porto-Guasticce (scavalco della linea tirrenica ambito Livorno Calambrone) Porto di Livorno: Collegamento dell’interporto di Guasticce alla PROG PROG linea Pisa-Vada via Collesalvetti Porto di Livorno: Bretella di collegamento tra la linea Pisa-Vada PROG PROG via Collesalvetti e la linea Firenze-Pisa",OpenStreetMap (relazione route=railway),9180193,Ferrovia Firenze-Lucca,media,nome-parziale+comuni,firenze,1,no,"dedotto: i CdP Investimenti non dichiarano la linea; associazione ricavata da nomi e comuni citati, in corso di verifica"
P220,"Potenziamento dei collegamenti tra il porto di Livorno, la rete ferroviaria e l'interporto Guasticce Porto di Livorno: collegamento diretto Porto-Guasticce (scavalco della linea tirrenica ambito Livorno Calambrone) Porto di Livorno: Collegamento dell’interporto di Guasticce alla PROG PROG linea Pisa-Vada via Collesalvetti Porto di Livorno: Bretella di collegamento tra la linea Pisa-Vada PROG PROG via Collesalvetti e la linea Firenze-Pisa",OpenStreetMap (relazione route=railway),3152298,Ferrovia Lucca - Pisa,media,nome-parziale+comuni,pisa,1,no,"dedotto: i CdP Investimenti non dichiarano la linea; associazione ricavata da nomi e comuni citati, in corso di verifica"
P220,"Potenziamento dei collegamenti tra il porto di Livorno, la rete ferroviaria e l'interporto Guasticce Porto di Livorno: collegamento diretto Porto-Guasticce (scavalco della linea tirrenica ambito Livorno Calambrone) Porto di Livorno: Collegamento dell’interporto di Guasticce alla PROG PROG linea Pisa-Vada via Collesalvetti Porto di Livorno: Bretella di collegamento tra la linea Pisa-Vada PROG PROG via Collesalvetti e la linea Firenze-Pisa",OpenStreetMap (relazione route=railway),1811976,Direttissima Firenze S.M.N. - Roma Termini,media,comuni,,1,no,"dedotto: i CdP Investimenti non dichiarano la linea; associazione ricavata da nomi e comuni citati, in corso di verifica"
P220,"Potenziamento dei collegamenti tra il porto di Livorno, la rete ferroviaria e l'interporto Guasticce Porto di Livorno: collegamento diretto Porto-Guasticce (scavalco della linea tirrenica ambito Livorno Calambrone) Porto di Livorno: Collegamento dell’interporto di Guasticce alla PROG PROG linea Pisa-Vada via Collesalvetti Porto di Livorno: Bretella di collegamento tra la linea Pisa-Vada PROG PROG via Collesalvetti e la linea Firenze-Pisa",OpenStreetMap (relazione route=railway),6770774,La Spezia-Pisa,media,nome-parziale,pisa,,no,"dedotto: i CdP Investimenti non dichiarano la linea; associazione ricavata da nomi e comuni citati, in corso di verifica"
P220,"Potenziamento dei collegamenti tra il porto di Livorno, la rete ferroviaria e l'interporto Guasticce Porto di Livorno: collegamento diretto Porto-Guasticce (scavalco della linea tirrenica ambito Livorno Calambrone) Porto di Livorno: Collegamento dell’interporto di Guasticce alla PROG PROG linea Pisa-Vada via Collesalvetti Porto di Livorno: Bretella di collegamento tra la linea Pisa-Vada PROG PROG via Collesalvetti e la linea Firenze-Pisa",OpenStreetMap (relazione route=railway),2172727,Ferrovia Bologna-Firenze (alta velocità),bassa,nome-parziale+comuni,firenze,1,no,"dedotto: i CdP Investimenti non dichiarano la linea; associazione ricavata da nomi e comuni citati, in corso di verifica"
P230,Stazione AV Foggia Cervaro Stazione AV Foggia Cervaro,OpenStreetMap (relazione route=railway),12454737,Napoli-Bari AV/AC,media,comuni,,1,no,"dedotto: i CdP Investimenti non dichiarano la linea; associazione ricavata da nomi e comuni citati, in corso di verifica"
P232,Ripristino linea Caltagirone - Gela Ripristino linea Caltagirone - Gela,OpenStreetMap (relazione route=railway),4743096,Linea Catania - Caltagirone - Gela,alta,nome+comuni,caltagirone|gela,1,no,"dedotto: i CdP Investimenti non dichiarano la linea; associazione ricavata da nomi e comuni citati, in corso di verifica"
P232,Ripristino linea Caltagirone - Gela Ripristino linea Caltagirone - Gela,OpenStreetMap (relazione route=railway),11073140,Ferrovia Dismessa Caltagirone-Gela,media,nome-parziale+comuni,gela,1,no,"dedotto: i CdP Investimenti non dichiarano la linea; associazione ricavata da nomi e comuni citati, in corso di verifica"
P232,Ripristino linea Caltagirone - Gela Ripristino linea Caltagirone - Gela,OpenStreetMap (relazione route=railway),11040346,Ferrovia dismessa Dittaino-Caltagirone,media,nome-parziale+comuni,caltagirone,1,no,"dedotto: i CdP Investimenti non dichiarano la linea; associazione ricavata da nomi e comuni citati, in corso di verifica"
P232,Ripristino linea Caltagirone - Gela Ripristino linea Caltagirone - Gela,OpenStreetMap (relazione route=railway),3282458,Linea Caltanissetta Xirbi - Gela - Siracusa,media,nome-parziale,gela,,no,"dedotto: i CdP Investimenti non dichiarano la linea; associazione ricavata da nomi e comuni citati, in corso di verifica"
P233,Potenziamento Carnate - Ponte S.Pietro 1^ fase Variante ponte ferroviario Paderno d'Adda PROG PROG,OpenStreetMap (relazione route=railway),2597121,Ferrovia Seregno-Bergamo,alta,comuni,,2,no,"dedotto: i CdP Investimenti non dichiarano la linea; associazione ricavata da nomi e comuni citati, in corso di verifica"
P234,Nodo di Genova e Terzo valico dei Giovi Potenziamento infrastrutturale Voltri-Brignole Porto di Genova: Nuovo terminal merci i Genova Campasso Potenziamento terminale Rivalta Scrivia,OpenStreetMap (relazione route=railway),7841395,Ferrovia Asti-Genova,media,nome-parziale+comuni,genova,1,no,"dedotto: i CdP Investimenti non dichiarano la linea; associazione ricavata da nomi e comuni citati, in corso di verifica"
P234,Nodo di Genova e Terzo valico dei Giovi Potenziamento infrastrutturale Voltri-Brignole Porto di Genova: Nuovo terminal merci i Genova Campasso Potenziamento terminale Rivalta Scrivia,OpenStreetMap (relazione route=railway),2590941,Ferrovia Genova-Ventimiglia,media,nome-parziale+comuni,genova,1,no,"dedotto: i CdP Investimenti non dichiarano la linea; associazione ricavata da nomi e comuni citati, in corso di verifica"
P234,Nodo di Genova e Terzo valico dei Giovi Potenziamento infrastrutturale Voltri-Brignole Porto di Genova: Nuovo terminal merci i Genova Campasso Potenziamento terminale Rivalta Scrivia,OpenStreetMap (relazione route=railway),19261719,Ferrovia Milano-Genova,media,nome-parziale+comuni,genova,1,no,"dedotto: i CdP Investimenti non dichiarano la linea; associazione ricavata da nomi e comuni citati, in corso di verifica"
P234,Nodo di Genova e Terzo valico dei Giovi Potenziamento infrastrutturale Voltri-Brignole Porto di Genova: Nuovo terminal merci i Genova Campasso Potenziamento terminale Rivalta Scrivia,OpenStreetMap (relazione route=railway),7699365,Ferrovia Torino-Genova,media,nome-parziale+comuni,genova,1,no,"dedotto: i CdP Investimenti non dichiarano la linea; associazione ricavata da nomi e comuni citati, in corso di verifica"
P234,Nodo di Genova e Terzo valico dei Giovi Potenziamento infrastrutturale Voltri-Brignole Porto di Genova: Nuovo terminal merci i Genova Campasso Potenziamento terminale Rivalta Scrivia,OpenStreetMap (relazione route=railway),16107068,Bretella di Pra',media,comuni,,1,no,"dedotto: i CdP Investimenti non dichiarano la linea; associazione ricavata da nomi e comuni citati, in corso di verifica"
P234,Nodo di Genova e Terzo valico dei Giovi Potenziamento infrastrutturale Voltri-Brignole Porto di Genova: Nuovo terminal merci i Genova Campasso Potenziamento terminale Rivalta Scrivia,OpenStreetMap (relazione route=railway),16107066,Curva Molini,media,comuni,,1,no,"dedotto: i CdP Investimenti non dichiarano la linea; associazione ricavata da nomi e comuni citati, in corso di verifica"
P235,Chiusura anello di Palermo tratta Politeama - Notarbartolo Anello di Palermo 2° stralcio: tratta Politeama-Notarbartolo,OpenStreetMap (relazione route=railway),13271799,Linea Agrigento Centrale - Palermo Centrale,media,nome-parziale+comuni,palermo,1,no,"dedotto: i CdP Investimenti non dichiarano la linea; associazione ricavata da nomi e comuni citati, in corso di verifica"
P235,Chiusura anello di Palermo tratta Politeama - Notarbartolo Anello di Palermo 2° stralcio: tratta Politeama-Notarbartolo,OpenStreetMap (relazione route=railway),15317508,Linea Caltanissetta Centrale - Palermo Centrale,media,nome-parziale+comuni,palermo,1,no,"dedotto: i CdP Investimenti non dichiarano la linea; associazione ricavata da nomi e comuni citati, in corso di verifica"
P235,Chiusura anello di Palermo tratta Politeama - Notarbartolo Anello di Palermo 2° stralcio: tratta Politeama-Notarbartolo,OpenStreetMap (relazione route=railway),10071532,Linea Messina Centrale - Palermo Centrale / Bivio Terme Vigliatore - Patti-San Piero Patti,media,nome-parziale+comuni,palermo,1,no,"dedotto: i CdP Investimenti non dichiarano la linea; associazione ricavata da nomi e comuni citati, in corso di verifica"
P235,Chiusura anello di Palermo tratta Politeama - Notarbartolo Anello di Palermo 2° stralcio: tratta Politeama-Notarbartolo,OpenStreetMap (relazione route=railway),13165261,Linea Palermo Notarbartolo - Punta Raisi / Piraineto - Trapani / Palermo Centrale - Palermo Sampolo / Alcamo Dne - Catelvetrano - Trapani,media,nome-parziale+comuni,palermo,1,no,"dedotto: i CdP Investimenti non dichiarano la linea; associazione ricavata da nomi e comuni citati, in corso di verifica"
P235,Chiusura anello di Palermo tratta Politeama - Notarbartolo Anello di Palermo 2° stralcio: tratta Politeama-Notarbartolo,OpenStreetMap (relazione route=railway),20989389,Chiusura Anello Ferroviario,media,comuni,,1,no,"dedotto: i CdP Investimenti non dichiarano la linea; associazione ricavata da nomi e comuni citati, in corso di verifica"
P235,Chiusura anello di Palermo tratta Politeama - Notarbartolo Anello di Palermo 2° stralcio: tratta Politeama-Notarbartolo,OpenStreetMap (relazione route=railway),10362602,Ferrovia Incompiuta Palermo-Salaparuta,media,comuni,,1,no,"dedotto: i CdP Investimenti non dichiarano la linea; associazione ricavata da nomi e comuni citati, in corso di verifica"
P236,"Elettrificazione della tratta Cinisi-Alcamo Dir- Trapani della linea Palermo - Trapani "" via Milo"" Elettrificazione Cinisi-Alcamo Dir- Trapani",OpenStreetMap (relazione route=railway),13165261,Linea Palermo Notarbartolo - Punta Raisi / Piraineto - Trapani / Palermo Centrale - Palermo Sampolo / Alcamo Dne - Catelvetrano - Trapani,alta,nome+comuni,trapani|palermo|trapani,4,si,"dedotto: i CdP Investimenti non dichiarano la linea; associazione ricavata da nomi e comuni citati, in corso di verifica"
P236,"Elettrificazione della tratta Cinisi-Alcamo Dir- Trapani della linea Palermo - Trapani "" via Milo"" Elettrificazione Cinisi-Alcamo Dir- Trapani",OpenStreetMap (relazione route=railway),13271799,Linea Agrigento Centrale - Palermo Centrale,media,nome-parziale+comuni,palermo,1,no,"dedotto: i CdP Investimenti non dichiarano la linea; associazione ricavata da nomi e comuni citati, in corso di verifica"
P236,"Elettrificazione della tratta Cinisi-Alcamo Dir- Trapani della linea Palermo - Trapani "" via Milo"" Elettrificazione Cinisi-Alcamo Dir- Trapani",OpenStreetMap (relazione route=railway),15317508,Linea Caltanissetta Centrale - Palermo Centrale,media,nome-parziale+comuni,palermo,1,no,"dedotto: i CdP Investimenti non dichiarano la linea; associazione ricavata da nomi e comuni citati, in corso di verifica"
P236,"Elettrificazione della tratta Cinisi-Alcamo Dir- Trapani della linea Palermo - Trapani "" via Milo"" Elettrificazione Cinisi-Alcamo Dir- Trapani",OpenStreetMap (relazione route=railway),10071532,Linea Messina Centrale - Palermo Centrale / Bivio Terme Vigliatore - Patti-San Piero Patti,media,nome-parziale+comuni,palermo,1,no,"dedotto: i CdP Investimenti non dichiarano la linea; associazione ricavata da nomi e comuni citati, in corso di verifica"
P236,"Elettrificazione della tratta Cinisi-Alcamo Dir- Trapani della linea Palermo - Trapani "" via Milo"" Elettrificazione Cinisi-Alcamo Dir- Trapani",OpenStreetMap (relazione route=railway),20989389,Chiusura Anello Ferroviario,media,comuni,,1,no,"dedotto: i CdP Investimenti non dichiarano la linea; associazione ricavata da nomi e comuni citati, in corso di verifica"
P236,"Elettrificazione della tratta Cinisi-Alcamo Dir- Trapani della linea Palermo - Trapani "" via Milo"" Elettrificazione Cinisi-Alcamo Dir- Trapani",OpenStreetMap (relazione route=railway),10362602,Ferrovia Incompiuta Palermo-Salaparuta,media,comuni,,1,no,"dedotto: i CdP Investimenti non dichiarano la linea; associazione ricavata da nomi e comuni citati, in corso di verifica"
P238,Battipaglia - Potenza - Metaponto - Taranto Battipaglia - Potenza - Metaponto - Taranto 1^ fase Battipaglia - Potenza - Metaponto - Taranto 2^ fase,OpenStreetMap (relazione route=railway),16640417,Ferrovia Bari-Taranto,media,nome-parziale+comuni,taranto,1,no,"dedotto: i CdP Investimenti non dichiarano la linea; associazione ricavata da nomi e comuni citati, in corso di verifica"
P238,Battipaglia - Potenza - Metaponto - Taranto Battipaglia - Potenza - Metaponto - Taranto 1^ fase Battipaglia - Potenza - Metaponto - Taranto 2^ fase,OpenStreetMap (relazione route=railway),17941980,Interconnessione Battipaglia,media,comuni,,1,no,"dedotto: i CdP Investimenti non dichiarano la linea; associazione ricavata da nomi e comuni citati, in corso di verifica"
P238A,Battipaglia - Potenza - Metaponto - Taranto 1^ fase Velocizzazione Grassano-Metaponto,OpenStreetMap (relazione route=railway),16640417,Ferrovia Bari-Taranto,media,nome-parziale+comuni,taranto,1,no,"dedotto: i CdP Investimenti non dichiarano la linea; associazione ricavata da nomi e comuni citati, in corso di verifica"
P238A,Battipaglia - Potenza - Metaponto - Taranto 1^ fase Velocizzazione Grassano-Metaponto,OpenStreetMap (relazione route=railway),17941980,Interconnessione Battipaglia,media,comuni,,1,no,"dedotto: i CdP Investimenti non dichiarano la linea; associazione ricavata da nomi e comuni citati, in corso di verifica"
P238B,Battipaglia - Potenza - Metaponto - Taranto completamento Velocizzazione e adeguamento prestazionale Romagnano - Taranto ulteriori fasi,OpenStreetMap (relazione route=railway),16640417,Ferrovia Bari-Taranto,media,nome-parziale+comuni,taranto,1,no,"dedotto: i CdP Investimenti non dichiarano la linea; associazione ricavata da nomi e comuni citati, in corso di verifica"
P238B,Battipaglia - Potenza - Metaponto - Taranto completamento Velocizzazione e adeguamento prestazionale Romagnano - Taranto ulteriori fasi,OpenStreetMap (relazione route=railway),17941980,Interconnessione Battipaglia,media,comuni,,1,no,"dedotto: i CdP Investimenti non dichiarano la linea; associazione ricavata da nomi e comuni citati, in corso di verifica"
P239,Velocizzazione tratte Orte-Falconara Tecnologie per la velocizzazione tratte prioritarie Orte-Falconara,OpenStreetMap (relazione route=railway),2350392,Ferrovia Capranica - Orte,media,nome-parziale,orte,,no,"dedotto: i CdP Investimenti non dichiarano la linea; associazione ricavata da nomi e comuni citati, in corso di verifica"
P240A,Roma-Pescara fasi Raddoppio Tagliacozzo-Avezzano PROG PROG Raddoppio Sulmona-Pratola Peligna PROG PROG Raddoppio Scafa-Manoppello-Interporto d'Abruzzo,OpenStreetMap (relazione route=railway),17940537,Ferrovia Roma-Fiumicino,media,nome-parziale+comuni,roma,1,no,"dedotto: i CdP Investimenti non dichiarano la linea; associazione ricavata da nomi e comuni citati, in corso di verifica"
P240A,Roma-Pescara fasi Raddoppio Tagliacozzo-Avezzano PROG PROG Raddoppio Sulmona-Pratola Peligna PROG PROG Raddoppio Scafa-Manoppello-Interporto d'Abruzzo,OpenStreetMap (relazione route=railway),7256956,Ferrovia Sulmona – Carpinone,media,nome-parziale+comuni,sulmona,1,no,"dedotto: i CdP Investimenti non dichiarano la linea; associazione ricavata da nomi e comuni citati, in corso di verifica"
P240A,Roma-Pescara fasi Raddoppio Tagliacozzo-Avezzano PROG PROG Raddoppio Sulmona-Pratola Peligna PROG PROG Raddoppio Scafa-Manoppello-Interporto d'Abruzzo,OpenStreetMap (relazione route=railway),17959804,Cintura Nord di Roma,media,comuni,,1,no,"dedotto: i CdP Investimenti non dichiarano la linea; associazione ricavata da nomi e comuni citati, in corso di verifica"
P240A,Roma-Pescara fasi Raddoppio Tagliacozzo-Avezzano PROG PROG Raddoppio Sulmona-Pratola Peligna PROG PROG Raddoppio Scafa-Manoppello-Interporto d'Abruzzo,OpenStreetMap (relazione route=railway),1811976,Direttissima Firenze S.M.N. - Roma Termini,media,comuni,,1,no,"dedotto: i CdP Investimenti non dichiarano la linea; associazione ricavata da nomi e comuni citati, in corso di verifica"
P240A,Roma-Pescara fasi Raddoppio Tagliacozzo-Avezzano PROG PROG Raddoppio Sulmona-Pratola Peligna PROG PROG Raddoppio Scafa-Manoppello-Interporto d'Abruzzo,OpenStreetMap (relazione route=railway),2178861,Italia - Città del Vaticano,media,comuni,,1,no,"dedotto: i CdP Investimenti non dichiarano la linea; associazione ricavata da nomi e comuni citati, in corso di verifica"
P240B,Roma-Pescara completamento Nuova linea Roma-Mandela-Tagliacozzo,OpenStreetMap (relazione route=railway),17981624,Ferrovia Mandela-Subiaco,media,nome-parziale+comuni,mandela,1,no,"dedotto: i CdP Investimenti non dichiarano la linea; associazione ricavata da nomi e comuni citati, in corso di verifica"
P240B,Roma-Pescara completamento Nuova linea Roma-Mandela-Tagliacozzo,OpenStreetMap (relazione route=railway),17940537,Ferrovia Roma-Fiumicino,media,nome-parziale+comuni,roma,1,no,"dedotto: i CdP Investimenti non dichiarano la linea; associazione ricavata da nomi e comuni citati, in corso di verifica"
P240B,Roma-Pescara completamento Nuova linea Roma-Mandela-Tagliacozzo,OpenStreetMap (relazione route=railway),17959804,Cintura Nord di Roma,media,comuni,,1,no,"dedotto: i CdP Investimenti non dichiarano la linea; associazione ricavata da nomi e comuni citati, in corso di verifica"
P240B,Roma-Pescara completamento Nuova linea Roma-Mandela-Tagliacozzo,OpenStreetMap (relazione route=railway),1811976,Direttissima Firenze S.M.N. - Roma Termini,media,comuni,,1,no,"dedotto: i CdP Investimenti non dichiarano la linea; associazione ricavata da nomi e comuni citati, in corso di verifica"
P240B,Roma-Pescara completamento Nuova linea Roma-Mandela-Tagliacozzo,OpenStreetMap (relazione route=railway),2178861,Italia - Città del Vaticano,media,comuni,,1,no,"dedotto: i CdP Investimenti non dichiarano la linea; associazione ricavata da nomi e comuni citati, in corso di verifica"
P245,Adeguamento e velocizzazione linea ferroviaria jonica - tratta Sibari-Melito Porto Salvo e trasversale Lamezia Terme - Catanzaro Lido Elettrificazione linea jonica tratta Catanzaro Lido - Crotone - Sibari Potenziamento Lamezia Terme - Settingiano e elettrificazione,OpenStreetMap (relazione route=railway),4144351,Ferrovia Cosenza - Catanzaro Lido,media,nome-parziale+comuni,catanzaro lido,1,no,"dedotto: i CdP Investimenti non dichiarano la linea; associazione ricavata da nomi e comuni citati, in corso di verifica"
P245,Adeguamento e velocizzazione linea ferroviaria jonica - tratta Sibari-Melito Porto Salvo e trasversale Lamezia Terme - Catanzaro Lido Elettrificazione linea jonica tratta Catanzaro Lido - Crotone - Sibari Potenziamento Lamezia Terme - Settingiano e elettrificazione,OpenStreetMap (relazione route=railway),17997775,Ferrovia Crotone-Petilia Policastro,media,nome-parziale+comuni,crotone,1,no,"dedotto: i CdP Investimenti non dichiarano la linea; associazione ricavata da nomi e comuni citati, in corso di verifica"
P245,Adeguamento e velocizzazione linea ferroviaria jonica - tratta Sibari-Melito Porto Salvo e trasversale Lamezia Terme - Catanzaro Lido Elettrificazione linea jonica tratta Catanzaro Lido - Crotone - Sibari Potenziamento Lamezia Terme - Settingiano e elettrificazione,OpenStreetMap (relazione route=railway),8386329,Metropolitana di Catanzaro (in costruzione),media,comuni,,1,no,"dedotto: i CdP Investimenti non dichiarano la linea; associazione ricavata da nomi e comuni citati, in corso di verifica"
P246,Potenziamento Venafro - Campobasso - Matrice Potenziamento Venafro - Campobasso - Matrice 1^ fase Potenziamento Venafro - Campobasso - Matrice 2^ fase,OpenStreetMap (relazione route=railway),17974716,Campobasso - Vairano-Caianello,alta,nome-parziale+comuni,campobasso,2,no,"dedotto: i CdP Investimenti non dichiarano la linea; associazione ricavata da nomi e comuni citati, in corso di verifica"
P246,Potenziamento Venafro - Campobasso - Matrice Potenziamento Venafro - Campobasso - Matrice 1^ fase Potenziamento Venafro - Campobasso - Matrice 2^ fase,OpenStreetMap (relazione route=railway),17974717,Rocca d'Evandro-San Vittore - Venafro,media,nome-parziale+comuni,venafro,1,no,"dedotto: i CdP Investimenti non dichiarano la linea; associazione ricavata da nomi e comuni citati, in corso di verifica"
P247,Potenziamento Palermo - Agrigento - Porto Empedocle bassa Potenziamento Palermo - Agrigento - Porto Empedocle bassa,OpenStreetMap (relazione route=railway),13271799,Linea Agrigento Centrale - Palermo Centrale,alta,nome+comuni,agrigento|palermo,3,no,"dedotto: i CdP Investimenti non dichiarano la linea; associazione ricavata da nomi e comuni citati, in corso di verifica"
P247,Potenziamento Palermo - Agrigento - Porto Empedocle bassa Potenziamento Palermo - Agrigento - Porto Empedocle bassa,OpenStreetMap (relazione route=railway),382292,Linea Catania Centrale - Agrigento Centrale / Agrigento Bassa-Porto Empedocle / Motta S.A. - Paternò,alta,nome+comuni,agrigento|agrigento|porto empedocle,2,no,"dedotto: i CdP Investimenti non dichiarano la linea; associazione ricavata da nomi e comuni citati, in corso di verifica"
P247,Potenziamento Palermo - Agrigento - Porto Empedocle bassa Potenziamento Palermo - Agrigento - Porto Empedocle bassa,OpenStreetMap (relazione route=railway),10385844,Ferrovia Castelvetrano-Porto Empedocle,alta,nome-parziale+comuni,porto empedocle,2,no,"dedotto: i CdP Investimenti non dichiarano la linea; associazione ricavata da nomi e comuni citati, in corso di verifica"
P247,Potenziamento Palermo - Agrigento - Porto Empedocle bassa Potenziamento Palermo - Agrigento - Porto Empedocle bassa,OpenStreetMap (relazione route=railway),15317508,Linea Caltanissetta Centrale - Palermo Centrale,media,nome-parziale+comuni,palermo,1,no,"dedotto: i CdP Investimenti non dichiarano la linea; associazione ricavata da nomi e comuni citati, in corso di verifica"
P247,Potenziamento Palermo - Agrigento - Porto Empedocle bassa Potenziamento Palermo - Agrigento - Porto Empedocle bassa,OpenStreetMap (relazione route=railway),10071532,Linea Messina Centrale - Palermo Centrale / Bivio Terme Vigliatore - Patti-San Piero Patti,media,nome-parziale+comuni,palermo,1,no,"dedotto: i CdP Investimenti non dichiarano la linea; associazione ricavata da nomi e comuni citati, in corso di verifica"
P247,Potenziamento Palermo - Agrigento - Porto Empedocle bassa Potenziamento Palermo - Agrigento - Porto Empedocle bassa,OpenStreetMap (relazione route=railway),13165261,Linea Palermo Notarbartolo - Punta Raisi / Piraineto - Trapani / Palermo Centrale - Palermo Sampolo / Alcamo Dne - Catelvetrano - Trapani,media,nome-parziale+comuni,palermo,1,no,"dedotto: i CdP Investimenti non dichiarano la linea; associazione ricavata da nomi e comuni citati, in corso di verifica"
P250,Intermodalità e accessibilità Trapani Birgi Intermodalità e accessibilità aeroporto Trapani Birgi,OpenStreetMap (relazione route=railway),13165261,Linea Palermo Notarbartolo - Punta Raisi / Piraineto - Trapani / Palermo Centrale - Palermo Sampolo / Alcamo Dne - Catelvetrano - Trapani,alta,nome+comuni,trapani|trapani,1,no,"dedotto: i CdP Investimenti non dichiarano la linea; associazione ricavata da nomi e comuni citati, in corso di verifica"
P251,Collegamento porto di Augusta Collegamento porto di Augusta,OpenStreetMap (relazione route=railway),3629581,Linea Messina - Siracusa,media,comuni,,1,no,"dedotto: i CdP Investimenti non dichiarano la linea; associazione ricavata da nomi e comuni citati, in corso di verifica"
P252,Adeguamento e potenziamento impianto di Vado Ligure zona industriale Adeguamento e potenziamento impianto di Vado Ligure zona industriale Fase 1 Adeguamento e potenziamento impianto di Vado Ligure zona industriale Fase 2,OpenStreetMap (relazione route=railway),2590941,Ferrovia Genova-Ventimiglia,media,comuni,,1,no,"dedotto: i CdP Investimenti non dichiarano la linea; associazione ricavata da nomi e comuni citati, in corso di verifica"
P253,Potenziamento collegamenti bacino di Augusta Bypass di Augusta,OpenStreetMap (relazione route=railway),3629581,Linea Messina - Siracusa,media,comuni,,1,no,"dedotto: i CdP Investimenti non dichiarano la linea; associazione ricavata da nomi e comuni citati, in corso di verifica"
P254,"Velocizzazione collegamenti nord-sud rete sarda Velocizzazione Villamassargia-Carbonia Elettrificazione Cagliari-Oristano 1^ fase , Potenziamento infrastrutturale Oristano-Ozieri Chilivani, Nuova stazione Chilivani Sud, Interventi IS e Verifiche alle opere d'arte per adeguamenti prestazionali",OpenStreetMap (relazione route=railway),17956497,Ferrovia Dismessa Tirso - Ozieri,media,nome-parziale+comuni,ozieri,1,no,"dedotto: i CdP Investimenti non dichiarano la linea; associazione ricavata da nomi e comuni citati, in corso di verifica"
P254,"Velocizzazione collegamenti nord-sud rete sarda Velocizzazione Villamassargia-Carbonia Elettrificazione Cagliari-Oristano 1^ fase , Potenziamento infrastrutturale Oristano-Ozieri Chilivani, Nuova stazione Chilivani Sud, Interventi IS e Verifiche alle opere d'arte per adeguamenti prestazionali",OpenStreetMap (relazione route=railway),17956952,Ferrovia San Giovanni Suergiu-IglesiasDismessa San Giovanni Suergiu–Iglesias,media,comuni,,1,no,"dedotto: i CdP Investimenti non dichiarano la linea; associazione ricavata da nomi e comuni citati, in corso di verifica"
P254B,Velocizzazione Villamassargia-Carbonia Velocizzazione Villamassargia-Carbonia,OpenStreetMap (relazione route=railway),17956952,Ferrovia San Giovanni Suergiu-IglesiasDismessa San Giovanni Suergiu–Iglesias,media,comuni,,1,no,"dedotto: i CdP Investimenti non dichiarano la linea; associazione ricavata da nomi e comuni citati, in corso di verifica"
P255,Accessibilità alla nuova stazione AV di Belfiore People mover Firenze Belfiore - Santa Maria Novella PROG PROG Fermata Circondaria ITER,OpenStreetMap (relazione route=railway),2172727,Ferrovia Bologna-Firenze (alta velocità),media,nome-parziale+comuni,firenze,1,no,"dedotto: i CdP Investimenti non dichiarano la linea; associazione ricavata da nomi e comuni citati, in corso di verifica"
P255,Accessibilità alla nuova stazione AV di Belfiore People mover Firenze Belfiore - Santa Maria Novella PROG PROG Fermata Circondaria ITER,OpenStreetMap (relazione route=railway),9180193,Ferrovia Firenze-Lucca,media,nome-parziale+comuni,firenze,1,no,"dedotto: i CdP Investimenti non dichiarano la linea; associazione ricavata da nomi e comuni citati, in corso di verifica"
P255,Accessibilità alla nuova stazione AV di Belfiore People mover Firenze Belfiore - Santa Maria Novella PROG PROG Fermata Circondaria ITER,OpenStreetMap (relazione route=railway),1811976,Direttissima Firenze S.M.N. - Roma Termini,media,comuni,,1,no,"dedotto: i CdP Investimenti non dichiarano la linea; associazione ricavata da nomi e comuni citati, in corso di verifica"
P255,Accessibilità alla nuova stazione AV di Belfiore People mover Firenze Belfiore - Santa Maria Novella PROG PROG Fermata Circondaria ITER,OpenStreetMap (relazione route=railway),15988417,Ferrovia Verona - Vicenza (AV/AC),media,comuni,,1,no,"dedotto: i CdP Investimenti non dichiarano la linea; associazione ricavata da nomi e comuni citati, in corso di verifica"
P256,Potenziamento infrastrutturale scalo di Brescia Potenziamento infrastrutturale scalo di Brescia,OpenStreetMap (relazione route=railway),1412021,Ferrovia Brescia-Cremona,media,nome-parziale+comuni,brescia,1,no,"dedotto: i CdP Investimenti non dichiarano la linea; associazione ricavata da nomi e comuni citati, in corso di verifica"
P256,Potenziamento infrastrutturale scalo di Brescia Potenziamento infrastrutturale scalo di Brescia,OpenStreetMap (relazione route=railway),967297,Ferrovia Brescia-Iseo-Edolo,media,nome-parziale+comuni,brescia,1,no,"dedotto: i CdP Investimenti non dichiarano la linea; associazione ricavata da nomi e comuni citati, in corso di verifica"
P256,Potenziamento infrastrutturale scalo di Brescia Potenziamento infrastrutturale scalo di Brescia,OpenStreetMap (relazione route=railway),2597120,Ferrovia Lecco-Brescia,media,nome-parziale+comuni,brescia,1,no,"dedotto: i CdP Investimenti non dichiarano la linea; associazione ricavata da nomi e comuni citati, in corso di verifica"
P256,Potenziamento infrastrutturale scalo di Brescia Potenziamento infrastrutturale scalo di Brescia,OpenStreetMap (relazione route=railway),3414505,Ferrovia Parma-Brescia,media,nome-parziale+comuni,brescia,1,no,"dedotto: i CdP Investimenti non dichiarano la linea; associazione ricavata da nomi e comuni citati, in corso di verifica"
P256,Potenziamento infrastrutturale scalo di Brescia Potenziamento infrastrutturale scalo di Brescia,OpenStreetMap (relazione route=railway),546969,Ferrovia Milano-Venezia,media,comuni,,1,no,"dedotto: i CdP Investimenti non dichiarano la linea; associazione ricavata da nomi e comuni citati, in corso di verifica"
P256,Potenziamento infrastrutturale scalo di Brescia Potenziamento infrastrutturale scalo di Brescia,OpenStreetMap (relazione route=railway),6789381,Ferrovia Milano-Verona AV/AC,bassa,comuni,,1,no,"dedotto: i CdP Investimenti non dichiarano la linea; associazione ricavata da nomi e comuni citati, in corso di verifica"
P259,Linea Bari-Bitritto: upgrading infrastrutturale Linea Bari-Bitritto: upgrading infrastrutturale,OpenStreetMap (relazione route=railway),17976116,Ferrovia Bitritto,alta,nome-parziale+comuni,bitritto,2,si,"dedotto: i CdP Investimenti non dichiarano la linea; associazione ricavata da nomi e comuni citati, in corso di verifica"
P259,Linea Bari-Bitritto: upgrading infrastrutturale Linea Bari-Bitritto: upgrading infrastrutturale,OpenStreetMap (relazione route=railway),6334362,Bari Lamasinata - Bari Centrale (indipendente),media,nome-parziale+comuni,bari,1,no,"dedotto: i CdP Investimenti non dichiarano la linea; associazione ricavata da nomi e comuni citati, in corso di verifica"
P259,Linea Bari-Bitritto: upgrading infrastrutturale Linea Bari-Bitritto: upgrading infrastrutturale,OpenStreetMap (relazione route=railway),16640417,Ferrovia Bari-Taranto,media,nome-parziale+comuni,bari,1,no,"dedotto: i CdP Investimenti non dichiarano la linea; associazione ricavata da nomi e comuni citati, in corso di verifica"
P259,Linea Bari-Bitritto: upgrading infrastrutturale Linea Bari-Bitritto: upgrading infrastrutturale,OpenStreetMap (relazione route=railway),3158739,Servizio Ferroviario Urbano di Bari (Bari Santo Spirito → Bari Torre a Mare),media,comuni,,1,no,"dedotto: i CdP Investimenti non dichiarano la linea; associazione ricavata da nomi e comuni citati, in corso di verifica"
P259,Linea Bari-Bitritto: upgrading infrastrutturale Linea Bari-Bitritto: upgrading infrastrutturale,OpenStreetMap (relazione route=railway),12454737,Napoli-Bari AV/AC,bassa,comuni,,1,no,"dedotto: i CdP Investimenti non dichiarano la linea; associazione ricavata da nomi e comuni citati, in corso di verifica"
P261,"Potenziamento linea Bologna-Prato Linea Bologna-Prato-Firenze: adeguamento prestazionale (sagoma, modulo) e potenziamento tecnologico",OpenStreetMap (relazione route=railway),2172727,Ferrovia Bologna-Firenze (alta velocità),media,nome+comuni,bologna|firenze,2,no,"dedotto: i CdP Investimenti non dichiarano la linea; associazione ricavata da nomi e comuni citati, in corso di verifica"
P261,"Potenziamento linea Bologna-Prato Linea Bologna-Prato-Firenze: adeguamento prestazionale (sagoma, modulo) e potenziamento tecnologico",OpenStreetMap (relazione route=railway),1782127,Ferrovia Bologna - Verona,media,nome-parziale+comuni,bologna,1,no,"dedotto: i CdP Investimenti non dichiarano la linea; associazione ricavata da nomi e comuni citati, in corso di verifica"
P261,"Potenziamento linea Bologna-Prato Linea Bologna-Prato-Firenze: adeguamento prestazionale (sagoma, modulo) e potenziamento tecnologico",OpenStreetMap (relazione route=railway),9180193,Ferrovia Firenze-Lucca,media,nome-parziale+comuni,firenze,1,no,"dedotto: i CdP Investimenti non dichiarano la linea; associazione ricavata da nomi e comuni citati, in corso di verifica"
P261,"Potenziamento linea Bologna-Prato Linea Bologna-Prato-Firenze: adeguamento prestazionale (sagoma, modulo) e potenziamento tecnologico",OpenStreetMap (relazione route=railway),7481564,Ferrovia Milano-Bologna,media,nome-parziale+comuni,bologna,1,no,"dedotto: i CdP Investimenti non dichiarano la linea; associazione ricavata da nomi e comuni citati, in corso di verifica"
P261,"Potenziamento linea Bologna-Prato Linea Bologna-Prato-Firenze: adeguamento prestazionale (sagoma, modulo) e potenziamento tecnologico",OpenStreetMap (relazione route=railway),7795886,Ferrovia Padova – Bologna,media,nome-parziale+comuni,bologna,1,no,"dedotto: i CdP Investimenti non dichiarano la linea; associazione ricavata da nomi e comuni citati, in corso di verifica"
P261,"Potenziamento linea Bologna-Prato Linea Bologna-Prato-Firenze: adeguamento prestazionale (sagoma, modulo) e potenziamento tecnologico",OpenStreetMap (relazione route=railway),1811976,Direttissima Firenze S.M.N. - Roma Termini,media,comuni,,1,no,"dedotto: i CdP Investimenti non dichiarano la linea; associazione ricavata da nomi e comuni citati, in corso di verifica"
P262,Velocizzazione AV/AC linea ferroviaria Adriatica,OpenStreetMap (relazione route=railway),6789381,Ferrovia Milano-Verona AV/AC,media,nome-parziale,ac,,no,"dedotto: i CdP Investimenti non dichiarano la linea; associazione ricavata da nomi e comuni citati, in corso di verifica"
P262,Velocizzazione AV/AC linea ferroviaria Adriatica,OpenStreetMap (relazione route=railway),12454737,Napoli-Bari AV/AC,media,nome-parziale,ac,,no,"dedotto: i CdP Investimenti non dichiarano la linea; associazione ricavata da nomi e comuni citati, in corso di verifica"
P262B,Velocizzazione e potenziamento linea ferroviaria Adriatica 2^ fase Velocizzazione CastelBolognese-Rimini,OpenStreetMap (relazione route=railway),9606361,Ex ferrovia Rimini-San Marino,media,comuni,,1,no,"dedotto: i CdP Investimenti non dichiarano la linea; associazione ricavata da nomi e comuni citati, in corso di verifica"
P270,Opere di collegamento al Ponte sullo stretto di Messina - sponda calabra e siciliana Opere di collegamento al Ponte sullo stretto di Messina - sponda PROG PROG calabra Opere di collegamento al Ponte sullo stretto di Messina - sponda PROG PROG sicialiana,OpenStreetMap (relazione route=railway),11124943,Ferrovia Dismessa per variante Terme Vigliatore-Messina Scalo,media,nome-parziale+comuni,messina,1,no,"dedotto: i CdP Investimenti non dichiarano la linea; associazione ricavata da nomi e comuni citati, in corso di verifica"
P270,Opere di collegamento al Ponte sullo stretto di Messina - sponda calabra e siciliana Opere di collegamento al Ponte sullo stretto di Messina - sponda PROG PROG calabra Opere di collegamento al Ponte sullo stretto di Messina - sponda PROG PROG sicialiana,OpenStreetMap (relazione route=railway),3629581,Linea Messina - Siracusa,media,nome-parziale+comuni,messina,1,no,"dedotto: i CdP Investimenti non dichiarano la linea; associazione ricavata da nomi e comuni citati, in corso di verifica"
P270,Opere di collegamento al Ponte sullo stretto di Messina - sponda calabra e siciliana Opere di collegamento al Ponte sullo stretto di Messina - sponda PROG PROG calabra Opere di collegamento al Ponte sullo stretto di Messina - sponda PROG PROG sicialiana,OpenStreetMap (relazione route=railway),10071532,Linea Messina Centrale - Palermo Centrale / Bivio Terme Vigliatore - Patti-San Piero Patti,media,nome-parziale+comuni,messina,1,no,"dedotto: i CdP Investimenti non dichiarano la linea; associazione ricavata da nomi e comuni citati, in corso di verifica"
0036,"Nodo di Palermo Passante ferroviario Palermo c.le/Notarbartolo-Carini, Apparato tecnologico Palermo c.le e Completamento raddoppio Carini- Punta-Raisi e adeguamento tecnologico Palermo c.le-Fiumetorto",RFI Piano Commerciale 2026 (tratta),PRJ0012,Passante ferroviario Palermo Centrale/Notarbartolo - Carini,dichiarato,codice CdP scritto da RFI,,,,fonte esterna (dichiarato da RFI)
0036,"Nodo di Palermo Passante ferroviario Palermo c.le/Notarbartolo-Carini, Apparato tecnologico Palermo c.le e Completamento raddoppio Carini- Punta-Raisi e adeguamento tecnologico Palermo c.le-Fiumetorto",RFI Piano Commerciale 2026 (localita' nuova),PRJ0012,Lazio,dichiarato,codice CdP scritto da RFI,,,,fonte esterna (dichiarato da RFI)
0036,"Nodo di Palermo Passante ferroviario Palermo c.le/Notarbartolo-Carini, Apparato tecnologico Palermo c.le e Completamento raddoppio Carini- Punta-Raisi e adeguamento tecnologico Palermo c.le-Fiumetorto",RFI Piano Commerciale 2026 (localita' nuova),PRJ0012,Palermo Tribunale,dichiarato,codice CdP scritto da RFI,,,,fonte esterna (dichiarato da RFI)
0099A,Itinerario Napoli-Bari: Raddoppio Bovino-Cervaro Raddoppio Bovino-Cervaro,RFI Piano Commerciale 2026 (tratta),PRJ0011,"Nuovo collegamento Cancello-Frasso Telesino,Raddoppio Apice-Hirpinia,Raddoppio Frasso Telesino-Telese,Raddoppio Hirpinia-Orsara,Raddoppio Orsara-Bovino,Raddoppio Telese-S.Lorenzo Maggiore-Vitulano,Variante Napoli-Cancello",dichiarato,codice CdP scritto da RFI,,,,fonte esterna (dichiarato da RFI)
0099A,Itinerario Napoli-Bari: Raddoppio Bovino-Cervaro Raddoppio Bovino-Cervaro,RFI Piano Commerciale 2026 (localita' nuova),PRJ0011,Bovino,dichiarato,codice CdP scritto da RFI,,,,fonte esterna (dichiarato da RFI)
0099B,Itinerario Napoli-Bari: Raddoppio Orsara-Bovino Raddoppio Orsara-Bovino,RFI Piano Commerciale 2026 (tratta),PRJ0011,"Nuovo collegamento Cancello-Frasso Telesino,Raddoppio Apice-Hirpinia,Raddoppio Frasso Telesino-Telese,Raddoppio Hirpinia-Orsara,Raddoppio Orsara-Bovino,Raddoppio Telese-S.Lorenzo Maggiore-Vitulano,Variante Napoli-Cancello",dichiarato,codice CdP scritto da RFI,,,,fonte esterna (dichiarato da RFI)
0119,Potenziamento infrastrutturale Orte-Falconara,RFI Piano Commerciale 2026 (tratta),PRJ0167,Spoleto-Campello,dichiarato,codice CdP scritto da RFI,,,,fonte esterna (dichiarato da RFI)
0136,Nuova Linea Ferrandina-Matera La Martella,RFI Piano Commerciale 2026 (tratta),PRJ0058,Nuova linea Ferrandina - Matera La Martella,dichiarato,codice CdP scritto da RFI,,,,fonte esterna (dichiarato da RFI)
0136,Nuova Linea Ferrandina-Matera La Martella,RFI Piano Commerciale 2026 (localita' nuova),PRJ0058,Matera La Martella,dichiarato,codice CdP scritto da RFI,,,,fonte esterna (dichiarato da RFI)
0142A,"Raddoppio Pescara-Bari 1^ fase Completamento raddoppio Ortona-Casalbordino, Vasto-Vasto S.Salvo e Lesina-San Severo (opere già in esercizio) e Raddoppio tratta a nord della stazione di Ortona PRG e ACC Foggia",RFI Piano Commerciale 2026 (localita' potenziata),PRJ0225,Foggia,dichiarato,codice CdP scritto da RFI,,,,fonte esterna (dichiarato da RFI)
0142B,Completamento raddoppio Pescara-Bari (tratta Termoli- Lesina) Raddoppio Ripalta-Lesina Raddoppio Termoli-Ripalta,RFI Piano Commerciale 2026 (tratta),PRJ0017,"Ripalta - Lesina,Termoli - Ripalta",dichiarato,codice CdP scritto da RFI,,,,fonte esterna (dichiarato da RFI)
0142B,Completamento raddoppio Pescara-Bari (tratta Termoli- Lesina) Raddoppio Ripalta-Lesina Raddoppio Termoli-Ripalta,RFI Piano Commerciale 2026 (localita' nuova),PRJ0017,Campomarino,dichiarato,codice CdP scritto da RFI,,,,fonte esterna (dichiarato da RFI)
0149,"Sistemazione nodo di Bari Raddoppio Bari Parco Sud - Bari Torre a Mare e variante ingresso linea merci Bari-Taranto, Variante ingresso linea viaggiatori Bari- Taranto, modifica radice lato Nord Bari C.le e ACC Bari Parco Nord, Binari di stazionamento della stazione di Bari C.le",RFI Piano Commerciale 2026 (localita' potenziata),PRJ0213,Bari Centrale,dichiarato,codice CdP scritto da RFI,,,,fonte esterna (dichiarato da RFI)
0223A,Nodo di Novara 1^ fase Sistemazione Novara Boschetto e PRG Vignale PROG PROG,RFI Piano Commerciale 2026 (localita' potenziata),PRJ0227,Novara Boschetto,dichiarato,codice CdP scritto da RFI,,,,fonte esterna (dichiarato da RFI)
0241A,Cintura di Torino e connessione al collegamento Torino- Lione opere prioritarie Sezione nazionale Torino-Lione 1^ fase (quadruplicamento PROG PROG Avigliana-Orbassano e scalo Orbassano),RFI Piano Commerciale 2026 (localita' nuova),PRJ0254,Orbassano Ospedale S. Luigi,dichiarato,codice CdP scritto da RFI,,,,fonte esterna (dichiarato da RFI)
0249,Linea Messina-Catania: raddoppio Giampilieri-Fiumefreddo Raddoppio Giampilieri-Taormina Raddoppio Letojanni-Taormina-Fiumefreddo,RFI Piano Commerciale 2026 (tratta),PRJ0144,"Raddoppio Giampilieri-Taormina,Raddoppio Letojanni-Taormina-Fiumefreddo",dichiarato,codice CdP scritto da RFI,,,,fonte esterna (dichiarato da RFI)
0249,Linea Messina-Catania: raddoppio Giampilieri-Fiumefreddo Raddoppio Giampilieri-Taormina Raddoppio Letojanni-Taormina-Fiumefreddo,RFI Piano Commerciale 2026 (localita' nuova),PRJ0144,Fiumefreddo – Calatabiano,dichiarato,codice CdP scritto da RFI,,,,fonte esterna (dichiarato da RFI)
0249,Linea Messina-Catania: raddoppio Giampilieri-Fiumefreddo Raddoppio Giampilieri-Taormina Raddoppio Letojanni-Taormina-Fiumefreddo,RFI Piano Commerciale 2026 (localita' nuova),PRJ0144,Taormina,dichiarato,codice CdP scritto da RFI,,,,fonte esterna (dichiarato da RFI)
0249,Linea Messina-Catania: raddoppio Giampilieri-Fiumefreddo Raddoppio Giampilieri-Taormina Raddoppio Letojanni-Taormina-Fiumefreddo,RFI Piano Commerciale 2026 (localita' nuova),PRJ0144,S. Alessio-S. Teresa,dichiarato,codice CdP scritto da RFI,,,,fonte esterna (dichiarato da RFI)
0249,Linea Messina-Catania: raddoppio Giampilieri-Fiumefreddo Raddoppio Giampilieri-Taormina Raddoppio Letojanni-Taormina-Fiumefreddo,RFI Piano Commerciale 2026 (localita' nuova),PRJ0144,Nizza-Alì Terme,dichiarato,codice CdP scritto da RFI,,,,fonte esterna (dichiarato da RFI)
0249,Linea Messina-Catania: raddoppio Giampilieri-Fiumefreddo Raddoppio Giampilieri-Taormina Raddoppio Letojanni-Taormina-Fiumefreddo,RFI Piano Commerciale 2026 (localita' nuova),PRJ0144,Itala-Scaletta,dichiarato,codice CdP scritto da RFI,,,,fonte esterna (dichiarato da RFI)
0249,Linea Messina-Catania: raddoppio Giampilieri-Fiumefreddo Raddoppio Giampilieri-Taormina Raddoppio Letojanni-Taormina-Fiumefreddo,RFI Piano Commerciale 2026 (localita' nuova),PRJ0144,Taormina-Giardini Naxos,dichiarato,codice CdP scritto da RFI,,,,fonte esterna (dichiarato da RFI)
0258_A,Chiusura anello ferroviario di Roma Chiusura anello di Roma lotto 1A Raddoppio Valle Aurelia - Vigna Clara Chiusura anello di Roma lotto 1B Vigna Clara - Tor di Quinto ITER Chiusura anello di Roma lotto 2 Tor di Quinto - Val d'Ala PROG PROG Chiusura anello di Roma lotto 3 Collegamenti con linee Tirrenica e PROG PROG Roma-Firenze,RFI Piano Commerciale 2026 (tratta),PRJ0008,Valle Aurelia - Vigna Clara,dichiarato,codice CdP scritto da RFI,,,,fonte esterna (dichiarato da RFI)
0260,Raddoppio Lunghezza-Guidonia Raddoppio Lunghezza-Guidonia 1^ fase (Lunghezza-Bagni di Tivoli) Raddoppio Lunghezza-Guidonia 2^ fase (Bagni di Tivoli - Guidonia) PROG ITER,RFI Piano Commerciale 2026 (localita' nuova),PRJ0129,Guidonia Montecelio,dichiarato,codice CdP scritto da RFI,,,,fonte esterna (dichiarato da RFI)
0268,Collegamento ferroviario aeroporto di Venezia Collegamento ferroviario aeroporto di Venezia,RFI Piano Commerciale 2026 (tratta),PRJ0090,Collegamento ferroviario con l’aeroporto di Venezia,dichiarato,codice CdP scritto da RFI,,,,fonte esterna (dichiarato da RFI)
0268,Collegamento ferroviario aeroporto di Venezia Collegamento ferroviario aeroporto di Venezia,RFI Piano Commerciale 2026 (localita' nuova),PRJ0090,Aeroporto di Venezia,dichiarato,codice CdP scritto da RFI,,,,fonte esterna (dichiarato da RFI)
0270,Sistemazione nodo di Catania Interramento stazione Catania c.le completamento del doppio PROG PROG binario tra Catania C.le e Catania Acquicella Interramento Catania Acquicella-Bicocca Collegamento ferroviario aeroporto di Catania: fermata su linea esistente,RFI Piano Commerciale 2026 (tratta),PRJ0147,Catania Acquicella-Bicocca,dichiarato,codice CdP scritto da RFI,,,,fonte esterna (dichiarato da RFI)
0270,Sistemazione nodo di Catania Interramento stazione Catania c.le completamento del doppio PROG PROG binario tra Catania C.le e Catania Acquicella Interramento Catania Acquicella-Bicocca Collegamento ferroviario aeroporto di Catania: fermata su linea esistente,RFI Piano Commerciale 2026 (localita' potenziata),PRJ0147,Catania Aeroporto Fontanarossa,dichiarato,codice CdP scritto da RFI,,,,fonte esterna (dichiarato da RFI)
0271A,Velocizzazione Catania-Siracusa 1^ fase Velocizzazione Bicocca-Augusta,RFI Piano Commerciale 2026 (tratta),PRJ0042,Bicocca - Augusta,dichiarato,codice CdP scritto da RFI,,,,fonte esterna (dichiarato da RFI)
0275A,Nuovo collegamento Palermo-Catania 1^ macrofase 1^ macrofase Palermo - Catania: Lotto 1+2 Fiumetorto- Montemaggiore-Lercara 1^ macrofase Palermo - Catania: Lotto 3 Lercara-Caltanissetta Xirbi 1^ macrofase Palermo - Catania: Lotto 4a Caltanissetta Xirbi-Enna 1^ macrofase Palermo - Catania: Lotto 4b Enna-Dittaino 1^ macrofase Palermo - Catania: Lotto 5 Dittaino-Catenanuova 1^ macrofase Palermo - Catania: Lotto 6 Catenanuova-Bicocca,RFI Piano Commerciale 2026 (tratta),PRJ0168,"Caltanissetta Xirbi-Enna,Dittaino-Catenanuova,Enna-Dittaino,Fiumetorto-Montemaggiore-Lercara,Lercara-Caltanissetta Xirbi",dichiarato,codice CdP scritto da RFI,,,,fonte esterna (dichiarato da RFI)
0275A,Nuovo collegamento Palermo-Catania 1^ macrofase 1^ macrofase Palermo - Catania: Lotto 1+2 Fiumetorto- Montemaggiore-Lercara 1^ macrofase Palermo - Catania: Lotto 3 Lercara-Caltanissetta Xirbi 1^ macrofase Palermo - Catania: Lotto 4a Caltanissetta Xirbi-Enna 1^ macrofase Palermo - Catania: Lotto 4b Enna-Dittaino 1^ macrofase Palermo - Catania: Lotto 5 Dittaino-Catenanuova 1^ macrofase Palermo - Catania: Lotto 6 Catenanuova-Bicocca,RFI Piano Commerciale 2026 (localita' nuova),PRJ0168,Enna Sacchitello,dichiarato,codice CdP scritto da RFI,,,,fonte esterna (dichiarato da RFI)
0275A,Nuovo collegamento Palermo-Catania 1^ macrofase 1^ macrofase Palermo - Catania: Lotto 1+2 Fiumetorto- Montemaggiore-Lercara 1^ macrofase Palermo - Catania: Lotto 3 Lercara-Caltanissetta Xirbi 1^ macrofase Palermo - Catania: Lotto 4a Caltanissetta Xirbi-Enna 1^ macrofase Palermo - Catania: Lotto 4b Enna-Dittaino 1^ macrofase Palermo - Catania: Lotto 5 Dittaino-Catenanuova 1^ macrofase Palermo - Catania: Lotto 6 Catenanuova-Bicocca,RFI Piano Commerciale 2026 (localita' nuova),PRJ0168,Vallelunga Pratameno,dichiarato,codice CdP scritto da RFI,,,,fonte esterna (dichiarato da RFI)
0275A,Nuovo collegamento Palermo-Catania 1^ macrofase 1^ macrofase Palermo - Catania: Lotto 1+2 Fiumetorto- Montemaggiore-Lercara 1^ macrofase Palermo - Catania: Lotto 3 Lercara-Caltanissetta Xirbi 1^ macrofase Palermo - Catania: Lotto 4a Caltanissetta Xirbi-Enna 1^ macrofase Palermo - Catania: Lotto 4b Enna-Dittaino 1^ macrofase Palermo - Catania: Lotto 5 Dittaino-Catenanuova 1^ macrofase Palermo - Catania: Lotto 6 Catenanuova-Bicocca,RFI Piano Commerciale 2026 (localita' nuova),PRJ0168,Assoro Dittaino,dichiarato,codice CdP scritto da RFI,,,,fonte esterna (dichiarato da RFI)
0275A,Nuovo collegamento Palermo-Catania 1^ macrofase 1^ macrofase Palermo - Catania: Lotto 1+2 Fiumetorto- Montemaggiore-Lercara 1^ macrofase Palermo - Catania: Lotto 3 Lercara-Caltanissetta Xirbi 1^ macrofase Palermo - Catania: Lotto 4a Caltanissetta Xirbi-Enna 1^ macrofase Palermo - Catania: Lotto 4b Enna-Dittaino 1^ macrofase Palermo - Catania: Lotto 5 Dittaino-Catenanuova 1^ macrofase Palermo - Catania: Lotto 6 Catenanuova-Bicocca,RFI Piano Commerciale 2026 (localita' nuova),PRJ0168,Termini Imerese–Cerda,dichiarato,codice CdP scritto da RFI,,,,fonte esterna (dichiarato da RFI)
0275A,Nuovo collegamento Palermo-Catania 1^ macrofase 1^ macrofase Palermo - Catania: Lotto 1+2 Fiumetorto- Montemaggiore-Lercara 1^ macrofase Palermo - Catania: Lotto 3 Lercara-Caltanissetta Xirbi 1^ macrofase Palermo - Catania: Lotto 4a Caltanissetta Xirbi-Enna 1^ macrofase Palermo - Catania: Lotto 4b Enna-Dittaino 1^ macrofase Palermo - Catania: Lotto 5 Dittaino-Catenanuova 1^ macrofase Palermo - Catania: Lotto 6 Catenanuova-Bicocca,RFI Piano Commerciale 2026 (localita' nuova),PRJ0168,Valle del Torto,dichiarato,codice CdP scritto da RFI,,,,fonte esterna (dichiarato da RFI)
0275A,Nuovo collegamento Palermo-Catania 1^ macrofase 1^ macrofase Palermo - Catania: Lotto 1+2 Fiumetorto- Montemaggiore-Lercara 1^ macrofase Palermo - Catania: Lotto 3 Lercara-Caltanissetta Xirbi 1^ macrofase Palermo - Catania: Lotto 4a Caltanissetta Xirbi-Enna 1^ macrofase Palermo - Catania: Lotto 4b Enna-Dittaino 1^ macrofase Palermo - Catania: Lotto 5 Dittaino-Catenanuova 1^ macrofase Palermo - Catania: Lotto 6 Catenanuova-Bicocca,RFI Piano Commerciale 2026 (localita' nuova),PRJ0168,Castronovo-Lercara,dichiarato,codice CdP scritto da RFI,,,,fonte esterna (dichiarato da RFI)
0275A,Nuovo collegamento Palermo-Catania 1^ macrofase 1^ macrofase Palermo - Catania: Lotto 1+2 Fiumetorto- Montemaggiore-Lercara 1^ macrofase Palermo - Catania: Lotto 3 Lercara-Caltanissetta Xirbi 1^ macrofase Palermo - Catania: Lotto 4a Caltanissetta Xirbi-Enna 1^ macrofase Palermo - Catania: Lotto 4b Enna-Dittaino 1^ macrofase Palermo - Catania: Lotto 5 Dittaino-Catenanuova 1^ macrofase Palermo - Catania: Lotto 6 Catenanuova-Bicocca,RFI Piano Commerciale 2026 (localita' nuova),PRJ0168,Catenanuova,dichiarato,codice CdP scritto da RFI,,,,fonte esterna (dichiarato da RFI)
0275A,Nuovo collegamento Palermo-Catania 1^ macrofase 1^ macrofase Palermo - Catania: Lotto 1+2 Fiumetorto- Montemaggiore-Lercara 1^ macrofase Palermo - Catania: Lotto 3 Lercara-Caltanissetta Xirbi 1^ macrofase Palermo - Catania: Lotto 4a Caltanissetta Xirbi-Enna 1^ macrofase Palermo - Catania: Lotto 4b Enna-Dittaino 1^ macrofase Palermo - Catania: Lotto 5 Dittaino-Catenanuova 1^ macrofase Palermo - Catania: Lotto 6 Catenanuova-Bicocca,RFI Piano Commerciale 2026 (localita' nuova),PRJ0168,Villarosa,dichiarato,codice CdP scritto da RFI,,,,fonte esterna (dichiarato da RFI)
0276A,Completamento raddoppio asse ferroviario Pontremolese - 1^ fase Raddoppio Parma-Vicofertile ITER,RFI Piano Commerciale 2026 (tratta),PRJ0162,Parma-Vicofertile,dichiarato,codice CdP scritto da RFI,,,,fonte esterna (dichiarato da RFI)
0279A,Itinerario Napoli-Bari: Raddoppio e velocizzazione tratta Cancello-Frasso Telesino Nuovo collegamento Cancello-Frasso Telesino e progettazione preliminare intero itinerario,RFI Piano Commerciale 2026 (tratta),PRJ0011,"Nuovo collegamento Cancello-Frasso Telesino,Raddoppio Apice-Hirpinia,Raddoppio Frasso Telesino-Telese,Raddoppio Hirpinia-Orsara,Raddoppio Orsara-Bovino,Raddoppio Telese-S.Lorenzo Maggiore-Vitulano,Variante Napoli-Cancello",dichiarato,codice CdP scritto da RFI,,,,fonte esterna (dichiarato da RFI)
0279A,Itinerario Napoli-Bari: Raddoppio e velocizzazione tratta Cancello-Frasso Telesino Nuovo collegamento Cancello-Frasso Telesino e progettazione preliminare intero itinerario,RFI Piano Commerciale 2026 (localita' nuova),PRJ0011,Valle di Maddaloni,dichiarato,codice CdP scritto da RFI,,,,fonte esterna (dichiarato da RFI)
0279B,Itinerario Napoli-Bari: Raddoppio e velocizzazione tratta Frasso Telesino-Vitulano (Benevento) Raddoppio Frasso Telesino-Telese Raddoppio Telese-S.Lorenzo Maggiore-Vitulano,RFI Piano Commerciale 2026 (tratta),PRJ0011,"Nuovo collegamento Cancello-Frasso Telesino,Raddoppio Apice-Hirpinia,Raddoppio Frasso Telesino-Telese,Raddoppio Hirpinia-Orsara,Raddoppio Orsara-Bovino,Raddoppio Telese-S.Lorenzo Maggiore-Vitulano,Variante Napoli-Cancello",dichiarato,codice CdP scritto da RFI,,,,fonte esterna (dichiarato da RFI)
0279B,Itinerario Napoli-Bari: Raddoppio e velocizzazione tratta Frasso Telesino-Vitulano (Benevento) Raddoppio Frasso Telesino-Telese Raddoppio Telese-S.Lorenzo Maggiore-Vitulano,RFI Piano Commerciale 2026 (localita' nuova),PRJ0011,Castelvenere - Solopaca,dichiarato,codice CdP scritto da RFI,,,,fonte esterna (dichiarato da RFI)
0279B,Itinerario Napoli-Bari: Raddoppio e velocizzazione tratta Frasso Telesino-Vitulano (Benevento) Raddoppio Frasso Telesino-Telese Raddoppio Telese-S.Lorenzo Maggiore-Vitulano,RFI Piano Commerciale 2026 (localita' nuova),PRJ0011,Torrecuso-Ponte,dichiarato,codice CdP scritto da RFI,,,,fonte esterna (dichiarato da RFI)
0279B,Itinerario Napoli-Bari: Raddoppio e velocizzazione tratta Frasso Telesino-Vitulano (Benevento) Raddoppio Frasso Telesino-Telese Raddoppio Telese-S.Lorenzo Maggiore-Vitulano,RFI Piano Commerciale 2026 (localita' nuova),PRJ0011,San Lorenzo Maggiore,dichiarato,codice CdP scritto da RFI,,,,fonte esterna (dichiarato da RFI)
0279B,Itinerario Napoli-Bari: Raddoppio e velocizzazione tratta Frasso Telesino-Vitulano (Benevento) Raddoppio Frasso Telesino-Telese Raddoppio Telese-S.Lorenzo Maggiore-Vitulano,RFI Piano Commerciale 2026 (localita' nuova),PRJ0011,Telese Terme,dichiarato,codice CdP scritto da RFI,,,,fonte esterna (dichiarato da RFI)
0281,Itinerario Napoli-Bari: raddoppio tratta Apice-Orsara,RFI Piano Commerciale 2026 (tratta),PRJ0011,"Nuovo collegamento Cancello-Frasso Telesino,Raddoppio Apice-Hirpinia,Raddoppio Frasso Telesino-Telese,Raddoppio Hirpinia-Orsara,Raddoppio Orsara-Bovino,Raddoppio Telese-S.Lorenzo Maggiore-Vitulano,Variante Napoli-Cancello",dichiarato,codice CdP scritto da RFI,,,,fonte esterna (dichiarato da RFI)
0281,Itinerario Napoli-Bari: raddoppio tratta Apice-Orsara,RFI Piano Commerciale 2026 (localita' nuova),PRJ0011,Apice,dichiarato,codice CdP scritto da RFI,,,,fonte esterna (dichiarato da RFI)
0281,Itinerario Napoli-Bari: raddoppio tratta Apice-Orsara,RFI Piano Commerciale 2026 (localita' nuova),PRJ0011,Orsara di Puglia,dichiarato,codice CdP scritto da RFI,,,,fonte esterna (dichiarato da RFI)
0281,Itinerario Napoli-Bari: raddoppio tratta Apice-Orsara,RFI Piano Commerciale 2026 (localita' nuova),PRJ0011,Hirpinia,dichiarato,codice CdP scritto da RFI,,,,fonte esterna (dichiarato da RFI)
0284,Itinerario Napoli-Bari: Interventi su linea Cancello-Napoli per integrazione con linea AV/AC Variante Napoli-Cancello,RFI Piano Commerciale 2026 (tratta),PRJ0011,"Nuovo collegamento Cancello-Frasso Telesino,Raddoppio Apice-Hirpinia,Raddoppio Frasso Telesino-Telese,Raddoppio Hirpinia-Orsara,Raddoppio Orsara-Bovino,Raddoppio Telese-S.Lorenzo Maggiore-Vitulano,Variante Napoli-Cancello",dichiarato,codice CdP scritto da RFI,,,,fonte esterna (dichiarato da RFI)
0284,Itinerario Napoli-Bari: Interventi su linea Cancello-Napoli per integrazione con linea AV/AC Variante Napoli-Cancello,RFI Piano Commerciale 2026 (localita' potenziata),PRJ0011,Napoli Afragola,dichiarato,codice CdP scritto da RFI,,,,fonte esterna (dichiarato da RFI)
0284,Itinerario Napoli-Bari: Interventi su linea Cancello-Napoli per integrazione con linea AV/AC Variante Napoli-Cancello,RFI Piano Commerciale 2026 (localita' nuova),PRJ0011,Acerra,dichiarato,codice CdP scritto da RFI,,,,fonte esterna (dichiarato da RFI)
0284,Itinerario Napoli-Bari: Interventi su linea Cancello-Napoli per integrazione con linea AV/AC Variante Napoli-Cancello,RFI Piano Commerciale 2026 (localita' nuova),PRJ0011,Afragola Z. Commerciale,dichiarato,codice CdP scritto da RFI,,,,fonte esterna (dichiarato da RFI)
0284,Itinerario Napoli-Bari: Interventi su linea Cancello-Napoli per integrazione con linea AV/AC Variante Napoli-Cancello,RFI Piano Commerciale 2026 (localita' nuova),PRJ0011,Casalnuovo,dichiarato,codice CdP scritto da RFI,,,,fonte esterna (dichiarato da RFI)
0286A,Quadruplicamento Tortona-Voghera opere prioritarie PRG e ACC Tortona,RFI Piano Commerciale 2026 (localita' potenziata),PRJ0089,Tortona,dichiarato,codice CdP scritto da RFI,,,,fonte esterna (dichiarato da RFI)
0292A,Accesso al Brennero lotto 1 - Fortezza-Ponte Gardena Quadruplicamento Fortezza - Ponte Gardena,RFI Piano Commerciale 2026 (tratta),PRJ0021,Fortezza - Ponte Gardena,dichiarato,codice CdP scritto da RFI,,,,fonte esterna (dichiarato da RFI)
0294,Potenziamento linea Gallarate-Rho Quadruplicamento Rho-Parabiago e raccordo a Y per Malpensa Quadruplicamento Rho-Parabiago e raccordo a Y per Malpensa (opere di completamento) Triplicamento Parabiago-Gallarate PROG ITER,RFI Piano Commerciale 2026 (tratta),PRJ0118,Rho-Parabiago,dichiarato,codice CdP scritto da RFI,,,,fonte esterna (dichiarato da RFI)
0294,Potenziamento linea Gallarate-Rho Quadruplicamento Rho-Parabiago e raccordo a Y per Malpensa Quadruplicamento Rho-Parabiago e raccordo a Y per Malpensa (opere di completamento) Triplicamento Parabiago-Gallarate PROG ITER,RFI Piano Commerciale 2026 (localita' nuova),PRJ0118,Nerviano,dichiarato,codice CdP scritto da RFI,,,,fonte esterna (dichiarato da RFI)
0297A,Nodo di Falconara 1^ fase Variante Falconara e bretella di collegamento tra la linea Orte- Falconara direzione nord e la variante di Falconara verso nord,RFI Piano Commerciale 2026 (tratta),PRJ0061,Variante Falconara e bretella di collegamento tra la linea Orte-Falconara,dichiarato,codice CdP scritto da RFI,,,,fonte esterna (dichiarato da RFI)
0297A,Nodo di Falconara 1^ fase Variante Falconara e bretella di collegamento tra la linea Orte- Falconara direzione nord e la variante di Falconara verso nord,RFI Piano Commerciale 2026 (localita' potenziata),PRJ0061,Falconara Marittima,dichiarato,codice CdP scritto da RFI,,,,fonte esterna (dichiarato da RFI)
0298,Nuovo collegamento PM228 - Castelplanio con by-pass di Albacina PM228-Castelplanio Lotto 1: nuovo collegamento PM228 - nuovo ITER Bivio Nord Albacina PM228-Castelplanio Lotto 2: Raddoppio Bivio Nord Albacina - Serra San Quirico PM228-Castelplanio Lotto 3: Raddoppio Serra San Quirico - PROG ITER Castelplanio,RFI Piano Commerciale 2026 (tratta),PRJ0009,"Bivio Nord Albacina - Serra San Quirico,Fabriano - PM 228,PM228-Albacina",dichiarato,codice CdP scritto da RFI,,,,fonte esterna (dichiarato da RFI)
0298,Nuovo collegamento PM228 - Castelplanio con by-pass di Albacina PM228-Castelplanio Lotto 1: nuovo collegamento PM228 - nuovo ITER Bivio Nord Albacina PM228-Castelplanio Lotto 2: Raddoppio Bivio Nord Albacina - Serra San Quirico PM228-Castelplanio Lotto 3: Raddoppio Serra San Quirico - PROG ITER Castelplanio,RFI Piano Commerciale 2026 (localita' nuova),PRJ0009,Genga,dichiarato,codice CdP scritto da RFI,,,,fonte esterna (dichiarato da RFI)
0313A,Velocizzazione S. Gavino-Sassari-Olbia fasi prioritarie Variante Bauladu,RFI Piano Commerciale 2026 (tratta),PRJ0038,Variante di Bauladu,dichiarato,codice CdP scritto da RFI,,,,fonte esterna (dichiarato da RFI)
0334,"Potenziamento Foligno-Perugia-Terontola 1° stralcio Consolidamento sede tratta Foligno-Assisi, velocizzazione tratta Perugia Ponte San Giovanni - Foligno e nuova fermata Perugia aeroporto",RFI Piano Commerciale 2026 (tratta),PRJ0158,Foligno-Assisi,dichiarato,codice CdP scritto da RFI,,,,fonte esterna (dichiarato da RFI)
0335,Quadruplicamento Pavia-Milano Rogoredo Quadruplicamento Rogoredo-Pieve Emanuele Quadruplicamento Pieve Emanuele-Pavia PROG PROG,RFI Piano Commerciale 2026 (tratta),PRJ0146,Rogoredo-Pieve Emanuele,dichiarato,codice CdP scritto da RFI,,,,fonte esterna (dichiarato da RFI)
0336,Raddoppio Palermo-Messina tratta Fiumetorto- Castelbuono Raddoppio Fiumetorto-Ogliastrillo Raddoppio Ogliastrillo-Castelbuono,RFI Piano Commerciale 2026 (tratta),PRJ0041,Ogliastrillo - Castelbuono,dichiarato,codice CdP scritto da RFI,,,,fonte esterna (dichiarato da RFI)
0336,Raddoppio Palermo-Messina tratta Fiumetorto- Castelbuono Raddoppio Fiumetorto-Ogliastrillo Raddoppio Ogliastrillo-Castelbuono,RFI Piano Commerciale 2026 (localita' nuova),PRJ0041,Pollina–Castelbuono,dichiarato,codice CdP scritto da RFI,,,,fonte esterna (dichiarato da RFI)
0336,Raddoppio Palermo-Messina tratta Fiumetorto- Castelbuono Raddoppio Fiumetorto-Ogliastrillo Raddoppio Ogliastrillo-Castelbuono,RFI Piano Commerciale 2026 (localita' nuova),PRJ0041,Cefalù,dichiarato,codice CdP scritto da RFI,,,,fonte esterna (dichiarato da RFI)
0337A,Accesso al Brennero lotto 3a - Circonvallazione di Trento Circonvallazione di Trento (lotto 3a) e progettazione preliminare lotti 3a e 3b,RFI Piano Commerciale 2026 (tratta),PRJ0033,Circonvallazione di Trento,dichiarato,codice CdP scritto da RFI,,,,fonte esterna (dichiarato da RFI)
0359,Raddoppio Campoleone-Aprilia Raddoppio Campoleone-Aprilia,RFI Piano Commerciale 2026 (tratta),PRJ0066,Campoleone - Aprilia,dichiarato,codice CdP scritto da RFI,,,,fonte esterna (dichiarato da RFI)
0361,Linea AV/AC Milano - Verona: tratta Brescia - Verona,RFI Piano Commerciale 2026 (tratta),PRJ0072,Brescia - Verona,dichiarato,codice CdP scritto da RFI,,,,fonte esterna (dichiarato da RFI)
0361,Linea AV/AC Milano - Verona: tratta Brescia - Verona,RFI Piano Commerciale 2026 (tratta),PRJ0091,Bivio Lugagnano - Verona PN,dichiarato,codice CdP scritto da RFI,,,,fonte esterna (dichiarato da RFI)
0362A,Linea AV/AC Verona-Padova 1° lotto funzionale: Tratta Verona-bivio Vicenza,RFI Piano Commerciale 2026 (tratta),PRJ0001,"Bivio Ronchi - Vicenza,Verona Est - Bivio Ronchi",dichiarato,codice CdP scritto da RFI,,,,fonte esterna (dichiarato da RFI)
0362A,Linea AV/AC Verona-Padova 1° lotto funzionale: Tratta Verona-bivio Vicenza,RFI Piano Commerciale 2026 (localita' nuova),PRJ0001,Nuova fermata Fiera (Vicenza),dichiarato,codice CdP scritto da RFI,,,,fonte esterna (dichiarato da RFI)
0365A,"Potenziamento Venezia-Trieste lotti prioritari Potenziamento tecnologico Venezia-Trieste, rimozione limitazione massa assiale D4 e altri interventi infrastrutturali su linea storica",RFI Piano Commerciale 2026 (tratta),PRJ0067,Venezia - Trieste,dichiarato,codice CdP scritto da RFI,,,,fonte esterna (dichiarato da RFI)
0366A,"Potenziamento linea Ponte S.Pietro-Bergamo-Montello Raddoppio Bergamo-Curno, ACC Bergamo, PRG e ACC Ponte S.Pietro Raddoppio Bergamo-Montello ITER PRG Bergamo",RFI Piano Commerciale 2026 (tratta),PRJ0098,Bergamo - Curno,dichiarato,codice CdP scritto da RFI,,,,fonte esterna (dichiarato da RFI)
0366A,"Potenziamento linea Ponte S.Pietro-Bergamo-Montello Raddoppio Bergamo-Curno, ACC Bergamo, PRG e ACC Ponte S.Pietro Raddoppio Bergamo-Montello ITER PRG Bergamo",RFI Piano Commerciale 2026 (localita' potenziata),PRJ0098,Ponte S.Pietro,dichiarato,codice CdP scritto da RFI,,,,fonte esterna (dichiarato da RFI)
0366A,"Potenziamento linea Ponte S.Pietro-Bergamo-Montello Raddoppio Bergamo-Curno, ACC Bergamo, PRG e ACC Ponte S.Pietro Raddoppio Bergamo-Montello ITER PRG Bergamo",RFI Piano Commerciale 2026 (localita' potenziata),PRJ0215,Bergamo,dichiarato,codice CdP scritto da RFI,,,,fonte esterna (dichiarato da RFI)
0366A,"Potenziamento linea Ponte S.Pietro-Bergamo-Montello Raddoppio Bergamo-Curno, ACC Bergamo, PRG e ACC Ponte S.Pietro Raddoppio Bergamo-Montello ITER PRG Bergamo",RFI Piano Commerciale 2026 (localita' nuova),PRJ0098,Curno,dichiarato,codice CdP scritto da RFI,,,,fonte esterna (dichiarato da RFI)
0417,Porto di Taranto - collegamento ferroviario del complesso del porto di Taranto con la rete nazionale Nuova stazione di Cagioni e collegamento con nuova Piastra Logistica,RFI Piano Commerciale 2026 (localita' potenziata),PRJ0228,Taranto,dichiarato,codice CdP scritto da RFI,,,,fonte esterna (dichiarato da RFI)
1417,Potenziamento linee Castelli Romani Potenziamento stazione di Marino e Frascati; potenziamento infrastrutturale e tecnologico della linea Ciampino-Frascati e nuova stazione di Villa Senni,RFI Piano Commerciale 2026 (tratta),PRJ0063,Linea Ciampino-Frascati,dichiarato,codice CdP scritto da RFI,,,,fonte esterna (dichiarato da RFI)
1417,Potenziamento linee Castelli Romani Potenziamento stazione di Marino e Frascati; potenziamento infrastrutturale e tecnologico della linea Ciampino-Frascati e nuova stazione di Villa Senni,RFI Piano Commerciale 2026 (localita' nuova),PRJ0063,Ciampino Valle Copella,dichiarato,codice CdP scritto da RFI,,,,fonte esterna (dichiarato da RFI)
1483,Nodo di interscambio di Pigneto Fermata Pigneto su linea FL1/FL3 e copertura parziale vallo Fermata Pigneto su linea FL4/6 e sistemazioni viarie PROG PROG Completamento copertura vallo ferroviario Pigneto PROG PROG,RFI Piano Commerciale 2026 (localita' nuova),PRJ0241,Roma Pigneto,dichiarato,codice CdP scritto da RFI,,,,fonte esterna (dichiarato da RFI)
1604A,Upgrading infrastrutturale e tecnologico linea linea Trieste- Divaca Upgrade linea storica bivio Aurisina-Confine di Stato (fase 0 Nuova linea Trieste-Divaca) - comprende anche progettazione preliminare nuova linea,RFI Piano Commerciale 2026 (tratta),PRJ0068,Bivio Aurisina - Villa Opicina,dichiarato,codice CdP scritto da RFI,,,,fonte esterna (dichiarato da RFI)
1604A,Upgrading infrastrutturale e tecnologico linea linea Trieste- Divaca Upgrade linea storica bivio Aurisina-Confine di Stato (fase 0 Nuova linea Trieste-Divaca) - comprende anche progettazione preliminare nuova linea,RFI Piano Commerciale 2026 (localita' potenziata),PRJ0068,Villa Opicina,dichiarato,codice CdP scritto da RFI,,,,fonte esterna (dichiarato da RFI)
1674,"Linea ferroviaria Potenza - Foggia - ammodernamento Ammodernamento Potenza-Foggia Fase 1: adeguamento a standard RFI e razionalizzazione impianti Ammodernamento Potenza-Foggia Fase 2B: velocizzazione PROG PROG Variante di Melfi PROG PROG Ammodernamento Potenza-Foggia Fase 2A: elettrificazione, soppressione PL e consolidamento sede",RFI Piano Commerciale 2026 (tratta),PRJ0085,Potenza-Foggia fase 1,dichiarato,codice CdP scritto da RFI,,,,fonte esterna (dichiarato da RFI)
1940,"Nodo di Udine Revisione fascio Sacca e ACC Udine Centrale su piano ferro attuale Nuovo PM Cargnacco, PRG di Udine Centrale, PRG Udine C.le, ITER PRG/ACC Udine Bivi (ex Udine Parco), raddoppio della linea di cintura tra PM VAT, bretella tra linea Gorizia e linea per Cervignano",RFI Piano Commerciale 2026 (localita' potenziata),PRJ0216,Udine,dichiarato,codice CdP scritto da RFI,,,,fonte esterna (dichiarato da RFI)
A004,Galleria di base del Brennero - quota Italia,RFI Piano Commerciale 2026 (tratta),PRJ0024,Galleria di base del Brennero,dichiarato,codice CdP scritto da RFI,,,,fonte esterna (dichiarato da RFI)
A004,Galleria di base del Brennero - quota Italia,RFI Piano Commerciale 2026 (localita' nuova),PRJ0024,Fortezza AV,dichiarato,codice CdP scritto da RFI,,,,fonte esterna (dichiarato da RFI)
A2001B,Tecnologie per la circolazione,RFI Piano Commerciale 2026 (tratta),PRJ0103,Avezzano - Sulmona,dichiarato,codice CdP scritto da RFI,,,,fonte esterna (dichiarato da RFI)
A2004E,Dismissione contesti di esercizio obsoleti,RFI Piano Commerciale 2026 (tratta),PRJ0103,Avezzano - Sulmona,dichiarato,codice CdP scritto da RFI,,,,fonte esterna (dichiarato da RFI)
A5000_1,Nodo AV di Firenze Nodo AV di Firenze,RFI Piano Commerciale 2026 (tratta),PRJ0019,Passante AV di Firenze,dichiarato,codice CdP scritto da RFI,,,,fonte esterna (dichiarato da RFI)
A5000_1,Nodo AV di Firenze Nodo AV di Firenze,RFI Piano Commerciale 2026 (localita' nuova),PRJ0019,Firenze Belfiore,dichiarato,codice CdP scritto da RFI,,,,fonte esterna (dichiarato da RFI)
I008,Porto di Trieste Potenziamento stazione Trieste Campo Marzio Potenziamento impianti a servizio del porto di Trieste,RFI Piano Commerciale 2026 (localita' potenziata),PRJ0274,Trieste Campo Marzio,dichiarato,codice CdP scritto da RFI,,,,fonte esterna (dichiarato da RFI)
I107A,AV-AC Salerno - Reggio Calabria AV Salerno-Reggio Calabria: Lotto 1a Battipaglia - Romagnano e progettazione di fattibilità tecnico-economica intero itinerario AV Salerno-Reggio Calabria: Lotti 1b+1c Romagnano - Praia ITER AV Salerno-Reggio Calabria: Raddoppio Galleria Santomarco AV Salerno-Reggio Calabria: Lotto 2 Praia-Paola,RFI Piano Commerciale 2026 (tratta),PRJ0030,"Battipaglia - Romagnano,Romagnano - Praia",dichiarato,codice CdP scritto da RFI,,,,fonte esterna (dichiarato da RFI)
I107A,AV-AC Salerno - Reggio Calabria AV Salerno-Reggio Calabria: Lotto 1a Battipaglia - Romagnano e progettazione di fattibilità tecnico-economica intero itinerario AV Salerno-Reggio Calabria: Lotti 1b+1c Romagnano - Praia ITER AV Salerno-Reggio Calabria: Raddoppio Galleria Santomarco AV Salerno-Reggio Calabria: Lotto 2 Praia-Paola,RFI Piano Commerciale 2026 (tratta),PRJ0030,"Battipaglia - Romagnano,Romagnano - Praia",dichiarato,codice CdP scritto da RFI,,,,fonte esterna (dichiarato da RFI)
I107A,AV-AC Salerno - Reggio Calabria AV Salerno-Reggio Calabria: Lotto 1a Battipaglia - Romagnano e progettazione di fattibilità tecnico-economica intero itinerario AV Salerno-Reggio Calabria: Lotti 1b+1c Romagnano - Praia ITER AV Salerno-Reggio Calabria: Raddoppio Galleria Santomarco AV Salerno-Reggio Calabria: Lotto 2 Praia-Paola,RFI Piano Commerciale 2026 (tratta),PRJ0030,Raddoppio Galleria Santomarco,dichiarato,codice CdP scritto da RFI,,,,fonte esterna (dichiarato da RFI)
I107A,AV-AC Salerno - Reggio Calabria AV Salerno-Reggio Calabria: Lotto 1a Battipaglia - Romagnano e progettazione di fattibilità tecnico-economica intero itinerario AV Salerno-Reggio Calabria: Lotti 1b+1c Romagnano - Praia ITER AV Salerno-Reggio Calabria: Raddoppio Galleria Santomarco AV Salerno-Reggio Calabria: Lotto 2 Praia-Paola,RFI Piano Commerciale 2026 (localita' nuova),PRJ0030,Settimo di Rende - Montalto Uffugo,dichiarato,codice CdP scritto da RFI,,,,fonte esterna (dichiarato da RFI)
I107A,AV-AC Salerno - Reggio Calabria AV Salerno-Reggio Calabria: Lotto 1a Battipaglia - Romagnano e progettazione di fattibilità tecnico-economica intero itinerario AV Salerno-Reggio Calabria: Lotti 1b+1c Romagnano - Praia ITER AV Salerno-Reggio Calabria: Raddoppio Galleria Santomarco AV Salerno-Reggio Calabria: Lotto 2 Praia-Paola,RFI Piano Commerciale 2026 (localita' nuova),PRJ0030,Vallo di Diano,dichiarato,codice CdP scritto da RFI,,,,fonte esterna (dichiarato da RFI)
I137,Collegamento ferroviario aeroporto di Bergamo Collegamento ferroviario aeroporto di Bergamo,RFI Piano Commerciale 2026 (tratta),PRJ0093,Collegamento ferroviario aeroporto di Bergamo,dichiarato,codice CdP scritto da RFI,,,,fonte esterna (dichiarato da RFI)
I137,Collegamento ferroviario aeroporto di Bergamo Collegamento ferroviario aeroporto di Bergamo,RFI Piano Commerciale 2026 (localita' nuova),PRJ0093,Bergamo Aeroporto,dichiarato,codice CdP scritto da RFI,,,,fonte esterna (dichiarato da RFI)
I162,Ripristino linea Palermo-Trapani via Milo Ripristino linea Palermo-Trapani via Milo,RFI Piano Commerciale 2026 (tratta),PRJ0034,Trapani - Alcamo,dichiarato,codice CdP scritto da RFI,,,,fonte esterna (dichiarato da RFI)
I170,Elettrificazione e ammodernamento linea Barletta-Canosa Elettrificazione e ammodernamento linea Barletta-Canosa,RFI Piano Commerciale 2026 (localita' nuova),PRJ0071,Barletta Ospedale,dichiarato,codice CdP scritto da RFI,,,,fonte esterna (dichiarato da RFI)
I172,Variante di Riga PRG Bressanone e altre opere propedeutiche Variante di Riga e fermata di Sciaves Fermata di Varna PROG PROG,RFI Piano Commerciale 2026 (tratta),PRJ0023,Variante di Riga,dichiarato,codice CdP scritto da RFI,,,,fonte esterna (dichiarato da RFI)
I172,Variante di Riga PRG Bressanone e altre opere propedeutiche Variante di Riga e fermata di Sciaves Fermata di Varna PROG PROG,RFI Piano Commerciale 2026 (localita' nuova),PRJ0023,Sciaves-Schabs,dichiarato,codice CdP scritto da RFI,,,,fonte esterna (dichiarato da RFI)
I172,Variante di Riga PRG Bressanone e altre opere propedeutiche Variante di Riga e fermata di Sciaves Fermata di Varna PROG PROG,RFI Piano Commerciale 2026 (localita' nuova),PRJ0023,Varna,dichiarato,codice CdP scritto da RFI,,,,fonte esterna (dichiarato da RFI)
I173,"Elettrificazione, velocizzazione e ammodernamento linee Salerno - Mercato S.S. - Avellino - Benevento e tratta",RFI Piano Commerciale 2026 (tratta),PRJ0104,Salerno - Mercato S.Severino - Avellino - Benevento e tratta Mercato S.Severino - Codola - Sarno,dichiarato,codice CdP scritto da RFI,,,,fonte esterna (dichiarato da RFI)
I174,Nuova stazione Taranto Nasisi Nuova stazione Taranto Nasisi,RFI Piano Commerciale 2026 (localita' nuova),PRJ0240,Taranto Nasisi,dichiarato,codice CdP scritto da RFI,,,,fonte esterna (dichiarato da RFI)
I175,Raddoppio PM 228-Albacina,RFI Piano Commerciale 2026 (tratta),PRJ0009,"Bivio Nord Albacina - Serra San Quirico,Fabriano - PM 228,PM228-Albacina",dichiarato,codice CdP scritto da RFI,,,,fonte esterna (dichiarato da RFI)
I177,"Completamento metropolitana di Salerno: tratta stadio Arechi-Pontecagnano Aeroporto Completamento metropolitana di Salerno: tratta stadio Arechi- Pontecagnano Aeroporto ASI Salerno - nuova stazione metropolitana - ""Zona Industriale""",RFI Piano Commerciale 2026 (tratta),PRJ0049,Arechi - Pontecagnano Aeroporto,dichiarato,codice CdP scritto da RFI,,,,fonte esterna (dichiarato da RFI)
I177,"Completamento metropolitana di Salerno: tratta stadio Arechi-Pontecagnano Aeroporto Completamento metropolitana di Salerno: tratta stadio Arechi- Pontecagnano Aeroporto ASI Salerno - nuova stazione metropolitana - ""Zona Industriale""",RFI Piano Commerciale 2026 (localita' nuova),PRJ0049,Salerno Aeroporto (LS),dichiarato,codice CdP scritto da RFI,,,,fonte esterna (dichiarato da RFI)
I177,"Completamento metropolitana di Salerno: tratta stadio Arechi-Pontecagnano Aeroporto Completamento metropolitana di Salerno: tratta stadio Arechi- Pontecagnano Aeroporto ASI Salerno - nuova stazione metropolitana - ""Zona Industriale""",RFI Piano Commerciale 2026 (localita' nuova),PRJ0049,Pontecagnano S.Antonio,dichiarato,codice CdP scritto da RFI,,,,fonte esterna (dichiarato da RFI)
I177,"Completamento metropolitana di Salerno: tratta stadio Arechi-Pontecagnano Aeroporto Completamento metropolitana di Salerno: tratta stadio Arechi- Pontecagnano Aeroporto ASI Salerno - nuova stazione metropolitana - ""Zona Industriale""",RFI Piano Commerciale 2026 (localita' nuova),PRJ0049,Salerno Ospedale Ruggi,dichiarato,codice CdP scritto da RFI,,,,fonte esterna (dichiarato da RFI)
I177,"Completamento metropolitana di Salerno: tratta stadio Arechi-Pontecagnano Aeroporto Completamento metropolitana di Salerno: tratta stadio Arechi- Pontecagnano Aeroporto ASI Salerno - nuova stazione metropolitana - ""Zona Industriale""",RFI Piano Commerciale 2026 (localita' nuova),PRJ0049,Salerno Aeroporto,dichiarato,codice CdP scritto da RFI,,,,fonte esterna (dichiarato da RFI)
I177,"Completamento metropolitana di Salerno: tratta stadio Arechi-Pontecagnano Aeroporto Completamento metropolitana di Salerno: tratta stadio Arechi- Pontecagnano Aeroporto ASI Salerno - nuova stazione metropolitana - ""Zona Industriale""",RFI Piano Commerciale 2026 (localita' nuova),PRJ0049,Salerno Z. Industriale,dichiarato,codice CdP scritto da RFI,,,,fonte esterna (dichiarato da RFI)
I178A,Raddoppio Codogno-Cremona-Mantova 1^ fase Raddoppio Piadena-Mantova e soppressione PL critici intera linea,RFI Piano Commerciale 2026 (tratta),PRJ0102,Piadena - Mantova,dichiarato,codice CdP scritto da RFI,,,,fonte esterna (dichiarato da RFI)
I184,Potenziamento Padova-Castelfranco Linea Padova-Vigodarzere: raddoppio ponte sul Brenta,RFI Piano Commerciale 2026 (tratta),PRJ0020,Ponte sul Brenta,dichiarato,codice CdP scritto da RFI,,,,fonte esterna (dichiarato da RFI)
I184,Potenziamento Padova-Castelfranco Linea Padova-Vigodarzere: raddoppio ponte sul Brenta,RFI Piano Commerciale 2026 (localita' potenziata),PRJ0020,Vigodarzere,dichiarato,codice CdP scritto da RFI,,,,fonte esterna (dichiarato da RFI)
P053,Upgrading infrastrutturale e tecnologico nodo di Roma,RFI Piano Commerciale 2026 (tratta),PRJ0070,Cesano - Roma Ostiense - Tiburtina,dichiarato,codice CdP scritto da RFI,,,,fonte esterna (dichiarato da RFI)
P053,Upgrading infrastrutturale e tecnologico nodo di Roma,RFI Piano Commerciale 2026 (tratta),PRJ0062,Roma Termini - Ciampino,dichiarato,codice CdP scritto da RFI,,,,fonte esterna (dichiarato da RFI)
P053,Upgrading infrastrutturale e tecnologico nodo di Roma,RFI Piano Commerciale 2026 (localita' potenziata),PRJ0231,Roma Tuscolana,dichiarato,codice CdP scritto da RFI,,,,fonte esterna (dichiarato da RFI)
P054,Upgrading infrastrutturale e tecnologico nodo di Milano,RFI Piano Commerciale 2026 (tratta),PRJ0026,Milano Porta Garibaldi - Milano Greco / Lambrate,dichiarato,codice CdP scritto da RFI,,,,fonte esterna (dichiarato da RFI)
P054,Upgrading infrastrutturale e tecnologico nodo di Milano,RFI Piano Commerciale 2026 (tratta),PRJ0122,Carnate-Monza,dichiarato,codice CdP scritto da RFI,,,,fonte esterna (dichiarato da RFI)
P054,Upgrading infrastrutturale e tecnologico nodo di Milano,RFI Piano Commerciale 2026 (localita' potenziata),PRJ0200,Cisano Caprino Bergamasco,dichiarato,codice CdP scritto da RFI,,,,fonte esterna (dichiarato da RFI)
P054,Upgrading infrastrutturale e tecnologico nodo di Milano,RFI Piano Commerciale 2026 (localita' potenziata),PRJ0200,Crema,dichiarato,codice CdP scritto da RFI,,,,fonte esterna (dichiarato da RFI)
P054,Upgrading infrastrutturale e tecnologico nodo di Milano,RFI Piano Commerciale 2026 (localita' potenziata),PRJ0200,Calusco,dichiarato,codice CdP scritto da RFI,,,,fonte esterna (dichiarato da RFI)
P054,Upgrading infrastrutturale e tecnologico nodo di Milano,RFI Piano Commerciale 2026 (localita' potenziata),PRJ0200,Ponte in Valtellina,dichiarato,codice CdP scritto da RFI,,,,fonte esterna (dichiarato da RFI)
P054,Upgrading infrastrutturale e tecnologico nodo di Milano,RFI Piano Commerciale 2026 (localita' potenziata),PRJ0200,Besana,dichiarato,codice CdP scritto da RFI,,,,fonte esterna (dichiarato da RFI)
P054,Upgrading infrastrutturale e tecnologico nodo di Milano,RFI Piano Commerciale 2026 (localita' potenziata),PRJ0204,Milano Centrale,dichiarato,codice CdP scritto da RFI,,,,fonte esterna (dichiarato da RFI)
P054,Upgrading infrastrutturale e tecnologico nodo di Milano,RFI Piano Commerciale 2026 (localita' potenziata),PRJ0205,Milano Lambrate,dichiarato,codice CdP scritto da RFI,,,,fonte esterna (dichiarato da RFI)
P054,Upgrading infrastrutturale e tecnologico nodo di Milano,RFI Piano Commerciale 2026 (localita' potenziata),PRJ0206,Milano Porta Garibaldi,dichiarato,codice CdP scritto da RFI,,,,fonte esterna (dichiarato da RFI)
P054,Upgrading infrastrutturale e tecnologico nodo di Milano,RFI Piano Commerciale 2026 (localita' potenziata),PRJ0243,Milano Certosa,dichiarato,codice CdP scritto da RFI,,,,fonte esterna (dichiarato da RFI)
P054,Upgrading infrastrutturale e tecnologico nodo di Milano,RFI Piano Commerciale 2026 (localita' nuova),PRJ0307,Milano Forlanini,dichiarato,codice CdP scritto da RFI,,,,fonte esterna (dichiarato da RFI)
P055_A,Piano integrato Stazioni,RFI Piano Commerciale 2026 (localita' nuova),PRJ0294,Motta S.Giovanni Mare,dichiarato,codice CdP scritto da RFI,,,,fonte esterna (dichiarato da RFI)
P055_A,Piano integrato Stazioni,RFI Piano Commerciale 2026 (localita' nuova),PRJ0294,Bocale II,dichiarato,codice CdP scritto da RFI,,,,fonte esterna (dichiarato da RFI)
P055_A,Piano integrato Stazioni,RFI Piano Commerciale 2026 (localita' nuova),PRJ0294,Reggio di Calabria S. Leo,dichiarato,codice CdP scritto da RFI,,,,fonte esterna (dichiarato da RFI)
P060,Infrastrutturazione porti e terminali,RFI Piano Commerciale 2026 (tratta),PRJ0101,Ripristino bretella merci S. Maria Capua Vetere,dichiarato,codice CdP scritto da RFI,,,,fonte esterna (dichiarato da RFI)
P060,Infrastrutturazione porti e terminali,RFI Piano Commerciale 2026 (tratta),PRJ0107,Porto di Genova,dichiarato,codice CdP scritto da RFI,,,,fonte esterna (dichiarato da RFI)
P060,Infrastrutturazione porti e terminali,RFI Piano Commerciale 2026 (localita' potenziata),PRJ0107,Genova Marittima,dichiarato,codice CdP scritto da RFI,,,,fonte esterna (dichiarato da RFI)
P060,Infrastrutturazione porti e terminali,RFI Piano Commerciale 2026 (localita' potenziata),PRJ0209,Milano Smistamento,dichiarato,codice CdP scritto da RFI,,,,fonte esterna (dichiarato da RFI)
P060,Infrastrutturazione porti e terminali,RFI Piano Commerciale 2026 (localita' potenziata),PRJ0264,Alessandria Smistamento,dichiarato,codice CdP scritto da RFI,,,,fonte esterna (dichiarato da RFI)
P060,Infrastrutturazione porti e terminali,RFI Piano Commerciale 2026 (localita' potenziata),PRJ0306,La Spezia Migliarina,dichiarato,codice CdP scritto da RFI,,,,fonte esterna (dichiarato da RFI)
P074,"Ammodernamento e velocizzazione itinerari Palermo- Catania-Messina, Messina-Palermo e Messina-Siracusa",RFI Piano Commerciale 2026 (localita' potenziata),PRJ0212,Alcantara,dichiarato,codice CdP scritto da RFI,,,,fonte esterna (dichiarato da RFI)
P075,Upgrading infrastrutturale e tecnologico nodo di Venezia,RFI Piano Commerciale 2026 (localita' potenziata),PRJ0226,Venezia S.Lucia,dichiarato,codice CdP scritto da RFI,,,,fonte esterna (dichiarato da RFI)
P076,Upgrading infrastrutturale e tecnologico nodo di Firenze,RFI Piano Commerciale 2026 (tratta),PRJ0044,Nodo di Firenze,dichiarato,codice CdP scritto da RFI,,,,fonte esterna (dichiarato da RFI)
P076,Upgrading infrastrutturale e tecnologico nodo di Firenze,RFI Piano Commerciale 2026 (localita' potenziata),PRJ0202,Empoli,dichiarato,codice CdP scritto da RFI,,,,fonte esterna (dichiarato da RFI)
P076,Upgrading infrastrutturale e tecnologico nodo di Firenze,RFI Piano Commerciale 2026 (localita' nuova),PRJ0250,Firenze Guidoni,dichiarato,codice CdP scritto da RFI,,,,fonte esterna (dichiarato da RFI)
P080,Upgrading infrastrutturale e tecnologico nodo di Torino,RFI Piano Commerciale 2026 (tratta),PRJ0092,Nodo di Torino,dichiarato,codice CdP scritto da RFI,,,,fonte esterna (dichiarato da RFI)
P087B,Ammodernamento e potenziamento rete ferroviaria Regione Abruzzo - Collegamento al porto di Vasto Collegamento al porto di Vasto PROG PROG,RFI Piano Commerciale 2026 (localita' potenziata),PRJ0046,Porto di Vasto,dichiarato,codice CdP scritto da RFI,,,,fonte esterna (dichiarato da RFI)
P101,Potenziamento linea Empoli-Siena Raddoppio Empoli-Granaiolo Elettrificazione linea Empoli-Siena ITER,RFI Piano Commerciale 2026 (tratta),PRJ0108,Empoli-Siena,dichiarato,codice CdP scritto da RFI,,,,fonte esterna (dichiarato da RFI)
P101,Potenziamento linea Empoli-Siena Raddoppio Empoli-Granaiolo Elettrificazione linea Empoli-Siena ITER,RFI Piano Commerciale 2026 (tratta),PRJ0108,Empoli-Granaiolo,dichiarato,codice CdP scritto da RFI,,,,fonte esterna (dichiarato da RFI)
P112,Upgrading infrastrutturale e tecnologico nodo di Bologna,RFI Piano Commerciale 2026 (localita' potenziata),PRJ0201,Castel S.Pietro Terme,dichiarato,codice CdP scritto da RFI,,,,fonte esterna (dichiarato da RFI)
P112,Upgrading infrastrutturale e tecnologico nodo di Bologna,RFI Piano Commerciale 2026 (localita' nuova),PRJ0236,Prati di Caprara,dichiarato,codice CdP scritto da RFI,,,,fonte esterna (dichiarato da RFI)
P112,Upgrading infrastrutturale e tecnologico nodo di Bologna,RFI Piano Commerciale 2026 (localita' nuova),PRJ0236,Borgo Panigale Scala,dichiarato,codice CdP scritto da RFI,,,,fonte esterna (dichiarato da RFI)
P112,Upgrading infrastrutturale e tecnologico nodo di Bologna,RFI Piano Commerciale 2026 (localita' nuova),PRJ0236,Zanardi,dichiarato,codice CdP scritto da RFI,,,,fonte esterna (dichiarato da RFI)
P123,Elettrificazione Ivrea-Aosta e adeguamento linea Chivasso - Aosta Elettrificazione Ivrea-Aosta e Velocizzazione impianti e soppressione PL linea Chivasso-Aosta,RFI Piano Commerciale 2026 (tratta),PRJ0300,Chivasso-Ivrea-Aosta,dichiarato,codice CdP scritto da RFI,,,,fonte esterna (dichiarato da RFI)
P123,Elettrificazione Ivrea-Aosta e adeguamento linea Chivasso - Aosta Elettrificazione Ivrea-Aosta e Velocizzazione impianti e soppressione PL linea Chivasso-Aosta,RFI Piano Commerciale 2026 (tratta),PRJ0025,Ivrea - Aosta,dichiarato,codice CdP scritto da RFI,,,,fonte esterna (dichiarato da RFI)
P128,Elettrificazione linea Trento-Bassano 1^ fase Elettrificazione Trento-Borgo Valsugana,RFI Piano Commerciale 2026 (tratta),PRJ0163,Trento-Borgo Valsugana,dichiarato,codice CdP scritto da RFI,,,,fonte esterna (dichiarato da RFI)
P129,Collegamento ferroviario aeroporto di Genova Fermate di Erzelli/Aeroporto e Cornigliano est ACC e PRG Sestri Ponente PROG PROG,RFI Piano Commerciale 2026 (tratta),PRJ0117,Genova Sestri Ponente,dichiarato,codice CdP scritto da RFI,,,,fonte esterna (dichiarato da RFI)
P129,Collegamento ferroviario aeroporto di Genova Fermate di Erzelli/Aeroporto e Cornigliano est ACC e PRG Sestri Ponente PROG PROG,RFI Piano Commerciale 2026 (localita' nuova),PRJ0117,Erzelli/aeroporto,dichiarato,codice CdP scritto da RFI,,,,fonte esterna (dichiarato da RFI)
P129,Collegamento ferroviario aeroporto di Genova Fermate di Erzelli/Aeroporto e Cornigliano est ACC e PRG Sestri Ponente PROG PROG,RFI Piano Commerciale 2026 (localita' nuova),PRJ0117,Genova Cornigliano est,dichiarato,codice CdP scritto da RFI,,,,fonte esterna (dichiarato da RFI)
P131,Velocizzazione linea Torino-Genova Velocizzazione Torino-Genova 1^ fase (potenziamento tecnologico e rettifiche di tracciato) Velocizzazione Torino-Genova 2^ fase (varianti di tracciato),RFI Piano Commerciale 2026 (tratta),PRJ0116,Trofarello - Alessandria fase 1,dichiarato,codice CdP scritto da RFI,,,,fonte esterna (dichiarato da RFI)
P133,Velocizzazione linea Milano-Genova Velocizzazione Milano-Genova 1^ fase - potenziamento tecnologico e 2^ fase - rettifiche di tracciato e piccole varianti,RFI Piano Commerciale 2026 (tratta),PRJ0112,Milano - Tortona,dichiarato,codice CdP scritto da RFI,,,,fonte esterna (dichiarato da RFI)
P134,Upgrading infrastrutturale e tecnologico nodo di Napoli,RFI Piano Commerciale 2026 (localita' potenziata),PRJ0223,Napoli Centrale,dichiarato,codice CdP scritto da RFI,,,,fonte esterna (dichiarato da RFI)
P134,Upgrading infrastrutturale e tecnologico nodo di Napoli,RFI Piano Commerciale 2026 (localita' potenziata),PRJ0230,Salerno,dichiarato,codice CdP scritto da RFI,,,,fonte esterna (dichiarato da RFI)
P136,Linea Bolzano-Merano: Galleria del Virgolo Modifica radice sud di Bolzano e inserimento terzo binario indipendente per linea Bolzano-Merano,RFI Piano Commerciale 2026 (tratta),PRJ0022,Bolzano - Merano,dichiarato,codice CdP scritto da RFI,,,,fonte esterna (dichiarato da RFI)
P136,Linea Bolzano-Merano: Galleria del Virgolo Modifica radice sud di Bolzano e inserimento terzo binario indipendente per linea Bolzano-Merano,RFI Piano Commerciale 2026 (localita' potenziata),PRJ0022,Bolzano,dichiarato,codice CdP scritto da RFI,,,,fonte esterna (dichiarato da RFI)
P140,Upgrading tecnologico e prestazionale Tirrenica sud 2^ fase,RFI Piano Commerciale 2026 (tratta),PRJ0137,Tirrenica sud,dichiarato,codice CdP scritto da RFI,,,,fonte esterna (dichiarato da RFI)
P142,"Porto di Ravenna Porto di Ravenna 1^ fase: Soppressione P.L. via Canale Molinetto, ITER adeguamento cavalcavia Teodorico, prolungamento del sottopassaggio pedonale di stazione e adeguamento collegamento esistente dorsale sinistra Candiano Porto di Ravenna 2^ fase: Potenziamento collegamenti esistenti ITER dorsali sinistra e destra Candiano",RFI Piano Commerciale 2026 (tratta),PRJ0224,Dorsale sinistra Candiano,dichiarato,codice CdP scritto da RFI,,,,fonte esterna (dichiarato da RFI)
P142,"Porto di Ravenna Porto di Ravenna 1^ fase: Soppressione P.L. via Canale Molinetto, ITER adeguamento cavalcavia Teodorico, prolungamento del sottopassaggio pedonale di stazione e adeguamento collegamento esistente dorsale sinistra Candiano Porto di Ravenna 2^ fase: Potenziamento collegamenti esistenti ITER dorsali sinistra e destra Candiano",RFI Piano Commerciale 2026 (localita' potenziata),PRJ0097,Ravenna,dichiarato,codice CdP scritto da RFI,,,,fonte esterna (dichiarato da RFI)
P142,"Porto di Ravenna Porto di Ravenna 1^ fase: Soppressione P.L. via Canale Molinetto, ITER adeguamento cavalcavia Teodorico, prolungamento del sottopassaggio pedonale di stazione e adeguamento collegamento esistente dorsale sinistra Candiano Porto di Ravenna 2^ fase: Potenziamento collegamenti esistenti ITER dorsali sinistra e destra Candiano",RFI Piano Commerciale 2026 (localita' nuova),PRJ0224,Ravenna Sinistra Candiano,dichiarato,codice CdP scritto da RFI,,,,fonte esterna (dichiarato da RFI)
P147,Elettrificazione Civitanova-Macerata-Albacina Elettrificazione Civitanova-Macerata-Albacina,RFI Piano Commerciale 2026 (tratta),PRJ0051,Civitanova - Macerata – Albacina,dichiarato,codice CdP scritto da RFI,,,,fonte esterna (dichiarato da RFI)
P173,Nuovo terminale Milano smistamento (interventi RFI) Milano smistamento: attrezzaggio tecnologico nuovo terminale e opere di allaccio alla rete ferroviaria nazionale,RFI Piano Commerciale 2026 (localita' potenziata),PRJ0209,Milano Smistamento,dichiarato,codice CdP scritto da RFI,,,,fonte esterna (dichiarato da RFI)
P175,Scalo Torino Orbassano ACC Torino Orbassano Scalo Torino Orbassano: interventi in fascio container,RFI Piano Commerciale 2026 (tratta),PRJ0088,Scalo Orbassano,dichiarato,codice CdP scritto da RFI,,,,fonte esterna (dichiarato da RFI)
P175,Scalo Torino Orbassano ACC Torino Orbassano Scalo Torino Orbassano: interventi in fascio container,RFI Piano Commerciale 2026 (localita' potenziata),PRJ0088,Torino Orbassano Fascio Sud,dichiarato,codice CdP scritto da RFI,,,,fonte esterna (dichiarato da RFI)
P178,Nodo intermodale di Brindisi Nodo intermodale di Brindisi,RFI Piano Commerciale 2026 (tratta),PRJ0164,Nodo intermodale di Brindisi,dichiarato,codice CdP scritto da RFI,,,,fonte esterna (dichiarato da RFI)
P178,Nodo intermodale di Brindisi Nodo intermodale di Brindisi,RFI Piano Commerciale 2026 (localita' nuova),PRJ0164,Brindisi Intermodale,dichiarato,codice CdP scritto da RFI,,,,fonte esterna (dichiarato da RFI)
P193,Upgrading infrastrutturale e tecnologico nodo di Bari,RFI Piano Commerciale 2026 (localita' potenziata),PRJ0213,Bari Centrale,dichiarato,codice CdP scritto da RFI,,,,fonte esterna (dichiarato da RFI)
P198,Upgrading infrastrutturale e tecnologico bacini nord ovest,RFI Piano Commerciale 2026 (tratta),PRJ0047,Linea Ovada,dichiarato,codice CdP scritto da RFI,,,,fonte esterna (dichiarato da RFI)
P198,Upgrading infrastrutturale e tecnologico bacini nord ovest,RFI Piano Commerciale 2026 (tratta),PRJ0016,Como - Molteno - Lecco,dichiarato,codice CdP scritto da RFI,,,,fonte esterna (dichiarato da RFI)
P198,Upgrading infrastrutturale e tecnologico bacini nord ovest,RFI Piano Commerciale 2026 (localita' potenziata),PRJ0214,Bergamo,dichiarato,codice CdP scritto da RFI,,,,fonte esterna (dichiarato da RFI)
P198,Upgrading infrastrutturale e tecnologico bacini nord ovest,RFI Piano Commerciale 2026 (localita' nuova),PRJ0285,Monza Est,dichiarato,codice CdP scritto da RFI,,,,fonte esterna (dichiarato da RFI)
P199,Upgrading infrastrutturale e tecnologico bacini nord est,RFI Piano Commerciale 2026 (tratta),PRJ0048,Casarsa - Portogruaro,dichiarato,codice CdP scritto da RFI,,,,fonte esterna (dichiarato da RFI)
P199,Upgrading infrastrutturale e tecnologico bacini nord est,RFI Piano Commerciale 2026 (tratta),PRJ0059,Linea Sacile - Gemona,dichiarato,codice CdP scritto da RFI,,,,fonte esterna (dichiarato da RFI)
P199,Upgrading infrastrutturale e tecnologico bacini nord est,RFI Piano Commerciale 2026 (localita' nuova),PRJ0305,Bolzano Aeroporto - Bozen Flughafen,dichiarato,codice CdP scritto da RFI,,,,fonte esterna (dichiarato da RFI)
P200,Upgrading infrastrutturale e tecnologico bacini centro,RFI Piano Commerciale 2026 (tratta),PRJ0094,Pontassieve - Faenza,dichiarato,codice CdP scritto da RFI,,,,fonte esterna (dichiarato da RFI)
P200,Upgrading infrastrutturale e tecnologico bacini centro,RFI Piano Commerciale 2026 (tratta),PRJ0308,Priverno - Terracina,dichiarato,codice CdP scritto da RFI,,,,fonte esterna (dichiarato da RFI)
P200,Upgrading infrastrutturale e tecnologico bacini centro,RFI Piano Commerciale 2026 (localita' nuova),PRJ0301,Collestrada Perugia Aeroporto,dichiarato,codice CdP scritto da RFI,,,,fonte esterna (dichiarato da RFI)
P201,Upgrading infrastrutturale e tecnologico bacini sud e isole,RFI Piano Commerciale 2026 (tratta),PRJ0035,Collegamento ferroviario con l'aeroporto di Olbia,dichiarato,codice CdP scritto da RFI,,,,fonte esterna (dichiarato da RFI)
P201,Upgrading infrastrutturale e tecnologico bacini sud e isole,RFI Piano Commerciale 2026 (localita' potenziata),PRJ0286,Ragusa,dichiarato,codice CdP scritto da RFI,,,,fonte esterna (dichiarato da RFI)
P201,Upgrading infrastrutturale e tecnologico bacini sud e isole,RFI Piano Commerciale 2026 (localita' potenziata),PRJ0286,Ragusa Ibla,dichiarato,codice CdP scritto da RFI,,,,fonte esterna (dichiarato da RFI)
P201,Upgrading infrastrutturale e tecnologico bacini sud e isole,RFI Piano Commerciale 2026 (localita' potenziata),PRJ0298,Golfo Aranci,dichiarato,codice CdP scritto da RFI,,,,fonte esterna (dichiarato da RFI)
P201,Upgrading infrastrutturale e tecnologico bacini sud e isole,RFI Piano Commerciale 2026 (localita' nuova),PRJ0286,Agrigento Ospedale,dichiarato,codice CdP scritto da RFI,,,,fonte esterna (dichiarato da RFI)
P201,Upgrading infrastrutturale e tecnologico bacini sud e isole,RFI Piano Commerciale 2026 (localita' nuova),PRJ0286,Agrigento Fontanelle,dichiarato,codice CdP scritto da RFI,,,,fonte esterna (dichiarato da RFI)
P201,Upgrading infrastrutturale e tecnologico bacini sud e isole,RFI Piano Commerciale 2026 (localita' nuova),PRJ0035,Olbia Aeroporto,dichiarato,codice CdP scritto da RFI,,,,fonte esterna (dichiarato da RFI)
P201,Upgrading infrastrutturale e tecnologico bacini sud e isole,RFI Piano Commerciale 2026 (localita' nuova),PRJ0286,Acireale Bellavista,dichiarato,codice CdP scritto da RFI,,,,fonte esterna (dichiarato da RFI)
P201,Upgrading infrastrutturale e tecnologico bacini sud e isole,RFI Piano Commerciale 2026 (localita' nuova),PRJ0286,Ragusa Ospedale,dichiarato,codice CdP scritto da RFI,,,,fonte esterna (dichiarato da RFI)
P201,Upgrading infrastrutturale e tecnologico bacini sud e isole,RFI Piano Commerciale 2026 (localita' nuova),PRJ0286,Ragusa Archimede,dichiarato,codice CdP scritto da RFI,,,,fonte esterna (dichiarato da RFI)
P201,Upgrading infrastrutturale e tecnologico bacini sud e isole,RFI Piano Commerciale 2026 (localita' nuova),PRJ0286,Aci Castello,dichiarato,codice CdP scritto da RFI,,,,fonte esterna (dichiarato da RFI)
P201,Upgrading infrastrutturale e tecnologico bacini sud e isole,RFI Piano Commerciale 2026 (localita' nuova),PRJ0286,Carini Centro Ricerche,dichiarato,codice CdP scritto da RFI,,,,fonte esterna (dichiarato da RFI)
P210A,Potenziamento della linea Terni - Rieti - L’Aquila-Sulmona Velocizzazione Terni-Rieti e adeguamento massa assiale Rieti- ITER L'Aquila Linea Terni-Sulmona: Infrastrutture di terra per la produzione/stoccaggi e distribuzione di idrogeno verde,RFI Piano Commerciale 2026 (tratta),PRJ0130,Terni - Sulmona,dichiarato,codice CdP scritto da RFI,,,,fonte esterna (dichiarato da RFI)
P211,Nodo complesso di Pompei Nodo complesso di Pompei,RFI Piano Commerciale 2026 (localita' potenziata),PRJ0249,Pompei Parco Archelogico,dichiarato,codice CdP scritto da RFI,,,,fonte esterna (dichiarato da RFI)
P215,Adeguamento linea storica Torino-Modane tratta Bussoleno-Avigliana Adeguamento linea Torino-Modane 1^ fase - potenziamento tecnologico e 2^ adeguamento prestazionale,RFI Piano Commerciale 2026 (tratta),PRJ0053,Avigliana - Bussoleno,dichiarato,codice CdP scritto da RFI,,,,fonte esterna (dichiarato da RFI)
P216,Completamento fermate SFM Torino Fermata S.Paolo Fermata Borgata Quaglia - Le Gru Fermata S.Luigi Orbassano Fermate Dora e Zappata Fermata Ferriera - Buttigliera,RFI Piano Commerciale 2026 (tratta),PRJ0254,"PRG e ACC di Torino Orbassano (fase 1), nuova fermata di Orbassano Ospedale S. Luigi",dichiarato,codice CdP scritto da RFI,,,,fonte esterna (dichiarato da RFI)
P216,Completamento fermate SFM Torino Fermata S.Paolo Fermata Borgata Quaglia - Le Gru Fermata S.Luigi Orbassano Fermate Dora e Zappata Fermata Ferriera - Buttigliera,RFI Piano Commerciale 2026 (localita' nuova),PRJ0254,Orbassano Ospedale S. Luigi,dichiarato,codice CdP scritto da RFI,,,,fonte esterna (dichiarato da RFI)
P216,Completamento fermate SFM Torino Fermata S.Paolo Fermata Borgata Quaglia - Le Gru Fermata S.Luigi Orbassano Fermate Dora e Zappata Fermata Ferriera - Buttigliera,RFI Piano Commerciale 2026 (localita' nuova),PRJ0247,Buttigliera Alta - Ferriera,dichiarato,codice CdP scritto da RFI,,,,fonte esterna (dichiarato da RFI)
P216,Completamento fermate SFM Torino Fermata S.Paolo Fermata Borgata Quaglia - Le Gru Fermata S.Luigi Orbassano Fermate Dora e Zappata Fermata Ferriera - Buttigliera,RFI Piano Commerciale 2026 (localita' nuova),PRJ0247,Torino Lesna,dichiarato,codice CdP scritto da RFI,,,,fonte esterna (dichiarato da RFI)
P216,Completamento fermate SFM Torino Fermata S.Paolo Fermata Borgata Quaglia - Le Gru Fermata S.Luigi Orbassano Fermate Dora e Zappata Fermata Ferriera - Buttigliera,RFI Piano Commerciale 2026 (localita' nuova),PRJ0247,Fermata S.Paolo su linea SFM3,dichiarato,codice CdP scritto da RFI,,,,fonte esterna (dichiarato da RFI)
P216,Completamento fermate SFM Torino Fermata S.Paolo Fermata Borgata Quaglia - Le Gru Fermata S.Luigi Orbassano Fermate Dora e Zappata Fermata Ferriera - Buttigliera,RFI Piano Commerciale 2026 (localita' nuova),PRJ0247,Fermata S.Paolo su linea SFM5,dichiarato,codice CdP scritto da RFI,,,,fonte esterna (dichiarato da RFI)
P216,Completamento fermate SFM Torino Fermata S.Paolo Fermata Borgata Quaglia - Le Gru Fermata S.Luigi Orbassano Fermate Dora e Zappata Fermata Ferriera - Buttigliera,RFI Piano Commerciale 2026 (localita' nuova),PRJ0253,Torino Crocetta,dichiarato,codice CdP scritto da RFI,,,,fonte esterna (dichiarato da RFI)
P216,Completamento fermate SFM Torino Fermata S.Paolo Fermata Borgata Quaglia - Le Gru Fermata S.Luigi Orbassano Fermate Dora e Zappata Fermata Ferriera - Buttigliera,RFI Piano Commerciale 2026 (localita' nuova),PRJ0253,Torino Dora,dichiarato,codice CdP scritto da RFI,,,,fonte esterna (dichiarato da RFI)
P217,Potenziamento linea veloce collegamento Porta Nuova - Porta Susa Potenziamento linea veloce collegamento Porta Nuova -Porta Susa,RFI Piano Commerciale 2026 (tratta),PRJ0131,Porta Nuova - Porta Susa,dichiarato,codice CdP scritto da RFI,,,,fonte esterna (dichiarato da RFI)
P217,Potenziamento linea veloce collegamento Porta Nuova - Porta Susa Potenziamento linea veloce collegamento Porta Nuova -Porta Susa,RFI Piano Commerciale 2026 (localita' potenziata),PRJ0131,Torino Porta Susa,dichiarato,codice CdP scritto da RFI,,,,fonte esterna (dichiarato da RFI)
P217,Potenziamento linea veloce collegamento Porta Nuova - Porta Susa Potenziamento linea veloce collegamento Porta Nuova -Porta Susa,RFI Piano Commerciale 2026 (localita' potenziata),PRJ0131,Torino Porta Nuova,dichiarato,codice CdP scritto da RFI,,,,fonte esterna (dichiarato da RFI)
P220,"Potenziamento dei collegamenti tra il porto di Livorno, la rete ferroviaria e l'interporto Guasticce Porto di Livorno: collegamento diretto Porto-Guasticce (scavalco della linea tirrenica ambito Livorno Calambrone) Porto di Livorno: Collegamento dell’interporto di Guasticce alla PROG PROG linea Pisa-Vada via Collesalvetti Porto di Livorno: Bretella di collegamento tra la linea Pisa-Vada PROG PROG via Collesalvetti e la linea Firenze-Pisa",RFI Piano Commerciale 2026 (tratta),PRJ0109,Scavalco della linea tirrenica ambito Livorno Calambrone,dichiarato,codice CdP scritto da RFI,,,,fonte esterna (dichiarato da RFI)
P221,Adeguamento prestazionale e upgrading corridoio TEN-T Mare del Nord-Reno-Mediterraneo e linee afferenti,RFI Piano Commerciale 2026 (tratta),PRJ0132,Genova Piazza Principe-Ronco Scrivia,dichiarato,codice CdP scritto da RFI,,,,fonte esterna (dichiarato da RFI)
P221,Adeguamento prestazionale e upgrading corridoio TEN-T Mare del Nord-Reno-Mediterraneo e linee afferenti,RFI Piano Commerciale 2026 (localita' potenziata),PRJ0004,Ventimiglia,dichiarato,codice CdP scritto da RFI,,,,fonte esterna (dichiarato da RFI)
P221,Adeguamento prestazionale e upgrading corridoio TEN-T Mare del Nord-Reno-Mediterraneo e linee afferenti,RFI Piano Commerciale 2026 (localita' potenziata),PRJ0227,Novara Boschetto,dichiarato,codice CdP scritto da RFI,,,,fonte esterna (dichiarato da RFI)
P222,Adeguamento prestazionale e upgrading corridoio TEN-T Mediterraneo e linee afferenti,RFI Piano Commerciale 2026 (tratta),PRJ0095,Monza-Sesto S.G,dichiarato,codice CdP scritto da RFI,,,,fonte esterna (dichiarato da RFI)
P222,Adeguamento prestazionale e upgrading corridoio TEN-T Mediterraneo e linee afferenti,RFI Piano Commerciale 2026 (tratta),PRJ0217,ACC di Verona PN e ACC-M di Nodo,dichiarato,codice CdP scritto da RFI,,,,fonte esterna (dichiarato da RFI)
P222,Adeguamento prestazionale e upgrading corridoio TEN-T Mediterraneo e linee afferenti,RFI Piano Commerciale 2026 (localita' potenziata),PRJ0004,Ventimiglia,dichiarato,codice CdP scritto da RFI,,,,fonte esterna (dichiarato da RFI)
P222,Adeguamento prestazionale e upgrading corridoio TEN-T Mediterraneo e linee afferenti,RFI Piano Commerciale 2026 (localita' potenziata),PRJ0211,Chivasso,dichiarato,codice CdP scritto da RFI,,,,fonte esterna (dichiarato da RFI)
P222,Adeguamento prestazionale e upgrading corridoio TEN-T Mediterraneo e linee afferenti,RFI Piano Commerciale 2026 (localita' potenziata),PRJ0217,Verona Porta Nuova,dichiarato,codice CdP scritto da RFI,,,,fonte esterna (dichiarato da RFI)
P222,Adeguamento prestazionale e upgrading corridoio TEN-T Mediterraneo e linee afferenti,RFI Piano Commerciale 2026 (localita' potenziata),PRJ0218,Verona Quadrante Europa,dichiarato,codice CdP scritto da RFI,,,,fonte esterna (dichiarato da RFI)
P223,Adeguamento prestazionale e upgrading corridoio TEN-T Baltico-Adriatico e linee afferenti,RFI Piano Commerciale 2026 (tratta),PRJ0055,Bologna - Lecce tratta Foggia - Bari - Brindisi,dichiarato,codice CdP scritto da RFI,,,,fonte esterna (dichiarato da RFI)
P223,Adeguamento prestazionale e upgrading corridoio TEN-T Baltico-Adriatico e linee afferenti,RFI Piano Commerciale 2026 (tratta),PRJ0133,Gorizia-Nova Gorica,dichiarato,codice CdP scritto da RFI,,,,fonte esterna (dichiarato da RFI)
P223,Adeguamento prestazionale e upgrading corridoio TEN-T Baltico-Adriatico e linee afferenti,RFI Piano Commerciale 2026 (tratta),PRJ0134,Pescara-Termoli-Foggia,dichiarato,codice CdP scritto da RFI,,,,fonte esterna (dichiarato da RFI)
P223,Adeguamento prestazionale e upgrading corridoio TEN-T Baltico-Adriatico e linee afferenti,RFI Piano Commerciale 2026 (tratta),PRJ0165,Tratta Bologna - Rimini,dichiarato,codice CdP scritto da RFI,,,,fonte esterna (dichiarato da RFI)
P223,Adeguamento prestazionale e upgrading corridoio TEN-T Baltico-Adriatico e linee afferenti,RFI Piano Commerciale 2026 (tratta),PRJ0119,Bologna - Padova,dichiarato,codice CdP scritto da RFI,,,,fonte esterna (dichiarato da RFI)
P224,Adeguamento prestazionale e upgrading corridoio TEN-T Scandinavia - Mediterraneo e linee afferenti,RFI Piano Commerciale 2026 (tratta),PRJ0113,Brennero-Verona,dichiarato,codice CdP scritto da RFI,,,,fonte esterna (dichiarato da RFI)
P224,Adeguamento prestazionale e upgrading corridoio TEN-T Scandinavia - Mediterraneo e linee afferenti,RFI Piano Commerciale 2026 (tratta),PRJ0106,Linea AV/AC Roma - Napoli,dichiarato,codice CdP scritto da RFI,,,,fonte esterna (dichiarato da RFI)
P224,Adeguamento prestazionale e upgrading corridoio TEN-T Scandinavia - Mediterraneo e linee afferenti,RFI Piano Commerciale 2026 (tratta),PRJ0064,Formia - Villa Literno,dichiarato,codice CdP scritto da RFI,,,,fonte esterna (dichiarato da RFI)
P224,Adeguamento prestazionale e upgrading corridoio TEN-T Scandinavia - Mediterraneo e linee afferenti,RFI Piano Commerciale 2026 (tratta),PRJ0015,Campoleone - Formia,dichiarato,codice CdP scritto da RFI,,,,fonte esterna (dichiarato da RFI)
P224,Adeguamento prestazionale e upgrading corridoio TEN-T Scandinavia - Mediterraneo e linee afferenti,RFI Piano Commerciale 2026 (tratta),PRJ0018,PM Viola-Rubiera,dichiarato,codice CdP scritto da RFI,,,,fonte esterna (dichiarato da RFI)
P224,Adeguamento prestazionale e upgrading corridoio TEN-T Scandinavia - Mediterraneo e linee afferenti,RFI Piano Commerciale 2026 (tratta),PRJ0022,Bolzano - Merano,dichiarato,codice CdP scritto da RFI,,,,fonte esterna (dichiarato da RFI)
P224,Adeguamento prestazionale e upgrading corridoio TEN-T Scandinavia - Mediterraneo e linee afferenti,RFI Piano Commerciale 2026 (tratta),PRJ0115,Verona-Bologna,dichiarato,codice CdP scritto da RFI,,,,fonte esterna (dichiarato da RFI)
P227,Collegamento ferroviario aeroporto di Brindisi Collegamento ferroviario aeroporto di Brindisi,RFI Piano Commerciale 2026 (tratta),PRJ0121,Collegamento ferroviario aeroporto di Brindisi,dichiarato,codice CdP scritto da RFI,,,,fonte esterna (dichiarato da RFI)
P227,Collegamento ferroviario aeroporto di Brindisi Collegamento ferroviario aeroporto di Brindisi,RFI Piano Commerciale 2026 (localita' nuova),PRJ0121,Brindisi Aeroporto,dichiarato,codice CdP scritto da RFI,,,,fonte esterna (dichiarato da RFI)
P230,Stazione AV Foggia Cervaro Stazione AV Foggia Cervaro,RFI Piano Commerciale 2026 (localita' nuova),PRJ0239,Foggia S.Lorenzo,dichiarato,codice CdP scritto da RFI,,,,fonte esterna (dichiarato da RFI)
P232,Ripristino linea Caltagirone - Gela Ripristino linea Caltagirone - Gela,RFI Piano Commerciale 2026 (tratta),PRJ0105,Linea Caltagirone - Gela,dichiarato,codice CdP scritto da RFI,,,,fonte esterna (dichiarato da RFI)
P234,Nodo di Genova e Terzo valico dei Giovi Potenziamento infrastrutturale Voltri-Brignole Porto di Genova: Nuovo terminal merci i Genova Campasso Potenziamento terminale Rivalta Scrivia,RFI Piano Commerciale 2026 (tratta),PRJ0123,Terzo Valico dei Giovi,dichiarato,codice CdP scritto da RFI,,,,fonte esterna (dichiarato da RFI)
P234,Nodo di Genova e Terzo valico dei Giovi Potenziamento infrastrutturale Voltri-Brignole Porto di Genova: Nuovo terminal merci i Genova Campasso Potenziamento terminale Rivalta Scrivia,RFI Piano Commerciale 2026 (tratta),PRJ0120,Sestuplicamento della tratta Genova Principe-Genova Brignole,dichiarato,codice CdP scritto da RFI,,,,fonte esterna (dichiarato da RFI)
P234,Nodo di Genova e Terzo valico dei Giovi Potenziamento infrastrutturale Voltri-Brignole Porto di Genova: Nuovo terminal merci i Genova Campasso Potenziamento terminale Rivalta Scrivia,RFI Piano Commerciale 2026 (localita' potenziata),PRJ0120,Genova Sampierdarena,dichiarato,codice CdP scritto da RFI,,,,fonte esterna (dichiarato da RFI)
P234,Nodo di Genova e Terzo valico dei Giovi Potenziamento infrastrutturale Voltri-Brignole Porto di Genova: Nuovo terminal merci i Genova Campasso Potenziamento terminale Rivalta Scrivia,RFI Piano Commerciale 2026 (localita' potenziata),PRJ0120,Genova Voltri,dichiarato,codice CdP scritto da RFI,,,,fonte esterna (dichiarato da RFI)
P234,Nodo di Genova e Terzo valico dei Giovi Potenziamento infrastrutturale Voltri-Brignole Porto di Genova: Nuovo terminal merci i Genova Campasso Potenziamento terminale Rivalta Scrivia,RFI Piano Commerciale 2026 (localita' potenziata),PRJ0193,Genova Campasso,dichiarato,codice CdP scritto da RFI,,,,fonte esterna (dichiarato da RFI)
P234,Nodo di Genova e Terzo valico dei Giovi Potenziamento infrastrutturale Voltri-Brignole Porto di Genova: Nuovo terminal merci i Genova Campasso Potenziamento terminale Rivalta Scrivia,RFI Piano Commerciale 2026 (localita' potenziata),PRJ0221,Genova Voltri FM,dichiarato,codice CdP scritto da RFI,,,,fonte esterna (dichiarato da RFI)
P234,Nodo di Genova e Terzo valico dei Giovi Potenziamento infrastrutturale Voltri-Brignole Porto di Genova: Nuovo terminal merci i Genova Campasso Potenziamento terminale Rivalta Scrivia,RFI Piano Commerciale 2026 (localita' potenziata),PRJ0221,Genova Voltri FM,dichiarato,codice CdP scritto da RFI,,,,fonte esterna (dichiarato da RFI)
P234,Nodo di Genova e Terzo valico dei Giovi Potenziamento infrastrutturale Voltri-Brignole Porto di Genova: Nuovo terminal merci i Genova Campasso Potenziamento terminale Rivalta Scrivia,RFI Piano Commerciale 2026 (localita' nuova),PRJ0120,Prà - Palmaro,dichiarato,codice CdP scritto da RFI,,,,fonte esterna (dichiarato da RFI)
P235,Chiusura anello di Palermo tratta Politeama - Notarbartolo Anello di Palermo 2° stralcio: tratta Politeama-Notarbartolo,RFI Piano Commerciale 2026 (tratta),PRJ0124,Tratta Giachery-Notarbartolo,dichiarato,codice CdP scritto da RFI,,,,fonte esterna (dichiarato da RFI)
P235,Chiusura anello di Palermo tratta Politeama - Notarbartolo Anello di Palermo 2° stralcio: tratta Politeama-Notarbartolo,RFI Piano Commerciale 2026 (localita' nuova),PRJ0124,Porto,dichiarato,codice CdP scritto da RFI,,,,fonte esterna (dichiarato da RFI)
P235,Chiusura anello di Palermo tratta Politeama - Notarbartolo Anello di Palermo 2° stralcio: tratta Politeama-Notarbartolo,RFI Piano Commerciale 2026 (localita' nuova),PRJ0124,Politeama,dichiarato,codice CdP scritto da RFI,,,,fonte esterna (dichiarato da RFI)
P235,Chiusura anello di Palermo tratta Politeama - Notarbartolo Anello di Palermo 2° stralcio: tratta Politeama-Notarbartolo,RFI Piano Commerciale 2026 (localita' nuova),PRJ0124,Turrisi Colonna,dichiarato,codice CdP scritto da RFI,,,,fonte esterna (dichiarato da RFI)
P236,"Elettrificazione della tratta Cinisi-Alcamo Dir- Trapani della linea Palermo - Trapani "" via Milo"" Elettrificazione Cinisi-Alcamo Dir- Trapani",RFI Piano Commerciale 2026 (tratta),PRJ0040,Cinisi -Trapani,dichiarato,codice CdP scritto da RFI,,,,fonte esterna (dichiarato da RFI)
P237,"City Hub, linee metropolitane e nuove stazioni/fermate",RFI Piano Commerciale 2026 (localita' potenziata),PRJ0214,Bergamo,dichiarato,codice CdP scritto da RFI,,,,fonte esterna (dichiarato da RFI)
P237,"City Hub, linee metropolitane e nuove stazioni/fermate",RFI Piano Commerciale 2026 (localita' potenziata),PRJ0287,Bari Centrale,dichiarato,codice CdP scritto da RFI,,,,fonte esterna (dichiarato da RFI)
P237,"City Hub, linee metropolitane e nuove stazioni/fermate",RFI Piano Commerciale 2026 (localita' potenziata),PRJ0303,Venezia Mestre,dichiarato,codice CdP scritto da RFI,,,,fonte esterna (dichiarato da RFI)
P237,"City Hub, linee metropolitane e nuove stazioni/fermate",RFI Piano Commerciale 2026 (localita' nuova),PRJ0302,Roma Divino Amore,dichiarato,codice CdP scritto da RFI,,,,fonte esterna (dichiarato da RFI)
P237,"City Hub, linee metropolitane e nuove stazioni/fermate",RFI Piano Commerciale 2026 (localita' nuova),PRJ0304,Milano MIND,dichiarato,codice CdP scritto da RFI,,,,fonte esterna (dichiarato da RFI)
P238A,Battipaglia - Potenza - Metaponto - Taranto 1^ fase Velocizzazione Grassano-Metaponto,RFI Piano Commerciale 2026 (tratta),PRJ0030,"Battipaglia - Romagnano,Romagnano - Praia",dichiarato,codice CdP scritto da RFI,,,,fonte esterna (dichiarato da RFI)
P238A,Battipaglia - Potenza - Metaponto - Taranto 1^ fase Velocizzazione Grassano-Metaponto,RFI Piano Commerciale 2026 (tratta),PRJ0125,Grassano-Metaponto,dichiarato,codice CdP scritto da RFI,,,,fonte esterna (dichiarato da RFI)
P239,Velocizzazione tratte Orte-Falconara Tecnologie per la velocizzazione tratte prioritarie Orte-Falconara,RFI Piano Commerciale 2026 (tratta),PRJ0009,"Bivio Nord Albacina - Serra San Quirico,Fabriano - PM 228,PM228-Albacina",dichiarato,codice CdP scritto da RFI,,,,fonte esterna (dichiarato da RFI)
P240A,Roma-Pescara fasi Raddoppio Tagliacozzo-Avezzano PROG PROG Raddoppio Sulmona-Pratola Peligna PROG PROG Raddoppio Scafa-Manoppello-Interporto d'Abruzzo,RFI Piano Commerciale 2026 (tratta),PRJ0096,Scafa-Manoppello-Interporto d'Abruzzo,dichiarato,codice CdP scritto da RFI,,,,fonte esterna (dichiarato da RFI)
P240B,Roma-Pescara completamento Nuova linea Roma-Mandela-Tagliacozzo,RFI Piano Commerciale 2026 (tratta),PRJ0096,Scafa-Manoppello-Interporto d'Abruzzo,dichiarato,codice CdP scritto da RFI,,,,fonte esterna (dichiarato da RFI)
P245,Adeguamento e velocizzazione linea ferroviaria jonica - tratta Sibari-Melito Porto Salvo e trasversale Lamezia Terme - Catanzaro Lido Elettrificazione linea jonica tratta Catanzaro Lido - Crotone - Sibari Potenziamento Lamezia Terme - Settingiano e elettrificazione,RFI Piano Commerciale 2026 (tratta),PRJ0087,"Catanzaro Lido - Crotone - Sibari ,Catanzaro Lido - Lamezia Terme Centrale",dichiarato,codice CdP scritto da RFI,,,,fonte esterna (dichiarato da RFI)
P245,Adeguamento e velocizzazione linea ferroviaria jonica - tratta Sibari-Melito Porto Salvo e trasversale Lamezia Terme - Catanzaro Lido Elettrificazione linea jonica tratta Catanzaro Lido - Crotone - Sibari Potenziamento Lamezia Terme - Settingiano e elettrificazione,RFI Piano Commerciale 2026 (tratta),PRJ0002,Sibari-Melito Porto Salvo,dichiarato,codice CdP scritto da RFI,,,,fonte esterna (dichiarato da RFI)
P245,Adeguamento e velocizzazione linea ferroviaria jonica - tratta Sibari-Melito Porto Salvo e trasversale Lamezia Terme - Catanzaro Lido Elettrificazione linea jonica tratta Catanzaro Lido - Crotone - Sibari Potenziamento Lamezia Terme - Settingiano e elettrificazione,RFI Piano Commerciale 2026 (tratta),PRJ0002,Bretella di Sibari,dichiarato,codice CdP scritto da RFI,,,,fonte esterna (dichiarato da RFI)
P246,Potenziamento Venafro - Campobasso - Matrice Potenziamento Venafro - Campobasso - Matrice 1^ fase Potenziamento Venafro - Campobasso - Matrice 2^ fase,RFI Piano Commerciale 2026 (tratta),PRJ0003,Roccaravindola - Isernia - Campobasso - Matrice,dichiarato,codice CdP scritto da RFI,,,,fonte esterna (dichiarato da RFI)
P247,Potenziamento Palermo - Agrigento - Porto Empedocle bassa Potenziamento Palermo - Agrigento - Porto Empedocle bassa,RFI Piano Commerciale 2026 (tratta),PRJ0126,Porto Empedocle - Lercara,dichiarato,codice CdP scritto da RFI,,,,fonte esterna (dichiarato da RFI)
P248,Raddoppio Decimomannu-Villamassargia,RFI Piano Commerciale 2026 (tratta),PRJ0128,Villa Speciosa-Polveriera,dichiarato,codice CdP scritto da RFI,,,,fonte esterna (dichiarato da RFI)
P249,Collegamento ferroviario aeroporto di Olbia Collegamento ferroviario aeroporto di Olbia,RFI Piano Commerciale 2026 (tratta),PRJ0035,Collegamento ferroviario con l'aeroporto di Olbia,dichiarato,codice CdP scritto da RFI,,,,fonte esterna (dichiarato da RFI)
P249,Collegamento ferroviario aeroporto di Olbia Collegamento ferroviario aeroporto di Olbia,RFI Piano Commerciale 2026 (localita' nuova),PRJ0035,Olbia Aeroporto,dichiarato,codice CdP scritto da RFI,,,,fonte esterna (dichiarato da RFI)
P250,Intermodalità e accessibilità Trapani Birgi Intermodalità e accessibilità aeroporto Trapani Birgi,RFI Piano Commerciale 2026 (localita' nuova),PRJ0244,Trapani Aeroporto,dichiarato,codice CdP scritto da RFI,,,,fonte esterna (dichiarato da RFI)
P251,Collegamento porto di Augusta Collegamento porto di Augusta,RFI Piano Commerciale 2026 (tratta),PRJ0127,"Bypass di Augusta,Collegamento al porto di Augusta",dichiarato,codice CdP scritto da RFI,,,,fonte esterna (dichiarato da RFI)
P251,Collegamento porto di Augusta Collegamento porto di Augusta,RFI Piano Commerciale 2026 (localita' nuova),PRJ0127,Porto di Augusta,dichiarato,codice CdP scritto da RFI,,,,fonte esterna (dichiarato da RFI)
P252,Adeguamento e potenziamento impianto di Vado Ligure zona industriale Adeguamento e potenziamento impianto di Vado Ligure zona industriale Fase 1 Adeguamento e potenziamento impianto di Vado Ligure zona industriale Fase 2,RFI Piano Commerciale 2026 (tratta),PRJ0027,Scalo di Vado Ligure,dichiarato,codice CdP scritto da RFI,,,,fonte esterna (dichiarato da RFI)
P252,Adeguamento e potenziamento impianto di Vado Ligure zona industriale Adeguamento e potenziamento impianto di Vado Ligure zona industriale Fase 1 Adeguamento e potenziamento impianto di Vado Ligure zona industriale Fase 2,RFI Piano Commerciale 2026 (localita' potenziata),PRJ0027,Vado Ligure Zona Industriale,dichiarato,codice CdP scritto da RFI,,,,fonte esterna (dichiarato da RFI)
P253,Potenziamento collegamenti bacino di Augusta Bypass di Augusta,RFI Piano Commerciale 2026 (tratta),PRJ0127,"Bypass di Augusta,Collegamento al porto di Augusta",dichiarato,codice CdP scritto da RFI,,,,fonte esterna (dichiarato da RFI)
P253,Potenziamento collegamenti bacino di Augusta Bypass di Augusta,RFI Piano Commerciale 2026 (localita' nuova),PRJ0127,Augusta,dichiarato,codice CdP scritto da RFI,,,,fonte esterna (dichiarato da RFI)
P254A,Elettrificazione Cagliari-Oristano Elettrificazione Cagliari-Oristano,RFI Piano Commerciale 2026 (tratta),PRJ0032,Cagliari - Oristano,dichiarato,codice CdP scritto da RFI,,,,fonte esterna (dichiarato da RFI)
P254B,Velocizzazione Villamassargia-Carbonia Velocizzazione Villamassargia-Carbonia,RFI Piano Commerciale 2026 (tratta),PRJ0039,Villamassargia - Carbonia,dichiarato,codice CdP scritto da RFI,,,,fonte esterna (dichiarato da RFI)
P255,Accessibilità alla nuova stazione AV di Belfiore People mover Firenze Belfiore - Santa Maria Novella PROG PROG Fermata Circondaria ITER,RFI Piano Commerciale 2026 (localita' nuova),PRJ0187,Circondaria (fase),dichiarato,codice CdP scritto da RFI,,,,fonte esterna (dichiarato da RFI)
P256,Potenziamento infrastrutturale scalo di Brescia Potenziamento infrastrutturale scalo di Brescia,RFI Piano Commerciale 2026 (localita' potenziata),PRJ0233,Brescia Fascio Merci,dichiarato,codice CdP scritto da RFI,,,,fonte esterna (dichiarato da RFI)
P258,Linea Rosarno-S. Ferdinando: adeguamento PRG impianti di Rosarno e San Ferdinando Adeguamento PRG impianti di Rosarno e San Ferdinando,RFI Piano Commerciale 2026 (localita' potenziata),PRJ0195,Rosarno,dichiarato,codice CdP scritto da RFI,,,,fonte esterna (dichiarato da RFI)
P258,Linea Rosarno-S. Ferdinando: adeguamento PRG impianti di Rosarno e San Ferdinando Adeguamento PRG impianti di Rosarno e San Ferdinando,RFI Piano Commerciale 2026 (localita' potenziata),PRJ0195,S.Ferdinando,dichiarato,codice CdP scritto da RFI,,,,fonte esterna (dichiarato da RFI)
P261,"Potenziamento linea Bologna-Prato Linea Bologna-Prato-Firenze: adeguamento prestazionale (sagoma, modulo) e potenziamento tecnologico",RFI Piano Commerciale 2026 (tratta),PRJ0014,Linea Bologna - Prato,dichiarato,codice CdP scritto da RFI,,,,fonte esterna (dichiarato da RFI)
P262A,Velocizzazione e potenziamento linea ferroviaria Adriatica 1^ fase,RFI Piano Commerciale 2026 (tratta),PRJ0057,Variante Bari C.le-Bari Torre a Mare,dichiarato,codice CdP scritto da RFI,,,,fonte esterna (dichiarato da RFI)
P262A,Velocizzazione e potenziamento linea ferroviaria Adriatica 1^ fase,RFI Piano Commerciale 2026 (tratta),PRJ0275,Bologna-Castelbolognese,dichiarato,codice CdP scritto da RFI,,,,fonte esterna (dichiarato da RFI)
P262A,Velocizzazione e potenziamento linea ferroviaria Adriatica 1^ fase,RFI Piano Commerciale 2026 (localita' nuova),PRJ0057,Bari Campus Universitario,dichiarato,codice CdP scritto da RFI,,,,fonte esterna (dichiarato da RFI)
P262A,Velocizzazione e potenziamento linea ferroviaria Adriatica 1^ fase,RFI Piano Commerciale 2026 (localita' nuova),PRJ0057,Triggiano Z. Commerciale,dichiarato,codice CdP scritto da RFI,,,,fonte esterna (dichiarato da RFI)
P262A,Velocizzazione e potenziamento linea ferroviaria Adriatica 1^ fase,RFI Piano Commerciale 2026 (localita' nuova),PRJ0057,Bari Executive,dichiarato,codice CdP scritto da RFI,,,,fonte esterna (dichiarato da RFI)
