documento,pagina,riga,sezione,capitolo,piano_gestionale,voce,anno,importo_mln
cdp2017,29,1,impieghi,,,RETE CONVENZIONALE/ALTA CAPACITA',2017,2629.45
cdp2017,29,1,impieghi,,,RETE CONVENZIONALE/ALTA CAPACITA',2018,2517.9
cdp2017,29,1,impieghi,,,RETE CONVENZIONALE/ALTA CAPACITA',2019,2784.1
cdp2017,29,1,impieghi,,,RETE CONVENZIONALE/ALTA CAPACITA',2020,2597.0
cdp2017,29,1,impieghi,,,RETE CONVENZIONALE/ALTA CAPACITA',2021,2487.0
cdp2017,29,2,impieghi,,,RETE AV/AC TO-MI-NA,2017,188.45
cdp2017,29,2,impieghi,,,RETE AV/AC TO-MI-NA,2018,252.0
cdp2017,29,2,impieghi,,,RETE AV/AC TO-MI-NA,2019,315.8
cdp2017,29,2,impieghi,,,RETE AV/AC TO-MI-NA,2020,253.0
cdp2017,29,2,impieghi,,,RETE AV/AC TO-MI-NA,2021,313.0
cdp2017,29,3,impieghi,,,TOTALE TAB. A - SEZIONE 1 - OPERE IN CORSO,2017,2817.9
cdp2017,29,3,impieghi,,,TOTALE TAB. A - SEZIONE 1 - OPERE IN CORSO,2018,2769.9
cdp2017,29,3,impieghi,,,TOTALE TAB. A - SEZIONE 1 - OPERE IN CORSO,2019,3099.9
cdp2017,29,3,impieghi,,,TOTALE TAB. A - SEZIONE 1 - OPERE IN CORSO,2020,2850.0
cdp2017,29,3,impieghi,,,TOTALE TAB. A - SEZIONE 1 - OPERE IN CORSO,2021,2800.0
cdp2017,29,4,impieghi,,,"TOTALE TAB.B: ""LOTTI COSTRUTTIVI"" (QUOTA FINANZIATA)",2017,507.45
cdp2017,29,4,impieghi,,,"TOTALE TAB.B: ""LOTTI COSTRUTTIVI"" (QUOTA FINANZIATA)",2018,1080.1
cdp2017,29,4,impieghi,,,"TOTALE TAB.B: ""LOTTI COSTRUTTIVI"" (QUOTA FINANZIATA)",2019,1350.1
cdp2017,29,4,impieghi,,,"TOTALE TAB.B: ""LOTTI COSTRUTTIVI"" (QUOTA FINANZIATA)",2020,1900.0
cdp2017,29,4,impieghi,,,"TOTALE TAB.B: ""LOTTI COSTRUTTIVI"" (QUOTA FINANZIATA)",2021,2200.0
cdp2017,29,5,impieghi,,,TOTALE IMPIEGHI CdP-I,2017,3325.35
cdp2017,29,5,impieghi,,,TOTALE IMPIEGHI CdP-I,2018,3850.0
cdp2017,29,5,impieghi,,,TOTALE IMPIEGHI CdP-I,2019,4450.0
cdp2017,29,5,impieghi,,,TOTALE IMPIEGHI CdP-I,2020,4750.0
cdp2017,29,5,impieghi,,,TOTALE IMPIEGHI CdP-I,2021,0.0
cdp2017,29,6,fonti,,,RISORSE DA STATO (7+14),2017,2229.24
cdp2017,29,6,fonti,,,RISORSE DA STATO (7+14),2018,4062.64
cdp2017,29,6,fonti,,,RISORSE DA STATO (7+14),2019,3743.48
cdp2017,29,6,fonti,,,RISORSE DA STATO (7+14),2020,4209.5
cdp2017,29,6,fonti,,,RISORSE DA STATO (7+14),2021,4460.58
cdp2017,29,7,fonti,,,MEF (8+11+12+13),2017,1612.02
cdp2017,29,7,fonti,,,MEF (8+11+12+13),2018,3298.64
cdp2017,29,7,fonti,,,MEF (8+11+12+13),2019,3296.48
cdp2017,29,7,fonti,,,MEF (8+11+12+13),2020,3974.5
cdp2017,29,7,fonti,,,MEF (8+11+12+13),2021,4083.58
cdp2017,29,8,fonti,,,A legislazione vigente (9+10),2017,1285.18
cdp2017,29,8,fonti,,,A legislazione vigente (9+10),2018,3006.36
cdp2017,29,8,fonti,,,A legislazione vigente (9+10),2019,2796.68
cdp2017,29,8,fonti,,,A legislazione vigente (9+10),2020,3466.3
cdp2017,29,8,fonti,,,A legislazione vigente (9+10),2021,3504.78
cdp2017,29,9,fonti,7122,,Contributi in conto impianti per lo sviluppo e l'ammodernamento delle infrastrutture ferrovia,2017,1283.44
cdp2017,29,9,fonti,7122,,Contributi in conto impianti per lo sviluppo e l'ammodernamento delle infrastrutture ferrovia,2018,3004.44
cdp2017,29,9,fonti,7122,,Contributi in conto impianti per lo sviluppo e l'ammodernamento delle infrastrutture ferrovia,2019,2794.76
cdp2017,29,9,fonti,7122,,Contributi in conto impianti per lo sviluppo e l'ammodernamento delle infrastrutture ferrovia,2020,3464.38
cdp2017,29,9,fonti,7122,,Contributi in conto impianti per lo sviluppo e l'ammodernamento delle infrastrutture ferrovia,2021,3502.86
cdp2017,29,9-1,fonti,,PG1,Contributi per lo sviluppo e l'ammodernamento delle infrastrutture ferroviarie,2017,58.0
cdp2017,29,9-1,fonti,,PG1,Contributi per lo sviluppo e l'ammodernamento delle infrastrutture ferroviarie,2018,316.0
cdp2017,29,9-1,fonti,,PG1,Contributi per lo sviluppo e l'ammodernamento delle infrastrutture ferroviarie,2019,576.36
cdp2017,29,9-1,fonti,,PG1,Contributi per lo sviluppo e l'ammodernamento delle infrastrutture ferroviarie,2020,187.45
cdp2017,29,9-1,fonti,,PG1,Contributi per lo sviluppo e l'ammodernamento delle infrastrutture ferroviarie,2021,
cdp2017,29,9-2,fonti,,PG2,"Fondo Opere: rifinaziamento art.1 comma 84, LF 266/05",2017,838.49
cdp2017,29,9-2,fonti,,PG2,"Fondo Opere: rifinaziamento art.1 comma 84, LF 266/05",2018,2234.44
cdp2017,29,9-2,fonti,,PG2,"Fondo Opere: rifinaziamento art.1 comma 84, LF 266/05",2019,1778.4
cdp2017,29,9-2,fonti,,PG2,"Fondo Opere: rifinaziamento art.1 comma 84, LF 266/05",2020,2794.93
cdp2017,29,9-2,fonti,,PG2,"Fondo Opere: rifinaziamento art.1 comma 84, LF 266/05",2021,3020.86
cdp2017,29,9-3,fonti,,PG4,Infrastruttura nazionale ferroviaria (Dl 43/2013),2017,170.0
cdp2017,29,9-3,fonti,,PG4,Infrastruttura nazionale ferroviaria (Dl 43/2013),2018,120.0
cdp2017,29,9-3,fonti,,PG4,Infrastruttura nazionale ferroviaria (Dl 43/2013),2019,120.0
cdp2017,29,9-3,fonti,,PG4,Infrastruttura nazionale ferroviaria (Dl 43/2013),2020,120.0
cdp2017,29,9-3,fonti,,PG4,Infrastruttura nazionale ferroviaria (Dl 43/2013),2021,120.0
cdp2017,29,9-4,fonti,,PG6,Tratta Cancello - Frasso Telesino,2017,60.95
cdp2017,29,9-4,fonti,,PG6,Tratta Cancello - Frasso Telesino,2018,14.0
cdp2017,29,9-4,fonti,,PG6,Tratta Cancello - Frasso Telesino,2019,
cdp2017,29,9-4,fonti,,PG6,Tratta Cancello - Frasso Telesino,2020,
cdp2017,29,9-4,fonti,,PG6,Tratta Cancello - Frasso Telesino,2021,
cdp2017,29,9-5,fonti,,PG7,"Brescia-Verona-Padova, Napoli-Bari",2017,
cdp2017,29,9-5,fonti,,PG7,"Brescia-Verona-Padova, Napoli-Bari",2018,320.0
cdp2017,29,9-5,fonti,,PG7,"Brescia-Verona-Padova, Napoli-Bari",2019,320.0
cdp2017,29,9-5,fonti,,PG7,"Brescia-Verona-Padova, Napoli-Bari",2020,320.0
cdp2017,29,9-5,fonti,,PG7,"Brescia-Verona-Padova, Napoli-Bari",2021,320.0
cdp2017,29,9-6,fonti,,PG8,Adeguamento tracciato e velocizzazione asse ferroviario adriatico Bologna-Lecce,2017,156.0
cdp2017,29,9-6,fonti,,PG8,Adeguamento tracciato e velocizzazione asse ferroviario adriatico Bologna-Lecce,2018,
cdp2017,29,9-6,fonti,,PG8,Adeguamento tracciato e velocizzazione asse ferroviario adriatico Bologna-Lecce,2019,
cdp2017,29,9-6,fonti,,PG8,Adeguamento tracciato e velocizzazione asse ferroviario adriatico Bologna-Lecce,2020,
cdp2017,29,9-6,fonti,,PG8,Adeguamento tracciato e velocizzazione asse ferroviario adriatico Bologna-Lecce,2021,
cdp2017,29,9-7,fonti,,PG9,,2017,
cdp2017,29,9-7,fonti,,PG9,,2018,
cdp2017,29,9-7,fonti,,PG9,,2019,
cdp2017,29,9-7,fonti,,PG9,,2020,42.0
cdp2017,29,9-7,fonti,,PG9,,2021,42.0
cdp2017,29,10,fonti,7123,,Contributi per la realizzazione di opere specifiche,2017,1.74
cdp2017,29,10,fonti,7123,,Contributi per la realizzazione di opere specifiche,2018,1.92
cdp2017,29,10,fonti,7123,,Contributi per la realizzazione di opere specifiche,2019,1.92
cdp2017,29,10,fonti,7123,,Contributi per la realizzazione di opere specifiche,2020,1.92
cdp2017,29,10,fonti,7123,,Contributi per la realizzazione di opere specifiche,2021,1.92
cdp2017,29,11,fonti,7493,,Riduzione tasso cofinanziamento nazionale,2017,49.75
cdp2017,29,11,fonti,7493,,Riduzione tasso cofinanziamento nazionale,2018,68.0
cdp2017,29,11,fonti,7493,,Riduzione tasso cofinanziamento nazionale,2019,198.0
cdp2017,29,11,fonti,7493,,Riduzione tasso cofinanziamento nazionale,2020,133.0
cdp2017,29,11,fonti,7493,,Riduzione tasso cofinanziamento nazionale,2021,135.0
cdp2017,29,12,fonti,8000,,Fondo Sviluppo e Coesione,2017,236.79
cdp2017,29,12,fonti,8000,,Fondo Sviluppo e Coesione,2018,136.9
cdp2017,29,12,fonti,8000,,Fondo Sviluppo e Coesione,2019,141.0
cdp2017,29,12,fonti,8000,,Fondo Sviluppo e Coesione,2020,100.0
cdp2017,29,12,fonti,8000,,Fondo Sviluppo e Coesione,2021,
cdp2017,29,13,fonti,8000,,Fondo Sviluppo e Coesione 2014-2020,2017,40.3
cdp2017,29,13,fonti,8000,,Fondo Sviluppo e Coesione 2014-2020,2018,87.38
cdp2017,29,13,fonti,8000,,Fondo Sviluppo e Coesione 2014-2020,2019,160.8
cdp2017,29,13,fonti,8000,,Fondo Sviluppo e Coesione 2014-2020,2020,275.2
cdp2017,29,13,fonti,8000,,Fondo Sviluppo e Coesione 2014-2020,2021,443.8
cdp2017,29,14,fonti,,,MIT (15+16+17+18+19+20+21+22),2017,617.22
cdp2017,29,14,fonti,,,MIT (15+16+17+18+19+20+21+22),2018,764.0
cdp2017,29,14,fonti,,,MIT (15+16+17+18+19+20+21+22),2019,447.0
cdp2017,29,14,fonti,,,MIT (15+16+17+18+19+20+21+22),2020,235.0
cdp2017,29,14,fonti,,,MIT (15+16+17+18+19+20+21+22),2021,377.0
cdp2017,29,15,fonti,7060,,Legge Obiettivo,2017,249.92
cdp2017,29,15,fonti,7060,,Legge Obiettivo,2018,107.0
cdp2017,29,15,fonti,7060,,Legge Obiettivo,2019,109.0
cdp2017,29,15,fonti,7060,,Legge Obiettivo,2020,
cdp2017,29,15,fonti,7060,,Legge Obiettivo,2021,
cdp2017,29,16,fonti,7515,,Fondo infrastrutture ferroviarie e stradali - Linea AV/AC Treviglio-Brescia,2017,129.52
cdp2017,29,16,fonti,7515,,Fondo infrastrutture ferroviarie e stradali - Linea AV/AC Treviglio-Brescia,2018,30.0
cdp2017,29,16,fonti,7515,,Fondo infrastrutture ferroviarie e stradali - Linea AV/AC Treviglio-Brescia,2019,61.0
cdp2017,29,16,fonti,7515,,Fondo infrastrutture ferroviarie e stradali - Linea AV/AC Treviglio-Brescia,2020,35.0
cdp2017,29,16,fonti,7515,,Fondo infrastrutture ferroviarie e stradali - Linea AV/AC Treviglio-Brescia,2021,62.0
cdp2017,29,17,fonti,7518,,Fondo infrastrutture ferroviarie e stradali - Linea AV/AC 3^ Valico dei Giovi,2017,150.62
cdp2017,29,17,fonti,7518,,Fondo infrastrutture ferroviarie e stradali - Linea AV/AC 3^ Valico dei Giovi,2018,120.0
cdp2017,29,17,fonti,7518,,Fondo infrastrutture ferroviarie e stradali - Linea AV/AC 3^ Valico dei Giovi,2019,120.0
cdp2017,29,17,fonti,7518,,Fondo infrastrutture ferroviarie e stradali - Linea AV/AC 3^ Valico dei Giovi,2020,67.0
cdp2017,29,17,fonti,7518,,Fondo infrastrutture ferroviarie e stradali - Linea AV/AC 3^ Valico dei Giovi,2021,150.0
cdp2017,29,18,fonti,7536,,Decreto Legge 133/2014 - Sblocca Italia,2017,
cdp2017,29,18,fonti,7536,,Decreto Legge 133/2014 - Sblocca Italia,2018,410.0
cdp2017,29,18,fonti,7536,,Decreto Legge 133/2014 - Sblocca Italia,2019,50.0
cdp2017,29,18,fonti,7536,,Decreto Legge 133/2014 - Sblocca Italia,2020,50.0
cdp2017,29,18,fonti,7536,,Decreto Legge 133/2014 - Sblocca Italia,2021,65.0
cdp2017,29,19,fonti,7549,,"Decreto Legge 133/2014 - Sblocca Italia, Soppr. Passaggi a livello",2017,9.0
cdp2017,29,19,fonti,7549,,"Decreto Legge 133/2014 - Sblocca Italia, Soppr. Passaggi a livello",2018,21.0
cdp2017,29,19,fonti,7549,,"Decreto Legge 133/2014 - Sblocca Italia, Soppr. Passaggi a livello",2019,15.0
cdp2017,29,19,fonti,7549,,"Decreto Legge 133/2014 - Sblocca Italia, Soppr. Passaggi a livello",2020,15.0
cdp2017,29,19,fonti,7549,,"Decreto Legge 133/2014 - Sblocca Italia, Soppr. Passaggi a livello",2021,
cdp2017,29,20,fonti,7540,,Decreto Legge 69/2013 - Legge stabilità 2014 -Interventi di miglioramento rete ferroviaria,2017,78.16
cdp2017,29,20,fonti,7540,,Decreto Legge 69/2013 - Legge stabilità 2014 -Interventi di miglioramento rete ferroviaria,2018,70.0
cdp2017,29,20,fonti,7540,,Decreto Legge 69/2013 - Legge stabilità 2014 -Interventi di miglioramento rete ferroviaria,2019,82.0
cdp2017,29,20,fonti,7540,,Decreto Legge 69/2013 - Legge stabilità 2014 -Interventi di miglioramento rete ferroviaria,2020,38.0
cdp2017,29,20,fonti,7540,,Decreto Legge 69/2013 - Legge stabilità 2014 -Interventi di miglioramento rete ferroviaria,2021,67.0
cdp2017,29,21,fonti,7563,,Contributo quindicennale per lavori sulla tratta Andora-Finale Ligure,2017,
cdp2017,29,21,fonti,7563,,Contributo quindicennale per lavori sulla tratta Andora-Finale Ligure,2018,
cdp2017,29,21,fonti,7563,,Contributo quindicennale per lavori sulla tratta Andora-Finale Ligure,2019,
cdp2017,29,21,fonti,7563,,Contributo quindicennale per lavori sulla tratta Andora-Finale Ligure,2020,15.0
cdp2017,29,21,fonti,7563,,Contributo quindicennale per lavori sulla tratta Andora-Finale Ligure,2021,15.0
cdp2017,29,22,fonti,1274,,Contributi Legge 190/2014 (art. 1 comma 294),2017,
cdp2017,29,22,fonti,1274,,Contributi Legge 190/2014 (art. 1 comma 294),2018,6.0
cdp2017,29,22,fonti,1274,,Contributi Legge 190/2014 (art. 1 comma 294),2019,10.0
cdp2017,29,22,fonti,1274,,Contributi Legge 190/2014 (art. 1 comma 294),2020,15.0
cdp2017,29,22,fonti,1274,,Contributi Legge 190/2014 (art. 1 comma 294),2021,18.0
cdp2017,29,23,fonti,,,RISORSE UE (24+25),2017,490.0
cdp2017,29,23,fonti,,,RISORSE UE (24+25),2018,300.68
cdp2017,29,23,fonti,,,RISORSE UE (24+25),2019,290.0
cdp2017,29,23,fonti,,,RISORSE UE (24+25),2020,200.0
cdp2017,29,23,fonti,,,RISORSE UE (24+25),2021,206.0
cdp2017,29,24,fonti,,,RISORSE PON- FESR,2017,452.0
cdp2017,29,24,fonti,,,RISORSE PON- FESR,2018,170.68
cdp2017,29,24,fonti,,,RISORSE PON- FESR,2019,165.0
cdp2017,29,24,fonti,,,RISORSE PON- FESR,2020,100.0
cdp2017,29,24,fonti,,,RISORSE PON- FESR,2021,106.0
cdp2017,29,25,fonti,,,RISORSE TEN-T (subordinati al reperimento della corrispondente quota nazionale),2017,38.0
cdp2017,29,25,fonti,,,RISORSE TEN-T (subordinati al reperimento della corrispondente quota nazionale),2018,130.0
cdp2017,29,25,fonti,,,RISORSE TEN-T (subordinati al reperimento della corrispondente quota nazionale),2019,125.0
cdp2017,29,25,fonti,,,RISORSE TEN-T (subordinati al reperimento della corrispondente quota nazionale),2020,100.0
cdp2017,29,25,fonti,,,RISORSE TEN-T (subordinati al reperimento della corrispondente quota nazionale),2021,100.0
cdp2017,29,26,fonti,,,RISORSE DA EE.LL. e ALTRO (27+28),2017,556.96
cdp2017,29,26,fonti,,,RISORSE DA EE.LL. e ALTRO (27+28),2018,391.65
cdp2017,29,26,fonti,,,RISORSE DA EE.LL. e ALTRO (27+28),2019,416.53
cdp2017,29,26,fonti,,,RISORSE DA EE.LL. e ALTRO (27+28),2020,340.5
cdp2017,29,26,fonti,,,RISORSE DA EE.LL. e ALTRO (27+28),2021,333.43
cdp2017,29,27,fonti,,,"RISORSE da altre Fonti (altre operazioni finanziarie, Terzi)",2017,368.51
cdp2017,29,27,fonti,,,"RISORSE da altre Fonti (altre operazioni finanziarie, Terzi)",2018,139.65
cdp2017,29,27,fonti,,,"RISORSE da altre Fonti (altre operazioni finanziarie, Terzi)",2019,100.73
cdp2017,29,27,fonti,,,"RISORSE da altre Fonti (altre operazioni finanziarie, Terzi)",2020,87.5
cdp2017,29,27,fonti,,,"RISORSE da altre Fonti (altre operazioni finanziarie, Terzi)",2021,20.43
cdp2017,29,28,fonti,,,RISORSE da altre fonti finanziarie AV/AC,2017,188.45
cdp2017,29,28,fonti,,,RISORSE da altre fonti finanziarie AV/AC,2018,252.0
cdp2017,29,28,fonti,,,RISORSE da altre fonti finanziarie AV/AC,2019,315.8
cdp2017,29,28,fonti,,,RISORSE da altre fonti finanziarie AV/AC,2020,253.0
cdp2017,29,28,fonti,,,RISORSE da altre fonti finanziarie AV/AC,2021,313.0
cdp2017,29,29,fonti,,,TOTALE FONTI CdP-I (6+23+26),2017,3276.2
cdp2017,29,29,fonti,,,TOTALE FONTI CdP-I (6+23+26),2018,4754.97
cdp2017,29,29,fonti,,,TOTALE FONTI CdP-I (6+23+26),2019,4450.0
cdp2017,29,29,fonti,,,TOTALE FONTI CdP-I (6+23+26),2020,4750.0
cdp2017,29,29,fonti,,,TOTALE FONTI CdP-I (6+23+26),2021,5000.0
cdp2017,29,30,fonti,,,Impieghi per rimborso finanz. attivato con attualizz. contrib. quindicennali: Rete Tradizionale,2017,100.0
cdp2017,29,30,fonti,,,Impieghi per rimborso finanz. attivato con attualizz. contrib. quindicennali: Rete Tradizionale,2018,100.0
cdp2017,29,30,fonti,,,Impieghi per rimborso finanz. attivato con attualizz. contrib. quindicennali: Rete Tradizionale,2019,100.0
cdp2017,29,30,fonti,,,Impieghi per rimborso finanz. attivato con attualizz. contrib. quindicennali: Rete Tradizionale,2020,100.0
cdp2017,29,30,fonti,,,Impieghi per rimborso finanz. attivato con attualizz. contrib. quindicennali: Rete Tradizionale,2021,100.0
cdp2017,29,31,fonti,,,Impieghi per rimborso finanz. attivato con attualizz. contrib. quindicennali: AV/AC TO-MI-NA,2017,500.0
cdp2017,29,31,fonti,,,Impieghi per rimborso finanz. attivato con attualizz. contrib. quindicennali: AV/AC TO-MI-NA,2018,500.0
cdp2017,29,31,fonti,,,Impieghi per rimborso finanz. attivato con attualizz. contrib. quindicennali: AV/AC TO-MI-NA,2019,500.0
cdp2017,29,31,fonti,,,Impieghi per rimborso finanz. attivato con attualizz. contrib. quindicennali: AV/AC TO-MI-NA,2020,500.0
cdp2017,29,31,fonti,,,Impieghi per rimborso finanz. attivato con attualizz. contrib. quindicennali: AV/AC TO-MI-NA,2021,400.0
cdp2017,29,32,fonti,7124,,Contributi per la prosecuzione degli interventi relativi alla Rete Tradizionale,2017,100.0
cdp2017,29,32,fonti,7124,,Contributi per la prosecuzione degli interventi relativi alla Rete Tradizionale,2018,100.0
cdp2017,29,32,fonti,7124,,Contributi per la prosecuzione degli interventi relativi alla Rete Tradizionale,2019,100.0
cdp2017,29,32,fonti,7124,,Contributi per la prosecuzione degli interventi relativi alla Rete Tradizionale,2020,100.0
cdp2017,29,32,fonti,7124,,Contributi per la prosecuzione degli interventi relativi alla Rete Tradizionale,2021,100.0
cdp2017,29,33,fonti,7124,,Contributi per la prosecuzione degli interventi per il Sistema AV/AC TO-MI-NA,2017,500.0
cdp2017,29,33,fonti,7124,,Contributi per la prosecuzione degli interventi per il Sistema AV/AC TO-MI-NA,2018,500.0
cdp2017,29,33,fonti,7124,,Contributi per la prosecuzione degli interventi per il Sistema AV/AC TO-MI-NA,2019,500.0
cdp2017,29,33,fonti,7124,,Contributi per la prosecuzione degli interventi per il Sistema AV/AC TO-MI-NA,2020,500.0
cdp2017,29,33,fonti,7124,,Contributi per la prosecuzione degli interventi per il Sistema AV/AC TO-MI-NA,2021,400.0
agg2021,18,1,impieghi,,,RETE CONVENZIONALE/ALTA CAPACITA',2017,2883.0
agg2021,18,1,impieghi,,,RETE CONVENZIONALE/ALTA CAPACITA',2018,3191.0
agg2021,18,1,impieghi,,,RETE CONVENZIONALE/ALTA CAPACITA',2019,2913.0
agg2021,18,1,impieghi,,,RETE CONVENZIONALE/ALTA CAPACITA',2020,3139.0
agg2021,18,1,impieghi,,,RETE CONVENZIONALE/ALTA CAPACITA',2021,3118.0
agg2021,18,2,impieghi,,,RETE AV/AC TO-MI-NA,2017,189.0
agg2021,18,2,impieghi,,,RETE AV/AC TO-MI-NA,2018,116.0
agg2021,18,2,impieghi,,,RETE AV/AC TO-MI-NA,2019,95.0
agg2021,18,2,impieghi,,,RETE AV/AC TO-MI-NA,2020,110.0
agg2021,18,2,impieghi,,,RETE AV/AC TO-MI-NA,2021,80.0
agg2021,18,3,impieghi,,,TOTALE TAB. A - SEZIONE 1 - OPERE IN CORSO,2017,3071.0
agg2021,18,3,impieghi,,,TOTALE TAB. A - SEZIONE 1 - OPERE IN CORSO,2018,3306.0
agg2021,18,3,impieghi,,,TOTALE TAB. A - SEZIONE 1 - OPERE IN CORSO,2019,3008.0
agg2021,18,3,impieghi,,,TOTALE TAB. A - SEZIONE 1 - OPERE IN CORSO,2020,3249.0
agg2021,18,3,impieghi,,,TOTALE TAB. A - SEZIONE 1 - OPERE IN CORSO,2021,3198.0
agg2021,18,4,impieghi,,,"TOTALE TAB.B: ""LOTTI COSTRUTTIVI"" (QUOTA FINANZIATA)",2017,527.0
agg2021,18,4,impieghi,,,"TOTALE TAB.B: ""LOTTI COSTRUTTIVI"" (QUOTA FINANZIATA)",2018,667.0
agg2021,18,4,impieghi,,,"TOTALE TAB.B: ""LOTTI COSTRUTTIVI"" (QUOTA FINANZIATA)",2019,888.0
agg2021,18,4,impieghi,,,"TOTALE TAB.B: ""LOTTI COSTRUTTIVI"" (QUOTA FINANZIATA)",2020,400.0
agg2021,18,4,impieghi,,,"TOTALE TAB.B: ""LOTTI COSTRUTTIVI"" (QUOTA FINANZIATA)",2021,620.0
agg2021,18,5,impieghi,,,TOTALE IMPIEGHI CdP-I,2017,3598.0
agg2021,18,5,impieghi,,,TOTALE IMPIEGHI CdP-I,2018,3973.0
agg2021,18,5,impieghi,,,TOTALE IMPIEGHI CdP-I,2019,3896.0
agg2021,18,5,impieghi,,,TOTALE IMPIEGHI CdP-I,2020,3649.0
agg2021,18,5,impieghi,,,TOTALE IMPIEGHI CdP-I,2021,3818.0
agg2021,18,6,impieghi,,,SALDO ANTICIPI/RECUPERI AI FORNITORI,2017,
agg2021,18,6,impieghi,,,SALDO ANTICIPI/RECUPERI AI FORNITORI,2018,
agg2021,18,6,impieghi,,,SALDO ANTICIPI/RECUPERI AI FORNITORI,2019,
agg2021,18,6,impieghi,,,SALDO ANTICIPI/RECUPERI AI FORNITORI,2020,545.0
agg2021,18,6,impieghi,,,SALDO ANTICIPI/RECUPERI AI FORNITORI,2021,1570.0
agg2021,18,7,impieghi,,,TOTALE GENERALE,2017,3598.0
agg2021,18,7,impieghi,,,TOTALE GENERALE,2018,3973.0
agg2021,18,7,impieghi,,,TOTALE GENERALE,2019,3896.0
agg2021,18,7,impieghi,,,TOTALE GENERALE,2020,4194.0
agg2021,18,7,impieghi,,,TOTALE GENERALE,2021,5388.0
agg2021,18,8,fonti,,,RISORSE DA STATO (9+16),2017,2109.0
agg2021,18,8,fonti,,,RISORSE DA STATO (9+16),2018,2582.0
agg2021,18,8,fonti,,,RISORSE DA STATO (9+16),2019,2273.0
agg2021,18,8,fonti,,,RISORSE DA STATO (9+16),2020,4565.0
agg2021,18,8,fonti,,,RISORSE DA STATO (9+16),2021,4993.0
agg2021,18,9,fonti,,,MEF (10+13+14+15+16),2017,1579.0
agg2021,18,9,fonti,,,MEF (10+13+14+15+16),2018,2420.0
agg2021,18,9,fonti,,,MEF (10+13+14+15+16),2019,1870.0
agg2021,18,9,fonti,,,MEF (10+13+14+15+16),2020,3941.0
agg2021,18,9,fonti,,,MEF (10+13+14+15+16),2021,4635.0
agg2021,18,10,fonti,,,A legislazione vigente (11+12),2017,1491.0
agg2021,18,10,fonti,,,A legislazione vigente (11+12),2018,2390.0
agg2021,18,10,fonti,,,A legislazione vigente (11+12),2019,1729.0
agg2021,18,10,fonti,,,A legislazione vigente (11+12),2020,3698.0
agg2021,18,10,fonti,,,A legislazione vigente (11+12),2021,4021.0
agg2021,18,11,fonti,7122,,Contributi in conto impianti per lo sviluppo e l'ammodernamento delle infrastrutture ferroviarie,2017,1490.0
agg2021,18,11,fonti,7122,,Contributi in conto impianti per lo sviluppo e l'ammodernamento delle infrastrutture ferroviarie,2018,2388.0
agg2021,18,11,fonti,7122,,Contributi in conto impianti per lo sviluppo e l'ammodernamento delle infrastrutture ferroviarie,2019,1727.0
agg2021,18,11,fonti,7122,,Contributi in conto impianti per lo sviluppo e l'ammodernamento delle infrastrutture ferroviarie,2020,3698.0
agg2021,18,11,fonti,7122,,Contributi in conto impianti per lo sviluppo e l'ammodernamento delle infrastrutture ferroviarie,2021,4021.0
agg2021,18,11-1,fonti,,PG1,Contributi per lo sviluppo e l'ammodernamento delle infrastrutture ferroviarie,2017,103.0
agg2021,18,11-1,fonti,,PG1,Contributi per lo sviluppo e l'ammodernamento delle infrastrutture ferroviarie,2018,145.0
agg2021,18,11-1,fonti,,PG1,Contributi per lo sviluppo e l'ammodernamento delle infrastrutture ferroviarie,2019,107.0
agg2021,18,11-1,fonti,,PG1,Contributi per lo sviluppo e l'ammodernamento delle infrastrutture ferroviarie,2020,50.0
agg2021,18,11-1,fonti,,PG1,Contributi per lo sviluppo e l'ammodernamento delle infrastrutture ferroviarie,2021,29.0
agg2021,18,11-2,fonti,,PG2,"Fondo Opere: rifinaziamento art.1 comma 84, LF 266/05",2017,1121.0
agg2021,18,11-2,fonti,,PG2,"Fondo Opere: rifinaziamento art.1 comma 84, LF 266/05",2018,1881.0
agg2021,18,11-2,fonti,,PG2,"Fondo Opere: rifinaziamento art.1 comma 84, LF 266/05",2019,1365.0
agg2021,18,11-2,fonti,,PG2,"Fondo Opere: rifinaziamento art.1 comma 84, LF 266/05",2020,2754.0
agg2021,18,11-2,fonti,,PG2,"Fondo Opere: rifinaziamento art.1 comma 84, LF 266/05",2021,2874.0
agg2021,18,11-3,fonti,,PG4,Infrastruttura nazionale ferroviaria (Dl 43/2013),2017,170.0
agg2021,18,11-3,fonti,,PG4,Infrastruttura nazionale ferroviaria (Dl 43/2013),2018,120.0
agg2021,18,11-3,fonti,,PG4,Infrastruttura nazionale ferroviaria (Dl 43/2013),2019,120.0
agg2021,18,11-3,fonti,,PG4,Infrastruttura nazionale ferroviaria (Dl 43/2013),2020,120.0
agg2021,18,11-3,fonti,,PG4,Infrastruttura nazionale ferroviaria (Dl 43/2013),2021,120.0
agg2021,18,11-4,fonti,,PG6,Tratta Cancello - Frasso Telesino,2017,
agg2021,18,11-4,fonti,,PG6,Tratta Cancello - Frasso Telesino,2018,
agg2021,18,11-4,fonti,,PG6,Tratta Cancello - Frasso Telesino,2019,
agg2021,18,11-4,fonti,,PG6,Tratta Cancello - Frasso Telesino,2020,35.0
agg2021,18,11-4,fonti,,PG6,Tratta Cancello - Frasso Telesino,2021,12.0
agg2021,18,11-5,fonti,,PG7,"Brescia-Verona-Padova, Napoli-Bari",2017,
agg2021,18,11-5,fonti,,PG7,"Brescia-Verona-Padova, Napoli-Bari",2018,203.0
agg2021,18,11-5,fonti,,PG7,"Brescia-Verona-Padova, Napoli-Bari",2019,124.0
agg2021,18,11-5,fonti,,PG7,"Brescia-Verona-Padova, Napoli-Bari",2020,672.0
agg2021,18,11-5,fonti,,PG7,"Brescia-Verona-Padova, Napoli-Bari",2021,550.0
agg2021,18,11-6,fonti,,PG8,Adeguamento tracciato e velocizzazione asse ferroviario adriatico Bologna-Lecce,2017,95.0
agg2021,18,11-6,fonti,,PG8,Adeguamento tracciato e velocizzazione asse ferroviario adriatico Bologna-Lecce,2018,39.0
agg2021,18,11-6,fonti,,PG8,Adeguamento tracciato e velocizzazione asse ferroviario adriatico Bologna-Lecce,2019,11.0
agg2021,18,11-6,fonti,,PG8,Adeguamento tracciato e velocizzazione asse ferroviario adriatico Bologna-Lecce,2020,6.0
agg2021,18,11-6,fonti,,PG8,Adeguamento tracciato e velocizzazione asse ferroviario adriatico Bologna-Lecce,2021,2.0
agg2021,18,11-7,fonti,,PG9,"Contributi in conto impianti da corrispondere a FS SpA per la nuova linea ferroviaria ""Ferrandina - Matera La Martella""",2017,
agg2021,18,11-7,fonti,,PG9,"Contributi in conto impianti da corrispondere a FS SpA per la nuova linea ferroviaria ""Ferrandina - Matera La Martella""",2018,
agg2021,18,11-7,fonti,,PG9,"Contributi in conto impianti da corrispondere a FS SpA per la nuova linea ferroviaria ""Ferrandina - Matera La Martella""",2019,
agg2021,18,11-7,fonti,,PG9,"Contributi in conto impianti da corrispondere a FS SpA per la nuova linea ferroviaria ""Ferrandina - Matera La Martella""",2020,
agg2021,18,11-7,fonti,,PG9,"Contributi in conto impianti da corrispondere a FS SpA per la nuova linea ferroviaria ""Ferrandina - Matera La Martella""",2021,44.0
agg2021,18,11-8,fonti,,PG10,Fondo ex art.1 comma 1072 della Legge di Bilancio 2018 (DPCM 2018),2017,
agg2021,18,11-8,fonti,,PG10,Fondo ex art.1 comma 1072 della Legge di Bilancio 2018 (DPCM 2018),2018,
agg2021,18,11-8,fonti,,PG10,Fondo ex art.1 comma 1072 della Legge di Bilancio 2018 (DPCM 2018),2019,
agg2021,18,11-8,fonti,,PG10,Fondo ex art.1 comma 1072 della Legge di Bilancio 2018 (DPCM 2018),2020,30.0
agg2021,18,11-8,fonti,,PG10,Fondo ex art.1 comma 1072 della Legge di Bilancio 2018 (DPCM 2018),2021,264.0
agg2021,18,11-9,fonti,,PG11,Fondo ex art.1 commi 95-98 della Legge di Bilancio 2019,2017,
agg2021,18,11-9,fonti,,PG11,Fondo ex art.1 commi 95-98 della Legge di Bilancio 2019,2018,
agg2021,18,11-9,fonti,,PG11,Fondo ex art.1 commi 95-98 della Legge di Bilancio 2019,2019,
agg2021,18,11-9,fonti,,PG11,Fondo ex art.1 commi 95-98 della Legge di Bilancio 2019,2020,30.0
agg2021,18,11-9,fonti,,PG11,Fondo ex art.1 commi 95-98 della Legge di Bilancio 2019,2021,114.0
agg2021,18,11-10,fonti,,PG12,Fondo ex art.1 commi 14 della Legge di Bilancio 2020,2017,
agg2021,18,11-10,fonti,,PG12,Fondo ex art.1 commi 14 della Legge di Bilancio 2020,2018,
agg2021,18,11-10,fonti,,PG12,Fondo ex art.1 commi 14 della Legge di Bilancio 2020,2019,
agg2021,18,11-10,fonti,,PG12,Fondo ex art.1 commi 14 della Legge di Bilancio 2020,2020,
agg2021,18,11-10,fonti,,PG12,Fondo ex art.1 commi 14 della Legge di Bilancio 2020,2021,12.0
agg2021,18,12,fonti,7123,,Contributi per la realizzazione di opere specifiche,2017,2.0
agg2021,18,12,fonti,7123,,Contributi per la realizzazione di opere specifiche,2018,2.0
agg2021,18,12,fonti,7123,,Contributi per la realizzazione di opere specifiche,2019,2.0
agg2021,18,12,fonti,7123,,Contributi per la realizzazione di opere specifiche,2020,
agg2021,18,12,fonti,7123,,Contributi per la realizzazione di opere specifiche,2021,
agg2021,18,13,fonti,7493,,Riduzione tasso cofinanziamento nazionale,2017,
agg2021,18,13,fonti,7493,,Riduzione tasso cofinanziamento nazionale,2018,
agg2021,18,13,fonti,7493,,Riduzione tasso cofinanziamento nazionale,2019,
agg2021,18,13,fonti,7493,,Riduzione tasso cofinanziamento nazionale,2020,54.0
agg2021,18,13,fonti,7493,,Riduzione tasso cofinanziamento nazionale,2021,126.0
agg2021,18,14,fonti,8000,,Fondo Sviluppo e Coesione,2017,88.0
agg2021,18,14,fonti,8000,,Fondo Sviluppo e Coesione,2018,30.0
agg2021,18,14,fonti,8000,,Fondo Sviluppo e Coesione,2019,141.0
agg2021,18,14,fonti,8000,,Fondo Sviluppo e Coesione,2020,143.0
agg2021,18,14,fonti,8000,,Fondo Sviluppo e Coesione,2021,120.0
agg2021,18,15,fonti,8000,,Fondo Sviluppo e Coesione 2014-2020,2017,
agg2021,18,15,fonti,8000,,Fondo Sviluppo e Coesione 2014-2020,2018,
agg2021,18,15,fonti,8000,,Fondo Sviluppo e Coesione 2014-2020,2019,
agg2021,18,15,fonti,8000,,Fondo Sviluppo e Coesione 2014-2020,2020,46.0
agg2021,18,15,fonti,8000,,Fondo Sviluppo e Coesione 2014-2020,2021,367.0
agg2021,18,16,fonti,,,MIMS (17+18+19+20+21+22+23+24+25+26+27),2017,529.0
agg2021,18,16,fonti,,,MIMS (17+18+19+20+21+22+23+24+25+26+27),2018,163.0
agg2021,18,16,fonti,,,MIMS (17+18+19+20+21+22+23+24+25+26+27),2019,403.0
agg2021,18,16,fonti,,,MIMS (17+18+19+20+21+22+23+24+25+26+27),2020,624.0
agg2021,18,16,fonti,,,MIMS (17+18+19+20+21+22+23+24+25+26+27),2021,358.0
agg2021,18,17,fonti,7060,,Legge Obiettivo,2017,100.0
agg2021,18,17,fonti,7060,,Legge Obiettivo,2018,92.0
agg2021,18,17,fonti,7060,,Legge Obiettivo,2019,24.0
agg2021,18,17,fonti,7060,,Legge Obiettivo,2020,151.0
agg2021,18,17,fonti,7060,,Legge Obiettivo,2021,77.0
agg2021,18,18,fonti,7515,,Fondo infrastrutture ferroviarie e stradali - Linea AV/AC Treviglio-Brescia,2017,109.0
agg2021,18,18,fonti,7515,,Fondo infrastrutture ferroviarie e stradali - Linea AV/AC Treviglio-Brescia,2018,24.0
agg2021,18,18,fonti,7515,,Fondo infrastrutture ferroviarie e stradali - Linea AV/AC Treviglio-Brescia,2019,51.0
agg2021,18,18,fonti,7515,,Fondo infrastrutture ferroviarie e stradali - Linea AV/AC Treviglio-Brescia,2020,
agg2021,18,18,fonti,7515,,Fondo infrastrutture ferroviarie e stradali - Linea AV/AC Treviglio-Brescia,2021,
agg2021,18,19,fonti,7518,,Fondo infrastrutture ferroviarie e stradali - Linea AV/AC 3^ Valico dei Giovi,2017,134.0
agg2021,18,19,fonti,7518,,Fondo infrastrutture ferroviarie e stradali - Linea AV/AC 3^ Valico dei Giovi,2018,47.0
agg2021,18,19,fonti,7518,,Fondo infrastrutture ferroviarie e stradali - Linea AV/AC 3^ Valico dei Giovi,2019,197.0
agg2021,18,19,fonti,7518,,Fondo infrastrutture ferroviarie e stradali - Linea AV/AC 3^ Valico dei Giovi,2020,135.0
agg2021,18,19,fonti,7518,,Fondo infrastrutture ferroviarie e stradali - Linea AV/AC 3^ Valico dei Giovi,2021,111.0
agg2021,18,20,fonti,7516,,Decreto Legge 133/2014 - Sblocca Italia,2017,
agg2021,18,20,fonti,7516,,Decreto Legge 133/2014 - Sblocca Italia,2018,
agg2021,18,20,fonti,7516,,Decreto Legge 133/2014 - Sblocca Italia,2019,
agg2021,18,20,fonti,7516,,Decreto Legge 133/2014 - Sblocca Italia,2020,89.0
agg2021,18,20,fonti,7516,,Decreto Legge 133/2014 - Sblocca Italia,2021,
agg2021,18,21,fonti,7528,,DL Sblocca Italia Tunnel di Base del Brennero,2017,
agg2021,18,21,fonti,7528,,DL Sblocca Italia Tunnel di Base del Brennero,2018,
agg2021,18,21,fonti,7528,,DL Sblocca Italia Tunnel di Base del Brennero,2019,
agg2021,18,21,fonti,7528,,DL Sblocca Italia Tunnel di Base del Brennero,2020,52.0
agg2021,18,21,fonti,7528,,DL Sblocca Italia Tunnel di Base del Brennero,2021,75.0
agg2021,18,22,fonti,7549,,"Decreto Legge 133/2014 - Sblocca Italia, Soppr. Passaggi a livello",2017,
agg2021,18,22,fonti,7549,,"Decreto Legge 133/2014 - Sblocca Italia, Soppr. Passaggi a livello",2018,
agg2021,18,22,fonti,7549,,"Decreto Legge 133/2014 - Sblocca Italia, Soppr. Passaggi a livello",2019,45.0
agg2021,18,22,fonti,7549,,"Decreto Legge 133/2014 - Sblocca Italia, Soppr. Passaggi a livello",2020,3.0
agg2021,18,22,fonti,7549,,"Decreto Legge 133/2014 - Sblocca Italia, Soppr. Passaggi a livello",2021,12.0
agg2021,18,23,fonti,7540,,Decreto Legge 69/2013 - Legge stabilità 2014 -Interventi di miglioramento rete ferroviaria,2017,186.0
agg2021,18,23,fonti,7540,,Decreto Legge 69/2013 - Legge stabilità 2014 -Interventi di miglioramento rete ferroviaria,2018,
agg2021,18,23,fonti,7540,,Decreto Legge 69/2013 - Legge stabilità 2014 -Interventi di miglioramento rete ferroviaria,2019,60.0
agg2021,18,23,fonti,7540,,Decreto Legge 69/2013 - Legge stabilità 2014 -Interventi di miglioramento rete ferroviaria,2020,70.0
agg2021,18,23,fonti,7540,,Decreto Legge 69/2013 - Legge stabilità 2014 -Interventi di miglioramento rete ferroviaria,2021,
agg2021,18,25,fonti,7564,,DL Sblocca Italia Pistoia - Lucca Viareggio,2017,
agg2021,18,25,fonti,7564,,DL Sblocca Italia Pistoia - Lucca Viareggio,2018,
agg2021,18,25,fonti,7564,,DL Sblocca Italia Pistoia - Lucca Viareggio,2019,26.0
agg2021,18,25,fonti,7564,,DL Sblocca Italia Pistoia - Lucca Viareggio,2020,125.0
agg2021,18,25,fonti,7564,,DL Sblocca Italia Pistoia - Lucca Viareggio,2021,16.0
agg2021,18,26,fonti,,,xxxx DL 59/2021,2017,
agg2021,18,26,fonti,,,xxxx DL 59/2021,2018,
agg2021,18,26,fonti,,,xxxx DL 59/2021,2019,
agg2021,18,26,fonti,,,xxxx DL 59/2021,2020,
agg2021,18,26,fonti,,,xxxx DL 59/2021,2021,35.0
agg2021,18,27,fonti,7561,,Somme da destinare all'intervento Olimpiadi Invernali 2026 - interventi sulle infrastrutture ferroviarie,2017,
agg2021,18,27,fonti,7561,,Somme da destinare all'intervento Olimpiadi Invernali 2026 - interventi sulle infrastrutture ferroviarie,2018,
agg2021,18,27,fonti,7561,,Somme da destinare all'intervento Olimpiadi Invernali 2026 - interventi sulle infrastrutture ferroviarie,2019,
agg2021,18,27,fonti,7561,,Somme da destinare all'intervento Olimpiadi Invernali 2026 - interventi sulle infrastrutture ferroviarie,2020,
agg2021,18,27,fonti,7561,,Somme da destinare all'intervento Olimpiadi Invernali 2026 - interventi sulle infrastrutture ferroviarie,2021,32.0
agg2021,18,28,fonti,,,RISORSE UE (29+30+31),2017,434.0
agg2021,18,28,fonti,,,RISORSE UE (29+30+31),2018,268.0
agg2021,18,28,fonti,,,RISORSE UE (29+30+31),2019,214.0
agg2021,18,28,fonti,,,RISORSE UE (29+30+31),2020,188.0
agg2021,18,28,fonti,,,RISORSE UE (29+30+31),2021,1946.0
agg2021,18,29,fonti,,,RISORSE PON- FESR,2017,388.0
agg2021,18,29,fonti,,,RISORSE PON- FESR,2018,167.0
agg2021,18,29,fonti,,,RISORSE PON- FESR,2019,138.0
agg2021,18,29,fonti,,,RISORSE PON- FESR,2020,110.0
agg2021,18,29,fonti,,,RISORSE PON- FESR,2021,240.0
agg2021,18,30,fonti,,,RISORSE TEN-T (subordinati al reperimento della corrispondente quota nazionale),2017,46.0
agg2021,18,30,fonti,,,RISORSE TEN-T (subordinati al reperimento della corrispondente quota nazionale),2018,101.0
agg2021,18,30,fonti,,,RISORSE TEN-T (subordinati al reperimento della corrispondente quota nazionale),2019,76.0
agg2021,18,30,fonti,,,RISORSE TEN-T (subordinati al reperimento della corrispondente quota nazionale),2020,78.0
agg2021,18,30,fonti,,,RISORSE TEN-T (subordinati al reperimento della corrispondente quota nazionale),2021,164.0
agg2021,18,31,fonti,,,RISORSE PNRR,2017,
agg2021,18,31,fonti,,,RISORSE PNRR,2018,
agg2021,18,31,fonti,,,RISORSE PNRR,2019,
agg2021,18,31,fonti,,,RISORSE PNRR,2020,
agg2021,18,31,fonti,,,RISORSE PNRR,2021,1543.0
agg2021,18,32,fonti,,,RISORSE DA EE.LL. e ALTRO (33+34),2017,550.0
agg2021,18,32,fonti,,,RISORSE DA EE.LL. e ALTRO (33+34),2018,197.0
agg2021,18,32,fonti,,,RISORSE DA EE.LL. e ALTRO (33+34),2019,311.0
agg2021,18,32,fonti,,,RISORSE DA EE.LL. e ALTRO (33+34),2020,254.0
agg2021,18,32,fonti,,,RISORSE DA EE.LL. e ALTRO (33+34),2021,163.0
agg2021,18,33,fonti,,,"RISORSE da altre Fonti (altre operazioni finanziarie, Terzi)",2017,361.0
agg2021,18,33,fonti,,,"RISORSE da altre Fonti (altre operazioni finanziarie, Terzi)",2018,82.0
agg2021,18,33,fonti,,,"RISORSE da altre Fonti (altre operazioni finanziarie, Terzi)",2019,216.0
agg2021,18,33,fonti,,,"RISORSE da altre Fonti (altre operazioni finanziarie, Terzi)",2020,144.0
agg2021,18,33,fonti,,,"RISORSE da altre Fonti (altre operazioni finanziarie, Terzi)",2021,83.0
agg2021,18,34,fonti,,,RISORSE da altre fonti finanziarie AV/AC,2017,189.0
agg2021,18,34,fonti,,,RISORSE da altre fonti finanziarie AV/AC,2018,116.0
agg2021,18,34,fonti,,,RISORSE da altre fonti finanziarie AV/AC,2019,95.0
agg2021,18,34,fonti,,,RISORSE da altre fonti finanziarie AV/AC,2020,110.0
agg2021,18,34,fonti,,,RISORSE da altre fonti finanziarie AV/AC,2021,80.0
agg2021,18,35,fonti,,,TOTALE FONTI CdP-I (8+28+32),2017,3093.0
agg2021,18,35,fonti,,,TOTALE FONTI CdP-I (8+28+32),2018,3047.0
agg2021,18,35,fonti,,,TOTALE FONTI CdP-I (8+28+32),2019,2798.0
agg2021,18,35,fonti,,,TOTALE FONTI CdP-I (8+28+32),2020,5008.0
agg2021,18,35,fonti,,,TOTALE FONTI CdP-I (8+28+32),2021,7103.0
agg2021,18,37,fonti,,,Impieghi per rimborso finanz. attivato con attualizz. contrib. quindicennali: Rete Tradizionale,2017,100.0
agg2021,18,37,fonti,,,Impieghi per rimborso finanz. attivato con attualizz. contrib. quindicennali: Rete Tradizionale,2018,100.0
agg2021,18,37,fonti,,,Impieghi per rimborso finanz. attivato con attualizz. contrib. quindicennali: Rete Tradizionale,2019,100.0
agg2021,18,37,fonti,,,Impieghi per rimborso finanz. attivato con attualizz. contrib. quindicennali: Rete Tradizionale,2020,100.0
agg2021,18,37,fonti,,,Impieghi per rimborso finanz. attivato con attualizz. contrib. quindicennali: Rete Tradizionale,2021,100.0
agg2021,18,38,fonti,,,Impieghi per rimborso finanz. attivato con attualizz. contrib. quindicennali: AV/AC TO-MI-NA,2017,500.0
agg2021,18,38,fonti,,,Impieghi per rimborso finanz. attivato con attualizz. contrib. quindicennali: AV/AC TO-MI-NA,2018,500.0
agg2021,18,38,fonti,,,Impieghi per rimborso finanz. attivato con attualizz. contrib. quindicennali: AV/AC TO-MI-NA,2019,500.0
agg2021,18,38,fonti,,,Impieghi per rimborso finanz. attivato con attualizz. contrib. quindicennali: AV/AC TO-MI-NA,2020,500.0
agg2021,18,38,fonti,,,Impieghi per rimborso finanz. attivato con attualizz. contrib. quindicennali: AV/AC TO-MI-NA,2021,400.0
agg2021,18,39,fonti,7124,,Contributi per la prosecuzione degli interventi relativi alla Rete Tradizionale,2017,100.0
agg2021,18,39,fonti,7124,,Contributi per la prosecuzione degli interventi relativi alla Rete Tradizionale,2018,100.0
agg2021,18,39,fonti,7124,,Contributi per la prosecuzione degli interventi relativi alla Rete Tradizionale,2019,100.0
agg2021,18,39,fonti,7124,,Contributi per la prosecuzione degli interventi relativi alla Rete Tradizionale,2020,100.0
agg2021,18,39,fonti,7124,,Contributi per la prosecuzione degli interventi relativi alla Rete Tradizionale,2021,100.0
agg2021,18,40,fonti,7124,,Contributi per la prosecuzione degli interventi per il Sistema AV/AC TO-MI-NA,2017,500.0
agg2021,18,40,fonti,7124,,Contributi per la prosecuzione degli interventi per il Sistema AV/AC TO-MI-NA,2018,500.0
agg2021,18,40,fonti,7124,,Contributi per la prosecuzione degli interventi per il Sistema AV/AC TO-MI-NA,2019,500.0
agg2021,18,40,fonti,7124,,Contributi per la prosecuzione degli interventi per il Sistema AV/AC TO-MI-NA,2020,500.0
agg2021,18,40,fonti,7124,,Contributi per la prosecuzione degli interventi per il Sistema AV/AC TO-MI-NA,2021,400.0
cdp2022,36,3,impieghi,,,TOTALE TAB. A - SEZIONE 1 - OPERE IN CORSO,2022,3892.0
cdp2022,36,3,impieghi,,,TOTALE TAB. A - SEZIONE 1 - OPERE IN CORSO,2023,4755.0
cdp2022,36,3,impieghi,,,TOTALE TAB. A - SEZIONE 1 - OPERE IN CORSO,2024,6361.0
cdp2022,36,3,impieghi,,,TOTALE TAB. A - SEZIONE 1 - OPERE IN CORSO,2025,7876.0
cdp2022,36,3,impieghi,,,TOTALE TAB. A - SEZIONE 1 - OPERE IN CORSO,2026,8632.0
cdp2022,36,4,impieghi,,,"TOTALE TAB.B: ""LOTTI COSTRUTTIVI"" (QUOTA FINANZIATA)",2022,1051.0
cdp2022,36,4,impieghi,,,"TOTALE TAB.B: ""LOTTI COSTRUTTIVI"" (QUOTA FINANZIATA)",2023,1395.0
cdp2022,36,4,impieghi,,,"TOTALE TAB.B: ""LOTTI COSTRUTTIVI"" (QUOTA FINANZIATA)",2024,1289.0
cdp2022,36,4,impieghi,,,"TOTALE TAB.B: ""LOTTI COSTRUTTIVI"" (QUOTA FINANZIATA)",2025,1074.0
cdp2022,36,4,impieghi,,,"TOTALE TAB.B: ""LOTTI COSTRUTTIVI"" (QUOTA FINANZIATA)",2026,1218.0
cdp2022,36,5,impieghi,,,TOTALE IMPIEGHI CdP-I,2022,4943.0
cdp2022,36,5,impieghi,,,TOTALE IMPIEGHI CdP-I,2023,6150.0
cdp2022,36,5,impieghi,,,TOTALE IMPIEGHI CdP-I,2024,7650.0
cdp2022,36,5,impieghi,,,TOTALE IMPIEGHI CdP-I,2025,8950.0
cdp2022,36,5,impieghi,,,TOTALE IMPIEGHI CdP-I,2026,9850.0
cdp2022,36,6,impieghi,,,SALDO ANTICIPI/(RECUPERI) AI FORNITORI,2022,1661.0
cdp2022,36,6,impieghi,,,SALDO ANTICIPI/(RECUPERI) AI FORNITORI,2023,6904.0
cdp2022,36,6,impieghi,,,SALDO ANTICIPI/(RECUPERI) AI FORNITORI,2024,916.0
cdp2022,36,6,impieghi,,,SALDO ANTICIPI/(RECUPERI) AI FORNITORI,2025,268.0
cdp2022,36,6,impieghi,,,SALDO ANTICIPI/(RECUPERI) AI FORNITORI,2026,
cdp2022,36,7,impieghi,,,TOTALE GENERALE,2022,6604.0
cdp2022,36,7,impieghi,,,TOTALE GENERALE,2023,13054.0
cdp2022,36,7,impieghi,,,TOTALE GENERALE,2024,8566.0
cdp2022,36,7,impieghi,,,TOTALE GENERALE,2025,9218.0
cdp2022,36,7,impieghi,,,TOTALE GENERALE,2026,9850.0
cdp2022,36,8,fonti,,,RISORSE DA STATO (9+15),2022,3688.0
cdp2022,36,8,fonti,,,RISORSE DA STATO (9+15),2023,5362.0
cdp2022,36,8,fonti,,,RISORSE DA STATO (9+15),2024,4056.0
cdp2022,36,8,fonti,,,RISORSE DA STATO (9+15),2025,6063.0
cdp2022,36,8,fonti,,,RISORSE DA STATO (9+15),2026,6205.0
cdp2022,36,9,fonti,,,MEF (10+11+12+13+14+15),2022,3520.0
cdp2022,36,9,fonti,,,MEF (10+11+12+13+14+15),2023,5242.0
cdp2022,36,9,fonti,,,MEF (10+11+12+13+14+15),2024,3851.0
cdp2022,36,9,fonti,,,MEF (10+11+12+13+14+15),2025,6005.0
cdp2022,36,9,fonti,,,MEF (10+11+12+13+14+15),2026,6175.0
cdp2022,36,10,fonti,7122,,Contributi in conto impianti per lo sviluppo e l'ammodernamento delle infrastrutture ferroviarie,2022,3150.0
cdp2022,36,10,fonti,7122,,Contributi in conto impianti per lo sviluppo e l'ammodernamento delle infrastrutture ferroviarie,2023,3828.0
cdp2022,36,10,fonti,7122,,Contributi in conto impianti per lo sviluppo e l'ammodernamento delle infrastrutture ferroviarie,2024,2036.0
cdp2022,36,10,fonti,7122,,Contributi in conto impianti per lo sviluppo e l'ammodernamento delle infrastrutture ferroviarie,2025,4430.0
cdp2022,36,10,fonti,7122,,Contributi in conto impianti per lo sviluppo e l'ammodernamento delle infrastrutture ferroviarie,2026,5157.0
cdp2022,36,10-1,fonti,,PG1,Contributi per lo sviluppo e l'ammodernamento delle infrastrutture ferroviarie,2022,430.0
cdp2022,36,10-1,fonti,,PG1,Contributi per lo sviluppo e l'ammodernamento delle infrastrutture ferroviarie,2023,40.0
cdp2022,36,10-1,fonti,,PG1,Contributi per lo sviluppo e l'ammodernamento delle infrastrutture ferroviarie,2024,131.0
cdp2022,36,10-1,fonti,,PG1,Contributi per lo sviluppo e l'ammodernamento delle infrastrutture ferroviarie,2025,
cdp2022,36,10-1,fonti,,PG1,Contributi per lo sviluppo e l'ammodernamento delle infrastrutture ferroviarie,2026,
cdp2022,36,10-2,fonti,,PG2,"Fondo Opere: rifinaziamento art.1 comma 84, LF 266/05",2022,1363.0
cdp2022,36,10-2,fonti,,PG2,"Fondo Opere: rifinaziamento art.1 comma 84, LF 266/05",2023,2262.0
cdp2022,36,10-2,fonti,,PG2,"Fondo Opere: rifinaziamento art.1 comma 84, LF 266/05",2024,257.0
cdp2022,36,10-2,fonti,,PG2,"Fondo Opere: rifinaziamento art.1 comma 84, LF 266/05",2025,2135.0
cdp2022,36,10-2,fonti,,PG2,"Fondo Opere: rifinaziamento art.1 comma 84, LF 266/05",2026,1598.0
cdp2022,36,10-3,fonti,,PG4,Infrastruttura nazionale ferroviaria (Dl 43/2013),2022,120.0
cdp2022,36,10-3,fonti,,PG4,Infrastruttura nazionale ferroviaria (Dl 43/2013),2023,120.0
cdp2022,36,10-3,fonti,,PG4,Infrastruttura nazionale ferroviaria (Dl 43/2013),2024,120.0
cdp2022,36,10-3,fonti,,PG4,Infrastruttura nazionale ferroviaria (Dl 43/2013),2025,
cdp2022,36,10-3,fonti,,PG4,Infrastruttura nazionale ferroviaria (Dl 43/2013),2026,
cdp2022,36,10-4,fonti,,PG6,Tratta Cancello - Frasso Telesino,2022,
cdp2022,36,10-4,fonti,,PG6,Tratta Cancello - Frasso Telesino,2023,40.0
cdp2022,36,10-4,fonti,,PG6,Tratta Cancello - Frasso Telesino,2024,
cdp2022,36,10-4,fonti,,PG6,Tratta Cancello - Frasso Telesino,2025,
cdp2022,36,10-4,fonti,,PG6,Tratta Cancello - Frasso Telesino,2026,
cdp2022,36,10-5,fonti,,PG7,"Brescia-Verona-Padova, Napoli-Bari",2022,310.0
cdp2022,36,10-5,fonti,,PG7,"Brescia-Verona-Padova, Napoli-Bari",2023,520.0
cdp2022,36,10-5,fonti,,PG7,"Brescia-Verona-Padova, Napoli-Bari",2024,570.0
cdp2022,36,10-5,fonti,,PG7,"Brescia-Verona-Padova, Napoli-Bari",2025,520.0
cdp2022,36,10-5,fonti,,PG7,"Brescia-Verona-Padova, Napoli-Bari",2026,470.0
cdp2022,36,10-6,fonti,,PG8,Adeguamento tracciato e velocizzazione asse ferroviario adriatico Bologna-Lecce,2022,
cdp2022,36,10-6,fonti,,PG8,Adeguamento tracciato e velocizzazione asse ferroviario adriatico Bologna-Lecce,2023,5.0
cdp2022,36,10-6,fonti,,PG8,Adeguamento tracciato e velocizzazione asse ferroviario adriatico Bologna-Lecce,2024,
cdp2022,36,10-6,fonti,,PG8,Adeguamento tracciato e velocizzazione asse ferroviario adriatico Bologna-Lecce,2025,
cdp2022,36,10-6,fonti,,PG8,Adeguamento tracciato e velocizzazione asse ferroviario adriatico Bologna-Lecce,2026,
cdp2022,36,10-7,fonti,,PG9,"Contributi in conto impianti da corrispondere a FS SpA per la nuova linea ferroviaria ""Ferrandina - Matera La Martella""",2022,142.0
cdp2022,36,10-7,fonti,,PG9,"Contributi in conto impianti da corrispondere a FS SpA per la nuova linea ferroviaria ""Ferrandina - Matera La Martella""",2023,68.0
cdp2022,36,10-7,fonti,,PG9,"Contributi in conto impianti da corrispondere a FS SpA per la nuova linea ferroviaria ""Ferrandina - Matera La Martella""",2024,
cdp2022,36,10-7,fonti,,PG9,"Contributi in conto impianti da corrispondere a FS SpA per la nuova linea ferroviaria ""Ferrandina - Matera La Martella""",2025,
cdp2022,36,10-7,fonti,,PG9,"Contributi in conto impianti da corrispondere a FS SpA per la nuova linea ferroviaria ""Ferrandina - Matera La Martella""",2026,
cdp2022,36,10-8,fonti,,PG10,Fondo ex art.1 comma 1072 della Legge di Bilancio 2018 (DPCM 2018),2022,
cdp2022,36,10-8,fonti,,PG10,Fondo ex art.1 comma 1072 della Legge di Bilancio 2018 (DPCM 2018),2023,
cdp2022,36,10-8,fonti,,PG10,Fondo ex art.1 comma 1072 della Legge di Bilancio 2018 (DPCM 2018),2024,
cdp2022,36,10-8,fonti,,PG10,Fondo ex art.1 comma 1072 della Legge di Bilancio 2018 (DPCM 2018),2025,190.0
cdp2022,36,10-8,fonti,,PG10,Fondo ex art.1 comma 1072 della Legge di Bilancio 2018 (DPCM 2018),2026,320.0
cdp2022,36,10-9,fonti,,PG11,Fondo ex art.1 commi 95-98 della Legge di Bilancio 2019,2022,539.0
cdp2022,36,10-9,fonti,,PG11,Fondo ex art.1 commi 95-98 della Legge di Bilancio 2019,2023,537.0
cdp2022,36,10-9,fonti,,PG11,Fondo ex art.1 commi 95-98 della Legge di Bilancio 2019,2024,544.0
cdp2022,36,10-9,fonti,,PG11,Fondo ex art.1 commi 95-98 della Legge di Bilancio 2019,2025,551.0
cdp2022,36,10-9,fonti,,PG11,Fondo ex art.1 commi 95-98 della Legge di Bilancio 2019,2026,530.0
cdp2022,36,10-10,fonti,,PG12,Fondo ex art.1 commi 14 della Legge di Bilancio 2020,2022,16.0
cdp2022,36,10-10,fonti,,PG12,Fondo ex art.1 commi 14 della Legge di Bilancio 2020,2023,6.0
cdp2022,36,10-10,fonti,,PG12,Fondo ex art.1 commi 14 della Legge di Bilancio 2020,2024,14.0
cdp2022,36,10-10,fonti,,PG12,Fondo ex art.1 commi 14 della Legge di Bilancio 2020,2025,94.0
cdp2022,36,10-10,fonti,,PG12,Fondo ex art.1 commi 14 della Legge di Bilancio 2020,2026,189.0
cdp2022,36,10-11,fonti,,PG13,AV Salerno-Reggio Calabria,2022,140.0
cdp2022,36,10-11,fonti,,PG13,AV Salerno-Reggio Calabria,2023,200.0
cdp2022,36,10-11,fonti,,PG13,AV Salerno-Reggio Calabria,2024,250.0
cdp2022,36,10-11,fonti,,PG13,AV Salerno-Reggio Calabria,2025,740.0
cdp2022,36,10-11,fonti,,PG13,AV Salerno-Reggio Calabria,2026,1800.0
cdp2022,36,10-12,fonti,,PG14,Legge 106 del 23/7/2021 (sisma cratere),2022,40.0
cdp2022,36,10-12,fonti,,PG14,Legge 106 del 23/7/2021 (sisma cratere),2023,
cdp2022,36,10-12,fonti,,PG14,Legge 106 del 23/7/2021 (sisma cratere),2024,
cdp2022,36,10-12,fonti,,PG14,Legge 106 del 23/7/2021 (sisma cratere),2025,
cdp2022,36,10-12,fonti,,PG14,Legge 106 del 23/7/2021 (sisma cratere),2026,
cdp2022,36,10-13,fonti,,PG15,AV Linea Adriatica (art.1 comma 394 LB 2022),2022,50.0
cdp2022,36,10-13,fonti,,PG15,AV Linea Adriatica (art.1 comma 394 LB 2022),2023,30.0
cdp2022,36,10-13,fonti,,PG15,AV Linea Adriatica (art.1 comma 394 LB 2022),2024,150.0
cdp2022,36,10-13,fonti,,PG15,AV Linea Adriatica (art.1 comma 394 LB 2022),2025,200.0
cdp2022,36,10-13,fonti,,PG15,AV Linea Adriatica (art.1 comma 394 LB 2022),2026,250.0
cdp2022,36,11,fonti,7493,,Riduzione tasso cofinanziamento nazionale,2022,127.0
cdp2022,36,11,fonti,7493,,Riduzione tasso cofinanziamento nazionale,2023,319.0
cdp2022,36,11,fonti,7493,,Riduzione tasso cofinanziamento nazionale,2024,243.0
cdp2022,36,11,fonti,7493,,Riduzione tasso cofinanziamento nazionale,2025,242.0
cdp2022,36,11,fonti,7493,,Riduzione tasso cofinanziamento nazionale,2026,218.0
cdp2022,36,12,fonti,8000,,Fondo Sviluppo e Coesione,2022,47.0
cdp2022,36,12,fonti,8000,,Fondo Sviluppo e Coesione,2023,192.0
cdp2022,36,12,fonti,8000,,Fondo Sviluppo e Coesione,2024,153.0
cdp2022,36,12,fonti,8000,,Fondo Sviluppo e Coesione,2025,87.0
cdp2022,36,12,fonti,8000,,Fondo Sviluppo e Coesione,2026,87.0
cdp2022,36,13,fonti,8000,,Fondo Sviluppo e Coesione 2014-2020,2022,193.0
cdp2022,36,13,fonti,8000,,Fondo Sviluppo e Coesione 2014-2020,2023,726.0
cdp2022,36,13,fonti,8000,,Fondo Sviluppo e Coesione 2014-2020,2024,1239.0
cdp2022,36,13,fonti,8000,,Fondo Sviluppo e Coesione 2014-2020,2025,1083.0
cdp2022,36,13,fonti,8000,,Fondo Sviluppo e Coesione 2014-2020,2026,549.0
cdp2022,36,14,fonti,8000,,Fondo Sviluppo e Coesione 2021-2027,2022,
cdp2022,36,14,fonti,8000,,Fondo Sviluppo e Coesione 2021-2027,2023,163.0
cdp2022,36,14,fonti,8000,,Fondo Sviluppo e Coesione 2021-2027,2024,163.0
cdp2022,36,14,fonti,8000,,Fondo Sviluppo e Coesione 2021-2027,2025,163.0
cdp2022,36,14,fonti,8000,,Fondo Sviluppo e Coesione 2021-2027,2026,163.0
cdp2022,36,15,fonti,8008,,DL 59/2021 - Fondo complementare PNRR per interventi nelle aree del terremoto del 2009 e 2016,2022,3.0
cdp2022,36,15,fonti,8008,,DL 59/2021 - Fondo complementare PNRR per interventi nelle aree del terremoto del 2009 e 2016,2023,
cdp2022,36,15,fonti,8008,,DL 59/2021 - Fondo complementare PNRR per interventi nelle aree del terremoto del 2009 e 2016,2024,16.0
cdp2022,36,15,fonti,8008,,DL 59/2021 - Fondo complementare PNRR per interventi nelle aree del terremoto del 2009 e 2016,2025,
cdp2022,36,15,fonti,8008,,DL 59/2021 - Fondo complementare PNRR per interventi nelle aree del terremoto del 2009 e 2016,2026,
cdp2022,36,16,fonti,,,"MIT, MIC (17+18+19+20+21+22+23+24+25+26+27+28+29)",2022,168.0
cdp2022,36,16,fonti,,,"MIT, MIC (17+18+19+20+21+22+23+24+25+26+27+28+29)",2023,120.0
cdp2022,36,16,fonti,,,"MIT, MIC (17+18+19+20+21+22+23+24+25+26+27+28+29)",2024,206.0
cdp2022,36,16,fonti,,,"MIT, MIC (17+18+19+20+21+22+23+24+25+26+27+28+29)",2025,58.0
cdp2022,36,16,fonti,,,"MIT, MIC (17+18+19+20+21+22+23+24+25+26+27+28+29)",2026,30.0
cdp2022,36,19,fonti,7518,,Fondo infrastrutture ferroviarie e stradali - Linea AV/AC 3^ Valico dei Giovi,2022,
cdp2022,36,19,fonti,7518,,Fondo infrastrutture ferroviarie e stradali - Linea AV/AC 3^ Valico dei Giovi,2023,
cdp2022,36,19,fonti,7518,,Fondo infrastrutture ferroviarie e stradali - Linea AV/AC 3^ Valico dei Giovi,2024,8.0
cdp2022,36,19,fonti,7518,,Fondo infrastrutture ferroviarie e stradali - Linea AV/AC 3^ Valico dei Giovi,2025,
cdp2022,36,19,fonti,7518,,Fondo infrastrutture ferroviarie e stradali - Linea AV/AC 3^ Valico dei Giovi,2026,
cdp2022,36,20,fonti,7528,,Decreto Legge 133/2014 - Sblocca Italia: Tunnel di Base del Brennero,2022,70.0
cdp2022,36,20,fonti,7528,,Decreto Legge 133/2014 - Sblocca Italia: Tunnel di Base del Brennero,2023,10.0
cdp2022,36,20,fonti,7528,,Decreto Legge 133/2014 - Sblocca Italia: Tunnel di Base del Brennero,2024,62.0
cdp2022,36,20,fonti,7528,,Decreto Legge 133/2014 - Sblocca Italia: Tunnel di Base del Brennero,2025,
cdp2022,36,20,fonti,7528,,Decreto Legge 133/2014 - Sblocca Italia: Tunnel di Base del Brennero,2026,
cdp2022,36,21,fonti,7549,,Decreto Legge 133/2014 - Sblocca Italia: Soppr. Passaggi a livello,2022,3.0
cdp2022,36,21,fonti,7549,,Decreto Legge 133/2014 - Sblocca Italia: Soppr. Passaggi a livello,2023,
cdp2022,36,21,fonti,7549,,Decreto Legge 133/2014 - Sblocca Italia: Soppr. Passaggi a livello,2024,
cdp2022,36,21,fonti,7549,,Decreto Legge 133/2014 - Sblocca Italia: Soppr. Passaggi a livello,2025,
cdp2022,36,21,fonti,7549,,Decreto Legge 133/2014 - Sblocca Italia: Soppr. Passaggi a livello,2026,
cdp2022,36,24,fonti,7564,,Decreto Legge 133/2014 - Sblocca Italia: Pistoia - Lucca Viareggio,2022,
cdp2022,36,24,fonti,7564,,Decreto Legge 133/2014 - Sblocca Italia: Pistoia - Lucca Viareggio,2023,10.0
cdp2022,36,24,fonti,7564,,Decreto Legge 133/2014 - Sblocca Italia: Pistoia - Lucca Viareggio,2024,18.0
cdp2022,36,24,fonti,7564,,Decreto Legge 133/2014 - Sblocca Italia: Pistoia - Lucca Viareggio,2025,
cdp2022,36,24,fonti,7564,,Decreto Legge 133/2014 - Sblocca Italia: Pistoia - Lucca Viareggio,2026,
cdp2022,36,25,fonti,7505,,,2022,10.0
cdp2022,36,25,fonti,7505,,,2023,30.0
cdp2022,36,25,fonti,7505,,,2024,30.0
cdp2022,36,25,fonti,7505,,,2025,
cdp2022,36,25,fonti,7505,,,2026,
cdp2022,36,26,fonti,7506,,,2022,35.0
cdp2022,36,26,fonti,7506,,,2023,30.0
cdp2022,36,26,fonti,7506,,,2024,20.0
cdp2022,36,26,fonti,7506,,,2025,
cdp2022,36,26,fonti,7506,,,2026,
cdp2022,36,27,fonti,8130,,,2022,30.0
cdp2022,36,27,fonti,8130,,,2023,30.0
cdp2022,36,27,fonti,8130,,,2024,38.0
cdp2022,36,27,fonti,8130,,,2025,38.0
cdp2022,36,27,fonti,8130,,,2026,30.0
cdp2022,36,28,fonti,7561,,Somme da destinare all'intervento Olimpiadi Invernali 2026 - interventi sulle infrastrutture ferroviarie,2022,20.0
cdp2022,36,28,fonti,7561,,Somme da destinare all'intervento Olimpiadi Invernali 2026 - interventi sulle infrastrutture ferroviarie,2023,10.0
cdp2022,36,28,fonti,7561,,Somme da destinare all'intervento Olimpiadi Invernali 2026 - interventi sulle infrastrutture ferroviarie,2024,30.0
cdp2022,36,28,fonti,7561,,Somme da destinare all'intervento Olimpiadi Invernali 2026 - interventi sulle infrastrutture ferroviarie,2025,20.0
cdp2022,36,28,fonti,7561,,Somme da destinare all'intervento Olimpiadi Invernali 2026 - interventi sulle infrastrutture ferroviarie,2026,
cdp2022,36,29,fonti,,,RISORSE UE (30+31+32+33+34),2022,3401.0
cdp2022,36,29,fonti,,,RISORSE UE (30+31+32+33+34),2023,4279.0
cdp2022,36,29,fonti,,,RISORSE UE (30+31+32+33+34),2024,3101.0
cdp2022,36,29,fonti,,,RISORSE UE (30+31+32+33+34),2025,2718.0
cdp2022,36,29,fonti,,,RISORSE UE (30+31+32+33+34),2026,3154.0
cdp2022,36,30,fonti,,,RISORSE PON- FESR,2022,249.0
cdp2022,36,30,fonti,,,RISORSE PON- FESR,2023,232.0
cdp2022,36,30,fonti,,,RISORSE PON- FESR,2024,214.0
cdp2022,36,30,fonti,,,RISORSE PON- FESR,2025,150.0
cdp2022,36,30,fonti,,,RISORSE PON- FESR,2026,100.0
cdp2022,36,31,fonti,,,RISORSE TEN-T (subordinati al reperimento della corrispondente quota nazionale),2022,100.0
cdp2022,36,31,fonti,,,RISORSE TEN-T (subordinati al reperimento della corrispondente quota nazionale),2023,142.0
cdp2022,36,31,fonti,,,RISORSE TEN-T (subordinati al reperimento della corrispondente quota nazionale),2024,142.0
cdp2022,36,31,fonti,,,RISORSE TEN-T (subordinati al reperimento della corrispondente quota nazionale),2025,117.0
cdp2022,36,31,fonti,,,RISORSE TEN-T (subordinati al reperimento della corrispondente quota nazionale),2026,68.0
cdp2022,36,32,fonti,,,RISORSE PNRR - M3C1,2022,1652.0
cdp2022,36,32,fonti,,,RISORSE PNRR - M3C1,2023,3533.0
cdp2022,36,32,fonti,,,RISORSE PNRR - M3C1,2024,2308.0
cdp2022,36,32,fonti,,,RISORSE PNRR - M3C1,2025,2249.0
cdp2022,36,32,fonti,,,RISORSE PNRR - M3C1,2026,2909.0
cdp2022,36,33,fonti,,,RISORSE PNRR - M3C1 GAP FINANZIARIO SU PROGETTI IN ESSERE,2022,1396.0
cdp2022,36,33,fonti,,,RISORSE PNRR - M3C1 GAP FINANZIARIO SU PROGETTI IN ESSERE,2023,357.0
cdp2022,36,33,fonti,,,RISORSE PNRR - M3C1 GAP FINANZIARIO SU PROGETTI IN ESSERE,2024,415.0
cdp2022,36,33,fonti,,,RISORSE PNRR - M3C1 GAP FINANZIARIO SU PROGETTI IN ESSERE,2025,175.0
cdp2022,36,33,fonti,,,RISORSE PNRR - M3C1 GAP FINANZIARIO SU PROGETTI IN ESSERE,2026,49.0
cdp2022,36,34,fonti,,,RISORSE PNRR - M3C2 - ZES,2022,4.0
cdp2022,36,34,fonti,,,RISORSE PNRR - M3C2 - ZES,2023,15.0
cdp2022,36,34,fonti,,,RISORSE PNRR - M3C2 - ZES,2024,22.0
cdp2022,36,34,fonti,,,RISORSE PNRR - M3C2 - ZES,2025,26.0
cdp2022,36,34,fonti,,,RISORSE PNRR - M3C2 - ZES,2026,28.0
cdp2022,36,35,fonti,,,RISORSE DA EE.LL. e ALTRO (36+37),2022,371.0
cdp2022,36,35,fonti,,,RISORSE DA EE.LL. e ALTRO (36+37),2023,178.0
cdp2022,36,35,fonti,,,RISORSE DA EE.LL. e ALTRO (36+37),2024,197.0
cdp2022,36,35,fonti,,,RISORSE DA EE.LL. e ALTRO (36+37),2025,225.0
cdp2022,36,35,fonti,,,RISORSE DA EE.LL. e ALTRO (36+37),2026,238.0
cdp2022,36,36,fonti,,,"RISORSE da altre Fonti (altre operazioni finanziarie, Terzi)",2022,96.0
cdp2022,36,36,fonti,,,"RISORSE da altre Fonti (altre operazioni finanziarie, Terzi)",2023,96.0
cdp2022,36,36,fonti,,,"RISORSE da altre Fonti (altre operazioni finanziarie, Terzi)",2024,96.0
cdp2022,36,36,fonti,,,"RISORSE da altre Fonti (altre operazioni finanziarie, Terzi)",2025,96.0
cdp2022,36,36,fonti,,,"RISORSE da altre Fonti (altre operazioni finanziarie, Terzi)",2026,96.0
cdp2022,36,37,fonti,,,RISORSE da altre fonti finanziarie AV/AC,2022,275.0
cdp2022,36,37,fonti,,,RISORSE da altre fonti finanziarie AV/AC,2023,82.0
cdp2022,36,37,fonti,,,RISORSE da altre fonti finanziarie AV/AC,2024,101.0
cdp2022,36,37,fonti,,,RISORSE da altre fonti finanziarie AV/AC,2025,129.0
cdp2022,36,37,fonti,,,RISORSE da altre fonti finanziarie AV/AC,2026,142.0
cdp2022,36,38,fonti,,,TOTALE FONTI CdP-I (8+29+35),2022,7460.0
cdp2022,36,38,fonti,,,TOTALE FONTI CdP-I (8+29+35),2023,9819.0
cdp2022,36,38,fonti,,,TOTALE FONTI CdP-I (8+29+35),2024,7354.0
cdp2022,36,38,fonti,,,TOTALE FONTI CdP-I (8+29+35),2025,9006.0
cdp2022,36,38,fonti,,,TOTALE FONTI CdP-I (8+29+35),2026,9596.0
agg2024,32,1,impieghi,,,RETE CONVENZIONALE/ALTA CAPACITA',2022,3285.0
agg2024,32,1,impieghi,,,RETE CONVENZIONALE/ALTA CAPACITA',2023,3868.0
agg2024,32,1,impieghi,,,RETE CONVENZIONALE/ALTA CAPACITA',2024,5395.0
agg2024,32,1,impieghi,,,RETE CONVENZIONALE/ALTA CAPACITA',2025,8687.0
agg2024,32,1,impieghi,,,RETE CONVENZIONALE/ALTA CAPACITA',2026,9191.0
agg2024,32,2,impieghi,,,RETE AV/AC TO-MI-NA,2022,98.0
agg2024,32,2,impieghi,,,RETE AV/AC TO-MI-NA,2023,70.0
agg2024,32,2,impieghi,,,RETE AV/AC TO-MI-NA,2024,134.0
agg2024,32,2,impieghi,,,RETE AV/AC TO-MI-NA,2025,81.0
agg2024,32,2,impieghi,,,RETE AV/AC TO-MI-NA,2026,321.0
agg2024,32,3,impieghi,,,TOTALE TAB. A - SEZIONE 1 - OPERE IN CORSO,2022,3383.0
agg2024,32,3,impieghi,,,TOTALE TAB. A - SEZIONE 1 - OPERE IN CORSO,2023,3938.0
agg2024,32,3,impieghi,,,TOTALE TAB. A - SEZIONE 1 - OPERE IN CORSO,2024,5529.0
agg2024,32,3,impieghi,,,TOTALE TAB. A - SEZIONE 1 - OPERE IN CORSO,2025,8968.0
agg2024,32,3,impieghi,,,TOTALE TAB. A - SEZIONE 1 - OPERE IN CORSO,2026,9512.0
agg2024,32,4,impieghi,,,"TOTALE TAB.B: ""LOTTI COSTRUTTIVI"" (QUOTA FINANZIATA)",2022,1219.0
agg2024,32,4,impieghi,,,"TOTALE TAB.B: ""LOTTI COSTRUTTIVI"" (QUOTA FINANZIATA)",2023,1510.0
agg2024,32,4,impieghi,,,"TOTALE TAB.B: ""LOTTI COSTRUTTIVI"" (QUOTA FINANZIATA)",2024,1677.0
agg2024,32,4,impieghi,,,"TOTALE TAB.B: ""LOTTI COSTRUTTIVI"" (QUOTA FINANZIATA)",2025,1415.0
agg2024,32,4,impieghi,,,"TOTALE TAB.B: ""LOTTI COSTRUTTIVI"" (QUOTA FINANZIATA)",2026,1129.0
agg2024,32,5,impieghi,,,TOTALE IMPIEGHI CdP-I,2022,4602.0
agg2024,32,5,impieghi,,,TOTALE IMPIEGHI CdP-I,2023,5448.0
agg2024,32,5,impieghi,,,TOTALE IMPIEGHI CdP-I,2024,7206.0
agg2024,32,5,impieghi,,,TOTALE IMPIEGHI CdP-I,2025,10383.0
agg2024,32,5,impieghi,,,TOTALE IMPIEGHI CdP-I,2026,10641.0
agg2024,32,6,impieghi,,,(*) SALDO ANTICIPI/RECUPERI AI FORNITORI,2022,101.0
agg2024,32,6,impieghi,,,(*) SALDO ANTICIPI/RECUPERI AI FORNITORI,2023,2666.0
agg2024,32,6,impieghi,,,(*) SALDO ANTICIPI/RECUPERI AI FORNITORI,2024,557.0
agg2024,32,6,impieghi,,,(*) SALDO ANTICIPI/RECUPERI AI FORNITORI,2025,-748.0
agg2024,32,6,impieghi,,,(*) SALDO ANTICIPI/RECUPERI AI FORNITORI,2026,
agg2024,32,7,impieghi,,,TOTALE GENERALE,2022,4703.0
agg2024,32,7,impieghi,,,TOTALE GENERALE,2023,8114.0
agg2024,32,7,impieghi,,,TOTALE GENERALE,2024,7763.0
agg2024,32,7,impieghi,,,TOTALE GENERALE,2025,9635.0
agg2024,32,7,impieghi,,,TOTALE GENERALE,2026,10641.0
agg2024,32,8,fonti,,,RISORSE DA STATO (9+15),2022,4833.0
agg2024,32,8,fonti,,,RISORSE DA STATO (9+15),2023,3295.0
agg2024,32,8,fonti,,,RISORSE DA STATO (9+15),2024,3497.0
agg2024,32,8,fonti,,,RISORSE DA STATO (9+15),2025,6718.0
agg2024,32,8,fonti,,,RISORSE DA STATO (9+15),2026,6152.0
agg2024,32,9,fonti,,,MEF (10+11+12+13+14),2022,4748.0
agg2024,32,9,fonti,,,MEF (10+11+12+13+14),2023,2965.0
agg2024,32,9,fonti,,,MEF (10+11+12+13+14),2024,3348.0
agg2024,32,9,fonti,,,MEF (10+11+12+13+14),2025,5129.0
agg2024,32,9,fonti,,,MEF (10+11+12+13+14),2026,3940.0
agg2024,32,10,fonti,7122,,Contributi in conto impianti per lo sviluppo e l'ammodernamento delle infrastrutture ferroviarie,2022,4360.0
agg2024,32,10,fonti,7122,,Contributi in conto impianti per lo sviluppo e l'ammodernamento delle infrastrutture ferroviarie,2023,2761.0
agg2024,32,10,fonti,7122,,Contributi in conto impianti per lo sviluppo e l'ammodernamento delle infrastrutture ferroviarie,2024,3084.0
agg2024,32,10,fonti,7122,,Contributi in conto impianti per lo sviluppo e l'ammodernamento delle infrastrutture ferroviarie,2025,4280.0
agg2024,32,10,fonti,7122,,Contributi in conto impianti per lo sviluppo e l'ammodernamento delle infrastrutture ferroviarie,2026,2412.0
agg2024,32,10-1,fonti,,PG1,Contributi per lo sviluppo e l'ammodernamento delle infrastrutture ferroviarie,2022,35.0
agg2024,32,10-1,fonti,,PG1,Contributi per lo sviluppo e l'ammodernamento delle infrastrutture ferroviarie,2023,128.0
agg2024,32,10-1,fonti,,PG1,Contributi per lo sviluppo e l'ammodernamento delle infrastrutture ferroviarie,2024,450.0
agg2024,32,10-1,fonti,,PG1,Contributi per lo sviluppo e l'ammodernamento delle infrastrutture ferroviarie,2025,
agg2024,32,10-1,fonti,,PG1,Contributi per lo sviluppo e l'ammodernamento delle infrastrutture ferroviarie,2026,
agg2024,32,10-2,fonti,,PG2,"Fondo Opere: rifinaziamento art.1 comma 84, LF 266/05",2022,2775.0
agg2024,32,10-2,fonti,,PG2,"Fondo Opere: rifinaziamento art.1 comma 84, LF 266/05",2023,1422.0
agg2024,32,10-2,fonti,,PG2,"Fondo Opere: rifinaziamento art.1 comma 84, LF 266/05",2024,207.0
agg2024,32,10-2,fonti,,PG2,"Fondo Opere: rifinaziamento art.1 comma 84, LF 266/05",2025,1985.0
agg2024,32,10-2,fonti,,PG2,"Fondo Opere: rifinaziamento art.1 comma 84, LF 266/05",2026,1648.0
agg2024,32,10-3,fonti,,PG4,Infrastruttura nazionale ferroviaria (Dl 43/2013),2022,120.0
agg2024,32,10-3,fonti,,PG4,Infrastruttura nazionale ferroviaria (Dl 43/2013),2023,83.0
agg2024,32,10-3,fonti,,PG4,Infrastruttura nazionale ferroviaria (Dl 43/2013),2024,120.0
agg2024,32,10-3,fonti,,PG4,Infrastruttura nazionale ferroviaria (Dl 43/2013),2025,
agg2024,32,10-3,fonti,,PG4,Infrastruttura nazionale ferroviaria (Dl 43/2013),2026,
agg2024,32,10-4,fonti,,PG6,Tratta Cancello - Frasso Telesino,2022,
agg2024,32,10-4,fonti,,PG6,Tratta Cancello - Frasso Telesino,2023,40.0
agg2024,32,10-4,fonti,,PG6,Tratta Cancello - Frasso Telesino,2024,
agg2024,32,10-4,fonti,,PG6,Tratta Cancello - Frasso Telesino,2025,
agg2024,32,10-4,fonti,,PG6,Tratta Cancello - Frasso Telesino,2026,
agg2024,32,10-5,fonti,,PG7,"Brescia-Verona-Padova, Napoli-Bari",2022,375.0
agg2024,32,10-5,fonti,,PG7,"Brescia-Verona-Padova, Napoli-Bari",2023,435.0
agg2024,32,10-5,fonti,,PG7,"Brescia-Verona-Padova, Napoli-Bari",2024,620.0
agg2024,32,10-5,fonti,,PG7,"Brescia-Verona-Padova, Napoli-Bari",2025,470.0
agg2024,32,10-5,fonti,,PG7,"Brescia-Verona-Padova, Napoli-Bari",2026,470.0
agg2024,32,10-6,fonti,,PG8,Adeguamento tracciato e velocizzazione asse ferroviario adriatico Bologna-Lecce,2022,
agg2024,32,10-6,fonti,,PG8,Adeguamento tracciato e velocizzazione asse ferroviario adriatico Bologna-Lecce,2023,5.0
agg2024,32,10-6,fonti,,PG8,Adeguamento tracciato e velocizzazione asse ferroviario adriatico Bologna-Lecce,2024,
agg2024,32,10-6,fonti,,PG8,Adeguamento tracciato e velocizzazione asse ferroviario adriatico Bologna-Lecce,2025,
agg2024,32,10-6,fonti,,PG8,Adeguamento tracciato e velocizzazione asse ferroviario adriatico Bologna-Lecce,2026,
agg2024,32,10-7,fonti,,PG9,"Contributi in conto impianti da corrispondere a FS SpA per la nuova linea ferroviaria ""Ferrandina - Matera La",2022,
agg2024,32,10-7,fonti,,PG9,"Contributi in conto impianti da corrispondere a FS SpA per la nuova linea ferroviaria ""Ferrandina - Matera La",2023,60.0
agg2024,32,10-7,fonti,,PG9,"Contributi in conto impianti da corrispondere a FS SpA per la nuova linea ferroviaria ""Ferrandina - Matera La",2024,100.0
agg2024,32,10-7,fonti,,PG9,"Contributi in conto impianti da corrispondere a FS SpA per la nuova linea ferroviaria ""Ferrandina - Matera La",2025,
agg2024,32,10-7,fonti,,PG9,"Contributi in conto impianti da corrispondere a FS SpA per la nuova linea ferroviaria ""Ferrandina - Matera La",2026,
agg2024,32,10-8,fonti,,PG10,Fondo ex art.1 comma 1072 della Legge di Bilancio 2018 (DPCM 2018),2022,
agg2024,32,10-8,fonti,,PG10,Fondo ex art.1 comma 1072 della Legge di Bilancio 2018 (DPCM 2018),2023,
agg2024,32,10-8,fonti,,PG10,Fondo ex art.1 comma 1072 della Legge di Bilancio 2018 (DPCM 2018),2024,
agg2024,32,10-8,fonti,,PG10,Fondo ex art.1 comma 1072 della Legge di Bilancio 2018 (DPCM 2018),2025,540.0
agg2024,32,10-8,fonti,,PG10,Fondo ex art.1 comma 1072 della Legge di Bilancio 2018 (DPCM 2018),2026,
agg2024,32,10-9,fonti,,PG11,Fondo ex art.1 commi 95-98 della Legge di Bilancio 2019,2022,1039.0
agg2024,32,10-9,fonti,,PG11,Fondo ex art.1 commi 95-98 della Legge di Bilancio 2019,2023,537.0
agg2024,32,10-9,fonti,,PG11,Fondo ex art.1 commi 95-98 della Legge di Bilancio 2019,2024,543.0
agg2024,32,10-9,fonti,,PG11,Fondo ex art.1 commi 95-98 della Legge di Bilancio 2019,2025,551.0
agg2024,32,10-9,fonti,,PG11,Fondo ex art.1 commi 95-98 della Legge di Bilancio 2019,2026,
agg2024,32,10-10,fonti,,PG12,Fondo ex art.1 commi 14 della Legge di Bilancio 2020,2022,16.0
agg2024,32,10-10,fonti,,PG12,Fondo ex art.1 commi 14 della Legge di Bilancio 2020,2023,6.0
agg2024,32,10-10,fonti,,PG12,Fondo ex art.1 commi 14 della Legge di Bilancio 2020,2024,314.0
agg2024,32,10-10,fonti,,PG12,Fondo ex art.1 commi 14 della Legge di Bilancio 2020,2025,94.0
agg2024,32,10-10,fonti,,PG12,Fondo ex art.1 commi 14 della Legge di Bilancio 2020,2026,
agg2024,32,10-11,fonti,,PG13,AV SALERNO-REGGIO CALABRIA,2022,
agg2024,32,10-11,fonti,,PG13,AV SALERNO-REGGIO CALABRIA,2023,44.0
agg2024,32,10-11,fonti,,PG13,AV SALERNO-REGGIO CALABRIA,2024,650.0
agg2024,32,10-11,fonti,,PG13,AV SALERNO-REGGIO CALABRIA,2025,640.0
agg2024,32,10-11,fonti,,PG13,AV SALERNO-REGGIO CALABRIA,2026,39.0
agg2024,32,10-13,fonti,,PG15,AV LINEA ADRIATICA,2022,
agg2024,32,10-13,fonti,,PG15,AV LINEA ADRIATICA,2023,
agg2024,32,10-13,fonti,,PG15,AV LINEA ADRIATICA,2024,80.0
agg2024,32,10-13,fonti,,PG15,AV LINEA ADRIATICA,2025,
agg2024,32,10-13,fonti,,PG15,AV LINEA ADRIATICA,2026,250.0
agg2024,32,11,fonti,7493,,Riduzione tasso cofinanziamento nazionale,2022,64.0
agg2024,32,11,fonti,7493,,Riduzione tasso cofinanziamento nazionale,2023,31.0
agg2024,32,11,fonti,7493,,Riduzione tasso cofinanziamento nazionale,2024,21.0
agg2024,32,11,fonti,7493,,Riduzione tasso cofinanziamento nazionale,2025,242.0
agg2024,32,11,fonti,7493,,Riduzione tasso cofinanziamento nazionale,2026,218.0
agg2024,32,12,fonti,8000,,Fondo Sviluppo e Coesione,2022,38.0
agg2024,32,12,fonti,8000,,Fondo Sviluppo e Coesione,2023,19.0
agg2024,32,12,fonti,8000,,Fondo Sviluppo e Coesione,2024,22.0
agg2024,32,12,fonti,8000,,Fondo Sviluppo e Coesione,2025,184.0
agg2024,32,12,fonti,8000,,Fondo Sviluppo e Coesione,2026,80.0
agg2024,32,13,fonti,8000,,Fondo Sviluppo e Coesione 2014-2020,2022,286.0
agg2024,32,13,fonti,8000,,Fondo Sviluppo e Coesione 2014-2020,2023,154.0
agg2024,32,13,fonti,8000,,Fondo Sviluppo e Coesione 2014-2020,2024,207.0
agg2024,32,13,fonti,8000,,Fondo Sviluppo e Coesione 2014-2020,2025,393.0
agg2024,32,13,fonti,8000,,Fondo Sviluppo e Coesione 2014-2020,2026,1200.0
agg2024,32,14,fonti,8000,,Fondo Sviluppo e Coesione 2021-2027,2022,
agg2024,32,14,fonti,8000,,Fondo Sviluppo e Coesione 2021-2027,2023,
agg2024,32,14,fonti,8000,,Fondo Sviluppo e Coesione 2021-2027,2024,
agg2024,32,14,fonti,8000,,Fondo Sviluppo e Coesione 2021-2027,2025,30.0
agg2024,32,14,fonti,8000,,Fondo Sviluppo e Coesione 2021-2027,2026,30.0
agg2024,32,15,fonti,,,MIT (16+17+18+19+20+21+22+23+24+25+26+27+28+29),2022,85.0
agg2024,32,15,fonti,,,MIT (16+17+18+19+20+21+22+23+24+25+26+27+28+29),2023,330.0
agg2024,32,15,fonti,,,MIT (16+17+18+19+20+21+22+23+24+25+26+27+28+29),2024,149.0
agg2024,32,15,fonti,,,MIT (16+17+18+19+20+21+22+23+24+25+26+27+28+29),2025,1589.0
agg2024,32,15,fonti,,,MIT (16+17+18+19+20+21+22+23+24+25+26+27+28+29),2026,2212.0
agg2024,32,16,fonti,7060,,Legge Obiettivo,2022,
agg2024,32,16,fonti,7060,,Legge Obiettivo,2023,
agg2024,32,16,fonti,7060,,Legge Obiettivo,2024,
agg2024,32,16,fonti,7060,,Legge Obiettivo,2025,75.0
agg2024,32,16,fonti,7060,,Legge Obiettivo,2026,150.0
agg2024,32,17,fonti,7515,,Fondo infrastrutture ferroviarie e stradali - Linea AV/AC Treviglio-Brescia,2022,11.0
agg2024,32,17,fonti,7515,,Fondo infrastrutture ferroviarie e stradali - Linea AV/AC Treviglio-Brescia,2023,
agg2024,32,17,fonti,7515,,Fondo infrastrutture ferroviarie e stradali - Linea AV/AC Treviglio-Brescia,2024,
agg2024,32,17,fonti,7515,,Fondo infrastrutture ferroviarie e stradali - Linea AV/AC Treviglio-Brescia,2025,
agg2024,32,17,fonti,7515,,Fondo infrastrutture ferroviarie e stradali - Linea AV/AC Treviglio-Brescia,2026,
agg2024,32,18,fonti,7518,,Fondo infrastrutture ferroviarie e stradali - Linea AV/AC 3^ Valico dei Giovi,2022,
agg2024,32,18,fonti,7518,,Fondo infrastrutture ferroviarie e stradali - Linea AV/AC 3^ Valico dei Giovi,2023,9.0
agg2024,32,18,fonti,7518,,Fondo infrastrutture ferroviarie e stradali - Linea AV/AC 3^ Valico dei Giovi,2024,
agg2024,32,18,fonti,7518,,Fondo infrastrutture ferroviarie e stradali - Linea AV/AC 3^ Valico dei Giovi,2025,50.0
agg2024,32,18,fonti,7518,,Fondo infrastrutture ferroviarie e stradali - Linea AV/AC 3^ Valico dei Giovi,2026,150.0
agg2024,32,20,fonti,7528,,DL Sblocca Italia Tunnel di Base del Brennero,2022,55.0
agg2024,32,20,fonti,7528,,DL Sblocca Italia Tunnel di Base del Brennero,2023,28.0
agg2024,32,20,fonti,7528,,DL Sblocca Italia Tunnel di Base del Brennero,2024,60.0
agg2024,32,20,fonti,7528,,DL Sblocca Italia Tunnel di Base del Brennero,2025,36.0
agg2024,32,20,fonti,7528,,DL Sblocca Italia Tunnel di Base del Brennero,2026,
agg2024,32,21,fonti,7549,,"Decreto Legge 133/2014 - Sblocca Italia, Soppr. Passaggi a livello",2022,
agg2024,32,21,fonti,7549,,"Decreto Legge 133/2014 - Sblocca Italia, Soppr. Passaggi a livello",2023,3.0
agg2024,32,21,fonti,7549,,"Decreto Legge 133/2014 - Sblocca Italia, Soppr. Passaggi a livello",2024,
agg2024,32,21,fonti,7549,,"Decreto Legge 133/2014 - Sblocca Italia, Soppr. Passaggi a livello",2025,
agg2024,32,21,fonti,7549,,"Decreto Legge 133/2014 - Sblocca Italia, Soppr. Passaggi a livello",2026,
agg2024,32,22,fonti,7540,,Decreto Legge 69/2013 - Legge stabilità 2014 -Interventi di miglioramento rete ferroviaria,2022,
agg2024,32,22,fonti,7540,,Decreto Legge 69/2013 - Legge stabilità 2014 -Interventi di miglioramento rete ferroviaria,2023,
agg2024,32,22,fonti,7540,,Decreto Legge 69/2013 - Legge stabilità 2014 -Interventi di miglioramento rete ferroviaria,2024,20.0
agg2024,32,22,fonti,7540,,Decreto Legge 69/2013 - Legge stabilità 2014 -Interventi di miglioramento rete ferroviaria,2025,
agg2024,32,22,fonti,7540,,Decreto Legge 69/2013 - Legge stabilità 2014 -Interventi di miglioramento rete ferroviaria,2026,
agg2024,32,23,fonti,1274,,Contributi Legge 190/2014 (art. 1 comma 294),2022,
agg2024,32,23,fonti,1274,,Contributi Legge 190/2014 (art. 1 comma 294),2023,
agg2024,32,23,fonti,1274,,Contributi Legge 190/2014 (art. 1 comma 294),2024,
agg2024,32,23,fonti,1274,,Contributi Legge 190/2014 (art. 1 comma 294),2025,
agg2024,32,23,fonti,1274,,Contributi Legge 190/2014 (art. 1 comma 294),2026,48.0
agg2024,32,25,fonti,7505,,"DL 59/2021 - RISORSE PER IL RINNOVO FLOTTE, BUS, TRENI E NAVI VERDI - RINNOVO O ACQUISTO,",2022,
agg2024,32,25,fonti,7505,,"DL 59/2021 - RISORSE PER IL RINNOVO FLOTTE, BUS, TRENI E NAVI VERDI - RINNOVO O ACQUISTO,",2023,
agg2024,32,25,fonti,7505,,"DL 59/2021 - RISORSE PER IL RINNOVO FLOTTE, BUS, TRENI E NAVI VERDI - RINNOVO O ACQUISTO,",2024,
agg2024,32,25,fonti,7505,,"DL 59/2021 - RISORSE PER IL RINNOVO FLOTTE, BUS, TRENI E NAVI VERDI - RINNOVO O ACQUISTO,",2025,20.0
agg2024,32,25,fonti,7505,,"DL 59/2021 - RISORSE PER IL RINNOVO FLOTTE, BUS, TRENI E NAVI VERDI - RINNOVO O ACQUISTO,",2026,37.0
agg2024,32,26,fonti,7506,,DL 59/2021 - RISORSE PER IL RINNOVO DEL MATERIALE ROTABILE E INFRASTRUTTURE PER IL,2022,
agg2024,32,26,fonti,7506,,DL 59/2021 - RISORSE PER IL RINNOVO DEL MATERIALE ROTABILE E INFRASTRUTTURE PER IL,2023,
agg2024,32,26,fonti,7506,,DL 59/2021 - RISORSE PER IL RINNOVO DEL MATERIALE ROTABILE E INFRASTRUTTURE PER IL,2024,
agg2024,32,26,fonti,7506,,DL 59/2021 - RISORSE PER IL RINNOVO DEL MATERIALE ROTABILE E INFRASTRUTTURE PER IL,2025,10.0
agg2024,32,26,fonti,7506,,DL 59/2021 - RISORSE PER IL RINNOVO DEL MATERIALE ROTABILE E INFRASTRUTTURE PER IL,2026,10.0
agg2024,32,27,fonti,8130,,DL 59/2021 - FERROVIE TURISTICHE,2022,
agg2024,32,27,fonti,8130,,DL 59/2021 - FERROVIE TURISTICHE,2023,17.0
agg2024,32,27,fonti,8130,,DL 59/2021 - FERROVIE TURISTICHE,2024,69.0
agg2024,32,27,fonti,8130,,DL 59/2021 - FERROVIE TURISTICHE,2025,49.0
agg2024,32,27,fonti,8130,,DL 59/2021 - FERROVIE TURISTICHE,2026,31.0
agg2024,32,28,fonti,7561,,Somme da destinare all'intervento Olimpiadi Invernali 2026 - interventi sulle infrastrutture ferroviarie,2022,
agg2024,32,28,fonti,7561,,Somme da destinare all'intervento Olimpiadi Invernali 2026 - interventi sulle infrastrutture ferroviarie,2023,
agg2024,32,28,fonti,7561,,Somme da destinare all'intervento Olimpiadi Invernali 2026 - interventi sulle infrastrutture ferroviarie,2024,
agg2024,32,28,fonti,7561,,Somme da destinare all'intervento Olimpiadi Invernali 2026 - interventi sulle infrastrutture ferroviarie,2025,40.0
agg2024,32,28,fonti,7561,,Somme da destinare all'intervento Olimpiadi Invernali 2026 - interventi sulle infrastrutture ferroviarie,2026,40.0
agg2024,32,29,fonti,7006,,Risorse per il rinnovo del materiale,2022,5.0
agg2024,32,29,fonti,7006,,Risorse per il rinnovo del materiale,2023,38.0
agg2024,32,29,fonti,7006,,Risorse per il rinnovo del materiale,2024,
agg2024,32,29,fonti,7006,,Risorse per il rinnovo del materiale,2025,
agg2024,32,29,fonti,7006,,Risorse per il rinnovo del materiale,2026,
agg2024,32,30,fonti,7007,,Fondo per la prosecuzione Opere pubbliche,2022,15.0
agg2024,32,30,fonti,7007,,Fondo per la prosecuzione Opere pubbliche,2023,236.0
agg2024,32,30,fonti,7007,,Fondo per la prosecuzione Opere pubbliche,2024,
agg2024,32,30,fonti,7007,,Fondo per la prosecuzione Opere pubbliche,2025,1259.0
agg2024,32,30,fonti,7007,,Fondo per la prosecuzione Opere pubbliche,2026,1713.0
agg2024,32,31,fonti,7552,,Chiasso-Monza,2022,
agg2024,32,31,fonti,7552,,Chiasso-Monza,2023,
agg2024,32,31,fonti,7552,,Chiasso-Monza,2024,
agg2024,32,31,fonti,7552,,Chiasso-Monza,2025,26.0
agg2024,32,31,fonti,7552,,Chiasso-Monza,2026,26.0
agg2024,32,29,fonti,,,xxx Commissario Straordinario per il Sisma,2022,
agg2024,32,29,fonti,,,xxx Commissario Straordinario per il Sisma,2023,
agg2024,32,29,fonti,,,xxx Commissario Straordinario per il Sisma,2024,
agg2024,32,29,fonti,,,xxx Commissario Straordinario per il Sisma,2025,24.0
agg2024,32,29,fonti,,,xxx Commissario Straordinario per il Sisma,2026,8.0
agg2024,32,30,fonti,,,RISORSE UE (31+32+33+34),2022,1538.0
agg2024,32,30,fonti,,,RISORSE UE (31+32+33+34),2023,197.0
agg2024,32,30,fonti,,,RISORSE UE (31+32+33+34),2024,4200.0
agg2024,32,30,fonti,,,RISORSE UE (31+32+33+34),2025,4689.0
agg2024,32,30,fonti,,,RISORSE UE (31+32+33+34),2026,3671.0
agg2024,32,31,fonti,,,RISORSE PON- FESR,2022,152.0
agg2024,32,31,fonti,,,RISORSE PON- FESR,2023,54.0
agg2024,32,31,fonti,,,RISORSE PON- FESR,2024,425.0
agg2024,32,31,fonti,,,RISORSE PON- FESR,2025,
agg2024,32,31,fonti,,,RISORSE PON- FESR,2026,88.0
agg2024,32,32,fonti,,,RISORSE TEN-T (subordinati al reperimento della corrispondente quota nazionale),2022,130.0
agg2024,32,32,fonti,,,RISORSE TEN-T (subordinati al reperimento della corrispondente quota nazionale),2023,143.0
agg2024,32,32,fonti,,,RISORSE TEN-T (subordinati al reperimento della corrispondente quota nazionale),2024,22.0
agg2024,32,32,fonti,,,RISORSE TEN-T (subordinati al reperimento della corrispondente quota nazionale),2025,316.0
agg2024,32,32,fonti,,,RISORSE TEN-T (subordinati al reperimento della corrispondente quota nazionale),2026,124.0
agg2024,32,33,fonti,,,RISORSE PNRR - M3C1,2022,1255.0
agg2024,32,33,fonti,,,RISORSE PNRR - M3C1,2023,
agg2024,32,33,fonti,,,RISORSE PNRR - M3C1,2024,3732.0
agg2024,32,33,fonti,,,RISORSE PNRR - M3C1,2025,4354.0
agg2024,32,33,fonti,,,RISORSE PNRR - M3C1,2026,3436.0
agg2024,32,34,fonti,,,RISORSE PNRR - M3C2 - ZES,2022,
agg2024,32,34,fonti,,,RISORSE PNRR - M3C2 - ZES,2023,
agg2024,32,34,fonti,,,RISORSE PNRR - M3C2 - ZES,2024,21.0
agg2024,32,34,fonti,,,RISORSE PNRR - M3C2 - ZES,2025,19.0
agg2024,32,34,fonti,,,RISORSE PNRR - M3C2 - ZES,2026,23.0
agg2024,32,35,fonti,,,RISORSE DA EE.LL. e ALTRO (35+36),2022,278.0
agg2024,32,35,fonti,,,RISORSE DA EE.LL. e ALTRO (35+36),2023,315.0
agg2024,32,35,fonti,,,RISORSE DA EE.LL. e ALTRO (35+36),2024,96.0
agg2024,32,35,fonti,,,RISORSE DA EE.LL. e ALTRO (35+36),2025,377.0
agg2024,32,35,fonti,,,RISORSE DA EE.LL. e ALTRO (35+36),2026,417.0
agg2024,32,36,fonti,,,"RISORSE da altre Fonti (altre operazioni finanziarie, Terzi)",2022,78.0
agg2024,32,36,fonti,,,"RISORSE da altre Fonti (altre operazioni finanziarie, Terzi)",2023,70.0
agg2024,32,36,fonti,,,"RISORSE da altre Fonti (altre operazioni finanziarie, Terzi)",2024,96.0
agg2024,32,36,fonti,,,"RISORSE da altre Fonti (altre operazioni finanziarie, Terzi)",2025,96.0
agg2024,32,36,fonti,,,"RISORSE da altre Fonti (altre operazioni finanziarie, Terzi)",2026,96.0
agg2024,32,37,fonti,,,RISORSE da altre fonti finanziarie AV/AC,2022,200.0
agg2024,32,37,fonti,,,RISORSE da altre fonti finanziarie AV/AC,2023,245.0
agg2024,32,37,fonti,,,RISORSE da altre fonti finanziarie AV/AC,2024,
agg2024,32,37,fonti,,,RISORSE da altre fonti finanziarie AV/AC,2025,281.0
agg2024,32,37,fonti,,,RISORSE da altre fonti finanziarie AV/AC,2026,321.0
agg2024,32,38,fonti,,,TOTALE FONTI CdP-I (8+30+35),2022,6648.0
agg2024,32,38,fonti,,,TOTALE FONTI CdP-I (8+30+35),2023,3807.0
agg2024,32,38,fonti,,,TOTALE FONTI CdP-I (8+30+35),2024,7793.0
agg2024,32,38,fonti,,,TOTALE FONTI CdP-I (8+30+35),2025,11784.0
agg2024,32,38,fonti,,,TOTALE FONTI CdP-I (8+30+35),2026,10240.0
agg2025,39,1,impieghi,,,RETE CONVENZIONALE/ALTA CAPACITA',2022,3285.0
agg2025,39,1,impieghi,,,RETE CONVENZIONALE/ALTA CAPACITA',2023,3868.0
agg2025,39,1,impieghi,,,RETE CONVENZIONALE/ALTA CAPACITA',2024,5866.0
agg2025,39,1,impieghi,,,RETE CONVENZIONALE/ALTA CAPACITA',2025,6787.0
agg2025,39,1,impieghi,,,RETE CONVENZIONALE/ALTA CAPACITA',2026,7993.0
agg2025,39,2,impieghi,,,RETE AV/AC TO-MI-NA,2022,98.0
agg2025,39,2,impieghi,,,RETE AV/AC TO-MI-NA,2023,70.0
agg2025,39,2,impieghi,,,RETE AV/AC TO-MI-NA,2024,160.0
agg2025,39,2,impieghi,,,RETE AV/AC TO-MI-NA,2025,186.0
agg2025,39,2,impieghi,,,RETE AV/AC TO-MI-NA,2026,264.0
agg2025,39,3,impieghi,,,TOTALE TAB. A - SEZIONE 1 - OPERE IN CORSO,2022,3383.0
agg2025,39,3,impieghi,,,TOTALE TAB. A - SEZIONE 1 - OPERE IN CORSO,2023,3938.0
agg2025,39,3,impieghi,,,TOTALE TAB. A - SEZIONE 1 - OPERE IN CORSO,2024,6026.0
agg2025,39,3,impieghi,,,TOTALE TAB. A - SEZIONE 1 - OPERE IN CORSO,2025,6973.0
agg2025,39,3,impieghi,,,TOTALE TAB. A - SEZIONE 1 - OPERE IN CORSO,2026,8257.0
agg2025,39,4,impieghi,,,"TOTALE TAB.B: ""LOTTI COSTRUTTIVI"" (QUOTA FINANZIATA)",2022,1219.0
agg2025,39,4,impieghi,,,"TOTALE TAB.B: ""LOTTI COSTRUTTIVI"" (QUOTA FINANZIATA)",2023,1510.0
agg2025,39,4,impieghi,,,"TOTALE TAB.B: ""LOTTI COSTRUTTIVI"" (QUOTA FINANZIATA)",2024,1966.0
agg2025,39,4,impieghi,,,"TOTALE TAB.B: ""LOTTI COSTRUTTIVI"" (QUOTA FINANZIATA)",2025,1482.0
agg2025,39,4,impieghi,,,"TOTALE TAB.B: ""LOTTI COSTRUTTIVI"" (QUOTA FINANZIATA)",2026,1422.0
agg2025,39,5,impieghi,,,TOTALE IMPIEGHI CdP-I,2022,4602.0
agg2025,39,5,impieghi,,,TOTALE IMPIEGHI CdP-I,2023,5448.0
agg2025,39,5,impieghi,,,TOTALE IMPIEGHI CdP-I,2024,7992.0
agg2025,39,5,impieghi,,,TOTALE IMPIEGHI CdP-I,2025,8455.0
agg2025,39,5,impieghi,,,TOTALE IMPIEGHI CdP-I,2026,9679.0
agg2025,39,6,impieghi,,,(*) SALDO ANTICIPI/(RECUPERI) AI FORNITORI,2022,101.0
agg2025,39,6,impieghi,,,(*) SALDO ANTICIPI/(RECUPERI) AI FORNITORI,2023,2666.0
agg2025,39,6,impieghi,,,(*) SALDO ANTICIPI/(RECUPERI) AI FORNITORI,2024,772.0
agg2025,39,6,impieghi,,,(*) SALDO ANTICIPI/(RECUPERI) AI FORNITORI,2025,432.0
agg2025,39,6,impieghi,,,(*) SALDO ANTICIPI/(RECUPERI) AI FORNITORI,2026,250.0
agg2025,39,7,impieghi,,,TOTALE GENERALE,2022,4703.0
agg2025,39,7,impieghi,,,TOTALE GENERALE,2023,8114.0
agg2025,39,7,impieghi,,,TOTALE GENERALE,2024,8764.0
agg2025,39,7,impieghi,,,TOTALE GENERALE,2025,8887.0
agg2025,39,7,impieghi,,,TOTALE GENERALE,2026,9929.0
agg2025,39,8,fonti,,,RISORSE DA STATO (9+17),2022,4769.0
agg2025,39,8,fonti,,,RISORSE DA STATO (9+17),2023,3318.0
agg2025,39,8,fonti,,,RISORSE DA STATO (9+17),2024,4158.0
agg2025,39,8,fonti,,,RISORSE DA STATO (9+17),2025,7843.0
agg2025,39,8,fonti,,,RISORSE DA STATO (9+17),2026,6207.0
agg2025,39,9,fonti,,,MEF (10+11+12+13+14+15+16),2022,4684.0
agg2025,39,9,fonti,,,MEF (10+11+12+13+14+15+16),2023,2989.0
agg2025,39,9,fonti,,,MEF (10+11+12+13+14+15+16),2024,3433.0
agg2025,39,9,fonti,,,MEF (10+11+12+13+14+15+16),2025,6078.0
agg2025,39,9,fonti,,,MEF (10+11+12+13+14+15+16),2026,5692.0
agg2025,39,10,fonti,7122,,Contributi in conto impianti per lo sviluppo e l'ammodernamento delle infrastrutture ferroviarie,2022,4360.0
agg2025,39,10,fonti,7122,,Contributi in conto impianti per lo sviluppo e l'ammodernamento delle infrastrutture ferroviarie,2023,2761.0
agg2025,39,10,fonti,7122,,Contributi in conto impianti per lo sviluppo e l'ammodernamento delle infrastrutture ferroviarie,2024,3261.0
agg2025,39,10,fonti,7122,,Contributi in conto impianti per lo sviluppo e l'ammodernamento delle infrastrutture ferroviarie,2025,4644.0
agg2025,39,10,fonti,7122,,Contributi in conto impianti per lo sviluppo e l'ammodernamento delle infrastrutture ferroviarie,2026,2645.0
agg2025,39,10-1,fonti,,PG1,Contributi per lo sviluppo e l'ammodernamento delle infrastrutture ferroviarie,2022,35.0
agg2025,39,10-1,fonti,,PG1,Contributi per lo sviluppo e l'ammodernamento delle infrastrutture ferroviarie,2023,128.0
agg2025,39,10-1,fonti,,PG1,Contributi per lo sviluppo e l'ammodernamento delle infrastrutture ferroviarie,2024,139.0
agg2025,39,10-1,fonti,,PG1,Contributi per lo sviluppo e l'ammodernamento delle infrastrutture ferroviarie,2025,433.0
agg2025,39,10-1,fonti,,PG1,Contributi per lo sviluppo e l'ammodernamento delle infrastrutture ferroviarie,2026,
agg2025,39,10-2,fonti,,PG2,"Fondo Opere: rifinaziamento art.1 comma 84, LF 266/05",2022,2775.0
agg2025,39,10-2,fonti,,PG2,"Fondo Opere: rifinaziamento art.1 comma 84, LF 266/05",2023,1422.0
agg2025,39,10-2,fonti,,PG2,"Fondo Opere: rifinaziamento art.1 comma 84, LF 266/05",2024,207.0
agg2025,39,10-2,fonti,,PG2,"Fondo Opere: rifinaziamento art.1 comma 84, LF 266/05",2025,2267.0
agg2025,39,10-2,fonti,,PG2,"Fondo Opere: rifinaziamento art.1 comma 84, LF 266/05",2026,1881.0
agg2025,39,10-3,fonti,,PG4,Infrastruttura nazionale ferroviaria (Dl 43/2013),2022,120.0
agg2025,39,10-3,fonti,,PG4,Infrastruttura nazionale ferroviaria (Dl 43/2013),2023,83.0
agg2025,39,10-3,fonti,,PG4,Infrastruttura nazionale ferroviaria (Dl 43/2013),2024,17.0
agg2025,39,10-3,fonti,,PG4,Infrastruttura nazionale ferroviaria (Dl 43/2013),2025,139.0
agg2025,39,10-3,fonti,,PG4,Infrastruttura nazionale ferroviaria (Dl 43/2013),2026,
agg2025,39,10-4,fonti,,PG6,Tratta Cancello - Frasso Telesino,2022,
agg2025,39,10-4,fonti,,PG6,Tratta Cancello - Frasso Telesino,2023,40.0
agg2025,39,10-4,fonti,,PG6,Tratta Cancello - Frasso Telesino,2024,
agg2025,39,10-4,fonti,,PG6,Tratta Cancello - Frasso Telesino,2025,
agg2025,39,10-4,fonti,,PG6,Tratta Cancello - Frasso Telesino,2026,
agg2025,39,10-5,fonti,,PG7,"Brescia-Verona-Padova, Napoli-Bari",2022,375.0
agg2025,39,10-5,fonti,,PG7,"Brescia-Verona-Padova, Napoli-Bari",2023,435.0
agg2025,39,10-5,fonti,,PG7,"Brescia-Verona-Padova, Napoli-Bari",2024,470.0
agg2025,39,10-5,fonti,,PG7,"Brescia-Verona-Padova, Napoli-Bari",2025,620.0
agg2025,39,10-5,fonti,,PG7,"Brescia-Verona-Padova, Napoli-Bari",2026,470.0
agg2025,39,10-6,fonti,,PG8,Adeguamento tracciato e velocizzazione asse ferroviario adriatico Bologna-Lecce,2022,
agg2025,39,10-6,fonti,,PG8,Adeguamento tracciato e velocizzazione asse ferroviario adriatico Bologna-Lecce,2023,5.0
agg2025,39,10-6,fonti,,PG8,Adeguamento tracciato e velocizzazione asse ferroviario adriatico Bologna-Lecce,2024,
agg2025,39,10-6,fonti,,PG8,Adeguamento tracciato e velocizzazione asse ferroviario adriatico Bologna-Lecce,2025,
agg2025,39,10-6,fonti,,PG8,Adeguamento tracciato e velocizzazione asse ferroviario adriatico Bologna-Lecce,2026,
agg2025,39,10-7,fonti,,PG9,"Contributi in conto impianti da corrispondere a FS SpA per la nuova linea ferroviaria ""Ferrandina - Matera La Martella""",2022,
agg2025,39,10-7,fonti,,PG9,"Contributi in conto impianti da corrispondere a FS SpA per la nuova linea ferroviaria ""Ferrandina - Matera La Martella""",2023,60.0
agg2025,39,10-7,fonti,,PG9,"Contributi in conto impianti da corrispondere a FS SpA per la nuova linea ferroviaria ""Ferrandina - Matera La Martella""",2024,53.0
agg2025,39,10-7,fonti,,PG9,"Contributi in conto impianti da corrispondere a FS SpA per la nuova linea ferroviaria ""Ferrandina - Matera La Martella""",2025,96.0
agg2025,39,10-7,fonti,,PG9,"Contributi in conto impianti da corrispondere a FS SpA per la nuova linea ferroviaria ""Ferrandina - Matera La Martella""",2026,
agg2025,39,10-8,fonti,,PG10,Fondo ex art.1 comma 1072 della Legge di Bilancio 2018 (DPCM 2018),2022,
agg2025,39,10-8,fonti,,PG10,Fondo ex art.1 comma 1072 della Legge di Bilancio 2018 (DPCM 2018),2023,
agg2025,39,10-8,fonti,,PG10,Fondo ex art.1 comma 1072 della Legge di Bilancio 2018 (DPCM 2018),2024,540.0
agg2025,39,10-8,fonti,,PG10,Fondo ex art.1 comma 1072 della Legge di Bilancio 2018 (DPCM 2018),2025,
agg2025,39,10-8,fonti,,PG10,Fondo ex art.1 comma 1072 della Legge di Bilancio 2018 (DPCM 2018),2026,
agg2025,39,10-9,fonti,,PG11,Fondo ex art.1 commi 95-98 della Legge di Bilancio 2019,2022,1039.0
agg2025,39,10-9,fonti,,PG11,Fondo ex art.1 commi 95-98 della Legge di Bilancio 2019,2023,537.0
agg2025,39,10-9,fonti,,PG11,Fondo ex art.1 commi 95-98 della Legge di Bilancio 2019,2024,920.0
agg2025,39,10-9,fonti,,PG11,Fondo ex art.1 commi 95-98 della Legge di Bilancio 2019,2025,175.0
agg2025,39,10-9,fonti,,PG11,Fondo ex art.1 commi 95-98 della Legge di Bilancio 2019,2026,
agg2025,39,10-10,fonti,,PG12,Fondo ex art.1 commi 14 della Legge di Bilancio 2020,2022,16.0
agg2025,39,10-10,fonti,,PG12,Fondo ex art.1 commi 14 della Legge di Bilancio 2020,2023,6.0
agg2025,39,10-10,fonti,,PG12,Fondo ex art.1 commi 14 della Legge di Bilancio 2020,2024,314.0
agg2025,39,10-10,fonti,,PG12,Fondo ex art.1 commi 14 della Legge di Bilancio 2020,2025,94.0
agg2025,39,10-10,fonti,,PG12,Fondo ex art.1 commi 14 della Legge di Bilancio 2020,2026,
agg2025,39,10-11,fonti,,PG13,AV SALERNO-REGGIO CALABRIA,2022,
agg2025,39,10-11,fonti,,PG13,AV SALERNO-REGGIO CALABRIA,2023,44.0
agg2025,39,10-11,fonti,,PG13,AV SALERNO-REGGIO CALABRIA,2024,600.0
agg2025,39,10-11,fonti,,PG13,AV SALERNO-REGGIO CALABRIA,2025,705.0
agg2025,39,10-11,fonti,,PG13,AV SALERNO-REGGIO CALABRIA,2026,39.0
agg2025,39,10-12,fonti,,PG14,Legge 106 del 23/7/2021 (sisma cratere),2022,
agg2025,39,10-12,fonti,,PG14,Legge 106 del 23/7/2021 (sisma cratere),2023,
agg2025,39,10-12,fonti,,PG14,Legge 106 del 23/7/2021 (sisma cratere),2024,
agg2025,39,10-12,fonti,,PG14,Legge 106 del 23/7/2021 (sisma cratere),2025,8.0
agg2025,39,10-12,fonti,,PG14,Legge 106 del 23/7/2021 (sisma cratere),2026,
agg2025,39,10-13,fonti,,PG15,AV LINEA ADRIATICA,2022,
agg2025,39,10-13,fonti,,PG15,AV LINEA ADRIATICA,2023,
agg2025,39,10-13,fonti,,PG15,AV LINEA ADRIATICA,2024,
agg2025,39,10-13,fonti,,PG15,AV LINEA ADRIATICA,2025,80.0
agg2025,39,10-13,fonti,,PG15,AV LINEA ADRIATICA,2026,250.0
agg2025,39,10-14,fonti,,PG16,Versamenti società autobrennero SPA,2022,
agg2025,39,10-14,fonti,,PG16,Versamenti società autobrennero SPA,2023,
agg2025,39,10-14,fonti,,PG16,Versamenti società autobrennero SPA,2024,
agg2025,39,10-14,fonti,,PG16,Versamenti società autobrennero SPA,2025,27.0
agg2025,39,10-14,fonti,,PG16,Versamenti società autobrennero SPA,2026,5.0
agg2025,39,11,fonti,7493,,Riduzione tasso cofinanziamento nazionale,2022,
agg2025,39,11,fonti,7493,,Riduzione tasso cofinanziamento nazionale,2023,55.0
agg2025,39,11,fonti,7493,,Riduzione tasso cofinanziamento nazionale,2024,13.0
agg2025,39,11,fonti,7493,,Riduzione tasso cofinanziamento nazionale,2025,17.0
agg2025,39,11,fonti,7493,,Riduzione tasso cofinanziamento nazionale,2026,350.0
agg2025,39,12,fonti,8000,,Fondo Sviluppo e Coesione,2022,38.0
agg2025,39,12,fonti,8000,,Fondo Sviluppo e Coesione,2023,19.0
agg2025,39,12,fonti,8000,,Fondo Sviluppo e Coesione,2024,2.0
agg2025,39,12,fonti,8000,,Fondo Sviluppo e Coesione,2025,130.0
agg2025,39,12,fonti,8000,,Fondo Sviluppo e Coesione,2026,201.0
agg2025,39,13,fonti,8000,,Fondo Sviluppo e Coesione 2014-2020,2022,286.0
agg2025,39,13,fonti,8000,,Fondo Sviluppo e Coesione 2014-2020,2023,154.0
agg2025,39,13,fonti,8000,,Fondo Sviluppo e Coesione 2014-2020,2024,144.0
agg2025,39,13,fonti,8000,,Fondo Sviluppo e Coesione 2014-2020,2025,235.0
agg2025,39,13,fonti,8000,,Fondo Sviluppo e Coesione 2014-2020,2026,400.0
agg2025,39,14,fonti,8000,,Fondo Sviluppo e Coesione 2021-2027,2022,
agg2025,39,14,fonti,8000,,Fondo Sviluppo e Coesione 2021-2027,2023,
agg2025,39,14,fonti,8000,,Fondo Sviluppo e Coesione 2021-2027,2024,13.0
agg2025,39,14,fonti,8000,,Fondo Sviluppo e Coesione 2021-2027,2025,8.0
agg2025,39,14,fonti,8000,,Fondo Sviluppo e Coesione 2021-2027,2026,200.0
agg2025,39,15,fonti,8008,,DL 59/2021 - RISORSE territori colpiti dal sisma 2009-2016,2022,
agg2025,39,15,fonti,8008,,DL 59/2021 - RISORSE territori colpiti dal sisma 2009-2016,2023,
agg2025,39,15,fonti,8008,,DL 59/2021 - RISORSE territori colpiti dal sisma 2009-2016,2024,
agg2025,39,15,fonti,8008,,DL 59/2021 - RISORSE territori colpiti dal sisma 2009-2016,2025,10.0
agg2025,39,15,fonti,8008,,DL 59/2021 - RISORSE territori colpiti dal sisma 2009-2016,2026,19.0
agg2025,39,16,fonti,7492,,Fondo Opere indifferibili,2022,
agg2025,39,16,fonti,7492,,Fondo Opere indifferibili,2023,
agg2025,39,16,fonti,7492,,Fondo Opere indifferibili,2024,
agg2025,39,16,fonti,7492,,Fondo Opere indifferibili,2025,1034.0
agg2025,39,16,fonti,7492,,Fondo Opere indifferibili,2026,1877.0
agg2025,39,17,fonti,,,MIT (18+19+20+21+22+23+24+25+26+27+28+29+30+31+32+33),2022,85.0
agg2025,39,17,fonti,,,MIT (18+19+20+21+22+23+24+25+26+27+28+29+30+31+32+33),2023,330.0
agg2025,39,17,fonti,,,MIT (18+19+20+21+22+23+24+25+26+27+28+29+30+31+32+33),2024,725.0
agg2025,39,17,fonti,,,MIT (18+19+20+21+22+23+24+25+26+27+28+29+30+31+32+33),2025,1765.0
agg2025,39,17,fonti,,,MIT (18+19+20+21+22+23+24+25+26+27+28+29+30+31+32+33),2026,515.0
agg2025,39,18,fonti,7060,,Legge Obiettivo,2022,
agg2025,39,18,fonti,7060,,Legge Obiettivo,2023,
agg2025,39,18,fonti,7060,,Legge Obiettivo,2024,20.0
agg2025,39,18,fonti,7060,,Legge Obiettivo,2025,48.0
agg2025,39,18,fonti,7060,,Legge Obiettivo,2026,153.0
agg2025,39,19,fonti,7515,,Fondo infrastrutture ferroviarie e stradali - Linea AV/AC Treviglio-Brescia,2022,11.0
agg2025,39,19,fonti,7515,,Fondo infrastrutture ferroviarie e stradali - Linea AV/AC Treviglio-Brescia,2023,
agg2025,39,19,fonti,7515,,Fondo infrastrutture ferroviarie e stradali - Linea AV/AC Treviglio-Brescia,2024,
agg2025,39,19,fonti,7515,,Fondo infrastrutture ferroviarie e stradali - Linea AV/AC Treviglio-Brescia,2025,8.0
agg2025,39,19,fonti,7515,,Fondo infrastrutture ferroviarie e stradali - Linea AV/AC Treviglio-Brescia,2026,
agg2025,39,20,fonti,7518,,Fondo infrastrutture ferroviarie e stradali - Linea AV/AC 3^ Valico dei Giovi,2022,
agg2025,39,20,fonti,7518,,Fondo infrastrutture ferroviarie e stradali - Linea AV/AC 3^ Valico dei Giovi,2023,9.0
agg2025,39,20,fonti,7518,,Fondo infrastrutture ferroviarie e stradali - Linea AV/AC 3^ Valico dei Giovi,2024,250.0
agg2025,39,20,fonti,7518,,Fondo infrastrutture ferroviarie e stradali - Linea AV/AC 3^ Valico dei Giovi,2025,330.0
agg2025,39,20,fonti,7518,,Fondo infrastrutture ferroviarie e stradali - Linea AV/AC 3^ Valico dei Giovi,2026,130.0
agg2025,39,21,fonti,7528,,Decreto Legge 133/2014 - Sblocca Italia: Tunnel di Base del Brennero,2022,55.0
agg2025,39,21,fonti,7528,,Decreto Legge 133/2014 - Sblocca Italia: Tunnel di Base del Brennero,2023,35.0
agg2025,39,21,fonti,7528,,Decreto Legge 133/2014 - Sblocca Italia: Tunnel di Base del Brennero,2024,30.0
agg2025,39,21,fonti,7528,,Decreto Legge 133/2014 - Sblocca Italia: Tunnel di Base del Brennero,2025,30.0
agg2025,39,21,fonti,7528,,Decreto Legge 133/2014 - Sblocca Italia: Tunnel di Base del Brennero,2026,
agg2025,39,22,fonti,7549,,Decreto Legge 133/2014 - Sblocca Italia: Soppr. Passaggi a livello,2022,
agg2025,39,22,fonti,7549,,Decreto Legge 133/2014 - Sblocca Italia: Soppr. Passaggi a livello,2023,3.0
agg2025,39,22,fonti,7549,,Decreto Legge 133/2014 - Sblocca Italia: Soppr. Passaggi a livello,2024,
agg2025,39,22,fonti,7549,,Decreto Legge 133/2014 - Sblocca Italia: Soppr. Passaggi a livello,2025,
agg2025,39,22,fonti,7549,,Decreto Legge 133/2014 - Sblocca Italia: Soppr. Passaggi a livello,2026,
agg2025,39,23,fonti,7540,,Decreto Legge 69/2013 - Legge stabilità 2014 -Interventi di miglioramento rete ferroviaria,2022,
agg2025,39,23,fonti,7540,,Decreto Legge 69/2013 - Legge stabilità 2014 -Interventi di miglioramento rete ferroviaria,2023,
agg2025,39,23,fonti,7540,,Decreto Legge 69/2013 - Legge stabilità 2014 -Interventi di miglioramento rete ferroviaria,2024,
agg2025,39,23,fonti,7540,,Decreto Legge 69/2013 - Legge stabilità 2014 -Interventi di miglioramento rete ferroviaria,2025,
agg2025,39,23,fonti,7540,,Decreto Legge 69/2013 - Legge stabilità 2014 -Interventi di miglioramento rete ferroviaria,2026,20.0
agg2025,39,24,fonti,1274,,Contributi Legge 190/2014 (art. 1 comma 294),2022,
agg2025,39,24,fonti,1274,,Contributi Legge 190/2014 (art. 1 comma 294),2023,
agg2025,39,24,fonti,1274,,Contributi Legge 190/2014 (art. 1 comma 294),2024,
agg2025,39,24,fonti,1274,,Contributi Legge 190/2014 (art. 1 comma 294),2025,
agg2025,39,24,fonti,1274,,Contributi Legge 190/2014 (art. 1 comma 294),2026,48.0
agg2025,39,25,fonti,7564,,Decreto Legge 133/2014 - Sblocca Italia: Pistoia - Lucca Viareggio,2022,
agg2025,39,25,fonti,7564,,Decreto Legge 133/2014 - Sblocca Italia: Pistoia - Lucca Viareggio,2023,
agg2025,39,25,fonti,7564,,Decreto Legge 133/2014 - Sblocca Italia: Pistoia - Lucca Viareggio,2024,
agg2025,39,25,fonti,7564,,Decreto Legge 133/2014 - Sblocca Italia: Pistoia - Lucca Viareggio,2025,28.0
agg2025,39,25,fonti,7564,,Decreto Legge 133/2014 - Sblocca Italia: Pistoia - Lucca Viareggio,2026,
agg2025,39,26,fonti,7505,,,2022,
agg2025,39,26,fonti,7505,,,2023,
agg2025,39,26,fonti,7505,,,2024,6.0
agg2025,39,26,fonti,7505,,,2025,
agg2025,39,26,fonti,7505,,,2026,
agg2025,39,27,fonti,8130,,DL 59/2021 - Ferrovie Turistiche (MIC),2022,
agg2025,39,27,fonti,8130,,DL 59/2021 - Ferrovie Turistiche (MIC),2023,17.0
agg2025,39,27,fonti,8130,,DL 59/2021 - Ferrovie Turistiche (MIC),2024,80.0
agg2025,39,27,fonti,8130,,DL 59/2021 - Ferrovie Turistiche (MIC),2025,49.0
agg2025,39,27,fonti,8130,,DL 59/2021 - Ferrovie Turistiche (MIC),2026,29.0
agg2025,39,28,fonti,7561,,Somme da destinare all'intervento Olimpiadi Invernali 2026 - interventi sulle infrastrutture ferroviarie,2022,
agg2025,39,28,fonti,7561,,Somme da destinare all'intervento Olimpiadi Invernali 2026 - interventi sulle infrastrutture ferroviarie,2023,
agg2025,39,28,fonti,7561,,Somme da destinare all'intervento Olimpiadi Invernali 2026 - interventi sulle infrastrutture ferroviarie,2024,
agg2025,39,28,fonti,7561,,Somme da destinare all'intervento Olimpiadi Invernali 2026 - interventi sulle infrastrutture ferroviarie,2025,10.0
agg2025,39,28,fonti,7561,,Somme da destinare all'intervento Olimpiadi Invernali 2026 - interventi sulle infrastrutture ferroviarie,2026,15.0
agg2025,39,29,fonti,7006,,Risorse per il rinnovo del materiale,2022,5.0
agg2025,39,29,fonti,7006,,Risorse per il rinnovo del materiale,2023,38.0
agg2025,39,29,fonti,7006,,Risorse per il rinnovo del materiale,2024,
agg2025,39,29,fonti,7006,,Risorse per il rinnovo del materiale,2025,
agg2025,39,29,fonti,7006,,Risorse per il rinnovo del materiale,2026,
agg2025,39,30,fonti,7007,,Fondo per la prosecuzione Opere pubbliche,2022,15.0
agg2025,39,30,fonti,7007,,Fondo per la prosecuzione Opere pubbliche,2023,229.0
agg2025,39,30,fonti,7007,,Fondo per la prosecuzione Opere pubbliche,2024,338.0
agg2025,39,30,fonti,7007,,Fondo per la prosecuzione Opere pubbliche,2025,1225.0
agg2025,39,30,fonti,7007,,Fondo per la prosecuzione Opere pubbliche,2026,100.0
agg2025,39,31,fonti,7552,,Risorse destinate alla linea ferroviaria Chiasso - Monza,2022,
agg2025,39,31,fonti,7552,,Risorse destinate alla linea ferroviaria Chiasso - Monza,2023,
agg2025,39,31,fonti,7552,,Risorse destinate alla linea ferroviaria Chiasso - Monza,2024,
agg2025,39,31,fonti,7552,,Risorse destinate alla linea ferroviaria Chiasso - Monza,2025,10.0
agg2025,39,31,fonti,7552,,Risorse destinate alla linea ferroviaria Chiasso - Monza,2026,11.0
agg2025,39,32,fonti,7532,,Risorse destinate alla linea ferroviaria Torino-Bussoleno,2022,
agg2025,39,32,fonti,7532,,Risorse destinate alla linea ferroviaria Torino-Bussoleno,2023,
agg2025,39,32,fonti,7532,,Risorse destinate alla linea ferroviaria Torino-Bussoleno,2024,
agg2025,39,32,fonti,7532,,Risorse destinate alla linea ferroviaria Torino-Bussoleno,2025,26.0
agg2025,39,32,fonti,7532,,Risorse destinate alla linea ferroviaria Torino-Bussoleno,2026,10.0
agg2025,39,33,fonti,7144,,Somme per le esigenze infrastrutturali della linea ferroviaria Palermo - Agrigento - Porto Empedocle,2022,
agg2025,39,33,fonti,7144,,Somme per le esigenze infrastrutturali della linea ferroviaria Palermo - Agrigento - Porto Empedocle,2023,
agg2025,39,33,fonti,7144,,Somme per le esigenze infrastrutturali della linea ferroviaria Palermo - Agrigento - Porto Empedocle,2024,
agg2025,39,33,fonti,7144,,Somme per le esigenze infrastrutturali della linea ferroviaria Palermo - Agrigento - Porto Empedocle,2025,1.0
agg2025,39,33,fonti,7144,,Somme per le esigenze infrastrutturali della linea ferroviaria Palermo - Agrigento - Porto Empedocle,2026,1.0
agg2025,39,34,fonti,,,RISORSE UE (34+35+36+37+38+39),2022,1508.0
agg2025,39,34,fonti,,,RISORSE UE (34+35+36+37+38+39),2023,197.0
agg2025,39,34,fonti,,,RISORSE UE (34+35+36+37+38+39),2024,2207.0
agg2025,39,34,fonti,,,RISORSE UE (34+35+36+37+38+39),2025,4114.0
agg2025,39,34,fonti,,,RISORSE UE (34+35+36+37+38+39),2026,3732.0
agg2025,39,35,fonti,,,RISORSE PON- FESR,2022,152.0
agg2025,39,35,fonti,,,RISORSE PON- FESR,2023,54.0
agg2025,39,35,fonti,,,RISORSE PON- FESR,2024,130.0
agg2025,39,35,fonti,,,RISORSE PON- FESR,2025,219.0
agg2025,39,35,fonti,,,RISORSE PON- FESR,2026,118.0
agg2025,39,36,fonti,,,RISORSE TEN-T (subordinati al reperimento della corrispondente quota nazionale),2022,130.0
agg2025,39,36,fonti,,,RISORSE TEN-T (subordinati al reperimento della corrispondente quota nazionale),2023,143.0
agg2025,39,36,fonti,,,RISORSE TEN-T (subordinati al reperimento della corrispondente quota nazionale),2024,55.0
agg2025,39,36,fonti,,,RISORSE TEN-T (subordinati al reperimento della corrispondente quota nazionale),2025,290.0
agg2025,39,36,fonti,,,RISORSE TEN-T (subordinati al reperimento della corrispondente quota nazionale),2026,63.0
agg2025,39,37,fonti,,,"RISORSE PNRR - M3C1 ""Nuovi Progetti""",2022,1225.0
agg2025,39,37,fonti,,,"RISORSE PNRR - M3C1 ""Nuovi Progetti""",2023,
agg2025,39,37,fonti,,,"RISORSE PNRR - M3C1 ""Nuovi Progetti""",2024,2023.0
agg2025,39,37,fonti,,,"RISORSE PNRR - M3C1 ""Nuovi Progetti""",2025,3249.0
agg2025,39,37,fonti,,,"RISORSE PNRR - M3C1 ""Nuovi Progetti""",2026,3028.0
agg2025,39,38,fonti,,,"RISORSE PNRR - M3C1 ""Progetti in essere""",2022,
agg2025,39,38,fonti,,,"RISORSE PNRR - M3C1 ""Progetti in essere""",2023,
agg2025,39,38,fonti,,,"RISORSE PNRR - M3C1 ""Progetti in essere""",2024,
agg2025,39,38,fonti,,,"RISORSE PNRR - M3C1 ""Progetti in essere""",2025,356.0
agg2025,39,38,fonti,,,"RISORSE PNRR - M3C1 ""Progetti in essere""",2026,500.0
agg2025,39,39,fonti,,,RISORSE PNRR - M3C2 - ZES,2022,
agg2025,39,39,fonti,,,RISORSE PNRR - M3C2 - ZES,2023,
agg2025,39,39,fonti,,,RISORSE PNRR - M3C2 - ZES,2024,
agg2025,39,39,fonti,,,RISORSE PNRR - M3C2 - ZES,2025,
agg2025,39,39,fonti,,,RISORSE PNRR - M3C2 - ZES,2026,23.0
agg2025,39,40,fonti,,,RISORSE DA EE.LL. e ALTRO (41+42),2022,278.0
agg2025,39,40,fonti,,,RISORSE DA EE.LL. e ALTRO (41+42),2023,315.0
agg2025,39,40,fonti,,,RISORSE DA EE.LL. e ALTRO (41+42),2024,75.0
agg2025,39,40,fonti,,,RISORSE DA EE.LL. e ALTRO (41+42),2025,266.0
agg2025,39,40,fonti,,,RISORSE DA EE.LL. e ALTRO (41+42),2026,351.0
agg2025,39,41,fonti,,,"RISORSE da altre Fonti (altre operazioni finanziarie, Terzi)",2022,78.0
agg2025,39,41,fonti,,,"RISORSE da altre Fonti (altre operazioni finanziarie, Terzi)",2023,70.0
agg2025,39,41,fonti,,,"RISORSE da altre Fonti (altre operazioni finanziarie, Terzi)",2024,75.0
agg2025,39,41,fonti,,,"RISORSE da altre Fonti (altre operazioni finanziarie, Terzi)",2025,86.0
agg2025,39,41,fonti,,,"RISORSE da altre Fonti (altre operazioni finanziarie, Terzi)",2026,96.0
agg2025,39,42,fonti,,,RISORSE da altre fonti finanziarie AV/AC,2022,200.0
agg2025,39,42,fonti,,,RISORSE da altre fonti finanziarie AV/AC,2023,245.0
agg2025,39,42,fonti,,,RISORSE da altre fonti finanziarie AV/AC,2024,
agg2025,39,42,fonti,,,RISORSE da altre fonti finanziarie AV/AC,2025,180.0
agg2025,39,42,fonti,,,RISORSE da altre fonti finanziarie AV/AC,2026,255.0
agg2025,39,43,fonti,,,TOTALE FONTI CdP-I (8+34+40),2022,6554.0
agg2025,39,43,fonti,,,TOTALE FONTI CdP-I (8+34+40),2023,3830.0
agg2025,39,43,fonti,,,TOTALE FONTI CdP-I (8+34+40),2024,6440.0
agg2025,39,43,fonti,,,TOTALE FONTI CdP-I (8+34+40),2025,12223.0
agg2025,39,43,fonti,,,TOTALE FONTI CdP-I (8+34+40),2026,10290.0
