codice_intervento,descrizione,programma,com_istat_code,comune,prov_acr,provincia,reg_istat_code,costo_totale_mln,ultimo_documento
0013A,Nuova linea a monte del Vesuvio Nuova linea a monte del Vesuvio (tratta bivio Casoria - bivio Sarno),Direttrici di interesse nazionale,063023,Casoria,NA,Napoli,15,358.31,agg2025
0013A,Nuova linea a monte del Vesuvio Nuova linea a monte del Vesuvio (tratta bivio Casoria - bivio Sarno),Direttrici di interesse nazionale,065135,Sarno,SA,Salerno,15,358.31,agg2025
0036,"Nodo di Palermo Passante ferroviario Palermo c.le/Notarbartolo-Carini, Apparato tecnologico Palermo c.le e Completamento raddoppio Carini- Punta-Raisi e adeguamento tecnologico Palermo c.le-Fiumetorto",Città metropolitane,082053,Palermo,PA,Palermo,19,1307.26,agg2025
0036,"Nodo di Palermo Passante ferroviario Palermo c.le/Notarbartolo-Carini, Apparato tecnologico Palermo c.le e Completamento raddoppio Carini- Punta-Raisi e adeguamento tecnologico Palermo c.le-Fiumetorto",Città metropolitane,082021,Carini,PA,Palermo,19,1307.26,agg2025
0037,Realizzazione fermate ed adeguamento stazioni per servizio metropolitano di Bologna 1^ fase,,037006,Bologna,BO,Bologna,08,0.0,cdp2017
0049A,Raddoppio Milano-Mortara: 1^ fase Raddoppio Milano S.Cristoforo- Albairate Fermate Porta Romana e Tibaldi Riqualificazione Milano S. Cristoforo-P.ta Romana PROG PROG Raddoppio Albairate-Abbiategrasso PROG PROG,Città metropolitane,015146,Milano,MI,Milano,03,564.68,agg2025
0049A,Raddoppio Milano-Mortara: 1^ fase Raddoppio Milano S.Cristoforo- Albairate Fermate Porta Romana e Tibaldi Riqualificazione Milano S. Cristoforo-P.ta Romana PROG PROG Raddoppio Albairate-Abbiategrasso PROG PROG,Città metropolitane,018102,Mortara,PV,Pavia,03,564.68,agg2025
0049A,Raddoppio Milano-Mortara: 1^ fase Raddoppio Milano S.Cristoforo- Albairate Fermate Porta Romana e Tibaldi Riqualificazione Milano S. Cristoforo-P.ta Romana PROG PROG Raddoppio Albairate-Abbiategrasso PROG PROG,Città metropolitane,015005,Albairate,MI,Milano,03,564.68,agg2025
0049A,Raddoppio Milano-Mortara: 1^ fase Raddoppio Milano S.Cristoforo- Albairate Fermate Porta Romana e Tibaldi Riqualificazione Milano S. Cristoforo-P.ta Romana PROG PROG Raddoppio Albairate-Abbiategrasso PROG PROG,Città metropolitane,015002,Abbiategrasso,MI,Milano,03,564.68,agg2025
0049B,Raddoppio Milano-Mortara: 2^ fase Raddoppio Abbiategrasso-Vigevano-Parona PROG PROG Raddoppio Parona-Mortara,Città metropolitane,015146,Milano,MI,Milano,03,1542.66,agg2025
0049B,Raddoppio Milano-Mortara: 2^ fase Raddoppio Abbiategrasso-Vigevano-Parona PROG PROG Raddoppio Parona-Mortara,Città metropolitane,018102,Mortara,PV,Pavia,03,1542.66,agg2025
0049B,Raddoppio Milano-Mortara: 2^ fase Raddoppio Abbiategrasso-Vigevano-Parona PROG PROG Raddoppio Parona-Mortara,Città metropolitane,015002,Abbiategrasso,MI,Milano,03,1542.66,agg2025
0049B,Raddoppio Milano-Mortara: 2^ fase Raddoppio Abbiategrasso-Vigevano-Parona PROG PROG Raddoppio Parona-Mortara,Città metropolitane,018177,Vigevano,PV,Pavia,03,1542.66,agg2025
0049B,Raddoppio Milano-Mortara: 2^ fase Raddoppio Abbiategrasso-Vigevano-Parona PROG PROG Raddoppio Parona-Mortara,Città metropolitane,018109,Parona,PV,Pavia,03,1542.66,agg2025
0052,"Passante di Torino tratta Porta Susa - Stura Quadruplicamento Torino Porta Susa-Stura e progettazione fermate Dora e Zappata, Stazione AV Torino Porta Susa e Nuova SSE Torino Bramante",Città metropolitane,001272,Torino,TO,Torino,01,1045.03,agg2025
0077,Raddoppio Genova-Ventimiglia 1^ fase Raddoppio Andora - S.Lorenzo e completamento raddoppio S.Lorenzo - Ospedaletti,Direttrici di interesse nazionale,010025,Genova,GE,Genova,07,691.53,agg2025
0077,Raddoppio Genova-Ventimiglia 1^ fase Raddoppio Andora - S.Lorenzo e completamento raddoppio S.Lorenzo - Ospedaletti,Direttrici di interesse nazionale,008065,Ventimiglia,IM,Imperia,07,691.53,agg2025
0077,Raddoppio Genova-Ventimiglia 1^ fase Raddoppio Andora - S.Lorenzo e completamento raddoppio S.Lorenzo - Ospedaletti,Direttrici di interesse nazionale,009006,Andora,SV,Savona,07,691.53,agg2025
0077,Raddoppio Genova-Ventimiglia 1^ fase Raddoppio Andora - S.Lorenzo e completamento raddoppio S.Lorenzo - Ospedaletti,Direttrici di interesse nazionale,008039,Ospedaletti,IM,Imperia,07,691.53,agg2025
0083,Infrastrutturazione area stazione Tiburtina e nodo di interscambio Stazione AV stazione Tiburtina e infrastrutturazione area,Città metropolitane,058091,Roma,RM,Roma,12,322.5,agg2025
0099A,Itinerario Napoli-Bari: Raddoppio Bovino-Cervaro Raddoppio Bovino-Cervaro,Direttrici di interesse nazionale,063049,Napoli,NA,Napoli,15,263.4,agg2025
0099A,Itinerario Napoli-Bari: Raddoppio Bovino-Cervaro Raddoppio Bovino-Cervaro,Direttrici di interesse nazionale,072006,Bari,BA,Bari,16,263.4,agg2025
0099A,Itinerario Napoli-Bari: Raddoppio Bovino-Cervaro Raddoppio Bovino-Cervaro,Direttrici di interesse nazionale,071007,Bovino,FG,Foggia,16,263.4,agg2025
0099B,Itinerario Napoli-Bari: Raddoppio Orsara-Bovino Raddoppio Orsara-Bovino,Direttrici di interesse nazionale,063049,Napoli,NA,Napoli,15,579.26,agg2025
0099B,Itinerario Napoli-Bari: Raddoppio Orsara-Bovino Raddoppio Orsara-Bovino,Direttrici di interesse nazionale,072006,Bari,BA,Bari,16,579.26,agg2025
0099B,Itinerario Napoli-Bari: Raddoppio Orsara-Bovino Raddoppio Orsara-Bovino,Direttrici di interesse nazionale,071007,Bovino,FG,Foggia,16,579.26,agg2025
0099C,Itinerario Napoli-Bari: Opere di completamento raddoppio Vitulano-Apice Interventi di completamento raddoppio Vitulano-Apice,Direttrici di interesse nazionale,063049,Napoli,NA,Napoli,15,19.95,agg2025
0099C,Itinerario Napoli-Bari: Opere di completamento raddoppio Vitulano-Apice Interventi di completamento raddoppio Vitulano-Apice,Direttrici di interesse nazionale,072006,Bari,BA,Bari,16,19.95,agg2025
0099C,Itinerario Napoli-Bari: Opere di completamento raddoppio Vitulano-Apice Interventi di completamento raddoppio Vitulano-Apice,Direttrici di interesse nazionale,062077,Vitulano,BN,Benevento,15,19.95,agg2025
0099C,Itinerario Napoli-Bari: Opere di completamento raddoppio Vitulano-Apice Interventi di completamento raddoppio Vitulano-Apice,Direttrici di interesse nazionale,062003,Apice,BN,Benevento,15,19.95,agg2025
0100,"Raddoppio Bari-Taranto Raddoppio Bari S.Andrea - Bitetto e Castellaneta-Palagianello e interventi di completamento tratte già raddoppiate, bretella di collegamento Bari-Taranto-Metaponto",Direttrici di interesse nazionale,072006,Bari,BA,Bari,16,498.58,agg2025
0100,"Raddoppio Bari-Taranto Raddoppio Bari S.Andrea - Bitetto e Castellaneta-Palagianello e interventi di completamento tratte già raddoppiate, bretella di collegamento Bari-Taranto-Metaponto",Direttrici di interesse nazionale,073027,Taranto,TA,Taranto,16,498.58,agg2025
0100,"Raddoppio Bari-Taranto Raddoppio Bari S.Andrea - Bitetto e Castellaneta-Palagianello e interventi di completamento tratte già raddoppiate, bretella di collegamento Bari-Taranto-Metaponto",Direttrici di interesse nazionale,072010,Bitetto,BA,Bari,16,498.58,agg2025
0100,"Raddoppio Bari-Taranto Raddoppio Bari S.Andrea - Bitetto e Castellaneta-Palagianello e interventi di completamento tratte già raddoppiate, bretella di collegamento Bari-Taranto-Metaponto",Direttrici di interesse nazionale,073003,Castellaneta,TA,Taranto,16,498.58,agg2025
0100,"Raddoppio Bari-Taranto Raddoppio Bari S.Andrea - Bitetto e Castellaneta-Palagianello e interventi di completamento tratte già raddoppiate, bretella di collegamento Bari-Taranto-Metaponto",Direttrici di interesse nazionale,073020,Palagianello,TA,Taranto,16,498.58,agg2025
0115,Raddoppio Messina - Siracusa 1^ fase Raddoppio Catania Ognina - Catania Centrale e interventi di completamento raddoppio Fiumefreddo-Giarre e Targia - Siracusa,Città metropolitane,083048,Messina,ME,Messina,19,126.66,agg2025
0115,Raddoppio Messina - Siracusa 1^ fase Raddoppio Catania Ognina - Catania Centrale e interventi di completamento raddoppio Fiumefreddo-Giarre e Targia - Siracusa,Città metropolitane,089017,Siracusa,SR,Siracusa,19,126.66,agg2025
0115,Raddoppio Messina - Siracusa 1^ fase Raddoppio Catania Ognina - Catania Centrale e interventi di completamento raddoppio Fiumefreddo-Giarre e Targia - Siracusa,Città metropolitane,087015,Catania,CT,Catania,19,126.66,agg2025
0115,Raddoppio Messina - Siracusa 1^ fase Raddoppio Catania Ognina - Catania Centrale e interventi di completamento raddoppio Fiumefreddo-Giarre e Targia - Siracusa,Città metropolitane,087016,Fiumefreddo di Sicilia,CT,Catania,19,126.66,agg2025
0115,Raddoppio Messina - Siracusa 1^ fase Raddoppio Catania Ognina - Catania Centrale e interventi di completamento raddoppio Fiumefreddo-Giarre e Targia - Siracusa,Città metropolitane,087017,Giarre,CT,Catania,19,126.66,agg2025
0136,Nuova Linea Ferrandina-Matera La Martella,Direttrici di interesse nazionale,077008,Ferrandina,MT,Matera,17,525.45,agg2025
0136,Nuova Linea Ferrandina-Matera La Martella,Direttrici di interesse nazionale,077014,Matera,MT,Matera,17,525.45,agg2025
0142A,"Raddoppio Pescara-Bari 1^ fase Completamento raddoppio Ortona-Casalbordino, Vasto-Vasto S.Salvo e Lesina-San Severo (opere già in esercizio) e Raddoppio tratta a nord della stazione di Ortona PRG e ACC Foggia",Direttrici di interesse nazionale,068028,Pescara,PE,Pescara,13,318.79,agg2025
0142A,"Raddoppio Pescara-Bari 1^ fase Completamento raddoppio Ortona-Casalbordino, Vasto-Vasto S.Salvo e Lesina-San Severo (opere già in esercizio) e Raddoppio tratta a nord della stazione di Ortona PRG e ACC Foggia",Direttrici di interesse nazionale,072006,Bari,BA,Bari,16,318.79,agg2025
0142A,"Raddoppio Pescara-Bari 1^ fase Completamento raddoppio Ortona-Casalbordino, Vasto-Vasto S.Salvo e Lesina-San Severo (opere già in esercizio) e Raddoppio tratta a nord della stazione di Ortona PRG e ACC Foggia",Direttrici di interesse nazionale,069058,Ortona,CH,Chieti,13,318.79,agg2025
0142A,"Raddoppio Pescara-Bari 1^ fase Completamento raddoppio Ortona-Casalbordino, Vasto-Vasto S.Salvo e Lesina-San Severo (opere già in esercizio) e Raddoppio tratta a nord della stazione di Ortona PRG e ACC Foggia",Direttrici di interesse nazionale,069015,Casalbordino,CH,Chieti,13,318.79,agg2025
0142A,"Raddoppio Pescara-Bari 1^ fase Completamento raddoppio Ortona-Casalbordino, Vasto-Vasto S.Salvo e Lesina-San Severo (opere già in esercizio) e Raddoppio tratta a nord della stazione di Ortona PRG e ACC Foggia",Direttrici di interesse nazionale,069099,Vasto,CH,Chieti,13,318.79,agg2025
0142A,"Raddoppio Pescara-Bari 1^ fase Completamento raddoppio Ortona-Casalbordino, Vasto-Vasto S.Salvo e Lesina-San Severo (opere già in esercizio) e Raddoppio tratta a nord della stazione di Ortona PRG e ACC Foggia",Direttrici di interesse nazionale,071027,Lesina,FG,Foggia,16,318.79,agg2025
0142A,"Raddoppio Pescara-Bari 1^ fase Completamento raddoppio Ortona-Casalbordino, Vasto-Vasto S.Salvo e Lesina-San Severo (opere già in esercizio) e Raddoppio tratta a nord della stazione di Ortona PRG e ACC Foggia",Direttrici di interesse nazionale,071051,San Severo,FG,Foggia,16,318.79,agg2025
0142A,"Raddoppio Pescara-Bari 1^ fase Completamento raddoppio Ortona-Casalbordino, Vasto-Vasto S.Salvo e Lesina-San Severo (opere già in esercizio) e Raddoppio tratta a nord della stazione di Ortona PRG e ACC Foggia",Direttrici di interesse nazionale,071024,Foggia,FG,Foggia,16,318.79,agg2025
0142B,Completamento raddoppio Pescara-Bari (tratta Termoli- Lesina) Raddoppio Ripalta-Lesina Raddoppio Termoli-Ripalta,Direttrici di interesse nazionale,068028,Pescara,PE,Pescara,13,700.0,agg2025
0142B,Completamento raddoppio Pescara-Bari (tratta Termoli- Lesina) Raddoppio Ripalta-Lesina Raddoppio Termoli-Ripalta,Direttrici di interesse nazionale,072006,Bari,BA,Bari,16,700.0,agg2025
0142B,Completamento raddoppio Pescara-Bari (tratta Termoli- Lesina) Raddoppio Ripalta-Lesina Raddoppio Termoli-Ripalta,Direttrici di interesse nazionale,070078,Termoli,CB,Campobasso,14,700.0,agg2025
0142B,Completamento raddoppio Pescara-Bari (tratta Termoli- Lesina) Raddoppio Ripalta-Lesina Raddoppio Termoli-Ripalta,Direttrici di interesse nazionale,071027,Lesina,FG,Foggia,16,700.0,agg2025
0149,"Sistemazione nodo di Bari Raddoppio Bari Parco Sud - Bari Torre a Mare e variante ingresso linea merci Bari-Taranto, Variante ingresso linea viaggiatori Bari- Taranto, modifica radice lato Nord Bari C.le e ACC Bari Parco Nord, Binari di stazionamento della stazione di Bari C.le",Città metropolitane,072006,Bari,BA,Bari,16,159.61,agg2025
0149,"Sistemazione nodo di Bari Raddoppio Bari Parco Sud - Bari Torre a Mare e variante ingresso linea merci Bari-Taranto, Variante ingresso linea viaggiatori Bari- Taranto, modifica radice lato Nord Bari C.le e ACC Bari Parco Nord, Binari di stazionamento della stazione di Bari C.le",Città metropolitane,073027,Taranto,TA,Taranto,16,159.61,agg2025
0223A,Nodo di Novara 1^ fase Sistemazione Novara Boschetto e PRG Vignale PROG PROG,Direttrici di interesse nazionale,003106,Novara,NO,Novara,01,190.5,agg2025
0223B,Nodo di Novara completamento Nodo di Novara: Passante merci (include progettazioni pregresse PROG PROG per opere di scavalco linee Novara-Mortara e Novara-Milano),Direttrici di interesse nazionale,003106,Novara,NO,Novara,01,392.53,agg2025
0223B,Nodo di Novara completamento Nodo di Novara: Passante merci (include progettazioni pregresse PROG PROG per opere di scavalco linee Novara-Mortara e Novara-Milano),Direttrici di interesse nazionale,018102,Mortara,PV,Pavia,03,392.53,agg2025
0223B,Nodo di Novara completamento Nodo di Novara: Passante merci (include progettazioni pregresse PROG PROG per opere di scavalco linee Novara-Mortara e Novara-Milano),Direttrici di interesse nazionale,015146,Milano,MI,Milano,03,392.53,agg2025
0226,Raddoppio Orte-Falconara: tratta Spoleto-Terni Raddoppio Spoleto-Terni PROG ITER,Direttrici di interesse nazionale,054051,Spoleto,PG,Perugia,10,1618.04,agg2025
0226,Raddoppio Orte-Falconara: tratta Spoleto-Terni Raddoppio Spoleto-Terni PROG ITER,Direttrici di interesse nazionale,055032,Terni,TR,Terni,10,1618.04,agg2025
0240,"Potenziamento infrastrutturale Voltri-Brignole 1^ fase: Completamento variante Pegli-Voltri e PRG Voltri 1^ fase, quadruplicamento Voltri-Sampierdarena e PRG Sampierdarena, sestuplicamento P.Principe-Brignole/Terralba 2^ fase: Completamento PRG Voltri",,010025,Genova,GE,Genova,07,642.4,cdp2017
0241A,Cintura di Torino e connessione al collegamento Torino- Lione opere prioritarie Sezione nazionale Torino-Lione 1^ fase (quadruplicamento PROG PROG Avigliana-Orbassano e scalo Orbassano),Direttrici di interesse nazionale,001272,Torino,TO,Torino,01,2989.54,agg2025
0241A,Cintura di Torino e connessione al collegamento Torino- Lione opere prioritarie Sezione nazionale Torino-Lione 1^ fase (quadruplicamento PROG PROG Avigliana-Orbassano e scalo Orbassano),Direttrici di interesse nazionale,001013,Avigliana,TO,Torino,01,2989.54,agg2025
0241A,Cintura di Torino e connessione al collegamento Torino- Lione opere prioritarie Sezione nazionale Torino-Lione 1^ fase (quadruplicamento PROG PROG Avigliana-Orbassano e scalo Orbassano),Direttrici di interesse nazionale,001171,Orbassano,TO,Torino,01,2989.54,agg2025
0241B,Cintura di Torino e connessione al collegamento Torino- Lione completamento Cintura di Torino (nuova linea Orbassano-Settimo Torinese) Sezione nazionale Torino-Lione 2^ fase (quadruplicamento PROG PROG Bussoleno-Avigliana),Direttrici di interesse nazionale,001272,Torino,TO,Torino,01,2692.85,agg2025
0241B,Cintura di Torino e connessione al collegamento Torino- Lione completamento Cintura di Torino (nuova linea Orbassano-Settimo Torinese) Sezione nazionale Torino-Lione 2^ fase (quadruplicamento PROG PROG Bussoleno-Avigliana),Direttrici di interesse nazionale,001171,Orbassano,TO,Torino,01,2692.85,agg2025
0241B,Cintura di Torino e connessione al collegamento Torino- Lione completamento Cintura di Torino (nuova linea Orbassano-Settimo Torinese) Sezione nazionale Torino-Lione 2^ fase (quadruplicamento PROG PROG Bussoleno-Avigliana),Direttrici di interesse nazionale,001265,Settimo Torinese,TO,Torino,01,2692.85,agg2025
0241B,Cintura di Torino e connessione al collegamento Torino- Lione completamento Cintura di Torino (nuova linea Orbassano-Settimo Torinese) Sezione nazionale Torino-Lione 2^ fase (quadruplicamento PROG PROG Bussoleno-Avigliana),Direttrici di interesse nazionale,001044,Bussoleno,TO,Torino,01,2692.85,agg2025
0241B,Cintura di Torino e connessione al collegamento Torino- Lione completamento Cintura di Torino (nuova linea Orbassano-Settimo Torinese) Sezione nazionale Torino-Lione 2^ fase (quadruplicamento PROG PROG Bussoleno-Avigliana),Direttrici di interesse nazionale,001013,Avigliana,TO,Torino,01,2692.85,agg2025
0242,"Velocizzazione Palermo - Agrigento Velocizzazione Montemaggiore-Roccapalumba, Variante Lercara e altri interventi minori",Valorizzazione reti regionali,082053,Palermo,PA,Palermo,19,167.5,agg2025
0242,"Velocizzazione Palermo - Agrigento Velocizzazione Montemaggiore-Roccapalumba, Variante Lercara e altri interventi minori",Valorizzazione reti regionali,084001,Agrigento,AG,Agrigento,19,167.5,agg2025
0242,"Velocizzazione Palermo - Agrigento Velocizzazione Montemaggiore-Roccapalumba, Variante Lercara e altri interventi minori",Valorizzazione reti regionali,082062,Roccapalumba,PA,Palermo,19,167.5,agg2025
0243,Scalo merci di Modena Marzaglia,,036023,Modena,MO,Modena,08,0.0,cdp2017
0249,Linea Messina-Catania: raddoppio Giampilieri-Fiumefreddo Raddoppio Giampilieri-Taormina Raddoppio Letojanni-Taormina-Fiumefreddo,Direttrici di interesse nazionale,083048,Messina,ME,Messina,19,2563.96,agg2025
0249,Linea Messina-Catania: raddoppio Giampilieri-Fiumefreddo Raddoppio Giampilieri-Taormina Raddoppio Letojanni-Taormina-Fiumefreddo,Direttrici di interesse nazionale,087015,Catania,CT,Catania,19,2563.96,agg2025
0249,Linea Messina-Catania: raddoppio Giampilieri-Fiumefreddo Raddoppio Giampilieri-Taormina Raddoppio Letojanni-Taormina-Fiumefreddo,Direttrici di interesse nazionale,087016,Fiumefreddo di Sicilia,CT,Catania,19,2563.96,agg2025
0249,Linea Messina-Catania: raddoppio Giampilieri-Fiumefreddo Raddoppio Giampilieri-Taormina Raddoppio Letojanni-Taormina-Fiumefreddo,Direttrici di interesse nazionale,083097,Taormina,ME,Messina,19,2563.96,agg2025
0249,Linea Messina-Catania: raddoppio Giampilieri-Fiumefreddo Raddoppio Giampilieri-Taormina Raddoppio Letojanni-Taormina-Fiumefreddo,Direttrici di interesse nazionale,083038,Letojanni,ME,Messina,19,2563.96,agg2025
0258_A,Chiusura anello ferroviario di Roma Chiusura anello di Roma lotto 1A Raddoppio Valle Aurelia - Vigna Clara Chiusura anello di Roma lotto 1B Vigna Clara - Tor di Quinto ITER Chiusura anello di Roma lotto 2 Tor di Quinto - Val d'Ala PROG PROG Chiusura anello di Roma lotto 3 Collegamenti con linee Tirrenica e PROG PROG Roma-Firenze,Città metropolitane,058091,Roma,RM,Roma,12,1245.79,agg2025
0258_A,Chiusura anello ferroviario di Roma Chiusura anello di Roma lotto 1A Raddoppio Valle Aurelia - Vigna Clara Chiusura anello di Roma lotto 1B Vigna Clara - Tor di Quinto ITER Chiusura anello di Roma lotto 2 Tor di Quinto - Val d'Ala PROG PROG Chiusura anello di Roma lotto 3 Collegamenti con linee Tirrenica e PROG PROG Roma-Firenze,Città metropolitane,048017,Firenze,FI,Firenze,09,1245.79,agg2025
0260,Raddoppio Lunghezza-Guidonia Raddoppio Lunghezza-Guidonia 1^ fase (Lunghezza-Bagni di Tivoli) Raddoppio Lunghezza-Guidonia 2^ fase (Bagni di Tivoli - Guidonia) PROG ITER,Città metropolitane,058104,Tivoli,RM,Roma,12,395.14,agg2025
0262,"Nuova linea AV/AC Venezia-Trieste: tratta Ronchi dei Legionari - Trieste • NCP 1: ""Intervento sospeso""",,027042,Venezia,VE,Venezia,05,1745.8,cdp2017
0262,"Nuova linea AV/AC Venezia-Trieste: tratta Ronchi dei Legionari - Trieste • NCP 1: ""Intervento sospeso""",,032006,Trieste,TS,Trieste,06,1745.8,cdp2017
0262,"Nuova linea AV/AC Venezia-Trieste: tratta Ronchi dei Legionari - Trieste • NCP 1: ""Intervento sospeso""",,031016,Ronchi dei Legionari,GO,Gorizia,06,1745.8,cdp2017
0263,Adeguamento tecnologico e infrastrutturale linea Battipaglia-Reggio Calabria,Direttrici di interesse nazionale,065014,Battipaglia,SA,Salerno,15,230.0,agg2025
0264A,Accesso al Sempione: raddoppio Vignale-Oleggio-Arona Raddoppio Vignale-Oleggio PROG PROG Raddoppio Oleggio-Arona PROG PROG,Direttrici di interesse nazionale,003108,Oleggio,NO,Novara,01,424.0,agg2025
0264A,Accesso al Sempione: raddoppio Vignale-Oleggio-Arona Raddoppio Vignale-Oleggio PROG PROG Raddoppio Oleggio-Arona PROG PROG,Direttrici di interesse nazionale,003008,Arona,NO,Novara,01,424.0,agg2025
0264B,Accesso al Sempione: raddoppio Vignale-Oleggio- Arona completamento Nuovo terminal autostrada viaggiante Cameri,,003108,Oleggio,NO,Novara,01,111.0,cdp2017
0264B,Accesso al Sempione: raddoppio Vignale-Oleggio- Arona completamento Nuovo terminal autostrada viaggiante Cameri,,003008,Arona,NO,Novara,01,111.0,cdp2017
0264B,Accesso al Sempione: raddoppio Vignale-Oleggio- Arona completamento Nuovo terminal autostrada viaggiante Cameri,,003032,Cameri,NO,Novara,01,111.0,cdp2017
0265,Accesso al Gottardo Raddoppio Laveno-Luino,Direttrici di interesse nazionale,012092,Luino,VA,Varese,03,0.0,agg2021
0266,Accesso al Gottardo Quadruplicamento Chiasso- Monza Quadruplicamento tratta bivio Rosales-Seregno,Direttrici di interesse nazionale,108033,Monza,MB,Monza e della Brianza,03,1412.0,cdp2022
0266,Accesso al Gottardo Quadruplicamento Chiasso- Monza Quadruplicamento tratta bivio Rosales-Seregno,Direttrici di interesse nazionale,108039,Seregno,MB,Monza e della Brianza,03,1412.0,cdp2022
0267,Nuovo collegamento Arcisate - Stabio,Valorizzazione reti regionali,012004,Arcisate,VA,Varese,03,0.0,cdp2022
0268,Collegamento ferroviario aeroporto di Venezia Collegamento ferroviario aeroporto di Venezia,"Aeroporti, accessibilità su ferro",027042,Venezia,VE,Venezia,05,644.0,agg2025
0269,Collegamento ferroviario aeroporto di Verona Collegamento ferroviario aeroporto di Verona,"Aeroporti, accessibilità su ferro",023091,Verona,VR,Verona,05,90.4,agg2025
0270,Sistemazione nodo di Catania Interramento stazione Catania c.le completamento del doppio PROG PROG binario tra Catania C.le e Catania Acquicella Interramento Catania Acquicella-Bicocca Collegamento ferroviario aeroporto di Catania: fermata su linea esistente,Direttrici di interesse nazionale,087015,Catania,CT,Catania,19,1607.82,agg2025
0271A,Velocizzazione Catania-Siracusa 1^ fase Velocizzazione Bicocca-Augusta,Valorizzazione reti regionali,087015,Catania,CT,Catania,19,100.33,agg2025
0271A,Velocizzazione Catania-Siracusa 1^ fase Velocizzazione Bicocca-Augusta,Valorizzazione reti regionali,089017,Siracusa,SR,Siracusa,19,100.33,agg2025
0271A,Velocizzazione Catania-Siracusa 1^ fase Velocizzazione Bicocca-Augusta,Valorizzazione reti regionali,089001,Augusta,SR,Siracusa,19,100.33,agg2025
0271B,Velocizzazione Catania-Siracusa completamento Velocizzazione Augusta-Targia PROG PROG,Valorizzazione reti regionali,087015,Catania,CT,Catania,19,44.0,agg2025
0271B,Velocizzazione Catania-Siracusa completamento Velocizzazione Augusta-Targia PROG PROG,Valorizzazione reti regionali,089017,Siracusa,SR,Siracusa,19,44.0,agg2025
0271B,Velocizzazione Catania-Siracusa completamento Velocizzazione Augusta-Targia PROG PROG,Valorizzazione reti regionali,089001,Augusta,SR,Siracusa,19,44.0,agg2025
0274,Quadruplicamento Salerno - Battipaglia,Direttrici di interesse nazionale,065116,Salerno,SA,Salerno,15,0.0,agg2021
0274,Quadruplicamento Salerno - Battipaglia,Direttrici di interesse nazionale,065014,Battipaglia,SA,Salerno,15,0.0,agg2021
0275A,Nuovo collegamento Palermo-Catania 1^ macrofase 1^ macrofase Palermo - Catania: Lotto 1+2 Fiumetorto- Montemaggiore-Lercara 1^ macrofase Palermo - Catania: Lotto 3 Lercara-Caltanissetta Xirbi 1^ macrofase Palermo - Catania: Lotto 4a Caltanissetta Xirbi-Enna 1^ macrofase Palermo - Catania: Lotto 4b Enna-Dittaino 1^ macrofase Palermo - Catania: Lotto 5 Dittaino-Catenanuova 1^ macrofase Palermo - Catania: Lotto 6 Catenanuova-Bicocca,Direttrici di interesse nazionale,082053,Palermo,PA,Palermo,19,8513.99,agg2025
0275A,Nuovo collegamento Palermo-Catania 1^ macrofase 1^ macrofase Palermo - Catania: Lotto 1+2 Fiumetorto- Montemaggiore-Lercara 1^ macrofase Palermo - Catania: Lotto 3 Lercara-Caltanissetta Xirbi 1^ macrofase Palermo - Catania: Lotto 4a Caltanissetta Xirbi-Enna 1^ macrofase Palermo - Catania: Lotto 4b Enna-Dittaino 1^ macrofase Palermo - Catania: Lotto 5 Dittaino-Catenanuova 1^ macrofase Palermo - Catania: Lotto 6 Catenanuova-Bicocca,Direttrici di interesse nazionale,087015,Catania,CT,Catania,19,8513.99,agg2025
0275A,Nuovo collegamento Palermo-Catania 1^ macrofase 1^ macrofase Palermo - Catania: Lotto 1+2 Fiumetorto- Montemaggiore-Lercara 1^ macrofase Palermo - Catania: Lotto 3 Lercara-Caltanissetta Xirbi 1^ macrofase Palermo - Catania: Lotto 4a Caltanissetta Xirbi-Enna 1^ macrofase Palermo - Catania: Lotto 4b Enna-Dittaino 1^ macrofase Palermo - Catania: Lotto 5 Dittaino-Catenanuova 1^ macrofase Palermo - Catania: Lotto 6 Catenanuova-Bicocca,Direttrici di interesse nazionale,085004,Caltanissetta,CL,Caltanissetta,19,8513.99,agg2025
0275A,Nuovo collegamento Palermo-Catania 1^ macrofase 1^ macrofase Palermo - Catania: Lotto 1+2 Fiumetorto- Montemaggiore-Lercara 1^ macrofase Palermo - Catania: Lotto 3 Lercara-Caltanissetta Xirbi 1^ macrofase Palermo - Catania: Lotto 4a Caltanissetta Xirbi-Enna 1^ macrofase Palermo - Catania: Lotto 4b Enna-Dittaino 1^ macrofase Palermo - Catania: Lotto 5 Dittaino-Catenanuova 1^ macrofase Palermo - Catania: Lotto 6 Catenanuova-Bicocca,Direttrici di interesse nazionale,086009,Enna,EN,Enna,19,8513.99,agg2025
0275A,Nuovo collegamento Palermo-Catania 1^ macrofase 1^ macrofase Palermo - Catania: Lotto 1+2 Fiumetorto- Montemaggiore-Lercara 1^ macrofase Palermo - Catania: Lotto 3 Lercara-Caltanissetta Xirbi 1^ macrofase Palermo - Catania: Lotto 4a Caltanissetta Xirbi-Enna 1^ macrofase Palermo - Catania: Lotto 4b Enna-Dittaino 1^ macrofase Palermo - Catania: Lotto 5 Dittaino-Catenanuova 1^ macrofase Palermo - Catania: Lotto 6 Catenanuova-Bicocca,Direttrici di interesse nazionale,086006,Catenanuova,EN,Enna,19,8513.99,agg2025
0275B,Nuovo collegamento Palermo-Catania 2^ macrofase 2^ macrofase Palermo - Catania: Tratti di raddoppio e varianti alla PROG PROG linea storica tratta Lercara Diramazione- Nuova Enna,Direttrici di interesse nazionale,082053,Palermo,PA,Palermo,19,566.87,agg2025
0275B,Nuovo collegamento Palermo-Catania 2^ macrofase 2^ macrofase Palermo - Catania: Tratti di raddoppio e varianti alla PROG PROG linea storica tratta Lercara Diramazione- Nuova Enna,Direttrici di interesse nazionale,087015,Catania,CT,Catania,19,566.87,agg2025
0275B,Nuovo collegamento Palermo-Catania 2^ macrofase 2^ macrofase Palermo - Catania: Tratti di raddoppio e varianti alla PROG PROG linea storica tratta Lercara Diramazione- Nuova Enna,Direttrici di interesse nazionale,086009,Enna,EN,Enna,19,566.87,agg2025
0276A,Completamento raddoppio asse ferroviario Pontremolese - 1^ fase Raddoppio Parma-Vicofertile ITER,Direttrici di interesse nazionale,034027,Parma,PR,Parma,08,508.0,agg2025
0276B,Completamento raddoppio asse ferroviario Pontremolese - 2^ fase Raddoppio Vicofertile-Fornovo(Osteriazza) e Berceto-Chiesaccia PROG PROG,Direttrici di interesse nazionale,034027,Parma,PR,Parma,08,5312.0,agg2025
0276B,Completamento raddoppio asse ferroviario Pontremolese - 2^ fase Raddoppio Vicofertile-Fornovo(Osteriazza) e Berceto-Chiesaccia PROG PROG,Direttrici di interesse nazionale,034017,Fornovo di Taro,PR,Parma,08,5312.0,agg2025
0276B,Completamento raddoppio asse ferroviario Pontremolese - 2^ fase Raddoppio Vicofertile-Fornovo(Osteriazza) e Berceto-Chiesaccia PROG PROG,Direttrici di interesse nazionale,034004,Berceto,PR,Parma,08,5312.0,agg2025
0277,Potenziamento Seregno-Bergamo Potenziamento Seregno-Bergamo (gronda est di Milano) PROG PROG,Direttrici di interesse nazionale,108039,Seregno,MB,Monza e della Brianza,03,1000.0,agg2025
0277,Potenziamento Seregno-Bergamo Potenziamento Seregno-Bergamo (gronda est di Milano) PROG PROG,Direttrici di interesse nazionale,016024,Bergamo,BG,Bergamo,03,1000.0,agg2025
0277,Potenziamento Seregno-Bergamo Potenziamento Seregno-Bergamo (gronda est di Milano) PROG PROG,Direttrici di interesse nazionale,015146,Milano,MI,Milano,03,1000.0,agg2025
0279A,Itinerario Napoli-Bari: Raddoppio e velocizzazione tratta Cancello-Frasso Telesino Nuovo collegamento Cancello-Frasso Telesino e progettazione preliminare intero itinerario,Direttrici di interesse nazionale,063049,Napoli,NA,Napoli,15,767.21,agg2025
0279A,Itinerario Napoli-Bari: Raddoppio e velocizzazione tratta Cancello-Frasso Telesino Nuovo collegamento Cancello-Frasso Telesino e progettazione preliminare intero itinerario,Direttrici di interesse nazionale,072006,Bari,BA,Bari,16,767.21,agg2025
0279A,Itinerario Napoli-Bari: Raddoppio e velocizzazione tratta Cancello-Frasso Telesino Nuovo collegamento Cancello-Frasso Telesino e progettazione preliminare intero itinerario,Direttrici di interesse nazionale,062035,Frasso Telesino,BN,Benevento,15,767.21,agg2025
0279B,Itinerario Napoli-Bari: Raddoppio e velocizzazione tratta Frasso Telesino-Vitulano (Benevento) Raddoppio Frasso Telesino-Telese Raddoppio Telese-S.Lorenzo Maggiore-Vitulano,Direttrici di interesse nazionale,063049,Napoli,NA,Napoli,15,1178.09,agg2025
0279B,Itinerario Napoli-Bari: Raddoppio e velocizzazione tratta Frasso Telesino-Vitulano (Benevento) Raddoppio Frasso Telesino-Telese Raddoppio Telese-S.Lorenzo Maggiore-Vitulano,Direttrici di interesse nazionale,072006,Bari,BA,Bari,16,1178.09,agg2025
0279B,Itinerario Napoli-Bari: Raddoppio e velocizzazione tratta Frasso Telesino-Vitulano (Benevento) Raddoppio Frasso Telesino-Telese Raddoppio Telese-S.Lorenzo Maggiore-Vitulano,Direttrici di interesse nazionale,062035,Frasso Telesino,BN,Benevento,15,1178.09,agg2025
0279B,Itinerario Napoli-Bari: Raddoppio e velocizzazione tratta Frasso Telesino-Vitulano (Benevento) Raddoppio Frasso Telesino-Telese Raddoppio Telese-S.Lorenzo Maggiore-Vitulano,Direttrici di interesse nazionale,062077,Vitulano,BN,Benevento,15,1178.09,agg2025
0279B,Itinerario Napoli-Bari: Raddoppio e velocizzazione tratta Frasso Telesino-Vitulano (Benevento) Raddoppio Frasso Telesino-Telese Raddoppio Telese-S.Lorenzo Maggiore-Vitulano,Direttrici di interesse nazionale,062008,Benevento,BN,Benevento,15,1178.09,agg2025
0281,Itinerario Napoli-Bari: raddoppio tratta Apice-Orsara,Direttrici di interesse nazionale,063049,Napoli,NA,Napoli,15,,agg2025
0281,Itinerario Napoli-Bari: raddoppio tratta Apice-Orsara,Direttrici di interesse nazionale,072006,Bari,BA,Bari,16,,agg2025
0281,Itinerario Napoli-Bari: raddoppio tratta Apice-Orsara,Direttrici di interesse nazionale,062003,Apice,BN,Benevento,15,,agg2025
0282,Alta Velocità Salerno-Reggio Calabria: Variante Ogliastro-Sapri,Direttrici di interesse nazionale,065116,Salerno,SA,Salerno,15,0.0,agg2021
0282,Alta Velocità Salerno-Reggio Calabria: Variante Ogliastro-Sapri,Direttrici di interesse nazionale,065134,Sapri,SA,Salerno,15,0.0,agg2021
0284,Itinerario Napoli-Bari: Interventi su linea Cancello-Napoli per integrazione con linea AV/AC Variante Napoli-Cancello,Direttrici di interesse nazionale,063049,Napoli,NA,Napoli,15,1044.36,agg2025
0284,Itinerario Napoli-Bari: Interventi su linea Cancello-Napoli per integrazione con linea AV/AC Variante Napoli-Cancello,Direttrici di interesse nazionale,072006,Bari,BA,Bari,16,1044.36,agg2025
0286A,Quadruplicamento Tortona-Voghera opere prioritarie PRG e ACC Tortona,Direttrici di interesse nazionale,006174,Tortona,AL,Alessandria,01,103.74,agg2025
0286A,Quadruplicamento Tortona-Voghera opere prioritarie PRG e ACC Tortona,Direttrici di interesse nazionale,018182,Voghera,PV,Pavia,03,103.74,agg2025
0286B,Quadruplicamento Tortona-Voghera Quadruplicamento Tortona-Voghera PROG ITER,Direttrici di interesse nazionale,006174,Tortona,AL,Alessandria,01,900.0,agg2025
0286B,Quadruplicamento Tortona-Voghera Quadruplicamento Tortona-Voghera PROG ITER,Direttrici di interesse nazionale,018182,Voghera,PV,Pavia,03,900.0,agg2025
0289,Completamento raddoppio Genova-Ventimiglia: tratta Andora-Finale Ligure Raddoppio Andora-Finale Ligure PROG ITER,Direttrici di interesse nazionale,010025,Genova,GE,Genova,07,2576.0,agg2025
0289,Completamento raddoppio Genova-Ventimiglia: tratta Andora-Finale Ligure Raddoppio Andora-Finale Ligure PROG ITER,Direttrici di interesse nazionale,008065,Ventimiglia,IM,Imperia,07,2576.0,agg2025
0289,Completamento raddoppio Genova-Ventimiglia: tratta Andora-Finale Ligure Raddoppio Andora-Finale Ligure PROG ITER,Direttrici di interesse nazionale,009006,Andora,SV,Savona,07,2576.0,agg2025
0289,Completamento raddoppio Genova-Ventimiglia: tratta Andora-Finale Ligure Raddoppio Andora-Finale Ligure PROG ITER,Direttrici di interesse nazionale,009029,Finale Ligure,SV,Savona,07,2576.0,agg2025
0290,Nuova linea Passo Corese-Rieti Nuova linea Passo Corese-Rieti PROG PROG,Valorizzazione reti regionali,057027,Fara in Sabina,RI,Rieti,12,3124.82,agg2025
0290,Nuova linea Passo Corese-Rieti Nuova linea Passo Corese-Rieti PROG PROG,Valorizzazione reti regionali,057059,Rieti,RI,Rieti,12,3124.82,agg2025
0291,"Nuova linea AV/AC Venezia-Trieste: tratta Venezia - Ronchi dei Legionari • NCP 1: ""Intervento sospeso""",,027042,Venezia,VE,Venezia,05,5701.3,cdp2017
0291,"Nuova linea AV/AC Venezia-Trieste: tratta Venezia - Ronchi dei Legionari • NCP 1: ""Intervento sospeso""",,032006,Trieste,TS,Trieste,06,5701.3,cdp2017
0291,"Nuova linea AV/AC Venezia-Trieste: tratta Venezia - Ronchi dei Legionari • NCP 1: ""Intervento sospeso""",,031016,Ronchi dei Legionari,GO,Gorizia,06,5701.3,cdp2017
0292B,Accesso al Brennero lotto 4 - Ingresso nel nodo di Verona Ingresso a Verona,Direttrici di interesse nazionale,023091,Verona,VR,Verona,05,1235.03,agg2025
0294,Potenziamento linea Gallarate-Rho Quadruplicamento Rho-Parabiago e raccordo a Y per Malpensa Quadruplicamento Rho-Parabiago e raccordo a Y per Malpensa (opere di completamento) Triplicamento Parabiago-Gallarate PROG ITER,Direttrici di interesse nazionale,012070,Gallarate,VA,Varese,03,1023.67,agg2025
0294,Potenziamento linea Gallarate-Rho Quadruplicamento Rho-Parabiago e raccordo a Y per Malpensa Quadruplicamento Rho-Parabiago e raccordo a Y per Malpensa (opere di completamento) Triplicamento Parabiago-Gallarate PROG ITER,Direttrici di interesse nazionale,015168,Parabiago,MI,Milano,03,1023.67,agg2025
0294,Potenziamento linea Gallarate-Rho Quadruplicamento Rho-Parabiago e raccordo a Y per Malpensa Quadruplicamento Rho-Parabiago e raccordo a Y per Malpensa (opere di completamento) Triplicamento Parabiago-Gallarate PROG ITER,Direttrici di interesse nazionale,012068,Ferno,VA,Varese,03,1023.67,agg2025
0295,Potenziamento collegamenti ferroviari da nord con aeroporto Malpensa,"Aeroporti, accessibilità su ferro",012068,Ferno,VA,Varese,03,0.0,cdp2022
0296,Raddoppio Orte-Falconara: tratta Foligno-Fabriano Raddoppio Foligno-Fabriano,Direttrici di interesse nazionale,054018,Foligno,PG,Perugia,10,1918.5,agg2025
0296,Raddoppio Orte-Falconara: tratta Foligno-Fabriano Raddoppio Foligno-Fabriano,Direttrici di interesse nazionale,042017,Fabriano,AN,Ancona,11,1918.5,agg2025
0297B,Nodo di Falconara completamento Nuova stazione Osimo ITER,Direttrici di interesse nazionale,042034,Osimo,AN,Ancona,11,123.29,agg2025
0298,Nuovo collegamento PM228 - Castelplanio con by-pass di Albacina PM228-Castelplanio Lotto 1: nuovo collegamento PM228 - nuovo ITER Bivio Nord Albacina PM228-Castelplanio Lotto 2: Raddoppio Bivio Nord Albacina - Serra San Quirico PM228-Castelplanio Lotto 3: Raddoppio Serra San Quirico - PROG ITER Castelplanio,Direttrici di interesse nazionale,042012,Castelplanio,AN,Ancona,11,1680.25,agg2025
0298,Nuovo collegamento PM228 - Castelplanio con by-pass di Albacina PM228-Castelplanio Lotto 1: nuovo collegamento PM228 - nuovo ITER Bivio Nord Albacina PM228-Castelplanio Lotto 2: Raddoppio Bivio Nord Albacina - Serra San Quirico PM228-Castelplanio Lotto 3: Raddoppio Serra San Quirico - PROG ITER Castelplanio,Direttrici di interesse nazionale,042047,Serra San Quirico,AN,Ancona,11,1680.25,agg2025
0307A,Roma-Pescara - ulteriore fasi Raddoppio Interporto d'Abruzzo-Chieti-Pescara PROG ITER,Direttrici di interesse nazionale,058091,Roma,RM,Roma,12,1183.47,agg2025
0307A,Roma-Pescara - ulteriore fasi Raddoppio Interporto d'Abruzzo-Chieti-Pescara PROG ITER,Direttrici di interesse nazionale,068028,Pescara,PE,Pescara,13,1183.47,agg2025
0307A,Roma-Pescara - ulteriore fasi Raddoppio Interporto d'Abruzzo-Chieti-Pescara PROG ITER,Direttrici di interesse nazionale,069022,Chieti,CH,Chieti,13,1183.47,agg2025
0307B,Roma-Pescara,Direttrici di interesse nazionale,058091,Roma,RM,Roma,12,0.0,agg2021
0307B,Roma-Pescara,Direttrici di interesse nazionale,068028,Pescara,PE,Pescara,13,0.0,agg2021
0308,Velocizzazione Battipaglia-Potenza,Direttrici di interesse nazionale,065014,Battipaglia,SA,Salerno,15,0.0,agg2021
0308,Velocizzazione Battipaglia-Potenza,Direttrici di interesse nazionale,076063,Potenza,PZ,Potenza,17,0.0,agg2021
0309,Velocizzazione Potenza - Metaponto,Direttrici di interesse nazionale,076063,Potenza,PZ,Potenza,17,0.0,agg2021
0310,Potenziamento Taranto-Metaponto,Direttrici di interesse nazionale,073027,Taranto,TA,Taranto,16,0.0,agg2021
0311A,"Potenziamento Metaponto-Sibari-Bivio S.Antonello opere prioritarie Metaponto-Sibari-Paola: potenziamento linea di contatto, adeguamento a modulo 750 m e semplificazione impianti, rettifiche di tracciato località Cassano, Tarsia e Torano e variante di Acri",Direttrici di interesse nazionale,078091,Paola,CS,Cosenza,18,161.89,agg2025
0311A,"Potenziamento Metaponto-Sibari-Bivio S.Antonello opere prioritarie Metaponto-Sibari-Paola: potenziamento linea di contatto, adeguamento a modulo 750 m e semplificazione impianti, rettifiche di tracciato località Cassano, Tarsia e Torano e variante di Acri",Direttrici di interesse nazionale,078145,Tarsia,CS,Cosenza,18,161.89,agg2025
0311B,Potenziamento Metaponto-Sibari-Bivio S.Antonello Variante Montegiordano-Amendolara Rettifiche curve ed adeguamento linea Metaponto-Sibari-Paola,Direttrici di interesse nazionale,078082,Montegiordano,CS,Cosenza,18,256.34,agg2025
0311B,Potenziamento Metaponto-Sibari-Bivio S.Antonello Variante Montegiordano-Amendolara Rettifiche curve ed adeguamento linea Metaponto-Sibari-Paola,Direttrici di interesse nazionale,078011,Amendolara,CS,Cosenza,18,256.34,agg2025
0311B,Potenziamento Metaponto-Sibari-Bivio S.Antonello Variante Montegiordano-Amendolara Rettifiche curve ed adeguamento linea Metaponto-Sibari-Paola,Direttrici di interesse nazionale,078091,Paola,CS,Cosenza,18,256.34,agg2025
0312,Ammodernamento Venafro - Termoli,Valorizzazione reti regionali,094052,Venafro,IS,Isernia,14,0.0,agg2021
0312,Ammodernamento Venafro - Termoli,Valorizzazione reti regionali,070078,Termoli,CB,Campobasso,14,0.0,agg2021
0313A,Velocizzazione S. Gavino-Sassari-Olbia fasi prioritarie Variante Bauladu,Direttrici di interesse nazionale,112050,Sassari,SS,Sassari,20,152.7,agg2025
0313A,Velocizzazione S. Gavino-Sassari-Olbia fasi prioritarie Variante Bauladu,Direttrici di interesse nazionale,113017,Olbia,OT,Gallura Nord-Est Sardegna,20,152.7,agg2025
0313A,Velocizzazione S. Gavino-Sassari-Olbia fasi prioritarie Variante Bauladu,Direttrici di interesse nazionale,115013,Bauladu,OR,Oristano,20,152.7,agg2025
0313B,"Velocizzazione S. Gavino-Sassari-Olbia completamento Varianti Bonorva-Torralba, Macomer I, Macomer II e Campomela- PROG PROG Sassari",Direttrici di interesse nazionale,112050,Sassari,SS,Sassari,20,666.8,agg2025
0313B,"Velocizzazione S. Gavino-Sassari-Olbia completamento Varianti Bonorva-Torralba, Macomer I, Macomer II e Campomela- PROG PROG Sassari",Direttrici di interesse nazionale,113017,Olbia,OT,Gallura Nord-Est Sardegna,20,666.8,agg2025
0313B,"Velocizzazione S. Gavino-Sassari-Olbia completamento Varianti Bonorva-Torralba, Macomer I, Macomer II e Campomela- PROG PROG Sassari",Direttrici di interesse nazionale,112009,Bonorva,SS,Sassari,20,666.8,agg2025
0313B,"Velocizzazione S. Gavino-Sassari-Olbia completamento Varianti Bonorva-Torralba, Macomer I, Macomer II e Campomela- PROG PROG Sassari",Direttrici di interesse nazionale,112060,Torralba,SS,Sassari,20,666.8,agg2025
0313B,"Velocizzazione S. Gavino-Sassari-Olbia completamento Varianti Bonorva-Torralba, Macomer I, Macomer II e Campomela- PROG PROG Sassari",Direttrici di interesse nazionale,114023,Macomer,NU,Nuoro,20,666.8,agg2025
0314,Velocizzazione Palermo-Trapani via Milo e via Castelvetrano,Valorizzazione reti regionali,082053,Palermo,PA,Palermo,19,0.0,cdp2022
0314,Velocizzazione Palermo-Trapani via Milo e via Castelvetrano,Valorizzazione reti regionali,081021,Trapani,TP,Trapani,19,0.0,cdp2022
0314,Velocizzazione Palermo-Trapani via Milo e via Castelvetrano,Valorizzazione reti regionali,081006,Castelvetrano,TP,Trapani,19,0.0,cdp2022
0315,Velocizzazione Siracusa-Ragusa-Gela Velocizzazione Siracusa-Ragusa-Gela PROG PROG,Valorizzazione reti regionali,089017,Siracusa,SR,Siracusa,19,200.0,agg2025
0315,Velocizzazione Siracusa-Ragusa-Gela Velocizzazione Siracusa-Ragusa-Gela PROG PROG,Valorizzazione reti regionali,088009,Ragusa,RG,Ragusa,19,200.0,agg2025
0325,Linea AV/AC Milano-Verona: tratta Treviglio-Brescia,Direttrici di interesse nazionale,015146,Milano,MI,Milano,03,,agg2025
0325,Linea AV/AC Milano-Verona: tratta Treviglio-Brescia,Direttrici di interesse nazionale,023091,Verona,VR,Verona,05,,agg2025
0325,Linea AV/AC Milano-Verona: tratta Treviglio-Brescia,Direttrici di interesse nazionale,016219,Treviglio,BG,Bergamo,03,,agg2025
0325,Linea AV/AC Milano-Verona: tratta Treviglio-Brescia,Direttrici di interesse nazionale,017029,Brescia,BS,Brescia,03,,agg2025
0331,Raddoppio linea Roma-Viterbo: tratta Cesano-Bracciano Raddoppio Cesano-Vigna di Valle PROG ITER Raddoppio Vigna di Valle-Bracciano PROG ITER,Città metropolitane,058091,Roma,RM,Roma,12,713.12,agg2025
0331,Raddoppio linea Roma-Viterbo: tratta Cesano-Bracciano Raddoppio Cesano-Vigna di Valle PROG ITER Raddoppio Vigna di Valle-Bracciano PROG ITER,Città metropolitane,056059,Viterbo,VT,Viterbo,12,713.12,agg2025
0331,Raddoppio linea Roma-Viterbo: tratta Cesano-Bracciano Raddoppio Cesano-Vigna di Valle PROG ITER Raddoppio Vigna di Valle-Bracciano PROG ITER,Città metropolitane,058013,Bracciano,RM,Roma,12,713.12,agg2025
0332A,Nodo di Bari: Bari Sud Variante Bari C.le-Bari Torre a Mare,Città metropolitane,072006,Bari,BA,Bari,16,431.3,cdp2022
0332B,Nodo di Bari: Bari Nord Variante tratta Bari S.Spirito - Palese,Città metropolitane,072006,Bari,BA,Bari,16,628.0,cdp2022
0333,Interventi linea Chivasso-Aosta,Valorizzazione reti regionali,001082,Chivasso,TO,Torino,01,0.0,cdp2022
0333,Interventi linea Chivasso-Aosta,Valorizzazione reti regionali,007003,Aosta,AO,Valle d'Aosta/Vallée d'Aoste,02,0.0,cdp2022
0334,"Potenziamento Foligno-Perugia-Terontola 1° stralcio Consolidamento sede tratta Foligno-Assisi, velocizzazione tratta Perugia Ponte San Giovanni - Foligno e nuova fermata Perugia aeroporto",Valorizzazione reti regionali,054018,Foligno,PG,Perugia,10,135.95,agg2025
0334,"Potenziamento Foligno-Perugia-Terontola 1° stralcio Consolidamento sede tratta Foligno-Assisi, velocizzazione tratta Perugia Ponte San Giovanni - Foligno e nuova fermata Perugia aeroporto",Valorizzazione reti regionali,054039,Perugia,PG,Perugia,10,135.95,agg2025
0334,"Potenziamento Foligno-Perugia-Terontola 1° stralcio Consolidamento sede tratta Foligno-Assisi, velocizzazione tratta Perugia Ponte San Giovanni - Foligno e nuova fermata Perugia aeroporto",Valorizzazione reti regionali,054001,Assisi,PG,Perugia,10,135.95,agg2025
0335,Quadruplicamento Pavia-Milano Rogoredo Quadruplicamento Rogoredo-Pieve Emanuele Quadruplicamento Pieve Emanuele-Pavia PROG PROG,Direttrici di interesse nazionale,018110,Pavia,PV,Pavia,03,987.46,agg2025
0335,Quadruplicamento Pavia-Milano Rogoredo Quadruplicamento Rogoredo-Pieve Emanuele Quadruplicamento Pieve Emanuele-Pavia PROG PROG,Direttrici di interesse nazionale,015146,Milano,MI,Milano,03,987.46,agg2025
0335,Quadruplicamento Pavia-Milano Rogoredo Quadruplicamento Rogoredo-Pieve Emanuele Quadruplicamento Pieve Emanuele-Pavia PROG PROG,Direttrici di interesse nazionale,015173,Pieve Emanuele,MI,Milano,03,987.46,agg2025
0336,Raddoppio Palermo-Messina tratta Fiumetorto- Castelbuono Raddoppio Fiumetorto-Ogliastrillo Raddoppio Ogliastrillo-Castelbuono,Città metropolitane,082053,Palermo,PA,Palermo,19,1017.57,agg2025
0336,Raddoppio Palermo-Messina tratta Fiumetorto- Castelbuono Raddoppio Fiumetorto-Ogliastrillo Raddoppio Ogliastrillo-Castelbuono,Città metropolitane,083048,Messina,ME,Messina,19,1017.57,agg2025
0336,Raddoppio Palermo-Messina tratta Fiumetorto- Castelbuono Raddoppio Fiumetorto-Ogliastrillo Raddoppio Ogliastrillo-Castelbuono,Città metropolitane,082022,Castelbuono,PA,Palermo,19,1017.57,agg2025
0337A,Accesso al Brennero lotto 3a - Circonvallazione di Trento Circonvallazione di Trento (lotto 3a) e progettazione preliminare lotti 3a e 3b,Direttrici di interesse nazionale,022205,Trento,TN,Trento,04,1433.39,agg2025
0337B,Accesso al Brennero lotto 3b - Circonvallazione di Rovereto Circonvallazione di Rovereto,Direttrici di interesse nazionale,022161,Rovereto,TN,Trento,04,2438.13,agg2025
0339,"Nodo di Livorno: potenziamento dei collegamenti ferroviari tra porto di Livorno, rete ferroviaria e interporto di Guasticce","Porti e interporti, ultimo miglio",049009,Livorno,LI,Livorno,09,0.0,cdp2022
0359,Raddoppio Campoleone-Aprilia Raddoppio Campoleone-Aprilia,Città metropolitane,059001,Aprilia,LT,Latina,12,98.29,agg2025
0361,Linea AV/AC Milano - Verona: tratta Brescia - Verona,Direttrici di interesse nazionale,015146,Milano,MI,Milano,03,,agg2025
0361,Linea AV/AC Milano - Verona: tratta Brescia - Verona,Direttrici di interesse nazionale,023091,Verona,VR,Verona,05,,agg2025
0361,Linea AV/AC Milano - Verona: tratta Brescia - Verona,Direttrici di interesse nazionale,017029,Brescia,BS,Brescia,03,,agg2025
0362A,Linea AV/AC Verona-Padova 1° lotto funzionale: Tratta Verona-bivio Vicenza,Direttrici di interesse nazionale,023091,Verona,VR,Verona,05,,agg2025
0362A,Linea AV/AC Verona-Padova 1° lotto funzionale: Tratta Verona-bivio Vicenza,Direttrici di interesse nazionale,028060,Padova,PD,Padova,05,,agg2025
0362A,Linea AV/AC Verona-Padova 1° lotto funzionale: Tratta Verona-bivio Vicenza,Direttrici di interesse nazionale,024116,Vicenza,VI,Vicenza,05,,agg2025
0362B,Linea AV/AC Verona-Padova 2° lotto funzionale: Attraversamento di Vicenza,Direttrici di interesse nazionale,023091,Verona,VR,Verona,05,,agg2025
0362B,Linea AV/AC Verona-Padova 2° lotto funzionale: Attraversamento di Vicenza,Direttrici di interesse nazionale,028060,Padova,PD,Padova,05,,agg2025
0362B,Linea AV/AC Verona-Padova 2° lotto funzionale: Attraversamento di Vicenza,Direttrici di interesse nazionale,024116,Vicenza,VI,Vicenza,05,,agg2025
0365,"Potenziamento Venezia-Trieste Velocizzazione linea storica e varianti Opere civili, soppressione PL e adeguamento a modulo 750m SF° Variante Latisana SF° Variante Ronchi dei Legionari - bivio Aurisina SF°",,027042,Venezia,VE,Venezia,05,1800.0,cdp2017
0365,"Potenziamento Venezia-Trieste Velocizzazione linea storica e varianti Opere civili, soppressione PL e adeguamento a modulo 750m SF° Variante Latisana SF° Variante Ronchi dei Legionari - bivio Aurisina SF°",,032006,Trieste,TS,Trieste,06,1800.0,cdp2017
0365,"Potenziamento Venezia-Trieste Velocizzazione linea storica e varianti Opere civili, soppressione PL e adeguamento a modulo 750m SF° Variante Latisana SF° Variante Ronchi dei Legionari - bivio Aurisina SF°",,030046,Latisana,UD,Udine,06,1800.0,cdp2017
0365,"Potenziamento Venezia-Trieste Velocizzazione linea storica e varianti Opere civili, soppressione PL e adeguamento a modulo 750m SF° Variante Latisana SF° Variante Ronchi dei Legionari - bivio Aurisina SF°",,031016,Ronchi dei Legionari,GO,Gorizia,06,1800.0,cdp2017
0365A,"Potenziamento Venezia-Trieste lotti prioritari Potenziamento tecnologico Venezia-Trieste, rimozione limitazione massa assiale D4 e altri interventi infrastrutturali su linea storica",Direttrici di interesse nazionale,027042,Venezia,VE,Venezia,05,250.68,agg2025
0365A,"Potenziamento Venezia-Trieste lotti prioritari Potenziamento tecnologico Venezia-Trieste, rimozione limitazione massa assiale D4 e altri interventi infrastrutturali su linea storica",Direttrici di interesse nazionale,032006,Trieste,TS,Trieste,06,250.68,agg2025
0365B,"Potenziamento Venezia-Trieste completamento Varianti Portugruaro, Latisana e Isonzo PROG ITER Variante Ronchi-Aurisina",Direttrici di interesse nazionale,027042,Venezia,VE,Venezia,05,1580.9,agg2025
0365B,"Potenziamento Venezia-Trieste completamento Varianti Portugruaro, Latisana e Isonzo PROG ITER Variante Ronchi-Aurisina",Direttrici di interesse nazionale,032006,Trieste,TS,Trieste,06,1580.9,agg2025
0365B,"Potenziamento Venezia-Trieste completamento Varianti Portugruaro, Latisana e Isonzo PROG ITER Variante Ronchi-Aurisina",Direttrici di interesse nazionale,030046,Latisana,UD,Udine,06,1580.9,agg2025
0366,Potenziamento linea Ponte S.Pietro-Bergamo- Montello,,016024,Bergamo,BG,Bergamo,03,70.0,cdp2017
0366,Potenziamento linea Ponte S.Pietro-Bergamo- Montello,,016139,Montello,BG,Bergamo,03,70.0,cdp2017
0366A,"Potenziamento linea Ponte S.Pietro-Bergamo-Montello Raddoppio Bergamo-Curno, ACC Bergamo, PRG e ACC Ponte S.Pietro Raddoppio Bergamo-Montello ITER PRG Bergamo",Valorizzazione reti regionali,016024,Bergamo,BG,Bergamo,03,795.91,agg2025
0366A,"Potenziamento linea Ponte S.Pietro-Bergamo-Montello Raddoppio Bergamo-Curno, ACC Bergamo, PRG e ACC Ponte S.Pietro Raddoppio Bergamo-Montello ITER PRG Bergamo",Valorizzazione reti regionali,016139,Montello,BG,Bergamo,03,795.91,agg2025
0366A,"Potenziamento linea Ponte S.Pietro-Bergamo-Montello Raddoppio Bergamo-Curno, ACC Bergamo, PRG e ACC Ponte S.Pietro Raddoppio Bergamo-Montello ITER PRG Bergamo",Valorizzazione reti regionali,016089,Curno,BG,Bergamo,03,795.91,agg2025
0366B,Potenziamento linea Ponte S.Pietro-Bergamo- Montello 2^ fase,Valorizzazione reti regionali,016024,Bergamo,BG,Bergamo,03,0.0,cdp2022
0366B,Potenziamento linea Ponte S.Pietro-Bergamo- Montello 2^ fase,Valorizzazione reti regionali,016139,Montello,BG,Bergamo,03,0.0,cdp2022
0417,Porto di Taranto - collegamento ferroviario del complesso del porto di Taranto con la rete nazionale Nuova stazione di Cagioni e collegamento con nuova Piastra Logistica,"Porti e interporti, ultimo miglio",073027,Taranto,TA,Taranto,16,44.95,agg2025
0810,"Velocizzazione Foligno-Perugia-Terontola PRG Perugia S. Giovanni 1^ fase, Velocizzazione Perugia Pontivegge, nuova fermata Perugia Capitini e miglioramenti infrastrutturali tratte varie",Valorizzazione reti regionali,054018,Foligno,PG,Perugia,10,35.99,agg2025
0810,"Velocizzazione Foligno-Perugia-Terontola PRG Perugia S. Giovanni 1^ fase, Velocizzazione Perugia Pontivegge, nuova fermata Perugia Capitini e miglioramenti infrastrutturali tratte varie",Valorizzazione reti regionali,054039,Perugia,PG,Perugia,10,35.99,agg2025
1161,Adeguamenti preliminari alla linea storica ed al nodo di Bologna per integrazione funzionale con AV/AC,,037006,Bologna,BO,Bologna,08,0.0,cdp2017
1310,Potenziamento itinerari merci Tarvisio/Villa Opicina,,030117,Tarvisio,UD,Udine,06,0.0,cdp2017
1346,Potenziamento linea Pistoia-Lucca Raddoppio Pistoia-Montecatini Upgrading Montecatini-Pescia Raddoppio Pescia-Lucca PROG ITER,Valorizzazione reti regionali,047014,Pistoia,PT,Pistoia,09,752.1,agg2025
1346,Potenziamento linea Pistoia-Lucca Raddoppio Pistoia-Montecatini Upgrading Montecatini-Pescia Raddoppio Pescia-Lucca PROG ITER,Valorizzazione reti regionali,046017,Lucca,LU,Lucca,09,752.1,agg2025
1346,Potenziamento linea Pistoia-Lucca Raddoppio Pistoia-Montecatini Upgrading Montecatini-Pescia Raddoppio Pescia-Lucca PROG ITER,Valorizzazione reti regionali,047012,Pescia,PT,Pistoia,09,752.1,agg2025
1357,Potenziamento Fossano-Cuneo Interventi nella stazione di Centallo e progettazione raddoppio Fossano-Cuneo,Valorizzazione reti regionali,004089,Fossano,CN,Cuneo,01,23.38,agg2025
1357,Potenziamento Fossano-Cuneo Interventi nella stazione di Centallo e progettazione raddoppio Fossano-Cuneo,Valorizzazione reti regionali,004078,Cuneo,CN,Cuneo,01,23.38,agg2025
1357,Potenziamento Fossano-Cuneo Interventi nella stazione di Centallo e progettazione raddoppio Fossano-Cuneo,Valorizzazione reti regionali,004061,Centallo,CN,Cuneo,01,23.38,agg2025
1417,Potenziamento linee Castelli Romani Potenziamento stazione di Marino e Frascati; potenziamento infrastrutturale e tecnologico della linea Ciampino-Frascati e nuova stazione di Villa Senni,Città metropolitane,058057,Marino,RM,Roma,12,30.6,agg2025
1417,Potenziamento linee Castelli Romani Potenziamento stazione di Marino e Frascati; potenziamento infrastrutturale e tecnologico della linea Ciampino-Frascati e nuova stazione di Villa Senni,Città metropolitane,058039,Frascati,RM,Roma,12,30.6,agg2025
1417,Potenziamento linee Castelli Romani Potenziamento stazione di Marino e Frascati; potenziamento infrastrutturale e tecnologico della linea Ciampino-Frascati e nuova stazione di Villa Senni,Città metropolitane,058118,Ciampino,RM,Roma,12,30.6,agg2025
1427,Efficientamento linea Codogno-Cremona-Mantova e raddoppio tratta Cremona-Cava Tigozzi,,098019,Codogno,LO,Lodi,03,0.0,cdp2017
1427,Efficientamento linea Codogno-Cremona-Mantova e raddoppio tratta Cremona-Cava Tigozzi,,019036,Cremona,CR,Cremona,03,0.0,cdp2017
1427,Efficientamento linea Codogno-Cremona-Mantova e raddoppio tratta Cremona-Cava Tigozzi,,020030,Mantova,MN,Mantova,03,0.0,cdp2017
1438,Nodo ferrostradale Casalecchio di Reno: interramento linea Porrettana (stralcio ferroviario) Nodo Casalecchio di Reno: interramento linea Porrettana (stralcio PROG PROG ferroviario),Città metropolitane,037011,Casalecchio di Reno,BO,Bologna,08,140.38,agg2025
1524,"Interventi di ammodernamento e velocizzazione della tratta ferroviaria Oristano-Sassari-Olbia Soppressione passaggi a livello a nord di Oristano, istituzione Rango C linee Cagliari-Sassari/Olbia e rettifiche di tracciato tra Bauladu e Abbasanta",Direttrici di interesse nazionale,115045,Oristano,OR,Oristano,20,19.63,agg2025
1524,"Interventi di ammodernamento e velocizzazione della tratta ferroviaria Oristano-Sassari-Olbia Soppressione passaggi a livello a nord di Oristano, istituzione Rango C linee Cagliari-Sassari/Olbia e rettifiche di tracciato tra Bauladu e Abbasanta",Direttrici di interesse nazionale,112050,Sassari,SS,Sassari,20,19.63,agg2025
1524,"Interventi di ammodernamento e velocizzazione della tratta ferroviaria Oristano-Sassari-Olbia Soppressione passaggi a livello a nord di Oristano, istituzione Rango C linee Cagliari-Sassari/Olbia e rettifiche di tracciato tra Bauladu e Abbasanta",Direttrici di interesse nazionale,113017,Olbia,OT,Gallura Nord-Est Sardegna,20,19.63,agg2025
1524,"Interventi di ammodernamento e velocizzazione della tratta ferroviaria Oristano-Sassari-Olbia Soppressione passaggi a livello a nord di Oristano, istituzione Rango C linee Cagliari-Sassari/Olbia e rettifiche di tracciato tra Bauladu e Abbasanta",Direttrici di interesse nazionale,118006,Cagliari,CA,Cagliari,20,19.63,agg2025
1524,"Interventi di ammodernamento e velocizzazione della tratta ferroviaria Oristano-Sassari-Olbia Soppressione passaggi a livello a nord di Oristano, istituzione Rango C linee Cagliari-Sassari/Olbia e rettifiche di tracciato tra Bauladu e Abbasanta",Direttrici di interesse nazionale,115013,Bauladu,OR,Oristano,20,19.63,agg2025
1524,"Interventi di ammodernamento e velocizzazione della tratta ferroviaria Oristano-Sassari-Olbia Soppressione passaggi a livello a nord di Oristano, istituzione Rango C linee Cagliari-Sassari/Olbia e rettifiche di tracciato tra Bauladu e Abbasanta",Direttrici di interesse nazionale,115001,Abbasanta,OR,Oristano,20,19.63,agg2025
1604A,Upgrading infrastrutturale e tecnologico linea linea Trieste- Divaca Upgrade linea storica bivio Aurisina-Confine di Stato (fase 0 Nuova linea Trieste-Divaca) - comprende anche progettazione preliminare nuova linea,Direttrici di interesse nazionale,032006,Trieste,TS,Trieste,06,70.95,agg2025
1604B,"Nuova linea Trieste-Divaca Nuova linea • NCP 1: ""Intervento sospeso""",,032006,Trieste,TS,Trieste,06,1040.0,cdp2017
1659,Potenziamento collegamento Lamezia Terme - Catanzaro Lido - Dorsale jonica,Direttrici di interesse nazionale,079160,Lamezia Terme,CZ,Catanzaro,18,0.0,agg2021
1659,Potenziamento collegamento Lamezia Terme - Catanzaro Lido - Dorsale jonica,Direttrici di interesse nazionale,079023,Catanzaro,CZ,Catanzaro,18,0.0,agg2021
1669,Asse Salerno-Reggio Calabria: stazione di Reggio Calabria - abbassamento piano binari ed intubamento tratto urbano,Città metropolitane,065116,Salerno,SA,Salerno,15,0.0,agg2021
1670,Upgrading infrastrutturale e tecnologico rete sarda 1^ fase SCMT e istituzione rango P tratte a nord di Oristano e linee Decimomannu-Iglesias/Villamassargia; Opere connesse all'arretramento della stazione di Olbia,Direttrici di interesse nazionale,115045,Oristano,OR,Oristano,20,32.97,agg2025
1670,Upgrading infrastrutturale e tecnologico rete sarda 1^ fase SCMT e istituzione rango P tratte a nord di Oristano e linee Decimomannu-Iglesias/Villamassargia; Opere connesse all'arretramento della stazione di Olbia,Direttrici di interesse nazionale,118009,Decimomannu,CA,Cagliari,20,32.97,agg2025
1670,Upgrading infrastrutturale e tecnologico rete sarda 1^ fase SCMT e istituzione rango P tratte a nord di Oristano e linee Decimomannu-Iglesias/Villamassargia; Opere connesse all'arretramento della stazione di Olbia,Direttrici di interesse nazionale,119009,Iglesias,CI,Sulcis Iglesiente,20,32.97,agg2025
1670,Upgrading infrastrutturale e tecnologico rete sarda 1^ fase SCMT e istituzione rango P tratte a nord di Oristano e linee Decimomannu-Iglesias/Villamassargia; Opere connesse all'arretramento della stazione di Olbia,Direttrici di interesse nazionale,119022,Villamassargia,CI,Sulcis Iglesiente,20,32.97,agg2025
1670,Upgrading infrastrutturale e tecnologico rete sarda 1^ fase SCMT e istituzione rango P tratte a nord di Oristano e linee Decimomannu-Iglesias/Villamassargia; Opere connesse all'arretramento della stazione di Olbia,Direttrici di interesse nazionale,113017,Olbia,OT,Gallura Nord-Est Sardegna,20,32.97,agg2025
1674,"Linea ferroviaria Potenza - Foggia - ammodernamento Ammodernamento Potenza-Foggia Fase 1: adeguamento a standard RFI e razionalizzazione impianti Ammodernamento Potenza-Foggia Fase 2B: velocizzazione PROG PROG Variante di Melfi PROG PROG Ammodernamento Potenza-Foggia Fase 2A: elettrificazione, soppressione PL e consolidamento sede",Valorizzazione reti regionali,076063,Potenza,PZ,Potenza,17,874.57,agg2025
1674,"Linea ferroviaria Potenza - Foggia - ammodernamento Ammodernamento Potenza-Foggia Fase 1: adeguamento a standard RFI e razionalizzazione impianti Ammodernamento Potenza-Foggia Fase 2B: velocizzazione PROG PROG Variante di Melfi PROG PROG Ammodernamento Potenza-Foggia Fase 2A: elettrificazione, soppressione PL e consolidamento sede",Valorizzazione reti regionali,071024,Foggia,FG,Foggia,16,874.57,agg2025
1674,"Linea ferroviaria Potenza - Foggia - ammodernamento Ammodernamento Potenza-Foggia Fase 1: adeguamento a standard RFI e razionalizzazione impianti Ammodernamento Potenza-Foggia Fase 2B: velocizzazione PROG PROG Variante di Melfi PROG PROG Ammodernamento Potenza-Foggia Fase 2A: elettrificazione, soppressione PL e consolidamento sede",Valorizzazione reti regionali,076048,Melfi,PZ,Potenza,17,874.57,agg2025
1888,Metropolitana Leggera Matrice-Bojano Metropolitana Leggera Matrice-Bojano,Valorizzazione reti regionali,070037,Matrice,CB,Campobasso,14,23.15,cdp2022
1888,Metropolitana Leggera Matrice-Bojano Metropolitana Leggera Matrice-Bojano,Valorizzazione reti regionali,070003,Bojano,CB,Campobasso,14,23.15,cdp2022
1940,"Nodo di Udine Revisione fascio Sacca e ACC Udine Centrale su piano ferro attuale Nuovo PM Cargnacco, PRG di Udine Centrale, PRG Udine C.le, ITER PRG/ACC Udine Bivi (ex Udine Parco), raddoppio della linea di cintura tra PM VAT, bretella tra linea Gorizia e linea per Cervignano",Direttrici di interesse nazionale,030129,Udine,UD,Udine,06,340.48,agg2025
1940,"Nodo di Udine Revisione fascio Sacca e ACC Udine Centrale su piano ferro attuale Nuovo PM Cargnacco, PRG di Udine Centrale, PRG Udine C.le, ITER PRG/ACC Udine Bivi (ex Udine Parco), raddoppio della linea di cintura tra PM VAT, bretella tra linea Gorizia e linea per Cervignano",Direttrici di interesse nazionale,031007,Gorizia,GO,Gorizia,06,340.48,agg2025
A1008,Velocizzazione attraversamento dinamico Stretto di Messina,Direttrici di interesse nazionale,083048,Messina,ME,Messina,19,312.31,agg2025
A5000,Rete AV/AC Torino-Milano-Napoli: interventi in ultimazione,,001272,Torino,TO,Torino,01,0.0,cdp2017
A5000,Rete AV/AC Torino-Milano-Napoli: interventi in ultimazione,,015146,Milano,MI,Milano,03,0.0,cdp2017
A5000,Rete AV/AC Torino-Milano-Napoli: interventi in ultimazione,,063049,Napoli,NA,Napoli,15,0.0,cdp2017
A5000_1,Nodo AV di Firenze Nodo AV di Firenze,Città metropolitane,048017,Firenze,FI,Firenze,09,2735.02,agg2025
A5000_2,Upgrade tecnologico linea DD Firenze-Roma 1^ fase,Direttrici di interesse nazionale,048017,Firenze,FI,Firenze,09,0.0,cdp2022
A5000_2,Upgrade tecnologico linea DD Firenze-Roma 1^ fase,Direttrici di interesse nazionale,058091,Roma,RM,Roma,12,0.0,cdp2022
A5000_3,Nodo AV di Napoli,Città metropolitane,063049,Napoli,NA,Napoli,15,0.0,cdp2022
A5000_4,"Adeguamenti tecnologici, opere di completamento e contingencies rete AV Torino-Milano-Napoli",Direttrici di interesse nazionale,001272,Torino,TO,Torino,01,0.0,cdp2022
A5000_4,"Adeguamenti tecnologici, opere di completamento e contingencies rete AV Torino-Milano-Napoli",Direttrici di interesse nazionale,015146,Milano,MI,Milano,03,0.0,cdp2022
A5000_4,"Adeguamenti tecnologici, opere di completamento e contingencies rete AV Torino-Milano-Napoli",Direttrici di interesse nazionale,063049,Napoli,NA,Napoli,15,0.0,cdp2022
A5000_5,Nodo AV di Bologna,,037006,Bologna,BO,Bologna,08,2018.55,cdp2017
I003,x Penetrazione urbana nella città di Manfredonia,,071029,Manfredonia,FG,Foggia,16,50.0,cdp2017
I008,Porto di Trieste Potenziamento stazione Trieste Campo Marzio Potenziamento impianti a servizio del porto di Trieste,"Porti e interporti, ultimo miglio",032006,Trieste,TS,Trieste,06,173.21,agg2025
I024,Raddoppio Fossano-Cuneo Raddoppio tratta Fossano - Madonna dell'Olmo PD° PD°,Valorizzazione reti regionali,004089,Fossano,CN,Cuneo,01,76.53,cdp2022
I024,Raddoppio Fossano-Cuneo Raddoppio tratta Fossano - Madonna dell'Olmo PD° PD°,Valorizzazione reti regionali,004078,Cuneo,CN,Cuneo,01,76.53,cdp2022
I034,Gronda merci sud di Milano,Direttrici di interesse nazionale,015146,Milano,MI,Milano,03,0.0,agg2021
I045,Quadruplicamento Genova Brignole - Pieve Ligure,Città metropolitane,010025,Genova,GE,Genova,07,0.0,agg2021
I045,Quadruplicamento Genova Brignole - Pieve Ligure,Città metropolitane,010043,Pieve Ligure,GE,Genova,07,0.0,agg2021
I048,Porto di Genova Potenziamento scalo Campasso,,010025,Genova,GE,Genova,07,25.8,cdp2017
I049,Raddoppio Palermo-Messina: tratta Castelbuono- Patti,Valorizzazione reti regionali,082053,Palermo,PA,Palermo,19,0.0,agg2021
I049,Raddoppio Palermo-Messina: tratta Castelbuono- Patti,Valorizzazione reti regionali,083048,Messina,ME,Messina,19,0.0,agg2021
I049,Raddoppio Palermo-Messina: tratta Castelbuono- Patti,Valorizzazione reti regionali,082022,Castelbuono,PA,Palermo,19,0.0,agg2021
I049,Raddoppio Palermo-Messina: tratta Castelbuono- Patti,Valorizzazione reti regionali,083066,Patti,ME,Messina,19,0.0,agg2021
I064,Potenziamento collegamenti ferroviari da sud con aeroporto Malpensa,"Aeroporti, accessibilità su ferro",012068,Ferno,VA,Varese,03,0.0,cdp2022
I071,Adeguamento del tracciato e velocizzazione dell'asse ferroviario Bologna-Lecce Upgrading infrastrutturale e tecnologico Bologna-Lecce - fasi Potenziamento tecnologico tratte Bologna-Rimini-Ancona - fasi,Direttrici di interesse nazionale,037006,Bologna,BO,Bologna,08,350.65,cdp2022
I071,Adeguamento del tracciato e velocizzazione dell'asse ferroviario Bologna-Lecce Upgrading infrastrutturale e tecnologico Bologna-Lecce - fasi Potenziamento tecnologico tratte Bologna-Rimini-Ancona - fasi,Direttrici di interesse nazionale,075035,Lecce,LE,Lecce,16,350.65,cdp2022
I071,Adeguamento del tracciato e velocizzazione dell'asse ferroviario Bologna-Lecce Upgrading infrastrutturale e tecnologico Bologna-Lecce - fasi Potenziamento tecnologico tratte Bologna-Rimini-Ancona - fasi,Direttrici di interesse nazionale,099014,Rimini,RN,Rimini,08,350.65,cdp2022
I071,Adeguamento del tracciato e velocizzazione dell'asse ferroviario Bologna-Lecce Upgrading infrastrutturale e tecnologico Bologna-Lecce - fasi Potenziamento tecnologico tratte Bologna-Rimini-Ancona - fasi,Direttrici di interesse nazionale,042002,Ancona,AN,Ancona,11,350.65,cdp2022
I086,Raddoppio Aprilia-Nettuno,Città metropolitane,059001,Aprilia,LT,Latina,12,0.0,agg2024
I086,Raddoppio Aprilia-Nettuno,Città metropolitane,058072,Nettuno,RM,Roma,12,0.0,agg2024
I095,Raddoppio Cremona-Olmeneta Raddoppio Cremona-Olmeneta,Valorizzazione reti regionali,019036,Cremona,CR,Cremona,03,50.0,cdp2022
I095,Raddoppio Cremona-Olmeneta Raddoppio Cremona-Olmeneta,Valorizzazione reti regionali,019063,Olmeneta,CR,Cremona,03,50.0,cdp2022
I106,Raddoppio Paola - Cosenza tratta bivio S.Antonello - bivio S.Lucido (nuova galleria Santomarco),Direttrici di interesse nazionale,078091,Paola,CS,Cosenza,18,0.0,agg2021
I106,Raddoppio Paola - Cosenza tratta bivio S.Antonello - bivio S.Lucido (nuova galleria Santomarco),Direttrici di interesse nazionale,078045,Cosenza,CS,Cosenza,18,0.0,agg2021
I107A,AV-AC Salerno - Reggio Calabria AV Salerno-Reggio Calabria: Lotto 1a Battipaglia - Romagnano e progettazione di fattibilità tecnico-economica intero itinerario AV Salerno-Reggio Calabria: Lotti 1b+1c Romagnano - Praia ITER AV Salerno-Reggio Calabria: Raddoppio Galleria Santomarco AV Salerno-Reggio Calabria: Lotto 2 Praia-Paola,Direttrici di interesse nazionale,065116,Salerno,SA,Salerno,15,17486.68,agg2025
I107A,AV-AC Salerno - Reggio Calabria AV Salerno-Reggio Calabria: Lotto 1a Battipaglia - Romagnano e progettazione di fattibilità tecnico-economica intero itinerario AV Salerno-Reggio Calabria: Lotti 1b+1c Romagnano - Praia ITER AV Salerno-Reggio Calabria: Raddoppio Galleria Santomarco AV Salerno-Reggio Calabria: Lotto 2 Praia-Paola,Direttrici di interesse nazionale,065014,Battipaglia,SA,Salerno,15,17486.68,agg2025
I107A,AV-AC Salerno - Reggio Calabria AV Salerno-Reggio Calabria: Lotto 1a Battipaglia - Romagnano e progettazione di fattibilità tecnico-economica intero itinerario AV Salerno-Reggio Calabria: Lotti 1b+1c Romagnano - Praia ITER AV Salerno-Reggio Calabria: Raddoppio Galleria Santomarco AV Salerno-Reggio Calabria: Lotto 2 Praia-Paola,Direttrici di interesse nazionale,065110,Romagnano al Monte,SA,Salerno,15,17486.68,agg2025
I107A,AV-AC Salerno - Reggio Calabria AV Salerno-Reggio Calabria: Lotto 1a Battipaglia - Romagnano e progettazione di fattibilità tecnico-economica intero itinerario AV Salerno-Reggio Calabria: Lotti 1b+1c Romagnano - Praia ITER AV Salerno-Reggio Calabria: Raddoppio Galleria Santomarco AV Salerno-Reggio Calabria: Lotto 2 Praia-Paola,Direttrici di interesse nazionale,078091,Paola,CS,Cosenza,18,17486.68,agg2025
I107B,"AV-AC Salerno - Reggio Calabria completamento AV Salerno-Reggio Calabria: Lotti di completamento (Collegamento linea a monte del Vesuvio - Battipaglia e tratte Paola - Lamezia, Lamezia - Gioia Tauro, Gioia Tauro - Villa S.Giovanni / Reggio Calabria) e progettazioni pregresse",Direttrici di interesse nazionale,065116,Salerno,SA,Salerno,15,12865.0,agg2025
I107B,"AV-AC Salerno - Reggio Calabria completamento AV Salerno-Reggio Calabria: Lotti di completamento (Collegamento linea a monte del Vesuvio - Battipaglia e tratte Paola - Lamezia, Lamezia - Gioia Tauro, Gioia Tauro - Villa S.Giovanni / Reggio Calabria) e progettazioni pregresse",Direttrici di interesse nazionale,065014,Battipaglia,SA,Salerno,15,12865.0,agg2025
I107B,"AV-AC Salerno - Reggio Calabria completamento AV Salerno-Reggio Calabria: Lotti di completamento (Collegamento linea a monte del Vesuvio - Battipaglia e tratte Paola - Lamezia, Lamezia - Gioia Tauro, Gioia Tauro - Villa S.Giovanni / Reggio Calabria) e progettazioni pregresse",Direttrici di interesse nazionale,078091,Paola,CS,Cosenza,18,12865.0,agg2025
I107B,"AV-AC Salerno - Reggio Calabria completamento AV Salerno-Reggio Calabria: Lotti di completamento (Collegamento linea a monte del Vesuvio - Battipaglia e tratte Paola - Lamezia, Lamezia - Gioia Tauro, Gioia Tauro - Villa S.Giovanni / Reggio Calabria) e progettazioni pregresse",Direttrici di interesse nazionale,080038,Gioia Tauro,RC,Reggio Calabria,18,12865.0,agg2025
I131,Ripristino linea dei bivi di Venezia Mestre Ripristino linea dei bivi di Venezia Mestre PROG PROG,Direttrici di interesse nazionale,027042,Venezia,VE,Venezia,05,180.0,agg2025
I133,Raddoppio Udine-Palmanova-Cervignano (Strassoldo),Direttrici di interesse nazionale,030129,Udine,UD,Udine,06,0.0,agg2024
I133,Raddoppio Udine-Palmanova-Cervignano (Strassoldo),Direttrici di interesse nazionale,030070,Palmanova,UD,Udine,06,0.0,agg2024
I135,Linea AV/AC Verona-Padova 3° lotto funzionale: Tratta Vicenza-Padova,Direttrici di interesse nazionale,023091,Verona,VR,Verona,05,,agg2025
I135,Linea AV/AC Verona-Padova 3° lotto funzionale: Tratta Vicenza-Padova,Direttrici di interesse nazionale,028060,Padova,PD,Padova,05,,agg2025
I135,Linea AV/AC Verona-Padova 3° lotto funzionale: Tratta Vicenza-Padova,Direttrici di interesse nazionale,024116,Vicenza,VI,Vicenza,05,,agg2025
I137,Collegamento ferroviario aeroporto di Bergamo Collegamento ferroviario aeroporto di Bergamo,"Aeroporti, accessibilità su ferro",016024,Bergamo,BG,Bergamo,03,217.71,agg2025
I138A,"Potenziamento collegamenti ferroviari con aeroporto di Fiumicino - opere prioritarie Ampliamento impianto Fiumicino Aeroporto, potenziamento PROG PROG tratta Fiumicino-Ponte Galeria e bretelle di collegamento con la linea Pisa-Roma","Aeroporti, accessibilità su ferro",058120,Fiumicino,RM,Roma,12,1226.5,agg2025
I138A,"Potenziamento collegamenti ferroviari con aeroporto di Fiumicino - opere prioritarie Ampliamento impianto Fiumicino Aeroporto, potenziamento PROG PROG tratta Fiumicino-Ponte Galeria e bretelle di collegamento con la linea Pisa-Roma","Aeroporti, accessibilità su ferro",050026,Pisa,PI,Pisa,09,1226.5,agg2025
I138A,"Potenziamento collegamenti ferroviari con aeroporto di Fiumicino - opere prioritarie Ampliamento impianto Fiumicino Aeroporto, potenziamento PROG PROG tratta Fiumicino-Ponte Galeria e bretelle di collegamento con la linea Pisa-Roma","Aeroporti, accessibilità su ferro",058091,Roma,RM,Roma,12,1226.5,agg2025
I138B,Potenziamento collegamenti ferroviari con aeroporto di Fiumicino Collegamento con futuro terminal nord e passante terminal nord - terminal sud,"Aeroporti, accessibilità su ferro",058120,Fiumicino,RM,Roma,12,1082.0,cdp2022
I139,Collegamento ferroviario aeroporto di Catania Fontanarossa,"Aeroporti, accessibilità su ferro",087015,Catania,CT,Catania,19,0.0,agg2024
I162,Ripristino linea Palermo-Trapani via Milo Ripristino linea Palermo-Trapani via Milo,Valorizzazione reti regionali,082053,Palermo,PA,Palermo,19,237.0,agg2025
I162,Ripristino linea Palermo-Trapani via Milo Ripristino linea Palermo-Trapani via Milo,Valorizzazione reti regionali,081021,Trapani,TP,Trapani,19,237.0,agg2025
I170,Elettrificazione e ammodernamento linea Barletta-Canosa Elettrificazione e ammodernamento linea Barletta-Canosa,Valorizzazione reti regionali,110002,Barletta,BT,Barletta-Andria-Trani,16,368.1,agg2025
I173,"Elettrificazione, velocizzazione e ammodernamento linee Salerno - Mercato S.S. - Avellino - Benevento e tratta",Valorizzazione reti regionali,065116,Salerno,SA,Salerno,15,211.68,agg2025
I173,"Elettrificazione, velocizzazione e ammodernamento linee Salerno - Mercato S.S. - Avellino - Benevento e tratta",Valorizzazione reti regionali,064008,Avellino,AV,Avellino,15,211.68,agg2025
I173,"Elettrificazione, velocizzazione e ammodernamento linee Salerno - Mercato S.S. - Avellino - Benevento e tratta",Valorizzazione reti regionali,062008,Benevento,BN,Benevento,15,211.68,agg2025
I174,Nuova stazione Taranto Nasisi Nuova stazione Taranto Nasisi,Valorizzazione reti regionali,073027,Taranto,TA,Taranto,16,34.12,agg2025
I177,"Completamento metropolitana di Salerno: tratta stadio Arechi-Pontecagnano Aeroporto Completamento metropolitana di Salerno: tratta stadio Arechi- Pontecagnano Aeroporto ASI Salerno - nuova stazione metropolitana - ""Zona Industriale""",Valorizzazione reti regionali,065116,Salerno,SA,Salerno,15,314.75,agg2025
I178A,Raddoppio Codogno-Cremona-Mantova 1^ fase Raddoppio Piadena-Mantova e soppressione PL critici intera linea,Valorizzazione reti regionali,098019,Codogno,LO,Lodi,03,965.17,agg2025
I178A,Raddoppio Codogno-Cremona-Mantova 1^ fase Raddoppio Piadena-Mantova e soppressione PL critici intera linea,Valorizzazione reti regionali,019036,Cremona,CR,Cremona,03,965.17,agg2025
I178A,Raddoppio Codogno-Cremona-Mantova 1^ fase Raddoppio Piadena-Mantova e soppressione PL critici intera linea,Valorizzazione reti regionali,020030,Mantova,MN,Mantova,03,965.17,agg2025
I178B,Raddoppio Codogno-Cremona-Mantova 2^ fase Raddoppio Codogno-Cava Tigozzi e Cremona-Piadena PROG PROG,Valorizzazione reti regionali,098019,Codogno,LO,Lodi,03,1310.92,agg2025
I178B,Raddoppio Codogno-Cremona-Mantova 2^ fase Raddoppio Codogno-Cava Tigozzi e Cremona-Piadena PROG PROG,Valorizzazione reti regionali,019036,Cremona,CR,Cremona,03,1310.92,agg2025
I178B,Raddoppio Codogno-Cremona-Mantova 2^ fase Raddoppio Codogno-Cava Tigozzi e Cremona-Piadena PROG PROG,Valorizzazione reti regionali,020030,Mantova,MN,Mantova,03,1310.92,agg2025
I179A,x Bretella di collegamento tra la linea Collesalvetti- Vada e la linea Firenze-Pisa,,049008,Collesalvetti,LI,Livorno,09,91.0,cdp2017
I179A,x Bretella di collegamento tra la linea Collesalvetti- Vada e la linea Firenze-Pisa,,048017,Firenze,FI,Firenze,09,91.0,cdp2017
I179A,x Bretella di collegamento tra la linea Collesalvetti- Vada e la linea Firenze-Pisa,,050026,Pisa,PI,Pisa,09,91.0,cdp2017
I179B,x Collegamento dell’interporto di Guasticce alla linea Collesalvetti-Vada,,049008,Collesalvetti,LI,Livorno,09,101.6,cdp2017
I181,Quadruplicamento Tavazzano-Lodi,Città metropolitane,098031,Lodi,LO,Lodi,03,0.0,agg2024
I182,Adeguamento nodo di Brescia e potenziamento collegamento Brescia-S.Zeno-Ghedi Adeguamento nodo di Brescia e potenziamento collegamento PROG PROG Brescia-S.Zeno-Ghedi,Valorizzazione reti regionali,017029,Brescia,BS,Brescia,03,781.53,agg2025
I182,Adeguamento nodo di Brescia e potenziamento collegamento Brescia-S.Zeno-Ghedi Adeguamento nodo di Brescia e potenziamento collegamento PROG PROG Brescia-S.Zeno-Ghedi,Valorizzazione reti regionali,017078,Ghedi,BS,Brescia,03,781.53,agg2025
I183,Raddoppio Maerne-Castelfranco Veneto Raddoppio Maerne-Castelfranco Veneto PROG PROG,Valorizzazione reti regionali,026012,Castelfranco Veneto,TV,Treviso,05,831.87,agg2025
I184,Potenziamento Padova-Castelfranco Linea Padova-Vigodarzere: raddoppio ponte sul Brenta,Valorizzazione reti regionali,028060,Padova,PD,Padova,05,48.06,agg2025
I184,Potenziamento Padova-Castelfranco Linea Padova-Vigodarzere: raddoppio ponte sul Brenta,Valorizzazione reti regionali,028099,Vigodarzere,PD,Padova,05,48.06,agg2025
I185,Quadruplicamento Firenze Rifredi-Firenze Statuto,Città metropolitane,048017,Firenze,FI,Firenze,09,0.0,agg2021
I191,Velocizzazione Tirrenica Sud 2^ fase - variante Agropoli,Direttrici di interesse nazionale,065002,Agropoli,SA,Salerno,15,0.0,agg2021
NA023,Interventi connessi a linea AV/AC Milano - Bologna,,015146,Milano,MI,Milano,03,0.0,cdp2017
NA023,Interventi connessi a linea AV/AC Milano - Bologna,,037006,Bologna,BO,Bologna,08,0.0,cdp2017
P014,Fermata passante nodo di Milano,,015146,Milano,MI,Milano,03,0.0,cdp2017
P053,Upgrading infrastrutturale e tecnologico nodo di Roma,Città metropolitane,058091,Roma,RM,Roma,12,1307.75,agg2025
P054,Upgrading infrastrutturale e tecnologico nodo di Milano,Città metropolitane,015146,Milano,MI,Milano,03,1150.51,agg2025
P067,Velocizzazione linee Milano-Venezia e Venezia- Trieste,Direttrici di interesse nazionale,015146,Milano,MI,Milano,03,0.0,cdp2022
P067,Velocizzazione linee Milano-Venezia e Venezia- Trieste,Direttrici di interesse nazionale,027042,Venezia,VE,Venezia,05,0.0,cdp2022
P067,Velocizzazione linee Milano-Venezia e Venezia- Trieste,Direttrici di interesse nazionale,032006,Trieste,TS,Trieste,06,0.0,cdp2022
P071,Upgrading infrastrutturale e tecnologico linea Milano-Bologna,,015146,Milano,MI,Milano,03,0.0,cdp2017
P071,Upgrading infrastrutturale e tecnologico linea Milano-Bologna,,037006,Bologna,BO,Bologna,08,0.0,cdp2017
P072,Upgrading e potenziamento tecnologico itinerario Napoli-Bari-Lecce/Taranto,Direttrici di interesse nazionale,063049,Napoli,NA,Napoli,15,499.89,cdp2022
P072,Upgrading e potenziamento tecnologico itinerario Napoli-Bari-Lecce/Taranto,Direttrici di interesse nazionale,072006,Bari,BA,Bari,16,499.89,cdp2022
P072,Upgrading e potenziamento tecnologico itinerario Napoli-Bari-Lecce/Taranto,Direttrici di interesse nazionale,075035,Lecce,LE,Lecce,16,499.89,cdp2022
P072,Upgrading e potenziamento tecnologico itinerario Napoli-Bari-Lecce/Taranto,Direttrici di interesse nazionale,073027,Taranto,TA,Taranto,16,499.89,cdp2022
P074,"Ammodernamento e velocizzazione itinerari Palermo- Catania-Messina, Messina-Palermo e Messina-Siracusa",Valorizzazione reti regionali,082053,Palermo,PA,Palermo,19,53.0,agg2025
P074,"Ammodernamento e velocizzazione itinerari Palermo- Catania-Messina, Messina-Palermo e Messina-Siracusa",Valorizzazione reti regionali,087015,Catania,CT,Catania,19,53.0,agg2025
P074,"Ammodernamento e velocizzazione itinerari Palermo- Catania-Messina, Messina-Palermo e Messina-Siracusa",Valorizzazione reti regionali,083048,Messina,ME,Messina,19,53.0,agg2025
P074,"Ammodernamento e velocizzazione itinerari Palermo- Catania-Messina, Messina-Palermo e Messina-Siracusa",Valorizzazione reti regionali,089017,Siracusa,SR,Siracusa,19,53.0,agg2025
P075,Upgrading infrastrutturale e tecnologico nodo di Venezia,Città metropolitane,027042,Venezia,VE,Venezia,05,230.73,agg2025
P076,Upgrading infrastrutturale e tecnologico nodo di Firenze,Città metropolitane,048017,Firenze,FI,Firenze,09,438.88,agg2025
P078,Messa in sicurezza dell’asse ferroviario Cuneo - Ventimiglia (opere di competenza RFI),Valorizzazione reti regionali,004078,Cuneo,CN,Cuneo,01,0.0,cdp2022
P078,Messa in sicurezza dell’asse ferroviario Cuneo - Ventimiglia (opere di competenza RFI),Valorizzazione reti regionali,008065,Ventimiglia,IM,Imperia,07,0.0,cdp2022
P080,Upgrading infrastrutturale e tecnologico nodo di Torino,Città metropolitane,001272,Torino,TO,Torino,01,252.43,agg2025
P087A,Ammodernamento e potenziamento rete ferroviaria Regione Abruzzo - Bretella Sulmona Bretella Sulmona,Direttrici di interesse nazionale,066098,Sulmona,AQ,L'Aquila,13,12.71,agg2025
P087B,Ammodernamento e potenziamento rete ferroviaria Regione Abruzzo - Collegamento al porto di Vasto Collegamento al porto di Vasto PROG PROG,"Porti e interporti, ultimo miglio",069099,Vasto,CH,Chieti,13,246.5,agg2025
P090,Upgrade tecnologico linea DD Firenze-Roma,Direttrici di interesse nazionale,048017,Firenze,FI,Firenze,09,0.0,cdp2022
P090,Upgrade tecnologico linea DD Firenze-Roma,Direttrici di interesse nazionale,058091,Roma,RM,Roma,12,0.0,cdp2022
P094,Upgrading infrastrutturale e tecnologico linee Roma-Napoli,,058091,Roma,RM,Roma,12,0.0,cdp2017
P094,Upgrading infrastrutturale e tecnologico linee Roma-Napoli,,063049,Napoli,NA,Napoli,15,0.0,cdp2017
P101,Potenziamento linea Empoli-Siena Raddoppio Empoli-Granaiolo Elettrificazione linea Empoli-Siena ITER,Valorizzazione reti regionali,048014,Empoli,FI,Firenze,09,353.71,agg2025
P101,Potenziamento linea Empoli-Siena Raddoppio Empoli-Granaiolo Elettrificazione linea Empoli-Siena ITER,Valorizzazione reti regionali,052032,Siena,SI,Siena,09,353.71,agg2025
P106,Gronda merci di Roma - Cintura sud,Direttrici di interesse nazionale,058091,Roma,RM,Roma,12,0.0,cdp2022
P112,Upgrading infrastrutturale e tecnologico nodo di Bologna,Città metropolitane,037006,Bologna,BO,Bologna,08,195.04,agg2025
P120,Adeguamento prestazionale e Upgrading direttrice Genova-Ventimiglia/La Spezia,Direttrici di interesse nazionale,010025,Genova,GE,Genova,07,0.0,agg2021
P120,Adeguamento prestazionale e Upgrading direttrice Genova-Ventimiglia/La Spezia,Direttrici di interesse nazionale,008065,Ventimiglia,IM,Imperia,07,0.0,agg2021
P120,Adeguamento prestazionale e Upgrading direttrice Genova-Ventimiglia/La Spezia,Direttrici di interesse nazionale,011015,La Spezia,SP,La Spezia,07,0.0,agg2021
P123,Elettrificazione Ivrea-Aosta e adeguamento linea Chivasso - Aosta Elettrificazione Ivrea-Aosta e Velocizzazione impianti e soppressione PL linea Chivasso-Aosta,Valorizzazione reti regionali,001125,Ivrea,TO,Torino,01,171.86,agg2025
P123,Elettrificazione Ivrea-Aosta e adeguamento linea Chivasso - Aosta Elettrificazione Ivrea-Aosta e Velocizzazione impianti e soppressione PL linea Chivasso-Aosta,Valorizzazione reti regionali,007003,Aosta,AO,Valle d'Aosta/Vallée d'Aoste,02,171.86,agg2025
P123,Elettrificazione Ivrea-Aosta e adeguamento linea Chivasso - Aosta Elettrificazione Ivrea-Aosta e Velocizzazione impianti e soppressione PL linea Chivasso-Aosta,Valorizzazione reti regionali,001082,Chivasso,TO,Torino,01,171.86,agg2025
P124,Adeguamento e miglioramento linea ferroviaria Chivasso-Ivrea-Quincinetto,Valorizzazione reti regionali,001082,Chivasso,TO,Torino,01,0.0,agg2021
P124,Adeguamento e miglioramento linea ferroviaria Chivasso-Ivrea-Quincinetto,Valorizzazione reti regionali,001125,Ivrea,TO,Torino,01,0.0,agg2021
P124,Adeguamento e miglioramento linea ferroviaria Chivasso-Ivrea-Quincinetto,Valorizzazione reti regionali,001210,Quincinetto,TO,Torino,01,0.0,agg2021
P126,Velocizzazione direttrice Salerno-Taranto Velocizzazione impianti linea Battipaglia-Potenza,Direttrici di interesse nazionale,065116,Salerno,SA,Salerno,15,128.26,agg2025
P126,Velocizzazione direttrice Salerno-Taranto Velocizzazione impianti linea Battipaglia-Potenza,Direttrici di interesse nazionale,073027,Taranto,TA,Taranto,16,128.26,agg2025
P126,Velocizzazione direttrice Salerno-Taranto Velocizzazione impianti linea Battipaglia-Potenza,Direttrici di interesse nazionale,065014,Battipaglia,SA,Salerno,15,128.26,agg2025
P126,Velocizzazione direttrice Salerno-Taranto Velocizzazione impianti linea Battipaglia-Potenza,Direttrici di interesse nazionale,076063,Potenza,PZ,Potenza,17,128.26,agg2025
P128,Elettrificazione linea Trento-Bassano 1^ fase Elettrificazione Trento-Borgo Valsugana,Valorizzazione reti regionali,022205,Trento,TN,Trento,04,60.0,agg2025
P128,Elettrificazione linea Trento-Bassano 1^ fase Elettrificazione Trento-Borgo Valsugana,Valorizzazione reti regionali,022022,Borgo Valsugana,TN,Trento,04,60.0,agg2025
P129,Collegamento ferroviario aeroporto di Genova Fermate di Erzelli/Aeroporto e Cornigliano est ACC e PRG Sestri Ponente PROG PROG,"Aeroporti, accessibilità su ferro",010025,Genova,GE,Genova,07,101.1,agg2025
P131,Velocizzazione linea Torino-Genova Velocizzazione Torino-Genova 1^ fase (potenziamento tecnologico e rettifiche di tracciato) Velocizzazione Torino-Genova 2^ fase (varianti di tracciato),Direttrici di interesse nazionale,001272,Torino,TO,Torino,01,207.23,agg2025
P131,Velocizzazione linea Torino-Genova Velocizzazione Torino-Genova 1^ fase (potenziamento tecnologico e rettifiche di tracciato) Velocizzazione Torino-Genova 2^ fase (varianti di tracciato),Direttrici di interesse nazionale,010025,Genova,GE,Genova,07,207.23,agg2025
P133,Velocizzazione linea Milano-Genova Velocizzazione Milano-Genova 1^ fase - potenziamento tecnologico e 2^ fase - rettifiche di tracciato e piccole varianti,Direttrici di interesse nazionale,015146,Milano,MI,Milano,03,244.41,agg2025
P133,Velocizzazione linea Milano-Genova Velocizzazione Milano-Genova 1^ fase - potenziamento tecnologico e 2^ fase - rettifiche di tracciato e piccole varianti,Direttrici di interesse nazionale,010025,Genova,GE,Genova,07,244.41,agg2025
P134,Upgrading infrastrutturale e tecnologico nodo di Napoli,Città metropolitane,063049,Napoli,NA,Napoli,15,537.84,agg2025
P135,Upgrading infrastrutturale e tecnologico nodi di Palermo - Catania - Messina,Città metropolitane,082053,Palermo,PA,Palermo,19,19.5,agg2025
P135,Upgrading infrastrutturale e tecnologico nodi di Palermo - Catania - Messina,Città metropolitane,087015,Catania,CT,Catania,19,19.5,agg2025
P135,Upgrading infrastrutturale e tecnologico nodi di Palermo - Catania - Messina,Città metropolitane,083048,Messina,ME,Messina,19,19.5,agg2025
P141,Elettrificazione e velocizzazione Roccaravindola-Isernia- Campobasso,Valorizzazione reti regionali,094023,Isernia,IS,Isernia,14,0.0,agg2024
P141,Elettrificazione e velocizzazione Roccaravindola-Isernia- Campobasso,Valorizzazione reti regionali,070006,Campobasso,CB,Campobasso,14,0.0,agg2024
P142,"Porto di Ravenna Porto di Ravenna 1^ fase: Soppressione P.L. via Canale Molinetto, ITER adeguamento cavalcavia Teodorico, prolungamento del sottopassaggio pedonale di stazione e adeguamento collegamento esistente dorsale sinistra Candiano Porto di Ravenna 2^ fase: Potenziamento collegamenti esistenti ITER dorsali sinistra e destra Candiano","Porti e interporti, ultimo miglio",039014,Ravenna,RA,Ravenna,08,137.9,agg2025
P142A,"Porto di Ravenna 1^ fase: Prolungamento dorsale destra Candiano, soppressione del Passaggio a Livello di via Canale Molinetto, adeguamento sagoma cavalcavia Teodorico e altre opere - quota RFI",,039014,Ravenna,RA,Ravenna,08,20.0,cdp2017
P142B,Porto di Ravenna - completamento Completamento: interventi funzionali al potenziamento della relazione ferroviaria Ravenna-Poggio Rusco,,039014,Ravenna,RA,Ravenna,08,50.0,cdp2017
P142B,Porto di Ravenna - completamento Completamento: interventi funzionali al potenziamento della relazione ferroviaria Ravenna-Poggio Rusco,,020042,Poggio Rusco,MN,Mantova,03,50.0,cdp2017
P145,Elettrificazione Empoli-Siena,,048014,Empoli,FI,Firenze,09,0.0,cdp2017
P145,Elettrificazione Empoli-Siena,,052032,Siena,SI,Siena,09,0.0,cdp2017
P146,Potenziamento e velocizzazione Firenze-Pisa,Direttrici di interesse nazionale,048017,Firenze,FI,Firenze,09,0.0,agg2024
P146,Potenziamento e velocizzazione Firenze-Pisa,Direttrici di interesse nazionale,050026,Pisa,PI,Pisa,09,0.0,agg2024
P147,Elettrificazione Civitanova-Macerata-Albacina Elettrificazione Civitanova-Macerata-Albacina,Valorizzazione reti regionali,043023,Macerata,MC,Macerata,11,160.15,agg2025
P173,Nuovo terminale Milano smistamento (interventi RFI) Milano smistamento: attrezzaggio tecnologico nuovo terminale e opere di allaccio alla rete ferroviaria nazionale,"Porti e interporti, ultimo miglio",015146,Milano,MI,Milano,03,21.1,agg2025
P174,Scalo merci Bari Lamasinata Nuova stazione di Bari Lamasinata/Ferruccio fasi PROG PROG,"Porti e interporti, ultimo miglio",072006,Bari,BA,Bari,16,245.0,agg2025
P175,Scalo Torino Orbassano ACC Torino Orbassano Scalo Torino Orbassano: interventi in fascio container,"Porti e interporti, ultimo miglio",001272,Torino,TO,Torino,01,72.25,agg2025
P175,Scalo Torino Orbassano ACC Torino Orbassano Scalo Torino Orbassano: interventi in fascio container,"Porti e interporti, ultimo miglio",001171,Orbassano,TO,Torino,01,72.25,agg2025
P178,Nodo intermodale di Brindisi Nodo intermodale di Brindisi,"Porti e interporti, ultimo miglio",074001,Brindisi,BR,Brindisi,16,87.46,agg2025
P192,Upgrading infrastrutturale e tecnologico nodo di Genova,Città metropolitane,010025,Genova,GE,Genova,07,20.55,agg2025
P193,Upgrading infrastrutturale e tecnologico nodo di Bari,Città metropolitane,072006,Bari,BA,Bari,16,121.5,agg2025
P196,Upgrading infrastrutturale e tecnologico nodo di Catania,Città metropolitane,087015,Catania,CT,Catania,19,0.0,agg2024
P197,Upgrading infrastrutturale e tecnologico nodo di Cagliari,Città metropolitane,118006,Cagliari,CA,Cagliari,20,0.0,agg2025
P210A,Potenziamento della linea Terni - Rieti - L’Aquila-Sulmona Velocizzazione Terni-Rieti e adeguamento massa assiale Rieti- ITER L'Aquila Linea Terni-Sulmona: Infrastrutture di terra per la produzione/stoccaggi e distribuzione di idrogeno verde,Valorizzazione reti regionali,055032,Terni,TR,Terni,10,236.98,agg2025
P210A,Potenziamento della linea Terni - Rieti - L’Aquila-Sulmona Velocizzazione Terni-Rieti e adeguamento massa assiale Rieti- ITER L'Aquila Linea Terni-Sulmona: Infrastrutture di terra per la produzione/stoccaggi e distribuzione di idrogeno verde,Valorizzazione reti regionali,057059,Rieti,RI,Rieti,12,236.98,agg2025
P210A,Potenziamento della linea Terni - Rieti - L’Aquila-Sulmona Velocizzazione Terni-Rieti e adeguamento massa assiale Rieti- ITER L'Aquila Linea Terni-Sulmona: Infrastrutture di terra per la produzione/stoccaggi e distribuzione di idrogeno verde,Valorizzazione reti regionali,066049,L'Aquila,AQ,L'Aquila,13,236.98,agg2025
P210A,Potenziamento della linea Terni - Rieti - L’Aquila-Sulmona Velocizzazione Terni-Rieti e adeguamento massa assiale Rieti- ITER L'Aquila Linea Terni-Sulmona: Infrastrutture di terra per la produzione/stoccaggi e distribuzione di idrogeno verde,Valorizzazione reti regionali,066098,Sulmona,AQ,L'Aquila,13,236.98,agg2025
P210B,Collegamento Terni-Rieti-L'Aquila-Sulmona completamento Completamento Terni-Rieti-L’Aquila- Sulmona FAP° FAP°,Valorizzazione reti regionali,055032,Terni,TR,Terni,10,818.0,cdp2022
P210B,Collegamento Terni-Rieti-L'Aquila-Sulmona completamento Completamento Terni-Rieti-L’Aquila- Sulmona FAP° FAP°,Valorizzazione reti regionali,057059,Rieti,RI,Rieti,12,818.0,cdp2022
P210B,Collegamento Terni-Rieti-L'Aquila-Sulmona completamento Completamento Terni-Rieti-L’Aquila- Sulmona FAP° FAP°,Valorizzazione reti regionali,066049,L'Aquila,AQ,L'Aquila,13,818.0,cdp2022
P210B,Collegamento Terni-Rieti-L'Aquila-Sulmona completamento Completamento Terni-Rieti-L’Aquila- Sulmona FAP° FAP°,Valorizzazione reti regionali,066098,Sulmona,AQ,L'Aquila,13,818.0,cdp2022
P211,Nodo complesso di Pompei Nodo complesso di Pompei,Valorizzazione reti regionali,063058,Pompei,NA,Napoli,15,40.0,agg2025
P212,Riqualificazione urbana Area Portuale Napoli Est - progetto Traccia Napoli (stralcio ferroviario),"Porti e interporti, ultimo miglio",063049,Napoli,NA,Napoli,15,0.0,agg2024
P213,Upgrading infrastrutturale e tecnologico nodo di Messina,Città metropolitane,083048,Messina,ME,Messina,19,0.0,agg2024
P215,Adeguamento linea storica Torino-Modane tratta Bussoleno-Avigliana Adeguamento linea Torino-Modane 1^ fase - potenziamento tecnologico e 2^ adeguamento prestazionale,Direttrici di interesse nazionale,001272,Torino,TO,Torino,01,249.7,agg2025
P215,Adeguamento linea storica Torino-Modane tratta Bussoleno-Avigliana Adeguamento linea Torino-Modane 1^ fase - potenziamento tecnologico e 2^ adeguamento prestazionale,Direttrici di interesse nazionale,001044,Bussoleno,TO,Torino,01,249.7,agg2025
P215,Adeguamento linea storica Torino-Modane tratta Bussoleno-Avigliana Adeguamento linea Torino-Modane 1^ fase - potenziamento tecnologico e 2^ adeguamento prestazionale,Direttrici di interesse nazionale,001013,Avigliana,TO,Torino,01,249.7,agg2025
P216,Completamento fermate SFM Torino Fermata S.Paolo Fermata Borgata Quaglia - Le Gru Fermata S.Luigi Orbassano Fermate Dora e Zappata Fermata Ferriera - Buttigliera,Città metropolitane,001272,Torino,TO,Torino,01,185.62,agg2025
P216,Completamento fermate SFM Torino Fermata S.Paolo Fermata Borgata Quaglia - Le Gru Fermata S.Luigi Orbassano Fermate Dora e Zappata Fermata Ferriera - Buttigliera,Città metropolitane,001171,Orbassano,TO,Torino,01,185.62,agg2025
P220,"Potenziamento dei collegamenti tra il porto di Livorno, la rete ferroviaria e l'interporto Guasticce Porto di Livorno: collegamento diretto Porto-Guasticce (scavalco della linea tirrenica ambito Livorno Calambrone) Porto di Livorno: Collegamento dell’interporto di Guasticce alla PROG PROG linea Pisa-Vada via Collesalvetti Porto di Livorno: Bretella di collegamento tra la linea Pisa-Vada PROG PROG via Collesalvetti e la linea Firenze-Pisa","Porti e interporti, ultimo miglio",049009,Livorno,LI,Livorno,09,766.93,agg2025
P220,"Potenziamento dei collegamenti tra il porto di Livorno, la rete ferroviaria e l'interporto Guasticce Porto di Livorno: collegamento diretto Porto-Guasticce (scavalco della linea tirrenica ambito Livorno Calambrone) Porto di Livorno: Collegamento dell’interporto di Guasticce alla PROG PROG linea Pisa-Vada via Collesalvetti Porto di Livorno: Bretella di collegamento tra la linea Pisa-Vada PROG PROG via Collesalvetti e la linea Firenze-Pisa","Porti e interporti, ultimo miglio",050026,Pisa,PI,Pisa,09,766.93,agg2025
P220,"Potenziamento dei collegamenti tra il porto di Livorno, la rete ferroviaria e l'interporto Guasticce Porto di Livorno: collegamento diretto Porto-Guasticce (scavalco della linea tirrenica ambito Livorno Calambrone) Porto di Livorno: Collegamento dell’interporto di Guasticce alla PROG PROG linea Pisa-Vada via Collesalvetti Porto di Livorno: Bretella di collegamento tra la linea Pisa-Vada PROG PROG via Collesalvetti e la linea Firenze-Pisa","Porti e interporti, ultimo miglio",049008,Collesalvetti,LI,Livorno,09,766.93,agg2025
P220,"Potenziamento dei collegamenti tra il porto di Livorno, la rete ferroviaria e l'interporto Guasticce Porto di Livorno: collegamento diretto Porto-Guasticce (scavalco della linea tirrenica ambito Livorno Calambrone) Porto di Livorno: Collegamento dell’interporto di Guasticce alla PROG PROG linea Pisa-Vada via Collesalvetti Porto di Livorno: Bretella di collegamento tra la linea Pisa-Vada PROG PROG via Collesalvetti e la linea Firenze-Pisa","Porti e interporti, ultimo miglio",048017,Firenze,FI,Firenze,09,766.93,agg2025
P227,Collegamento ferroviario aeroporto di Brindisi Collegamento ferroviario aeroporto di Brindisi,"Aeroporti, accessibilità su ferro",074001,Brindisi,BR,Brindisi,16,161.0,agg2025
P230,Stazione AV Foggia Cervaro Stazione AV Foggia Cervaro,Valorizzazione reti regionali,071024,Foggia,FG,Foggia,16,99.23,agg2025
P232,Ripristino linea Caltagirone - Gela Ripristino linea Caltagirone - Gela,Valorizzazione reti regionali,087011,Caltagirone,CT,Catania,19,397.2,agg2025
P233,Potenziamento Carnate - Ponte S.Pietro 1^ fase Variante ponte ferroviario Paderno d'Adda PROG PROG,Valorizzazione reti regionali,108016,Carnate,MB,Monza e della Brianza,03,674.0,agg2025
P233,Potenziamento Carnate - Ponte S.Pietro 1^ fase Variante ponte ferroviario Paderno d'Adda PROG PROG,Valorizzazione reti regionali,097062,Paderno d'Adda,LC,Lecco,03,674.0,agg2025
P234,Nodo di Genova e Terzo valico dei Giovi Potenziamento infrastrutturale Voltri-Brignole Porto di Genova: Nuovo terminal merci i Genova Campasso Potenziamento terminale Rivalta Scrivia,Direttrici di interesse nazionale,010025,Genova,GE,Genova,07,10623.31,agg2025
P235,Chiusura anello di Palermo tratta Politeama - Notarbartolo Anello di Palermo 2° stralcio: tratta Politeama-Notarbartolo,Città metropolitane,082053,Palermo,PA,Palermo,19,141.8,agg2025
P236,"Elettrificazione della tratta Cinisi-Alcamo Dir- Trapani della linea Palermo - Trapani "" via Milo"" Elettrificazione Cinisi-Alcamo Dir- Trapani",Valorizzazione reti regionali,082031,Cinisi,PA,Palermo,19,102.25,agg2025
P236,"Elettrificazione della tratta Cinisi-Alcamo Dir- Trapani della linea Palermo - Trapani "" via Milo"" Elettrificazione Cinisi-Alcamo Dir- Trapani",Valorizzazione reti regionali,081001,Alcamo,TP,Trapani,19,102.25,agg2025
P236,"Elettrificazione della tratta Cinisi-Alcamo Dir- Trapani della linea Palermo - Trapani "" via Milo"" Elettrificazione Cinisi-Alcamo Dir- Trapani",Valorizzazione reti regionali,081021,Trapani,TP,Trapani,19,102.25,agg2025
P236,"Elettrificazione della tratta Cinisi-Alcamo Dir- Trapani della linea Palermo - Trapani "" via Milo"" Elettrificazione Cinisi-Alcamo Dir- Trapani",Valorizzazione reti regionali,082053,Palermo,PA,Palermo,19,102.25,agg2025
P238,Battipaglia - Potenza - Metaponto - Taranto Battipaglia - Potenza - Metaponto - Taranto 1^ fase Battipaglia - Potenza - Metaponto - Taranto 2^ fase,Direttrici di interesse nazionale,065014,Battipaglia,SA,Salerno,15,1835.0,agg2021
P238,Battipaglia - Potenza - Metaponto - Taranto Battipaglia - Potenza - Metaponto - Taranto 1^ fase Battipaglia - Potenza - Metaponto - Taranto 2^ fase,Direttrici di interesse nazionale,076063,Potenza,PZ,Potenza,17,1835.0,agg2021
P238,Battipaglia - Potenza - Metaponto - Taranto Battipaglia - Potenza - Metaponto - Taranto 1^ fase Battipaglia - Potenza - Metaponto - Taranto 2^ fase,Direttrici di interesse nazionale,073027,Taranto,TA,Taranto,16,1835.0,agg2021
P238A,Battipaglia - Potenza - Metaponto - Taranto 1^ fase Velocizzazione Grassano-Metaponto,Direttrici di interesse nazionale,065014,Battipaglia,SA,Salerno,15,416.35,agg2025
P238A,Battipaglia - Potenza - Metaponto - Taranto 1^ fase Velocizzazione Grassano-Metaponto,Direttrici di interesse nazionale,076063,Potenza,PZ,Potenza,17,416.35,agg2025
P238A,Battipaglia - Potenza - Metaponto - Taranto 1^ fase Velocizzazione Grassano-Metaponto,Direttrici di interesse nazionale,073027,Taranto,TA,Taranto,16,416.35,agg2025
P238A,Battipaglia - Potenza - Metaponto - Taranto 1^ fase Velocizzazione Grassano-Metaponto,Direttrici di interesse nazionale,077011,Grassano,MT,Matera,17,416.35,agg2025
P238B,Battipaglia - Potenza - Metaponto - Taranto completamento Velocizzazione e adeguamento prestazionale Romagnano - Taranto ulteriori fasi,Direttrici di interesse nazionale,065014,Battipaglia,SA,Salerno,15,1320.06,agg2025
P238B,Battipaglia - Potenza - Metaponto - Taranto completamento Velocizzazione e adeguamento prestazionale Romagnano - Taranto ulteriori fasi,Direttrici di interesse nazionale,076063,Potenza,PZ,Potenza,17,1320.06,agg2025
P238B,Battipaglia - Potenza - Metaponto - Taranto completamento Velocizzazione e adeguamento prestazionale Romagnano - Taranto ulteriori fasi,Direttrici di interesse nazionale,073027,Taranto,TA,Taranto,16,1320.06,agg2025
P238B,Battipaglia - Potenza - Metaponto - Taranto completamento Velocizzazione e adeguamento prestazionale Romagnano - Taranto ulteriori fasi,Direttrici di interesse nazionale,065110,Romagnano al Monte,SA,Salerno,15,1320.06,agg2025
P240A,Roma-Pescara fasi Raddoppio Tagliacozzo-Avezzano PROG PROG Raddoppio Sulmona-Pratola Peligna PROG PROG Raddoppio Scafa-Manoppello-Interporto d'Abruzzo,Direttrici di interesse nazionale,058091,Roma,RM,Roma,12,2324.3,agg2025
P240A,Roma-Pescara fasi Raddoppio Tagliacozzo-Avezzano PROG PROG Raddoppio Sulmona-Pratola Peligna PROG PROG Raddoppio Scafa-Manoppello-Interporto d'Abruzzo,Direttrici di interesse nazionale,068028,Pescara,PE,Pescara,13,2324.3,agg2025
P240A,Roma-Pescara fasi Raddoppio Tagliacozzo-Avezzano PROG PROG Raddoppio Sulmona-Pratola Peligna PROG PROG Raddoppio Scafa-Manoppello-Interporto d'Abruzzo,Direttrici di interesse nazionale,066099,Tagliacozzo,AQ,L'Aquila,13,2324.3,agg2025
P240A,Roma-Pescara fasi Raddoppio Tagliacozzo-Avezzano PROG PROG Raddoppio Sulmona-Pratola Peligna PROG PROG Raddoppio Scafa-Manoppello-Interporto d'Abruzzo,Direttrici di interesse nazionale,066006,Avezzano,AQ,L'Aquila,13,2324.3,agg2025
P240A,Roma-Pescara fasi Raddoppio Tagliacozzo-Avezzano PROG PROG Raddoppio Sulmona-Pratola Peligna PROG PROG Raddoppio Scafa-Manoppello-Interporto d'Abruzzo,Direttrici di interesse nazionale,066098,Sulmona,AQ,L'Aquila,13,2324.3,agg2025
P240A,Roma-Pescara fasi Raddoppio Tagliacozzo-Avezzano PROG PROG Raddoppio Sulmona-Pratola Peligna PROG PROG Raddoppio Scafa-Manoppello-Interporto d'Abruzzo,Direttrici di interesse nazionale,066075,Pratola Peligna,AQ,L'Aquila,13,2324.3,agg2025
P240A,Roma-Pescara fasi Raddoppio Tagliacozzo-Avezzano PROG PROG Raddoppio Sulmona-Pratola Peligna PROG PROG Raddoppio Scafa-Manoppello-Interporto d'Abruzzo,Direttrici di interesse nazionale,068039,Scafa,PE,Pescara,13,2324.3,agg2025
P240A,Roma-Pescara fasi Raddoppio Tagliacozzo-Avezzano PROG PROG Raddoppio Sulmona-Pratola Peligna PROG PROG Raddoppio Scafa-Manoppello-Interporto d'Abruzzo,Direttrici di interesse nazionale,068022,Manoppello,PE,Pescara,13,2324.3,agg2025
P240B,Roma-Pescara completamento Nuova linea Roma-Mandela-Tagliacozzo,Direttrici di interesse nazionale,058091,Roma,RM,Roma,12,12753.0,agg2025
P240B,Roma-Pescara completamento Nuova linea Roma-Mandela-Tagliacozzo,Direttrici di interesse nazionale,068028,Pescara,PE,Pescara,13,12753.0,agg2025
P240B,Roma-Pescara completamento Nuova linea Roma-Mandela-Tagliacozzo,Direttrici di interesse nazionale,058053,Mandela,RM,Roma,12,12753.0,agg2025
P240B,Roma-Pescara completamento Nuova linea Roma-Mandela-Tagliacozzo,Direttrici di interesse nazionale,066099,Tagliacozzo,AQ,L'Aquila,13,12753.0,agg2025
P245,Adeguamento e velocizzazione linea ferroviaria jonica - tratta Sibari-Melito Porto Salvo e trasversale Lamezia Terme - Catanzaro Lido Elettrificazione linea jonica tratta Catanzaro Lido - Crotone - Sibari Potenziamento Lamezia Terme - Settingiano e elettrificazione,Direttrici di interesse nazionale,079160,Lamezia Terme,CZ,Catanzaro,18,1325.97,agg2025
P245,Adeguamento e velocizzazione linea ferroviaria jonica - tratta Sibari-Melito Porto Salvo e trasversale Lamezia Terme - Catanzaro Lido Elettrificazione linea jonica tratta Catanzaro Lido - Crotone - Sibari Potenziamento Lamezia Terme - Settingiano e elettrificazione,Direttrici di interesse nazionale,079023,Catanzaro,CZ,Catanzaro,18,1325.97,agg2025
P245,Adeguamento e velocizzazione linea ferroviaria jonica - tratta Sibari-Melito Porto Salvo e trasversale Lamezia Terme - Catanzaro Lido Elettrificazione linea jonica tratta Catanzaro Lido - Crotone - Sibari Potenziamento Lamezia Terme - Settingiano e elettrificazione,Direttrici di interesse nazionale,101010,Crotone,KR,Crotone,18,1325.97,agg2025
P245,Adeguamento e velocizzazione linea ferroviaria jonica - tratta Sibari-Melito Porto Salvo e trasversale Lamezia Terme - Catanzaro Lido Elettrificazione linea jonica tratta Catanzaro Lido - Crotone - Sibari Potenziamento Lamezia Terme - Settingiano e elettrificazione,Direttrici di interesse nazionale,079131,Settingiano,CZ,Catanzaro,18,1325.97,agg2025
P246,Potenziamento Venafro - Campobasso - Matrice Potenziamento Venafro - Campobasso - Matrice 1^ fase Potenziamento Venafro - Campobasso - Matrice 2^ fase,Valorizzazione reti regionali,094052,Venafro,IS,Isernia,14,393.62,agg2025
P246,Potenziamento Venafro - Campobasso - Matrice Potenziamento Venafro - Campobasso - Matrice 1^ fase Potenziamento Venafro - Campobasso - Matrice 2^ fase,Valorizzazione reti regionali,070006,Campobasso,CB,Campobasso,14,393.62,agg2025
P246,Potenziamento Venafro - Campobasso - Matrice Potenziamento Venafro - Campobasso - Matrice 1^ fase Potenziamento Venafro - Campobasso - Matrice 2^ fase,Valorizzazione reti regionali,070037,Matrice,CB,Campobasso,14,393.62,agg2025
P247,Potenziamento Palermo - Agrigento - Porto Empedocle bassa Potenziamento Palermo - Agrigento - Porto Empedocle bassa,Valorizzazione reti regionali,082053,Palermo,PA,Palermo,19,103.0,agg2025
P247,Potenziamento Palermo - Agrigento - Porto Empedocle bassa Potenziamento Palermo - Agrigento - Porto Empedocle bassa,Valorizzazione reti regionali,084001,Agrigento,AG,Agrigento,19,103.0,agg2025
P247,Potenziamento Palermo - Agrigento - Porto Empedocle bassa Potenziamento Palermo - Agrigento - Porto Empedocle bassa,Valorizzazione reti regionali,084028,Porto Empedocle,AG,Agrigento,19,103.0,agg2025
P248,Raddoppio Decimomannu-Villamassargia,Valorizzazione reti regionali,118009,Decimomannu,CA,Cagliari,20,949.0,agg2025
P248,Raddoppio Decimomannu-Villamassargia,Valorizzazione reti regionali,119022,Villamassargia,CI,Sulcis Iglesiente,20,949.0,agg2025
P249,Collegamento ferroviario aeroporto di Olbia Collegamento ferroviario aeroporto di Olbia,"Aeroporti, accessibilità su ferro",113017,Olbia,OT,Gallura Nord-Est Sardegna,20,231.04,agg2025
P250,Intermodalità e accessibilità Trapani Birgi Intermodalità e accessibilità aeroporto Trapani Birgi,"Aeroporti, accessibilità su ferro",081021,Trapani,TP,Trapani,19,47.78,agg2025
P251,Collegamento porto di Augusta Collegamento porto di Augusta,"Porti e interporti, ultimo miglio",089001,Augusta,SR,Siracusa,19,104.57,agg2025
P252,Adeguamento e potenziamento impianto di Vado Ligure zona industriale Adeguamento e potenziamento impianto di Vado Ligure zona industriale Fase 1 Adeguamento e potenziamento impianto di Vado Ligure zona industriale Fase 2,"Porti e interporti, ultimo miglio",009064,Vado Ligure,SV,Savona,07,96.27,agg2025
P253,Potenziamento collegamenti bacino di Augusta Bypass di Augusta,Valorizzazione reti regionali,089001,Augusta,SR,Siracusa,19,175.71,agg2025
P254,"Velocizzazione collegamenti nord-sud rete sarda Velocizzazione Villamassargia-Carbonia Elettrificazione Cagliari-Oristano 1^ fase , Potenziamento infrastrutturale Oristano-Ozieri Chilivani, Nuova stazione Chilivani Sud, Interventi IS e Verifiche alle opere d'arte per adeguamenti prestazionali",Direttrici di interesse nazionale,119022,Villamassargia,CI,Sulcis Iglesiente,20,108.8,cdp2022
P254,"Velocizzazione collegamenti nord-sud rete sarda Velocizzazione Villamassargia-Carbonia Elettrificazione Cagliari-Oristano 1^ fase , Potenziamento infrastrutturale Oristano-Ozieri Chilivani, Nuova stazione Chilivani Sud, Interventi IS e Verifiche alle opere d'arte per adeguamenti prestazionali",Direttrici di interesse nazionale,119003,Carbonia,CI,Sulcis Iglesiente,20,108.8,cdp2022
P254,"Velocizzazione collegamenti nord-sud rete sarda Velocizzazione Villamassargia-Carbonia Elettrificazione Cagliari-Oristano 1^ fase , Potenziamento infrastrutturale Oristano-Ozieri Chilivani, Nuova stazione Chilivani Sud, Interventi IS e Verifiche alle opere d'arte per adeguamenti prestazionali",Direttrici di interesse nazionale,118006,Cagliari,CA,Cagliari,20,108.8,cdp2022
P254,"Velocizzazione collegamenti nord-sud rete sarda Velocizzazione Villamassargia-Carbonia Elettrificazione Cagliari-Oristano 1^ fase , Potenziamento infrastrutturale Oristano-Ozieri Chilivani, Nuova stazione Chilivani Sud, Interventi IS e Verifiche alle opere d'arte per adeguamenti prestazionali",Direttrici di interesse nazionale,115045,Oristano,OR,Oristano,20,108.8,cdp2022
P254,"Velocizzazione collegamenti nord-sud rete sarda Velocizzazione Villamassargia-Carbonia Elettrificazione Cagliari-Oristano 1^ fase , Potenziamento infrastrutturale Oristano-Ozieri Chilivani, Nuova stazione Chilivani Sud, Interventi IS e Verifiche alle opere d'arte per adeguamenti prestazionali",Direttrici di interesse nazionale,112040,Ozieri,SS,Sassari,20,108.8,cdp2022
P254A,Elettrificazione Cagliari-Oristano Elettrificazione Cagliari-Oristano,Direttrici di interesse nazionale,118006,Cagliari,CA,Cagliari,20,106.6,agg2025
P254A,Elettrificazione Cagliari-Oristano Elettrificazione Cagliari-Oristano,Direttrici di interesse nazionale,115045,Oristano,OR,Oristano,20,106.6,agg2025
P254B,Velocizzazione Villamassargia-Carbonia Velocizzazione Villamassargia-Carbonia,Valorizzazione reti regionali,119022,Villamassargia,CI,Sulcis Iglesiente,20,13.0,agg2025
P254B,Velocizzazione Villamassargia-Carbonia Velocizzazione Villamassargia-Carbonia,Valorizzazione reti regionali,119003,Carbonia,CI,Sulcis Iglesiente,20,13.0,agg2025
P255,Accessibilità alla nuova stazione AV di Belfiore People mover Firenze Belfiore - Santa Maria Novella PROG PROG Fermata Circondaria ITER,Città metropolitane,023007,Belfiore,VR,Verona,05,135.0,agg2025
P255,Accessibilità alla nuova stazione AV di Belfiore People mover Firenze Belfiore - Santa Maria Novella PROG PROG Fermata Circondaria ITER,Città metropolitane,048017,Firenze,FI,Firenze,09,135.0,agg2025
P256,Potenziamento infrastrutturale scalo di Brescia Potenziamento infrastrutturale scalo di Brescia,"Porti e interporti, ultimo miglio",017029,Brescia,BS,Brescia,03,82.19,agg2025
P257,Elettrificazione Ivrea-Aosta,Valorizzazione reti regionali,001125,Ivrea,TO,Torino,01,0.0,cdp2022
P257,Elettrificazione Ivrea-Aosta,Valorizzazione reti regionali,007003,Aosta,AO,Valle d'Aosta/Vallée d'Aoste,02,0.0,cdp2022
P258,Linea Rosarno-S. Ferdinando: adeguamento PRG impianti di Rosarno e San Ferdinando Adeguamento PRG impianti di Rosarno e San Ferdinando,"Porti e interporti, ultimo miglio",080069,Rosarno,RC,Reggio Calabria,18,85.0,agg2025
P258,Linea Rosarno-S. Ferdinando: adeguamento PRG impianti di Rosarno e San Ferdinando Adeguamento PRG impianti di Rosarno e San Ferdinando,"Porti e interporti, ultimo miglio",080097,San Ferdinando,RC,Reggio Calabria,18,85.0,agg2025
P259,Linea Bari-Bitritto: upgrading infrastrutturale Linea Bari-Bitritto: upgrading infrastrutturale,Valorizzazione reti regionali,072006,Bari,BA,Bari,16,30.11,agg2025
P259,Linea Bari-Bitritto: upgrading infrastrutturale Linea Bari-Bitritto: upgrading infrastrutturale,Valorizzazione reti regionali,072012,Bitritto,BA,Bari,16,30.11,agg2025
P260,Potenziamento Capannelle-Ciampino Quadruplicamento Capannelle-Ciampino e PRG Ciampino,Città metropolitane,058118,Ciampino,RM,Roma,12,376.44,agg2025
P261,"Potenziamento linea Bologna-Prato Linea Bologna-Prato-Firenze: adeguamento prestazionale (sagoma, modulo) e potenziamento tecnologico",Direttrici di interesse nazionale,037006,Bologna,BO,Bologna,08,565.34,agg2025
P261,"Potenziamento linea Bologna-Prato Linea Bologna-Prato-Firenze: adeguamento prestazionale (sagoma, modulo) e potenziamento tecnologico",Direttrici di interesse nazionale,048017,Firenze,FI,Firenze,09,565.34,agg2025
P262B,Velocizzazione e potenziamento linea ferroviaria Adriatica 2^ fase Velocizzazione CastelBolognese-Rimini,Direttrici di interesse nazionale,099014,Rimini,RN,Rimini,08,4050.0,agg2025
P270,Opere di collegamento al Ponte sullo stretto di Messina - sponda calabra e siciliana Opere di collegamento al Ponte sullo stretto di Messina - sponda PROG PROG calabra Opere di collegamento al Ponte sullo stretto di Messina - sponda PROG PROG sicialiana,Direttrici di interesse nazionale,083048,Messina,ME,Messina,19,1766.0,agg2025
