cup,esito,file_parte_agg2025,file_parte_agg2026_wip,file_stato_bdap,stato_nei_documenti,dove_nei_documenti,interventi,descrizione,pagine_nel_testo_dei_pdf
B31D24000040001,"In corso nel contratto, assente dal file",,,,in corso,"Tabella A/B, agg2025 p. 58",P129,Collegamento ferroviario aeroporto di Genova Fermate di Erzelli/Aeroporto e Cornigliano est ACC e PRG Sestri Ponente PROG PROG,CdP_2022-2026_Investimenti_Agg_ 2025.pdf p. 58 | CdP_2022-2026_Investimenti_Agg_ 2025.pdf p. 107 | appendice_7_distribuzione_territoriale.pdf p. 22
B47D22000130006,"In corso nel contratto, assente dal file",,,,in corso,"Appendice 2, app2-agg2025 p. 9",P237,Stazione Milano Greco Pirelli,appendice_2_lista_cup.pdf p. 9 | appendice_3_schede_intervento.pdf p. 67 | appendice_9_elenco_opere_pnrr_e_pnc.pdf p. 4
B51J20000110002,"Nei documenti, fuori dalle tabelle",CDP-I,,Attivo,,,,,appendice_3_schede_intervento.pdf p. 90
B83D21014280004,"In corso nel contratto, assente dal file",,,,in corso,"Appendice 2, app2-agg2025 p. 6",A2001B,Autoproduzione di Energia Elettrica da Fonti Rinnovabili – 1° tranche,appendice_2_lista_cup.pdf p. 6 | appendice_3_schede_intervento.pdf p. 34 | relazione_informativa_agg_2025_v04_clean.pdf p. 16
C51B20000970006,Concorda,CDP-I,,Attivo,in corso,"Tabella A/B, agg2025 p. 56",P251,Collegamento porto di Augusta Collegamento porto di Augusta,CdP_2022-2026_Investimenti_Agg2024.pdf p. 48 | CdP_2022-2026_Investimenti_Agg2024.pdf p. 90 | CdP_2022-2026_Investimenti_Agg_ 2025.pdf p. 56 | CdP_2022-2026_Investimenti_Agg_ 2025.pdf p. 105 | CdP_Servizi_2022-2026_AI2_Agg2024.pdf p. 59 | appendice_3_schede_intervento.pdf p. 274
C66J20000210001,Concorda,CDP-I,,Attivo,in corso,"Appendice 2, app2-agg2025 p. 10",P199,Riqualificazione stazione di Trento,CdP_2022-2026_Investimenti_Agg_ 2025.pdf p. 9 | appendice_2_lista_cup.pdf p. 10 | appendice_3_schede_intervento.pdf p. 110 | appendice_6_agg_relazione_interventi_dl_43_2013.pdf p. 4 | relazione_informativa_agg_2025_v04_clean.pdf p. 12
C97D20000080001,Concorda,CDP-I,,Attivo,in corso,"Appendice 2, app2-agg2025 p. 10",P199,Stazioni Olimpiche Regione Veneto-Feltre,appendice_2_lista_cup.pdf p. 10 | appendice_3_schede_intervento.pdf p. 110
E41B19000650002,"In corso nel contratto, assente dal file",,,,in corso,"Appendice 2, app2-agg2025 p. 9",P055_A,Pianiga,appendice_2_lista_cup.pdf p. 9 | appendice_3_schede_intervento.pdf p. 65 | relazione_informativa_agg_2025_v04_clean.pdf p. 16
E71I23000320009,"In corso nel contratto, assente dal file",,,,in corso,"Appendice 2, app2-agg2025 p. 4",A1013A,Intervento di difesa del paraggio con opere rigide e morbide nel comune di Potenza Picena e Civitanova Marche,appendice_2_lista_cup.pdf p. 4 | appendice_3_schede_intervento.pdf p. 17
F21H91000000008,"Opera ultimata, CUP attivo in BDAP",CDP-I,,Attivo,concluso,"Opere ultimate, agg2025 p. 143",,Rete AV/AC Torino-Milano-Napoli: opere in esercizio,CdP_2017-2021_Investimenti.pdf p. 181 | CdP_2022-2026_Investimenti_Agg2024.pdf p. 114 | CdP_2022-2026_Investimenti_Agg_ 2025.pdf p. 143
F32H23000570007,"Opera ultimata, assente dal file",,,,concluso,"Opere ultimate, agg2025 p. 135",,Sicurezza ed Obblighi di Legge,CdP_2022-2026_Investimenti_Agg_ 2025.pdf p. 135
F37F24000020007,"Opera ultimata, assente dal file",,,,concluso,"Opere ultimate, agg2025 p. 135",,Sicurezza ed Obblighi di Legge,CdP_2022-2026_Investimenti_Agg_ 2025.pdf p. 135
F41H91000000008,"Opera ultimata, CUP attivo in BDAP",CDP-I,,Attivo,concluso,"Opere ultimate, agg2025 p. 143",,Rete AV/AC Torino-Milano-Napoli: opere in esercizio,CdP_2017-2021_Investimenti.pdf p. 181 | CdP_2022-2026_Investimenti_Agg_ 2025.pdf p. 143
F41I20000030007,"In corso nel contratto, assente dal file",,,,in corso,"Appendice 2, app2-agg2025 p. 9",P055_A,Stazione a scavalco di Sesto S. Giovanni,appendice_2_lista_cup.pdf p. 9 | appendice_3_schede_intervento.pdf p. 65
F81H91000000008,Concorda,CDP-I,,Attivo,in corso,"Tabella A/B, agg2025 p. 82",0361,Linea AV/AC Milano - Verona: tratta Brescia - Verona,CdP_2017-2021_Investimenti.pdf p. 109 | CdP_2017-2021_Investimenti.pdf p. 172 | CdP_2017-2021_Investimenti_Agg2020-2021.pdf p. 67 | CdP_2017-2021_Investimenti_Agg2020-2021.pdf p. 122 | CdP_2022-2026_Investimenti.pdf p. 82 | CdP_2022-2026_Investimenti.pdf p. 134
F81H91000000018,"Nei documenti, fuori dalle tabelle",CDP-I,,Chiuso,,,,,appendice_1_delibere_cipess_per_progetto.pdf p. 4
F81H91000010008,"Opera ultimata, CUP attivo in BDAP",CDP-I,,Attivo,concluso,"Opere ultimate, cdp2017 p. 181",,Tratta AV/AC Bologna - Firenze,CdP_2017-2021_Investimenti.pdf p. 181
F81H92000000008,Concorda,CDP-I,,Attivo,in corso,"Tabella A/B, agg2025 p. 63",P234|0343,Nodo di Genova e Terzo valico dei Giovi Potenziamento infrastrutturale Voltri-Brignole Porto di Genova: Nuovo terminal merci i Genova Campasso Potenziamento terminale Rivalta Scrivia,CdP_2017-2021_Investimenti.pdf p. 108 | CdP_2017-2021_Investimenti.pdf p. 171 | CdP_2017-2021_Investimenti_Agg2020-2021.pdf p. 45 | CdP_2017-2021_Investimenti_Agg2020-2021.pdf p. 101 | CdP_2022-2026_Investimenti.pdf p. 60 | CdP_2022-2026_Investimenti.pdf p. 115
F91H91000000008,"Opera ultimata, CUP attivo in BDAP",CDP-I,,Attivo,concluso,"Opere ultimate, cdp2017 p. 181",,Tratta AV/AC Roma - Napoli,CdP_2017-2021_Investimenti.pdf p. 181
G43D22000690005,"Investimenti, non nei documenti",CDP-I,,Attivo,,,,,
I41J05000020005,"Altro, solo nei documenti",,,,non piu' nel contratto,"Tabella A/B precedente, agg2021 p. 68",A004,Galleria di base del Brennero - quota Italia,CdP_2017-2021_Investimenti_Agg2020-2021.pdf p. 68 | CdP_2017-2021_Investimenti_Agg2020-2021.pdf p. 123 | CdP_2022-2026_Investimenti.pdf p. 82 | CdP_2022-2026_Investimenti.pdf p. 135 | CdP_2022-2026_Investimenti_Agg2024.pdf p. 68 | CdP_2022-2026_Investimenti_Agg2024.pdf p. 110
J11B21008720008,Concorda,CDP-I,,Attivo,in corso,"Tabella A/B, agg2025 p. 66",P210A,Potenziamento della linea Terni - Rieti - L’Aquila-Sulmona Velocizzazione Terni-Rieti e adeguamento massa assiale Rieti- ITER L'Aquila Linea Terni-Sulmona: Infrastrutture di terra per la produzione/stoccaggi e distribuzione di idrogeno verde,CdP_2022-2026_Investimenti.pdf p. 49 | CdP_2022-2026_Investimenti.pdf p. 95 | CdP_2022-2026_Investimenti_Agg2024.pdf p. 54 | CdP_2022-2026_Investimenti_Agg2024.pdf p. 77 | CdP_2022-2026_Investimenti_Agg_ 2025.pdf p. 66 | CdP_2022-2026_Investimenti_Agg_ 2025.pdf p. 92
J11C05000010001,"Opera ultimata, assente dal file",,,,concluso,"Opere ultimate, agg2021 p. 128",,Interventi su SCC e IaP - Palermo,CdP_2017-2021_Investimenti_Agg2020-2021.pdf p. 128
J11C09000000009,Concorda,CDP-I,,Attivo,in corso,"Tabella A/B, agg2025 p. 72",P262A|0332A|0332B,Velocizzazione e potenziamento linea ferroviaria Adriatica 1^ fase,CdP_2017-2021_Investimenti.pdf p. 54 | CdP_2017-2021_Investimenti.pdf p. 99 | CdP_2017-2021_Investimenti.pdf p. 134 | CdP_2017-2021_Investimenti_Agg2020-2021.pdf p. 38 | CdP_2017-2021_Investimenti_Agg2020-2021.pdf p. 52 | CdP_2017-2021_Investimenti_Agg2020-2021.pdf p. 89
J11C91000000008,"Opera ultimata, CUP attivo in BDAP",CDP-I,,Attivo,concluso,"Opere ultimate, agg2025 p. 143",,Rete AV/AC Torino-Milano-Napoli: opere in esercizio,CdP_2017-2021_Investimenti.pdf p. 181 | CdP_2022-2026_Investimenti.pdf p. 139 | CdP_2022-2026_Investimenti_Agg_ 2025.pdf p. 143
J11G22000000009,Concorda,CDP-I,,Attivo,in corso,"Appendice 2, app2-agg2025 p. 11",P076,Nuova fermata di Firenze Guidoni,appendice_2_lista_cup.pdf p. 11 | appendice_3_schede_intervento.pdf p. 208
J11G22000080001,Concorda,CDP-I,,Attivo,in corso,"Appendice 2, app2-agg2025 p. 9",P237,City Hub e linee metropolitane Area Centro Sud,appendice_2_lista_cup.pdf p. 9 | appendice_3_schede_intervento.pdf p. 67 | relazione_informativa_agg_2025_v04_clean.pdf p. 16
J11G24000000001,Concorda,CDP-I,,Attivo,in corso,"Appendice 2, app2-agg2025 p. 5",A1013B,Miglioramento sismico - DOIT Verona,appendice_2_lista_cup.pdf p. 5 | appendice_3_schede_intervento.pdf p. 20
J11H00000190001,"Opera ultimata, assente dal file",,,,concluso,"Opere ultimate, agg2021 p. 129",,PROGRAMMA OPERATIVO TRASPORTI FERROVIE,CdP_2017-2021_Investimenti_Agg2020-2021.pdf p. 129
J11H00000190011,"Opera ultimata, assente dal file",,,,concluso,"Opere ultimate, agg2025 p. 140",,"Tecnologie per la sicurezza, la circolazione e l'efficientamento",CdP_2017-2021_Investimenti_Agg2020-2021.pdf p. 128 | CdP_2022-2026_Investimenti_Agg_ 2025.pdf p. 140
J11H00000190021,"Opera ultimata, assente dal file",,,,concluso,"Opere ultimate, agg2025 p. 140",,Studi di fattibilità e progettazioni,CdP_2022-2026_Investimenti_Agg_ 2025.pdf p. 140
J11H00000220001,"Opera ultimata, assente dal file",,,,concluso,"Opere ultimate, agg2025 p. 140",,Studi di fattibilità e progettazioni,CdP_2022-2026_Investimenti_Agg_ 2025.pdf p. 140
J11H00000240001,"Opera ultimata, assente dal file",,,,concluso,"Opere ultimate, agg2025 p. 140",,Studi di fattibilità e progettazioni,CdP_2022-2026_Investimenti_Agg_ 2025.pdf p. 140
J11H01000260001,"Opera ultimata, CUP attivo in BDAP",CDP-I,,Attivo,concluso,"Opere ultimate, agg2025 p. 141",,"Tecnologie per la sicurezza, la circolazione e l'efficientamento",CdP_2017-2021_Investimenti.pdf p. 179 | CdP_2022-2026_Investimenti_Agg2023.pdf p. 37 | CdP_2022-2026_Investimenti_Agg_ 2025.pdf p. 141
J11H02000040008,Concorda,CDP-I,,Attivo,in corso,"Tabella A/B, agg2025 p. 54",0052,"Passante di Torino tratta Porta Susa - Stura Quadruplicamento Torino Porta Susa-Stura e progettazione fermate Dora e Zappata, Stazione AV Torino Porta Susa e Nuova SSE Torino Bramante",CdP_2017-2021_Investimenti.pdf p. 51 | CdP_2017-2021_Investimenti.pdf p. 128 | CdP_2017-2021_Investimenti_Agg2020-2021.pdf p. 36 | CdP_2017-2021_Investimenti_Agg2020-2021.pdf p. 84 | CdP_2022-2026_Investimenti.pdf p. 53 | CdP_2022-2026_Investimenti.pdf p. 100
J11H02000050001,"Opera ultimata, CUP attivo in BDAP",CDP-I,,Attivo,concluso,"Opere ultimate, cdp2017 p. 179",,Variante di Gozzano,CdP_2017-2021_Investimenti.pdf p. 179
J11H02000060001,Concorda,CDP-I,,Attivo,in corso,"Tabella A/B, agg2025 p. 50",0242,"Velocizzazione Palermo - Agrigento Velocizzazione Montemaggiore-Roccapalumba, Variante Lercara e altri interventi minori",CdP_2017-2021_Investimenti.pdf p. 49 | CdP_2017-2021_Investimenti.pdf p. 126 | CdP_2017-2021_Investimenti_Agg2020-2021.pdf p. 35 | CdP_2017-2021_Investimenti_Agg2020-2021.pdf p. 82 | CdP_2022-2026_Investimenti.pdf p. 52 | CdP_2022-2026_Investimenti.pdf p. 98
J11H02000070008,Concorda,CDP-I,,Attivo,in corso,"Tabella A/B, agg2025 p. 60",0249,Linea Messina-Catania: raddoppio Giampilieri-Fiumefreddo Raddoppio Giampilieri-Taormina Raddoppio Letojanni-Taormina-Fiumefreddo,CdP_2017-2021_Investimenti.pdf p. 70 | CdP_2017-2021_Investimenti.pdf p. 166 | CdP_2017-2021_Investimenti_Agg2020-2021.pdf p. 44 | CdP_2017-2021_Investimenti_Agg2020-2021.pdf p. 117 | CdP_2022-2026_Investimenti.pdf p. 66 | CdP_2022-2026_Investimenti.pdf p. 130
J11H02000080001,Concorda,CDP-I,,Chiuso,concluso,"Opere ultimate, agg2025 p. 138",,Sviluppo infrastrutturale e upgrading,CdP_2017-2021_Investimenti.pdf p. 179 | CdP_2022-2026_Investimenti_Agg_ 2025.pdf p. 138
J11H02000090001,"Opera ultimata, CUP attivo in BDAP",CDP-I,,Attivo,concluso,"Opere ultimate, agg2025 p. 130",,Manutenzione Straordinaria cicli fino al 2011,CdP_2022-2026_Investimenti_Agg2024.pdf p. 113 | CdP_2022-2026_Investimenti_Agg_ 2025.pdf p. 130
J11H02000100001,"Opera ultimata, assente dal file",,,,concluso,"Opere ultimate, cdp2017 p. 179",,Metroferrovia Messina - Giampilieri,CdP_2017-2021_Investimenti.pdf p. 179
J11H02000120001,Concorda,CDP-I,,Chiuso,concluso,"Opere ultimate, agg2024 p. 113",,Sistema di Controllo Marcia Treno (SCMT)-Progettazione di massima Automac Train Control (ATC) 2^ fase,CdP_2022-2026_Investimenti_Agg2024.pdf p. 113
J11H02000130001,Concorda,CDP-I,,Attivo,in corso,"Tabella A/B, agg2025 p. 70",0223A|0223B,Nodo di Novara 1^ fase Sistemazione Novara Boschetto e PRG Vignale PROG PROG,CdP_2017-2021_Investimenti.pdf p. 61 | CdP_2017-2021_Investimenti.pdf p. 102 | CdP_2017-2021_Investimenti.pdf p. 146 | CdP_2017-2021_Investimenti_Agg2020-2021.pdf p. 55 | CdP_2017-2021_Investimenti_Agg2020-2021.pdf p. 64 | CdP_2017-2021_Investimenti_Agg2020-2021.pdf p. 100
J11H03000030008,Concorda,CDP-I,,Attivo,in corso,"Tabella A/B, agg2025 p. 70",0241A|0241B,Cintura di Torino e connessione al collegamento Torino- Lione opere prioritarie Sezione nazionale Torino-Lione 1^ fase (quadruplicamento PROG PROG Avigliana-Orbassano e scalo Orbassano),CdP_2017-2021_Investimenti.pdf p. 80 | CdP_2017-2021_Investimenti.pdf p. 102 | CdP_2017-2021_Investimenti.pdf p. 144 | CdP_2017-2021_Investimenti_Agg2020-2021.pdf p. 54 | CdP_2017-2021_Investimenti_Agg2020-2021.pdf p. 64 | CdP_2017-2021_Investimenti_Agg2020-2021.pdf p. 99
J11H03000040011,"Opera ultimata, assente dal file",,,,concluso,"Opere ultimate, agg2025 p. 130",,Manutenzione Straordinaria cicli fino al 2011,CdP_2017-2021_Investimenti.pdf p. 176 | CdP_2022-2026_Investimenti_Agg_ 2025.pdf p. 130
J11H03000040021,"Opera ultimata, assente dal file",,,,concluso,"Opere ultimate, agg2021 p. 127",,Miglioramenti Infrastrutt. stazioni (VE) - ante 2011,CdP_2017-2021_Investimenti.pdf p. 176 | CdP_2017-2021_Investimenti_Agg2020-2021.pdf p. 127
J11H03000040041,"Opera ultimata, assente dal file",,,,concluso,"Opere ultimate, agg2025 p. 130",,Manutenzione Straordinaria cicli fino al 2011,CdP_2017-2021_Investimenti.pdf p. 176 | CdP_2022-2026_Investimenti_Agg_ 2025.pdf p. 130
J11H03000050001,Concorda,CDP-I,,Chiuso,concluso,"Opere ultimate, agg2025 p. 130",,Manutenzione Straordinaria cicli fino al 2011,CdP_2017-2021_Investimenti.pdf p. 179 | CdP_2022-2026_Investimenti_Agg_ 2025.pdf p. 130
J11H03000060001,"Opera ultimata, assente dal file",,,,concluso,"Opere ultimate, agg2021 p. 127",,Miglioramento sicurezza gallerie ferroviarie - DTP Roma - ante 2011,CdP_2017-2021_Investimenti.pdf p. 176 | CdP_2017-2021_Investimenti_Agg2020-2021.pdf p. 127
J11H03000060011,"Opera ultimata, assente dal file",,,,concluso,"Opere ultimate, cdp2017 p. 176",,Miglioramento sicurezza gallerie ferroviarie - DTP Genova,CdP_2017-2021_Investimenti.pdf p. 176
J11H03000060021,"Opera ultimata, assente dal file",,,,concluso,"Opere ultimate, agg2025 p. 135",,Sicurezza ed Obblighi di Legge,CdP_2017-2021_Investimenti.pdf p. 176 | CdP_2022-2026_Investimenti_Agg_ 2025.pdf p. 135
J11H03000060031,"Opera ultimata, assente dal file",,,,concluso,"Opere ultimate, agg2025 p. 135",,Sicurezza ed Obblighi di Legge,CdP_2017-2021_Investimenti.pdf p. 176 | CdP_2022-2026_Investimenti_Agg_ 2025.pdf p. 135
J11H03000060041,"Opera ultimata, assente dal file",,,,concluso,"Opere ultimate, agg2025 p. 135",,Sicurezza ed Obblighi di Legge,CdP_2017-2021_Investimenti.pdf p. 176 | CdP_2022-2026_Investimenti_Agg_ 2025.pdf p. 135
J11H03000060071,"Opera ultimata, assente dal file",,,,concluso,"Opere ultimate, agg2025 p. 135",,Sicurezza ed Obblighi di Legge,CdP_2017-2021_Investimenti.pdf p. 176 | CdP_2017-2021_Investimenti_Agg2020-2021.pdf p. 127 | CdP_2022-2026_Investimenti_Agg_ 2025.pdf p. 135
J11H03000060081,"Opera ultimata, assente dal file",,,,concluso,"Opere ultimate, agg2025 p. 135",,Sicurezza ed Obblighi di Legge,CdP_2017-2021_Investimenti.pdf p. 176 | CdP_2022-2026_Investimenti_Agg_ 2025.pdf p. 135
J11H03000060101,"Opera ultimata, CUP attivo in BDAP",CDP-I,,Attivo,concluso,"Opere ultimate, agg2025 p. 135",,Sicurezza ed Obblighi di Legge,CdP_2017-2021_Investimenti.pdf p. 176 | CdP_2022-2026_Investimenti_Agg_ 2025.pdf p. 135
J11H03000070001,"Opera ultimata, assente dal file",,,,concluso,"Opere ultimate, agg2023 p. 37",,Manutenzione mezzi di manovra - Roma - ante 2011,CdP_2017-2021_Investimenti.pdf p. 176 | CdP_2022-2026_Investimenti_Agg2023.pdf p. 37
J11H03000080001,"Opera ultimata, assente dal file",,,,concluso,"Opere ultimate, agg2025 p. 130",,Manutenzione Straordinaria cicli fino al 2011,CdP_2017-2021_Investimenti.pdf p. 176 | CdP_2022-2026_Investimenti_Agg_ 2025.pdf p. 130
J11H03000090001,"Opera ultimata, CUP attivo in BDAP",CDP-I,,Attivo,concluso,"Opere ultimate, agg2021 p. 129",,Movicentro Piemonte,CdP_2017-2021_Investimenti_Agg2020-2021.pdf p. 129
J11H03000100001,Concorda,CDP-I,,Attivo,in corso,"Tabella A/B, agg2025 p. 50",1357,Potenziamento Fossano-Cuneo Interventi nella stazione di Centallo e progettazione raddoppio Fossano-Cuneo,CdP_2017-2021_Investimenti.pdf p. 45 | CdP_2017-2021_Investimenti.pdf p. 118 | CdP_2017-2021_Investimenti_Agg2020-2021.pdf p. 31 | CdP_2017-2021_Investimenti_Agg2020-2021.pdf p. 74 | CdP_2022-2026_Investimenti.pdf p. 47 | CdP_2022-2026_Investimenti.pdf p. 90
J11H03000130001,Concorda,CDP-I,,Attivo,in corso,"Tabella A/B, agg2025 p. 77",0264A|0264B,Accesso al Sempione: raddoppio Vignale-Oleggio-Arona Raddoppio Vignale-Oleggio PROG PROG Raddoppio Oleggio-Arona PROG PROG,CdP_2017-2021_Investimenti.pdf p. 81 | CdP_2017-2021_Investimenti.pdf p. 102 | CdP_2017-2021_Investimenti.pdf p. 145 | CdP_2017-2021_Investimenti_Agg2020-2021.pdf p. 60 | CdP_2017-2021_Investimenti_Agg2020-2021.pdf p. 100 | CdP_2022-2026_Investimenti.pdf p. 71
J11H03000140008,Concorda,CDP-I,,Attivo,in corso,"Tabella A/B, agg2025 p. 70",0270,Sistemazione nodo di Catania Interramento stazione Catania c.le completamento del doppio PROG PROG binario tra Catania C.le e Catania Acquicella Interramento Catania Acquicella-Bicocca Collegamento ferroviario aeroporto di Catania: fermata su linea esistente,CdP_2017-2021_Investimenti.pdf p. 78 | CdP_2017-2021_Investimenti.pdf p. 136 | CdP_2017-2021_Investimenti_Agg2020-2021.pdf p. 51 | CdP_2017-2021_Investimenti_Agg2020-2021.pdf p. 91 | CdP_2022-2026_Investimenti.pdf p. 69 | CdP_2022-2026_Investimenti.pdf p. 106
J11H03000150001,Concorda,CDP-I,,Attivo,in corso,"Tabella A/B, agg2025 p. 50",0271A|0271B,Velocizzazione Catania-Siracusa 1^ fase Velocizzazione Bicocca-Augusta,CdP_2017-2021_Investimenti.pdf p. 49 | CdP_2017-2021_Investimenti.pdf p. 75 | CdP_2017-2021_Investimenti.pdf p. 126 | CdP_2017-2021_Investimenti_Agg2020-2021.pdf p. 35 | CdP_2017-2021_Investimenti_Agg2020-2021.pdf p. 58 | CdP_2017-2021_Investimenti_Agg2020-2021.pdf p. 81
J11H03000160001,"Investimenti, non nei documenti",CDP-I,,Chiuso,,,,,
J11H03000170009,"Opera ultimata, assente dal file",,,,concluso,"Opere ultimate, agg2025 p. 140",,Studi di fattibilità e progettazioni,CdP_2022-2026_Investimenti.pdf p. 139 | CdP_2022-2026_Investimenti_Agg_ 2025.pdf p. 140
J11H03000180001,Concorda,CDP-I,,Attivo,in corso,"Tabella A/B, agg2025 p. 60",0275A|0275B,Nuovo collegamento Palermo-Catania 1^ macrofase 1^ macrofase Palermo - Catania: Lotto 1+2 Fiumetorto- Montemaggiore-Lercara 1^ macrofase Palermo - Catania: Lotto 3 Lercara-Caltanissetta Xirbi 1^ macrofase Palermo - Catania: Lotto 4a Caltanissetta Xirbi-Enna 1^ macrofase Palermo - Catania: Lotto 4b Enna-Dittaino 1^ macrofase Palermo - Catania: Lotto 5 Dittaino-Catenanuova 1^ macrofase Palermo - Catania: Lotto 6 Catenanuova-Bicocca,CdP_2017-2021_Investimenti.pdf p. 86 | CdP_2017-2021_Investimenti.pdf p. 95 | CdP_2017-2021_Investimenti.pdf p. 166 | CdP_2017-2021_Investimenti_Agg2020-2021.pdf p. 44 | CdP_2017-2021_Investimenti_Agg2020-2021.pdf p. 55 | CdP_2017-2021_Investimenti_Agg2020-2021.pdf p. 117
J11H04000110001,"Opera ultimata, CUP attivo in BDAP",CDP-I,,Attivo,concluso,"Opere ultimate, agg2021 p. 128",,Valutazione di sicurezza e certificazione di conformità,CdP_2017-2021_Investimenti_Agg2020-2021.pdf p. 128
J11H92000000008,Concorda,CDP-I,,Attivo,in corso,"Tabella A/B, agg2025 p. 54",0036,"Nodo di Palermo Passante ferroviario Palermo c.le/Notarbartolo-Carini, Apparato tecnologico Palermo c.le e Completamento raddoppio Carini- Punta-Raisi e adeguamento tecnologico Palermo c.le-Fiumetorto",CdP_2017-2021_Investimenti.pdf p. 56 | CdP_2017-2021_Investimenti.pdf p. 137 | CdP_2017-2021_Investimenti_Agg2020-2021.pdf p. 36 | CdP_2017-2021_Investimenti_Agg2020-2021.pdf p. 92 | CdP_2022-2026_Investimenti.pdf p. 55 | CdP_2022-2026_Investimenti.pdf p. 107
J11H92000010001,"Opera ultimata, CUP attivo in BDAP",CDP-I,,Attivo,concluso,"Opere ultimate, cdp2017 p. 179",,Sistemazione Tecnologica Milano-Genova,CdP_2017-2021_Investimenti.pdf p. 179
J11H92000020008,Concorda,CDP-I,,Attivo,in corso,"Tabella A/B, agg2025 p. 54",0115,Raddoppio Messina - Siracusa 1^ fase Raddoppio Catania Ognina - Catania Centrale e interventi di completamento raddoppio Fiumefreddo-Giarre e Targia - Siracusa,CdP_2017-2021_Investimenti.pdf p. 55 | CdP_2017-2021_Investimenti.pdf p. 136 | CdP_2017-2021_Investimenti_Agg2020-2021.pdf p. 36 | CdP_2017-2021_Investimenti_Agg2020-2021.pdf p. 91 | CdP_2022-2026_Investimenti.pdf p. 55 | CdP_2022-2026_Investimenti.pdf p. 106
J11H92000030008,"Opera ultimata, CUP attivo in BDAP",CDP-I,,Attivo,concluso,"Opere ultimate, agg2025 p. 138",,Sviluppo infrastrutturale e upgrading,CdP_2017-2021_Investimenti.pdf p. 179 | CdP_2017-2021_Investimenti_Agg2020-2021.pdf p. 128 | CdP_2022-2026_Investimenti_Agg2023.pdf p. 38 | CdP_2022-2026_Investimenti_Agg_ 2025.pdf p. 138
J11H96000000001,Concorda,CDP-I,,Chiuso,concluso,"Opere ultimate, agg2025 p. 138",,Sviluppo infrastrutturale e upgrading,CdP_2017-2021_Investimenti_Agg2020-2021.pdf p. 128 | CdP_2022-2026_Investimenti_Agg_ 2025.pdf p. 138
J11H96000020001,"Opera ultimata, CUP attivo in BDAP",CDP-I,,Attivo,concluso,"Opere ultimate, agg2025 p. 138",,Sviluppo infrastrutturale e upgrading,CdP_2017-2021_Investimenti.pdf p. 179 | CdP_2022-2026_Investimenti.pdf p. 139 | CdP_2022-2026_Investimenti_Agg2023.pdf p. 38 | CdP_2022-2026_Investimenti_Agg_ 2025.pdf p. 138
J11H98000000001,Concorda,CDP-I,,Chiuso,concluso,"Opere ultimate, agg2024 p. 113",,Rilevamento Termico Boccole,CdP_2017-2021_Investimenti.pdf p. 179 | CdP_2022-2026_Investimenti_Agg2024.pdf p. 113
J11H99000000001,Concorda,CDP-I,,Attivo,in corso,"Tabella A/B, agg2025 p. 50",0810,"Velocizzazione Foligno-Perugia-Terontola PRG Perugia S. Giovanni 1^ fase, Velocizzazione Perugia Pontivegge, nuova fermata Perugia Capitini e miglioramenti infrastrutturali tratte varie",CdP_2017-2021_Investimenti.pdf p. 47 | CdP_2017-2021_Investimenti.pdf p. 123 | CdP_2017-2021_Investimenti_Agg2020-2021.pdf p. 33 | CdP_2017-2021_Investimenti_Agg2020-2021.pdf p. 78 | CdP_2022-2026_Investimenti.pdf p. 49 | CdP_2022-2026_Investimenti.pdf p. 94
J11J03000010001,"Opera ultimata, assente dal file",,,,concluso,"Opere ultimate, agg2025 p. 141",,"Tecnologie per la sicurezza, la circolazione e l'efficientamento",CdP_2022-2026_Investimenti_Agg_ 2025.pdf p. 141
J11J04000010001,"Opera ultimata, CUP attivo in BDAP",CDP-I,,Attivo,concluso,"Opere ultimate, agg2025 p. 141",,"Tecnologie per la sicurezza, la circolazione e l'efficientamento",CdP_2022-2026_Investimenti_Agg_ 2025.pdf p. 141
J11J04000020001,Concorda,CDP-I,,Chiuso,concluso,"Opere ultimate, agg2025 p. 135",,Sicurezza ed Obblighi di Legge,CdP_2017-2021_Investimenti.pdf p. 176 | CdP_2022-2026_Investimenti_Agg_ 2025.pdf p. 135
J11J04000030001,"Opera ultimata, assente dal file",,,,concluso,"Opere ultimate, agg2025 p. 141",,"Tecnologie per la sicurezza, la circolazione e l'efficientamento",CdP_2017-2021_Investimenti_Agg2020-2021.pdf p. 128 | CdP_2022-2026_Investimenti_Agg_ 2025.pdf p. 141
J11J04000040008,"Opera ultimata, assente dal file",,,,concluso,"Opere ultimate, agg2025 p. 143",,Rete AV/AC Torino-Milano-Napoli: opere in esercizio,CdP_2017-2021_Investimenti.pdf p. 181 | CdP_2022-2026_Investimenti_Agg2024.pdf p. 114 | CdP_2022-2026_Investimenti_Agg_ 2025.pdf p. 143
J11J04000050001,"Opera ultimata, CUP attivo in BDAP",CDP-I,,Attivo,concluso,"Opere ultimate, cdp2017 p. 179",,"Sviluppo, implementazione e mantenimento in efficienza sistemi CCL-IaP",CdP_2017-2021_Investimenti.pdf p. 179
J11J04000070001,"Opera ultimata, CUP attivo in BDAP",CDP-I,,Attivo,concluso,"Opere ultimate, cdp2017 p. 179",,Sist Contr Circ Linee e Inf.Pub fase 1,CdP_2017-2021_Investimenti.pdf p. 179
J11J04000070011,Concorda,CDP-I,,Chiuso,concluso,"Opere ultimate, agg2025 p. 141",,"Tecnologie per la sicurezza, la circolazione e l'efficientamento",CdP_2022-2026_Investimenti_Agg_ 2025.pdf p. 141
J11J04000070031,"Opera ultimata, assente dal file",,,,concluso,"Opere ultimate, agg2025 p. 138",,Sviluppo infrastrutturale e upgrading,CdP_2017-2021_Investimenti.pdf p. 179 | CdP_2017-2021_Investimenti_Agg2020-2021.pdf p. 128 | CdP_2022-2026_Investimenti_Agg_ 2025.pdf p. 138
J11J04000070041,"Opera ultimata, assente dal file",,,,concluso,"Opere ultimate, agg2025 p. 138",P067,Sviluppo infrastrutturale e upgrading,CdP_2017-2021_Investimenti_Agg2020-2021.pdf p. 46 | CdP_2017-2021_Investimenti_Agg2020-2021.pdf p. 104 | CdP_2022-2026_Investimenti.pdf p. 139 | CdP_2022-2026_Investimenti_Agg_ 2025.pdf p. 138
J11J04000070061,"Opera ultimata, assente dal file",,,,concluso,"Opere ultimate, agg2025 p. 138",,Sviluppo infrastrutturale e upgrading,CdP_2017-2021_Investimenti.pdf p. 179 | CdP_2022-2026_Investimenti_Agg_ 2025.pdf p. 138
J11J04000070071,"Opera ultimata, assente dal file",,,,concluso,"Opere ultimate, agg2025 p. 138",,Sviluppo infrastrutturale e upgrading,CdP_2022-2026_Investimenti_Agg_ 2025.pdf p. 138
J11J04000070081,"Opera ultimata, assente dal file",,,,concluso,"Opere ultimate, agg2025 p. 138",,Sviluppo infrastrutturale e upgrading,CdP_2017-2021_Investimenti.pdf p. 179 | CdP_2022-2026_Investimenti_Agg_ 2025.pdf p. 138
J11J04000070091,"Opera ultimata, assente dal file",,,,concluso,"Opere ultimate, agg2025 p. 138",,Sviluppo infrastrutturale e upgrading,CdP_2017-2021_Investimenti.pdf p. 179 | CdP_2022-2026_Investimenti_Agg_ 2025.pdf p. 138
J11J04000070101,"Opera ultimata, assente dal file",,,,concluso,"Opere ultimate, agg2025 p. 138",,Sviluppo infrastrutturale e upgrading,CdP_2017-2021_Investimenti.pdf p. 179 | CdP_2022-2026_Investimenti_Agg_ 2025.pdf p. 138
J11J04000070111,"Opera ultimata, CUP attivo in BDAP",CDP-I,,Attivo,concluso,"Opere ultimate, agg2025 p. 138",,Sviluppo infrastrutturale e upgrading,CdP_2017-2021_Investimenti.pdf p. 179 | CdP_2022-2026_Investimenti.pdf p. 139 | CdP_2022-2026_Investimenti_Agg_ 2025.pdf p. 138
J11J04000070121,"Opera ultimata, assente dal file",,,,concluso,"Opere ultimate, agg2025 p. 138",,Sviluppo infrastrutturale e upgrading,CdP_2017-2021_Investimenti.pdf p. 179 | CdP_2022-2026_Investimenti_Agg_ 2025.pdf p. 138
J11J04000070131,"Opera ultimata, assente dal file",,,,concluso,"Opere ultimate, cdp2017 p. 179",,Interventi upgrading rete viaggiatori,CdP_2017-2021_Investimenti.pdf p. 179
J11J04000070141,"Opera ultimata, assente dal file",,,,concluso,"Opere ultimate, agg2025 p. 138",,Sviluppo infrastrutturale e upgrading,CdP_2017-2021_Investimenti.pdf p. 180 | CdP_2022-2026_Investimenti_Agg_ 2025.pdf p. 138
J11J04000070151,"Opera ultimata, assente dal file",,,,concluso,"Opere ultimate, cdp2017 p. 180",,Interventi upgrading rete viaggiatori,CdP_2017-2021_Investimenti.pdf p. 180
J11J04000070161,"Opera ultimata, assente dal file",,,,concluso,"Opere ultimate, agg2025 p. 138",,Sviluppo infrastrutturale e upgrading,CdP_2022-2026_Investimenti_Agg_ 2025.pdf p. 138
J11J04000070171,"Opera ultimata, assente dal file",,,,concluso,"Opere ultimate, agg2025 p. 138",,Sviluppo infrastrutturale e upgrading,CdP_2017-2021_Investimenti.pdf p. 180 | CdP_2022-2026_Investimenti_Agg_ 2025.pdf p. 138
J11J04000070181,"Opera ultimata, assente dal file",,,,concluso,"Opere ultimate, agg2025 p. 138",,Sviluppo infrastrutturale e upgrading,CdP_2017-2021_Investimenti.pdf p. 180 | CdP_2022-2026_Investimenti_Agg_ 2025.pdf p. 138
J11J04000070191,"Opera ultimata, assente dal file",,,,concluso,"Opere ultimate, agg2025 p. 141",,"Tecnologie per la sicurezza, la circolazione e l'efficientamento",CdP_2022-2026_Investimenti_Agg_ 2025.pdf p. 141
J11J04000070201,"Opera ultimata, CUP attivo in BDAP",CDP-I,,Attivo,concluso,"Opere ultimate, agg2025 p. 141",,"Tecnologie per la sicurezza, la circolazione e l'efficientamento",CdP_2017-2021_Investimenti.pdf p. 179 | CdP_2022-2026_Investimenti_Agg_ 2025.pdf p. 141
J11J04000070211,"In corso nel contratto, assente dal file",,,,in corso,"Appendice 2, app2-agg2025 p. 12",P134,Interventi su SCC e IaP - Napoli,appendice_2_lista_cup.pdf p. 12 | appendice_3_schede_intervento.pdf p. 233
J11J05000010001,"In corso nel contratto, assente dal file",,,,in corso,"Appendice 2, app2-agg2025 p. 7",A2008,1° pacchetto di ricerca applicata nel settore dell' ingegneria civile,appendice_2_lista_cup.pdf p. 7 | appendice_3_schede_intervento.pdf p. 52
J11J05000020001,Concorda,CDP-I,,Chiuso,concluso,"Opere ultimate, agg2025 p. 141",,"Tecnologie per la sicurezza, la circolazione e l'efficientamento",CdP_2017-2021_Investimenti.pdf p. 179 | CdP_2022-2026_Investimenti_Agg2024.pdf p. 113 | CdP_2022-2026_Investimenti_Agg_ 2025.pdf p. 141
J11J05000060001,Concorda,CDP-I,,Attivo,in corso,"Appendice 2, app2-agg2025 p. 7",A2004A,Sistema di Supporto alla Condotta treno (SSC),appendice_2_lista_cup.pdf p. 7 | appendice_3_schede_intervento.pdf p. 36
J11J20000100008,Concorda,CDP-I,,Attivo,in corso,"Tabella A/B, agg2025 p. 83",I135,Linea AV/AC Verona-Padova 3° lotto funzionale: Tratta Vicenza-Padova,CdP_2017-2021_Investimenti_Agg2020-2021.pdf p. 67 | CdP_2017-2021_Investimenti_Agg2020-2021.pdf p. 122 | CdP_2022-2026_Investimenti.pdf p. 82 | CdP_2022-2026_Investimenti.pdf p. 134 | CdP_2022-2026_Investimenti_Agg2024.pdf p. 68 | CdP_2022-2026_Investimenti_Agg2024.pdf p. 109
J12D06000000001,"Opera ultimata, assente dal file",,,,concluso,"Opere ultimate, agg2025 p. 140",,Studi di fattibilità e progettazioni,CdP_2017-2021_Investimenti_Agg2020-2021.pdf p. 129 | CdP_2022-2026_Investimenti_Agg_ 2025.pdf p. 140
J12F17000050001,"Opera ultimata, assente dal file",,,,concluso,"Opere ultimate, cdp2022 p. 139",A5000_4,Terminal bus in stazione AV Firenze (studio di fattibilità),CdP_2017-2021_Investimenti_Agg2020-2021.pdf p. 49 | CdP_2017-2021_Investimenti_Agg2020-2021.pdf p. 120 | CdP_2022-2026_Investimenti.pdf p. 139
J12J19000180001,Concorda,CDP-I,,Attivo,in corso,"Appendice 2, app2-agg2025 p. 5",A1013B,Miglioramento sismico - DOIT Venezia,appendice_2_lista_cup.pdf p. 5 | appendice_3_schede_intervento.pdf p. 20
J14B13000240001,"Opera ultimata, CUP attivo in BDAP",CDP-I,,Attivo,concluso,"Opere ultimate, cdp2022 p. 138",,PRG Venezia SL e nuovo blocco con distanziamento a 4' Venezia Mestre - Venezia SL,CdP_2022-2026_Investimenti.pdf p. 138 | CdP_Servizi_2022-2026_AI2_Agg2024.pdf p. 58 | appendice_6_agg_relazione_interventi_dl_43_2013.pdf p. 4
J14C20001960001,Concorda,CDP-I,,Attivo,in corso,"Appendice 2, app2-agg2025 p. 10",P199,Interventi di upgrade tecnologico e prestazionale - DOIT Venezia,appendice_2_lista_cup.pdf p. 10 | appendice_3_schede_intervento.pdf p. 111
J14D20000010001,Concorda,CDP-I,,Attivo,in corso,"Tabella A/B, agg2025 p. 82",0362A,Linea AV/AC Verona-Padova 1° lotto funzionale: Tratta Verona-bivio Vicenza,CdP_2017-2021_Investimenti_Agg2020-2021.pdf p. 67 | CdP_2017-2021_Investimenti_Agg2020-2021.pdf p. 122 | CdP_2022-2026_Investimenti.pdf p. 82 | CdP_2022-2026_Investimenti.pdf p. 134 | CdP_2022-2026_Investimenti_Agg2024.pdf p. 68 | CdP_2022-2026_Investimenti_Agg2024.pdf p. 109
J14E21001750001,Concorda,CDP-I,,Attivo,in corso,"Appendice 2, app2-agg2025 p. 6",A2001B,Piano di sviluppo tecnologico della rete - 2021,appendice_2_lista_cup.pdf p. 6 | appendice_3_schede_intervento.pdf p. 33
J14E21003970001,Concorda,CDP-I,,Attivo,in corso,"Tabella A/B, agg2025 p. 65",0366A,"Potenziamento linea Ponte S.Pietro-Bergamo-Montello Raddoppio Bergamo-Curno, ACC Bergamo, PRG e ACC Ponte S.Pietro Raddoppio Bergamo-Montello ITER PRG Bergamo",CdP_2022-2026_Investimenti.pdf p. 47 | CdP_2022-2026_Investimenti.pdf p. 90 | CdP_2022-2026_Investimenti_Agg2024.pdf p. 54 | CdP_2022-2026_Investimenti_Agg2024.pdf p. 75 | CdP_2022-2026_Investimenti_Agg_ 2025.pdf p. 65 | CdP_2022-2026_Investimenti_Agg_ 2025.pdf p. 89
J14E22000000001,Concorda,CDP-I,,Attivo,in corso,"Appendice 2, app2-agg2025 p. 6",A2001B,Potenziamento impianti di trazione elettrica treni per merci pesanti,appendice_2_lista_cup.pdf p. 6
J14E22000020001,Concorda,CDP-I,,Attivo,in corso,"Tabella A/B, agg2025 p. 52",P246,Potenziamento Venafro - Campobasso - Matrice Potenziamento Venafro - Campobasso - Matrice 1^ fase Potenziamento Venafro - Campobasso - Matrice 2^ fase,CdP_2022-2026_Investimenti.pdf p. 50 | CdP_2022-2026_Investimenti.pdf p. 96 | CdP_2022-2026_Investimenti_Agg2024.pdf p. 43 | CdP_2022-2026_Investimenti_Agg2024.pdf p. 79 | CdP_2022-2026_Investimenti_Agg_ 2025.pdf p. 52 | CdP_2022-2026_Investimenti_Agg_ 2025.pdf p. 96
J14F05000030001,"Opera ultimata, CUP attivo in BDAP",CDP-I,,Attivo,concluso,"Opere ultimate, cdp2022 p. 139",0314,Velocizzazione Palermo-Trapani via Milo e via Castrelvetrano,CdP_2017-2021_Investimenti.pdf p. 97 | CdP_2017-2021_Investimenti.pdf p. 127 | CdP_2017-2021_Investimenti_Agg2020-2021.pdf p. 62 | CdP_2017-2021_Investimenti_Agg2020-2021.pdf p. 82 | CdP_2022-2026_Investimenti.pdf p. 139
J14F05000040001,Concorda,CDP-I,,Attivo,in corso,"Tabella A/B, agg2025 p. 74",0315,Velocizzazione Siracusa-Ragusa-Gela Velocizzazione Siracusa-Ragusa-Gela PROG PROG,CdP_2017-2021_Investimenti.pdf p. 97 | CdP_2017-2021_Investimenti.pdf p. 126 | CdP_2017-2021_Investimenti_Agg2020-2021.pdf p. 62 | CdP_2017-2021_Investimenti_Agg2020-2021.pdf p. 82 | CdP_2022-2026_Investimenti.pdf p. 78 | CdP_2022-2026_Investimenti.pdf p. 98
J14F05000050001,"Opera ultimata, CUP attivo in BDAP",CDP-I,,Attivo,concluso,"Opere ultimate, agg2024 p. 113",,Upgrading rete merci - DOIT Firenze nuovo scalo merci Porcari,CdP_2022-2026_Investimenti_Agg2024.pdf p. 113
J14F18000000001,Concorda,CDP-I,,Attivo,in corso,"Tabella A/B, agg2025 p. 52",P246|P141,Potenziamento Venafro - Campobasso - Matrice Potenziamento Venafro - Campobasso - Matrice 1^ fase Potenziamento Venafro - Campobasso - Matrice 2^ fase,CdP_2017-2021_Investimenti_Agg2020-2021.pdf p. 33 | CdP_2017-2021_Investimenti_Agg2020-2021.pdf p. 80 | CdP_2022-2026_Investimenti.pdf p. 50 | CdP_2022-2026_Investimenti.pdf p. 96 | CdP_2022-2026_Investimenti_Agg2024.pdf p. 43 | CdP_2022-2026_Investimenti_Agg2024.pdf p. 79
J14F18000010009,Concorda,CDP-I,,Attivo,in corso,"Tabella A/B, agg2025 p. 51",P125,Elettrificazione linee Veneto,CdP_2017-2021_Investimenti_Agg2020-2021.pdf p. 32 | CdP_2017-2021_Investimenti_Agg2020-2021.pdf p. 76 | CdP_2022-2026_Investimenti.pdf p. 48 | CdP_2022-2026_Investimenti.pdf p. 92 | CdP_2022-2026_Investimenti_Agg2024.pdf p. 42 | CdP_2022-2026_Investimenti_Agg2024.pdf p. 76
J14F18000020001,Concorda,CDP-I,,Attivo,in corso,"Appendice 2, app2-agg2025 p. 13",P222,Centralizione cabine IS di Verona,appendice_2_lista_cup.pdf p. 13 | appendice_3_schede_intervento.pdf p. 337 | relazione_informativa_agg_2025_v04_clean.pdf p. 14
J14G18000190001,Concorda,CDP-I,,Attivo,in corso,"Appendice 2, app2-agg2025 p. 14",P224,Potenziamento tecnologico linea Roma-Napoli via Formia (ulteriore fase),CdP_Servizi_2022-2026_AI2_Agg2024.pdf p. 58 | appendice_2_lista_cup.pdf p. 14 | appendice_3_schede_intervento.pdf p. 373 | appendice_9_elenco_opere_pnrr_e_pnc.pdf p. 2
J14G18000260001,Concorda,CDP-I,,Attivo,in corso,"Appendice 2, app2-agg2025 p. 3",A1004F,Adeguamento a STI opere civili - DOIT Venezia,appendice_2_lista_cup.pdf p. 3 | appendice_3_schede_intervento.pdf p. 12
J14H12000030001,"Opera ultimata, CUP attivo in BDAP",CDP-I,,Attivo,concluso,"Opere ultimate, agg2025 p. 130",,Manutenzione Straordinaria cicli fino al 2011,CdP_2022-2026_Investimenti_Agg_ 2025.pdf p. 130
J14H15000600002,"Opera ultimata, CUP attivo in BDAP",CDP-I,,Attivo,concluso,"Opere ultimate, agg2023 p. 38",1888,Metropolitana Leggera Matrice-Bojano,CdP_2017-2021_Investimenti.pdf p. 48 | CdP_2017-2021_Investimenti.pdf p. 125 | CdP_2017-2021_Investimenti_Agg2020-2021.pdf p. 33 | CdP_2017-2021_Investimenti_Agg2020-2021.pdf p. 80 | CdP_2022-2026_Investimenti.pdf p. 50 | CdP_2022-2026_Investimenti.pdf p. 96
J14H15000750001,"Opera ultimata, CUP attivo in BDAP",CDP-I,,Attivo,concluso,"Opere ultimate, agg2025 p. 141",,"Tecnologie per la sicurezza, la circolazione e l'efficientamento",CdP_2022-2026_Investimenti_Agg_ 2025.pdf p. 141
J14H16000530009,Concorda,CDP-I,,Attivo,in corso,"Tabella A/B, agg2025 p. 79",I131,Ripristino linea dei bivi di Venezia Mestre Ripristino linea dei bivi di Venezia Mestre PROG PROG,CdP_2017-2021_Investimenti.pdf p. 83 | CdP_2017-2021_Investimenti.pdf p. 150 | CdP_2017-2021_Investimenti_Agg2020-2021.pdf p. 56 | CdP_2017-2021_Investimenti_Agg2020-2021.pdf p. 104 | CdP_2022-2026_Investimenti.pdf p. 77 | CdP_2022-2026_Investimenti.pdf p. 118
J14H17000110001,Concorda,CDP-I,,Attivo,in corso,"Appendice 2, app2-agg2025 p. 10",P198,Fermata Bergamo ospedale,appendice_2_lista_cup.pdf p. 10 | appendice_3_schede_intervento.pdf p. 90
J14H17000180001,"Opera ultimata, CUP attivo in BDAP",CDP-I,,Attivo,concluso,"Opere ultimate, cdp2022 p. 139",P125,Elettrificazione Bacino Veneto,CdP_2017-2021_Investimenti_Agg2020-2021.pdf p. 32 | CdP_2017-2021_Investimenti_Agg2020-2021.pdf p. 76 | CdP_2022-2026_Investimenti.pdf p. 139 | CdP_Servizi_2022-2026_AI2_Agg2024.pdf p. 58
J14H17000600001,Concorda,CDP-I,,Attivo,in corso,"Appendice 2, app2-agg2025 p. 11",P075,Completamento potenziamento tecnologico Venezia Mestre – Venezia S. Lucia,CdP_Servizi_2022-2026_AI2_Agg2024.pdf p. 58 | appendice_2_lista_cup.pdf p. 11 | appendice_3_schede_intervento.pdf p. 198 | appendice_9_elenco_opere_pnrr_e_pnc.pdf p. 2
J14H17000890001,Concorda,CDP-I,,Attivo,in corso,"Appendice 2, app2-agg2025 p. 9",P214,Riapertura linea Benevento-Pietrelcina-Boscoredole,appendice_2_lista_cup.pdf p. 9 | appendice_3_schede_intervento.pdf p. 74
J14H20000440001,Concorda,CDP-I,,Attivo,in corso,"Tabella A/B, agg2025 p. 82",0361,Linea AV/AC Milano - Verona: tratta Brescia - Verona,CdP_2017-2021_Investimenti_Agg2020-2021.pdf p. 67 | CdP_2017-2021_Investimenti_Agg2020-2021.pdf p. 122 | CdP_2022-2026_Investimenti.pdf p. 82 | CdP_2022-2026_Investimenti.pdf p. 134 | CdP_2022-2026_Investimenti_Agg2024.pdf p. 68 | CdP_2022-2026_Investimenti_Agg2024.pdf p. 109
J14H20000970001,Concorda,CDP-I,,Attivo,in corso,"Tabella A/B, agg2025 p. 52",P128,Elettrificazione linea Trento-Bassano 1^ fase Elettrificazione Trento-Borgo Valsugana,CdP_2017-2021_Investimenti_Agg2020-2021.pdf p. 32 | CdP_2017-2021_Investimenti_Agg2020-2021.pdf p. 76 | CdP_2022-2026_Investimenti.pdf p. 48 | CdP_2022-2026_Investimenti.pdf p. 92 | CdP_2022-2026_Investimenti_Agg2024.pdf p. 42 | CdP_2022-2026_Investimenti_Agg2024.pdf p. 76
J14H20001440009,Concorda,CDP-I,,Attivo,in corso,"Tabella A/B, agg2025 p. 75",P255,Accessibilità alla nuova stazione AV di Belfiore People mover Firenze Belfiore - Santa Maria Novella PROG PROG Fermata Circondaria ITER,CdP_2017-2021_Investimenti_Agg2020-2021.pdf p. 51 | CdP_2017-2021_Investimenti_Agg2020-2021.pdf p. 86 | CdP_2022-2026_Investimenti.pdf p. 69 | CdP_2022-2026_Investimenti.pdf p. 102 | CdP_2022-2026_Investimenti_Agg2024.pdf p. 62 | CdP_2022-2026_Investimenti_Agg2024.pdf p. 85
J14J22000080001,Concorda,CDP-I,,Attivo,in corso,"Appendice 2, app2-agg2025 p. 10",P198,Stazione di Bergamo,appendice_2_lista_cup.pdf p. 10 | appendice_3_schede_intervento.pdf p. 91
J14J22000350001,Concorda,CDP-I,,Attivo,in corso,"Tabella A/B, agg2025 p. 66",I183,Raddoppio Maerne-Castelfranco Veneto Raddoppio Maerne-Castelfranco Veneto PROG PROG,CdP_2022-2026_Investimenti_Agg2024.pdf p. 54 | CdP_2022-2026_Investimenti_Agg2024.pdf p. 76 | CdP_2022-2026_Investimenti_Agg_ 2025.pdf p. 66 | CdP_2022-2026_Investimenti_Agg_ 2025.pdf p. 91 | appendice_3_schede_intervento.pdf p. 97 | appendice_7_distribuzione_territoriale.pdf p. 51
J14J23001040001,Concorda,CDP-I,,Attivo,in corso,"Appendice 2, app2-agg2025 p. 10",P199,Elettrificazione e potenziamento Vicenza-Schio,appendice_2_lista_cup.pdf p. 10 | appendice_3_schede_intervento.pdf p. 111
J14J23001050001,Concorda,CDP-I,,Attivo,in corso,"Appendice 2, app2-agg2025 p. 10",P199,Elettrificazione e potenziamento Cerea-Isola della Scala,appendice_2_lista_cup.pdf p. 10 | appendice_3_schede_intervento.pdf p. 110
J14J24000010001,Concorda,CDP-I,,Attivo,in corso,"Appendice 2, app2-agg2025 p. 6",A2001B,Sottosistema strutturale energetico - DOIT Venezia,appendice_2_lista_cup.pdf p. 6 | appendice_3_schede_intervento.pdf p. 33
J16E20000000001,Concorda,CDP-I,,Attivo,in corso,"Appendice 2, app2-agg2025 p. 14",P224,ACCM/SCCM AV Roma - Napoli (fasi),CdP_Servizi_2022-2026_AI2_Agg2024.pdf p. 58 | appendice_2_lista_cup.pdf p. 14 | appendice_3_schede_intervento.pdf p. 374 | appendice_9_elenco_opere_pnrr_e_pnc.pdf p. 2 | relazione_informativa_agg_2025_v04_clean.pdf p. 14
J16G21003640001,Concorda,CDP-I,,Attivo,in corso,"Appendice 2, app2-agg2025 p. 6",A2001B,Sviluppo Posti Centrali Sud,CdP_Servizi_2022-2026_AI2_Agg2024.pdf p. 59 | appendice_2_lista_cup.pdf p. 6 | appendice_3_schede_intervento.pdf p. 34
J16I18000020001,Concorda,CDP-I,,Attivo,in corso,"Appendice 2, app2-agg2025 p. 14",P224,Adeguamento tecnologie linea Roma-Napoli via Formia tratta sud,appendice_2_lista_cup.pdf p. 14 | appendice_3_schede_intervento.pdf p. 373
J16J16001210001,Concorda,CDP-I,,Attivo,in corso,"Appendice 2, app2-agg2025 p. 14",P224|A5000_4,Upgrading tecnologico linea AV/AC Roma-Napoli,CdP_2017-2021_Investimenti_Agg2020-2021.pdf p. 49 | CdP_2017-2021_Investimenti_Agg2020-2021.pdf p. 120 | appendice_2_lista_cup.pdf p. 14 | appendice_3_schede_intervento.pdf p. 374 | relazione_informativa_agg_2025_v04_clean.pdf p. 14
J17B14000110005,"Opera ultimata, CUP attivo in BDAP",CDP-I,,Attivo,concluso,"Opere ultimate, agg2024 p. 113",,Liberazione Immobili - DOIT VE - 2014,CdP_2022-2026_Investimenti_Agg2024.pdf p. 113
J17B14000210001,"Opera ultimata, CUP attivo in BDAP",CDP-I,,Attivo,concluso,"Opere ultimate, agg2025 p. 141",,"Tecnologie per la sicurezza, la circolazione e l'efficientamento",CdP_2022-2026_Investimenti_Agg_ 2025.pdf p. 141
J17B14000330001,"Servizi, non verificabile",CDP-S,,Attivo,,,,,
J17B14000340001,"Servizi, non verificabile",CDP-S,,Attivo,,,,,
J17B14000350001,"Servizi, non verificabile",CDP-S,,Attivo,,,,,
J17B14000360001,"Servizi, non verificabile",CDP-S,,Attivo,,,,,
J17B14000370001,"Servizi, non verificabile",CDP-S,,Attivo,,,,,
J17B16000010001,"Servizi, non verificabile",CDP-S,,Attivo,,,,,
J17B16000020001,"Servizi, non verificabile",CDP-S,,Attivo,,,,,
J17B16000030001,"Servizi, non verificabile",CDP-S,,Attivo,,,,,
J17B16000040001,"Servizi, non verificabile",CDP-S,,Attivo,,,,,
J17B16000050001,"Servizi, non verificabile",CDP-S,,Attivo,,,,,
J17B16000060001,"Opera ultimata, CUP attivo in BDAP",CDP-I,,Attivo,concluso,"Opere ultimate, agg2025 p. 135",,Sicurezza ed Obblighi di Legge,CdP_2022-2026_Investimenti_Agg_ 2025.pdf p. 135
J17B16000070001,"Opera ultimata, CUP attivo in BDAP",CDP-I,,Attivo,concluso,"Opere ultimate, agg2025 p. 141",,"Tecnologie per la sicurezza, la circolazione e l'efficientamento",CdP_2022-2026_Investimenti_Agg_ 2025.pdf p. 141
J17B16000160001,"Opera ultimata, assente dal file",,,,concluso,"Opere ultimate, agg2024 p. 113",,Liberazione Immobili - DOIT VE - 2016,CdP_2022-2026_Investimenti_Agg2024.pdf p. 113
J17B17000020001,"Servizi, non verificabile",CDP-S,,Attivo,,,,,
J17B17000030001,"Servizi, non verificabile",CDP-S,,Attivo,,,,,
J17B17000040001,"Servizi, non verificabile",CDP-S,,Attivo,,,,,
J17B17000050001,"Servizi, non verificabile",CDP-S,,Attivo,,,,,
J17B17000060001,Concorda,CDP-I,,Attivo,in corso,"Appendice 2, app2-agg2025 p. 4",A1013A,Piano difesa della sede da fenomeni di dissesto idrogeologico - DOIT Venezia - 2017,appendice_2_lista_cup.pdf p. 4 | appendice_3_schede_intervento.pdf p. 18
J17B17000070001,"Opera ultimata, CUP attivo in BDAP",CDP-I,,Attivo,concluso,"Opere ultimate, agg2025 p. 135",,Sicurezza ed Obblighi di Legge,CdP_2022-2026_Investimenti_Agg_ 2025.pdf p. 135
J17B20000450001,"Servizi, non verificabile",CDP-S,,Attivo,,,,,
J17B20000630001,Concorda,CDP-I,,Attivo,in corso,"Appendice 2, app2-agg2025 p. 10",P199,Interventi nella stazione di Ponte nelle Alpi,appendice_2_lista_cup.pdf p. 10 | appendice_3_schede_intervento.pdf p. 110
J17B20000640001,Concorda,CDP-I,,Attivo,in corso,"Appendice 2, app2-agg2025 p. 10",P199,Stazioni Olimpiche Regione Veneto,appendice_2_lista_cup.pdf p. 10 | appendice_3_schede_intervento.pdf p. 110
J17B20001110001,"Servizi, non verificabile",CDP-S,,Attivo,,,,,
J17B20001120001,"Servizi, non verificabile",CDP-S,,Attivo,,,,,
J17D17000000001,"Servizi, non verificabile",CDP-S,,Attivo,,,,,
J17D17000010001,"Servizi, non verificabile",CDP-S,,Attivo,,,,,
J17D17000020001,"Servizi, non verificabile",CDP-S,,Attivo,,,,,
J17D17000030001,"Servizi, non verificabile",CDP-S,,Attivo,,,,,
J17D17000040001,"Servizi, non verificabile",CDP-S,,Attivo,,,,,
J17D18000000001,"Opera ultimata, CUP attivo in BDAP",CDP-I,,Attivo,concluso,"Opere ultimate, agg2025 p. 135",,Sicurezza ed Obblighi di Legge,CdP_2022-2026_Investimenti_Agg_ 2025.pdf p. 135
J17D22000000001,Concorda,CDP-I,,Attivo,in corso,"Appendice 2, app2-agg2025 p. 4",A1013A,Piano difesa della sede da fenomeni di dissesto idrogeologico - DOIT Venezia - 2022,appendice_2_lista_cup.pdf p. 4 | appendice_3_schede_intervento.pdf p. 18
J17D22000070001,Concorda,CDP-I,,Attivo,in corso,"Appendice 2, app2-agg2025 p. 9",P055_A,Riqualificazione stazioni Area Centro Sud,appendice_2_lista_cup.pdf p. 9 | appendice_3_schede_intervento.pdf p. 65
J17D22000080001,Concorda,CDP-I,,Attivo,in corso,"Appendice 2, app2-agg2025 p. 9",P055_A,deploy SEM - area Centro Sud,appendice_2_lista_cup.pdf p. 9 | appendice_3_schede_intervento.pdf p. 65 | relazione_informativa_agg_2025_v04_clean.pdf p. 16
J17D22000100001,Concorda,CDP-I,,Attivo,in corso,"Appendice 2, app2-agg2025 p. 9",P055_A,Nuovo assetto piano del ferro stazioni Area Centro Sud,appendice_2_lista_cup.pdf p. 9 | appendice_3_schede_intervento.pdf p. 65
J17D22000110001,Concorda,CDP-I,,Attivo,in corso,"Appendice 2, app2-agg2025 p. 9",P055_A,"Innalzamento/prolungamento dei marciapiedi e IAP di stazione - area Centro Sud Riqualificazione funzionale e adeguamento dell'accessibilità dei fabbricati e delle aree antistanti di stazione, deploy Wi-life e",appendice_2_lista_cup.pdf p. 9 | appendice_3_schede_intervento.pdf p. 65
J17D22000120001,Concorda,CDP-I,,Attivo,in corso,"Appendice 2, app2-agg2025 p. 5",A1013B,Verifiche vulnerabilità fisica fabbricati di stazione - Area Centro Sud,appendice_2_lista_cup.pdf p. 5 | appendice_3_schede_intervento.pdf p. 20
J17D22000130001,"Servizi, non verificabile",CDP-S,,Attivo,,,,,
J17D22000140001,"Servizi, non verificabile",CDP-S,,Attivo,,,,,
J17D22000150001,"Servizi, non verificabile",CDP-S,,Attivo,,,,,
J17D22000160001,"Servizi, non verificabile",CDP-S,,Attivo,,,,,
J17D22000170001,Concorda,CDP-I,,Attivo,in corso,"Appendice 2, app2-agg2025 p. 7",A2004A,Tecnologie per la sicurezza settore IS - DOIT Venezia,appendice_2_lista_cup.pdf p. 7 | appendice_3_schede_intervento.pdf p. 37
J17D22000190001,Concorda,CDP-I,,Attivo,in corso,"Appendice 2, app2-agg2025 p. 14",P223,DOIT VE – upgrading linee merci,appendice_2_lista_cup.pdf p. 14 | appendice_3_schede_intervento.pdf p. 365
J17D23000010001,Concorda,CDP-I,,Attivo,in corso,"Appendice 2, app2-agg2025 p. 4",A1013A,Piano difesa della sede da fenomeni di dissesto idrogeologico - DOIT Venezia - 2023,appendice_2_lista_cup.pdf p. 4 | appendice_3_schede_intervento.pdf p. 17
J17D23000060001,"Servizi, non verificabile",CDP-S,,Attivo,,,,,
J17D23000070001,"Servizi, non verificabile",CDP-S,,Attivo,,,,,
J17D23000080001,"Servizi, non verificabile",CDP-S,,Attivo,,,,,
J17D23000090001,"Servizi, non verificabile",CDP-S,,Attivo,,,,,
J17D23000100001,"Servizi, non verificabile",CDP-S,,Attivo,,,,,
J17D23000110001,"Servizi, non verificabile",CDP-S,,Attivo,,,,,
J17D23000120001,"Servizi, non verificabile",CDP-S,,Attivo,,,,,
J17D23000130001,"Servizi, non verificabile",CDP-S,,Attivo,,,,,
J17D25000000001,Concorda,CDP-I,,Attivo,in corso,"Appendice 2, app2-agg2025 p. 5",A1013A,DOIT VE - Mitigazione rischio idrogeolog,appendice_2_lista_cup.pdf p. 5 | appendice_3_schede_intervento.pdf p. 17
J17D25000100001,"Servizi, non verificabile",,CDP-S,Attivo,,,,,
J17D25000110001,"Servizi, non verificabile",,CDP-S,Attivo,,,,,
J17D25000120001,"Servizi, non verificabile",,CDP-S,Attivo,,,,,
J17D25000130001,"Servizi, non verificabile",,CDP-S,Attivo,,,,,
J17E00000000001,"Opera ultimata, assente dal file",,,,concluso,"Opere ultimate, agg2025 p. 130",,Manutenzione Straordinaria cicli fino al 2011,CdP_2017-2021_Investimenti.pdf p. 176 | CdP_2022-2026_Investimenti_Agg_ 2025.pdf p. 130
J17E00000000011,"Opera ultimata, assente dal file",,,,concluso,"Opere ultimate, agg2025 p. 130",,Manutenzione Straordinaria cicli fino al 2011,CdP_2017-2021_Investimenti.pdf p. 176 | CdP_2022-2026_Investimenti_Agg2024.pdf p. 113 | CdP_2022-2026_Investimenti_Agg_ 2025.pdf p. 130
J17E00000000021,"Opera ultimata, assente dal file",,,,concluso,"Opere ultimate, agg2025 p. 130",,Manutenzione Straordinaria cicli fino al 2011,CdP_2022-2026_Investimenti_Agg_ 2025.pdf p. 130
J17E00000000031,"Opera ultimata, assente dal file",,,,concluso,"Opere ultimate, agg2025 p. 130",,Manutenzione Straordinaria cicli fino al 2011,CdP_2022-2026_Investimenti_Agg_ 2025.pdf p. 130
J17E00000000041,"Opera ultimata, assente dal file",,,,concluso,"Opere ultimate, agg2025 p. 130",,Manutenzione Straordinaria cicli fino al 2011,CdP_2017-2021_Investimenti.pdf p. 176 | CdP_2022-2026_Investimenti.pdf p. 138 | CdP_2022-2026_Investimenti_Agg_ 2025.pdf p. 130
J17E00000000051,"Opera ultimata, assente dal file",,,,concluso,"Opere ultimate, agg2025 p. 130",,Manutenzione Straordinaria cicli fino al 2011,CdP_2017-2021_Investimenti.pdf p. 176 | CdP_2022-2026_Investimenti_Agg_ 2025.pdf p. 130
J17E00000000061,"Opera ultimata, assente dal file",,,,concluso,"Opere ultimate, agg2025 p. 130",,Manutenzione Straordinaria cicli fino al 2011,CdP_2022-2026_Investimenti_Agg_ 2025.pdf p. 130
J17E00000000081,"Opera ultimata, assente dal file",,,,concluso,"Opere ultimate, agg2025 p. 130",,Manutenzione Straordinaria cicli fino al 2011,CdP_2022-2026_Investimenti_Agg_ 2025.pdf p. 130
J17E00000000091,"Opera ultimata, assente dal file",,,,concluso,"Opere ultimate, agg2025 p. 130",,Manutenzione Straordinaria cicli fino al 2011,CdP_2017-2021_Investimenti.pdf p. 176 | CdP_2022-2026_Investimenti_Agg2023.pdf p. 37 | CdP_2022-2026_Investimenti_Agg_ 2025.pdf p. 130
J17E00000000101,"Opera ultimata, assente dal file",,,,concluso,"Opere ultimate, cdp2017 p. 176",,Potenziamento fabbricati di staz.-AN,CdP_2017-2021_Investimenti.pdf p. 176
J17E00000000131,"Opera ultimata, assente dal file",,,,concluso,"Opere ultimate, agg2025 p. 130",,Manutenzione Straordinaria cicli fino al 2011,CdP_2022-2026_Investimenti_Agg_ 2025.pdf p. 130
J17E00000000141,"Opera ultimata, assente dal file",,,,concluso,"Opere ultimate, cdp2017 p. 176",,Fabbricati di stazione POT - RM,CdP_2017-2021_Investimenti.pdf p. 176
J17E00000000151,"Opera ultimata, assente dal file",,,,concluso,"Opere ultimate, agg2025 p. 130",,Manutenzione Straordinaria cicli fino al 2011,CdP_2017-2021_Investimenti.pdf p. 176 | CdP_2022-2026_Investimenti_Agg_ 2025.pdf p. 130
J17E00000000171,"Opera ultimata, assente dal file",,,,concluso,"Opere ultimate, agg2025 p. 130",,Manutenzione Straordinaria cicli fino al 2011,CdP_2017-2021_Investimenti.pdf p. 176 | CdP_2022-2026_Investimenti_Agg_ 2025.pdf p. 130
J17E00000000261,"Opera ultimata, assente dal file",,,,concluso,"Opere ultimate, agg2025 p. 130",,Manutenzione Straordinaria cicli fino al 2011,CdP_2022-2026_Investimenti_Agg_ 2025.pdf p. 130
J17E00000010001,"Opera ultimata, assente dal file",,,,concluso,"Opere ultimate, agg2025 p. 130",,Manutenzione Straordinaria cicli fino al 2011,CdP_2017-2021_Investimenti.pdf p. 176 | CdP_2022-2026_Investimenti_Agg_ 2025.pdf p. 130
J17E00000010011,"Opera ultimata, assente dal file",,,,concluso,"Opere ultimate, agg2025 p. 130",,Manutenzione Straordinaria cicli fino al 2011,CdP_2017-2021_Investimenti.pdf p. 176 | CdP_2022-2026_Investimenti_Agg_ 2025.pdf p. 130
J17E00000010021,"Opera ultimata, CUP attivo in BDAP",CDP-I,,Attivo,concluso,"Opere ultimate, agg2025 p. 130",,Manutenzione Straordinaria cicli fino al 2011,CdP_2017-2021_Investimenti.pdf p. 176 | CdP_2017-2021_Investimenti_Agg2020-2021.pdf p. 126 | CdP_2022-2026_Investimenti_Agg_ 2025.pdf p. 130
J17E00000010031,"Opera ultimata, assente dal file",,,,concluso,"Opere ultimate, agg2021 p. 126",,MANUTENZIONE STRAORDINARIA STAZIONI - ante 2011,CdP_2017-2021_Investimenti.pdf p. 176 | CdP_2017-2021_Investimenti_Agg2020-2021.pdf p. 126
J17E00000010041,"Opera ultimata, CUP attivo in BDAP",CDP-I,,Attivo,concluso,"Opere ultimate, agg2025 p. 130",,Manutenzione Straordinaria cicli fino al 2011,CdP_2017-2021_Investimenti.pdf p. 176 | CdP_2022-2026_Investimenti_Agg_ 2025.pdf p. 130
J17E00000010051,"Opera ultimata, assente dal file",,,,concluso,"Opere ultimate, agg2025 p. 130",,Manutenzione Straordinaria cicli fino al 2011,CdP_2017-2021_Investimenti.pdf p. 176 | CdP_2022-2026_Investimenti_Agg_ 2025.pdf p. 130
J17E00000010061,"Opera ultimata, assente dal file",,,,concluso,"Opere ultimate, agg2025 p. 130",,Manutenzione Straordinaria cicli fino al 2011,CdP_2017-2021_Investimenti.pdf p. 176 | CdP_2022-2026_Investimenti_Agg_ 2025.pdf p. 130
J17E00000010071,"Opera ultimata, CUP attivo in BDAP",CDP-I,,Attivo,concluso,"Opere ultimate, agg2025 p. 130",,Manutenzione Straordinaria cicli fino al 2011,CdP_2017-2021_Investimenti.pdf p. 176 | CdP_2022-2026_Investimenti_Agg_ 2025.pdf p. 130
J17E00000010091,"Opera ultimata, CUP attivo in BDAP",CDP-I,,Attivo,concluso,"Opere ultimate, agg2025 p. 130",,Manutenzione Straordinaria cicli fino al 2011,CdP_2017-2021_Investimenti.pdf p. 176 | CdP_2022-2026_Investimenti_Agg_ 2025.pdf p. 130
J17E00000010101,"Opera ultimata, CUP attivo in BDAP",CDP-I,,Attivo,concluso,"Opere ultimate, agg2025 p. 130",,Manutenzione Straordinaria cicli fino al 2011,CdP_2017-2021_Investimenti.pdf p. 176 | CdP_2022-2026_Investimenti_Agg_ 2025.pdf p. 130
J17E00000010111,"Opera ultimata, assente dal file",,,,concluso,"Opere ultimate, agg2025 p. 130",,Manutenzione Straordinaria cicli fino al 2011,CdP_2017-2021_Investimenti.pdf p. 176 | CdP_2017-2021_Investimenti_Agg2020-2021.pdf p. 126 | CdP_2022-2026_Investimenti_Agg_ 2025.pdf p. 130
J17E00000010121,Concorda,CDP-I,,Chiuso,concluso,"Opere ultimate, agg2025 p. 130",,Manutenzione Straordinaria cicli fino al 2011,CdP_2022-2026_Investimenti_Agg_ 2025.pdf p. 130
J17E00000010131,"Opera ultimata, CUP attivo in BDAP",CDP-I,,Attivo,concluso,"Opere ultimate, agg2025 p. 130",,Manutenzione Straordinaria cicli fino al 2011,CdP_2017-2021_Investimenti.pdf p. 176 | CdP_2017-2021_Investimenti_Agg2020-2021.pdf p. 126 | CdP_2022-2026_Investimenti_Agg_ 2025.pdf p. 130
J17E00000010151,"Opera ultimata, CUP attivo in BDAP",CDP-I,,Attivo,concluso,"Opere ultimate, agg2025 p. 130",,Manutenzione Straordinaria cicli fino al 2011,CdP_2017-2021_Investimenti.pdf p. 176 | CdP_2022-2026_Investimenti_Agg_ 2025.pdf p. 130
J17E00000010161,"Opera ultimata, CUP attivo in BDAP",CDP-I,,Attivo,concluso,"Opere ultimate, agg2025 p. 130",,Manutenzione Straordinaria cicli fino al 2011,CdP_2017-2021_Investimenti.pdf p. 176 | CdP_2022-2026_Investimenti_Agg_ 2025.pdf p. 130
J17E00000010171,"Opera ultimata, assente dal file",,,,concluso,"Opere ultimate, agg2025 p. 130",,Manutenzione Straordinaria cicli fino al 2011,CdP_2017-2021_Investimenti.pdf p. 176 | CdP_2022-2026_Investimenti_Agg_ 2025.pdf p. 130
J17E01000040001,"Opera ultimata, assente dal file",,,,concluso,"Opere ultimate, cdp2017 p. 176",,FA-Fabbricati civili e industr.-man.ord.,CdP_2017-2021_Investimenti.pdf p. 176
J17E13000210001,"Servizi, non verificabile",CDP-S,,Attivo,,,,,
J17E13000220001,"Servizi, non verificabile",CDP-S,,Attivo,,,,,
J17E91000000001,"Opera ultimata, CUP attivo in BDAP",CDP-I,,Attivo,concluso,"Opere ultimate, agg2025 p. 130",,Manutenzione Straordinaria cicli fino al 2011,CdP_2017-2021_Investimenti.pdf p. 176 | CdP_2022-2026_Investimenti_Agg_ 2025.pdf p. 130
J17E91000000011,"Opera ultimata, CUP attivo in BDAP",CDP-I,,Attivo,concluso,"Opere ultimate, agg2025 p. 130",,Manutenzione Straordinaria cicli fino al 2011,CdP_2017-2021_Investimenti.pdf p. 176 | CdP_2017-2021_Investimenti_Agg2020-2021.pdf p. 127 | CdP_2022-2026_Investimenti_Agg2023.pdf p. 37 | CdP_2022-2026_Investimenti_Agg_ 2025.pdf p. 130
J17E91000000021,"Opera ultimata, CUP attivo in BDAP",CDP-I,,Attivo,concluso,"Opere ultimate, agg2025 p. 130",,Manutenzione Straordinaria cicli fino al 2011,CdP_2017-2021_Investimenti.pdf p. 176 | CdP_2017-2021_Investimenti_Agg2020-2021.pdf p. 127 | CdP_2022-2026_Investimenti_Agg2023.pdf p. 37 | CdP_2022-2026_Investimenti_Agg_ 2025.pdf p. 130
J17E91000000031,"Opera ultimata, CUP attivo in BDAP",CDP-I,,Attivo,concluso,"Opere ultimate, agg2025 p. 130",,Manutenzione Straordinaria cicli fino al 2011,CdP_2017-2021_Investimenti.pdf p. 176 | CdP_2017-2021_Investimenti_Agg2020-2021.pdf p. 127 | CdP_2022-2026_Investimenti_Agg2023.pdf p. 37 | CdP_2022-2026_Investimenti_Agg_ 2025.pdf p. 130
J17E91000000041,Concorda,CDP-I,,Chiuso,concluso,"Opere ultimate, agg2025 p. 130",,Manutenzione Straordinaria cicli fino al 2011,CdP_2022-2026_Investimenti_Agg_ 2025.pdf p. 130
J17E91000000051,"Opera ultimata, CUP attivo in BDAP",CDP-I,,Attivo,concluso,"Opere ultimate, agg2025 p. 130",,Manutenzione Straordinaria cicli fino al 2011,CdP_2017-2021_Investimenti.pdf p. 176 | CdP_2017-2021_Investimenti_Agg2020-2021.pdf p. 127 | CdP_2022-2026_Investimenti_Agg_ 2025.pdf p. 130
J17E91000000061,"Opera ultimata, CUP attivo in BDAP",CDP-I,,Attivo,concluso,"Opere ultimate, agg2025 p. 130",,Manutenzione Straordinaria cicli fino al 2011,CdP_2017-2021_Investimenti.pdf p. 176 | CdP_2022-2026_Investimenti_Agg_ 2025.pdf p. 130
J17E91000000071,Concorda,CDP-I,,Chiuso,concluso,"Opere ultimate, agg2025 p. 130",,Manutenzione Straordinaria cicli fino al 2011,CdP_2017-2021_Investimenti.pdf p. 176 | CdP_2022-2026_Investimenti_Agg_ 2025.pdf p. 130
J17E91000000081,"Opera ultimata, CUP attivo in BDAP",CDP-I,,Attivo,concluso,"Opere ultimate, agg2025 p. 130",,Manutenzione Straordinaria cicli fino al 2011,CdP_2017-2021_Investimenti.pdf p. 176 | CdP_2022-2026_Investimenti_Agg_ 2025.pdf p. 130
J17E91000000091,"Opera ultimata, CUP attivo in BDAP",CDP-I,,Attivo,concluso,"Opere ultimate, cdp2017 p. 176",,Miglioram. infrastrutturali M.E.- R.C.,CdP_2017-2021_Investimenti.pdf p. 176
J17E91000000101,"Opera ultimata, CUP attivo in BDAP",CDP-I,,Attivo,concluso,"Opere ultimate, agg2025 p. 130",,Manutenzione Straordinaria cicli fino al 2011,CdP_2017-2021_Investimenti.pdf p. 176 | CdP_2022-2026_Investimenti_Agg_ 2025.pdf p. 130
J17E91000000111,"Opera ultimata, assente dal file",,,,concluso,"Opere ultimate, agg2025 p. 130",,Manutenzione Straordinaria cicli fino al 2011,CdP_2022-2026_Investimenti_Agg_ 2025.pdf p. 130
J17E91000000151,"Opera ultimata, CUP attivo in BDAP",CDP-I,,Attivo,concluso,"Opere ultimate, agg2021 p. 127",,Miglioramenti infrastrutturali M.E.-VR - ante 2011,CdP_2017-2021_Investimenti.pdf p. 176 | CdP_2017-2021_Investimenti_Agg2020-2021.pdf p. 127
J17E91000000191,"Opera ultimata, CUP attivo in BDAP",CDP-I,,Attivo,concluso,"Opere ultimate, agg2023 p. 37",,Miglioramenti infrastrutturali M.E. -RM - ante 2011,CdP_2017-2021_Investimenti.pdf p. 176 | CdP_2022-2026_Investimenti_Agg2023.pdf p. 37
J17E91000000211,"Opera ultimata, CUP attivo in BDAP",CDP-I,,Attivo,concluso,"Opere ultimate, cdp2017 p. 181",,Progettazioni sviluppi a completamento - Napoli,CdP_2017-2021_Investimenti.pdf p. 181
J17E91000000221,"Opera ultimata, CUP attivo in BDAP",CDP-I,,Attivo,concluso,"Opere ultimate, cdp2017 p. 180",,Miglioramento infrastrutturale Provincia di Bolzano,CdP_2017-2021_Investimenti.pdf p. 180
J17E91000000231,Concorda,CDP-I,,Chiuso,concluso,"Opere ultimate, agg2025 p. 130",,Manutenzione Straordinaria cicli fino al 2011,CdP_2017-2021_Investimenti_Agg2020-2021.pdf p. 127 | CdP_2022-2026_Investimenti_Agg_ 2025.pdf p. 130
J17E91000000281,"Opera ultimata, CUP attivo in BDAP",CDP-I,,Attivo,concluso,"Opere ultimate, cdp2017 p. 180",,Miglioramento infrastrutturale Provincia di Trento,CdP_2017-2021_Investimenti.pdf p. 180
J17E92000000001,"Opera ultimata, assente dal file",,,,concluso,"Opere ultimate, agg2025 p. 130",,Manutenzione Straordinaria cicli fino al 2011,CdP_2017-2021_Investimenti.pdf p. 176 | CdP_2017-2021_Investimenti_Agg2020-2021.pdf p. 127 | CdP_2022-2026_Investimenti_Agg_ 2025.pdf p. 130
J17E99000010001,"Opera ultimata, assente dal file",,,,concluso,"Opere ultimate, agg2023 p. 37",,Manut.Straord.Opere Dif.Infr.M.E.AN - ante 2011,CdP_2017-2021_Investimenti.pdf p. 176 | CdP_2017-2021_Investimenti_Agg2020-2021.pdf p. 126 | CdP_2022-2026_Investimenti_Agg2023.pdf p. 37
J17E99000010011,"Opera ultimata, CUP attivo in BDAP",CDP-I,,Attivo,concluso,"Opere ultimate, agg2025 p. 130",,Manutenzione Straordinaria cicli fino al 2011,CdP_2017-2021_Investimenti.pdf p. 176 | CdP_2017-2021_Investimenti_Agg2020-2021.pdf p. 126 | CdP_2022-2026_Investimenti.pdf p. 138 | CdP_2022-2026_Investimenti_Agg_ 2025.pdf p. 130
J17E99000010027,"Opera ultimata, CUP attivo in BDAP",CDP-I,,Attivo,concluso,"Opere ultimate, agg2025 p. 130",,Manutenzione Straordinaria cicli fino al 2011,CdP_2017-2021_Investimenti.pdf p. 176 | CdP_2017-2021_Investimenti_Agg2020-2021.pdf p. 126 | CdP_2022-2026_Investimenti_Agg_ 2025.pdf p. 130
J17E99000010032,"Opera ultimata, CUP attivo in BDAP",CDP-I,,Attivo,concluso,"Opere ultimate, agg2025 p. 130",,Manutenzione Straordinaria cicli fino al 2011,CdP_2017-2021_Investimenti.pdf p. 176 | CdP_2017-2021_Investimenti_Agg2020-2021.pdf p. 126 | CdP_2022-2026_Investimenti_Agg_ 2025.pdf p. 130
J17E99000010041,"Opera ultimata, CUP attivo in BDAP",CDP-I,,Attivo,concluso,"Opere ultimate, agg2025 p. 130",,Manutenzione Straordinaria cicli fino al 2011,CdP_2017-2021_Investimenti.pdf p. 176 | CdP_2017-2021_Investimenti_Agg2020-2021.pdf p. 126 | CdP_2022-2026_Investimenti_Agg2023.pdf p. 37 | CdP_2022-2026_Investimenti_Agg_ 2025.pdf p. 130
J17E99000010057,"Opera ultimata, CUP attivo in BDAP",CDP-I,,Attivo,concluso,"Opere ultimate, agg2025 p. 130",,Manutenzione Straordinaria cicli fino al 2011,CdP_2017-2021_Investimenti.pdf p. 176 | CdP_2022-2026_Investimenti_Agg_ 2025.pdf p. 130
J17E99000010061,"Opera ultimata, CUP attivo in BDAP",CDP-I,,Attivo,concluso,"Opere ultimate, agg2025 p. 130",,Manutenzione Straordinaria cicli fino al 2011,CdP_2017-2021_Investimenti.pdf p. 176 | CdP_2017-2021_Investimenti_Agg2020-2021.pdf p. 126 | CdP_2022-2026_Investimenti_Agg_ 2025.pdf p. 130
J17E99000010071,"Opera ultimata, CUP attivo in BDAP",CDP-I,,Attivo,concluso,"Opere ultimate, agg2025 p. 130",,Manutenzione Straordinaria cicli fino al 2011,CdP_2017-2021_Investimenti.pdf p. 176 | CdP_2017-2021_Investimenti_Agg2020-2021.pdf p. 126 | CdP_2022-2026_Investimenti_Agg_ 2025.pdf p. 130
J17E99000010081,"Opera ultimata, CUP attivo in BDAP",CDP-I,,Attivo,concluso,"Opere ultimate, agg2025 p. 130",,Manutenzione Straordinaria cicli fino al 2011,CdP_2017-2021_Investimenti.pdf p. 177 | CdP_2017-2021_Investimenti_Agg2020-2021.pdf p. 126 | CdP_2022-2026_Investimenti_Agg_ 2025.pdf p. 130
J17E99000010091,"Opera ultimata, CUP attivo in BDAP",CDP-I,,Attivo,concluso,"Opere ultimate, cdp2017 p. 177",,Manutenzione straordinaria e Opere a difesa dell'infrastruttura Reggio Calabria,CdP_2017-2021_Investimenti.pdf p. 177
J17E99000010101,"Opera ultimata, CUP attivo in BDAP",CDP-I,,Attivo,concluso,"Opere ultimate, agg2025 p. 130",,Manutenzione Straordinaria cicli fino al 2011,CdP_2017-2021_Investimenti.pdf p. 177 | CdP_2022-2026_Investimenti_Agg_ 2025.pdf p. 130
J17E99000010111,"Opera ultimata, CUP attivo in BDAP",CDP-I,,Attivo,concluso,"Opere ultimate, agg2025 p. 130",,Manutenzione Straordinaria cicli fino al 2011,CdP_2017-2021_Investimenti.pdf p. 177 | CdP_2017-2021_Investimenti_Agg2020-2021.pdf p. 126 | CdP_2022-2026_Investimenti_Agg_ 2025.pdf p. 130
J17E99000010121,"Opera ultimata, assente dal file",,,,concluso,"Opere ultimate, agg2025 p. 130",,Manutenzione Straordinaria cicli fino al 2011,CdP_2017-2021_Investimenti.pdf p. 177 | CdP_2017-2021_Investimenti_Agg2020-2021.pdf p. 126 | CdP_2022-2026_Investimenti_Agg_ 2025.pdf p. 130
J17E99000010131,Concorda,CDP-I,,Chiuso,concluso,"Opere ultimate, agg2025 p. 135",,Sicurezza ed Obblighi di Legge,CdP_2017-2021_Investimenti.pdf p. 177 | CdP_2017-2021_Investimenti_Agg2020-2021.pdf p. 126 | CdP_2022-2026_Investimenti_Agg_ 2025.pdf p. 135
J17E99000010151,"Opera ultimata, CUP attivo in BDAP",CDP-I,,Attivo,concluso,"Opere ultimate, agg2025 p. 130",,Manutenzione Straordinaria cicli fino al 2011,CdP_2017-2021_Investimenti.pdf p. 177 | CdP_2022-2026_Investimenti_Agg2023.pdf p. 37 | CdP_2022-2026_Investimenti_Agg_ 2025.pdf p. 130
J17E99000010161,"Investimenti, non nei documenti",CDP-I,,Chiuso,,,,,
J17E99000010171,"Opera ultimata, assente dal file",,,,concluso,"Opere ultimate, agg2025 p. 130",,Manutenzione Straordinaria cicli fino al 2011,CdP_2022-2026_Investimenti_Agg_ 2025.pdf p. 130
J17E99000010181,"Opera ultimata, CUP attivo in BDAP",CDP-I,,Attivo,concluso,"Opere ultimate, agg2025 p. 130",,Manutenzione Straordinaria cicli fino al 2011,CdP_2017-2021_Investimenti.pdf p. 177 | CdP_2017-2021_Investimenti_Agg2020-2021.pdf p. 126 | CdP_2022-2026_Investimenti_Agg2023.pdf p. 37 | CdP_2022-2026_Investimenti_Agg_ 2025.pdf p. 130
J17E99000010191,"Opera ultimata, CUP attivo in BDAP",CDP-I,,Attivo,concluso,"Opere ultimate, agg2025 p. 130",,Manutenzione Straordinaria cicli fino al 2011,CdP_2017-2021_Investimenti.pdf p. 177 | CdP_2017-2021_Investimenti_Agg2020-2021.pdf p. 126 | CdP_2022-2026_Investimenti_Agg_ 2025.pdf p. 130
J17E99000010211,"Opera ultimata, assente dal file",,,,concluso,"Opere ultimate, agg2025 p. 131",,Manutenzione Straordinaria cicli fino al 2011,CdP_2022-2026_Investimenti_Agg_ 2025.pdf p. 131
J17E99000010221,"Opera ultimata, CUP attivo in BDAP",CDP-I,,Attivo,concluso,"Opere ultimate, agg2025 p. 131",,Manutenzione Straordinaria cicli fino al 2011,CdP_2017-2021_Investimenti.pdf p. 177 | CdP_2022-2026_Investimenti_Agg2023.pdf p. 37 | CdP_2022-2026_Investimenti_Agg2024.pdf p. 113 | CdP_2022-2026_Investimenti_Agg_ 2025.pdf p. 131
J17E99000010231,"Opera ultimata, assente dal file",,,,concluso,"Opere ultimate, agg2025 p. 131",,Manutenzione Straordinaria cicli fino al 2011,CdP_2017-2021_Investimenti.pdf p. 177 | CdP_2017-2021_Investimenti_Agg2020-2021.pdf p. 126 | CdP_2022-2026_Investimenti_Agg_ 2025.pdf p. 131
J17E99000010291,"Opera ultimata, assente dal file",,,,concluso,"Opere ultimate, agg2025 p. 131",,Manutenzione Straordinaria cicli fino al 2011,CdP_2017-2021_Investimenti_Agg2020-2021.pdf p. 126 | CdP_2022-2026_Investimenti_Agg_ 2025.pdf p. 131
J17E99000020007,"Opera ultimata, CUP attivo in BDAP",CDP-I,,Attivo,concluso,"Opere ultimate, agg2025 p. 131",,Manutenzione Straordinaria cicli fino al 2011,CdP_2017-2021_Investimenti.pdf p. 177 | CdP_2017-2021_Investimenti_Agg2020-2021.pdf p. 126 | CdP_2022-2026_Investimenti_Agg_ 2025.pdf p. 131
J17E99000020017,"Opera ultimata, CUP attivo in BDAP",CDP-I,,Attivo,concluso,"Opere ultimate, agg2025 p. 131",,Manutenzione Straordinaria cicli fino al 2011,CdP_2017-2021_Investimenti.pdf p. 177 | CdP_2022-2026_Investimenti_Agg_ 2025.pdf p. 131
J17E99000020021,"Opera ultimata, CUP attivo in BDAP",CDP-I,,Attivo,concluso,"Opere ultimate, agg2023 p. 37",,Obblighi legge - RM - ante 2011,CdP_2017-2021_Investimenti.pdf p. 177 | CdP_2017-2021_Investimenti_Agg2020-2021.pdf p. 126 | CdP_2022-2026_Investimenti_Agg2023.pdf p. 37
J17E99000020031,"Opera ultimata, assente dal file",,,,concluso,"Opere ultimate, agg2025 p. 131",,Manutenzione Straordinaria cicli fino al 2011,CdP_2017-2021_Investimenti.pdf p. 177 | CdP_2017-2021_Investimenti_Agg2020-2021.pdf p. 126 | CdP_2022-2026_Investimenti_Agg_ 2025.pdf p. 131
J17E99000020041,"Opera ultimata, CUP attivo in BDAP",CDP-I,,Attivo,concluso,"Opere ultimate, agg2025 p. 131",,Manutenzione Straordinaria cicli fino al 2011,CdP_2017-2021_Investimenti.pdf p. 177 | CdP_2017-2021_Investimenti_Agg2020-2021.pdf p. 126 | CdP_2022-2026_Investimenti_Agg_ 2025.pdf p. 131
J17E99000020051,"Opera ultimata, CUP attivo in BDAP",CDP-I,,Attivo,concluso,"Opere ultimate, agg2025 p. 131",,Manutenzione Straordinaria cicli fino al 2011,CdP_2017-2021_Investimenti.pdf p. 177 | CdP_2022-2026_Investimenti.pdf p. 138 | CdP_2022-2026_Investimenti_Agg2023.pdf p. 37 | CdP_2022-2026_Investimenti_Agg_ 2025.pdf p. 131
J17E99000020061,Concorda,CDP-I,,Chiuso,concluso,"Opere ultimate, agg2025 p. 131",,Manutenzione Straordinaria cicli fino al 2011,CdP_2017-2021_Investimenti.pdf p. 177 | CdP_2022-2026_Investimenti_Agg_ 2025.pdf p. 131
J17E99000020071,"Opera ultimata, CUP attivo in BDAP",CDP-I,,Attivo,concluso,"Opere ultimate, agg2025 p. 131",,Manutenzione Straordinaria cicli fino al 2011,CdP_2017-2021_Investimenti.pdf p. 177 | CdP_2022-2026_Investimenti_Agg_ 2025.pdf p. 131
J17E99000020081,"Opera ultimata, assente dal file",,,,concluso,"Opere ultimate, agg2025 p. 131",,Manutenzione Straordinaria cicli fino al 2011,CdP_2017-2021_Investimenti.pdf p. 177 | CdP_2017-2021_Investimenti_Agg2020-2021.pdf p. 126 | CdP_2022-2026_Investimenti_Agg_ 2025.pdf p. 131
J17E99000020091,"Opera ultimata, CUP attivo in BDAP",CDP-I,,Attivo,concluso,"Opere ultimate, agg2025 p. 131",,Manutenzione Straordinaria cicli fino al 2011,CdP_2017-2021_Investimenti.pdf p. 177 | CdP_2022-2026_Investimenti_Agg_ 2025.pdf p. 131
J17E99000020101,"Opera ultimata, assente dal file",,,,concluso,"Opere ultimate, agg2025 p. 131",,Manutenzione Straordinaria cicli fino al 2011,CdP_2022-2026_Investimenti_Agg_ 2025.pdf p. 131
J17E99000020131,"Opera ultimata, assente dal file",,,,concluso,"Opere ultimate, agg2025 p. 131",,Manutenzione Straordinaria cicli fino al 2011,CdP_2017-2021_Investimenti.pdf p. 177 | CdP_2017-2021_Investimenti_Agg2020-2021.pdf p. 126 | CdP_2022-2026_Investimenti_Agg_ 2025.pdf p. 131
J17E99000020171,"Investimenti, non nei documenti",CDP-I,,Chiuso,,,,,
J17E99000020181,"Opera ultimata, CUP attivo in BDAP",CDP-I,,Attivo,concluso,"Opere ultimate, agg2025 p. 131",,Manutenzione Straordinaria cicli fino al 2011,CdP_2017-2021_Investimenti.pdf p. 180 | CdP_2022-2026_Investimenti_Agg_ 2025.pdf p. 131
J17E99000020191,"Opera ultimata, CUP attivo in BDAP",CDP-I,,Attivo,concluso,"Opere ultimate, agg2025 p. 131",,Manutenzione Straordinaria cicli fino al 2011,CdP_2017-2021_Investimenti.pdf p. 177 | CdP_2022-2026_Investimenti_Agg_ 2025.pdf p. 131
J17E99000020221,"Opera ultimata, CUP attivo in BDAP",CDP-I,,Attivo,concluso,"Opere ultimate, agg2025 p. 131",,Manutenzione Straordinaria cicli fino al 2011,CdP_2017-2021_Investimenti.pdf p. 177 | CdP_2022-2026_Investimenti_Agg2024.pdf p. 113 | CdP_2022-2026_Investimenti_Agg_ 2025.pdf p. 131
J17E99000020301,"Opera ultimata, assente dal file",,,,concluso,"Opere ultimate, agg2025 p. 131",,Manutenzione Straordinaria cicli fino al 2011,CdP_2017-2021_Investimenti.pdf p. 177 | CdP_2022-2026_Investimenti_Agg_ 2025.pdf p. 131
J17E99000020331,"Opera ultimata, CUP attivo in BDAP",CDP-I,,Attivo,concluso,"Opere ultimate, agg2025 p. 131",,Manutenzione Straordinaria cicli fino al 2011,CdP_2017-2021_Investimenti.pdf p. 177 | CdP_2022-2026_Investimenti_Agg_ 2025.pdf p. 131
J17E99000020341,"Opera ultimata, assente dal file",,,,concluso,"Opere ultimate, agg2025 p. 131",,Manutenzione Straordinaria cicli fino al 2011,CdP_2017-2021_Investimenti.pdf p. 177 | CdP_2022-2026_Investimenti_Agg_ 2025.pdf p. 131
J17E99000020371,"Opera ultimata, assente dal file",,,,concluso,"Opere ultimate, agg2025 p. 131",,Manutenzione Straordinaria cicli fino al 2011,CdP_2017-2021_Investimenti.pdf p. 177 | CdP_2022-2026_Investimenti_Agg_ 2025.pdf p. 131
J17E99000020381,"Opera ultimata, CUP attivo in BDAP",CDP-I,,Attivo,concluso,"Opere ultimate, agg2021 p. 126",,M.S. E OBBLIGHI DI LEGGE - ante 2011,CdP_2017-2021_Investimenti.pdf p. 177 | CdP_2017-2021_Investimenti_Agg2020-2021.pdf p. 126
J17E99000020471,"Opera ultimata, assente dal file",,,,concluso,"Opere ultimate, agg2025 p. 131",,Manutenzione Straordinaria cicli fino al 2011,CdP_2022-2026_Investimenti_Agg_ 2025.pdf p. 131
J17F14000000001,"Servizi, non verificabile",CDP-S,,Attivo,,,,,
J17F14000010001,"Servizi, non verificabile",CDP-S,,Attivo,,,,,
J17F14000020001,"Servizi, non verificabile",CDP-S,,Attivo,,,,,
J17F14000030001,"Servizi, non verificabile",CDP-S,,Attivo,,,,,
J17F19000080001,Concorda,CDP-I,,Attivo,in corso,"Appendice 2, app2-agg2025 p. 3",A1004D,Smaltimento materiali inquinanti (DOIT Venezia) - 2019,appendice_2_lista_cup.pdf p. 3 | appendice_3_schede_intervento.pdf p. 8
J17F19000130001,"Opera ultimata, CUP attivo in BDAP",CDP-I,,Attivo,concluso,"Opere ultimate, agg2025 p. 135",,Sicurezza ed Obblighi di Legge,CdP_2022-2026_Investimenti_Agg_ 2025.pdf p. 135
J17F19000180001,"Opera ultimata, CUP attivo in BDAP",CDP-I,,Attivo,concluso,"Opere ultimate, agg2024 p. 113",,Upgrading infrastrutturale e tecnologico DOIT Venezia - 2019,CdP_2022-2026_Investimenti_Agg2024.pdf p. 113
J17F19000260001,"Servizi, non verificabile",CDP-S,,Attivo,,,,,
J17F19000270001,"Servizi, non verificabile",CDP-S,,Attivo,,,,,
J17F19000280001,"Servizi, non verificabile",CDP-S,,Attivo,,,,,
J17F19000310001,Concorda,CDP-I,,Attivo,in corso,"Appendice 2, app2-agg2025 p. 11",P054,Riqualificaz.AreeEsterneStazione Mantova,appendice_2_lista_cup.pdf p. 11 | appendice_3_schede_intervento.pdf p. 194 | relazione_informativa_agg_2025_v04_clean.pdf p. 13
J17F20000000001,"Opera ultimata, CUP attivo in BDAP",CDP-I,,Attivo,concluso,"Opere ultimate, agg2025 p. 135",,Sicurezza ed Obblighi di Legge,CdP_2022-2026_Investimenti_Agg_ 2025.pdf p. 135
J17F20000030001,Concorda,CDP-I,,Attivo,in corso,"Appendice 2, app2-agg2025 p. 4",A1013A,Piano difesa della sede da fenomeni di dissesto idrogeologico - DOIT Venezia - 2020,appendice_2_lista_cup.pdf p. 4 | appendice_3_schede_intervento.pdf p. 18
J17F20000040001,Concorda,CDP-I,,Attivo,in corso,"Appendice 2, app2-agg2025 p. 5",A1014,Piano conservazione opere d'arte DOIT Venezia- 2020,appendice_2_lista_cup.pdf p. 5 | appendice_3_schede_intervento.pdf p. 23
J17G20000010001,"Opera ultimata, CUP attivo in BDAP",CDP-I,,Attivo,concluso,"Opere ultimate, agg2025 p. 135",,Sicurezza ed Obblighi di Legge,CdP_2022-2026_Investimenti_Agg_ 2025.pdf p. 135
J17H21000420001,Concorda,CDP-I,,Attivo,in corso,"Appendice 2, app2-agg2025 p. 4",A1013A,Piano difesa della sede da fenomeni di dissesto idrogeologico - DOIT Venezia - 2021,appendice_2_lista_cup.pdf p. 4 | appendice_3_schede_intervento.pdf p. 18
J17H21000430001,Concorda,CDP-I,,Attivo,in corso,"Appendice 2, app2-agg2025 p. 5",A1014,Piano conservazione opere d'arte DOIT Venezia- 2021,appendice_2_lista_cup.pdf p. 5 | appendice_3_schede_intervento.pdf p. 23
J17H21002490001,Concorda,CDP-I,,Attivo,in corso,"Appendice 2, app2-agg2025 p. 9",P214,Sulmona-Castel di Sangro-Carpinone Ripristino ai fini turistico-naturali della storica tratta ferroviaria Avellino – Rocchetta S. Antonio Lacedonia (1^ Fase) - studio di,appendice_2_lista_cup.pdf p. 9 | appendice_3_schede_intervento.pdf p. 74 | appendice_9_elenco_opere_pnrr_e_pnc.pdf p. 5
J17H21006070001,"Servizi, non verificabile",CDP-S,,Attivo,,,,,
J17H22000060001,Concorda,CDP-S,,Attivo,servizi,"Servizi, Allegato 4c, srv2026 p. 17",,CdP-S Infratruttura Fisica DOIT Venezia - anno 2022,CdP_Servizi_2022-2026_AI2_Agg2024.pdf p. 19 | CdP_Servizi_2022-2026_AI4_Agg2026.pdf p. 17
J17H22000070001,"Servizi, non verificabile",CDP-S,,Attivo,,,,,
J17H22000080001,"Servizi, non verificabile",CDP-S,,Attivo,,,,,
J17I06000030001,"Opera ultimata, assente dal file",,,,concluso,"Opere ultimate, cdp2017 p. 179",,Attrezz. Tecnol. linee e imp. intera ret,CdP_2017-2021_Investimenti.pdf p. 179
J17I07000000001,Concorda,CDP-I,,Attivo,in corso,"Appendice 2, app2-agg2025 p. 6",A2001B,Riconfigurazione impianti SCMT Roma,appendice_2_lista_cup.pdf p. 6 | appendice_3_schede_intervento.pdf p. 33
J17I08000010001,"Opera ultimata, CUP attivo in BDAP",CDP-I,,Attivo,concluso,"Opere ultimate, agg2025 p. 141",,"Tecnologie per la sicurezza, la circolazione e l'efficientamento",CdP_2017-2021_Investimenti.pdf p. 179 | CdP_2022-2026_Investimenti_Agg_ 2025.pdf p. 141
J17I10000040001,Concorda,CDP-I,,Attivo,in corso,"Appendice 2, app2-agg2025 p. 14",P223,Completamento SCC Adriatica (PRG e ACC Ancona),appendice_2_lista_cup.pdf p. 14 | appendice_3_schede_intervento.pdf p. 365 | relazione_informativa_agg_2025_v04_clean.pdf p. 14
J17I10002780001,"Opera ultimata, CUP attivo in BDAP",CDP-I,,Attivo,concluso,"Opere ultimate, cdp2017 p. 181",,Interventi completamento tratta AV/AC Roma-Napoli,CdP_2017-2021_Investimenti.pdf p. 181
J17I10002790001,Concorda,CDP-I,,Attivo,in corso,"Appendice 2, app2-agg2025 p. 8",A2011,Aggiornamento ERTMS/ETCS linea AV/AC Roma-Napoli,appendice_2_lista_cup.pdf p. 8 | appendice_3_schede_intervento.pdf p. 62
J17I11000450001,Concorda,CDP-I,,Attivo,in corso,"Appendice 2, app2-agg2025 p. 2",A1004A,Adeguamento sicurezza gallerie tratta AV/AC Roma-Napoli,appendice_2_lista_cup.pdf p. 2 | appendice_3_schede_intervento.pdf p. 3
J17I12000000001,"Opera ultimata, assente dal file",,,,concluso,"Opere ultimate, agg2025 p. 131",,Manutenzione Straordinaria cicli fino al 2011,CdP_2017-2021_Investimenti_Agg2020-2021.pdf p. 126 | CdP_2022-2026_Investimenti_Agg_ 2025.pdf p. 131
J17I12000330001,"Opera ultimata, CUP attivo in BDAP",CDP-I,,Attivo,concluso,"Opere ultimate, agg2021 p. 126",,Manut.Straord.Opere Dif.Infr.VE - 2012,CdP_2017-2021_Investimenti_Agg2020-2021.pdf p. 126
J17I12000340001,"Opera ultimata, CUP attivo in BDAP",CDP-I,,Attivo,concluso,"Opere ultimate, agg2025 p. 131",,Manutenzione Straordinaria cicli fino al 2011,CdP_2022-2026_Investimenti_Agg_ 2025.pdf p. 131
J17I12000350001,"Opera ultimata, assente dal file",,,,concluso,"Opere ultimate, agg2025 p. 131",,Manutenzione Straordinaria cicli fino al 2011,CdP_2017-2021_Investimenti_Agg2020-2021.pdf p. 126 | CdP_2022-2026_Investimenti_Agg_ 2025.pdf p. 131
J17I12000360001,"Opera ultimata, CUP attivo in BDAP",CDP-I,,Attivo,concluso,"Opere ultimate, agg2023 p. 37",,Miglioramenti infrastrutturali M.E.-VE - 2012,CdP_2022-2026_Investimenti_Agg2023.pdf p. 37
J17I12000370001,"Opera ultimata, assente dal file",,,,concluso,"Opere ultimate, agg2025 p. 131",,Manutenzione Straordinaria cicli fino al 2011,CdP_2017-2021_Investimenti_Agg2020-2021.pdf p. 126 | CdP_2022-2026_Investimenti_Agg_ 2025.pdf p. 131
J17I12000380001,Concorda,CDP-I,,Attivo,in corso,"Appendice 2, app2-agg2025 p. 10",P074,Potenziamento e velocizzazione itinerario Palermo - Catania (e altre linee),CdP_2017-2021_Investimenti.pdf p. 49 | CdP_2017-2021_Investimenti.pdf p. 127 | appendice_2_lista_cup.pdf p. 10 | appendice_3_schede_intervento.pdf p. 152
J17I13000000001,"Opera ultimata, CUP attivo in BDAP",CDP-I,,Attivo,concluso,"Opere ultimate, agg2025 p. 131",,Manutenzione Straordinaria cicli fino al 2011,CdP_2017-2021_Investimenti_Agg2020-2021.pdf p. 126 | CdP_2022-2026_Investimenti.pdf p. 138 | CdP_2022-2026_Investimenti_Agg2023.pdf p. 37 | CdP_2022-2026_Investimenti_Agg_ 2025.pdf p. 131
J17I13000010001,"Opera ultimata, CUP attivo in BDAP",CDP-I,,Attivo,concluso,"Opere ultimate, agg2025 p. 131",,Manutenzione Straordinaria cicli fino al 2011,CdP_2017-2021_Investimenti_Agg2020-2021.pdf p. 126 | CdP_2022-2026_Investimenti_Agg_ 2025.pdf p. 131
J17I13000020001,"Servizi, non verificabile",CDP-S,,Attivo,,,,,
J17I13000030001,"Servizi, non verificabile",CDP-S,,Attivo,,,,,
J17I13000040001,"Servizi, non verificabile",CDP-S,,Attivo,,,,,
J17I13000050001,"Opera ultimata, CUP attivo in BDAP",CDP-I,,Attivo,concluso,"Opere ultimate, agg2025 p. 131",,Manutenzione Straordinaria cicli fino al 2011,CdP_2017-2021_Investimenti_Agg2020-2021.pdf p. 127 | CdP_2022-2026_Investimenti_Agg_ 2025.pdf p. 131
J17I17000050001,Concorda,CDP-I,,Attivo,in corso,"Appendice 2, app2-agg2025 p. 13",P222,DOIT VE – upgrading linee viaggiatori,appendice_2_lista_cup.pdf p. 13 | appendice_3_schede_intervento.pdf p. 338
J17I18000060001,Concorda,CDP-I,,Attivo,in corso,"Appendice 2, app2-agg2025 p. 4",A1013A,Piano difesa della sede da fenomeni di dissesto idrogeologico - DOIT Venezia - 2018,appendice_2_lista_cup.pdf p. 4 | appendice_3_schede_intervento.pdf p. 18
J17J18000290001,"Servizi, non verificabile",CDP-S,,Attivo,,,,,
J17J18000300001,"Servizi, non verificabile",CDP-S,,Attivo,,,,,
J17J18000310001,"Servizi, non verificabile",CDP-S,,Attivo,,,,,
J17J18000320001,"Servizi, non verificabile",CDP-S,,Attivo,,,,,
J17J18000330001,"Servizi, non verificabile",CDP-S,,Attivo,,,,,
J17J18000360001,Concorda,CDP-I,,Attivo,in corso,"Appendice 2, app2-agg2025 p. 14",P223,Potenziamento infrastrutturale e tecnologico DOIT Venezia,appendice_2_lista_cup.pdf p. 14 | appendice_3_schede_intervento.pdf p. 365
J17J18000630001,Concorda,CDP-I,,Attivo,in corso,"Appendice 2, app2-agg2025 p. 3",A1004D,Smaltimento materiali inquinanti (DOIT Venezia) - 2018,appendice_2_lista_cup.pdf p. 3 | appendice_3_schede_intervento.pdf p. 8
J17J19000000001,Concorda,CDP-I,,Attivo,in corso,"Appendice 2, app2-agg2025 p. 4",A1013A,Piano difesa della sede da fenomeni di dissesto idrogeologico - DOIT Venezia - 2019,appendice_2_lista_cup.pdf p. 4 | appendice_3_schede_intervento.pdf p. 18
J17J19000010001,"Opera ultimata, CUP attivo in BDAP",CDP-I,,Attivo,concluso,"Opere ultimate, agg2025 p. 135",,Sicurezza ed Obblighi di Legge,CdP_2022-2026_Investimenti_Agg_ 2025.pdf p. 135
J19B12000040001,Concorda,CDP-I,,Attivo,in corso,"Tabella A/B, agg2025 p. 65",1674,"Linea ferroviaria Potenza - Foggia - ammodernamento Ammodernamento Potenza-Foggia Fase 1: adeguamento a standard RFI e razionalizzazione impianti Ammodernamento Potenza-Foggia Fase 2B: velocizzazione PROG PROG Variante di Melfi PROG PROG Ammodernamento Potenza-Foggia Fase 2A: elettrificazione, soppressione PL e consolidamento sede",CdP_2017-2021_Investimenti.pdf p. 49 | CdP_2017-2021_Investimenti.pdf p. 126 | CdP_2017-2021_Investimenti_Agg2020-2021.pdf p. 34 | CdP_2017-2021_Investimenti_Agg2020-2021.pdf p. 81 | CdP_2022-2026_Investimenti.pdf p. 51 | CdP_2022-2026_Investimenti.pdf p. 97
J19G01000000001,Concorda,CDP-I,,Attivo,in corso,"Appendice 2, app2-agg2025 p. 3",A1006|I173|P245,Piano Soppressione Passaggi a Livello,CdP_2017-2021_Investimenti_Agg2020-2021.pdf p. 34 | CdP_2017-2021_Investimenti_Agg2020-2021.pdf p. 47 | CdP_2017-2021_Investimenti_Agg2020-2021.pdf p. 80 | CdP_2017-2021_Investimenti_Agg2020-2021.pdf p. 109 | appendice_2_lista_cup.pdf p. 3 | appendice_3_schede_intervento.pdf p. 14
J19G01000010001,"Opera ultimata, CUP attivo in BDAP",CDP-I,,Attivo,concluso,"Opere ultimate, cdp2017 p. 180",,Tecnologie (Potenz. OML e OMV),CdP_2017-2021_Investimenti.pdf p. 180
J19G02000010001,Concorda,CDP-I,,Attivo,in corso,"Appendice 2, app2-agg2025 p. 2",A1004B,Realizzazione Piano di Risanamento Acustico,appendice_2_lista_cup.pdf p. 2 | appendice_3_schede_intervento.pdf p. 6 | relazione_informativa_agg_2025_v04_clean.pdf p. 13
J19G02000030011,"Opera ultimata, assente dal file",,,,concluso,"Opere ultimate, agg2025 p. 141",,"Tecnologie per la sicurezza, la circolazione e l'efficientamento",CdP_2022-2026_Investimenti_Agg_ 2025.pdf p. 141
J19G02000030021,"Opera ultimata, assente dal file",,,,concluso,"Opere ultimate, agg2025 p. 141",,"Tecnologie per la sicurezza, la circolazione e l'efficientamento",CdP_2022-2026_Investimenti_Agg_ 2025.pdf p. 141
J20B18000000001,Concorda,CDP-I,,Attivo,in corso,"Appendice 2, app2-agg2025 p. 12",A1008,Sviluppo flotta navale,appendice_2_lista_cup.pdf p. 12 | appendice_3_schede_intervento.pdf p. 456 | appendice_9_elenco_opere_pnrr_e_pnc.pdf p. 5
J21C08000000009,Concorda,CDP-I,,Attivo,in corso,"Tabella A/B, agg2025 p. 75",0331,Raddoppio linea Roma-Viterbo: tratta Cesano-Bracciano Raddoppio Cesano-Vigna di Valle PROG ITER Raddoppio Vigna di Valle-Bracciano PROG ITER,CdP_2017-2021_Investimenti.pdf p. 77 | CdP_2017-2021_Investimenti.pdf p. 133 | CdP_2017-2021_Investimenti_Agg2020-2021.pdf p. 51 | CdP_2017-2021_Investimenti_Agg2020-2021.pdf p. 87 | CdP_2022-2026_Investimenti.pdf p. 69 | CdP_2022-2026_Investimenti.pdf p. 104
J21C91000000008,"Opera ultimata, CUP attivo in BDAP",CDP-I,,Attivo,concluso,"Opere ultimate, cdp2022 p. 139",A5000_3,Nodo AV/AC Napoli,CdP_2017-2021_Investimenti.pdf p. 73 | CdP_2017-2021_Investimenti.pdf p. 169 | CdP_2017-2021_Investimenti_Agg2020-2021.pdf p. 49 | CdP_2017-2021_Investimenti_Agg2020-2021.pdf p. 120 | CdP_2022-2026_Investimenti.pdf p. 139
J21G22000050001,Concorda,CDP-I,,Attivo,in corso,"Tabella A/B, agg2025 p. 72",P245,Adeguamento e velocizzazione linea ferroviaria jonica - tratta Sibari-Melito Porto Salvo e trasversale Lamezia Terme - Catanzaro Lido Elettrificazione linea jonica tratta Catanzaro Lido - Crotone - Sibari Potenziamento Lamezia Terme - Settingiano e elettrificazione,CdP_2022-2026_Investimenti_Agg2024.pdf p. 59 | CdP_2022-2026_Investimenti_Agg2024.pdf p. 100 | CdP_2022-2026_Investimenti_Agg_ 2025.pdf p. 72 | CdP_2022-2026_Investimenti_Agg_ 2025.pdf p. 116 | CdP_Servizi_2022-2026_AI2_Agg2024.pdf p. 59 | appendice_3_schede_intervento.pdf p. 393
J21G24000010002,Concorda,CDP-I,,Attivo,in corso,"Appendice 2, app2-agg2025 p. 9",P055_A,Mi Parco Nord-Seregno e Staz FS Seregno,appendice_2_lista_cup.pdf p. 9 | appendice_3_schede_intervento.pdf p. 65 | relazione_informativa_agg_2025_v04_clean.pdf p. 16
J21G24000050001,Concorda,CDP-I,,Attivo,in corso,"Appendice 2, app2-agg2025 p. 10",P200,Nuova Stazione AV Medio Etruria,CdP_2022-2026_Investimenti_Agg_ 2025.pdf p. 6 | appendice_1_delibere_cipess_per_progetto.pdf p. 2 | appendice_2_lista_cup.pdf p. 10 | appendice_3_schede_intervento.pdf p. 126 | relazione_informativa_agg_2025_v04_clean.pdf p. 14
J21H01000090001,"Opera ultimata, CUP attivo in BDAP",CDP-I,,Attivo,concluso,"Opere ultimate, cdp2017 p. 180",,Raddoppio Decimomannu - S. Gavino,CdP_2017-2021_Investimenti.pdf p. 180
J21H02000040001,"Investimenti, non nei documenti",CDP-I,,Attivo,,,,,
J21H02000100001,"Opera ultimata, assente dal file",,,,concluso,"Opere ultimate, agg2025 p. 139",,Impianti industriali e terminali viaggiatori e merci,CdP_2017-2021_Investimenti_Agg2020-2021.pdf p. 129 | CdP_2022-2026_Investimenti_Agg_ 2025.pdf p. 139
J21H03000110001,"Opera ultimata, assente dal file",,,,concluso,"Opere ultimate, cdp2017 p. 181",,Studio di fattibilità ammodernamento e velocizzazione Cagliari-Oristano e relazione Cagliari-Sassari,CdP_2017-2021_Investimenti.pdf p. 181
J21H03000120001,"Opera ultimata, CUP attivo in BDAP",CDP-I,,Attivo,concluso,"Opere ultimate, agg2025 p. 138",,Sviluppo infrastrutturale e upgrading,CdP_2017-2021_Investimenti.pdf p. 180 | CdP_2022-2026_Investimenti_Agg_ 2025.pdf p. 138
J21H03000130001,"Opera ultimata, assente dal file",,,,concluso,"Opere ultimate, agg2025 p. 140",,Studi di fattibilità e progettazioni,CdP_2017-2021_Investimenti_Agg2020-2021.pdf p. 129 | CdP_2022-2026_Investimenti_Agg_ 2025.pdf p. 140
J21H03000130011,"Opera ultimata, assente dal file",,,,concluso,"Opere ultimate, agg2025 p. 140",,Studi di fattibilità e progettazioni,CdP_2017-2021_Investimenti_Agg2020-2021.pdf p. 129 | CdP_2022-2026_Investimenti_Agg_ 2025.pdf p. 140
J21H03000140001,Concorda,CDP-I,,Attivo,in corso,"Appendice 2, app2-agg2025 p. 6",A2001B,Attrezzaggi tecnologici DOIT Ancona,appendice_2_lista_cup.pdf p. 6 | appendice_3_schede_intervento.pdf p. 33 | relazione_informativa_agg_2025_v04_clean.pdf p. 13
J21H03000140011,Concorda,CDP-I,,Attivo,in corso,"Appendice 2, app2-agg2025 p. 6",A2001B,Attrezaggi tecnologici DOIT Roma,appendice_2_lista_cup.pdf p. 6 | appendice_3_schede_intervento.pdf p. 33
J21H03000140021,Concorda,CDP-I,,Attivo,in corso,"Appendice 2, app2-agg2025 p. 6",A2001B,Attrezaggi tecnologici DOIT Torino,appendice_2_lista_cup.pdf p. 6 | appendice_3_schede_intervento.pdf p. 33
J21H03000140031,"Opera ultimata, assente dal file",,,,concluso,"Opere ultimate, agg2025 p. 135",,Sicurezza ed Obblighi di Legge,CdP_2022-2026_Investimenti_Agg_ 2025.pdf p. 135
J21H03000140041,Concorda,CDP-I,,Attivo,in corso,"Appendice 2, app2-agg2025 p. 6",A2001B,Attrezaggi tecnologici DOIT Reggio Calabria,CdP_Servizi_2022-2026_AI2_Agg2024.pdf p. 59 | appendice_2_lista_cup.pdf p. 6 | appendice_3_schede_intervento.pdf p. 33 | appendice_9_elenco_opere_pnrr_e_pnc.pdf p. 3
J21H03000140051,"Opera ultimata, assente dal file",,,,concluso,"Opere ultimate, agg2025 p. 141",,"Tecnologie per la sicurezza, la circolazione e l'efficientamento",CdP_2022-2026_Investimenti_Agg_ 2025.pdf p. 141
J21H04000220001,Concorda,CDP-I,,Attivo,in corso,"Tabella A/B, agg2025 p. 79",0365B|0291,"Potenziamento Venezia-Trieste completamento Varianti Portugruaro, Latisana e Isonzo PROG ITER Variante Ronchi-Aurisina",CdP_2017-2021_Investimenti.pdf p. 103 | CdP_2017-2021_Investimenti.pdf p. 150 | CdP_2017-2021_Investimenti_Agg2020-2021.pdf p. 56 | CdP_2017-2021_Investimenti_Agg2020-2021.pdf p. 104 | CdP_2022-2026_Investimenti.pdf p. 72 | CdP_2022-2026_Investimenti.pdf p. 118
J21H92000000001,"Opera ultimata, CUP attivo in BDAP",CDP-I,,Attivo,concluso,"Opere ultimate, cdp2017 p. 180",,Adeguamento al traffico Merci Linea Domodossola-Luino-Novara-Ovada-Genova,CdP_2017-2021_Investimenti.pdf p. 180
J21H98000000001,Concorda,CDP-I,,Chiuso,concluso,"Opere ultimate, agg2021 p. 128",,Ammodernamento e velocizzazione Rete Sarda,CdP_2017-2021_Investimenti.pdf p. 180 | CdP_2017-2021_Investimenti_Agg2020-2021.pdf p. 128
J21H98000010001,"Investimenti, non nei documenti",CDP-I,,Attivo,,,,,
J21H99000010001,"Opera ultimata, assente dal file",,,,concluso,"Opere ultimate, agg2025 p. 141",,"Tecnologie per la sicurezza, la circolazione e l'efficientamento",CdP_2022-2026_Investimenti_Agg_ 2025.pdf p. 141
J21H99000020001,"Opera ultimata, assente dal file",,,,concluso,"Opere ultimate, agg2023 p. 37",,Fabbricati civ. e ind.(pot.posto manut.) - ante 2011,CdP_2022-2026_Investimenti_Agg2023.pdf p. 37
J21H99000020041,"Opera ultimata, assente dal file",,,,concluso,"Opere ultimate, agg2025 p. 131",,Manutenzione Straordinaria cicli fino al 2011,CdP_2017-2021_Investimenti_Agg2020-2021.pdf p. 126 | CdP_2022-2026_Investimenti_Agg_ 2025.pdf p. 131
J21J05000000001,Concorda,CDP-I,,Attivo,in corso,"Tabella A/B, agg2025 p. 71",0298,Nuovo collegamento PM228 - Castelplanio con by-pass di Albacina PM228-Castelplanio Lotto 1: nuovo collegamento PM228 - nuovo ITER Bivio Nord Albacina PM228-Castelplanio Lotto 2: Raddoppio Bivio Nord Albacina - Serra San Quirico PM228-Castelplanio Lotto 3: Raddoppio Serra San Quirico - PROG ITER Castelplanio,CdP_2017-2021_Investimenti.pdf p. 94 | CdP_2017-2021_Investimenti.pdf p. 159 | CdP_2017-2021_Investimenti_Agg2020-2021.pdf p. 57 | CdP_2017-2021_Investimenti_Agg2020-2021.pdf p. 111 | CdP_2022-2026_Investimenti.pdf p. 63 | CdP_2022-2026_Investimenti.pdf p. 125
J21J05000020001,"Opera ultimata, assente dal file",,,,concluso,"Opere ultimate, agg2025 p. 141",,"Tecnologie per la sicurezza, la circolazione e l'efficientamento",CdP_2022-2026_Investimenti_Agg_ 2025.pdf p. 141
J22C21002500008,Concorda,CDP-I,,Attivo,in corso,"Appendice 2, app2-agg2025 p. 9",P055_A,Potenziamento accessibilità stazioni cratere sisma - Regione Lazio,appendice_2_lista_cup.pdf p. 9 | appendice_3_schede_intervento.pdf p. 65 | appendice_9_elenco_opere_pnrr_e_pnc.pdf p. 5
J22H22000390001,"In corso nel contratto, assente dal file",,,,in corso,"Appendice 2, app2-agg2025 p. 13",P222,PRG di Padova C.le,appendice_2_lista_cup.pdf p. 13 | appendice_3_schede_intervento.pdf p. 337
J22J19000060001,Concorda,CDP-I,,Attivo,in corso,"Appendice 2, app2-agg2025 p. 5",A1013B,Miglioramento sismico - DOIT Reggio Calabria,appendice_2_lista_cup.pdf p. 5 | appendice_3_schede_intervento.pdf p. 20 | relazione_informativa_agg_2025_v04_clean.pdf p. 13
J24C20000000009,Concorda,CDP-I,,Attivo,in corso,"Tabella A/B, agg2025 p. 66",P230,Stazione AV Foggia Cervaro Stazione AV Foggia Cervaro,CdP_2017-2021_Investimenti_Agg2020-2021.pdf p. 34 | CdP_2017-2021_Investimenti_Agg2020-2021.pdf p. 81 | CdP_2022-2026_Investimenti.pdf p. 51 | CdP_2022-2026_Investimenti.pdf p. 97 | CdP_2022-2026_Investimenti_Agg2024.pdf p. 55 | CdP_2022-2026_Investimenti_Agg2024.pdf p. 79
J24C20002580001,"Opera ultimata, CUP attivo in BDAP",CDP-I,,Attivo,concluso,"Opere ultimate, agg2025 p. 138",,Sviluppo infrastrutturale e upgrading,CdP_2022-2026_Investimenti_Agg_ 2025.pdf p. 138 | CdP_Servizi_2022-2026_AI2_Agg2024.pdf p. 58 | appendice_9_elenco_opere_pnrr_e_pnc.pdf p. 3 | relazione_informativa_agg_2025_v04_clean.pdf p. 14
J24D20000010001,Concorda,CDP-I,,Attivo,in corso,"Tabella A/B, agg2025 p. 51",I184,Potenziamento Padova-Castelfranco Linea Padova-Vigodarzere: raddoppio ponte sul Brenta,CdP_2017-2021_Investimenti_Agg2020-2021.pdf p. 32 | CdP_2017-2021_Investimenti_Agg2020-2021.pdf p. 76 | CdP_2022-2026_Investimenti.pdf p. 48 | CdP_2022-2026_Investimenti.pdf p. 92 | CdP_2022-2026_Investimenti_Agg2024.pdf p. 42 | CdP_2022-2026_Investimenti_Agg2024.pdf p. 76
J24E21001480001,Concorda,CDP-I,,Attivo,in corso,"Appendice 2, app2-agg2025 p. 8",A2011,Programma nazionale ERTMS-Milano,CdP_Servizi_2022-2026_AI2_Agg2024.pdf p. 57 | appendice_2_lista_cup.pdf p. 8 | appendice_3_schede_intervento.pdf p. 62 | appendice_9_elenco_opere_pnrr_e_pnc.pdf p. 2 | relazione_informativa_agg_2025_v04_clean.pdf p. 13
J24E21001490001,Concorda,CDP-I,,Attivo,in corso,"Appendice 2, app2-agg2025 p. 8",A2011,Programma nazionale ERTMS Sicilia,CdP_Servizi_2022-2026_AI2_Agg2024.pdf p. 57 | appendice_2_lista_cup.pdf p. 8 | appendice_3_schede_intervento.pdf p. 62 | appendice_9_elenco_opere_pnrr_e_pnc.pdf p. 2 | relazione_informativa_agg_2025_v04_clean.pdf p. 13
J24E22000170001,Concorda,CDP-I,,Attivo,in corso,"Appendice 2, app2-agg2025 p. 14",P223,Adeguamento a modulo linea Adriatica,appendice_2_lista_cup.pdf p. 14 | appendice_3_schede_intervento.pdf p. 365
J24F05000010001,Concorda,CDP-I,,Attivo,in corso,"Tabella A/B, agg2025 p. 62",0313A|0313B,Velocizzazione S. Gavino-Sassari-Olbia fasi prioritarie Variante Bauladu,CdP_2017-2021_Investimenti.pdf p. 71 | CdP_2017-2021_Investimenti.pdf p. 95 | CdP_2017-2021_Investimenti.pdf p. 167 | CdP_2017-2021_Investimenti_Agg2020-2021.pdf p. 44 | CdP_2017-2021_Investimenti_Agg2020-2021.pdf p. 64 | CdP_2017-2021_Investimenti_Agg2020-2021.pdf p. 118
J24G18000030001,"Opera ultimata, CUP attivo in BDAP",CDP-I,,Attivo,concluso,"Opere ultimate, cdp2022 p. 138",,Potenziamento tecnologico linea a monte del Vesuvio,CdP_2022-2026_Investimenti.pdf p. 138
J24G19000000001,Concorda,CDP-I,,Attivo,in corso,"Appendice 2, app2-agg2025 p. 12",P060,Upgrading scali merci- DOIT Trieste,appendice_2_lista_cup.pdf p. 12 | appendice_3_schede_intervento.pdf p. 257
J24H14000740001,Concorda,CDP-I,,Attivo,in corso,"Appendice 2, app2-agg2025 p. 2",A1004A,Miglioramento sicurezza gallerie ferroviarie - DOIT Napoli - 2014,appendice_2_lista_cup.pdf p. 2 | appendice_3_schede_intervento.pdf p. 4
J24H16000310001,Concorda,CDP-I,,Attivo,in corso,"Appendice 2, app2-agg2025 p. 7",A2004E,Dismissione dei contesti di esercizio obsoleti,appendice_2_lista_cup.pdf p. 7 | appendice_3_schede_intervento.pdf p. 45
J24H16000490001,Concorda,CDP-I,,Attivo,in corso,"Appendice 2, app2-agg2025 p. 11",P054,Potenziamento tecnologico e infrastrutturale impianto Gallarate,CdP_Servizi_2022-2026_AI2_Agg2024.pdf p. 58 | appendice_2_lista_cup.pdf p. 11 | appendice_3_schede_intervento.pdf p. 194 | appendice_9_elenco_opere_pnrr_e_pnc.pdf p. 2 | relazione_informativa_agg_2025_v04_clean.pdf p. 13
J24H17000530001,Concorda,CDP-I,,Attivo,in corso,"Appendice 2, app2-agg2025 p. 10",P199,Upgrading linee Friuli Venezia Giulia,appendice_2_lista_cup.pdf p. 10 | appendice_3_schede_intervento.pdf p. 110
J24H17000570001,Concorda,CDP-I,,Attivo,in corso,"Appendice 2, app2-agg2025 p. 11",P054,Velocizzazione Melzo Scalo –Treviglio,appendice_2_lista_cup.pdf p. 11 | appendice_3_schede_intervento.pdf p. 194
J24J17000020001,Concorda,CDP-I,,Attivo,in corso,"Tabella A/B, agg2025 p. 50",I173,"Elettrificazione, velocizzazione e ammodernamento linee Salerno - Mercato S.S. - Avellino - Benevento e tratta",CdP_2017-2021_Investimenti_Agg2020-2021.pdf p. 34 | CdP_2017-2021_Investimenti_Agg2020-2021.pdf p. 81 | CdP_2022-2026_Investimenti.pdf p. 50 | CdP_2022-2026_Investimenti.pdf p. 97 | CdP_2022-2026_Investimenti_Agg2024.pdf p. 43 | CdP_2022-2026_Investimenti_Agg2024.pdf p. 79
J24J23000040008,Concorda,CDP-I,,Attivo,in corso,"Tabella A/B, agg2025 p. 66",I182,Adeguamento nodo di Brescia e potenziamento collegamento Brescia-S.Zeno-Ghedi Adeguamento nodo di Brescia e potenziamento collegamento PROG PROG Brescia-S.Zeno-Ghedi,CdP_2022-2026_Investimenti_Agg2024.pdf p. 54 | CdP_2022-2026_Investimenti_Agg2024.pdf p. 75 | CdP_2022-2026_Investimenti_Agg_ 2025.pdf p. 66 | CdP_2022-2026_Investimenti_Agg_ 2025.pdf p. 89 | appendice_3_schede_intervento.pdf p. 85 | appendice_7_distribuzione_territoriale.pdf p. 24
J24J24000110001,Concorda,CDP-I,,Attivo,in corso,"Appendice 2, app2-agg2025 p. 6",A2001B,Sottosistema strutturale energetico - DOIT Reggio Calabria,appendice_2_lista_cup.pdf p. 6 | appendice_3_schede_intervento.pdf p. 33
J24J24000940002,"In corso nel contratto, assente dal file",,,,in corso,"Appendice 2, app2-agg2025 p. 14",P222,Corridoio Mediterraneo - VR,appendice_2_lista_cup.pdf p. 14 | appendice_3_schede_intervento.pdf p. 338 | relazione_informativa_agg_2025_v04_clean.pdf p. 16
J26G21004560001,Concorda,CDP-I,,Attivo,in corso,"Appendice 2, app2-agg2025 p. 14",P223,Upgr. tecn. Udine-Ronchi Legionari Nord,appendice_2_lista_cup.pdf p. 14 | appendice_3_schede_intervento.pdf p. 365
J26H10000220005,"Opera ultimata, CUP attivo in BDAP",CDP-I,,Attivo,concluso,"Opere ultimate, cdp2017 p. 181",,Interventi completamento tratta AV/AC Torino-Milano,CdP_2017-2021_Investimenti.pdf p. 181
J26I18000030001,Concorda,CDP-I,,Attivo,in corso,"Appendice 2, app2-agg2025 p. 9",P055_A,Upgrade IaP passante di Napoli,appendice_2_lista_cup.pdf p. 9 | appendice_3_schede_intervento.pdf p. 65
J26I18000040001,Concorda,CDP-I,,Attivo,in corso,"Appendice 2, app2-agg2025 p. 12",P134,Adeguamento tecnologie Passante ferroviario di Napoli,appendice_2_lista_cup.pdf p. 12 | appendice_3_schede_intervento.pdf p. 233 | relazione_informativa_agg_2025_v04_clean.pdf p. 13
J27B14000100005,Concorda,CDP-I,,Attivo,in corso,"Appendice 2, app2-agg2025 p. 11",P201,Liberazione Immobili  - DOIT Reggio Calabria - 2014,appendice_2_lista_cup.pdf p. 11 | appendice_3_schede_intervento.pdf p. 155
J27B14000190001,"Opera ultimata, CUP attivo in BDAP",CDP-I,,Attivo,concluso,"Opere ultimate, agg2025 p. 141",,"Tecnologie per la sicurezza, la circolazione e l'efficientamento",CdP_2022-2026_Investimenti_Agg_ 2025.pdf p. 141
J27B14000290001,"Servizi, non verificabile",CDP-S,,Attivo,,,,,
J27B14000300001,"Servizi, non verificabile",CDP-S,,Attivo,,,,,
J27B14000310001,"Servizi, non verificabile",CDP-S,,Attivo,,,,,
J27B14000320001,"Servizi, non verificabile",CDP-S,,Attivo,,,,,
J27B14000330001,"Servizi, non verificabile",CDP-S,,Attivo,,,,,
J27B14000340001,"Servizi, non verificabile",CDP-S,,Attivo,,,,,
J27B16000040001,"Servizi, non verificabile",CDP-S,,Attivo,,,,,
J27B16000050001,"Servizi, non verificabile",CDP-S,,Attivo,,,,,
J27B16000060001,"Servizi, non verificabile",CDP-S,,Attivo,,,,,
J27B16000070001,"Servizi, non verificabile",CDP-S,,Attivo,,,,,
J27B16000100001,"Opera ultimata, CUP attivo in BDAP",CDP-I,,Attivo,concluso,"Opere ultimate, agg2025 p. 141",,"Tecnologie per la sicurezza, la circolazione e l'efficientamento",CdP_2022-2026_Investimenti_Agg_ 2025.pdf p. 141
J27B16000180001,"Servizi, non verificabile",CDP-S,,Attivo,,,,,
J27B16000190001,"Servizi, non verificabile",CDP-S,,Attivo,,,,,
J27B16000200001,"Servizi, non verificabile",CDP-S,,Attivo,,,,,
J27B16000280001,"Opera ultimata, CUP attivo in BDAP",CDP-I,,Attivo,concluso,"Opere ultimate, agg2025 p. 135",,Sicurezza ed Obblighi di Legge,CdP_2022-2026_Investimenti_Agg_ 2025.pdf p. 135
J27B17000000001,"Servizi, non verificabile",CDP-S,,Attivo,,,,,
J27B17000010001,"Servizi, non verificabile",CDP-S,,Attivo,,,,,
J27B17000020001,"Servizi, non verificabile",CDP-S,,Attivo,,,,,
J27B17000030001,"Servizi, non verificabile",CDP-S,,Attivo,,,,,
J27B17000040001,"Servizi, non verificabile",CDP-S,,Attivo,,,,,
J27B17000050001,Concorda,CDP-I,,Attivo,in corso,"Appendice 2, app2-agg2025 p. 4",A1013A,Piano difesa della sede da fenomeni di dissesto idrogeologico - DOIT Reggio Calabria - 2017,appendice_2_lista_cup.pdf p. 4 | appendice_3_schede_intervento.pdf p. 17
J27B17000060001,"Opera ultimata, CUP attivo in BDAP",CDP-I,,Attivo,concluso,"Opere ultimate, agg2025 p. 135",,Sicurezza ed Obblighi di Legge,CdP_2022-2026_Investimenti_Agg_ 2025.pdf p. 135
J27B17000160001,Concorda,CDP-I,,Attivo,in corso,"Appendice 2, app2-agg2025 p. 11",P201,Liberazione Immobili  - DOIT Reggio Calabria - 2017,appendice_2_lista_cup.pdf p. 11 | appendice_3_schede_intervento.pdf p. 155
J27B17000400001,Concorda,CDP-I,,Attivo,in corso,"Appendice 2, app2-agg2025 p. 2",A1004A,Miglioramento sicurezza gallerie ferroviarie - DOIT Reggio Calabria - 2017,appendice_2_lista_cup.pdf p. 2 | appendice_3_schede_intervento.pdf p. 3 | relazione_informativa_agg_2025_v04_clean.pdf p. 13
J27B20000230001,"Servizi, non verificabile",CDP-S,,Attivo,,,,,
J27B20000590001,"Servizi, non verificabile",CDP-S,,Attivo,,,,,
J27B20000600001,Concorda,CDP-S,,Attivo,servizi,"Servizi, Allegato 4c, srv2026 p. 17",,Obblighi di Legge Linee Reggio Calabria - 2021,CdP_Servizi_2022-2026_AI4_Agg2026.pdf p. 17
J27B20000620001,"Servizi, non verificabile",CDP-S,,Attivo,,,,,
J27D16000000001,"Servizi, non verificabile",CDP-S,,Attivo,,,,,
J27D17000020001,"Servizi, non verificabile",CDP-S,,Attivo,,,,,
J27D17000030001,"Servizi, non verificabile",CDP-S,,Attivo,,,,,
J27D17000040001,"Servizi, non verificabile",CDP-S,,Attivo,,,,,
J27D17000050001,"Servizi, non verificabile",CDP-S,,Attivo,,,,,
J27D17000060001,"Servizi, non verificabile",CDP-S,,Attivo,,,,,
J27D17000070001,"Servizi, non verificabile",CDP-S,,Attivo,,,,,
J27D17000080001,"Servizi, non verificabile",CDP-S,,Attivo,,,,,
J27D17000090001,"Servizi, non verificabile",CDP-S,,Attivo,,,,,
J27D18000000001,"Opera ultimata, CUP attivo in BDAP",CDP-I,,Attivo,concluso,"Opere ultimate, agg2025 p. 135",,Sicurezza ed Obblighi di Legge,CdP_2022-2026_Investimenti_Agg_ 2025.pdf p. 135
J27D22000000001,Concorda,CDP-I,,Attivo,in corso,"Appendice 2, app2-agg2025 p. 4",A1013A,Piano difesa della sede da fenomeni di dissesto idrogeologico - DOIT Reggio Calabria - 2022,appendice_2_lista_cup.pdf p. 4 | appendice_3_schede_intervento.pdf p. 17
J27D22000050001,Concorda,CDP-I,,Attivo,in corso,"Appendice 2, app2-agg2025 p. 2",A1004A,Miglioramento sicurezza gallerie ferroviarie - DOIT Reggio Calabria - 2022,appendice_2_lista_cup.pdf p. 2 | appendice_3_schede_intervento.pdf p. 4
J27D22000090001,Concorda,CDP-S,,Attivo,servizi,"Servizi, Allegato 12, srv2026 p. 21",,Piano resilienza linee e impianti Sud ambito regione Campania / Calabria,CdP_Servizi_2022-2026_AI2_Agg2024.pdf p. 59 | CdP_Servizi_2022-2026_AI4_Agg2026.pdf p. 21 | appendice_9_elenco_opere_pnrr_e_pnc.pdf p. 3
J27D22000100001,"Servizi, non verificabile",CDP-S,,Attivo,,,,,
J27D22000110001,"Servizi, non verificabile",CDP-S,,Attivo,,,,,
J27D22000120001,"Servizi, non verificabile",CDP-S,,Attivo,,,,,
J27D22000130001,"Servizi, non verificabile",CDP-S,,Attivo,,,,,
J27D22000140001,Concorda,CDP-I,,Attivo,in corso,"Appendice 2, app2-agg2025 p. 7",A2004A,Tecnologie per la sicurezza settore IS - DOIT Reggio Calabria,appendice_2_lista_cup.pdf p. 7 | appendice_3_schede_intervento.pdf p. 37
J27D22000160001,Concorda,CDP-I,,Attivo,in corso,"Appendice 2, app2-agg2025 p. 14",P224,Upgrading linee merci - DOIT Reggio Calabria,appendice_2_lista_cup.pdf p. 14 | appendice_3_schede_intervento.pdf p. 374
J27D23000000001,Concorda,CDP-I,,Attivo,in corso,"Appendice 2, app2-agg2025 p. 4",A1013A,Piano difesa della sede da fenomeni di dissesto idrogeologico - DOIT Reggio Calabria - 2023,appendice_2_lista_cup.pdf p. 4 | appendice_3_schede_intervento.pdf p. 18
J27D23000020001,Concorda,CDP-I,,Attivo,in corso,"Appendice 2, app2-agg2025 p. 9",P055_A,Nuovo assetto piano del ferro stazioni Area Centro Nord,appendice_2_lista_cup.pdf p. 9 | appendice_3_schede_intervento.pdf p. 64
J27D23000040001,Concorda,CDP-I,,Attivo,in corso,"Appendice 2, app2-agg2025 p. 2",A1004A,Miglioramento sicurezza gallerie ferroviarie - DOIT Reggio Calabria - 2023,appendice_2_lista_cup.pdf p. 2 | appendice_3_schede_intervento.pdf p. 4
J27D23000070001,"Servizi, non verificabile",CDP-S,,Attivo,,,,,
J27D23000080001,"Servizi, non verificabile",CDP-S,,Attivo,,,,,
J27D23000090001,"Servizi, non verificabile",CDP-S,,Attivo,,,,,
J27D23000100001,"Servizi, non verificabile",CDP-S,,Attivo,,,,,
J27D23000110001,"Servizi, non verificabile",CDP-S,,Attivo,,,,,
J27D23000140001,"Servizi, non verificabile",CDP-S,,Attivo,,,,,
J27D23000150001,"Servizi, non verificabile",CDP-S,,Attivo,,,,,
J27D23000160001,"Servizi, non verificabile",CDP-S,,Attivo,,,,,
J27D23000170001,"Servizi, non verificabile",CDP-S,,Attivo,,,,,
J27D23000180001,"Servizi, non verificabile",CDP-S,,Attivo,,,,,
J27D24000020001,Concorda,CDP-I,,Attivo,in corso,"Appendice 2, app2-agg2025 p. 2",A1004A,Miglioramento sicurezza gallerie ferroviarie - DOIT Reggio Calabria - 2024,appendice_2_lista_cup.pdf p. 2 | appendice_3_schede_intervento.pdf p. 4
J27D24000090001,Concorda,CDP-I,,Attivo,in corso,"Appendice 2, app2-agg2025 p. 4",A1013A,AN - Mitigazione rischio idrogeologico,appendice_2_lista_cup.pdf p. 4 | appendice_3_schede_intervento.pdf p. 18
J27D24000100001,Concorda,CDP-I,,Attivo,in corso,"Appendice 2, app2-agg2025 p. 5",A1013A,Mitigazione rischio idrogeologico UT SE,appendice_2_lista_cup.pdf p. 5 | appendice_3_schede_intervento.pdf p. 18
J27D25000000001,Concorda,CDP-I,,Attivo,in corso,"Appendice 2, app2-agg2025 p. 5",A1013A,Mitigazione rischio idrogeologico UT SE,appendice_2_lista_cup.pdf p. 5 | appendice_3_schede_intervento.pdf p. 16
J27D25000010001,Concorda,CDP-I,,Attivo,in corso,"Appendice 2, app2-agg2025 p. 2",A1004A,RC - Miglioramento sicurezza in galleria,appendice_2_lista_cup.pdf p. 2 | appendice_3_schede_intervento.pdf p. 4
J27D25000110001,"Servizi, non verificabile",,CDP-S,Attivo,,,,,
J27D25000130001,"Servizi, non verificabile",,CDP-S,Attivo,,,,,
J27D25000150001,"Servizi, non verificabile",,CDP-S,Attivo,,,,,
J27D25000160001,"Servizi, non verificabile",,CDP-S,Attivo,,,,,
J27E02000010001,"Opera ultimata, assente dal file",,,,concluso,"Opere ultimate, agg2025 p. 135",,Sicurezza ed Obblighi di Legge,CdP_2022-2026_Investimenti_Agg_ 2025.pdf p. 135
J27E13000040001,"Servizi, non verificabile",CDP-S,,Attivo,,,,,
J27F14000000001,"Servizi, non verificabile",CDP-S,,Attivo,,,,,
J27F14000010001,"Servizi, non verificabile",CDP-S,,Attivo,,,,,
J27F14000020001,"Servizi, non verificabile",CDP-S,,Attivo,,,,,
J27F14000030001,"Servizi, non verificabile",CDP-S,,Attivo,,,,,
J27F14000040001,"Servizi, non verificabile",CDP-S,,Attivo,,,,,
J27F14000050001,"Servizi, non verificabile",CDP-S,,Attivo,,,,,
J27F17000230001,"Servizi, non verificabile",CDP-S,,Attivo,,,,,
J27F19000070001,Concorda,CDP-I,,Attivo,in corso,"Appendice 2, app2-agg2025 p. 2",A1004A,Miglioramento sicurezza gallerie ferroviarie - DOIT Reggio Calabria - 2019,appendice_2_lista_cup.pdf p. 2 | appendice_3_schede_intervento.pdf p. 4
J27F19000140001,"Servizi, non verificabile",CDP-S,,Attivo,,,,,
J27F19000150001,"Servizi, non verificabile",CDP-S,,Attivo,,,,,
J27F19000160001,"Servizi, non verificabile",CDP-S,,Attivo,,,,,
J27F19000200001,"Servizi, non verificabile",CDP-S,,Attivo,,,,,
J27F19000210001,"Servizi, non verificabile",CDP-S,,Attivo,,,,,
J27F20000000001,"Opera ultimata, CUP attivo in BDAP",CDP-I,,Attivo,concluso,"Opere ultimate, agg2025 p. 135",,Sicurezza ed Obblighi di Legge,CdP_2022-2026_Investimenti_Agg_ 2025.pdf p. 135
J27F20000040001,Concorda,CDP-I,,Attivo,in corso,"Appendice 2, app2-agg2025 p. 4",A1013A,Piano difesa della sede da fenomeni di dissesto idrogeologico - DOIT Reggio Calabria - 2020,appendice_2_lista_cup.pdf p. 4 | appendice_3_schede_intervento.pdf p. 17
J27F20000050001,Concorda,CDP-I,,Attivo,in corso,"Appendice 2, app2-agg2025 p. 5",A1014,Piano conservazione opere d'arte DOIT Reggio Calabria- 2020,appendice_2_lista_cup.pdf p. 5 | appendice_3_schede_intervento.pdf p. 22
J27F20000070001,"Opera ultimata, CUP attivo in BDAP",CDP-I,,Attivo,concluso,"Opere ultimate, agg2025 p. 131",,Manutenzione Straordinaria cicli fino al 2011,CdP_2017-2021_Investimenti_Agg2020-2021.pdf p. 127 | CdP_2022-2026_Investimenti_Agg2024.pdf p. 113 | CdP_2022-2026_Investimenti_Agg_ 2025.pdf p. 131
J27H21000440001,Concorda,CDP-I,,Attivo,in corso,"Appendice 2, app2-agg2025 p. 12",P134,Interventi di upgrading rete viaggiatori DOIT Napoli - 2021,appendice_2_lista_cup.pdf p. 12 | appendice_3_schede_intervento.pdf p. 233
J27H21000680001,Concorda,CDP-I,,Attivo,in corso,"Appendice 2, app2-agg2025 p. 3",A1004E,Piano sicurezza armamento DOIT Reggio Calabria - 2021,CdP_Servizi_2022-2026_AI2_Agg2024.pdf p. 58 | appendice_2_lista_cup.pdf p. 3 | appendice_3_schede_intervento.pdf p. 10 | appendice_9_elenco_opere_pnrr_e_pnc.pdf p. 3
J27H21000700001,Concorda,CDP-I,,Attivo,in corso,"Appendice 2, app2-agg2025 p. 4",A1013A,Piano difesa della sede da fenomeni di dissesto idrogeologico - DOIT Reggio Calabria - 2021,appendice_2_lista_cup.pdf p. 4 | appendice_3_schede_intervento.pdf p. 17
J27H21000710001,Concorda,CDP-I,,Attivo,in corso,"Appendice 2, app2-agg2025 p. 5",A1014,Piano conservazione opere d'arte DOIT Reggio Calabria- 2021,appendice_2_lista_cup.pdf p. 5 | appendice_3_schede_intervento.pdf p. 23
J27H21000720001,Concorda,CDP-I,,Attivo,in corso,"Appendice 2, app2-agg2025 p. 2",A1004A,Miglioramento sicurezza gallerie ferroviarie - DOIT Reggio Calabria - 2021,appendice_2_lista_cup.pdf p. 2 | appendice_3_schede_intervento.pdf p. 4
J27H21003100001,Concorda,CDP-I,,Attivo,in corso,"Appendice 2, app2-agg2025 p. 5",A1014,Piano conservazione opere d'arte DOIT Trieste- 2021,appendice_2_lista_cup.pdf p. 5 | appendice_3_schede_intervento.pdf p. 23
J27H21006150001,"Servizi, non verificabile",CDP-S,,Attivo,,,,,
J27H22000010001,Concorda,CDP-S,,Attivo,servizi,"Servizi, Allegato 4c, srv2026 p. 17",,CdP-S Infratruttura Fisica DOIT Reggio Calabria - anno 2022,CdP_Servizi_2022-2026_AI2_Agg2024.pdf p. 19 | CdP_Servizi_2022-2026_AI2_Agg2024.pdf p. 59 | CdP_Servizi_2022-2026_AI4_Agg2026.pdf p. 17 | CdP_Servizi_2022-2026_AI4_Agg2026.pdf p. 21 | appendice_9_elenco_opere_pnrr_e_pnc.pdf p. 3
J27H22000020001,"Servizi, non verificabile",CDP-S,,Attivo,,,,,
J27H22000030001,Concorda,CDP-S,,Attivo,servizi,"Servizi, Allegato 4c, srv2026 p. 17",,CdP-S Infrastruttura Energetica DOIT Reggio Calabria - anno 2022,CdP_Servizi_2022-2026_AI2_Agg2024.pdf p. 59 | CdP_Servizi_2022-2026_AI4_Agg2026.pdf p. 17 | CdP_Servizi_2022-2026_AI4_Agg2026.pdf p. 21 | appendice_9_elenco_opere_pnrr_e_pnc.pdf p. 3
J27H22000040001,Concorda,CDP-S,,Attivo,servizi,"Servizi, Allegato 4c, srv2026 p. 17",,CdP-S Infrastruttura Tecnologica DOIT Reggio Calabria - anno 2022,CdP_Servizi_2022-2026_AI4_Agg2026.pdf p. 17
J27I05000010001,"Opera ultimata, CUP attivo in BDAP",CDP-I,,Attivo,concluso,"Opere ultimate, cdp2022 p. 138",,Upgrading Tecnologico Venezia-Trieste - 1^ Fase,CdP_2022-2026_Investimenti.pdf p. 138
J27I06000050001,Concorda,CDP-I,,Attivo,in corso,"Appendice 2, app2-agg2025 p. 6",A2001B,Riconfig impianti SCMT Bologna,appendice_2_lista_cup.pdf p. 6 | appendice_3_schede_intervento.pdf p. 33
J27I06000060001,"Opera ultimata, assente dal file",,,,concluso,"Opere ultimate, agg2025 p. 141",,"Tecnologie per la sicurezza, la circolazione e l'efficientamento",CdP_2022-2026_Investimenti_Agg_ 2025.pdf p. 141
J27I06000070001,"Opera ultimata, CUP attivo in BDAP",CDP-I,,Attivo,concluso,"Opere ultimate, cdp2022 p. 138",,Migl. infrastr. linee AV/AC Napoli - ante 2011,CdP_2017-2021_Investimenti.pdf p. 177 | CdP_2022-2026_Investimenti.pdf p. 138
J27I07000000001,Concorda,CDP-I,,Attivo,in corso,"Appendice 2, app2-agg2025 p. 6",A2001B,Riconfigurazione impianti SCMT Ancona,appendice_2_lista_cup.pdf p. 6 | appendice_3_schede_intervento.pdf p. 33
J27I10000020001,Concorda,CDP-I,,Attivo,in corso,"Appendice 2, app2-agg2025 p. 10",P199,Completamento SCC Area Veneta,appendice_2_lista_cup.pdf p. 10 | appendice_3_schede_intervento.pdf p. 111
J27I10000040001,"Opera ultimata, CUP attivo in BDAP",CDP-I,,Attivo,concluso,"Opere ultimate, cdp2022 p. 138",,Accorpamento dei Posti Centrali dei sistemi di Controllo del Traffico Centralizzato (CTC),CdP_2022-2026_Investimenti.pdf p. 138
J27I11000790001,"Opera ultimata, CUP attivo in BDAP",CDP-I,,Attivo,concluso,"Opere ultimate, cdp2022 p. 139",A5000_3,Nodo di Napoli: velocizzazione itinerari AV/AC nelle stazioni,CdP_2017-2021_Investimenti.pdf p. 73 | CdP_2017-2021_Investimenti.pdf p. 169 | CdP_2017-2021_Investimenti_Agg2020-2021.pdf p. 49 | CdP_2017-2021_Investimenti_Agg2020-2021.pdf p. 120 | CdP_2022-2026_Investimenti.pdf p. 139
J27I12000000001,"Opera ultimata, CUP attivo in BDAP",CDP-I,,Attivo,concluso,"Opere ultimate, agg2025 p. 131",,Manutenzione Straordinaria cicli fino al 2011,CdP_2022-2026_Investimenti_Agg_ 2025.pdf p. 131
J27I12000060001,"Opera ultimata, CUP attivo in BDAP",CDP-I,,Attivo,concluso,"Opere ultimate, agg2021 p. 126",,Manut.Straord.Opere Dif.Infr.M.E.RC - 2012,CdP_2017-2021_Investimenti_Agg2020-2021.pdf p. 126
J27I12000070001,Concorda,CDP-I,,Attivo,in corso,"Appendice 2, app2-agg2025 p. 2",A1004A,Miglioramento sicurezza gallerie ferroviarie - DOIT Reggio Calabria - 2012,appendice_2_lista_cup.pdf p. 2 | appendice_3_schede_intervento.pdf p. 3 | relazione_informativa_agg_2025_v04_clean.pdf p. 13
J27I12000080001,"Investimenti, non nei documenti",CDP-I,,Attivo,,,,,
J27I12000090001,"Opera ultimata, CUP attivo in BDAP",CDP-I,,Attivo,concluso,"Opere ultimate, agg2025 p. 131",,Manutenzione Straordinaria cicli fino al 2011,CdP_2017-2021_Investimenti_Agg2020-2021.pdf p. 126 | CdP_2022-2026_Investimenti_Agg_ 2025.pdf p. 131
J27I12000100001,"Opera ultimata, CUP attivo in BDAP",CDP-I,,Attivo,concluso,"Opere ultimate, agg2025 p. 131",,Manutenzione Straordinaria cicli fino al 2011,CdP_2022-2026_Investimenti_Agg_ 2025.pdf p. 131
J27I12000110001,"Investimenti, non nei documenti",CDP-I,,Attivo,,,,,
J27I12000120001,"Opera ultimata, assente dal file",,,,concluso,"Opere ultimate, agg2025 p. 131",,Manutenzione Straordinaria cicli fino al 2011,CdP_2022-2026_Investimenti_Agg_ 2025.pdf p. 131
J27I12000140001,"Opera ultimata, CUP attivo in BDAP",CDP-I,,Attivo,concluso,"Opere ultimate, agg2025 p. 131",,Manutenzione Straordinaria cicli fino al 2011,CdP_2022-2026_Investimenti_Agg_ 2025.pdf p. 131
J27I12000150001,"Opera ultimata, CUP attivo in BDAP",CDP-I,,Attivo,concluso,"Opere ultimate, cdp2022 p. 138",,Infrastrutture di servizio stazioni (RC) - 2012,CdP_2022-2026_Investimenti.pdf p. 138
J27I12000160001,Concorda,CDP-I,,Attivo,in corso,"Appendice 2, app2-agg2025 p. 12",P134|P072,Nodo di Napoli: ulteriore fase di potenziamento tecnologico,CdP_2017-2021_Investimenti.pdf p. 43 | CdP_2017-2021_Investimenti.pdf p. 162 | appendice_2_lista_cup.pdf p. 12 | appendice_3_schede_intervento.pdf p. 233
J27I12000170001,Concorda,CDP-I,,Attivo,in corso,"Appendice 2, app2-agg2025 p. 12",P134|P072,ACC Napoli Centrale,CdP_2017-2021_Investimenti.pdf p. 43 | CdP_2017-2021_Investimenti.pdf p. 162 | appendice_2_lista_cup.pdf p. 12 | appendice_3_schede_intervento.pdf p. 233 | relazione_informativa_agg_2025_v04_clean.pdf p. 13
J27I12000190001,Concorda,CDP-I,,Attivo,in corso,"Appendice 2, app2-agg2025 p. 10",P074,Potenziamento e velocizzazione Messina – Palermo e Messina - Siracusa,CdP_2017-2021_Investimenti.pdf p. 49 | CdP_2017-2021_Investimenti.pdf p. 127 | appendice_2_lista_cup.pdf p. 10 | appendice_3_schede_intervento.pdf p. 152
J27I12000220001,Concorda,CDP-I,,Attivo,in corso,"Appendice 2, app2-agg2025 p. 11",P201|P072,Ripristino itinerario merci Napoli - Bari (a Foggia),CdP_2017-2021_Investimenti.pdf p. 43 | CdP_2017-2021_Investimenti.pdf p. 162 | appendice_2_lista_cup.pdf p. 11 | appendice_3_schede_intervento.pdf p. 155
J27I12000240001,"Opera ultimata, CUP attivo in BDAP",CDP-I,,Attivo,concluso,"Opere ultimate, agg2025 p. 131",,Manutenzione Straordinaria cicli fino al 2011,CdP_2017-2021_Investimenti_Agg2020-2021.pdf p. 126 | CdP_2022-2026_Investimenti.pdf p. 138 | CdP_2022-2026_Investimenti_Agg_ 2025.pdf p. 131
J27I13000000001,"Servizi, non verificabile",CDP-S,,Attivo,,,,,
J27I13000010001,"Opera ultimata, CUP attivo in BDAP",CDP-I,,Attivo,concluso,"Opere ultimate, agg2025 p. 131",,Manutenzione Straordinaria cicli fino al 2011,CdP_2017-2021_Investimenti_Agg2020-2021.pdf p. 126 | CdP_2022-2026_Investimenti_Agg_ 2025.pdf p. 131
J27I13000030001,"Servizi, non verificabile",CDP-S,,Attivo,,,,,
J27I13000040001,"Servizi, non verificabile",CDP-S,,Attivo,,,,,
J27I13000050001,"Servizi, non verificabile",CDP-S,,Attivo,,,,,
J27I17000030001,"Servizi, non verificabile",CDP-S,,Attivo,,,,,
J27I17000040001,"Servizi, non verificabile",CDP-S,,Attivo,,,,,
J27I17000050001,Concorda,CDP-I,,Attivo,in corso,"Appendice 2, app2-agg2025 p. 11",P201,Upgrading linee viaggiatori - DOIT Reggio Calabria,appendice_2_lista_cup.pdf p. 11 | appendice_3_schede_intervento.pdf p. 155 | relazione_informativa_agg_2025_v04_clean.pdf p. 13
J27I18000010001,Concorda,CDP-I,,Attivo,in corso,"Appendice 2, app2-agg2025 p. 4",A1013A,Piano difesa della sede da fenomeni di dissesto idrogeologico - DOIT Reggio Calabria - 2018,appendice_2_lista_cup.pdf p. 4 | appendice_3_schede_intervento.pdf p. 18
J27J18000160001,"Opera ultimata, CUP attivo in BDAP",CDP-I,,Attivo,concluso,"Opere ultimate, cdp2022 p. 138",,Upgrading linea Tirrenica sud - ulteriori interventi,CdP_2022-2026_Investimenti.pdf p. 138
J27J18000230001,Concorda,CDP-S,,Attivo,servizi,"Servizi, Allegato 4c, srv2026 p. 17",,Manutenzione Straordinaria Linee Reggio - 2019,CdP_Servizi_2022-2026_AI2_Agg2024.pdf p. 19 | CdP_Servizi_2022-2026_AI4_Agg2026.pdf p. 17
J27J18000240001,"Servizi, non verificabile",CDP-S,,Attivo,,,,,
J27J18000250001,"Servizi, non verificabile",CDP-S,,Attivo,,,,,
J27J18000260001,"Servizi, non verificabile",CDP-S,,Attivo,,,,,
J27J18000270001,"Servizi, non verificabile",CDP-S,,Attivo,,,,,
J27J18000290001,"Servizi, non verificabile",CDP-S,,Attivo,,,,,
J27J18000300001,"Servizi, non verificabile",CDP-S,,Attivo,,,,,
J27J18000360001,Concorda,CDP-I,,Attivo,in corso,"Appendice 2, app2-agg2025 p. 14",P224,Adeguamento prestazionale linee - DOIT Reggio Calabria,appendice_2_lista_cup.pdf p. 14 | appendice_3_schede_intervento.pdf p. 374
J27J19000010001,Concorda,CDP-I,,Attivo,in corso,"Appendice 2, app2-agg2025 p. 12",P134,Interventi upgrading rete viaggiatori DOIT Napoli - 2019,appendice_2_lista_cup.pdf p. 12 | appendice_3_schede_intervento.pdf p. 233
J27J19000050001,Concorda,CDP-I,,Attivo,in corso,"Appendice 2, app2-agg2025 p. 4",A1013A,Piano difesa della sede da fenomeni di dissesto idrogeologico - DOIT Reggio Calabria - 2019,appendice_2_lista_cup.pdf p. 4 | appendice_3_schede_intervento.pdf p. 18
J27J19000060001,"Opera ultimata, CUP attivo in BDAP",CDP-I,,Attivo,concluso,"Opere ultimate, agg2025 p. 135",,Sicurezza ed Obblighi di Legge,CdP_2022-2026_Investimenti_Agg_ 2025.pdf p. 135
J28F15000000001,"Opera ultimata, assente dal file",,,,concluso,"Opere ultimate, agg2025 p. 138",,Sviluppo infrastrutturale e upgrading,CdP_2022-2026_Investimenti_Agg_ 2025.pdf p. 138
J30B04000000001,"Opera ultimata, CUP attivo in BDAP",CDP-I,,Attivo,concluso,"Opere ultimate, agg2025 p. 141",,"Tecnologie per la sicurezza, la circolazione e l'efficientamento",CdP_2017-2021_Investimenti.pdf p. 179 | CdP_2022-2026_Investimenti.pdf p. 138 | CdP_2022-2026_Investimenti_Agg_ 2025.pdf p. 141
J31B00000240001,"Opera ultimata, assente dal file",,,,concluso,"Opere ultimate, agg2025 p. 131",,Manutenzione Straordinaria cicli fino al 2011,CdP_2022-2026_Investimenti_Agg_ 2025.pdf p. 131
J31B00000250001,"Opera ultimata, assente dal file",,,,concluso,"Opere ultimate, agg2025 p. 131",,Manutenzione Straordinaria cicli fino al 2011,CdP_2017-2021_Investimenti.pdf p. 177 | CdP_2022-2026_Investimenti_Agg_ 2025.pdf p. 131
J31B00000260001,"Opera ultimata, assente dal file",,,,concluso,"Opere ultimate, agg2025 p. 131",,Manutenzione Straordinaria cicli fino al 2011,CdP_2017-2021_Investimenti.pdf p. 177 | CdP_2022-2026_Investimenti_Agg_ 2025.pdf p. 131
J31B00000270001,"Opera ultimata, assente dal file",,,,concluso,"Opere ultimate, agg2025 p. 131",,Manutenzione Straordinaria cicli fino al 2011,CdP_2022-2026_Investimenti_Agg_ 2025.pdf p. 131
J31B01000330001,"Opera ultimata, assente dal file",,,,concluso,"Opere ultimate, agg2025 p. 131",,Manutenzione Straordinaria cicli fino al 2011,CdP_2017-2021_Investimenti.pdf p. 177 | CdP_2022-2026_Investimenti_Agg_ 2025.pdf p. 131
J31B21002470001,Concorda,CDP-I,,Attivo,in corso,"Tabella A/B, agg2025 p. 58",P249,Collegamento ferroviario aeroporto di Olbia Collegamento ferroviario aeroporto di Olbia,CdP_2022-2026_Investimenti.pdf p. 58 | CdP_2022-2026_Investimenti.pdf p. 112 | CdP_2022-2026_Investimenti_Agg2024.pdf p. 48 | CdP_2022-2026_Investimenti_Agg2024.pdf p. 91 | CdP_2022-2026_Investimenti_Agg_ 2025.pdf p. 58 | CdP_2022-2026_Investimenti_Agg_ 2025.pdf p. 107
J31B21003960001,Concorda,CDP-I,,Attivo,in corso,"Appendice 2, app2-agg2025 p. 9",P237,Hub urbani e linee metropolitane,CdP_Servizi_2022-2026_AI2_Agg2024.pdf p. 59 | appendice_2_lista_cup.pdf p. 9 | appendice_3_schede_intervento.pdf p. 67 | appendice_9_elenco_opere_pnrr_e_pnc.pdf p. 3
J31B92000010001,"Opera ultimata, assente dal file",,,,concluso,"Opere ultimate, agg2025 p. 141",,"Tecnologie per la sicurezza, la circolazione e l'efficientamento",CdP_2017-2021_Investimenti_Agg2020-2021.pdf p. 128 | CdP_2022-2026_Investimenti_Agg_ 2025.pdf p. 141
J31C04000010008,"Opera ultimata, CUP attivo in BDAP",CDP-I,,Attivo,concluso,"Opere ultimate, agg2025 p. 143",,Rete AV/AC Torino-Milano-Napoli: opere in esercizio,CdP_2017-2021_Investimenti.pdf p. 181 | CdP_2022-2026_Investimenti_Agg_ 2025.pdf p. 143
J31C05000000001,Concorda,CDP-I,,Attivo,in corso,"Appendice 2, app2-agg2025 p. 7",A2008,Realizzazione del SST-SCMT su linee afferenti tratte AV/AC,appendice_2_lista_cup.pdf p. 7 | appendice_3_schede_intervento.pdf p. 52
J31C05000010001,"Opera ultimata, assente dal file",,,,concluso,"Opere ultimate, agg2025 p. 140",,Studi di fattibilità e progettazioni,CdP_2017-2021_Investimenti.pdf p. 181 | CdP_2022-2026_Investimenti_Agg_ 2025.pdf p. 140
J31C07000010001,"Opera ultimata, CUP attivo in BDAP",CDP-I,,Attivo,concluso,"Opere ultimate, agg2025 p. 138",,Sviluppo infrastrutturale e upgrading,CdP_2017-2021_Investimenti_Agg2020-2021.pdf p. 128 | CdP_2022-2026_Investimenti_Agg_ 2025.pdf p. 138
J31C08000010002,Concorda,CDP-I,,Attivo,in corso,"Appendice 2, app2-agg2025 p. 12",P194,Costruzione stazione Reggio Calabria aeroporto,appendice_2_lista_cup.pdf p. 12 | appendice_3_schede_intervento.pdf p. 239
J31C09000010001,"Opera ultimata, CUP attivo in BDAP",CDP-I,,Attivo,concluso,"Opere ultimate, cdp2022 p. 139",0333,Collegamento diretto linea Chivasso-Aosta con la Torino-Milano (lunetta di Chivasso) ed altri interventi diffusi,CdP_2017-2021_Investimenti.pdf p. 87 | CdP_2017-2021_Investimenti.pdf p. 118 | CdP_2017-2021_Investimenti_Agg2020-2021.pdf p. 58 | CdP_2017-2021_Investimenti_Agg2020-2021.pdf p. 74 | CdP_2022-2026_Investimenti.pdf p. 139
J31D19000000001,Concorda,CDP-I,,Attivo,in corso,"Tabella A/B, agg2025 p. 58",P227,Collegamento ferroviario aeroporto di Brindisi Collegamento ferroviario aeroporto di Brindisi,CdP_2017-2021_Investimenti_Agg2020-2021.pdf p. 41 | CdP_2017-2021_Investimenti_Agg2020-2021.pdf p. 97 | CdP_2022-2026_Investimenti.pdf p. 58 | CdP_2022-2026_Investimenti.pdf p. 112 | CdP_2022-2026_Investimenti_Agg2024.pdf p. 48 | CdP_2022-2026_Investimenti_Agg2024.pdf p. 91
J31H00000080001,"Opera ultimata, assente dal file",,,,concluso,"Opere ultimate, agg2025 p. 141",,"Tecnologie per la sicurezza, la circolazione e l'efficientamento",CdP_2017-2021_Investimenti_Agg2020-2021.pdf p. 128 | CdP_2022-2026_Investimenti_Agg_ 2025.pdf p. 141
J31H00000100001,"Opera ultimata, assente dal file",,,,concluso,"Opere ultimate, agg2025 p. 131",,Manutenzione Straordinaria cicli fino al 2011,CdP_2017-2021_Investimenti.pdf p. 177 | CdP_2022-2026_Investimenti_Agg_ 2025.pdf p. 131
J31H00000100011,"Opera ultimata, assente dal file",,,,concluso,"Opere ultimate, agg2025 p. 131",,Manutenzione Straordinaria cicli fino al 2011,CdP_2017-2021_Investimenti.pdf p. 177 | CdP_2022-2026_Investimenti_Agg2024.pdf p. 113 | CdP_2022-2026_Investimenti_Agg_ 2025.pdf p. 131
J31H00000100021,"Opera ultimata, assente dal file",,,,concluso,"Opere ultimate, agg2025 p. 131",,Manutenzione Straordinaria cicli fino al 2011,CdP_2017-2021_Investimenti.pdf p. 177 | CdP_2022-2026_Investimenti_Agg_ 2025.pdf p. 131
J31H00000110001,"Opera ultimata, assente dal file",,,,concluso,"Opere ultimate, agg2025 p. 141",,"Tecnologie per la sicurezza, la circolazione e l'efficientamento",CdP_2017-2021_Investimenti_Agg2020-2021.pdf p. 128 | CdP_2022-2026_Investimenti_Agg_ 2025.pdf p. 141
J31H00000120001,"Opera ultimata, assente dal file",,,,concluso,"Opere ultimate, agg2025 p. 131",,Manutenzione Straordinaria cicli fino al 2011,CdP_2017-2021_Investimenti.pdf p. 177 | CdP_2017-2021_Investimenti_Agg2020-2021.pdf p. 126 | CdP_2022-2026_Investimenti_Agg_ 2025.pdf p. 131
J31H00000120011,"Opera ultimata, assente dal file",,,,concluso,"Opere ultimate, agg2025 p. 131",,Manutenzione Straordinaria cicli fino al 2011,CdP_2017-2021_Investimenti.pdf p. 177 | CdP_2022-2026_Investimenti_Agg_ 2025.pdf p. 131
J31H00000120021,"Opera ultimata, CUP attivo in BDAP",CDP-I,,Attivo,concluso,"Opere ultimate, agg2025 p. 131",,Manutenzione Straordinaria cicli fino al 2011,CdP_2017-2021_Investimenti.pdf p. 177 | CdP_2022-2026_Investimenti_Agg2024.pdf p. 113 | CdP_2022-2026_Investimenti_Agg_ 2025.pdf p. 131
J31H00000130001,"Opera ultimata, assente dal file",,,,concluso,"Opere ultimate, agg2025 p. 141",,"Tecnologie per la sicurezza, la circolazione e l'efficientamento",CdP_2022-2026_Investimenti_Agg_ 2025.pdf p. 141
J31H00000140001,"Opera ultimata, assente dal file",,,,concluso,"Opere ultimate, cdp2017 p. 179",,Studi e prototipi relativi ad armamento ed opere d'arte,CdP_2017-2021_Investimenti.pdf p. 179
J31H00000140011,"Opera ultimata, assente dal file",,,,concluso,"Opere ultimate, agg2025 p. 141",,"Tecnologie per la sicurezza, la circolazione e l'efficientamento",CdP_2017-2021_Investimenti_Agg2020-2021.pdf p. 128 | CdP_2022-2026_Investimenti_Agg2024.pdf p. 113 | CdP_2022-2026_Investimenti_Agg_ 2025.pdf p. 141
J31H00000140021,"Opera ultimata, assente dal file",,,,concluso,"Opere ultimate, cdp2017 p. 181",,Studi e prototipi ad energia e trazione,CdP_2017-2021_Investimenti.pdf p. 181
J31H00000150001,"Opera ultimata, assente dal file",,,,concluso,"Opere ultimate, agg2025 p. 131",,Manutenzione Straordinaria cicli fino al 2011,CdP_2017-2021_Investimenti.pdf p. 180 | CdP_2017-2021_Investimenti_Agg2020-2021.pdf p. 129 | CdP_2022-2026_Investimenti_Agg_ 2025.pdf p. 131
J31H00000170001,Concorda,CDP-I,,Chiuso,concluso,"Opere ultimate, agg2025 p. 131",,Manutenzione Straordinaria cicli fino al 2011,CdP_2017-2021_Investimenti.pdf p. 180 | CdP_2022-2026_Investimenti_Agg_ 2025.pdf p. 131
J31H00000170011,"Investimenti, non nei documenti",CDP-I,,Attivo,,,,,
J31H00000170021,Concorda,CDP-I,,Chiuso,concluso,"Opere ultimate, agg2025 p. 131",,Manutenzione Straordinaria cicli fino al 2011,CdP_2022-2026_Investimenti_Agg_ 2025.pdf p. 131
J31H00000170031,"Opera ultimata, assente dal file",,,,concluso,"Opere ultimate, agg2025 p. 131",,Manutenzione Straordinaria cicli fino al 2011,CdP_2022-2026_Investimenti_Agg_ 2025.pdf p. 131
J31H00000170041,"Opera ultimata, assente dal file",,,,concluso,"Opere ultimate, agg2025 p. 131",,Manutenzione Straordinaria cicli fino al 2011,CdP_2017-2021_Investimenti_Agg2020-2021.pdf p. 129 | CdP_2022-2026_Investimenti_Agg_ 2025.pdf p. 131
J31H00000170051,"Opera ultimata, CUP attivo in BDAP",CDP-I,,Attivo,concluso,"Opere ultimate, agg2025 p. 131",,Manutenzione Straordinaria cicli fino al 2011,CdP_2022-2026_Investimenti_Agg_ 2025.pdf p. 131
J31H00000170061,"Opera ultimata, CUP attivo in BDAP",CDP-I,,Attivo,concluso,"Opere ultimate, agg2025 p. 131",,Manutenzione Straordinaria cicli fino al 2011,CdP_2017-2021_Investimenti.pdf p. 180 | CdP_2022-2026_Investimenti_Agg_ 2025.pdf p. 131
J31H00000170071,"Opera ultimata, assente dal file",,,,concluso,"Opere ultimate, cdp2017 p. 180",,Manut. straord. Stabilimento di PA,CdP_2017-2021_Investimenti.pdf p. 180
J31H00000170081,"Opera ultimata, assente dal file",,,,concluso,"Opere ultimate, cdp2017 p. 180",,Manut. straord. Stabilimento di BA,CdP_2017-2021_Investimenti.pdf p. 180
J31H00000170091,"Opera ultimata, assente dal file",,,,concluso,"Opere ultimate, agg2025 p. 131",,Manutenzione Straordinaria cicli fino al 2011,CdP_2022-2026_Investimenti_Agg_ 2025.pdf p. 131
J31H00000170101,"Opera ultimata, assente dal file",,,,concluso,"Opere ultimate, agg2025 p. 131",,Manutenzione Straordinaria cicli fino al 2011,CdP_2022-2026_Investimenti_Agg_ 2025.pdf p. 131
J31H00000170111,"Opera ultimata, CUP attivo in BDAP",CDP-I,,Attivo,concluso,"Opere ultimate, agg2025 p. 131",,Manutenzione Straordinaria cicli fino al 2011,CdP_2022-2026_Investimenti_Agg2023.pdf p. 37 | CdP_2022-2026_Investimenti_Agg_ 2025.pdf p. 131
J31H00000170121,"Opera ultimata, CUP attivo in BDAP",CDP-I,,Attivo,concluso,"Opere ultimate, agg2025 p. 131",,Manutenzione Straordinaria cicli fino al 2011,CdP_2022-2026_Investimenti_Agg_ 2025.pdf p. 131
J31H00000170141,Concorda,CDP-I,,Chiuso,concluso,"Opere ultimate, agg2025 p. 131",,Manutenzione Straordinaria cicli fino al 2011,CdP_2022-2026_Investimenti_Agg_ 2025.pdf p. 131
J31H00000180011,"Opera ultimata, CUP attivo in BDAP",CDP-I,,Attivo,concluso,"Opere ultimate, agg2025 p. 139",,Impianti industriali e terminali viaggiatori e merci,CdP_2022-2026_Investimenti_Agg2024.pdf p. 113 | CdP_2022-2026_Investimenti_Agg_ 2025.pdf p. 139
J31H00000180021,"Opera ultimata, assente dal file",,,,concluso,"Opere ultimate, agg2025 p. 139",,Impianti industriali e terminali viaggiatori e merci,CdP_2017-2021_Investimenti_Agg2020-2021.pdf p. 129 | CdP_2022-2026_Investimenti_Agg_ 2025.pdf p. 139
J31H00000180051,Concorda,CDP-I,,Chiuso,concluso,"Opere ultimate, cdp2017 p. 180",,Interventi di potenziamento e razionalizzazione scali merci - Reggio Calabria,CdP_2017-2021_Investimenti.pdf p. 180
J31H00000180061,Concorda,CDP-I,,Chiuso,concluso,"Opere ultimate, agg2025 p. 139",,Impianti industriali e terminali viaggiatori e merci,CdP_2017-2021_Investimenti_Agg2020-2021.pdf p. 129 | CdP_2022-2026_Investimenti_Agg_ 2025.pdf p. 139
J31H00000180081,"Opera ultimata, assente dal file",,,,concluso,"Opere ultimate, agg2025 p. 139",,Impianti industriali e terminali viaggiatori e merci,CdP_2022-2026_Investimenti_Agg_ 2025.pdf p. 139
J31H01000080001,"Opera ultimata, CUP attivo in BDAP",CDP-I,,Attivo,concluso,"Opere ultimate, agg2025 p. 138",,Sviluppo infrastrutturale e upgrading,CdP_2017-2021_Investimenti.pdf p. 180 | CdP_2022-2026_Investimenti_Agg_ 2025.pdf p. 138
J31H01000120001,"Opera ultimata, assente dal file",,,,concluso,"Opere ultimate, agg2025 p. 141",,"Tecnologie per la sicurezza, la circolazione e l'efficientamento",CdP_2017-2021_Investimenti_Agg2020-2021.pdf p. 128 | CdP_2022-2026_Investimenti_Agg_ 2025.pdf p. 141
J31H01000130001,"Opera ultimata, assente dal file",,,,concluso,"Opere ultimate, agg2025 p. 139",,Impianti industriali e terminali viaggiatori e merci,CdP_2022-2026_Investimenti_Agg_ 2025.pdf p. 139
J31H01000140001,"Opera ultimata, CUP attivo in BDAP",CDP-I,,Attivo,concluso,"Opere ultimate, agg2025 p. 131",,Manutenzione Straordinaria cicli fino al 2011,CdP_2017-2021_Investimenti.pdf p. 177 | CdP_2017-2021_Investimenti_Agg2020-2021.pdf p. 126 | CdP_2022-2026_Investimenti_Agg2023.pdf p. 37 | CdP_2022-2026_Investimenti_Agg_ 2025.pdf p. 131
J31H01000140011,"Opera ultimata, assente dal file",,,,concluso,"Opere ultimate, agg2025 p. 131",,Manutenzione Straordinaria cicli fino al 2011,CdP_2017-2021_Investimenti.pdf p. 177 | CdP_2022-2026_Investimenti_Agg_ 2025.pdf p. 131
J31H01000140021,"Opera ultimata, assente dal file",,,,concluso,"Opere ultimate, agg2025 p. 131",,Manutenzione Straordinaria cicli fino al 2011,CdP_2022-2026_Investimenti_Agg_ 2025.pdf p. 131
J31H01000140031,"Opera ultimata, CUP attivo in BDAP",CDP-I,,Attivo,concluso,"Opere ultimate, agg2025 p. 131",,Manutenzione Straordinaria cicli fino al 2011,CdP_2017-2021_Investimenti.pdf p. 177 | CdP_2022-2026_Investimenti_Agg_ 2025.pdf p. 131
J31H01000150001,"Opera ultimata, assente dal file",,,,concluso,"Opere ultimate, agg2025 p. 141",,"Tecnologie per la sicurezza, la circolazione e l'efficientamento",CdP_2017-2021_Investimenti_Agg2020-2021.pdf p. 128 | CdP_2022-2026_Investimenti_Agg_ 2025.pdf p. 141
J31H01000160001,"Opera ultimata, assente dal file",,,,concluso,"Opere ultimate, agg2025 p. 132",,Manutenzione Straordinaria cicli fino al 2011,CdP_2022-2026_Investimenti_Agg_ 2025.pdf p. 132
J31H01000170001,Concorda,CDP-I,,Chiuso,concluso,"Opere ultimate, agg2025 p. 132",,Manutenzione Straordinaria cicli fino al 2011,CdP_2017-2021_Investimenti_Agg2020-2021.pdf p. 126 | CdP_2022-2026_Investimenti_Agg_ 2025.pdf p. 132
J31H01000170011,"Opera ultimata, CUP attivo in BDAP",CDP-I,,Attivo,concluso,"Opere ultimate, cdp2022 p. 138",,Manutenzione Strordinaria settore TE lotto C - Napoli,CdP_2017-2021_Investimenti.pdf p. 177 | CdP_2022-2026_Investimenti.pdf p. 138
J31H01000170021,Concorda,CDP-I,,Chiuso,concluso,"Opere ultimate, agg2025 p. 136",,Sicurezza ed Obblighi di Legge,CdP_2017-2021_Investimenti.pdf p. 177 | CdP_2022-2026_Investimenti_Agg_ 2025.pdf p. 136
J31H01000180001,"Opera ultimata, assente dal file",,,,concluso,"Opere ultimate, agg2021 p. 128",,1054-Rete radio GSM-R (1^ fase),CdP_2017-2021_Investimenti.pdf p. 179 | CdP_2017-2021_Investimenti_Agg2020-2021.pdf p. 128
J31H01000190001,"In corso nel contratto, assente dal file",,,,in corso,"Appendice 2, app2-agg2025 p. 2",A1004B,Progettazione Piano di Risanamento Acustico,appendice_2_lista_cup.pdf p. 2 | appendice_3_schede_intervento.pdf p. 6
J31H01000200001,"Opera ultimata, assente dal file",,,,concluso,"Opere ultimate, agg2025 p. 136",,Sicurezza ed Obblighi di Legge,CdP_2022-2026_Investimenti_Agg_ 2025.pdf p. 136
J31H01000210001,"Opera ultimata, assente dal file",,,,concluso,"Opere ultimate, agg2025 p. 141",,"Tecnologie per la sicurezza, la circolazione e l'efficientamento",CdP_2017-2021_Investimenti_Agg2020-2021.pdf p. 128 | CdP_2022-2026_Investimenti_Agg_ 2025.pdf p. 141
J31H01000230001,"Opera ultimata, CUP attivo in BDAP",CDP-I,,Attivo,concluso,"Opere ultimate, agg2025 p. 141",,"Tecnologie per la sicurezza, la circolazione e l'efficientamento",CdP_2022-2026_Investimenti_Agg2024.pdf p. 113 | CdP_2022-2026_Investimenti_Agg_ 2025.pdf p. 141
J31H01000250001,"Opera ultimata, assente dal file",,,,concluso,"Opere ultimate, agg2025 p. 141",,"Tecnologie per la sicurezza, la circolazione e l'efficientamento",CdP_2022-2026_Investimenti_Agg_ 2025.pdf p. 141
J31H02000040001,Concorda,CDP-I,,Attivo,in corso,"Appendice 2, app2-agg2025 p. 7",A2004B,Piano sistemi di Rilevazione Termica Boccole (RTB) e Rilevazione Ruote Frenate (RRF) Piano sistemi di Rilevazione Termica Boccole (RTB) e Rilevazione Ruote Frenate (RRF)-Piano per la sicurezza della circolazione,appendice_2_lista_cup.pdf p. 7 | appendice_3_schede_intervento.pdf p. 39
J31H02000050001,"Opera ultimata, assente dal file",,,,concluso,"Opere ultimate, agg2025 p. 139",,Impianti industriali e terminali viaggiatori e merci,CdP_2022-2026_Investimenti_Agg_ 2025.pdf p. 139
J31H02000060008,"Opera ultimata, CUP attivo in BDAP",CDP-I,,Attivo,concluso,"Opere ultimate, cdp2022 p. 138",,Piano di attrezzaggio della rete con sistemi di telecomunicazione GSM-R,CdP_2022-2026_Investimenti.pdf p. 138
J31H02000070001,Concorda,CDP-I,,Chiuso,concluso,"Opere ultimate, agg2025 p. 141",,"Tecnologie per la sicurezza, la circolazione e l'efficientamento",CdP_2022-2026_Investimenti_Agg_ 2025.pdf p. 141
J31H02000080001,"Opera ultimata, assente dal file",,,,concluso,"Opere ultimate, agg2023 p. 37",,Rete FS in fibra ottica,CdP_2022-2026_Investimenti_Agg2023.pdf p. 37
J31H02000090001,"Opera ultimata, assente dal file",,,,concluso,"Opere ultimate, cdp2017 p. 179",,Misuratore velocità treno,CdP_2017-2021_Investimenti.pdf p. 179
J31H02000100001,"Opera ultimata, CUP attivo in BDAP",CDP-I,,Attivo,concluso,"Opere ultimate, agg2025 p. 139",A1007,Impianti industriali e terminali viaggiatori e merci,CdP_2017-2021_Investimenti.pdf p. 39 | CdP_2017-2021_Investimenti.pdf p. 138 | CdP_2017-2021_Investimenti_Agg2020-2021.pdf p. 129 | CdP_2022-2026_Investimenti_Agg_ 2025.pdf p. 139
J31H03000140001,"Opera ultimata, assente dal file",,,,concluso,"Opere ultimate, agg2025 p. 138",,Sviluppo infrastrutturale e upgrading,CdP_2017-2021_Investimenti.pdf p. 180 | CdP_2022-2026_Investimenti_Agg_ 2025.pdf p. 138
J31H03000150008,Concorda,CDP-I,,Attivo,in corso,"Appendice 2, app2-agg2025 p. 11",P053,PRG e ACC di Roma Tuscolana e Roma Casilina,appendice_2_lista_cup.pdf p. 11 | appendice_3_schede_intervento.pdf p. 228
J31H03000160001,"Opera ultimata, assente dal file",,,,concluso,"Opere ultimate, agg2025 p. 140",,Studi di fattibilità e progettazioni,CdP_2022-2026_Investimenti_Agg_ 2025.pdf p. 140
J31H03000170008,"Opera ultimata, CUP attivo in BDAP",CDP-I,,Attivo,concluso,"Opere ultimate, agg2025 p. 139",,Impianti industriali e terminali viaggiatori e merci,CdP_2017-2021_Investimenti_Agg2020-2021.pdf p. 129 | CdP_2022-2026_Investimenti_Agg_ 2025.pdf p. 139
J31H03000180008,Concorda,CDP-I,,Attivo,in corso,"Tabella A/B, agg2025 p. 68",0258_A|P106,Chiusura anello ferroviario di Roma Chiusura anello di Roma lotto 1A Raddoppio Valle Aurelia - Vigna Clara Chiusura anello di Roma lotto 1B Vigna Clara - Tor di Quinto ITER Chiusura anello di Roma lotto 2 Tor di Quinto - Val d'Ala PROG PROG Chiusura anello di Roma lotto 3 Collegamenti con linee Tirrenica e PROG PROG Roma-Firenze,CdP_2017-2021_Investimenti.pdf p. 77 | CdP_2017-2021_Investimenti.pdf p. 104 | CdP_2017-2021_Investimenti.pdf p. 132 | CdP_2017-2021_Investimenti.pdf p. 153 | CdP_2017-2021_Investimenti_Agg2020-2021.pdf p. 51 | CdP_2017-2021_Investimenti_Agg2020-2021.pdf p. 65
J31H03000190001,Concorda,CDP-I,,Attivo,in corso,"Tabella A/B, agg2025 p. 68",0260,Raddoppio Lunghezza-Guidonia Raddoppio Lunghezza-Guidonia 1^ fase (Lunghezza-Bagni di Tivoli) Raddoppio Lunghezza-Guidonia 2^ fase (Bagni di Tivoli - Guidonia) PROG ITER,CdP_2017-2021_Investimenti.pdf p. 53 | CdP_2017-2021_Investimenti.pdf p. 132 | CdP_2017-2021_Investimenti_Agg2020-2021.pdf p. 37 | CdP_2017-2021_Investimenti_Agg2020-2021.pdf p. 87 | CdP_2022-2026_Investimenti.pdf p. 54 | CdP_2022-2026_Investimenti.pdf p. 103
J31H03000210008,Concorda,CDP-I,,Attivo,in corso,"Tabella A/B, agg2025 p. 78",0277,Potenziamento Seregno-Bergamo Potenziamento Seregno-Bergamo (gronda est di Milano) PROG PROG,CdP_2017-2021_Investimenti.pdf p. 92 | CdP_2017-2021_Investimenti.pdf p. 145 | CdP_2017-2021_Investimenti_Agg2020-2021.pdf p. 64 | CdP_2017-2021_Investimenti_Agg2020-2021.pdf p. 100 | CdP_2022-2026_Investimenti.pdf p. 79 | CdP_2022-2026_Investimenti.pdf p. 114
J31H03000220008,"Opera ultimata, CUP attivo in BDAP",CDP-I,,Attivo,concluso,"Opere ultimate, agg2025 p. 138",,Sviluppo infrastrutturale e upgrading,CdP_2022-2026_Investimenti.pdf p. 139 | CdP_2022-2026_Investimenti_Agg2023.pdf p. 38 | CdP_2022-2026_Investimenti_Agg_ 2025.pdf p. 138
J31H03000260001,"Opera ultimata, assente dal file",,,,concluso,"Opere ultimate, agg2025 p. 132",,Manutenzione Straordinaria cicli fino al 2011,CdP_2017-2021_Investimenti.pdf p. 179 | CdP_2017-2021_Investimenti_Agg2020-2021.pdf p. 128 | CdP_2022-2026_Investimenti_Agg_ 2025.pdf p. 132
J31H03000290001,"Opera ultimata, assente dal file",,,,concluso,"Opere ultimate, agg2025 p. 138",,Sviluppo infrastrutturale e upgrading,CdP_2022-2026_Investimenti_Agg_ 2025.pdf p. 138
J31H03000300001,"Opera ultimata, assente dal file",,,,concluso,"Opere ultimate, agg2025 p. 141",,"Tecnologie per la sicurezza, la circolazione e l'efficientamento",CdP_2017-2021_Investimenti_Agg2020-2021.pdf p. 128 | CdP_2022-2026_Investimenti_Agg_ 2025.pdf p. 141
J31H03000320001,Concorda,CDP-I,,Attivo,in corso,"Appendice 2, app2-agg2025 p. 7",A2009,Piano impianti integrati di security,appendice_2_lista_cup.pdf p. 7 | appendice_3_schede_intervento.pdf p. 54
J31H03000340001,Concorda,CDP-I,,Attivo,in corso,"Appendice 2, app2-agg2025 p. 6",A2004A,Sistema di Controllo Marcia Treno (SCMT)-nuove sperimentazioni,appendice_2_lista_cup.pdf p. 6 | appendice_3_schede_intervento.pdf p. 36
J31H03000350001,"Opera ultimata, assente dal file",,,,concluso,"Opere ultimate, agg2025 p. 140",,Studi di fattibilità e progettazioni,CdP_2017-2021_Investimenti.pdf p. 181 | CdP_2017-2021_Investimenti_Agg2020-2021.pdf p. 129 | CdP_2022-2026_Investimenti_Agg_ 2025.pdf p. 140
J31H03000360001,"Opera ultimata, CUP attivo in BDAP",CDP-I,,Attivo,concluso,"Opere ultimate, agg2024 p. 113",,Migl.Sist.diagn.e gest.dati per Man.Infr - ante 2011,CdP_2017-2021_Investimenti.pdf p. 179 | CdP_2017-2021_Investimenti_Agg2020-2021.pdf p. 128 | CdP_2022-2026_Investimenti_Agg2023.pdf p. 37 | CdP_2022-2026_Investimenti_Agg2024.pdf p. 113
J31H03000380001,"Opera ultimata, assente dal file",,,,concluso,"Opere ultimate, agg2025 p. 141",,"Tecnologie per la sicurezza, la circolazione e l'efficientamento",CdP_2017-2021_Investimenti.pdf p. 179 | CdP_2022-2026_Investimenti_Agg2023.pdf p. 37 | CdP_2022-2026_Investimenti_Agg_ 2025.pdf p. 141
J31H03000400001,"Opera ultimata, assente dal file",,,,concluso,"Opere ultimate, agg2025 p. 141",,"Tecnologie per la sicurezza, la circolazione e l'efficientamento",CdP_2022-2026_Investimenti_Agg_ 2025.pdf p. 141
J31H03000430001,"Opera ultimata, CUP attivo in BDAP",CDP-I,,Attivo,concluso,"Opere ultimate, cdp2017 p. 180",,Potenziamento Linea Chivasso-Aosta-Pré St. Didier,CdP_2017-2021_Investimenti.pdf p. 180
J31H03000440001,"Opera ultimata, CUP attivo in BDAP",CDP-I,,Attivo,concluso,"Opere ultimate, agg2025 p. 140",,Studi di fattibilità e progettazioni,CdP_2017-2021_Investimenti.pdf p. 181 | CdP_2022-2026_Investimenti_Agg2024.pdf p. 113 | CdP_2022-2026_Investimenti_Agg_ 2025.pdf p. 140
J31H03000450001,"Opera ultimata, assente dal file",,,,concluso,"Opere ultimate, agg2025 p. 141",,"Tecnologie per la sicurezza, la circolazione e l'efficientamento",CdP_2017-2021_Investimenti_Agg2020-2021.pdf p. 128 | CdP_2022-2026_Investimenti_Agg_ 2025.pdf p. 141
J31H03000460001,"Opera ultimata, CUP attivo in BDAP",CDP-I,,Attivo,concluso,"Opere ultimate, agg2021 p. 129",A1007,Riqualificazione Medie Stazioni,CdP_2017-2021_Investimenti.pdf p. 39 | CdP_2017-2021_Investimenti.pdf p. 138 | CdP_2017-2021_Investimenti_Agg2020-2021.pdf p. 129
J31H03000490001,"Opera ultimata, assente dal file",,,,concluso,"Opere ultimate, agg2025 p. 141",,"Tecnologie per la sicurezza, la circolazione e l'efficientamento",CdP_2022-2026_Investimenti_Agg_ 2025.pdf p. 141
J31H03000510001,Concorda,CDP-I,,Attivo,in corso,"Appendice 2, app2-agg2025 p. 12",NA026|0265,Raddoppio Laveno-Luino,CdP_2017-2021_Investimenti.pdf p. 102 | CdP_2017-2021_Investimenti.pdf p. 145 | appendice_2_lista_cup.pdf p. 12 | appendice_3_schede_intervento.pdf p. 481
J31H03000520001,"Opera ultimata, CUP attivo in BDAP",CDP-I,,Attivo,concluso,"Opere ultimate, agg2023 p. 38",0266,Quadruplicamento Chiasso-Monza,CdP_2017-2021_Investimenti.pdf p. 92 | CdP_2017-2021_Investimenti.pdf p. 145 | CdP_2017-2021_Investimenti_Agg2020-2021.pdf p. 64 | CdP_2017-2021_Investimenti_Agg2020-2021.pdf p. 100 | CdP_2022-2026_Investimenti.pdf p. 79 | CdP_2022-2026_Investimenti.pdf p. 114
J31H03000530001,"Opera ultimata, CUP attivo in BDAP",CDP-I,,Attivo,concluso,"Opere ultimate, cdp2022 p. 139",0267,Nuovo collegamento Arcisate - Stabio,CdP_2017-2021_Investimenti.pdf p. 45 | CdP_2017-2021_Investimenti.pdf p. 119 | CdP_2017-2021_Investimenti_Agg2020-2021.pdf p. 31 | CdP_2017-2021_Investimenti_Agg2020-2021.pdf p. 74 | CdP_2022-2026_Investimenti.pdf p. 139 | appendice_1_delibere_cipess_per_progetto.pdf p. 2
J31H04000000001,"Opera ultimata, assente dal file",,,,concluso,"Opere ultimate, agg2021 p. 128",,GSM-R Attrezzaggio Radio in Galleria,CdP_2017-2021_Investimenti_Agg2020-2021.pdf p. 128
J31H04000100001,Concorda,CDP-I,,Chiuso,concluso,"Opere ultimate, agg2025 p. 141",,"Tecnologie per la sicurezza, la circolazione e l'efficientamento",CdP_2017-2021_Investimenti.pdf p. 179 | CdP_2022-2026_Investimenti_Agg2023.pdf p. 37 | CdP_2022-2026_Investimenti_Agg_ 2025.pdf p. 141
J31H92000000008,"Investimenti, non nei documenti",CDP-I,,Chiuso,,,,,
J31H92000010001,Concorda,CDP-I,,Chiuso,concluso,"Opere ultimate, cdp2017 p. 180",,Sistemazione P.R.G. Milano Rogoredo,CdP_2017-2021_Investimenti.pdf p. 180
J31H92000020001,"Opera ultimata, assente dal file",,,,concluso,"Opere ultimate, agg2025 p. 138",,Sviluppo infrastrutturale e upgrading,CdP_2022-2026_Investimenti_Agg_ 2025.pdf p. 138
J31H92000040001,"Opera ultimata, assente dal file",,,,concluso,"Opere ultimate, agg2021 p. 128",,Realiz.Nuovo Coll.Porto-Civit.,CdP_2017-2021_Investimenti_Agg2020-2021.pdf p. 128
J31H92000050021,"Opera ultimata, assente dal file",,,,concluso,"Opere ultimate, agg2025 p. 141",,"Tecnologie per la sicurezza, la circolazione e l'efficientamento",CdP_2022-2026_Investimenti_Agg_ 2025.pdf p. 141
J31H92000050101,"Opera ultimata, assente dal file",,,,concluso,"Opere ultimate, agg2025 p. 141",,"Tecnologie per la sicurezza, la circolazione e l'efficientamento",CdP_2022-2026_Investimenti_Agg_ 2025.pdf p. 141
J31H92000050221,"Opera ultimata, assente dal file",,,,concluso,"Opere ultimate, agg2025 p. 141",,"Tecnologie per la sicurezza, la circolazione e l'efficientamento",CdP_2017-2021_Investimenti_Agg2020-2021.pdf p. 128 | CdP_2022-2026_Investimenti_Agg_ 2025.pdf p. 141
J31H92000050231,Concorda,CDP-I,,Chiuso,concluso,"Opere ultimate, agg2025 p. 141",,"Tecnologie per la sicurezza, la circolazione e l'efficientamento",CdP_2017-2021_Investimenti_Agg2020-2021.pdf p. 128 | CdP_2022-2026_Investimenti_Agg_ 2025.pdf p. 141
J31H92000050241,"Opera ultimata, assente dal file",,,,concluso,"Opere ultimate, agg2025 p. 140",,Studi di fattibilità e progettazioni,CdP_2017-2021_Investimenti_Agg2020-2021.pdf p. 129 | CdP_2022-2026_Investimenti_Agg_ 2025.pdf p. 140
J31H92000050311,"In corso nel contratto, assente dal file",,,,in corso,"Appendice 2, app2-agg2025 p. 7",A2008,"Studi, sperimentazioni e strumenti di certificazione e misura",appendice_2_lista_cup.pdf p. 7 | appendice_3_schede_intervento.pdf p. 52
J31H92000050401,"Opera ultimata, assente dal file",,,,concluso,"Opere ultimate, agg2025 p. 140",,Studi di fattibilità e progettazioni,CdP_2022-2026_Investimenti_Agg2023.pdf p. 38 | CdP_2022-2026_Investimenti_Agg_ 2025.pdf p. 140
J31H92000050411,"Opera ultimata, assente dal file",,,,concluso,"Opere ultimate, agg2025 p. 140",,Studi di fattibilità e progettazioni,CdP_2022-2026_Investimenti_Agg_ 2025.pdf p. 140
J31H92000050421,"In corso nel contratto, assente dal file",,,,in corso,"Appendice 2, app2-agg2025 p. 7",A2008,Studi e prototipi di componenti per sistemi di sicurezza,appendice_2_lista_cup.pdf p. 7 | appendice_3_schede_intervento.pdf p. 52
J31H93000000008,"Opera ultimata, CUP attivo in BDAP",CDP-I,,Attivo,concluso,"Opere ultimate, cdp2017 p. 180",,Quadruplicamento Milano-Venezia nel tratto Lambrate-Treviglio,CdP_2017-2021_Investimenti.pdf p. 180
J31H93000010011,"Opera ultimata, CUP attivo in BDAP",CDP-I,,Attivo,concluso,"Opere ultimate, cdp2017 p. 177",,Soppressione P.L. - Bari,CdP_2017-2021_Investimenti.pdf p. 177
J31H93000010041,"Opera ultimata, assente dal file",,,,concluso,"Opere ultimate, agg2025 p. 136",,Sicurezza ed Obblighi di Legge,CdP_2022-2026_Investimenti_Agg_ 2025.pdf p. 136
J31H93000010051,"Opera ultimata, CUP attivo in BDAP",CDP-I,,Attivo,concluso,"Opere ultimate, cdp2017 p. 177",,Soppressione P.L. - Cagliari,CdP_2017-2021_Investimenti.pdf p. 177
J31H93000010061,"Opera ultimata, assente dal file",,,,concluso,"Opere ultimate, agg2025 p. 136",,Sicurezza ed Obblighi di Legge,CdP_2022-2026_Investimenti_Agg_ 2025.pdf p. 136
J31H93000010071,"Opera ultimata, assente dal file",,,,concluso,"Opere ultimate, agg2025 p. 136",,Sicurezza ed Obblighi di Legge,CdP_2022-2026_Investimenti_Agg_ 2025.pdf p. 136
J31H93000010081,"Opera ultimata, assente dal file",,,,concluso,"Opere ultimate, agg2025 p. 132",,Manutenzione Straordinaria cicli fino al 2011,CdP_2017-2021_Investimenti.pdf p. 177 | CdP_2017-2021_Investimenti_Agg2020-2021.pdf p. 127 | CdP_2022-2026_Investimenti_Agg_ 2025.pdf p. 132
J31H93000010111,"Opera ultimata, assente dal file",,,,concluso,"Opere ultimate, cdp2017 p. 177",,Soppressione P.L. - Palermo,CdP_2017-2021_Investimenti.pdf p. 177
J31H93000010151,"Opera ultimata, assente dal file",,,,concluso,"Opere ultimate, agg2023 p. 37",,Soppressione P.L. - Ancona,CdP_2022-2026_Investimenti_Agg2023.pdf p. 37
J31H93000010161,"Opera ultimata, assente dal file",,,,concluso,"Opere ultimate, agg2021 p. 127",,Soppressione P.L. - Palermo,CdP_2017-2021_Investimenti_Agg2020-2021.pdf p. 127
J31H94000000001,"Opera ultimata, CUP attivo in BDAP",CDP-I,,Attivo,concluso,"Opere ultimate, cdp2017 p. 180",,P.R.G. e ACEI Roma Termini,CdP_2017-2021_Investimenti.pdf p. 180
J31H94000010001,"Opera ultimata, CUP attivo in BDAP",CDP-I,,Attivo,concluso,"Opere ultimate, agg2025 p. 138",,Sviluppo infrastrutturale e upgrading,CdP_2022-2026_Investimenti_Agg_ 2025.pdf p. 138
J31H95000000001,"Opera ultimata, CUP attivo in BDAP",CDP-I,,Attivo,concluso,"Opere ultimate, cdp2017 p. 180",,Passante Milanese,CdP_2017-2021_Investimenti.pdf p. 180
J31H95000010008,"Opera ultimata, CUP attivo in BDAP",CDP-I,,Attivo,concluso,"Opere ultimate, cdp2017 p. 180",,Potenziamento infrastrutturale Milano-Lecco,CdP_2017-2021_Investimenti.pdf p. 180
J31H95000020001,"Opera ultimata, assente dal file",,,,concluso,"Opere ultimate, agg2025 p. 139",,Impianti industriali e terminali viaggiatori e merci,CdP_2022-2026_Investimenti_Agg_ 2025.pdf p. 139
J31H96000000001,Concorda,CDP-I,,Chiuso,concluso,"Opere ultimate, agg2025 p. 139",,Impianti industriali e terminali viaggiatori e merci,CdP_2022-2026_Investimenti_Agg_ 2025.pdf p. 139
J31H96000000011,Concorda,CDP-I,,Attivo,in corso,"Tabella A/B, agg2025 p. 68",P260,Potenziamento Capannelle-Ciampino Quadruplicamento Capannelle-Ciampino e PRG Ciampino,CdP_2022-2026_Investimenti.pdf p. 69 | CdP_2022-2026_Investimenti.pdf p. 103 | CdP_2022-2026_Investimenti_Agg2024.pdf p. 56 | CdP_2022-2026_Investimenti_Agg2024.pdf p. 86 | CdP_2022-2026_Investimenti_Agg_ 2025.pdf p. 68 | CdP_2022-2026_Investimenti_Agg_ 2025.pdf p. 102
J31H96000000021,Concorda,CDP-I,,Attivo,in corso,"Tabella A/B, agg2025 p. 78",0307A|0307B,Roma-Pescara - ulteriore fasi Raddoppio Interporto d'Abruzzo-Chieti-Pescara PROG ITER,CdP_2017-2021_Investimenti.pdf p. 85 | CdP_2017-2021_Investimenti.pdf p. 94 | CdP_2017-2021_Investimenti.pdf p. 159 | CdP_2017-2021_Investimenti_Agg2020-2021.pdf p. 57 | CdP_2017-2021_Investimenti_Agg2020-2021.pdf p. 111 | CdP_2022-2026_Investimenti.pdf p. 74
J31H96000000031,Concorda,CDP-I,,Attivo,in corso,"Tabella A/B, agg2025 p. 74",0290,Nuova linea Passo Corese-Rieti Nuova linea Passo Corese-Rieti PROG PROG,CdP_2017-2021_Investimenti.pdf p. 97 | CdP_2017-2021_Investimenti.pdf p. 124 | CdP_2017-2021_Investimenti_Agg2020-2021.pdf p. 58 | CdP_2017-2021_Investimenti_Agg2020-2021.pdf p. 78 | CdP_2022-2026_Investimenti.pdf p. 75 | CdP_2022-2026_Investimenti.pdf p. 94
J31H96000010008,"Opera ultimata, CUP attivo in BDAP",CDP-I,,Attivo,concluso,"Opere ultimate, cdp2017 p. 180",,Potenziamento tratto urbano linea Roma-Viterbo,CdP_2017-2021_Investimenti.pdf p. 180
J31H96000020001,"Opera ultimata, CUP attivo in BDAP",CDP-I,,Attivo,concluso,"Opere ultimate, agg2025 p. 138",,Sviluppo infrastrutturale e upgrading,CdP_2022-2026_Investimenti_Agg_ 2025.pdf p. 138
J31H96000030001,"Opera ultimata, CUP attivo in BDAP",CDP-I,,Attivo,concluso,"Opere ultimate, cdp2017 p. 180",,P.R.G. e ACEI Ostiense/Trastevere,CdP_2017-2021_Investimenti.pdf p. 180
J31H96000040008,"Opera ultimata, CUP attivo in BDAP",CDP-I,,Attivo,concluso,"Opere ultimate, cdp2017 p. 180",,Raddoppio Prenestina-Lunghezza (fermata Ponte di Nona),CdP_2017-2021_Investimenti.pdf p. 180
J31H96000050008,"Opera ultimata, CUP attivo in BDAP",CDP-I,,Attivo,concluso,"Opere ultimate, agg2025 p. 138",,Sviluppo infrastrutturale e upgrading,CdP_2017-2021_Investimenti.pdf p. 180 | CdP_2022-2026_Investimenti_Agg_ 2025.pdf p. 138
J31H96000060008,Concorda,CDP-I,,Chiuso,concluso,"Opere ultimate, agg2025 p. 141",,"Tecnologie per la sicurezza, la circolazione e l'efficientamento",CdP_2022-2026_Investimenti_Agg_ 2025.pdf p. 141
J31H96000070008,Concorda,CDP-I,,Attivo,in corso,"Tabella A/B, agg2025 p. 68",0049A|0049B,Raddoppio Milano-Mortara: 1^ fase Raddoppio Milano S.Cristoforo- Albairate Fermate Porta Romana e Tibaldi Riqualificazione Milano S. Cristoforo-P.ta Romana PROG PROG Raddoppio Albairate-Abbiategrasso PROG PROG,CdP_2017-2021_Investimenti.pdf p. 51 | CdP_2017-2021_Investimenti.pdf p. 99 | CdP_2017-2021_Investimenti.pdf p. 129 | CdP_2017-2021_Investimenti_Agg2020-2021.pdf p. 51 | CdP_2017-2021_Investimenti_Agg2020-2021.pdf p. 63 | CdP_2017-2021_Investimenti_Agg2020-2021.pdf p. 85
J31H96000080008,"Opera ultimata, CUP attivo in BDAP",CDP-I,,Attivo,concluso,"Opere ultimate, agg2025 p. 141",,"Tecnologie per la sicurezza, la circolazione e l'efficientamento",CdP_2022-2026_Investimenti.pdf p. 138 | CdP_2022-2026_Investimenti_Agg_ 2025.pdf p. 141
J31H96000100001,Concorda,CDP-I,,Chiuso,concluso,"Opere ultimate, cdp2017 p. 180",,Potenziamento Impianti manutenzione e pulizia Milano Martesana,CdP_2017-2021_Investimenti.pdf p. 180
J31H96000110008,Concorda,CDP-I,,Chiuso,concluso,"Opere ultimate, agg2025 p. 140",,Impianti industriali e terminali viaggiatori e merci,CdP_2022-2026_Investimenti_Agg_ 2025.pdf p. 140
J31H96000120001,"Investimenti, non nei documenti",CDP-I,,Attivo,,,,,
J31H97000000001,"Opera ultimata, CUP attivo in BDAP",CDP-I,,Attivo,concluso,"Opere ultimate, agg2024 p. 113",,PRG Pomezia Santa Palomba,CdP_2022-2026_Investimenti_Agg2024.pdf p. 113
J31H97000010001,"Opera ultimata, assente dal file",,,,concluso,"Opere ultimate, cdp2017 p. 181",,Studi di fattibilità asse del Gottardo,CdP_2017-2021_Investimenti.pdf p. 181
J31H97000020001,"Opera ultimata, assente dal file",,,,concluso,"Opere ultimate, agg2025 p. 140",,Impianti industriali e terminali viaggiatori e merci,CdP_2022-2026_Investimenti_Agg_ 2025.pdf p. 140
J31H98000000001,Concorda,CDP-I,,Chiuso,concluso,"Opere ultimate, agg2025 p. 141",,"Tecnologie per la sicurezza, la circolazione e l'efficientamento",CdP_2022-2026_Investimenti_Agg_ 2025.pdf p. 141
J31H98000010001,"Opera ultimata, assente dal file",,,,concluso,"Opere ultimate, agg2021 p. 128",,Messa in sicurezza galleria di Orte,CdP_2017-2021_Investimenti_Agg2020-2021.pdf p. 128
J31H98000020001,"Opera ultimata, CUP attivo in BDAP",CDP-I,,Attivo,concluso,"Opere ultimate, agg2025 p. 141",,"Tecnologie per la sicurezza, la circolazione e l'efficientamento",CdP_2017-2021_Investimenti.pdf p. 179 | CdP_2022-2026_Investimenti_Agg_ 2025.pdf p. 141
J31H98000030008,Concorda,CDP-I,,Attivo,in corso,"Tabella A/B, agg2025 p. 54",0083,Infrastrutturazione area stazione Tiburtina e nodo di interscambio Stazione AV stazione Tiburtina e infrastrutturazione area,CdP_2017-2021_Investimenti.pdf p. 53 | CdP_2017-2021_Investimenti.pdf p. 132 | CdP_2017-2021_Investimenti_Agg2020-2021.pdf p. 37 | CdP_2017-2021_Investimenti_Agg2020-2021.pdf p. 87 | CdP_2022-2026_Investimenti.pdf p. 54 | CdP_2022-2026_Investimenti.pdf p. 103
J31H98000040001,"Opera ultimata, assente dal file",,,,concluso,"Opere ultimate, agg2025 p. 132",,Manutenzione Straordinaria cicli fino al 2011,CdP_2022-2026_Investimenti_Agg_ 2025.pdf p. 132
J31H98000050001,"Opera ultimata, CUP attivo in BDAP",CDP-I,,Attivo,concluso,"Opere ultimate, cdp2017 p. 179",,Informazioni al Pubblico Nodo di Roma,CdP_2017-2021_Investimenti.pdf p. 179
J31H98000060001,"Opera ultimata, assente dal file",,,,concluso,"Opere ultimate, agg2025 p. 132",,Manutenzione Straordinaria cicli fino al 2011,CdP_2022-2026_Investimenti_Agg_ 2025.pdf p. 132
J31H98000070001,"Opera ultimata, assente dal file",,,,concluso,"Opere ultimate, agg2021 p. 128",,Opere Inf.ne Staz.Ostiense/Nod,CdP_2017-2021_Investimenti_Agg2020-2021.pdf p. 128
J31H99000010011,"Opera ultimata, CUP attivo in BDAP",CDP-I,,Attivo,concluso,"Opere ultimate, agg2025 p. 141",,"Tecnologie per la sicurezza, la circolazione e l'efficientamento",CdP_2022-2026_Investimenti_Agg_ 2025.pdf p. 141
J31H99000040001,"Opera ultimata, CUP attivo in BDAP",CDP-I,,Attivo,concluso,"Opere ultimate, agg2025 p. 140",,Impianti industriali e terminali viaggiatori e merci,CdP_2022-2026_Investimenti_Agg_ 2025.pdf p. 140
J31J04000000001,"Investimenti, non nei documenti",CDP-I,,Attivo,,,,,
J31J05000010001,Concorda,CDP-I,,Attivo,in corso,"Tabella A/B, agg2025 p. 70",0294,Potenziamento linea Gallarate-Rho Quadruplicamento Rho-Parabiago e raccordo a Y per Malpensa Quadruplicamento Rho-Parabiago e raccordo a Y per Malpensa (opere di completamento) Triplicamento Parabiago-Gallarate PROG ITER,CdP_2017-2021_Investimenti.pdf p. 81 | CdP_2017-2021_Investimenti.pdf p. 145 | CdP_2017-2021_Investimenti_Agg2020-2021.pdf p. 55 | CdP_2017-2021_Investimenti_Agg2020-2021.pdf p. 100 | CdP_2022-2026_Investimenti.pdf p. 71 | CdP_2022-2026_Investimenti.pdf p. 114
J31J05000020001,"Altro, solo nei documenti",,,,non piu' nel contratto,"Tabella A/B precedente, cdp2017 p. 101",0295,Potenziamento collegamenti ferroviari da nord con aeroporto Malpensa,CdP_2017-2021_Investimenti.pdf p. 101 | CdP_2017-2021_Investimenti.pdf p. 142 | CdP_2017-2021_Investimenti_Agg2020-2021.pdf p. 63 | CdP_2017-2021_Investimenti_Agg2020-2021.pdf p. 97
J31J05000030001,Concorda,CDP-I,,Attivo,in corso,"Tabella A/B, agg2025 p. 78",0296,Raddoppio Orte-Falconara: tratta Foligno-Fabriano Raddoppio Foligno-Fabriano,CdP_2017-2021_Investimenti.pdf p. 94 | CdP_2017-2021_Investimenti.pdf p. 159 | CdP_2017-2021_Investimenti_Agg2020-2021.pdf p. 60 | CdP_2017-2021_Investimenti_Agg2020-2021.pdf p. 111 | CdP_2022-2026_Investimenti.pdf p. 73 | CdP_2022-2026_Investimenti.pdf p. 125
J31J05000030011,Concorda,CDP-I,,Attivo,in corso,"Tabella A/B, agg2025 p. 61",0297A|0297B,Nodo di Falconara 1^ fase Variante Falconara e bretella di collegamento tra la linea Orte- Falconara direzione nord e la variante di Falconara verso nord,CdP_2017-2021_Investimenti.pdf p. 64 | CdP_2017-2021_Investimenti.pdf p. 84 | CdP_2017-2021_Investimenti.pdf p. 156 | CdP_2017-2021_Investimenti_Agg2020-2021.pdf p. 47 | CdP_2017-2021_Investimenti_Agg2020-2021.pdf p. 57 | CdP_2017-2021_Investimenti_Agg2020-2021.pdf p. 108
J31J05000040001,Concorda,CDP-I,,Chiuso,concluso,"Opere ultimate, agg2025 p. 138",,Sviluppo infrastrutturale e upgrading,CdP_2017-2021_Investimenti.pdf p. 180 | CdP_2017-2021_Investimenti_Agg2020-2021.pdf p. 128 | CdP_2022-2026_Investimenti_Agg_ 2025.pdf p. 138
J32J19000150001,Concorda,CDP-I,,Attivo,in corso,"Appendice 2, app2-agg2025 p. 5",A1013B,Miglioramento sismico - DOIT Trieste,appendice_2_lista_cup.pdf p. 5 | appendice_3_schede_intervento.pdf p. 20
J34C20002410009,"Opera ultimata, CUP attivo in BDAP",CDP-I,,Attivo,concluso,"Opere ultimate, agg2025 p. 138",,Sviluppo infrastrutturale e upgrading,CdP_2022-2026_Investimenti_Agg_ 2025.pdf p. 138
J34D05000010007,"Investimenti, non nei documenti",CDP-I,,Attivo,,,,,
J34E21001350001,Concorda,CDP-I,,Attivo,in corso,"Appendice 2, app2-agg2025 p. 10",P199,Pot. elettrificaz. Casarsa-Portogruaro,appendice_2_lista_cup.pdf p. 10 | appendice_3_schede_intervento.pdf p. 110
J34E21001360001,Concorda,CDP-I,,Attivo,in corso,"Appendice 2, app2-agg2025 p. 14",P223,Completamento potenziamento tecn. linea Adriatica,CdP_Servizi_2022-2026_AI2_Agg2024.pdf p. 58 | appendice_2_lista_cup.pdf p. 14 | appendice_3_schede_intervento.pdf p. 365 | appendice_9_elenco_opere_pnrr_e_pnc.pdf p. 2 | relazione_informativa_agg_2025_v04_clean.pdf p. 14
J34E21001820001,Concorda,CDP-I,,Attivo,in corso,"Appendice 2, app2-agg2025 p. 8",A2011,Programma nazionale ERTMS-Linee Nord Est,CdP_Servizi_2022-2026_AI2_Agg2024.pdf p. 57 | appendice_2_lista_cup.pdf p. 8 | appendice_3_schede_intervento.pdf p. 62 | appendice_9_elenco_opere_pnrr_e_pnc.pdf p. 2 | relazione_informativa_agg_2025_v04_clean.pdf p. 13
J34E21001960001,Concorda,CDP-I,,Attivo,in corso,"Appendice 2, app2-agg2025 p. 13",P221,Completamento tecnologico nodo di Genova,appendice_2_lista_cup.pdf p. 13 | appendice_3_schede_intervento.pdf p. 325
J34F05000010001,Concorda,CDP-I,,Attivo,in corso,"Appendice 2, app2-agg2025 p. 12",NA026|0312,"Ammodernamento Venafro - Termoli Progettazione delle opere per la permeabilità della linea storica Torino - Genova, nell'ambito della realizzazione del Terzo",CdP_2017-2021_Investimenti.pdf p. 88 | CdP_2017-2021_Investimenti.pdf p. 125 | appendice_2_lista_cup.pdf p. 12 | appendice_3_schede_intervento.pdf p. 481
J34F18000010009,Concorda,CDP-I,,Attivo,in corso,"Appendice 2, app2-agg2025 p. 14",P222,Potenziamento tecnologico Genova - La Spezia,CdP_Servizi_2022-2026_AI2_Agg2024.pdf p. 58 | appendice_2_lista_cup.pdf p. 14 | appendice_3_schede_intervento.pdf p. 338 | appendice_9_elenco_opere_pnrr_e_pnc.pdf p. 2 | relazione_informativa_agg_2025_v04_clean.pdf p. 16
J34G18000150001,Concorda,CDP-I,,Attivo,in corso,"Tabella A/B, agg2025 p. 50",I172,Variante di Riga PRG Bressanone e altre opere propedeutiche Variante di Riga e fermata di Sciaves Fermata di Varna PROG PROG,CdP_2017-2021_Investimenti_Agg2020-2021.pdf p. 32 | CdP_2017-2021_Investimenti_Agg2020-2021.pdf p. 76 | CdP_2022-2026_Investimenti.pdf p. 48 | CdP_2022-2026_Investimenti.pdf p. 92 | CdP_2022-2026_Investimenti_Agg2024.pdf p. 42 | CdP_2022-2026_Investimenti_Agg2024.pdf p. 76
J34G18000210001,Concorda,CDP-I,,Attivo,in corso,"Appendice 2, app2-agg2025 p. 3",A1004F,Adeguamento a STI opere civili - DOIT Trieste,appendice_2_lista_cup.pdf p. 3 | appendice_3_schede_intervento.pdf p. 12
J34G19000000001,Concorda,CDP-I,,Attivo,in corso,"Appendice 2, app2-agg2025 p. 10",P200,Nuovo PRG di Spoleto,appendice_2_lista_cup.pdf p. 10 | appendice_3_schede_intervento.pdf p. 126
J34H14000460001,Concorda,CDP-I,,Attivo,in corso,"Appendice 2, app2-agg2025 p. 11",P053,Sistemi di distanziamento per incremento capacità nodo di Roma FL4/6 tratta Casilina-Ciampino,appendice_2_lista_cup.pdf p. 11 | appendice_3_schede_intervento.pdf p. 228 | appendice_6_agg_relazione_interventi_dl_43_2013.pdf p. 4
J34H14000490001,"Opera ultimata, CUP attivo in BDAP",CDP-I,,Attivo,concluso,"Opere ultimate, agg2025 p. 136",,Sicurezza ed Obblighi di Legge,CdP_2017-2021_Investimenti_Agg2020-2021.pdf p. 127 | CdP_2022-2026_Investimenti_Agg_ 2025.pdf p. 136
J34H14000500001,Concorda,CDP-I,,Attivo,in corso,"Appendice 2, app2-agg2025 p. 11",P053,Interventi per lo sviluppo del nodo di Roma (tecnologie Cesano-Ostiense),CdP_Servizi_2022-2026_AI2_Agg2024.pdf p. 57 | appendice_2_lista_cup.pdf p. 11 | appendice_3_schede_intervento.pdf p. 228 | appendice_9_elenco_opere_pnrr_e_pnc.pdf p. 2 | relazione_informativa_agg_2025_v04_clean.pdf p. 13
J34H14000540001,Concorda,CDP-I,,Attivo,in corso,"Appendice 2, app2-agg2025 p. 14",P223,Upgrading prestazionale corridoi Mediterraneo e Baltico-Adriatico,appendice_2_lista_cup.pdf p. 14 | appendice_3_schede_intervento.pdf p. 365
J34H15001050001,Concorda,CDP-I,,Attivo,in corso,"Appendice 2, app2-agg2025 p. 13",P222|A5000_4,Upgrading tecnologie tratta AV/AC Torino-Milano,CdP_2017-2021_Investimenti.pdf p. 73 | CdP_2017-2021_Investimenti.pdf p. 169 | CdP_2017-2021_Investimenti_Agg2020-2021.pdf p. 49 | CdP_2017-2021_Investimenti_Agg2020-2021.pdf p. 120 | appendice_2_lista_cup.pdf p. 13 | appendice_3_schede_intervento.pdf p. 337
J34H16000060001,Concorda,CDP-I,,Attivo,in corso,"Tabella A/B, agg2025 p. 63",P234|I048,Nodo di Genova e Terzo valico dei Giovi Potenziamento infrastrutturale Voltri-Brignole Porto di Genova: Nuovo terminal merci i Genova Campasso Potenziamento terminale Rivalta Scrivia,CdP_2017-2021_Investimenti.pdf p. 57 | CdP_2017-2021_Investimenti.pdf p. 139 | CdP_2017-2021_Investimenti_Agg2020-2021.pdf p. 45 | CdP_2017-2021_Investimenti_Agg2020-2021.pdf p. 101 | CdP_2022-2026_Investimenti.pdf p. 60 | CdP_2022-2026_Investimenti.pdf p. 115
J34H16000350001,Concorda,CDP-I,,Attivo,in corso,"Appendice 2, app2-agg2025 p. 13",P222,Potenziamento tecnologico linea Genova-Ventimiglia (fase),appendice_2_lista_cup.pdf p. 13 | appendice_3_schede_intervento.pdf p. 337
J34H16000360001,"Opera ultimata, CUP attivo in BDAP",CDP-I,,Attivo,concluso,"Opere ultimate, agg2024 p. 113",,Upgrading prestazionale linee Adriatica-Ionica - DOIT Bari,CdP_2022-2026_Investimenti_Agg2024.pdf p. 113
J34H16000620009,Concorda,CDP-I,,Attivo,in corso,"Tabella A/B, agg2025 p. 62",0365A|0365B|0365|0366,"Potenziamento Venezia-Trieste lotti prioritari Potenziamento tecnologico Venezia-Trieste, rimozione limitazione massa assiale D4 e altri interventi infrastrutturali su linea storica",CdP_2017-2021_Investimenti.pdf p. 45 | CdP_2017-2021_Investimenti.pdf p. 83 | CdP_2017-2021_Investimenti.pdf p. 119 | CdP_2017-2021_Investimenti.pdf p. 150 | CdP_2017-2021_Investimenti_Agg2020-2021.pdf p. 46 | CdP_2017-2021_Investimenti_Agg2020-2021.pdf p. 56
J34H17000120001,Concorda,CDP-I,,Attivo,in corso,"Appendice 2, app2-agg2025 p. 11",P112,Interverventi di potenziamento da Accordo quadro Bologna,appendice_2_lista_cup.pdf p. 11 | appendice_3_schede_intervento.pdf p. 203
J34H17000130001,Concorda,CDP-I,,Attivo,in corso,"Tabella A/B, agg2025 p. 63",P234,Nodo di Genova e Terzo valico dei Giovi Potenziamento infrastrutturale Voltri-Brignole Porto di Genova: Nuovo terminal merci i Genova Campasso Potenziamento terminale Rivalta Scrivia,CdP_2017-2021_Investimenti_Agg2020-2021.pdf p. 45 | CdP_2017-2021_Investimenti_Agg2020-2021.pdf p. 101 | CdP_2022-2026_Investimenti.pdf p. 60 | CdP_2022-2026_Investimenti.pdf p. 115 | CdP_2022-2026_Investimenti_Agg2024.pdf p. 49 | CdP_2022-2026_Investimenti_Agg2024.pdf p. 95
J34H17000140001,Concorda,CDP-I,,Attivo,in corso,"Appendice 2, app2-agg2025 p. 13",P222|A5000_4,Adeguamento cavalcavia di Piacenza,CdP_2017-2021_Investimenti_Agg2020-2021.pdf p. 49 | CdP_2017-2021_Investimenti_Agg2020-2021.pdf p. 120 | appendice_2_lista_cup.pdf p. 13 | appendice_3_schede_intervento.pdf p. 338
J34H17000230001,Concorda,CDP-I,,Attivo,in corso,"Tabella A/B, agg2025 p. 70",0270|I139,Sistemazione nodo di Catania Interramento stazione Catania c.le completamento del doppio PROG PROG binario tra Catania C.le e Catania Acquicella Interramento Catania Acquicella-Bicocca Collegamento ferroviario aeroporto di Catania: fermata su linea esistente,CdP_2017-2021_Investimenti_Agg2020-2021.pdf p. 41 | CdP_2017-2021_Investimenti_Agg2020-2021.pdf p. 98 | CdP_2022-2026_Investimenti.pdf p. 58 | CdP_2022-2026_Investimenti.pdf p. 112 | CdP_2022-2026_Investimenti_Agg2024.pdf p. 60 | CdP_2022-2026_Investimenti_Agg2024.pdf p. 104
J34H17000720001,Concorda,CDP-I,,Attivo,in corso,"Appendice 2, app2-agg2025 p. 13",P221,Upgrading prestazionale corridoio Reno-Alpi (DOITGenova),appendice_2_lista_cup.pdf p. 13 | appendice_3_schede_intervento.pdf p. 325
J34H17000850001,Concorda,CDP-I,,Attivo,in corso,"Appendice 2, app2-agg2025 p. 9",P214,fattibilità,appendice_2_lista_cup.pdf p. 9 | appendice_3_schede_intervento.pdf p. 74
J34J22000220001,Concorda,CDP-I,,Attivo,in corso,"Appendice 2, app2-agg2025 p. 13",P222,ACC di Verona Quadrante Europa,appendice_2_lista_cup.pdf p. 13 | appendice_3_schede_intervento.pdf p. 337
J34J23000040001,Concorda,CDP-I,,Attivo,in corso,"Tabella A/B, agg2025 p. 66",P233,Potenziamento Carnate - Ponte S.Pietro 1^ fase Variante ponte ferroviario Paderno d'Adda PROG PROG,CdP_2022-2026_Investimenti_Agg2024.pdf p. 54 | CdP_2022-2026_Investimenti_Agg2024.pdf p. 75 | CdP_2022-2026_Investimenti_Agg_ 2025.pdf p. 66 | CdP_2022-2026_Investimenti_Agg_ 2025.pdf p. 89 | appendice_3_schede_intervento.pdf p. 93 | appendice_7_distribuzione_territoriale.pdf p. 24
J34J23000140001,Concorda,CDP-I,,Attivo,in corso,"Appendice 2, app2-agg2025 p. 13",P222,DOIT TS – upgrading linee merci,appendice_2_lista_cup.pdf p. 13 | appendice_3_schede_intervento.pdf p. 337
J34J23000580001,Concorda,CDP-I,,Attivo,in corso,"Appendice 2, app2-agg2025 p. 13",P221,Modifica alimentazione stazione Ventimiglia,appendice_2_lista_cup.pdf p. 13 | appendice_3_schede_intervento.pdf p. 326
J34J23000610001,Concorda,CDP-I,,Attivo,in corso,"Appendice 2, app2-agg2025 p. 10",P199,Nuove Località di Servizio  Area Nord - Est,appendice_2_lista_cup.pdf p. 10 | appendice_3_schede_intervento.pdf p. 110
J34J24000020001,Concorda,CDP-I,,Attivo,in corso,"Appendice 2, app2-agg2025 p. 6",A2001B,Sottosistema strutturale energetico - DOIT Trieste,appendice_2_lista_cup.pdf p. 6 | appendice_3_schede_intervento.pdf p. 33
J34J24000320001,Concorda,CDP-I,,Attivo,in corso,"Appendice 2, app2-agg2025 p. 9",P055_A,"Innalzamento/prolungamento dei marciapiedi e IAP di stazione Riqualificazione funzionale e adeguamento dell'accessibilità dei fabbricati e delle aree antistanti di stazione, deploy Wi-life e",appendice_2_lista_cup.pdf p. 9 | appendice_3_schede_intervento.pdf p. 65
J34J24000410001,Concorda,CDP-I,,Attivo,in corso,"Appendice 2, app2-agg2025 p. 11",P201,Miglioramento infrastrutturale - DOIT Bari,appendice_2_lista_cup.pdf p. 11 | appendice_3_schede_intervento.pdf p. 155
J34J25000040001,Concorda,CDP-I,,Attivo,in corso,"Appendice 2, app2-agg2025 p. 6",A2001B,Upgrading tecnologico AV/AC MI - BO,appendice_2_lista_cup.pdf p. 6 | appendice_3_schede_intervento.pdf p. 32
J34J25000260001,"Nei documenti, fuori dalle tabelle",CDP-I,,Attivo,,,,,appendice_3_schede_intervento.pdf p. 257
J36G21015190001,Concorda,CDP-I,,Attivo,in corso,"Appendice 2, app2-agg2025 p. 14",P224,ACC di Bolzano,appendice_2_lista_cup.pdf p. 14 | appendice_3_schede_intervento.pdf p. 373
J36I18000030001,Concorda,CDP-I,,Attivo,in corso,"Appendice 2, app2-agg2025 p. 6",A2001B,"Avellino/Caserta, Vairano C./Rocca D'Evandro - Venafro",appendice_2_lista_cup.pdf p. 6 | appendice_3_schede_intervento.pdf p. 33
J36I18000060001,Concorda,CDP-I,,Attivo,in corso,"Appendice 2, app2-agg2025 p. 14",P223,Velocizzazione Adriatica: upgrade tecnologico Foggia-Bari-Brindisi,appendice_2_lista_cup.pdf p. 14 | appendice_3_schede_intervento.pdf p. 365
J37B12000080001,"Investimenti, non nei documenti",CDP-I,,Attivo,,,,,
J37B13000340001,"Opera ultimata, CUP attivo in BDAP",CDP-I,,Attivo,concluso,"Opere ultimate, agg2025 p. 136",,Sicurezza ed Obblighi di Legge,CdP_2022-2026_Investimenti_Agg_ 2025.pdf p. 136
J37B14000210005,"Opera ultimata, CUP attivo in BDAP",CDP-I,,Attivo,concluso,"Opere ultimate, agg2025 p. 138",,Sviluppo infrastrutturale e upgrading,CdP_2022-2026_Investimenti_Agg_ 2025.pdf p. 138
J37B14000260001,"Opera ultimata, CUP attivo in BDAP",CDP-I,,Attivo,concluso,"Opere ultimate, agg2025 p. 141",,"Tecnologie per la sicurezza, la circolazione e l'efficientamento",CdP_2022-2026_Investimenti_Agg_ 2025.pdf p. 141
J37B14000470001,"Servizi, non verificabile",CDP-S,,Attivo,,,,,
J37B14000480001,"Servizi, non verificabile",CDP-S,,Attivo,,,,,
J37B14000490001,"Servizi, non verificabile",CDP-S,,Attivo,,,,,
J37B14000500001,"Servizi, non verificabile",CDP-S,,Attivo,,,,,
J37B15000310001,"Servizi, non verificabile",CDP-S,,Attivo,,,,,
J37B16000020001,"Servizi, non verificabile",CDP-S,,Attivo,,,,,
J37B16000030001,"Servizi, non verificabile",CDP-S,,Attivo,,,,,
J37B16000040001,"Servizi, non verificabile",CDP-S,,Attivo,,,,,
J37B16000060001,"Servizi, non verificabile",CDP-S,,Attivo,,,,,
J37B16000110001,"Opera ultimata, CUP attivo in BDAP",CDP-I,,Attivo,concluso,"Opere ultimate, agg2025 p. 136",,Sicurezza ed Obblighi di Legge,CdP_2022-2026_Investimenti_Agg_ 2025.pdf p. 136
J37B16000120001,"Opera ultimata, CUP attivo in BDAP",CDP-I,,Attivo,concluso,"Opere ultimate, agg2025 p. 141",,"Tecnologie per la sicurezza, la circolazione e l'efficientamento",CdP_2022-2026_Investimenti_Agg_ 2025.pdf p. 141
J37B16000310001,"Opera ultimata, CUP attivo in BDAP",CDP-I,,Attivo,concluso,"Opere ultimate, agg2025 p. 138",,Sviluppo infrastrutturale e upgrading,CdP_2022-2026_Investimenti_Agg_ 2025.pdf p. 138
J37B16000470001,"Opera ultimata, CUP attivo in BDAP",CDP-I,,Attivo,concluso,"Opere ultimate, agg2025 p. 136",,Sicurezza ed Obblighi di Legge,CdP_2022-2026_Investimenti_Agg_ 2025.pdf p. 136
J37B16000540001,"Opera ultimata, CUP attivo in BDAP",CDP-I,,Attivo,concluso,"Opere ultimate, agg2025 p. 136",,Sicurezza ed Obblighi di Legge,CdP_2022-2026_Investimenti_Agg_ 2025.pdf p. 136
J37B17000000001,"Servizi, non verificabile",CDP-S,,Attivo,,,,,
J37B17000010001,"Servizi, non verificabile",CDP-S,,Attivo,,,,,
J37B17000020001,"Servizi, non verificabile",CDP-S,,Attivo,,,,,
J37B17000030001,"Servizi, non verificabile",CDP-S,,Attivo,,,,,
J37B17000040001,"Opera ultimata, CUP attivo in BDAP",CDP-I,,Attivo,concluso,"Opere ultimate, agg2025 p. 141",,"Tecnologie per la sicurezza, la circolazione e l'efficientamento",CdP_2022-2026_Investimenti_Agg_ 2025.pdf p. 141
J37B17000050001,"Opera ultimata, CUP attivo in BDAP",CDP-I,,Attivo,concluso,"Opere ultimate, agg2025 p. 136",,Sicurezza ed Obblighi di Legge,CdP_2022-2026_Investimenti_Agg_ 2025.pdf p. 136
J37B17000200001,"Opera ultimata, CUP attivo in BDAP",CDP-I,,Attivo,concluso,"Opere ultimate, agg2025 p. 138",,Sviluppo infrastrutturale e upgrading,CdP_2022-2026_Investimenti_Agg_ 2025.pdf p. 138
J37B17000690001,"Chiuso in BDAP, in corso nel contratto",CDP-I,,Chiuso,in corso,"Appendice 2, app2-agg2025 p. 10",P214,Binari senza tempo - DOIT Trieste (Riattivazione Sacile-Gemona e Trieste Campo Marzio - Villa Opicina),appendice_2_lista_cup.pdf p. 10 | appendice_3_schede_intervento.pdf p. 74
J37B20000260001,"Servizi, non verificabile",CDP-S,,Attivo,,,,,
J37B20000640001,"Servizi, non verificabile",CDP-S,,Attivo,,,,,
J37B20000650001,"Servizi, non verificabile",CDP-S,,Attivo,,,,,
J37D17000010001,"Servizi, non verificabile",CDP-S,,Attivo,,,,,
J37D17000020001,"Servizi, non verificabile",CDP-S,,Attivo,,,,,
J37D17000030001,"Servizi, non verificabile",CDP-S,,Attivo,,,,,
J37D17000040001,"Servizi, non verificabile",CDP-S,,Attivo,,,,,
J37D18000000001,"In corso nel contratto, assente dal file",,,,in corso,"Appendice 2, app2-agg2025 p. 3",A1004E,Piano sicurezza armamento DOIT Trieste - 2018,appendice_2_lista_cup.pdf p. 3
J37D22000000001,Concorda,CDP-I,,Attivo,in corso,"Appendice 2, app2-agg2025 p. 4",A1013A,Piano difesa della sede da fenomeni di dissesto idrogeologico - DOIT Trieste - 2022,appendice_2_lista_cup.pdf p. 4 | appendice_3_schede_intervento.pdf p. 17
J37D22000110001,"Servizi, non verificabile",CDP-S,,Attivo,,,,,
J37D22000120001,"Servizi, non verificabile",CDP-S,,Attivo,,,,,
J37D22000130001,Concorda,CDP-S,,Attivo,servizi,"Servizi, Allegato 4c, srv2026 p. 17",,CdP-S Infrastruttura Tecnologica DOIT Trieste - 2023,CdP_Servizi_2022-2026_AI4_Agg2026.pdf p. 17
J37D22000140001,Concorda,CDP-I,,Attivo,in corso,"Appendice 2, app2-agg2025 p. 2",A1004A,Miglioramento sicurezza gallerie ferroviarie - DOIT Trieste - 2023,appendice_2_lista_cup.pdf p. 2 | appendice_3_schede_intervento.pdf p. 4
J37D22000150001,Concorda,CDP-I,,Attivo,in corso,"Appendice 2, app2-agg2025 p. 2",A1004A,Miglioramento sicurezza gallerie ferroviarie - DOIT Trieste - 2022,appendice_2_lista_cup.pdf p. 2 | appendice_3_schede_intervento.pdf p. 4
J37D22000160001,"Servizi, non verificabile",CDP-S,,Attivo,,,,,
J37D22000180001,Concorda,CDP-I,,Attivo,in corso,"Appendice 2, app2-agg2025 p. 7",A2004A,Tecnologie per la sicurezza settore IS - DOIT Trieste,appendice_2_lista_cup.pdf p. 7 | appendice_3_schede_intervento.pdf p. 37
J37D23000030001,Concorda,CDP-I,,Attivo,in corso,"Appendice 2, app2-agg2025 p. 4",A1013A,Piano difesa della sede da fenomeni di dissesto idrogeologico - DOIT Trieste - 2023,appendice_2_lista_cup.pdf p. 4 | appendice_3_schede_intervento.pdf p. 18
J37D23000040001,"Servizi, non verificabile",CDP-S,,Attivo,,,,,
J37D23000050001,"Servizi, non verificabile",CDP-S,,Attivo,,,,,
J37D23000060001,"Servizi, non verificabile",CDP-S,,Attivo,,,,,
J37D23000070001,"Servizi, non verificabile",CDP-S,,Attivo,,,,,
J37D23000080001,Concorda,CDP-I,,Attivo,in corso,"Appendice 2, app2-agg2025 p. 9",P214,Binari senza tempo - DOIT Bari,appendice_2_lista_cup.pdf p. 9 | appendice_3_schede_intervento.pdf p. 74
J37D23000090001,"Servizi, non verificabile",CDP-S,,Attivo,,,,,
J37D23000100001,"Servizi, non verificabile",CDP-S,,Attivo,,,,,
J37D23000110001,"Servizi, non verificabile",CDP-S,,Attivo,,,,,
J37D23000120001,"Servizi, non verificabile",CDP-S,,Attivo,,,,,
J37D24000010001,Concorda,CDP-I,,Attivo,in corso,"Appendice 2, app2-agg2025 p. 2",A1004A,Miglioramento sicurezza gallerie ferroviarie - DOIT Trieste - 2024,appendice_2_lista_cup.pdf p. 2 | appendice_3_schede_intervento.pdf p. 4
J37D25000000001,Concorda,CDP-I,,Attivo,in corso,"Appendice 2, app2-agg2025 p. 5",A1013A,TS - Mitigazione rischio idrogeologico,appendice_2_lista_cup.pdf p. 5 | appendice_3_schede_intervento.pdf p. 18
J37D25000050001,"Servizi, non verificabile",,CDP-S,Attivo,,,,,
J37D25000060001,"Servizi, non verificabile",,CDP-S,Attivo,,,,,
J37D25000070001,"Servizi, non verificabile",,CDP-S,Attivo,,,,,
J37D25000080001,"Servizi, non verificabile",,CDP-S,Attivo,,,,,
J37E13000090001,"Servizi, non verificabile",CDP-S,,Attivo,,,,,
J37E13000300001,"Opera ultimata, CUP attivo in BDAP",CDP-I,,Attivo,concluso,"Opere ultimate, agg2025 p. 138",P067,Sviluppo infrastrutturale e upgrading,CdP_2017-2021_Investimenti.pdf p. 62 | CdP_2017-2021_Investimenti.pdf p. 151 | CdP_2017-2021_Investimenti_Agg2020-2021.pdf p. 128 | CdP_2022-2026_Investimenti_Agg_ 2025.pdf p. 138 | appendice_6_agg_relazione_interventi_dl_43_2013.pdf p. 4
J37E13000330001,"Opera ultimata, CUP attivo in BDAP",CDP-I,,Attivo,concluso,"Opere ultimate, cdp2022 p. 139",P067,Upgrading rete viaggiatori - DOIT Trieste - 2013,CdP_2017-2021_Investimenti.pdf p. 62 | CdP_2017-2021_Investimenti.pdf p. 151 | CdP_2017-2021_Investimenti_Agg2020-2021.pdf p. 46 | CdP_2017-2021_Investimenti_Agg2020-2021.pdf p. 104 | CdP_2022-2026_Investimenti.pdf p. 139 | appendice_6_agg_relazione_interventi_dl_43_2013.pdf p. 4
J37E13000560001,"Servizi, non verificabile",CDP-S,,Attivo,,,,,
J37F14000010001,"Servizi, non verificabile",CDP-S,,Attivo,,,,,
J37F14000020001,"Servizi, non verificabile",CDP-S,,Attivo,,,,,
J37F14000030001,"Servizi, non verificabile",CDP-S,,Attivo,,,,,
J37F14000040001,"Servizi, non verificabile",CDP-S,,Attivo,,,,,
J37F19000030001,"In corso nel contratto, assente dal file",,,,in corso,"Appendice 2, app2-agg2025 p. 10",P199,Interventi upgr. rete viaggiatori VE,appendice_2_lista_cup.pdf p. 10 | appendice_3_schede_intervento.pdf p. 111
J37F19000140001,"Servizi, non verificabile",CDP-S,,Attivo,,,,,
J37F19000150001,"Servizi, non verificabile",CDP-S,,Attivo,,,,,
J37F19000160001,"Servizi, non verificabile",CDP-S,,Attivo,,,,,
J37F20000000001,"Opera ultimata, CUP attivo in BDAP",CDP-I,,Attivo,concluso,"Opere ultimate, agg2025 p. 136",,Sicurezza ed Obblighi di Legge,CdP_2022-2026_Investimenti_Agg_ 2025.pdf p. 136
J37F20000010001,Concorda,CDP-I,,Attivo,in corso,"Appendice 2, app2-agg2025 p. 3",A1004D,Smaltimento materiali inquinanti (DOIT Trieste) - 2020,appendice_2_lista_cup.pdf p. 3 | appendice_3_schede_intervento.pdf p. 8
J37F20000060001,"Opera ultimata, CUP attivo in BDAP",CDP-I,,Attivo,concluso,"Opere ultimate, agg2025 p. 141",,"Tecnologie per la sicurezza, la circolazione e l'efficientamento",CdP_2022-2026_Investimenti_Agg_ 2025.pdf p. 141
J37F20000070001,Concorda,CDP-I,,Attivo,in corso,"Appendice 2, app2-agg2025 p. 5",A1014,Piano conservazione opere d'arte DOIT Trieste- 2020,appendice_2_lista_cup.pdf p. 5 | appendice_3_schede_intervento.pdf p. 23
J37G20000510001,"Opera ultimata, CUP attivo in BDAP",CDP-I,,Attivo,concluso,"Opere ultimate, agg2025 p. 136",,Sicurezza ed Obblighi di Legge,CdP_2022-2026_Investimenti_Agg_ 2025.pdf p. 136
J37H21000910001,Concorda,CDP-I,,Attivo,in corso,"Appendice 2, app2-agg2025 p. 10",P200,Interventi per l'adeguamento e lo sviluppo dei servizi II° pillar - DOIT Napoli,appendice_2_lista_cup.pdf p. 10 | appendice_3_schede_intervento.pdf p. 126
J37H21001140001,"Opera ultimata, CUP attivo in BDAP",CDP-I,,Attivo,concluso,"Opere ultimate, agg2025 p. 141",,"Tecnologie per la sicurezza, la circolazione e l'efficientamento",CdP_2022-2026_Investimenti_Agg_ 2025.pdf p. 141
J37H21004410001,Concorda,CDP-I,,Attivo,in corso,"Appendice 2, app2-agg2025 p. 9",P214,Rocchetta-Gioia del Colle,appendice_2_lista_cup.pdf p. 9 | appendice_3_schede_intervento.pdf p. 74 | appendice_9_elenco_opere_pnrr_e_pnc.pdf p. 5 | relazione_informativa_agg_2025_v04_clean.pdf p. 13
J37H21004420001,Concorda,CDP-I,,Attivo,in corso,"Appendice 2, app2-agg2025 p. 10",P199,Interventi upgr. rete viaggiatori VE,appendice_2_lista_cup.pdf p. 10 | appendice_3_schede_intervento.pdf p. 111
J37H21005980001,Concorda,CDP-I,,Attivo,in corso,"Tabella A/B, agg2025 p. 53",P259,Linea Bari-Bitritto: upgrading infrastrutturale Linea Bari-Bitritto: upgrading infrastrutturale,CdP_2022-2026_Investimenti.pdf p. 51 | CdP_2022-2026_Investimenti.pdf p. 97 | CdP_2022-2026_Investimenti_Agg2024.pdf p. 44 | CdP_2022-2026_Investimenti_Agg2024.pdf p. 80 | CdP_2022-2026_Investimenti_Agg_ 2025.pdf p. 53 | CdP_2022-2026_Investimenti_Agg_ 2025.pdf p. 96
J37H21006380001,"Opera ultimata, CUP attivo in BDAP",CDP-I,,Attivo,concluso,"Opere ultimate, agg2025 p. 136",,Sicurezza ed Obblighi di Legge,CdP_2022-2026_Investimenti_Agg_ 2025.pdf p. 136
J37H21006500008,Concorda,CDP-I,,Attivo,in corso,"Appendice 2, app2-agg2025 p. 12",P060,Infrastrutturazione porti,appendice_2_lista_cup.pdf p. 12 | appendice_3_schede_intervento.pdf p. 257
J37H21006940001,"Servizi, non verificabile",CDP-S,,Attivo,,,,,
J37H22000030001,Concorda,CDP-S,,Attivo,servizi,"Servizi, Allegato 4c, srv2026 p. 17",,CdP-S Infratruttura Fisica DOIT Trieste - anno 2022,CdP_Servizi_2022-2026_AI2_Agg2024.pdf p. 19 | CdP_Servizi_2022-2026_AI4_Agg2026.pdf p. 17
J37H22000040001,Concorda,CDP-S,,Attivo,servizi,"Servizi, Allegato 4c, srv2026 p. 17",,CdP-S Infratruttura Energetica DOIT Trieste - anno 2022,CdP_Servizi_2022-2026_AI2_Agg2024.pdf p. 19 | CdP_Servizi_2022-2026_AI4_Agg2026.pdf p. 17
J37H22000050001,"Servizi, non verificabile",CDP-S,,Attivo,,,,,
J37I05000010001,"Opera ultimata, assente dal file",,,,concluso,"Opere ultimate, agg2025 p. 141",,"Tecnologie per la sicurezza, la circolazione e l'efficientamento",CdP_2022-2026_Investimenti_Agg_ 2025.pdf p. 141
J37I05000020001,Concorda,CDP-I,,Attivo,in corso,"Appendice 2, app2-agg2025 p. 13",P221|P222,Upgrading rete merci - DOIT Milano,appendice_2_lista_cup.pdf p. 13 | appendice_3_schede_intervento.pdf p. 325 | appendice_3_schede_intervento.pdf p. 337 | appendice_4delta_costi.pdf p. 21 | appendice_6_agg_relazione_interventi_dl_43_2013.pdf p. 4
J37I05000030001,"Opera ultimata, CUP attivo in BDAP",CDP-I,,Attivo,concluso,"Opere ultimate, agg2024 p. 113",,Upgrading rete merci - DOIT Verona,CdP_2022-2026_Investimenti_Agg2024.pdf p. 113
J37I06000050001,Concorda,CDP-I,,Chiuso,concluso,"Opere ultimate, agg2025 p. 138",,Sviluppo infrastrutturale e upgrading,CdP_2022-2026_Investimenti_Agg_ 2025.pdf p. 138
J37I06000060001,"Opera ultimata, assente dal file",,,,concluso,"Opere ultimate, cdp2017 p. 180",,Interv.Riqualif.staz.connessi AV-Milano,CdP_2017-2021_Investimenti.pdf p. 180
J37I06000070001,Concorda,CDP-I,,Attivo,in corso,"Tabella A/B, agg2025 p. 68",1483,Nodo di interscambio di Pigneto Fermata Pigneto su linea FL1/FL3 e copertura parziale vallo Fermata Pigneto su linea FL4/6 e sistemazioni viarie PROG PROG Completamento copertura vallo ferroviario Pigneto PROG PROG,CdP_2017-2021_Investimenti.pdf p. 53 | CdP_2017-2021_Investimenti.pdf p. 132 | CdP_2017-2021_Investimenti_Agg2020-2021.pdf p. 37 | CdP_2017-2021_Investimenti_Agg2020-2021.pdf p. 87 | CdP_2022-2026_Investimenti.pdf p. 54 | CdP_2022-2026_Investimenti.pdf p. 103
J37I06000080001,"Opera ultimata, CUP attivo in BDAP",CDP-I,,Attivo,concluso,"Opere ultimate, agg2025 p. 138",,Sviluppo infrastrutturale e upgrading,CdP_2017-2021_Investimenti.pdf p. 180 | CdP_2022-2026_Investimenti_Agg_ 2025.pdf p. 138
J37I06000090001,"Opera ultimata, CUP attivo in BDAP",CDP-I,,Attivo,concluso,"Opere ultimate, cdp2022 p. 139",,Efficentamento Rho e Pavia,CdP_2022-2026_Investimenti.pdf p. 139
J37I06000170001,Concorda,CDP-I,,Attivo,in corso,"Appendice 2, app2-agg2025 p. 6",A2001B,Riconfigurazione impianti SCMT Milano,appendice_2_lista_cup.pdf p. 6 | appendice_3_schede_intervento.pdf p. 33
J37I06000180001,"Opera ultimata, CUP attivo in BDAP",CDP-I,,Attivo,concluso,"Opere ultimate, cdp2022 p. 138",,Riconfigurazione impianti SCMT Venezia,CdP_2022-2026_Investimenti.pdf p. 138
J37I08000000001,"Opera ultimata, CUP attivo in BDAP",CDP-I,,Attivo,concluso,"Opere ultimate, cdp2017 p. 181",,Piano di sviluppo tecnologico della rete,CdP_2017-2021_Investimenti.pdf p. 181
J37I08000020001,"Opera ultimata, assente dal file",,,,concluso,"Opere ultimate, agg2025 p. 132",,Manutenzione Straordinaria cicli fino al 2011,CdP_2022-2026_Investimenti_Agg_ 2025.pdf p. 132
J37I08000030001,"Opera ultimata, assente dal file",,,,concluso,"Opere ultimate, agg2025 p. 132",,Manutenzione Straordinaria cicli fino al 2011,CdP_2017-2021_Investimenti.pdf p. 177 | CdP_2022-2026_Investimenti_Agg_ 2025.pdf p. 132
J37I08000040001,"Opera ultimata, assente dal file",,,,concluso,"Opere ultimate, agg2025 p. 132",,Manutenzione Straordinaria cicli fino al 2011,CdP_2022-2026_Investimenti_Agg_ 2025.pdf p. 132
J37I08000050001,"Opera ultimata, assente dal file",,,,concluso,"Opere ultimate, agg2025 p. 132",,Manutenzione Straordinaria cicli fino al 2011,CdP_2017-2021_Investimenti.pdf p. 177 | CdP_2022-2026_Investimenti_Agg_ 2025.pdf p. 132
J37I10000460001,"Investimenti, non nei documenti",CDP-I,,Chiuso,,,,,
J37I10001060001,"Opera ultimata, CUP attivo in BDAP",CDP-I,,Attivo,concluso,"Opere ultimate, cdp2017 p. 181",,Tratta AV/AC MI-BO: attrezzaggio tecnologico linea rilocata Modena- Rubiera,CdP_2017-2021_Investimenti.pdf p. 181
J37I10001070001,"Opera ultimata, CUP attivo in BDAP",CDP-I,,Attivo,concluso,"Opere ultimate, cdp2017 p. 177",,Man.Straord.e Opere di Difesa dell'Infra,CdP_2017-2021_Investimenti.pdf p. 177
J37I11000040001,"Opera ultimata, CUP attivo in BDAP",CDP-I,,Attivo,concluso,"Opere ultimate, cdp2022 p. 138",,Tecnologie nodo di Modena/Marzaglia,CdP_2022-2026_Investimenti.pdf p. 138
J37I11000050001,Concorda,CDP-I,,Attivo,in corso,"Appendice 2, app2-agg2025 p. 7",A2008,High Density Traffic System (H.D.T.S.) - sperimentazione su nodo di Roma,appendice_2_lista_cup.pdf p. 7 | appendice_3_schede_intervento.pdf p. 52
J37I11000360001,Concorda,CDP-I,,Attivo,in corso,"Appendice 2, app2-agg2025 p. 2",A1004A,Adeguamento sicurezza gallerie tratta AV/AC Milano-Bologna,appendice_2_lista_cup.pdf p. 2 | appendice_3_schede_intervento.pdf p. 3
J37I12000000001,"Opera ultimata, assente dal file",,,,concluso,"Opere ultimate, agg2025 p. 132",,Manutenzione Straordinaria cicli fino al 2011,CdP_2022-2026_Investimenti_Agg_ 2025.pdf p. 132
J37I12000060001,"Opera ultimata, CUP attivo in BDAP",CDP-I,,Attivo,concluso,"Opere ultimate, agg2025 p. 132",,Manutenzione Straordinaria cicli fino al 2011,CdP_2017-2021_Investimenti_Agg2020-2021.pdf p. 126 | CdP_2022-2026_Investimenti_Agg2023.pdf p. 37 | CdP_2022-2026_Investimenti_Agg_ 2025.pdf p. 132
J37I12000070001,Concorda,CDP-I,,Chiuso,concluso,"Opere ultimate, agg2025 p. 132",,Manutenzione Straordinaria cicli fino al 2011,CdP_2022-2026_Investimenti_Agg_ 2025.pdf p. 132
J37I12000080001,Concorda,CDP-I,,Chiuso,concluso,"Opere ultimate, agg2025 p. 132",,Manutenzione Straordinaria cicli fino al 2011,CdP_2022-2026_Investimenti_Agg_ 2025.pdf p. 132
J37I12000090001,"Opera ultimata, assente dal file",,,,concluso,"Opere ultimate, agg2025 p. 132",,Manutenzione Straordinaria cicli fino al 2011,CdP_2022-2026_Investimenti_Agg_ 2025.pdf p. 132
J37I12000100001,"Opera ultimata, assente dal file",,,,concluso,"Opere ultimate, agg2025 p. 132",,Manutenzione Straordinaria cicli fino al 2011,CdP_2022-2026_Investimenti_Agg_ 2025.pdf p. 132
J37I12000110001,Concorda,CDP-I,,Attivo,in corso,"Tabella A/B, agg2025 p. 72",P245|1659,Adeguamento e velocizzazione linea ferroviaria jonica - tratta Sibari-Melito Porto Salvo e trasversale Lamezia Terme - Catanzaro Lido Elettrificazione linea jonica tratta Catanzaro Lido - Crotone - Sibari Potenziamento Lamezia Terme - Settingiano e elettrificazione,CdP_2017-2021_Investimenti.pdf p. 65 | CdP_2017-2021_Investimenti.pdf p. 158 | CdP_2017-2021_Investimenti_Agg2020-2021.pdf p. 47 | CdP_2017-2021_Investimenti_Agg2020-2021.pdf p. 109 | CdP_2022-2026_Investimenti.pdf p. 63 | CdP_2022-2026_Investimenti.pdf p. 123
J37I12000140001,Concorda,CDP-I,,Attivo,in corso,"Appendice 2, app2-agg2025 p. 12",P193|P072,PRG ed ACC Bari Centrale,CdP_2017-2021_Investimenti.pdf p. 43 | CdP_2017-2021_Investimenti.pdf p. 162 | appendice_2_lista_cup.pdf p. 12 | appendice_3_schede_intervento.pdf p. 237
J37I12000150006,"Altro, solo nei documenti",,,,non piu' nel contratto,"Tabella A/B precedente, cdp2017 p. 58",P174,Scalo merci Bari Lamasinata Nuova stazione di Bari Lamasinata/Ferruccio fasi PROG PROG,CdP_2017-2021_Investimenti.pdf p. 58 | CdP_2017-2021_Investimenti.pdf p. 140 | CdP_2017-2021_Investimenti_Agg2020-2021.pdf p. 52 | CdP_2017-2021_Investimenti_Agg2020-2021.pdf p. 95
J37I12000160006,Concorda,CDP-I,,Attivo,in corso,"Tabella A/B, agg2025 p. 75",P174,Scalo merci Bari Lamasinata Nuova stazione di Bari Lamasinata/Ferruccio fasi PROG PROG,CdP_2017-2021_Investimenti.pdf p. 58 | CdP_2017-2021_Investimenti.pdf p. 140 | CdP_2017-2021_Investimenti_Agg2020-2021.pdf p. 52 | CdP_2017-2021_Investimenti_Agg2020-2021.pdf p. 96 | CdP_2022-2026_Investimenti.pdf p. 57 | CdP_2022-2026_Investimenti.pdf p. 109
J37I12000230001,"In corso nel contratto, assente dal file",,,,in corso,"Appendice 2, app2-agg2025 p. 10",P198,Miglioramenti infrastrutturali - acquisti - Territorio Nazionale - 2012,appendice_2_lista_cup.pdf p. 10 | appendice_3_schede_intervento.pdf p. 91
J37I13000010001,"Servizi, non verificabile",CDP-S,,Attivo,,,,,
J37I13000020001,"Opera ultimata, assente dal file",,,,concluso,"Opere ultimate, agg2025 p. 132",,Manutenzione Straordinaria cicli fino al 2011,CdP_2017-2021_Investimenti_Agg2020-2021.pdf p. 126 | CdP_2022-2026_Investimenti_Agg_ 2025.pdf p. 132
J37I13000030001,"Servizi, non verificabile",CDP-S,,Attivo,,,,,
J37I13000040001,"Servizi, non verificabile",CDP-S,,Attivo,,,,,
J37I13000050001,"Servizi, non verificabile",CDP-S,,Attivo,,,,,
J37I18000060001,"Opera ultimata, CUP attivo in BDAP",CDP-I,,Attivo,concluso,"Opere ultimate, agg2025 p. 141",,"Tecnologie per la sicurezza, la circolazione e l'efficientamento",CdP_2022-2026_Investimenti_Agg_ 2025.pdf p. 141
J37J18000080001,Concorda,CDP-I,,Attivo,in corso,"Appendice 2, app2-agg2025 p. 14",P223,DOIT TS – upgrading linee viaggiatori,appendice_2_lista_cup.pdf p. 14 | appendice_3_schede_intervento.pdf p. 365
J37J18000150001,"Servizi, non verificabile",CDP-S,,Attivo,,,,,
J37J18000160001,"Servizi, non verificabile",CDP-S,,Attivo,,,,,
J37J18000170001,"Servizi, non verificabile",CDP-S,,Attivo,,,,,
J37J18000180001,"Servizi, non verificabile",CDP-S,,Attivo,,,,,
J37J18000190001,Concorda,CDP-I,,Attivo,in corso,"Appendice 2, app2-agg2025 p. 12",P060,Upgrading scali merci- DOIT Bari,appendice_2_lista_cup.pdf p. 12 | appendice_3_schede_intervento.pdf p. 257 | relazione_informativa_agg_2025_v04_clean.pdf p. 16
J37J19000000001,"Opera ultimata, CUP attivo in BDAP",CDP-I,,Attivo,concluso,"Opere ultimate, agg2025 p. 141",,"Tecnologie per la sicurezza, la circolazione e l'efficientamento",CdP_2022-2026_Investimenti_Agg_ 2025.pdf p. 141
J37J19000010001,"Opera ultimata, CUP attivo in BDAP",CDP-I,,Attivo,concluso,"Opere ultimate, agg2025 p. 136",,Sicurezza ed Obblighi di Legge,CdP_2022-2026_Investimenti_Agg_ 2025.pdf p. 136
J39B12000040001,Concorda,CDP-I,,Attivo,in corso,"Appendice 2, app2-agg2025 p. 14",P223|P072,Velocizzazione Napoli-Bari,CdP_2017-2021_Investimenti.pdf p. 43 | CdP_2017-2021_Investimenti.pdf p. 162 | appendice_2_lista_cup.pdf p. 14 | appendice_3_schede_intervento.pdf p. 365
J41C07000000001,Concorda,CDP-I,,Attivo,in corso,"Tabella A/B, agg2025 p. 82",0325,Linea AV/AC Milano-Verona: tratta Treviglio-Brescia,CdP_2017-2021_Investimenti.pdf p. 109 | CdP_2017-2021_Investimenti.pdf p. 172 | CdP_2017-2021_Investimenti_Agg2020-2021.pdf p. 67 | CdP_2017-2021_Investimenti_Agg2020-2021.pdf p. 122 | CdP_2022-2026_Investimenti.pdf p. 82 | CdP_2022-2026_Investimenti.pdf p. 134
J41C09000000005,Concorda,CDP-I,,Attivo,in corso,"Tabella A/B, agg2025 p. 62",0337A|0337B|0337,Accesso al Brennero lotto 3a - Circonvallazione di Trento Circonvallazione di Trento (lotto 3a) e progettazione preliminare lotti 3a e 3b,CdP_2017-2021_Investimenti.pdf p. 92 | CdP_2017-2021_Investimenti.pdf p. 149 | CdP_2017-2021_Investimenti_Agg2020-2021.pdf p. 55 | CdP_2017-2021_Investimenti_Agg2020-2021.pdf p. 103 | CdP_2022-2026_Investimenti.pdf p. 60 | CdP_2022-2026_Investimenti.pdf p. 72
J41C10000030001,"Opera ultimata, CUP attivo in BDAP",CDP-I,,Attivo,concluso,"Opere ultimate, agg2023 p. 38",0339,"Nodo di Livorno: potenziamento dei collegamenti ferroviari tra porto di Livorno, rete ferroviaria e interporto di Guasticce",CdP_2017-2021_Investimenti.pdf p. 57 | CdP_2017-2021_Investimenti.pdf p. 139 | CdP_2017-2021_Investimenti_Agg2020-2021.pdf p. 39 | CdP_2017-2021_Investimenti_Agg2020-2021.pdf p. 94 | CdP_2022-2026_Investimenti.pdf p. 139 | CdP_2022-2026_Investimenti_Agg2023.pdf p. 38
J41E91000000009,Concorda,CDP-I,,Attivo,in corso,"Tabella A/B, agg2025 p. 82",0362A|0362B,Linea AV/AC Verona-Padova 1° lotto funzionale: Tratta Verona-bivio Vicenza,CdP_2017-2021_Investimenti.pdf p. 109 | CdP_2017-2021_Investimenti.pdf p. 172 | CdP_2017-2021_Investimenti_Agg2020-2021.pdf p. 67 | CdP_2017-2021_Investimenti_Agg2020-2021.pdf p. 122 | CdP_2022-2026_Investimenti.pdf p. 82 | CdP_2022-2026_Investimenti.pdf p. 134
J41G22000010001,Concorda,CDP-I,,Attivo,in corso,"Appendice 2, app2-agg2025 p. 10",P200,Nuove fermate e stazioni Area Centro Nord,appendice_2_lista_cup.pdf p. 10 | appendice_3_schede_intervento.pdf p. 126
J41G22000090001,Concorda,CDP-I,,Attivo,in corso,"Appendice 2, app2-agg2025 p. 9",P237,City Hub e linee metropolitane Area Nord,appendice_2_lista_cup.pdf p. 9 | appendice_3_schede_intervento.pdf p. 67 | relazione_informativa_agg_2025_v04_clean.pdf p. 16
J41G23000030001,Concorda,CDP-I,,Attivo,in corso,"Appendice 2, app2-agg2025 p. 10",P199,Fermata Basso Garda,appendice_2_lista_cup.pdf p. 10 | appendice_3_schede_intervento.pdf p. 110
J41G23000070001,Concorda,CDP-I,,Attivo,in corso,"Tabella A/B, agg2025 p. 72",P262A,Velocizzazione e potenziamento linea ferroviaria Adriatica 1^ fase,CdP_2022-2026_Investimenti_Agg2024.pdf p. 59 | CdP_2022-2026_Investimenti_Agg2024.pdf p. 99 | CdP_2022-2026_Investimenti_Agg_ 2025.pdf p. 73 | CdP_2022-2026_Investimenti_Agg_ 2025.pdf p. 116 | appendice_3_schede_intervento.pdf p. 396 | appendice_7_distribuzione_territoriale.pdf p. 4
J41H00000230001,Concorda,CDP-I,,Chiuso,concluso,"Opere ultimate, agg2025 p. 140",,Impianti industriali e terminali viaggiatori e merci,CdP_2022-2026_Investimenti_Agg_ 2025.pdf p. 140
J41H00000240001,Concorda,CDP-I,,Chiuso,concluso,"Opere ultimate, agg2025 p. 132",,Manutenzione Straordinaria cicli fino al 2011,CdP_2017-2021_Investimenti.pdf p. 177 | CdP_2022-2026_Investimenti_Agg_ 2025.pdf p. 132
J41H00000240011,Concorda,CDP-I,,Chiuso,concluso,"Opere ultimate, agg2025 p. 136",,Sicurezza ed Obblighi di Legge,CdP_2017-2021_Investimenti.pdf p. 177 | CdP_2022-2026_Investimenti_Agg_ 2025.pdf p. 136
J41H00000240021,"Opera ultimata, assente dal file",,,,concluso,"Opere ultimate, cdp2017 p. 177",,Manutenzione straordinaria - Armamento lotto C - Ancona,CdP_2017-2021_Investimenti.pdf p. 177
J41H00000250001,Concorda,CDP-I,,Chiuso,concluso,"Opere ultimate, agg2025 p. 132",,Manutenzione Straordinaria cicli fino al 2011,CdP_2022-2026_Investimenti_Agg_ 2025.pdf p. 132
J41H00000250011,"Opera ultimata, assente dal file",,,,concluso,"Opere ultimate, agg2025 p. 132",,Manutenzione Straordinaria cicli fino al 2011,CdP_2017-2021_Investimenti_Agg2020-2021.pdf p. 126 | CdP_2022-2026_Investimenti_Agg_ 2025.pdf p. 132
J41H00000250021,"Opera ultimata, assente dal file",,,,concluso,"Opere ultimate, agg2025 p. 132",,Manutenzione Straordinaria cicli fino al 2011,CdP_2022-2026_Investimenti_Agg_ 2025.pdf p. 132
J41H01000080008,Concorda,CDP-I,,Attivo,in corso,"Tabella A/B, agg2025 p. 61",0279A|0279B,Itinerario Napoli-Bari: Raddoppio e velocizzazione tratta Cancello-Frasso Telesino Nuovo collegamento Cancello-Frasso Telesino e progettazione preliminare intero itinerario,CdP_2017-2021_Investimenti.pdf p. 67 | CdP_2017-2021_Investimenti.pdf p. 161 | CdP_2017-2021_Investimenti_Agg2020-2021.pdf p. 42 | CdP_2017-2021_Investimenti_Agg2020-2021.pdf p. 113 | CdP_2022-2026_Investimenti.pdf p. 64 | CdP_2022-2026_Investimenti.pdf p. 127
J41H01000090001,"Opera ultimata, assente dal file",,,,concluso,"Opere ultimate, agg2025 p. 132",,Manutenzione Straordinaria cicli fino al 2011,CdP_2022-2026_Investimenti_Agg_ 2025.pdf p. 132
J41H02000070011,"Opera ultimata, assente dal file",,,,concluso,"Opere ultimate, agg2025 p. 132",,Manutenzione Straordinaria cicli fino al 2011,CdP_2017-2021_Investimenti_Agg2020-2021.pdf p. 129 | CdP_2022-2026_Investimenti_Agg_ 2025.pdf p. 132
J41H02000070021,"Investimenti, non nei documenti",CDP-I,,Attivo,,,,,
J41H02000070061,"Opera ultimata, assente dal file",,,,concluso,"Opere ultimate, agg2023 p. 37",,Manten in effic imp manut rotab -ReggioC - ante 2011,CdP_2022-2026_Investimenti_Agg2023.pdf p. 37
J41H02000070121,Concorda,CDP-I,,Chiuso,concluso,"Opere ultimate, agg2025 p. 132",,Manutenzione Straordinaria cicli fino al 2011,CdP_2022-2026_Investimenti_Agg_ 2025.pdf p. 132
J41H02000070141,"Opera ultimata, assente dal file",,,,concluso,"Opere ultimate, agg2025 p. 132",,Manutenzione Straordinaria cicli fino al 2011,CdP_2017-2021_Investimenti_Agg2020-2021.pdf p. 129 | CdP_2022-2026_Investimenti_Agg_ 2025.pdf p. 132
J41H02000070171,"Opera ultimata, assente dal file",,,,concluso,"Opere ultimate, agg2025 p. 132",,Manutenzione Straordinaria cicli fino al 2011,CdP_2017-2021_Investimenti_Agg2020-2021.pdf p. 129 | CdP_2022-2026_Investimenti_Agg_ 2025.pdf p. 132
J41H02000070221,"Opera ultimata, assente dal file",,,,concluso,"Opere ultimate, agg2025 p. 132",,Manutenzione Straordinaria cicli fino al 2011,CdP_2017-2021_Investimenti_Agg2020-2021.pdf p. 129 | CdP_2022-2026_Investimenti_Agg_ 2025.pdf p. 132
J41H02000080001,"Opera ultimata, CUP attivo in BDAP",CDP-I,,Attivo,concluso,"Opere ultimate, agg2021 p. 127",,Sistema di Controllo Marcia Treno (SCMT)-realizzazione sottosistema di terra (SST) - DTP Torino,CdP_2017-2021_Investimenti_Agg2020-2021.pdf p. 127
J41H02000080011,"Opera ultimata, CUP attivo in BDAP",CDP-I,,Attivo,concluso,"Opere ultimate, agg2021 p. 127",,Sistema di Controllo Marcia Treno (SCMT)-realizzazione sottosistema di terra (SST) - DTP Napoli,CdP_2017-2021_Investimenti_Agg2020-2021.pdf p. 127
J41H02000080021,"Opera ultimata, CUP attivo in BDAP",CDP-I,,Attivo,concluso,"Opere ultimate, agg2021 p. 127",,Sistema di Controllo Marcia Treno (SCMT)-realizzazione sottosistema di terra (SST) - DTP Roma,CdP_2017-2021_Investimenti_Agg2020-2021.pdf p. 127
J41H02000080031,"Opera ultimata, CUP attivo in BDAP",CDP-I,,Attivo,concluso,"Opere ultimate, agg2021 p. 127",,Sistema di Controllo Marcia Treno (SCMT)-realizzazione sottosistema di terra (SST) - DTP Ancona,CdP_2017-2021_Investimenti_Agg2020-2021.pdf p. 127
J41H02000080041,Concorda,CDP-I,,Chiuso,concluso,"Opere ultimate, agg2025 p. 136",,Sicurezza ed Obblighi di Legge,CdP_2022-2026_Investimenti_Agg_ 2025.pdf p. 136
J41H02000080051,"Opera ultimata, CUP attivo in BDAP",CDP-I,,Attivo,concluso,"Opere ultimate, agg2021 p. 127",,Sistema di Controllo Marcia Treno (SCMT)-realizzazione sottosistema di terra (SST) - DTP Bari,CdP_2017-2021_Investimenti_Agg2020-2021.pdf p. 127
J41H02000080061,Concorda,CDP-I,,Attivo,in corso,"Appendice 2, app2-agg2025 p. 6",A2004A,Sistema di Controllo Marcia Treno (SCMT)-realizzazione sottosistema di terra (SST) - DOIT Firenze,appendice_2_lista_cup.pdf p. 6 | appendice_3_schede_intervento.pdf p. 36
J41H02000080071,"Opera ultimata, CUP attivo in BDAP",CDP-I,,Attivo,concluso,"Opere ultimate, agg2021 p. 127",,Sistema di Controllo Marcia Treno (SCMT)-realizzazione sottosistema di terra (SST) - DTP Bologna,CdP_2017-2021_Investimenti_Agg2020-2021.pdf p. 127
J41H02000080081,"Opera ultimata, CUP attivo in BDAP",CDP-I,,Attivo,concluso,"Opere ultimate, agg2021 p. 127",,Sistema di Controllo Marcia Treno (SCMT)-realizzazione sottosistema di terra (SST) - DTP Verona,CdP_2017-2021_Investimenti_Agg2020-2021.pdf p. 127
J41H02000080091,"Opera ultimata, CUP attivo in BDAP",CDP-I,,Attivo,concluso,"Opere ultimate, agg2021 p. 127",,Sistema di Controllo Marcia Treno (SCMT)-realizzazione sottosistema di terra (SST) - DTP Trieste,CdP_2017-2021_Investimenti_Agg2020-2021.pdf p. 127
J41H02000080141,"Opera ultimata, CUP attivo in BDAP",CDP-I,,Attivo,concluso,"Opere ultimate, agg2021 p. 127",,Sistema di Controllo Marcia Treno (SCMT)-realizzazione sottosistema di terra (SST) - DTP Venezia,CdP_2017-2021_Investimenti_Agg2020-2021.pdf p. 127
J41H02000080151,"Opera ultimata, CUP attivo in BDAP",CDP-I,,Attivo,concluso,"Opere ultimate, agg2021 p. 127",,Sistema di Controllo Marcia Treno (SCMT)-realizzazione sottosistema di terra (SST) - DTP Genova,CdP_2017-2021_Investimenti_Agg2020-2021.pdf p. 127
J41H02000080171,"Opera ultimata, CUP attivo in BDAP",CDP-I,,Attivo,concluso,"Opere ultimate, agg2021 p. 127",,Sistema di Controllo Marcia Treno (SCMT)-realizzazione sottosistema di terra (SST) - DTP Palermo,CdP_2017-2021_Investimenti_Agg2020-2021.pdf p. 127
J41H02000080181,"Opera ultimata, assente dal file",,,,concluso,"Opere ultimate, agg2021 p. 128",,Sistema di Controllo Marcia Treno (SCMT)-Automac Train Control (ATC): certificazione di conformità,CdP_2017-2021_Investimenti_Agg2020-2021.pdf p. 128
J41H03000080011,"Opera ultimata, assente dal file",,,,concluso,"Opere ultimate, agg2025 p. 140",,Studi di fattibilità e progettazioni,CdP_2022-2026_Investimenti_Agg_ 2025.pdf p. 140
J41H92000000008,Concorda,CDP-I,,Attivo,in corso,"Tabella A/B, agg2025 p. 59",0099A|0099B|0099C,Itinerario Napoli-Bari: Raddoppio Bovino-Cervaro Raddoppio Bovino-Cervaro,CdP_2017-2021_Investimenti.pdf p. 67 | CdP_2017-2021_Investimenti.pdf p. 85 | CdP_2017-2021_Investimenti.pdf p. 161 | CdP_2017-2021_Investimenti_Agg2020-2021.pdf p. 42 | CdP_2017-2021_Investimenti_Agg2020-2021.pdf p. 113 | CdP_2022-2026_Investimenti.pdf p. 64
J41J03000000001,"Opera ultimata, assente dal file",,,,concluso,"Opere ultimate, cdp2017 p. 181",,GEIE-Galleria di base del Brennero- 2° fase,CdP_2017-2021_Investimenti.pdf p. 181
J42F20000840001,"In corso nel contratto, assente dal file",,,,in corso,"Appendice 2, app2-agg2025 p. 12",NA026,Analisi di pre - fattibilità della nuova fermata AV nel frusinate,appendice_2_lista_cup.pdf p. 12 | appendice_3_schede_intervento.pdf p. 481
J44C14000020002,Concorda,CDP-I,,Attivo,in corso,"Tabella A/B, agg2025 p. 58",P129,Collegamento ferroviario aeroporto di Genova Fermate di Erzelli/Aeroporto e Cornigliano est ACC e PRG Sestri Ponente PROG PROG,CdP_2017-2021_Investimenti.pdf p. 60 | CdP_2017-2021_Investimenti.pdf p. 142 | CdP_2017-2021_Investimenti_Agg2020-2021.pdf p. 41 | CdP_2017-2021_Investimenti_Agg2020-2021.pdf p. 97 | CdP_2022-2026_Investimenti.pdf p. 58 | CdP_2022-2026_Investimenti.pdf p. 111
J44C19000040009,Concorda,CDP-I,,Attivo,in corso,"Appendice 2, app2-agg2025 p. 12",P134,Nodo complesso di Salerno Centrale,appendice_2_lista_cup.pdf p. 12 | appendice_3_schede_intervento.pdf p. 233
J44C20000000001,Concorda,CDP-I,,Attivo,in corso,"Tabella A/B, agg2025 p. 51",I174,Nuova stazione Taranto Nasisi Nuova stazione Taranto Nasisi,CdP_2017-2021_Investimenti_Agg2020-2021.pdf p. 34 | CdP_2017-2021_Investimenti_Agg2020-2021.pdf p. 81 | CdP_2022-2026_Investimenti.pdf p. 51 | CdP_2022-2026_Investimenti.pdf p. 97 | CdP_2022-2026_Investimenti_Agg2024.pdf p. 44 | CdP_2022-2026_Investimenti_Agg2024.pdf p. 80
J44C20002260001,Concorda,CDP-I,,Attivo,in corso,"Appendice 2, app2-agg2025 p. 14",P223,Upgrading tecnologico linea Adriatica tratta Bologna-Rimini - ulteriore fase,CdP_Servizi_2022-2026_AI2_Agg2024.pdf p. 58 | appendice_2_lista_cup.pdf p. 14 | appendice_3_schede_intervento.pdf p. 364 | appendice_9_elenco_opere_pnrr_e_pnc.pdf p. 2
J44D20000050009,Concorda,CDP-I,,Attivo,in corso,"Tabella A/B, agg2025 p. 56",P252,Adeguamento e potenziamento impianto di Vado Ligure zona industriale Adeguamento e potenziamento impianto di Vado Ligure zona industriale Fase 1 Adeguamento e potenziamento impianto di Vado Ligure zona industriale Fase 2,CdP_2017-2021_Investimenti_Agg2020-2021.pdf p. 40 | CdP_2017-2021_Investimenti_Agg2020-2021.pdf p. 95 | CdP_2022-2026_Investimenti.pdf p. 56 | CdP_2022-2026_Investimenti.pdf p. 108 | CdP_2022-2026_Investimenti_Agg2024.pdf p. 47 | CdP_2022-2026_Investimenti_Agg2024.pdf p. 89
J44D20000060009,Concorda,CDP-I,,Attivo,in corso,"Tabella A/B, agg2025 p. 71",I175,Raddoppio PM 228-Albacina,CdP_2017-2021_Investimenti_Agg2020-2021.pdf p. 57 | CdP_2017-2021_Investimenti_Agg2020-2021.pdf p. 111 | CdP_2022-2026_Investimenti.pdf p. 73 | CdP_2022-2026_Investimenti.pdf p. 125 | CdP_2022-2026_Investimenti_Agg2024.pdf p. 60 | CdP_2022-2026_Investimenti_Agg2024.pdf p. 101
J44E21000080001,Concorda,CDP-I,,Attivo,in corso,"Appendice 2, app2-agg2025 p. 11",P112,Upgrading infrastrutturale e tecnologico DOIT Bologna - 2021,appendice_2_lista_cup.pdf p. 11 | appendice_3_schede_intervento.pdf p. 203
J44E21002660001,Concorda,CDP-I,,Attivo,in corso,"Tabella A/B, agg2025 p. 57",P258,Linea Rosarno-S. Ferdinando: adeguamento PRG impianti di Rosarno e San Ferdinando Adeguamento PRG impianti di Rosarno e San Ferdinando,CdP_2022-2026_Investimenti.pdf p. 57 | CdP_2022-2026_Investimenti.pdf p. 110 | CdP_2022-2026_Investimenti_Agg2024.pdf p. 47 | CdP_2022-2026_Investimenti_Agg2024.pdf p. 90 | CdP_2022-2026_Investimenti_Agg_ 2025.pdf p. 57 | CdP_2022-2026_Investimenti_Agg_ 2025.pdf p. 105
J44E21002870008,Concorda,CDP-I,,Attivo,in corso,"Appendice 2, app2-agg2025 p. 10",P199,Potenziamento Ravenna - Rimini,appendice_2_lista_cup.pdf p. 10 | appendice_3_schede_intervento.pdf p. 110
J44E22000060001,Concorda,CDP-I,,Attivo,in corso,"Appendice 2, app2-agg2025 p. 11",P112,Upgrading infrastrutturale e tecnologico DOIT Bologna - 2022,appendice_2_lista_cup.pdf p. 11 | appendice_3_schede_intervento.pdf p. 203
J44E22002770001,Concorda,CDP-I,,Attivo,in corso,"Appendice 2, app2-agg2025 p. 14",P223,Velocizzazione tratta Pescara - Termoli,appendice_2_lista_cup.pdf p. 14 | appendice_3_schede_intervento.pdf p. 365
J44E22002780009,Concorda,CDP-I,,Attivo,in corso,"Appendice 2, app2-agg2025 p. 14",P223,Velocizzazione Adriatica 200 km/h - DOIT Bari,CdP_Servizi_2022-2026_AI2_Agg2024.pdf p. 58 | appendice_2_lista_cup.pdf p. 14 | appendice_3_schede_intervento.pdf p. 365 | appendice_9_elenco_opere_pnrr_e_pnc.pdf p. 3 | relazione_informativa_agg_2025_v04_clean.pdf p. 14
J44G19000010001,Concorda,CDP-I,,Attivo,in corso,"Tabella A/B, agg2025 p. 51",I177,"Completamento metropolitana di Salerno: tratta stadio Arechi-Pontecagnano Aeroporto Completamento metropolitana di Salerno: tratta stadio Arechi- Pontecagnano Aeroporto ASI Salerno - nuova stazione metropolitana - ""Zona Industriale""",CdP_2017-2021_Investimenti_Agg2020-2021.pdf p. 34 | CdP_2017-2021_Investimenti_Agg2020-2021.pdf p. 80 | CdP_2022-2026_Investimenti.pdf p. 50 | CdP_2022-2026_Investimenti.pdf p. 96 | CdP_2022-2026_Investimenti_Agg2024.pdf p. 43 | CdP_2022-2026_Investimenti_Agg2024.pdf p. 79
J44H14000090005,Concorda,CDP-I,,Attivo,in corso,"Appendice 2, app2-agg2025 p. 8",A2011|A5000_2,Upgrading linea DDma Firenze-Roma,CdP_2017-2021_Investimenti.pdf p. 73 | CdP_2017-2021_Investimenti.pdf p. 169 | CdP_2017-2021_Investimenti_Agg2020-2021.pdf p. 49 | CdP_2017-2021_Investimenti_Agg2020-2021.pdf p. 120 | CdP_Servizi_2022-2026_AI2_Agg2024.pdf p. 57 | appendice_2_lista_cup.pdf p. 8
J44H16000380001,Concorda,CDP-I,,Attivo,in corso,"Appendice 2, app2-agg2025 p. 12",P060,Upgrading prestazionale linee di adduzione ai porti - DOIT Bologna,appendice_2_lista_cup.pdf p. 12 | appendice_3_schede_intervento.pdf p. 257
J44H17000110001,Concorda,CDP-I,,Attivo,in corso,"Appendice 2, app2-agg2025 p. 14",P224|P090,Adeguamento a standard AV/AC della linea DDma Roma-Firenze 2^ fase,CdP_2017-2021_Investimenti_Agg2020-2021.pdf p. 46 | CdP_2017-2021_Investimenti_Agg2020-2021.pdf p. 106 | appendice_2_lista_cup.pdf p. 14 | appendice_3_schede_intervento.pdf p. 374 | relazione_informativa_agg_2025_v04_clean.pdf p. 14
J44H17000430001,Concorda,CDP-I,,Attivo,in corso,"Appendice 2, app2-agg2025 p. 14",P223,Upgrading prestazionale corridoio Baltico-Adriatico (DOIT Bologna),appendice_2_lista_cup.pdf p. 14 | appendice_3_schede_intervento.pdf p. 365
J44H17000670001,Concorda,CDP-I,,Attivo,in corso,"Tabella A/B, agg2025 p. 50",I162,Ripristino linea Palermo-Trapani via Milo Ripristino linea Palermo-Trapani via Milo,CdP_2017-2021_Investimenti_Agg2020-2021.pdf p. 35 | CdP_2017-2021_Investimenti_Agg2020-2021.pdf p. 82 | CdP_2022-2026_Investimenti.pdf p. 52 | CdP_2022-2026_Investimenti.pdf p. 98 | CdP_2022-2026_Investimenti_Agg2024.pdf p. 44 | CdP_2022-2026_Investimenti_Agg2024.pdf p. 81
J44H20001400009,Concorda,CDP-I,,Attivo,in corso,"Appendice 2, app2-agg2025 p. 11",P054,Potenziamento infrastrutturale e tecnologico di Milano Centrale,CdP_Servizi_2022-2026_AI2_Agg2024.pdf p. 58 | appendice_2_lista_cup.pdf p. 11 | appendice_3_schede_intervento.pdf p. 194 | appendice_9_elenco_opere_pnrr_e_pnc.pdf p. 2
J44H20001410001,Concorda,CDP-I,,Attivo,in corso,"Tabella A/B, agg2025 p. 51",P123,Elettrificazione Ivrea-Aosta e adeguamento linea Chivasso - Aosta Elettrificazione Ivrea-Aosta e Velocizzazione impianti e soppressione PL linea Chivasso-Aosta,CdP_2017-2021_Investimenti_Agg2020-2021.pdf p. 31 | CdP_2017-2021_Investimenti_Agg2020-2021.pdf p. 74 | CdP_2022-2026_Investimenti.pdf p. 47 | CdP_2022-2026_Investimenti.pdf p. 90 | CdP_2022-2026_Investimenti_Agg2024.pdf p. 42 | CdP_2022-2026_Investimenti_Agg2024.pdf p. 75
J44H20001660009,Concorda,CDP-I,,Attivo,in corso,"Appendice 2, app2-agg2025 p. 10",P201,Metroferrovia di Ragusa,appendice_2_lista_cup.pdf p. 10 | appendice_3_schede_intervento.pdf p. 155
J44J22000150001,Concorda,CDP-I,,Attivo,in corso,"Appendice 2, app2-agg2025 p. 12",P060,Upgrade collegamento Sampierdarena - Parco Fuori Muro,appendice_2_lista_cup.pdf p. 12 | appendice_3_schede_intervento.pdf p. 257 | relazione_informativa_agg_2025_v04_clean.pdf p. 16
J44J23000990001,Concorda,CDP-I,,Attivo,in corso,"Appendice 2, app2-agg2025 p. 11",P112,Upgrading infrastrutturale e tecnologico DOIT Bologna - 2023,appendice_2_lista_cup.pdf p. 11 | appendice_3_schede_intervento.pdf p. 203
J46E19000130001,Concorda,CDP-I,,Attivo,in corso,"Appendice 2, app2-agg2025 p. 14",P223,Velocizzazione direttrice Adriatica: completamento upgrading tecnologico tratta Pescara - Lecce (Termoli - Foggia),CdP_Servizi_2022-2026_AI2_Agg2024.pdf p. 58 | appendice_2_lista_cup.pdf p. 14 | appendice_3_schede_intervento.pdf p. 365 | appendice_9_elenco_opere_pnrr_e_pnc.pdf p. 3 | relazione_informativa_agg_2025_v04_clean.pdf p. 14
J46E19000210001,Concorda,CDP-I,,Attivo,in corso,"Appendice 2, app2-agg2025 p. 11",P054,ACC di Milano Certosa,appendice_2_lista_cup.pdf p. 11 | appendice_3_schede_intervento.pdf p. 194
J46G21003990001,Concorda,CDP-I,,Attivo,in corso,"Appendice 2, app2-agg2025 p. 6",A2001B,Sviluppo Posti Centrali Nord,appendice_2_lista_cup.pdf p. 6 | appendice_3_schede_intervento.pdf p. 34
J47B14000020005,"Opera ultimata, CUP attivo in BDAP",CDP-I,,Attivo,concluso,"Opere ultimate, agg2025 p. 138",,Sviluppo infrastrutturale e upgrading,CdP_2022-2026_Investimenti_Agg_ 2025.pdf p. 138
J47D17000000001,"Opera ultimata, CUP attivo in BDAP",CDP-I,,Attivo,concluso,"Opere ultimate, agg2025 p. 136",,Sicurezza ed Obblighi di Legge,CdP_2022-2026_Investimenti_Agg_ 2025.pdf p. 136
J47D22000090001,Concorda,CDP-I,,Attivo,in corso,"Appendice 2, app2-agg2025 p. 9",P055_A,Riqualificazione stazioni Area Nord,appendice_2_lista_cup.pdf p. 9 | appendice_3_schede_intervento.pdf p. 65
J47D22000100001,Concorda,CDP-I,,Attivo,in corso,"Appendice 2, app2-agg2025 p. 9",P055_A,"deploy SEM - area Nord Riqualificazione funzionale e adeguamento dell'accessibilità dei fabbricati e delle aree antistanti di stazione, deploy Wi-life e",appendice_2_lista_cup.pdf p. 9 | appendice_3_schede_intervento.pdf p. 65
J47D22000150001,Concorda,CDP-I,,Attivo,in corso,"Appendice 2, app2-agg2025 p. 9",P055_A,Nuovo assetto piano del ferro stazioni Area Nord,appendice_2_lista_cup.pdf p. 9 | appendice_3_schede_intervento.pdf p. 65
J47D22000160001,Concorda,CDP-I,,Attivo,in corso,"Appendice 2, app2-agg2025 p. 9",P055_A,Innalzamento/prolungamento dei marciapiedi e IAP di stazione - area Nord,appendice_2_lista_cup.pdf p. 9 | appendice_3_schede_intervento.pdf p. 65
J47D22000170001,Concorda,CDP-I,,Attivo,in corso,"Appendice 2, app2-agg2025 p. 5",A1013B,Verifiche di vulnerabilità fisica fabbricati di stazione - Area Nord,appendice_2_lista_cup.pdf p. 5 | appendice_3_schede_intervento.pdf p. 20
J47D22000180001,Concorda,CDP-S,,Attivo,servizi,"Servizi, Allegato 4c, srv2026 p. 17",,CdP-S Infrastruttura Fisica DOIT Bologna - anno 2023,CdP_Servizi_2022-2026_AI4_Agg2026.pdf p. 17
J47D22000190001,"Servizi, non verificabile",CDP-S,,Attivo,,,,,
J47D22000200001,"Servizi, non verificabile",CDP-S,,Attivo,,,,,
J47D22000210001,"Servizi, non verificabile",CDP-S,,Attivo,,,,,
J47D22000220001,"Servizi, non verificabile",CDP-S,,Attivo,,,,,
J47D22000230001,"Servizi, non verificabile",CDP-S,,Attivo,,,,,
J47D23000140001,"Servizi, non verificabile",CDP-S,,Attivo,,,,,
J47D23000150001,"Servizi, non verificabile",CDP-S,,Attivo,,,,,
J47D23000160001,"Servizi, non verificabile",CDP-S,,Attivo,,,,,
J47D23000170001,"Servizi, non verificabile",CDP-S,,Attivo,,,,,
J47D23000180001,"Servizi, non verificabile",CDP-S,,Attivo,,,,,
J47D23000190001,"Servizi, non verificabile",CDP-S,,Attivo,,,,,
J47D23000260001,"Servizi, non verificabile",CDP-S,,Attivo,,,,,
J47D23000270001,"Servizi, non verificabile",CDP-S,,Attivo,,,,,
J47D23000280001,"Servizi, non verificabile",CDP-S,,Attivo,,,,,
J47D23000290001,"Servizi, non verificabile",CDP-S,,Attivo,,,,,
J47D23000300001,"Servizi, non verificabile",CDP-S,,Attivo,,,,,
J47D23000310001,"Servizi, non verificabile",CDP-S,,Attivo,,,,,
J47D25000080001,"Servizi, non verificabile",,CDP-S,Attivo,,,,,
J47D25000090001,"Servizi, non verificabile",,CDP-S,Attivo,,,,,
J47D25000120001,"Servizi, non verificabile",,CDP-S,Attivo,,,,,
J47E13000130001,"Servizi, non verificabile",CDP-S,,Attivo,,,,,
J47F19000190001,"Opera ultimata, CUP attivo in BDAP",CDP-I,,Attivo,concluso,"Opere ultimate, agg2025 p. 138",,Sviluppo infrastrutturale e upgrading,CdP_2022-2026_Investimenti_Agg_ 2025.pdf p. 138
J47F19000250001,Concorda,CDP-I,,Attivo,in corso,"Appendice 2, app2-agg2025 p. 14",P224,Interventi di upgrading per il business merci - Linea Tirrenica e Roma-Napoli via Formia,CdP_Servizi_2022-2026_AI2_Agg2024.pdf p. 58 | appendice_2_lista_cup.pdf p. 14 | appendice_3_schede_intervento.pdf p. 373 | appendice_9_elenco_opere_pnrr_e_pnc.pdf p. 2 | relazione_informativa_agg_2025_v04_clean.pdf p. 16
J47H20000320001,"In corso nel contratto, assente dal file",,,,in corso,"Appendice 2, app2-agg2025 p. 5",A1014,Ponte fiume Dora Baltea S. Anna,appendice_2_lista_cup.pdf p. 5 | appendice_3_schede_intervento.pdf p. 23
J47H21000280001,Concorda,CDP-I,,Attivo,in corso,"Appendice 2, app2-agg2025 p. 10",P200,Upgrading linee regionali Emilia Romagna - 2021,appendice_2_lista_cup.pdf p. 10 | appendice_3_schede_intervento.pdf p. 126
J47H21002070001,Concorda,CDP-I,,Attivo,in corso,"Appendice 2, app2-agg2025 p. 6",A2001B,Attrezzaggi tecnologi - DOIT Bari,appendice_2_lista_cup.pdf p. 6 | appendice_3_schede_intervento.pdf p. 33
J47H22000030001,Concorda,CDP-S,,Attivo,servizi,"Servizi, Allegato 4c, srv2026 p. 17",,CdP-S Infratruttura Fisica DOIT Bologna - anno 2022,CdP_Servizi_2022-2026_AI2_Agg2024.pdf p. 19 | CdP_Servizi_2022-2026_AI4_Agg2026.pdf p. 17
J47H22000040001,Concorda,CDP-S,,Attivo,servizi,"Servizi, Allegato 4c, srv2026 p. 17",,CdP-S Infratruttura Fisica DOIT Firenze - anno 2022,CdP_Servizi_2022-2026_AI2_Agg2024.pdf p. 19 | CdP_Servizi_2022-2026_AI4_Agg2026.pdf p. 17
J47H22000050001,"Servizi, non verificabile",CDP-S,,Attivo,,,,,
J47H22000060001,"Servizi, non verificabile",CDP-S,,Attivo,,,,,
J47H22000070001,"Servizi, non verificabile",CDP-S,,Attivo,,,,,
J47H22000080001,"Servizi, non verificabile",CDP-S,,Attivo,,,,,
J47I04000000008,"Opera ultimata, CUP attivo in BDAP",CDP-I,,Attivo,concluso,"Opere ultimate, agg2024 p. 114",,Adeguamento a standard AV/AC linea DD.ma Firenze-Roma,CdP_2017-2021_Investimenti.pdf p. 181 | CdP_2022-2026_Investimenti_Agg2024.pdf p. 114
J47I05000020001,Concorda,CDP-I,,Attivo,in corso,"Appendice 2, app2-agg2025 p. 12",P221|P222,Upgrading rete merci - DOIT Torino,appendice_2_lista_cup.pdf p. 12 | appendice_2_lista_cup.pdf p. 13 | appendice_3_schede_intervento.pdf p. 325 | appendice_3_schede_intervento.pdf p. 337 | appendice_6_agg_relazione_interventi_dl_43_2013.pdf p. 4
J47I06000110001,Concorda,CDP-I,,Attivo,in corso,"Appendice 2, app2-agg2025 p. 6",A2001B,Riconfigurazione impianti SCMT Bari,appendice_2_lista_cup.pdf p. 6 | appendice_3_schede_intervento.pdf p. 33
J47I06000120001,"Opera ultimata, CUP attivo in BDAP",CDP-I,,Attivo,concluso,"Opere ultimate, agg2024 p. 113",,Riconfig Impianti SCMT Palermo,CdP_2022-2026_Investimenti_Agg2024.pdf p. 113
J47I06000130001,"Opera ultimata, CUP attivo in BDAP",CDP-I,,Attivo,concluso,"Opere ultimate, cdp2022 p. 138",,Riconfigurazione impianti SCMT Verona,CdP_2022-2026_Investimenti.pdf p. 138
J47I06000140001,Concorda,CDP-I,,Attivo,in corso,"Tabella A/B, agg2025 p. 62",1524,"Interventi di ammodernamento e velocizzazione della tratta ferroviaria Oristano-Sassari-Olbia Soppressione passaggi a livello a nord di Oristano, istituzione Rango C linee Cagliari-Sassari/Olbia e rettifiche di tracciato tra Bauladu e Abbasanta",CdP_2017-2021_Investimenti.pdf p. 71 | CdP_2017-2021_Investimenti.pdf p. 167 | CdP_2017-2021_Investimenti_Agg2020-2021.pdf p. 44 | CdP_2017-2021_Investimenti_Agg2020-2021.pdf p. 118 | CdP_2022-2026_Investimenti.pdf p. 66 | CdP_2022-2026_Investimenti.pdf p. 131
J47I06000160001,"Opera ultimata, CUP attivo in BDAP",CDP-I,,Attivo,concluso,"Opere ultimate, cdp2022 p. 138",,Riconfigurazione impianti SCMT Bologna e Milano,CdP_2022-2026_Investimenti.pdf p. 138
J47I07000020001,"Opera ultimata, CUP attivo in BDAP",CDP-I,,Attivo,concluso,"Opere ultimate, agg2025 p. 141",,"Tecnologie per la sicurezza, la circolazione e l'efficientamento",CdP_2022-2026_Investimenti.pdf p. 138 | CdP_2022-2026_Investimenti_Agg_ 2025.pdf p. 141
J47I08000030001,"Opera ultimata, assente dal file",,,,concluso,"Opere ultimate, agg2025 p. 132",,Manutenzione Straordinaria cicli fino al 2011,CdP_2017-2021_Investimenti.pdf p. 177 | CdP_2022-2026_Investimenti_Agg_ 2025.pdf p. 132
J47I09000010001,Concorda,CDP-I,,Attivo,in corso,"Appendice 2, app2-agg2025 p. 13",P222,Potenziamento tecnologico Torino-Padova,CdP_Servizi_2022-2026_AI2_Agg2024.pdf p. 58 | appendice_2_lista_cup.pdf p. 13 | appendice_3_schede_intervento.pdf p. 337 | appendice_9_elenco_opere_pnrr_e_pnc.pdf p. 2 | relazione_informativa_agg_2025_v04_clean.pdf p. 14
J47I09000020002,"Opera ultimata, CUP attivo in BDAP",CDP-I,,Attivo,concluso,"Opere ultimate, agg2023 p. 38",1596,Velocizzazione stazioni rete sarda (comprende velocizzazione n° 6 impianti ed altri interventi minori),CdP_2017-2021_Investimenti.pdf p. 71 | CdP_2017-2021_Investimenti.pdf p. 167 | CdP_2017-2021_Investimenti_Agg2020-2021.pdf p. 44 | CdP_2017-2021_Investimenti_Agg2020-2021.pdf p. 118 | CdP_2022-2026_Investimenti.pdf p. 67 | CdP_2022-2026_Investimenti.pdf p. 131
J47I09000030009,Concorda,CDP-I,,Attivo,in corso,"Tabella A/B, agg2025 p. 71",0335,Quadruplicamento Pavia-Milano Rogoredo Quadruplicamento Rogoredo-Pieve Emanuele Quadruplicamento Pieve Emanuele-Pavia PROG PROG,CdP_2017-2021_Investimenti.pdf p. 81 | CdP_2017-2021_Investimenti.pdf p. 146 | CdP_2017-2021_Investimenti_Agg2020-2021.pdf p. 55 | CdP_2017-2021_Investimenti_Agg2020-2021.pdf p. 101 | CdP_2022-2026_Investimenti.pdf p. 71 | CdP_2022-2026_Investimenti.pdf p. 114
J47I09000040009,Concorda,CDP-I,,Attivo,in corso,"Tabella A/B, agg2025 p. 65",0334,"Potenziamento Foligno-Perugia-Terontola 1° stralcio Consolidamento sede tratta Foligno-Assisi, velocizzazione tratta Perugia Ponte San Giovanni - Foligno e nuova fermata Perugia aeroporto",CdP_2017-2021_Investimenti.pdf p. 47 | CdP_2017-2021_Investimenti.pdf p. 124 | CdP_2017-2021_Investimenti_Agg2020-2021.pdf p. 33 | CdP_2017-2021_Investimenti_Agg2020-2021.pdf p. 78 | CdP_2022-2026_Investimenti.pdf p. 49 | CdP_2022-2026_Investimenti.pdf p. 94
J47I10000010001,Concorda,CDP-I,,Attivo,in corso,"Appendice 2, app2-agg2025 p. 12",P060,Upgrading Terminali Merci - Milano,appendice_2_lista_cup.pdf p. 12 | appendice_3_schede_intervento.pdf p. 257 | relazione_informativa_agg_2025_v04_clean.pdf p. 16
J47I10000180001,"Opera ultimata, CUP attivo in BDAP",CDP-I,,Attivo,concluso,"Opere ultimate, agg2025 p. 143",,Rete AV/AC Torino-Milano-Napoli: opere in esercizio,CdP_2017-2021_Investimenti.pdf p. 181 | CdP_2017-2021_Investimenti_Agg2020-2021.pdf p. 129 | CdP_2022-2026_Investimenti_Agg2024.pdf p. 114 | CdP_2022-2026_Investimenti_Agg_ 2025.pdf p. 143
J47I12000000001,"Opera ultimata, assente dal file",,,,concluso,"Opere ultimate, agg2025 p. 132",,Manutenzione Straordinaria cicli fino al 2011,CdP_2022-2026_Investimenti_Agg_ 2025.pdf p. 132
J47I12000030001,Concorda,CDP-I,,Chiuso,concluso,"Opere ultimate, agg2025 p. 132",,Manutenzione Straordinaria cicli fino al 2011,CdP_2017-2021_Investimenti_Agg2020-2021.pdf p. 126 | CdP_2022-2026_Investimenti_Agg2023.pdf p. 37 | CdP_2022-2026_Investimenti_Agg_ 2025.pdf p. 132
J47I12000040001,Concorda,CDP-I,,Chiuso,concluso,"Opere ultimate, agg2025 p. 132",,Manutenzione Straordinaria cicli fino al 2011,CdP_2022-2026_Investimenti_Agg_ 2025.pdf p. 132
J47I12000050001,"Opera ultimata, CUP attivo in BDAP",CDP-I,,Attivo,concluso,"Opere ultimate, agg2025 p. 132",,Manutenzione Straordinaria cicli fino al 2011,CdP_2022-2026_Investimenti_Agg_ 2025.pdf p. 132
J47I12000060001,"Investimenti, non nei documenti",CDP-I,,Attivo,,,,,
J47I12000070001,"Opera ultimata, assente dal file",,,,concluso,"Opere ultimate, agg2025 p. 132",,Manutenzione Straordinaria cicli fino al 2011,CdP_2022-2026_Investimenti_Agg_ 2025.pdf p. 132
J47I12000080001,"Opera ultimata, assente dal file",,,,concluso,"Opere ultimate, agg2025 p. 132",,Manutenzione Straordinaria cicli fino al 2011,CdP_2022-2026_Investimenti_Agg_ 2025.pdf p. 132
J47I12000100001,"Opera ultimata, CUP attivo in BDAP",CDP-I,,Attivo,concluso,"Opere ultimate, agg2025 p. 140",1669,Studi di fattibilità e progettazioni,CdP_2017-2021_Investimenti.pdf p. 99 | CdP_2017-2021_Investimenti.pdf p. 135 | CdP_2022-2026_Investimenti_Agg2024.pdf p. 113 | CdP_2022-2026_Investimenti_Agg_ 2025.pdf p. 140
J47I13000000001,"Servizi, non verificabile",CDP-S,,Attivo,,,,,
J47I13000010001,"Opera ultimata, assente dal file",,,,concluso,"Opere ultimate, agg2025 p. 132",,Manutenzione Straordinaria cicli fino al 2011,CdP_2017-2021_Investimenti_Agg2020-2021.pdf p. 126 | CdP_2022-2026_Investimenti_Agg_ 2025.pdf p. 132
J47I13000020001,"Servizi, non verificabile",CDP-S,,Attivo,,,,,
J47I13000030001,"Servizi, non verificabile",CDP-S,,Attivo,,,,,
J47I13000040001,"Servizi, non verificabile",CDP-S,,Attivo,,,,,
J47J18000160001,"Opera ultimata, CUP attivo in BDAP",CDP-I,,Attivo,concluso,"Opere ultimate, cdp2022 p. 138",,Upgrading Roma - Firenze (DD e LL),CdP_2022-2026_Investimenti.pdf p. 138
J47J18000310001,Concorda,CDP-I,,Attivo,in corso,"Appendice 2, app2-agg2025 p. 5",A2001B,Attrezzaggi Tecnologici Linee ed Impianti DOIT Ancona - 2018,appendice_2_lista_cup.pdf p. 5 | appendice_3_schede_intervento.pdf p. 33
J49B07000000001,"Opera ultimata, assente dal file",,,,concluso,"Opere ultimate, agg2025 p. 140",,Studi di fattibilità e progettazioni,CdP_2017-2021_Investimenti.pdf p. 181 | CdP_2017-2021_Investimenti_Agg2020-2021.pdf p. 129 | CdP_2022-2026_Investimenti_Agg_ 2025.pdf p. 140
J49B11000260001,"Opera ultimata, assente dal file",,,,concluso,"Opere ultimate, cdp2017 p. 180",,Arbitrati AV/AC MI-VR e Terzo Valico,CdP_2017-2021_Investimenti.pdf p. 180
J49B12000060001,Concorda,CDP-I,,Attivo,in corso,"Appendice 2, app2-agg2025 p. 14",P224,Potenziamento tecnologico Roma-Napoli via Formia,CdP_Servizi_2022-2026_AI2_Agg2024.pdf p. 58 | appendice_2_lista_cup.pdf p. 14 | appendice_3_schede_intervento.pdf p. 373 | appendice_9_elenco_opere_pnrr_e_pnc.pdf p. 2 | relazione_informativa_agg_2025_v04_clean.pdf p. 14
J50B18000000001,"Opera ultimata, assente dal file",,,,concluso,"Opere ultimate, agg2025 p. 132",,Manutenzione Straordinaria cicli fino al 2011,CdP_2022-2026_Investimenti_Agg_ 2025.pdf p. 132
J50C18000000001,"Opera ultimata, assente dal file",,,,concluso,"Opere ultimate, agg2025 p. 132",,Manutenzione Straordinaria cicli fino al 2011,CdP_2022-2026_Investimenti_Agg_ 2025.pdf p. 132
J50C18000040001,"Opera ultimata, assente dal file",,,,concluso,"Opere ultimate, agg2025 p. 136",,Sicurezza ed Obblighi di Legge,CdP_2022-2026_Investimenti_Agg_ 2025.pdf p. 136
J50D13000010001,"Opera ultimata, assente dal file",,,,concluso,"Opere ultimate, agg2025 p. 136",,Sicurezza ed Obblighi di Legge,CdP_2022-2026_Investimenti_Agg_ 2025.pdf p. 136
J50D15000000001,"Opera ultimata, assente dal file",,,,concluso,"Opere ultimate, agg2025 p. 132",,Manutenzione Straordinaria cicli fino al 2011,CdP_2022-2026_Investimenti_Agg_ 2025.pdf p. 132
J50D16000000001,"Opera ultimata, assente dal file",,,,concluso,"Opere ultimate, agg2025 p. 132",,Manutenzione Straordinaria cicli fino al 2011,CdP_2022-2026_Investimenti_Agg_ 2025.pdf p. 132
J50D16000030001,"Opera ultimata, assente dal file",,,,concluso,"Opere ultimate, agg2025 p. 136",,Sicurezza ed Obblighi di Legge,CdP_2022-2026_Investimenti_Agg_ 2025.pdf p. 136
J50D16000040001,"In corso nel contratto, assente dal file",,,,in corso,"Appendice 2, app2-agg2025 p. 7",A2009,Acquisto materiali per security e Polfer - 2016,appendice_2_lista_cup.pdf p. 7 | appendice_3_schede_intervento.pdf p. 54
J50D16000050001,"In corso nel contratto, assente dal file",,,,in corso,"Appendice 2, app2-agg2025 p. 6",A2001B,Rinnovo parco mezzi d'opera per manutenzione,appendice_2_lista_cup.pdf p. 6 | appendice_3_schede_intervento.pdf p. 34
J50D17000010001,"In corso nel contratto, assente dal file",,,,in corso,"Appendice 2, app2-agg2025 p. 6",A2001B,Acquisto treni e locomotive di manovra per la diagnostica,appendice_2_lista_cup.pdf p. 6 | appendice_3_schede_intervento.pdf p. 34
J50D17000020001,"In corso nel contratto, assente dal file",,,,in corso,"Appendice 2, app2-agg2025 p. 6",A2001B,Revamping dei mezzi d'opera e della diagnostica,appendice_2_lista_cup.pdf p. 6 | appendice_3_schede_intervento.pdf p. 34
J50D17000030001,"In corso nel contratto, assente dal file",,,,in corso,"Appendice 2, app2-agg2025 p. 10",P198,Miglioramenti infrastrutturali - acquisti per esercizio rete - 2016,appendice_2_lista_cup.pdf p. 10 | appendice_3_schede_intervento.pdf p. 91
J50D17000040001,"Opera ultimata, assente dal file",,,,concluso,"Opere ultimate, agg2025 p. 132",,Manutenzione Straordinaria cicli fino al 2011,CdP_2022-2026_Investimenti_Agg_ 2025.pdf p. 132
J50F22000000001,"Opera ultimata, assente dal file",,,,concluso,"Opere ultimate, agg2025 p. 136",,Sicurezza ed Obblighi di Legge,CdP_2022-2026_Investimenti_Agg_ 2025.pdf p. 136
J50F22000020001,"In corso nel contratto, assente dal file",,,,in corso,"Appendice 2, app2-agg2025 p. 6",A2001B,Catenaria/Pantografo,appendice_2_lista_cup.pdf p. 6 | appendice_3_schede_intervento.pdf p. 33
J50F23000010001,"Opera ultimata, assente dal file",,,,concluso,"Opere ultimate, agg2025 p. 132",,Manutenzione Straordinaria cicli fino al 2011,CdP_2022-2026_Investimenti_Agg_ 2025.pdf p. 132
J50F23000020001,"Opera ultimata, assente dal file",,,,concluso,"Opere ultimate, agg2025 p. 132",,Manutenzione Straordinaria cicli fino al 2011,CdP_2022-2026_Investimenti_Agg_ 2025.pdf p. 132
J50F24000000001,"In corso nel contratto, assente dal file",,,,in corso,"Appendice 2, app2-agg2025 p. 10",P198,Attrezzaggi e adeguamenti tecnologici innovativi,appendice_2_lista_cup.pdf p. 10 | appendice_3_schede_intervento.pdf p. 91 | relazione_informativa_agg_2025_v04_clean.pdf p. 16
J50F24000010001,"In corso nel contratto, assente dal file",,,,in corso,"Appendice 2, app2-agg2025 p. 7",A2010,Acquisti a rimpiazzo Piano Sicurezza - 2024,appendice_2_lista_cup.pdf p. 7 | appendice_3_schede_intervento.pdf p. 58
J50F25000000001,"In corso nel contratto, assente dal file",,,,in corso,"Appendice 2, app2-agg2025 p. 10",P198,MOBILI E ARREDI 2025,appendice_2_lista_cup.pdf p. 10 | appendice_3_schede_intervento.pdf p. 91
J50H19000000001,"Opera ultimata, assente dal file",,,,concluso,"Opere ultimate, agg2021 p. 126",,Acquisti a rimpiazzo - Laboratori - 2019,CdP_2017-2021_Investimenti_Agg2020-2021.pdf p. 126
J50H19000010001,"Opera ultimata, assente dal file",,,,concluso,"Opere ultimate, agg2025 p. 132",,Manutenzione Straordinaria cicli fino al 2011,CdP_2022-2026_Investimenti_Agg_ 2025.pdf p. 132
J50H19000040001,"In corso nel contratto, assente dal file",,,,in corso,"Appendice 2, app2-agg2025 p. 7",A2008,Acquisti a rimpiazzo sviluppo e innovazione - 2019,appendice_2_lista_cup.pdf p. 7 | appendice_3_schede_intervento.pdf p. 52
J50H19000050001,"Opera ultimata, assente dal file",,,,concluso,"Opere ultimate, agg2025 p. 136",,Sicurezza ed Obblighi di Legge,CdP_2022-2026_Investimenti_Agg_ 2025.pdf p. 136
J50H20000000001,"Opera ultimata, assente dal file",,,,concluso,"Opere ultimate, agg2021 p. 127",,"Acq. mat.inv. O.L. prod.sett.""Off.""-DG - ante 2011 - 2020",CdP_2017-2021_Investimenti_Agg2020-2021.pdf p. 127
J50H20000010001,"Opera ultimata, assente dal file",,,,concluso,"Opere ultimate, agg2025 p. 132",,Manutenzione Straordinaria cicli fino al 2011,CdP_2022-2026_Investimenti_Agg_ 2025.pdf p. 132
J50H20000020001,"Opera ultimata, assente dal file",,,,concluso,"Opere ultimate, agg2025 p. 132",,Manutenzione Straordinaria cicli fino al 2011,CdP_2022-2026_Investimenti_Agg_ 2025.pdf p. 132
J50I21000000001,"Opera ultimata, assente dal file",,,,concluso,"Opere ultimate, agg2025 p. 136",,Sicurezza ed Obblighi di Legge,CdP_2022-2026_Investimenti_Agg_ 2025.pdf p. 136
J50I21000010001,"In corso nel contratto, assente dal file",,,,in corso,"Appendice 2, app2-agg2025 p. 7",A2009,Acquisto materiali per security e Polfer - 2021,appendice_2_lista_cup.pdf p. 7 | appendice_3_schede_intervento.pdf p. 54
J50J21000030001,"Opera ultimata, assente dal file",,,,concluso,"Opere ultimate, agg2025 p. 132",,Manutenzione Straordinaria cicli fino al 2011,CdP_2022-2026_Investimenti_Agg_ 2025.pdf p. 132
J50J21000040001,"In corso nel contratto, assente dal file",,,,in corso,"Appendice 2, app2-agg2025 p. 7",A2008,Acquisti a rimpiazzo sviluppo e innovazione - 2021,appendice_2_lista_cup.pdf p. 7 | appendice_3_schede_intervento.pdf p. 52
J51B21001200001,"In corso nel contratto, assente dal file",,,,in corso,"Appendice 2, app2-agg2025 p. 7",A2009,Attrezzaggio SEM,appendice_2_lista_cup.pdf p. 7 | appendice_3_schede_intervento.pdf p. 54 | appendice_3_schede_intervento.pdf p. 64 | appendice_4delta_costi.pdf p. 5 | appendice_4delta_costi.pdf p. 6
J51B21001550001,"In corso nel contratto, assente dal file",,,,in corso,"Appendice 2, app2-agg2025 p. 8",A2010,Evoluzione Sistemi - area Amministrazione e Bilancio - 2021,appendice_2_lista_cup.pdf p. 8 | appendice_3_schede_intervento.pdf p. 58
J51B21001650001,"In corso nel contratto, assente dal file",,,,in corso,"Appendice 2, app2-agg2025 p. 8",A2010,Evoluzioni sistemi e soluzioni IT area Amministrazione Finanza Controllo - 2021,appendice_2_lista_cup.pdf p. 8 | appendice_3_schede_intervento.pdf p. 58
J51B21001950006,Concorda,CDP-I,,Attivo,in corso,"Tabella A/B, agg2025 p. 52",P253,Potenziamento collegamenti bacino di Augusta Bypass di Augusta,CdP_2022-2026_Investimenti.pdf p. 51 | CdP_2022-2026_Investimenti.pdf p. 98 | CdP_2022-2026_Investimenti_Agg2024.pdf p. 44 | CdP_2022-2026_Investimenti_Agg2024.pdf p. 80 | CdP_2022-2026_Investimenti_Agg_ 2025.pdf p. 52 | CdP_2022-2026_Investimenti_Agg_ 2025.pdf p. 96
J51B21002360001,"In corso nel contratto, assente dal file",,,,in corso,"Appendice 2, app2-agg2025 p. 8",A2010,Portale OdMetrics RFI,appendice_2_lista_cup.pdf p. 8 | appendice_3_schede_intervento.pdf p. 59
J51B21002480001,"In corso nel contratto, assente dal file",,,,in corso,"Appendice 2, app2-agg2025 p. 8",A2010,Rinnovo tecnologico applicativi area commerciale,appendice_2_lista_cup.pdf p. 8 | appendice_3_schede_intervento.pdf p. 58
J51B21002490001,"In corso nel contratto, assente dal file",,,,in corso,"Appendice 2, app2-agg2025 p. 8",A2010,Evoluzione applicativi settore sicurezza circolazione,appendice_2_lista_cup.pdf p. 8 | appendice_3_schede_intervento.pdf p. 59
J51B21003120001,"In corso nel contratto, assente dal file",,,,in corso,"Appendice 2, app2-agg2025 p. 8",A2010,Evoluzione dei sistemi IT per l'Infrastruttura RFI - 2021,appendice_2_lista_cup.pdf p. 8 | appendice_3_schede_intervento.pdf p. 58
J51B21003430001,"In corso nel contratto, assente dal file",,,,in corso,"Appendice 2, app2-agg2025 p. 8",A2010,Evoluzione Sistemi e Soluzioni IT Area Supporto - 2021,appendice_2_lista_cup.pdf p. 8 | appendice_3_schede_intervento.pdf p. 58
J51B21003600001,"In corso nel contratto, assente dal file",,,,in corso,"Appendice 2, app2-agg2025 p. 8",A2010,Innovazione Digitale settore Ingegneria,appendice_2_lista_cup.pdf p. 8 | appendice_3_schede_intervento.pdf p. 58
J51B22000090001,"In corso nel contratto, assente dal file",,,,in corso,"Appendice 2, app2-agg2025 p. 8",A2010,Evoluzioni sistemi e soluzioni IT area Amministrazione Finanza Controllo -2022,appendice_2_lista_cup.pdf p. 8 | appendice_3_schede_intervento.pdf p. 58
J51C05000030008,"Opera ultimata, assente dal file",,,,concluso,"Opere ultimate, agg2025 p. 138",,Sviluppo infrastrutturale e upgrading,CdP_2017-2021_Investimenti.pdf p. 180 | CdP_2017-2021_Investimenti_Agg2020-2021.pdf p. 128 | CdP_2022-2026_Investimenti_Agg_ 2025.pdf p. 138
J51C05000040001,"Opera ultimata, assente dal file",,,,concluso,"Opere ultimate, agg2025 p. 140",,Studi di fattibilità e progettazioni,CdP_2022-2026_Investimenti_Agg2024.pdf p. 113 | CdP_2022-2026_Investimenti_Agg_ 2025.pdf p. 140
J51C18000050001,"Opera ultimata, assente dal file",,,,concluso,"Opere ultimate, agg2025 p. 141",,"Tecnologie per la sicurezza, la circolazione e l'efficientamento",CdP_2022-2026_Investimenti_Agg_ 2025.pdf p. 141
J51C18000060001,"Opera ultimata, assente dal file",,,,concluso,"Opere ultimate, agg2025 p. 141",,"Tecnologie per la sicurezza, la circolazione e l'efficientamento",CdP_2022-2026_Investimenti_Agg_ 2025.pdf p. 141
J51C91000000008,"Opera ultimata, CUP attivo in BDAP",CDP-I,,Attivo,concluso,"Opere ultimate, agg2025 p. 143",A5000_5,Rete AV/AC Torino-Milano-Napoli: opere in esercizio,CdP_2017-2021_Investimenti.pdf p. 73 | CdP_2017-2021_Investimenti.pdf p. 169 | CdP_2017-2021_Investimenti_Agg2020-2021.pdf p. 129 | CdP_2022-2026_Investimenti.pdf p. 139 | CdP_2022-2026_Investimenti_Agg2024.pdf p. 114 | CdP_2022-2026_Investimenti_Agg_ 2025.pdf p. 143
J51D18000080001,"In corso nel contratto, assente dal file",,,,in corso,"Appendice 2, app2-agg2025 p. 7",A2009,Sistema integrato di videosorveglianza,appendice_2_lista_cup.pdf p. 7 | appendice_3_schede_intervento.pdf p. 54 | appendice_3_schede_intervento.pdf p. 57 | appendice_4delta_costi.pdf p. 5
J51D18000090001,"Opera ultimata, assente dal file",,,,concluso,"Opere ultimate, agg2025 p. 141",,"Tecnologie per la sicurezza, la circolazione e l'efficientamento",CdP_2022-2026_Investimenti_Agg_ 2025.pdf p. 141
J51D18000100001,"Opera ultimata, assente dal file",,,,concluso,"Opere ultimate, agg2025 p. 141",,"Tecnologie per la sicurezza, la circolazione e l'efficientamento",CdP_2017-2021_Investimenti_Agg2020-2021.pdf p. 128 | CdP_2022-2026_Investimenti_Agg_ 2025.pdf p. 141
J51D18000110003,Concorda,CDP-I,,Attivo,in corso,"Tabella A/B, agg2025 p. 69",P220,"Potenziamento dei collegamenti tra il porto di Livorno, la rete ferroviaria e l'interporto Guasticce Porto di Livorno: collegamento diretto Porto-Guasticce (scavalco della linea tirrenica ambito Livorno Calambrone) Porto di Livorno: Collegamento dell’interporto di Guasticce alla PROG PROG linea Pisa-Vada via Collesalvetti Porto di Livorno: Bretella di collegamento tra la linea Pisa-Vada PROG PROG via Collesalvetti e la linea Firenze-Pisa",CdP_2017-2021_Investimenti_Agg2020-2021.pdf p. 52 | CdP_2017-2021_Investimenti_Agg2020-2021.pdf p. 94 | CdP_2022-2026_Investimenti.pdf p. 70 | CdP_2022-2026_Investimenti.pdf p. 109 | CdP_2022-2026_Investimenti_Agg2024.pdf p. 57 | CdP_2022-2026_Investimenti_Agg2024.pdf p. 90
J51D18000120001,"In corso nel contratto, assente dal file",,,,in corso,"Appendice 2, app2-agg2025 p. 8",A2010,Sistema Gestione Disegni Apparecchi del,appendice_2_lista_cup.pdf p. 8 | appendice_3_schede_intervento.pdf p. 58
J51D18000130001,"In corso nel contratto, assente dal file",,,,in corso,"Appendice 2, app2-agg2025 p. 8",A2010,Rightsizing PS2-revisione della GOP,appendice_2_lista_cup.pdf p. 8 | appendice_3_schede_intervento.pdf p. 58
J51D18000140001,"In corso nel contratto, assente dal file",,,,in corso,"Appendice 2, app2-agg2025 p. 8",A2010,Sistema di Analitycs per la manutenzione,appendice_2_lista_cup.pdf p. 8 | appendice_3_schede_intervento.pdf p. 58
J51D18000150001,"Opera ultimata, assente dal file",,,,concluso,"Opere ultimate, agg2025 p. 141",,"Tecnologie per la sicurezza, la circolazione e l'efficientamento",CdP_2022-2026_Investimenti_Agg_ 2025.pdf p. 141
J51D18000160001,"In corso nel contratto, assente dal file",,,,in corso,"Appendice 2, app2-agg2025 p. 8",A2010,Evoluzione Sistemi e Soluzioni IT Area Supporto - 2018,appendice_2_lista_cup.pdf p. 8 | appendice_3_schede_intervento.pdf p. 59
J51D18000170001,"In corso nel contratto, assente dal file",,,,in corso,"Appendice 2, app2-agg2025 p. 8",A2010,Interventi area tecnologica,appendice_2_lista_cup.pdf p. 8 | appendice_3_schede_intervento.pdf p. 58
J51D18000190001,"In corso nel contratto, assente dal file",,,,in corso,"Appendice 2, app2-agg2025 p. 8",A2010,GAMOC - Gestione accentrata monitoraggio,appendice_2_lista_cup.pdf p. 8 | appendice_3_schede_intervento.pdf p. 58
J51D18000210009,"Opera ultimata, assente dal file",,,,concluso,"Opere ultimate, agg2024 p. 113",,"Sistemi informativi integrati per la gestione della circolazione (OPTIMA,…)",CdP_2022-2026_Investimenti_Agg2024.pdf p. 113
J51E16000290001,"Opera ultimata, assente dal file",,,,concluso,"Opere ultimate, agg2025 p. 141",,"Tecnologie per la sicurezza, la circolazione e l'efficientamento",CdP_2017-2021_Investimenti_Agg2020-2021.pdf p. 128 | CdP_2022-2026_Investimenti_Agg_ 2025.pdf p. 141
J51E16000360001,"Opera ultimata, assente dal file",,,,concluso,"Opere ultimate, agg2025 p. 141",,"Tecnologie per la sicurezza, la circolazione e l'efficientamento",CdP_2022-2026_Investimenti_Agg_ 2025.pdf p. 141
J51E16000420001,"Opera ultimata, assente dal file",,,,concluso,"Opere ultimate, agg2025 p. 141",,"Tecnologie per la sicurezza, la circolazione e l'efficientamento",CdP_2017-2021_Investimenti_Agg2020-2021.pdf p. 128 | CdP_2022-2026_Investimenti_Agg_ 2025.pdf p. 141
J51E17000030001,"In corso nel contratto, assente dal file",,,,in corso,"Appendice 2, app2-agg2025 p. 7",A2010,Nuovo modello contabile e di controllo,appendice_2_lista_cup.pdf p. 7 | appendice_3_schede_intervento.pdf p. 58
J51E17000090001,"Opera ultimata, assente dal file",,,,concluso,"Opere ultimate, agg2025 p. 141",,"Tecnologie per la sicurezza, la circolazione e l'efficientamento",CdP_2022-2026_Investimenti_Agg2024.pdf p. 113 | CdP_2022-2026_Investimenti_Agg_ 2025.pdf p. 141
J51E17000140001,"In corso nel contratto, assente dal file",,,,in corso,"Appendice 2, app2-agg2025 p. 7",A2009,Smart Station - Tornelli 2.0 (interventi ICT),appendice_2_lista_cup.pdf p. 7 | appendice_3_schede_intervento.pdf p. 54 | appendice_3_schede_intervento.pdf p. 64 | appendice_4delta_costi.pdf p. 5 | appendice_4delta_costi.pdf p. 6
J51E17000150001,"In corso nel contratto, assente dal file",,,,in corso,"Appendice 2, app2-agg2025 p. 7",A2010,Virtual Assistant per le persone a Ridotta Mobilità,appendice_2_lista_cup.pdf p. 7 | appendice_3_schede_intervento.pdf p. 58
J51E17000160001,"In corso nel contratto, assente dal file",,,,in corso,"Appendice 2, app2-agg2025 p. 7",A2009,SEM e diagnostica di stazione,appendice_2_lista_cup.pdf p. 7 | appendice_3_schede_intervento.pdf p. 54 | appendice_3_schede_intervento.pdf p. 64 | appendice_4delta_costi.pdf p. 5 | appendice_4delta_costi.pdf p. 6
J51E17000170001,"In corso nel contratto, assente dal file",,,,in corso,"Appendice 2, app2-agg2025 p. 7",A2009,Wi Life Station,appendice_2_lista_cup.pdf p. 7 | appendice_3_schede_intervento.pdf p. 54 | appendice_3_schede_intervento.pdf p. 64 | appendice_4delta_costi.pdf p. 5 | appendice_4delta_costi.pdf p. 6
J51E17000180001,"In corso nel contratto, assente dal file",,,,in corso,"Appendice 2, app2-agg2025 p. 7",A2010,Upgrade tecnologico del Sistema InRete,appendice_2_lista_cup.pdf p. 7 | appendice_3_schede_intervento.pdf p. 58
J51E17000190001,"In corso nel contratto, assente dal file",,,,in corso,"Appendice 2, app2-agg2025 p. 8",A2010,Modello Unico Infrastruttura Fisica (MUIF) - infrastruttura georeferenziata,appendice_2_lista_cup.pdf p. 8 | appendice_3_schede_intervento.pdf p. 32 | appendice_3_schede_intervento.pdf p. 57 | appendice_4delta_costi.pdf p. 4 | appendice_4delta_costi.pdf p. 5
J51E17000210001,"Opera ultimata, assente dal file",,,,concluso,"Opere ultimate, agg2021 p. 128",,Implem Sistemi IT area AFC e PS - 2017,CdP_2017-2021_Investimenti_Agg2020-2021.pdf p. 128
J51E17000220001,"Opera ultimata, assente dal file",,,,concluso,"Opere ultimate, agg2025 p. 141",,"Tecnologie per la sicurezza, la circolazione e l'efficientamento",CdP_2022-2026_Investimenti_Agg2024.pdf p. 113 | CdP_2022-2026_Investimenti_Agg_ 2025.pdf p. 141
J51E17000230001,"In corso nel contratto, assente dal file",,,,in corso,"Appendice 2, app2-agg2025 p. 7",A2010,Supervisione e Regolazione,appendice_2_lista_cup.pdf p. 7 | appendice_3_schede_intervento.pdf p. 58
J51E17000240001,"Opera ultimata, assente dal file",,,,concluso,"Opere ultimate, agg2025 p. 142",,"Tecnologie per la sicurezza, la circolazione e l'efficientamento",CdP_2017-2021_Investimenti_Agg2020-2021.pdf p. 128 | CdP_2022-2026_Investimenti_Agg_ 2025.pdf p. 142
J51E17000250001,"Opera ultimata, assente dal file",,,,concluso,"Opere ultimate, agg2025 p. 142",,"Tecnologie per la sicurezza, la circolazione e l'efficientamento",CdP_2017-2021_Investimenti_Agg2020-2021.pdf p. 128 | CdP_2022-2026_Investimenti_Agg_ 2025.pdf p. 142
J51E17000270001,"In corso nel contratto, assente dal file",,,,in corso,"Appendice 2, app2-agg2025 p. 7",A2010,Sistema Prescrizioni Movimento 2.0,appendice_2_lista_cup.pdf p. 7 | appendice_3_schede_intervento.pdf p. 58
J51E17000280001,"In corso nel contratto, assente dal file",,,,in corso,"Appendice 2, app2-agg2025 p. 7",A2010,Implementazioni Sistemi IT Area Protezione Aziendale,appendice_2_lista_cup.pdf p. 7 | appendice_3_schede_intervento.pdf p. 58
J51E17000330005,"In corso nel contratto, assente dal file",,,,in corso,"Appendice 2, app2-agg2025 p. 7",A2010,Sistemi applicativi Settore Sanitario,appendice_2_lista_cup.pdf p. 7 | appendice_3_schede_intervento.pdf p. 58
J51E17000340001,"In corso nel contratto, assente dal file",,,,in corso,"Appendice 2, app2-agg2025 p. 8",A2010,Operation IT,appendice_2_lista_cup.pdf p. 8 | appendice_3_schede_intervento.pdf p. 58
J51E17000350001,"In corso nel contratto, assente dal file",,,,in corso,"Appendice 2, app2-agg2025 p. 8",A2010,Piattaforma sicurezza ferroviaria,appendice_2_lista_cup.pdf p. 8 | appendice_3_schede_intervento.pdf p. 58
J51E17000360001,"In corso nel contratto, assente dal file",,,,in corso,"Appendice 2, app2-agg2025 p. 7",A2004D,Sviluppo e realizzazione diagnostica centralizzata enti IS,appendice_2_lista_cup.pdf p. 7 | appendice_3_schede_intervento.pdf p. 43
J51E17000580001,"In corso nel contratto, assente dal file",,,,in corso,"Appendice 2, app2-agg2025 p. 8",A2010,Evoluzione sistema di gestione finanziaria investimenti,appendice_2_lista_cup.pdf p. 8 | appendice_3_schede_intervento.pdf p. 58
J51E17000590001,"Opera ultimata, assente dal file",,,,concluso,"Opere ultimate, agg2024 p. 113",,Sistema di SOT e diagnostica centralizzata,CdP_2022-2026_Investimenti_Agg2024.pdf p. 113
J51E17000600001,"In corso nel contratto, assente dal file",,,,in corso,"Appendice 2, app2-agg2025 p. 8",A2010,Sistema di gestione man sul campo I-MAN,appendice_2_lista_cup.pdf p. 8 | appendice_3_schede_intervento.pdf p. 58
J51E20000090001,"Opera ultimata, assente dal file",,,,concluso,"Opere ultimate, agg2025 p. 142",,"Tecnologie per la sicurezza, la circolazione e l'efficientamento",CdP_2022-2026_Investimenti_Agg_ 2025.pdf p. 142
J51E20000200009,"In corso nel contratto, assente dal file",,,,in corso,"Appendice 2, app2-agg2025 p. 6",A2001B,Technical Academy - Digital Learning,appendice_2_lista_cup.pdf p. 6 | appendice_3_schede_intervento.pdf p. 34
J51E20000210001,"In corso nel contratto, assente dal file",,,,in corso,"Appendice 2, app2-agg2025 p. 8",A2010,Sistemi ICT Terminali Italia,appendice_2_lista_cup.pdf p. 8 | appendice_3_schede_intervento.pdf p. 58
J51E20000240001,"In corso nel contratto, assente dal file",,,,in corso,"Appendice 2, app2-agg2025 p. 7",A2008,Sviluppo piattaforme di RFI. Hardware e Software,appendice_2_lista_cup.pdf p. 7 | appendice_3_schede_intervento.pdf p. 52
J51G17000010001,"In corso nel contratto, assente dal file",,,,in corso,"Appendice 2, app2-agg2025 p. 7",A2009,Sperimentazione e innovazione tecnologica,appendice_2_lista_cup.pdf p. 7 | appendice_3_schede_intervento.pdf p. 55
J51G22000010001,"In corso nel contratto, assente dal file",,,,in corso,"Appendice 2, app2-agg2025 p. 8",A2010,Advanced Traffic Management System (ATMS),appendice_2_lista_cup.pdf p. 8 | appendice_3_schede_intervento.pdf p. 58
J51G22000020001,"In corso nel contratto, assente dal file",,,,in corso,"Appendice 2, app2-agg2025 p. 8",A2010,Implementazione sistemi e soluzioni IT Area Investimenti - 2022,appendice_2_lista_cup.pdf p. 8 | appendice_3_schede_intervento.pdf p. 58
J51G22000070001,"In corso nel contratto, assente dal file",,,,in corso,"Appendice 2, app2-agg2025 p. 8",A2010,Gestione Rete Cavi a Fibre Ottiche,appendice_2_lista_cup.pdf p. 8 | appendice_3_schede_intervento.pdf p. 58
J51G22000100001,"In corso nel contratto, assente dal file",,,,in corso,"Appendice 2, app2-agg2025 p. 8",A2010,Evoluzione Sistemi - area Amministrazione e Bilancio - 2022,appendice_2_lista_cup.pdf p. 8 | appendice_3_schede_intervento.pdf p. 58
J51G22000120001,"In corso nel contratto, assente dal file",,,,in corso,"Appendice 2, app2-agg2025 p. 8",A2010,Implementazioni Sistemi di Asset Management,appendice_2_lista_cup.pdf p. 8 | appendice_3_schede_intervento.pdf p. 59
J51G22000130001,"In corso nel contratto, assente dal file",,,,in corso,"Appendice 2, app2-agg2025 p. 8",A2010,Evoluzione dei sistemi IT per l'Infrastruttura RFI - 2022,appendice_2_lista_cup.pdf p. 8 | appendice_3_schede_intervento.pdf p. 58
J51G22000180001,"In corso nel contratto, assente dal file",,,,in corso,"Appendice 2, app2-agg2025 p. 6",A2001B,Potenziamento IaP Intera Rete,appendice_2_lista_cup.pdf p. 6 | appendice_3_schede_intervento.pdf p. 34
J51G23000020001,"In corso nel contratto, assente dal file",,,,in corso,"Appendice 2, app2-agg2025 p. 8",A2010,Manutenzione evolutiva sistemi informativi RFI - 2023,appendice_2_lista_cup.pdf p. 8 | appendice_3_schede_intervento.pdf p. 58
J51G23000030001,"In corso nel contratto, assente dal file",,,,in corso,"Appendice 2, app2-agg2025 p. 8",A2010,Evoluzione sistemi e soluzioni IT area AFC,appendice_2_lista_cup.pdf p. 8 | appendice_3_schede_intervento.pdf p. 58
J51G23000040001,"In corso nel contratto, assente dal file",,,,in corso,"Appendice 2, app2-agg2025 p. 8",A2010,Implementazione sistemi e soluzioni IT Area Investimenti - 2023,appendice_2_lista_cup.pdf p. 8 | appendice_3_schede_intervento.pdf p. 58
J51G24000010001,Concorda,CDP-I,,Attivo,in corso,"Tabella A/B, agg2025 p. 73",P270,Opere di collegamento al Ponte sullo stretto di Messina - sponda calabra e siciliana Opere di collegamento al Ponte sullo stretto di Messina - sponda PROG PROG calabra Opere di collegamento al Ponte sullo stretto di Messina - sponda PROG PROG sicialiana,CdP_2022-2026_Investimenti_Agg_ 2025.pdf p. 73 | CdP_2022-2026_Investimenti_Agg_ 2025.pdf p. 122 | appendice_3_schede_intervento.pdf p. 467 | appendice_7_distribuzione_territoriale.pdf p. 9 | appendice_7_distribuzione_territoriale.pdf p. 43
J51G24000070001,"In corso nel contratto, assente dal file",,,,in corso,"Appendice 2, app2-agg2025 p. 8",A2010,Manutenzione evolutiva sistemi informativi RFI - 2024,appendice_2_lista_cup.pdf p. 8 | appendice_3_schede_intervento.pdf p. 58
J51G24000100001,"In corso nel contratto, assente dal file",,,,in corso,"Appendice 2, app2-agg2025 p. 8",A2010,Evoluzione dei sistemi IT per l'Infrastruttura RFI,appendice_2_lista_cup.pdf p. 8 | appendice_3_schede_intervento.pdf p. 59
J51G24000120001,"In corso nel contratto, assente dal file",,,,in corso,"Appendice 2, app2-agg2025 p. 8",A2010,Implementazione sistemi e soluzioni IT Area Investimenti - 2024,appendice_2_lista_cup.pdf p. 8 | appendice_3_schede_intervento.pdf p. 58
J51G24000160001,"In corso nel contratto, assente dal file",,,,in corso,"Appendice 2, app2-agg2025 p. 8",A2010,Evoluzione sistemi e soluzioni IT area AFC,appendice_2_lista_cup.pdf p. 8 | appendice_3_schede_intervento.pdf p. 59
J51G24000210001,Concorda,CDP-I,,Attivo,in corso,"Appendice 2, app2-agg2025 p. 8",A2010,Gestione Informativa Digitale BIM,appendice_2_lista_cup.pdf p. 8 | appendice_3_schede_intervento.pdf p. 57 | relazione_informativa_agg_2025_v04_clean.pdf p. 16
J51G24000220001,"In corso nel contratto, assente dal file",,,,in corso,"Appendice 2, app2-agg2025 p. 8",A2010,Programma P&C - Planning & Control,appendice_2_lista_cup.pdf p. 8 | appendice_3_schede_intervento.pdf p. 58
J51G24000290001,"In corso nel contratto, assente dal file",,,,in corso,"Appendice 2, app2-agg2025 p. 8",A2010,Portale OdMetrics RFI,appendice_2_lista_cup.pdf p. 8 | appendice_3_schede_intervento.pdf p. 59
J51G25000010001,"In corso nel contratto, assente dal file",,,,in corso,"Appendice 2, app2-agg2025 p. 8",A2010,Inn Digitale sicur prod,appendice_2_lista_cup.pdf p. 8 | appendice_3_schede_intervento.pdf p. 58
J51G25000030001,"In corso nel contratto, assente dal file",,,,in corso,"Appendice 2, app2-agg2025 p. 8",A2010,Piattaforma Materiali da Scavo,appendice_2_lista_cup.pdf p. 8 | appendice_3_schede_intervento.pdf p. 59
J51G25000040001,"In corso nel contratto, assente dal file",,,,in corso,"Appendice 2, app2-agg2025 p. 8",A2010,Evol. dei sistemi IT per l'Infrastr. RFI,appendice_2_lista_cup.pdf p. 8 | appendice_3_schede_intervento.pdf p. 58
J51G25000070001,"In corso nel contratto, assente dal file",,,,in corso,"Appendice 2, app2-agg2025 p. 8",A2010,Progetto EasyRailFreight,appendice_2_lista_cup.pdf p. 8
J51G25000080001,"Investimenti, non nei documenti",CDP-I,,Attivo,,,,,
J51H00000040001,"Opera ultimata, CUP attivo in BDAP",CDP-I,,Attivo,concluso,"Opere ultimate, agg2025 p. 138",,Sviluppo infrastrutturale e upgrading,CdP_2017-2021_Investimenti.pdf p. 180 | CdP_2022-2026_Investimenti.pdf p. 139 | CdP_2022-2026_Investimenti_Agg2023.pdf p. 38 | CdP_2022-2026_Investimenti_Agg_ 2025.pdf p. 138
J51H00000050001,"Opera ultimata, assente dal file",,,,concluso,"Opere ultimate, agg2025 p. 132",,Manutenzione Straordinaria cicli fino al 2011,CdP_2017-2021_Investimenti.pdf p. 177 | CdP_2022-2026_Investimenti_Agg_ 2025.pdf p. 132
J51H00000050011,"Opera ultimata, assente dal file",,,,concluso,"Opere ultimate, agg2025 p. 132",,Manutenzione Straordinaria cicli fino al 2011,CdP_2017-2021_Investimenti.pdf p. 177 | CdP_2022-2026_Investimenti_Agg_ 2025.pdf p. 132
J51H00000050021,"Opera ultimata, assente dal file",,,,concluso,"Opere ultimate, agg2025 p. 132",,Manutenzione Straordinaria cicli fino al 2011,CdP_2017-2021_Investimenti.pdf p. 177 | CdP_2022-2026_Investimenti_Agg_ 2025.pdf p. 132
J51H00000050031,"Opera ultimata, assente dal file",,,,concluso,"Opere ultimate, agg2025 p. 132",,Manutenzione Straordinaria cicli fino al 2011,CdP_2017-2021_Investimenti.pdf p. 177 | CdP_2022-2026_Investimenti_Agg_ 2025.pdf p. 132
J51H00000050041,"Opera ultimata, assente dal file",,,,concluso,"Opere ultimate, agg2025 p. 132",,Manutenzione Straordinaria cicli fino al 2011,CdP_2017-2021_Investimenti.pdf p. 177 | CdP_2017-2021_Investimenti_Agg2020-2021.pdf p. 126 | CdP_2022-2026_Investimenti_Agg_ 2025.pdf p. 132
J51H00000050051,"Opera ultimata, assente dal file",,,,concluso,"Opere ultimate, agg2025 p. 132",,Manutenzione Straordinaria cicli fino al 2011,CdP_2022-2026_Investimenti_Agg_ 2025.pdf p. 132
J51H00000050111,"Opera ultimata, assente dal file",,,,concluso,"Opere ultimate, cdp2017 p. 177",,"Acq.mat.inv. O.L. prod.sett.""Mag""-DG",CdP_2017-2021_Investimenti.pdf p. 177
J51H00000050171,"Opera ultimata, assente dal file",,,,concluso,"Opere ultimate, agg2025 p. 132",,Manutenzione Straordinaria cicli fino al 2011,CdP_2017-2021_Investimenti.pdf p. 177 | CdP_2022-2026_Investimenti_Agg_ 2025.pdf p. 132
J51H00000050181,"Opera ultimata, assente dal file",,,,concluso,"Opere ultimate, agg2025 p. 132",,Manutenzione Straordinaria cicli fino al 2011,CdP_2022-2026_Investimenti_Agg_ 2025.pdf p. 132
J51H00000050191,"Opera ultimata, assente dal file",,,,concluso,"Opere ultimate, agg2025 p. 132",,Manutenzione Straordinaria cicli fino al 2011,CdP_2017-2021_Investimenti.pdf p. 177 | CdP_2022-2026_Investimenti_Agg_ 2025.pdf p. 132
J51H00000050231,"Opera ultimata, assente dal file",,,,concluso,"Opere ultimate, agg2025 p. 132",,Manutenzione Straordinaria cicli fino al 2011,CdP_2017-2021_Investimenti.pdf p. 177 | CdP_2022-2026_Investimenti_Agg_ 2025.pdf p. 132
J51H00000050241,"Opera ultimata, assente dal file",,,,concluso,"Opere ultimate, agg2025 p. 132",,Manutenzione Straordinaria cicli fino al 2011,CdP_2017-2021_Investimenti.pdf p. 177 | CdP_2022-2026_Investimenti_Agg_ 2025.pdf p. 132
J51H00000050341,"Opera ultimata, CUP attivo in BDAP",CDP-I,,Attivo,concluso,"Opere ultimate, agg2025 p. 132",,Manutenzione Straordinaria cicli fino al 2011,CdP_2017-2021_Investimenti.pdf p. 177 | CdP_2022-2026_Investimenti_Agg_ 2025.pdf p. 132
J51H00000050351,"Opera ultimata, assente dal file",,,,concluso,"Opere ultimate, agg2025 p. 132",,Manutenzione Straordinaria cicli fino al 2011,CdP_2017-2021_Investimenti.pdf p. 177 | CdP_2022-2026_Investimenti_Agg_ 2025.pdf p. 132
J51H00000050401,"Opera ultimata, assente dal file",,,,concluso,"Opere ultimate, agg2025 p. 132",,Manutenzione Straordinaria cicli fino al 2011,CdP_2017-2021_Investimenti.pdf p. 177 | CdP_2022-2026_Investimenti_Agg_ 2025.pdf p. 132
J51H00000050411,"Opera ultimata, assente dal file",,,,concluso,"Opere ultimate, agg2025 p. 132",,Manutenzione Straordinaria cicli fino al 2011,CdP_2022-2026_Investimenti_Agg_ 2025.pdf p. 132
J51H00000060001,Concorda,CDP-I,,Chiuso,concluso,"Opere ultimate, agg2025 p. 132",,Manutenzione Straordinaria cicli fino al 2011,CdP_2022-2026_Investimenti_Agg_ 2025.pdf p. 132
J51H00000070001,"Opera ultimata, assente dal file",,,,concluso,"Opere ultimate, agg2025 p. 140",,Impianti industriali e terminali viaggiatori e merci,CdP_2017-2021_Investimenti_Agg2020-2021.pdf p. 129 | CdP_2022-2026_Investimenti_Agg_ 2025.pdf p. 140
J51H00000080001,Concorda,CDP-I,,Chiuso,concluso,"Opere ultimate, agg2025 p. 140",,Impianti industriali e terminali viaggiatori e merci,CdP_2017-2021_Investimenti.pdf p. 180 | CdP_2022-2026_Investimenti_Agg_ 2025.pdf p. 140
J51H01000060001,"Opera ultimata, assente dal file",,,,concluso,"Opere ultimate, agg2025 p. 138",,Sviluppo infrastrutturale e upgrading,CdP_2022-2026_Investimenti_Agg_ 2025.pdf p. 138
J51H01000070001,"Opera ultimata, CUP attivo in BDAP",CDP-I,,Attivo,concluso,"Opere ultimate, cdp2017 p. 180",,Quadruplicamento Padova-Mestre,CdP_2017-2021_Investimenti.pdf p. 180
J51H01000080001,"Opera ultimata, assente dal file",,,,concluso,"Opere ultimate, agg2025 p. 140",,Impianti industriali e terminali viaggiatori e merci,CdP_2017-2021_Investimenti_Agg2020-2021.pdf p. 129 | CdP_2022-2026_Investimenti_Agg_ 2025.pdf p. 140
J51H03000100001,"Opera ultimata, assente dal file",,,,concluso,"Opere ultimate, agg2025 p. 132",,Manutenzione Straordinaria cicli fino al 2011,CdP_2022-2026_Investimenti_Agg_ 2025.pdf p. 132
J51H03000110001,"Opera ultimata, assente dal file",,,,concluso,"Opere ultimate, agg2025 p. 136",,Sicurezza ed Obblighi di Legge,CdP_2017-2021_Investimenti.pdf p. 178 | CdP_2022-2026_Investimenti_Agg_ 2025.pdf p. 136
J51H03000110011,"Investimenti, non nei documenti",CDP-I,,Attivo,,,,,
J51H03000110021,"Opera ultimata, assente dal file",,,,concluso,"Opere ultimate, cdp2017 p. 178",,Interventi per Sic. e O.L. nei TV (NV),CdP_2017-2021_Investimenti.pdf p. 178
J51H03000110031,"Opera ultimata, assente dal file",,,,concluso,"Opere ultimate, agg2025 p. 136",,Sicurezza ed Obblighi di Legge,CdP_2022-2026_Investimenti_Agg_ 2025.pdf p. 136
J51H03000110061,"Opera ultimata, assente dal file",,,,concluso,"Opere ultimate, agg2025 p. 136",,Sicurezza ed Obblighi di Legge,CdP_2022-2026_Investimenti_Agg_ 2025.pdf p. 136
J51H03000110081,"Opera ultimata, assente dal file",,,,concluso,"Opere ultimate, agg2025 p. 132",,Manutenzione Straordinaria cicli fino al 2011,CdP_2022-2026_Investimenti_Agg_ 2025.pdf p. 132
J51H03000110131,"Opera ultimata, assente dal file",,,,concluso,"Opere ultimate, agg2025 p. 136",,Sicurezza ed Obblighi di Legge,CdP_2022-2026_Investimenti_Agg_ 2025.pdf p. 136
J51H03000110141,"Opera ultimata, assente dal file",,,,concluso,"Opere ultimate, agg2025 p. 136",,Sicurezza ed Obblighi di Legge,CdP_2022-2026_Investimenti_Agg_ 2025.pdf p. 136
J51H03000110171,"Opera ultimata, assente dal file",,,,concluso,"Opere ultimate, agg2025 p. 136",,Sicurezza ed Obblighi di Legge,CdP_2022-2026_Investimenti_Agg_ 2025.pdf p. 136
J51H03000110181,"Investimenti, non nei documenti",CDP-I,,Attivo,,,,,
J51H03000110221,"Opera ultimata, CUP attivo in BDAP",CDP-I,,Attivo,concluso,"Opere ultimate, agg2025 p. 136",,Sicurezza ed Obblighi di Legge,CdP_2022-2026_Investimenti_Agg2023.pdf p. 37 | CdP_2022-2026_Investimenti_Agg_ 2025.pdf p. 136
J51H03000110241,"Opera ultimata, CUP attivo in BDAP",CDP-I,,Attivo,concluso,"Opere ultimate, agg2025 p. 136",,Sicurezza ed Obblighi di Legge,CdP_2017-2021_Investimenti.pdf p. 178 | CdP_2022-2026_Investimenti_Agg_ 2025.pdf p. 136
J51H03000110291,"Opera ultimata, assente dal file",,,,concluso,"Opere ultimate, cdp2017 p. 178",,Interventi per Sic. e O.L. nei TV (PA),CdP_2017-2021_Investimenti.pdf p. 178
J51H03000110301,"Opera ultimata, assente dal file",,,,concluso,"Opere ultimate, agg2025 p. 136",,Sicurezza ed Obblighi di Legge,CdP_2022-2026_Investimenti_Agg_ 2025.pdf p. 136
J51H03000120001,"Opera ultimata, CUP attivo in BDAP",CDP-I,,Attivo,concluso,"Opere ultimate, cdp2017 p. 178",,Attr.tec.lin/imp.int.rete-eff.upg (AN),CdP_2017-2021_Investimenti.pdf p. 178
J51H03000120011,"Opera ultimata, assente dal file",,,,concluso,"Opere ultimate, agg2025 p. 136",,Sicurezza ed Obblighi di Legge,CdP_2017-2021_Investimenti.pdf p. 178 | CdP_2022-2026_Investimenti_Agg_ 2025.pdf p. 136
J51H03000120021,"Opera ultimata, assente dal file",,,,concluso,"Opere ultimate, agg2025 p. 136",,Sicurezza ed Obblighi di Legge,CdP_2017-2021_Investimenti.pdf p. 178 | CdP_2022-2026_Investimenti_Agg_ 2025.pdf p. 136
J51H03000120041,"Opera ultimata, CUP attivo in BDAP",CDP-I,,Attivo,concluso,"Opere ultimate, agg2025 p. 136",,Sicurezza ed Obblighi di Legge,CdP_2017-2021_Investimenti.pdf p. 178 | CdP_2022-2026_Investimenti_Agg_ 2025.pdf p. 136
J51H03000120051,"Opera ultimata, CUP attivo in BDAP",CDP-I,,Attivo,concluso,"Opere ultimate, agg2025 p. 136",,Sicurezza ed Obblighi di Legge,CdP_2017-2021_Investimenti.pdf p. 178 | CdP_2022-2026_Investimenti_Agg_ 2025.pdf p. 136
J51H03000120071,"Opera ultimata, CUP attivo in BDAP",CDP-I,,Attivo,concluso,"Opere ultimate, agg2025 p. 136",,Sicurezza ed Obblighi di Legge,CdP_2017-2021_Investimenti.pdf p. 178 | CdP_2017-2021_Investimenti_Agg2020-2021.pdf p. 127 | CdP_2022-2026_Investimenti_Agg_ 2025.pdf p. 136
J51H03000120081,"Opera ultimata, assente dal file",,,,concluso,"Opere ultimate, agg2025 p. 142",,"Tecnologie per la sicurezza, la circolazione e l'efficientamento",CdP_2017-2021_Investimenti.pdf p. 179 | CdP_2022-2026_Investimenti.pdf p. 138 | CdP_2022-2026_Investimenti_Agg_ 2025.pdf p. 142
J51H03000120091,"Investimenti, non nei documenti",CDP-I,,Attivo,,,,,
J51H03000120141,Concorda,CDP-I,,Chiuso,concluso,"Opere ultimate, agg2025 p. 142",,"Tecnologie per la sicurezza, la circolazione e l'efficientamento",CdP_2017-2021_Investimenti.pdf p. 179 | CdP_2022-2026_Investimenti_Agg_ 2025.pdf p. 142
J51H03000120151,"Opera ultimata, CUP attivo in BDAP",CDP-I,,Attivo,concluso,"Opere ultimate, agg2025 p. 136",,Sicurezza ed Obblighi di Legge,CdP_2017-2021_Investimenti.pdf p. 178 | CdP_2022-2026_Investimenti_Agg2023.pdf p. 37 | CdP_2022-2026_Investimenti_Agg_ 2025.pdf p. 136
J51H03000140001,"Opera ultimata, assente dal file",,,,concluso,"Opere ultimate, agg2025 p. 140",,Studi di fattibilità e progettazioni,CdP_2017-2021_Investimenti_Agg2020-2021.pdf p. 129 | CdP_2022-2026_Investimenti_Agg_ 2025.pdf p. 140
J51H03000150001,"Opera ultimata, assente dal file",,,,concluso,"Opere ultimate, agg2025 p. 132",,Manutenzione Straordinaria cicli fino al 2011,CdP_2017-2021_Investimenti.pdf p. 178 | CdP_2022-2026_Investimenti_Agg_ 2025.pdf p. 132
J51H03000150011,"Opera ultimata, assente dal file",,,,concluso,"Opere ultimate, agg2025 p. 132",,Manutenzione Straordinaria cicli fino al 2011,CdP_2017-2021_Investimenti.pdf p. 178 | CdP_2022-2026_Investimenti_Agg_ 2025.pdf p. 132
J51H03000150021,"Opera ultimata, assente dal file",,,,concluso,"Opere ultimate, agg2025 p. 133",,Manutenzione Straordinaria cicli fino al 2011,CdP_2017-2021_Investimenti.pdf p. 178 | CdP_2022-2026_Investimenti_Agg_ 2025.pdf p. 133
J51H03000150031,"Opera ultimata, assente dal file",,,,concluso,"Opere ultimate, agg2025 p. 133",,Manutenzione Straordinaria cicli fino al 2011,CdP_2017-2021_Investimenti.pdf p. 178 | CdP_2022-2026_Investimenti_Agg_ 2025.pdf p. 133
J51H03000150041,"Opera ultimata, assente dal file",,,,concluso,"Opere ultimate, agg2025 p. 133",,Manutenzione Straordinaria cicli fino al 2011,CdP_2022-2026_Investimenti_Agg_ 2025.pdf p. 133
J51H03000150051,"Opera ultimata, assente dal file",,,,concluso,"Opere ultimate, agg2025 p. 133",,Manutenzione Straordinaria cicli fino al 2011,CdP_2022-2026_Investimenti_Agg_ 2025.pdf p. 133
J51H03000150081,"Opera ultimata, assente dal file",,,,concluso,"Opere ultimate, agg2025 p. 133",,Manutenzione Straordinaria cicli fino al 2011,CdP_2017-2021_Investimenti.pdf p. 178 | CdP_2022-2026_Investimenti_Agg_ 2025.pdf p. 133
J51H03000150091,"Opera ultimata, assente dal file",,,,concluso,"Opere ultimate, agg2025 p. 133",,Manutenzione Straordinaria cicli fino al 2011,CdP_2017-2021_Investimenti.pdf p. 178 | CdP_2022-2026_Investimenti_Agg_ 2025.pdf p. 133
J51H03000150111,"Opera ultimata, assente dal file",,,,concluso,"Opere ultimate, agg2025 p. 133",,Manutenzione Straordinaria cicli fino al 2011,CdP_2017-2021_Investimenti.pdf p. 178 | CdP_2022-2026_Investimenti_Agg_ 2025.pdf p. 133
J51H03000150141,Concorda,CDP-I,,Chiuso,concluso,"Opere ultimate, agg2025 p. 133",,Manutenzione Straordinaria cicli fino al 2011,CdP_2022-2026_Investimenti_Agg_ 2025.pdf p. 133
J51H03000150151,"Opera ultimata, assente dal file",,,,concluso,"Opere ultimate, agg2025 p. 133",,Manutenzione Straordinaria cicli fino al 2011,CdP_2017-2021_Investimenti.pdf p. 178 | CdP_2022-2026_Investimenti_Agg_ 2025.pdf p. 133
J51H03000150161,"Opera ultimata, assente dal file",,,,concluso,"Opere ultimate, agg2025 p. 133",,Manutenzione Straordinaria cicli fino al 2011,CdP_2017-2021_Investimenti.pdf p. 178 | CdP_2022-2026_Investimenti_Agg_ 2025.pdf p. 133
J51H03000150171,"Opera ultimata, assente dal file",,,,concluso,"Opere ultimate, agg2025 p. 133",,Manutenzione Straordinaria cicli fino al 2011,CdP_2017-2021_Investimenti.pdf p. 178 | CdP_2022-2026_Investimenti_Agg_ 2025.pdf p. 133
J51H03000150191,"Opera ultimata, assente dal file",,,,concluso,"Opere ultimate, agg2025 p. 133",,Manutenzione Straordinaria cicli fino al 2011,CdP_2017-2021_Investimenti.pdf p. 178 | CdP_2022-2026_Investimenti_Agg_ 2025.pdf p. 133
J51H03000150241,"Opera ultimata, assente dal file",,,,concluso,"Opere ultimate, agg2025 p. 133",,Manutenzione Straordinaria cicli fino al 2011,CdP_2017-2021_Investimenti.pdf p. 178 | CdP_2022-2026_Investimenti_Agg_ 2025.pdf p. 133
J51H03000170001,Concorda,CDP-I,,Attivo,in corso,"Tabella A/B, agg2025 p. 58",0268,Collegamento ferroviario aeroporto di Venezia Collegamento ferroviario aeroporto di Venezia,CdP_2017-2021_Investimenti.pdf p. 60 | CdP_2017-2021_Investimenti.pdf p. 142 | CdP_2017-2021_Investimenti_Agg2020-2021.pdf p. 41 | CdP_2017-2021_Investimenti_Agg2020-2021.pdf p. 97 | CdP_2022-2026_Investimenti.pdf p. 58 | CdP_2022-2026_Investimenti.pdf p. 111
J51H03000180001,Concorda,CDP-I,,Attivo,in corso,"Tabella A/B, agg2025 p. 76",0269,Collegamento ferroviario aeroporto di Verona Collegamento ferroviario aeroporto di Verona,CdP_2017-2021_Investimenti.pdf p. 101 | CdP_2017-2021_Investimenti.pdf p. 142 | CdP_2017-2021_Investimenti_Agg2020-2021.pdf p. 59 | CdP_2017-2021_Investimenti_Agg2020-2021.pdf p. 97 | CdP_2022-2026_Investimenti.pdf p. 76 | CdP_2022-2026_Investimenti.pdf p. 111
J51H04000000001,"Opera ultimata, CUP attivo in BDAP",CDP-I,,Attivo,concluso,"Opere ultimate, agg2025 p. 138",,Sviluppo infrastrutturale e upgrading,CdP_2017-2021_Investimenti.pdf p. 180 | CdP_2022-2026_Investimenti_Agg_ 2025.pdf p. 138
J51H04000190001,"Opera ultimata, CUP attivo in BDAP",CDP-I,,Attivo,concluso,"Opere ultimate, agg2025 p. 136",,Sicurezza ed Obblighi di Legge,CdP_2017-2021_Investimenti_Agg2020-2021.pdf p. 127 | CdP_2022-2026_Investimenti.pdf p. 138 | CdP_2022-2026_Investimenti_Agg_ 2025.pdf p. 136
J51H92000000008,"Opera ultimata, CUP attivo in BDAP",CDP-I,,Attivo,concluso,"Opere ultimate, cdp2017 p. 179",,SCC Area Veneta Centrale,CdP_2017-2021_Investimenti.pdf p. 179
J51H92000010021,"Opera ultimata, assente dal file",,,,concluso,"Opere ultimate, agg2025 p. 133",,Manutenzione Straordinaria cicli fino al 2011,CdP_2022-2026_Investimenti_Agg_ 2025.pdf p. 133
J51H92000010031,"Opera ultimata, CUP attivo in BDAP",CDP-I,,Attivo,concluso,"Opere ultimate, cdp2017 p. 178",,Aumento Produttività - Potenziamento - Napoli,CdP_2017-2021_Investimenti.pdf p. 178
J51H92000010041,"Opera ultimata, assente dal file",,,,concluso,"Opere ultimate, agg2023 p. 37",,Aumento Produttività - Potenziamento - Milano,CdP_2017-2021_Investimenti.pdf p. 178 | CdP_2022-2026_Investimenti_Agg2023.pdf p. 37
J51H92000010061,"Opera ultimata, assente dal file",,,,concluso,"Opere ultimate, agg2025 p. 133",,Manutenzione Straordinaria cicli fino al 2011,CdP_2022-2026_Investimenti_Agg2023.pdf p. 37 | CdP_2022-2026_Investimenti_Agg_ 2025.pdf p. 133
J51H92000010071,"Opera ultimata, CUP attivo in BDAP",CDP-I,,Attivo,concluso,"Opere ultimate, agg2025 p. 136",,Sicurezza ed Obblighi di Legge,CdP_2017-2021_Investimenti.pdf p. 178 | CdP_2022-2026_Investimenti_Agg_ 2025.pdf p. 136
J51H92000010081,"Opera ultimata, assente dal file",,,,concluso,"Opere ultimate, agg2025 p. 133",,Manutenzione Straordinaria cicli fino al 2011,CdP_2017-2021_Investimenti_Agg2020-2021.pdf p. 126 | CdP_2022-2026_Investimenti_Agg_ 2025.pdf p. 133
J51H92000010091,"Opera ultimata, assente dal file",,,,concluso,"Opere ultimate, agg2025 p. 133",,Manutenzione Straordinaria cicli fino al 2011,CdP_2022-2026_Investimenti_Agg_ 2025.pdf p. 133
J51H92000010131,"Opera ultimata, assente dal file",,,,concluso,"Opere ultimate, agg2025 p. 133",,Manutenzione Straordinaria cicli fino al 2011,CdP_2022-2026_Investimenti_Agg2023.pdf p. 37 | CdP_2022-2026_Investimenti_Agg_ 2025.pdf p. 133
J51H92000010141,"Opera ultimata, CUP attivo in BDAP",CDP-I,,Attivo,concluso,"Opere ultimate, agg2025 p. 133",,Manutenzione Straordinaria cicli fino al 2011,CdP_2017-2021_Investimenti.pdf p. 180 | CdP_2022-2026_Investimenti_Agg_ 2025.pdf p. 133
J51H92000010171,"Opera ultimata, CUP attivo in BDAP",CDP-I,,Attivo,concluso,"Opere ultimate, agg2025 p. 133",,Manutenzione Straordinaria cicli fino al 2011,CdP_2022-2026_Investimenti_Agg_ 2025.pdf p. 133
J51H92000010181,"Opera ultimata, assente dal file",,,,concluso,"Opere ultimate, agg2025 p. 133",,Manutenzione Straordinaria cicli fino al 2011,CdP_2022-2026_Investimenti_Agg_ 2025.pdf p. 133
J51H92000010191,"Opera ultimata, assente dal file",,,,concluso,"Opere ultimate, agg2025 p. 133",,Manutenzione Straordinaria cicli fino al 2011,CdP_2022-2026_Investimenti_Agg_ 2025.pdf p. 133
J51H92000010201,"Opera ultimata, assente dal file",,,,concluso,"Opere ultimate, agg2025 p. 133",,Manutenzione Straordinaria cicli fino al 2011,CdP_2022-2026_Investimenti_Agg_ 2025.pdf p. 133
J51H92000020001,Concorda,CDP-I,,Chiuso,concluso,"Opere ultimate, agg2025 p. 133",,Manutenzione Straordinaria cicli fino al 2011,CdP_2017-2021_Investimenti.pdf p. 178 | CdP_2022-2026_Investimenti_Agg_ 2025.pdf p. 133
J51H92000020011,"Opera ultimata, CUP attivo in BDAP",CDP-I,,Attivo,concluso,"Opere ultimate, agg2025 p. 133",,Manutenzione Straordinaria cicli fino al 2011,CdP_2017-2021_Investimenti.pdf p. 178 | CdP_2017-2021_Investimenti_Agg2020-2021.pdf p. 126 | CdP_2022-2026_Investimenti_Agg2023.pdf p. 37 | CdP_2022-2026_Investimenti_Agg_ 2025.pdf p. 133
J51H92000020021,"Opera ultimata, assente dal file",,,,concluso,"Opere ultimate, agg2025 p. 133",,Manutenzione Straordinaria cicli fino al 2011,CdP_2017-2021_Investimenti.pdf p. 178 | CdP_2022-2026_Investimenti_Agg_ 2025.pdf p. 133
J51H92000020031,Concorda,CDP-I,,Chiuso,concluso,"Opere ultimate, agg2025 p. 133",,Manutenzione Straordinaria cicli fino al 2011,CdP_2017-2021_Investimenti_Agg2020-2021.pdf p. 126 | CdP_2022-2026_Investimenti_Agg_ 2025.pdf p. 133
J51H92000020041,"Opera ultimata, assente dal file",,,,concluso,"Opere ultimate, agg2025 p. 133",,Manutenzione Straordinaria cicli fino al 2011,CdP_2017-2021_Investimenti_Agg2020-2021.pdf p. 126 | CdP_2022-2026_Investimenti_Agg_ 2025.pdf p. 133
J51H92000020051,"Opera ultimata, assente dal file",,,,concluso,"Opere ultimate, agg2025 p. 133",,Manutenzione Straordinaria cicli fino al 2011,CdP_2022-2026_Investimenti_Agg_ 2025.pdf p. 133
J51H92000020091,"Opera ultimata, assente dal file",,,,concluso,"Opere ultimate, agg2025 p. 133",,Manutenzione Straordinaria cicli fino al 2011,CdP_2017-2021_Investimenti.pdf p. 178 | CdP_2022-2026_Investimenti_Agg2023.pdf p. 37 | CdP_2022-2026_Investimenti_Agg_ 2025.pdf p. 133
J51H92000020141,Concorda,CDP-I,,Chiuso,concluso,"Opere ultimate, agg2025 p. 133",,Manutenzione Straordinaria cicli fino al 2011,CdP_2022-2026_Investimenti_Agg_ 2025.pdf p. 133
J51H92000020151,"Opera ultimata, assente dal file",,,,concluso,"Opere ultimate, agg2021 p. 126",,Aumento Produttività CA - ante 2011,CdP_2017-2021_Investimenti.pdf p. 178 | CdP_2017-2021_Investimenti_Agg2020-2021.pdf p. 126
J51H92000020161,"Opera ultimata, CUP attivo in BDAP",CDP-I,,Attivo,concluso,"Opere ultimate, agg2025 p. 133",,Manutenzione Straordinaria cicli fino al 2011,CdP_2017-2021_Investimenti.pdf p. 178 | CdP_2017-2021_Investimenti_Agg2020-2021.pdf p. 126 | CdP_2022-2026_Investimenti_Agg_ 2025.pdf p. 133
J51H92000020211,"Opera ultimata, assente dal file",,,,concluso,"Opere ultimate, agg2025 p. 133",,Manutenzione Straordinaria cicli fino al 2011,CdP_2022-2026_Investimenti_Agg_ 2025.pdf p. 133
J51H92000020231,"Opera ultimata, assente dal file",,,,concluso,"Opere ultimate, agg2025 p. 133",,Manutenzione Straordinaria cicli fino al 2011,CdP_2017-2021_Investimenti.pdf p. 178 | CdP_2022-2026_Investimenti_Agg_ 2025.pdf p. 133
J51H92000020251,"Opera ultimata, CUP attivo in BDAP",CDP-I,,Attivo,concluso,"Opere ultimate, agg2025 p. 133",,Manutenzione Straordinaria cicli fino al 2011,CdP_2017-2021_Investimenti.pdf p. 178 | CdP_2017-2021_Investimenti_Agg2020-2021.pdf p. 126 | CdP_2022-2026_Investimenti_Agg_ 2025.pdf p. 133
J51H92000020261,"Opera ultimata, CUP attivo in BDAP",CDP-I,,Attivo,concluso,"Opere ultimate, agg2025 p. 133",,Manutenzione Straordinaria cicli fino al 2011,CdP_2017-2021_Investimenti.pdf p. 178 | CdP_2022-2026_Investimenti_Agg_ 2025.pdf p. 133
J51H92000020271,"Opera ultimata, assente dal file",,,,concluso,"Opere ultimate, agg2025 p. 133",,Manutenzione Straordinaria cicli fino al 2011,CdP_2017-2021_Investimenti.pdf p. 178 | CdP_2017-2021_Investimenti_Agg2020-2021.pdf p. 126 | CdP_2022-2026_Investimenti_Agg_ 2025.pdf p. 133
J51H92000020281,"Opera ultimata, CUP attivo in BDAP",CDP-I,,Attivo,concluso,"Opere ultimate, agg2025 p. 133",,Manutenzione Straordinaria cicli fino al 2011,CdP_2017-2021_Investimenti.pdf p. 178 | CdP_2017-2021_Investimenti_Agg2020-2021.pdf p. 126 | CdP_2022-2026_Investimenti.pdf p. 138 | CdP_2022-2026_Investimenti_Agg_ 2025.pdf p. 133
J51H92000020301,"Opera ultimata, CUP attivo in BDAP",CDP-I,,Attivo,concluso,"Opere ultimate, agg2021 p. 126",,Aumento Produttività VR - ante 2011,CdP_2017-2021_Investimenti.pdf p. 178 | CdP_2017-2021_Investimenti_Agg2020-2021.pdf p. 126
J51H92000020351,"Opera ultimata, CUP attivo in BDAP",CDP-I,,Attivo,concluso,"Opere ultimate, agg2025 p. 133",,Manutenzione Straordinaria cicli fino al 2011,CdP_2017-2021_Investimenti.pdf p. 178 | CdP_2022-2026_Investimenti_Agg_ 2025.pdf p. 133
J51H92000020361,"Opera ultimata, CUP attivo in BDAP",CDP-I,,Attivo,concluso,"Opere ultimate, agg2025 p. 133",,Manutenzione Straordinaria cicli fino al 2011,CdP_2017-2021_Investimenti.pdf p. 178 | CdP_2022-2026_Investimenti_Agg_ 2025.pdf p. 133
J51H92000020411,"Opera ultimata, assente dal file",,,,concluso,"Opere ultimate, agg2025 p. 133",,Manutenzione Straordinaria cicli fino al 2011,CdP_2017-2021_Investimenti.pdf p. 178 | CdP_2022-2026_Investimenti_Agg_ 2025.pdf p. 133
J51H92000020431,Concorda,CDP-I,,Chiuso,concluso,"Opere ultimate, agg2025 p. 133",,Manutenzione Straordinaria cicli fino al 2011,CdP_2022-2026_Investimenti_Agg_ 2025.pdf p. 133
J51H93000000021,"Opera ultimata, assente dal file",,,,concluso,"Opere ultimate, agg2025 p. 133",,Manutenzione Straordinaria cicli fino al 2011,CdP_2022-2026_Investimenti_Agg_ 2025.pdf p. 133
J51H93000000051,"Opera ultimata, assente dal file",,,,concluso,"Opere ultimate, agg2025 p. 133",,Manutenzione Straordinaria cicli fino al 2011,CdP_2017-2021_Investimenti_Agg2020-2021.pdf p. 126 | CdP_2022-2026_Investimenti_Agg_ 2025.pdf p. 133
J51H93000000081,"Opera ultimata, assente dal file",,,,concluso,"Opere ultimate, agg2025 p. 133",,Manutenzione Straordinaria cicli fino al 2011,CdP_2022-2026_Investimenti_Agg_ 2025.pdf p. 133
J51H93000000101,"Opera ultimata, assente dal file",,,,concluso,"Opere ultimate, agg2025 p. 133",,Manutenzione Straordinaria cicli fino al 2011,CdP_2022-2026_Investimenti_Agg_ 2025.pdf p. 133
J51H93000000121,"Opera ultimata, assente dal file",,,,concluso,"Opere ultimate, agg2025 p. 133",,Manutenzione Straordinaria cicli fino al 2011,CdP_2022-2026_Investimenti_Agg_ 2025.pdf p. 133
J51H93000000131,"Opera ultimata, assente dal file",,,,concluso,"Opere ultimate, agg2025 p. 133",,Manutenzione Straordinaria cicli fino al 2011,CdP_2022-2026_Investimenti_Agg_ 2025.pdf p. 133
J51H93000000151,"Opera ultimata, assente dal file",,,,concluso,"Opere ultimate, agg2025 p. 133",,Manutenzione Straordinaria cicli fino al 2011,CdP_2017-2021_Investimenti_Agg2020-2021.pdf p. 126 | CdP_2022-2026_Investimenti_Agg_ 2025.pdf p. 133
J51H98000000001,"Opera ultimata, CUP attivo in BDAP",CDP-I,,Attivo,concluso,"Opere ultimate, cdp2017 p. 180",,Potenziamento infrastrutturale e tecnologico Nodo di Verona,CdP_2017-2021_Investimenti.pdf p. 180
J51H98000010001,"Opera ultimata, assente dal file",,,,concluso,"Opere ultimate, agg2021 p. 128",,Realizz.Var.Gall. Monte Zucco,CdP_2017-2021_Investimenti_Agg2020-2021.pdf p. 128
J51I19000020001,"Opera ultimata, assente dal file",,,,concluso,"Opere ultimate, agg2025 p. 142",,"Tecnologie per la sicurezza, la circolazione e l'efficientamento",CdP_2022-2026_Investimenti_Agg_ 2025.pdf p. 142
J51I19000040001,"In corso nel contratto, assente dal file",,,,in corso,"Appendice 2, app2-agg2025 p. 8",A2010,evoluzione sistemi 2019,appendice_2_lista_cup.pdf p. 8 | appendice_3_schede_intervento.pdf p. 59
J51I19000100001,"In corso nel contratto, assente dal file",,,,in corso,"Appendice 2, app2-agg2025 p. 8",A2010,Evoluzione Sistemi - area Audit  - 2019,appendice_2_lista_cup.pdf p. 8 | appendice_3_schede_intervento.pdf p. 59
J51I19000110001,"In corso nel contratto, assente dal file",,,,in corso,"Appendice 2, app2-agg2025 p. 8",A2010,"Evoluzione Sistemi - area Strategia, Pianificazione e Sostenibilità - 2019",appendice_2_lista_cup.pdf p. 8 | appendice_3_schede_intervento.pdf p. 58
J51I19000120001,"In corso nel contratto, assente dal file",,,,in corso,"Appendice 2, app2-agg2025 p. 8",A2010,Evoluzione Sistemi - area Acquisti  - 2019,appendice_2_lista_cup.pdf p. 8 | appendice_3_schede_intervento.pdf p. 59
J51I19000130001,"In corso nel contratto, assente dal file",,,,in corso,"Appendice 2, app2-agg2025 p. 8",A2010,Evoluzione Sistemi - area Amministrazione e Bilancio - 2019,appendice_2_lista_cup.pdf p. 8 | appendice_3_schede_intervento.pdf p. 59
J51I19000140001,"In corso nel contratto, assente dal file",,,,in corso,"Appendice 2, app2-agg2025 p. 8",A2010,Interventi IT per adeguamento compliance regolatoria,appendice_2_lista_cup.pdf p. 8 | appendice_3_schede_intervento.pdf p. 58
J51I20000000001,"Opera ultimata, assente dal file",,,,concluso,"Opere ultimate, agg2025 p. 142",,"Tecnologie per la sicurezza, la circolazione e l'efficientamento",CdP_2022-2026_Investimenti_Agg_ 2025.pdf p. 142
J51I20000030001,"Opera ultimata, assente dal file",,,,concluso,"Opere ultimate, agg2025 p. 142",,"Tecnologie per la sicurezza, la circolazione e l'efficientamento",CdP_2022-2026_Investimenti_Agg_ 2025.pdf p. 142
J51I20000050001,"In corso nel contratto, assente dal file",,,,in corso,"Appendice 2, app2-agg2025 p. 8",A2010,Evoluzione applicative ICT area commerciale,appendice_2_lista_cup.pdf p. 8 | appendice_3_schede_intervento.pdf p. 58
J51I20000060001,"In corso nel contratto, assente dal file",,,,in corso,"Appendice 2, app2-agg2025 p. 9",P264,Piattaforma di analisi del territorio per lo sviluppo dei servizi di stazione,appendice_2_lista_cup.pdf p. 9 | appendice_3_schede_intervento.pdf p. 69
J51J20000060001,"In corso nel contratto, assente dal file",,,,in corso,"Appendice 2, app2-agg2025 p. 8",A2010,Servizi analitici per la circolazione,appendice_2_lista_cup.pdf p. 8 | appendice_3_schede_intervento.pdf p. 58
J51J20000160001,"In corso nel contratto, assente dal file",,,,in corso,"Appendice 2, app2-agg2025 p. 7",A2008,Sviluppo Sistema a radar coerenti,appendice_2_lista_cup.pdf p. 7 | appendice_3_schede_intervento.pdf p. 52
J51J21000040001,"In corso nel contratto, assente dal file",,,,in corso,"Appendice 2, app2-agg2025 p. 8",A2010,Implementazioni Sistemi e Soluzioni IT Area Investimenti - 2021,appendice_2_lista_cup.pdf p. 8 | appendice_3_schede_intervento.pdf p. 59
J52C21001910001,"In corso nel contratto, assente dal file",,,,in corso,"Appendice 2, app2-agg2025 p. 12",NA026,Programma di riqualificazione e potenziamento City Hub,CdP_Servizi_2022-2026_AI2_Agg2024.pdf p. 59 | appendice_2_lista_cup.pdf p. 12 | appendice_3_schede_intervento.pdf p. 481 | appendice_9_elenco_opere_pnrr_e_pnc.pdf p. 3 | relazione_informativa_agg_2025_v04_clean.pdf p. 15
J52F14000080001,"In corso nel contratto, assente dal file",,,,in corso,"Appendice 2, app2-agg2025 p. 12",NA026,Studio di fattibilità analisi trasportistiche e valutazione di capacità della rete ferroviaria,appendice_2_lista_cup.pdf p. 12 | appendice_3_schede_intervento.pdf p. 481
J52F14000140001,"Opera ultimata, assente dal file",,,,concluso,"Opere ultimate, agg2025 p. 142",,"Tecnologie per la sicurezza, la circolazione e l'efficientamento",CdP_2022-2026_Investimenti_Agg_ 2025.pdf p. 142
J52F15000010001,"Opera ultimata, assente dal file",,,,concluso,"Opere ultimate, agg2025 p. 142",,"Tecnologie per la sicurezza, la circolazione e l'efficientamento",CdP_2017-2021_Investimenti_Agg2020-2021.pdf p. 128 | CdP_2022-2026_Investimenti_Agg_ 2025.pdf p. 142
J52F15000020001,"Opera ultimata, assente dal file",,,,concluso,"Opere ultimate, agg2025 p. 142",,"Tecnologie per la sicurezza, la circolazione e l'efficientamento",CdP_2022-2026_Investimenti_Agg2024.pdf p. 113 | CdP_2022-2026_Investimenti_Agg_ 2025.pdf p. 142
J52F15000060001,"Opera ultimata, assente dal file",,,,concluso,"Opere ultimate, agg2025 p. 142",,"Tecnologie per la sicurezza, la circolazione e l'efficientamento",CdP_2017-2021_Investimenti_Agg2020-2021.pdf p. 128 | CdP_2022-2026_Investimenti_Agg_ 2025.pdf p. 142
J52F15000070001,"Opera ultimata, assente dal file",,,,concluso,"Opere ultimate, agg2024 p. 113",,Implementazioni Sistemi IT Area Produzione - 2015,CdP_2022-2026_Investimenti_Agg2024.pdf p. 113
J52F15000100001,"Opera ultimata, assente dal file",,,,concluso,"Opere ultimate, agg2025 p. 142",,"Tecnologie per la sicurezza, la circolazione e l'efficientamento",CdP_2022-2026_Investimenti_Agg_ 2025.pdf p. 142
J52F15000110001,"Opera ultimata, assente dal file",,,,concluso,"Opere ultimate, agg2025 p. 142",,"Tecnologie per la sicurezza, la circolazione e l'efficientamento",CdP_2017-2021_Investimenti_Agg2020-2021.pdf p. 128 | CdP_2022-2026_Investimenti_Agg_ 2025.pdf p. 142
J52F16000020001,"Opera ultimata, assente dal file",,,,concluso,"Opere ultimate, agg2025 p. 142",,"Tecnologie per la sicurezza, la circolazione e l'efficientamento",CdP_2017-2021_Investimenti_Agg2020-2021.pdf p. 128 | CdP_2022-2026_Investimenti_Agg_ 2025.pdf p. 142
J52F16000030001,"Opera ultimata, assente dal file",,,,concluso,"Opere ultimate, agg2025 p. 142",,"Tecnologie per la sicurezza, la circolazione e l'efficientamento",CdP_2022-2026_Investimenti_Agg2024.pdf p. 113 | CdP_2022-2026_Investimenti_Agg_ 2025.pdf p. 142
J52F16000040001,"Opera ultimata, assente dal file",,,,concluso,"Opere ultimate, agg2024 p. 113",,Implementazioni IT Sistemi area Acquisti - 2016,CdP_2022-2026_Investimenti_Agg2024.pdf p. 113
J52J19000130001,Concorda,CDP-I,,Attivo,in corso,"Appendice 2, app2-agg2025 p. 5",A1013B,Miglioramento sismico - DOIT Roma,appendice_2_lista_cup.pdf p. 5 | appendice_3_schede_intervento.pdf p. 20
J52J19000140001,"In corso nel contratto, assente dal file",,,,in corso,"Appendice 2, app2-agg2025 p. 6",A2001B,Analisi operativa del processo di valori,appendice_2_lista_cup.pdf p. 6 | appendice_3_schede_intervento.pdf p. 34
J52J20000120001,"In corso nel contratto, assente dal file",,,,in corso,"Appendice 2, app2-agg2025 p. 8",A2010,Evoluzione dei sistemi IT per l'Infrastruttura RFI - 2020,appendice_2_lista_cup.pdf p. 8 | appendice_3_schede_intervento.pdf p. 58
J52J20000130001,"In corso nel contratto, assente dal file",,,,in corso,"Appendice 2, app2-agg2025 p. 12",NA026,Studi di fattibilità e progettazioni,appendice_2_lista_cup.pdf p. 12 | appendice_3_schede_intervento.pdf p. 481 | relazione_informativa_agg_2025_v04_clean.pdf p. 16
J53D21001370001,"In corso nel contratto, assente dal file",,,,in corso,"Appendice 2, app2-agg2025 p. 3",A1004F,Rilievi opere d’arte e progettazione interventi,appendice_2_lista_cup.pdf p. 3 | appendice_3_schede_intervento.pdf p. 12
J54B13001090001,Concorda,CDP-I,,Attivo,in corso,"Appendice 2, app2-agg2025 p. 7",A2004G,Attrezzaggi e adeguamenti tecnologici innovativi,appendice_2_lista_cup.pdf p. 7 | appendice_3_schede_intervento.pdf p. 47
J54B13001100001,Concorda,CDP-I,,Attivo,in corso,"Appendice 2, app2-agg2025 p. 7",A2004C,Piano interventi per sicurezza e regolarità Passaggi a Livello,appendice_2_lista_cup.pdf p. 7 | appendice_3_schede_intervento.pdf p. 41
J54B13001110001,Concorda,CDP-I,,Attivo,in corso,"Appendice 2, app2-agg2025 p. 11",P054,PRG e ACC Milano Lambrate (1^ fase),appendice_2_lista_cup.pdf p. 11 | appendice_3_schede_intervento.pdf p. 194 | appendice_6_agg_relazione_interventi_dl_43_2013.pdf p. 4 | relazione_informativa_agg_2025_v04_clean.pdf p. 13
J54B13001160001,"Opera ultimata, assente dal file",,,,concluso,"Opere ultimate, agg2025 p. 142",,"Tecnologie per la sicurezza, la circolazione e l'efficientamento",CdP_2017-2021_Investimenti_Agg2020-2021.pdf p. 128 | CdP_2022-2026_Investimenti_Agg_ 2025.pdf p. 142
J54B13001170001,"Opera ultimata, assente dal file",,,,concluso,"Opere ultimate, agg2025 p. 142",,"Tecnologie per la sicurezza, la circolazione e l'efficientamento",CdP_2022-2026_Investimenti_Agg2024.pdf p. 113 | CdP_2022-2026_Investimenti_Agg_ 2025.pdf p. 142
J54B13001230001,"Investimenti, non nei documenti",CDP-I,,Attivo,,,,,
J54B13001260001,"Opera ultimata, assente dal file",,,,concluso,"Opere ultimate, agg2024 p. 113",,Implementazioni IT Sistemi area Acquisti - 2013,CdP_2022-2026_Investimenti_Agg2024.pdf p. 113
J54C14000000001,"In corso nel contratto, assente dal file",,,,in corso,"Appendice 2, app2-agg2025 p. 7",A2010,Energy Management Information System,appendice_2_lista_cup.pdf p. 7 | appendice_3_schede_intervento.pdf p. 58
J54C14000040001,Concorda,CDP-I,,Attivo,in corso,"Appendice 2, app2-agg2025 p. 7",A2008,"Sviluppi per Tecnologie IS,TE,TLC e ARM",appendice_2_lista_cup.pdf p. 7 | appendice_3_schede_intervento.pdf p. 52
J54C14000050001,Concorda,CDP-I,,Attivo,in corso,"Appendice 2, app2-agg2025 p. 7",A2008,Sviluppi per Tecnologie ERTMS,appendice_2_lista_cup.pdf p. 7 | appendice_3_schede_intervento.pdf p. 52
J54C14000060001,"Opera ultimata, assente dal file",,,,concluso,"Opere ultimate, agg2025 p. 142",,"Tecnologie per la sicurezza, la circolazione e l'efficientamento",CdP_2022-2026_Investimenti_Agg_ 2025.pdf p. 142
J54C14000070001,"Opera ultimata, assente dal file",,,,concluso,"Opere ultimate, agg2024 p. 113",,Implementazioni Sistemi IT Area Produzione - 2014,CdP_2022-2026_Investimenti_Agg2024.pdf p. 113
J54C14000080001,"Opera ultimata, assente dal file",,,,concluso,"Opere ultimate, agg2025 p. 142",,"Tecnologie per la sicurezza, la circolazione e l'efficientamento",CdP_2017-2021_Investimenti_Agg2020-2021.pdf p. 128 | CdP_2022-2026_Investimenti_Agg_ 2025.pdf p. 142
J54C19000270001,Concorda,CDP-I,,Attivo,in corso,"Appendice 2, app2-agg2025 p. 7",A2004G,Attrezzaggi/Adeguamenti innovativi infrastruttura,appendice_2_lista_cup.pdf p. 7 | appendice_3_schede_intervento.pdf p. 47
J54D21000030001,Concorda,CDP-I,,Attivo,in corso,"Appendice 2, app2-agg2025 p. 7",A2009,Upgrade impianti di security - 2021,appendice_2_lista_cup.pdf p. 7 | appendice_3_schede_intervento.pdf p. 54
J54E21000750001,Concorda,CDP-I,,Attivo,in corso,"Appendice 2, app2-agg2025 p. 5",A2001B,Attrezzaggi tecnologici DOIT Milano - 2021,appendice_2_lista_cup.pdf p. 5 | appendice_3_schede_intervento.pdf p. 33
J54E21003570001,Concorda,CDP-I,,Attivo,in corso,"Appendice 2, app2-agg2025 p. 11",P201,Fermata S. Maria di Settimo Paola-CS,appendice_2_lista_cup.pdf p. 11 | appendice_3_schede_intervento.pdf p. 155
J54E21003590001,Concorda,CDP-I,,Attivo,in corso,"Appendice 2, app2-agg2025 p. 8",A2011,Programma nazionale ERTMS-Linee Roma,CdP_Servizi_2022-2026_AI2_Agg2024.pdf p. 57 | appendice_2_lista_cup.pdf p. 8 | appendice_3_schede_intervento.pdf p. 62 | appendice_9_elenco_opere_pnrr_e_pnc.pdf p. 2 | relazione_informativa_agg_2025_v04_clean.pdf p. 13
J54E21003600001,Concorda,CDP-I,,Attivo,in corso,"Appendice 2, app2-agg2025 p. 8",A2011,Programma nazionale ERTMS-Linee Ancona-Napoli-Bari,CdP_Servizi_2022-2026_AI2_Agg2024.pdf p. 57 | appendice_2_lista_cup.pdf p. 8 | appendice_3_schede_intervento.pdf p. 62 | appendice_9_elenco_opere_pnrr_e_pnc.pdf p. 2 | relazione_informativa_agg_2025_v04_clean.pdf p. 13
J54E21003610001,Concorda,CDP-I,,Attivo,in corso,"Appendice 2, app2-agg2025 p. 8",A2011,Programma nazionale ERTMS-Linee Reggio Calabria e Sardegna,CdP_Servizi_2022-2026_AI2_Agg2024.pdf p. 57 | appendice_2_lista_cup.pdf p. 8 | appendice_3_schede_intervento.pdf p. 62 | appendice_9_elenco_opere_pnrr_e_pnc.pdf p. 2 | relazione_informativa_agg_2025_v04_clean.pdf p. 13
J54E21003620001,Concorda,CDP-I,,Attivo,in corso,"Appendice 2, app2-agg2025 p. 8",A2011,Programma nazionale ERTMS-Applicazioni Generiche,CdP_Servizi_2022-2026_AI2_Agg2024.pdf p. 57 | appendice_2_lista_cup.pdf p. 8 | appendice_3_schede_intervento.pdf p. 62 | appendice_9_elenco_opere_pnrr_e_pnc.pdf p. 2 | relazione_informativa_agg_2025_v04_clean.pdf p. 13
J54E21004780008,Concorda,CDP-I,,Attivo,in corso,"Tabella A/B, agg2025 p. 72",P245,Adeguamento e velocizzazione linea ferroviaria jonica - tratta Sibari-Melito Porto Salvo e trasversale Lamezia Terme - Catanzaro Lido Elettrificazione linea jonica tratta Catanzaro Lido - Crotone - Sibari Potenziamento Lamezia Terme - Settingiano e elettrificazione,CdP_2022-2026_Investimenti.pdf p. 63 | CdP_2022-2026_Investimenti.pdf p. 123 | CdP_2022-2026_Investimenti_Agg2024.pdf p. 59 | CdP_2022-2026_Investimenti_Agg2024.pdf p. 100 | CdP_2022-2026_Investimenti_Agg_ 2025.pdf p. 72 | CdP_2022-2026_Investimenti_Agg_ 2025.pdf p. 116
J54E21004790008,Concorda,CDP-I,,Attivo,in corso,"Appendice 2, app2-agg2025 p. 14",P224,Adeguamento prestazionale Taranto - Gioia Tauro,appendice_2_lista_cup.pdf p. 14 | appendice_3_schede_intervento.pdf p. 373 | appendice_9_elenco_opere_pnrr_e_pnc.pdf p. 4
J54F05000010001,"Opera ultimata, CUP attivo in BDAP",CDP-I,,Attivo,concluso,"Opere ultimate, cdp2017 p. 180",,Itinerario Venezia-Tarvisio/Villa Opicina Potenziamento Itinerari merci,CdP_2017-2021_Investimenti.pdf p. 180
J54F12000000001,"In corso nel contratto, assente dal file",,,,in corso,"Appendice 2, app2-agg2025 p. 7",A2010,Adeguamento Tariffe RFI,appendice_2_lista_cup.pdf p. 7 | appendice_3_schede_intervento.pdf p. 58
J54F12000010001,"Opera ultimata, assente dal file",,,,concluso,"Opere ultimate, agg2025 p. 142",,"Tecnologie per la sicurezza, la circolazione e l'efficientamento",CdP_2017-2021_Investimenti_Agg2020-2021.pdf p. 128 | CdP_2022-2026_Investimenti_Agg_ 2025.pdf p. 142
J54F12000030001,"In corso nel contratto, assente dal file",,,,in corso,"Appendice 2, app2-agg2025 p. 7",A2010,Nuove architetture ICT,appendice_2_lista_cup.pdf p. 7 | appendice_3_schede_intervento.pdf p. 58
J54F12000050001,"In corso nel contratto, assente dal file",,,,in corso,"Appendice 2, app2-agg2025 p. 7",A2010,RFI-RINF Registro Infrastrutture Ferroviarie,appendice_2_lista_cup.pdf p. 7 | appendice_3_schede_intervento.pdf p. 58
J54F18000010009,Concorda,CDP-I,,Attivo,in corso,"Tabella A/B, agg2025 p. 65",I170,Elettrificazione e ammodernamento linea Barletta-Canosa Elettrificazione e ammodernamento linea Barletta-Canosa,CdP_2017-2021_Investimenti_Agg2020-2021.pdf p. 50 | CdP_2017-2021_Investimenti_Agg2020-2021.pdf p. 81 | CdP_2022-2026_Investimenti.pdf p. 51 | CdP_2022-2026_Investimenti.pdf p. 97 | CdP_2022-2026_Investimenti_Agg2024.pdf p. 55 | CdP_2022-2026_Investimenti_Agg2024.pdf p. 79
J54G18000040001,Concorda,CDP-I,,Attivo,in corso,"Appendice 2, app2-agg2025 p. 14",P224,DOIT Roma. Interventi infr e tecn diffusi,appendice_2_lista_cup.pdf p. 14 | appendice_3_schede_intervento.pdf p. 374
J54G18000130001,Concorda,CDP-I,,Attivo,in corso,"Appendice 2, app2-agg2025 p. 11",P053,Attrezzaggio RED ambito DOIT RM,appendice_2_lista_cup.pdf p. 11 | appendice_3_schede_intervento.pdf p. 228
J54G18000140001,Concorda,CDP-I,,Attivo,in corso,"Tabella A/B, agg2025 p. 56",P178,Nodo intermodale di Brindisi Nodo intermodale di Brindisi,CdP_2017-2021_Investimenti_Agg2020-2021.pdf p. 40 | CdP_2017-2021_Investimenti_Agg2020-2021.pdf p. 96 | CdP_2022-2026_Investimenti.pdf p. 57 | CdP_2022-2026_Investimenti.pdf p. 109 | CdP_2022-2026_Investimenti_Agg2024.pdf p. 47 | CdP_2022-2026_Investimenti_Agg2024.pdf p. 90
J54G18000190001,Concorda,CDP-I,,Attivo,in corso,"Appendice 2, app2-agg2025 p. 3",A1004F,Adeguamento a STI opere civili - Sede centrale,appendice_2_lista_cup.pdf p. 3 | appendice_3_schede_intervento.pdf p. 12
J54G18000200001,Concorda,CDP-I,,Attivo,in corso,"Appendice 2, app2-agg2025 p. 3",A1004F,Adeguamento a STI opere civili - DOIT Roma,appendice_2_lista_cup.pdf p. 3 | appendice_3_schede_intervento.pdf p. 12
J54G18000210009,Concorda,CDP-I,,Attivo,in corso,"Appendice 2, app2-agg2025 p. 6",A2001B,Water Management,appendice_2_lista_cup.pdf p. 6 | appendice_3_schede_intervento.pdf p. 34 | relazione_informativa_agg_2025_v04_clean.pdf p. 16
J54H13000150001,"Investimenti, non nei documenti",CDP-I,,Attivo,,,,,
J54H13000160001,"Opera ultimata, CUP attivo in BDAP",CDP-I,,Attivo,concluso,"Opere ultimate, agg2025 p. 136",,Sicurezza ed Obblighi di Legge,CdP_2022-2026_Investimenti_Agg_ 2025.pdf p. 136
J54H14000440001,Concorda,CDP-I,,Attivo,in corso,"Appendice 2, app2-agg2025 p. 14",P224,Upgrading prestazionale corridoio Scan-Med - DOIT Roma,appendice_2_lista_cup.pdf p. 14 | appendice_3_schede_intervento.pdf p. 373
J54H14000450001,"Opera ultimata, CUP attivo in BDAP",CDP-I,,Attivo,concluso,"Opere ultimate, agg2025 p. 136",,Sicurezza ed Obblighi di Legge,CdP_2022-2026_Investimenti_Agg_ 2025.pdf p. 136
J54H14000520001,"Opera ultimata, CUP attivo in BDAP",CDP-I,,Attivo,concluso,"Opere ultimate, agg2021 p. 127",,Attrezzaggi tecnologici DTP Milano - PRG Rho - fase EXPO - 2014,CdP_2017-2021_Investimenti.pdf p. 178 | CdP_2017-2021_Investimenti_Agg2020-2021.pdf p. 127
J54H14000530001,Concorda,CDP-I,,Attivo,in corso,"Appendice 2, app2-agg2025 p. 14",P223,Upgrading tecnologico Bologna-Padova (1^ fase),CdP_Servizi_2022-2026_AI2_Agg2024.pdf p. 58 | appendice_2_lista_cup.pdf p. 14 | appendice_3_schede_intervento.pdf p. 365 | appendice_9_elenco_opere_pnrr_e_pnc.pdf p. 3 | relazione_informativa_agg_2025_v04_clean.pdf p. 14
J54H14000540001,"Opera ultimata, CUP attivo in BDAP",CDP-I,,Attivo,concluso,"Opere ultimate, agg2024 p. 113",,Velocizzazione Firenze-Pisa (fase 0),CdP_2022-2026_Investimenti_Agg2024.pdf p. 113
J54H14000550001,Concorda,CDP-I,,Attivo,in corso,"Appendice 2, app2-agg2025 p. 9",P055_A,Miglioramento delle funzionalità e del decoro delle 620 stazioni,CdP_Servizi_2022-2026_AI2_Agg2024.pdf p. 59 | appendice_2_lista_cup.pdf p. 9 | appendice_3_schede_intervento.pdf p. 65 | appendice_9_elenco_opere_pnrr_e_pnc.pdf p. 3 | relazione_informativa_agg_2025_v04_clean.pdf p. 16
J54H14000570001,Concorda,CDP-I,,Attivo,in corso,"Appendice 2, app2-agg2025 p. 9",P055_A,Easy Station - TPL upgrading alle banchine,CdP_Servizi_2022-2026_AI2_Agg2024.pdf p. 59 | appendice_2_lista_cup.pdf p. 9 | appendice_3_schede_intervento.pdf p. 65 | appendice_9_elenco_opere_pnrr_e_pnc.pdf p. 3 | relazione_informativa_agg_2025_v04_clean.pdf p. 13
J54H14000580001,Concorda,CDP-I,,Attivo,in corso,"Appendice 2, app2-agg2025 p. 9",P055_A,Easy Station - TPL miglioramento sistemi di informazione al pubblico,appendice_2_lista_cup.pdf p. 9 | appendice_3_schede_intervento.pdf p. 65
J54H14000590001,Concorda,CDP-I,,Attivo,in corso,"Appendice 2, app2-agg2025 p. 9",P055_A,Easy Station - TPL miglioramento accessibilità ed obblighi di legge,CdP_Servizi_2022-2026_AI2_Agg2024.pdf p. 59 | appendice_2_lista_cup.pdf p. 9 | appendice_3_schede_intervento.pdf p. 65 | appendice_9_elenco_opere_pnrr_e_pnc.pdf p. 3 | relazione_informativa_agg_2025_v04_clean.pdf p. 16
J54H15000960001,"Opera ultimata, CUP attivo in BDAP",CDP-I,,Attivo,concluso,"Opere ultimate, agg2025 p. 136",,Sicurezza ed Obblighi di Legge,CdP_2022-2026_Investimenti_Agg_ 2025.pdf p. 136
J54H16000760001,Concorda,CDP-I,,Attivo,in corso,"Appendice 2, app2-agg2025 p. 12",P060,Upgrading prestazionale linee di adduzione ai porti - DOIT Roma,appendice_2_lista_cup.pdf p. 12 | appendice_3_schede_intervento.pdf p. 257
J54H16000770001,Concorda,CDP-I,,Attivo,in corso,"Appendice 2, app2-agg2025 p. 6",A2001B,Piano Upgrading SSE,appendice_2_lista_cup.pdf p. 6 | appendice_3_schede_intervento.pdf p. 33
J54H16000780001,Concorda,CDP-I,,Attivo,in corso,"Appendice 2, app2-agg2025 p. 12",P140,Ammodernamento e potenziamento della rete ferroviaria della Regione Calabria,CdP_2017-2021_Investimenti.pdf p. 70 | CdP_2017-2021_Investimenti.pdf p. 165 | appendice_2_lista_cup.pdf p. 12 | appendice_3_schede_intervento.pdf p. 465
J54H16001160001,Concorda,CDP-I,,Attivo,in corso,"Appendice 2, app2-agg2025 p. 14",P223,Potenaziamento tecnologico linea Bologna- Padova  2 fase,CdP_Servizi_2022-2026_AI2_Agg2024.pdf p. 58 | appendice_2_lista_cup.pdf p. 14 | appendice_3_schede_intervento.pdf p. 365 | appendice_9_elenco_opere_pnrr_e_pnc.pdf p. 3 | relazione_informativa_agg_2025_v04_clean.pdf p. 14
J54H16001170001,Concorda,CDP-I,,Attivo,in corso,"Appendice 2, app2-agg2025 p. 11",P054,Potenziamento tecnologico impianto Milano P.Garibaldi e velocizzazioni,CdP_Servizi_2022-2026_AI2_Agg2024.pdf p. 58 | appendice_2_lista_cup.pdf p. 11 | appendice_3_schede_intervento.pdf p. 194 | appendice_9_elenco_opere_pnrr_e_pnc.pdf p. 2
J54H17000130009,Concorda,CDP-I,,Attivo,in corso,"Tabella A/B, agg2025 p. 71",1940,"Nodo di Udine Revisione fascio Sacca e ACC Udine Centrale su piano ferro attuale Nuovo PM Cargnacco, PRG di Udine Centrale, PRG Udine C.le, ITER PRG/ACC Udine Bivi (ex Udine Parco), raddoppio della linea di cintura tra PM VAT, bretella tra linea Gorizia e linea per Cervignano",CdP_2017-2021_Investimenti.pdf p. 83 | CdP_2017-2021_Investimenti.pdf p. 151 | CdP_2017-2021_Investimenti_Agg2020-2021.pdf p. 56 | CdP_2017-2021_Investimenti_Agg2020-2021.pdf p. 104 | CdP_2022-2026_Investimenti.pdf p. 72 | CdP_2022-2026_Investimenti.pdf p. 118
J54H17000210001,Concorda,CDP-I,,Attivo,in corso,"Appendice 2, app2-agg2025 p. 14",P224,Upgrade del sistema di distanziamento linea Bologna-Verona,CdP_Servizi_2022-2026_AI2_Agg2024.pdf p. 58 | appendice_2_lista_cup.pdf p. 14 | appendice_3_schede_intervento.pdf p. 373 | appendice_9_elenco_opere_pnrr_e_pnc.pdf p. 3 | relazione_informativa_agg_2025_v04_clean.pdf p. 14
J54H17000260001,Concorda,CDP-I,,Attivo,in corso,"Appendice 2, app2-agg2025 p. 7",A2009,Smart Station - Tornelli 2.0 (interventi infrastrutturali),appendice_2_lista_cup.pdf p. 7 | appendice_3_schede_intervento.pdf p. 54 | appendice_3_schede_intervento.pdf p. 64 | appendice_4delta_costi.pdf p. 5 | appendice_4delta_costi.pdf p. 6
J54H17000300001,Concorda,CDP-I,,Attivo,in corso,"Tabella A/B, agg2025 p. 51",P101,Potenziamento linea Empoli-Siena Raddoppio Empoli-Granaiolo Elettrificazione linea Empoli-Siena ITER,CdP_2017-2021_Investimenti_Agg2020-2021.pdf p. 32 | CdP_2017-2021_Investimenti_Agg2020-2021.pdf p. 78 | CdP_2022-2026_Investimenti.pdf p. 49 | CdP_2022-2026_Investimenti.pdf p. 94 | CdP_2022-2026_Investimenti_Agg2024.pdf p. 43 | CdP_2022-2026_Investimenti_Agg2024.pdf p. 77
J54H17000740001,"Opera ultimata, CUP attivo in BDAP",CDP-I,,Attivo,concluso,"Opere ultimate, cdp2022 p. 138",,Upgrading prestazionale corridoio Scandinavia-Mediterraneo area tirrenica (DOIT Firenze),CdP_2022-2026_Investimenti.pdf p. 138
J54H17000750001,Concorda,CDP-I,,Attivo,in corso,"Appendice 2, app2-agg2025 p. 14",P224,Upgrading prestazionale corridoio Scandinavia-Mediterraneo area tirrenica (DOIT Roma),appendice_2_lista_cup.pdf p. 14 | appendice_3_schede_intervento.pdf p. 374
J54H20001280009,Concorda,CDP-I,,Attivo,in corso,"Tabella A/B, agg2025 p. 66",P210A,Potenziamento della linea Terni - Rieti - L’Aquila-Sulmona Velocizzazione Terni-Rieti e adeguamento massa assiale Rieti- ITER L'Aquila Linea Terni-Sulmona: Infrastrutture di terra per la produzione/stoccaggi e distribuzione di idrogeno verde,CdP_2017-2021_Investimenti_Agg2020-2021.pdf p. 58 | CdP_2017-2021_Investimenti_Agg2020-2021.pdf p. 79 | CdP_2022-2026_Investimenti.pdf p. 49 | CdP_2022-2026_Investimenti.pdf p. 95 | CdP_2022-2026_Investimenti_Agg2024.pdf p. 54 | CdP_2022-2026_Investimenti_Agg2024.pdf p. 77
J54J18000010001,Concorda,CDP-I,,Attivo,in corso,"Appendice 2, app2-agg2025 p. 7",A2008,Circuito test San Donato,appendice_2_lista_cup.pdf p. 7 | appendice_3_schede_intervento.pdf p. 52
J54J22000200001,Concorda,CDP-I,,Attivo,in corso,"Tabella A/B, agg2025 p. 72",P245,Adeguamento e velocizzazione linea ferroviaria jonica - tratta Sibari-Melito Porto Salvo e trasversale Lamezia Terme - Catanzaro Lido Elettrificazione linea jonica tratta Catanzaro Lido - Crotone - Sibari Potenziamento Lamezia Terme - Settingiano e elettrificazione,CdP_2022-2026_Investimenti_Agg2024.pdf p. 59 | CdP_2022-2026_Investimenti_Agg2024.pdf p. 100 | CdP_2022-2026_Investimenti_Agg_ 2025.pdf p. 72 | CdP_2022-2026_Investimenti_Agg_ 2025.pdf p. 116 | CdP_Servizi_2022-2026_AI2_Agg2024.pdf p. 59 | appendice_7_distribuzione_territoriale.pdf p. 8
J54J23000580001,Concorda,CDP-I,,Attivo,in corso,"Appendice 2, app2-agg2025 p. 5",A1015,Cyber Security per impianti CCS e TLC,appendice_2_lista_cup.pdf p. 5 | appendice_3_schede_intervento.pdf p. 29
J54J23000720001,Concorda,CDP-I,,Attivo,in corso,"Appendice 2, app2-agg2025 p. 10",P198,Nuove Località di Servizio Area Nord - Ovest,appendice_2_lista_cup.pdf p. 10 | appendice_3_schede_intervento.pdf p. 91
J54J23000750001,Concorda,CDP-I,,Attivo,in corso,"Appendice 2, app2-agg2025 p. 7",A2005,Gigabit Rail & Road,appendice_2_lista_cup.pdf p. 7 | appendice_3_schede_intervento.pdf p. 49
J54J24000020001,Concorda,CDP-I,,Attivo,in corso,"Appendice 2, app2-agg2025 p. 9",P264,Innovazione Digitale settore Stazioni,appendice_2_lista_cup.pdf p. 9 | appendice_3_schede_intervento.pdf p. 69
J54J24000080001,Concorda,CDP-I,,Attivo,in corso,"Appendice 2, app2-agg2025 p. 6",A2001B,Sottosistema strutturale energetico - DOIT Roma,appendice_2_lista_cup.pdf p. 6 | appendice_3_schede_intervento.pdf p. 33
J54J24000390001,Concorda,CDP-I,,Attivo,in corso,"Appendice 2, app2-agg2025 p. 9",P055_A,Riqualificazione elementi infrastruttura Realizzazione e ripristino dei parcheggi scambiatori in corrispondenza delle stazioni ferroviarie di Busa di Vigonza e Vigonza -,appendice_2_lista_cup.pdf p. 9 | appendice_3_schede_intervento.pdf p. 65
J54J24000400001,Concorda,CDP-I,,Attivo,in corso,"Appendice 2, app2-agg2025 p. 10",P198,Realizzazione di nuove LdS e modifica di quelle esistenti - Area Investimenti Stazioni Ovest e Tirrenica,appendice_2_lista_cup.pdf p. 10 | appendice_3_schede_intervento.pdf p. 91
J54J24000850001,Concorda,CDP-I,,Attivo,in corso,"Appendice 2, app2-agg2025 p. 9",P055_A,"Riqualificaz. aree stazione deploy, SEM",appendice_2_lista_cup.pdf p. 9 | appendice_3_schede_intervento.pdf p. 65
J54J24000900001,Concorda,CDP-I,,Attivo,in corso,"Appendice 2, app2-agg2025 p. 12",P060,Raccordo Ferroviario Grisignano di Zocco,appendice_2_lista_cup.pdf p. 12 | appendice_3_schede_intervento.pdf p. 257 | relazione_informativa_agg_2025_v04_clean.pdf p. 16
J54J25000060001,Concorda,CDP-I,,Attivo,in corso,"Appendice 2, app2-agg2025 p. 5",A1017,Monitoraggio infrastruttura,appendice_2_lista_cup.pdf p. 5 | appendice_3_schede_intervento.pdf p. 25
J54J25000070001,Concorda,CDP-I,,Attivo,in corso,"Appendice 2, app2-agg2025 p. 6",A2001B,Upgr. Tec. AV/AC TO - MI e Treviglio-BS,appendice_2_lista_cup.pdf p. 6 | appendice_3_schede_intervento.pdf p. 32
J54J25000080001,Concorda,CDP-I,,Attivo,in corso,"Appendice 2, app2-agg2025 p. 8",A2011,Introduzione PK145 sui PI Linea AV/AC,appendice_2_lista_cup.pdf p. 8 | appendice_3_schede_intervento.pdf p. 62
J54J25000090001,Concorda,CDP-I,,Attivo,in corso,"Appendice 2, app2-agg2025 p. 8",A2011,Integrazione Terra - Bordo ERTMS,appendice_2_lista_cup.pdf p. 8 | appendice_3_schede_intervento.pdf p. 62
J54J25000100001,"Investimenti, non nei documenti",CDP-I,,Attivo,,,,,
J54J25000130001,Concorda,CDP-I,,Attivo,in corso,"Appendice 2, app2-agg2025 p. 5",A1015,Protezione infrastruttura,appendice_2_lista_cup.pdf p. 5 | appendice_3_schede_intervento.pdf p. 29
J54J25000590001,"Investimenti, non nei documenti",,CDP-I,Attivo,,,,,
J56C17000030001,Concorda,CDP-I,,Attivo,in corso,"Tabella A/B, agg2025 p. 72",P245,Adeguamento e velocizzazione linea ferroviaria jonica - tratta Sibari-Melito Porto Salvo e trasversale Lamezia Terme - Catanzaro Lido Elettrificazione linea jonica tratta Catanzaro Lido - Crotone - Sibari Potenziamento Lamezia Terme - Settingiano e elettrificazione,CdP_2017-2021_Investimenti_Agg2020-2021.pdf p. 48 | CdP_2017-2021_Investimenti_Agg2020-2021.pdf p. 109 | CdP_2022-2026_Investimenti.pdf p. 63 | CdP_2022-2026_Investimenti.pdf p. 123 | CdP_2022-2026_Investimenti_Agg2024.pdf p. 59 | CdP_2022-2026_Investimenti_Agg2024.pdf p. 100
J56C17000070001,Concorda,CDP-I,,Attivo,in corso,"Appendice 2, app2-agg2025 p. 7",A2004A,Tecnologie per la sicurezza settore IS,appendice_2_lista_cup.pdf p. 7 | appendice_3_schede_intervento.pdf p. 36
J56C22000300001,Concorda,CDP-I,,Attivo,in corso,"Appendice 2, app2-agg2025 p. 5",A1013B,Sistema attivo mitigazazione rischio sismico,appendice_2_lista_cup.pdf p. 5 | appendice_3_schede_intervento.pdf p. 20
J56E19000070009,Concorda,CDP-I,,Attivo,in corso,"Appendice 2, app2-agg2025 p. 6",A2001B,Tecnologie per la sicurezza,appendice_2_lista_cup.pdf p. 6 | appendice_3_schede_intervento.pdf p. 33
J56E19000260009,Concorda,CDP-I,,Attivo,in corso,"Appendice 2, app2-agg2025 p. 7",A2005,Nuova Rete di Trasmissione Dati RFI,appendice_2_lista_cup.pdf p. 7 | appendice_3_schede_intervento.pdf p. 49
J56E20000020001,Concorda,CDP-I,,Attivo,in corso,"Appendice 2, app2-agg2025 p. 11",P201,Upgrade tecnologico Vitulano-Apice,appendice_2_lista_cup.pdf p. 11 | appendice_3_schede_intervento.pdf p. 155
J56E20000080009,Concorda,CDP-I,,Attivo,in corso,"Appendice 2, app2-agg2025 p. 8",A2011,Programma nazionale ERTMS - 2020,CdP_Servizi_2022-2026_AI2_Agg2024.pdf p. 57 | appendice_2_lista_cup.pdf p. 8 | appendice_3_schede_intervento.pdf p. 62 | appendice_9_elenco_opere_pnrr_e_pnc.pdf p. 2
J56H18000100009,Concorda,CDP-I,,Attivo,in corso,"Appendice 2, app2-agg2025 p. 8",A2011,Completamento Rete Radio GSM-R,appendice_2_lista_cup.pdf p. 8 | appendice_3_schede_intervento.pdf p. 62 | relazione_informativa_agg_2025_v04_clean.pdf p. 13
J56I18000040001,Concorda,CDP-I,,Attivo,in corso,"Appendice 2, app2-agg2025 p. 7",A2005,Potenziamento tecnologico sistemi TLC,appendice_2_lista_cup.pdf p. 7 | appendice_3_schede_intervento.pdf p. 49
J56J16000460001,Concorda,CDP-I,,Attivo,in corso,"Appendice 2, app2-agg2025 p. 6",A2001B,Piano nazionale Apparati Centrali Computerizzati (ACC) internalizzati,CdP_Servizi_2022-2026_AI2_Agg2024.pdf p. 57 | CdP_Servizi_2022-2026_AI2_Agg2024.pdf p. 58 | appendice_2_lista_cup.pdf p. 6 | appendice_3_schede_intervento.pdf p. 32 | appendice_3_schede_intervento.pdf p. 61 | appendice_4delta_costi.pdf p. 4
J57B13000200001,"Opera ultimata, CUP attivo in BDAP",CDP-I,,Attivo,concluso,"Opere ultimate, agg2021 p. 127",,Miglioramento sicurezza gallerie ferroviarie - Territorio Nazionale - 2014,CdP_2017-2021_Investimenti_Agg2020-2021.pdf p. 127
J57B14000070001,"Servizi, non verificabile",CDP-S,,Attivo,,,,,
J57B14000080001,"Servizi, non verificabile",CDP-S,,Attivo,,,,,
J57B14000140001,"Opera ultimata, CUP attivo in BDAP",CDP-I,,Attivo,concluso,"Opere ultimate, agg2025 p. 142",,"Tecnologie per la sicurezza, la circolazione e l'efficientamento",CdP_2022-2026_Investimenti_Agg_ 2025.pdf p. 142
J57B14000150001,"Opera ultimata, CUP attivo in BDAP",CDP-I,,Attivo,concluso,"Opere ultimate, cdp2017 p. 180",,Riapertura Linee (DTP RM),CdP_2017-2021_Investimenti.pdf p. 180
J57B14000240001,"Servizi, non verificabile",CDP-S,,Attivo,,,,,
J57B14000250001,"Servizi, non verificabile",CDP-S,,Attivo,,,,,
J57B14000260001,"Servizi, non verificabile",CDP-S,,Attivo,,,,,
J57B14000270001,"Servizi, non verificabile",CDP-S,,Attivo,,,,,
J57B14000280001,"Servizi, non verificabile",CDP-S,,Attivo,,,,,
J57B14000290001,"Servizi, non verificabile",CDP-S,,Attivo,,,,,
J57B15000000001,"Opera ultimata, CUP attivo in BDAP",CDP-I,,Attivo,concluso,"Opere ultimate, agg2025 p. 142",,"Tecnologie per la sicurezza, la circolazione e l'efficientamento",CdP_2022-2026_Investimenti_Agg_ 2025.pdf p. 142
J57B15000010005,Concorda,CDP-I,,Attivo,in corso,"Appendice 2, app2-agg2025 p. 7",A2009,Efficientamento Energetico - 2015,appendice_2_lista_cup.pdf p. 7 | appendice_3_schede_intervento.pdf p. 32 | appendice_3_schede_intervento.pdf p. 54 | appendice_4delta_costi.pdf p. 4 | appendice_4delta_costi.pdf p. 5
J57B15000070001,"Servizi, non verificabile",CDP-S,,Attivo,,,,,
J57B15000280001,"Servizi, non verificabile",CDP-S,,Attivo,,,,,
J57B15000290001,"Servizi, non verificabile",CDP-S,,Attivo,,,,,
J57B16000010001,"Servizi, non verificabile",CDP-S,,Attivo,,,,,
J57B16000020001,"Servizi, non verificabile",CDP-S,,Attivo,,,,,
J57B16000040001,"Servizi, non verificabile",CDP-S,,Attivo,,,,,
J57B16000050001,"Servizi, non verificabile",CDP-S,,Attivo,,,,,
J57B16000060001,"Servizi, non verificabile",CDP-S,,Attivo,,,,,
J57B16000150001,"Servizi, non verificabile",CDP-S,,Attivo,,,,,
J57B16000160001,"Servizi, non verificabile",CDP-S,,Attivo,,,,,
J57B16000170001,"Opera ultimata, CUP attivo in BDAP",CDP-I,,Attivo,concluso,"Opere ultimate, agg2025 p. 142",,"Tecnologie per la sicurezza, la circolazione e l'efficientamento",CdP_2022-2026_Investimenti_Agg_ 2025.pdf p. 142
J57B16000220001,Concorda,CDP-I,,Attivo,in corso,"Appendice 2, app2-agg2025 p. 2",A1004A,Miglioramento sicurezza gallerie ferroviarie - Territorio Nazionale - 2016,appendice_2_lista_cup.pdf p. 2 | appendice_3_schede_intervento.pdf p. 4
J57B16000260001,Concorda,CDP-I,,Attivo,in corso,"Appendice 2, app2-agg2025 p. 2",A1004A,Sorveglianza delle gallerie ferroviarie,appendice_2_lista_cup.pdf p. 2 | appendice_3_schede_intervento.pdf p. 3
J57B16000280001,Concorda,CDP-I,,Attivo,in corso,"Appendice 2, app2-agg2025 p. 7",A2009,Upgrade impianti di security - 2016,appendice_2_lista_cup.pdf p. 7 | appendice_3_schede_intervento.pdf p. 54
J57B16000350001,Concorda,CDP-I,,Attivo,in corso,"Appendice 2, app2-agg2025 p. 7",A2009,Miglioramento della funzionalità e del decoro delle stazioni,appendice_2_lista_cup.pdf p. 7 | appendice_3_schede_intervento.pdf p. 54 | appendice_3_schede_intervento.pdf p. 64 | appendice_4delta_costi.pdf p. 5 | appendice_4delta_costi.pdf p. 6 | appendice_9_elenco_opere_pnrr_e_pnc.pdf p. 4
J57B16000360001,"Opera ultimata, CUP attivo in BDAP",CDP-I,,Attivo,concluso,"Opere ultimate, agg2025 p. 138",,Sviluppo infrastrutturale e upgrading,CdP_2022-2026_Investimenti_Agg_ 2025.pdf p. 138
J57B16000410001,"Opera ultimata, CUP attivo in BDAP",CDP-I,,Attivo,concluso,"Opere ultimate, agg2025 p. 138",,Sviluppo infrastrutturale e upgrading,CdP_2022-2026_Investimenti_Agg_ 2025.pdf p. 138
J57B16000420001,"Opera ultimata, CUP attivo in BDAP",CDP-I,,Attivo,concluso,"Opere ultimate, agg2025 p. 136",,Sicurezza ed Obblighi di Legge,CdP_2022-2026_Investimenti_Agg_ 2025.pdf p. 136
J57B16000430009,Concorda,CDP-I,,Attivo,in corso,"Appendice 2, app2-agg2025 p. 6",A2001B,Upgrading e rinnovo impianti tecnologici - interventi diffusi Rinnovo/upgrade tecnologico dell'attuale sistema di distanziamento blocco conta assi (BCA) delle linee Benevento-,appendice_2_lista_cup.pdf p. 6 | appendice_3_schede_intervento.pdf p. 32
J57B17000030001,"Servizi, non verificabile",CDP-S,,Attivo,,,,,
J57B17000040001,"Servizi, non verificabile",CDP-S,,Attivo,,,,,
J57B17000050001,"Servizi, non verificabile",CDP-S,,Attivo,,,,,
J57B17000060001,"Servizi, non verificabile",CDP-S,,Attivo,,,,,
J57B17000070001,"Servizi, non verificabile",CDP-S,,Attivo,,,,,
J57B17000080001,"Servizi, non verificabile",CDP-S,,Attivo,,,,,
J57B17000090001,"Servizi, non verificabile",CDP-S,,Attivo,,,,,
J57B17000100001,"Servizi, non verificabile",CDP-S,,Attivo,,,,,
J57B17000110001,"Opera ultimata, CUP attivo in BDAP",CDP-I,,Attivo,concluso,"Opere ultimate, agg2025 p. 142",,"Tecnologie per la sicurezza, la circolazione e l'efficientamento",CdP_2022-2026_Investimenti_Agg_ 2025.pdf p. 142
J57B17000120001,"Opera ultimata, CUP attivo in BDAP",CDP-I,,Attivo,concluso,"Opere ultimate, agg2025 p. 136",,Sicurezza ed Obblighi di Legge,CdP_2022-2026_Investimenti_Agg_ 2025.pdf p. 136
J57B17000460001,"Opera ultimata, CUP attivo in BDAP",CDP-I,,Attivo,concluso,"Opere ultimate, agg2025 p. 136",,Sicurezza ed Obblighi di Legge,CdP_2022-2026_Investimenti_Agg_ 2025.pdf p. 136
J57B20000230008,Concorda,CDP-I,,Attivo,in corso,"Appendice 2, app2-agg2025 p. 10",P199,Interventi nella stazione di Longarone,appendice_2_lista_cup.pdf p. 10 | appendice_3_schede_intervento.pdf p. 110
J57B20000490001,"Servizi, non verificabile",CDP-S,,Attivo,,,,,
J57B20000920001,"Servizi, non verificabile",CDP-S,,Attivo,,,,,
J57B20000930001,"Servizi, non verificabile",CDP-S,,Attivo,,,,,
J57B20000940001,"Servizi, non verificabile",CDP-S,,Attivo,,,,,
J57B20000950001,"Servizi, non verificabile",CDP-S,,Attivo,,,,,
J57B20000960001,"Servizi, non verificabile",CDP-S,,Attivo,,,,,
J57D17000020001,Concorda,CDP-I,,Attivo,in corso,"Appendice 2, app2-agg2025 p. 3",A1006,Soppressione PL privati,appendice_2_lista_cup.pdf p. 3 | appendice_3_schede_intervento.pdf p. 14
J57D17000030001,Concorda,CDP-I,,Attivo,in corso,"Tabella A/B, agg2025 p. 72",P245,Adeguamento e velocizzazione linea ferroviaria jonica - tratta Sibari-Melito Porto Salvo e trasversale Lamezia Terme - Catanzaro Lido Elettrificazione linea jonica tratta Catanzaro Lido - Crotone - Sibari Potenziamento Lamezia Terme - Settingiano e elettrificazione,CdP_2017-2021_Investimenti_Agg2020-2021.pdf p. 48 | CdP_2017-2021_Investimenti_Agg2020-2021.pdf p. 109 | CdP_2022-2026_Investimenti.pdf p. 63 | CdP_2022-2026_Investimenti.pdf p. 123 | CdP_2022-2026_Investimenti_Agg2024.pdf p. 59 | CdP_2022-2026_Investimenti_Agg2024.pdf p. 100
J57D17000040001,Concorda,CDP-I,,Attivo,in corso,"Tabella A/B, agg2025 p. 72",P245,Adeguamento e velocizzazione linea ferroviaria jonica - tratta Sibari-Melito Porto Salvo e trasversale Lamezia Terme - Catanzaro Lido Elettrificazione linea jonica tratta Catanzaro Lido - Crotone - Sibari Potenziamento Lamezia Terme - Settingiano e elettrificazione,CdP_2017-2021_Investimenti_Agg2020-2021.pdf p. 48 | CdP_2017-2021_Investimenti_Agg2020-2021.pdf p. 109 | CdP_2022-2026_Investimenti.pdf p. 63 | CdP_2022-2026_Investimenti.pdf p. 123 | CdP_2022-2026_Investimenti_Agg2024.pdf p. 59 | CdP_2022-2026_Investimenti_Agg2024.pdf p. 100
J57D17000050001,"Servizi, non verificabile",CDP-S,,Attivo,,,,,
J57D17000060001,"Servizi, non verificabile",CDP-S,,Attivo,,,,,
J57D17000070001,"Servizi, non verificabile",CDP-S,,Attivo,,,,,
J57D17000080001,"Servizi, non verificabile",CDP-S,,Attivo,,,,,
J57D17000090001,"Servizi, non verificabile",CDP-S,,Attivo,,,,,
J57D17000100001,"Servizi, non verificabile",CDP-S,,Attivo,,,,,
J57D17000120001,"Servizi, non verificabile",CDP-S,,Attivo,,,,,
J57D18000000001,"Opera ultimata, CUP attivo in BDAP",CDP-I,,Attivo,concluso,"Opere ultimate, agg2025 p. 136",,Sicurezza ed Obblighi di Legge,CdP_2022-2026_Investimenti_Agg_ 2025.pdf p. 136
J57D22000010001,Concorda,CDP-I,,Attivo,in corso,"Appendice 2, app2-agg2025 p. 4",A1013A,Piano difesa della sede da fenomeni di dissesto idrogeologico - DOIT Roma - 2022,appendice_2_lista_cup.pdf p. 4 | appendice_3_schede_intervento.pdf p. 17
J57D22000050001,Concorda,CDP-I,,Attivo,in corso,"Appendice 2, app2-agg2025 p. 7",A2009,Upgrade impianti di security - 2022,appendice_2_lista_cup.pdf p. 7 | appendice_3_schede_intervento.pdf p. 54
J57D22000060001,"In corso nel contratto, assente dal file",,,,in corso,"Appendice 2, app2-agg2025 p. 10",P200,Liberazione immobili – DOIT Roma - 2022,appendice_2_lista_cup.pdf p. 10 | appendice_3_schede_intervento.pdf p. 126
J57D22000110001,"Servizi, non verificabile",CDP-S,,Attivo,,,,,
J57D22000120001,"Servizi, non verificabile",CDP-S,,Attivo,,,,,
J57D22000130001,"Servizi, non verificabile",CDP-S,,Attivo,,,,,
J57D22000140001,Concorda,CDP-I,,Attivo,in corso,"Appendice 2, app2-agg2025 p. 2",A1004A,Miglioramento sicurezza gallerie ferroviarie - DOIT Roma - 2023,appendice_2_lista_cup.pdf p. 2 | appendice_3_schede_intervento.pdf p. 4
J57D22000150001,Concorda,CDP-I,,Attivo,in corso,"Appendice 2, app2-agg2025 p. 2",A1004A,Miglioramento sicurezza gallerie ferroviarie - DOIT Roma - 2022,appendice_2_lista_cup.pdf p. 2 | appendice_3_schede_intervento.pdf p. 4
J57D22000160001,"Servizi, non verificabile",CDP-S,,Attivo,,,,,
J57D22000170001,"Servizi, non verificabile",CDP-S,,Attivo,,,,,
J57D22000180001,"Servizi, non verificabile",CDP-S,,Attivo,,,,,
J57D22000190001,Concorda,CDP-I,,Attivo,in corso,"Appendice 2, app2-agg2025 p. 7",A2004A,Tecnologie per la sicurezza settore IS - DOIT Roma,appendice_2_lista_cup.pdf p. 7 | appendice_3_schede_intervento.pdf p. 37
J57D23000010001,Concorda,CDP-I,,Attivo,in corso,"Appendice 2, app2-agg2025 p. 4",A1013A,Piano difesa della sede da fenomeni di dissesto idrogeologico - DOIT Roma - 2023,appendice_2_lista_cup.pdf p. 4 | appendice_3_schede_intervento.pdf p. 16
J57D23000020001,"Altro, solo nei documenti",,,,servizi,"Servizi, Allegato 4c, srv2026 p. 17",,"Alluvioni - interventi per fronteggiare gli eccezionali eventi atmosferici, franosi ed alluvionali verificatisi a partire dal giorno 1° maggio 2023",CdP_Servizi_2022-2026_AI4_Agg2026.pdf p. 17 | CdP_Servizi_2022-2026_AI4_Agg2026.pdf p. 21 | appendice_9_elenco_opere_pnrr_e_pnc.pdf p. 4
J57D23000030001,Concorda,CDP-I,,Attivo,in corso,"Appendice 2, app2-agg2025 p. 6",A2001B,Obblighi di legge DCI -2023,appendice_2_lista_cup.pdf p. 6 | appendice_3_schede_intervento.pdf p. 34
J57D23000040001,"Servizi, non verificabile",CDP-S,,Attivo,,,,,
J57D23000050001,"Servizi, non verificabile",CDP-S,,Attivo,,,,,
J57D23000070001,"Servizi, non verificabile",CDP-S,,Attivo,,,,,
J57D23000080001,"Servizi, non verificabile",CDP-S,,Attivo,,,,,
J57D23000090001,"Servizi, non verificabile",CDP-S,,Attivo,,,,,
J57D23000100001,"Servizi, non verificabile",CDP-S,,Attivo,,,,,
J57D23000110001,"Servizi, non verificabile",CDP-S,,Attivo,,,,,
J57D23000120001,"Servizi, non verificabile",CDP-S,,Attivo,,,,,
J57D23000130001,"Servizi, non verificabile",CDP-S,,Attivo,,,,,
J57D23000140001,"Servizi, non verificabile",CDP-S,,Attivo,,,,,
J57D23000150001,"Servizi, non verificabile",CDP-S,,Attivo,,,,,
J57D23000160001,"Servizi, non verificabile",CDP-S,,Attivo,,,,,
J57D24000000001,Concorda,CDP-I,,Attivo,in corso,"Appendice 2, app2-agg2025 p. 2",A1004A,Miglioramento sicurezza gallerie ferroviarie - DOIT Roma - 2024,appendice_2_lista_cup.pdf p. 2 | appendice_3_schede_intervento.pdf p. 4
J57D24000020001,"Opera ultimata, CUP attivo in BDAP",CDP-I,,Attivo,concluso,"Opere ultimate, agg2025 p. 133",,Manutenzione Straordinaria cicli fino al 2011,CdP_2022-2026_Investimenti_Agg_ 2025.pdf p. 133
J57D24000040001,Concorda,CDP-I,,Attivo,in corso,"Appendice 2, app2-agg2025 p. 6",A2001B,Obblighi di legge DCI -2024,appendice_2_lista_cup.pdf p. 6 | appendice_3_schede_intervento.pdf p. 34
J57D24000070001,Concorda,CDP-I,,Attivo,in corso,"Appendice 2, app2-agg2025 p. 6",A2001B,Manutenzione straordinaria e OO.LL.,appendice_2_lista_cup.pdf p. 6 | appendice_3_schede_intervento.pdf p. 33 | relazione_informativa_agg_2025_v04_clean.pdf p. 16
J57D24000090001,Concorda,CDP-S,,Attivo,servizi,"Servizi, Allegato 4c, srv2026 p. 17",,"Interventi manutentivi interferenti e non interferenti al traffico ferroviario avente ad oggetto le stazioni di Rio di Pusteria, Vandoies, Casteldarne, San Lorenzo, Brunico, Brunico Nord, Perca, Valdaora, Monguelfo, Villabassa, Dobbiaco, San Candido e Versciaco",CdP_Servizi_2022-2026_AI4_Agg2026.pdf p. 17
J57D24000110001,Concorda,CDP-I,,Attivo,in corso,"Appendice 2, app2-agg2025 p. 5",A1013A,RM - Mitigazione rischio idrogeologico,appendice_2_lista_cup.pdf p. 5 | appendice_3_schede_intervento.pdf p. 18
J57D25000000001,Concorda,CDP-I,,Attivo,in corso,"Appendice 2, app2-agg2025 p. 5",A1013A,MITIGAZIONE RISCHIO IDROGEOLOGICO 2025,appendice_2_lista_cup.pdf p. 5 | appendice_3_schede_intervento.pdf p. 17
J57D25000010001,Concorda,CDP-I,,Attivo,in corso,"Appendice 2, app2-agg2025 p. 2",A1004A,Miglioramento sicurezza in galleria OC,appendice_2_lista_cup.pdf p. 2 | appendice_3_schede_intervento.pdf p. 4
J57D25000060001,"Nei documenti, fuori dalle tabelle",CDP-I,,Attivo,,,,,appendice_3_schede_intervento.pdf p. 54
J57D25000070001,"Nei documenti, fuori dalle tabelle",CDP-I,,Attivo,,,,,appendice_3_schede_intervento.pdf p. 34
J57D25000120001,"Servizi, non verificabile",,CDP-S,Attivo,,,,,
J57D25000130001,"Servizi, non verificabile",,CDP-S,Attivo,,,,,
J57D25000140001,"Servizi, non verificabile",,CDP-S,Attivo,,,,,
J57D25000160001,"Servizi, non verificabile",,CDP-S,Attivo,,,,,
J57D25000170001,"Servizi, non verificabile",,CDP-S,Attivo,,,,,
J57D25000180001,"Servizi, non verificabile",,CDP-S,Attivo,,,,,
J57D25000220001,"Servizi, non verificabile",,CDP-S,Attivo,,,,,
J57E13000010001,"Servizi, non verificabile",CDP-S,,Attivo,,,,,
J57E13000020001,"Servizi, non verificabile",CDP-S,,Attivo,,,,,
J57E13000030001,"Opera ultimata, assente dal file",,,,concluso,"Opere ultimate, agg2025 p. 142",,"Tecnologie per la sicurezza, la circolazione e l'efficientamento",CdP_2022-2026_Investimenti_Agg2024.pdf p. 113 | CdP_2022-2026_Investimenti_Agg_ 2025.pdf p. 142
J57E13000040001,"Opera ultimata, assente dal file",,,,concluso,"Opere ultimate, agg2025 p. 142",,"Tecnologie per la sicurezza, la circolazione e l'efficientamento",CdP_2017-2021_Investimenti_Agg2020-2021.pdf p. 128 | CdP_2022-2026_Investimenti_Agg_ 2025.pdf p. 142
J57E13000210001,"Servizi, non verificabile",CDP-S,,Attivo,,,,,
J57E13000220001,"Servizi, non verificabile",CDP-S,,Attivo,,,,,
J57E13000230001,Concorda,CDP-I,,Attivo,in corso,"Appendice 2, app2-agg2025 p. 2",A1004A,Miglioramento sicurezza gallerie ferroviarie - Territorio Nazionale - 2013,appendice_2_lista_cup.pdf p. 2 | appendice_3_schede_intervento.pdf p. 4
J57E13000260001,"Opera ultimata, CUP attivo in BDAP",CDP-I,,Attivo,concluso,"Opere ultimate, agg2025 p. 138",,Sviluppo infrastrutturale e upgrading,CdP_2022-2026_Investimenti_Agg_ 2025.pdf p. 138 | appendice_6_agg_relazione_interventi_dl_43_2013.pdf p. 4
J57E13000490001,"Servizi, non verificabile",CDP-S,,Attivo,,,,,
J57E14000010001,"Opera ultimata, assente dal file",,,,concluso,"Opere ultimate, agg2025 p. 142",,"Tecnologie per la sicurezza, la circolazione e l'efficientamento",CdP_2017-2021_Investimenti.pdf p. 179 | CdP_2022-2026_Investimenti_Agg_ 2025.pdf p. 142
J57F14000000001,"Servizi, non verificabile",CDP-S,,Attivo,,,,,
J57F14000010001,"Servizi, non verificabile",CDP-S,,Attivo,,,,,
J57F14000020001,"Servizi, non verificabile",CDP-S,,Attivo,,,,,
J57F14000030001,"Servizi, non verificabile",CDP-S,,Attivo,,,,,
J57F14000050001,"Servizi, non verificabile",CDP-S,,Attivo,,,,,
J57F19000020001,Concorda,CDP-I,,Attivo,in corso,"Appendice 2, app2-agg2025 p. 7",A2009,Upgrade impianti di security - 2019,appendice_2_lista_cup.pdf p. 7 | appendice_3_schede_intervento.pdf p. 54
J57F19000040001,"Opera ultimata, CUP attivo in BDAP",CDP-I,,Attivo,concluso,"Opere ultimate, agg2025 p. 138",,Sviluppo infrastrutturale e upgrading,CdP_2022-2026_Investimenti_Agg_ 2025.pdf p. 138
J57F19000050001,"Opera ultimata, CUP attivo in BDAP",CDP-I,,Attivo,concluso,"Opere ultimate, agg2025 p. 136",,Sicurezza ed Obblighi di Legge,CdP_2022-2026_Investimenti_Agg_ 2025.pdf p. 136
J57F19000060001,"Opera ultimata, CUP attivo in BDAP",CDP-I,,Attivo,concluso,"Opere ultimate, agg2021 p. 128",,Riapertura Linee (DTP RM) - 2019,CdP_2017-2021_Investimenti_Agg2020-2021.pdf p. 128
J57F19000140001,"Servizi, non verificabile",CDP-S,,Attivo,,,,,
J57F19000160001,"Servizi, non verificabile",CDP-S,,Attivo,,,,,
J57F19000170001,"Servizi, non verificabile",CDP-S,,Attivo,,,,,
J57F19000180001,"Servizi, non verificabile",CDP-S,,Attivo,,,,,
J57F19000200001,"Servizi, non verificabile",CDP-S,,Attivo,,,,,
J57F19000210001,"Servizi, non verificabile",CDP-S,,Attivo,,,,,
J57F19000220001,"Servizi, non verificabile",CDP-S,,Attivo,,,,,
J57F20000020001,"Opera ultimata, CUP attivo in BDAP",CDP-I,,Attivo,concluso,"Opere ultimate, agg2025 p. 136",,Sicurezza ed Obblighi di Legge,CdP_2022-2026_Investimenti_Agg_ 2025.pdf p. 136
J57F20000080001,"Opera ultimata, CUP attivo in BDAP",CDP-I,,Attivo,concluso,"Opere ultimate, agg2025 p. 142",,"Tecnologie per la sicurezza, la circolazione e l'efficientamento",CdP_2022-2026_Investimenti_Agg_ 2025.pdf p. 142
J57F20000090001,"Opera ultimata, CUP attivo in BDAP",CDP-I,,Attivo,concluso,"Opere ultimate, agg2025 p. 136",,Sicurezza ed Obblighi di Legge,CdP_2022-2026_Investimenti_Agg_ 2025.pdf p. 136
J57F20000110001,"Opera ultimata, CUP attivo in BDAP",CDP-I,,Attivo,concluso,"Opere ultimate, agg2025 p. 138",,Sviluppo infrastrutturale e upgrading,CdP_2022-2026_Investimenti_Agg_ 2025.pdf p. 138
J57G20000060001,"Opera ultimata, CUP attivo in BDAP",CDP-I,,Attivo,concluso,"Opere ultimate, agg2025 p. 136",,Sicurezza ed Obblighi di Legge,CdP_2022-2026_Investimenti_Agg_ 2025.pdf p. 136
J57G21000000001,"Servizi, non verificabile",CDP-S,,Attivo,,,,,
J57G21000010001,"Servizi, non verificabile",CDP-S,,Attivo,,,,,
J57H21000760001,Concorda,CDP-I,,Attivo,in corso,"Appendice 2, app2-agg2025 p. 6",A2001B,Obblighi di legge DCI - 2021,appendice_2_lista_cup.pdf p. 6 | appendice_3_schede_intervento.pdf p. 34
J57H21000810001,"Opera ultimata, CUP attivo in BDAP",CDP-I,,Attivo,concluso,"Opere ultimate, agg2025 p. 142",,"Tecnologie per la sicurezza, la circolazione e l'efficientamento",CdP_2022-2026_Investimenti_Agg_ 2025.pdf p. 142
J57H21000820001,"Opera ultimata, CUP attivo in BDAP",CDP-I,,Attivo,concluso,"Opere ultimate, agg2025 p. 136",,Sicurezza ed Obblighi di Legge,CdP_2022-2026_Investimenti_Agg_ 2025.pdf p. 136
J57H21000830001,Concorda,CDP-I,,Attivo,in corso,"Appendice 2, app2-agg2025 p. 2",A1004A,Miglioramento sicurezza gallerie ferroviarie - DOIT Roma - 2021,appendice_2_lista_cup.pdf p. 2 | appendice_3_schede_intervento.pdf p. 4
J57H21001340001,"Servizi, non verificabile",CDP-S,,Attivo,,,,,
J57H21001350001,"Servizi, non verificabile",CDP-S,,Attivo,,,,,
J57H21003100001,Concorda,CDP-I,,Attivo,in corso,"Appendice 2, app2-agg2025 p. 9",P214,Asciano-Monte Antico,appendice_2_lista_cup.pdf p. 9 | appendice_3_schede_intervento.pdf p. 74 | appendice_9_elenco_opere_pnrr_e_pnc.pdf p. 5
J57H21005730001,"Opera ultimata, CUP attivo in BDAP",CDP-I,,Attivo,concluso,"Opere ultimate, agg2025 p. 138",,Sviluppo infrastrutturale e upgrading,CdP_2022-2026_Investimenti_Agg_ 2025.pdf p. 138
J57H21005970001,"Servizi, non verificabile",CDP-S,,Attivo,,,,,
J57H22000000001,Concorda,CDP-S,,Attivo,servizi,"Servizi, Allegato 4c, srv2026 p. 17",,CdP-S Infratruttura Fisica DOIT Roma - anno 2022,CdP_Servizi_2022-2026_AI2_Agg2024.pdf p. 19 | CdP_Servizi_2022-2026_AI4_Agg2026.pdf p. 17
J57H22000010001,"Servizi, non verificabile",CDP-S,,Attivo,,,,,
J57H22000020001,"Servizi, non verificabile",CDP-S,,Attivo,,,,,
J57H22000030001,"Servizi, non verificabile",CDP-S,,Attivo,,,,,
J57H22000040001,"Servizi, non verificabile",CDP-S,,Attivo,,,,,
J57H22000050001,"Servizi, non verificabile",CDP-S,,Attivo,,,,,
J57H22000160001,Concorda,CDP-I,,Attivo,in corso,"Appendice 2, app2-agg2025 p. 11",P053,Upgrading rete viaggiatori DOIT Roma - 2022,appendice_2_lista_cup.pdf p. 11 | appendice_3_schede_intervento.pdf p. 228
J57I05000010001,"Opera ultimata, assente dal file",,,,concluso,"Opere ultimate, agg2023 p. 38",,Interventi upgrading rete merci - Venezia,CdP_2022-2026_Investimenti_Agg2023.pdf p. 38
J57I05000020001,"Opera ultimata, assente dal file",,,,concluso,"Opere ultimate, agg2025 p. 138",,Sviluppo infrastrutturale e upgrading,CdP_2022-2026_Investimenti_Agg_ 2025.pdf p. 138
J57I06000080001,"Opera ultimata, assente dal file",,,,concluso,"Opere ultimate, agg2025 p. 140",,Impianti industriali e terminali viaggiatori e merci,CdP_2017-2021_Investimenti.pdf p. 180 | CdP_2022-2026_Investimenti.pdf p. 139 | CdP_2022-2026_Investimenti_Agg_ 2025.pdf p. 140
J57I06000280001,Concorda,CDP-I,,Chiuso,concluso,"Opere ultimate, agg2025 p. 142",,"Tecnologie per la sicurezza, la circolazione e l'efficientamento",CdP_2022-2026_Investimenti_Agg_ 2025.pdf p. 142
J57I06000290001,"Opera ultimata, assente dal file",,,,concluso,"Opere ultimate, agg2025 p. 142",,"Tecnologie per la sicurezza, la circolazione e l'efficientamento",CdP_2022-2026_Investimenti_Agg_ 2025.pdf p. 142
J57I08000020001,"Opera ultimata, CUP attivo in BDAP",CDP-I,,Attivo,concluso,"Opere ultimate, agg2025 p. 133",,Manutenzione Straordinaria cicli fino al 2011,CdP_2017-2021_Investimenti.pdf p. 178 | CdP_2022-2026_Investimenti_Agg_ 2025.pdf p. 133
J57I08000170001,"Opera ultimata, assente dal file",,,,concluso,"Opere ultimate, agg2021 p. 128",,Evoluzione Tecnologica Sistemi Distribuiti,CdP_2017-2021_Investimenti_Agg2020-2021.pdf p. 128
J57I08000200001,Concorda,CDP-I,,Attivo,in corso,"Appendice 2, app2-agg2025 p. 2 | Opere ultimate, cdp2017 p. 178",A1004A,Miglioramento sicurezza gallerie ferroviarie - Territorio Nazionale - ante 2011,CdP_2017-2021_Investimenti.pdf p. 178 | appendice_2_lista_cup.pdf p. 2 | appendice_3_schede_intervento.pdf p. 4
J57I09000060007,Concorda,CDP-I,,Attivo,in corso,"Tabella A/B, agg2025 p. 54",0336,Raddoppio Palermo-Messina tratta Fiumetorto- Castelbuono Raddoppio Fiumetorto-Ogliastrillo Raddoppio Ogliastrillo-Castelbuono,CdP_2017-2021_Investimenti.pdf p. 56 | CdP_2017-2021_Investimenti.pdf p. 137 | CdP_2017-2021_Investimenti_Agg2020-2021.pdf p. 37 | CdP_2017-2021_Investimenti_Agg2020-2021.pdf p. 92 | CdP_2022-2026_Investimenti.pdf p. 55 | CdP_2022-2026_Investimenti.pdf p. 107
J57I09000120001,"Opera ultimata, CUP attivo in BDAP",CDP-I,,Attivo,concluso,"Opere ultimate, cdp2017 p. 179",,Sviluppo realizz sistemi di diagnostic,CdP_2017-2021_Investimenti.pdf p. 179
J57I10000070001,"Opera ultimata, CUP attivo in BDAP",CDP-I,,Attivo,concluso,"Opere ultimate, cdp2022 p. 138",,Completamento SCC Tirrenica,CdP_2022-2026_Investimenti.pdf p. 138
J57I10000210009,"Opera ultimata, CUP attivo in BDAP",CDP-I,,Attivo,concluso,"Opere ultimate, agg2025 p. 142",,"Tecnologie per la sicurezza, la circolazione e l'efficientamento",CdP_2022-2026_Investimenti_Agg2024.pdf p. 113 | CdP_2022-2026_Investimenti_Agg_ 2025.pdf p. 142
J57I10000220001,"Opera ultimata, CUP attivo in BDAP",CDP-I,,Attivo,concluso,"Opere ultimate, agg2025 p. 136",,Sicurezza ed Obblighi di Legge,CdP_2017-2021_Investimenti_Agg2020-2021.pdf p. 127 | CdP_2022-2026_Investimenti_Agg2023.pdf p. 37 | CdP_2022-2026_Investimenti_Agg_ 2025.pdf p. 136
J57I10000230001,Concorda,CDP-I,,Attivo,in corso,"Appendice 2, app2-agg2025 p. 7",A2004B,Piano Portali Multifunzionali,appendice_2_lista_cup.pdf p. 7 | appendice_3_schede_intervento.pdf p. 39
J57I10000430001,Concorda,CDP-I,,Attivo,in corso,"Appendice 2, app2-agg2025 p. 6",A2001B,Rinnovo impianti di stazione,appendice_2_lista_cup.pdf p. 6 | appendice_3_schede_intervento.pdf p. 33
J57I11000180001,Concorda,CDP-I,,Attivo,in corso,"Appendice 2, app2-agg2025 p. 2",A1004A,Adeguamento sicurezza gallerie tratta AV/AC Torino-Milano,appendice_2_lista_cup.pdf p. 2 | appendice_3_schede_intervento.pdf p. 4
J57I11000190001,"Opera ultimata, CUP attivo in BDAP",CDP-I,,Attivo,concluso,"Opere ultimate, agg2025 p. 142",,"Tecnologie per la sicurezza, la circolazione e l'efficientamento",CdP_2022-2026_Investimenti_Agg2024.pdf p. 113 | CdP_2022-2026_Investimenti_Agg_ 2025.pdf p. 142
J57I11000200001,Concorda,CDP-I,,Attivo,in corso,"Appendice 2, app2-agg2025 p. 7",A2004A,Sistema di Supporto alla Condotta treno (SSC) e diagnostica - Piano per la sicurezza della circolazione Atto MIT,appendice_2_lista_cup.pdf p. 7 | appendice_3_schede_intervento.pdf p. 36
J57I11000210001,Concorda,CDP-I,,Attivo,in corso,"Appendice 2, app2-agg2025 p. 7",A2004A,Sistema di Controllo Marcia Treno (SCMT)-Piano per la sicurezza della circolazione Atto MIT,appendice_2_lista_cup.pdf p. 7 | appendice_3_schede_intervento.pdf p. 36
J57I11000220001,Concorda,CDP-I,,Attivo,in corso,"Appendice 2, app2-agg2025 p. 7",A2004B,Atto MIT,appendice_2_lista_cup.pdf p. 7 | appendice_3_schede_intervento.pdf p. 39
J57I11000570001,"Opera ultimata, CUP attivo in BDAP",CDP-I,,Attivo,concluso,"Opere ultimate, cdp2017 p. 179",,Sviluppo tecnologico del Nodo di Milano su Milano C.Le-Malpensa,CdP_2017-2021_Investimenti.pdf p. 179
J57I12000000001,"Opera ultimata, CUP attivo in BDAP",CDP-I,,Attivo,concluso,"Opere ultimate, agg2021 p. 126",,Aumento Produttività M.E.RM - 2012,CdP_2017-2021_Investimenti_Agg2020-2021.pdf p. 126
J57I12000060001,"Opera ultimata, assente dal file",,,,concluso,"Opere ultimate, agg2025 p. 142",,"Tecnologie per la sicurezza, la circolazione e l'efficientamento",CdP_2017-2021_Investimenti.pdf p. 179 | CdP_2022-2026_Investimenti_Agg_ 2025.pdf p. 142
J57I12000070001,"Opera ultimata, CUP attivo in BDAP",CDP-I,,Attivo,concluso,"Opere ultimate, agg2023 p. 37",,Manut.Straord.Opere Dif.Infr.M.E.RM - 2012,CdP_2017-2021_Investimenti_Agg2020-2021.pdf p. 126 | CdP_2022-2026_Investimenti_Agg2023.pdf p. 37
J57I12000080001,"Opera ultimata, CUP attivo in BDAP",CDP-I,,Attivo,concluso,"Opere ultimate, agg2023 p. 37",,Miglioramenti infrastrutturali su linee - 2012,CdP_2017-2021_Investimenti_Agg2020-2021.pdf p. 127 | CdP_2022-2026_Investimenti_Agg2023.pdf p. 37
J57I12000090001,"Opera ultimata, CUP attivo in BDAP",CDP-I,,Attivo,concluso,"Opere ultimate, cdp2017 p. 178",,Obblighi di Legge su linee AV/AC - Roma,CdP_2017-2021_Investimenti.pdf p. 178
J57I12000100001,"Opera ultimata, assente dal file",,,,concluso,"Opere ultimate, agg2025 p. 133",,Manutenzione Straordinaria cicli fino al 2011,CdP_2022-2026_Investimenti_Agg2024.pdf p. 113 | CdP_2022-2026_Investimenti_Agg_ 2025.pdf p. 133
J57I12000110001,"Opera ultimata, CUP attivo in BDAP",CDP-I,,Attivo,concluso,"Opere ultimate, agg2023 p. 37",,Obblighi legge - RM - 2012,CdP_2017-2021_Investimenti_Agg2020-2021.pdf p. 126 | CdP_2022-2026_Investimenti_Agg2023.pdf p. 37
J57I12000120001,"Opera ultimata, CUP attivo in BDAP",CDP-I,,Attivo,concluso,"Opere ultimate, agg2025 p. 133",,Manutenzione Straordinaria cicli fino al 2011,CdP_2017-2021_Investimenti_Agg2020-2021.pdf p. 126 | CdP_2022-2026_Investimenti_Agg_ 2025.pdf p. 133
J57I12000130001,"Opera ultimata, assente dal file",,,,concluso,"Opere ultimate, agg2025 p. 133",,Manutenzione Straordinaria cicli fino al 2011,CdP_2022-2026_Investimenti_Agg2024.pdf p. 113 | CdP_2022-2026_Investimenti_Agg_ 2025.pdf p. 133
J57I12000140001,Concorda,CDP-I,,Attivo,in corso,"Appendice 2, app2-agg2025 p. 2",A1004A,Miglioramento sicurezza gallerie ferroviarie - Territorio Nazionale - 2012,appendice_2_lista_cup.pdf p. 2 | appendice_3_schede_intervento.pdf p. 4
J57I12000240001,"Opera ultimata, assente dal file",,,,concluso,"Opere ultimate, agg2021 p. 128",,Separation of Duties (Sod),CdP_2017-2021_Investimenti_Agg2020-2021.pdf p. 128
J57I12000250001,"In corso nel contratto, assente dal file",,,,in corso,"Appendice 2, app2-agg2025 p. 7",A2010,Sistema geologia,appendice_2_lista_cup.pdf p. 7 | appendice_3_schede_intervento.pdf p. 58
J57I12000260001,"Opera ultimata, assente dal file",,,,concluso,"Opere ultimate, agg2025 p. 142",,"Tecnologie per la sicurezza, la circolazione e l'efficientamento",CdP_2022-2026_Investimenti_Agg_ 2025.pdf p. 142
J57I12000280001,"Opera ultimata, assente dal file",,,,concluso,"Opere ultimate, agg2025 p. 142",,"Tecnologie per la sicurezza, la circolazione e l'efficientamento",CdP_2022-2026_Investimenti_Agg2024.pdf p. 113 | CdP_2022-2026_Investimenti_Agg_ 2025.pdf p. 142
J57I12000290001,"Opera ultimata, CUP attivo in BDAP",CDP-I,,Attivo,concluso,"Opere ultimate, agg2025 p. 133",,Manutenzione Straordinaria cicli fino al 2011,CdP_2022-2026_Investimenti_Agg_ 2025.pdf p. 133
J57I12000690001,"In corso nel contratto, assente dal file",,,,in corso,"Appendice 2, app2-agg2025 p. 5",A1013B,Verifiche sismiche su opere d'arte,appendice_2_lista_cup.pdf p. 5 | appendice_3_schede_intervento.pdf p. 20
J57I12000710001,"Opera ultimata, CUP attivo in BDAP",CDP-I,,Attivo,concluso,"Opere ultimate, agg2024 p. 113",,Man.Str.Op.Dif.Infr.SettoreArm.eOp.Civ. - 2012,CdP_2022-2026_Investimenti_Agg2023.pdf p. 37 | CdP_2022-2026_Investimenti_Agg2024.pdf p. 113
J57I12000720001,Concorda,CDP-I,,Attivo,in corso,"Appendice 2, app2-agg2025 p. 7",A2009,Upgrade impianti di security - 2013,appendice_2_lista_cup.pdf p. 7 | appendice_3_schede_intervento.pdf p. 54
J57I13000000001,"Servizi, non verificabile",CDP-S,,Attivo,,,,,
J57I13000010001,"Servizi, non verificabile",CDP-S,,Attivo,,,,,
J57I13000020001,"Opera ultimata, CUP attivo in BDAP",CDP-I,,Attivo,concluso,"Opere ultimate, agg2025 p. 133",,Manutenzione Straordinaria cicli fino al 2011,CdP_2017-2021_Investimenti_Agg2020-2021.pdf p. 126 | CdP_2022-2026_Investimenti_Agg_ 2025.pdf p. 133
J57I13000030001,"Servizi, non verificabile",CDP-S,,Attivo,,,,,
J57I13000040001,"Servizi, non verificabile",CDP-S,,Attivo,,,,,
J57I13000050001,"Opera ultimata, assente dal file",,,,concluso,"Opere ultimate, agg2021 p. 126",,Acquisto a rimpiazzo di materiale d'inve - 2013,CdP_2017-2021_Investimenti_Agg2020-2021.pdf p. 126
J57I13000060001,"Opera ultimata, CUP attivo in BDAP",CDP-I,,Attivo,concluso,"Opere ultimate, agg2025 p. 133",,Manutenzione Straordinaria cicli fino al 2011,CdP_2017-2021_Investimenti_Agg2020-2021.pdf p. 128 | CdP_2022-2026_Investimenti.pdf p. 138 | CdP_2022-2026_Investimenti_Agg2024.pdf p. 113 | CdP_2022-2026_Investimenti_Agg_ 2025.pdf p. 133
J57I13000310001,"Opera ultimata, assente dal file",,,,concluso,"Opere ultimate, cdp2017 p. 179",,Implem. sistemi IT area movimento e,CdP_2017-2021_Investimenti.pdf p. 179
J57I17000060001,Concorda,CDP-I,,Attivo,in corso,"Appendice 2, app2-agg2025 p. 14",P224,DOIT RM – upgrading linee viaggiatori,appendice_2_lista_cup.pdf p. 14 | appendice_3_schede_intervento.pdf p. 374
J57I18000050001,"Opera ultimata, CUP attivo in BDAP",CDP-I,,Attivo,concluso,"Opere ultimate, agg2025 p. 142",,"Tecnologie per la sicurezza, la circolazione e l'efficientamento",CdP_2022-2026_Investimenti_Agg_ 2025.pdf p. 142
J57J18000030001,Concorda,CDP-I,,Attivo,in corso,"Appendice 2, app2-agg2025 p. 10",P200,DOIT RM – upgrading linee merci,appendice_2_lista_cup.pdf p. 10 | appendice_3_schede_intervento.pdf p. 126
J57J18000060001,"Opera ultimata, CUP attivo in BDAP",CDP-I,,Attivo,concluso,"Opere ultimate, agg2025 p. 138",,Sviluppo infrastrutturale e upgrading,CdP_2022-2026_Investimenti_Agg2024.pdf p. 113 | CdP_2022-2026_Investimenti_Agg_ 2025.pdf p. 138
J57J18000090001,"Opera ultimata, CUP attivo in BDAP",CDP-I,,Attivo,concluso,"Opere ultimate, agg2025 p. 136",,Sicurezza ed Obblighi di Legge,CdP_2022-2026_Investimenti_Agg_ 2025.pdf p. 136
J57J18000150001,"Servizi, non verificabile",CDP-S,,Attivo,,,,,
J57J18000160001,"Servizi, non verificabile",CDP-S,,Attivo,,,,,
J57J18000170001,"Servizi, non verificabile",CDP-S,,Attivo,,,,,
J57J18000180001,"Servizi, non verificabile",CDP-S,,Attivo,,,,,
J57J18000190001,"Servizi, non verificabile",CDP-S,,Attivo,,,,,
J57J18000200001,"Servizi, non verificabile",CDP-S,,Attivo,,,,,
J57J18000210001,"Servizi, non verificabile",CDP-S,,Attivo,,,,,
J57J18000220001,"Servizi, non verificabile",CDP-S,,Attivo,,,,,
J57J19000010001,"Opera ultimata, CUP attivo in BDAP",CDP-I,,Attivo,concluso,"Opere ultimate, agg2025 p. 142",,"Tecnologie per la sicurezza, la circolazione e l'efficientamento",CdP_2022-2026_Investimenti_Agg_ 2025.pdf p. 142
J57J19000020001,"Opera ultimata, CUP attivo in BDAP",CDP-I,,Attivo,concluso,"Opere ultimate, agg2025 p. 136",,Sicurezza ed Obblighi di Legge,CdP_2022-2026_Investimenti_Agg_ 2025.pdf p. 136
J57J19000030001,Concorda,CDP-I,,Attivo,in corso,"Appendice 2, app2-agg2025 p. 9",P055_A,Riqualificazione aree esterne in asset,CdP_Servizi_2022-2026_AI2_Agg2024.pdf p. 59 | appendice_2_lista_cup.pdf p. 9 | appendice_3_schede_intervento.pdf p. 65 | appendice_9_elenco_opere_pnrr_e_pnc.pdf p. 3 | relazione_informativa_agg_2025_v04_clean.pdf p. 13
J58E22000260001,"In corso nel contratto, assente dal file",,,,in corso,"Appendice 2, app2-agg2025 p. 9",A2012,Impianti fotovoltaici per l'energia,appendice_2_lista_cup.pdf p. 9 | appendice_3_schede_intervento.pdf p. 32 | appendice_3_schede_intervento.pdf p. 33 | appendice_3_schede_intervento.pdf p. 64 | appendice_4delta_costi.pdf p. 4 | appendice_4delta_costi.pdf p. 6
J59B07000140001,"Opera ultimata, CUP attivo in BDAP",CDP-I,,Attivo,concluso,"Opere ultimate, agg2025 p. 142",,"Tecnologie per la sicurezza, la circolazione e l'efficientamento",CdP_2017-2021_Investimenti.pdf p. 179 | CdP_2022-2026_Investimenti_Agg_ 2025.pdf p. 142
J59B08000180001,Concorda,CDP-I,,Chiuso,concluso,"Opere ultimate, agg2025 p. 142",,"Tecnologie per la sicurezza, la circolazione e l'efficientamento",CdP_2017-2021_Investimenti.pdf p. 179 | CdP_2022-2026_Investimenti_Agg_ 2025.pdf p. 142
J59B08000190001,Concorda,CDP-I,,Chiuso,concluso,"Opere ultimate, agg2025 p. 142",,"Tecnologie per la sicurezza, la circolazione e l'efficientamento",CdP_2017-2021_Investimenti_Agg2020-2021.pdf p. 128 | CdP_2022-2026_Investimenti_Agg_ 2025.pdf p. 142
J59B08000200001,Concorda,CDP-I,,Chiuso,concluso,"Opere ultimate, agg2025 p. 142",,"Tecnologie per la sicurezza, la circolazione e l'efficientamento",CdP_2017-2021_Investimenti.pdf p. 179 | CdP_2022-2026_Investimenti_Agg_ 2025.pdf p. 142
J59B08000210001,"Opera ultimata, assente dal file",,,,concluso,"Opere ultimate, agg2024 p. 113",,"Sist. Ricerca, Svil e Contr Circol C.E.",CdP_2022-2026_Investimenti_Agg2024.pdf p. 113
J59B08000220001,"Opera ultimata, assente dal file",,,,concluso,"Opere ultimate, agg2025 p. 142",,"Tecnologie per la sicurezza, la circolazione e l'efficientamento",CdP_2017-2021_Investimenti.pdf p. 179 | CdP_2022-2026_Investimenti_Agg_ 2025.pdf p. 142
J59B09000060001,"Opera ultimata, assente dal file",,,,concluso,"Opere ultimate, agg2021 p. 128",,Sistemi per i processi di supporto - ante 2011,CdP_2017-2021_Investimenti.pdf p. 179 | CdP_2017-2021_Investimenti_Agg2020-2021.pdf p. 128
J59B09000070001,"Opera ultimata, assente dal file",,,,concluso,"Opere ultimate, agg2021 p. 128",,Standardizzazione Servizi IaP e Sistemi di campo,CdP_2017-2021_Investimenti_Agg2020-2021.pdf p. 128
J59B09000080001,"In corso nel contratto, assente dal file",,,,in corso,"Appendice 2, app2-agg2025 p. 7",A2010,Sistema Rilevazione Presenze e Controllo accessi,appendice_2_lista_cup.pdf p. 7 | appendice_3_schede_intervento.pdf p. 58
J59B11000150001,"Opera ultimata, assente dal file",,,,concluso,"Opere ultimate, agg2025 p. 142",,"Tecnologie per la sicurezza, la circolazione e l'efficientamento",CdP_2022-2026_Investimenti_Agg_ 2025.pdf p. 142
J59B11000160001,"Opera ultimata, assente dal file",,,,concluso,"Opere ultimate, agg2025 p. 142",,"Tecnologie per la sicurezza, la circolazione e l'efficientamento",CdP_2022-2026_Investimenti_Agg_ 2025.pdf p. 142
J59B12000020001,Concorda,CDP-I,,Attivo,in corso,"Appendice 2, app2-agg2025 p. 14",P223|P072,Velocizzazione Bari - Lecce,CdP_2017-2021_Investimenti.pdf p. 43 | CdP_2017-2021_Investimenti.pdf p. 162 | appendice_2_lista_cup.pdf p. 14 | appendice_3_schede_intervento.pdf p. 365
J59B12000040001,"Opera ultimata, assente dal file",,,,concluso,"Opere ultimate, agg2025 p. 142",,"Tecnologie per la sicurezza, la circolazione e l'efficientamento",CdP_2022-2026_Investimenti_Agg2024.pdf p. 113 | CdP_2022-2026_Investimenti_Agg_ 2025.pdf p. 142
J59B12000050001,"Opera ultimata, assente dal file",,,,concluso,"Opere ultimate, agg2025 p. 142",,"Tecnologie per la sicurezza, la circolazione e l'efficientamento",CdP_2017-2021_Investimenti_Agg2020-2021.pdf p. 128 | CdP_2022-2026_Investimenti_Agg_ 2025.pdf p. 142
J59B13000030001,"Opera ultimata, assente dal file",,,,concluso,"Opere ultimate, agg2025 p. 142",,"Tecnologie per la sicurezza, la circolazione e l'efficientamento",CdP_2017-2021_Investimenti.pdf p. 179 | CdP_2017-2021_Investimenti_Agg2020-2021.pdf p. 128 | CdP_2022-2026_Investimenti_Agg2023.pdf p. 37 | CdP_2022-2026_Investimenti_Agg_ 2025.pdf p. 142
J59B13000040001,"Opera ultimata, assente dal file",,,,concluso,"Opere ultimate, agg2025 p. 142",,"Tecnologie per la sicurezza, la circolazione e l'efficientamento",CdP_2022-2026_Investimenti_Agg_ 2025.pdf p. 142
J59B13000050001,"Opera ultimata, assente dal file",,,,concluso,"Opere ultimate, agg2025 p. 142",,"Tecnologie per la sicurezza, la circolazione e l'efficientamento",CdP_2022-2026_Investimenti_Agg_ 2025.pdf p. 142
J59F09000000001,"Opera ultimata, assente dal file",,,,concluso,"Opere ultimate, agg2021 p. 128",,Attività di accatastamento per obblighi di legge,CdP_2017-2021_Investimenti_Agg2020-2021.pdf p. 128
J59F22000120001,"In corso nel contratto, assente dal file",,,,in corso,"Appendice 2, app2-agg2025 p. 5",A1013B,Estensione verifiche sismiche,appendice_2_lista_cup.pdf p. 5 | appendice_3_schede_intervento.pdf p. 20
J59F24000660001,"Investimenti, non nei documenti",CDP-I,,Attivo,,,,,
J59G00000000011,Concorda,CDP-I,,Chiuso,concluso,"Opere ultimate, agg2025 p. 133",,Manutenzione Straordinaria cicli fino al 2011,CdP_2022-2026_Investimenti_Agg_ 2025.pdf p. 133
J59G00000000031,"Opera ultimata, assente dal file",,,,concluso,"Opere ultimate, agg2023 p. 37",,Interventi di potenziamento e razionalizzazione scali merci - Palermo,CdP_2022-2026_Investimenti_Agg2023.pdf p. 37
J59G00000000041,"Opera ultimata, assente dal file",,,,concluso,"Opere ultimate, agg2025 p. 133",,Manutenzione Straordinaria cicli fino al 2011,CdP_2017-2021_Investimenti_Agg2020-2021.pdf p. 129 | CdP_2022-2026_Investimenti_Agg_ 2025.pdf p. 133
J59G00000000051,"Opera ultimata, assente dal file",,,,concluso,"Opere ultimate, agg2025 p. 140",,Impianti industriali e terminali viaggiatori e merci,CdP_2022-2026_Investimenti_Agg_ 2025.pdf p. 140
J59G00000000061,"Opera ultimata, assente dal file",,,,concluso,"Opere ultimate, agg2025 p. 140",,Impianti industriali e terminali viaggiatori e merci,CdP_2017-2021_Investimenti.pdf p. 180 | CdP_2022-2026_Investimenti_Agg_ 2025.pdf p. 140
J59G00000000111,"Opera ultimata, assente dal file",,,,concluso,"Opere ultimate, agg2025 p. 133",,Manutenzione Straordinaria cicli fino al 2011,CdP_2022-2026_Investimenti_Agg_ 2025.pdf p. 133
J61B21003450001,Concorda,CDP-I,,Attivo,in corso,"Tabella A/B, agg2025 p. 58",P250,Intermodalità e accessibilità Trapani Birgi Intermodalità e accessibilità aeroporto Trapani Birgi,CdP_2022-2026_Investimenti.pdf p. 58 | CdP_2022-2026_Investimenti.pdf p. 112 | CdP_2022-2026_Investimenti_Agg2024.pdf p. 48 | CdP_2022-2026_Investimenti_Agg2024.pdf p. 91 | CdP_2022-2026_Investimenti_Agg_ 2025.pdf p. 58 | CdP_2022-2026_Investimenti_Agg_ 2025.pdf p. 107
J61C10000020008,"Opera ultimata, assente dal file",,,,concluso,"Opere ultimate, agg2025 p. 140",,Studi di fattibilità e progettazioni,CdP_2017-2021_Investimenti_Agg2020-2021.pdf p. 129 | CdP_2022-2026_Investimenti_Agg_ 2025.pdf p. 140
J61G22000030001,Concorda,CDP-I,,Attivo,in corso,"Appendice 2, app2-agg2025 p. 10",P198,Soppressione PL nel Comune di Mantova,appendice_2_lista_cup.pdf p. 10 | appendice_3_schede_intervento.pdf p. 91
J61G24000030001,Concorda,CDP-I,,Attivo,in corso,"Tabella A/B, agg2025 p. 73",P270,Opere di collegamento al Ponte sullo stretto di Messina - sponda calabra e siciliana Opere di collegamento al Ponte sullo stretto di Messina - sponda PROG PROG calabra Opere di collegamento al Ponte sullo stretto di Messina - sponda PROG PROG sicialiana,CdP_2022-2026_Investimenti_Agg_ 2025.pdf p. 73 | CdP_2022-2026_Investimenti_Agg_ 2025.pdf p. 122 | appendice_3_schede_intervento.pdf p. 467 | appendice_7_distribuzione_territoriale.pdf p. 9 | appendice_7_distribuzione_territoriale.pdf p. 43
J61H00000210001,"Opera ultimata, CUP attivo in BDAP",CDP-I,,Attivo,concluso,"Opere ultimate, agg2025 p. 138",,Sviluppo infrastrutturale e upgrading,CdP_2017-2021_Investimenti.pdf p. 180 | CdP_2022-2026_Investimenti_Agg_ 2025.pdf p. 138
J61H00000220008,"Opera ultimata, CUP attivo in BDAP",CDP-I,,Attivo,concluso,"Opere ultimate, agg2025 p. 142",,"Tecnologie per la sicurezza, la circolazione e l'efficientamento",CdP_2017-2021_Investimenti.pdf p. 179 | CdP_2022-2026_Investimenti_Agg_ 2025.pdf p. 142
J61H00000240001,Concorda,CDP-I,,Chiuso,concluso,"Opere ultimate, cdp2017 p. 180",,COSTRUZ. IDP NAPOLI SMISTAMENTO,CdP_2017-2021_Investimenti.pdf p. 180
J61H01000190001,"Opera ultimata, assente dal file",,,,concluso,"Opere ultimate, agg2025 p. 133",,Manutenzione Straordinaria cicli fino al 2011,CdP_2022-2026_Investimenti_Agg_ 2025.pdf p. 133
J61H02000090008,Concorda,CDP-I,,Attivo,in corso,"Tabella A/B, agg2025 p. 77",0226,Raddoppio Orte-Falconara: tratta Spoleto-Terni Raddoppio Spoleto-Terni PROG ITER,CdP_2017-2021_Investimenti.pdf p. 85 | CdP_2017-2021_Investimenti.pdf p. 159 | CdP_2017-2021_Investimenti_Agg2020-2021.pdf p. 57 | CdP_2017-2021_Investimenti_Agg2020-2021.pdf p. 111 | CdP_2022-2026_Investimenti.pdf p. 73 | CdP_2022-2026_Investimenti.pdf p. 125
J61H02000100008,Concorda,CDP-I,,Attivo,in corso,"Tabella A/B, agg2025 p. 79",I107B|0274,"AV-AC Salerno - Reggio Calabria completamento AV Salerno-Reggio Calabria: Lotti di completamento (Collegamento linea a monte del Vesuvio - Battipaglia e tratte Paola - Lamezia, Lamezia - Gioia Tauro, Gioia Tauro - Villa S.Giovanni / Reggio Calabria) e progettazioni pregresse",CdP_2017-2021_Investimenti.pdf p. 106 | CdP_2017-2021_Investimenti.pdf p. 164 | CdP_2017-2021_Investimenti_Agg2020-2021.pdf p. 60 | CdP_2017-2021_Investimenti_Agg2020-2021.pdf p. 116 | CdP_2022-2026_Investimenti.pdf p. 77 | CdP_2022-2026_Investimenti.pdf p. 130
J61H02000110001,"Opera ultimata, assente dal file",,,,concluso,"Opere ultimate, agg2025 p. 140",,Studi di fattibilità e progettazioni,CdP_2022-2026_Investimenti_Agg_ 2025.pdf p. 140
J61H03000030001,Concorda,CDP-I,,Attivo,in corso,"Tabella A/B, agg2025 p. 59",0119,Potenziamento infrastrutturale Orte-Falconara,CdP_2017-2021_Investimenti.pdf p. 66 | CdP_2017-2021_Investimenti.pdf p. 159 | CdP_2017-2021_Investimenti_Agg2020-2021.pdf p. 48 | CdP_2017-2021_Investimenti_Agg2020-2021.pdf p. 111 | CdP_2022-2026_Investimenti.pdf p. 63 | CdP_2022-2026_Investimenti.pdf p. 125
J61H03000080001,"Opera ultimata, assente dal file",,,,concluso,"Opere ultimate, agg2025 p. 140",,Studi di fattibilità e progettazioni,CdP_2022-2026_Investimenti_Agg_ 2025.pdf p. 140
J61H03000100001,Concorda,CDP-I,,Attivo,in corso,"Tabella A/B, agg2025 p. 60",0263,Adeguamento tecnologico e infrastrutturale linea Battipaglia-Reggio Calabria,CdP_2017-2021_Investimenti.pdf p. 69 | CdP_2017-2021_Investimenti.pdf p. 164 | CdP_2017-2021_Investimenti_Agg2020-2021.pdf p. 43 | CdP_2017-2021_Investimenti_Agg2020-2021.pdf p. 115 | CdP_2022-2026_Investimenti.pdf p. 65 | CdP_2022-2026_Investimenti.pdf p. 129
J61H03000110001,Concorda,CDP-I,,Attivo,in corso,"Tabella A/B, agg2025 p. 79",0365B|0262,"Potenziamento Venezia-Trieste completamento Varianti Portugruaro, Latisana e Isonzo PROG ITER Variante Ronchi-Aurisina",CdP_2017-2021_Investimenti.pdf p. 103 | CdP_2017-2021_Investimenti.pdf p. 150 | CdP_2017-2021_Investimenti_Agg2020-2021.pdf p. 56 | CdP_2017-2021_Investimenti_Agg2020-2021.pdf p. 104 | CdP_2022-2026_Investimenti.pdf p. 72 | CdP_2022-2026_Investimenti.pdf p. 118
J61H03000190001,Concorda,CDP-I,,Attivo,in corso,"Tabella A/B, agg2025 p. 79",I107B|0282,"AV-AC Salerno - Reggio Calabria completamento AV Salerno-Reggio Calabria: Lotti di completamento (Collegamento linea a monte del Vesuvio - Battipaglia e tratte Paola - Lamezia, Lamezia - Gioia Tauro, Gioia Tauro - Villa S.Giovanni / Reggio Calabria) e progettazioni pregresse",CdP_2017-2021_Investimenti.pdf p. 106 | CdP_2017-2021_Investimenti.pdf p. 165 | CdP_2017-2021_Investimenti_Agg2020-2021.pdf p. 60 | CdP_2017-2021_Investimenti_Agg2020-2021.pdf p. 116 | CdP_2022-2026_Investimenti.pdf p. 77 | CdP_2022-2026_Investimenti.pdf p. 130
J61H04000180001,"Opera ultimata, CUP attivo in BDAP",CDP-I,,Attivo,concluso,"Opere ultimate, agg2025 p. 140",,Impianti industriali e terminali viaggiatori e merci,CdP_2017-2021_Investimenti_Agg2020-2021.pdf p. 129 | CdP_2022-2026_Investimenti_Agg_ 2025.pdf p. 140
J61H04000210001,"Opera ultimata, assente dal file",,,,concluso,"Opere ultimate, agg2025 p. 140",,Studi di fattibilità e progettazioni,CdP_2022-2026_Investimenti_Agg2024.pdf p. 113 | CdP_2022-2026_Investimenti_Agg_ 2025.pdf p. 140
J61H92000000008,"Opera ultimata, CUP attivo in BDAP",CDP-I,,Attivo,concluso,"Opere ultimate, agg2025 p. 138",0081,Sviluppo infrastrutturale e upgrading,CdP_2017-2021_Investimenti.pdf p. 63 | CdP_2017-2021_Investimenti.pdf p. 153 | CdP_2017-2021_Investimenti_Agg2020-2021.pdf p. 46 | CdP_2017-2021_Investimenti_Agg2020-2021.pdf p. 106 | CdP_2022-2026_Investimenti.pdf p. 139 | CdP_2022-2026_Investimenti_Agg2023.pdf p. 38
J61H94000000001,Concorda,CDP-I,,Attivo,in corso,"Tabella A/B, agg2025 p. 59",0013A|0013B,Nuova linea a monte del Vesuvio Nuova linea a monte del Vesuvio (tratta bivio Casoria - bivio Sarno),CdP_2017-2021_Investimenti.pdf p. 69 | CdP_2017-2021_Investimenti.pdf p. 86 | CdP_2017-2021_Investimenti.pdf p. 164 | CdP_2017-2021_Investimenti_Agg2020-2021.pdf p. 43 | CdP_2017-2021_Investimenti_Agg2020-2021.pdf p. 54 | CdP_2017-2021_Investimenti_Agg2020-2021.pdf p. 115
J61H94000000011,Concorda,CDP-I,,Attivo,in corso,"Tabella A/B, agg2025 p. 61",0284,Itinerario Napoli-Bari: Interventi su linea Cancello-Napoli per integrazione con linea AV/AC Variante Napoli-Cancello,CdP_2017-2021_Investimenti.pdf p. 67 | CdP_2017-2021_Investimenti.pdf p. 161 | CdP_2017-2021_Investimenti_Agg2020-2021.pdf p. 42 | CdP_2017-2021_Investimenti_Agg2020-2021.pdf p. 113 | CdP_2022-2026_Investimenti.pdf p. 64 | CdP_2022-2026_Investimenti.pdf p. 127
J61H95000000001,"Investimenti, non nei documenti",CDP-I,,Chiuso,,,,,
J61H97000000001,Concorda,CDP-I,,Chiuso,concluso,"Opere ultimate, agg2025 p. 138",,Sviluppo infrastrutturale e upgrading,CdP_2022-2026_Investimenti_Agg_ 2025.pdf p. 138
J61H98000000001,"Opera ultimata, CUP attivo in BDAP",CDP-I,,Attivo,concluso,"Opere ultimate, cdp2017 p. 180",,Potenziamento Infrastrutturale Trieste/Cervignano - Udine e scalo Cervignano,CdP_2017-2021_Investimenti.pdf p. 180
J61H99000010001,"Opera ultimata, CUP attivo in BDAP",CDP-I,,Attivo,concluso,"Opere ultimate, cdp2017 p. 179",,RIPETIZIONE DISCONTINUA NODO DI NAPOLI,CdP_2017-2021_Investimenti.pdf p. 179
J61J20000180008,Concorda,CDP-I,,Attivo,in corso,"Appendice 2, app2-agg2025 p. 10",P201,Nuova fermata Acireale - Bellavista,appendice_2_lista_cup.pdf p. 10 | appendice_3_schede_intervento.pdf p. 155
J62C21002550008,Concorda,CDP-I,,Attivo,in corso,"Appendice 2, app2-agg2025 p. 9",P055_A,Potenziamento accessibilità stazioni cratere sisma - Regione Marche,appendice_2_lista_cup.pdf p. 9 | appendice_3_schede_intervento.pdf p. 65 | appendice_9_elenco_opere_pnrr_e_pnc.pdf p. 5
J62C21002560008,Concorda,CDP-I,,Attivo,in corso,"Appendice 2, app2-agg2025 p. 9",P055_A,Potenziamento accessibilità stazioni cratere sisma - Regione Umbria,appendice_2_lista_cup.pdf p. 9 | appendice_3_schede_intervento.pdf p. 65 | appendice_9_elenco_opere_pnrr_e_pnc.pdf p. 5
J62J19000160001,Concorda,CDP-I,,Attivo,in corso,"Appendice 2, app2-agg2025 p. 5",A1013B,Miglioramento sismico - DOIT Palermo,appendice_2_lista_cup.pdf p. 5 | appendice_3_schede_intervento.pdf p. 20
J62J19000170001,Concorda,CDP-I,,Attivo,in corso,"Appendice 2, app2-agg2025 p. 5",A1013B,Miglioramento sismico - DOIT Torino,appendice_2_lista_cup.pdf p. 5 | appendice_3_schede_intervento.pdf p. 20
J64C19000280001,Concorda,CDP-I,,Attivo,in corso,"Appendice 2, app2-agg2025 p. 10",P198,Elettrificazione Biella - Santhià,appendice_2_lista_cup.pdf p. 10 | appendice_3_schede_intervento.pdf p. 91
J64C19000290009,Concorda,CDP-I,,Attivo,in corso,"Appendice 2, app2-agg2025 p. 14",P224,Upgrade tecnologico Verona - Brennero,CdP_Servizi_2022-2026_AI2_Agg2024.pdf p. 58 | appendice_2_lista_cup.pdf p. 14 | appendice_3_schede_intervento.pdf p. 373 | appendice_6_agg_relazione_interventi_dl_43_2013.pdf p. 4 | appendice_9_elenco_opere_pnrr_e_pnc.pdf p. 2 | relazione_informativa_agg_2025_v04_clean.pdf p. 14
J64C19000300001,Concorda,CDP-I,,Attivo,in corso,"Tabella A/B, agg2025 p. 52",P211,Nodo complesso di Pompei Nodo complesso di Pompei,CdP_2017-2021_Investimenti_Agg2020-2021.pdf p. 38 | CdP_2017-2021_Investimenti_Agg2020-2021.pdf p. 88 | CdP_2022-2026_Investimenti.pdf p. 50 | CdP_2022-2026_Investimenti.pdf p. 96 | CdP_2022-2026_Investimenti_Agg2024.pdf p. 43 | CdP_2022-2026_Investimenti_Agg2024.pdf p. 79
J64C20000020006,Concorda,CDP-I,,Attivo,in corso,"Appendice 2, app2-agg2025 p. 12",P060,Potenziamento Interporto Verona Quadrante Europa,appendice_2_lista_cup.pdf p. 12 | appendice_3_schede_intervento.pdf p. 257
J64C20002300001,"In corso nel contratto, assente dal file",,,,in corso,"Appendice 2, app2-agg2025 p. 12",P194,Interventi di upgrade tecnologico e prestazionale - DOIT Torino,appendice_2_lista_cup.pdf p. 12
J64C20002310001,Concorda,CDP-I,,Attivo,in corso,"Tabella A/B, agg2025 p. 52",P236,"Elettrificazione della tratta Cinisi-Alcamo Dir- Trapani della linea Palermo - Trapani "" via Milo"" Elettrificazione Cinisi-Alcamo Dir- Trapani",CdP_2017-2021_Investimenti_Agg2020-2021.pdf p. 35 | CdP_2017-2021_Investimenti_Agg2020-2021.pdf p. 82 | CdP_2022-2026_Investimenti.pdf p. 52 | CdP_2022-2026_Investimenti.pdf p. 98 | CdP_2022-2026_Investimenti_Agg2024.pdf p. 44 | CdP_2022-2026_Investimenti_Agg2024.pdf p. 81
J64E21000110008,Concorda,CDP-I,,Attivo,in corso,"Tabella A/B, agg2025 p. 63",P239,Velocizzazione tratte Orte-Falconara Tecnologie per la velocizzazione tratte prioritarie Orte-Falconara,CdP_2017-2021_Investimenti_Agg2020-2021.pdf p. 48 | CdP_2017-2021_Investimenti_Agg2020-2021.pdf p. 111 | CdP_2022-2026_Investimenti.pdf p. 64 | CdP_2022-2026_Investimenti.pdf p. 125 | CdP_2022-2026_Investimenti_Agg2024.pdf p. 51 | CdP_2022-2026_Investimenti_Agg2024.pdf p. 101
J64E21000640001,"Opera ultimata, CUP attivo in BDAP",CDP-I,,Attivo,concluso,"Opere ultimate, agg2025 p. 136",,Sicurezza ed Obblighi di Legge,CdP_2022-2026_Investimenti_Agg_ 2025.pdf p. 136
J64E21001610001,Concorda,CDP-I,,Attivo,in corso,"Appendice 2, app2-agg2025 p. 8",A2011,Programma nazionale ERTMS-Linee Genova-Torino,CdP_Servizi_2022-2026_AI2_Agg2024.pdf p. 57 | appendice_2_lista_cup.pdf p. 8 | appendice_3_schede_intervento.pdf p. 62 | appendice_9_elenco_opere_pnrr_e_pnc.pdf p. 2 | relazione_informativa_agg_2025_v04_clean.pdf p. 13
J64E21001620001,Concorda,CDP-I,,Attivo,in corso,"Appendice 2, app2-agg2025 p. 8",A2011,ERTMS – Linee Sicilia Palermo-Catania,CdP_Servizi_2022-2026_AI2_Agg2024.pdf p. 59 | appendice_2_lista_cup.pdf p. 8 | appendice_3_schede_intervento.pdf p. 62 | appendice_9_elenco_opere_pnrr_e_pnc.pdf p. 3
J64E21002290008,Concorda,CDP-I,,Attivo,in corso,"Appendice 2, app2-agg2025 p. 9",P055_A,"Riqualificazione funzionale, miglioramento accessibilità e intermodalità stazioni del sud",CdP_Servizi_2022-2026_AI2_Agg2024.pdf p. 59 | appendice_2_lista_cup.pdf p. 9 | appendice_3_schede_intervento.pdf p. 65 | appendice_9_elenco_opere_pnrr_e_pnc.pdf p. 3 | appendice_9_elenco_opere_pnrr_e_pnc.pdf p. 5
J64E22000010001,Concorda,CDP-I,,Attivo,in corso,"Tabella A/B, agg2025 p. 66",P247,Potenziamento Palermo - Agrigento - Porto Empedocle bassa Potenziamento Palermo - Agrigento - Porto Empedocle bassa,CdP_2022-2026_Investimenti.pdf p. 51 | CdP_2022-2026_Investimenti.pdf p. 98 | CdP_2022-2026_Investimenti_Agg2024.pdf p. 55 | CdP_2022-2026_Investimenti_Agg2024.pdf p. 80 | CdP_2022-2026_Investimenti_Agg_ 2025.pdf p. 66 | CdP_2022-2026_Investimenti_Agg_ 2025.pdf p. 96
J64F05000030001,"Opera ultimata, CUP attivo in BDAP",CDP-I,,Attivo,concluso,"Opere ultimate, agg2024 p. 113",0310,Potenziamento Taranto-Metaponto,CdP_2017-2021_Investimenti.pdf p. 104 | CdP_2017-2021_Investimenti.pdf p. 157 | CdP_2022-2026_Investimenti_Agg2024.pdf p. 113
J64G18000130009,Concorda,CDP-I,,Attivo,in corso,"Tabella A/B, agg2025 p. 61",0286A,Quadruplicamento Tortona-Voghera opere prioritarie PRG e ACC Tortona,CdP_2017-2021_Investimenti_Agg2020-2021.pdf p. 45 | CdP_2017-2021_Investimenti_Agg2020-2021.pdf p. 101 | CdP_2022-2026_Investimenti.pdf p. 60 | CdP_2022-2026_Investimenti.pdf p. 115 | CdP_2022-2026_Investimenti_Agg2024.pdf p. 49 | CdP_2022-2026_Investimenti_Agg2024.pdf p. 94
J64G18000140001,Concorda,CDP-I,,Attivo,in corso,"Tabella A/B, agg2025 p. 66",P232,Ripristino linea Caltagirone - Gela Ripristino linea Caltagirone - Gela,CdP_2017-2021_Investimenti_Agg2020-2021.pdf p. 35 | CdP_2017-2021_Investimenti_Agg2020-2021.pdf p. 83 | CdP_2022-2026_Investimenti.pdf p. 52 | CdP_2022-2026_Investimenti.pdf p. 99 | CdP_2022-2026_Investimenti_Agg2024.pdf p. 55 | CdP_2022-2026_Investimenti_Agg2024.pdf p. 81
J64G18000150001,Concorda,CDP-I,,Attivo,in corso,"Appendice 2, app2-agg2025 p. 6",A2001B,Attrezzaggi tecnologici DOIT Trieste - 2018,appendice_2_lista_cup.pdf p. 6 | appendice_3_schede_intervento.pdf p. 33
J64G18000200001,Concorda,CDP-I,,Attivo,in corso,"Appendice 2, app2-agg2025 p. 3",A1004F,Adeguamento a STI opere civili - DOIT Palermo,appendice_2_lista_cup.pdf p. 3 | appendice_3_schede_intervento.pdf p. 12
J64G18000210001,Concorda,CDP-I,,Attivo,in corso,"Appendice 2, app2-agg2025 p. 3",A1004F,Adeguamento a STI opere civili - DOIT Torino,appendice_2_lista_cup.pdf p. 3 | appendice_3_schede_intervento.pdf p. 12
J64H14000450001,Concorda,CDP-I,,Attivo,in corso,"Appendice 2, app2-agg2025 p. 14",P223|I071,Upgrading linea Adriatica - impianti di sicurezza e segnalamento Pescara-Lecce,CdP_2017-2021_Investimenti.pdf p. 64 | CdP_2017-2021_Investimenti.pdf p. 156 | CdP_2017-2021_Investimenti_Agg2020-2021.pdf p. 46 | CdP_2017-2021_Investimenti_Agg2020-2021.pdf p. 108 | CdP_2022-2026_Investimenti.pdf p. 62 | CdP_2022-2026_Investimenti.pdf p. 122
J64H14000670001,"Opera ultimata, CUP attivo in BDAP",CDP-I,,Attivo,concluso,"Opere ultimate, agg2025 p. 136",,Sicurezza ed Obblighi di Legge,CdP_2022-2026_Investimenti_Agg_ 2025.pdf p. 136
J64H15000810001,"Opera ultimata, CUP attivo in BDAP",CDP-I,,Attivo,concluso,"Opere ultimate, agg2025 p. 142",,"Tecnologie per la sicurezza, la circolazione e l'efficientamento",CdP_2022-2026_Investimenti_Agg2024.pdf p. 113 | CdP_2022-2026_Investimenti_Agg_ 2025.pdf p. 142
J64H16000000001,"Opera ultimata, CUP attivo in BDAP",CDP-I,,Attivo,concluso,"Opere ultimate, agg2023 p. 38",I071,Upgrading linea Adriatica - impianti di sicurezza e segnalamento Bologna-Rimini,CdP_2017-2021_Investimenti.pdf p. 64 | CdP_2017-2021_Investimenti.pdf p. 156 | CdP_2017-2021_Investimenti_Agg2020-2021.pdf p. 46 | CdP_2017-2021_Investimenti_Agg2020-2021.pdf p. 108 | CdP_2022-2026_Investimenti.pdf p. 62 | CdP_2022-2026_Investimenti.pdf p. 122
J64H16000160001,Concorda,CDP-I,,Attivo,in corso,"Appendice 2, app2-agg2025 p. 5",A2004F,Mitigazione effetti venti trasversali,appendice_2_lista_cup.pdf p. 5 | appendice_3_schede_intervento.pdf p. 27 | relazione_informativa_agg_2025_v04_clean.pdf p. 13
J64H17000130001,Concorda,CDP-I,,Attivo,in corso,"Appendice 2, app2-agg2025 p. 14",P224,Potenziamento tecnologico linea Bologna- Piacenza  1 fase,appendice_2_lista_cup.pdf p. 14 | appendice_3_schede_intervento.pdf p. 373
J64H17000140001,Concorda,CDP-I,,Attivo,in corso,"Tabella A/B, agg2025 p. 65",0366A|0366B,"Potenziamento linea Ponte S.Pietro-Bergamo-Montello Raddoppio Bergamo-Curno, ACC Bergamo, PRG e ACC Ponte S.Pietro Raddoppio Bergamo-Montello ITER PRG Bergamo",CdP_2017-2021_Investimenti_Agg2020-2021.pdf p. 31 | CdP_2017-2021_Investimenti_Agg2020-2021.pdf p. 50 | CdP_2017-2021_Investimenti_Agg2020-2021.pdf p. 75 | CdP_2022-2026_Investimenti.pdf p. 47 | CdP_2022-2026_Investimenti.pdf p. 90 | CdP_2022-2026_Investimenti_Agg2024.pdf p. 54
J64H17000220001,Concorda,CDP-I,,Attivo,in corso,"Appendice 2, app2-agg2025 p. 13",P222,Completamento tecnologico della direttrice Torino-Padova,CdP_Servizi_2022-2026_AI2_Agg2024.pdf p. 58 | appendice_2_lista_cup.pdf p. 13 | appendice_3_schede_intervento.pdf p. 337 | appendice_9_elenco_opere_pnrr_e_pnc.pdf p. 2
J64H17000230001,Concorda,CDP-I,,Attivo,in corso,"Tabella A/B, agg2025 p. 63",P126,Velocizzazione direttrice Salerno-Taranto Velocizzazione impianti linea Battipaglia-Potenza,CdP_2017-2021_Investimenti_Agg2020-2021.pdf p. 42 | CdP_2017-2021_Investimenti_Agg2020-2021.pdf p. 114 | CdP_2022-2026_Investimenti.pdf p. 65 | CdP_2022-2026_Investimenti.pdf p. 128 | CdP_2022-2026_Investimenti_Agg2024.pdf p. 52 | CdP_2022-2026_Investimenti_Agg2024.pdf p. 103
J64J17000010001,Concorda,CDP-I,,Attivo,in corso,"Appendice 2, app2-agg2025 p. 12",P135,Upgrading tecnologico ed infrastrutturale Palermo C.le,appendice_2_lista_cup.pdf p. 12 | appendice_3_schede_intervento.pdf p. 247
J64J22000340009,Concorda,CDP-I,,Attivo,in corso,"Tabella A/B, agg2025 p. 69",P142,"Porto di Ravenna Porto di Ravenna 1^ fase: Soppressione P.L. via Canale Molinetto, ITER adeguamento cavalcavia Teodorico, prolungamento del sottopassaggio pedonale di stazione e adeguamento collegamento esistente dorsale sinistra Candiano Porto di Ravenna 2^ fase: Potenziamento collegamenti esistenti ITER dorsali sinistra e destra Candiano",CdP_2022-2026_Investimenti_Agg2024.pdf p. 57 | CdP_2022-2026_Investimenti_Agg2024.pdf p. 89 | CdP_2022-2026_Investimenti_Agg_ 2025.pdf p. 69 | CdP_2022-2026_Investimenti_Agg_ 2025.pdf p. 104 | appendice_7_distribuzione_territoriale.pdf p. 14
J64J24000050001,Concorda,CDP-I,,Attivo,in corso,"Appendice 2, app2-agg2025 p. 6",A2001B,Sottosistema strutturale energetico - DOIT Palermo,appendice_2_lista_cup.pdf p. 6 | appendice_3_schede_intervento.pdf p. 33
J64J24000060001,Concorda,CDP-I,,Attivo,in corso,"Appendice 2, app2-agg2025 p. 6",A2001B,Sottosistema strutturale energetico - DOIT Torino,appendice_2_lista_cup.pdf p. 6 | appendice_3_schede_intervento.pdf p. 33
J64J24000610001,Concorda,CDP-I,,Attivo,in corso,"Tabella A/B, agg2025 p. 80",P262B,Velocizzazione e potenziamento linea ferroviaria Adriatica 2^ fase Velocizzazione CastelBolognese-Rimini,CdP_2022-2026_Investimenti_Agg_ 2025.pdf p. 80 | CdP_2022-2026_Investimenti_Agg_ 2025.pdf p. 116 | appendice_7_distribuzione_territoriale.pdf p. 4 | appendice_7_distribuzione_territoriale.pdf p. 15 | appendice_7_distribuzione_territoriale.pdf p. 29 | appendice_7_distribuzione_territoriale.pdf p. 30
J64J25000080001,Concorda,CDP-I,,Attivo,in corso,"Appendice 2, app2-agg2025 p. 9",P055_A,nuovo accesso del piano del ferro,appendice_2_lista_cup.pdf p. 9 | appendice_3_schede_intervento.pdf p. 64
J66E19000030009,Concorda,CDP-I,,Attivo,in corso,"Appendice 2, app2-agg2025 p. 6",A2001B,Technical Academy,appendice_2_lista_cup.pdf p. 6 | appendice_3_schede_intervento.pdf p. 34
J66J17000390001,Concorda,CDP-I,,Attivo,in corso,"Appendice 2, app2-agg2025 p. 11",P201,Interventi diffusi di potenziamento tecnologico (DOIT Palermo),CdP_Servizi_2022-2026_AI2_Agg2024.pdf p. 58 | appendice_2_lista_cup.pdf p. 11 | appendice_3_schede_intervento.pdf p. 155 | appendice_9_elenco_opere_pnrr_e_pnc.pdf p. 3
J66J17000400001,Concorda,CDP-I,,Attivo,in corso,"Appendice 2, app2-agg2025 p. 10",P198,Interventi diffusi di potenziamento tecnologico (DOIT Torino),appendice_2_lista_cup.pdf p. 10 | appendice_3_schede_intervento.pdf p. 91 | relazione_informativa_agg_2025_v04_clean.pdf p. 16
J67B14000120005,Concorda,CDP-I,,Attivo,in corso,"Appendice 2, app2-agg2025 p. 10",P198,Liberazione Immobili – DOIT TO - 2014,appendice_2_lista_cup.pdf p. 10 | appendice_3_schede_intervento.pdf p. 91
J67B14000300001,"Opera ultimata, CUP attivo in BDAP",CDP-I,,Attivo,concluso,"Opere ultimate, agg2025 p. 142",,"Tecnologie per la sicurezza, la circolazione e l'efficientamento",CdP_2022-2026_Investimenti_Agg_ 2025.pdf p. 142
J67B14000310001,"Opera ultimata, CUP attivo in BDAP",CDP-I,,Attivo,concluso,"Opere ultimate, agg2025 p. 142",,"Tecnologie per la sicurezza, la circolazione e l'efficientamento",CdP_2022-2026_Investimenti_Agg_ 2025.pdf p. 142
J67B14000320001,"Opera ultimata, CUP attivo in BDAP",CDP-I,,Attivo,concluso,"Opere ultimate, agg2025 p. 138",P214,Sviluppo infrastrutturale e upgrading,CdP_2017-2021_Investimenti.pdf p. 36 | CdP_2022-2026_Investimenti_Agg_ 2025.pdf p. 138
J67B14000420001,"Servizi, non verificabile",CDP-S,,Attivo,,,,,
J67B14000430001,"Servizi, non verificabile",CDP-S,,Attivo,,,,,
J67B14000440001,"Servizi, non verificabile",CDP-S,,Attivo,,,,,
J67B14000450001,"Servizi, non verificabile",CDP-S,,Attivo,,,,,
J67B14000460001,"Servizi, non verificabile",CDP-S,,Attivo,,,,,
J67B14000470001,"Servizi, non verificabile",CDP-S,,Attivo,,,,,
J67B14000480001,"Servizi, non verificabile",CDP-S,,Attivo,,,,,
J67B14000490001,"Servizi, non verificabile",CDP-S,,Attivo,,,,,
J67B14000500001,"Servizi, non verificabile",CDP-S,,Attivo,,,,,
J67B14000510001,"Servizi, non verificabile",CDP-S,,Attivo,,,,,
J67B16000000001,"Servizi, non verificabile",CDP-S,,Attivo,,,,,
J67B16000010001,"Servizi, non verificabile",CDP-S,,Attivo,,,,,
J67B16000020001,"Servizi, non verificabile",CDP-S,,Attivo,,,,,
J67B16000030001,"Servizi, non verificabile",CDP-S,,Attivo,,,,,
J67B16000040001,"Servizi, non verificabile",CDP-S,,Attivo,,,,,
J67B16000050001,"Servizi, non verificabile",CDP-S,,Attivo,,,,,
J67B16000060001,"Servizi, non verificabile",CDP-S,,Attivo,,,,,
J67B16000070001,"Servizi, non verificabile",CDP-S,,Attivo,,,,,
J67B16000120001,"Opera ultimata, CUP attivo in BDAP",CDP-I,,Attivo,concluso,"Opere ultimate, agg2025 p. 136",,Sicurezza ed Obblighi di Legge,CdP_2022-2026_Investimenti_Agg_ 2025.pdf p. 136
J67B16000130001,Concorda,CDP-I,,Attivo,in corso,"Appendice 2, app2-agg2025 p. 3",A1004E,Piano sicurezza armamento DOIT Torino - 2016,appendice_2_lista_cup.pdf p. 3 | appendice_3_schede_intervento.pdf p. 10
J67B16000140001,"Opera ultimata, CUP attivo in BDAP",CDP-I,,Attivo,concluso,"Opere ultimate, agg2025 p. 142",,"Tecnologie per la sicurezza, la circolazione e l'efficientamento",CdP_2022-2026_Investimenti_Agg_ 2025.pdf p. 142
J67B16000150001,"Opera ultimata, CUP attivo in BDAP",CDP-I,,Attivo,concluso,"Opere ultimate, agg2025 p. 142",,"Tecnologie per la sicurezza, la circolazione e l'efficientamento",CdP_2022-2026_Investimenti_Agg_ 2025.pdf p. 142
J67B16000260001,"Opera ultimata, CUP attivo in BDAP",CDP-I,,Attivo,concluso,"Opere ultimate, agg2024 p. 113",,Liberazione immobili - DOIT PA - 2016,CdP_2022-2026_Investimenti_Agg2024.pdf p. 113
J67B16000270001,"Opera ultimata, CUP attivo in BDAP",CDP-I,,Attivo,concluso,"Opere ultimate, agg2025 p. 138",,Sviluppo infrastrutturale e upgrading,CdP_2022-2026_Investimenti_Agg_ 2025.pdf p. 138
J67B16000370001,"Opera ultimata, assente dal file",,,,concluso,"Opere ultimate, agg2025 p. 133",,Manutenzione Straordinaria cicli fino al 2011,CdP_2022-2026_Investimenti_Agg_ 2025.pdf p. 133
J67B17000030001,"Servizi, non verificabile",CDP-S,,Attivo,,,,,
J67B17000040001,"Servizi, non verificabile",CDP-S,,Attivo,,,,,
J67B17000050001,"Servizi, non verificabile",CDP-S,,Attivo,,,,,
J67B17000060001,"Servizi, non verificabile",CDP-S,,Attivo,,,,,
J67B17000070001,"Servizi, non verificabile",CDP-S,,Attivo,,,,,
J67B17000080001,"Servizi, non verificabile",CDP-S,,Attivo,,,,,
J67B17000090001,"Servizi, non verificabile",CDP-S,,Attivo,,,,,
J67B17000100001,"Servizi, non verificabile",CDP-S,,Attivo,,,,,
J67B17000110001,"Opera ultimata, CUP attivo in BDAP",CDP-I,,Attivo,concluso,"Opere ultimate, agg2025 p. 142",,"Tecnologie per la sicurezza, la circolazione e l'efficientamento",CdP_2022-2026_Investimenti_Agg_ 2025.pdf p. 142
J67B17000120001,"Opera ultimata, CUP attivo in BDAP",CDP-I,,Attivo,concluso,"Opere ultimate, agg2025 p. 142",,"Tecnologie per la sicurezza, la circolazione e l'efficientamento",CdP_2022-2026_Investimenti_Agg_ 2025.pdf p. 142
J67B17000130001,"Opera ultimata, CUP attivo in BDAP",CDP-I,,Attivo,concluso,"Opere ultimate, agg2025 p. 136",,Sicurezza ed Obblighi di Legge,CdP_2022-2026_Investimenti_Agg_ 2025.pdf p. 136
J67B17000140001,"Opera ultimata, CUP attivo in BDAP",CDP-I,,Attivo,concluso,"Opere ultimate, agg2025 p. 136",,Sicurezza ed Obblighi di Legge,CdP_2022-2026_Investimenti_Agg_ 2025.pdf p. 136
J67B17000620001,Concorda,CDP-I,,Attivo,in corso,"Appendice 2, app2-agg2025 p. 2",A1004A,Miglioramento sicurezza gallerie ferroviarie - DOIT Torino - 2017,appendice_2_lista_cup.pdf p. 2 | appendice_3_schede_intervento.pdf p. 4
J67B20000450001,"Servizi, non verificabile",CDP-S,,Attivo,,,,,
J67B20000460001,"Servizi, non verificabile",CDP-S,,Attivo,,,,,
J67B20001010001,"Servizi, non verificabile",CDP-S,,Attivo,,,,,
J67B20001020001,"Servizi, non verificabile",CDP-S,,Attivo,,,,,
J67B20001030001,"Servizi, non verificabile",CDP-S,,Attivo,,,,,
J67B20001040001,"Servizi, non verificabile",CDP-S,,Attivo,,,,,
J67B20001050001,"Servizi, non verificabile",CDP-S,,Attivo,,,,,
J67D17000000001,"Opera ultimata, CUP attivo in BDAP",CDP-I,,Attivo,concluso,"Opere ultimate, agg2025 p. 136",,Sicurezza ed Obblighi di Legge,CdP_2022-2026_Investimenti_Agg_ 2025.pdf p. 136
J67D17000010001,"Opera ultimata, CUP attivo in BDAP",CDP-I,,Attivo,concluso,"Opere ultimate, agg2025 p. 138",,Sviluppo infrastrutturale e upgrading,CdP_2022-2026_Investimenti_Agg_ 2025.pdf p. 138
J67D17000020001,Concorda,CDP-I,,Attivo,in corso,"Appendice 2, app2-agg2025 p. 9",P214,Binari senza tempo - DOIT Torino (Ripristino Asti-Castagnole e Ceva-Ormea),appendice_2_lista_cup.pdf p. 9 | appendice_3_schede_intervento.pdf p. 74
J67D17000030001,"Servizi, non verificabile",CDP-S,,Attivo,,,,,
J67D17000040001,"Servizi, non verificabile",CDP-S,,Attivo,,,,,
J67D17000050001,"Servizi, non verificabile",CDP-S,,Attivo,,,,,
J67D17000060001,"Servizi, non verificabile",CDP-S,,Attivo,,,,,
J67D17000070001,"Servizi, non verificabile",CDP-S,,Attivo,,,,,
J67D17000080001,"Servizi, non verificabile",CDP-S,,Attivo,,,,,
J67D17000090001,"Servizi, non verificabile",CDP-S,,Attivo,,,,,
J67D17000100001,"Servizi, non verificabile",CDP-S,,Attivo,,,,,
J67D17000110001,"Servizi, non verificabile",CDP-S,,Attivo,,,,,
J67D18000000001,"Opera ultimata, CUP attivo in BDAP",CDP-I,,Attivo,concluso,"Opere ultimate, agg2025 p. 136",,Sicurezza ed Obblighi di Legge,CdP_2022-2026_Investimenti_Agg_ 2025.pdf p. 136
J67D18000010001,Concorda,CDP-I,,Attivo,in corso,"Appendice 2, app2-agg2025 p. 3",A1004E,Piano sicurezza armamento DOIT Torino - 2018,appendice_2_lista_cup.pdf p. 3 | appendice_3_schede_intervento.pdf p. 10
J67D22000010001,Concorda,CDP-I,,Attivo,in corso,"Appendice 2, app2-agg2025 p. 4",A1013A,Piano difesa della sede da fenomeni di dissesto idrogeologico - DOIT Palermo - 2022,appendice_2_lista_cup.pdf p. 4 | appendice_3_schede_intervento.pdf p. 17
J67D22000030001,Concorda,CDP-I,,Attivo,in corso,"Appendice 2, app2-agg2025 p. 3",A1013A,Piano difesa della sede da fenomeni di dissesto idrogeologico - DOIT Torino - 2022,appendice_2_lista_cup.pdf p. 3 | appendice_3_schede_intervento.pdf p. 17
J67D22000110001,Concorda,CDP-I,,Attivo,in corso,"Appendice 2, app2-agg2025 p. 3",A1004D,Smaltimento materiali inquinanti (DOIT Torino) - annualità 2022,appendice_2_lista_cup.pdf p. 3 | appendice_3_schede_intervento.pdf p. 8
J67D22000150001,Concorda,CDP-S,,Attivo,servizi,"Servizi, Allegato 12, srv2026 p. 21",,Piano resilienza linee e impianti Sud ambito regione Sicilia,CdP_Servizi_2022-2026_AI2_Agg2024.pdf p. 59 | CdP_Servizi_2022-2026_AI4_Agg2026.pdf p. 21 | appendice_9_elenco_opere_pnrr_e_pnc.pdf p. 3
J67D22000160001,Concorda,CDP-S,,Attivo,servizi,"Servizi, Allegato 4c, srv2026 p. 17",,CdP-S Infratruttura Fisica DOIT Torino - anno 2023,CdP_Servizi_2022-2026_AI2_Agg2024.pdf p. 19 | CdP_Servizi_2022-2026_AI4_Agg2026.pdf p. 17
J67D22000170001,Concorda,CDP-S,,Attivo,servizi,"Servizi, Allegato 12, srv2026 p. 21",,Piano resilienza linee e impianti Sud ambito regione Sicilia,CdP_Servizi_2022-2026_AI2_Agg2024.pdf p. 59 | CdP_Servizi_2022-2026_AI4_Agg2026.pdf p. 21 | appendice_9_elenco_opere_pnrr_e_pnc.pdf p. 3
J67D22000180001,"Servizi, non verificabile",CDP-S,,Attivo,,,,,
J67D22000190001,"Servizi, non verificabile",CDP-S,,Attivo,,,,,
J67D22000200001,"Servizi, non verificabile",CDP-S,,Attivo,,,,,
J67D22000210001,Concorda,CDP-I,,Attivo,in corso,"Appendice 2, app2-agg2025 p. 2",A1004A,Miglioramento sicurezza gallerie ferroviarie - DOIT Torino - 2023,appendice_2_lista_cup.pdf p. 2 | appendice_3_schede_intervento.pdf p. 4
J67D22000220001,"Servizi, non verificabile",CDP-S,,Attivo,,,,,
J67D22000230001,"Servizi, non verificabile",CDP-S,,Attivo,,,,,
J67D22000240001,Concorda,CDP-I,,Attivo,in corso,"Appendice 2, app2-agg2025 p. 7",A2004A,Tecnologie per la sicurezza settore IS - DOIT Palermo,appendice_2_lista_cup.pdf p. 7 | appendice_3_schede_intervento.pdf p. 36
J67D23000080001,"Servizi, non verificabile",CDP-S,,Attivo,,,,,
J67D23000090001,Concorda,CDP-S,,Attivo,servizi,"Servizi, Allegato 4c, srv2026 p. 17",,CdP-S Infrastruttura Fisica DOIT Torino - anno 2024,CdP_Servizi_2022-2026_AI4_Agg2026.pdf p. 17
J67D23000100001,"Servizi, non verificabile",CDP-S,,Attivo,,,,,
J67D23000110001,"Servizi, non verificabile",CDP-S,,Attivo,,,,,
J67D23000120001,"Servizi, non verificabile",CDP-S,,Attivo,,,,,
J67D23000130001,"Servizi, non verificabile",CDP-S,,Attivo,,,,,
J67D23000140001,"Servizi, non verificabile",CDP-S,,Attivo,,,,,
J67D23000150001,"Servizi, non verificabile",CDP-S,,Attivo,,,,,
J67D23000180001,Concorda,CDP-S,,Attivo,servizi,"Servizi, Allegato 4c, srv2026 p. 17",,Intervento di rinnovo armamento Bicocca-Siracusa,CdP_Servizi_2022-2026_AI4_Agg2026.pdf p. 17
J67D23000190001,"Servizi, non verificabile",CDP-S,,Attivo,,,,,
J67D23000200001,"Servizi, non verificabile",CDP-S,,Attivo,,,,,
J67D23000210001,"Servizi, non verificabile",CDP-S,,Attivo,,,,,
J67D23000220001,"Servizi, non verificabile",CDP-S,,Attivo,,,,,
J67D23000230001,"Servizi, non verificabile",CDP-S,,Attivo,,,,,
J67D23000240001,"Servizi, non verificabile",CDP-S,,Attivo,,,,,
J67D23000250001,"Servizi, non verificabile",CDP-S,,Attivo,,,,,
J67D24000010001,Concorda,CDP-I,,Attivo,in corso,"Appendice 2, app2-agg2025 p. 3",A1013A,TO - Mitigazione rischio idrogeologico,appendice_2_lista_cup.pdf p. 3 | appendice_3_schede_intervento.pdf p. 16
J67D24000020001,Concorda,CDP-I,,Attivo,in corso,"Appendice 2, app2-agg2025 p. 4",A1013A,PA - Mitigazione rischio idrogeologico,appendice_2_lista_cup.pdf p. 4 | appendice_3_schede_intervento.pdf p. 17
J67D24000030001,Concorda,CDP-I,,Attivo,in corso,"Appendice 2, app2-agg2025 p. 6",A2001B,Upgrading posti Centrali linea Adriatica,appendice_2_lista_cup.pdf p. 6 | appendice_3_schede_intervento.pdf p. 34
J67D24000100005,Concorda,CDP-I,,Attivo,in corso,"Appendice 2, app2-agg2025 p. 12",P060,Upgrading Terminali Merci - Torino,appendice_2_lista_cup.pdf p. 12 | appendice_3_schede_intervento.pdf p. 257 | relazione_informativa_agg_2025_v04_clean.pdf p. 16
J67D24000160001,"Servizi, non verificabile",,CDP-S,Attivo,,,,,
J67D25000000001,Concorda,CDP-I,,Attivo,in corso,"Appendice 2, app2-agg2025 p. 5",A1013A,Mitigazione rischio idrogeologico UT SE,appendice_2_lista_cup.pdf p. 5 | appendice_3_schede_intervento.pdf p. 18
J67D25000020001,"Investimenti, non nei documenti",,CDP-I,Attivo,,,,,
J67D25000140001,"Servizi, non verificabile",,CDP-S,Attivo,,,,,
J67D25000150001,"Servizi, non verificabile",,CDP-S,Attivo,,,,,
J67D25000160001,"Servizi, non verificabile",,CDP-S,Attivo,,,,,
J67D25000170001,"Servizi, non verificabile",,CDP-S,Attivo,,,,,
J67D25000180001,"Servizi, non verificabile",,CDP-S,Attivo,,,,,
J67D25000190001,"Servizi, non verificabile",,CDP-S,Attivo,,,,,
J67D25000200001,"Servizi, non verificabile",,CDP-S,Attivo,,,,,
J67D25000210001,"Servizi, non verificabile",,CDP-S,Attivo,,,,,
J67D25000220001,"Investimenti, non nei documenti",,CDP-I,Attivo,,,,,
J67E13000250001,"Servizi, non verificabile",CDP-S,,Attivo,,,,,
J67E13000260001,"Servizi, non verificabile",CDP-S,,Attivo,,,,,
J67E13000270001,"Servizi, non verificabile",CDP-S,,Attivo,,,,,
J67F14000000001,"Servizi, non verificabile",CDP-S,,Attivo,,,,,
J67F14000010001,"Servizi, non verificabile",CDP-S,,Attivo,,,,,
J67F14000020001,"Servizi, non verificabile",CDP-S,,Attivo,,,,,
J67F14000030001,"Servizi, non verificabile",CDP-S,,Attivo,,,,,
J67F14000040001,"Servizi, non verificabile",CDP-S,,Attivo,,,,,
J67F14000050001,"Servizi, non verificabile",CDP-S,,Attivo,,,,,
J67F14000060001,"Servizi, non verificabile",CDP-S,,Attivo,,,,,
J67F14000070001,"Servizi, non verificabile",CDP-S,,Attivo,,,,,
J67F14000100001,"Servizi, non verificabile",CDP-S,,Attivo,,,,,
J67F14000110001,"Servizi, non verificabile",CDP-S,,Attivo,,,,,
J67F19000040001,"Opera ultimata, CUP attivo in BDAP",CDP-I,,Attivo,concluso,"Opere ultimate, agg2025 p. 138",,Sviluppo infrastrutturale e upgrading,CdP_2022-2026_Investimenti_Agg_ 2025.pdf p. 138
J67F19000050001,Concorda,CDP-I,,Attivo,in corso,"Appendice 2, app2-agg2025 p. 2",A1004A,Miglioramento sicurezza gallerie ferroviarie - DOIT Torino - 2019,appendice_2_lista_cup.pdf p. 2 | appendice_3_schede_intervento.pdf p. 4
J67F19000060001,"Opera ultimata, CUP attivo in BDAP",CDP-I,,Attivo,concluso,"Opere ultimate, agg2025 p. 136",,Sicurezza ed Obblighi di Legge,CdP_2022-2026_Investimenti_Agg_ 2025.pdf p. 136
J67F19000070001,"In corso nel contratto, assente dal file",,,,in corso,"Appendice 2, app2-agg2025 p. 5",A1014,Piano conservazione opere d'arte DOIT Torino- 2019,appendice_2_lista_cup.pdf p. 5
J67F19000090001,Concorda,CDP-I,,Attivo,in corso,"Appendice 2, app2-agg2025 p. 11",P080,Upgrading infrastrutturale e tecnologico DOIT Torino - 2019,appendice_2_lista_cup.pdf p. 11 | appendice_3_schede_intervento.pdf p. 181
J67F19000230001,"Servizi, non verificabile",CDP-S,,Attivo,,,,,
J67F19000240001,"Servizi, non verificabile",CDP-S,,Attivo,,,,,
J67F19000260001,"Servizi, non verificabile",CDP-S,,Attivo,,,,,
J67F19000270001,Concorda,CDP-S,,Attivo,servizi,"Servizi, Allegato 4c, srv2026 p. 17",,Manutenzione Straordinaria Linee Torino - 2020,CdP_Servizi_2022-2026_AI2_Agg2024.pdf p. 19 | CdP_Servizi_2022-2026_AI4_Agg2026.pdf p. 17
J67F19000280001,"Servizi, non verificabile",CDP-S,,Attivo,,,,,
J67F19000290001,"Servizi, non verificabile",CDP-S,,Attivo,,,,,
J67F19000320001,"Servizi, non verificabile",CDP-S,,Attivo,,,,,
J67F19000350001,Concorda,CDP-I,,Attivo,in corso,"Appendice 2, app2-agg2025 p. 12",P060,Upgrading porti e terminali - DOIT TO - 2019,appendice_2_lista_cup.pdf p. 12 | appendice_3_schede_intervento.pdf p. 257
J67F19000440001,"Opera ultimata, CUP attivo in BDAP",CDP-I,,Attivo,concluso,"Opere ultimate, agg2025 p. 136",,Sicurezza ed Obblighi di Legge,CdP_2022-2026_Investimenti_Agg_ 2025.pdf p. 136
J67F20000000001,"Opera ultimata, CUP attivo in BDAP",CDP-I,,Attivo,concluso,"Opere ultimate, agg2025 p. 136",,Sicurezza ed Obblighi di Legge,CdP_2022-2026_Investimenti_Agg_ 2025.pdf p. 136
J67F20000010001,"Opera ultimata, CUP attivo in BDAP",CDP-I,,Attivo,concluso,"Opere ultimate, agg2025 p. 137",,Sicurezza ed Obblighi di Legge,CdP_2022-2026_Investimenti_Agg_ 2025.pdf p. 137
J67F20000020001,"Opera ultimata, CUP attivo in BDAP",CDP-I,,Attivo,concluso,"Opere ultimate, agg2025 p. 137",,Sicurezza ed Obblighi di Legge,CdP_2022-2026_Investimenti_Agg_ 2025.pdf p. 137
J67F20000110001,Concorda,CDP-I,,Attivo,in corso,"Appendice 2, app2-agg2025 p. 3",A1013A,Piano difesa della sede da fenomeni di dissesto idrogeologico - DOIT Torino - 2020,appendice_2_lista_cup.pdf p. 3 | appendice_3_schede_intervento.pdf p. 17
J67F20000130001,Concorda,CDP-I,,Attivo,in corso,"Appendice 2, app2-agg2025 p. 5",A1014,Piano conservazione opere d'arte DOIT Palermo- 2020,appendice_2_lista_cup.pdf p. 5 | appendice_3_schede_intervento.pdf p. 23
J67F20000140001,Concorda,CDP-I,,Attivo,in corso,"Appendice 2, app2-agg2025 p. 5",A1014,Piano conservazione opere d'arte DOIT Torino- 2020,appendice_2_lista_cup.pdf p. 5 | appendice_3_schede_intervento.pdf p. 22
J67F20000150001,"Opera ultimata, CUP attivo in BDAP",CDP-I,,Attivo,concluso,"Opere ultimate, agg2025 p. 140",,Impianti industriali e terminali viaggiatori e merci,CdP_2022-2026_Investimenti_Agg_ 2025.pdf p. 140
J67F20000190001,Concorda,CDP-I,,Attivo,in corso,"Appendice 2, app2-agg2025 p. 11",P080,Upgrading infrastrutturale e tecnologico DOIT Torino - 2020,appendice_2_lista_cup.pdf p. 11 | appendice_3_schede_intervento.pdf p. 181
J67G20000000001,"Opera ultimata, CUP attivo in BDAP",CDP-I,,Attivo,concluso,"Opere ultimate, agg2025 p. 137",,Sicurezza ed Obblighi di Legge,CdP_2022-2026_Investimenti_Agg_ 2025.pdf p. 137 | CdP_Servizi_2022-2026_AI2_Agg2024.pdf p. 58 | appendice_9_elenco_opere_pnrr_e_pnc.pdf p. 3
J67G20000010001,Concorda,CDP-I,,Attivo,in corso,"Appendice 2, app2-agg2025 p. 3",A1004E,Piano sicurezza armamento DOIT Torino - 2021,appendice_2_lista_cup.pdf p. 3 | appendice_3_schede_intervento.pdf p. 10
J67H21000760001,Concorda,CDP-I,,Attivo,in corso,"Appendice 2, app2-agg2025 p. 4",A1013A,Piano difesa della sede da fenomeni di dissesto idrogeologico - DOIT Palermo - 2021,appendice_2_lista_cup.pdf p. 4 | appendice_3_schede_intervento.pdf p. 17
J67H21000770001,Concorda,CDP-I,,Attivo,in corso,"Appendice 2, app2-agg2025 p. 5",A1014,Piano conservazione opere d'arte DOIT Palermo- 2021,appendice_2_lista_cup.pdf p. 5 | appendice_3_schede_intervento.pdf p. 23
J67H21000780001,Concorda,CDP-I,,Attivo,in corso,"Appendice 2, app2-agg2025 p. 5",A1014,Piano conservazione opere d'arte DOIT Torino- 2021,appendice_2_lista_cup.pdf p. 5 | appendice_3_schede_intervento.pdf p. 22
J67H21000790001,Concorda,CDP-I,,Attivo,in corso,"Appendice 2, app2-agg2025 p. 3",A1013A,Piano difesa della sede da fenomeni di dissesto idrogeologico - DOIT Torino - 2021,appendice_2_lista_cup.pdf p. 3 | appendice_3_schede_intervento.pdf p. 17
J67H21002920001,Concorda,CDP-I,,Attivo,in corso,"Appendice 2, app2-agg2025 p. 9",P214,Binari senza tempo - DOIT PA,appendice_2_lista_cup.pdf p. 9 | appendice_3_schede_intervento.pdf p. 74
J67H21004990001,Concorda,CDP-I,,Attivo,in corso,"Appendice 2, app2-agg2025 p. 6",A2001B,Attrezzaggi tecnologi - DOIT Palermo,appendice_2_lista_cup.pdf p. 6 | appendice_3_schede_intervento.pdf p. 33
J67H21005700001,Concorda,CDP-I,,Attivo,in corso,"Appendice 2, app2-agg2025 p. 9",P214,Linee turistiche del Piemonte,appendice_2_lista_cup.pdf p. 9 | appendice_3_schede_intervento.pdf p. 74 | appendice_9_elenco_opere_pnrr_e_pnc.pdf p. 5 | relazione_informativa_agg_2025_v04_clean.pdf p. 13
J67H21005710001,Concorda,CDP-I,,Attivo,in corso,"Appendice 2, app2-agg2025 p. 9",P214,Linee turistiche della Sicilia,appendice_2_lista_cup.pdf p. 9 | appendice_3_schede_intervento.pdf p. 74 | appendice_9_elenco_opere_pnrr_e_pnc.pdf p. 5
J67H21005720001,Concorda,CDP-I,,Attivo,in corso,"Appendice 2, app2-agg2025 p. 9",P214,Linee turistiche della Campania-Molise-Puglia,appendice_2_lista_cup.pdf p. 9 | appendice_3_schede_intervento.pdf p. 74 | appendice_9_elenco_opere_pnrr_e_pnc.pdf p. 5 | relazione_informativa_agg_2025_v04_clean.pdf p. 13
J67H21008500001,Concorda,CDP-I,,Attivo,in corso,"Appendice 2, app2-agg2025 p. 11",P080,Upgrading infrastrutturale e tecnologico DOIT Torino - 2021,appendice_2_lista_cup.pdf p. 11 | appendice_3_schede_intervento.pdf p. 181
J67H21009010001,"Servizi, non verificabile",CDP-S,,Attivo,,,,,
J67H21009020001,"Servizi, non verificabile",CDP-S,,Attivo,,,,,
J67H21010160001,Concorda,CDP-I,,Attivo,in corso,"Appendice 2, app2-agg2025 p. 3",A1004D,Smaltimento materiali inquinanti (DOIT Torino) - 2021,appendice_2_lista_cup.pdf p. 3 | appendice_3_schede_intervento.pdf p. 8
J67H22000020001,Concorda,CDP-S,,Attivo,servizi,"Servizi, Allegato 4c, srv2026 p. 17",,CdP-S Infratruttura Fisica DOIT Palermo - anno 2022,CdP_Servizi_2022-2026_AI2_Agg2024.pdf p. 19 | CdP_Servizi_2022-2026_AI4_Agg2026.pdf p. 17
J67H22000030001,Concorda,CDP-S,,Attivo,servizi,"Servizi, Allegato 4c, srv2026 p. 17",,CdP-S Infratruttura Fisica DOIT Torino - anno 2022,CdP_Servizi_2022-2026_AI2_Agg2024.pdf p. 19 | CdP_Servizi_2022-2026_AI4_Agg2026.pdf p. 17
J67H22000040001,Concorda,CDP-S,,Attivo,servizi,"Servizi, Allegato 12, srv2026 p. 21",,Piano resilienza linee e impianti Sud ambito regione Sicilia,CdP_Servizi_2022-2026_AI2_Agg2024.pdf p. 59 | CdP_Servizi_2022-2026_AI4_Agg2026.pdf p. 21 | appendice_9_elenco_opere_pnrr_e_pnc.pdf p. 3
J67H22000050001,"Servizi, non verificabile",CDP-S,,Attivo,,,,,
J67H22000060001,"Servizi, non verificabile",CDP-S,,Attivo,,,,,
J67H22000070001,"Servizi, non verificabile",CDP-S,,Attivo,,,,,
J67H22000160001,Concorda,CDP-I,,Attivo,in corso,"Appendice 2, app2-agg2025 p. 11",P080,Upgrading infrastrutturale e tecnologico DOIT Torino - 2022,appendice_2_lista_cup.pdf p. 11 | appendice_3_schede_intervento.pdf p. 181
J67I06000090001,"Opera ultimata, CUP attivo in BDAP",CDP-I,,Attivo,concluso,"Opere ultimate, cdp2022 p. 138",,Riconfigurazione impianti SCMT Reggio Calabria,CdP_2022-2026_Investimenti.pdf p. 138
J67I06000100001,"Opera ultimata, assente dal file",,,,concluso,"Opere ultimate, agg2025 p. 142",,"Tecnologie per la sicurezza, la circolazione e l'efficientamento",CdP_2022-2026_Investimenti_Agg_ 2025.pdf p. 142
J67I06000110001,"Opera ultimata, assente dal file",,,,concluso,"Opere ultimate, agg2023 p. 38",,Attrezzaggio impianti di informazione al - ante 2011,CdP_2022-2026_Investimenti_Agg2023.pdf p. 38
J67I07000010001,Concorda,CDP-I,,Attivo,in corso,"Appendice 2, app2-agg2025 p. 6",A2001B,Riconfigurazione impianti SCMT Napoli,appendice_2_lista_cup.pdf p. 6 | appendice_3_schede_intervento.pdf p. 33
J67I07000030001,Concorda,CDP-I,,Attivo,in corso,"Appendice 2, app2-agg2025 p. 10",P201,SCC Fiumetorto-Messina,appendice_2_lista_cup.pdf p. 10 | appendice_3_schede_intervento.pdf p. 155
J67I08000000001,"Opera ultimata, CUP attivo in BDAP",CDP-I,,Attivo,concluso,"Opere ultimate, agg2025 p. 142",,"Tecnologie per la sicurezza, la circolazione e l'efficientamento",CdP_2017-2021_Investimenti.pdf p. 179 | CdP_2022-2026_Investimenti_Agg_ 2025.pdf p. 142
J67I08000010001,"Opera ultimata, assente dal file",,,,concluso,"Opere ultimate, agg2025 p. 133",,Manutenzione Straordinaria cicli fino al 2011,CdP_2022-2026_Investimenti_Agg_ 2025.pdf p. 133
J67I08000020001,"Opera ultimata, assente dal file",,,,concluso,"Opere ultimate, cdp2017 p. 178",,Acquisti a Rimpiazzo materiale d'Inventa,CdP_2017-2021_Investimenti.pdf p. 178
J67I08000030001,"Opera ultimata, CUP attivo in BDAP",CDP-I,,Attivo,concluso,"Opere ultimate, agg2025 p. 133",,Manutenzione Straordinaria cicli fino al 2011,CdP_2017-2021_Investimenti.pdf p. 178 | CdP_2022-2026_Investimenti_Agg_ 2025.pdf p. 133
J67I08000040001,"Opera ultimata, assente dal file",,,,concluso,"Opere ultimate, agg2025 p. 133",,Manutenzione Straordinaria cicli fino al 2011,CdP_2022-2026_Investimenti_Agg_ 2025.pdf p. 133
J67I08000050001,Concorda,CDP-I,,Chiuso,concluso,"Opere ultimate, agg2025 p. 142",,"Tecnologie per la sicurezza, la circolazione e l'efficientamento",CdP_2022-2026_Investimenti_Agg_ 2025.pdf p. 142
J67I10000020001,Concorda,CDP-I,,Attivo,in corso,"Appendice 2, app2-agg2025 p. 12",P134,Potenziamento tecnologico del nodo di Napoli,appendice_2_lista_cup.pdf p. 12 | appendice_3_schede_intervento.pdf p. 233
J67I10000140001,"Opera ultimata, CUP attivo in BDAP",CDP-I,,Attivo,concluso,"Opere ultimate, cdp2017 p. 180",,Pot. impianti illuminaz. Grandi Stazioni,CdP_2017-2021_Investimenti.pdf p. 180
J67I10000150001,"Opera ultimata, CUP attivo in BDAP",CDP-I,,Attivo,concluso,"Opere ultimate, cdp2022 p. 138",,Ripristino e potenziamento impianti in Abruzzo (DOIT Ancona),CdP_2017-2021_Investimenti_Agg2020-2021.pdf p. 127 | CdP_2022-2026_Investimenti.pdf p. 138
J67I10000160001,"Opera ultimata, CUP attivo in BDAP",CDP-I,,Attivo,concluso,"Opere ultimate, agg2023 p. 37",,Ripristino e potenziamento impianti in Abruzzo (DOIT Roma),CdP_2017-2021_Investimenti_Agg2020-2021.pdf p. 127 | CdP_2022-2026_Investimenti_Agg2023.pdf p. 37
J67I11000040001,"Opera ultimata, CUP attivo in BDAP",CDP-I,,Attivo,concluso,"Opere ultimate, cdp2022 p. 138",A5000_4,Miglioramenti tecnologici agli impianti di segnalamento della linea AV/AC TO-MI-NA,CdP_2017-2021_Investimenti.pdf p. 73 | CdP_2017-2021_Investimenti.pdf p. 169 | CdP_2017-2021_Investimenti_Agg2020-2021.pdf p. 49 | CdP_2017-2021_Investimenti_Agg2020-2021.pdf p. 120 | CdP_2022-2026_Investimenti.pdf p. 138
J67I11000230001,Concorda,CDP-I,,Attivo,in corso,"Appendice 2, app2-agg2025 p. 11",P076,Potenziamento tecnologico del nodo di Firenze,CdP_Servizi_2022-2026_AI2_Agg2024.pdf p. 58 | appendice_2_lista_cup.pdf p. 11 | appendice_3_schede_intervento.pdf p. 208 | appendice_9_elenco_opere_pnrr_e_pnc.pdf p. 2 | relazione_informativa_agg_2025_v04_clean.pdf p. 13
J67I11000330001,"Opera ultimata, CUP attivo in BDAP",CDP-I,,Attivo,concluso,"Opere ultimate, agg2023 p. 37",,Manut.Straord.Opere Dif.Infr. Su linee A - ante 2011,CdP_2017-2021_Investimenti.pdf p. 178 | CdP_2022-2026_Investimenti_Agg2023.pdf p. 37
J67I12000000001,"Opera ultimata, assente dal file",,,,concluso,"Opere ultimate, agg2025 p. 133",,Manutenzione Straordinaria cicli fino al 2011,CdP_2017-2021_Investimenti_Agg2020-2021.pdf p. 126 | CdP_2022-2026_Investimenti_Agg_ 2025.pdf p. 133
J67I12000010001,"Opera ultimata, assente dal file",,,,concluso,"Opere ultimate, agg2025 p. 134",,Manutenzione Straordinaria cicli fino al 2011,CdP_2022-2026_Investimenti_Agg_ 2025.pdf p. 134
J67I12000020001,"Investimenti, non nei documenti",CDP-I,,Attivo,,,,,
J67I12000040001,"Opera ultimata, CUP attivo in BDAP",CDP-I,,Attivo,concluso,"Opere ultimate, agg2025 p. 134",,Manutenzione Straordinaria cicli fino al 2011,CdP_2022-2026_Investimenti_Agg_ 2025.pdf p. 134
J67I12000050001,"Opera ultimata, CUP attivo in BDAP",CDP-I,,Attivo,concluso,"Opere ultimate, agg2025 p. 134",,Manutenzione Straordinaria cicli fino al 2011,CdP_2017-2021_Investimenti_Agg2020-2021.pdf p. 126 | CdP_2022-2026_Investimenti_Agg_ 2025.pdf p. 134
J67I12000060001,"Opera ultimata, CUP attivo in BDAP",CDP-I,,Attivo,concluso,"Opere ultimate, agg2025 p. 134",,Manutenzione Straordinaria cicli fino al 2011,CdP_2022-2026_Investimenti_Agg_ 2025.pdf p. 134
J67I12000070001,"Opera ultimata, CUP attivo in BDAP",CDP-I,,Attivo,concluso,"Opere ultimate, agg2021 p. 126",,Manutenzione Straordinaria Stazioni PA - 2012,CdP_2017-2021_Investimenti_Agg2020-2021.pdf p. 126
J67I12000080001,"Opera ultimata, CUP attivo in BDAP",CDP-I,,Attivo,concluso,"Opere ultimate, agg2025 p. 134",,Manutenzione Straordinaria cicli fino al 2011,CdP_2017-2021_Investimenti_Agg2020-2021.pdf p. 127 | CdP_2022-2026_Investimenti_Agg_ 2025.pdf p. 134
J67I12000090001,"Opera ultimata, CUP attivo in BDAP",CDP-I,,Attivo,concluso,"Opere ultimate, agg2025 p. 134",,Manutenzione Straordinaria cicli fino al 2011,CdP_2022-2026_Investimenti_Agg_ 2025.pdf p. 134
J67I12000100001,"Opera ultimata, assente dal file",,,,concluso,"Opere ultimate, agg2025 p. 134",,Manutenzione Straordinaria cicli fino al 2011,CdP_2022-2026_Investimenti_Agg_ 2025.pdf p. 134
J67I12000110001,"Opera ultimata, assente dal file",,,,concluso,"Opere ultimate, agg2025 p. 134",,Manutenzione Straordinaria cicli fino al 2011,CdP_2022-2026_Investimenti_Agg_ 2025.pdf p. 134
J67I12000120001,"Opera ultimata, CUP attivo in BDAP",CDP-I,,Attivo,concluso,"Opere ultimate, agg2025 p. 134",,Manutenzione Straordinaria cicli fino al 2011,CdP_2022-2026_Investimenti_Agg_ 2025.pdf p. 134
J67I12000130001,"Opera ultimata, CUP attivo in BDAP",CDP-I,,Attivo,concluso,"Opere ultimate, agg2025 p. 134",,Manutenzione Straordinaria cicli fino al 2011,CdP_2017-2021_Investimenti_Agg2020-2021.pdf p. 126 | CdP_2022-2026_Investimenti_Agg_ 2025.pdf p. 134
J67I13000000001,"Servizi, non verificabile",CDP-S,,Attivo,,,,,
J67I13000010001,"Servizi, non verificabile",CDP-S,,Attivo,,,,,
J67I13000020001,"Opera ultimata, assente dal file",,,,concluso,"Opere ultimate, agg2025 p. 134",,Manutenzione Straordinaria cicli fino al 2011,CdP_2022-2026_Investimenti_Agg_ 2025.pdf p. 134
J67I13000030001,"Opera ultimata, assente dal file",,,,concluso,"Opere ultimate, agg2025 p. 134",,Manutenzione Straordinaria cicli fino al 2011,CdP_2022-2026_Investimenti_Agg_ 2025.pdf p. 134
J67I13000050001,"Servizi, non verificabile",CDP-S,,Attivo,,,,,
J67I13000060001,"Servizi, non verificabile",CDP-S,,Attivo,,,,,
J67I13000070001,"Servizi, non verificabile",CDP-S,,Attivo,,,,,
J67I13000110001,"Servizi, non verificabile",CDP-S,,Attivo,,,,,
J67I13000120001,"Opera ultimata, CUP attivo in BDAP",CDP-I,,Attivo,concluso,"Opere ultimate, agg2025 p. 134",,Manutenzione Straordinaria cicli fino al 2011,CdP_2017-2021_Investimenti_Agg2020-2021.pdf p. 126 | CdP_2022-2026_Investimenti_Agg_ 2025.pdf p. 134
J67I17000010001,Concorda,CDP-I,,Attivo,in corso,"Appendice 2, app2-agg2025 p. 12",P135,DOIT PA– upgrading linee viaggiatori,appendice_2_lista_cup.pdf p. 12 | appendice_3_schede_intervento.pdf p. 247
J67I17000020001,Concorda,CDP-I,,Attivo,in corso,"Appendice 2, app2-agg2025 p. 13",P221,DOIT TO – upgrading linee merci,appendice_2_lista_cup.pdf p. 13 | appendice_3_schede_intervento.pdf p. 325
J67I18000040001,Concorda,CDP-I,,Attivo,in corso,"Appendice 2, app2-agg2025 p. 10",P198,DOIT TO – upgrading linee viaggiatori,appendice_2_lista_cup.pdf p. 10 | appendice_3_schede_intervento.pdf p. 91
J67I18000050001,Concorda,CDP-I,,Attivo,in corso,"Appendice 2, app2-agg2025 p. 3",A1013A,Piano difesa della sede da fenomeni di dissesto idrogeologico - DOIT Torino - 2018,appendice_2_lista_cup.pdf p. 3 | appendice_3_schede_intervento.pdf p. 16
J67I18000060001,"Opera ultimata, CUP attivo in BDAP",CDP-I,,Attivo,concluso,"Opere ultimate, agg2025 p. 142",,"Tecnologie per la sicurezza, la circolazione e l'efficientamento",CdP_2022-2026_Investimenti_Agg_ 2025.pdf p. 142
J67J18000180001,Concorda,CDP-I,,Attivo,in corso,"Appendice 2, app2-agg2025 p. 3",A1004D,Smaltimento materiali inquinanti (DOIT Palermo) - 2018,appendice_2_lista_cup.pdf p. 3 | appendice_3_schede_intervento.pdf p. 8
J67J18000190001,"Opera ultimata, CUP attivo in BDAP",CDP-I,,Attivo,concluso,"Opere ultimate, agg2025 p. 137",,Sicurezza ed Obblighi di Legge,CdP_2022-2026_Investimenti_Agg_ 2025.pdf p. 137
J67J18000280001,"Servizi, non verificabile",CDP-S,,Attivo,,,,,
J67J18000290001,"Servizi, non verificabile",CDP-S,,Attivo,,,,,
J67J18000300001,"Servizi, non verificabile",CDP-S,,Attivo,,,,,
J67J18000310001,"Servizi, non verificabile",CDP-S,,Attivo,,,,,
J67J18000320001,"Servizi, non verificabile",CDP-S,,Attivo,,,,,
J67J18000330001,"Servizi, non verificabile",CDP-S,,Attivo,,,,,
J67J18000340001,"Servizi, non verificabile",CDP-S,,Attivo,,,,,
J67J18000350001,"Servizi, non verificabile",CDP-S,,Attivo,,,,,
J67J18000360001,"Servizi, non verificabile",CDP-S,,Attivo,,,,,
J67J18000390001,Concorda,CDP-I,,Attivo,in corso,"Appendice 2, app2-agg2025 p. 14",P222,Interventi diffusi di upgrading direttrice Trasversale,appendice_2_lista_cup.pdf p. 14 | appendice_3_schede_intervento.pdf p. 338
J67J18000400001,Concorda,CDP-I,,Attivo,in corso,"Appendice 2, app2-agg2025 p. 12",P060,Upgrading scali merci - DOIT Palermo,appendice_2_lista_cup.pdf p. 12 | appendice_3_schede_intervento.pdf p. 257
J67J18000440001,"Opera ultimata, CUP attivo in BDAP",CDP-I,,Attivo,concluso,"Opere ultimate, agg2025 p. 137",,Sicurezza ed Obblighi di Legge,CdP_2022-2026_Investimenti_Agg_ 2025.pdf p. 137
J67J19000000001,"Opera ultimata, CUP attivo in BDAP",CDP-I,,Attivo,concluso,"Opere ultimate, agg2025 p. 134",,Manutenzione Straordinaria cicli fino al 2011,CdP_2017-2021_Investimenti_Agg2020-2021.pdf p. 127 | CdP_2022-2026_Investimenti_Agg2024.pdf p. 113 | CdP_2022-2026_Investimenti_Agg_ 2025.pdf p. 134
J67J19000010001,Concorda,CDP-I,,Attivo,in corso,"Appendice 2, app2-agg2025 p. 3",A1013A,Piano difesa della sede da fenomeni di dissesto idrogeologico - DOIT Torino - 2019,appendice_2_lista_cup.pdf p. 3 | appendice_3_schede_intervento.pdf p. 17
J67J19000020001,"Opera ultimata, CUP attivo in BDAP",CDP-I,,Attivo,concluso,"Opere ultimate, agg2025 p. 142",,"Tecnologie per la sicurezza, la circolazione e l'efficientamento",CdP_2022-2026_Investimenti_Agg_ 2025.pdf p. 142
J67J19000030001,"Opera ultimata, CUP attivo in BDAP",CDP-I,,Attivo,concluso,"Opere ultimate, agg2025 p. 137",,Sicurezza ed Obblighi di Legge,CdP_2022-2026_Investimenti_Agg_ 2025.pdf p. 137
J67J19000040001,Concorda,CDP-I,,Attivo,in corso,"Appendice 2, app2-agg2025 p. 3",A1004E,Piano sicurezza armamento DOIT Torino - 2019,appendice_2_lista_cup.pdf p. 3 | appendice_3_schede_intervento.pdf p. 10
J69B11000160001,"Opera ultimata, CUP attivo in BDAP",CDP-I,,Attivo,concluso,"Opere ultimate, agg2025 p. 139",,Sviluppo infrastrutturale e upgrading,CdP_2017-2021_Investimenti.pdf p. 180 | CdP_2017-2021_Investimenti_Agg2020-2021.pdf p. 128 | CdP_2022-2026_Investimenti_Agg_ 2025.pdf p. 139
J69B12000050001,Concorda,CDP-I,,Attivo,in corso,"Appendice 2, app2-agg2025 p. 14",P223,PRG e ACC Lecce (inclusa velocizzazione subtratta Brindisi - Lecce),CdP_2017-2021_Investimenti.pdf p. 43 | CdP_2017-2021_Investimenti.pdf p. 162 | appendice_2_lista_cup.pdf p. 14 | appendice_3_schede_intervento.pdf p. 365 | relazione_informativa_agg_2025_v04_clean.pdf p. 14
J69H19000010001,"Opera ultimata, assente dal file",,,,concluso,"Opere ultimate, agg2025 p. 134",,Manutenzione Straordinaria cicli fino al 2011,CdP_2022-2026_Investimenti_Agg_ 2025.pdf p. 134
J71C10000030007,Concorda,CDP-I,,Attivo,in corso,"Tabella A/B, agg2025 p. 62",1604A|1604B,Upgrading infrastrutturale e tecnologico linea linea Trieste- Divaca Upgrade linea storica bivio Aurisina-Confine di Stato (fase 0 Nuova linea Trieste-Divaca) - comprende anche progettazione preliminare nuova linea,CdP_2017-2021_Investimenti.pdf p. 62 | CdP_2017-2021_Investimenti.pdf p. 103 | CdP_2017-2021_Investimenti.pdf p. 150 | CdP_2017-2021_Investimenti.pdf p. 151 | CdP_2017-2021_Investimenti_Agg2020-2021.pdf p. 46 | CdP_2017-2021_Investimenti_Agg2020-2021.pdf p. 104
J71H00000060001,"Opera ultimata, CUP attivo in BDAP",CDP-I,,Attivo,concluso,"Opere ultimate, agg2025 p. 134",,Manutenzione Straordinaria cicli fino al 2011,CdP_2017-2021_Investimenti.pdf p. 178 | CdP_2022-2026_Investimenti_Agg_ 2025.pdf p. 134
J71H00000060011,"Opera ultimata, CUP attivo in BDAP",CDP-I,,Attivo,concluso,"Opere ultimate, agg2025 p. 134",,Manutenzione Straordinaria cicli fino al 2011,CdP_2017-2021_Investimenti.pdf p. 178 | CdP_2017-2021_Investimenti_Agg2020-2021.pdf p. 127 | CdP_2022-2026_Investimenti_Agg_ 2025.pdf p. 134
J71H00000060021,"Opera ultimata, CUP attivo in BDAP",CDP-I,,Attivo,concluso,"Opere ultimate, cdp2017 p. 178",,Infrastrutture di servizio stazioni (AN),CdP_2017-2021_Investimenti.pdf p. 178
J71H00000060031,"Opera ultimata, CUP attivo in BDAP",CDP-I,,Attivo,concluso,"Opere ultimate, agg2025 p. 134",,Manutenzione Straordinaria cicli fino al 2011,CdP_2017-2021_Investimenti.pdf p. 178 | CdP_2022-2026_Investimenti_Agg_ 2025.pdf p. 134
J71H00000060041,"Opera ultimata, assente dal file",,,,concluso,"Opere ultimate, agg2025 p. 134",,Manutenzione Straordinaria cicli fino al 2011,CdP_2022-2026_Investimenti_Agg_ 2025.pdf p. 134
J71H00000060051,"Opera ultimata, assente dal file",,,,concluso,"Opere ultimate, agg2025 p. 134",,Manutenzione Straordinaria cicli fino al 2011,CdP_2017-2021_Investimenti.pdf p. 178 | CdP_2017-2021_Investimenti_Agg2020-2021.pdf p. 127 | CdP_2022-2026_Investimenti_Agg_ 2025.pdf p. 134
J71H00000060061,Concorda,CDP-I,,Chiuso,concluso,"Opere ultimate, agg2025 p. 134",,Manutenzione Straordinaria cicli fino al 2011,CdP_2022-2026_Investimenti_Agg_ 2025.pdf p. 134
J71H00000060081,"Opera ultimata, assente dal file",,,,concluso,"Opere ultimate, agg2025 p. 134",,Manutenzione Straordinaria cicli fino al 2011,CdP_2017-2021_Investimenti.pdf p. 178 | CdP_2022-2026_Investimenti_Agg_ 2025.pdf p. 134
J71H00000060091,"Opera ultimata, CUP attivo in BDAP",CDP-I,,Attivo,concluso,"Opere ultimate, agg2025 p. 134",,Manutenzione Straordinaria cicli fino al 2011,CdP_2017-2021_Investimenti.pdf p. 178 | CdP_2022-2026_Investimenti_Agg_ 2025.pdf p. 134
J71H00000060101,"Opera ultimata, assente dal file",,,,concluso,"Opere ultimate, agg2025 p. 134",,Manutenzione Straordinaria cicli fino al 2011,CdP_2017-2021_Investimenti.pdf p. 178 | CdP_2022-2026_Investimenti_Agg_ 2025.pdf p. 134
J71H00000070001,"Opera ultimata, assente dal file",,,,concluso,"Opere ultimate, agg2025 p. 139",,Sviluppo infrastrutturale e upgrading,CdP_2022-2026_Investimenti_Agg_ 2025.pdf p. 139
J71H00000080011,"Opera ultimata, CUP attivo in BDAP",CDP-I,,Attivo,concluso,"Opere ultimate, agg2025 p. 134",,Manutenzione Straordinaria cicli fino al 2011,CdP_2022-2026_Investimenti_Agg_ 2025.pdf p. 134
J71H00000080021,"Opera ultimata, assente dal file",,,,concluso,"Opere ultimate, agg2025 p. 134",,Manutenzione Straordinaria cicli fino al 2011,CdP_2017-2021_Investimenti_Agg2020-2021.pdf p. 127 | CdP_2022-2026_Investimenti_Agg_ 2025.pdf p. 134
J71H00000080031,"Opera ultimata, assente dal file",,,,concluso,"Opere ultimate, agg2023 p. 37",,Man.O.C. Arm. Attr. e Macch. C.Nord - ante 2011,CdP_2022-2026_Investimenti_Agg2023.pdf p. 37
J71H00000080041,"Opera ultimata, assente dal file",,,,concluso,"Opere ultimate, agg2025 p. 134",,Manutenzione Straordinaria cicli fino al 2011,CdP_2022-2026_Investimenti_Agg_ 2025.pdf p. 134
J71H00000080061,"Opera ultimata, assente dal file",,,,concluso,"Opere ultimate, agg2025 p. 134",,Manutenzione Straordinaria cicli fino al 2011,CdP_2022-2026_Investimenti_Agg2023.pdf p. 37 | CdP_2022-2026_Investimenti_Agg_ 2025.pdf p. 134
J71H00000080071,"Opera ultimata, assente dal file",,,,concluso,"Opere ultimate, agg2025 p. 134",,Manutenzione Straordinaria cicli fino al 2011,CdP_2022-2026_Investimenti_Agg_ 2025.pdf p. 134
J71H00000090001,"Opera ultimata, assente dal file",,,,concluso,"Opere ultimate, agg2025 p. 139",,Sviluppo infrastrutturale e upgrading,CdP_2022-2026_Investimenti_Agg_ 2025.pdf p. 139
J71H01000120001,"Opera ultimata, assente dal file",,,,concluso,"Opere ultimate, agg2025 p. 139",,Sviluppo infrastrutturale e upgrading,CdP_2022-2026_Investimenti_Agg_ 2025.pdf p. 139
J71H02000110008,Concorda,CDP-I,,Attivo,in corso,"Tabella A/B, agg2025 p. 63",P234|0240,Nodo di Genova e Terzo valico dei Giovi Potenziamento infrastrutturale Voltri-Brignole Porto di Genova: Nuovo terminal merci i Genova Campasso Potenziamento terminale Rivalta Scrivia,CdP_2017-2021_Investimenti.pdf p. 52 | CdP_2017-2021_Investimenti.pdf p. 130 | CdP_2017-2021_Investimenti_Agg2020-2021.pdf p. 45 | CdP_2017-2021_Investimenti_Agg2020-2021.pdf p. 101 | CdP_2022-2026_Investimenti.pdf p. 60 | CdP_2022-2026_Investimenti.pdf p. 115
J71H02000120008,Concorda,CDP-I,,Attivo,in corso,"Tabella A/B, agg2025 p. 56",0417,Porto di Taranto - collegamento ferroviario del complesso del porto di Taranto con la rete nazionale Nuova stazione di Cagioni e collegamento con nuova Piastra Logistica,CdP_2017-2021_Investimenti.pdf p. 58 | CdP_2017-2021_Investimenti.pdf p. 140 | CdP_2017-2021_Investimenti_Agg2020-2021.pdf p. 39 | CdP_2017-2021_Investimenti_Agg2020-2021.pdf p. 94 | CdP_2022-2026_Investimenti.pdf p. 57 | CdP_2022-2026_Investimenti.pdf p. 109
J71H02000130001,"Opera ultimata, CUP attivo in BDAP",CDP-I,,Attivo,concluso,"Opere ultimate, cdp2017 p. 180",,Potenziamento Impianto Intermodale Brindisi,CdP_2017-2021_Investimenti.pdf p. 180
J71H02000140001,Concorda,CDP-I,,Chiuso,concluso,"Opere ultimate, agg2025 p. 139",,Sviluppo infrastrutturale e upgrading,CdP_2022-2026_Investimenti_Agg_ 2025.pdf p. 139
J71H89000000008,"Opera ultimata, CUP attivo in BDAP",CDP-I,,Attivo,concluso,"Opere ultimate, cdp2017 p. 179",,SCC Nodo di Genova,CdP_2017-2021_Investimenti.pdf p. 179
J71H92000000007,Concorda,CDP-I,,Attivo,in corso,"Tabella A/B, agg2025 p. 60",0142A|0142B,"Raddoppio Pescara-Bari 1^ fase Completamento raddoppio Ortona-Casalbordino, Vasto-Vasto S.Salvo e Lesina-San Severo (opere già in esercizio) e Raddoppio tratta a nord della stazione di Ortona PRG e ACC Foggia",CdP_2017-2021_Investimenti.pdf p. 64 | CdP_2017-2021_Investimenti.pdf p. 156 | CdP_2017-2021_Investimenti_Agg2020-2021.pdf p. 47 | CdP_2017-2021_Investimenti_Agg2020-2021.pdf p. 108 | CdP_2022-2026_Investimenti.pdf p. 62 | CdP_2022-2026_Investimenti.pdf p. 122
J71H92000010008,"Opera ultimata, CUP attivo in BDAP",CDP-I,,Attivo,concluso,"Opere ultimate, agg2025 p. 139",,Sviluppo infrastrutturale e upgrading,CdP_2017-2021_Investimenti.pdf p. 180 | CdP_2017-2021_Investimenti_Agg2020-2021.pdf p. 128 | CdP_2022-2026_Investimenti_Agg2023.pdf p. 38 | CdP_2022-2026_Investimenti_Agg_ 2025.pdf p. 139
J71H92000020008,Concorda,CDP-I,,Attivo,in corso,"Tabella A/B, agg2025 p. 59",0077,Raddoppio Genova-Ventimiglia 1^ fase Raddoppio Andora - S.Lorenzo e completamento raddoppio S.Lorenzo - Ospedaletti,CdP_2017-2021_Investimenti.pdf p. 61 | CdP_2017-2021_Investimenti.pdf p. 147 | CdP_2017-2021_Investimenti_Agg2020-2021.pdf p. 45 | CdP_2017-2021_Investimenti_Agg2020-2021.pdf p. 102 | CdP_2022-2026_Investimenti.pdf p. 60 | CdP_2022-2026_Investimenti.pdf p. 116
J71H92000020011,Concorda,CDP-I,,Attivo,in corso,"Tabella A/B, agg2025 p. 70",0286B|0286A,Quadruplicamento Tortona-Voghera Quadruplicamento Tortona-Voghera PROG ITER,CdP_2017-2021_Investimenti.pdf p. 61 | CdP_2017-2021_Investimenti.pdf p. 92 | CdP_2017-2021_Investimenti.pdf p. 146 | CdP_2017-2021_Investimenti_Agg2020-2021.pdf p. 55 | CdP_2017-2021_Investimenti_Agg2020-2021.pdf p. 101 | CdP_2022-2026_Investimenti.pdf p. 71
J71H92000030008,Concorda,CDP-I,,Attivo,in corso,"Tabella A/B, agg2025 p. 59",0100,"Raddoppio Bari-Taranto Raddoppio Bari S.Andrea - Bitetto e Castellaneta-Palagianello e interventi di completamento tratte già raddoppiate, bretella di collegamento Bari-Taranto-Metaponto",CdP_2017-2021_Investimenti.pdf p. 64 | CdP_2017-2021_Investimenti.pdf p. 157 | CdP_2017-2021_Investimenti_Agg2020-2021.pdf p. 47 | CdP_2017-2021_Investimenti_Agg2020-2021.pdf p. 109 | CdP_2022-2026_Investimenti.pdf p. 63 | CdP_2022-2026_Investimenti.pdf p. 123
J71H92000040008,"Opera ultimata, CUP attivo in BDAP",CDP-I,,Attivo,concluso,"Opere ultimate, agg2025 p. 139",,Sviluppo infrastrutturale e upgrading,CdP_2017-2021_Investimenti.pdf p. 180 | CdP_2022-2026_Investimenti_Agg2023.pdf p. 38 | CdP_2022-2026_Investimenti_Agg_ 2025.pdf p. 139
J71H98000000001,Concorda,CDP-I,,Attivo,in corso,"Tabella A/B, agg2025 p. 54",0149,"Sistemazione nodo di Bari Raddoppio Bari Parco Sud - Bari Torre a Mare e variante ingresso linea merci Bari-Taranto, Variante ingresso linea viaggiatori Bari- Taranto, modifica radice lato Nord Bari C.le e ACC Bari Parco Nord, Binari di stazionamento della stazione di Bari C.le",CdP_2017-2021_Investimenti.pdf p. 54 | CdP_2017-2021_Investimenti.pdf p. 134 | CdP_2017-2021_Investimenti_Agg2020-2021.pdf p. 38 | CdP_2017-2021_Investimenti_Agg2020-2021.pdf p. 89 | CdP_2022-2026_Investimenti.pdf p. 54 | CdP_2022-2026_Investimenti.pdf p. 105
J71H99000000001,"Opera ultimata, assente dal file",,,,concluso,"Opere ultimate, agg2025 p. 139",,Sviluppo infrastrutturale e upgrading,CdP_2017-2021_Investimenti_Agg2020-2021.pdf p. 128 | CdP_2022-2026_Investimenti_Agg_ 2025.pdf p. 139
J71J04000000008,Concorda,CDP-I,,Attivo,in corso,"Tabella A/B, agg2025 p. 78",0289,Completamento raddoppio Genova-Ventimiglia: tratta Andora-Finale Ligure Raddoppio Andora-Finale Ligure PROG ITER,CdP_2017-2021_Investimenti.pdf p. 82 | CdP_2017-2021_Investimenti.pdf p. 147 | CdP_2017-2021_Investimenti_Agg2020-2021.pdf p. 55 | CdP_2017-2021_Investimenti_Agg2020-2021.pdf p. 102 | CdP_2022-2026_Investimenti.pdf p. 72 | CdP_2022-2026_Investimenti.pdf p. 116
J71J20000110008,Concorda,CDP-I,,Attivo,in corso,"Tabella A/B, agg2025 p. 71",I107A,AV-AC Salerno - Reggio Calabria AV Salerno-Reggio Calabria: Lotto 1a Battipaglia - Romagnano e progettazione di fattibilità tecnico-economica intero itinerario AV Salerno-Reggio Calabria: Lotti 1b+1c Romagnano - Praia ITER AV Salerno-Reggio Calabria: Raddoppio Galleria Santomarco AV Salerno-Reggio Calabria: Lotto 2 Praia-Paola,CdP_2017-2021_Investimenti_Agg2020-2021.pdf p. 43 | CdP_2017-2021_Investimenti_Agg2020-2021.pdf p. 116 | CdP_2022-2026_Investimenti.pdf p. 65 | CdP_2022-2026_Investimenti.pdf p. 129 | CdP_2022-2026_Investimenti_Agg2024.pdf p. 60 | CdP_2022-2026_Investimenti_Agg2024.pdf p. 104
J74B01000200001,"Opera ultimata, CUP attivo in BDAP",CDP-I,,Attivo,concluso,"Opere ultimate, agg2025 p. 140",,Impianti industriali e terminali viaggiatori e merci,CdP_2022-2026_Investimenti_Agg_ 2025.pdf p. 140
J74C14000020002,"Opera ultimata, CUP attivo in BDAP",CDP-I,,Attivo,concluso,"Opere ultimate, cdp2022 p. 138",,Nuovo ACEI Fiumetorto,CdP_2022-2026_Investimenti.pdf p. 138
J74C19000030001,Concorda,CDP-I,,Attivo,in corso,"Tabella A/B, agg2025 p. 69",I008,Porto di Trieste Potenziamento stazione Trieste Campo Marzio Potenziamento impianti a servizio del porto di Trieste,CdP_2017-2021_Investimenti_Agg2020-2021.pdf p. 39 | CdP_2017-2021_Investimenti_Agg2020-2021.pdf p. 94 | CdP_2022-2026_Investimenti.pdf p. 56 | CdP_2022-2026_Investimenti.pdf p. 108 | CdP_2022-2026_Investimenti_Agg2024.pdf p. 57 | CdP_2022-2026_Investimenti_Agg2024.pdf p. 89
J74C20001660001,Concorda,CDP-I,,Attivo,in corso,"Tabella A/B, agg2025 p. 55",P235,Chiusura anello di Palermo tratta Politeama - Notarbartolo Anello di Palermo 2° stralcio: tratta Politeama-Notarbartolo,CdP_2017-2021_Investimenti_Agg2020-2021.pdf p. 37 | CdP_2017-2021_Investimenti_Agg2020-2021.pdf p. 92 | CdP_2022-2026_Investimenti.pdf p. 55 | CdP_2022-2026_Investimenti.pdf p. 107 | CdP_2022-2026_Investimenti_Agg2024.pdf p. 46 | CdP_2022-2026_Investimenti_Agg2024.pdf p. 88
J74E21000910001,Concorda,CDP-I,,Attivo,in corso,"Appendice 2, app2-agg2025 p. 3",A1004F,Adeguamento a STI opere civili - DOIT Cagliari,appendice_2_lista_cup.pdf p. 3 | appendice_3_schede_intervento.pdf p. 12
J74E21000940009,Concorda,CDP-I,,Attivo,in corso,"Tabella A/B, agg2025 p. 66",P248,Raddoppio Decimomannu-Villamassargia,CdP_2022-2026_Investimenti.pdf p. 52 | CdP_2022-2026_Investimenti.pdf p. 99 | CdP_2022-2026_Investimenti_Agg2024.pdf p. 55 | CdP_2022-2026_Investimenti_Agg2024.pdf p. 81 | CdP_2022-2026_Investimenti_Agg_ 2025.pdf p. 66 | CdP_2022-2026_Investimenti_Agg_ 2025.pdf p. 96
J74E21001450001,Concorda,CDP-I,,Attivo,in corso,"Appendice 2, app2-agg2025 p. 8",A2011,Programma nazionale ERMTS-Linee Firenze,CdP_Servizi_2022-2026_AI2_Agg2024.pdf p. 57 | appendice_2_lista_cup.pdf p. 8 | appendice_3_schede_intervento.pdf p. 62 | appendice_9_elenco_opere_pnrr_e_pnc.pdf p. 2 | relazione_informativa_agg_2025_v04_clean.pdf p. 13
J74E21001680008,Concorda,CDP-I,,Attivo,in corso,"Appendice 2, app2-agg2025 p. 10",P201,Elettrificazione del bacino del Sulcis,appendice_2_lista_cup.pdf p. 10 | appendice_3_schede_intervento.pdf p. 155
J74E21001690008,Concorda,CDP-I,,Attivo,in corso,"Tabella A/B, agg2025 p. 53",P254B|P254,Velocizzazione Villamassargia-Carbonia Velocizzazione Villamassargia-Carbonia,CdP_2022-2026_Investimenti.pdf p. 67 | CdP_2022-2026_Investimenti.pdf p. 132 | CdP_2022-2026_Investimenti_Agg2024.pdf p. 44 | CdP_2022-2026_Investimenti_Agg2024.pdf p. 81 | CdP_2022-2026_Investimenti_Agg_ 2025.pdf p. 53 | CdP_2022-2026_Investimenti_Agg_ 2025.pdf p. 96
J74E21001700008,Concorda,CDP-I,,Attivo,in corso,"Appendice 2, app2-agg2025 p. 12",NA026,Elettrificazione Oristano - Macomer,appendice_2_lista_cup.pdf p. 12 | appendice_3_schede_intervento.pdf p. 481
J74E21001710008,Concorda,CDP-I,,Attivo,in corso,"Appendice 2, app2-agg2025 p. 12",NA026,PRG Golfo Aranci,appendice_2_lista_cup.pdf p. 12 | appendice_3_schede_intervento.pdf p. 481
J74E21001720008,Concorda,CDP-I,,Attivo,in corso,"Appendice 2, app2-agg2025 p. 12",NA026,PRG Chilivani,appendice_2_lista_cup.pdf p. 12 | appendice_3_schede_intervento.pdf p. 481
J74E21001890001,Concorda,CDP-I,,Attivo,in corso,"Appendice 2, app2-agg2025 p. 11",P201,DOIT CA – upgrading linee viaggiatori,appendice_2_lista_cup.pdf p. 11 | appendice_3_schede_intervento.pdf p. 155
J74E21001910001,Concorda,CDP-I,,Attivo,in corso,"Appendice 2, app2-agg2025 p. 11",P076,Nuovo PRG della stazione di Empoli,appendice_2_lista_cup.pdf p. 11 | appendice_3_schede_intervento.pdf p. 208
J74F13000000001,Concorda,CDP-I,,Attivo,in corso,"Appendice 2, app2-agg2025 p. 13",P221,Potenziamento tecnologico linea Chiasso-Monza,appendice_2_lista_cup.pdf p. 13 | appendice_3_schede_intervento.pdf p. 325
J74G18000150009,Concorda,CDP-I,,Attivo,in corso,"Tabella A/B, agg2025 p. 72",P215,Adeguamento linea storica Torino-Modane tratta Bussoleno-Avigliana Adeguamento linea Torino-Modane 1^ fase - potenziamento tecnologico e 2^ adeguamento prestazionale,CdP_2017-2021_Investimenti_Agg2020-2021.pdf p. 54 | CdP_2017-2021_Investimenti_Agg2020-2021.pdf p. 99 | CdP_2022-2026_Investimenti.pdf p. 71 | CdP_2022-2026_Investimenti.pdf p. 113 | CdP_2022-2026_Investimenti_Agg2024.pdf p. 58 | CdP_2022-2026_Investimenti_Agg2024.pdf p. 93
J74H16000230001,Concorda,CDP-I,,Attivo,in corso,"Tabella A/B, agg2025 p. 69",I008,Porto di Trieste Potenziamento stazione Trieste Campo Marzio Potenziamento impianti a servizio del porto di Trieste,CdP_2017-2021_Investimenti.pdf p. 57 | CdP_2017-2021_Investimenti.pdf p. 139 | CdP_2017-2021_Investimenti_Agg2020-2021.pdf p. 39 | CdP_2017-2021_Investimenti_Agg2020-2021.pdf p. 94 | CdP_2022-2026_Investimenti.pdf p. 56 | CdP_2022-2026_Investimenti.pdf p. 108
J74H16000590001,Concorda,CDP-I,,Attivo,in corso,"Tabella A/B, agg2025 p. 62",P083,Upgrading infrastrutturale e tecnologico rete sarda 2^ fase Rete sarda: Potenziamento e interventi diffusi per la messa in,CdP_2017-2021_Investimenti.pdf p. 71 | CdP_2017-2021_Investimenti.pdf p. 167 | CdP_2017-2021_Investimenti_Agg2020-2021.pdf p. 45 | CdP_2017-2021_Investimenti_Agg2020-2021.pdf p. 118 | CdP_2022-2026_Investimenti.pdf p. 67 | CdP_2022-2026_Investimenti.pdf p. 131
J74H17000140001,Concorda,CDP-I,,Attivo,in corso,"Appendice 2, app2-agg2025 p. 11",P080,Potenziamento tecnologico nodo Torino e linee afferenti,CdP_Servizi_2022-2026_AI2_Agg2024.pdf p. 58 | appendice_2_lista_cup.pdf p. 11 | appendice_3_schede_intervento.pdf p. 181 | appendice_9_elenco_opere_pnrr_e_pnc.pdf p. 2 | relazione_informativa_agg_2025_v04_clean.pdf p. 13
J74H17000180001,Concorda,CDP-I,,Attivo,in corso,"Appendice 2, app2-agg2025 p. 11",P075,Nuovo impianto di manutenzione rotabili di Venezia Mestre,appendice_2_lista_cup.pdf p. 11 | appendice_3_schede_intervento.pdf p. 198
J74H17000420001,Concorda,CDP-I,,Attivo,in corso,"Tabella A/B, agg2025 p. 69",P142,"Porto di Ravenna Porto di Ravenna 1^ fase: Soppressione P.L. via Canale Molinetto, ITER adeguamento cavalcavia Teodorico, prolungamento del sottopassaggio pedonale di stazione e adeguamento collegamento esistente dorsale sinistra Candiano Porto di Ravenna 2^ fase: Potenziamento collegamenti esistenti ITER dorsali sinistra e destra Candiano",CdP_2017-2021_Investimenti_Agg2020-2021.pdf p. 39 | CdP_2017-2021_Investimenti_Agg2020-2021.pdf p. 94 | CdP_2022-2026_Investimenti.pdf p. 56 | CdP_2022-2026_Investimenti.pdf p. 108 | CdP_2022-2026_Investimenti_Agg2024.pdf p. 57 | CdP_2022-2026_Investimenti_Agg2024.pdf p. 89
J74H17000590001,Concorda,CDP-I,,Attivo,in corso,"Tabella A/B, agg2025 p. 55",P217,Potenziamento linea veloce collegamento Porta Nuova - Porta Susa Potenziamento linea veloce collegamento Porta Nuova -Porta Susa,CdP_2017-2021_Investimenti_Agg2020-2021.pdf p. 36 | CdP_2017-2021_Investimenti_Agg2020-2021.pdf p. 84 | CdP_2022-2026_Investimenti.pdf p. 53 | CdP_2022-2026_Investimenti.pdf p. 100 | CdP_2022-2026_Investimenti_Agg2024.pdf p. 45 | CdP_2022-2026_Investimenti_Agg2024.pdf p. 83
J74H17000600001,Concorda,CDP-I,,Attivo,in corso,"Appendice 2, app2-agg2025 p. 14",P223,Upgrading prestazionale corridoio Scandinavia-Mediterraneo area adriatica,appendice_2_lista_cup.pdf p. 14 | appendice_3_schede_intervento.pdf p. 365
J74H20000990001,Concorda,CDP-I,,Attivo,in corso,"Appendice 2, app2-agg2025 p. 14",P223,Interventi per lo sviluppo del traffico merci - DOIT Ancona,appendice_2_lista_cup.pdf p. 14 | appendice_3_schede_intervento.pdf p. 365
J74J17000000001,"Opera ultimata, CUP attivo in BDAP",CDP-I,,Attivo,concluso,"Opere ultimate, cdp2022 p. 138",,Attrezzaggio tecnologico linea Palermo-Agrigento,CdP_2022-2026_Investimenti.pdf p. 138
J74J17000010001,Concorda,CDP-I,,Attivo,in corso,"Tabella A/B, agg2025 p. 55",P216,Completamento fermate SFM Torino Fermata S.Paolo Fermata Borgata Quaglia - Le Gru Fermata S.Luigi Orbassano Fermate Dora e Zappata Fermata Ferriera - Buttigliera,CdP_2017-2021_Investimenti_Agg2020-2021.pdf p. 36 | CdP_2017-2021_Investimenti_Agg2020-2021.pdf p. 84 | CdP_2022-2026_Investimenti.pdf p. 53 | CdP_2022-2026_Investimenti.pdf p. 100 | CdP_2022-2026_Investimenti_Agg2024.pdf p. 45 | CdP_2022-2026_Investimenti_Agg2024.pdf p. 83
J74J17000020001,Concorda,CDP-I,,Attivo,in corso,"Tabella A/B, agg2025 p. 55",P216,Completamento fermate SFM Torino Fermata S.Paolo Fermata Borgata Quaglia - Le Gru Fermata S.Luigi Orbassano Fermate Dora e Zappata Fermata Ferriera - Buttigliera,CdP_2017-2021_Investimenti_Agg2020-2021.pdf p. 36 | CdP_2017-2021_Investimenti_Agg2020-2021.pdf p. 84 | CdP_2022-2026_Investimenti.pdf p. 53 | CdP_2022-2026_Investimenti.pdf p. 100 | CdP_2022-2026_Investimenti_Agg2024.pdf p. 45 | CdP_2022-2026_Investimenti_Agg2024.pdf p. 83
J74J18000000001,Concorda,CDP-I,,Attivo,in corso,"Tabella A/B, agg2025 p. 56",P175,Scalo Torino Orbassano ACC Torino Orbassano Scalo Torino Orbassano: interventi in fascio container,CdP_2017-2021_Investimenti_Agg2020-2021.pdf p. 39 | CdP_2017-2021_Investimenti_Agg2020-2021.pdf p. 95 | CdP_2022-2026_Investimenti.pdf p. 56 | CdP_2022-2026_Investimenti.pdf p. 108 | CdP_2022-2026_Investimenti_Agg2024.pdf p. 47 | CdP_2022-2026_Investimenti_Agg2024.pdf p. 89
J74J22000170001,Concorda,CDP-I,,Attivo,in corso,"Tabella A/B, agg2025 p. 64",P254A,Elettrificazione Cagliari-Oristano Elettrificazione Cagliari-Oristano,CdP_2022-2026_Investimenti_Agg2024.pdf p. 53 | CdP_2022-2026_Investimenti_Agg2024.pdf p. 106 | CdP_2022-2026_Investimenti_Agg_ 2025.pdf p. 64 | CdP_2022-2026_Investimenti_Agg_ 2025.pdf p. 123 | appendice_3_schede_intervento.pdf p. 479 | appendice_7_distribuzione_territoriale.pdf p. 39
J74J22000540001,Concorda,CDP-I,,Attivo,in corso,"Appendice 2, app2-agg2025 p. 10",P199,PRG di Peschiera del Garda,appendice_2_lista_cup.pdf p. 10 | appendice_3_schede_intervento.pdf p. 111
J74J23000650001,Concorda,CDP-I,,Attivo,in corso,"Appendice 2, app2-agg2025 p. 11",P201,Upgrade prestazionale rete Sarda,appendice_2_lista_cup.pdf p. 11 | appendice_3_schede_intervento.pdf p. 155
J74J23000740001,Concorda,CDP-I,,Attivo,in corso,"Tabella A/B, agg2025 p. 58 | Appendice 2, app2-agg2025 p. 11",P249|P201,Collegamento ferroviario aeroporto di Olbia Collegamento ferroviario aeroporto di Olbia,CdP_2022-2026_Investimenti_Agg2024.pdf p. 48 | CdP_2022-2026_Investimenti_Agg2024.pdf p. 91 | CdP_2022-2026_Investimenti_Agg_ 2025.pdf p. 58 | CdP_2022-2026_Investimenti_Agg_ 2025.pdf p. 107 | appendice_2_lista_cup.pdf p. 11 | appendice_3_schede_intervento.pdf p. 154
J74J24000060001,Concorda,CDP-I,,Attivo,in corso,"Appendice 2, app2-agg2025 p. 11",P075,Nuovo PRG stazione Venezia S. Lucia,appendice_2_lista_cup.pdf p. 11 | appendice_3_schede_intervento.pdf p. 198
J77B14000240001,"Opera ultimata, CUP attivo in BDAP",CDP-I,,Attivo,concluso,"Opere ultimate, agg2025 p. 142",,"Tecnologie per la sicurezza, la circolazione e l'efficientamento",CdP_2022-2026_Investimenti_Agg_ 2025.pdf p. 142
J77B14000350001,Concorda,CDP-S,,Attivo,servizi,"Servizi, Allegato 4c, srv2026 p. 17",,Manutenzione Straordinaria Linee Cagliari - 2015,CdP_Servizi_2022-2026_AI2_Agg2024.pdf p. 19 | CdP_Servizi_2022-2026_AI4_Agg2026.pdf p. 17
J77B14000360001,"Servizi, non verificabile",CDP-S,,Attivo,,,,,
J77B14000370001,"Servizi, non verificabile",CDP-S,,Attivo,,,,,
J77B14000380001,"Servizi, non verificabile",CDP-S,,Attivo,,,,,
J77B14000480001,"Opera ultimata, CUP attivo in BDAP",CDP-I,,Attivo,concluso,"Opere ultimate, agg2025 p. 134",,Manutenzione Straordinaria cicli fino al 2011,CdP_2022-2026_Investimenti_Agg_ 2025.pdf p. 134
J77B16000020001,"Servizi, non verificabile",CDP-S,,Attivo,,,,,
J77B16000030001,"Servizi, non verificabile",CDP-S,,Attivo,,,,,
J77B16000040001,"Servizi, non verificabile",CDP-S,,Attivo,,,,,
J77B16000050001,"Servizi, non verificabile",CDP-S,,Attivo,,,,,
J77B16000060001,"Servizi, non verificabile",CDP-S,,Attivo,,,,,
J77B16000090001,"Opera ultimata, CUP attivo in BDAP",CDP-I,,Attivo,concluso,"Opere ultimate, agg2025 p. 142",,"Tecnologie per la sicurezza, la circolazione e l'efficientamento",CdP_2022-2026_Investimenti_Agg_ 2025.pdf p. 142
J77B16000290001,Concorda,CDP-I,,Attivo,in corso,"Tabella A/B, agg2025 p. 62",P083,Upgrading infrastrutturale e tecnologico rete sarda 2^ fase Rete sarda: Potenziamento e interventi diffusi per la messa in,CdP_2017-2021_Investimenti.pdf p. 71 | CdP_2017-2021_Investimenti.pdf p. 168 | CdP_2017-2021_Investimenti_Agg2020-2021.pdf p. 45 | CdP_2017-2021_Investimenti_Agg2020-2021.pdf p. 118 | CdP_2022-2026_Investimenti.pdf p. 67 | CdP_2022-2026_Investimenti.pdf p. 131
J77B16000300001,"Opera ultimata, CUP attivo in BDAP",CDP-I,,Attivo,concluso,"Opere ultimate, agg2025 p. 137",,Sicurezza ed Obblighi di Legge,CdP_2022-2026_Investimenti_Agg_ 2025.pdf p. 137
J77B17000000001,"Servizi, non verificabile",CDP-S,,Attivo,,,,,
J77B17000010001,"Servizi, non verificabile",CDP-S,,Attivo,,,,,
J77B17000020001,"Servizi, non verificabile",CDP-S,,Attivo,,,,,
J77B17000030001,"Servizi, non verificabile",CDP-S,,Attivo,,,,,
J77B17000040001,"Servizi, non verificabile",CDP-S,,Attivo,,,,,
J77B17000050001,"Opera ultimata, CUP attivo in BDAP",CDP-I,,Attivo,concluso,"Opere ultimate, agg2025 p. 143",,"Tecnologie per la sicurezza, la circolazione e l'efficientamento",CdP_2022-2026_Investimenti_Agg_ 2025.pdf p. 143
J77B17000060001,"Opera ultimata, CUP attivo in BDAP",CDP-I,,Attivo,concluso,"Opere ultimate, agg2025 p. 137",,Sicurezza ed Obblighi di Legge,CdP_2022-2026_Investimenti_Agg_ 2025.pdf p. 137
J77B20000180001,"Servizi, non verificabile",CDP-S,,Attivo,,,,,
J77B20000680001,"Servizi, non verificabile",CDP-S,,Attivo,,,,,
J77B20000690001,"Servizi, non verificabile",CDP-S,,Attivo,,,,,
J77B20000870002,Concorda,CDP-I,,Attivo,in corso,"Appendice 2, app2-agg2025 p. 10",P199,Riattivazione fermata di Calliano,appendice_2_lista_cup.pdf p. 10 | appendice_3_schede_intervento.pdf p. 110 | appendice_6_agg_relazione_interventi_dl_43_2013.pdf p. 4
J77D17000020001,"Servizi, non verificabile",CDP-S,,Attivo,,,,,
J77D17000030001,"Servizi, non verificabile",CDP-S,,Attivo,,,,,
J77D17000040001,"Servizi, non verificabile",CDP-S,,Attivo,,,,,
J77D17000050001,"Servizi, non verificabile",CDP-S,,Attivo,,,,,
J77D17000060001,"Servizi, non verificabile",CDP-S,,Attivo,,,,,
J77D18000000001,"Opera ultimata, CUP attivo in BDAP",CDP-I,,Attivo,concluso,"Opere ultimate, agg2025 p. 137",,Sicurezza ed Obblighi di Legge,CdP_2022-2026_Investimenti_Agg_ 2025.pdf p. 137
J77D22000000001,Concorda,CDP-I,,Attivo,in corso,"Appendice 2, app2-agg2025 p. 4",A1013A,Piano difesa della sede da fenomeni di dissesto idrogeologico - DOIT Cagliari - 2022,appendice_2_lista_cup.pdf p. 4 | appendice_3_schede_intervento.pdf p. 17 | relazione_informativa_agg_2025_v04_clean.pdf p. 13
J77D22000060001,"Servizi, non verificabile",CDP-S,,Attivo,,,,,
J77D22000070001,"Servizi, non verificabile",CDP-S,,Attivo,,,,,
J77D22000080001,"Servizi, non verificabile",CDP-S,,Attivo,,,,,
J77D22000090001,Concorda,CDP-I,,Attivo,in corso,"Appendice 2, app2-agg2025 p. 7",A2004A,Tecnologie per la sicurezza settore IS - DOIT Cagliari,appendice_2_lista_cup.pdf p. 7 | appendice_3_schede_intervento.pdf p. 36
J77D23000020001,Concorda,CDP-I,,Attivo,in corso,"Appendice 2, app2-agg2025 p. 4",A1013A,Piano difesa della sede da fenomeni di dissesto idrogeologico - DOIT Cagliari - 2023,appendice_2_lista_cup.pdf p. 4 | appendice_3_schede_intervento.pdf p. 16 | relazione_informativa_agg_2025_v04_clean.pdf p. 13 | relazione_informativa_agg_2025_v04_clean.pdf p. 16
J77D23000080001,"Servizi, non verificabile",CDP-S,,Attivo,,,,,
J77D23000090001,"Servizi, non verificabile",CDP-S,,Attivo,,,,,
J77D23000100001,"Servizi, non verificabile",CDP-S,,Attivo,,,,,
J77D23000140001,"Servizi, non verificabile",CDP-S,,Attivo,,,,,
J77D23000150001,"Servizi, non verificabile",CDP-S,,Attivo,,,,,
J77D23000160001,"Servizi, non verificabile",CDP-S,,Attivo,,,,,
J77D25000000001,Concorda,CDP-I,,Attivo,in corso,"Appendice 2, app2-agg2025 p. 5",A1013A,NA - Mitigazione rischio idreogeologico,appendice_2_lista_cup.pdf p. 5 | appendice_3_schede_intervento.pdf p. 17
J77D25000060001,"Servizi, non verificabile",,CDP-S,Attivo,,,,,
J77D25000070001,"Servizi, non verificabile",,CDP-S,Attivo,,,,,
J77D25000080001,"Servizi, non verificabile",,CDP-S,Attivo,,,,,
J77D25000090001,"Servizi, non verificabile",,CDP-S,Attivo,,,,,
J77E13000070001,"Servizi, non verificabile",CDP-S,,Attivo,,,,,
J77F14000000001,"Servizi, non verificabile",CDP-S,,Attivo,,,,,
J77F14000010001,"Servizi, non verificabile",CDP-S,,Attivo,,,,,
J77F14000020001,"Servizi, non verificabile",CDP-S,,Attivo,,,,,
J77F19000070001,Concorda,CDP-I,,Attivo,in corso,"Appendice 2, app2-agg2025 p. 5",A1014,Piano conservazione opere d'arte DOIT Cagliari- 2019,appendice_2_lista_cup.pdf p. 5 | appendice_3_schede_intervento.pdf p. 23
J77F19000140001,"Servizi, non verificabile",CDP-S,,Attivo,,,,,
J77F19000150001,"Servizi, non verificabile",CDP-S,,Attivo,,,,,
J77F19000160001,"Servizi, non verificabile",CDP-S,,Attivo,,,,,
J77F20000020001,"Opera ultimata, CUP attivo in BDAP",CDP-I,,Attivo,concluso,"Opere ultimate, agg2025 p. 137",,Sicurezza ed Obblighi di Legge,CdP_2022-2026_Investimenti_Agg_ 2025.pdf p. 137
J77F20000050001,"In corso nel contratto, assente dal file",,,,in corso,"Appendice 2, app2-agg2025 p. 2",A1004A,Miglioramento sicurezza gallerie ferroviarie - DOIT Cagliari - 2020,appendice_2_lista_cup.pdf p. 2
J77F20000060001,Concorda,CDP-I,,Attivo,in corso,"Appendice 2, app2-agg2025 p. 4",A1013A,Piano difesa della sede da fenomeni di dissesto idrogeologico - DOIT Cagliari - 2020,appendice_2_lista_cup.pdf p. 4 | appendice_3_schede_intervento.pdf p. 18
J77F20000070001,"Opera ultimata, CUP attivo in BDAP",CDP-I,,Attivo,concluso,"Opere ultimate, agg2025 p. 137",,Sicurezza ed Obblighi di Legge,CdP_2022-2026_Investimenti_Agg_ 2025.pdf p. 137
J77G05000010001,"Opera ultimata, CUP attivo in BDAP",CDP-I,,Attivo,concluso,"Opere ultimate, agg2024 p. 113",,Upgrading rete merci - DOIT Bologna fase 0,CdP_2022-2026_Investimenti_Agg2024.pdf p. 113
J77G05000010011,Concorda,CDP-I,,Chiuso,concluso,"Opere ultimate, agg2025 p. 139",,Sviluppo infrastrutturale e upgrading,CdP_2022-2026_Investimenti_Agg_ 2025.pdf p. 139
J77H21001020001,"Opera ultimata, CUP attivo in BDAP",CDP-I,,Attivo,concluso,"Opere ultimate, agg2025 p. 137",,Sicurezza ed Obblighi di Legge,CdP_2022-2026_Investimenti_Agg_ 2025.pdf p. 137
J77H21001030001,Concorda,CDP-I,,Attivo,in corso,"Appendice 2, app2-agg2025 p. 4",A1013A,Piano difesa della sede da fenomeni di dissesto idrogeologico - DOIT Cagliari - 2021,appendice_2_lista_cup.pdf p. 4 | appendice_3_schede_intervento.pdf p. 18
J77H21001040001,Concorda,CDP-I,,Attivo,in corso,"Appendice 2, app2-agg2025 p. 5",A1014,Piano conservazione opere d'arte DOIT Cagliari- 2021,appendice_2_lista_cup.pdf p. 5 | appendice_3_schede_intervento.pdf p. 23
J77H21008540001,"Servizi, non verificabile",CDP-S,,Attivo,,,,,
J77H22000000001,Concorda,CDP-S,,Attivo,servizi,"Servizi, Allegato 4c, srv2026 p. 17",,CdP-S Infrastruttura Fisica DOIT Cagliari - anno 2022,CdP_Servizi_2022-2026_AI4_Agg2026.pdf p. 17
J77H22000010001,"Servizi, non verificabile",CDP-S,,Attivo,,,,,
J77I04000000009,Concorda,CDP-I,,Attivo,in corso,"Tabella A/B, agg2025 p. 82",0281,Itinerario Napoli-Bari: raddoppio tratta Apice-Orsara,CdP_2017-2021_Investimenti.pdf p. 110 | CdP_2017-2021_Investimenti.pdf p. 173 | CdP_2017-2021_Investimenti_Agg2020-2021.pdf p. 67 | CdP_2017-2021_Investimenti_Agg2020-2021.pdf p. 123 | CdP_2022-2026_Investimenti.pdf p. 83 | CdP_2022-2026_Investimenti.pdf p. 135
J77I06000100001,"Investimenti, non nei documenti",CDP-I,,Attivo,,,,,
J77I07000000001,"Opera ultimata, CUP attivo in BDAP",CDP-I,,Attivo,concluso,"Opere ultimate, agg2025 p. 143",,"Tecnologie per la sicurezza, la circolazione e l'efficientamento",CdP_2022-2026_Investimenti.pdf p. 138 | CdP_2022-2026_Investimenti_Agg_ 2025.pdf p. 143
J77I07000020001,"Opera ultimata, CUP attivo in BDAP",CDP-I,,Attivo,concluso,"Opere ultimate, cdp2022 p. 139",,SCC Bari-Taranto,CdP_2017-2021_Investimenti.pdf p. 43 | CdP_2017-2021_Investimenti.pdf p. 162 | CdP_2022-2026_Investimenti.pdf p. 139
J77I07000030001,Concorda,CDP-I,,Attivo,in corso,"Appendice 2, app2-agg2025 p. 11",P201,SCC Nodo di Palermo,appendice_2_lista_cup.pdf p. 11 | appendice_3_schede_intervento.pdf p. 155
J77I09000010002,"In corso nel contratto, assente dal file",,,,in corso,"Appendice 2, app2-agg2025 p. 12",NA026,Raddoppio Torino-Pinerolo (progettazione),appendice_2_lista_cup.pdf p. 12 | appendice_3_schede_intervento.pdf p. 481
J77I09000090001,"Opera ultimata, assente dal file",,,,concluso,"Opere ultimate, cdp2017 p. 178",,Manutenzione Mezzi di Manovra,CdP_2017-2021_Investimenti.pdf p. 178
J77I10000270001,"Opera ultimata, CUP attivo in BDAP",CDP-I,,Attivo,concluso,"Opere ultimate, agg2025 p. 137",,Sicurezza ed Obblighi di Legge,CdP_2017-2021_Investimenti.pdf p. 178 | CdP_2022-2026_Investimenti_Agg_ 2025.pdf p. 137
J77I10000290001,Concorda,CDP-I,,Attivo,in corso,"Appendice 2, app2-agg2025 p. 11",P080,Nodo di Torino: adeguamento linea passante interno,appendice_2_lista_cup.pdf p. 11 | appendice_3_schede_intervento.pdf p. 181
J77I11000000009,Concorda,CDP-I,,Attivo,in corso,"Appendice 2, app2-agg2025 p. 11",P053,Potenziamento tecnologico del nodo di Roma,CdP_Servizi_2022-2026_AI2_Agg2024.pdf p. 58 | appendice_2_lista_cup.pdf p. 11 | appendice_3_schede_intervento.pdf p. 228 | appendice_9_elenco_opere_pnrr_e_pnc.pdf p. 2
J77I12000000001,Concorda,CDP-I,,Chiuso,concluso,"Opere ultimate, agg2025 p. 134",,Manutenzione Straordinaria cicli fino al 2011,CdP_2022-2026_Investimenti_Agg_ 2025.pdf p. 134
J77I12000010008,Concorda,CDP-I,,Attivo,in corso,"Tabella A/B, agg2025 p. 55",0359,Raddoppio Campoleone-Aprilia Raddoppio Campoleone-Aprilia,CdP_2017-2021_Investimenti.pdf p. 53 | CdP_2017-2021_Investimenti.pdf p. 132 | CdP_2017-2021_Investimenti_Agg2020-2021.pdf p. 37 | CdP_2017-2021_Investimenti_Agg2020-2021.pdf p. 87 | CdP_2022-2026_Investimenti.pdf p. 54 | CdP_2022-2026_Investimenti.pdf p. 103
J77I12000070001,Concorda,CDP-I,,Chiuso,concluso,"Opere ultimate, agg2025 p. 134",,Manutenzione Straordinaria cicli fino al 2011,CdP_2022-2026_Investimenti_Agg_ 2025.pdf p. 134
J77I12000080001,"Opera ultimata, CUP attivo in BDAP",CDP-I,,Attivo,concluso,"Opere ultimate, agg2025 p. 134",,Manutenzione Straordinaria cicli fino al 2011,CdP_2022-2026_Investimenti_Agg_ 2025.pdf p. 134
J77I12000090001,"Investimenti, non nei documenti",CDP-I,,Attivo,,,,,
J77I12000120001,"Opera ultimata, CUP attivo in BDAP",CDP-I,,Attivo,concluso,"Opere ultimate, cdp2017 p. 180",,Interventi upgrading rete viaggiatori TO,CdP_2017-2021_Investimenti.pdf p. 180
J77I13000010001,Concorda,CDP-I,,Chiuso,concluso,"Opere ultimate, agg2025 p. 134",,Manutenzione Straordinaria cicli fino al 2011,CdP_2022-2026_Investimenti_Agg_ 2025.pdf p. 134
J77I13000020001,"Servizi, non verificabile",CDP-S,,Attivo,,,,,
J77I13000030001,"Servizi, non verificabile",CDP-S,,Attivo,,,,,
J77I13000040001,"Servizi, non verificabile",CDP-S,,Attivo,,,,,
J77I13000050001,"Servizi, non verificabile",CDP-S,,Attivo,,,,,
J77I18000020001,"Opera ultimata, CUP attivo in BDAP",CDP-I,,Attivo,concluso,"Opere ultimate, agg2025 p. 143",,"Tecnologie per la sicurezza, la circolazione e l'efficientamento",CdP_2022-2026_Investimenti_Agg_ 2025.pdf p. 143
J77J18000350001,"Opera ultimata, CUP attivo in BDAP",CDP-I,,Attivo,concluso,"Opere ultimate, agg2025 p. 143",,"Tecnologie per la sicurezza, la circolazione e l'efficientamento",CdP_2022-2026_Investimenti.pdf p. 138 | CdP_2022-2026_Investimenti_Agg2023.pdf p. 37 | CdP_2022-2026_Investimenti_Agg_ 2025.pdf p. 143
J77J18000390001,"Servizi, non verificabile",CDP-S,,Attivo,,,,,
J77J18000400001,"Servizi, non verificabile",CDP-S,,Attivo,,,,,
J77J18000410001,"Servizi, non verificabile",CDP-S,,Attivo,,,,,
J77J18000420001,"Servizi, non verificabile",CDP-S,,Attivo,,,,,
J77J18000430001,"Servizi, non verificabile",CDP-S,,Attivo,,,,,
J77J19000010001,Concorda,CDP-I,,Attivo,in corso,"Appendice 2, app2-agg2025 p. 4",A1013A,Piano difesa della sede da fenomeni di dissesto idrogeologico - DOIT Cagliari - 2019,appendice_2_lista_cup.pdf p. 4 | appendice_3_schede_intervento.pdf p. 18
J77J19000020001,"Opera ultimata, CUP attivo in BDAP",CDP-I,,Attivo,concluso,"Opere ultimate, agg2025 p. 137",,Sicurezza ed Obblighi di Legge,CdP_2022-2026_Investimenti_Agg_ 2025.pdf p. 137
J79B08000170001,"Opera ultimata, assente dal file",,,,concluso,"Opere ultimate, agg2025 p. 139",,Sviluppo infrastrutturale e upgrading,CdP_2017-2021_Investimenti_Agg2020-2021.pdf p. 128 | CdP_2022-2026_Investimenti_Agg_ 2025.pdf p. 139
J79B12000020001,"Opera ultimata, CUP attivo in BDAP",CDP-I,,Attivo,concluso,"Opere ultimate, cdp2022 p. 139",,Completamento attrezzaggio Bari-Taranto,CdP_2017-2021_Investimenti.pdf p. 43 | CdP_2017-2021_Investimenti.pdf p. 162 | CdP_2022-2026_Investimenti.pdf p. 139
J79B12000030001,Concorda,CDP-I,,Attivo,in corso,"Tabella A/B, agg2025 p. 62",1670,Upgrading infrastrutturale e tecnologico rete sarda 1^ fase SCMT e istituzione rango P tratte a nord di Oristano e linee Decimomannu-Iglesias/Villamassargia; Opere connesse all'arretramento della stazione di Olbia,CdP_2017-2021_Investimenti.pdf p. 71 | CdP_2017-2021_Investimenti.pdf p. 167 | CdP_2017-2021_Investimenti_Agg2020-2021.pdf p. 44 | CdP_2017-2021_Investimenti_Agg2020-2021.pdf p. 118 | CdP_2022-2026_Investimenti.pdf p. 67 | CdP_2022-2026_Investimenti.pdf p. 131
J80D16000030005,"In corso nel contratto, assente dal file",,,,in corso,"Appendice 2, app2-agg2025 p. 6",A2001B,Acquisto materiale d'eser. Dir.Sanità - 2016,appendice_2_lista_cup.pdf p. 6 | appendice_3_schede_intervento.pdf p. 32 | appendice_3_schede_intervento.pdf p. 33 | appendice_3_schede_intervento.pdf p. 57 | appendice_4delta_costi.pdf p. 4 | appendice_4delta_costi.pdf p. 5
J80D17000050001,"Opera ultimata, assente dal file",,,,concluso,"Opere ultimate, agg2025 p. 134",,Manutenzione Straordinaria cicli fino al 2011,CdP_2017-2021_Investimenti_Agg2020-2021.pdf p. 127 | CdP_2022-2026_Investimenti_Agg_ 2025.pdf p. 134
J81B22003200005,Concorda,CDP-I,,Attivo,in corso,"Appendice 2, app2-agg2025 p. 11",P053,Sistemazioni superficiali Monte Mario-Monte Ciocci (Giubileo 2025),appendice_2_lista_cup.pdf p. 11 | relazione_informativa_agg_2025_v04_clean.pdf p. 12
J81C05000010001,"Opera ultimata, CUP attivo in BDAP",CDP-I,,Attivo,concluso,"Opere ultimate, agg2021 p. 128",,Interventi su SCC e IaP - Genova,CdP_2017-2021_Investimenti_Agg2020-2021.pdf p. 128
J81C06000020001,"Opera ultimata, assente dal file",,,,concluso,"Opere ultimate, agg2021 p. 128",,Opere propedeutiche per il collegamento dello scalo di Marzaglia con la linea Milano-Bologna,CdP_2017-2021_Investimenti_Agg2020-2021.pdf p. 128
J81C91000000008,"Opera ultimata, CUP attivo in BDAP",CDP-I,,Attivo,concluso,"Opere ultimate, agg2025 p. 143",,Rete AV/AC Torino-Milano-Napoli: opere in esercizio,CdP_2017-2021_Investimenti.pdf p. 181 | CdP_2022-2026_Investimenti_Agg2024.pdf p. 114 | CdP_2022-2026_Investimenti_Agg_ 2025.pdf p. 143
J81D19000000009,Concorda,CDP-I,,Attivo,in corso,"Tabella A/B, agg2025 p. 58",I137,Collegamento ferroviario aeroporto di Bergamo Collegamento ferroviario aeroporto di Bergamo,CdP_2017-2021_Investimenti_Agg2020-2021.pdf p. 41 | CdP_2017-2021_Investimenti_Agg2020-2021.pdf p. 97 | CdP_2022-2026_Investimenti.pdf p. 58 | CdP_2022-2026_Investimenti.pdf p. 111 | CdP_2022-2026_Investimenti_Agg2024.pdf p. 48 | CdP_2022-2026_Investimenti_Agg2024.pdf p. 91
J81E16000690003,"Opera ultimata, CUP attivo in BDAP",CDP-I,,Attivo,concluso,"Opere ultimate, agg2025 p. 139",1912,Sviluppo infrastrutturale e upgrading,CdP_2017-2021_Investimenti.pdf p. 60 | CdP_2017-2021_Investimenti.pdf p. 142 | CdP_2017-2021_Investimenti_Agg2020-2021.pdf p. 41 | CdP_2017-2021_Investimenti_Agg2020-2021.pdf p. 97 | CdP_2022-2026_Investimenti.pdf p. 139 | CdP_2022-2026_Investimenti_Agg_ 2025.pdf p. 139
J81G22000260001,Concorda,CDP-I,,Attivo,in corso,"Appendice 2, app2-agg2025 p. 9",P237,City Hub e linee metropolitane Area Centro Nord,appendice_2_lista_cup.pdf p. 9 | appendice_3_schede_intervento.pdf p. 67
J81G23000080001,Concorda,CDP-I,,Attivo,in corso,"Tabella A/B, agg2025 p. 69",P087B,Ammodernamento e potenziamento rete ferroviaria Regione Abruzzo - Collegamento al porto di Vasto Collegamento al porto di Vasto PROG PROG,CdP_2022-2026_Investimenti_Agg2024.pdf p. 47 | CdP_2022-2026_Investimenti_Agg2024.pdf p. 89 | CdP_2022-2026_Investimenti_Agg_ 2025.pdf p. 69 | CdP_2022-2026_Investimenti_Agg_ 2025.pdf p. 104 | appendice_3_schede_intervento.pdf p. 259 | appendice_7_distribuzione_territoriale.pdf p. 3
J81H00000170001,"Investimenti, non nei documenti",CDP-I,,Chiuso,,,,,
J81H00000180001,"Opera ultimata, CUP attivo in BDAP",CDP-I,,Attivo,concluso,"Opere ultimate, agg2025 p. 140",,Impianti industriali e terminali viaggiatori e merci,CdP_2017-2021_Investimenti.pdf p. 180 | CdP_2022-2026_Investimenti_Agg_ 2025.pdf p. 140
J81H01000080001,"Opera ultimata, assente dal file",,,,concluso,"Opere ultimate, agg2025 p. 139",,Sviluppo infrastrutturale e upgrading,CdP_2022-2026_Investimenti_Agg_ 2025.pdf p. 139
J81H01000090001,Concorda,CDP-I,,Chiuso,concluso,"Opere ultimate, agg2025 p. 134",,Manutenzione Straordinaria cicli fino al 2011,CdP_2022-2026_Investimenti_Agg2023.pdf p. 37 | CdP_2022-2026_Investimenti_Agg_ 2025.pdf p. 134
J81H02000000001,Concorda,CDP-I,,Attivo,in corso,"Tabella A/B, agg2025 p. 70",0276A|0276B,Completamento raddoppio asse ferroviario Pontremolese - 1^ fase Raddoppio Parma-Vicofertile ITER,CdP_2017-2021_Investimenti.pdf p. 84 | CdP_2017-2021_Investimenti.pdf p. 93 | CdP_2017-2021_Investimenti.pdf p. 153 | CdP_2017-2021_Investimenti.pdf p. 154 | CdP_2017-2021_Investimenti_Agg2020-2021.pdf p. 56 | CdP_2017-2021_Investimenti_Agg2020-2021.pdf p. 65
J81H02000020001,"Opera ultimata, CUP attivo in BDAP",CDP-I,,Attivo,concluso,"Opere ultimate, agg2025 p. 140",,Impianti industriali e terminali viaggiatori e merci,CdP_2017-2021_Investimenti.pdf p. 181 | CdP_2022-2026_Investimenti_Agg_ 2025.pdf p. 140
J81H02000020011,"Opera ultimata, CUP attivo in BDAP",CDP-I,,Attivo,concluso,"Opere ultimate, agg2025 p. 137",,Sicurezza ed Obblighi di Legge,CdP_2022-2026_Investimenti_Agg_ 2025.pdf p. 137
J81H03000050008,"Opera ultimata, CUP attivo in BDAP",CDP-I,,Attivo,concluso,"Opere ultimate, agg2025 p. 143",,"Tecnologie per la sicurezza, la circolazione e l'efficientamento",CdP_2017-2021_Investimenti.pdf p. 179 | CdP_2022-2026_Investimenti_Agg_ 2025.pdf p. 143
J81H03000060001,"Opera ultimata, CUP attivo in BDAP",CDP-I,,Attivo,concluso,"Opere ultimate, agg2025 p. 139",,Sviluppo infrastrutturale e upgrading,CdP_2017-2021_Investimenti.pdf p. 180 | CdP_2022-2026_Investimenti_Agg_ 2025.pdf p. 139
J81H03000070001,"Opera ultimata, assente dal file",,,,concluso,"Opere ultimate, agg2025 p. 140",,Impianti industriali e terminali viaggiatori e merci,CdP_2022-2026_Investimenti_Agg_ 2025.pdf p. 140
J81H03000080001,"Opera ultimata, CUP attivo in BDAP",CDP-I,,Attivo,concluso,"Opere ultimate, cdp2017 p. 180",,Rete Lucana: migliormento servizi Potenza - S. Nicola,CdP_2017-2021_Investimenti.pdf p. 180
J81H04000060001,"Opera ultimata, assente dal file",,,,concluso,"Opere ultimate, agg2025 p. 139",,Sviluppo infrastrutturale e upgrading,CdP_2017-2021_Investimenti_Agg2020-2021.pdf p. 128 | CdP_2022-2026_Investimenti_Agg_ 2025.pdf p. 139
J81H92000000008,"Opera ultimata, CUP attivo in BDAP",CDP-I,,Attivo,concluso,"Opere ultimate, cdp2017 p. 179",,Potenziamento tecnologico Bologna-Bari,CdP_2017-2021_Investimenti.pdf p. 179
J81H92000010001,"Opera ultimata, assente dal file",,,,concluso,"Opere ultimate, agg2023 p. 38",,Sistemaz. Bologna S.Donato,CdP_2022-2026_Investimenti_Agg2023.pdf p. 38
J81H92000020001,Concorda,CDP-I,,Attivo,in corso,"Tabella A/B, agg2025 p. 59",0136,Nuova Linea Ferrandina-Matera La Martella,CdP_2017-2021_Investimenti.pdf p. 68 | CdP_2017-2021_Investimenti.pdf p. 163 | CdP_2017-2021_Investimenti_Agg2020-2021.pdf p. 42 | CdP_2017-2021_Investimenti_Agg2020-2021.pdf p. 114 | CdP_2022-2026_Investimenti.pdf p. 65 | CdP_2022-2026_Investimenti.pdf p. 128
J81H96000000001,"Investimenti, non nei documenti",CDP-I,,Chiuso,,,,,
J81H96000010008,"Opera ultimata, assente dal file",,,,concluso,"Opere ultimate, agg2025 p. 139",,Sviluppo infrastrutturale e upgrading,CdP_2022-2026_Investimenti_Agg_ 2025.pdf p. 139
J81H96000010011,"Opera ultimata, CUP attivo in BDAP",CDP-I,,Attivo,concluso,"Opere ultimate, agg2025 p. 139",,Sviluppo infrastrutturale e upgrading,CdP_2022-2026_Investimenti_Agg_ 2025.pdf p. 139
J81H97000000001,"Opera ultimata, CUP attivo in BDAP",CDP-I,,Attivo,concluso,"Opere ultimate, cdp2017 p. 180",,Realizzazione fermate ed adeguamento stazioni per servizio metropolitano di Bologna (1^ fase),CdP_2017-2021_Investimenti.pdf p. 180
J81H98000000008,"Opera ultimata, CUP attivo in BDAP",CDP-I,,Attivo,concluso,"Opere ultimate, cdp2017 p. 179",,Potenziamento tecnologico Bologna-Verona-Brennero,CdP_2017-2021_Investimenti.pdf p. 179
J81H98000010001,"Opera ultimata, CUP attivo in BDAP",CDP-I,,Attivo,concluso,"Opere ultimate, cdp2017 p. 179",,Interventi tecnologici Milano-Venezia,CdP_2017-2021_Investimenti.pdf p. 179
J81H98000020001,"Opera ultimata, assente dal file",,,,concluso,"Opere ultimate, agg2021 p. 128",,Potenziamento scali di Bologna per servizi accessori,CdP_2017-2021_Investimenti_Agg2020-2021.pdf p. 128
J81H98000030001,Concorda,CDP-I,,Chiuso,concluso,"Opere ultimate, agg2025 p. 139",,Sviluppo infrastrutturale e upgrading,CdP_2022-2026_Investimenti_Agg_ 2025.pdf p. 139
J81H99000010001,"Investimenti, non nei documenti",CDP-I,,Attivo,,,,,
J81I19000000001,Concorda,CDP-I,,Attivo,in corso,"Appendice 2, app2-agg2025 p. 5",A1013B,Miglioramento sismico - DOIT Bologna,appendice_2_lista_cup.pdf p. 5 | appendice_3_schede_intervento.pdf p. 20 | relazione_informativa_agg_2025_v04_clean.pdf p. 13
J81J03000000001,"Opera ultimata, CUP attivo in BDAP",CDP-I,,Attivo,concluso,"Opere ultimate, agg2023 p. 37",,Attrezaggi tecnologici linee ed impianti - Bologna,CdP_2017-2021_Investimenti_Agg2020-2021.pdf p. 128 | CdP_2022-2026_Investimenti.pdf p. 138 | CdP_2022-2026_Investimenti_Agg2023.pdf p. 37
J81J03000010001,Concorda,CDP-I,,Attivo,in corso,"Appendice 2, app2-agg2025 p. 10",P199,Linea Rimini - Ravenna: efficientamento itinerario,appendice_2_lista_cup.pdf p. 10 | appendice_3_schede_intervento.pdf p. 111
J81J04000000001,"In corso nel contratto, assente dal file",,,,in corso,"Appendice 2, app2-agg2025 p. 12",NA026,Valico dei Giovi,appendice_2_lista_cup.pdf p. 12 | appendice_3_schede_intervento.pdf p. 481
J81J04000010001,"Opera ultimata, assente dal file",,,,concluso,"Opere ultimate, agg2025 p. 139",,Sviluppo infrastrutturale e upgrading,CdP_2022-2026_Investimenti_Agg_ 2025.pdf p. 139
J81J05000010008,Concorda,CDP-I,,Attivo,in corso,"Tabella A/B, agg2025 p. 75",1438,Nodo ferrostradale Casalecchio di Reno: interramento linea Porrettana (stralcio ferroviario) Nodo Casalecchio di Reno: interramento linea Porrettana (stralcio PROG PROG ferroviario),CdP_2017-2021_Investimenti.pdf p. 76 | CdP_2017-2021_Investimenti.pdf p. 131 | CdP_2017-2021_Investimenti_Agg2020-2021.pdf p. 59 | CdP_2017-2021_Investimenti_Agg2020-2021.pdf p. 86 | CdP_2022-2026_Investimenti.pdf p. 69 | CdP_2022-2026_Investimenti.pdf p. 102
J82H23000710001,Concorda,CDP-I,,Attivo,in corso,"Appendice 2, app2-agg2025 p. 5",A1013B,Miglioramento sismico - DOIT Bari,appendice_2_lista_cup.pdf p. 5 | appendice_3_schede_intervento.pdf p. 20
J82J19000170001,Concorda,CDP-I,,Attivo,in corso,"Appendice 2, app2-agg2025 p. 5",A1013B,Miglioramento sismico - DOIT Ancona,appendice_2_lista_cup.pdf p. 5 | appendice_3_schede_intervento.pdf p. 20 | relazione_informativa_agg_2025_v04_clean.pdf p. 13
J82J19000180001,Concorda,CDP-I,,Attivo,in corso,"Appendice 2, app2-agg2025 p. 5",A1013B,Miglioramento sismico - DOIT Firenze,appendice_2_lista_cup.pdf p. 5 | appendice_3_schede_intervento.pdf p. 20
J84B13000240001,"Opera ultimata, CUP attivo in BDAP",CDP-I,,Attivo,concluso,"Opere ultimate, agg2025 p. 139",,Sviluppo infrastrutturale e upgrading,CdP_2022-2026_Investimenti_Agg_ 2025.pdf p. 139
J84C19000370009,Concorda,CDP-I,,Attivo,in corso,"Tabella A/B, agg2025 p. 57",P256,Potenziamento infrastrutturale scalo di Brescia Potenziamento infrastrutturale scalo di Brescia,CdP_2017-2021_Investimenti_Agg2020-2021.pdf p. 39 | CdP_2017-2021_Investimenti_Agg2020-2021.pdf p. 95 | CdP_2022-2026_Investimenti.pdf p. 56 | CdP_2022-2026_Investimenti.pdf p. 108 | CdP_2022-2026_Investimenti_Agg2024.pdf p. 47 | CdP_2022-2026_Investimenti_Agg2024.pdf p. 89
J84C20000050001,Concorda,CDP-I,,Attivo,in corso,"Appendice 2, app2-agg2025 p. 12",P060,Upgrading collegamenti con porti e terminali - DOIT Firenze,appendice_2_lista_cup.pdf p. 12 | appendice_3_schede_intervento.pdf p. 257
J84C20001870001,Concorda,CDP-I,,Attivo,in corso,"Appendice 2, app2-agg2025 p. 15",P224,Interventi di upgrading prestazionale e tecnologico ambito linee - DOIT Firenze,appendice_2_lista_cup.pdf p. 15 | appendice_3_schede_intervento.pdf p. 374
J84C20001880001,"In corso nel contratto, assente dal file",,,,in corso,"Appendice 2, app2-agg2025 p. 12",P194,Interventi di upgrade tecnologico e prestazionale - DOIT Firenze,appendice_2_lista_cup.pdf p. 12
J84C20001890001,Concorda,CDP-I,,Attivo,in corso,"Appendice 2, app2-agg2025 p. 15",P224,Upgrading tecnologico - DOIT Ancona,appendice_2_lista_cup.pdf p. 15 | appendice_3_schede_intervento.pdf p. 374 | relazione_informativa_agg_2025_v04_clean.pdf p. 14
J84C20001900001,Concorda,CDP-I,,Attivo,in corso,"Appendice 2, app2-agg2025 p. 10",P200,Potenziamento servizi extra pacchetto minimo di accesso - DOIT Ancona,appendice_2_lista_cup.pdf p. 10 | appendice_3_schede_intervento.pdf p. 126 | relazione_informativa_agg_2025_v04_clean.pdf p. 13 | relazione_informativa_agg_2025_v04_clean.pdf p. 16
J84C20001910001,Concorda,CDP-I,,Attivo,in corso,"Appendice 2, app2-agg2025 p. 14",P223,Interventi di upgrade tecnologico e prestazionale - DOIT Bari,CdP_Servizi_2022-2026_AI2_Agg2024.pdf p. 58 | appendice_2_lista_cup.pdf p. 14 | appendice_3_schede_intervento.pdf p. 365 | appendice_9_elenco_opere_pnrr_e_pnc.pdf p. 3
J84C20001920001,Concorda,CDP-I,,Attivo,in corso,"Appendice 2, app2-agg2025 p. 10",P200,Interventi di upgrade tecnologico e prestazionale - DOIT Ancona,appendice_2_lista_cup.pdf p. 10 | appendice_3_schede_intervento.pdf p. 126 | relazione_informativa_agg_2025_v04_clean.pdf p. 16
J84E21001320008,Concorda,CDP-I,,Attivo,in corso,"Tabella A/B, agg2025 p. 72",P240A|P240B,Roma-Pescara fasi Raddoppio Tagliacozzo-Avezzano PROG PROG Raddoppio Sulmona-Pratola Peligna PROG PROG Raddoppio Scafa-Manoppello-Interporto d'Abruzzo,CdP_2017-2021_Investimenti_Agg2020-2021.pdf p. 57 | CdP_2017-2021_Investimenti_Agg2020-2021.pdf p. 61 | CdP_2017-2021_Investimenti_Agg2020-2021.pdf p. 112 | CdP_2022-2026_Investimenti.pdf p. 74 | CdP_2022-2026_Investimenti.pdf p. 77 | CdP_2022-2026_Investimenti.pdf p. 125
J84E21002850001,Concorda,CDP-I,,Attivo,in corso,"Appendice 2, app2-agg2025 p. 3",A1004F,Adeguamento a STI opere civili - DOIT Ancona,appendice_2_lista_cup.pdf p. 3 | appendice_3_schede_intervento.pdf p. 12
J84E21002910001,Concorda,CDP-I,,Attivo,in corso,"Appendice 2, app2-agg2025 p. 10",P198,Elettrificazione Como - Molteno - Lecco,appendice_2_lista_cup.pdf p. 10 | appendice_3_schede_intervento.pdf p. 90
J84E21003810001,Concorda,CDP-I,,Attivo,in corso,"Appendice 2, app2-agg2025 p. 10",P198,Linea Pontremolese,appendice_2_lista_cup.pdf p. 10 | appendice_3_schede_intervento.pdf p. 91
J84E21004550001,Concorda,CDP-I,,Attivo,in corso,"Tabella A/B, agg2025 p. 56",P175,Scalo Torino Orbassano ACC Torino Orbassano Scalo Torino Orbassano: interventi in fascio container,CdP_2022-2026_Investimenti.pdf p. 56 | CdP_2022-2026_Investimenti.pdf p. 108 | CdP_2022-2026_Investimenti_Agg2024.pdf p. 47 | CdP_2022-2026_Investimenti_Agg2024.pdf p. 89 | CdP_2022-2026_Investimenti_Agg_ 2025.pdf p. 56 | CdP_2022-2026_Investimenti_Agg_ 2025.pdf p. 105
J84F05000030001,Concorda,CDP-I,,Attivo,in corso,"Tabella A/B, agg2025 p. 61",0311A|0311B,"Potenziamento Metaponto-Sibari-Bivio S.Antonello opere prioritarie Metaponto-Sibari-Paola: potenziamento linea di contatto, adeguamento a modulo 750 m e semplificazione impianti, rettifiche di tracciato località Cassano, Tarsia e Torano e variante di Acri",CdP_2017-2021_Investimenti.pdf p. 65 | CdP_2017-2021_Investimenti.pdf p. 93 | CdP_2017-2021_Investimenti.pdf p. 157 | CdP_2017-2021_Investimenti_Agg2020-2021.pdf p. 47 | CdP_2017-2021_Investimenti_Agg2020-2021.pdf p. 60 | CdP_2017-2021_Investimenti_Agg2020-2021.pdf p. 109
J84F05000040001,"Opera ultimata, CUP attivo in BDAP",CDP-I,,Attivo,concluso,"Opere ultimate, agg2024 p. 113",0309,Velocizzazione Potenza - Metaponto,CdP_2017-2021_Investimenti.pdf p. 105 | CdP_2017-2021_Investimenti.pdf p. 163 | CdP_2022-2026_Investimenti_Agg2024.pdf p. 113
J84G18000190001,Concorda,CDP-I,,Attivo,in corso,"Appendice 2, app2-agg2025 p. 3",A1004F,Adeguamento a STI opere civili - DOIT Bologna,appendice_2_lista_cup.pdf p. 3 | appendice_3_schede_intervento.pdf p. 12
J84G18000200001,Concorda,CDP-I,,Attivo,in corso,"Appendice 2, app2-agg2025 p. 3",A1004F,Adeguamento a STI opere civili - DOIT Firenze,appendice_2_lista_cup.pdf p. 3 | appendice_3_schede_intervento.pdf p. 12
J84H14001280001,Concorda,CDP-I,,Attivo,in corso,"Appendice 2, app2-agg2025 p. 14",P224,Upgrading prestazionale corridoio Scan-Med - DOIT Bologna,appendice_2_lista_cup.pdf p. 14 | appendice_3_schede_intervento.pdf p. 374
J84H14001290001,"Opera ultimata, CUP attivo in BDAP",CDP-I,,Attivo,concluso,"Opere ultimate, agg2023 p. 38",I071,"Upgrading linea Adriatica - opere civili, armamento e trazione elettrica DOIT Bologna",CdP_2017-2021_Investimenti.pdf p. 64 | CdP_2017-2021_Investimenti.pdf p. 156 | CdP_2017-2021_Investimenti_Agg2020-2021.pdf p. 46 | CdP_2017-2021_Investimenti_Agg2020-2021.pdf p. 108 | CdP_2022-2026_Investimenti.pdf p. 62 | CdP_2022-2026_Investimenti.pdf p. 122
J84H14001300001,"Opera ultimata, CUP attivo in BDAP",CDP-I,,Attivo,concluso,"Opere ultimate, agg2023 p. 38",I071,"Upgrading linea Adriatica - opere civili, armamento e trazione elettrica DOIT Ancona",CdP_2017-2021_Investimenti.pdf p. 64 | CdP_2017-2021_Investimenti.pdf p. 156 | CdP_2017-2021_Investimenti_Agg2020-2021.pdf p. 46 | CdP_2017-2021_Investimenti_Agg2020-2021.pdf p. 108 | CdP_2022-2026_Investimenti.pdf p. 62 | CdP_2022-2026_Investimenti.pdf p. 122
J84H14001310001,"Opera ultimata, CUP attivo in BDAP",CDP-I,,Attivo,concluso,"Opere ultimate, agg2023 p. 38",I071,"Upgrading linea Adriatica - opere civili, armamento e trazione elettrica DOIT Bari",CdP_2017-2021_Investimenti.pdf p. 64 | CdP_2017-2021_Investimenti.pdf p. 156 | CdP_2017-2021_Investimenti_Agg2020-2021.pdf p. 46 | CdP_2017-2021_Investimenti_Agg2020-2021.pdf p. 108 | CdP_2022-2026_Investimenti.pdf p. 62 | CdP_2022-2026_Investimenti.pdf p. 122
J84H14001320001,Concorda,CDP-I,,Attivo,in corso,"Appendice 2, app2-agg2025 p. 14",P224,Upgrading prestazionale corridoio Scan-Med - DOIT Firenze,appendice_2_lista_cup.pdf p. 14 | appendice_3_schede_intervento.pdf p. 373
J84H14001330001,Concorda,CDP-I,,Attivo,in corso,"Tabella A/B, agg2025 p. 56",P173,Nuovo terminale Milano smistamento (interventi RFI) Milano smistamento: attrezzaggio tecnologico nuovo terminale e opere di allaccio alla rete ferroviaria nazionale,CdP_2017-2021_Investimenti.pdf p. 58 | CdP_2017-2021_Investimenti.pdf p. 140 | CdP_2017-2021_Investimenti_Agg2020-2021.pdf p. 40 | CdP_2017-2021_Investimenti_Agg2020-2021.pdf p. 95 | CdP_2022-2026_Investimenti.pdf p. 56 | CdP_2022-2026_Investimenti.pdf p. 108
J84H15001310001,Concorda,CDP-I,,Attivo,in corso,"Appendice 2, app2-agg2025 p. 11",P053,Collegamento Ostiense - Valle Aurelia - Vigna Clara,appendice_2_lista_cup.pdf p. 11 | appendice_3_schede_intervento.pdf p. 228
J84H16000030001,"Opera ultimata, CUP attivo in BDAP",CDP-I,,Attivo,concluso,"Opere ultimate, agg2023 p. 38",I071,Upgrading linea Adriatica - impianti di sicurezza e segnalamento Rimini-Ancona,CdP_2017-2021_Investimenti.pdf p. 64 | CdP_2017-2021_Investimenti.pdf p. 156 | CdP_2017-2021_Investimenti_Agg2020-2021.pdf p. 46 | CdP_2017-2021_Investimenti_Agg2020-2021.pdf p. 108 | CdP_2022-2026_Investimenti.pdf p. 62 | CdP_2022-2026_Investimenti.pdf p. 122
J84H17000290001,Concorda,CDP-I,,Attivo,in corso,"Appendice 2, app2-agg2025 p. 13",P221,Risoluzione interferenze stradali valico di Luino,appendice_2_lista_cup.pdf p. 13 | appendice_3_schede_intervento.pdf p. 325
J84H17000440001,Concorda,CDP-I,,Attivo,in corso,"Appendice 2, app2-agg2025 p. 11",P054,Upgrading nodo di Milano e linee d'interesse della Regione Lombardia,appendice_2_lista_cup.pdf p. 11 | appendice_3_schede_intervento.pdf p. 194
J84H17000480001,Concorda,CDP-I,,Attivo,in corso,"Tabella A/B, agg2025 p. 63",P133,Velocizzazione linea Milano-Genova Velocizzazione Milano-Genova 1^ fase - potenziamento tecnologico e 2^ fase - rettifiche di tracciato e piccole varianti,CdP_2022-2026_Investimenti.pdf p. 60 | CdP_2022-2026_Investimenti.pdf p. 115 | CdP_2022-2026_Investimenti_Agg2024.pdf p. 49 | CdP_2022-2026_Investimenti_Agg2024.pdf p. 95 | CdP_2022-2026_Investimenti_Agg_ 2025.pdf p. 63 | CdP_2022-2026_Investimenti_Agg_ 2025.pdf p. 111
J84H17000930009,Concorda,CDP-I,,Attivo,in corso,"Tabella A/B, agg2025 p. 51",I178A|I178B,Raddoppio Codogno-Cremona-Mantova 1^ fase Raddoppio Piadena-Mantova e soppressione PL critici intera linea,CdP_2017-2021_Investimenti_Agg2020-2021.pdf p. 31 | CdP_2017-2021_Investimenti_Agg2020-2021.pdf p. 50 | CdP_2017-2021_Investimenti_Agg2020-2021.pdf p. 75 | CdP_2022-2026_Investimenti.pdf p. 47 | CdP_2022-2026_Investimenti.pdf p. 68 | CdP_2022-2026_Investimenti.pdf p. 91
J84H17000940001,Concorda,CDP-I,,Attivo,in corso,"Appendice 2, app2-agg2025 p. 11",P054,Interventi di sviluppo e completamento linee di bacino area nord,appendice_2_lista_cup.pdf p. 11 | appendice_3_schede_intervento.pdf p. 194
J84H17001080001,Concorda,CDP-I,,Attivo,in corso,"Appendice 2, app2-agg2025 p. 13",P221,Upgrading prestazionale corridoio Reno-Alpi (DOIT Milano),appendice_2_lista_cup.pdf p. 13 | appendice_3_schede_intervento.pdf p. 325
J84H17001230001,Concorda,CDP-I,,Attivo,in corso,"Tabella A/B, agg2025 p. 64",P261,"Potenziamento linea Bologna-Prato Linea Bologna-Prato-Firenze: adeguamento prestazionale (sagoma, modulo) e potenziamento tecnologico",CdP_2022-2026_Investimenti.pdf p. 61 | CdP_2022-2026_Investimenti.pdf p. 120 | CdP_2022-2026_Investimenti_Agg2024.pdf p. 50 | CdP_2022-2026_Investimenti_Agg2024.pdf p. 98 | CdP_2022-2026_Investimenti_Agg_ 2025.pdf p. 64 | CdP_2022-2026_Investimenti_Agg_ 2025.pdf p. 114
J84H20000850001,Concorda,CDP-I,,Attivo,in corso,"Appendice 2, app2-agg2025 p. 10",P198,Upgrading Milano-Lecco-Sondrio-Tirano,appendice_2_lista_cup.pdf p. 10 | appendice_3_schede_intervento.pdf p. 90
J84H20000860001,Concorda,CDP-I,,Attivo,in corso,"Appendice 2, app2-agg2025 p. 3",A1006,Interventi di soppressione passaggi a livello su SS38 - linea Milano-Lecco - Sondrio - Tirano,appendice_2_lista_cup.pdf p. 3 | appendice_3_schede_intervento.pdf p. 14
J84H20002450001,Concorda,CDP-I,,Attivo,in corso,"Appendice 2, app2-agg2025 p. 14",P223,Lunetta di Gorizia,appendice_2_lista_cup.pdf p. 14 | appendice_3_schede_intervento.pdf p. 365
J84H20002460001,Concorda,CDP-I,,Attivo,in corso,"Appendice 2, app2-agg2025 p. 15",P224,Modifica ACC e PRG Roma Tiburtina (binari est),appendice_2_lista_cup.pdf p. 15 | appendice_3_schede_intervento.pdf p. 374
J84J18000000001,Concorda,CDP-I,,Attivo,in corso,"Tabella A/B, agg2025 p. 63",P087A|P087,Ammodernamento e potenziamento rete ferroviaria Regione Abruzzo - Bretella Sulmona Bretella Sulmona,CdP_2017-2021_Investimenti_Agg2020-2021.pdf p. 33 | CdP_2017-2021_Investimenti_Agg2020-2021.pdf p. 80 | CdP_2022-2026_Investimenti.pdf p. 49 | CdP_2022-2026_Investimenti.pdf p. 96 | CdP_2022-2026_Investimenti_Agg2024.pdf p. 51 | CdP_2022-2026_Investimenti_Agg2024.pdf p. 102
J84J23000100008,Concorda,CDP-I,,Attivo,in corso,"Appendice 2, app2-agg2025 p. 11",P054,Scavalco di PM/Bivio Adda,appendice_2_lista_cup.pdf p. 11 | appendice_3_schede_intervento.pdf p. 194
J84J23000230001,Concorda,CDP-I,,Attivo,in corso,"Appendice 2, app2-agg2025 p. 10",P200,Terzo binario Pescara C.le - Pescara P.N.,appendice_2_lista_cup.pdf p. 10 | appendice_3_schede_intervento.pdf p. 126
J84J24000020001,Concorda,CDP-I,,Attivo,in corso,"Appendice 2, app2-agg2025 p. 10",P198,Olimpiadi Invernali 2026 - ambito DOIT Milano,appendice_2_lista_cup.pdf p. 10 | appendice_3_schede_intervento.pdf p. 90
J84J24000100001,Concorda,CDP-I,,Attivo,in corso,"Appendice 2, app2-agg2025 p. 6",A2001B,Sottosistema strutturale energetico - DOIT Ancona,appendice_2_lista_cup.pdf p. 6 | appendice_3_schede_intervento.pdf p. 33
J84J24000110001,Concorda,CDP-I,,Attivo,in corso,"Appendice 2, app2-agg2025 p. 6",A2001B,Sottosistema strutturale energetico - DOIT Bari,appendice_2_lista_cup.pdf p. 6 | appendice_3_schede_intervento.pdf p. 33
J84J24000120001,Concorda,CDP-I,,Attivo,in corso,"Appendice 2, app2-agg2025 p. 6",A2001B,Sottosistema strutturale energetico - DOIT Bologna,appendice_2_lista_cup.pdf p. 6 | appendice_3_schede_intervento.pdf p. 33
J84J24000130001,Concorda,CDP-I,,Attivo,in corso,"Appendice 2, app2-agg2025 p. 6",A2001B,Sottosistema strutturale energetico - DOIT Firenze,appendice_2_lista_cup.pdf p. 6 | appendice_3_schede_intervento.pdf p. 33
J84J24000690005,Concorda,CDP-I,,Attivo,in corso,"Appendice 2, app2-agg2025 p. 10",P200,Interventi di potenziamento servizi IF,appendice_2_lista_cup.pdf p. 10 | appendice_3_schede_intervento.pdf p. 126 | relazione_informativa_agg_2025_v04_clean.pdf p. 16
J84J24000790001,Concorda,CDP-I,,Attivo,in corso,"Appendice 2, app2-agg2025 p. 11",P112,Upgrading infrastrutturale e tecnologico DOIT Bologna - 2024,appendice_2_lista_cup.pdf p. 11 | appendice_3_schede_intervento.pdf p. 203 | relazione_informativa_agg_2025_v04_clean.pdf p. 16
J84J24000840001,Concorda,CDP-I,,Attivo,in corso,"Appendice 2, app2-agg2025 p. 11",P054,Adeguamento fermata esistente MI Forlanini,appendice_2_lista_cup.pdf p. 11 | appendice_3_schede_intervento.pdf p. 194
J86E19000400001,Concorda,CDP-I,,Attivo,in corso,"Appendice 2, app2-agg2025 p. 14",P223,Velocizzazione  Adriatica e Upgrading tecnologico DOIT Ancona,appendice_2_lista_cup.pdf p. 14 | appendice_3_schede_intervento.pdf p. 364
J86G21006210001,Concorda,CDP-I,,Attivo,in corso,"Appendice 2, app2-agg2025 p. 6",A2001B,Sviluppo Posti Centrali Centro,appendice_2_lista_cup.pdf p. 6 | appendice_3_schede_intervento.pdf p. 34
J86I18000060009,Concorda,CDP-I,,Attivo,in corso,"Appendice 2, app2-agg2025 p. 11",P053,Potenziamento tecnologico nodo di Roma 2^ fase,appendice_2_lista_cup.pdf p. 11 | appendice_3_schede_intervento.pdf p. 228
J86J17000450001,Concorda,CDP-I,,Attivo,in corso,"Appendice 2, app2-agg2025 p. 10",P199,Interventi diffusi di potenziamento tecnologico (DOIT Bologna),appendice_2_lista_cup.pdf p. 10 | appendice_3_schede_intervento.pdf p. 111 | relazione_informativa_agg_2025_v04_clean.pdf p. 16
J86J17000460001,Concorda,CDP-I,,Attivo,in corso,"Appendice 2, app2-agg2025 p. 10",P200,Interventi diffusi di potenziamento tecnologico (DOIT Firenze),appendice_2_lista_cup.pdf p. 10 | appendice_3_schede_intervento.pdf p. 126
J86J17000630009,Concorda,CDP-I,,Attivo,in corso,"Appendice 2, app2-agg2025 p. 7",A2008,Dimostratori tecnologici di Osmannoro,appendice_2_lista_cup.pdf p. 7 | appendice_3_schede_intervento.pdf p. 52
J87B13000070001,Concorda,CDP-I,,Attivo,in corso,"Appendice 2, app2-agg2025 p. 2",A1004A,Miglioramento sicurezza gallerie ferroviarie - DOIT Firenze - 2014,appendice_2_lista_cup.pdf p. 2 | appendice_3_schede_intervento.pdf p. 4
J87B14000230001,Concorda,CDP-I,,Chiuso,concluso,"Opere ultimate, agg2025 p. 139",,Sviluppo infrastrutturale e upgrading,CdP_2022-2026_Investimenti_Agg2024.pdf p. 113 | CdP_2022-2026_Investimenti_Agg_ 2025.pdf p. 139
J87B14000240005,"Opera ultimata, CUP attivo in BDAP",CDP-I,,Attivo,concluso,"Opere ultimate, agg2025 p. 139",,Sviluppo infrastrutturale e upgrading,CdP_2022-2026_Investimenti_Agg_ 2025.pdf p. 139
J87B14000250005,"Opera ultimata, CUP attivo in BDAP",CDP-I,,Attivo,concluso,"Opere ultimate, agg2025 p. 139",,Sviluppo infrastrutturale e upgrading,CdP_2022-2026_Investimenti_Agg2024.pdf p. 113 | CdP_2022-2026_Investimenti_Agg_ 2025.pdf p. 139
J87B14000390001,"Opera ultimata, CUP attivo in BDAP",CDP-I,,Attivo,concluso,"Opere ultimate, agg2025 p. 137",,Sicurezza ed Obblighi di Legge,CdP_2022-2026_Investimenti_Agg_ 2025.pdf p. 137
J87B14000400001,"Opera ultimata, CUP attivo in BDAP",CDP-I,,Attivo,concluso,"Opere ultimate, agg2025 p. 143",,"Tecnologie per la sicurezza, la circolazione e l'efficientamento",CdP_2022-2026_Investimenti_Agg_ 2025.pdf p. 143
J87B14000410001,"Opera ultimata, CUP attivo in BDAP",CDP-I,,Attivo,concluso,"Opere ultimate, agg2025 p. 143",,"Tecnologie per la sicurezza, la circolazione e l'efficientamento",CdP_2022-2026_Investimenti_Agg_ 2025.pdf p. 143
J87B14000420001,"Opera ultimata, CUP attivo in BDAP",CDP-I,,Attivo,concluso,"Opere ultimate, agg2025 p. 143",,"Tecnologie per la sicurezza, la circolazione e l'efficientamento",CdP_2022-2026_Investimenti_Agg_ 2025.pdf p. 143
J87B14000430001,"Opera ultimata, CUP attivo in BDAP",CDP-I,,Attivo,concluso,"Opere ultimate, agg2025 p. 143",,"Tecnologie per la sicurezza, la circolazione e l'efficientamento",CdP_2022-2026_Investimenti_Agg_ 2025.pdf p. 143
J87B14000440001,"Opera ultimata, CUP attivo in BDAP",CDP-I,,Attivo,concluso,"Opere ultimate, cdp2017 p. 180",,Binari senza tempo - DTP AN,CdP_2017-2021_Investimenti.pdf p. 180
J87B14000450001,"Opera ultimata, CUP attivo in BDAP",CDP-I,,Attivo,concluso,"Opere ultimate, agg2025 p. 139",P214,Sviluppo infrastrutturale e upgrading,CdP_2017-2021_Investimenti.pdf p. 36 | CdP_2022-2026_Investimenti_Agg_ 2025.pdf p. 139
J87B14000480001,"Opera ultimata, CUP attivo in BDAP",CDP-I,,Attivo,concluso,"Opere ultimate, agg2025 p. 137",,Sicurezza ed Obblighi di Legge,CdP_2022-2026_Investimenti_Agg_ 2025.pdf p. 137
J87B14000640001,"Servizi, non verificabile",CDP-S,,Attivo,,,,,
J87B14000650001,"Servizi, non verificabile",CDP-S,,Attivo,,,,,
J87B14000660001,"Servizi, non verificabile",CDP-S,,Attivo,,,,,
J87B14000670001,"Servizi, non verificabile",CDP-S,,Attivo,,,,,
J87B14000680001,"Servizi, non verificabile",CDP-S,,Attivo,,,,,
J87B14000690001,"Servizi, non verificabile",CDP-S,,Attivo,,,,,
J87B14000700001,"Servizi, non verificabile",CDP-S,,Attivo,,,,,
J87B14000710001,"Servizi, non verificabile",CDP-S,,Attivo,,,,,
J87B14000720001,"Servizi, non verificabile",CDP-S,,Attivo,,,,,
J87B14000730001,"Servizi, non verificabile",CDP-S,,Attivo,,,,,
J87B14000740001,"Servizi, non verificabile",CDP-S,,Attivo,,,,,
J87B14000750001,"Servizi, non verificabile",CDP-S,,Attivo,,,,,
J87B14000760001,"Servizi, non verificabile",CDP-S,,Attivo,,,,,
J87B14000780001,"Servizi, non verificabile",CDP-S,,Attivo,,,,,
J87B14000790001,"Servizi, non verificabile",CDP-S,,Attivo,,,,,
J87B14000800001,"Servizi, non verificabile",CDP-S,,Attivo,,,,,
J87B14000810001,"Servizi, non verificabile",CDP-S,,Attivo,,,,,
J87B14000820001,"Servizi, non verificabile",CDP-S,,Attivo,,,,,
J87B14000830001,"Servizi, non verificabile",CDP-S,,Attivo,,,,,
J87B14000840001,"Servizi, non verificabile",CDP-S,,Attivo,,,,,
J87B15000140001,"Opera ultimata, CUP attivo in BDAP",CDP-I,,Attivo,concluso,"Opere ultimate, agg2025 p. 134",,Manutenzione Straordinaria cicli fino al 2011,CdP_2017-2021_Investimenti_Agg2020-2021.pdf p. 127 | CdP_2022-2026_Investimenti_Agg_ 2025.pdf p. 134
J87B15000390001,"Opera ultimata, CUP attivo in BDAP",CDP-I,,Attivo,concluso,"Opere ultimate, agg2025 p. 143",,"Tecnologie per la sicurezza, la circolazione e l'efficientamento",CdP_2022-2026_Investimenti_Agg_ 2025.pdf p. 143
J87B16000000001,"Servizi, non verificabile",CDP-S,,Attivo,,,,,
J87B16000010001,"Servizi, non verificabile",CDP-S,,Attivo,,,,,
J87B16000020001,"Servizi, non verificabile",CDP-S,,Attivo,,,,,
J87B16000030001,"Servizi, non verificabile",CDP-S,,Attivo,,,,,
J87B16000040001,"Servizi, non verificabile",CDP-S,,Attivo,,,,,
J87B16000050001,"Servizi, non verificabile",CDP-S,,Attivo,,,,,
J87B16000060001,"Servizi, non verificabile",CDP-S,,Attivo,,,,,
J87B16000070001,"Servizi, non verificabile",CDP-S,,Attivo,,,,,
J87B16000080001,"Servizi, non verificabile",CDP-S,,Attivo,,,,,
J87B16000090001,"Servizi, non verificabile",CDP-S,,Attivo,,,,,
J87B16000100001,"Servizi, non verificabile",CDP-S,,Attivo,,,,,
J87B16000110001,"Servizi, non verificabile",CDP-S,,Attivo,,,,,
J87B16000120001,"Servizi, non verificabile",CDP-S,,Attivo,,,,,
J87B16000140001,"Servizi, non verificabile",CDP-S,,Attivo,,,,,
J87B16000150001,"Servizi, non verificabile",CDP-S,,Attivo,,,,,
J87B16000160001,"Servizi, non verificabile",CDP-S,,Attivo,,,,,
J87B16000170001,"Servizi, non verificabile",CDP-S,,Attivo,,,,,
J87B16000200001,"Servizi, non verificabile",CDP-S,,Attivo,,,,,
J87B16000210001,"Servizi, non verificabile",CDP-S,,Attivo,,,,,
J87B16000220001,"Servizi, non verificabile",CDP-S,,Attivo,,,,,
J87B16000240001,"Opera ultimata, CUP attivo in BDAP",CDP-I,,Attivo,concluso,"Opere ultimate, agg2025 p. 137",,Sicurezza ed Obblighi di Legge,CdP_2022-2026_Investimenti_Agg_ 2025.pdf p. 137
J87B16000250001,"Opera ultimata, CUP attivo in BDAP",CDP-I,,Attivo,concluso,"Opere ultimate, agg2025 p. 137",,Sicurezza ed Obblighi di Legge,CdP_2022-2026_Investimenti_Agg_ 2025.pdf p. 137
J87B16000260001,"Opera ultimata, CUP attivo in BDAP",CDP-I,,Attivo,concluso,"Opere ultimate, agg2025 p. 137",,Sicurezza ed Obblighi di Legge,CdP_2022-2026_Investimenti_Agg_ 2025.pdf p. 137
J87B16000270001,"Opera ultimata, CUP attivo in BDAP",CDP-I,,Attivo,concluso,"Opere ultimate, agg2025 p. 143",,"Tecnologie per la sicurezza, la circolazione e l'efficientamento",CdP_2022-2026_Investimenti_Agg_ 2025.pdf p. 143
J87B16000280001,"Opera ultimata, CUP attivo in BDAP",CDP-I,,Attivo,concluso,"Opere ultimate, agg2025 p. 143",,"Tecnologie per la sicurezza, la circolazione e l'efficientamento",CdP_2022-2026_Investimenti_Agg_ 2025.pdf p. 143
J87B16000290001,"Opera ultimata, CUP attivo in BDAP",CDP-I,,Attivo,concluso,"Opere ultimate, agg2025 p. 143",,"Tecnologie per la sicurezza, la circolazione e l'efficientamento",CdP_2022-2026_Investimenti_Agg_ 2025.pdf p. 143
J87B16000410001,"Opera ultimata, CUP attivo in BDAP",CDP-I,,Attivo,concluso,"Opere ultimate, agg2025 p. 139",,Sviluppo infrastrutturale e upgrading,CdP_2022-2026_Investimenti_Agg_ 2025.pdf p. 139
J87B16000420001,Concorda,CDP-I,,Chiuso,concluso,"Opere ultimate, agg2024 p. 113",,Liberazione Immobili - DOIT AN - 2016,CdP_2022-2026_Investimenti_Agg2024.pdf p. 113
J87B16000430001,Concorda,CDP-I,,Chiuso,concluso,"Opere ultimate, agg2024 p. 113",,Liberazione immobili - DOIT BO - 2016,CdP_2022-2026_Investimenti_Agg2024.pdf p. 113
J87B16000440001,"Opera ultimata, CUP attivo in BDAP",CDP-I,,Attivo,concluso,"Opere ultimate, agg2025 p. 139",,Sviluppo infrastrutturale e upgrading,CdP_2022-2026_Investimenti_Agg2024.pdf p. 113 | CdP_2022-2026_Investimenti_Agg_ 2025.pdf p. 139
J87B16000460001,"Servizi, non verificabile",CDP-S,,Attivo,,,,,
J87B16000510001,"Opera ultimata, CUP attivo in BDAP",CDP-I,,Attivo,concluso,"Opere ultimate, agg2025 p. 137",,Sicurezza ed Obblighi di Legge,CdP_2022-2026_Investimenti_Agg_ 2025.pdf p. 137
J87B16000630001,"Opera ultimata, CUP attivo in BDAP",CDP-I,,Attivo,concluso,"Opere ultimate, agg2025 p. 143",,"Tecnologie per la sicurezza, la circolazione e l'efficientamento",CdP_2022-2026_Investimenti_Agg_ 2025.pdf p. 143
J87B17000020001,"Servizi, non verificabile",CDP-S,,Attivo,,,,,
J87B17000030001,"Servizi, non verificabile",CDP-S,,Attivo,,,,,
J87B17000040001,"Servizi, non verificabile",CDP-S,,Attivo,,,,,
J87B17000050001,"Servizi, non verificabile",CDP-S,,Attivo,,,,,
J87B17000060001,"Servizi, non verificabile",CDP-S,,Attivo,,,,,
J87B17000070001,"Servizi, non verificabile",CDP-S,,Attivo,,,,,
J87B17000080001,"Servizi, non verificabile",CDP-S,,Attivo,,,,,
J87B17000090001,"Servizi, non verificabile",CDP-S,,Attivo,,,,,
J87B17000100001,"Servizi, non verificabile",CDP-S,,Attivo,,,,,
J87B17000110001,"Servizi, non verificabile",CDP-S,,Attivo,,,,,
J87B17000120001,"Servizi, non verificabile",CDP-S,,Attivo,,,,,
J87B17000130001,"Servizi, non verificabile",CDP-S,,Attivo,,,,,
J87B17000140001,"Servizi, non verificabile",CDP-S,,Attivo,,,,,
J87B17000150001,"Servizi, non verificabile",CDP-S,,Attivo,,,,,
J87B17000160001,"Servizi, non verificabile",CDP-S,,Attivo,,,,,
J87B17000170001,"Servizi, non verificabile",CDP-S,,Attivo,,,,,
J87B17000180001,"Servizi, non verificabile",CDP-S,,Attivo,,,,,
J87B17000190001,"Servizi, non verificabile",CDP-S,,Attivo,,,,,
J87B17000200001,"Servizi, non verificabile",CDP-S,,Attivo,,,,,
J87B17000220001,"Servizi, non verificabile",CDP-S,,Attivo,,,,,
J87B17000230001,"Servizi, non verificabile",CDP-S,,Attivo,,,,,
J87B17000240001,"Servizi, non verificabile",CDP-S,,Attivo,,,,,
J87B17000250001,"Opera ultimata, CUP attivo in BDAP",CDP-I,,Attivo,concluso,"Opere ultimate, agg2025 p. 143",,"Tecnologie per la sicurezza, la circolazione e l'efficientamento",CdP_2022-2026_Investimenti_Agg_ 2025.pdf p. 143
J87B17000260001,"Opera ultimata, CUP attivo in BDAP",CDP-I,,Attivo,concluso,"Opere ultimate, agg2025 p. 143",,"Tecnologie per la sicurezza, la circolazione e l'efficientamento",CdP_2022-2026_Investimenti_Agg_ 2025.pdf p. 143
J87B17000270001,"Opera ultimata, CUP attivo in BDAP",CDP-I,,Attivo,concluso,"Opere ultimate, agg2025 p. 143",,"Tecnologie per la sicurezza, la circolazione e l'efficientamento",CdP_2022-2026_Investimenti_Agg_ 2025.pdf p. 143
J87B17000280001,"Opera ultimata, CUP attivo in BDAP",CDP-I,,Attivo,concluso,"Opere ultimate, agg2025 p. 143",,"Tecnologie per la sicurezza, la circolazione e l'efficientamento",CdP_2022-2026_Investimenti_Agg_ 2025.pdf p. 143
J87B17000290001,"Servizi, non verificabile",CDP-S,,Attivo,,,,,
J87B17000300001,"Opera ultimata, CUP attivo in BDAP",CDP-I,,Attivo,concluso,"Opere ultimate, agg2025 p. 137",,Sicurezza ed Obblighi di Legge,CdP_2022-2026_Investimenti_Agg_ 2025.pdf p. 137
J87B17000310001,"Opera ultimata, CUP attivo in BDAP",CDP-I,,Attivo,concluso,"Opere ultimate, agg2025 p. 137",,Sicurezza ed Obblighi di Legge,CdP_2022-2026_Investimenti_Agg_ 2025.pdf p. 137
J87B17000320001,"Opera ultimata, CUP attivo in BDAP",CDP-I,,Attivo,concluso,"Opere ultimate, agg2025 p. 137",,Sicurezza ed Obblighi di Legge,CdP_2022-2026_Investimenti_Agg_ 2025.pdf p. 137
J87B17000330001,"Opera ultimata, CUP attivo in BDAP",CDP-I,,Attivo,concluso,"Opere ultimate, agg2025 p. 137",,Sicurezza ed Obblighi di Legge,CdP_2022-2026_Investimenti_Agg_ 2025.pdf p. 137
J87B17000440001,Concorda,CDP-I,,Attivo,in corso,"Appendice 2, app2-agg2025 p. 11",P201,Liberazione Immobili - DOIT BA - 2017,appendice_2_lista_cup.pdf p. 11 | appendice_3_schede_intervento.pdf p. 155
J87B17000610004,"Opera ultimata, CUP attivo in BDAP",CDP-I,,Attivo,concluso,"Opere ultimate, agg2025 p. 134",,Manutenzione Straordinaria cicli fino al 2011,CdP_2022-2026_Investimenti_Agg_ 2025.pdf p. 134
J87B17000830001,Concorda,CDP-I,,Attivo,in corso,"Appendice 2, app2-agg2025 p. 2",A1004A,Miglioramento sicurezza gallerie ferroviarie - DOIT Firenze - 2017,appendice_2_lista_cup.pdf p. 2 | appendice_3_schede_intervento.pdf p. 3
J87B17000840001,Concorda,CDP-I,,Attivo,in corso,"Appendice 2, app2-agg2025 p. 2",A1004A,Miglioramento sicurezza gallerie ferroviarie - DOIT Bologna - 2017,appendice_2_lista_cup.pdf p. 2 | appendice_3_schede_intervento.pdf p. 3
J87B17000850001,Concorda,CDP-I,,Attivo,in corso,"Appendice 2, app2-agg2025 p. 2",A1004A,Miglioramento sicurezza gallerie ferroviarie - DOIT Ancona - 2017,appendice_2_lista_cup.pdf p. 2 | appendice_3_schede_intervento.pdf p. 4
J87B20001320001,"Servizi, non verificabile",CDP-S,,Attivo,,,,,
J87B20001330001,"Servizi, non verificabile",CDP-S,,Attivo,,,,,
J87B20001340001,"Servizi, non verificabile",CDP-S,,Attivo,,,,,
J87B20001350001,"Servizi, non verificabile",CDP-S,,Attivo,,,,,
J87B20001360001,"Servizi, non verificabile",CDP-S,,Attivo,,,,,
J87B20002730001,"Servizi, non verificabile",CDP-S,,Attivo,,,,,
J87B20002740001,Concorda,CDP-S,,Attivo,servizi,"Servizi, Allegato 4c, srv2026 p. 17",,Manutenzione Straordinaria Linee Bari - 2021,CdP_Servizi_2022-2026_AI2_Agg2024.pdf p. 19 | CdP_Servizi_2022-2026_AI4_Agg2026.pdf p. 17
J87B20002750001,"Servizi, non verificabile",CDP-S,,Attivo,,,,,
J87B20002760001,"Servizi, non verificabile",CDP-S,,Attivo,,,,,
J87B20002780001,"Servizi, non verificabile",CDP-S,,Attivo,,,,,
J87B20002790001,"Servizi, non verificabile",CDP-S,,Attivo,,,,,
J87B20002800001,"Servizi, non verificabile",CDP-S,,Attivo,,,,,
J87B20002810001,Concorda,CDP-S,,Attivo,servizi,"Servizi, Allegato 4c, srv2026 p. 17",,Manutenzione Straordinaria Linee AV/AC Bologna - 2021,CdP_Servizi_2022-2026_AI2_Agg2024.pdf p. 19 | CdP_Servizi_2022-2026_AI4_Agg2026.pdf p. 17
J87B20002820001,"Servizi, non verificabile",CDP-S,,Attivo,,,,,
J87B20002830001,"Servizi, non verificabile",CDP-S,,Attivo,,,,,
J87B20002840001,"Servizi, non verificabile",CDP-S,,Attivo,,,,,
J87B20002850001,"Servizi, non verificabile",CDP-S,,Attivo,,,,,
J87D17000010001,"Opera ultimata, CUP attivo in BDAP",CDP-I,,Attivo,concluso,"Opere ultimate, agg2025 p. 139",,Sviluppo infrastrutturale e upgrading,CdP_2022-2026_Investimenti_Agg_ 2025.pdf p. 139
J87D17000020001,"Opera ultimata, CUP attivo in BDAP",CDP-I,,Attivo,concluso,"Opere ultimate, agg2025 p. 137",,Sicurezza ed Obblighi di Legge,CdP_2022-2026_Investimenti_Agg_ 2025.pdf p. 137
J87D17000030001,"In corso nel contratto, assente dal file",,,,in corso,"Appendice 2, app2-agg2025 p. 12",P221,Upgrading rete merci - DOIT Bari,appendice_2_lista_cup.pdf p. 12
J87D17000050001,Concorda,CDP-I,,Attivo,in corso,"Appendice 2, app2-agg2025 p. 14",P223,Upgrading prestazionale corridoio Scan-Med- DOIT Bari,appendice_2_lista_cup.pdf p. 14 | appendice_3_schede_intervento.pdf p. 365
J87D17000060001,"Servizi, non verificabile",CDP-S,,Attivo,,,,,
J87D17000090001,"Servizi, non verificabile",CDP-S,,Attivo,,,,,
J87D17000100001,"Servizi, non verificabile",CDP-S,,Attivo,,,,,
J87D17000110001,"Servizi, non verificabile",CDP-S,,Attivo,,,,,
J87D17000120001,"Servizi, non verificabile",CDP-S,,Attivo,,,,,
J87D17000130001,"Servizi, non verificabile",CDP-S,,Attivo,,,,,
J87D17000140001,"Servizi, non verificabile",CDP-S,,Attivo,,,,,
J87D17000150001,"Servizi, non verificabile",CDP-S,,Attivo,,,,,
J87D17000160001,"Servizi, non verificabile",CDP-S,,Attivo,,,,,
J87D17000170001,"Servizi, non verificabile",CDP-S,,Attivo,,,,,
J87D17000180001,"Servizi, non verificabile",CDP-S,,Attivo,,,,,
J87D17000190001,"Servizi, non verificabile",CDP-S,,Attivo,,,,,
J87D17000200001,"Servizi, non verificabile",CDP-S,,Attivo,,,,,
J87D17000210001,"Servizi, non verificabile",CDP-S,,Attivo,,,,,
J87D17000220001,"Servizi, non verificabile",CDP-S,,Attivo,,,,,
J87D17000230001,"Servizi, non verificabile",CDP-S,,Attivo,,,,,
J87D17000240001,"Servizi, non verificabile",CDP-S,,Attivo,,,,,
J87D17000250001,"Servizi, non verificabile",CDP-S,,Attivo,,,,,
J87D17000260001,"Servizi, non verificabile",CDP-S,,Attivo,,,,,
J87D17000270001,"Servizi, non verificabile",CDP-S,,Attivo,,,,,
J87D17000280001,"Servizi, non verificabile",CDP-S,,Attivo,,,,,
J87D17000290001,"Servizi, non verificabile",CDP-S,,Attivo,,,,,
J87D17000300001,"Servizi, non verificabile",CDP-S,,Attivo,,,,,
J87D18000000001,"Opera ultimata, CUP attivo in BDAP",CDP-I,,Attivo,concluso,"Opere ultimate, agg2025 p. 137",,Sicurezza ed Obblighi di Legge,CdP_2022-2026_Investimenti_Agg_ 2025.pdf p. 137
J87D18000010001,Concorda,CDP-I,,Attivo,in corso,"Appendice 2, app2-agg2025 p. 3",A1004E,Piano sicurezza armamento DOIT Bari - 2018,appendice_2_lista_cup.pdf p. 3 | appendice_3_schede_intervento.pdf p. 10
J87D18000020001,"Opera ultimata, CUP attivo in BDAP",CDP-I,,Attivo,concluso,"Opere ultimate, agg2025 p. 137",,Sicurezza ed Obblighi di Legge,CdP_2022-2026_Investimenti_Agg_ 2025.pdf p. 137
J87D18000030001,"Opera ultimata, CUP attivo in BDAP",CDP-I,,Attivo,concluso,"Opere ultimate, agg2025 p. 137",,Sicurezza ed Obblighi di Legge,CdP_2022-2026_Investimenti_Agg_ 2025.pdf p. 137
J87D22000030001,Concorda,CDP-I,,Attivo,in corso,"Appendice 2, app2-agg2025 p. 4",A1013A,Piano difesa della sede da fenomeni di dissesto idrogeologico - DOIT Bologna - 2022,appendice_2_lista_cup.pdf p. 4 | appendice_3_schede_intervento.pdf p. 17
J87D22000040001,Concorda,CDP-I,,Attivo,in corso,"Appendice 2, app2-agg2025 p. 4",A1013A,Piano difesa della sede da fenomeni di dissesto idrogeologico - DOIT Ancona - 2022,appendice_2_lista_cup.pdf p. 4 | appendice_3_schede_intervento.pdf p. 16 | relazione_informativa_agg_2025_v04_clean.pdf p. 13
J87D22000050001,Concorda,CDP-I,,Attivo,in corso,"Appendice 2, app2-agg2025 p. 4",A1013A,Piano difesa della sede da fenomeni di dissesto idrogeologico - DOIT Firenze - 2022,appendice_2_lista_cup.pdf p. 4 | appendice_3_schede_intervento.pdf p. 17
J87D22000060001,Concorda,CDP-I,,Attivo,in corso,"Appendice 2, app2-agg2025 p. 4",A1013A,Piano difesa della sede da fenomeni di dissesto idrogeologico - DOIT Bari - 2022,appendice_2_lista_cup.pdf p. 4 | appendice_3_schede_intervento.pdf p. 17
J87D22000110001,Concorda,CDP-I,,Attivo,in corso,"Appendice 2, app2-agg2025 p. 14",P224,Upgrading infrastrutturale e tecnologico DOIT Ancona - 2022 (comprende Piastra Logistica Terni),appendice_2_lista_cup.pdf p. 14 | appendice_3_schede_intervento.pdf p. 374
J87D22000130001,Concorda,CDP-I,,Attivo,in corso,"Appendice 2, app2-agg2025 p. 9",P055_A,Riqualificazione stazioni Area Centro Nord,appendice_2_lista_cup.pdf p. 9 | appendice_3_schede_intervento.pdf p. 65
J87D22000140001,Concorda,CDP-I,,Attivo,in corso,"Appendice 2, app2-agg2025 p. 9",P055_A,"deploy SEM - area Centro Nord Riqualificazione funzionale e adeguamento dell'accessibilità dei fabbricati e delle aree antistanti di stazione, deploy Wi-life e",appendice_2_lista_cup.pdf p. 9 | appendice_3_schede_intervento.pdf p. 65
J87D22000270001,Concorda,CDP-I,,Attivo,in corso,"Appendice 2, app2-agg2025 p. 9",P214,Binari senza tempo - DOIT AN - 2023,appendice_2_lista_cup.pdf p. 9 | appendice_3_schede_intervento.pdf p. 74
J87D22000310001,Concorda,CDP-I,,Attivo,in corso,"Appendice 2, app2-agg2025 p. 9",P055_A,Innalzamento/prolungamento dei marciapiedi e IAP di stazione - area Centro Nord,appendice_2_lista_cup.pdf p. 9 | appendice_3_schede_intervento.pdf p. 65
J87D22000320001,Concorda,CDP-I,,Attivo,in corso,"Appendice 2, app2-agg2025 p. 5",A1013B,Verifiche vulnerabilità fisica fabbricati di stazione - Area  Centro Nord,appendice_2_lista_cup.pdf p. 5 | appendice_3_schede_intervento.pdf p. 20
J87D22000330001,Concorda,CDP-S,,Attivo,servizi,"Servizi, Allegato 4c, srv2026 p. 17",,CdP-S Infrastruttura Fisica DOIT Ancona - anno 2023,CdP_Servizi_2022-2026_AI4_Agg2026.pdf p. 17
J87D22000340001,Concorda,CDP-S,,Attivo,servizi,"Servizi, Allegato 4c, srv2026 p. 17",,CdP-S Infrastruttura Fisica DOIT Bari - anno 2023,CdP_Servizi_2022-2026_AI2_Agg2024.pdf p. 59 | CdP_Servizi_2022-2026_AI4_Agg2026.pdf p. 17 | CdP_Servizi_2022-2026_AI4_Agg2026.pdf p. 21 | appendice_9_elenco_opere_pnrr_e_pnc.pdf p. 3
J87D22000350001,"Servizi, non verificabile",CDP-S,,Attivo,,,,,
J87D22000360001,"Servizi, non verificabile",CDP-S,,Attivo,,,,,
J87D22000370001,Concorda,CDP-S,,Attivo,servizi,"Servizi, Allegato 4c, srv2026 p. 17",,CdP-S Infrastruttura Tecnologica DOIT Ancona - anno 2023,CdP_Servizi_2022-2026_AI4_Agg2026.pdf p. 17
J87D22000380001,"Servizi, non verificabile",CDP-S,,Attivo,,,,,
J87D22000390001,"Servizi, non verificabile",CDP-S,,Attivo,,,,,
J87D22000400001,"Servizi, non verificabile",CDP-S,,Attivo,,,,,
J87D22000410001,"Servizi, non verificabile",CDP-S,,Attivo,,,,,
J87D22000420001,"Servizi, non verificabile",CDP-S,,Attivo,,,,,
J87D22000440001,"In corso nel contratto, assente dal file",,,,in corso,"Appendice 2, app2-agg2025 p. 2",A1004A,Miglioramento sicurezza gallerie ferroviarie - DOIT Ancona - 2024,appendice_2_lista_cup.pdf p. 2
J87D22000450001,Concorda,CDP-I,,Attivo,in corso,"Appendice 2, app2-agg2025 p. 2",A1004A,Miglioramento sicurezza gallerie ferroviarie - DOIT Bologna - 2022,appendice_2_lista_cup.pdf p. 2 | appendice_3_schede_intervento.pdf p. 3
J87D22000460001,"Servizi, non verificabile",CDP-S,,Attivo,,,,,
J87D22000470001,Concorda,CDP-I,,Attivo,in corso,"Appendice 2, app2-agg2025 p. 7",A2004A,Tecnologie per la sicurezza settore IS - DOIT Bari,appendice_2_lista_cup.pdf p. 7 | appendice_3_schede_intervento.pdf p. 36
J87D22000480001,Concorda,CDP-I,,Attivo,in corso,"Appendice 2, app2-agg2025 p. 7",A2004A,Tecnologie per la sicurezza settore IS - DOIT Bologna,appendice_2_lista_cup.pdf p. 7 | appendice_3_schede_intervento.pdf p. 37
J87D22000490001,Concorda,CDP-I,,Attivo,in corso,"Appendice 2, app2-agg2025 p. 7",A2004A,Tecnologie per la sicurezza settore IS - DOIT Firenze,appendice_2_lista_cup.pdf p. 7 | appendice_3_schede_intervento.pdf p. 36
J87D22000560001,Concorda,CDP-I,,Attivo,in corso,"Appendice 2, app2-agg2025 p. 14",P223,DOIT AN – upgrading linee merci,appendice_2_lista_cup.pdf p. 14 | appendice_3_schede_intervento.pdf p. 365 | relazione_informativa_agg_2025_v04_clean.pdf p. 14
J87D23000020001,"Opera ultimata, CUP attivo in BDAP",CDP-I,,Attivo,concluso,"Opere ultimate, agg2024 p. 113",,Miglioramenti infrastrutturali,CdP_2022-2026_Investimenti_Agg2024.pdf p. 113
J87D23000040001,Concorda,CDP-I,,Attivo,in corso,"Appendice 2, app2-agg2025 p. 4",A1013A,Piano difesa della sede da fenomeni di dissesto idrogeologico - DOIT Bologna - 2023,appendice_2_lista_cup.pdf p. 4 | appendice_3_schede_intervento.pdf p. 17
J87D23000050001,Concorda,CDP-I,,Attivo,in corso,"Appendice 2, app2-agg2025 p. 4",A1013A,Piano difesa della sede da fenomeni di dissesto idrogeologico - DOIT Ancona - 2023,appendice_2_lista_cup.pdf p. 4 | appendice_3_schede_intervento.pdf p. 16 | relazione_informativa_agg_2025_v04_clean.pdf p. 13
J87D23000060001,Concorda,CDP-I,,Attivo,in corso,"Appendice 2, app2-agg2025 p. 4",A1013A,Piano difesa della sede da fenomeni di dissesto idrogeologico - DOIT Firenze - 2023,appendice_2_lista_cup.pdf p. 4 | appendice_3_schede_intervento.pdf p. 17
J87D23000070001,Concorda,CDP-I,,Attivo,in corso,"Appendice 2, app2-agg2025 p. 4",A1013A,Piano difesa della sede da fenomeni di dissesto idrogeologico - DOIT Bari - 2023,appendice_2_lista_cup.pdf p. 4 | appendice_3_schede_intervento.pdf p. 17
J87D23000130001,Concorda,CDP-I,,Attivo,in corso,"Appendice 2, app2-agg2025 p. 10",P214,Binari senza tempo - DOIT FI - 2023,appendice_2_lista_cup.pdf p. 10 | appendice_3_schede_intervento.pdf p. 74
J87D23000170001,Concorda,CDP-S,,Attivo,servizi,"Servizi, Allegato 4c, srv2026 p. 17",,CdP-S Infrastruttura Fisica DOIT Ancona - anno 2024,CdP_Servizi_2022-2026_AI4_Agg2026.pdf p. 17
J87D23000180001,"Servizi, non verificabile",CDP-S,,Attivo,,,,,
J87D23000190001,"Servizi, non verificabile",CDP-S,,Attivo,,,,,
J87D23000200001,"Servizi, non verificabile",CDP-S,,Attivo,,,,,
J87D23000210001,"Servizi, non verificabile",CDP-S,,Attivo,,,,,
J87D23000220001,"Servizi, non verificabile",CDP-S,,Attivo,,,,,
J87D23000230001,"Servizi, non verificabile",CDP-S,,Attivo,,,,,
J87D23000240001,"Servizi, non verificabile",CDP-S,,Attivo,,,,,
J87D23000250001,"Servizi, non verificabile",CDP-S,,Attivo,,,,,
J87D23000260001,"Servizi, non verificabile",CDP-S,,Attivo,,,,,
J87D23000270001,"Servizi, non verificabile",CDP-S,,Attivo,,,,,
J87D23000320001,"Servizi, non verificabile",CDP-S,,Attivo,,,,,
J87D23000330001,"Servizi, non verificabile",CDP-S,,Attivo,,,,,
J87D23000340001,"Servizi, non verificabile",CDP-S,,Attivo,,,,,
J87D23000350001,"Servizi, non verificabile",CDP-S,,Attivo,,,,,
J87D23000360001,"Servizi, non verificabile",CDP-S,,Attivo,,,,,
J87D23000370001,"Servizi, non verificabile",CDP-S,,Attivo,,,,,
J87D23000380001,"Servizi, non verificabile",CDP-S,,Attivo,,,,,
J87D23000390001,"Servizi, non verificabile",CDP-S,,Attivo,,,,,
J87D23000400001,"Servizi, non verificabile",CDP-S,,Attivo,,,,,
J87D23000410001,"Servizi, non verificabile",CDP-S,,Attivo,,,,,
J87D23000420001,"Servizi, non verificabile",CDP-S,,Attivo,,,,,
J87D24000050001,Concorda,CDP-I,,Attivo,in corso,"Appendice 2, app2-agg2025 p. 2",A1004A,Miglioramento sicurezza gallerie ferroviarie - DOIT Ancona - 2024,appendice_2_lista_cup.pdf p. 2 | appendice_3_schede_intervento.pdf p. 4
J87D24000150005,"In corso nel contratto, assente dal file",,,,in corso,"Appendice 2, app2-agg2025 p. 12",P060,Upgrading Terminali Merci - Bologna,appendice_2_lista_cup.pdf p. 12
J87D24000210001,Concorda,CDP-I,,Attivo,in corso,"Appendice 2, app2-agg2025 p. 10",P200,Miglioramenti infrastrutturali Potenziamento – Firenze - 2024,appendice_2_lista_cup.pdf p. 10 | appendice_3_schede_intervento.pdf p. 126 | relazione_informativa_agg_2025_v04_clean.pdf p. 16
J87D24000230001,Concorda,CDP-I,,Attivo,in corso,"Appendice 2, app2-agg2025 p. 4",A1013A,BO - Mitigazione rischio idrogeologico,appendice_2_lista_cup.pdf p. 4 | appendice_3_schede_intervento.pdf p. 16 | appendice_9_elenco_opere_pnrr_e_pnc.pdf p. 4 | relazione_informativa_agg_2025_v04_clean.pdf p. 15
J87D24000240001,Concorda,CDP-I,,Attivo,in corso,"Appendice 2, app2-agg2025 p. 4",A1013A,FI - Mitigazione rischio idrogeologico,appendice_2_lista_cup.pdf p. 4 | appendice_3_schede_intervento.pdf p. 16 | appendice_9_elenco_opere_pnrr_e_pnc.pdf p. 4 | relazione_informativa_agg_2025_v04_clean.pdf p. 15
J87D24000250001,Concorda,CDP-I,,Attivo,in corso,"Appendice 2, app2-agg2025 p. 5",A1013A,BA - Mitigazione rischio idrogeologico,appendice_2_lista_cup.pdf p. 5 | appendice_3_schede_intervento.pdf p. 18
J87D24000260001,Concorda,CDP-I,,Attivo,in corso,"Appendice 2, app2-agg2025 p. 4",A1013A,Frana Fiume Latte,appendice_2_lista_cup.pdf p. 4 | appendice_3_schede_intervento.pdf p. 18
J87D25000000001,Concorda,CDP-I,,Attivo,in corso,"Appendice 2, app2-agg2025 p. 4",A1013A,UTL Interventi dissesto,appendice_2_lista_cup.pdf p. 4 | appendice_3_schede_intervento.pdf p. 16 | relazione_informativa_agg_2025_v04_clean.pdf p. 16
J87D25000010001,Concorda,CDP-I,,Attivo,in corso,"Appendice 2, app2-agg2025 p. 5",A1013A,Mitigazione rischio idrogeologico UT SE,appendice_2_lista_cup.pdf p. 5 | appendice_3_schede_intervento.pdf p. 17
J87D25000020001,Concorda,CDP-I,,Attivo,in corso,"Appendice 2, app2-agg2025 p. 4",A1013A,DTP.BO dif.Sede da fenom.dissesto idrog,appendice_2_lista_cup.pdf p. 4 | appendice_3_schede_intervento.pdf p. 17
J87D25000030001,Concorda,CDP-I,,Attivo,in corso,"Appendice 2, app2-agg2025 p. 4",A1013A,FI - Mitigazione rischio idrogeologico,appendice_2_lista_cup.pdf p. 4 | appendice_3_schede_intervento.pdf p. 17
J87D25000100001,"Servizi, non verificabile",,CDP-S,Attivo,,,,,
J87D25000110001,"Servizi, non verificabile",,CDP-S,Attivo,,,,,
J87D25000120001,"Servizi, non verificabile",,CDP-S,Attivo,,,,,
J87D25000130001,"Servizi, non verificabile",,CDP-S,Attivo,,,,,
J87D25000140001,"Servizi, non verificabile",,CDP-S,Attivo,,,,,
J87D25000150001,"Servizi, non verificabile",,CDP-S,Attivo,,,,,
J87D25000160001,"Servizi, non verificabile",,CDP-S,Attivo,,,,,
J87D25000170001,"Servizi, non verificabile",,CDP-S,Attivo,,,,,
J87D25000180001,"Servizi, non verificabile",,CDP-S,Attivo,,,,,
J87D25000190001,"Servizi, non verificabile",,CDP-S,Attivo,,,,,
J87D25000200001,"Servizi, non verificabile",,CDP-S,Attivo,,,,,
J87D25000210001,"Servizi, non verificabile",,CDP-S,Attivo,,,,,
J87D25000220001,"Servizi, non verificabile",,CDP-S,Attivo,,,,,
J87E13000250001,"Servizi, non verificabile",CDP-S,,Attivo,,,,,
J87E13000260001,"Servizi, non verificabile",CDP-S,,Attivo,,,,,
J87E13000270001,"Servizi, non verificabile",CDP-S,,Attivo,,,,,
J87E13000280001,"Servizi, non verificabile",CDP-S,,Attivo,,,,,
J87E13000420001,"Investimenti, non nei documenti",CDP-I,,Attivo,,,,,
J87E13000540001,"Opera ultimata, CUP attivo in BDAP",CDP-I,,Attivo,concluso,"Opere ultimate, agg2021 p. 127",,OBBLIGHI DI LEGGE - aree Portonaccio - 2013,CdP_2017-2021_Investimenti_Agg2020-2021.pdf p. 127
J87E13000610001,"Opera ultimata, CUP attivo in BDAP",CDP-I,,Attivo,concluso,"Opere ultimate, agg2025 p. 137",,Sicurezza ed Obblighi di Legge,CdP_2022-2026_Investimenti_Agg_ 2025.pdf p. 137
J87E97000000008,"Investimenti, non nei documenti",CDP-I,,Attivo,,,,,
J87F14000000001,"Servizi, non verificabile",CDP-S,,Attivo,,,,,
J87F14000010001,"Servizi, non verificabile",CDP-S,,Attivo,,,,,
J87F14000020001,"Servizi, non verificabile",CDP-S,,Attivo,,,,,
J87F14000040001,"Servizi, non verificabile",CDP-S,,Attivo,,,,,
J87F14000050001,"Servizi, non verificabile",CDP-S,,Attivo,,,,,
J87F14000060001,"Servizi, non verificabile",CDP-S,,Attivo,,,,,
J87F14000070001,"Servizi, non verificabile",CDP-S,,Attivo,,,,,
J87F14000080001,"Servizi, non verificabile",CDP-S,,Attivo,,,,,
J87F14000090001,"Servizi, non verificabile",CDP-S,,Attivo,,,,,
J87F14000100001,"Servizi, non verificabile",CDP-S,,Attivo,,,,,
J87F14000110001,"Servizi, non verificabile",CDP-S,,Attivo,,,,,
J87F14000120001,"Servizi, non verificabile",CDP-S,,Attivo,,,,,
J87F14000130001,"Servizi, non verificabile",CDP-S,,Attivo,,,,,
J87F14000140001,"Servizi, non verificabile",CDP-S,,Attivo,,,,,
J87F14000150001,"Servizi, non verificabile",CDP-S,,Attivo,,,,,
J87F14000160001,"Servizi, non verificabile",CDP-S,,Attivo,,,,,
J87F14000170001,"Servizi, non verificabile",CDP-S,,Attivo,,,,,
J87F14000180001,"Servizi, non verificabile",CDP-S,,Attivo,,,,,
J87F14000190001,"Servizi, non verificabile",CDP-S,,Attivo,,,,,
J87F14000200001,"Servizi, non verificabile",CDP-S,,Attivo,,,,,
J87F19000070001,"Opera ultimata, CUP attivo in BDAP",CDP-I,,Attivo,concluso,"Opere ultimate, agg2025 p. 139",,Sviluppo infrastrutturale e upgrading,CdP_2022-2026_Investimenti_Agg2024.pdf p. 113 | CdP_2022-2026_Investimenti_Agg_ 2025.pdf p. 139
J87F19000120001,Concorda,CDP-I,,Attivo,in corso,"Appendice 2, app2-agg2025 p. 14",P223,Interventi diffusi di upgrading infrastrutturale DOIT Ancona,appendice_2_lista_cup.pdf p. 14 | appendice_3_schede_intervento.pdf p. 365 | relazione_informativa_agg_2025_v04_clean.pdf p. 14
J87F19000170001,Concorda,CDP-I,,Attivo,in corso,"Appendice 2, app2-agg2025 p. 2",A1004A,Miglioramento sicurezza gallerie ferroviarie - DOIT Ancona - 2019,appendice_2_lista_cup.pdf p. 2 | appendice_3_schede_intervento.pdf p. 4
J87F19000190001,"Opera ultimata, CUP attivo in BDAP",CDP-I,,Attivo,concluso,"Opere ultimate, agg2025 p. 137",,Sicurezza ed Obblighi di Legge,CdP_2022-2026_Investimenti_Agg_ 2025.pdf p. 137
J87F19000210001,Concorda,CDP-I,,Attivo,in corso,"Appendice 2, app2-agg2025 p. 5",A1014,Piano conservazione opere d'arte DOIT Firenze- 2019,appendice_2_lista_cup.pdf p. 5 | appendice_3_schede_intervento.pdf p. 22
J87F19000250001,Concorda,CDP-I,,Attivo,in corso,"Appendice 2, app2-agg2025 p. 14",P224,Upgrading infrastrutturale e tecnologico DOIT Ancona - 2019,appendice_2_lista_cup.pdf p. 14 | appendice_3_schede_intervento.pdf p. 374
J87F19000260001,Concorda,CDP-I,,Attivo,in corso,"Appendice 2, app2-agg2025 p. 11",P112,Upgrading infrastrutturale e tecnologico DOIT Bologna - 2019,appendice_2_lista_cup.pdf p. 11 | appendice_3_schede_intervento.pdf p. 203
J87F19000270001,"Opera ultimata, CUP attivo in BDAP",CDP-I,,Attivo,concluso,"Opere ultimate, agg2025 p. 139",,Sviluppo infrastrutturale e upgrading,CdP_2022-2026_Investimenti_Agg_ 2025.pdf p. 139
J87F19000280001,"Opera ultimata, CUP attivo in BDAP",CDP-I,,Attivo,concluso,"Opere ultimate, agg2025 p. 139",,Sviluppo infrastrutturale e upgrading,CdP_2022-2026_Investimenti_Agg_ 2025.pdf p. 139
J87F19000400001,"Servizi, non verificabile",CDP-S,,Attivo,,,,,
J87F19000410001,"Servizi, non verificabile",CDP-S,,Attivo,,,,,
J87F19000420001,"Servizi, non verificabile",CDP-S,,Attivo,,,,,
J87F19000430001,"Servizi, non verificabile",CDP-S,,Attivo,,,,,
J87F19000440001,"Servizi, non verificabile",CDP-S,,Attivo,,,,,
J87F19000450001,"Servizi, non verificabile",CDP-S,,Attivo,,,,,
J87F19000460001,"Servizi, non verificabile",CDP-S,,Attivo,,,,,
J87F19000470001,"Servizi, non verificabile",CDP-S,,Attivo,,,,,
J87F19000480001,"Servizi, non verificabile",CDP-S,,Attivo,,,,,
J87F19000500001,"Servizi, non verificabile",CDP-S,,Attivo,,,,,
J87F19000510001,"Servizi, non verificabile",CDP-S,,Attivo,,,,,
J87F19000520001,"Servizi, non verificabile",CDP-S,,Attivo,,,,,
J87F19000560001,"Servizi, non verificabile",CDP-S,,Attivo,,,,,
J87F19000590001,"Servizi, non verificabile",CDP-S,,Attivo,,,,,
J87F19000600001,"Servizi, non verificabile",CDP-S,,Attivo,,,,,
J87F19000610001,"Servizi, non verificabile",CDP-S,,Attivo,,,,,
J87F19000620001,"Servizi, non verificabile",CDP-S,,Attivo,,,,,
J87F20000010001,Concorda,CDP-I,,Attivo,in corso,"Appendice 2, app2-agg2025 p. 5",A1014,Piano conservazione opere d'arte DOIT Bologna- 2020,appendice_2_lista_cup.pdf p. 5 | appendice_3_schede_intervento.pdf p. 23
J87F20000030001,Concorda,CDP-I,,Attivo,in corso,"Appendice 2, app2-agg2025 p. 10",P200,Upgrading rete viaggiatori DOIT Ancona - ante 2011 - 2020,appendice_2_lista_cup.pdf p. 10 | appendice_3_schede_intervento.pdf p. 126
J87F20000040001,"Opera ultimata, CUP attivo in BDAP",CDP-I,,Attivo,concluso,"Opere ultimate, agg2025 p. 137",,Sicurezza ed Obblighi di Legge,CdP_2022-2026_Investimenti_Agg_ 2025.pdf p. 137
J87F20000050001,"Opera ultimata, CUP attivo in BDAP",CDP-I,,Attivo,concluso,"Opere ultimate, agg2025 p. 137",,Sicurezza ed Obblighi di Legge,CdP_2022-2026_Investimenti_Agg_ 2025.pdf p. 137
J87F20000060001,Concorda,CDP-I,,Attivo,in corso,"Appendice 2, app2-agg2025 p. 3",A1004E,Piano sicurezza armamento DOIT Bologna - 2020,appendice_2_lista_cup.pdf p. 3 | appendice_3_schede_intervento.pdf p. 10
J87F20000070001,"Opera ultimata, CUP attivo in BDAP",CDP-I,,Attivo,concluso,"Opere ultimate, agg2025 p. 137",,Sicurezza ed Obblighi di Legge,CdP_2022-2026_Investimenti_Agg_ 2025.pdf p. 137
J87F20000080001,Concorda,CDP-I,,Attivo,in corso,"Appendice 2, app2-agg2025 p. 3",A1004D,Smaltimento materiali inquinanti (DOIT Firenze) - 2020,appendice_2_lista_cup.pdf p. 3 | appendice_3_schede_intervento.pdf p. 8
J87F20000100001,"Opera ultimata, CUP attivo in BDAP",CDP-I,,Attivo,concluso,"Opere ultimate, agg2025 p. 139",,Sviluppo infrastrutturale e upgrading,CdP_2022-2026_Investimenti_Agg_ 2025.pdf p. 139
J87F20000140001,Concorda,CDP-I,,Attivo,in corso,"Appendice 2, app2-agg2025 p. 2",A1004A,Miglioramento sicurezza gallerie ferroviarie - DOIT Firenze - 2020,appendice_2_lista_cup.pdf p. 2 | appendice_3_schede_intervento.pdf p. 4
J87F20000190001,"Opera ultimata, CUP attivo in BDAP",CDP-I,,Attivo,concluso,"Opere ultimate, agg2025 p. 143",,"Tecnologie per la sicurezza, la circolazione e l'efficientamento",CdP_2022-2026_Investimenti_Agg_ 2025.pdf p. 143
J87F20000200001,"Opera ultimata, CUP attivo in BDAP",CDP-I,,Attivo,concluso,"Opere ultimate, agg2025 p. 143",,"Tecnologie per la sicurezza, la circolazione e l'efficientamento",CdP_2022-2026_Investimenti_Agg_ 2025.pdf p. 143
J87F20000210001,Concorda,CDP-I,,Attivo,in corso,"Appendice 2, app2-agg2025 p. 4",A1013A,Piano difesa della sede da fenomeni di dissesto idrogeologico - DOIT Bari - 2020,appendice_2_lista_cup.pdf p. 4 | appendice_3_schede_intervento.pdf p. 17
J87F20000220001,"Opera ultimata, CUP attivo in BDAP",CDP-I,,Attivo,concluso,"Opere ultimate, agg2025 p. 137",,Sicurezza ed Obblighi di Legge,CdP_2022-2026_Investimenti_Agg_ 2025.pdf p. 137
J87F20000230001,Concorda,CDP-I,,Attivo,in corso,"Appendice 2, app2-agg2025 p. 5",A1014,Piano conservazione opere d'arte DOIT Bari- 2020,appendice_2_lista_cup.pdf p. 5 | appendice_3_schede_intervento.pdf p. 22
J87F20000240001,Concorda,CDP-I,,Attivo,in corso,"Appendice 2, app2-agg2025 p. 5",A1014,Piano conservazione opere d'arte DOIT Firenze- 2020,appendice_2_lista_cup.pdf p. 5 | appendice_3_schede_intervento.pdf p. 22 | relazione_informativa_agg_2025_v04_clean.pdf p. 13
J87F20000250001,Concorda,CDP-I,,Attivo,in corso,"Appendice 2, app2-agg2025 p. 2",A1004D,Smaltimento materiali inquinanti (DOIT Ancona) - 2020,appendice_2_lista_cup.pdf p. 2 | appendice_3_schede_intervento.pdf p. 8
J87F20000260001,Concorda,CDP-I,,Attivo,in corso,"Appendice 2, app2-agg2025 p. 11",P076,Potenziamento infrastrutturale e tecnologico DOIT Firenze - 2020,appendice_2_lista_cup.pdf p. 11 | appendice_3_schede_intervento.pdf p. 208
J87F20000270001,Concorda,CDP-I,,Attivo,in corso,"Appendice 2, app2-agg2025 p. 12",P112,Upgrading infrastrutturale e tecnologico DOIT Bologna - 2020,appendice_2_lista_cup.pdf p. 12 | appendice_3_schede_intervento.pdf p. 203
J87G20000090001,"Opera ultimata, CUP attivo in BDAP",CDP-I,,Attivo,concluso,"Opere ultimate, agg2025 p. 137",,Sicurezza ed Obblighi di Legge,CdP_2022-2026_Investimenti_Agg_ 2025.pdf p. 137
J87G20000100001,"Opera ultimata, CUP attivo in BDAP",CDP-I,,Attivo,concluso,"Opere ultimate, agg2025 p. 137",,Sicurezza ed Obblighi di Legge,CdP_2022-2026_Investimenti_Agg_ 2025.pdf p. 137
J87G20000110001,Concorda,CDP-I,,Attivo,in corso,"Appendice 2, app2-agg2025 p. 3",A1004E,Piano sicurezza armamento DOIT Bologna - 2021,appendice_2_lista_cup.pdf p. 3 | appendice_3_schede_intervento.pdf p. 10
J87G20000120001,"Opera ultimata, CUP attivo in BDAP",CDP-I,,Attivo,concluso,"Opere ultimate, agg2025 p. 137",,Sicurezza ed Obblighi di Legge,CdP_2022-2026_Investimenti_Agg_ 2025.pdf p. 137
J87G21000020001,Concorda,CDP-I,,Attivo,in corso,"Appendice 2, app2-agg2025 p. 14",P222,"DOIT Milano, upgrading infrastrutturali e tecnologici diffusi - 2021",appendice_2_lista_cup.pdf p. 14 | appendice_3_schede_intervento.pdf p. 338
J87H21000910001,Concorda,CDP-I,,Attivo,in corso,"Appendice 2, app2-agg2025 p. 9",P214,Binari senza tempo - DOIT AN,appendice_2_lista_cup.pdf p. 9 | appendice_3_schede_intervento.pdf p. 74
J87H21001150001,Concorda,CDP-I,,Attivo,in corso,"Appendice 2, app2-agg2025 p. 4",A1013A,Piano difesa della sede da fenomeni di dissesto idrogeologico - DOIT Bologna - 2021,appendice_2_lista_cup.pdf p. 4 | appendice_3_schede_intervento.pdf p. 18
J87H21001160001,"Opera ultimata, CUP attivo in BDAP",CDP-I,,Attivo,concluso,"Opere ultimate, agg2025 p. 143",,"Tecnologie per la sicurezza, la circolazione e l'efficientamento",CdP_2022-2026_Investimenti_Agg_ 2025.pdf p. 143
J87H21001170001,Concorda,CDP-I,,Attivo,in corso,"Appendice 2, app2-agg2025 p. 4",A1013A,Piano difesa della sede da fenomeni di dissesto idrogeologico - DOIT Firenze - 2021,appendice_2_lista_cup.pdf p. 4 | appendice_3_schede_intervento.pdf p. 17
J87H21001180001,Concorda,CDP-I,,Attivo,in corso,"Appendice 2, app2-agg2025 p. 4",A1013A,Piano difesa della sede da fenomeni di dissesto idrogeologico - DOIT Bari - 2021,appendice_2_lista_cup.pdf p. 4 | appendice_3_schede_intervento.pdf p. 17
J87H21001190001,Concorda,CDP-I,,Attivo,in corso,"Appendice 2, app2-agg2025 p. 5",A1014,Piano conservazione opere d'arte DOIT Ancona- 2021,appendice_2_lista_cup.pdf p. 5 | appendice_3_schede_intervento.pdf p. 22
J87H21001200001,Concorda,CDP-I,,Attivo,in corso,"Appendice 2, app2-agg2025 p. 5",A1014,Piano conservazione opere d'arte DOIT Bari- 2021,appendice_2_lista_cup.pdf p. 5 | appendice_3_schede_intervento.pdf p. 22
J87H21001210001,Concorda,CDP-I,,Attivo,in corso,"Appendice 2, app2-agg2025 p. 5",A1014,Piano conservazione opere d'arte DOIT Bologna- 2021,appendice_2_lista_cup.pdf p. 5 | appendice_3_schede_intervento.pdf p. 22
J87H21001220001,Concorda,CDP-I,,Attivo,in corso,"Appendice 2, app2-agg2025 p. 5",A1014,Piano conservazione opere d'arte DOIT Firenze- 2021,appendice_2_lista_cup.pdf p. 5 | appendice_3_schede_intervento.pdf p. 22
J87H21002870001,Concorda,CDP-I,,Attivo,in corso,"Appendice 2, app2-agg2025 p. 10",P214,Binari senza tempo - DOIT FI - 2021,appendice_2_lista_cup.pdf p. 10 | appendice_3_schede_intervento.pdf p. 74
J87H21002960001,Concorda,CDP-I,,Attivo,in corso,"Appendice 2, app2-agg2025 p. 14",P224,Upgrading infrastrutturale e tecnologico DOIT Ancona - 2021,appendice_2_lista_cup.pdf p. 14 | appendice_3_schede_intervento.pdf p. 374
J87H21004090001,Concorda,CDP-I,,Attivo,in corso,"Appendice 2, app2-agg2025 p. 6",A2001B,Attrezzaggi tecnologi - DOIT Firenze,appendice_2_lista_cup.pdf p. 6 | appendice_3_schede_intervento.pdf p. 33
J87H21005340001,Concorda,CDP-I,,Attivo,in corso,"Appendice 2, app2-agg2025 p. 9",P214,Palazzolo-Paratico,appendice_2_lista_cup.pdf p. 9 | appendice_3_schede_intervento.pdf p. 74 | appendice_9_elenco_opere_pnrr_e_pnc.pdf p. 5
J87H21007930001,Concorda,CDP-I,,Attivo,in corso,"Appendice 2, app2-agg2025 p. 2",A1004A,Miglioramento sicurezza gallerie ferroviarie - DOIT Ancona - 2021,appendice_2_lista_cup.pdf p. 2 | appendice_3_schede_intervento.pdf p. 4
J87H21008090001,"Opera ultimata, CUP attivo in BDAP",CDP-I,,Attivo,concluso,"Opere ultimate, agg2025 p. 139",,Sviluppo infrastrutturale e upgrading,CdP_2022-2026_Investimenti_Agg_ 2025.pdf p. 139
J87H21009060001,Concorda,CDP-S,,Attivo,servizi,"Servizi, Allegato 4c, srv2026 p. 17",,Manutenzione Straordinaria all'infrastruttura - anno 2022,CdP_Servizi_2022-2026_AI4_Agg2026.pdf p. 17
J87H21009070001,"Servizi, non verificabile",CDP-S,,Attivo,,,,,
J87H21009080001,"Servizi, non verificabile",CDP-S,,Attivo,,,,,
J87H21009090001,"Servizi, non verificabile",CDP-S,,Attivo,,,,,
J87H21009100001,"Servizi, non verificabile",CDP-S,,Attivo,,,,,
J87H21009110001,"Servizi, non verificabile",CDP-S,,Attivo,,,,,
J87H21009120001,"Servizi, non verificabile",CDP-S,,Attivo,,,,,
J87H22000220001,Concorda,CDP-S,,Attivo,servizi,"Servizi, Allegato 4c, srv2026 p. 17",,CdP-S Infratruttura Fisica DOIT Bari - anno 2022,CdP_Servizi_2022-2026_AI2_Agg2024.pdf p. 19 | CdP_Servizi_2022-2026_AI4_Agg2026.pdf p. 17
J87H22000230001,"Servizi, non verificabile",CDP-S,,Attivo,,,,,
J87H22000240001,"Servizi, non verificabile",CDP-S,,Attivo,,,,,
J87H22000250001,"Servizi, non verificabile",CDP-S,,Attivo,,,,,
J87H22000310001,Concorda,CDP-I,,Attivo,in corso,"Appendice 2, app2-agg2025 p. 11",P076,Potenziamento infrastrutturale e tecnologico DOIT Firenze - 2022,appendice_2_lista_cup.pdf p. 11 | appendice_3_schede_intervento.pdf p. 208
J87H22000370001,Concorda,CDP-I,,Attivo,in corso,"Appendice 2, app2-agg2025 p. 15",P224,Interv. prestaz. upgr. tecn. ambito BA,appendice_2_lista_cup.pdf p. 15 | appendice_3_schede_intervento.pdf p. 374
J87I05000070001,"Opera ultimata, assente dal file",,,,concluso,"Opere ultimate, agg2025 p. 139",,Sviluppo infrastrutturale e upgrading,CdP_2017-2021_Investimenti.pdf p. 180 | CdP_2022-2026_Investimenti_Agg_ 2025.pdf p. 139
J87I05000080001,Concorda,CDP-I,,Attivo,in corso,"Appendice 2, app2-agg2025 p. 14",P224,Upgrading rete merci - DOIT Roma fase 0,appendice_2_lista_cup.pdf p. 14 | appendice_3_schede_intervento.pdf p. 374
J87I05000090001,"Investimenti, non nei documenti",CDP-I,,Attivo,,,,,
J87I07000000001,Concorda,CDP-I,,Attivo,in corso,"Appendice 2, app2-agg2025 p. 8",A2011,Adeguamento ad ERTMS nelle linee di confine,appendice_2_lista_cup.pdf p. 8 | appendice_3_schede_intervento.pdf p. 62
J87I08000000001,"Opera ultimata, CUP attivo in BDAP",CDP-I,,Attivo,concluso,"Opere ultimate, agg2023 p. 37",,Manut.Straord.Opere Dif.Infr. AV/AC Roma - ante 2011,CdP_2017-2021_Investimenti.pdf p. 178 | CdP_2022-2026_Investimenti_Agg2023.pdf p. 37
J87I08000010001,"Opera ultimata, CUP attivo in BDAP",CDP-I,,Attivo,concluso,"Opere ultimate, agg2021 p. 127",,Miglior. infrastr. su linee AV/AC Roma - ante 2011,CdP_2017-2021_Investimenti.pdf p. 178 | CdP_2017-2021_Investimenti_Agg2020-2021.pdf p. 127
J87I09000000001,Concorda,CDP-I,,Attivo,in corso,"Appendice 2, app2-agg2025 p. 8",A2011,ERTMS Corridoio Mediterraneo,appendice_2_lista_cup.pdf p. 8 | appendice_3_schede_intervento.pdf p. 62 | relazione_informativa_agg_2025_v04_clean.pdf p. 13
J87I10000050001,"Investimenti, non nei documenti",CDP-I,,Chiuso,,,,,
J87I10000920001,Concorda,CDP-I,,Attivo,in corso,"Appendice 2, app2-agg2025 p. 8",A2011,ERTMS Corridoio Reno-Alpi,appendice_2_lista_cup.pdf p. 8 | appendice_3_schede_intervento.pdf p. 62
J87I12000000001,"Opera ultimata, CUP attivo in BDAP",CDP-I,,Attivo,concluso,"Opere ultimate, agg2025 p. 134",,Manutenzione Straordinaria cicli fino al 2011,CdP_2022-2026_Investimenti_Agg_ 2025.pdf p. 134
J87I12000050001,"Opera ultimata, CUP attivo in BDAP",CDP-I,,Attivo,concluso,"Opere ultimate, agg2025 p. 134",,Manutenzione Straordinaria cicli fino al 2011,CdP_2017-2021_Investimenti_Agg2020-2021.pdf p. 127 | CdP_2022-2026_Investimenti_Agg_ 2025.pdf p. 134
J87I12000060001,"Opera ultimata, CUP attivo in BDAP",CDP-I,,Attivo,concluso,"Opere ultimate, agg2025 p. 134",,Manutenzione Straordinaria cicli fino al 2011,CdP_2022-2026_Investimenti_Agg_ 2025.pdf p. 134
J87I12000070001,"Opera ultimata, CUP attivo in BDAP",CDP-I,,Attivo,concluso,"Opere ultimate, agg2025 p. 134",,Manutenzione Straordinaria cicli fino al 2011,CdP_2022-2026_Investimenti_Agg_ 2025.pdf p. 134
J87I12000080001,"Opera ultimata, assente dal file",,,,concluso,"Opere ultimate, agg2025 p. 134",,Manutenzione Straordinaria cicli fino al 2011,CdP_2022-2026_Investimenti_Agg_ 2025.pdf p. 134
J87I12000090001,"Opera ultimata, CUP attivo in BDAP",CDP-I,,Attivo,concluso,"Opere ultimate, agg2025 p. 134",,Manutenzione Straordinaria cicli fino al 2011,CdP_2022-2026_Investimenti_Agg_ 2025.pdf p. 134
J87I12000100001,"Opera ultimata, CUP attivo in BDAP",CDP-I,,Attivo,concluso,"Opere ultimate, agg2025 p. 134",,Manutenzione Straordinaria cicli fino al 2011,CdP_2017-2021_Investimenti_Agg2020-2021.pdf p. 127 | CdP_2022-2026_Investimenti_Agg_ 2025.pdf p. 134
J87I12000110001,"Opera ultimata, CUP attivo in BDAP",CDP-I,,Attivo,concluso,"Opere ultimate, agg2025 p. 134",,Manutenzione Straordinaria cicli fino al 2011,CdP_2022-2026_Investimenti_Agg_ 2025.pdf p. 134
J87I12000120001,"Opera ultimata, CUP attivo in BDAP",CDP-I,,Attivo,concluso,"Opere ultimate, agg2025 p. 134",,Manutenzione Straordinaria cicli fino al 2011,CdP_2022-2026_Investimenti_Agg_ 2025.pdf p. 134
J87I12000130001,"Opera ultimata, CUP attivo in BDAP",CDP-I,,Attivo,concluso,"Opere ultimate, agg2025 p. 134",,Manutenzione Straordinaria cicli fino al 2011,CdP_2022-2026_Investimenti_Agg_ 2025.pdf p. 134
J87I12000140001,"Opera ultimata, CUP attivo in BDAP",CDP-I,,Attivo,concluso,"Opere ultimate, agg2025 p. 134",,Manutenzione Straordinaria cicli fino al 2011,CdP_2022-2026_Investimenti_Agg_ 2025.pdf p. 134
J87I12000150001,"Opera ultimata, assente dal file",,,,concluso,"Opere ultimate, agg2025 p. 134",,Manutenzione Straordinaria cicli fino al 2011,CdP_2022-2026_Investimenti_Agg_ 2025.pdf p. 134
J87I12000160001,"Opera ultimata, assente dal file",,,,concluso,"Opere ultimate, agg2025 p. 134",,Manutenzione Straordinaria cicli fino al 2011,CdP_2022-2026_Investimenti_Agg_ 2025.pdf p. 134
J87I12000230001,"Opera ultimata, CUP attivo in BDAP",CDP-I,,Attivo,concluso,"Opere ultimate, cdp2017 p. 178",,Obblighi di Legge - Stazioni,CdP_2017-2021_Investimenti.pdf p. 178
J87I13000000001,"Opera ultimata, CUP attivo in BDAP",CDP-I,,Attivo,concluso,"Opere ultimate, agg2025 p. 134",,Manutenzione Straordinaria cicli fino al 2011,CdP_2022-2026_Investimenti_Agg_ 2025.pdf p. 134
J87I13000010001,"Opera ultimata, CUP attivo in BDAP",CDP-I,,Attivo,concluso,"Opere ultimate, agg2025 p. 134",,Manutenzione Straordinaria cicli fino al 2011,CdP_2022-2026_Investimenti_Agg_ 2025.pdf p. 134
J87I13000020001,"Servizi, non verificabile",CDP-S,,Attivo,,,,,
J87I13000030001,"Servizi, non verificabile",CDP-S,,Attivo,,,,,
J87I13000040001,"Servizi, non verificabile",CDP-S,,Attivo,,,,,
J87I13000050001,"Servizi, non verificabile",CDP-S,,Attivo,,,,,
J87I13000060001,"Servizi, non verificabile",CDP-S,,Attivo,,,,,
J87I13000070001,"Servizi, non verificabile",CDP-S,,Attivo,,,,,
J87I13000080001,"Servizi, non verificabile",CDP-S,,Attivo,,,,,
J87I13000120001,"Opera ultimata, CUP attivo in BDAP",CDP-I,,Attivo,concluso,"Opere ultimate, agg2025 p. 134",,Manutenzione Straordinaria cicli fino al 2011,CdP_2022-2026_Investimenti_Agg_ 2025.pdf p. 134
J87I17000020001,Concorda,CDP-I,,Attivo,in corso,"Appendice 2, app2-agg2025 p. 14",P223,DOIT AN – Upgrading linee viaggiatori,appendice_2_lista_cup.pdf p. 14 | appendice_3_schede_intervento.pdf p. 365
J87I17000030001,Concorda,CDP-I,,Attivo,in corso,"Appendice 2, app2-agg2025 p. 14",P223,DOIT BA – upgrading linee viaggiatori,appendice_2_lista_cup.pdf p. 14 | appendice_3_schede_intervento.pdf p. 365
J87I17000040001,Concorda,CDP-I,,Attivo,in corso,"Appendice 2, app2-agg2025 p. 14",P224,DOIT BO – upgrading linee viaggiatori,appendice_2_lista_cup.pdf p. 14 | appendice_3_schede_intervento.pdf p. 374 | relazione_informativa_agg_2025_v04_clean.pdf p. 16
J87I17000050001,Concorda,CDP-I,,Attivo,in corso,"Appendice 2, app2-agg2025 p. 10",P200,DOIT FI – upgrading linee viaggiatori,appendice_2_lista_cup.pdf p. 10 | appendice_3_schede_intervento.pdf p. 126
J87I17000060001,"Opera ultimata, CUP attivo in BDAP",CDP-I,,Attivo,concluso,"Opere ultimate, agg2025 p. 137",,Sicurezza ed Obblighi di Legge,CdP_2022-2026_Investimenti_Agg2024.pdf p. 113 | CdP_2022-2026_Investimenti_Agg_ 2025.pdf p. 137
J87I18000020001,Concorda,CDP-I,,Attivo,in corso,"Appendice 2, app2-agg2025 p. 4",A1013A,Piano difesa della sede da fenomeni di dissesto idrogeologico - DOIT Bologna - 2018,appendice_2_lista_cup.pdf p. 4 | appendice_3_schede_intervento.pdf p. 17
J87I18000030001,"Opera ultimata, CUP attivo in BDAP",CDP-I,,Attivo,concluso,"Opere ultimate, agg2025 p. 143",,"Tecnologie per la sicurezza, la circolazione e l'efficientamento",CdP_2022-2026_Investimenti_Agg_ 2025.pdf p. 143
J87I18000040001,"Opera ultimata, CUP attivo in BDAP",CDP-I,,Attivo,concluso,"Opere ultimate, agg2025 p. 143",,"Tecnologie per la sicurezza, la circolazione e l'efficientamento",CdP_2022-2026_Investimenti_Agg_ 2025.pdf p. 143 | relazione_informativa_agg_2025_v04_clean.pdf p. 14
J87I18000050001,"Opera ultimata, CUP attivo in BDAP",CDP-I,,Attivo,concluso,"Opere ultimate, agg2025 p. 143",,"Tecnologie per la sicurezza, la circolazione e l'efficientamento",CdP_2022-2026_Investimenti_Agg_ 2025.pdf p. 143
J87J18000230001,Concorda,CDP-I,,Attivo,in corso,"Appendice 2, app2-agg2025 p. 14",P223,DOIT BO – upgrading linee merci,appendice_2_lista_cup.pdf p. 14 | appendice_3_schede_intervento.pdf p. 364
J87J18000240001,Concorda,CDP-I,,Attivo,in corso,"Appendice 2, app2-agg2025 p. 14",P224,DOIT FI – upgrading linee merci,appendice_2_lista_cup.pdf p. 14 | appendice_3_schede_intervento.pdf p. 374
J87J18000250001,Concorda,CDP-I,,Chiuso,concluso,"Opere ultimate, agg2025 p. 143",,"Tecnologie per la sicurezza, la circolazione e l'efficientamento",CdP_2022-2026_Investimenti.pdf p. 138 | CdP_2022-2026_Investimenti_Agg_ 2025.pdf p. 143
J87J18000260001,Concorda,CDP-I,,Attivo,in corso,"Appendice 2, app2-agg2025 p. 11",P201,Upgrading linea Adriatica - DOIT Bari,appendice_2_lista_cup.pdf p. 11 | appendice_3_schede_intervento.pdf p. 155
J87J18000270001,Concorda,CDP-I,,Attivo,in corso,"Appendice 2, app2-agg2025 p. 14",P223,Upgrading linea Adriatica - DOIT Ancona,appendice_2_lista_cup.pdf p. 14 | appendice_3_schede_intervento.pdf p. 365
J87J18000280001,Concorda,CDP-I,,Attivo,in corso,"Appendice 2, app2-agg2025 p. 11",P054,Upgrading Carnate-Monza,appendice_2_lista_cup.pdf p. 11 | appendice_3_schede_intervento.pdf p. 194
J87J18000340001,"Opera ultimata, CUP attivo in BDAP",CDP-I,,Attivo,concluso,"Opere ultimate, agg2025 p. 137",,Sicurezza ed Obblighi di Legge,CdP_2022-2026_Investimenti_Agg_ 2025.pdf p. 137
J87J18000350001,"Opera ultimata, CUP attivo in BDAP",CDP-I,,Attivo,concluso,"Opere ultimate, agg2024 p. 113",,Smaltimento materiali inquinanti (DOIT Bologna) - 2018,CdP_2022-2026_Investimenti_Agg2024.pdf p. 113
J87J18000360001,"Opera ultimata, CUP attivo in BDAP",CDP-I,,Attivo,concluso,"Opere ultimate, agg2025 p. 137",,Sicurezza ed Obblighi di Legge,CdP_2022-2026_Investimenti_Agg_ 2025.pdf p. 137
J87J18000430001,"Servizi, non verificabile",CDP-S,,Attivo,,,,,
J87J18000440001,"Servizi, non verificabile",CDP-S,,Attivo,,,,,
J87J18000450001,"Servizi, non verificabile",CDP-S,,Attivo,,,,,
J87J18000460001,"Servizi, non verificabile",CDP-S,,Attivo,,,,,
J87J18000470001,"Servizi, non verificabile",CDP-S,,Attivo,,,,,
J87J18000480001,"Servizi, non verificabile",CDP-S,,Attivo,,,,,
J87J18000490001,"Servizi, non verificabile",CDP-S,,Attivo,,,,,
J87J18000500001,"Servizi, non verificabile",CDP-S,,Attivo,,,,,
J87J18000510001,"Servizi, non verificabile",CDP-S,,Attivo,,,,,
J87J18000520001,"Servizi, non verificabile",CDP-S,,Attivo,,,,,
J87J18000530001,"Servizi, non verificabile",CDP-S,,Attivo,,,,,
J87J18000540001,"Servizi, non verificabile",CDP-S,,Attivo,,,,,
J87J18000550001,"Servizi, non verificabile",CDP-S,,Attivo,,,,,
J87J18000560001,"Servizi, non verificabile",CDP-S,,Attivo,,,,,
J87J18000570001,"Servizi, non verificabile",CDP-S,,Attivo,,,,,
J87J18000580001,"Servizi, non verificabile",CDP-S,,Attivo,,,,,
J87J18000590001,"Servizi, non verificabile",CDP-S,,Attivo,,,,,
J87J18000600001,"Servizi, non verificabile",CDP-S,,Attivo,,,,,
J87J18000610001,"Servizi, non verificabile",CDP-S,,Attivo,,,,,
J87J18000620001,"Servizi, non verificabile",CDP-S,,Attivo,,,,,
J87J18000630001,"Servizi, non verificabile",CDP-S,,Attivo,,,,,
J87J18000640001,Concorda,CDP-S,,Attivo,servizi,"Servizi, Allegato 4c, srv2026 p. 17",,Obblighi di Legge officine ONAAE - 2019,CdP_Servizi_2022-2026_AI4_Agg2026.pdf p. 17
J87J18000650001,"Servizi, non verificabile",CDP-S,,Attivo,,,,,
J87J18000680001,"Opera ultimata, CUP attivo in BDAP",CDP-I,,Attivo,concluso,"Opere ultimate, agg2025 p. 137",,Sicurezza ed Obblighi di Legge,CdP_2022-2026_Investimenti_Agg_ 2025.pdf p. 137
J87J18000690001,Concorda,CDP-I,,Attivo,in corso,"Appendice 2, app2-agg2025 p. 11",P201|P087,Interventi diffusi di potenziamento regione Abruzzo,CdP_2017-2021_Investimenti_Agg2020-2021.pdf p. 33 | CdP_2017-2021_Investimenti_Agg2020-2021.pdf p. 80 | CdP_2022-2026_Investimenti.pdf p. 49 | CdP_2022-2026_Investimenti.pdf p. 96 | appendice_2_lista_cup.pdf p. 11 | appendice_3_schede_intervento.pdf p. 155
J87J18000700001,Concorda,CDP-I,,Attivo,in corso,"Appendice 2, app2-agg2025 p. 10",P200,Interventi diffusi di potenziamento infrastrutturale e tecnologico ambito regione Marche,appendice_2_lista_cup.pdf p. 10 | appendice_3_schede_intervento.pdf p. 126
J87J18000710001,Concorda,CDP-I,,Attivo,in corso,"Appendice 2, app2-agg2025 p. 14",P224,Potenziamento infrastrutturale e tecnologico DOIT Firenze,appendice_2_lista_cup.pdf p. 14 | appendice_3_schede_intervento.pdf p. 374
J87J19000010001,Concorda,CDP-I,,Attivo,in corso,"Appendice 2, app2-agg2025 p. 4",A1013A,Piano difesa della sede da fenomeni di dissesto idrogeologico - DOIT Bologna - 2019,appendice_2_lista_cup.pdf p. 4 | appendice_3_schede_intervento.pdf p. 18 | relazione_informativa_agg_2025_v04_clean.pdf p. 13
J87J19000020001,"Opera ultimata, CUP attivo in BDAP",CDP-I,,Attivo,concluso,"Opere ultimate, agg2025 p. 143",,"Tecnologie per la sicurezza, la circolazione e l'efficientamento",CdP_2022-2026_Investimenti_Agg_ 2025.pdf p. 143
J87J19000030001,Concorda,CDP-I,,Attivo,in corso,"Appendice 2, app2-agg2025 p. 4",A1013A,Piano difesa della sede da fenomeni di dissesto idrogeologico - DOIT Firenze - 2019,appendice_2_lista_cup.pdf p. 4 | appendice_3_schede_intervento.pdf p. 17
J87J19000040001,Concorda,CDP-I,,Attivo,in corso,"Appendice 2, app2-agg2025 p. 4",A1013A,Piano difesa della sede da fenomeni di dissesto idrogeologico - DOIT Bari - 2019,appendice_2_lista_cup.pdf p. 4 | appendice_3_schede_intervento.pdf p. 17
J87J19000050001,"Opera ultimata, CUP attivo in BDAP",CDP-I,,Attivo,concluso,"Opere ultimate, agg2025 p. 137",,Sicurezza ed Obblighi di Legge,CdP_2022-2026_Investimenti_Agg_ 2025.pdf p. 137
J87J19000060001,Concorda,CDP-I,,Attivo,in corso,"Appendice 2, app2-agg2025 p. 3",A1004E,Piano sicurezza armamento DOIT Bari - 2019,appendice_2_lista_cup.pdf p. 3 | appendice_3_schede_intervento.pdf p. 10
J87J19000070001,"Opera ultimata, CUP attivo in BDAP",CDP-I,,Attivo,concluso,"Opere ultimate, agg2025 p. 137",,Sicurezza ed Obblighi di Legge,CdP_2022-2026_Investimenti_Agg_ 2025.pdf p. 137
J87J19000080001,"Opera ultimata, CUP attivo in BDAP",CDP-I,,Attivo,concluso,"Opere ultimate, agg2025 p. 137",,Sicurezza ed Obblighi di Legge,CdP_2022-2026_Investimenti_Agg_ 2025.pdf p. 137
J88C14000290001,"Opera ultimata, assente dal file",,,,concluso,"Opere ultimate, agg2025 p. 134",,Manutenzione Straordinaria cicli fino al 2011,CdP_2022-2026_Investimenti_Agg_ 2025.pdf p. 134
J89B08000110001,"Opera ultimata, assente dal file",,,,concluso,"Opere ultimate, agg2025 p. 143",,"Tecnologie per la sicurezza, la circolazione e l'efficientamento",CdP_2017-2021_Investimenti_Agg2020-2021.pdf p. 128 | CdP_2022-2026_Investimenti_Agg_ 2025.pdf p. 143
J89B08000280001,"Investimenti, non nei documenti",CDP-I,,Chiuso,,,,,
J89B09000050001,"Investimenti, non nei documenti",CDP-I,,Chiuso,,,,,
J89B12000120001,"Opera ultimata, CUP attivo in BDAP",CDP-I,,Attivo,concluso,"Opere ultimate, cdp2022 p. 138",,Spostamento Posti Centrali e adeguam IaP,CdP_2022-2026_Investimenti.pdf p. 138
J91B21000410009,Concorda,CDP-I,,Attivo,in corso,"Appendice 2, app2-agg2025 p. 12",P060,Bretella merci di collegamento ad est della stazione di Padova Interporto,appendice_2_lista_cup.pdf p. 12 | appendice_3_schede_intervento.pdf p. 256 | appendice_3_schede_intervento.pdf p. 257 | appendice_3_schede_intervento.pdf p. 481 | appendice_4delta_costi.pdf p. 17 | appendice_4delta_costi.pdf p. 28
J91B21004120001,Concorda,CDP-I,,Attivo,in corso,"Appendice 2, app2-agg2025 p. 15",P224,Livorno - Interporto Guasticce,appendice_2_lista_cup.pdf p. 15
J91C04000000008,Concorda,CDP-I,,Attivo,in corso,"Tabella A/B, agg2025 p. 55",A5000_1,Nodo AV di Firenze Nodo AV di Firenze,CdP_2017-2021_Investimenti.pdf p. 73 | CdP_2017-2021_Investimenti.pdf p. 169 | CdP_2017-2021_Investimenti_Agg2020-2021.pdf p. 49 | CdP_2017-2021_Investimenti_Agg2020-2021.pdf p. 120 | CdP_2022-2026_Investimenti.pdf p. 53 | CdP_2022-2026_Investimenti.pdf p. 102
J91G21000010001,Concorda,CDP-I,,Attivo,in corso,"Appendice 2, app2-agg2025 p. 9",P237,Bari Centrale: nuovo parco urbano,appendice_2_lista_cup.pdf p. 9 | appendice_3_schede_intervento.pdf p. 67 | appendice_9_elenco_opere_pnrr_e_pnc.pdf p. 4
J91G22000030001,Concorda,CDP-I,,Attivo,in corso,"Appendice 2, app2-agg2025 p. 10",P201,Nuove fermate e stazioni Area Centro Sud,appendice_2_lista_cup.pdf p. 10 | appendice_3_schede_intervento.pdf p. 155
J91G23000000001,Concorda,CDP-I,,Attivo,in corso,"Appendice 2, app2-agg2025 p. 10",P199,Fermata S. Giacomo Laives linea Verona-Brennero,appendice_2_lista_cup.pdf p. 10 | appendice_3_schede_intervento.pdf p. 110
J91G23000020001,Concorda,CDP-I,,Attivo,in corso,"Appendice 2, app2-agg2025 p. 12",P060,Hub intermodale Alessandria Smistamento,appendice_2_lista_cup.pdf p. 12 | appendice_3_schede_intervento.pdf p. 257 | relazione_informativa_agg_2025_v04_clean.pdf p. 16
J91G25000040001,"Nei documenti, fuori dalle tabelle",CDP-I,,Attivo,,,,,appendice_3_schede_intervento.pdf p. 67
J91H00000280008,"Opera ultimata, CUP attivo in BDAP",CDP-I,,Attivo,concluso,"Opere ultimate, agg2025 p. 139",,Sviluppo infrastrutturale e upgrading,CdP_2017-2021_Investimenti.pdf p. 180 | CdP_2022-2026_Investimenti_Agg_ 2025.pdf p. 139
J91H00000290001,"Opera ultimata, assente dal file",,,,concluso,"Opere ultimate, agg2025 p. 140",,Studi di fattibilità e progettazioni,CdP_2022-2026_Investimenti_Agg2023.pdf p. 38 | CdP_2022-2026_Investimenti_Agg_ 2025.pdf p. 140
J91H00000300001,"Opera ultimata, assente dal file",,,,concluso,"Opere ultimate, agg2025 p. 140",,Impianti industriali e terminali viaggiatori e merci,CdP_2022-2026_Investimenti_Agg_ 2025.pdf p. 140
J91H01000320008,"Opera ultimata, CUP attivo in BDAP",CDP-I,,Attivo,concluso,"Opere ultimate, cdp2017 p. 180",,Potenziamento Infrastrutturale e Tecnologico Lamezia Terme - Catanzaro Lido,CdP_2017-2021_Investimenti.pdf p. 180
J91H01000330008,"Opera ultimata, CUP attivo in BDAP",CDP-I,,Attivo,concluso,"Opere ultimate, cdp2017 p. 181",,Centro dinamica sperimentale Osmannoro,CdP_2017-2021_Investimenti.pdf p. 181
J91H01000350001,"Opera ultimata, CUP attivo in BDAP",CDP-I,,Attivo,concluso,"Opere ultimate, agg2025 p. 139",,Sviluppo infrastrutturale e upgrading,CdP_2017-2021_Investimenti.pdf p. 180 | CdP_2017-2021_Investimenti_Agg2020-2021.pdf p. 128 | CdP_2022-2026_Investimenti_Agg2023.pdf p. 38 | CdP_2022-2026_Investimenti_Agg_ 2025.pdf p. 139
J91H02000060001,"Opera ultimata, assente dal file",,,,concluso,"Opere ultimate, agg2025 p. 140",,Impianti industriali e terminali viaggiatori e merci,CdP_2022-2026_Investimenti_Agg_ 2025.pdf p. 140
J91H03000180008,"Opera ultimata, CUP attivo in BDAP",CDP-I,,Attivo,concluso,"Opere ultimate, cdp2017 p. 180",,Sistemazione a P.R.G. Firenze SMN,CdP_2017-2021_Investimenti.pdf p. 180
J91H03000190001,Concorda,CDP-I,,Attivo,in corso,"Tabella A/B, agg2025 p. 65",1346,Potenziamento linea Pistoia-Lucca Raddoppio Pistoia-Montecatini Upgrading Montecatini-Pescia Raddoppio Pescia-Lucca PROG ITER,CdP_2017-2021_Investimenti.pdf p. 47 | CdP_2017-2021_Investimenti.pdf p. 123 | CdP_2017-2021_Investimenti_Agg2020-2021.pdf p. 32 | CdP_2017-2021_Investimenti_Agg2020-2021.pdf p. 78 | CdP_2022-2026_Investimenti.pdf p. 48 | CdP_2022-2026_Investimenti.pdf p. 94
J91H89000000001,"Opera ultimata, assente dal file",,,,concluso,"Opere ultimate, agg2025 p. 139",,Sviluppo infrastrutturale e upgrading,CdP_2022-2026_Investimenti_Agg_ 2025.pdf p. 139
J91H92000000001,"Opera ultimata, CUP attivo in BDAP",CDP-I,,Attivo,concluso,"Opere ultimate, cdp2017 p. 180",,Raddoppio Reggio Calabria - Melito Porto Salvo,CdP_2017-2021_Investimenti.pdf p. 180
J91H92000000011,"Opera ultimata, CUP attivo in BDAP",CDP-I,,Attivo,concluso,"Opere ultimate, agg2025 p. 140",0308,Studi di fattibilità e progettazioni,CdP_2017-2021_Investimenti.pdf p. 105 | CdP_2017-2021_Investimenti.pdf p. 163 | CdP_2022-2026_Investimenti_Agg2024.pdf p. 113 | CdP_2022-2026_Investimenti_Agg_ 2025.pdf p. 140
J91H92000010001,"Opera ultimata, CUP attivo in BDAP",CDP-I,,Attivo,concluso,"Opere ultimate, agg2025 p. 139",,Sviluppo infrastrutturale e upgrading,CdP_2017-2021_Investimenti.pdf p. 180 | CdP_2017-2021_Investimenti_Agg2020-2021.pdf p. 128 | CdP_2022-2026_Investimenti_Agg2023.pdf p. 38 | CdP_2022-2026_Investimenti_Agg_ 2025.pdf p. 139
J91H92000020008,Concorda,CDP-I,,Chiuso,concluso,"Opere ultimate, agg2025 p. 143",,"Tecnologie per la sicurezza, la circolazione e l'efficientamento",CdP_2022-2026_Investimenti_Agg_ 2025.pdf p. 143
J91H92000030001,Concorda,CDP-I,,Chiuso,concluso,"Opere ultimate, agg2025 p. 139",,Sviluppo infrastrutturale e upgrading,CdP_2022-2026_Investimenti_Agg_ 2025.pdf p. 139
J91H92000040011,"Opera ultimata, assente dal file",,,,concluso,"Opere ultimate, agg2025 p. 134",,Manutenzione Straordinaria cicli fino al 2011,CdP_2017-2021_Investimenti.pdf p. 178 | CdP_2022-2026_Investimenti_Agg_ 2025.pdf p. 134
J91H92000040021,"Opera ultimata, CUP attivo in BDAP",CDP-I,,Attivo,concluso,"Opere ultimate, agg2025 p. 134",,Manutenzione Straordinaria cicli fino al 2011,CdP_2022-2026_Investimenti.pdf p. 138 | CdP_2022-2026_Investimenti_Agg2023.pdf p. 37 | CdP_2022-2026_Investimenti_Agg_ 2025.pdf p. 134
J91H92000040031,"Opera ultimata, CUP attivo in BDAP",CDP-I,,Attivo,concluso,"Opere ultimate, cdp2022 p. 138",,Miglioramenti infrastrutturali - Potenziamento - Napoli,CdP_2017-2021_Investimenti.pdf p. 178 | CdP_2022-2026_Investimenti.pdf p. 138
J91H92000040041,"Opera ultimata, CUP attivo in BDAP",CDP-I,,Attivo,concluso,"Opere ultimate, cdp2017 p. 178",,Miglioramenti infrastrutturali Roma-Napoli via Cassino,CdP_2017-2021_Investimenti.pdf p. 178
J91H92000040051,"Investimenti, non nei documenti",CDP-I,,Chiuso,,,,,
J91H92000040061,"Investimenti, non nei documenti",CDP-I,,Chiuso,,,,,
J91H92000040071,"Opera ultimata, assente dal file",,,,concluso,"Opere ultimate, agg2025 p. 134",,Manutenzione Straordinaria cicli fino al 2011,CdP_2022-2026_Investimenti_Agg_ 2025.pdf p. 134
J91H92000040081,Concorda,CDP-I,,Chiuso,concluso,"Opere ultimate, agg2025 p. 137",,Sicurezza ed Obblighi di Legge,CdP_2017-2021_Investimenti_Agg2020-2021.pdf p. 127 | CdP_2022-2026_Investimenti_Agg_ 2025.pdf p. 137
J91H92000040101,"Opera ultimata, CUP attivo in BDAP",CDP-I,,Attivo,concluso,"Opere ultimate, agg2025 p. 134",,Manutenzione Straordinaria cicli fino al 2011,CdP_2017-2021_Investimenti.pdf p. 178 | CdP_2017-2021_Investimenti_Agg2020-2021.pdf p. 127 | CdP_2022-2026_Investimenti_Agg2023.pdf p. 37 | CdP_2022-2026_Investimenti_Agg_ 2025.pdf p. 134
J91H92000040111,Concorda,CDP-I,,Attivo,in corso,"Tabella A/B, agg2025 p. 55",1417,Potenziamento linee Castelli Romani Potenziamento stazione di Marino e Frascati; potenziamento infrastrutturale e tecnologico della linea Ciampino-Frascati e nuova stazione di Villa Senni,CdP_2017-2021_Investimenti.pdf p. 53 | CdP_2017-2021_Investimenti.pdf p. 133 | CdP_2017-2021_Investimenti_Agg2020-2021.pdf p. 37 | CdP_2017-2021_Investimenti_Agg2020-2021.pdf p. 88 | CdP_2022-2026_Investimenti.pdf p. 54 | CdP_2022-2026_Investimenti.pdf p. 104
J91H92000040151,"Opera ultimata, CUP attivo in BDAP",CDP-I,,Attivo,concluso,"Opere ultimate, agg2025 p. 134",,Manutenzione Straordinaria cicli fino al 2011,CdP_2017-2021_Investimenti.pdf p. 178 | CdP_2022-2026_Investimenti_Agg_ 2025.pdf p. 134
J91H92000040161,"Opera ultimata, assente dal file",,,,concluso,"Opere ultimate, agg2025 p. 134",,Manutenzione Straordinaria cicli fino al 2011,CdP_2017-2021_Investimenti.pdf p. 178 | CdP_2022-2026_Investimenti_Agg_ 2025.pdf p. 134
J91H92000040171,"Opera ultimata, CUP attivo in BDAP",CDP-I,,Attivo,concluso,"Opere ultimate, cdp2017 p. 178",,Miglioramenti infrastrutturali - Potenziamento - Reggio Calabria,CdP_2017-2021_Investimenti.pdf p. 178
J91H92000040181,"Opera ultimata, CUP attivo in BDAP",CDP-I,,Attivo,concluso,"Opere ultimate, agg2025 p. 134",,Manutenzione Straordinaria cicli fino al 2011,CdP_2022-2026_Investimenti_Agg_ 2025.pdf p. 134
J91H92000040201,"Opera ultimata, assente dal file",,,,concluso,"Opere ultimate, agg2025 p. 134",,Manutenzione Straordinaria cicli fino al 2011,CdP_2022-2026_Investimenti_Agg_ 2025.pdf p. 134
J91H92000040221,"Opera ultimata, CUP attivo in BDAP",CDP-I,,Attivo,concluso,"Opere ultimate, agg2025 p. 134",,Manutenzione Straordinaria cicli fino al 2011,CdP_2017-2021_Investimenti.pdf p. 179 | CdP_2022-2026_Investimenti_Agg_ 2025.pdf p. 134
J91H92000040231,"Opera ultimata, CUP attivo in BDAP",CDP-I,,Attivo,concluso,"Opere ultimate, agg2025 p. 137",,Sicurezza ed Obblighi di Legge,CdP_2022-2026_Investimenti.pdf p. 138 | CdP_2022-2026_Investimenti_Agg_ 2025.pdf p. 137
J91H92000040281,"Opera ultimata, CUP attivo in BDAP",CDP-I,,Attivo,concluso,"Opere ultimate, agg2025 p. 134",,Manutenzione Straordinaria cicli fino al 2011,CdP_2022-2026_Investimenti_Agg_ 2025.pdf p. 134
J91H92000040331,"Opera ultimata, assente dal file",,,,concluso,"Opere ultimate, agg2021 p. 127",,Miglioramenti Infrastrutturali CA - ante 2011,CdP_2017-2021_Investimenti.pdf p. 179 | CdP_2017-2021_Investimenti_Agg2020-2021.pdf p. 127
J91H92000040341,"Opera ultimata, CUP attivo in BDAP",CDP-I,,Attivo,concluso,"Opere ultimate, agg2023 p. 37",,Miglioramento infrastrutturale - DOIT Palermo,CdP_2017-2021_Investimenti.pdf p. 179 | CdP_2022-2026_Investimenti_Agg2023.pdf p. 37
J91H92000040351,"Opera ultimata, assente dal file",,,,concluso,"Opere ultimate, agg2025 p. 134",,Manutenzione Straordinaria cicli fino al 2011,CdP_2017-2021_Investimenti.pdf p. 179 | CdP_2017-2021_Investimenti_Agg2020-2021.pdf p. 127 | CdP_2022-2026_Investimenti_Agg_ 2025.pdf p. 134
J91H92000040361,"Opera ultimata, assente dal file",,,,concluso,"Opere ultimate, agg2021 p. 127",,Miglioramenti infrastrutturali - Potenziamento - Roma,CdP_2017-2021_Investimenti_Agg2020-2021.pdf p. 127
J91H92000040371,"Opera ultimata, CUP attivo in BDAP",CDP-I,,Attivo,concluso,"Opere ultimate, cdp2017 p. 179",,Miglioramenti infrastrutturali - Potenziamento - Verona,CdP_2017-2021_Investimenti.pdf p. 179
J91H97000000001,Concorda,CDP-I,,Chiuso,concluso,"Opere ultimate, agg2025 p. 143",,"Tecnologie per la sicurezza, la circolazione e l'efficientamento",CdP_2017-2021_Investimenti.pdf p. 179 | CdP_2022-2026_Investimenti_Agg_ 2025.pdf p. 143
J91H98000000008,"Opera ultimata, CUP attivo in BDAP",CDP-I,,Attivo,concluso,"Opere ultimate, cdp2022 p. 138",,BAB Roma-Napoli via Formia,CdP_2022-2026_Investimenti.pdf p. 138
J91J04000010001,"Opera ultimata, assente dal file",,,,concluso,"Opere ultimate, agg2025 p. 139",,Sviluppo infrastrutturale e upgrading,CdP_2022-2026_Investimenti_Agg_ 2025.pdf p. 139
J91J05000030002,Concorda,CDP-I,,Attivo,in corso,"Appendice 2, app2-agg2025 p. 11",P201,Interventi diffusi convenzione con Regione Calabria,appendice_2_lista_cup.pdf p. 11 | appendice_3_schede_intervento.pdf p. 155
J92J19000070001,Concorda,CDP-I,,Attivo,in corso,"Appendice 2, app2-agg2025 p. 5",A1013B,Miglioramento sismico - DOIT Milano,appendice_2_lista_cup.pdf p. 5 | appendice_3_schede_intervento.pdf p. 20
J92J19000080001,Concorda,CDP-I,,Attivo,in corso,"Appendice 2, app2-agg2025 p. 5",A1013B,Miglioramento sismico - DOIT Napoli,appendice_2_lista_cup.pdf p. 5 | appendice_3_schede_intervento.pdf p. 20
J94C19000260001,Concorda,CDP-I,,Attivo,in corso,"Appendice 2, app2-agg2025 p. 14",P222,Fire Fighting Points linea Genova-Ventim,appendice_2_lista_cup.pdf p. 14 | appendice_3_schede_intervento.pdf p. 338
J94C19000270009,Concorda,CDP-I,,Attivo,in corso,"Tabella A/B, agg2025 p. 76",I138A,"Potenziamento collegamenti ferroviari con aeroporto di Fiumicino - opere prioritarie Ampliamento impianto Fiumicino Aeroporto, potenziamento PROG PROG tratta Fiumicino-Ponte Galeria e bretelle di collegamento con la linea Pisa-Roma",CdP_2017-2021_Investimenti_Agg2020-2021.pdf p. 53 | CdP_2017-2021_Investimenti_Agg2020-2021.pdf p. 98 | CdP_2022-2026_Investimenti.pdf p. 70 | CdP_2022-2026_Investimenti.pdf p. 111 | CdP_2022-2026_Investimenti_Agg2024.pdf p. 63 | CdP_2022-2026_Investimenti_Agg2024.pdf p. 91
J94C20000010001,Concorda,CDP-I,,Attivo,in corso,"Appendice 2, app2-agg2025 p. 12",P060,Upgrading collegamenti con porti e terminali - DOIT Verona,appendice_2_lista_cup.pdf p. 12 | appendice_3_schede_intervento.pdf p. 257 | relazione_informativa_agg_2025_v04_clean.pdf p. 16
J94E21000060009,Concorda,CDP-I,,Attivo,in corso,"Appendice 2, app2-agg2025 p. 12",P134,Nuovo Posto Centrale di Napoli,appendice_2_lista_cup.pdf p. 12 | appendice_3_schede_intervento.pdf p. 233
J94E21000070009,Concorda,CDP-I,,Attivo,in corso,"Tabella A/B, agg2025 p. 63",P238A|P238B|P238,Battipaglia - Potenza - Metaponto - Taranto 1^ fase Velocizzazione Grassano-Metaponto,CdP_2017-2021_Investimenti_Agg2020-2021.pdf p. 54 | CdP_2017-2021_Investimenti_Agg2020-2021.pdf p. 114 | CdP_2022-2026_Investimenti.pdf p. 65 | CdP_2022-2026_Investimenti.pdf p. 74 | CdP_2022-2026_Investimenti.pdf p. 128 | CdP_2022-2026_Investimenti_Agg2024.pdf p. 52
J94E21002400009,Concorda,CDP-I,,Attivo,in corso,"Tabella A/B, agg2025 p. 64",P261,"Potenziamento linea Bologna-Prato Linea Bologna-Prato-Firenze: adeguamento prestazionale (sagoma, modulo) e potenziamento tecnologico",CdP_2022-2026_Investimenti.pdf p. 61 | CdP_2022-2026_Investimenti.pdf p. 120 | CdP_2022-2026_Investimenti_Agg2024.pdf p. 50 | CdP_2022-2026_Investimenti_Agg2024.pdf p. 98 | CdP_2022-2026_Investimenti_Agg_ 2025.pdf p. 64 | CdP_2022-2026_Investimenti_Agg_ 2025.pdf p. 114
J94E21002450009,Concorda,CDP-I,,Attivo,in corso,"Tabella A/B, agg2025 p. 74",P188,Raddoppio Bolzano-Merano Raddoppio Bolzano-Merano PROG PROG,CdP_2022-2026_Investimenti.pdf p. 75 | CdP_2022-2026_Investimenti.pdf p. 92 | CdP_2022-2026_Investimenti_Agg2024.pdf p. 61 | CdP_2022-2026_Investimenti_Agg2024.pdf p. 76 | CdP_2022-2026_Investimenti_Agg_ 2025.pdf p. 74 | CdP_2022-2026_Investimenti_Agg_ 2025.pdf p. 91
J94F04000020001,Concorda,CDP-I,,Attivo,in corso,"Tabella A/B, agg2025 p. 61",0292A|0292B|0292C|0077,Accesso al Brennero lotto 1 - Fortezza-Ponte Gardena Quadruplicamento Fortezza - Ponte Gardena,CdP_2017-2021_Investimenti.pdf p. 62 | CdP_2017-2021_Investimenti.pdf p. 82 | CdP_2017-2021_Investimenti.pdf p. 92 | CdP_2017-2021_Investimenti.pdf p. 149 | CdP_2017-2021_Investimenti_Agg2020-2021.pdf p. 45 | CdP_2017-2021_Investimenti_Agg2020-2021.pdf p. 55
J94F12000000001,Concorda,CDP-I,,Attivo,in corso,"Appendice 2, app2-agg2025 p. 12",P073,Direttrice Salerno - Reggio Calabria: velocizzazione principali linee (upgrading),CdP_2017-2021_Investimenti.pdf p. 43 | CdP_2017-2021_Investimenti.pdf p. 166 | appendice_2_lista_cup.pdf p. 12 | appendice_3_schede_intervento.pdf p. 463
J94F12000010001,Concorda,CDP-I,,Attivo,in corso,"Appendice 2, app2-agg2025 p. 12",P073,Direttrice Salerno - Reggio Calabria: Velocizzazione principali linee (upgrading)-interventi accessori,CdP_2017-2021_Investimenti.pdf p. 43 | CdP_2017-2021_Investimenti.pdf p. 166 | appendice_2_lista_cup.pdf p. 12
J94G18000010001,Concorda,CDP-I,,Attivo,in corso,"Appendice 2, app2-agg2025 p. 12",P060,Upgrading porti e terminali - DOIT BO,appendice_2_lista_cup.pdf p. 12 | appendice_3_schede_intervento.pdf p. 257
J94G18000060009,Concorda,CDP-I,,Attivo,in corso,"Tabella A/B, agg2025 p. 69",P220,"Potenziamento dei collegamenti tra il porto di Livorno, la rete ferroviaria e l'interporto Guasticce Porto di Livorno: collegamento diretto Porto-Guasticce (scavalco della linea tirrenica ambito Livorno Calambrone) Porto di Livorno: Collegamento dell’interporto di Guasticce alla PROG PROG linea Pisa-Vada via Collesalvetti Porto di Livorno: Bretella di collegamento tra la linea Pisa-Vada PROG PROG via Collesalvetti e la linea Firenze-Pisa",CdP_2017-2021_Investimenti_Agg2020-2021.pdf p. 52 | CdP_2017-2021_Investimenti_Agg2020-2021.pdf p. 94 | CdP_2022-2026_Investimenti.pdf p. 70 | CdP_2022-2026_Investimenti.pdf p. 109 | CdP_2022-2026_Investimenti_Agg2024.pdf p. 57 | CdP_2022-2026_Investimenti_Agg2024.pdf p. 90
J94G18000150001,Concorda,CDP-I,,Attivo,in corso,"Appendice 2, app2-agg2025 p. 3",A1004F,Adeguamento a STI opere civili - DOIT Genova,appendice_2_lista_cup.pdf p. 3 | appendice_3_schede_intervento.pdf p. 12
J94G18000160001,Concorda,CDP-I,,Attivo,in corso,"Appendice 2, app2-agg2025 p. 3",A1004F,Adeguamento a STI opere civili - DOIT Milano,appendice_2_lista_cup.pdf p. 3 | appendice_3_schede_intervento.pdf p. 12
J94G18000170001,Concorda,CDP-I,,Attivo,in corso,"Appendice 2, app2-agg2025 p. 3",A1004F,Adeguamento a STI opere civili - DOIT Verona,appendice_2_lista_cup.pdf p. 3 | appendice_3_schede_intervento.pdf p. 12
J94H14000130001,Concorda,CDP-I,,Attivo,in corso,"Appendice 2, app2-agg2025 p. 14",P224,Upgrading prestazionale corridoio Scan-Med - DOIT Napoli,appendice_2_lista_cup.pdf p. 14 | appendice_3_schede_intervento.pdf p. 374
J94H14000230001,Concorda,CDP-I,,Attivo,in corso,"Appendice 2, app2-agg2025 p. 11",P054,Sistemi di distanziamento per incremento capacità nodo di Milano (1^ fase),CdP_Servizi_2022-2026_AI2_Agg2024.pdf p. 57 | appendice_2_lista_cup.pdf p. 11 | appendice_3_schede_intervento.pdf p. 194 | appendice_9_elenco_opere_pnrr_e_pnc.pdf p. 2 | relazione_informativa_agg_2025_v04_clean.pdf p. 13
J94H14000240001,Concorda,CDP-I,,Attivo,in corso,"Appendice 2, app2-agg2025 p. 13",P221,Upgrading prestazionale corridoio Reno-Alpi,appendice_2_lista_cup.pdf p. 13 | appendice_3_schede_intervento.pdf p. 325
J94H15000790001,Concorda,CDP-I,,Attivo,in corso,"Tabella A/B, agg2025 p. 63 | Appendice 2, app2-agg2025 p. 12",P111|P194,Variante di Cannitello - opere di mitigazione,CdP_2017-2021_Investimenti.pdf p. 55 | CdP_2017-2021_Investimenti.pdf p. 135 | CdP_2017-2021_Investimenti_Agg2020-2021.pdf p. 36 | CdP_2017-2021_Investimenti_Agg2020-2021.pdf p. 90 | CdP_2022-2026_Investimenti.pdf p. 65 | CdP_2022-2026_Investimenti.pdf p. 129
J94H17000200001,"Opera ultimata, CUP attivo in BDAP",CDP-I,,Attivo,concluso,"Opere ultimate, cdp2022 p. 139",P078,Interventi di messa in sicurezza dell'asse ferroviario Cuneo-Ventimiglia,CdP_2017-2021_Investimenti.pdf p. 45 | CdP_2017-2021_Investimenti.pdf p. 118 | CdP_2017-2021_Investimenti_Agg2020-2021.pdf p. 31 | CdP_2017-2021_Investimenti_Agg2020-2021.pdf p. 74 | CdP_2022-2026_Investimenti.pdf p. 139
J94H17000340009,Concorda,CDP-I,,Attivo,in corso,"Tabella A/B, agg2025 p. 72",P131,Velocizzazione linea Torino-Genova Velocizzazione Torino-Genova 1^ fase (potenziamento tecnologico e rettifiche di tracciato) Velocizzazione Torino-Genova 2^ fase (varianti di tracciato),CdP_2022-2026_Investimenti.pdf p. 72 | CdP_2022-2026_Investimenti.pdf p. 115 | CdP_2022-2026_Investimenti_Agg2024.pdf p. 58 | CdP_2022-2026_Investimenti_Agg2024.pdf p. 95 | CdP_2022-2026_Investimenti_Agg_ 2025.pdf p. 72 | CdP_2022-2026_Investimenti_Agg_ 2025.pdf p. 111
J94H17000420001,Concorda,CDP-I,,Attivo,in corso,"Appendice 2, app2-agg2025 p. 13",P221,Upgrading prestazionale corridoio Reno-Alpi (DOIT Torino),appendice_2_lista_cup.pdf p. 13 | appendice_3_schede_intervento.pdf p. 325
J94H17000560001,Concorda,CDP-I,,Attivo,in corso,"Appendice 2, app2-agg2025 p. 13",P222,Upgrading prestazionale corridoio Mediterraneo (DOIT Milano),appendice_2_lista_cup.pdf p. 13 | appendice_3_schede_intervento.pdf p. 337
J94J17000040001,Concorda,CDP-I,,Attivo,in corso,"Tabella A/B, agg2025 p. 52",P136,Linea Bolzano-Merano: Galleria del Virgolo Modifica radice sud di Bolzano e inserimento terzo binario indipendente per linea Bolzano-Merano,CdP_2017-2021_Investimenti_Agg2020-2021.pdf p. 32 | CdP_2017-2021_Investimenti_Agg2020-2021.pdf p. 76 | CdP_2022-2026_Investimenti.pdf p. 48 | CdP_2022-2026_Investimenti.pdf p. 92 | CdP_2022-2026_Investimenti_Agg2024.pdf p. 42 | CdP_2022-2026_Investimenti_Agg2024.pdf p. 76
J94J18000000001,Concorda,CDP-I,,Attivo,in corso,"Appendice 2, app2-agg2025 p. 10",P200|A5000_4,Riqualificazione infrastrutturale linea Faentina,CdP_2017-2021_Investimenti_Agg2020-2021.pdf p. 49 | CdP_2017-2021_Investimenti_Agg2020-2021.pdf p. 120 | appendice_2_lista_cup.pdf p. 10 | appendice_3_schede_intervento.pdf p. 126 | relazione_informativa_agg_2025_v04_clean.pdf p. 13
J94J18000010001,Concorda,CDP-I,,Attivo,in corso,"Tabella A/B, agg2025 p. 52",P147,Elettrificazione Civitanova-Macerata-Albacina Elettrificazione Civitanova-Macerata-Albacina,CdP_2017-2021_Investimenti_Agg2020-2021.pdf p. 33 | CdP_2017-2021_Investimenti_Agg2020-2021.pdf p. 78 | CdP_2022-2026_Investimenti.pdf p. 49 | CdP_2022-2026_Investimenti.pdf p. 94 | CdP_2022-2026_Investimenti_Agg2024.pdf p. 43 | CdP_2022-2026_Investimenti_Agg2024.pdf p. 77
J94J22000220001,Concorda,CDP-I,,Attivo,in corso,"Appendice 2, app2-agg2025 p. 12",P060,Bretella di Santa Maria Capua Vetere,appendice_2_lista_cup.pdf p. 12 | appendice_3_schede_intervento.pdf p. 257
J94J22000320001,Concorda,CDP-I,,Attivo,in corso,"Appendice 2, app2-agg2025 p. 10",P198,Potenziamento linee Acqui Terme/Alessandria-Ovada-Genova,CdP_Servizi_2022-2026_AI2_Agg2024.pdf p. 58 | appendice_2_lista_cup.pdf p. 10 | appendice_3_schede_intervento.pdf p. 91 | appendice_9_elenco_opere_pnrr_e_pnc.pdf p. 3
J94J24000010001,Concorda,CDP-I,,Attivo,in corso,"Appendice 2, app2-agg2025 p. 6",A2001B,Sottosistema strutturale energetico - DOIT Genova,appendice_2_lista_cup.pdf p. 6 | appendice_3_schede_intervento.pdf p. 33
J94J24000020001,Concorda,CDP-I,,Attivo,in corso,"Appendice 2, app2-agg2025 p. 6",A2001B,Sottosistema strutturale energetico - DOIT Milano,appendice_2_lista_cup.pdf p. 6 | appendice_3_schede_intervento.pdf p. 33
J94J24000030001,Concorda,CDP-I,,Attivo,in corso,"Appendice 2, app2-agg2025 p. 6",A2001B,Sottosistema strutturale energetico - DOIT Napoli,appendice_2_lista_cup.pdf p. 6 | appendice_3_schede_intervento.pdf p. 33
J94J24000040001,Concorda,CDP-I,,Attivo,in corso,"Appendice 2, app2-agg2025 p. 6",A2001B,Sottosistema strutturale energetico - DOIT Verona,appendice_2_lista_cup.pdf p. 6 | appendice_3_schede_intervento.pdf p. 33
J94J24000460001,"Investimenti, non nei documenti",CDP-I,,Attivo,,,,,
J94J25000010001,Concorda,CDP-I,,Attivo,in corso,"Appendice 2, app2-agg2025 p. 6",A2001B,Upgrading tecnologico AV/AC BO - FI,appendice_2_lista_cup.pdf p. 6 | appendice_3_schede_intervento.pdf p. 32
J96C17000000001,Concorda,CDP-I,,Attivo,in corso,"Appendice 2, app2-agg2025 p. 8",A2011,ERTMS Corridoio Scandinavo-Mediterraneo tratta Brennero-Verona,appendice_2_lista_cup.pdf p. 8 | appendice_3_schede_intervento.pdf p. 62
J96E19000010009,Concorda,CDP-I,,Attivo,in corso,"Appendice 2, app2-agg2025 p. 13",P221,Upgrading Tecnologico Tortona (e)-Bivio Fegino(i),appendice_2_lista_cup.pdf p. 13 | appendice_3_schede_intervento.pdf p. 325
J96E19000210001,Concorda,CDP-I,,Attivo,in corso,"Appendice 2, app2-agg2025 p. 12",P060,Upgrading porti e terminali - DOITVenezia - 2019,appendice_2_lista_cup.pdf p. 12 | appendice_3_schede_intervento.pdf p. 257
J96J17000450001,Concorda,CDP-I,,Attivo,in corso,"Appendice 2, app2-agg2025 p. 10",P199,Interventi diffusi di potenziamento tecnologico (DOIT Verona),appendice_2_lista_cup.pdf p. 10 | appendice_3_schede_intervento.pdf p. 111
J96J17000460001,Concorda,CDP-I,,Attivo,in corso,"Appendice 2, app2-agg2025 p. 14",P222,Interventi diffusi di potenziamento tecnologico (DOIT Genova),appendice_2_lista_cup.pdf p. 14 | appendice_3_schede_intervento.pdf p. 338
J97B14000130005,"Opera ultimata, CUP attivo in BDAP",CDP-I,,Attivo,concluso,"Opere ultimate, agg2025 p. 139",,Sviluppo infrastrutturale e upgrading,CdP_2022-2026_Investimenti_Agg_ 2025.pdf p. 139
J97B14000140005,"Opera ultimata, CUP attivo in BDAP",CDP-I,,Attivo,concluso,"Opere ultimate, agg2025 p. 139",,Sviluppo infrastrutturale e upgrading,CdP_2022-2026_Investimenti_Agg_ 2025.pdf p. 139
J97B14000150005,"Opera ultimata, CUP attivo in BDAP",CDP-I,,Attivo,concluso,"Opere ultimate, agg2024 p. 113",,Liberazione Immobili - DOIT VR - 2014,CdP_2022-2026_Investimenti_Agg2024.pdf p. 113
J97B14000260001,"Opera ultimata, CUP attivo in BDAP",CDP-I,,Attivo,concluso,"Opere ultimate, agg2025 p. 143",,"Tecnologie per la sicurezza, la circolazione e l'efficientamento",CdP_2022-2026_Investimenti_Agg_ 2025.pdf p. 143
J97B14000270001,"Opera ultimata, CUP attivo in BDAP",CDP-I,,Attivo,concluso,"Opere ultimate, agg2025 p. 143",,"Tecnologie per la sicurezza, la circolazione e l'efficientamento",CdP_2022-2026_Investimenti_Agg_ 2025.pdf p. 143
J97B14000280001,"Opera ultimata, CUP attivo in BDAP",CDP-I,,Attivo,concluso,"Opere ultimate, agg2025 p. 143",,"Tecnologie per la sicurezza, la circolazione e l'efficientamento",CdP_2022-2026_Investimenti_Agg_ 2025.pdf p. 143
J97B14000290001,"Opera ultimata, CUP attivo in BDAP",CDP-I,,Attivo,concluso,"Opere ultimate, agg2025 p. 143",,"Tecnologie per la sicurezza, la circolazione e l'efficientamento",CdP_2022-2026_Investimenti_Agg_ 2025.pdf p. 143
J97B14000300001,"Opera ultimata, CUP attivo in BDAP",CDP-I,,Attivo,concluso,"Opere ultimate, agg2025 p. 139",P214,Sviluppo infrastrutturale e upgrading,CdP_2017-2021_Investimenti.pdf p. 36 | CdP_2022-2026_Investimenti_Agg_ 2025.pdf p. 139
J97B14000310001,"Opera ultimata, CUP attivo in BDAP",CDP-I,,Attivo,concluso,"Opere ultimate, agg2025 p. 139",P214,Sviluppo infrastrutturale e upgrading,CdP_2017-2021_Investimenti.pdf p. 36 | CdP_2022-2026_Investimenti_Agg_ 2025.pdf p. 139
J97B14000360001,"Servizi, non verificabile",CDP-S,,Attivo,,,,,
J97B14000400001,"Servizi, non verificabile",CDP-S,,Attivo,,,,,
J97B14000410001,"Servizi, non verificabile",CDP-S,,Attivo,,,,,
J97B14000420001,"Servizi, non verificabile",CDP-S,,Attivo,,,,,
J97B14000430001,"Servizi, non verificabile",CDP-S,,Attivo,,,,,
J97B14000440001,"Servizi, non verificabile",CDP-S,,Attivo,,,,,
J97B14000450001,"Servizi, non verificabile",CDP-S,,Attivo,,,,,
J97B14000460001,"Servizi, non verificabile",CDP-S,,Attivo,,,,,
J97B14000470001,"Servizi, non verificabile",CDP-S,,Attivo,,,,,
J97B14000480001,"Servizi, non verificabile",CDP-S,,Attivo,,,,,
J97B14000490001,"Servizi, non verificabile",CDP-S,,Attivo,,,,,
J97B14000500001,"Servizi, non verificabile",CDP-S,,Attivo,,,,,
J97B14000520001,"Servizi, non verificabile",CDP-S,,Attivo,,,,,
J97B14000530001,"Servizi, non verificabile",CDP-S,,Attivo,,,,,
J97B14000540001,"Servizi, non verificabile",CDP-S,,Attivo,,,,,
J97B14000550001,"Servizi, non verificabile",CDP-S,,Attivo,,,,,
J97B14000560001,"Servizi, non verificabile",CDP-S,,Attivo,,,,,
J97B14000570001,"Servizi, non verificabile",CDP-S,,Attivo,,,,,
J97B14000580001,"Servizi, non verificabile",CDP-S,,Attivo,,,,,
J97B15000070001,"Servizi, non verificabile",CDP-S,,Attivo,,,,,
J97B15000290002,"Opera ultimata, CUP attivo in BDAP",CDP-I,,Attivo,concluso,"Opere ultimate, agg2025 p. 135",,Manutenzione Straordinaria cicli fino al 2011,CdP_2022-2026_Investimenti_Agg_ 2025.pdf p. 135
J97B15000330001,Concorda,CDP-I,,Attivo,in corso,"Appendice 2, app2-agg2025 p. 4",A1013A,Piano difesa della sede da fenomeni di dissesto idrogeologico - Territorio Nazionale,appendice_2_lista_cup.pdf p. 4 | appendice_3_schede_intervento.pdf p. 16 | relazione_informativa_agg_2025_v04_clean.pdf p. 13
J97B16000000001,"Servizi, non verificabile",CDP-S,,Attivo,,,,,
J97B16000010001,"Servizi, non verificabile",CDP-S,,Attivo,,,,,
J97B16000020001,"Servizi, non verificabile",CDP-S,,Attivo,,,,,
J97B16000030001,"Servizi, non verificabile",CDP-S,,Attivo,,,,,
J97B16000040001,"Servizi, non verificabile",CDP-S,,Attivo,,,,,
J97B16000050001,"Servizi, non verificabile",CDP-S,,Attivo,,,,,
J97B16000060001,"Servizi, non verificabile",CDP-S,,Attivo,,,,,
J97B16000070001,"Servizi, non verificabile",CDP-S,,Attivo,,,,,
J97B16000090001,"Servizi, non verificabile",CDP-S,,Attivo,,,,,
J97B16000100001,"Servizi, non verificabile",CDP-S,,Attivo,,,,,
J97B16000110001,"Servizi, non verificabile",CDP-S,,Attivo,,,,,
J97B16000120001,"Servizi, non verificabile",CDP-S,,Attivo,,,,,
J97B16000130001,"Servizi, non verificabile",CDP-S,,Attivo,,,,,
J97B16000140001,"Servizi, non verificabile",CDP-S,,Attivo,,,,,
J97B16000150001,"Servizi, non verificabile",CDP-S,,Attivo,,,,,
J97B16000160001,"Servizi, non verificabile",CDP-S,,Attivo,,,,,
J97B16000170001,"Servizi, non verificabile",CDP-S,,Attivo,,,,,
J97B16000180001,"Servizi, non verificabile",CDP-S,,Attivo,,,,,
J97B16000190001,"Servizi, non verificabile",CDP-S,,Attivo,,,,,
J97B16000200001,"Servizi, non verificabile",CDP-S,,Attivo,,,,,
J97B16000210001,"Opera ultimata, CUP attivo in BDAP",CDP-I,,Attivo,concluso,"Opere ultimate, agg2025 p. 137",,Sicurezza ed Obblighi di Legge,CdP_2022-2026_Investimenti_Agg_ 2025.pdf p. 137
J97B16000220001,"In corso nel contratto, assente dal file",,,,in corso,"Appendice 2, app2-agg2025 p. 3",A1004E,Piano sicurezza armamento DOIT Napoli - 2016,appendice_2_lista_cup.pdf p. 3 | appendice_3_schede_intervento.pdf p. 10
J97B16000230001,"Opera ultimata, CUP attivo in BDAP",CDP-I,,Attivo,concluso,"Opere ultimate, agg2025 p. 137",,Sicurezza ed Obblighi di Legge,CdP_2022-2026_Investimenti_Agg_ 2025.pdf p. 137
J97B16000240001,"Opera ultimata, CUP attivo in BDAP",CDP-I,,Attivo,concluso,"Opere ultimate, agg2025 p. 143",,"Tecnologie per la sicurezza, la circolazione e l'efficientamento",CdP_2022-2026_Investimenti_Agg_ 2025.pdf p. 143
J97B16000250001,Concorda,CDP-I,,Attivo,in corso,"Appendice 2, app2-agg2025 p. 3",A1013A,Piano difesa della sede da fenomeni di dissesto idrogeologico - DOIT Verona - 2016,appendice_2_lista_cup.pdf p. 3 | appendice_3_schede_intervento.pdf p. 18
J97B16000260001,"Opera ultimata, CUP attivo in BDAP",CDP-I,,Attivo,concluso,"Opere ultimate, agg2025 p. 143",,"Tecnologie per la sicurezza, la circolazione e l'efficientamento",CdP_2022-2026_Investimenti_Agg_ 2025.pdf p. 143
J97B16000270001,Concorda,CDP-I,,Attivo,in corso,"Appendice 2, app2-agg2025 p. 4",A1013A,Piano difesa della sede da fenomeni di dissesto idrogeologico - DOIT Napoli - 2016,appendice_2_lista_cup.pdf p. 4 | appendice_3_schede_intervento.pdf p. 17
J97B16000300001,"Opera ultimata, CUP attivo in BDAP",CDP-I,,Attivo,concluso,"Opere ultimate, agg2025 p. 137",,Sicurezza ed Obblighi di Legge,CdP_2022-2026_Investimenti_Agg_ 2025.pdf p. 137
J97B16000320001,Concorda,CDP-I,,Attivo,in corso,"Appendice 2, app2-agg2025 p. 11",P201,Liberazione Immobili - DOIT NA - 2016,appendice_2_lista_cup.pdf p. 11 | appendice_3_schede_intervento.pdf p. 155
J97B16000390001,"Opera ultimata, assente dal file",,,,concluso,"Opere ultimate, agg2025 p. 135",,Manutenzione Straordinaria cicli fino al 2011,CdP_2022-2026_Investimenti_Agg_ 2025.pdf p. 135
J97B16000430001,Concorda,CDP-I,,Attivo,in corso,"Tabella A/B, agg2025 p. 50 | Opere ultimate, agg2025 p. 135",I173,"Elettrificazione, velocizzazione e ammodernamento linee Salerno - Mercato S.S. - Avellino - Benevento e tratta",CdP_2017-2021_Investimenti_Agg2020-2021.pdf p. 34 | CdP_2017-2021_Investimenti_Agg2020-2021.pdf p. 81 | CdP_2022-2026_Investimenti.pdf p. 50 | CdP_2022-2026_Investimenti.pdf p. 97 | CdP_2022-2026_Investimenti_Agg2024.pdf p. 43 | CdP_2022-2026_Investimenti_Agg2024.pdf p. 79
J97B16000440001,"Opera ultimata, CUP attivo in BDAP",CDP-I,,Attivo,concluso,"Opere ultimate, agg2025 p. 139",,Sviluppo infrastrutturale e upgrading,CdP_2022-2026_Investimenti_Agg_ 2025.pdf p. 139
J97B16000450001,"Opera ultimata, CUP attivo in BDAP",CDP-I,,Attivo,concluso,"Opere ultimate, agg2025 p. 137",,Sicurezza ed Obblighi di Legge,CdP_2022-2026_Investimenti_Agg_ 2025.pdf p. 137
J97B17000060001,"Servizi, non verificabile",CDP-S,,Attivo,,,,,
J97B17000070001,"Servizi, non verificabile",CDP-S,,Attivo,,,,,
J97B17000080001,"Servizi, non verificabile",CDP-S,,Attivo,,,,,
J97B17000090001,"Servizi, non verificabile",CDP-S,,Attivo,,,,,
J97B17000100001,"Servizi, non verificabile",CDP-S,,Attivo,,,,,
J97B17000110001,"Servizi, non verificabile",CDP-S,,Attivo,,,,,
J97B17000120001,"Servizi, non verificabile",CDP-S,,Attivo,,,,,
J97B17000130001,"Servizi, non verificabile",CDP-S,,Attivo,,,,,
J97B17000140001,"Servizi, non verificabile",CDP-S,,Attivo,,,,,
J97B17000150001,"Servizi, non verificabile",CDP-S,,Attivo,,,,,
J97B17000160001,"Servizi, non verificabile",CDP-S,,Attivo,,,,,
J97B17000170001,"Servizi, non verificabile",CDP-S,,Attivo,,,,,
J97B17000180001,"Servizi, non verificabile",CDP-S,,Attivo,,,,,
J97B17000190001,"Servizi, non verificabile",CDP-S,,Attivo,,,,,
J97B17000200001,"Servizi, non verificabile",CDP-S,,Attivo,,,,,
J97B17000210001,"Servizi, non verificabile",CDP-S,,Attivo,,,,,
J97B17000220001,"Servizi, non verificabile",CDP-S,,Attivo,,,,,
J97B17000230001,"Servizi, non verificabile",CDP-S,,Attivo,,,,,
J97B17000240001,"Servizi, non verificabile",CDP-S,,Attivo,,,,,
J97B17000250001,Concorda,CDP-I,,Attivo,in corso,"Appendice 2, app2-agg2025 p. 3",A1013A,Piano difesa della sede da fenomeni di dissesto idrogeologico - DOIT Milano - 2017,appendice_2_lista_cup.pdf p. 3 | appendice_3_schede_intervento.pdf p. 17
J97B17000260001,"Opera ultimata, CUP attivo in BDAP",CDP-I,,Attivo,concluso,"Opere ultimate, agg2025 p. 143",,"Tecnologie per la sicurezza, la circolazione e l'efficientamento",CdP_2022-2026_Investimenti_Agg_ 2025.pdf p. 143
J97B17000270001,"Opera ultimata, CUP attivo in BDAP",CDP-I,,Attivo,concluso,"Opere ultimate, agg2025 p. 143",,"Tecnologie per la sicurezza, la circolazione e l'efficientamento",CdP_2022-2026_Investimenti_Agg_ 2025.pdf p. 143
J97B17000280001,Concorda,CDP-I,,Attivo,in corso,"Appendice 2, app2-agg2025 p. 4",A1013A,Piano difesa della sede da fenomeni di dissesto idrogeologico - DOIT Napoli - 2017,appendice_2_lista_cup.pdf p. 4 | appendice_3_schede_intervento.pdf p. 17
J97B17000290001,"Opera ultimata, CUP attivo in BDAP",CDP-I,,Attivo,concluso,"Opere ultimate, agg2025 p. 137",,Sicurezza ed Obblighi di Legge,CdP_2022-2026_Investimenti_Agg_ 2025.pdf p. 137
J97B17000300001,"Opera ultimata, CUP attivo in BDAP",CDP-I,,Attivo,concluso,"Opere ultimate, agg2025 p. 137",,Sicurezza ed Obblighi di Legge,CdP_2022-2026_Investimenti_Agg_ 2025.pdf p. 137
J97B17000310001,Concorda,CDP-I,,Attivo,in corso,"Appendice 2, app2-agg2025 p. 3",A1004E,Piano sicurezza armamento DOIT Napoli - 2017,appendice_2_lista_cup.pdf p. 3 | appendice_3_schede_intervento.pdf p. 10
J97B17000320001,"Opera ultimata, CUP attivo in BDAP",CDP-I,,Attivo,concluso,"Opere ultimate, agg2025 p. 137",,Sicurezza ed Obblighi di Legge,CdP_2022-2026_Investimenti_Agg_ 2025.pdf p. 137
J97B17000330001,"Servizi, non verificabile",CDP-S,,Attivo,,,,,
J97B17000510001,Concorda,CDP-I,,Attivo,in corso,"Appendice 2, app2-agg2025 p. 6",A2001B,Piano di sviluppo tecnologico della rete DOIT Genova - 2017,appendice_2_lista_cup.pdf p. 6 | appendice_3_schede_intervento.pdf p. 33
J97B17000550001,Concorda,CDP-I,,Attivo,in corso,"Appendice 2, app2-agg2025 p. 2",A1004A,Miglioramento sicurezza gallerie ferroviarie - DOIT Genova - 2017,appendice_2_lista_cup.pdf p. 2 | appendice_3_schede_intervento.pdf p. 3 | relazione_informativa_agg_2025_v04_clean.pdf p. 13
J97B17000560001,Concorda,CDP-I,,Attivo,in corso,"Appendice 2, app2-agg2025 p. 2",A1004A,Miglioramento sicurezza gallerie ferroviarie - DOIT Milano - 2017,appendice_2_lista_cup.pdf p. 2 | appendice_3_schede_intervento.pdf p. 4
J97B17000570001,Concorda,CDP-I,,Attivo,in corso,"Appendice 2, app2-agg2025 p. 2",A1004A,Miglioramento sicurezza gallerie ferroviarie - DOIT Napoli - 2017,appendice_2_lista_cup.pdf p. 2 | appendice_3_schede_intervento.pdf p. 3
J97B17000580001,Concorda,CDP-I,,Attivo,in corso,"Appendice 2, app2-agg2025 p. 2",A1004A,Miglioramento sicurezza gallerie ferroviarie - DOIT Verona - 2017,appendice_2_lista_cup.pdf p. 2 | appendice_3_schede_intervento.pdf p. 4
J97B20000220001,"Servizi, non verificabile",CDP-S,,Attivo,,,,,
J97B20000230001,"Servizi, non verificabile",CDP-S,,Attivo,,,,,
J97B20000240001,"Servizi, non verificabile",CDP-S,,Attivo,,,,,
J97B20000250001,"Servizi, non verificabile",CDP-S,,Attivo,,,,,
J97B20000480001,Concorda,CDP-S,,Attivo,servizi,"Servizi, Allegato 4c, srv2026 p. 17",,Manutenzione Straordinaria Linee Genova - 2021,CdP_Servizi_2022-2026_AI2_Agg2024.pdf p. 19 | CdP_Servizi_2022-2026_AI4_Agg2026.pdf p. 17
J97B20000490001,Concorda,CDP-S,,Attivo,servizi,"Servizi, Allegato 4c, srv2026 p. 17",,Manutenzione Straordinaria Linee Milano - 2021,CdP_Servizi_2022-2026_AI2_Agg2024.pdf p. 19 | CdP_Servizi_2022-2026_AI4_Agg2026.pdf p. 17
J97B20000500001,Concorda,CDP-S,,Attivo,servizi,"Servizi, Allegato 4c, srv2026 p. 17",,Manutenzione Straordinaria linee Napoli - anno 2021,CdP_Servizi_2022-2026_AI2_Agg2024.pdf p. 19 | CdP_Servizi_2022-2026_AI4_Agg2026.pdf p. 17
J97B20000510001,"Servizi, non verificabile",CDP-S,,Attivo,,,,,
J97B20000520001,Concorda,CDP-S,,Attivo,servizi,"Servizi, Allegato 4c, srv2026 p. 17",,Obblighi di Legge Linee Genova - 2021,CdP_Servizi_2022-2026_AI2_Agg2024.pdf p. 19 | CdP_Servizi_2022-2026_AI4_Agg2026.pdf p. 17
J97B20000530001,"Servizi, non verificabile",CDP-S,,Attivo,,,,,
J97B20000540001,"Servizi, non verificabile",CDP-S,,Attivo,,,,,
J97B20000550001,"Servizi, non verificabile",CDP-S,,Attivo,,,,,
J97B20000560001,"Servizi, non verificabile",CDP-S,,Attivo,,,,,
J97D17000010001,"Servizi, non verificabile",CDP-S,,Attivo,,,,,
J97D17000020001,"Servizi, non verificabile",CDP-S,,Attivo,,,,,
J97D17000030001,"Servizi, non verificabile",CDP-S,,Attivo,,,,,
J97D17000040001,"Servizi, non verificabile",CDP-S,,Attivo,,,,,
J97D17000050001,"Servizi, non verificabile",CDP-S,,Attivo,,,,,
J97D17000060001,"Servizi, non verificabile",CDP-S,,Attivo,,,,,
J97D17000070001,"Servizi, non verificabile",CDP-S,,Attivo,,,,,
J97D17000080001,"Servizi, non verificabile",CDP-S,,Attivo,,,,,
J97D17000090001,"Servizi, non verificabile",CDP-S,,Attivo,,,,,
J97D17000100001,"Servizi, non verificabile",CDP-S,,Attivo,,,,,
J97D17000110001,"Servizi, non verificabile",CDP-S,,Attivo,,,,,
J97D17000120001,"Servizi, non verificabile",CDP-S,,Attivo,,,,,
J97D17000130001,"Servizi, non verificabile",CDP-S,,Attivo,,,,,
J97D17000140001,"Servizi, non verificabile",CDP-S,,Attivo,,,,,
J97D17000150001,"Servizi, non verificabile",CDP-S,,Attivo,,,,,
J97D17000160001,"Servizi, non verificabile",CDP-S,,Attivo,,,,,
J97D17000170001,"Servizi, non verificabile",CDP-S,,Attivo,,,,,
J97D17000180001,"Servizi, non verificabile",CDP-S,,Attivo,,,,,
J97D18000000001,"Opera ultimata, CUP attivo in BDAP",CDP-I,,Attivo,concluso,"Opere ultimate, agg2025 p. 137",,Sicurezza ed Obblighi di Legge,CdP_2022-2026_Investimenti_Agg_ 2025.pdf p. 137
J97D18000010001,Concorda,CDP-I,,Attivo,in corso,"Appendice 2, app2-agg2025 p. 3",A1004E,Piano sicurezza armamento DOIT Napoli - 2018,appendice_2_lista_cup.pdf p. 3 | appendice_3_schede_intervento.pdf p. 10
J97D18000020001,"Opera ultimata, CUP attivo in BDAP",CDP-I,,Attivo,concluso,"Opere ultimate, agg2025 p. 137",,Sicurezza ed Obblighi di Legge,CdP_2022-2026_Investimenti_Agg_ 2025.pdf p. 137
J97D18000030001,"In corso nel contratto, assente dal file",,,,in corso,"Appendice 2, app2-agg2025 p. 3",A1004E,Piano sicurezza armamento DOIT Genova - 2018,appendice_2_lista_cup.pdf p. 3
J97D22000000001,Concorda,CDP-I,,Attivo,in corso,"Appendice 2, app2-agg2025 p. 3",A1013A,Piano difesa della sede da fenomeni di dissesto idrogeologico - DOIT Milano - 2022,appendice_2_lista_cup.pdf p. 3 | appendice_3_schede_intervento.pdf p. 17
J97D22000010001,Concorda,CDP-I,,Attivo,in corso,"Appendice 2, app2-agg2025 p. 3",A1013A,Piano difesa della sede da fenomeni di dissesto idrogeologico - DOIT Verona - 2022,appendice_2_lista_cup.pdf p. 3 | appendice_3_schede_intervento.pdf p. 17
J97D22000020001,Concorda,CDP-I,,Attivo,in corso,"Appendice 2, app2-agg2025 p. 4",A1013A,Piano difesa della sede da fenomeni di dissesto idrogeologico - DOIT Genova - 2022,appendice_2_lista_cup.pdf p. 4 | appendice_3_schede_intervento.pdf p. 18
J97D22000030001,Concorda,CDP-I,,Attivo,in corso,"Appendice 2, app2-agg2025 p. 4",A1013A,Piano difesa della sede da fenomeni di dissesto idrogeologico - DOIT Napoli - 2022,appendice_2_lista_cup.pdf p. 4 | appendice_3_schede_intervento.pdf p. 18
J97D22000040001,Concorda,CDP-I,,Attivo,in corso,"Appendice 2, app2-agg2025 p. 12",P193,Accessibilità Bari Torre a Mare,appendice_2_lista_cup.pdf p. 12 | appendice_3_schede_intervento.pdf p. 237
J97D22000090001,Concorda,CDP-I,,Attivo,in corso,"Appendice 2, app2-agg2025 p. 5",A2001B,Attrezzaggi tecnologici DOIT Milano - 2023,appendice_2_lista_cup.pdf p. 5 | appendice_3_schede_intervento.pdf p. 33
J97D22000150001,Concorda,CDP-I,,Attivo,in corso,"Appendice 2, app2-agg2025 p. 11",P054,Interventi upgrading rete viaggiatori - DOIT Milano anno 2022,appendice_2_lista_cup.pdf p. 11 | appendice_3_schede_intervento.pdf p. 194
J97D22000160001,Concorda,CDP-S,,Attivo,servizi,"Servizi, Allegato 4c, srv2026 p. 17",,CdP-S Infratruttura Fisica DOIT Genova - anno 2023,CdP_Servizi_2022-2026_AI2_Agg2024.pdf p. 19 | CdP_Servizi_2022-2026_AI4_Agg2026.pdf p. 17
J97D22000170001,"Servizi, non verificabile",CDP-S,,Attivo,,,,,
J97D22000180001,Concorda,CDP-S,,Attivo,servizi,"Servizi, Allegato 12, srv2026 p. 21",,Piano resilienza linee e impianti Sud ambito regione Basilicata / Campania / Calabria,CdP_Servizi_2022-2026_AI2_Agg2024.pdf p. 59 | CdP_Servizi_2022-2026_AI4_Agg2026.pdf p. 21 | appendice_9_elenco_opere_pnrr_e_pnc.pdf p. 3
J97D22000190001,"Servizi, non verificabile",CDP-S,,Attivo,,,,,
J97D22000200001,Concorda,CDP-S,,Attivo,servizi,"Servizi, Allegato 4c, srv2026 p. 17",,CdP-S Infrastruttura Energetica DOIT Genova - 2023,CdP_Servizi_2022-2026_AI4_Agg2026.pdf p. 17
J97D22000210001,"Servizi, non verificabile",CDP-S,,Attivo,,,,,
J97D22000220001,"Servizi, non verificabile",CDP-S,,Attivo,,,,,
J97D22000230001,"Servizi, non verificabile",CDP-S,,Attivo,,,,,
J97D22000240001,"Servizi, non verificabile",CDP-S,,Attivo,,,,,
J97D22000250001,"Servizi, non verificabile",CDP-S,,Attivo,,,,,
J97D22000260001,"Servizi, non verificabile",CDP-S,,Attivo,,,,,
J97D22000270001,"Servizi, non verificabile",CDP-S,,Attivo,,,,,
J97D22000280001,"Servizi, non verificabile",CDP-S,,Attivo,,,,,
J97D22000290001,"Servizi, non verificabile",CDP-S,,Attivo,,,,,
J97D22000300001,"Servizi, non verificabile",CDP-S,,Attivo,,,,,
J97D22000310001,Concorda,CDP-I,,Attivo,in corso,"Appendice 2, app2-agg2025 p. 2",A1004A,Miglioramento sicurezza gallerie ferroviarie - DOIT Genova - 2023,appendice_2_lista_cup.pdf p. 2 | appendice_3_schede_intervento.pdf p. 3
J97D22000320001,Concorda,CDP-I,,Attivo,in corso,"Appendice 2, app2-agg2025 p. 2",A1004A,Miglioramento sicurezza gallerie ferroviarie - DOIT Milano - 2023,appendice_2_lista_cup.pdf p. 2 | appendice_3_schede_intervento.pdf p. 4
J97D22000330001,Concorda,CDP-I,,Attivo,in corso,"Appendice 2, app2-agg2025 p. 2",A1004A,Miglioramento sicurezza gallerie ferroviarie - DOIT Napoli - 2023,appendice_2_lista_cup.pdf p. 2 | appendice_3_schede_intervento.pdf p. 4
J97D22000340001,Concorda,CDP-I,,Attivo,in corso,"Appendice 2, app2-agg2025 p. 2",A1004A,Miglioramento sicurezza gallerie ferroviarie - DOIT Verona - 2023,appendice_2_lista_cup.pdf p. 2 | appendice_3_schede_intervento.pdf p. 4
J97D22000350001,Concorda,CDP-I,,Attivo,in corso,"Appendice 2, app2-agg2025 p. 2",A1004A,Miglioramento sicurezza gallerie ferroviarie - DOIT Genova - 2022,appendice_2_lista_cup.pdf p. 2 | appendice_3_schede_intervento.pdf p. 4
J97D22000360001,Concorda,CDP-I,,Attivo,in corso,"Appendice 2, app2-agg2025 p. 2",A1004A,Miglioramento sicurezza gallerie ferroviarie - DOIT Napoli - 2022,appendice_2_lista_cup.pdf p. 2 | appendice_3_schede_intervento.pdf p. 4
J97D22000370001,Concorda,CDP-I,,Attivo,in corso,"Appendice 2, app2-agg2025 p. 2",A1004A,Miglioramento sicurezza gallerie ferroviarie - DOIT Verona - 2022,appendice_2_lista_cup.pdf p. 2 | appendice_3_schede_intervento.pdf p. 4
J97D22000380001,"Servizi, non verificabile",CDP-S,,Attivo,,,,,
J97D22000390001,Concorda,CDP-I,,Attivo,in corso,"Appendice 2, app2-agg2025 p. 7",A2004A,Tecnologie per la sicurezza settore IS - DOIT Genova,appendice_2_lista_cup.pdf p. 7 | appendice_3_schede_intervento.pdf p. 37
J97D22000400001,Concorda,CDP-I,,Attivo,in corso,"Appendice 2, app2-agg2025 p. 7",A2004A,Tecnologie per la sicurezza settore IS - DOIT Milano,appendice_2_lista_cup.pdf p. 7 | appendice_3_schede_intervento.pdf p. 37
J97D22000410001,Concorda,CDP-I,,Attivo,in corso,"Appendice 2, app2-agg2025 p. 14",P224,DOIT VR – upgrading linee merci,appendice_2_lista_cup.pdf p. 14 | appendice_3_schede_intervento.pdf p. 374
J97D22000430001,Concorda,CDP-I,,Attivo,in corso,"Appendice 2, app2-agg2025 p. 14",P224,DOIT NA – upgrading linee merci,appendice_2_lista_cup.pdf p. 14 | appendice_3_schede_intervento.pdf p. 374
J97D23000000001,Concorda,CDP-I,,Attivo,in corso,"Appendice 2, app2-agg2025 p. 3",A1013A,Piano difesa della sede da fenomeni di dissesto idrogeologico - DOIT Milano - 2023,appendice_2_lista_cup.pdf p. 3 | appendice_3_schede_intervento.pdf p. 18
J97D23000010001,Concorda,CDP-I,,Attivo,in corso,"Appendice 2, app2-agg2025 p. 3",A1013A,Piano difesa della sede da fenomeni di dissesto idrogeologico - DOIT Verona - 2023,appendice_2_lista_cup.pdf p. 3 | appendice_3_schede_intervento.pdf p. 18
J97D23000020001,Concorda,CDP-I,,Attivo,in corso,"Appendice 2, app2-agg2025 p. 4",A1013A,Piano difesa della sede da fenomeni di dissesto idrogeologico - DOIT Genova - 2023,appendice_2_lista_cup.pdf p. 4 | appendice_3_schede_intervento.pdf p. 17
J97D23000030001,Concorda,CDP-I,,Attivo,in corso,"Appendice 2, app2-agg2025 p. 4",A1013A,Piano difesa della sede da fenomeni di dissesto idrogeologico - DOIT Napoli - 2023,appendice_2_lista_cup.pdf p. 4 | appendice_3_schede_intervento.pdf p. 17
J97D23000100001,"Servizi, non verificabile",CDP-S,,Attivo,,,,,
J97D23000110001,"Servizi, non verificabile",CDP-S,,Attivo,,,,,
J97D23000120001,Concorda,CDP-S,,Attivo,servizi,"Servizi, Allegato 12, srv2026 p. 21",,Piano resilienza linee e impianti Sud ambito regione Campania,CdP_Servizi_2022-2026_AI4_Agg2026.pdf p. 21 | appendice_9_elenco_opere_pnrr_e_pnc.pdf p. 3
J97D23000130001,"Servizi, non verificabile",CDP-S,,Attivo,,,,,
J97D23000140001,"Servizi, non verificabile",CDP-S,,Attivo,,,,,
J97D23000150001,"Servizi, non verificabile",CDP-S,,Attivo,,,,,
J97D23000160001,"Servizi, non verificabile",CDP-S,,Attivo,,,,,
J97D23000170001,"Servizi, non verificabile",CDP-S,,Attivo,,,,,
J97D23000180001,"Servizi, non verificabile",CDP-S,,Attivo,,,,,
J97D23000190001,"Servizi, non verificabile",CDP-S,,Attivo,,,,,
J97D23000200001,"Servizi, non verificabile",CDP-S,,Attivo,,,,,
J97D23000210001,"Servizi, non verificabile",CDP-S,,Attivo,,,,,
J97D23000220001,"Servizi, non verificabile",CDP-S,,Attivo,,,,,
J97D23000230001,"Servizi, non verificabile",CDP-S,,Attivo,,,,,
J97D23000240001,"Servizi, non verificabile",CDP-S,,Attivo,,,,,
J97D23000250001,"Servizi, non verificabile",CDP-S,,Attivo,,,,,
J97D23000270001,"Servizi, non verificabile",CDP-S,,Attivo,,,,,
J97D23000280001,"Servizi, non verificabile",CDP-S,,Attivo,,,,,
J97D23000290001,"Servizi, non verificabile",CDP-S,,Attivo,,,,,
J97D23000300001,"Servizi, non verificabile",CDP-S,,Attivo,,,,,
J97D23000310001,"Servizi, non verificabile",CDP-S,,Attivo,,,,,
J97D23000320001,"Servizi, non verificabile",CDP-S,,Attivo,,,,,
J97D23000330001,"Servizi, non verificabile",CDP-S,,Attivo,,,,,
J97D23000340001,"Servizi, non verificabile",CDP-S,,Attivo,,,,,
J97D23000350001,"Servizi, non verificabile",CDP-S,,Attivo,,,,,
J97D23000360001,"Servizi, non verificabile",CDP-S,,Attivo,,,,,
J97D23000370001,"Servizi, non verificabile",CDP-S,,Attivo,,,,,
J97D23000380001,"Servizi, non verificabile",CDP-S,,Attivo,,,,,
J97D23000390001,"Servizi, non verificabile",CDP-S,,Attivo,,,,,
J97D23000400001,"Servizi, non verificabile",CDP-S,,Attivo,,,,,
J97D23000410001,"Servizi, non verificabile",CDP-S,,Attivo,,,,,
J97D23000420001,"Servizi, non verificabile",CDP-S,,Attivo,,,,,
J97D24000000001,Concorda,CDP-I,,Attivo,in corso,"Appendice 2, app2-agg2025 p. 12",P134,Interventi di upgrading rete viaggiatori DOIT Napoli - 2024,appendice_2_lista_cup.pdf p. 12 | appendice_3_schede_intervento.pdf p. 233
J97D24000010001,Concorda,CDP-I,,Attivo,in corso,"Appendice 2, app2-agg2025 p. 2",A1004A,Miglioramento sicurezza gallerie ferroviarie - DOIT Milano - 2024,appendice_2_lista_cup.pdf p. 2 | appendice_3_schede_intervento.pdf p. 4
J97D24000030001,Concorda,CDP-I,,Attivo,in corso,"Appendice 2, app2-agg2025 p. 2",A1004A,Miglioramento sicurezza gallerie ferroviarie - DOIT Palermo - 2024,appendice_2_lista_cup.pdf p. 2 | appendice_3_schede_intervento.pdf p. 4
J97D24000040001,Concorda,CDP-I,,Attivo,in corso,"Appendice 2, app2-agg2025 p. 2",A1004A,Miglioramento sicurezza gallerie ferroviarie - DOIT Verona - 2024,appendice_2_lista_cup.pdf p. 2 | appendice_3_schede_intervento.pdf p. 4
J97D24000080005,Concorda,CDP-I,,Attivo,in corso,"Appendice 2, app2-agg2025 p. 12",P060,Terminali Merci TI - MI,appendice_2_lista_cup.pdf p. 12 | appendice_3_schede_intervento.pdf p. 257 | relazione_informativa_agg_2025_v04_clean.pdf p. 16
J97D24000090005,Concorda,CDP-I,,Attivo,in corso,"Appendice 2, app2-agg2025 p. 12",P060,Upgrading Terminali Merci - Verona,appendice_2_lista_cup.pdf p. 12 | appendice_3_schede_intervento.pdf p. 257
J97D24000110001,Concorda,CDP-I,,Attivo,in corso,"Appendice 2, app2-agg2025 p. 4",A1013A,VR - Mitigazione rischio idrogeologico,appendice_2_lista_cup.pdf p. 4 | appendice_3_schede_intervento.pdf p. 18
J97D24000120001,Concorda,CDP-I,,Attivo,in corso,"Appendice 2, app2-agg2025 p. 4",A1013A,Eventi eccezionali climate change,appendice_2_lista_cup.pdf p. 4 | appendice_3_schede_intervento.pdf p. 16
J97D24000130001,Concorda,CDP-I,,Attivo,in corso,"Appendice 2, app2-agg2025 p. 5",A1013A,NA - Mitigazione rischio idrogeologico,appendice_2_lista_cup.pdf p. 5 | appendice_3_schede_intervento.pdf p. 18
J97D25000000001,Concorda,CDP-I,,Attivo,in corso,"Appendice 2, app2-agg2025 p. 4",A1013A,UTL Interventi dissesto,appendice_2_lista_cup.pdf p. 4 | appendice_3_schede_intervento.pdf p. 18
J97D25000010001,Concorda,CDP-I,,Attivo,in corso,"Appendice 2, app2-agg2025 p. 5",A1013A,Rischio Idrogeologico,appendice_2_lista_cup.pdf p. 5 | appendice_3_schede_intervento.pdf p. 18
J97D25000020001,Concorda,CDP-I,,Attivo,in corso,"Appendice 2, app2-agg2025 p. 5",A1013A,MITIGAZIONE RISCHIO IDROGEOLOGICO 2025,appendice_2_lista_cup.pdf p. 5 | appendice_3_schede_intervento.pdf p. 17
J97D25000030001,Concorda,CDP-I,,Attivo,in corso,"Appendice 2, app2-agg2025 p. 5",A1013A,Mitigazione rischio idrogeol. DOIT VR,appendice_2_lista_cup.pdf p. 5 | appendice_3_schede_intervento.pdf p. 18
J97D25000070001,"Investimenti, non nei documenti",,CDP-I,Attivo,,,,,
J97D25000080001,"Servizi, non verificabile",,CDP-S,Attivo,,,,,
J97D25000090001,"Servizi, non verificabile",,CDP-S,Attivo,,,,,
J97D25000100001,"Servizi, non verificabile",,CDP-S,Attivo,,,,,
J97D25000110001,"Servizi, non verificabile",,CDP-S,Attivo,,,,,
J97D25000120001,"Servizi, non verificabile",,CDP-S,Attivo,,,,,
J97D25000130001,"Servizi, non verificabile",,CDP-S,Attivo,,,,,
J97D25000140001,"Servizi, non verificabile",,CDP-S,Attivo,,,,,
J97D25000150001,"Servizi, non verificabile",,CDP-S,Attivo,,,,,
J97D25000160001,"Servizi, non verificabile",,CDP-S,Attivo,,,,,
J97D25000170001,"Servizi, non verificabile",,CDP-S,Attivo,,,,,
J97D25000180001,"Servizi, non verificabile",,CDP-S,Attivo,,,,,
J97D25000190001,"Servizi, non verificabile",,CDP-S,Attivo,,,,,
J97D25000200001,"Servizi, non verificabile",,CDP-S,Attivo,,,,,
J97D25000210001,"Servizi, non verificabile",,CDP-S,Attivo,,,,,
J97D25000220001,"Servizi, non verificabile",,CDP-S,Attivo,,,,,
J97E13000050001,"Servizi, non verificabile",CDP-S,,Attivo,,,,,
J97E13000060001,"Servizi, non verificabile",CDP-S,,Attivo,,,,,
J97E13000070001,"Servizi, non verificabile",CDP-S,,Attivo,,,,,
J97E13000080001,"Servizi, non verificabile",CDP-S,,Attivo,,,,,
J97E13000090001,"Servizi, non verificabile",CDP-S,,Attivo,,,,,
J97E13000260001,"Opera ultimata, CUP attivo in BDAP",CDP-I,,Attivo,concluso,"Opere ultimate, agg2025 p. 139",,Sviluppo infrastrutturale e upgrading,CdP_2017-2021_Investimenti.pdf p. 180 | CdP_2017-2021_Investimenti_Agg2020-2021.pdf p. 128 | CdP_2022-2026_Investimenti_Agg_ 2025.pdf p. 139
J97E13000270001,"Opera ultimata, CUP attivo in BDAP",CDP-I,,Attivo,concluso,"Opere ultimate, cdp2022 p. 139",P067,Upgrading rete viaggiatori - DOIT Verona - 2013,CdP_2017-2021_Investimenti.pdf p. 62 | CdP_2017-2021_Investimenti.pdf p. 151 | CdP_2017-2021_Investimenti_Agg2020-2021.pdf p. 46 | CdP_2017-2021_Investimenti_Agg2020-2021.pdf p. 104 | CdP_2022-2026_Investimenti.pdf p. 139 | appendice_6_agg_relazione_interventi_dl_43_2013.pdf p. 4
J97E13000470001,"Opera ultimata, CUP attivo in BDAP",CDP-I,,Attivo,concluso,"Opere ultimate, agg2025 p. 143",,"Tecnologie per la sicurezza, la circolazione e l'efficientamento",CdP_2022-2026_Investimenti_Agg_ 2025.pdf p. 143
J97F13000020001,"Opera ultimata, CUP attivo in BDAP",CDP-I,,Attivo,concluso,"Opere ultimate, cdp2022 p. 138",,Manutenzione Straordinaria Linee AV/AC N - 2013,CdP_2022-2026_Investimenti.pdf p. 138
J97F14000010001,"Servizi, non verificabile",CDP-S,,Attivo,,,,,
J97F14000020001,"Servizi, non verificabile",CDP-S,,Attivo,,,,,
J97F14000030001,"Servizi, non verificabile",CDP-S,,Attivo,,,,,
J97F14000040001,"Servizi, non verificabile",CDP-S,,Attivo,,,,,
J97F14000050001,"Servizi, non verificabile",CDP-S,,Attivo,,,,,
J97F14000060001,"Servizi, non verificabile",CDP-S,,Attivo,,,,,
J97F14000070001,"Servizi, non verificabile",CDP-S,,Attivo,,,,,
J97F14000080001,"Servizi, non verificabile",CDP-S,,Attivo,,,,,
J97F14000090001,"Servizi, non verificabile",CDP-S,,Attivo,,,,,
J97F14000100001,"Servizi, non verificabile",CDP-S,,Attivo,,,,,
J97F14000110001,"Servizi, non verificabile",CDP-S,,Attivo,,,,,
J97F14000120001,"Servizi, non verificabile",CDP-S,,Attivo,,,,,
J97F14000130001,"Servizi, non verificabile",CDP-S,,Attivo,,,,,
J97F14000160001,"Servizi, non verificabile",CDP-S,,Attivo,,,,,
J97F14000170001,"Servizi, non verificabile",CDP-S,,Attivo,,,,,
J97F14000180001,"Servizi, non verificabile",CDP-S,,Attivo,,,,,
J97F14000190001,"Servizi, non verificabile",CDP-S,,Attivo,,,,,
J97F14000230001,"Servizi, non verificabile",CDP-S,,Attivo,,,,,
J97F14000250001,"Servizi, non verificabile",CDP-S,,Attivo,,,,,
J97F14000260001,"Servizi, non verificabile",CDP-S,,Attivo,,,,,
J97F19000070001,"Opera ultimata, CUP attivo in BDAP",CDP-I,,Attivo,concluso,"Opere ultimate, agg2025 p. 137",,Sicurezza ed Obblighi di Legge,CdP_2022-2026_Investimenti_Agg_ 2025.pdf p. 137
J97F19000080001,Concorda,CDP-I,,Attivo,in corso,"Appendice 2, app2-agg2025 p. 2",A1004A,Miglioramento sicurezza gallerie ferroviarie - DOIT Napoli - 2019,appendice_2_lista_cup.pdf p. 2 | appendice_3_schede_intervento.pdf p. 4
J97F19000090001,Concorda,CDP-I,,Attivo,in corso,"Appendice 2, app2-agg2025 p. 2",A1004A,Miglioramento sicurezza gallerie ferroviarie - DOIT Verona - 2019,appendice_2_lista_cup.pdf p. 2 | appendice_3_schede_intervento.pdf p. 4
J97F19000100001,"Opera ultimata, CUP attivo in BDAP",CDP-I,,Attivo,concluso,"Opere ultimate, agg2025 p. 139",,Sviluppo infrastrutturale e upgrading,CdP_2022-2026_Investimenti_Agg_ 2025.pdf p. 139
J97F19000110001,Concorda,CDP-I,,Chiuso,concluso,"Opere ultimate, agg2025 p. 143",,"Tecnologie per la sicurezza, la circolazione e l'efficientamento",CdP_2022-2026_Investimenti.pdf p. 138 | CdP_2022-2026_Investimenti_Agg_ 2025.pdf p. 143
J97F19000120001,"Opera ultimata, CUP attivo in BDAP",CDP-I,,Attivo,concluso,"Opere ultimate, agg2025 p. 137",,Sicurezza ed Obblighi di Legge,CdP_2022-2026_Investimenti_Agg_ 2025.pdf p. 137
J97F19000130001,"Opera ultimata, CUP attivo in BDAP",CDP-I,,Attivo,concluso,"Opere ultimate, agg2025 p. 137",,Sicurezza ed Obblighi di Legge,CdP_2022-2026_Investimenti_Agg_ 2025.pdf p. 137
J97F19000150001,Concorda,CDP-I,,Attivo,in corso,"Appendice 2, app2-agg2025 p. 5",A1014,Piano conservazione opere d'arte DOIT Verona- 2019,appendice_2_lista_cup.pdf p. 5 | appendice_3_schede_intervento.pdf p. 22
J97F19000160001,Concorda,CDP-I,,Attivo,in corso,"Appendice 2, app2-agg2025 p. 15",P224,Eliminazione riduzioni di velocità sulla linea AV/AC Firenze - Bologna - Piacenza,appendice_2_lista_cup.pdf p. 15 | appendice_3_schede_intervento.pdf p. 374
J97F19000190001,"Opera ultimata, CUP attivo in BDAP",CDP-I,,Attivo,concluso,"Opere ultimate, agg2025 p. 139",,Sviluppo infrastrutturale e upgrading,CdP_2022-2026_Investimenti_Agg_ 2025.pdf p. 139
J97F19000210001,"Servizi, non verificabile",CDP-S,,Attivo,,,,,
J97F19000220001,"Servizi, non verificabile",CDP-S,,Attivo,,,,,
J97F19000230001,"Servizi, non verificabile",CDP-S,,Attivo,,,,,
J97F19000240001,"Servizi, non verificabile",CDP-S,,Attivo,,,,,
J97F19000270001,Concorda,CDP-S,,Attivo,servizi,"Servizi, Allegato 4c, srv2026 p. 17",,Manutenzione Straordinaria Linee Genova - 2020,CdP_Servizi_2022-2026_AI2_Agg2024.pdf p. 19 | CdP_Servizi_2022-2026_AI4_Agg2026.pdf p. 17
J97F19000280001,"Servizi, non verificabile",CDP-S,,Attivo,,,,,
J97F19000290001,Concorda,CDP-S,,Attivo,servizi,"Servizi, Allegato 4c, srv2026 p. 17",,Manutenzione Straordinaria Linee Napoli - 2020,CdP_Servizi_2022-2026_AI2_Agg2024.pdf p. 19 | CdP_Servizi_2022-2026_AI4_Agg2026.pdf p. 17
J97F19000300001,Concorda,CDP-S,,Attivo,servizi,"Servizi, Allegato 4c, srv2026 p. 17",,Manutenzione Straordinaria Linee Verona - 2020,CdP_Servizi_2022-2026_AI2_Agg2024.pdf p. 19 | CdP_Servizi_2022-2026_AI4_Agg2026.pdf p. 17
J97F19000310001,Concorda,CDP-S,,Attivo,servizi,"Servizi, Allegato 4c, srv2026 p. 17",,Obblighi di Legge Linee Genova - 2020,CdP_Servizi_2022-2026_AI2_Agg2024.pdf p. 19 | CdP_Servizi_2022-2026_AI4_Agg2026.pdf p. 17
J97F19000320001,"Servizi, non verificabile",CDP-S,,Attivo,,,,,
J97F19000330001,"Servizi, non verificabile",CDP-S,,Attivo,,,,,
J97F19000360001,"Servizi, non verificabile",CDP-S,,Attivo,,,,,
J97F19000370001,"Servizi, non verificabile",CDP-S,,Attivo,,,,,
J97F19000390001,"Servizi, non verificabile",CDP-S,,Attivo,,,,,
J97F19000400001,"Servizi, non verificabile",CDP-S,,Attivo,,,,,
J97F19000430001,"In corso nel contratto, assente dal file",,,,in corso,"Appendice 2, app2-agg2025 p. 12",P060,Upgrading collegamenti con porti e terminali - DOIT Genova - 2019,appendice_2_lista_cup.pdf p. 12
J97F20000000001,Concorda,CDP-I,,Attivo,in corso,"Appendice 2, app2-agg2025 p. 3",A1004E,Piano sicurezza armamento DOIT Genova - 2020,appendice_2_lista_cup.pdf p. 3 | appendice_3_schede_intervento.pdf p. 10
J97F20000010001,"Opera ultimata, CUP attivo in BDAP",CDP-I,,Attivo,concluso,"Opere ultimate, agg2025 p. 137",,Sicurezza ed Obblighi di Legge,CdP_2022-2026_Investimenti_Agg_ 2025.pdf p. 137
J97F20000020001,Concorda,CDP-I,,Attivo,in corso,"Appendice 2, app2-agg2025 p. 3",A1004E,Piano sicurezza armamento DOIT Napoli - 2020,appendice_2_lista_cup.pdf p. 3 | appendice_3_schede_intervento.pdf p. 10 | appendice_9_elenco_opere_pnrr_e_pnc.pdf p. 3
J97F20000030001,"Opera ultimata, CUP attivo in BDAP",CDP-I,,Attivo,concluso,"Opere ultimate, agg2025 p. 137",,Sicurezza ed Obblighi di Legge,CdP_2022-2026_Investimenti_Agg_ 2025.pdf p. 137
J97F20000090001,Concorda,CDP-I,,Attivo,in corso,"Appendice 2, app2-agg2025 p. 2",A1004A,Miglioramento sicurezza gallerie ferroviarie - DOIT Genova - 2020,appendice_2_lista_cup.pdf p. 2 | appendice_3_schede_intervento.pdf p. 4
J97F20000110001,Concorda,CDP-I,,Attivo,in corso,"Appendice 2, app2-agg2025 p. 2",A1004A,Miglioramento sicurezza gallerie ferroviarie - DOIT Napoli - 2020,appendice_2_lista_cup.pdf p. 2 | appendice_3_schede_intervento.pdf p. 4
J97F20000140001,Concorda,CDP-I,,Attivo,in corso,"Appendice 2, app2-agg2025 p. 4",A1013A,Piano difesa della sede da fenomeni di dissesto idrogeologico - DOIT Verona - 2020,appendice_2_lista_cup.pdf p. 4 | appendice_3_schede_intervento.pdf p. 17
J97F20000150001,Concorda,CDP-I,,Attivo,in corso,"Appendice 2, app2-agg2025 p. 4",A1013A,Piano difesa della sede da fenomeni di dissesto idrogeologico - DOIT Genova - 2020,appendice_2_lista_cup.pdf p. 4 | appendice_3_schede_intervento.pdf p. 18
J97F20000160001,Concorda,CDP-I,,Attivo,in corso,"Appendice 2, app2-agg2025 p. 4",A1013A,Piano difesa della sede da fenomeni di dissesto idrogeologico - DOIT Napoli - 2020,appendice_2_lista_cup.pdf p. 4 | appendice_3_schede_intervento.pdf p. 17
J97F20000170001,Concorda,CDP-I,,Attivo,in corso,"Appendice 2, app2-agg2025 p. 5",A1014,Piano conservazione opere d'arte DOIT Genova- 2020,appendice_2_lista_cup.pdf p. 5 | appendice_3_schede_intervento.pdf p. 23
J97F20000180001,Concorda,CDP-I,,Attivo,in corso,"Appendice 2, app2-agg2025 p. 5",A1014,Piano conservazione opere d'arte DOIT Milano- 2020,appendice_2_lista_cup.pdf p. 5 | appendice_3_schede_intervento.pdf p. 22
J97F20000190001,Concorda,CDP-I,,Attivo,in corso,"Appendice 2, app2-agg2025 p. 5",A1014,Piano conservazione opere d'arte DOIT Napoli- 2020,appendice_2_lista_cup.pdf p. 5 | appendice_3_schede_intervento.pdf p. 22
J97F20000200001,Concorda,CDP-I,,Attivo,in corso,"Appendice 2, app2-agg2025 p. 5",A1014,Piano conservazione opere d'arte DOIT Verona- 2020,appendice_2_lista_cup.pdf p. 5 | appendice_3_schede_intervento.pdf p. 23
J97F20000210001,Concorda,CDP-I,,Attivo,in corso,"Appendice 2, app2-agg2025 p. 3",A1004D,Smaltimento materiali inquinanti (DOIT Verona) - 2020,appendice_2_lista_cup.pdf p. 3 | appendice_3_schede_intervento.pdf p. 8
J97F20000220001,Concorda,CDP-I,,Attivo,in corso,"Appendice 2, app2-agg2025 p. 12",P060,Upgrading collegamenti con porti e terminali - DOIT Genova - 2020,appendice_2_lista_cup.pdf p. 12 | appendice_3_schede_intervento.pdf p. 257
J97F20000230001,Concorda,CDP-I,,Attivo,in corso,"Appendice 2, app2-agg2025 p. 12",P060,Upgrading collegamenti con porti e terminali - DOIT Venezia - 2020,appendice_2_lista_cup.pdf p. 12 | appendice_3_schede_intervento.pdf p. 257
J97F20000260001,Concorda,CDP-I,,Attivo,in corso,"Appendice 2, app2-agg2025 p. 14",P222,Upgrading infrastrutturale e tecnologico DOIT Milano - 2020,appendice_2_lista_cup.pdf p. 14 | appendice_3_schede_intervento.pdf p. 338
J97G20000020001,"Opera ultimata, assente dal file",,,,concluso,"Opere ultimate, agg2025 p. 135",,Manutenzione Straordinaria cicli fino al 2011,CdP_2022-2026_Investimenti_Agg_ 2025.pdf p. 135
J97G20000060001,Concorda,CDP-I,,Attivo,in corso,"Appendice 2, app2-agg2025 p. 3",A1004E,Piano sicurezza armamento DOIT Genova - 2021,appendice_2_lista_cup.pdf p. 3 | appendice_3_schede_intervento.pdf p. 10
J97G20000070001,Concorda,CDP-I,,Attivo,in corso,"Appendice 2, app2-agg2025 p. 3",A1004E,Piano sicurezza armamento DOIT Napoli - 2021,CdP_Servizi_2022-2026_AI2_Agg2024.pdf p. 58 | appendice_2_lista_cup.pdf p. 3 | appendice_3_schede_intervento.pdf p. 10 | appendice_9_elenco_opere_pnrr_e_pnc.pdf p. 3 | relazione_informativa_agg_2025_v04_clean.pdf p. 13
J97G20000080001,Concorda,CDP-I,,Attivo,in corso,"Appendice 2, app2-agg2025 p. 3",A1004E,Piano sicurezza armamento DOIT Verona - 2021,appendice_2_lista_cup.pdf p. 3 | appendice_3_schede_intervento.pdf p. 10
J97H21000580001,"Opera ultimata, CUP attivo in BDAP",CDP-I,,Attivo,concluso,"Opere ultimate, agg2025 p. 137",,Sicurezza ed Obblighi di Legge,CdP_2022-2026_Investimenti_Agg_ 2025.pdf p. 137
J97H21000590001,Concorda,CDP-I,,Attivo,in corso,"Appendice 2, app2-agg2025 p. 4",A1013A,Piano difesa della sede da fenomeni di dissesto idrogeologico - DOIT Genova - 2021,appendice_2_lista_cup.pdf p. 4 | appendice_3_schede_intervento.pdf p. 17
J97H21000600001,Concorda,CDP-I,,Attivo,in corso,"Appendice 2, app2-agg2025 p. 4",A1013A,Piano difesa della sede da fenomeni di dissesto idrogeologico - DOIT Napoli - 2021,appendice_2_lista_cup.pdf p. 4 | appendice_3_schede_intervento.pdf p. 17 | relazione_informativa_agg_2025_v04_clean.pdf p. 13
J97H21000610001,Concorda,CDP-I,,Attivo,in corso,"Appendice 2, app2-agg2025 p. 5",A1014,Piano conservazione opere d'arte DOIT Genova- 2021,appendice_2_lista_cup.pdf p. 5 | appendice_3_schede_intervento.pdf p. 23
J97H21000620001,Concorda,CDP-I,,Attivo,in corso,"Appendice 2, app2-agg2025 p. 5",A1014,Piano conservazione opere d'arte DOIT Milano- 2021,appendice_2_lista_cup.pdf p. 5 | appendice_3_schede_intervento.pdf p. 22
J97H21000630001,Concorda,CDP-I,,Attivo,in corso,"Appendice 2, app2-agg2025 p. 5",A1014,Piano conservazione opere d'arte DOIT Napoli- 2021,appendice_2_lista_cup.pdf p. 5 | appendice_3_schede_intervento.pdf p. 22
J97H21000640001,Concorda,CDP-I,,Attivo,in corso,"Appendice 2, app2-agg2025 p. 2",A1004A,Miglioramento sicurezza gallerie ferroviarie - DOIT Napoli - 2021,appendice_2_lista_cup.pdf p. 2 | appendice_3_schede_intervento.pdf p. 3 | relazione_informativa_agg_2025_v04_clean.pdf p. 13
J97H21000650001,Concorda,CDP-I,,Attivo,in corso,"Appendice 2, app2-agg2025 p. 3",A1013A,Piano difesa della sede da fenomeni di dissesto idrogeologico - DOIT Milano - 2021,appendice_2_lista_cup.pdf p. 3 | appendice_3_schede_intervento.pdf p. 18
J97H21000660001,Concorda,CDP-I,,Attivo,in corso,"Appendice 2, app2-agg2025 p. 4",A1013A,Piano difesa della sede da fenomeni di dissesto idrogeologico - DOIT Verona - 2021,appendice_2_lista_cup.pdf p. 4 | appendice_3_schede_intervento.pdf p. 17
J97H21000670001,Concorda,CDP-I,,Attivo,in corso,"Appendice 2, app2-agg2025 p. 5",A1014,Piano conservazione opere d'arte DOIT Verona- 2021,appendice_2_lista_cup.pdf p. 5 | appendice_3_schede_intervento.pdf p. 23
J97H21001480001,Concorda,CDP-I,,Attivo,in corso,"Appendice 2, app2-agg2025 p. 12",P060,Upgrading porti e terminali - DOIT Genova,appendice_2_lista_cup.pdf p. 12 | appendice_3_schede_intervento.pdf p. 257
J97H21001500001,Concorda,CDP-I,,Attivo,in corso,"Appendice 2, app2-agg2025 p. 6",A2001B,Piano di sviluppo tecnologico della rete DOIT Genova - 2021,appendice_2_lista_cup.pdf p. 6 | appendice_3_schede_intervento.pdf p. 33
J97H21001800001,"Opera ultimata, CUP attivo in BDAP",CDP-I,,Attivo,concluso,"Opere ultimate, agg2025 p. 139",,Sviluppo infrastrutturale e upgrading,CdP_2022-2026_Investimenti_Agg_ 2025.pdf p. 139
J97H21002300001,Concorda,CDP-I,,Attivo,in corso,"Appendice 2, app2-agg2025 p. 6",A2001B,Attrezzaggi tecnologi - DOIT Napoli,appendice_2_lista_cup.pdf p. 6 | appendice_3_schede_intervento.pdf p. 33
J97H21002670001,Concorda,CDP-I,,Attivo,in corso,"Appendice 2, app2-agg2025 p. 10",P214,Binari senza tempo - DOIT MI,appendice_2_lista_cup.pdf p. 10 | appendice_3_schede_intervento.pdf p. 74
J97H21015150001,Concorda,CDP-I,,Attivo,in corso,"Appendice 2, app2-agg2025 p. 2",A1004A,Miglioramento sicurezza gallerie ferroviarie - DOIT Genova - 2021,appendice_2_lista_cup.pdf p. 2 | appendice_3_schede_intervento.pdf p. 4
J97H21015180001,"Opera ultimata, CUP attivo in BDAP",CDP-I,,Attivo,concluso,"Opere ultimate, agg2025 p. 137",,Sicurezza ed Obblighi di Legge,CdP_2022-2026_Investimenti_Agg_ 2025.pdf p. 137
J97H21017050001,Concorda,CDP-I,,Attivo,in corso,"Appendice 2, app2-agg2025 p. 3",A1004D,Smaltimento materiali inquinanti (DOIT Genova) - 2021,appendice_2_lista_cup.pdf p. 3 | appendice_3_schede_intervento.pdf p. 8
J97H21017110001,"Servizi, non verificabile",CDP-S,,Attivo,,,,,
J97H21017120001,"Servizi, non verificabile",CDP-S,,Attivo,,,,,
J97H21017130001,"Servizi, non verificabile",CDP-S,,Attivo,,,,,
J97H21017140001,"Servizi, non verificabile",CDP-S,,Attivo,,,,,
J97H22000010001,Concorda,CDP-S,,Attivo,servizi,"Servizi, Allegato 4c, srv2026 p. 17",,CdP-S Infratruttura Fisica DOIT Genova - anno 2022,CdP_Servizi_2022-2026_AI2_Agg2024.pdf p. 19 | CdP_Servizi_2022-2026_AI4_Agg2026.pdf p. 17
J97H22000020001,Concorda,CDP-S,,Attivo,servizi,"Servizi, Allegato 4c, srv2026 p. 17",,CdP-S Infratruttura Fisica DOIT Milano - anno 2022,CdP_Servizi_2022-2026_AI2_Agg2024.pdf p. 19 | CdP_Servizi_2022-2026_AI4_Agg2026.pdf p. 17
J97H22000030001,Concorda,CDP-S,,Attivo,servizi,"Servizi, Allegato 4c, srv2026 p. 17",,CdP-S Infratruttura Fisica DOIT Napoli - anno 2022,CdP_Servizi_2022-2026_AI2_Agg2024.pdf p. 19 | CdP_Servizi_2022-2026_AI2_Agg2024.pdf p. 59 | CdP_Servizi_2022-2026_AI4_Agg2026.pdf p. 17
J97H22000040001,"Servizi, non verificabile",CDP-S,,Attivo,,,,,
J97H22000050001,"Servizi, non verificabile",CDP-S,,Attivo,,,,,
J97H22000060001,"Servizi, non verificabile",CDP-S,,Attivo,,,,,
J97H22000070001,"Servizi, non verificabile",CDP-S,,Attivo,,,,,
J97H22000080001,"Servizi, non verificabile",CDP-S,,Attivo,,,,,
J97H22000090001,"Servizi, non verificabile",CDP-S,,Attivo,,,,,
J97H22000100001,"Servizi, non verificabile",CDP-S,,Attivo,,,,,
J97H22000110001,Concorda,CDP-S,,Attivo,servizi,"Servizi, Allegato 4c, srv2026 p. 17",,CdP-S Infratruttura Tecnologica DOIT Napoli - anno 2022,CdP_Servizi_2022-2026_AI2_Agg2024.pdf p. 19 | CdP_Servizi_2022-2026_AI4_Agg2026.pdf p. 17
J97H22000120001,"Servizi, non verificabile",CDP-S,,Attivo,,,,,
J97H22000230001,"Opera ultimata, CUP attivo in BDAP",CDP-I,,Attivo,concluso,"Opere ultimate, agg2025 p. 139",,Sviluppo infrastrutturale e upgrading,CdP_2022-2026_Investimenti_Agg_ 2025.pdf p. 139
J97I06000020001,Concorda,CDP-I,,Chiuso,concluso,"Opere ultimate, agg2025 p. 139",,Sviluppo infrastrutturale e upgrading,CdP_2022-2026_Investimenti_Agg_ 2025.pdf p. 139
J97I07000010001,Concorda,CDP-I,,Attivo,in corso,"Appendice 2, app2-agg2025 p. 10",P201,SCC Bari-Lecce,CdP_2017-2021_Investimenti.pdf p. 43 | CdP_2017-2021_Investimenti.pdf p. 162 | appendice_2_lista_cup.pdf p. 10 | appendice_3_schede_intervento.pdf p. 155
J97I08000110001,"Opera ultimata, assente dal file",,,,concluso,"Opere ultimate, agg2021 p. 127",,Manutenzione Mezzi di Manovra - ante 2011,CdP_2017-2021_Investimenti_Agg2020-2021.pdf p. 127
J97I10000020001,"Investimenti, non nei documenti",CDP-I,,Chiuso,,,,,
J97I10000180001,"Opera ultimata, CUP attivo in BDAP",CDP-I,,Attivo,concluso,"Opere ultimate, agg2025 p. 143",,Rete AV/AC Torino-Milano-Napoli: opere in esercizio,CdP_2017-2021_Investimenti.pdf p. 181 | CdP_2017-2021_Investimenti_Agg2020-2021.pdf p. 129 | CdP_2022-2026_Investimenti.pdf p. 139 | CdP_2022-2026_Investimenti_Agg2024.pdf p. 114 | CdP_2022-2026_Investimenti_Agg_ 2025.pdf p. 143
J97I11000200001,Concorda,CDP-I,,Attivo,in corso,"Appendice 2, app2-agg2025 p. 2",A1004A,Adeguamento sicurezza gallerie tratta AV/AC Bologna-Firenze,appendice_2_lista_cup.pdf p. 2 | appendice_3_schede_intervento.pdf p. 3
J97I12000000001,"Opera ultimata, CUP attivo in BDAP",CDP-I,,Attivo,concluso,"Opere ultimate, agg2025 p. 135",,Manutenzione Straordinaria cicli fino al 2011,CdP_2022-2026_Investimenti_Agg_ 2025.pdf p. 135
J97I12000010001,"Opera ultimata, CUP attivo in BDAP",CDP-I,,Attivo,concluso,"Opere ultimate, agg2025 p. 135",,Manutenzione Straordinaria cicli fino al 2011,CdP_2022-2026_Investimenti_Agg_ 2025.pdf p. 135
J97I12000020001,Concorda,CDP-I,,Chiuso,concluso,"Opere ultimate, agg2025 p. 135",,Manutenzione Straordinaria cicli fino al 2011,CdP_2022-2026_Investimenti_Agg_ 2025.pdf p. 135
J97I12000030001,"Opera ultimata, CUP attivo in BDAP",CDP-I,,Attivo,concluso,"Opere ultimate, agg2025 p. 135",,Manutenzione Straordinaria cicli fino al 2011,CdP_2022-2026_Investimenti_Agg_ 2025.pdf p. 135
J97I12000040001,"Opera ultimata, assente dal file",,,,concluso,"Opere ultimate, agg2025 p. 135",,Manutenzione Straordinaria cicli fino al 2011,CdP_2022-2026_Investimenti_Agg_ 2025.pdf p. 135
J97I12000050001,"Opera ultimata, CUP attivo in BDAP",CDP-I,,Attivo,concluso,"Opere ultimate, cdp2022 p. 138",,Aumento Produttività M.E.NA - 2012,CdP_2017-2021_Investimenti_Agg2020-2021.pdf p. 127 | CdP_2022-2026_Investimenti.pdf p. 138
J97I12000060001,"Opera ultimata, CUP attivo in BDAP",CDP-I,,Attivo,concluso,"Opere ultimate, agg2025 p. 135",,Manutenzione Straordinaria cicli fino al 2011,CdP_2022-2026_Investimenti_Agg_ 2025.pdf p. 135
J97I12000090001,"Opera ultimata, CUP attivo in BDAP",CDP-I,,Attivo,concluso,"Opere ultimate, agg2025 p. 137",,Sicurezza ed Obblighi di Legge,CdP_2017-2021_Investimenti.pdf p. 179 | CdP_2022-2026_Investimenti_Agg_ 2025.pdf p. 137
J97I12000100001,"Opera ultimata, CUP attivo in BDAP",CDP-I,,Attivo,concluso,"Opere ultimate, cdp2022 p. 138",,Manut.Straord.Opere Dif.Infr. Su linee A - 2012,CdP_2022-2026_Investimenti.pdf p. 138
J97I12000110001,"Opera ultimata, CUP attivo in BDAP",CDP-I,,Attivo,concluso,"Opere ultimate, cdp2022 p. 138",,Miglioramenti infrastrutturali su linee - 2012,CdP_2022-2026_Investimenti.pdf p. 138
J97I12000120001,"Investimenti, non nei documenti",CDP-I,,Attivo,,,,,
J97I12000130001,"Opera ultimata, assente dal file",,,,concluso,"Opere ultimate, agg2025 p. 135",,Manutenzione Straordinaria cicli fino al 2011,CdP_2022-2026_Investimenti_Agg_ 2025.pdf p. 135
J97I12000140001,"Investimenti, non nei documenti",CDP-I,,Attivo,,,,,
J97I12000160001,"Opera ultimata, assente dal file",,,,concluso,"Opere ultimate, agg2025 p. 135",,Manutenzione Straordinaria cicli fino al 2011,CdP_2022-2026_Investimenti_Agg_ 2025.pdf p. 135
J97I12000170001,"Opera ultimata, CUP attivo in BDAP",CDP-I,,Attivo,concluso,"Opere ultimate, agg2025 p. 135",,Manutenzione Straordinaria cicli fino al 2011,CdP_2017-2021_Investimenti_Agg2020-2021.pdf p. 127 | CdP_2022-2026_Investimenti_Agg_ 2025.pdf p. 135
J97I12000180001,"Opera ultimata, CUP attivo in BDAP",CDP-I,,Attivo,concluso,"Opere ultimate, cdp2022 p. 138",,Miglioramenti Infrastrutturali POT.BO - 2012,CdP_2017-2021_Investimenti_Agg2020-2021.pdf p. 127 | CdP_2022-2026_Investimenti.pdf p. 138
J97I12000190001,"Opera ultimata, CUP attivo in BDAP",CDP-I,,Attivo,concluso,"Opere ultimate, agg2025 p. 135",,Manutenzione Straordinaria cicli fino al 2011,CdP_2022-2026_Investimenti_Agg_ 2025.pdf p. 135
J97I12000200001,"Opera ultimata, CUP attivo in BDAP",CDP-I,,Attivo,concluso,"Opere ultimate, agg2025 p. 135",,Manutenzione Straordinaria cicli fino al 2011,CdP_2022-2026_Investimenti_Agg_ 2025.pdf p. 135
J97I12000210001,"Opera ultimata, assente dal file",,,,concluso,"Opere ultimate, agg2025 p. 135",,Manutenzione Straordinaria cicli fino al 2011,CdP_2017-2021_Investimenti_Agg2020-2021.pdf p. 127 | CdP_2022-2026_Investimenti_Agg_ 2025.pdf p. 135
J97I12000220001,"Opera ultimata, CUP attivo in BDAP",CDP-I,,Attivo,concluso,"Opere ultimate, cdp2022 p. 138",,Obblighi di legge - NA - 2012,CdP_2017-2021_Investimenti_Agg2020-2021.pdf p. 127 | CdP_2022-2026_Investimenti.pdf p. 138
J97I12000230001,"Opera ultimata, CUP attivo in BDAP",CDP-I,,Attivo,concluso,"Opere ultimate, agg2021 p. 127",,Manut.Straord.Opere Dif.Infr.M.E.BO - 2012,CdP_2017-2021_Investimenti_Agg2020-2021.pdf p. 127
J97I12000240001,"Opera ultimata, CUP attivo in BDAP",CDP-I,,Attivo,concluso,"Opere ultimate, agg2025 p. 135",,Manutenzione Straordinaria cicli fino al 2011,CdP_2022-2026_Investimenti_Agg_ 2025.pdf p. 135
J97I12000250001,"Investimenti, non nei documenti",CDP-I,,Attivo,,,,,
J97I12000260001,"Opera ultimata, assente dal file",,,,concluso,"Opere ultimate, agg2025 p. 135",,Manutenzione Straordinaria cicli fino al 2011,CdP_2022-2026_Investimenti_Agg_ 2025.pdf p. 135
J97I12000270001,"Opera ultimata, CUP attivo in BDAP",CDP-I,,Attivo,concluso,"Opere ultimate, agg2021 p. 127",,Fabbricati di stazione M.E. NA - 2012,CdP_2017-2021_Investimenti_Agg2020-2021.pdf p. 127
J97I12000280001,"Opera ultimata, CUP attivo in BDAP",CDP-I,,Attivo,concluso,"Opere ultimate, agg2025 p. 135",,Manutenzione Straordinaria cicli fino al 2011,CdP_2022-2026_Investimenti_Agg_ 2025.pdf p. 135
J97I12000290001,"Opera ultimata, CUP attivo in BDAP",CDP-I,,Attivo,concluso,"Opere ultimate, agg2025 p. 135",,Manutenzione Straordinaria cicli fino al 2011,CdP_2022-2026_Investimenti_Agg_ 2025.pdf p. 135
J97I12000300001,"Opera ultimata, assente dal file",,,,concluso,"Opere ultimate, agg2025 p. 135",,Manutenzione Straordinaria cicli fino al 2011,CdP_2017-2021_Investimenti_Agg2020-2021.pdf p. 127 | CdP_2022-2026_Investimenti_Agg_ 2025.pdf p. 135
J97I12000310001,"Opera ultimata, CUP attivo in BDAP",CDP-I,,Attivo,concluso,"Opere ultimate, agg2025 p. 135",,Manutenzione Straordinaria cicli fino al 2011,CdP_2017-2021_Investimenti_Agg2020-2021.pdf p. 127 | CdP_2022-2026_Investimenti_Agg_ 2025.pdf p. 135
J97I12000320001,"Investimenti, non nei documenti",CDP-I,,Attivo,,,,,
J97I12000330001,"Opera ultimata, CUP attivo in BDAP",CDP-I,,Attivo,concluso,"Opere ultimate, agg2025 p. 135",,Manutenzione Straordinaria cicli fino al 2011,CdP_2022-2026_Investimenti_Agg_ 2025.pdf p. 135
J97I12000340001,"Opera ultimata, CUP attivo in BDAP",CDP-I,,Attivo,concluso,"Opere ultimate, agg2021 p. 127",,Miglioramenti infrastrutturali M.E.BO - 2012,CdP_2017-2021_Investimenti_Agg2020-2021.pdf p. 127
J97I12000350001,"Investimenti, non nei documenti",CDP-I,,Attivo,,,,,
J97I12000360001,"Opera ultimata, CUP attivo in BDAP",CDP-I,,Attivo,concluso,"Opere ultimate, agg2025 p. 135",,Manutenzione Straordinaria cicli fino al 2011,CdP_2017-2021_Investimenti_Agg2020-2021.pdf p. 127 | CdP_2022-2026_Investimenti.pdf p. 138 | CdP_2022-2026_Investimenti_Agg_ 2025.pdf p. 135
J97I12000370001,"Opera ultimata, assente dal file",,,,concluso,"Opere ultimate, agg2025 p. 135",,Manutenzione Straordinaria cicli fino al 2011,CdP_2017-2021_Investimenti_Agg2020-2021.pdf p. 127 | CdP_2022-2026_Investimenti_Agg_ 2025.pdf p. 135
J97I12000380001,"Opera ultimata, CUP attivo in BDAP",CDP-I,,Attivo,concluso,"Opere ultimate, agg2025 p. 135",,Manutenzione Straordinaria cicli fino al 2011,CdP_2017-2021_Investimenti_Agg2020-2021.pdf p. 127 | CdP_2022-2026_Investimenti_Agg_ 2025.pdf p. 135
J97I12000390001,"Opera ultimata, assente dal file",,,,concluso,"Opere ultimate, agg2021 p. 127",,Acq.a rimp.mat.inv.obl.di leg.prod.-BO - 2012,CdP_2017-2021_Investimenti_Agg2020-2021.pdf p. 127
J97I12000410001,"Opera ultimata, assente dal file",,,,concluso,"Opere ultimate, agg2025 p. 135",,Manutenzione Straordinaria cicli fino al 2011,CdP_2022-2026_Investimenti_Agg_ 2025.pdf p. 135
J97I12000420001,"Opera ultimata, CUP attivo in BDAP",CDP-I,,Attivo,concluso,"Opere ultimate, agg2023 p. 37",,Manut.Straord.Opere Dif.Infr. NA - 2012,CdP_2017-2021_Investimenti_Agg2020-2021.pdf p. 127 | CdP_2022-2026_Investimenti.pdf p. 138 | CdP_2022-2026_Investimenti_Agg2023.pdf p. 37 | relazione_informativa_agg_2025_v04_clean.pdf p. 16
J97I12000430001,"Opera ultimata, assente dal file",,,,concluso,"Opere ultimate, agg2025 p. 135",,Manutenzione Straordinaria cicli fino al 2011,CdP_2022-2026_Investimenti_Agg_ 2025.pdf p. 135
J97I12000440001,"Opera ultimata, assente dal file",,,,concluso,"Opere ultimate, agg2025 p. 135",,Manutenzione Straordinaria cicli fino al 2011,CdP_2022-2026_Investimenti_Agg_ 2025.pdf p. 135
J97I12000450001,"Opera ultimata, assente dal file",,,,concluso,"Opere ultimate, agg2025 p. 135",,Manutenzione Straordinaria cicli fino al 2011,CdP_2017-2021_Investimenti_Agg2020-2021.pdf p. 127 | CdP_2022-2026_Investimenti_Agg_ 2025.pdf p. 135
J97I12000460001,"Investimenti, non nei documenti",CDP-I,,Attivo,,,,,
J97I12000560001,"Investimenti, non nei documenti",CDP-I,,Attivo,,,,,
J97I13000000001,"Servizi, non verificabile",CDP-S,,Attivo,,,,,
J97I13000010001,"Servizi, non verificabile",CDP-S,,Attivo,,,,,
J97I13000020001,"Servizi, non verificabile",CDP-S,,Attivo,,,,,
J97I13000030001,Concorda,CDP-I,,Chiuso,concluso,"Opere ultimate, agg2025 p. 135",,Manutenzione Straordinaria cicli fino al 2011,CdP_2022-2026_Investimenti_Agg_ 2025.pdf p. 135
J97I13000040001,"Opera ultimata, CUP attivo in BDAP",CDP-I,,Attivo,concluso,"Opere ultimate, agg2025 p. 135",,Manutenzione Straordinaria cicli fino al 2011,CdP_2022-2026_Investimenti_Agg_ 2025.pdf p. 135
J97I13000050001,"Opera ultimata, CUP attivo in BDAP",CDP-I,,Attivo,concluso,"Opere ultimate, agg2025 p. 135",,Manutenzione Straordinaria cicli fino al 2011,CdP_2022-2026_Investimenti_Agg_ 2025.pdf p. 135
J97I13000060001,"Opera ultimata, assente dal file",,,,concluso,"Opere ultimate, agg2025 p. 135",,Manutenzione Straordinaria cicli fino al 2011,CdP_2022-2026_Investimenti_Agg2023.pdf p. 37 | CdP_2022-2026_Investimenti_Agg_ 2025.pdf p. 135
J97I13000070001,"Opera ultimata, CUP attivo in BDAP",CDP-I,,Attivo,concluso,"Opere ultimate, agg2025 p. 135",,Manutenzione Straordinaria cicli fino al 2011,CdP_2017-2021_Investimenti_Agg2020-2021.pdf p. 127 | CdP_2022-2026_Investimenti_Agg_ 2025.pdf p. 135
J97I13000080001,"Servizi, non verificabile",CDP-S,,Attivo,,,,,
J97I13000090001,"Opera ultimata, CUP attivo in BDAP",CDP-I,,Attivo,concluso,"Opere ultimate, agg2025 p. 135",,Manutenzione Straordinaria cicli fino al 2011,CdP_2017-2021_Investimenti_Agg2020-2021.pdf p. 127 | CdP_2022-2026_Investimenti_Agg_ 2025.pdf p. 135
J97I13000100001,"Servizi, non verificabile",CDP-S,,Attivo,,,,,
J97I13000110001,"Servizi, non verificabile",CDP-S,,Attivo,,,,,
J97I13000130001,"Servizi, non verificabile",CDP-S,,Attivo,,,,,
J97I13000140001,"Servizi, non verificabile",CDP-S,,Attivo,,,,,
J97I13000150001,"Servizi, non verificabile",CDP-S,,Attivo,,,,,
J97I13000160001,"Servizi, non verificabile",CDP-S,,Attivo,,,,,
J97I13000170001,"Servizi, non verificabile",CDP-S,,Attivo,,,,,
J97I13000180001,"Servizi, non verificabile",CDP-S,,Attivo,,,,,
J97I13000190001,"Servizi, non verificabile",CDP-S,,Attivo,,,,,
J97I13000200001,"Servizi, non verificabile",CDP-S,,Attivo,,,,,
J97I13000230001,"Servizi, non verificabile",CDP-S,,Attivo,,,,,
J97I13000240001,"Opera ultimata, CUP attivo in BDAP",CDP-I,,Attivo,concluso,"Opere ultimate, agg2025 p. 135",,Manutenzione Straordinaria cicli fino al 2011,CdP_2022-2026_Investimenti_Agg_ 2025.pdf p. 135
J97I13000270001,"Servizi, non verificabile",CDP-S,,Attivo,,,,,
J97I13000300001,"Servizi, non verificabile",CDP-S,,Attivo,,,,,
J97I13000330001,"Opera ultimata, CUP attivo in BDAP",CDP-I,,Attivo,concluso,"Opere ultimate, cdp2022 p. 138",,Adeguamento alimentazione gallerie AV Bologna-Firenze,CdP_2017-2021_Investimenti.pdf p. 181 | CdP_2022-2026_Investimenti.pdf p. 138
J97I17000060001,Concorda,CDP-I,,Attivo,in corso,"Appendice 2, app2-agg2025 p. 13",P221,DOIT GE– upgrading linee viaggiatori,appendice_2_lista_cup.pdf p. 13 | appendice_3_schede_intervento.pdf p. 325
J97I17000070001,Concorda,CDP-I,,Attivo,in corso,"Appendice 2, app2-agg2025 p. 10",P198,DOIT MI– upgrading linee viaggiatori,appendice_2_lista_cup.pdf p. 10 | appendice_3_schede_intervento.pdf p. 91
J97I17000080001,Concorda,CDP-I,,Attivo,in corso,"Appendice 2, app2-agg2025 p. 11",P201,DOIT NA– upgrading linee viaggiatori,appendice_2_lista_cup.pdf p. 11 | appendice_3_schede_intervento.pdf p. 155
J97I17000090001,Concorda,CDP-I,,Attivo,in corso,"Appendice 2, app2-agg2025 p. 14",P224,DOIT VR – upgrading linee viaggiatori,appendice_2_lista_cup.pdf p. 14 | appendice_3_schede_intervento.pdf p. 374
J97I17000100001,"Opera ultimata, CUP attivo in BDAP",CDP-I,,Attivo,concluso,"Opere ultimate, agg2025 p. 137",,Sicurezza ed Obblighi di Legge,CdP_2022-2026_Investimenti_Agg_ 2025.pdf p. 137
J97I17000110001,Concorda,CDP-I,,Chiuso,concluso,"Opere ultimate, agg2025 p. 137",,Sicurezza ed Obblighi di Legge,CdP_2022-2026_Investimenti_Agg2024.pdf p. 113 | CdP_2022-2026_Investimenti_Agg_ 2025.pdf p. 137
J97I18000040001,Concorda,CDP-I,,Attivo,in corso,"Appendice 2, app2-agg2025 p. 3",A1013A,Piano difesa della sede da fenomeni di dissesto idrogeologico - DOIT Milano - 2018,appendice_2_lista_cup.pdf p. 3 | appendice_3_schede_intervento.pdf p. 17
J97I18000050001,"Opera ultimata, CUP attivo in BDAP",CDP-I,,Attivo,concluso,"Opere ultimate, agg2025 p. 143",,"Tecnologie per la sicurezza, la circolazione e l'efficientamento",CdP_2022-2026_Investimenti_Agg_ 2025.pdf p. 143
J97I18000060001,"Opera ultimata, CUP attivo in BDAP",CDP-I,,Attivo,concluso,"Opere ultimate, agg2025 p. 143",,"Tecnologie per la sicurezza, la circolazione e l'efficientamento",CdP_2022-2026_Investimenti_Agg_ 2025.pdf p. 143
J97I18000070001,Concorda,CDP-I,,Attivo,in corso,"Appendice 2, app2-agg2025 p. 4",A1013A,Piano difesa della sede da fenomeni di dissesto idrogeologico - DOIT Napoli - 2018,appendice_2_lista_cup.pdf p. 4 | appendice_3_schede_intervento.pdf p. 17
J97J18000050001,"Opera ultimata, CUP attivo in BDAP",CDP-I,,Attivo,concluso,"Opere ultimate, agg2025 p. 143",,"Tecnologie per la sicurezza, la circolazione e l'efficientamento",CdP_2022-2026_Investimenti.pdf p. 139 | CdP_2022-2026_Investimenti_Agg_ 2025.pdf p. 143
J97J18000060001,Concorda,CDP-I,,Attivo,in corso,"Appendice 2, app2-agg2025 p. 12",P192,DOIT GE – upgrading linee merci,appendice_2_lista_cup.pdf p. 12 | appendice_3_schede_intervento.pdf p. 196
J97J18000070001,Concorda,CDP-I,,Attivo,in corso,"Appendice 2, app2-agg2025 p. 13",P221,DOIT MI – upgrading linee merci,appendice_2_lista_cup.pdf p. 13 | appendice_3_schede_intervento.pdf p. 325
J97J18000100001,Concorda,CDP-I,,Chiuso,concluso,"Opere ultimate, agg2025 p. 138",,Sicurezza ed Obblighi di Legge,CdP_2022-2026_Investimenti_Agg2024.pdf p. 113 | CdP_2022-2026_Investimenti_Agg_ 2025.pdf p. 138
J97J18000110001,Concorda,CDP-I,,Attivo,in corso,"Appendice 2, app2-agg2025 p. 3",A1004D,Smaltimento materiali inquinanti (DOIT Napoli) - 2018,appendice_2_lista_cup.pdf p. 3 | appendice_3_schede_intervento.pdf p. 8
J97J18000120001,Concorda,CDP-I,,Attivo,in corso,"Appendice 2, app2-agg2025 p. 3",A1004D,Smaltimento materiali inquinanti (DOIT Verona) - 2018,appendice_2_lista_cup.pdf p. 3 | appendice_3_schede_intervento.pdf p. 8
J97J18000160001,Concorda,CDP-S,,Attivo,servizi,"Servizi, Allegato 4c, srv2026 p. 17",,Manutenzione Straordinaria Linee Genova - 2019,CdP_Servizi_2022-2026_AI2_Agg2024.pdf p. 19 | CdP_Servizi_2022-2026_AI4_Agg2026.pdf p. 17
J97J18000170001,"Servizi, non verificabile",CDP-S,,Attivo,,,,,
J97J18000180001,"Servizi, non verificabile",CDP-S,,Attivo,,,,,
J97J18000190001,"Servizi, non verificabile",CDP-S,,Attivo,,,,,
J97J18000200001,"Servizi, non verificabile",CDP-S,,Attivo,,,,,
J97J18000210001,"Servizi, non verificabile",CDP-S,,Attivo,,,,,
J97J18000220001,"Servizi, non verificabile",CDP-S,,Attivo,,,,,
J97J18000230001,"Servizi, non verificabile",CDP-S,,Attivo,,,,,
J97J18000240001,"Servizi, non verificabile",CDP-S,,Attivo,,,,,
J97J18000250001,"Servizi, non verificabile",CDP-S,,Attivo,,,,,
J97J18000260001,"Servizi, non verificabile",CDP-S,,Attivo,,,,,
J97J18000270001,"Servizi, non verificabile",CDP-S,,Attivo,,,,,
J97J18000280001,"Servizi, non verificabile",CDP-S,,Attivo,,,,,
J97J18000290001,"Servizi, non verificabile",CDP-S,,Attivo,,,,,
J97J18000300001,"Servizi, non verificabile",CDP-S,,Attivo,,,,,
J97J18000310001,"Servizi, non verificabile",CDP-S,,Attivo,,,,,
J97J18000320001,"Servizi, non verificabile",CDP-S,,Attivo,,,,,
J97J18000330001,"Servizi, non verificabile",CDP-S,,Attivo,,,,,
J97J18000340001,"Servizi, non verificabile",CDP-S,,Attivo,,,,,
J97J18000360001,Concorda,CDP-I,,Attivo,in corso,"Appendice 2, app2-agg2025 p. 14",P224,Potenziamento infrastrutturale e tecnologico DOIT Napoli,CdP_Servizi_2022-2026_AI2_Agg2024.pdf p. 58 | appendice_2_lista_cup.pdf p. 14 | appendice_3_schede_intervento.pdf p. 374 | appendice_9_elenco_opere_pnrr_e_pnc.pdf p. 3
J97J18000370001,Concorda,CDP-I,,Attivo,in corso,"Appendice 2, app2-agg2025 p. 10",P201,Miglioramento infrastrutturale - DOIT Napoli - 2018,appendice_2_lista_cup.pdf p. 10 | appendice_3_schede_intervento.pdf p. 155
J97J18000410001,Concorda,CDP-I,,Attivo,in corso,"Appendice 2, app2-agg2025 p. 12",P134,Interventi upgrading rete viaggiatori DOIT Napoli - 2018,appendice_2_lista_cup.pdf p. 12 | appendice_3_schede_intervento.pdf p. 233
J97J19000010001,Concorda,CDP-I,,Attivo,in corso,"Appendice 2, app2-agg2025 p. 3",A1013A,Piano difesa della sede da fenomeni di dissesto idrogeologico - DOIT Milano - 2019,appendice_2_lista_cup.pdf p. 3 | appendice_3_schede_intervento.pdf p. 18
J97J19000020001,Concorda,CDP-I,,Attivo,in corso,"Appendice 2, app2-agg2025 p. 4",A1013A,Piano difesa della sede da fenomeni di dissesto idrogeologico - DOIT Verona - 2019,appendice_2_lista_cup.pdf p. 4 | appendice_3_schede_intervento.pdf p. 18
J97J19000030001,"Opera ultimata, CUP attivo in BDAP",CDP-I,,Attivo,concluso,"Opere ultimate, agg2025 p. 143",,"Tecnologie per la sicurezza, la circolazione e l'efficientamento",CdP_2022-2026_Investimenti_Agg_ 2025.pdf p. 143
J97J19000040001,Concorda,CDP-I,,Attivo,in corso,"Appendice 2, app2-agg2025 p. 4",A1013A,Piano difesa della sede da fenomeni di dissesto idrogeologico - DOIT Napoli - 2019,appendice_2_lista_cup.pdf p. 4 | appendice_3_schede_intervento.pdf p. 18
J97J19000050001,"Opera ultimata, CUP attivo in BDAP",CDP-I,,Attivo,concluso,"Opere ultimate, agg2025 p. 138",,Sicurezza ed Obblighi di Legge,CdP_2022-2026_Investimenti_Agg_ 2025.pdf p. 138
J97J19000060001,"Opera ultimata, CUP attivo in BDAP",CDP-I,,Attivo,concluso,"Opere ultimate, agg2025 p. 138",,Sicurezza ed Obblighi di Legge,CdP_2022-2026_Investimenti_Agg_ 2025.pdf p. 138
J97J19000070001,Concorda,CDP-I,,Attivo,in corso,"Appendice 2, app2-agg2025 p. 3",A1004E,Piano sicurezza armamento DOIT Napoli - 2019,appendice_2_lista_cup.pdf p. 3 | appendice_3_schede_intervento.pdf p. 10
J97J19000080001,"Opera ultimata, CUP attivo in BDAP",CDP-I,,Attivo,concluso,"Opere ultimate, agg2025 p. 138",,Sicurezza ed Obblighi di Legge,CdP_2022-2026_Investimenti_Agg_ 2025.pdf p. 138
