cup,stato,parte,fonte_principale,descrizione,interventi_ultimo_contratto,programmi_appendice_2,oggetto_appendice_2,interventi_contratti_precedenti,opere_ultimate_edizione,data_messa_in_esercizio,opere_ultimate_voce,opere_ultimate_npp,servizi_allegati,servizi_importo_mln,documento,pagina
B31D24000040001,in corso,Investimenti,Tabella A/B,Collegamento ferroviario aeroporto di Genova Fermate di Erzelli/Aeroporto e Cornigliano est ACC e PRG Sestri Ponente PROG PROG,P129,,,,,,,,,,agg2025,58
B47D22000130006,in corso,Investimenti,Appendice 2 (CUP dei programmi),Stazione Milano Greco Pirelli,,P237,Stazione Milano Greco Pirelli,,,,,,,,app2-agg2025,9
B83D21014280004,in corso,Investimenti,Appendice 2 (CUP dei programmi),Autoproduzione di Energia Elettrica da Fonti Rinnovabili – 1° tranche,,A2001B,Autoproduzione di Energia Elettrica da Fonti Rinnovabili – 1° tranche | Interventi di Miglioramento Infrastrutturale e Tecnologico - ambito BA,,,,,,,,app2-agg2025,6
C51B20000970006,in corso,Investimenti,Tabella A/B,Collegamento porto di Augusta Collegamento porto di Augusta,P251,,,,,,,,,,agg2025,56
C66J20000210001,in corso,Investimenti,Appendice 2 (CUP dei programmi),Riqualificazione stazione di Trento,,P199,Riqualificazione stazione di Trento,,,,,,,,app2-agg2025,10
C97D20000080001,in corso,Investimenti,Appendice 2 (CUP dei programmi),Stazioni Olimpiche Regione Veneto-Feltre,,P199,Stazioni Olimpiche Regione Veneto-Feltre,,,,,,,,app2-agg2025,10
E41B19000650002,in corso,Investimenti,Appendice 2 (CUP dei programmi),Pianiga,,P055_A,Pianiga,,,,,,,,app2-agg2025,9
E71I23000320009,in corso,Investimenti,Appendice 2 (CUP dei programmi),Intervento di difesa del paraggio con opere rigide e morbide nel comune di Potenza Picena e Civitanova Marche,,A1013A,Intervento di difesa del paraggio con opere rigide e morbide nel comune di Potenza Picena e Civitanova Marche,,,,,,,,app2-agg2025,4
F21H91000000008,concluso,Investimenti,Opere ultimate (Tabella C),Rete AV/AC Torino-Milano-Napoli: opere in esercizio,,,,,agg2025,31/12/2024,,0351,,,agg2025,143
F32H23000570007,concluso,Investimenti,Opere ultimate (Tabella C),Sicurezza ed Obblighi di Legge,,,,,agg2025,31/12/2024,E.1,3586,,,agg2025,135
F37F24000020007,concluso,Investimenti,Opere ultimate (Tabella C),Sicurezza ed Obblighi di Legge,,,,,agg2025,31/12/2024,E.1,3587,,,agg2025,135
F41H91000000008,concluso,Investimenti,Opere ultimate (Tabella C),Rete AV/AC Torino-Milano-Napoli: opere in esercizio,,,,,agg2025,31/12/2024,,0350,,,agg2025,143
F41I20000030007,in corso,Investimenti,Appendice 2 (CUP dei programmi),Stazione a scavalco di Sesto S. Giovanni,,P055_A,Stazione a scavalco di Sesto S. Giovanni,,,,,,,,app2-agg2025,9
F81H91000000008,in corso,Investimenti,Tabella A/B,Linea AV/AC Milano - Verona: tratta Brescia - Verona,0361,,,,,,,,,,agg2025,82
F81H91000010008,concluso,Investimenti,Opere ultimate (Tabella C),Tratta AV/AC Bologna - Firenze,,,,,cdp2017,04/12/2009,A05,0352,,,cdp2017,181
F81H92000000008,in corso,Investimenti,Tabella A/B,Nodo di Genova e Terzo valico dei Giovi Potenziamento infrastrutturale Voltri-Brignole Porto di Genova: Nuovo terminal merci i Genova Campasso Potenziamento terminale Rivalta Scrivia,P234,,,0343,,,,,,,agg2025,63
F91H91000000008,concluso,Investimenti,Opere ultimate (Tabella C),Tratta AV/AC Roma - Napoli,,,,,cdp2017,15/12/2009,A05,0353,,,cdp2017,181
I41J05000020005,non piu' nel contratto,Investimenti,Tabella A/B di un contratto precedente,Galleria di base del Brennero - quota Italia,,,,A004,,,,,,,agg2021,68
J11B21008720008,in corso,Investimenti,Tabella A/B,Potenziamento della linea Terni - Rieti - L’Aquila-Sulmona Velocizzazione Terni-Rieti e adeguamento massa assiale Rieti- ITER L'Aquila Linea Terni-Sulmona: Infrastrutture di terra per la produzione/stoccaggi e distribuzione di idrogeno verde,P210A,,,,,,,,,,agg2025,66
J11C05000010001,concluso,Investimenti,Opere ultimate (Tabella C),Interventi su SCC e IaP - Palermo,,,,,agg2021,31/12/2020,E.5,1436,,,agg2021,128
J11C09000000009,in corso,Investimenti,Tabella A/B,Velocizzazione e potenziamento linea ferroviaria Adriatica 1^ fase,P262A,,,0332A|0332B,,,,,,,agg2025,72
J11C91000000008,concluso,Investimenti,Opere ultimate (Tabella C),Rete AV/AC Torino-Milano-Napoli: opere in esercizio,,,,,agg2025,31/12/2024,,0329,,,agg2025,143
J11G22000000009,in corso,Investimenti,Appendice 2 (CUP dei programmi),Nuova fermata di Firenze Guidoni,,P076,Nuova fermata di Firenze Guidoni,,,,,,,,app2-agg2025,11
J11G22000080001,in corso,Investimenti,Appendice 2 (CUP dei programmi),City Hub e linee metropolitane Area Centro Sud,,P237,City Hub e linee metropolitane Area Centro Sud,,,,,,,,app2-agg2025,9
J11G24000000001,in corso,Investimenti,Appendice 2 (CUP dei programmi),Miglioramento sismico - DOIT Verona,,A1013B,Miglioramento sismico - DOIT Verona,,,,,,,,app2-agg2025,5
J11H00000190001,concluso,Investimenti,Opere ultimate (Tabella C),PROGRAMMA OPERATIVO TRASPORTI FERROVIE,,,,,agg2021,31/12/2020,E.4,0156,,,agg2021,129
J11H00000190011,concluso,Investimenti,Opere ultimate (Tabella C),"Tecnologie per la sicurezza, la circolazione e l'efficientamento",,,,,agg2025,31/12/2024,E.5,0911,,,agg2025,140
J11H00000190021,concluso,Investimenti,Opere ultimate (Tabella C),Studi di fattibilità e progettazioni,,,,,agg2025,31/12/2024,E.4,0705,,,agg2025,140
J11H00000220001,concluso,Investimenti,Opere ultimate (Tabella C),Studi di fattibilità e progettazioni,,,,,agg2025,31/12/2024,E.4,0493,,,agg2025,140
J11H00000240001,concluso,Investimenti,Opere ultimate (Tabella C),Studi di fattibilità e progettazioni,,,,,agg2025,31/12/2024,E.4,1268,,,agg2025,140
J11H01000260001,concluso,Investimenti,Opere ultimate (Tabella C),"Tecnologie per la sicurezza, la circolazione e l'efficientamento",,,,,agg2025,31/12/2024,E.5,1245,,,agg2025,141
J11H02000040008,in corso,Investimenti,Tabella A/B,"Passante di Torino tratta Porta Susa - Stura Quadruplicamento Torino Porta Susa-Stura e progettazione fermate Dora e Zappata, Stazione AV Torino Porta Susa e Nuova SSE Torino Bramante",0052,,,,,,,,,,agg2025,54
J11H02000050001,concluso,Investimenti,Opere ultimate (Tabella C),Variante di Gozzano,,,,,cdp2017,04/12/2011,A03/04,0239,,,cdp2017,179
J11H02000060001,in corso,Investimenti,Tabella A/B,"Velocizzazione Palermo - Agrigento Velocizzazione Montemaggiore-Roccapalumba, Variante Lercara e altri interventi minori",0242,,,,,,,,,,agg2025,50
J11H02000070008,in corso,Investimenti,Tabella A/B,Linea Messina-Catania: raddoppio Giampilieri-Fiumefreddo Raddoppio Giampilieri-Taormina Raddoppio Letojanni-Taormina-Fiumefreddo,0249,,,,,,,,,,agg2025,60
J11H02000080001,concluso,Investimenti,Opere ultimate (Tabella C),Sviluppo infrastrutturale e upgrading,,,,,agg2025,31/12/2024,E.2,1267,,,agg2025,138
J11H02000090001,concluso,Investimenti,Opere ultimate (Tabella C),Manutenzione Straordinaria cicli fino al 2011,,,,,agg2025,31/12/2024,E.1,1269,,,agg2025,130
J11H02000100001,concluso,Investimenti,Opere ultimate (Tabella C),Metroferrovia Messina - Giampilieri,,,,,cdp2017,14/12/2008,A03/04,1308,,,cdp2017,179
J11H02000120001,concluso,Investimenti,Opere ultimate (Tabella C),Sistema di Controllo Marcia Treno (SCMT)-Progettazione di massima Automac Train Control (ATC) 2^ fase,,,,,agg2024,31/12/2023,E.5,0179,,,agg2024,113
J11H02000130001,in corso,Investimenti,Tabella A/B,Nodo di Novara 1^ fase Sistemazione Novara Boschetto e PRG Vignale PROG PROG,0223A|0223B,,,,,,,,,,agg2025,70
J11H03000030008,in corso,Investimenti,Tabella A/B,Cintura di Torino e connessione al collegamento Torino- Lione opere prioritarie Sezione nazionale Torino-Lione 1^ fase (quadruplicamento PROG PROG Avigliana-Orbassano e scalo Orbassano),0241A|0241B,,,,,,,,,,agg2025,70
J11H03000040011,concluso,Investimenti,Opere ultimate (Tabella C),Manutenzione Straordinaria cicli fino al 2011,,,,,agg2025,31/12/2024,E.1,0583,,,agg2025,130
J11H03000040021,concluso,Investimenti,Opere ultimate (Tabella C),Miglioramenti Infrastrutt. stazioni (VE) - ante 2011,,,,,agg2021,31/12/2020,E.1,0590,,,agg2021,127
J11H03000040041,concluso,Investimenti,Opere ultimate (Tabella C),Manutenzione Straordinaria cicli fino al 2011,,,,,agg2025,31/12/2024,E.1,0587,,,agg2025,130
J11H03000050001,concluso,Investimenti,Opere ultimate (Tabella C),Manutenzione Straordinaria cicli fino al 2011,,,,,agg2025,31/12/2024,E.1,1178,,,agg2025,130
J11H03000060001,concluso,Investimenti,Opere ultimate (Tabella C),Miglioramento sicurezza gallerie ferroviarie - DTP Roma - ante 2011,,,,,agg2021,31/12/2020,E.1,1271,,,agg2021,127
J11H03000060011,concluso,Investimenti,Opere ultimate (Tabella C),Miglioramento sicurezza gallerie ferroviarie - DTP Genova,,,,,cdp2017,31/12/2016,A00,1272,,,cdp2017,176
J11H03000060021,concluso,Investimenti,Opere ultimate (Tabella C),Sicurezza ed Obblighi di Legge,,,,,agg2025,31/12/2024,E.1,1275,,,agg2025,135
J11H03000060031,concluso,Investimenti,Opere ultimate (Tabella C),Sicurezza ed Obblighi di Legge,,,,,agg2025,31/12/2024,E.1,1274,,,agg2025,135
J11H03000060041,concluso,Investimenti,Opere ultimate (Tabella C),Sicurezza ed Obblighi di Legge,,,,,agg2025,31/12/2024,E.1,1277,,,agg2025,135
J11H03000060071,concluso,Investimenti,Opere ultimate (Tabella C),Sicurezza ed Obblighi di Legge,,,,,agg2025,31/12/2024,E.1,1340,,,agg2025,135
J11H03000060081,concluso,Investimenti,Opere ultimate (Tabella C),Sicurezza ed Obblighi di Legge,,,,,agg2025,31/12/2024,E.1,1341,,,agg2025,135
J11H03000060101,concluso,Investimenti,Opere ultimate (Tabella C),Sicurezza ed Obblighi di Legge,,,,,agg2025,31/12/2024,E.1,1273,,,agg2025,135
J11H03000070001,concluso,Investimenti,Opere ultimate (Tabella C),Manutenzione mezzi di manovra - Roma - ante 2011,,,,,agg2023,31/12/2022,E.1,1295,,,agg2023,37
J11H03000080001,concluso,Investimenti,Opere ultimate (Tabella C),Manutenzione Straordinaria cicli fino al 2011,,,,,agg2025,31/12/2024,E.1,1297,,,agg2025,130
J11H03000090001,concluso,Investimenti,Opere ultimate (Tabella C),Movicentro Piemonte,,,,,agg2021,31/12/2020,E.3,1307,,,agg2021,129
J11H03000100001,in corso,Investimenti,Tabella A/B,Potenziamento Fossano-Cuneo Interventi nella stazione di Centallo e progettazione raddoppio Fossano-Cuneo,1357,,,,,,,,,,agg2025,50
J11H03000130001,in corso,Investimenti,Tabella A/B,Accesso al Sempione: raddoppio Vignale-Oleggio-Arona Raddoppio Vignale-Oleggio PROG PROG Raddoppio Oleggio-Arona PROG PROG,0264A,,,0264B,,,,,,,agg2025,77
J11H03000140008,in corso,Investimenti,Tabella A/B,Sistemazione nodo di Catania Interramento stazione Catania c.le completamento del doppio PROG PROG binario tra Catania C.le e Catania Acquicella Interramento Catania Acquicella-Bicocca Collegamento ferroviario aeroporto di Catania: fermata su linea esistente,0270,,,,,,,,,,agg2025,70
J11H03000150001,in corso,Investimenti,Tabella A/B,Velocizzazione Catania-Siracusa 1^ fase Velocizzazione Bicocca-Augusta,0271A|0271B,,,,,,,,,,agg2025,50
J11H03000170009,concluso,Investimenti,Opere ultimate (Tabella C),Studi di fattibilità e progettazioni,,,,,agg2025,31/12/2024,E.4,0273,,,agg2025,140
J11H03000180001,in corso,Investimenti,Tabella A/B,Nuovo collegamento Palermo-Catania 1^ macrofase 1^ macrofase Palermo - Catania: Lotto 1+2 Fiumetorto- Montemaggiore-Lercara 1^ macrofase Palermo - Catania: Lotto 3 Lercara-Caltanissetta Xirbi 1^ macrofase Palermo - Catania: Lotto 4a Caltanissetta Xirbi-Enna 1^ macrofase Palermo - Catania: Lotto 4b Enna-Dittaino 1^ macrofase Palermo - Catania: Lotto 5 Dittaino-Catenanuova 1^ macrofase Palermo - Catania: Lotto 6 Catenanuova-Bicocca,0275A|0275B,,,,,,,,,,agg2025,60
J11H04000110001,concluso,Investimenti,Opere ultimate (Tabella C),Valutazione di sicurezza e certificazione di conformità,,,,,agg2021,31/12/2020,E.5,1410,,,agg2021,128
J11H92000000008,in corso,Investimenti,Tabella A/B,"Nodo di Palermo Passante ferroviario Palermo c.le/Notarbartolo-Carini, Apparato tecnologico Palermo c.le e Completamento raddoppio Carini- Punta-Raisi e adeguamento tecnologico Palermo c.le-Fiumetorto",0036,,,,,,,,,,agg2025,54
J11H92000010001,concluso,Investimenti,Opere ultimate (Tabella C),Sistemazione Tecnologica Milano-Genova,,,,,cdp2017,31/12/2016,A02,0113,,,cdp2017,179
J11H92000020008,in corso,Investimenti,Tabella A/B,Raddoppio Messina - Siracusa 1^ fase Raddoppio Catania Ognina - Catania Centrale e interventi di completamento raddoppio Fiumefreddo-Giarre e Targia - Siracusa,0115,,,,,,,,,,agg2025,54
J11H92000030008,concluso,Investimenti,Opere ultimate (Tabella C),Sviluppo infrastrutturale e upgrading,,,,,agg2025,31/12/2024,E.2,0137,,,agg2025,138
J11H96000000001,concluso,Investimenti,Opere ultimate (Tabella C),Sviluppo infrastrutturale e upgrading,,,,,agg2025,31/12/2024,E.2,0042,,,agg2025,138
J11H96000020001,concluso,Investimenti,Opere ultimate (Tabella C),Sviluppo infrastrutturale e upgrading,,,,,agg2025,31/12/2024,E.2,0015,,,agg2025,138
J11H98000000001,concluso,Investimenti,Opere ultimate (Tabella C),Rilevamento Termico Boccole,,,,,agg2024,31/12/2023,E.5,0065,,,agg2024,113
J11H99000000001,in corso,Investimenti,Tabella A/B,"Velocizzazione Foligno-Perugia-Terontola PRG Perugia S. Giovanni 1^ fase, Velocizzazione Perugia Pontivegge, nuova fermata Perugia Capitini e miglioramenti infrastrutturali tratte varie",0810,,,,,,,,,,agg2025,50
J11J03000010001,concluso,Investimenti,Opere ultimate (Tabella C),"Tecnologie per la sicurezza, la circolazione e l'efficientamento",,,,,agg2025,31/12/2024,E.5,1392,,,agg2025,141
J11J04000010001,concluso,Investimenti,Opere ultimate (Tabella C),"Tecnologie per la sicurezza, la circolazione e l'efficientamento",,,,,agg2025,31/12/2024,E.5,1407,,,agg2025,141
J11J04000020001,concluso,Investimenti,Opere ultimate (Tabella C),Sicurezza ed Obblighi di Legge,,,,,agg2025,31/12/2024,E.1,1399,,,agg2025,135
J11J04000030001,concluso,Investimenti,Opere ultimate (Tabella C),"Tecnologie per la sicurezza, la circolazione e l'efficientamento",,,,,agg2025,31/12/2024,E.5,1403,,,agg2025,141
J11J04000040008,concluso,Investimenti,Opere ultimate (Tabella C),Rete AV/AC Torino-Milano-Napoli: opere in esercizio,,,,,agg2025,31/12/2024,,0300,,,agg2025,143
J11J04000050001,concluso,Investimenti,Opere ultimate (Tabella C),"Sviluppo, implementazione e mantenimento in efficienza sistemi CCL-IaP",,,,,cdp2017,31/12/2016,A02,1420,,,cdp2017,179
J11J04000070001,concluso,Investimenti,Opere ultimate (Tabella C),Sist Contr Circ Linee e Inf.Pub fase 1,,,,,cdp2017,31/12/2016,A02,1422,,,cdp2017,179
J11J04000070011,concluso,Investimenti,Opere ultimate (Tabella C),"Tecnologie per la sicurezza, la circolazione e l'efficientamento",,,,,agg2025,31/12/2024,E.5,1423,,,agg2025,141
J11J04000070031,concluso,Investimenti,Opere ultimate (Tabella C),Sviluppo infrastrutturale e upgrading,,,,,agg2025,31/12/2024,E.2,1440,,,agg2025,138
J11J04000070041,concluso,Investimenti,Opere ultimate (Tabella C),Sviluppo infrastrutturale e upgrading,,,,P067,agg2025,31/12/2024,E.2,1441,,,agg2025,138
J11J04000070061,concluso,Investimenti,Opere ultimate (Tabella C),Sviluppo infrastrutturale e upgrading,,,,,agg2025,31/12/2024,E.2,1443,,,agg2025,138
J11J04000070071,concluso,Investimenti,Opere ultimate (Tabella C),Sviluppo infrastrutturale e upgrading,,,,,agg2025,31/12/2024,E.2,1444,,,agg2025,138
J11J04000070081,concluso,Investimenti,Opere ultimate (Tabella C),Sviluppo infrastrutturale e upgrading,,,,,agg2025,31/12/2024,E.2,1445,,,agg2025,138
J11J04000070091,concluso,Investimenti,Opere ultimate (Tabella C),Sviluppo infrastrutturale e upgrading,,,,,agg2025,31/12/2024,E.2,1446,,,agg2025,138
J11J04000070101,concluso,Investimenti,Opere ultimate (Tabella C),Sviluppo infrastrutturale e upgrading,,,,,agg2025,31/12/2024,E.2,1447,,,agg2025,138
J11J04000070111,concluso,Investimenti,Opere ultimate (Tabella C),Sviluppo infrastrutturale e upgrading,,,,,agg2025,31/12/2024,E.2,1448,,,agg2025,138
J11J04000070121,concluso,Investimenti,Opere ultimate (Tabella C),Sviluppo infrastrutturale e upgrading,,,,,agg2025,31/12/2024,E.2,1449,,,agg2025,138
J11J04000070131,concluso,Investimenti,Opere ultimate (Tabella C),Interventi upgrading rete viaggiatori,,,,,cdp2017,31/12/2016,A03/04,1462,,,cdp2017,179
J11J04000070141,concluso,Investimenti,Opere ultimate (Tabella C),Sviluppo infrastrutturale e upgrading,,,,,agg2025,31/12/2024,E.2,1464,,,agg2025,138
J11J04000070151,concluso,Investimenti,Opere ultimate (Tabella C),Interventi upgrading rete viaggiatori,,,,,cdp2017,31/12/2016,A03/04,1465,,,cdp2017,180
J11J04000070161,concluso,Investimenti,Opere ultimate (Tabella C),Sviluppo infrastrutturale e upgrading,,,,,agg2025,31/12/2024,E.2,1466,,,agg2025,138
J11J04000070171,concluso,Investimenti,Opere ultimate (Tabella C),Sviluppo infrastrutturale e upgrading,,,,,agg2025,31/12/2024,E.2,1467,,,agg2025,138
J11J04000070181,concluso,Investimenti,Opere ultimate (Tabella C),Sviluppo infrastrutturale e upgrading,,,,,agg2025,31/12/2024,E.2,1468,,,agg2025,138
J11J04000070191,concluso,Investimenti,Opere ultimate (Tabella C),"Tecnologie per la sicurezza, la circolazione e l'efficientamento",,,,,agg2025,31/12/2024,E.5,1430,,,agg2025,141
J11J04000070201,concluso,Investimenti,Opere ultimate (Tabella C),"Tecnologie per la sicurezza, la circolazione e l'efficientamento",,,,,agg2025,31/12/2024,E.5,1432,,,agg2025,141
J11J04000070211,in corso,Investimenti,Appendice 2 (CUP dei programmi),Interventi su SCC e IaP - Napoli,,P134,Interventi su SCC e IaP - Napoli,,,,,,,,app2-agg2025,12
J11J05000010001,in corso,Investimenti,Appendice 2 (CUP dei programmi),1° pacchetto di ricerca applicata nel settore dell' ingegneria civile,,A2008,1° pacchetto di ricerca applicata nel settore dell' ingegneria civile,,,,,,,,app2-agg2025,7
J11J05000020001,concluso,Investimenti,Opere ultimate (Tabella C),"Tecnologie per la sicurezza, la circolazione e l'efficientamento",,,,,agg2025,31/12/2024,E.5,1426,,,agg2025,141
J11J05000060001,in corso,Investimenti,Appendice 2 (CUP dei programmi),Sistema di Supporto alla Condotta treno (SSC),,A2004A,Sistema di Supporto alla Condotta treno (SSC),,,,,,,,app2-agg2025,7
J11J20000100008,in corso,Investimenti,Tabella A/B,Linea AV/AC Verona-Padova 3° lotto funzionale: Tratta Vicenza-Padova,I135,,,,,,,,,,agg2025,83
J12D06000000001,concluso,Investimenti,Opere ultimate (Tabella C),Studi di fattibilità e progettazioni,,,,,agg2025,31/12/2024,E.4,1502,,,agg2025,140
J12F17000050001,concluso,Investimenti,Opere ultimate (Tabella C),Terminal bus in stazione AV Firenze (studio di fattibilità),,,,A5000_4,cdp2022,31/12/2021,E.4,1965,,,cdp2022,139
J12J19000180001,in corso,Investimenti,Appendice 2 (CUP dei programmi),Miglioramento sismico - DOIT Venezia,,A1013B,Miglioramento sismico - DOIT Venezia,,,,,,,,app2-agg2025,5
J14B13000240001,concluso,Investimenti,Opere ultimate (Tabella C),PRG Venezia SL e nuovo blocco con distanziamento a 4' Venezia Mestre - Venezia SL,,,,,cdp2022,31/12/2021,E.5,1816,,,cdp2022,138
J14C20001960001,in corso,Investimenti,Appendice 2 (CUP dei programmi),Interventi di upgrade tecnologico e prestazionale - DOIT Venezia,,P199,Interventi di upgrade tecnologico e prestazionale - DOIT Venezia,,,,,,,,app2-agg2025,10
J14D20000010001,in corso,Investimenti,Tabella A/B,Linea AV/AC Verona-Padova 1° lotto funzionale: Tratta Verona-bivio Vicenza,0362A,,,,,,,,,,agg2025,82
J14E21001750001,in corso,Investimenti,Appendice 2 (CUP dei programmi),Piano di sviluppo tecnologico della rete - 2021,,A2001B,Piano di sviluppo tecnologico della rete - 2021,,,,,,,,app2-agg2025,6
J14E21003970001,in corso,Investimenti,Tabella A/B,"Potenziamento linea Ponte S.Pietro-Bergamo-Montello Raddoppio Bergamo-Curno, ACC Bergamo, PRG e ACC Ponte S.Pietro Raddoppio Bergamo-Montello ITER PRG Bergamo",0366A,,,,,,,,,,agg2025,65
J14E22000000001,in corso,Investimenti,Appendice 2 (CUP dei programmi),Potenziamento impianti di trazione elettrica treni per merci pesanti,,A2001B,Potenziamento impianti di trazione elettrica treni per merci pesanti,,,,,,,,app2-agg2025,6
J14E22000020001,in corso,Investimenti,Tabella A/B,Potenziamento Venafro - Campobasso - Matrice Potenziamento Venafro - Campobasso - Matrice 1^ fase Potenziamento Venafro - Campobasso - Matrice 2^ fase,P246,,,,,,,,,,agg2025,52
J14F05000030001,concluso,Investimenti,Opere ultimate (Tabella C),Velocizzazione Palermo-Trapani via Milo e via Castrelvetrano,,,,0314,cdp2022,31/12/2021,E.4,0314,,,cdp2022,139
J14F05000040001,in corso,Investimenti,Tabella A/B,Velocizzazione Siracusa-Ragusa-Gela Velocizzazione Siracusa-Ragusa-Gela PROG PROG,0315,,,,,,,,,,agg2025,74
J14F05000050001,concluso,Investimenti,Opere ultimate (Tabella C),Upgrading rete merci - DOIT Firenze nuovo scalo merci Porcari,,,,,agg2024,31/12/2023,E.2,1458,,,agg2024,113
J14F18000000001,in corso,Investimenti,Tabella A/B,Potenziamento Venafro - Campobasso - Matrice Potenziamento Venafro - Campobasso - Matrice 1^ fase Potenziamento Venafro - Campobasso - Matrice 2^ fase,P246,,,P141,,,,,,,agg2025,52
J14F18000010009,in corso,Investimenti,Tabella A/B,Elettrificazione linee Veneto,P125,,,,,,,,,,agg2025,51
J14F18000020001,in corso,Investimenti,Appendice 2 (CUP dei programmi),Centralizione cabine IS di Verona,,P222,Centralizione cabine IS di Verona,,,,,,,,app2-agg2025,13
J14G18000190001,in corso,Investimenti,Appendice 2 (CUP dei programmi),Potenziamento tecnologico linea Roma-Napoli via Formia (ulteriore fase),,P224,Potenziamento tecnologico linea Roma-Napoli via Formia (ulteriore fase),,,,,,,,app2-agg2025,14
J14G18000260001,in corso,Investimenti,Appendice 2 (CUP dei programmi),Adeguamento a STI opere civili - DOIT Venezia,,A1004F,Adeguamento a STI opere civili - DOIT Venezia,,,,,,,,app2-agg2025,3
J14H12000030001,concluso,Investimenti,Opere ultimate (Tabella C),Manutenzione Straordinaria cicli fino al 2011,,,,,agg2025,31/12/2024,E.1,0588,,,agg2025,130
J14H15000600002,concluso,Investimenti,Opere ultimate (Tabella C),Metropolitana Leggera Matrice-Bojano,,,,1888,agg2023,31/12/2022,E.2,1888,,,agg2023,38
J14H15000750001,concluso,Investimenti,Opere ultimate (Tabella C),"Tecnologie per la sicurezza, la circolazione e l'efficientamento",,,,,agg2025,31/12/2024,E.5,1545,,,agg2025,141
J14H16000530009,in corso,Investimenti,Tabella A/B,Ripristino linea dei bivi di Venezia Mestre Ripristino linea dei bivi di Venezia Mestre PROG PROG,I131,,,,,,,,,,agg2025,79
J14H17000110001,in corso,Investimenti,Appendice 2 (CUP dei programmi),Fermata Bergamo ospedale,,P198,Fermata Bergamo ospedale,,,,,,,,app2-agg2025,10
J14H17000180001,concluso,Investimenti,Opere ultimate (Tabella C),Elettrificazione Bacino Veneto,,,,P125,cdp2022,31/12/2021,E.2,1951,,,cdp2022,139
J14H17000600001,in corso,Investimenti,Appendice 2 (CUP dei programmi),Completamento potenziamento tecnologico Venezia Mestre – Venezia S. Lucia,,P075,Completamento potenziamento tecnologico Venezia Mestre – Venezia S. Lucia,,,,,,,,app2-agg2025,11
J14H17000890001,in corso,Investimenti,Appendice 2 (CUP dei programmi),Riapertura linea Benevento-Pietrelcina-Boscoredole,,P214,Riapertura linea Benevento-Pietrelcina-Boscoredole,,,,,,,,app2-agg2025,9
J14H20000440001,in corso,Investimenti,Tabella A/B,Linea AV/AC Milano - Verona: tratta Brescia - Verona,0361,,,,,,,,,,agg2025,82
J14H20000970001,in corso,Investimenti,Tabella A/B,Elettrificazione linea Trento-Bassano 1^ fase Elettrificazione Trento-Borgo Valsugana,P128,,,,,,,,,,agg2025,52
J14H20001440009,in corso,Investimenti,Tabella A/B,Accessibilità alla nuova stazione AV di Belfiore People mover Firenze Belfiore - Santa Maria Novella PROG PROG Fermata Circondaria ITER,P255,,,,,,,,,,agg2025,75
J14J22000080001,in corso,Investimenti,Appendice 2 (CUP dei programmi),Stazione di Bergamo,,P198,Stazione di Bergamo,,,,,,,,app2-agg2025,10
J14J22000350001,in corso,Investimenti,Tabella A/B,Raddoppio Maerne-Castelfranco Veneto Raddoppio Maerne-Castelfranco Veneto PROG PROG,I183,,,,,,,,,,agg2025,66
J14J23001040001,in corso,Investimenti,Appendice 2 (CUP dei programmi),Elettrificazione e potenziamento Vicenza-Schio,,P199,Elettrificazione e potenziamento Vicenza-Schio,,,,,,,,app2-agg2025,10
J14J23001050001,in corso,Investimenti,Appendice 2 (CUP dei programmi),Elettrificazione e potenziamento Cerea-Isola della Scala,,P199,Elettrificazione e potenziamento Cerea-Isola della Scala,,,,,,,,app2-agg2025,10
J14J24000010001,in corso,Investimenti,Appendice 2 (CUP dei programmi),Sottosistema strutturale energetico - DOIT Venezia,,A2001B,Sottosistema strutturale energetico - DOIT Venezia,,,,,,,,app2-agg2025,6
J16E20000000001,in corso,Investimenti,Appendice 2 (CUP dei programmi),ACCM/SCCM AV Roma - Napoli (fasi),,P224,ACCM/SCCM AV Roma - Napoli (fasi),,,,,,,,app2-agg2025,14
J16G21003640001,in corso,Investimenti,Appendice 2 (CUP dei programmi),Sviluppo Posti Centrali Sud,,A2001B,Sviluppo Posti Centrali Sud,,,,,,,,app2-agg2025,6
J16I18000020001,in corso,Investimenti,Appendice 2 (CUP dei programmi),Adeguamento tecnologie linea Roma-Napoli via Formia tratta sud,,P224,Adeguamento tecnologie linea Roma-Napoli via Formia tratta sud,,,,,,,,app2-agg2025,14
J16J16001210001,in corso,Investimenti,Appendice 2 (CUP dei programmi),Upgrading tecnologico linea AV/AC Roma-Napoli,,P224,Upgrading tecnologico linea AV/AC Roma-Napoli,A5000_4,,,,,,,app2-agg2025,14
J17B14000110005,concluso,Investimenti,Opere ultimate (Tabella C),Liberazione Immobili - DOIT VE - 2014,,,,,agg2024,31/12/2023,E.2,1845,,,agg2024,113
J17B14000210001,concluso,Investimenti,Opere ultimate (Tabella C),"Tecnologie per la sicurezza, la circolazione e l'efficientamento",,,,,agg2025,31/12/2024,E.5,1822,,,agg2025,141
J17B16000060001,concluso,Investimenti,Opere ultimate (Tabella C),Sicurezza ed Obblighi di Legge,,,,,agg2025,31/12/2024,E.1,1908,,,agg2025,135
J17B16000070001,concluso,Investimenti,Opere ultimate (Tabella C),"Tecnologie per la sicurezza, la circolazione e l'efficientamento",,,,,agg2025,31/12/2024,E.5,1822,,,agg2025,141
J17B16000160001,concluso,Investimenti,Opere ultimate (Tabella C),Liberazione Immobili - DOIT VE - 2016,,,,,agg2024,31/12/2023,E.2,1845,,,agg2024,113
J17B17000060001,in corso,Investimenti,Appendice 2 (CUP dei programmi),Piano difesa della sede da fenomeni di dissesto idrogeologico - DOIT Venezia - 2017,,A1013A,Piano difesa della sede da fenomeni di dissesto idrogeologico - DOIT Venezia - 2017,,,,,,,,app2-agg2025,4
J17B17000070001,concluso,Investimenti,Opere ultimate (Tabella C),Sicurezza ed Obblighi di Legge,,,,,agg2025,31/12/2024,E.1,1908,,,agg2025,135
J17B20000630001,in corso,Investimenti,Appendice 2 (CUP dei programmi),Interventi nella stazione di Ponte nelle Alpi,,P199,Interventi nella stazione di Ponte nelle Alpi,,,,,,,,app2-agg2025,10
J17B20000640001,in corso,Investimenti,Appendice 2 (CUP dei programmi),Stazioni Olimpiche Regione Veneto,,P199,Stazioni Olimpiche Regione Veneto,,,,,,,,app2-agg2025,10
J17D18000000001,concluso,Investimenti,Opere ultimate (Tabella C),Sicurezza ed Obblighi di Legge,,,,,agg2025,31/12/2024,E.1,1908,,,agg2025,135
J17D22000000001,in corso,Investimenti,Appendice 2 (CUP dei programmi),Piano difesa della sede da fenomeni di dissesto idrogeologico - DOIT Venezia - 2022,,A1013A,Piano difesa della sede da fenomeni di dissesto idrogeologico - DOIT Venezia - 2022,,,,,,,,app2-agg2025,4
J17D22000070001,in corso,Investimenti,Appendice 2 (CUP dei programmi),Riqualificazione stazioni Area Centro Sud,,P055_A,Riqualificazione stazioni Area Centro Sud,,,,,,,,app2-agg2025,9
J17D22000080001,in corso,Investimenti,Appendice 2 (CUP dei programmi),deploy SEM - area Centro Sud,,P055_A,"deploy SEM - area Centro Sud | deploy SEM - area Centro Sud Riqualificazione funzionale e adeguamento dell'accessibilità dei fabbricati e delle aree antistanti di stazione, deploy Wi-life e",,,,,,,,app2-agg2025,9
J17D22000100001,in corso,Investimenti,Appendice 2 (CUP dei programmi),Nuovo assetto piano del ferro stazioni Area Centro Sud,,P055_A,Nuovo assetto piano del ferro stazioni Area Centro Sud,,,,,,,,app2-agg2025,9
J17D22000110001,in corso,Investimenti,Appendice 2 (CUP dei programmi),"Innalzamento/prolungamento dei marciapiedi e IAP di stazione - area Centro Sud Riqualificazione funzionale e adeguamento dell'accessibilità dei fabbricati e delle aree antistanti di stazione, deploy Wi-life e",,P055_A,"Innalzamento/prolungamento dei marciapiedi e IAP di stazione - area Centro Sud Riqualificazione funzionale e adeguamento dell'accessibilità dei fabbricati e delle aree antistanti di stazione, deploy Wi-life e",,,,,,,,app2-agg2025,9
J17D22000120001,in corso,Investimenti,Appendice 2 (CUP dei programmi),Verifiche vulnerabilità fisica fabbricati di stazione - Area Centro Sud,,A1013B,Verifiche vulnerabilità fisica fabbricati di stazione - Area Centro Sud,,,,,,,,app2-agg2025,5
J17D22000170001,in corso,Investimenti,Appendice 2 (CUP dei programmi),Tecnologie per la sicurezza settore IS - DOIT Venezia,,A2004A,Tecnologie per la sicurezza settore IS - DOIT Venezia,,,,,,,,app2-agg2025,7
J17D22000190001,in corso,Investimenti,Appendice 2 (CUP dei programmi),DOIT VE – upgrading linee merci,,P223,DOIT VE – upgrading linee merci,,,,,,,,app2-agg2025,14
J17D23000010001,in corso,Investimenti,Appendice 2 (CUP dei programmi),Piano difesa della sede da fenomeni di dissesto idrogeologico - DOIT Venezia - 2023,,A1013A,Piano difesa della sede da fenomeni di dissesto idrogeologico - DOIT Venezia - 2023,,,,,,,,app2-agg2025,4
J17D25000000001,in corso,Investimenti,Appendice 2 (CUP dei programmi),DOIT VE - Mitigazione rischio idrogeolog,,A1013A,DOIT VE - Mitigazione rischio idrogeolog,,,,,,,,app2-agg2025,5
J17E00000000001,concluso,Investimenti,Opere ultimate (Tabella C),Manutenzione Straordinaria cicli fino al 2011,,,,,agg2025,31/12/2024,E.1,0556,,,agg2025,130
J17E00000000011,concluso,Investimenti,Opere ultimate (Tabella C),Manutenzione Straordinaria cicli fino al 2011,,,,,agg2025,31/12/2024,E.1,0555,,,agg2025,130
J17E00000000021,concluso,Investimenti,Opere ultimate (Tabella C),Manutenzione Straordinaria cicli fino al 2011,,,,,agg2025,31/12/2024,E.1,0552,,,agg2025,130
J17E00000000031,concluso,Investimenti,Opere ultimate (Tabella C),Manutenzione Straordinaria cicli fino al 2011,,,,,agg2025,31/12/2024,E.1,0563,,,agg2025,130
J17E00000000041,concluso,Investimenti,Opere ultimate (Tabella C),Manutenzione Straordinaria cicli fino al 2011,,,,,agg2025,31/12/2024,E.1,0557,,,agg2025,130
J17E00000000051,concluso,Investimenti,Opere ultimate (Tabella C),Manutenzione Straordinaria cicli fino al 2011,,,,,agg2025,31/12/2024,E.1,0560,,,agg2025,130
J17E00000000061,concluso,Investimenti,Opere ultimate (Tabella C),Manutenzione Straordinaria cicli fino al 2011,,,,,agg2025,31/12/2024,E.1,0562,,,agg2025,130
J17E00000000081,concluso,Investimenti,Opere ultimate (Tabella C),Manutenzione Straordinaria cicli fino al 2011,,,,,agg2025,31/12/2024,E.1,0553,,,agg2025,130
J17E00000000091,concluso,Investimenti,Opere ultimate (Tabella C),Manutenzione Straordinaria cicli fino al 2011,,,,,agg2025,31/12/2024,E.1,0549,,,agg2025,130
J17E00000000101,concluso,Investimenti,Opere ultimate (Tabella C),Potenziamento fabbricati di staz.-AN,,,,,cdp2017,31/12/2016,A00,0548,,,cdp2017,176
J17E00000000131,concluso,Investimenti,Opere ultimate (Tabella C),Manutenzione Straordinaria cicli fino al 2011,,,,,agg2025,31/12/2024,E.1,0551,,,agg2025,130
J17E00000000141,concluso,Investimenti,Opere ultimate (Tabella C),Fabbricati di stazione POT - RM,,,,,cdp2017,31/12/2016,A00,0558,,,cdp2017,176
J17E00000000151,concluso,Investimenti,Opere ultimate (Tabella C),Manutenzione Straordinaria cicli fino al 2011,,,,,agg2025,31/12/2024,E.1,0559,,,agg2025,130
J17E00000000171,concluso,Investimenti,Opere ultimate (Tabella C),Manutenzione Straordinaria cicli fino al 2011,,,,,agg2025,31/12/2024,E.1,0550,,,agg2025,130
J17E00000000261,concluso,Investimenti,Opere ultimate (Tabella C),Manutenzione Straordinaria cicli fino al 2011,,,,,agg2025,31/12/2024,E.1,0561,,,agg2025,130
J17E00000010001,concluso,Investimenti,Opere ultimate (Tabella C),Manutenzione Straordinaria cicli fino al 2011,,,,,agg2025,31/12/2024,E.1,0566,,,agg2025,130
J17E00000010011,concluso,Investimenti,Opere ultimate (Tabella C),Manutenzione Straordinaria cicli fino al 2011,,,,,agg2025,31/12/2024,E.1,0567,,,agg2025,130
J17E00000010021,concluso,Investimenti,Opere ultimate (Tabella C),Manutenzione Straordinaria cicli fino al 2011,,,,,agg2025,31/12/2024,E.1,0572,,,agg2025,130
J17E00000010031,concluso,Investimenti,Opere ultimate (Tabella C),MANUTENZIONE STRAORDINARIA STAZIONI - ante 2011,,,,,agg2021,31/12/2020,E.1,0575,,,agg2021,126
J17E00000010041,concluso,Investimenti,Opere ultimate (Tabella C),Manutenzione Straordinaria cicli fino al 2011,,,,,agg2025,31/12/2024,E.1,0574,,,agg2025,130
J17E00000010051,concluso,Investimenti,Opere ultimate (Tabella C),Manutenzione Straordinaria cicli fino al 2011,,,,,agg2025,31/12/2024,E.1,0571,,,agg2025,130
J17E00000010061,concluso,Investimenti,Opere ultimate (Tabella C),Manutenzione Straordinaria cicli fino al 2011,,,,,agg2025,31/12/2024,E.1,0734,,,agg2025,130
J17E00000010071,concluso,Investimenti,Opere ultimate (Tabella C),Manutenzione Straordinaria cicli fino al 2011,,,,,agg2025,31/12/2024,E.1,0578,,,agg2025,130
J17E00000010091,concluso,Investimenti,Opere ultimate (Tabella C),Manutenzione Straordinaria cicli fino al 2011,,,,,agg2025,31/12/2024,E.1,0570,,,agg2025,130
J17E00000010101,concluso,Investimenti,Opere ultimate (Tabella C),Manutenzione Straordinaria cicli fino al 2011,,,,,agg2025,31/12/2024,E.1,0593,,,agg2025,130
J17E00000010111,concluso,Investimenti,Opere ultimate (Tabella C),Manutenzione Straordinaria cicli fino al 2011,,,,,agg2025,31/12/2024,E.1,0577,,,agg2025,130
J17E00000010121,concluso,Investimenti,Opere ultimate (Tabella C),Manutenzione Straordinaria cicli fino al 2011,,,,,agg2025,31/12/2024,E.1,0564,,,agg2025,130
J17E00000010131,concluso,Investimenti,Opere ultimate (Tabella C),Manutenzione Straordinaria cicli fino al 2011,,,,,agg2025,31/12/2024,E.1,0573,,,agg2025,130
J17E00000010151,concluso,Investimenti,Opere ultimate (Tabella C),Manutenzione Straordinaria cicli fino al 2011,,,,,agg2025,31/12/2024,E.1,0568,,,agg2025,130
J17E00000010161,concluso,Investimenti,Opere ultimate (Tabella C),Manutenzione Straordinaria cicli fino al 2011,,,,,agg2025,31/12/2024,E.1,0569,,,agg2025,130
J17E00000010171,concluso,Investimenti,Opere ultimate (Tabella C),Manutenzione Straordinaria cicli fino al 2011,,,,,agg2025,31/12/2024,E.1,0576,,,agg2025,130
J17E01000040001,concluso,Investimenti,Opere ultimate (Tabella C),FA-Fabbricati civili e industr.-man.ord.,,,,,cdp2017,31/12/2016,A00,0495,,,cdp2017,176
J17E91000000001,concluso,Investimenti,Opere ultimate (Tabella C),Manutenzione Straordinaria cicli fino al 2011,,,,,agg2025,31/12/2024,E.1,0636,,,agg2025,130
J17E91000000011,concluso,Investimenti,Opere ultimate (Tabella C),Manutenzione Straordinaria cicli fino al 2011,,,,,agg2025,31/12/2024,E.1,0634,,,agg2025,130
J17E91000000021,concluso,Investimenti,Opere ultimate (Tabella C),Manutenzione Straordinaria cicli fino al 2011,,,,,agg2025,31/12/2024,E.1,0645,,,agg2025,130
J17E91000000031,concluso,Investimenti,Opere ultimate (Tabella C),Manutenzione Straordinaria cicli fino al 2011,,,,,agg2025,31/12/2024,E.1,0638,,,agg2025,130
J17E91000000041,concluso,Investimenti,Opere ultimate (Tabella C),Manutenzione Straordinaria cicli fino al 2011,,,,,agg2025,31/12/2024,E.1,0676,,,agg2025,130
J17E91000000051,concluso,Investimenti,Opere ultimate (Tabella C),Manutenzione Straordinaria cicli fino al 2011,,,,,agg2025,31/12/2024,E.1,0733,,,agg2025,130
J17E91000000061,concluso,Investimenti,Opere ultimate (Tabella C),Manutenzione Straordinaria cicli fino al 2011,,,,,agg2025,31/12/2024,E.1,0637,,,agg2025,130
J17E91000000071,concluso,Investimenti,Opere ultimate (Tabella C),Manutenzione Straordinaria cicli fino al 2011,,,,,agg2025,31/12/2024,E.1,0633,,,agg2025,130
J17E91000000081,concluso,Investimenti,Opere ultimate (Tabella C),Manutenzione Straordinaria cicli fino al 2011,,,,,agg2025,31/12/2024,E.1,0635,,,agg2025,130
J17E91000000091,concluso,Investimenti,Opere ultimate (Tabella C),Miglioram. infrastrutturali M.E.- R.C.,,,,,cdp2017,31/12/2016,A00,0640,,,cdp2017,176
J17E91000000101,concluso,Investimenti,Opere ultimate (Tabella C),Manutenzione Straordinaria cicli fino al 2011,,,,,agg2025,31/12/2024,E.1,0643,,,agg2025,130
J17E91000000111,concluso,Investimenti,Opere ultimate (Tabella C),Manutenzione Straordinaria cicli fino al 2011,,,,,agg2025,31/12/2024,E.1,0642,,,agg2025,130
J17E91000000151,concluso,Investimenti,Opere ultimate (Tabella C),Miglioramenti infrastrutturali M.E.-VR - ante 2011,,,,,agg2021,31/12/2020,E.1,0646,,,agg2021,127
J17E91000000191,concluso,Investimenti,Opere ultimate (Tabella C),Miglioramenti infrastrutturali M.E. -RM - ante 2011,,,,,agg2023,31/12/2022,E.1,0641,,,agg2023,37
J17E91000000211,concluso,Investimenti,Opere ultimate (Tabella C),Progettazioni sviluppi a completamento - Napoli,,,,,cdp2017,31/12/2016,A03/04,0735,,,cdp2017,181
J17E91000000221,concluso,Investimenti,Opere ultimate (Tabella C),Miglioramento infrastrutturale Provincia di Bolzano,,,,,cdp2017,31/12/2016,A03/04,0809,,,cdp2017,180
J17E91000000231,concluso,Investimenti,Opere ultimate (Tabella C),Manutenzione Straordinaria cicli fino al 2011,,,,,agg2025,31/12/2024,E.1,0644,,,agg2025,130
J17E91000000281,concluso,Investimenti,Opere ultimate (Tabella C),Miglioramento infrastrutturale Provincia di Trento,,,,,cdp2017,31/12/2016,A03/04,0647,,,cdp2017,180
J17E92000000001,concluso,Investimenti,Opere ultimate (Tabella C),Manutenzione Straordinaria cicli fino al 2011,,,,,agg2025,31/12/2024,E.1,0639,,,agg2025,130
J17E99000010001,concluso,Investimenti,Opere ultimate (Tabella C),Manut.Straord.Opere Dif.Infr.M.E.AN - ante 2011,,,,,agg2023,31/12/2022,E.1,0505,,,agg2023,37
J17E99000010011,concluso,Investimenti,Opere ultimate (Tabella C),Manutenzione Straordinaria cicli fino al 2011,,,,,agg2025,31/12/2024,E.1,0512,,,agg2025,130
J17E99000010027,concluso,Investimenti,Opere ultimate (Tabella C),Manutenzione Straordinaria cicli fino al 2011,,,,,agg2025,31/12/2024,E.1,0513,,,agg2025,130
J17E99000010032,concluso,Investimenti,Opere ultimate (Tabella C),Manutenzione Straordinaria cicli fino al 2011,,,,,agg2025,31/12/2024,E.1,0514,,,agg2025,130
J17E99000010041,concluso,Investimenti,Opere ultimate (Tabella C),Manutenzione Straordinaria cicli fino al 2011,,,,,agg2025,31/12/2024,E.1,0515,,,agg2025,130
J17E99000010057,concluso,Investimenti,Opere ultimate (Tabella C),Manutenzione Straordinaria cicli fino al 2011,,,,,agg2025,31/12/2024,E.1,0508,,,agg2025,130
J17E99000010061,concluso,Investimenti,Opere ultimate (Tabella C),Manutenzione Straordinaria cicli fino al 2011,,,,,agg2025,31/12/2024,E.1,0521,,,agg2025,130
J17E99000010071,concluso,Investimenti,Opere ultimate (Tabella C),Manutenzione Straordinaria cicli fino al 2011,,,,,agg2025,31/12/2024,E.1,0506,,,agg2025,130
J17E99000010081,concluso,Investimenti,Opere ultimate (Tabella C),Manutenzione Straordinaria cicli fino al 2011,,,,,agg2025,31/12/2024,E.1,0509,,,agg2025,130
J17E99000010091,concluso,Investimenti,Opere ultimate (Tabella C),Manutenzione straordinaria e Opere a difesa dell'infrastruttura Reggio Calabria,,,,,cdp2017,31/12/2016,A00,0665,,,cdp2017,177
J17E99000010101,concluso,Investimenti,Opere ultimate (Tabella C),Manutenzione Straordinaria cicli fino al 2011,,,,,agg2025,31/12/2024,E.1,0510,,,agg2025,130
J17E99000010111,concluso,Investimenti,Opere ultimate (Tabella C),Manutenzione Straordinaria cicli fino al 2011,,,,,agg2025,31/12/2024,E.1,0522,,,agg2025,130
J17E99000010121,concluso,Investimenti,Opere ultimate (Tabella C),Manutenzione Straordinaria cicli fino al 2011,,,,,agg2025,31/12/2024,E.1,0511,,,agg2025,130
J17E99000010131,concluso,Investimenti,Opere ultimate (Tabella C),Sicurezza ed Obblighi di Legge,,,,,agg2025,31/12/2024,E.1,0662,,,agg2025,135
J17E99000010151,concluso,Investimenti,Opere ultimate (Tabella C),Manutenzione Straordinaria cicli fino al 2011,,,,,agg2025,31/12/2024,E.1,0519,,,agg2025,130
J17E99000010171,concluso,Investimenti,Opere ultimate (Tabella C),Manutenzione Straordinaria cicli fino al 2011,,,,,agg2025,31/12/2024,E.1,0879,,,agg2025,130
J17E99000010181,concluso,Investimenti,Opere ultimate (Tabella C),Manutenzione Straordinaria cicli fino al 2011,,,,,agg2025,31/12/2024,E.1,0520,,,agg2025,130
J17E99000010191,concluso,Investimenti,Opere ultimate (Tabella C),Manutenzione Straordinaria cicli fino al 2011,,,,,agg2025,31/12/2024,E.1,0507,,,agg2025,130
J17E99000010211,concluso,Investimenti,Opere ultimate (Tabella C),Manutenzione Straordinaria cicli fino al 2011,,,,,agg2025,31/12/2024,E.1,0663,,,agg2025,131
J17E99000010221,concluso,Investimenti,Opere ultimate (Tabella C),Manutenzione Straordinaria cicli fino al 2011,,,,,agg2025,31/12/2024,E.1,0517,,,agg2025,131
J17E99000010231,concluso,Investimenti,Opere ultimate (Tabella C),Manutenzione Straordinaria cicli fino al 2011,,,,,agg2025,31/12/2024,E.1,0537,,,agg2025,131
J17E99000010291,concluso,Investimenti,Opere ultimate (Tabella C),Manutenzione Straordinaria cicli fino al 2011,,,,,agg2025,31/12/2024,E.1,0516,,,agg2025,131
J17E99000020007,concluso,Investimenti,Opere ultimate (Tabella C),Manutenzione Straordinaria cicli fino al 2011,,,,,agg2025,31/12/2024,E.1,0531,,,agg2025,131
J17E99000020017,concluso,Investimenti,Opere ultimate (Tabella C),Manutenzione Straordinaria cicli fino al 2011,,,,,agg2025,31/12/2024,E.1,0532,,,agg2025,131
J17E99000020021,concluso,Investimenti,Opere ultimate (Tabella C),Obblighi legge - RM - ante 2011,,,,,agg2023,31/12/2022,E.1,0533,,,agg2023,37
J17E99000020031,concluso,Investimenti,Opere ultimate (Tabella C),Manutenzione Straordinaria cicli fino al 2011,,,,,agg2025,31/12/2024,E.1,0526,,,agg2025,131
J17E99000020041,concluso,Investimenti,Opere ultimate (Tabella C),Manutenzione Straordinaria cicli fino al 2011,,,,,agg2025,31/12/2024,E.1,0540,,,agg2025,131
J17E99000020051,concluso,Investimenti,Opere ultimate (Tabella C),Manutenzione Straordinaria cicli fino al 2011,,,,,agg2025,31/12/2024,E.1,0530,,,agg2025,131
J17E99000020061,concluso,Investimenti,Opere ultimate (Tabella C),Manutenzione Straordinaria cicli fino al 2011,,,,,agg2025,31/12/2024,E.1,0523,,,agg2025,131
J17E99000020071,concluso,Investimenti,Opere ultimate (Tabella C),Manutenzione Straordinaria cicli fino al 2011,,,,,agg2025,31/12/2024,E.1,0525,,,agg2025,131
J17E99000020081,concluso,Investimenti,Opere ultimate (Tabella C),Manutenzione Straordinaria cicli fino al 2011,,,,,agg2025,31/12/2024,E.1,0527,,,agg2025,131
J17E99000020091,concluso,Investimenti,Opere ultimate (Tabella C),Manutenzione Straordinaria cicli fino al 2011,,,,,agg2025,31/12/2024,E.1,0541,,,agg2025,131
J17E99000020101,concluso,Investimenti,Opere ultimate (Tabella C),Manutenzione Straordinaria cicli fino al 2011,,,,,agg2025,31/12/2024,E.1,0536,,,agg2025,131
J17E99000020131,concluso,Investimenti,Opere ultimate (Tabella C),Manutenzione Straordinaria cicli fino al 2011,,,,,agg2025,31/12/2024,E.1,0529,,,agg2025,131
J17E99000020181,concluso,Investimenti,Opere ultimate (Tabella C),Manutenzione Straordinaria cicli fino al 2011,,,,,agg2025,31/12/2024,E.1,0878,,,agg2025,131
J17E99000020191,concluso,Investimenti,Opere ultimate (Tabella C),Manutenzione Straordinaria cicli fino al 2011,,,,,agg2025,31/12/2024,E.1,0528,,,agg2025,131
J17E99000020221,concluso,Investimenti,Opere ultimate (Tabella C),Manutenzione Straordinaria cicli fino al 2011,,,,,agg2025,31/12/2024,E.1,0538,,,agg2025,131
J17E99000020301,concluso,Investimenti,Opere ultimate (Tabella C),Manutenzione Straordinaria cicli fino al 2011,,,,,agg2025,31/12/2024,E.1,0534,,,agg2025,131
J17E99000020331,concluso,Investimenti,Opere ultimate (Tabella C),Manutenzione Straordinaria cicli fino al 2011,,,,,agg2025,31/12/2024,E.1,0524,,,agg2025,131
J17E99000020341,concluso,Investimenti,Opere ultimate (Tabella C),Manutenzione Straordinaria cicli fino al 2011,,,,,agg2025,31/12/2024,E.1,0539,,,agg2025,131
J17E99000020371,concluso,Investimenti,Opere ultimate (Tabella C),Manutenzione Straordinaria cicli fino al 2011,,,,,agg2025,31/12/2024,E.1,1300,,,agg2025,131
J17E99000020381,concluso,Investimenti,Opere ultimate (Tabella C),M.S. E OBBLIGHI DI LEGGE - ante 2011,,,,,agg2021,31/12/2020,E.1,1301,,,agg2021,126
J17E99000020471,concluso,Investimenti,Opere ultimate (Tabella C),Manutenzione Straordinaria cicli fino al 2011,,,,,agg2025,31/12/2024,E.1,0535,,,agg2025,131
J17F19000080001,in corso,Investimenti,Appendice 2 (CUP dei programmi),Smaltimento materiali inquinanti (DOIT Venezia) - 2019,,A1004D,Smaltimento materiali inquinanti (DOIT Venezia) - 2019,,,,,,,,app2-agg2025,3
J17F19000130001,concluso,Investimenti,Opere ultimate (Tabella C),Sicurezza ed Obblighi di Legge,,,,,agg2025,31/12/2024,E.1,3175,,,agg2025,135
J17F19000180001,concluso,Investimenti,Opere ultimate (Tabella C),Upgrading infrastrutturale e tecnologico DOIT Venezia - 2019,,,,,agg2024,31/12/2023,E.2,3185,,,agg2024,113
J17F19000310001,in corso,Investimenti,Appendice 2 (CUP dei programmi),Riqualificaz.AreeEsterneStazione Mantova,,P054,Riqualificaz.AreeEsterneStazione Mantova,,,,,,,,app2-agg2025,11
J17F20000000001,concluso,Investimenti,Opere ultimate (Tabella C),Sicurezza ed Obblighi di Legge,,,,,agg2025,31/12/2024,E.1,1908,,,agg2025,135
J17F20000030001,in corso,Investimenti,Appendice 2 (CUP dei programmi),Piano difesa della sede da fenomeni di dissesto idrogeologico - DOIT Venezia - 2020,,A1013A,Piano difesa della sede da fenomeni di dissesto idrogeologico - DOIT Venezia - 2020,,,,,,,,app2-agg2025,4
J17F20000040001,in corso,Investimenti,Appendice 2 (CUP dei programmi),Piano conservazione opere d'arte DOIT Venezia- 2020,,A1014,Piano conservazione opere d'arte DOIT Venezia- 2020,,,,,,,,app2-agg2025,5
J17G20000010001,concluso,Investimenti,Opere ultimate (Tabella C),Sicurezza ed Obblighi di Legge,,,,,agg2025,31/12/2024,E.1,1908,,,agg2025,135
J17H21000420001,in corso,Investimenti,Appendice 2 (CUP dei programmi),Piano difesa della sede da fenomeni di dissesto idrogeologico - DOIT Venezia - 2021,,A1013A,Piano difesa della sede da fenomeni di dissesto idrogeologico - DOIT Venezia - 2021,,,,,,,,app2-agg2025,4
J17H21000430001,in corso,Investimenti,Appendice 2 (CUP dei programmi),Piano conservazione opere d'arte DOIT Venezia- 2021,,A1014,Piano conservazione opere d'arte DOIT Venezia- 2021,,,,,,,,app2-agg2025,5
J17H21002490001,in corso,Investimenti,Appendice 2 (CUP dei programmi),Sulmona-Castel di Sangro-Carpinone Ripristino ai fini turistico-naturali della storica tratta ferroviaria Avellino – Rocchetta S. Antonio Lacedonia (1^ Fase) - studio di,,P214,Sulmona-Castel di Sangro-Carpinone Ripristino ai fini turistico-naturali della storica tratta ferroviaria Avellino – Rocchetta S. Antonio Lacedonia (1^ Fase) - studio di,,,,,,,,app2-agg2025,9
J17H22000060001,servizi,Servizi,"Servizi, Allegato 4c",CdP-S Infratruttura Fisica DOIT Venezia - anno 2022,,,,,,,,,Allegato 4c,0.56,srv2026,17
J17I06000030001,concluso,Investimenti,Opere ultimate (Tabella C),Attrezz. Tecnol. linee e imp. intera ret,,,,,cdp2017,31/12/2016,A02,1486,,,cdp2017,179
J17I07000000001,in corso,Investimenti,Appendice 2 (CUP dei programmi),Riconfigurazione impianti SCMT Roma,,A2001B,Riconfigurazione impianti SCMT Roma,,,,,,,,app2-agg2025,6
J17I08000010001,concluso,Investimenti,Opere ultimate (Tabella C),"Tecnologie per la sicurezza, la circolazione e l'efficientamento",,,,,agg2025,31/12/2024,E.5,1545,,,agg2025,141
J17I10000040001,in corso,Investimenti,Appendice 2 (CUP dei programmi),Completamento SCC Adriatica (PRG e ACC Ancona),,P223,Completamento SCC Adriatica (PRG e ACC Ancona),,,,,,,,app2-agg2025,14
J17I10002780001,concluso,Investimenti,Opere ultimate (Tabella C),Interventi completamento tratta AV/AC Roma-Napoli,,,,,cdp2017,15/12/2013,A05,0349,,,cdp2017,181
J17I10002790001,in corso,Investimenti,Appendice 2 (CUP dei programmi),Aggiornamento ERTMS/ETCS linea AV/AC Roma-Napoli,,A2011,Aggiornamento ERTMS/ETCS linea AV/AC Roma-Napoli,,,,,,,,app2-agg2025,8
J17I11000450001,in corso,Investimenti,Appendice 2 (CUP dei programmi),Adeguamento sicurezza gallerie tratta AV/AC Roma-Napoli,,A1004A,Adeguamento sicurezza gallerie tratta AV/AC Roma-Napoli,,,,,,,,app2-agg2025,2
J17I12000000001,concluso,Investimenti,Opere ultimate (Tabella C),Manutenzione Straordinaria cicli fino al 2011,,,,,agg2025,31/12/2024,E.1,0620,,,agg2025,131
J17I12000330001,concluso,Investimenti,Opere ultimate (Tabella C),Manut.Straord.Opere Dif.Infr.VE - 2012,,,,,agg2021,31/12/2020,E.1,0521,,,agg2021,126
J17I12000340001,concluso,Investimenti,Opere ultimate (Tabella C),Manutenzione Straordinaria cicli fino al 2011,,,,,agg2025,31/12/2024,E.1,0540,,,agg2025,131
J17I12000350001,concluso,Investimenti,Opere ultimate (Tabella C),Manutenzione Straordinaria cicli fino al 2011,,,,,agg2025,31/12/2024,E.1,0577,,,agg2025,131
J17I12000360001,concluso,Investimenti,Opere ultimate (Tabella C),Miglioramenti infrastrutturali M.E.-VE - 2012,,,,,agg2023,31/12/2022,E.1,0645,,,agg2023,37
J17I12000370001,concluso,Investimenti,Opere ultimate (Tabella C),Manutenzione Straordinaria cicli fino al 2011,,,,,agg2025,31/12/2024,E.1,0729,,,agg2025,131
J17I12000380001,in corso,Investimenti,Appendice 2 (CUP dei programmi),Potenziamento e velocizzazione itinerario Palermo - Catania (e altre linee),,P074,Potenziamento e velocizzazione itinerario Palermo - Catania (e altre linee),P074,,,,,,,app2-agg2025,10
J17I13000000001,concluso,Investimenti,Opere ultimate (Tabella C),Manutenzione Straordinaria cicli fino al 2011,,,,,agg2025,31/12/2024,E.1,0521,,,agg2025,131
J17I13000010001,concluso,Investimenti,Opere ultimate (Tabella C),Manutenzione Straordinaria cicli fino al 2011,,,,,agg2025,31/12/2024,E.1,0620,,,agg2025,131
J17I13000050001,concluso,Investimenti,Opere ultimate (Tabella C),Manutenzione Straordinaria cicli fino al 2011,,,,,agg2025,31/12/2024,E.1,0590,,,agg2025,131
J17I17000050001,in corso,Investimenti,Appendice 2 (CUP dei programmi),DOIT VE – upgrading linee viaggiatori,,P222,DOIT VE – upgrading linee viaggiatori,,,,,,,,app2-agg2025,13
J17I18000060001,in corso,Investimenti,Appendice 2 (CUP dei programmi),Piano difesa della sede da fenomeni di dissesto idrogeologico - DOIT Venezia - 2018,,A1013A,Piano difesa della sede da fenomeni di dissesto idrogeologico - DOIT Venezia - 2018,,,,,,,,app2-agg2025,4
J17J18000360001,in corso,Investimenti,Appendice 2 (CUP dei programmi),Potenziamento infrastrutturale e tecnologico DOIT Venezia,,P223,Potenziamento infrastrutturale e tecnologico DOIT Venezia,,,,,,,,app2-agg2025,14
J17J18000630001,in corso,Investimenti,Appendice 2 (CUP dei programmi),Smaltimento materiali inquinanti (DOIT Venezia) - 2018,,A1004D,Smaltimento materiali inquinanti (DOIT Venezia) - 2018,,,,,,,,app2-agg2025,3
J17J19000000001,in corso,Investimenti,Appendice 2 (CUP dei programmi),Piano difesa della sede da fenomeni di dissesto idrogeologico - DOIT Venezia - 2019,,A1013A,Piano difesa della sede da fenomeni di dissesto idrogeologico - DOIT Venezia - 2019,,,,,,,,app2-agg2025,4
J17J19000010001,concluso,Investimenti,Opere ultimate (Tabella C),Sicurezza ed Obblighi di Legge,,,,,agg2025,31/12/2024,E.1,1908,,,agg2025,135
J19B12000040001,in corso,Investimenti,Tabella A/B,"Linea ferroviaria Potenza - Foggia - ammodernamento Ammodernamento Potenza-Foggia Fase 1: adeguamento a standard RFI e razionalizzazione impianti Ammodernamento Potenza-Foggia Fase 2B: velocizzazione PROG PROG Variante di Melfi PROG PROG Ammodernamento Potenza-Foggia Fase 2A: elettrificazione, soppressione PL e consolidamento sede",1674,,,,,,,,,,agg2025,65
J19G01000000001,in corso,Investimenti,Appendice 2 (CUP dei programmi),Piano Soppressione Passaggi a Livello,,A1006,Piano Soppressione Passaggi a Livello,I173|P245,,,,,,,app2-agg2025,3
J19G01000010001,concluso,Investimenti,Opere ultimate (Tabella C),Tecnologie (Potenz. OML e OMV),,,,,cdp2017,31/12/2016,A03/04,2783,,,cdp2017,180
J19G02000010001,in corso,Investimenti,Appendice 2 (CUP dei programmi),Realizzazione Piano di Risanamento Acustico,,A1004B,Realizzazione Piano di Risanamento Acustico,,,,,,,,app2-agg2025,2
J19G02000030011,concluso,Investimenti,Opere ultimate (Tabella C),"Tecnologie per la sicurezza, la circolazione e l'efficientamento",,,,,agg2025,31/12/2024,E.5,1408,,,agg2025,141
J19G02000030021,concluso,Investimenti,Opere ultimate (Tabella C),"Tecnologie per la sicurezza, la circolazione e l'efficientamento",,,,,agg2025,31/12/2024,E.5,1409,,,agg2025,141
J20B18000000001,in corso,Investimenti,Appendice 2 (CUP dei programmi),Sviluppo flotta navale,,A1008,Sviluppo flotta navale,,,,,,,,app2-agg2025,12
J21C08000000009,in corso,Investimenti,Tabella A/B,Raddoppio linea Roma-Viterbo: tratta Cesano-Bracciano Raddoppio Cesano-Vigna di Valle PROG ITER Raddoppio Vigna di Valle-Bracciano PROG ITER,0331,,,,,,,,,,agg2025,75
J21C91000000008,concluso,Investimenti,Opere ultimate (Tabella C),Nodo AV/AC Napoli,,,,A5000_3,cdp2022,31/12/2021,,0328,,,cdp2022,139
J21G22000050001,in corso,Investimenti,Tabella A/B,Adeguamento e velocizzazione linea ferroviaria jonica - tratta Sibari-Melito Porto Salvo e trasversale Lamezia Terme - Catanzaro Lido Elettrificazione linea jonica tratta Catanzaro Lido - Crotone - Sibari Potenziamento Lamezia Terme - Settingiano e elettrificazione,P245,,,,,,,,,,agg2025,72
J21G24000010002,in corso,Investimenti,Appendice 2 (CUP dei programmi),Mi Parco Nord-Seregno e Staz FS Seregno,,P055_A,Mi Parco Nord-Seregno e Staz FS Seregno,,,,,,,,app2-agg2025,9
J21G24000050001,in corso,Investimenti,Appendice 2 (CUP dei programmi),Nuova Stazione AV Medio Etruria,,P200,Nuova Stazione AV Medio Etruria,,,,,,,,app2-agg2025,10
J21H01000090001,concluso,Investimenti,Opere ultimate (Tabella C),Raddoppio Decimomannu - S. Gavino,,,,,cdp2017,21/09/2008,A03/04,0202,,,cdp2017,180
J21H02000100001,concluso,Investimenti,Opere ultimate (Tabella C),Impianti industriali e terminali viaggiatori e merci,,,,,agg2025,31/12/2024,E.3,1283,,,agg2025,139
J21H03000110001,concluso,Investimenti,Opere ultimate (Tabella C),Studio di fattibilità ammodernamento e velocizzazione Cagliari-Oristano e relazione Cagliari-Sassari,,,,,cdp2017,31/12/2016,A03/04,1358,,,cdp2017,181
J21H03000120001,concluso,Investimenti,Opere ultimate (Tabella C),Sviluppo infrastrutturale e upgrading,,,,,agg2025,31/12/2024,E.2,1310,,,agg2025,138
J21H03000130001,concluso,Investimenti,Opere ultimate (Tabella C),Studi di fattibilità e progettazioni,,,,,agg2025,31/12/2024,E.4,1344,,,agg2025,140
J21H03000130011,concluso,Investimenti,Opere ultimate (Tabella C),Studi di fattibilità e progettazioni,,,,,agg2025,31/12/2024,E.4,1345,,,agg2025,140
J21H03000140001,in corso,Investimenti,Appendice 2 (CUP dei programmi),Attrezzaggi tecnologici DOIT Ancona,,A2001B,Attrezzaggi tecnologici DOIT Ancona,,,,,,,,app2-agg2025,6
J21H03000140011,in corso,Investimenti,Appendice 2 (CUP dei programmi),Attrezaggi tecnologici DOIT Roma,,A2001B,Attrezaggi tecnologici DOIT Roma,,,,,,,,app2-agg2025,6
J21H03000140021,in corso,Investimenti,Appendice 2 (CUP dei programmi),Attrezaggi tecnologici DOIT Torino,,A2001B,Attrezaggi tecnologici DOIT Torino,,,,,,,,app2-agg2025,6
J21H03000140031,concluso,Investimenti,Opere ultimate (Tabella C),Sicurezza ed Obblighi di Legge,,,,,agg2025,31/12/2024,E.1,1396,,,agg2025,135
J21H03000140041,in corso,Investimenti,Appendice 2 (CUP dei programmi),Attrezaggi tecnologici DOIT Reggio Calabria,,A2001B,Attrezaggi tecnologici DOIT Reggio Calabria,,,,,,,,app2-agg2025,6
J21H03000140051,concluso,Investimenti,Opere ultimate (Tabella C),"Tecnologie per la sicurezza, la circolazione e l'efficientamento",,,,,agg2025,31/12/2024,E.5,1360,,,agg2025,141
J21H04000220001,in corso,Investimenti,Tabella A/B,"Potenziamento Venezia-Trieste completamento Varianti Portugruaro, Latisana e Isonzo PROG ITER Variante Ronchi-Aurisina",0365B,,,0291,,,,,,,agg2025,79
J21H92000000001,concluso,Investimenti,Opere ultimate (Tabella C),Adeguamento al traffico Merci Linea Domodossola-Luino-Novara-Ovada-Genova,,,,,cdp2017,31/12/2016,A03/04,0146,,,cdp2017,180
J21H98000000001,concluso,Investimenti,Opere ultimate (Tabella C),Ammodernamento e velocizzazione Rete Sarda,,,,,agg2021,31/12/2020,E.2,0161,,,agg2021,128
J21H99000010001,concluso,Investimenti,Opere ultimate (Tabella C),"Tecnologie per la sicurezza, la circolazione e l'efficientamento",,,,,agg2025,31/12/2024,E.5,0843,,,agg2025,141
J21H99000020001,concluso,Investimenti,Opere ultimate (Tabella C),Fabbricati civ. e ind.(pot.posto manut.) - ante 2011,,,,,agg2023,31/12/2022,E.1,2774,,,agg2023,37
J21H99000020041,concluso,Investimenti,Opere ultimate (Tabella C),Manutenzione Straordinaria cicli fino al 2011,,,,,agg2025,31/12/2024,E.1,2784,,,agg2025,131
J21J05000000001,in corso,Investimenti,Tabella A/B,Nuovo collegamento PM228 - Castelplanio con by-pass di Albacina PM228-Castelplanio Lotto 1: nuovo collegamento PM228 - nuovo ITER Bivio Nord Albacina PM228-Castelplanio Lotto 2: Raddoppio Bivio Nord Albacina - Serra San Quirico PM228-Castelplanio Lotto 3: Raddoppio Serra San Quirico - PROG ITER Castelplanio,0298,,,,,,,,,,agg2025,71
J21J05000020001,concluso,Investimenti,Opere ultimate (Tabella C),"Tecnologie per la sicurezza, la circolazione e l'efficientamento",,,,,agg2025,31/12/2024,E.5,1431,,,agg2025,141
J22C21002500008,in corso,Investimenti,Appendice 2 (CUP dei programmi),Potenziamento accessibilità stazioni cratere sisma - Regione Lazio,,P055_A,Potenziamento accessibilità stazioni cratere sisma - Regione Lazio,,,,,,,,app2-agg2025,9
J22H22000390001,in corso,Investimenti,Appendice 2 (CUP dei programmi),PRG di Padova C.le,,P222,PRG di Padova C.le,,,,,,,,app2-agg2025,13
J22J19000060001,in corso,Investimenti,Appendice 2 (CUP dei programmi),Miglioramento sismico - DOIT Reggio Calabria,,A1013B,Miglioramento sismico - DOIT Reggio Calabria,,,,,,,,app2-agg2025,5
J24C20000000009,in corso,Investimenti,Tabella A/B,Stazione AV Foggia Cervaro Stazione AV Foggia Cervaro,P230,,,,,,,,,,agg2025,66
J24C20002580001,concluso,Investimenti,Opere ultimate (Tabella C),Sviluppo infrastrutturale e upgrading,,,,,agg2025,31/12/2024,E.2,3224,,,agg2025,138
J24D20000010001,in corso,Investimenti,Tabella A/B,Potenziamento Padova-Castelfranco Linea Padova-Vigodarzere: raddoppio ponte sul Brenta,I184,,,,,,,,,,agg2025,51
J24E21001480001,in corso,Investimenti,Appendice 2 (CUP dei programmi),Programma nazionale ERTMS-Milano,,A2011,Programma nazionale ERTMS-Milano,,,,,,,,app2-agg2025,8
J24E21001490001,in corso,Investimenti,Appendice 2 (CUP dei programmi),Programma nazionale ERTMS Sicilia,,A2011,Programma nazionale ERTMS Sicilia,,,,,,,,app2-agg2025,8
J24E22000170001,in corso,Investimenti,Appendice 2 (CUP dei programmi),Adeguamento a modulo linea Adriatica,,P223,Adeguamento a modulo linea Adriatica,,,,,,,,app2-agg2025,14
J24F05000010001,in corso,Investimenti,Tabella A/B,Velocizzazione S. Gavino-Sassari-Olbia fasi prioritarie Variante Bauladu,0313A|0313B,,,,,,,,,,agg2025,62
J24G18000030001,concluso,Investimenti,Opere ultimate (Tabella C),Potenziamento tecnologico linea a monte del Vesuvio,,,,,cdp2022,31/12/2021,E.5,3087,,,cdp2022,138
J24G19000000001,in corso,Investimenti,Appendice 2 (CUP dei programmi),Upgrading scali merci- DOIT Trieste,,P060,Upgrading scali merci- DOIT Trieste,,,,,,,,app2-agg2025,12
J24H14000740001,in corso,Investimenti,Appendice 2 (CUP dei programmi),Miglioramento sicurezza gallerie ferroviarie - DOIT Napoli - 2014,,A1004A,Miglioramento sicurezza gallerie ferroviarie - DOIT Napoli - 2014,,,,,,,,app2-agg2025,2
J24H16000310001,in corso,Investimenti,Appendice 2 (CUP dei programmi),Dismissione dei contesti di esercizio obsoleti,,A2004E,Dismissione dei contesti di esercizio obsoleti,,,,,,,,app2-agg2025,7
J24H16000490001,in corso,Investimenti,Appendice 2 (CUP dei programmi),Potenziamento tecnologico e infrastrutturale impianto Gallarate,,P054,Potenziamento tecnologico e infrastrutturale impianto Gallarate,,,,,,,,app2-agg2025,11
J24H17000530001,in corso,Investimenti,Appendice 2 (CUP dei programmi),Upgrading linee Friuli Venezia Giulia,,P199,Upgrading linee Friuli Venezia Giulia,,,,,,,,app2-agg2025,10
J24H17000570001,in corso,Investimenti,Appendice 2 (CUP dei programmi),Velocizzazione Melzo Scalo –Treviglio,,P054,Velocizzazione Melzo Scalo –Treviglio,,,,,,,,app2-agg2025,11
J24J17000020001,in corso,Investimenti,Tabella A/B,"Elettrificazione, velocizzazione e ammodernamento linee Salerno - Mercato S.S. - Avellino - Benevento e tratta",I173,,,,,,,,,,agg2025,50
J24J23000040008,in corso,Investimenti,Tabella A/B,Adeguamento nodo di Brescia e potenziamento collegamento Brescia-S.Zeno-Ghedi Adeguamento nodo di Brescia e potenziamento collegamento PROG PROG Brescia-S.Zeno-Ghedi,I182,,,,,,,,,,agg2025,66
J24J24000110001,in corso,Investimenti,Appendice 2 (CUP dei programmi),Sottosistema strutturale energetico - DOIT Reggio Calabria,,A2001B,Sottosistema strutturale energetico - DOIT Reggio Calabria,,,,,,,,app2-agg2025,6
J24J24000940002,in corso,Investimenti,Appendice 2 (CUP dei programmi),Corridoio Mediterraneo - VR,,P222,Corridoio Mediterraneo - VR,,,,,,,,app2-agg2025,14
J26G21004560001,in corso,Investimenti,Appendice 2 (CUP dei programmi),Upgr. tecn. Udine-Ronchi Legionari Nord,,P223,Upgr. tecn. Udine-Ronchi Legionari Nord,,,,,,,,app2-agg2025,14
J26H10000220005,concluso,Investimenti,Opere ultimate (Tabella C),Interventi completamento tratta AV/AC Torino-Milano,,,,,cdp2017,13/10/2022,A05,0346,,,cdp2017,181
J26I18000030001,in corso,Investimenti,Appendice 2 (CUP dei programmi),Upgrade IaP passante di Napoli,,P055_A,Upgrade IaP passante di Napoli,,,,,,,,app2-agg2025,9
J26I18000040001,in corso,Investimenti,Appendice 2 (CUP dei programmi),Adeguamento tecnologie Passante ferroviario di Napoli,,P134,Adeguamento tecnologie Passante ferroviario di Napoli,,,,,,,,app2-agg2025,12
J27B14000100005,in corso,Investimenti,Appendice 2 (CUP dei programmi),Liberazione Immobili  - DOIT Reggio Calabria - 2014,,P201,Liberazione Immobili  - DOIT Reggio Calabria - 2014,,,,,,,,app2-agg2025,11
J27B14000190001,concluso,Investimenti,Opere ultimate (Tabella C),"Tecnologie per la sicurezza, la circolazione e l'efficientamento",,,,,agg2025,31/12/2024,E.5,1831,,,agg2025,141
J27B16000100001,concluso,Investimenti,Opere ultimate (Tabella C),"Tecnologie per la sicurezza, la circolazione e l'efficientamento",,,,,agg2025,31/12/2024,E.5,1831,,,agg2025,141
J27B16000280001,concluso,Investimenti,Opere ultimate (Tabella C),Sicurezza ed Obblighi di Legge,,,,,agg2025,31/12/2024,E.1,1904,,,agg2025,135
J27B17000050001,in corso,Investimenti,Appendice 2 (CUP dei programmi),Piano difesa della sede da fenomeni di dissesto idrogeologico - DOIT Reggio Calabria - 2017,,A1013A,Piano difesa della sede da fenomeni di dissesto idrogeologico - DOIT Reggio Calabria - 2017,,,,,,,,app2-agg2025,4
J27B17000060001,concluso,Investimenti,Opere ultimate (Tabella C),Sicurezza ed Obblighi di Legge,,,,,agg2025,31/12/2024,E.1,1904,,,agg2025,135
J27B17000160001,in corso,Investimenti,Appendice 2 (CUP dei programmi),Liberazione Immobili  - DOIT Reggio Calabria - 2017,,P201,Liberazione Immobili  - DOIT Reggio Calabria - 2017,,,,,,,,app2-agg2025,11
J27B17000400001,in corso,Investimenti,Appendice 2 (CUP dei programmi),Miglioramento sicurezza gallerie ferroviarie - DOIT Reggio Calabria - 2017,,A1004A,Miglioramento sicurezza gallerie ferroviarie - DOIT Reggio Calabria - 2017,,,,,,,,app2-agg2025,2
J27B20000600001,servizi,Servizi,"Servizi, Allegato 4c",Obblighi di Legge Linee Reggio Calabria - 2021,,,,,,,,,Allegato 4c,0.03,srv2026,17
J27D18000000001,concluso,Investimenti,Opere ultimate (Tabella C),Sicurezza ed Obblighi di Legge,,,,,agg2025,31/12/2024,E.1,1904,,,agg2025,135
J27D22000000001,in corso,Investimenti,Appendice 2 (CUP dei programmi),Piano difesa della sede da fenomeni di dissesto idrogeologico - DOIT Reggio Calabria - 2022,,A1013A,Piano difesa della sede da fenomeni di dissesto idrogeologico - DOIT Reggio Calabria - 2022,,,,,,,,app2-agg2025,4
J27D22000050001,in corso,Investimenti,Appendice 2 (CUP dei programmi),Miglioramento sicurezza gallerie ferroviarie - DOIT Reggio Calabria - 2022,,A1004A,Miglioramento sicurezza gallerie ferroviarie - DOIT Reggio Calabria - 2022,,,,,,,,app2-agg2025,2
J27D22000090001,servizi,Servizi,"Servizi, Allegato 12",Piano resilienza linee e impianti Sud ambito regione Campania / Calabria,,,,,,,,,Allegato 12,56.68,srv2026,21
J27D22000140001,in corso,Investimenti,Appendice 2 (CUP dei programmi),Tecnologie per la sicurezza settore IS - DOIT Reggio Calabria,,A2004A,Tecnologie per la sicurezza settore IS - DOIT Reggio Calabria,,,,,,,,app2-agg2025,7
J27D22000160001,in corso,Investimenti,Appendice 2 (CUP dei programmi),Upgrading linee merci - DOIT Reggio Calabria,,P224,Upgrading linee merci - DOIT Reggio Calabria,,,,,,,,app2-agg2025,14
J27D23000000001,in corso,Investimenti,Appendice 2 (CUP dei programmi),Piano difesa della sede da fenomeni di dissesto idrogeologico - DOIT Reggio Calabria - 2023,,A1013A,Piano difesa della sede da fenomeni di dissesto idrogeologico - DOIT Reggio Calabria - 2023,,,,,,,,app2-agg2025,4
J27D23000020001,in corso,Investimenti,Appendice 2 (CUP dei programmi),Nuovo assetto piano del ferro stazioni Area Centro Nord,,P055_A,Nuovo assetto piano del ferro stazioni Area Centro Nord,,,,,,,,app2-agg2025,9
J27D23000040001,in corso,Investimenti,Appendice 2 (CUP dei programmi),Miglioramento sicurezza gallerie ferroviarie - DOIT Reggio Calabria - 2023,,A1004A,Miglioramento sicurezza gallerie ferroviarie - DOIT Reggio Calabria - 2023,,,,,,,,app2-agg2025,2
J27D24000020001,in corso,Investimenti,Appendice 2 (CUP dei programmi),Miglioramento sicurezza gallerie ferroviarie - DOIT Reggio Calabria - 2024,,A1004A,Miglioramento sicurezza gallerie ferroviarie - DOIT Reggio Calabria - 2024,,,,,,,,app2-agg2025,2
J27D24000090001,in corso,Investimenti,Appendice 2 (CUP dei programmi),AN - Mitigazione rischio idrogeologico,,A1013A,AN - Mitigazione rischio idrogeologico,,,,,,,,app2-agg2025,4
J27D24000100001,in corso,Investimenti,Appendice 2 (CUP dei programmi),Mitigazione rischio idrogeologico UT SE,,A1013A,Mitigazione rischio idrogeologico UT SE,,,,,,,,app2-agg2025,5
J27D25000000001,in corso,Investimenti,Appendice 2 (CUP dei programmi),Mitigazione rischio idrogeologico UT SE,,A1013A,Mitigazione rischio idrogeologico UT SE,,,,,,,,app2-agg2025,5
J27D25000010001,in corso,Investimenti,Appendice 2 (CUP dei programmi),RC - Miglioramento sicurezza in galleria,,A1004A,RC - Miglioramento sicurezza in galleria,,,,,,,,app2-agg2025,2
J27E02000010001,concluso,Investimenti,Opere ultimate (Tabella C),Sicurezza ed Obblighi di Legge,,,,,agg2025,31/12/2024,E.1,1316,,,agg2025,135
J27F19000070001,in corso,Investimenti,Appendice 2 (CUP dei programmi),Miglioramento sicurezza gallerie ferroviarie - DOIT Reggio Calabria - 2019,,A1004A,Miglioramento sicurezza gallerie ferroviarie - DOIT Reggio Calabria - 2019,,,,,,,,app2-agg2025,2
J27F20000000001,concluso,Investimenti,Opere ultimate (Tabella C),Sicurezza ed Obblighi di Legge,,,,,agg2025,31/12/2024,E.1,1904,,,agg2025,135
J27F20000040001,in corso,Investimenti,Appendice 2 (CUP dei programmi),Piano difesa della sede da fenomeni di dissesto idrogeologico - DOIT Reggio Calabria - 2020,,A1013A,Piano difesa della sede da fenomeni di dissesto idrogeologico - DOIT Reggio Calabria - 2020,,,,,,,,app2-agg2025,4
J27F20000050001,in corso,Investimenti,Appendice 2 (CUP dei programmi),Piano conservazione opere d'arte DOIT Reggio Calabria- 2020,,A1014,Piano conservazione opere d'arte DOIT Reggio Calabria- 2020,,,,,,,,app2-agg2025,5
J27F20000070001,concluso,Investimenti,Opere ultimate (Tabella C),Manutenzione Straordinaria cicli fino al 2011,,,,,agg2025,31/12/2024,E.1,0514,,,agg2025,131
J27H21000440001,in corso,Investimenti,Appendice 2 (CUP dei programmi),Interventi di upgrading rete viaggiatori DOIT Napoli - 2021,,P134,Interventi di upgrading rete viaggiatori DOIT Napoli - 2021,,,,,,,,app2-agg2025,12
J27H21000680001,in corso,Investimenti,Appendice 2 (CUP dei programmi),Piano sicurezza armamento DOIT Reggio Calabria - 2021,,A1004E,Piano sicurezza armamento DOIT Reggio Calabria - 2021,,,,,,,,app2-agg2025,3
J27H21000700001,in corso,Investimenti,Appendice 2 (CUP dei programmi),Piano difesa della sede da fenomeni di dissesto idrogeologico - DOIT Reggio Calabria - 2021,,A1013A,Piano difesa della sede da fenomeni di dissesto idrogeologico - DOIT Reggio Calabria - 2021,,,,,,,,app2-agg2025,4
J27H21000710001,in corso,Investimenti,Appendice 2 (CUP dei programmi),Piano conservazione opere d'arte DOIT Reggio Calabria- 2021,,A1014,Piano conservazione opere d'arte DOIT Reggio Calabria- 2021,,,,,,,,app2-agg2025,5
J27H21000720001,in corso,Investimenti,Appendice 2 (CUP dei programmi),Miglioramento sicurezza gallerie ferroviarie - DOIT Reggio Calabria - 2021,,A1004A,Miglioramento sicurezza gallerie ferroviarie - DOIT Reggio Calabria - 2021,,,,,,,,app2-agg2025,2
J27H21003100001,in corso,Investimenti,Appendice 2 (CUP dei programmi),Piano conservazione opere d'arte DOIT Trieste- 2021,,A1014,Piano conservazione opere d'arte DOIT Trieste- 2021,,,,,,,,app2-agg2025,5
J27H22000010001,servizi,Servizi,"Servizi, Allegato 4c",CdP-S Infratruttura Fisica DOIT Reggio Calabria - anno 2022,,,,,,,,,Allegato 12|Allegato 4c,29.97,srv2026,17
J27H22000030001,servizi,Servizi,"Servizi, Allegato 4c",CdP-S Infrastruttura Energetica DOIT Reggio Calabria - anno 2022,,,,,,,,,Allegato 12|Allegato 4c,4.05,srv2026,17
J27H22000040001,servizi,Servizi,"Servizi, Allegato 4c",CdP-S Infrastruttura Tecnologica DOIT Reggio Calabria - anno 2022,,,,,,,,,Allegato 4c,0.01,srv2026,17
J27I05000010001,concluso,Investimenti,Opere ultimate (Tabella C),Upgrading Tecnologico Venezia-Trieste - 1^ Fase,,,,,cdp2022,31/12/2021,E.5,1479,,,cdp2022,138
J27I06000050001,in corso,Investimenti,Appendice 2 (CUP dei programmi),Riconfig impianti SCMT Bologna,,A2001B,Riconfig impianti SCMT Bologna,,,,,,,,app2-agg2025,6
J27I06000060001,concluso,Investimenti,Opere ultimate (Tabella C),"Tecnologie per la sicurezza, la circolazione e l'efficientamento",,,,,agg2025,31/12/2024,E.5,1516,,,agg2025,141
J27I06000070001,concluso,Investimenti,Opere ultimate (Tabella C),Migl. infrastr. linee AV/AC Napoli - ante 2011,,,,,cdp2022,31/12/2021,E.1,1495,,,cdp2022,138
J27I07000000001,in corso,Investimenti,Appendice 2 (CUP dei programmi),Riconfigurazione impianti SCMT Ancona,,A2001B,Riconfigurazione impianti SCMT Ancona,,,,,,,,app2-agg2025,6
J27I10000020001,in corso,Investimenti,Appendice 2 (CUP dei programmi),Completamento SCC Area Veneta,,P199,Completamento SCC Area Veneta,,,,,,,,app2-agg2025,10
J27I10000040001,concluso,Investimenti,Opere ultimate (Tabella C),Accorpamento dei Posti Centrali dei sistemi di Controllo del Traffico Centralizzato (CTC),,,,,cdp2022,31/12/2021,E.5,1591,,,cdp2022,138
J27I11000790001,concluso,Investimenti,Opere ultimate (Tabella C),Nodo di Napoli: velocizzazione itinerari AV/AC nelle stazioni,,,,A5000_3,cdp2022,31/12/2021,E.2,1637,,,cdp2022,139
J27I12000000001,concluso,Investimenti,Opere ultimate (Tabella C),Manutenzione Straordinaria cicli fino al 2011,,,,,agg2025,31/12/2024,E.1,0612,,,agg2025,131
J27I12000060001,concluso,Investimenti,Opere ultimate (Tabella C),Manut.Straord.Opere Dif.Infr.M.E.RC - 2012,,,,,agg2021,31/12/2020,E.1,0514,,,agg2021,126
J27I12000070001,in corso,Investimenti,Appendice 2 (CUP dei programmi),Miglioramento sicurezza gallerie ferroviarie - DOIT Reggio Calabria - 2012,,A1004A,Miglioramento sicurezza gallerie ferroviarie - DOIT Reggio Calabria - 2012,,,,,,,,app2-agg2025,2
J27I12000090001,concluso,Investimenti,Opere ultimate (Tabella C),Manutenzione Straordinaria cicli fino al 2011,,,,,agg2025,31/12/2024,E.1,0569,,,agg2025,131
J27I12000100001,concluso,Investimenti,Opere ultimate (Tabella C),Manutenzione Straordinaria cicli fino al 2011,,,,,agg2025,31/12/2024,E.1,0574,,,agg2025,131
J27I12000120001,concluso,Investimenti,Opere ultimate (Tabella C),Manutenzione Straordinaria cicli fino al 2011,,,,,agg2025,31/12/2024,E.1,0761,,,agg2025,131
J27I12000140001,concluso,Investimenti,Opere ultimate (Tabella C),Manutenzione Straordinaria cicli fino al 2011,,,,,agg2025,31/12/2024,E.1,0804,,,agg2025,131
J27I12000150001,concluso,Investimenti,Opere ultimate (Tabella C),Infrastrutture di servizio stazioni (RC) - 2012,,,,,cdp2022,31/12/2021,E.1,1144,,,cdp2022,138
J27I12000160001,in corso,Investimenti,Appendice 2 (CUP dei programmi),Nodo di Napoli: ulteriore fase di potenziamento tecnologico,,P134,Nodo di Napoli: ulteriore fase di potenziamento tecnologico,P072,,,,,,,app2-agg2025,12
J27I12000170001,in corso,Investimenti,Appendice 2 (CUP dei programmi),ACC Napoli Centrale,,P134,ACC Napoli Centrale,P072,,,,,,,app2-agg2025,12
J27I12000190001,in corso,Investimenti,Appendice 2 (CUP dei programmi),Potenziamento e velocizzazione Messina – Palermo e Messina - Siracusa,,P074,Potenziamento e velocizzazione Messina – Palermo e Messina - Siracusa,P074,,,,,,,app2-agg2025,10
J27I12000220001,in corso,Investimenti,Appendice 2 (CUP dei programmi),Ripristino itinerario merci Napoli - Bari (a Foggia),,P201,Ripristino itinerario merci Napoli - Bari (a Foggia),P072,,,,,,,app2-agg2025,11
J27I12000240001,concluso,Investimenti,Opere ultimate (Tabella C),Manutenzione Straordinaria cicli fino al 2011,,,,,agg2025,31/12/2024,E.1,1652,,,agg2025,131
J27I13000010001,concluso,Investimenti,Opere ultimate (Tabella C),Manutenzione Straordinaria cicli fino al 2011,,,,,agg2025,31/12/2024,E.1,0612,,,agg2025,131
J27I17000050001,in corso,Investimenti,Appendice 2 (CUP dei programmi),Upgrading linee viaggiatori - DOIT Reggio Calabria,,P201,Upgrading linee viaggiatori - DOIT Reggio Calabria,,,,,,,,app2-agg2025,11
J27I18000010001,in corso,Investimenti,Appendice 2 (CUP dei programmi),Piano difesa della sede da fenomeni di dissesto idrogeologico - DOIT Reggio Calabria - 2018,,A1013A,Piano difesa della sede da fenomeni di dissesto idrogeologico - DOIT Reggio Calabria - 2018,,,,,,,,app2-agg2025,4
J27J18000160001,concluso,Investimenti,Opere ultimate (Tabella C),Upgrading linea Tirrenica sud - ulteriori interventi,,,,,cdp2022,31/12/2021,E.5,3086,,,cdp2022,138
J27J18000230001,servizi,Servizi,"Servizi, Allegato 4c",Manutenzione Straordinaria Linee Reggio - 2019,,,,,,,,,Allegato 4c,0.15,srv2026,17
J27J18000360001,in corso,Investimenti,Appendice 2 (CUP dei programmi),Adeguamento prestazionale linee - DOIT Reggio Calabria,,P224,Adeguamento prestazionale linee - DOIT Reggio Calabria,,,,,,,,app2-agg2025,14
J27J19000010001,in corso,Investimenti,Appendice 2 (CUP dei programmi),Interventi upgrading rete viaggiatori DOIT Napoli - 2019,,P134,Interventi upgrading rete viaggiatori DOIT Napoli - 2019,,,,,,,,app2-agg2025,12
J27J19000050001,in corso,Investimenti,Appendice 2 (CUP dei programmi),Piano difesa della sede da fenomeni di dissesto idrogeologico - DOIT Reggio Calabria - 2019,,A1013A,Piano difesa della sede da fenomeni di dissesto idrogeologico - DOIT Reggio Calabria - 2019,,,,,,,,app2-agg2025,4
J27J19000060001,concluso,Investimenti,Opere ultimate (Tabella C),Sicurezza ed Obblighi di Legge,,,,,agg2025,31/12/2024,E.1,1904,,,agg2025,135
J28F15000000001,concluso,Investimenti,Opere ultimate (Tabella C),Sviluppo infrastrutturale e upgrading,,,,,agg2025,31/12/2024,E.2,1879,,,agg2025,138
J30B04000000001,concluso,Investimenti,Opere ultimate (Tabella C),"Tecnologie per la sicurezza, la circolazione e l'efficientamento",,,,,agg2025,31/12/2024,E.5,1425,,,agg2025,141
J31B00000240001,concluso,Investimenti,Opere ultimate (Tabella C),Manutenzione Straordinaria cicli fino al 2011,,,,,agg2025,31/12/2024,E.1,0802,,,agg2025,131
J31B00000250001,concluso,Investimenti,Opere ultimate (Tabella C),Manutenzione Straordinaria cicli fino al 2011,,,,,agg2025,31/12/2024,E.1,0803,,,agg2025,131
J31B00000260001,concluso,Investimenti,Opere ultimate (Tabella C),Manutenzione Straordinaria cicli fino al 2011,,,,,agg2025,31/12/2024,E.1,0804,,,agg2025,131
J31B00000270001,concluso,Investimenti,Opere ultimate (Tabella C),Manutenzione Straordinaria cicli fino al 2011,,,,,agg2025,31/12/2024,E.1,0907,,,agg2025,131
J31B01000330001,concluso,Investimenti,Opere ultimate (Tabella C),Manutenzione Straordinaria cicli fino al 2011,,,,,agg2025,31/12/2024,E.1,0761,,,agg2025,131
J31B21002470001,in corso,Investimenti,Tabella A/B,Collegamento ferroviario aeroporto di Olbia Collegamento ferroviario aeroporto di Olbia,P249,,,,,,,,,,agg2025,58
J31B21003960001,in corso,Investimenti,Appendice 2 (CUP dei programmi),Hub urbani e linee metropolitane,,P237,Hub urbani e linee metropolitane,,,,,,,,app2-agg2025,9
J31B92000010001,concluso,Investimenti,Opere ultimate (Tabella C),"Tecnologie per la sicurezza, la circolazione e l'efficientamento",,,,,agg2025,31/12/2024,E.5,0075,,,agg2025,141
J31C04000010008,concluso,Investimenti,Opere ultimate (Tabella C),Rete AV/AC Torino-Milano-Napoli: opere in esercizio,,,,,agg2025,31/12/2024,,0303,,,agg2025,143
J31C05000000001,in corso,Investimenti,Appendice 2 (CUP dei programmi),Realizzazione del SST-SCMT su linee afferenti tratte AV/AC,,A2008,Realizzazione del SST-SCMT su linee afferenti tratte AV/AC,,,,,,,,app2-agg2025,7
J31C05000010001,concluso,Investimenti,Opere ultimate (Tabella C),Studi di fattibilità e progettazioni,,,,,agg2025,31/12/2024,E.4,1475,,,agg2025,140
J31C07000010001,concluso,Investimenti,Opere ultimate (Tabella C),Sviluppo infrastrutturale e upgrading,,,,,agg2025,31/12/2024,E.2,1537,,,agg2025,138
J31C08000010002,in corso,Investimenti,Appendice 2 (CUP dei programmi),Costruzione stazione Reggio Calabria aeroporto,,P194,Costruzione stazione Reggio Calabria aeroporto,,,,,,,,app2-agg2025,12
J31C09000010001,concluso,Investimenti,Opere ultimate (Tabella C),Collegamento diretto linea Chivasso-Aosta con la Torino-Milano (lunetta di Chivasso) ed altri interventi diffusi,,,,0333,cdp2022,31/12/2021,E.2,0333,,,cdp2022,139
J31D19000000001,in corso,Investimenti,Tabella A/B,Collegamento ferroviario aeroporto di Brindisi Collegamento ferroviario aeroporto di Brindisi,P227,,,,,,,,,,agg2025,58
J31H00000080001,concluso,Investimenti,Opere ultimate (Tabella C),"Tecnologie per la sicurezza, la circolazione e l'efficientamento",,,,,agg2025,31/12/2024,E.5,0165,,,agg2025,141
J31H00000100001,concluso,Investimenti,Opere ultimate (Tabella C),Manutenzione Straordinaria cicli fino al 2011,,,,,agg2025,31/12/2024,E.1,0726,,,agg2025,131
J31H00000100011,concluso,Investimenti,Opere ultimate (Tabella C),Manutenzione Straordinaria cicli fino al 2011,,,,,agg2025,31/12/2024,E.1,1287,,,agg2025,131
J31H00000100021,concluso,Investimenti,Opere ultimate (Tabella C),Manutenzione Straordinaria cicli fino al 2011,,,,,agg2025,31/12/2024,E.1,0916,,,agg2025,131
J31H00000110001,concluso,Investimenti,Opere ultimate (Tabella C),"Tecnologie per la sicurezza, la circolazione e l'efficientamento",,,,,agg2025,31/12/2024,E.5,0917,,,agg2025,141
J31H00000120001,concluso,Investimenti,Opere ultimate (Tabella C),Manutenzione Straordinaria cicli fino al 2011,,,,,agg2025,31/12/2024,E.1,1141,,,agg2025,131
J31H00000120011,concluso,Investimenti,Opere ultimate (Tabella C),Manutenzione Straordinaria cicli fino al 2011,,,,,agg2025,31/12/2024,E.1,1289,,,agg2025,131
J31H00000120021,concluso,Investimenti,Opere ultimate (Tabella C),Manutenzione Straordinaria cicli fino al 2011,,,,,agg2025,31/12/2024,E.1,1154,,,agg2025,131
J31H00000130001,concluso,Investimenti,Opere ultimate (Tabella C),"Tecnologie per la sicurezza, la circolazione e l'efficientamento",,,,,agg2025,31/12/2024,E.5,1158,,,agg2025,141
J31H00000140001,concluso,Investimenti,Opere ultimate (Tabella C),Studi e prototipi relativi ad armamento ed opere d'arte,,,,,cdp2017,31/12/2016,A02,1165,,,cdp2017,179
J31H00000140011,concluso,Investimenti,Opere ultimate (Tabella C),"Tecnologie per la sicurezza, la circolazione e l'efficientamento",,,,,agg2025,31/12/2024,E.5,1368,,,agg2025,141
J31H00000140021,concluso,Investimenti,Opere ultimate (Tabella C),Studi e prototipi ad energia e trazione,,,,,cdp2017,31/12/2016,A03/04,1181,,,cdp2017,181
J31H00000150001,concluso,Investimenti,Opere ultimate (Tabella C),Manutenzione Straordinaria cicli fino al 2011,,,,,agg2025,31/12/2024,E.1,1218,,,agg2025,131
J31H00000170001,concluso,Investimenti,Opere ultimate (Tabella C),Manutenzione Straordinaria cicli fino al 2011,,,,,agg2025,31/12/2024,E.1,2941,,,agg2025,131
J31H00000170021,concluso,Investimenti,Opere ultimate (Tabella C),Manutenzione Straordinaria cicli fino al 2011,,,,,agg2025,31/12/2024,E.1,2949,,,agg2025,131
J31H00000170031,concluso,Investimenti,Opere ultimate (Tabella C),Manutenzione Straordinaria cicli fino al 2011,,,,,agg2025,31/12/2024,E.1,2953,,,agg2025,131
J31H00000170041,concluso,Investimenti,Opere ultimate (Tabella C),Manutenzione Straordinaria cicli fino al 2011,,,,,agg2025,31/12/2024,E.1,2945,,,agg2025,131
J31H00000170051,concluso,Investimenti,Opere ultimate (Tabella C),Manutenzione Straordinaria cicli fino al 2011,,,,,agg2025,31/12/2024,E.1,2943,,,agg2025,131
J31H00000170061,concluso,Investimenti,Opere ultimate (Tabella C),Manutenzione Straordinaria cicli fino al 2011,,,,,agg2025,31/12/2024,E.1,2951,,,agg2025,131
J31H00000170071,concluso,Investimenti,Opere ultimate (Tabella C),Manut. straord. Stabilimento di PA,,,,,cdp2017,31/12/2016,A03/04,2955,,,cdp2017,180
J31H00000170081,concluso,Investimenti,Opere ultimate (Tabella C),Manut. straord. Stabilimento di BA,,,,,cdp2017,31/12/2016,A03/04,2952,,,cdp2017,180
J31H00000170091,concluso,Investimenti,Opere ultimate (Tabella C),Manutenzione Straordinaria cicli fino al 2011,,,,,agg2025,31/12/2024,E.1,2947,,,agg2025,131
J31H00000170101,concluso,Investimenti,Opere ultimate (Tabella C),Manutenzione Straordinaria cicli fino al 2011,,,,,agg2025,31/12/2024,E.1,2950,,,agg2025,131
J31H00000170111,concluso,Investimenti,Opere ultimate (Tabella C),Manutenzione Straordinaria cicli fino al 2011,,,,,agg2025,31/12/2024,E.1,2942,,,agg2025,131
J31H00000170121,concluso,Investimenti,Opere ultimate (Tabella C),Manutenzione Straordinaria cicli fino al 2011,,,,,agg2025,31/12/2024,E.1,2944,,,agg2025,131
J31H00000170141,concluso,Investimenti,Opere ultimate (Tabella C),Manutenzione Straordinaria cicli fino al 2011,,,,,agg2025,31/12/2024,E.1,2946,,,agg2025,131
J31H00000180011,concluso,Investimenti,Opere ultimate (Tabella C),Impianti industriali e terminali viaggiatori e merci,,,,,agg2025,31/12/2024,E.3,2990,,,agg2025,139
J31H00000180021,concluso,Investimenti,Opere ultimate (Tabella C),Impianti industriali e terminali viaggiatori e merci,,,,,agg2025,31/12/2024,E.3,2989,,,agg2025,139
J31H00000180051,concluso,Investimenti,Opere ultimate (Tabella C),Interventi di potenziamento e razionalizzazione scali merci - Reggio Calabria,,,,,cdp2017,31/12/2016,A03/04,2988,,,cdp2017,180
J31H00000180061,concluso,Investimenti,Opere ultimate (Tabella C),Impianti industriali e terminali viaggiatori e merci,,,,,agg2025,31/12/2024,E.3,2987,,,agg2025,139
J31H00000180081,concluso,Investimenti,Opere ultimate (Tabella C),Impianti industriali e terminali viaggiatori e merci,,,,,agg2025,31/12/2024,E.3,2983,,,agg2025,139
J31H01000080001,concluso,Investimenti,Opere ultimate (Tabella C),Sviluppo infrastrutturale e upgrading,,,,,agg2025,31/12/2024,E.2,0222,,,agg2025,138
J31H01000120001,concluso,Investimenti,Opere ultimate (Tabella C),"Tecnologie per la sicurezza, la circolazione e l'efficientamento",,,,,agg2025,31/12/2024,E.5,0209,,,agg2025,141
J31H01000130001,concluso,Investimenti,Opere ultimate (Tabella C),Impianti industriali e terminali viaggiatori e merci,,,,,agg2025,31/12/2024,E.3,0278,,,agg2025,139
J31H01000140001,concluso,Investimenti,Opere ultimate (Tabella C),Manutenzione Straordinaria cicli fino al 2011,,,,,agg2025,31/12/2024,E.1,0497,,,agg2025,131
J31H01000140011,concluso,Investimenti,Opere ultimate (Tabella C),Manutenzione Straordinaria cicli fino al 2011,,,,,agg2025,31/12/2024,E.1,0730,,,agg2025,131
J31H01000140021,concluso,Investimenti,Opere ultimate (Tabella C),Manutenzione Straordinaria cicli fino al 2011,,,,,agg2025,31/12/2024,E.1,0731,,,agg2025,131
J31H01000140031,concluso,Investimenti,Opere ultimate (Tabella C),Manutenzione Straordinaria cicli fino al 2011,,,,,agg2025,31/12/2024,E.1,0498,,,agg2025,131
J31H01000150001,concluso,Investimenti,Opere ultimate (Tabella C),"Tecnologie per la sicurezza, la circolazione e l'efficientamento",,,,,agg2025,31/12/2024,E.5,0710,,,agg2025,141
J31H01000160001,concluso,Investimenti,Opere ultimate (Tabella C),Manutenzione Straordinaria cicli fino al 2011,,,,,agg2025,31/12/2024,E.1,0850,,,agg2025,132
J31H01000170001,concluso,Investimenti,Opere ultimate (Tabella C),Manutenzione Straordinaria cicli fino al 2011,,,,,agg2025,31/12/2024,E.1,0864,,,agg2025,132
J31H01000170011,concluso,Investimenti,Opere ultimate (Tabella C),Manutenzione Strordinaria settore TE lotto C - Napoli,,,,,cdp2022,31/12/2021,E.1,0865,,,cdp2022,138
J31H01000170021,concluso,Investimenti,Opere ultimate (Tabella C),Sicurezza ed Obblighi di Legge,,,,,agg2025,31/12/2024,E.1,0867,,,agg2025,136
J31H01000180001,concluso,Investimenti,Opere ultimate (Tabella C),1054-Rete radio GSM-R (1^ fase),,,,,agg2021,31/12/2020,E.5,1054,,,agg2021,128
J31H01000190001,in corso,Investimenti,Appendice 2 (CUP dei programmi),Progettazione Piano di Risanamento Acustico,,A1004B,Progettazione Piano di Risanamento Acustico,,,,,,,,app2-agg2025,2
J31H01000200001,concluso,Investimenti,Opere ultimate (Tabella C),Sicurezza ed Obblighi di Legge,,,,,agg2025,31/12/2024,E.1,1170,,,agg2025,136
J31H01000210001,concluso,Investimenti,Opere ultimate (Tabella C),"Tecnologie per la sicurezza, la circolazione e l'efficientamento",,,,,agg2025,31/12/2024,E.5,1171,,,agg2025,141
J31H01000230001,concluso,Investimenti,Opere ultimate (Tabella C),"Tecnologie per la sicurezza, la circolazione e l'efficientamento",,,,,agg2025,31/12/2024,E.5,1240,,,agg2025,141
J31H01000250001,concluso,Investimenti,Opere ultimate (Tabella C),"Tecnologie per la sicurezza, la circolazione e l'efficientamento",,,,,agg2025,31/12/2024,E.5,1243,,,agg2025,141
J31H02000040001,in corso,Investimenti,Appendice 2 (CUP dei programmi),Piano sistemi di Rilevazione Termica Boccole (RTB) e Rilevazione Ruote Frenate (RRF) Piano sistemi di Rilevazione Termica Boccole (RTB) e Rilevazione Ruote Frenate (RRF)-Piano per la sicurezza della circolazione,,A2004B,Piano sistemi di Rilevazione Termica Boccole (RTB) e Rilevazione Ruote Frenate (RRF) Piano sistemi di Rilevazione Termica Boccole (RTB) e Rilevazione Ruote Frenate (RRF)-Piano per la sicurezza della circolazione,,,,,,,,app2-agg2025,7
J31H02000050001,concluso,Investimenti,Opere ultimate (Tabella C),Impianti industriali e terminali viaggiatori e merci,,,,,agg2025,31/12/2024,E.3,0416,,,agg2025,139
J31H02000060008,concluso,Investimenti,Opere ultimate (Tabella C),Piano di attrezzaggio della rete con sistemi di telecomunicazione GSM-R,,,,,cdp2022,31/12/2021,E.5,1055,,,cdp2022,138
J31H02000070001,concluso,Investimenti,Opere ultimate (Tabella C),"Tecnologie per la sicurezza, la circolazione e l'efficientamento",,,,,agg2025,31/12/2024,E.5,1153,,,agg2025,141
J31H02000080001,concluso,Investimenti,Opere ultimate (Tabella C),Rete FS in fibra ottica,,,,,agg2023,31/12/2022,E.5,1160,,,agg2023,37
J31H02000090001,concluso,Investimenti,Opere ultimate (Tabella C),Misuratore velocità treno,,,,,cdp2017,31/12/2016,A02,1168,,,cdp2017,179
J31H02000100001,concluso,Investimenti,Opere ultimate (Tabella C),Impianti industriali e terminali viaggiatori e merci,,,,A1007,agg2025,31/12/2024,E.3,1249,,,agg2025,139
J31H03000140001,concluso,Investimenti,Opere ultimate (Tabella C),Sviluppo infrastrutturale e upgrading,,,,,agg2025,31/12/2024,E.2,0074,,,agg2025,138
J31H03000150008,in corso,Investimenti,Appendice 2 (CUP dei programmi),PRG e ACC di Roma Tuscolana e Roma Casilina,,P053,PRG e ACC di Roma Tuscolana e Roma Casilina,,,,,,,,app2-agg2025,11
J31H03000160001,concluso,Investimenti,Opere ultimate (Tabella C),Studi di fattibilità e progettazioni,,,,,agg2025,31/12/2024,E.4,0247,,,agg2025,140
J31H03000170008,concluso,Investimenti,Opere ultimate (Tabella C),Impianti industriali e terminali viaggiatori e merci,,,,,agg2025,31/12/2024,E.3,0248,,,agg2025,139
J31H03000180008,in corso,Investimenti,Tabella A/B,Chiusura anello ferroviario di Roma Chiusura anello di Roma lotto 1A Raddoppio Valle Aurelia - Vigna Clara Chiusura anello di Roma lotto 1B Vigna Clara - Tor di Quinto ITER Chiusura anello di Roma lotto 2 Tor di Quinto - Val d'Ala PROG PROG Chiusura anello di Roma lotto 3 Collegamenti con linee Tirrenica e PROG PROG Roma-Firenze,0258_A,,,P106,,,,,,,agg2025,68
J31H03000190001,in corso,Investimenti,Tabella A/B,Raddoppio Lunghezza-Guidonia Raddoppio Lunghezza-Guidonia 1^ fase (Lunghezza-Bagni di Tivoli) Raddoppio Lunghezza-Guidonia 2^ fase (Bagni di Tivoli - Guidonia) PROG ITER,0260,,,,,,,,,,agg2025,68
J31H03000210008,in corso,Investimenti,Tabella A/B,Potenziamento Seregno-Bergamo Potenziamento Seregno-Bergamo (gronda est di Milano) PROG PROG,0277,,,,,,,,,,agg2025,78
J31H03000220008,concluso,Investimenti,Opere ultimate (Tabella C),Sviluppo infrastrutturale e upgrading,,,,,agg2025,31/12/2024,E.2,0280,,,agg2025,138
J31H03000260001,concluso,Investimenti,Opere ultimate (Tabella C),Manutenzione Straordinaria cicli fino al 2011,,,,,agg2025,31/12/2024,E.1,1156,,,agg2025,132
J31H03000290001,concluso,Investimenti,Opere ultimate (Tabella C),Sviluppo infrastrutturale e upgrading,,,,,agg2025,31/12/2024,E.2,1282,,,agg2025,138
J31H03000300001,concluso,Investimenti,Opere ultimate (Tabella C),"Tecnologie per la sicurezza, la circolazione e l'efficientamento",,,,,agg2025,31/12/2024,E.5,1286,,,agg2025,141
J31H03000320001,in corso,Investimenti,Appendice 2 (CUP dei programmi),Piano impianti integrati di security,,A2009,Piano impianti integrati di security,,,,,,,,app2-agg2025,7
J31H03000340001,in corso,Investimenti,Appendice 2 (CUP dei programmi),Sistema di Controllo Marcia Treno (SCMT)-nuove sperimentazioni,,A2004A,Sistema di Controllo Marcia Treno (SCMT)-nuove sperimentazioni,,,,,,,,app2-agg2025,6
J31H03000350001,concluso,Investimenti,Opere ultimate (Tabella C),Studi di fattibilità e progettazioni,,,,,agg2025,31/12/2024,E.4,1312,,,agg2025,140
J31H03000360001,concluso,Investimenti,Opere ultimate (Tabella C),Migl.Sist.diagn.e gest.dati per Man.Infr - ante 2011,,,,,agg2024,31/12/2023,E.1,1329,,,agg2024,113
J31H03000380001,concluso,Investimenti,Opere ultimate (Tabella C),"Tecnologie per la sicurezza, la circolazione e l'efficientamento",,,,,agg2025,31/12/2024,E.5,1349,,,agg2025,141
J31H03000400001,concluso,Investimenti,Opere ultimate (Tabella C),"Tecnologie per la sicurezza, la circolazione e l'efficientamento",,,,,agg2025,31/12/2024,E.5,1351,,,agg2025,141
J31H03000430001,concluso,Investimenti,Opere ultimate (Tabella C),Potenziamento Linea Chivasso-Aosta-Pré St. Didier,,,,,cdp2017,10/12/2006,A03/04,1356,,,cdp2017,180
J31H03000440001,concluso,Investimenti,Opere ultimate (Tabella C),Studi di fattibilità e progettazioni,,,,,agg2025,31/12/2024,E.4,1364,,,agg2025,140
J31H03000450001,concluso,Investimenti,Opere ultimate (Tabella C),"Tecnologie per la sicurezza, la circolazione e l'efficientamento",,,,,agg2025,31/12/2024,E.5,1365,,,agg2025,141
J31H03000460001,concluso,Investimenti,Opere ultimate (Tabella C),Riqualificazione Medie Stazioni,,,,A1007,agg2021,31/12/2020,E.3,1366,,,agg2021,129
J31H03000490001,concluso,Investimenti,Opere ultimate (Tabella C),"Tecnologie per la sicurezza, la circolazione e l'efficientamento",,,,,agg2025,31/12/2024,E.5,1389,,,agg2025,141
J31H03000510001,in corso,Investimenti,Appendice 2 (CUP dei programmi),Raddoppio Laveno-Luino,,NA026,Raddoppio Laveno-Luino,0265,,,,,,,app2-agg2025,12
J31H03000520001,concluso,Investimenti,Opere ultimate (Tabella C),Quadruplicamento Chiasso-Monza,,,,0266,agg2023,31/12/2022,E.4,0266,,,agg2023,38
J31H03000530001,concluso,Investimenti,Opere ultimate (Tabella C),Nuovo collegamento Arcisate - Stabio,,,,0267,cdp2022,31/12/2021,E.2,0267,,,cdp2022,139
J31H04000000001,concluso,Investimenti,Opere ultimate (Tabella C),GSM-R Attrezzaggio Radio in Galleria,,,,,agg2021,31/12/2020,E.5,1299,,,agg2021,128
J31H04000100001,concluso,Investimenti,Opere ultimate (Tabella C),"Tecnologie per la sicurezza, la circolazione e l'efficientamento",,,,,agg2025,31/12/2024,E.5,1406,,,agg2025,141
J31H92000010001,concluso,Investimenti,Opere ultimate (Tabella C),Sistemazione P.R.G. Milano Rogoredo,,,,,cdp2017,06/09/2009,A03/04,0006,,,cdp2017,180
J31H92000020001,concluso,Investimenti,Opere ultimate (Tabella C),Sviluppo infrastrutturale e upgrading,,,,,agg2025,31/12/2024,E.2,0057,,,agg2025,138
J31H92000040001,concluso,Investimenti,Opere ultimate (Tabella C),Realiz.Nuovo Coll.Porto-Civit.,,,,,agg2021,31/12/2020,E.2,0116,,,agg2021,128
J31H92000050021,concluso,Investimenti,Opere ultimate (Tabella C),"Tecnologie per la sicurezza, la circolazione e l'efficientamento",,,,,agg2025,31/12/2024,E.5,1173,,,agg2025,141
J31H92000050101,concluso,Investimenti,Opere ultimate (Tabella C),"Tecnologie per la sicurezza, la circolazione e l'efficientamento",,,,,agg2025,31/12/2024,E.5,0915,,,agg2025,141
J31H92000050221,concluso,Investimenti,Opere ultimate (Tabella C),"Tecnologie per la sicurezza, la circolazione e l'efficientamento",,,,,agg2025,31/12/2024,E.5,1169,,,agg2025,141
J31H92000050231,concluso,Investimenti,Opere ultimate (Tabella C),"Tecnologie per la sicurezza, la circolazione e l'efficientamento",,,,,agg2025,31/12/2024,E.5,1183,,,agg2025,141
J31H92000050241,concluso,Investimenti,Opere ultimate (Tabella C),Studi di fattibilità e progettazioni,,,,,agg2025,31/12/2024,E.4,1182,,,agg2025,140
J31H92000050311,in corso,Investimenti,Appendice 2 (CUP dei programmi),"Studi, sperimentazioni e strumenti di certificazione e misura",,A2008,"Studi, sperimentazioni e strumenti di certificazione e misura",,,,,,,,app2-agg2025,7
J31H92000050401,concluso,Investimenti,Opere ultimate (Tabella C),Studi di fattibilità e progettazioni,,,,,agg2025,31/12/2024,E.4,1303,,,agg2025,140
J31H92000050411,concluso,Investimenti,Opere ultimate (Tabella C),Studi di fattibilità e progettazioni,,,,,agg2025,31/12/2024,E.4,1367,,,agg2025,140
J31H92000050421,in corso,Investimenti,Appendice 2 (CUP dei programmi),Studi e prototipi di componenti per sistemi di sicurezza,,A2008,Studi e prototipi di componenti per sistemi di sicurezza,,,,,,,,app2-agg2025,7
J31H93000000008,concluso,Investimenti,Opere ultimate (Tabella C),Quadruplicamento Milano-Venezia nel tratto Lambrate-Treviglio,,,,,cdp2017,10/06/2007,A03/04,0007,,,cdp2017,180
J31H93000010011,concluso,Investimenti,Opere ultimate (Tabella C),Soppressione P.L. - Bari,,,,,cdp2017,31/12/2016,A00,0691,,,cdp2017,177
J31H93000010041,concluso,Investimenti,Opere ultimate (Tabella C),Sicurezza ed Obblighi di Legge,,,,,agg2025,31/12/2024,E.1,0702,,,agg2025,136
J31H93000010051,concluso,Investimenti,Opere ultimate (Tabella C),Soppressione P.L. - Cagliari,,,,,cdp2017,31/12/2016,A00,0693,,,cdp2017,177
J31H93000010061,concluso,Investimenti,Opere ultimate (Tabella C),Sicurezza ed Obblighi di Legge,,,,,agg2025,31/12/2024,E.1,0701,,,agg2025,136
J31H93000010071,concluso,Investimenti,Opere ultimate (Tabella C),Sicurezza ed Obblighi di Legge,,,,,agg2025,31/12/2024,E.1,0703,,,agg2025,136
J31H93000010081,concluso,Investimenti,Opere ultimate (Tabella C),Manutenzione Straordinaria cicli fino al 2011,,,,,agg2025,31/12/2024,E.1,0689,,,agg2025,132
J31H93000010111,concluso,Investimenti,Opere ultimate (Tabella C),Soppressione P.L. - Palermo,,,,,cdp2017,31/12/2016,A00,0697,,,cdp2017,177
J31H93000010151,concluso,Investimenti,Opere ultimate (Tabella C),Soppressione P.L. - Ancona,,,,,agg2023,31/12/2022,E.1,0690,,,agg2023,37
J31H93000010161,concluso,Investimenti,Opere ultimate (Tabella C),Soppressione P.L. - Palermo,,,,,agg2021,31/12/2020,E.1,0696,,,agg2021,127
J31H94000000001,concluso,Investimenti,Opere ultimate (Tabella C),P.R.G. e ACEI Roma Termini,,,,,cdp2017,13/12/2009,A03/04,0040,,,cdp2017,180
J31H94000010001,concluso,Investimenti,Opere ultimate (Tabella C),Sviluppo infrastrutturale e upgrading,,,,,agg2025,31/12/2024,E.2,0147,,,agg2025,138
J31H95000000001,concluso,Investimenti,Opere ultimate (Tabella C),Passante Milanese,,,,,cdp2017,08/06/2008,A03/04,0008,,,cdp2017,180
J31H95000010008,concluso,Investimenti,Opere ultimate (Tabella C),Potenziamento infrastrutturale Milano-Lecco,,,,,cdp2017,28/07/2008,A03/04,0044,,,cdp2017,180
J31H95000020001,concluso,Investimenti,Opere ultimate (Tabella C),Impianti industriali e terminali viaggiatori e merci,,,,,agg2025,31/12/2024,E.3,0422,,,agg2025,139
J31H96000000001,concluso,Investimenti,Opere ultimate (Tabella C),Impianti industriali e terminali viaggiatori e merci,,,,,agg2025,31/12/2024,E.3,0001,,,agg2025,139
J31H96000000011,in corso,Investimenti,Tabella A/B,Potenziamento Capannelle-Ciampino Quadruplicamento Capannelle-Ciampino e PRG Ciampino,P260,,,,,,,,,,agg2025,68
J31H96000000021,in corso,Investimenti,Tabella A/B,Roma-Pescara - ulteriore fasi Raddoppio Interporto d'Abruzzo-Chieti-Pescara PROG ITER,0307A,,,0307B,,,,,,,agg2025,78
J31H96000000031,in corso,Investimenti,Tabella A/B,Nuova linea Passo Corese-Rieti Nuova linea Passo Corese-Rieti PROG PROG,0290,,,,,,,,,,agg2025,74
J31H96000010008,concluso,Investimenti,Opere ultimate (Tabella C),Potenziamento tratto urbano linea Roma-Viterbo,,,,,cdp2017,31/12/2016,A03/04,0017,,,cdp2017,180
J31H96000020001,concluso,Investimenti,Opere ultimate (Tabella C),Sviluppo infrastrutturale e upgrading,,,,,agg2025,31/12/2024,E.2,0018,,,agg2025,138
J31H96000030001,concluso,Investimenti,Opere ultimate (Tabella C),P.R.G. e ACEI Ostiense/Trastevere,,,,,cdp2017,31/12/2016,A03/04,0019,,,cdp2017,180
J31H96000040008,concluso,Investimenti,Opere ultimate (Tabella C),Raddoppio Prenestina-Lunghezza (fermata Ponte di Nona),,,,,cdp2017,09/07/2007,A03/04,0038,,,cdp2017,180
J31H96000050008,concluso,Investimenti,Opere ultimate (Tabella C),Sviluppo infrastrutturale e upgrading,,,,,agg2025,31/12/2024,E.2,0039,,,agg2025,138
J31H96000060008,concluso,Investimenti,Opere ultimate (Tabella C),"Tecnologie per la sicurezza, la circolazione e l'efficientamento",,,,,agg2025,31/12/2024,E.5,0046,,,agg2025,141
J31H96000070008,in corso,Investimenti,Tabella A/B,Raddoppio Milano-Mortara: 1^ fase Raddoppio Milano S.Cristoforo- Albairate Fermate Porta Romana e Tibaldi Riqualificazione Milano S. Cristoforo-P.ta Romana PROG PROG Raddoppio Albairate-Abbiategrasso PROG PROG,0049A|0049B,,,,,,,,,,agg2025,68
J31H96000080008,concluso,Investimenti,Opere ultimate (Tabella C),"Tecnologie per la sicurezza, la circolazione e l'efficientamento",,,,,agg2025,31/12/2024,E.5,0050,,,agg2025,141
J31H96000100001,concluso,Investimenti,Opere ultimate (Tabella C),Potenziamento Impianti manutenzione e pulizia Milano Martesana,,,,,cdp2017,25/11/2012,A03/04,0423,,,cdp2017,180
J31H96000110008,concluso,Investimenti,Opere ultimate (Tabella C),Impianti industriali e terminali viaggiatori e merci,,,,,agg2025,31/12/2024,E.3,0426,,,agg2025,140
J31H97000000001,concluso,Investimenti,Opere ultimate (Tabella C),PRG Pomezia Santa Palomba,,,,,agg2024,31/12/2023,E.3,0410,,,agg2024,113
J31H97000010001,concluso,Investimenti,Opere ultimate (Tabella C),Studi di fattibilità asse del Gottardo,,,,,cdp2017,31/12/2016,A03/04,1284,,,cdp2017,181
J31H97000020001,concluso,Investimenti,Opere ultimate (Tabella C),Impianti industriali e terminali viaggiatori e merci,,,,,agg2025,31/12/2024,E.3,0427,,,agg2025,140
J31H98000000001,concluso,Investimenti,Opere ultimate (Tabella C),"Tecnologie per la sicurezza, la circolazione e l'efficientamento",,,,,agg2025,31/12/2024,E.5,0058,,,agg2025,141
J31H98000010001,concluso,Investimenti,Opere ultimate (Tabella C),Messa in sicurezza galleria di Orte,,,,,agg2021,31/12/2020,E.2,0061,,,agg2021,128
J31H98000020001,concluso,Investimenti,Opere ultimate (Tabella C),"Tecnologie per la sicurezza, la circolazione e l'efficientamento",,,,,agg2025,31/12/2024,E.5,0073,,,agg2025,141
J31H98000030008,in corso,Investimenti,Tabella A/B,Infrastrutturazione area stazione Tiburtina e nodo di interscambio Stazione AV stazione Tiburtina e infrastrutturazione area,0083,,,,,,,,,,agg2025,54
J31H98000040001,concluso,Investimenti,Opere ultimate (Tabella C),Manutenzione Straordinaria cicli fino al 2011,,,,,agg2025,31/12/2024,E.1,0135,,,agg2025,132
J31H98000050001,concluso,Investimenti,Opere ultimate (Tabella C),Informazioni al Pubblico Nodo di Roma,,,,,cdp2017,31/12/2016,A02,0151,,,cdp2017,179
J31H98000060001,concluso,Investimenti,Opere ultimate (Tabella C),Manutenzione Straordinaria cicli fino al 2011,,,,,agg2025,31/12/2024,E.1,0846,,,agg2025,132
J31H98000070001,concluso,Investimenti,Opere ultimate (Tabella C),Opere Inf.ne Staz.Ostiense/Nod,,,,,agg2021,31/12/2020,E.2,0160,,,agg2021,128
J31H99000010011,concluso,Investimenti,Opere ultimate (Tabella C),"Tecnologie per la sicurezza, la circolazione e l'efficientamento",,,,,agg2025,31/12/2024,E.5,0933,,,agg2025,141
J31H99000040001,concluso,Investimenti,Opere ultimate (Tabella C),Impianti industriali e terminali viaggiatori e merci,,,,,agg2025,31/12/2024,E.3,0844,,,agg2025,140
J31J05000010001,in corso,Investimenti,Tabella A/B,Potenziamento linea Gallarate-Rho Quadruplicamento Rho-Parabiago e raccordo a Y per Malpensa Quadruplicamento Rho-Parabiago e raccordo a Y per Malpensa (opere di completamento) Triplicamento Parabiago-Gallarate PROG ITER,0294,,,,,,,,,,agg2025,70
J31J05000020001,non piu' nel contratto,Investimenti,Tabella A/B di un contratto precedente,Potenziamento collegamenti ferroviari da nord con aeroporto Malpensa,,,,0295,,,,,,,cdp2017,101
J31J05000030001,in corso,Investimenti,Tabella A/B,Raddoppio Orte-Falconara: tratta Foligno-Fabriano Raddoppio Foligno-Fabriano,0296,,,,,,,,,,agg2025,78
J31J05000030011,in corso,Investimenti,Tabella A/B,Nodo di Falconara 1^ fase Variante Falconara e bretella di collegamento tra la linea Orte- Falconara direzione nord e la variante di Falconara verso nord,0297A|0297B,,,,,,,,,,agg2025,61
J31J05000040001,concluso,Investimenti,Opere ultimate (Tabella C),Sviluppo infrastrutturale e upgrading,,,,,agg2025,31/12/2024,E.2,1427,,,agg2025,138
J32J19000150001,in corso,Investimenti,Appendice 2 (CUP dei programmi),Miglioramento sismico - DOIT Trieste,,A1013B,Miglioramento sismico - DOIT Trieste,,,,,,,,app2-agg2025,5
J34C20002410009,concluso,Investimenti,Opere ultimate (Tabella C),Sviluppo infrastrutturale e upgrading,,,,,agg2025,31/12/2024,E.2,3227,,,agg2025,138
J34E21001350001,in corso,Investimenti,Appendice 2 (CUP dei programmi),Pot. elettrificaz. Casarsa-Portogruaro,,P199,Pot. elettrificaz. Casarsa-Portogruaro,,,,,,,,app2-agg2025,10
J34E21001360001,in corso,Investimenti,Appendice 2 (CUP dei programmi),Completamento potenziamento tecn. linea Adriatica,,P223,Completamento potenziamento tecn. linea Adriatica,,,,,,,,app2-agg2025,14
J34E21001820001,in corso,Investimenti,Appendice 2 (CUP dei programmi),Programma nazionale ERTMS-Linee Nord Est,,A2011,Programma nazionale ERTMS-Linee Nord Est,,,,,,,,app2-agg2025,8
J34E21001960001,in corso,Investimenti,Appendice 2 (CUP dei programmi),Completamento tecnologico nodo di Genova,,P221,Completamento tecnologico nodo di Genova,,,,,,,,app2-agg2025,13
J34F05000010001,in corso,Investimenti,Appendice 2 (CUP dei programmi),"Ammodernamento Venafro - Termoli Progettazione delle opere per la permeabilità della linea storica Torino - Genova, nell'ambito della realizzazione del Terzo",,NA026,"Ammodernamento Venafro - Termoli Progettazione delle opere per la permeabilità della linea storica Torino - Genova, nell'ambito della realizzazione del Terzo",0312,,,,,,,app2-agg2025,12
J34F18000010009,in corso,Investimenti,Appendice 2 (CUP dei programmi),Potenziamento tecnologico Genova - La Spezia,,P222,Potenziamento tecnologico Genova - La Spezia,,,,,,,,app2-agg2025,14
J34G18000150001,in corso,Investimenti,Tabella A/B,Variante di Riga PRG Bressanone e altre opere propedeutiche Variante di Riga e fermata di Sciaves Fermata di Varna PROG PROG,I172,,,,,,,,,,agg2025,50
J34G18000210001,in corso,Investimenti,Appendice 2 (CUP dei programmi),Adeguamento a STI opere civili - DOIT Trieste,,A1004F,Adeguamento a STI opere civili - DOIT Trieste,,,,,,,,app2-agg2025,3
J34G19000000001,in corso,Investimenti,Appendice 2 (CUP dei programmi),Nuovo PRG di Spoleto,,P200,Nuovo PRG di Spoleto,,,,,,,,app2-agg2025,10
J34H14000460001,in corso,Investimenti,Appendice 2 (CUP dei programmi),Sistemi di distanziamento per incremento capacità nodo di Roma FL4/6 tratta Casilina-Ciampino,,P053,Sistemi di distanziamento per incremento capacità nodo di Roma FL4/6 tratta Casilina-Ciampino,,,,,,,,app2-agg2025,11
J34H14000490001,concluso,Investimenti,Opere ultimate (Tabella C),Sicurezza ed Obblighi di Legge,,,,,agg2025,31/12/2024,E.1,1336,,,agg2025,136
J34H14000500001,in corso,Investimenti,Appendice 2 (CUP dei programmi),Interventi per lo sviluppo del nodo di Roma (tecnologie Cesano-Ostiense),,P053,Interventi per lo sviluppo del nodo di Roma (tecnologie Cesano-Ostiense),,,,,,,,app2-agg2025,11
J34H14000540001,in corso,Investimenti,Appendice 2 (CUP dei programmi),Upgrading prestazionale corridoi Mediterraneo e Baltico-Adriatico,,P223,Upgrading prestazionale corridoi Mediterraneo e Baltico-Adriatico,,,,,,,,app2-agg2025,14
J34H15001050001,in corso,Investimenti,Appendice 2 (CUP dei programmi),Upgrading tecnologie tratta AV/AC Torino-Milano,,P222,Upgrading tecnologie tratta AV/AC Torino-Milano,A5000_4,,,,,,,app2-agg2025,13
J34H16000060001,in corso,Investimenti,Tabella A/B,Nodo di Genova e Terzo valico dei Giovi Potenziamento infrastrutturale Voltri-Brignole Porto di Genova: Nuovo terminal merci i Genova Campasso Potenziamento terminale Rivalta Scrivia,P234,,,I048,,,,,,,agg2025,63
J34H16000350001,in corso,Investimenti,Appendice 2 (CUP dei programmi),Potenziamento tecnologico linea Genova-Ventimiglia (fase),,P222,Potenziamento tecnologico linea Genova-Ventimiglia (fase),,,,,,,,app2-agg2025,13
J34H16000360001,concluso,Investimenti,Opere ultimate (Tabella C),Upgrading prestazionale linee Adriatica-Ionica - DOIT Bari,,,,,agg2024,31/12/2023,E.2,1914,,,agg2024,113
J34H16000620009,in corso,Investimenti,Tabella A/B,"Potenziamento Venezia-Trieste lotti prioritari Potenziamento tecnologico Venezia-Trieste, rimozione limitazione massa assiale D4 e altri interventi infrastrutturali su linea storica",0365A|0365B,,,0365|0366,,,,,,,agg2025,62
J34H17000120001,in corso,Investimenti,Appendice 2 (CUP dei programmi),Interverventi di potenziamento da Accordo quadro Bologna,,P112,Interverventi di potenziamento da Accordo quadro Bologna,,,,,,,,app2-agg2025,11
J34H17000130001,in corso,Investimenti,Tabella A/B,Nodo di Genova e Terzo valico dei Giovi Potenziamento infrastrutturale Voltri-Brignole Porto di Genova: Nuovo terminal merci i Genova Campasso Potenziamento terminale Rivalta Scrivia,P234,,,,,,,,,,agg2025,63
J34H17000140001,in corso,Investimenti,Appendice 2 (CUP dei programmi),Adeguamento cavalcavia di Piacenza,,P222,Adeguamento cavalcavia di Piacenza,A5000_4,,,,,,,app2-agg2025,13
J34H17000230001,in corso,Investimenti,Tabella A/B,Sistemazione nodo di Catania Interramento stazione Catania c.le completamento del doppio PROG PROG binario tra Catania C.le e Catania Acquicella Interramento Catania Acquicella-Bicocca Collegamento ferroviario aeroporto di Catania: fermata su linea esistente,0270,,,I139,,,,,,,agg2025,70
J34H17000720001,in corso,Investimenti,Appendice 2 (CUP dei programmi),Upgrading prestazionale corridoio Reno-Alpi (DOITGenova),,P221,Upgrading prestazionale corridoio Reno-Alpi (DOITGenova),,,,,,,,app2-agg2025,13
J34H17000850001,in corso,Investimenti,Appendice 2 (CUP dei programmi),fattibilità,,P214,fattibilità,,,,,,,,app2-agg2025,9
J34J22000220001,in corso,Investimenti,Appendice 2 (CUP dei programmi),ACC di Verona Quadrante Europa,,P222,ACC di Verona Quadrante Europa,,,,,,,,app2-agg2025,13
J34J23000040001,in corso,Investimenti,Tabella A/B,Potenziamento Carnate - Ponte S.Pietro 1^ fase Variante ponte ferroviario Paderno d'Adda PROG PROG,P233,,,,,,,,,,agg2025,66
J34J23000140001,in corso,Investimenti,Appendice 2 (CUP dei programmi),DOIT TS – upgrading linee merci,,P222,DOIT TS – upgrading linee merci,,,,,,,,app2-agg2025,13
J34J23000580001,in corso,Investimenti,Appendice 2 (CUP dei programmi),Modifica alimentazione stazione Ventimiglia,,P221,Modifica alimentazione stazione Ventimiglia,,,,,,,,app2-agg2025,13
J34J23000610001,in corso,Investimenti,Appendice 2 (CUP dei programmi),Nuove Località di Servizio  Area Nord - Est,,P199,Nuove Località di Servizio  Area Nord - Est,,,,,,,,app2-agg2025,10
J34J24000020001,in corso,Investimenti,Appendice 2 (CUP dei programmi),Sottosistema strutturale energetico - DOIT Trieste,,A2001B,Sottosistema strutturale energetico - DOIT Trieste,,,,,,,,app2-agg2025,6
J34J24000320001,in corso,Investimenti,Appendice 2 (CUP dei programmi),"Innalzamento/prolungamento dei marciapiedi e IAP di stazione Riqualificazione funzionale e adeguamento dell'accessibilità dei fabbricati e delle aree antistanti di stazione, deploy Wi-life e",,P055_A,"Innalzamento/prolungamento dei marciapiedi e IAP di stazione Riqualificazione funzionale e adeguamento dell'accessibilità dei fabbricati e delle aree antistanti di stazione, deploy Wi-life e",,,,,,,,app2-agg2025,9
J34J24000410001,in corso,Investimenti,Appendice 2 (CUP dei programmi),Miglioramento infrastrutturale - DOIT Bari,,P201,Miglioramento infrastrutturale - DOIT Bari,,,,,,,,app2-agg2025,11
J34J25000040001,in corso,Investimenti,Appendice 2 (CUP dei programmi),Upgrading tecnologico AV/AC MI - BO,,A2001B,Upgrading tecnologico AV/AC MI - BO,,,,,,,,app2-agg2025,6
J36G21015190001,in corso,Investimenti,Appendice 2 (CUP dei programmi),ACC di Bolzano,,P224,ACC di Bolzano,,,,,,,,app2-agg2025,14
J36I18000030001,in corso,Investimenti,Appendice 2 (CUP dei programmi),"Avellino/Caserta, Vairano C./Rocca D'Evandro - Venafro",,A2001B,"Avellino/Caserta, Vairano C./Rocca D'Evandro - Venafro",,,,,,,,app2-agg2025,6
J36I18000060001,in corso,Investimenti,Appendice 2 (CUP dei programmi),Velocizzazione Adriatica: upgrade tecnologico Foggia-Bari-Brindisi,,P223,Velocizzazione Adriatica: upgrade tecnologico Foggia-Bari-Brindisi,,,,,,,,app2-agg2025,14
J37B13000340001,concluso,Investimenti,Opere ultimate (Tabella C),Sicurezza ed Obblighi di Legge,,,,,agg2025,31/12/2024,E.1,1342,,,agg2025,136
J37B14000210005,concluso,Investimenti,Opere ultimate (Tabella C),Sviluppo infrastrutturale e upgrading,,,,,agg2025,31/12/2024,E.2,1844,,,agg2025,138
J37B14000260001,concluso,Investimenti,Opere ultimate (Tabella C),"Tecnologie per la sicurezza, la circolazione e l'efficientamento",,,,,agg2025,31/12/2024,E.5,1823,,,agg2025,141
J37B16000110001,concluso,Investimenti,Opere ultimate (Tabella C),Sicurezza ed Obblighi di Legge,,,,,agg2025,31/12/2024,E.1,1907,,,agg2025,136
J37B16000120001,concluso,Investimenti,Opere ultimate (Tabella C),"Tecnologie per la sicurezza, la circolazione e l'efficientamento",,,,,agg2025,31/12/2024,E.5,1823,,,agg2025,141
J37B16000310001,concluso,Investimenti,Opere ultimate (Tabella C),Sviluppo infrastrutturale e upgrading,,,,,agg2025,31/12/2024,E.2,1844,,,agg2025,138
J37B16000470001,concluso,Investimenti,Opere ultimate (Tabella C),Sicurezza ed Obblighi di Legge,,,,,agg2025,31/12/2024,E.1,1342,,,agg2025,136
J37B16000540001,concluso,Investimenti,Opere ultimate (Tabella C),Sicurezza ed Obblighi di Legge,,,,,agg2025,31/12/2024,E.1,1934,,,agg2025,136
J37B17000040001,concluso,Investimenti,Opere ultimate (Tabella C),"Tecnologie per la sicurezza, la circolazione e l'efficientamento",,,,,agg2025,31/12/2024,E.5,1823,,,agg2025,141
J37B17000050001,concluso,Investimenti,Opere ultimate (Tabella C),Sicurezza ed Obblighi di Legge,,,,,agg2025,31/12/2024,E.1,1907,,,agg2025,136
J37B17000200001,concluso,Investimenti,Opere ultimate (Tabella C),Sviluppo infrastrutturale e upgrading,,,,,agg2025,31/12/2024,E.2,1844,,,agg2025,138
J37B17000690001,in corso,Investimenti,Appendice 2 (CUP dei programmi),Binari senza tempo - DOIT Trieste (Riattivazione Sacile-Gemona e Trieste Campo Marzio - Villa Opicina),,P214,Binari senza tempo - DOIT Trieste (Riattivazione Sacile-Gemona e Trieste Campo Marzio - Villa Opicina),,,,,,,,app2-agg2025,10
J37D18000000001,in corso,Investimenti,Appendice 2 (CUP dei programmi),Piano sicurezza armamento DOIT Trieste - 2018,,A1004E,Piano sicurezza armamento DOIT Trieste - 2018,,,,,,,,app2-agg2025,3
J37D22000000001,in corso,Investimenti,Appendice 2 (CUP dei programmi),Piano difesa della sede da fenomeni di dissesto idrogeologico - DOIT Trieste - 2022,,A1013A,Piano difesa della sede da fenomeni di dissesto idrogeologico - DOIT Trieste - 2022,,,,,,,,app2-agg2025,4
J37D22000130001,servizi,Servizi,"Servizi, Allegato 4c",CdP-S Infrastruttura Tecnologica DOIT Trieste - 2023,,,,,,,,,Allegato 4c,0.04,srv2026,17
J37D22000140001,in corso,Investimenti,Appendice 2 (CUP dei programmi),Miglioramento sicurezza gallerie ferroviarie - DOIT Trieste - 2023,,A1004A,Miglioramento sicurezza gallerie ferroviarie - DOIT Trieste - 2023,,,,,,,,app2-agg2025,2
J37D22000150001,in corso,Investimenti,Appendice 2 (CUP dei programmi),Miglioramento sicurezza gallerie ferroviarie - DOIT Trieste - 2022,,A1004A,Miglioramento sicurezza gallerie ferroviarie - DOIT Trieste - 2022,,,,,,,,app2-agg2025,2
J37D22000180001,in corso,Investimenti,Appendice 2 (CUP dei programmi),Tecnologie per la sicurezza settore IS - DOIT Trieste,,A2004A,Tecnologie per la sicurezza settore IS - DOIT Trieste,,,,,,,,app2-agg2025,7
J37D23000030001,in corso,Investimenti,Appendice 2 (CUP dei programmi),Piano difesa della sede da fenomeni di dissesto idrogeologico - DOIT Trieste - 2023,,A1013A,Piano difesa della sede da fenomeni di dissesto idrogeologico - DOIT Trieste - 2023,,,,,,,,app2-agg2025,4
J37D23000080001,in corso,Investimenti,Appendice 2 (CUP dei programmi),Binari senza tempo - DOIT Bari,,P214,Binari senza tempo - DOIT Bari,,,,,,,,app2-agg2025,9
J37D24000010001,in corso,Investimenti,Appendice 2 (CUP dei programmi),Miglioramento sicurezza gallerie ferroviarie - DOIT Trieste - 2024,,A1004A,Miglioramento sicurezza gallerie ferroviarie - DOIT Trieste - 2024,,,,,,,,app2-agg2025,2
J37D25000000001,in corso,Investimenti,Appendice 2 (CUP dei programmi),TS - Mitigazione rischio idrogeologico,,A1013A,TS - Mitigazione rischio idrogeologico,,,,,,,,app2-agg2025,5
J37E13000300001,concluso,Investimenti,Opere ultimate (Tabella C),Sviluppo infrastrutturale e upgrading,,,,P067,agg2025,31/12/2024,E.2,1441,,,agg2025,138
J37E13000330001,concluso,Investimenti,Opere ultimate (Tabella C),Upgrading rete viaggiatori - DOIT Trieste - 2013,,,,P067,cdp2022,31/12/2021,E.2,1442,,,cdp2022,139
J37F19000030001,in corso,Investimenti,Appendice 2 (CUP dei programmi),Interventi upgr. rete viaggiatori VE,,P199,Interventi upgr. rete viaggiatori VE,,,,,,,,app2-agg2025,10
J37F20000000001,concluso,Investimenti,Opere ultimate (Tabella C),Sicurezza ed Obblighi di Legge,,,,,agg2025,31/12/2024,E.1,1907,,,agg2025,136
J37F20000010001,in corso,Investimenti,Appendice 2 (CUP dei programmi),Smaltimento materiali inquinanti (DOIT Trieste) - 2020,,A1004D,Smaltimento materiali inquinanti (DOIT Trieste) - 2020,,,,,,,,app2-agg2025,3
J37F20000060001,concluso,Investimenti,Opere ultimate (Tabella C),"Tecnologie per la sicurezza, la circolazione e l'efficientamento",,,,,agg2025,31/12/2024,E.5,1823,,,agg2025,141
J37F20000070001,in corso,Investimenti,Appendice 2 (CUP dei programmi),Piano conservazione opere d'arte DOIT Trieste- 2020,,A1014,Piano conservazione opere d'arte DOIT Trieste- 2020,,,,,,,,app2-agg2025,5
J37G20000510001,concluso,Investimenti,Opere ultimate (Tabella C),Sicurezza ed Obblighi di Legge,,,,,agg2025,31/12/2024,E.1,1907,,,agg2025,136
J37H21000910001,in corso,Investimenti,Appendice 2 (CUP dei programmi),Interventi per l'adeguamento e lo sviluppo dei servizi II° pillar - DOIT Napoli,,P200,Interventi per l'adeguamento e lo sviluppo dei servizi II° pillar - DOIT Napoli,,,,,,,,app2-agg2025,10
J37H21001140001,concluso,Investimenti,Opere ultimate (Tabella C),"Tecnologie per la sicurezza, la circolazione e l'efficientamento",,,,,agg2025,31/12/2024,E.5,1823,,,agg2025,141
J37H21004410001,in corso,Investimenti,Appendice 2 (CUP dei programmi),Rocchetta-Gioia del Colle,,P214,Rocchetta-Gioia del Colle,,,,,,,,app2-agg2025,9
J37H21004420001,in corso,Investimenti,Appendice 2 (CUP dei programmi),Interventi upgr. rete viaggiatori VE,,P199,Interventi upgr. rete viaggiatori VE,,,,,,,,app2-agg2025,10
J37H21005980001,in corso,Investimenti,Tabella A/B,Linea Bari-Bitritto: upgrading infrastrutturale Linea Bari-Bitritto: upgrading infrastrutturale,P259,,,,,,,,,,agg2025,53
J37H21006380001,concluso,Investimenti,Opere ultimate (Tabella C),Sicurezza ed Obblighi di Legge,,,,,agg2025,31/12/2024,E.1,1342,,,agg2025,136
J37H21006500008,in corso,Investimenti,Appendice 2 (CUP dei programmi),Infrastrutturazione porti,,P060,Infrastrutturazione porti,,,,,,,,app2-agg2025,12
J37H22000030001,servizi,Servizi,"Servizi, Allegato 4c",CdP-S Infratruttura Fisica DOIT Trieste - anno 2022,,,,,,,,,Allegato 4c,4.05,srv2026,17
J37H22000040001,servizi,Servizi,"Servizi, Allegato 4c",CdP-S Infratruttura Energetica DOIT Trieste - anno 2022,,,,,,,,,Allegato 4c,0.04,srv2026,17
J37I05000010001,concluso,Investimenti,Opere ultimate (Tabella C),"Tecnologie per la sicurezza, la circolazione e l'efficientamento",,,,,agg2025,31/12/2024,E.5,1474,,,agg2025,141
J37I05000020001,in corso,Investimenti,Appendice 2 (CUP dei programmi),Upgrading rete merci - DOIT Milano,,P221|P222,Upgrading rete merci - DOIT Milano,,,,,,,,app2-agg2025,13
J37I05000030001,concluso,Investimenti,Opere ultimate (Tabella C),Upgrading rete merci - DOIT Verona,,,,,agg2024,31/12/2023,E.2,1453,,,agg2024,113
J37I06000050001,concluso,Investimenti,Opere ultimate (Tabella C),Sviluppo infrastrutturale e upgrading,,,,,agg2025,31/12/2024,E.2,1481,,,agg2025,138
J37I06000060001,concluso,Investimenti,Opere ultimate (Tabella C),Interv.Riqualif.staz.connessi AV-Milano,,,,,cdp2017,31/12/2016,A03/04,1482,,,cdp2017,180
J37I06000070001,in corso,Investimenti,Tabella A/B,Nodo di interscambio di Pigneto Fermata Pigneto su linea FL1/FL3 e copertura parziale vallo Fermata Pigneto su linea FL4/6 e sistemazioni viarie PROG PROG Completamento copertura vallo ferroviario Pigneto PROG PROG,1483,,,,,,,,,,agg2025,68
J37I06000080001,concluso,Investimenti,Opere ultimate (Tabella C),Sviluppo infrastrutturale e upgrading,,,,,agg2025,31/12/2024,E.2,1484,,,agg2025,138
J37I06000090001,concluso,Investimenti,Opere ultimate (Tabella C),Efficentamento Rho e Pavia,,,,,cdp2022,31/12/2021,E.2,1485,,,cdp2022,139
J37I06000170001,in corso,Investimenti,Appendice 2 (CUP dei programmi),Riconfigurazione impianti SCMT Milano,,A2001B,Riconfigurazione impianti SCMT Milano,,,,,,,,app2-agg2025,6
J37I06000180001,concluso,Investimenti,Opere ultimate (Tabella C),Riconfigurazione impianti SCMT Venezia,,,,,cdp2022,31/12/2021,E.5,1515,,,cdp2022,138
J37I08000000001,concluso,Investimenti,Opere ultimate (Tabella C),Piano di sviluppo tecnologico della rete,,,,,cdp2017,31/12/2016,A03/04,1544,,,cdp2017,181
J37I08000020001,concluso,Investimenti,Opere ultimate (Tabella C),Manutenzione Straordinaria cicli fino al 2011,,,,,agg2025,31/12/2024,E.1,1586,,,agg2025,132
J37I08000030001,concluso,Investimenti,Opere ultimate (Tabella C),Manutenzione Straordinaria cicli fino al 2011,,,,,agg2025,31/12/2024,E.1,1579,,,agg2025,132
J37I08000040001,concluso,Investimenti,Opere ultimate (Tabella C),Manutenzione Straordinaria cicli fino al 2011,,,,,agg2025,31/12/2024,E.1,1580,,,agg2025,132
J37I08000050001,concluso,Investimenti,Opere ultimate (Tabella C),Manutenzione Straordinaria cicli fino al 2011,,,,,agg2025,31/12/2024,E.1,1583,,,agg2025,132
J37I10001060001,concluso,Investimenti,Opere ultimate (Tabella C),Tratta AV/AC MI-BO: attrezzaggio tecnologico linea rilocata Modena- Rubiera,,,,,cdp2017,30/11/2014,A05,0355,,,cdp2017,181
J37I10001070001,concluso,Investimenti,Opere ultimate (Tabella C),Man.Straord.e Opere di Difesa dell'Infra,,,,,cdp2017,31/12/2016,A00,1594,,,cdp2017,177
J37I11000040001,concluso,Investimenti,Opere ultimate (Tabella C),Tecnologie nodo di Modena/Marzaglia,,,,,cdp2022,31/12/2021,E.5,1621,,,cdp2022,138
J37I11000050001,in corso,Investimenti,Appendice 2 (CUP dei programmi),High Density Traffic System (H.D.T.S.) - sperimentazione su nodo di Roma,,A2008,High Density Traffic System (H.D.T.S.) - sperimentazione su nodo di Roma,,,,,,,,app2-agg2025,7
J37I11000360001,in corso,Investimenti,Appendice 2 (CUP dei programmi),Adeguamento sicurezza gallerie tratta AV/AC Milano-Bologna,,A1004A,Adeguamento sicurezza gallerie tratta AV/AC Milano-Bologna,,,,,,,,app2-agg2025,2
J37I12000000001,concluso,Investimenti,Opere ultimate (Tabella C),Manutenzione Straordinaria cicli fino al 2011,,,,,agg2025,31/12/2024,E.1,0619,,,agg2025,132
J37I12000060001,concluso,Investimenti,Opere ultimate (Tabella C),Manutenzione Straordinaria cicli fino al 2011,,,,,agg2025,31/12/2024,E.1,0520,,,agg2025,132
J37I12000070001,concluso,Investimenti,Opere ultimate (Tabella C),Manutenzione Straordinaria cicli fino al 2011,,,,,agg2025,31/12/2024,E.1,0539,,,agg2025,132
J37I12000080001,concluso,Investimenti,Opere ultimate (Tabella C),Manutenzione Straordinaria cicli fino al 2011,,,,,agg2025,31/12/2024,E.1,0576,,,agg2025,132
J37I12000090001,concluso,Investimenti,Opere ultimate (Tabella C),Manutenzione Straordinaria cicli fino al 2011,,,,,agg2025,31/12/2024,E.1,0589,,,agg2025,132
J37I12000100001,concluso,Investimenti,Opere ultimate (Tabella C),Manutenzione Straordinaria cicli fino al 2011,,,,,agg2025,31/12/2024,E.1,0728,,,agg2025,132
J37I12000110001,in corso,Investimenti,Tabella A/B,Adeguamento e velocizzazione linea ferroviaria jonica - tratta Sibari-Melito Porto Salvo e trasversale Lamezia Terme - Catanzaro Lido Elettrificazione linea jonica tratta Catanzaro Lido - Crotone - Sibari Potenziamento Lamezia Terme - Settingiano e elettrificazione,P245,,,1659,,,,,,,agg2025,72
J37I12000140001,in corso,Investimenti,Appendice 2 (CUP dei programmi),PRG ed ACC Bari Centrale,,P193,PRG ed ACC Bari Centrale,P072,,,,,,,app2-agg2025,12
J37I12000150006,non piu' nel contratto,Investimenti,Tabella A/B di un contratto precedente,Scalo merci Bari Lamasinata Nuova stazione di Bari Lamasinata/Ferruccio fasi PROG PROG,,,,P174,,,,,,,cdp2017,58
J37I12000160006,in corso,Investimenti,Tabella A/B,Scalo merci Bari Lamasinata Nuova stazione di Bari Lamasinata/Ferruccio fasi PROG PROG,P174,,,,,,,,,,agg2025,75
J37I12000230001,in corso,Investimenti,Appendice 2 (CUP dei programmi),Miglioramenti infrastrutturali - acquisti - Territorio Nazionale - 2012,,P198,Miglioramenti infrastrutturali - acquisti - Territorio Nazionale - 2012,,,,,,,,app2-agg2025,10
J37I13000020001,concluso,Investimenti,Opere ultimate (Tabella C),Manutenzione Straordinaria cicli fino al 2011,,,,,agg2025,31/12/2024,E.1,0619,,,agg2025,132
J37I18000060001,concluso,Investimenti,Opere ultimate (Tabella C),"Tecnologie per la sicurezza, la circolazione e l'efficientamento",,,,,agg2025,31/12/2024,E.5,1823,,,agg2025,141
J37J18000080001,in corso,Investimenti,Appendice 2 (CUP dei programmi),DOIT TS – upgrading linee viaggiatori,,P223,DOIT TS – upgrading linee viaggiatori,,,,,,,,app2-agg2025,14
J37J18000190001,in corso,Investimenti,Appendice 2 (CUP dei programmi),Upgrading scali merci- DOIT Bari,,P060,Upgrading scali merci- DOIT Bari,,,,,,,,app2-agg2025,12
J37J19000000001,concluso,Investimenti,Opere ultimate (Tabella C),"Tecnologie per la sicurezza, la circolazione e l'efficientamento",,,,,agg2025,31/12/2024,E.5,1823,,,agg2025,141
J37J19000010001,concluso,Investimenti,Opere ultimate (Tabella C),Sicurezza ed Obblighi di Legge,,,,,agg2025,31/12/2024,E.1,1907,,,agg2025,136
J39B12000040001,in corso,Investimenti,Appendice 2 (CUP dei programmi),Velocizzazione Napoli-Bari,,P223,Velocizzazione Napoli-Bari,P072,,,,,,,app2-agg2025,14
J41C07000000001,in corso,Investimenti,Tabella A/B,Linea AV/AC Milano-Verona: tratta Treviglio-Brescia,0325,,,,,,,,,,agg2025,82
J41C09000000005,in corso,Investimenti,Tabella A/B,Accesso al Brennero lotto 3a - Circonvallazione di Trento Circonvallazione di Trento (lotto 3a) e progettazione preliminare lotti 3a e 3b,0337A|0337B,,,0337,,,,,,,agg2025,62
J41C10000030001,concluso,Investimenti,Opere ultimate (Tabella C),"Nodo di Livorno: potenziamento dei collegamenti ferroviari tra porto di Livorno, rete ferroviaria e interporto di Guasticce",,,,0339,agg2023,31/12/2022,E.2,0339,,,agg2023,38
J41E91000000009,in corso,Investimenti,Tabella A/B,Linea AV/AC Verona-Padova 1° lotto funzionale: Tratta Verona-bivio Vicenza,0362A|0362B,,,,,,,,,,agg2025,82
J41G22000010001,in corso,Investimenti,Appendice 2 (CUP dei programmi),Nuove fermate e stazioni Area Centro Nord,,P200,Nuove fermate e stazioni Area Centro Nord,,,,,,,,app2-agg2025,10
J41G22000090001,in corso,Investimenti,Appendice 2 (CUP dei programmi),City Hub e linee metropolitane Area Nord,,P237,City Hub e linee metropolitane Area Nord,,,,,,,,app2-agg2025,9
J41G23000030001,in corso,Investimenti,Appendice 2 (CUP dei programmi),Fermata Basso Garda,,P199,Fermata Basso Garda,,,,,,,,app2-agg2025,10
J41G23000070001,in corso,Investimenti,Tabella A/B,Velocizzazione e potenziamento linea ferroviaria Adriatica 1^ fase,P262A,,,,,,,,,,agg2025,72
J41H00000230001,concluso,Investimenti,Opere ultimate (Tabella C),Impianti industriali e terminali viaggiatori e merci,,,,,agg2025,31/12/2024,E.3,2777,,,agg2025,140
J41H00000240001,concluso,Investimenti,Opere ultimate (Tabella C),Manutenzione Straordinaria cicli fino al 2011,,,,,agg2025,31/12/2024,E.1,0862,,,agg2025,132
J41H00000240011,concluso,Investimenti,Opere ultimate (Tabella C),Sicurezza ed Obblighi di Legge,,,,,agg2025,31/12/2024,E.1,0866,,,agg2025,136
J41H00000240021,concluso,Investimenti,Opere ultimate (Tabella C),Manutenzione straordinaria - Armamento lotto C - Ancona,,,,,cdp2017,31/12/2016,A00,0863,,,cdp2017,177
J41H00000250001,concluso,Investimenti,Opere ultimate (Tabella C),Manutenzione Straordinaria cicli fino al 2011,,,,,agg2025,31/12/2024,E.1,2936,,,agg2025,132
J41H00000250011,concluso,Investimenti,Opere ultimate (Tabella C),Manutenzione Straordinaria cicli fino al 2011,,,,,agg2025,31/12/2024,E.1,2939,,,agg2025,132
J41H00000250021,concluso,Investimenti,Opere ultimate (Tabella C),Manutenzione Straordinaria cicli fino al 2011,,,,,agg2025,31/12/2024,E.1,2940,,,agg2025,132
J41H01000080008,in corso,Investimenti,Tabella A/B,Itinerario Napoli-Bari: Raddoppio e velocizzazione tratta Cancello-Frasso Telesino Nuovo collegamento Cancello-Frasso Telesino e progettazione preliminare intero itinerario,0279A|0279B,,,,,,,,,,agg2025,61
J41H01000090001,concluso,Investimenti,Opere ultimate (Tabella C),Manutenzione Straordinaria cicli fino al 2011,,,,,agg2025,31/12/2024,E.1,1080,,,agg2025,132
J41H02000070011,concluso,Investimenti,Opere ultimate (Tabella C),Manutenzione Straordinaria cicli fino al 2011,,,,,agg2025,31/12/2024,E.1,1211,,,agg2025,132
J41H02000070061,concluso,Investimenti,Opere ultimate (Tabella C),Manten in effic imp manut rotab -ReggioC - ante 2011,,,,,agg2023,31/12/2022,E.1,1212,,,agg2023,37
J41H02000070121,concluso,Investimenti,Opere ultimate (Tabella C),Manutenzione Straordinaria cicli fino al 2011,,,,,agg2025,31/12/2024,E.1,1215,,,agg2025,132
J41H02000070141,concluso,Investimenti,Opere ultimate (Tabella C),Manutenzione Straordinaria cicli fino al 2011,,,,,agg2025,31/12/2024,E.1,1207,,,agg2025,132
J41H02000070171,concluso,Investimenti,Opere ultimate (Tabella C),Manutenzione Straordinaria cicli fino al 2011,,,,,agg2025,31/12/2024,E.1,1206,,,agg2025,132
J41H02000070221,concluso,Investimenti,Opere ultimate (Tabella C),Manutenzione Straordinaria cicli fino al 2011,,,,,agg2025,31/12/2024,E.1,1203,,,agg2025,132
J41H02000080001,concluso,Investimenti,Opere ultimate (Tabella C),Sistema di Controllo Marcia Treno (SCMT)-realizzazione sottosistema di terra (SST) - DTP Torino,,,,,agg2021,31/12/2020,E.1,1231,,,agg2021,127
J41H02000080011,concluso,Investimenti,Opere ultimate (Tabella C),Sistema di Controllo Marcia Treno (SCMT)-realizzazione sottosistema di terra (SST) - DTP Napoli,,,,,agg2021,31/12/2020,E.1,1239,,,agg2021,127
J41H02000080021,concluso,Investimenti,Opere ultimate (Tabella C),Sistema di Controllo Marcia Treno (SCMT)-realizzazione sottosistema di terra (SST) - DTP Roma,,,,,agg2021,31/12/2020,E.1,1237,,,agg2021,127
J41H02000080031,concluso,Investimenti,Opere ultimate (Tabella C),Sistema di Controllo Marcia Treno (SCMT)-realizzazione sottosistema di terra (SST) - DTP Ancona,,,,,agg2021,31/12/2020,E.1,1238,,,agg2021,127
J41H02000080041,concluso,Investimenti,Opere ultimate (Tabella C),Sicurezza ed Obblighi di Legge,,,,,agg2025,31/12/2024,E.1,1232,,,agg2025,136
J41H02000080051,concluso,Investimenti,Opere ultimate (Tabella C),Sistema di Controllo Marcia Treno (SCMT)-realizzazione sottosistema di terra (SST) - DTP Bari,,,,,agg2021,31/12/2020,E.1,1415,,,agg2021,127
J41H02000080061,in corso,Investimenti,Appendice 2 (CUP dei programmi),Sistema di Controllo Marcia Treno (SCMT)-realizzazione sottosistema di terra (SST) - DOIT Firenze,,A2004A,Sistema di Controllo Marcia Treno (SCMT)-realizzazione sottosistema di terra (SST) - DOIT Firenze,,,,,,,,app2-agg2025,6
J41H02000080071,concluso,Investimenti,Opere ultimate (Tabella C),Sistema di Controllo Marcia Treno (SCMT)-realizzazione sottosistema di terra (SST) - DTP Bologna,,,,,agg2021,31/12/2020,E.1,1235,,,agg2021,127
J41H02000080081,concluso,Investimenti,Opere ultimate (Tabella C),Sistema di Controllo Marcia Treno (SCMT)-realizzazione sottosistema di terra (SST) - DTP Verona,,,,,agg2021,31/12/2020,E.1,1233,,,agg2021,127
J41H02000080091,concluso,Investimenti,Opere ultimate (Tabella C),Sistema di Controllo Marcia Treno (SCMT)-realizzazione sottosistema di terra (SST) - DTP Trieste,,,,,agg2021,31/12/2020,E.1,1413,,,agg2021,127
J41H02000080141,concluso,Investimenti,Opere ultimate (Tabella C),Sistema di Controllo Marcia Treno (SCMT)-realizzazione sottosistema di terra (SST) - DTP Venezia,,,,,agg2021,31/12/2020,E.1,1234,,,agg2021,127
J41H02000080151,concluso,Investimenti,Opere ultimate (Tabella C),Sistema di Controllo Marcia Treno (SCMT)-realizzazione sottosistema di terra (SST) - DTP Genova,,,,,agg2021,31/12/2020,E.1,1414,,,agg2021,127
J41H02000080171,concluso,Investimenti,Opere ultimate (Tabella C),Sistema di Controllo Marcia Treno (SCMT)-realizzazione sottosistema di terra (SST) - DTP Palermo,,,,,agg2021,31/12/2020,E.1,1477,,,agg2021,127
J41H02000080181,concluso,Investimenti,Opere ultimate (Tabella C),Sistema di Controllo Marcia Treno (SCMT)-Automac Train Control (ATC): certificazione di conformità,,,,,agg2021,31/12/2020,E.5,1437,,,agg2021,128
J41H03000080011,concluso,Investimenti,Opere ultimate (Tabella C),Studi di fattibilità e progettazioni,,,,,agg2025,31/12/2024,E.4,1428,,,agg2025,140
J41H92000000008,in corso,Investimenti,Tabella A/B,Itinerario Napoli-Bari: Raddoppio Bovino-Cervaro Raddoppio Bovino-Cervaro,0099A|0099B|0099C,,,,,,,,,,agg2025,59
J41J03000000001,concluso,Investimenti,Opere ultimate (Tabella C),GEIE-Galleria di base del Brennero- 2° fase,,,,,cdp2017,,A03/04,1394,,,cdp2017,181
J42F20000840001,in corso,Investimenti,Appendice 2 (CUP dei programmi),Analisi di pre - fattibilità della nuova fermata AV nel frusinate,,NA026,Analisi di pre - fattibilità della nuova fermata AV nel frusinate,,,,,,,,app2-agg2025,12
J44C14000020002,in corso,Investimenti,Tabella A/B,Collegamento ferroviario aeroporto di Genova Fermate di Erzelli/Aeroporto e Cornigliano est ACC e PRG Sestri Ponente PROG PROG,P129,,,,,,,,,,agg2025,58
J44C19000040009,in corso,Investimenti,Appendice 2 (CUP dei programmi),Nodo complesso di Salerno Centrale,,P134,Nodo complesso di Salerno Centrale,,,,,,,,app2-agg2025,12
J44C20000000001,in corso,Investimenti,Tabella A/B,Nuova stazione Taranto Nasisi Nuova stazione Taranto Nasisi,I174,,,,,,,,,,agg2025,51
J44C20002260001,in corso,Investimenti,Appendice 2 (CUP dei programmi),Upgrading tecnologico linea Adriatica tratta Bologna-Rimini - ulteriore fase,,P223,Upgrading tecnologico linea Adriatica tratta Bologna-Rimini - ulteriore fase,,,,,,,,app2-agg2025,14
J44D20000050009,in corso,Investimenti,Tabella A/B,Adeguamento e potenziamento impianto di Vado Ligure zona industriale Adeguamento e potenziamento impianto di Vado Ligure zona industriale Fase 1 Adeguamento e potenziamento impianto di Vado Ligure zona industriale Fase 2,P252,,,,,,,,,,agg2025,56
J44D20000060009,in corso,Investimenti,Tabella A/B,Raddoppio PM 228-Albacina,I175,,,,,,,,,,agg2025,71
J44E21000080001,in corso,Investimenti,Appendice 2 (CUP dei programmi),Upgrading infrastrutturale e tecnologico DOIT Bologna - 2021,,P112,Upgrading infrastrutturale e tecnologico DOIT Bologna - 2021,,,,,,,,app2-agg2025,11
J44E21002660001,in corso,Investimenti,Tabella A/B,Linea Rosarno-S. Ferdinando: adeguamento PRG impianti di Rosarno e San Ferdinando Adeguamento PRG impianti di Rosarno e San Ferdinando,P258,,,,,,,,,,agg2025,57
J44E21002870008,in corso,Investimenti,Appendice 2 (CUP dei programmi),Potenziamento Ravenna - Rimini,,P199,Potenziamento Ravenna - Rimini,,,,,,,,app2-agg2025,10
J44E22000060001,in corso,Investimenti,Appendice 2 (CUP dei programmi),Upgrading infrastrutturale e tecnologico DOIT Bologna - 2022,,P112,Upgrading infrastrutturale e tecnologico DOIT Bologna - 2022,,,,,,,,app2-agg2025,11
J44E22002770001,in corso,Investimenti,Appendice 2 (CUP dei programmi),Velocizzazione tratta Pescara - Termoli,,P223,Velocizzazione tratta Pescara - Termoli,,,,,,,,app2-agg2025,14
J44E22002780009,in corso,Investimenti,Appendice 2 (CUP dei programmi),Velocizzazione Adriatica 200 km/h - DOIT Bari,,P223,Velocizzazione Adriatica 200 km/h - DOIT Bari,,,,,,,,app2-agg2025,14
J44G19000010001,in corso,Investimenti,Tabella A/B,"Completamento metropolitana di Salerno: tratta stadio Arechi-Pontecagnano Aeroporto Completamento metropolitana di Salerno: tratta stadio Arechi- Pontecagnano Aeroporto ASI Salerno - nuova stazione metropolitana - ""Zona Industriale""",I177,,,,,,,,,,agg2025,51
J44H14000090005,in corso,Investimenti,Appendice 2 (CUP dei programmi),Upgrading linea DDma Firenze-Roma,,A2011,Upgrading linea DDma Firenze-Roma,A5000_2,,,,,,,app2-agg2025,8
J44H16000380001,in corso,Investimenti,Appendice 2 (CUP dei programmi),Upgrading prestazionale linee di adduzione ai porti - DOIT Bologna,,P060,Upgrading prestazionale linee di adduzione ai porti - DOIT Bologna,,,,,,,,app2-agg2025,12
J44H17000110001,in corso,Investimenti,Appendice 2 (CUP dei programmi),Adeguamento a standard AV/AC della linea DDma Roma-Firenze 2^ fase,,P224,Adeguamento a standard AV/AC della linea DDma Roma-Firenze 2^ fase,P090,,,,,,,app2-agg2025,14
J44H17000430001,in corso,Investimenti,Appendice 2 (CUP dei programmi),Upgrading prestazionale corridoio Baltico-Adriatico (DOIT Bologna),,P223,Upgrading prestazionale corridoio Baltico-Adriatico (DOIT Bologna),,,,,,,,app2-agg2025,14
J44H17000670001,in corso,Investimenti,Tabella A/B,Ripristino linea Palermo-Trapani via Milo Ripristino linea Palermo-Trapani via Milo,I162,,,,,,,,,,agg2025,50
J44H20001400009,in corso,Investimenti,Appendice 2 (CUP dei programmi),Potenziamento infrastrutturale e tecnologico di Milano Centrale,,P054,Potenziamento infrastrutturale e tecnologico di Milano Centrale,,,,,,,,app2-agg2025,11
J44H20001410001,in corso,Investimenti,Tabella A/B,Elettrificazione Ivrea-Aosta e adeguamento linea Chivasso - Aosta Elettrificazione Ivrea-Aosta e Velocizzazione impianti e soppressione PL linea Chivasso-Aosta,P123,,,,,,,,,,agg2025,51
J44H20001660009,in corso,Investimenti,Appendice 2 (CUP dei programmi),Metroferrovia di Ragusa,,P201,Metroferrovia di Ragusa,,,,,,,,app2-agg2025,10
J44J22000150001,in corso,Investimenti,Appendice 2 (CUP dei programmi),Upgrade collegamento Sampierdarena - Parco Fuori Muro,,P060,Upgrade collegamento Sampierdarena - Parco Fuori Muro,,,,,,,,app2-agg2025,12
J44J23000990001,in corso,Investimenti,Appendice 2 (CUP dei programmi),Upgrading infrastrutturale e tecnologico DOIT Bologna - 2023,,P112,Upgrading infrastrutturale e tecnologico DOIT Bologna - 2023,,,,,,,,app2-agg2025,11
J46E19000130001,in corso,Investimenti,Appendice 2 (CUP dei programmi),Velocizzazione direttrice Adriatica: completamento upgrading tecnologico tratta Pescara - Lecce (Termoli - Foggia),,P223,Velocizzazione direttrice Adriatica: completamento upgrading tecnologico tratta Pescara - Lecce (Termoli - Foggia),,,,,,,,app2-agg2025,14
J46E19000210001,in corso,Investimenti,Appendice 2 (CUP dei programmi),ACC di Milano Certosa,,P054,ACC di Milano Certosa,,,,,,,,app2-agg2025,11
J46G21003990001,in corso,Investimenti,Appendice 2 (CUP dei programmi),Sviluppo Posti Centrali Nord,,A2001B,Sviluppo Posti Centrali Nord,,,,,,,,app2-agg2025,6
J47B14000020005,concluso,Investimenti,Opere ultimate (Tabella C),Sviluppo infrastrutturale e upgrading,,,,,agg2025,31/12/2024,E.2,1464,,,agg2025,138
J47D17000000001,concluso,Investimenti,Opere ultimate (Tabella C),Sicurezza ed Obblighi di Legge,,,,,agg2025,31/12/2024,E.1,1330,,,agg2025,136
J47D22000090001,in corso,Investimenti,Appendice 2 (CUP dei programmi),Riqualificazione stazioni Area Nord,,P055_A,Riqualificazione stazioni Area Nord,,,,,,,,app2-agg2025,9
J47D22000100001,in corso,Investimenti,Appendice 2 (CUP dei programmi),"deploy SEM - area Nord Riqualificazione funzionale e adeguamento dell'accessibilità dei fabbricati e delle aree antistanti di stazione, deploy Wi-life e",,P055_A,"deploy SEM - area Nord Riqualificazione funzionale e adeguamento dell'accessibilità dei fabbricati e delle aree antistanti di stazione, deploy Wi-life e",,,,,,,,app2-agg2025,9
J47D22000150001,in corso,Investimenti,Appendice 2 (CUP dei programmi),Nuovo assetto piano del ferro stazioni Area Nord,,P055_A,Nuovo assetto piano del ferro stazioni Area Nord,,,,,,,,app2-agg2025,9
J47D22000160001,in corso,Investimenti,Appendice 2 (CUP dei programmi),Innalzamento/prolungamento dei marciapiedi e IAP di stazione - area Nord,,P055_A,Innalzamento/prolungamento dei marciapiedi e IAP di stazione - area Nord,,,,,,,,app2-agg2025,9
J47D22000170001,in corso,Investimenti,Appendice 2 (CUP dei programmi),Verifiche di vulnerabilità fisica fabbricati di stazione - Area Nord,,A1013B,Verifiche di vulnerabilità fisica fabbricati di stazione - Area Nord,,,,,,,,app2-agg2025,5
J47D22000180001,servizi,Servizi,"Servizi, Allegato 4c",CdP-S Infrastruttura Fisica DOIT Bologna - anno 2023,,,,,,,,,Allegato 4c,0.71,srv2026,17
J47F19000190001,concluso,Investimenti,Opere ultimate (Tabella C),Sviluppo infrastrutturale e upgrading,,,,,agg2025,31/12/2024,E.2,3181,,,agg2025,138
J47F19000250001,in corso,Investimenti,Appendice 2 (CUP dei programmi),Interventi di upgrading per il business merci - Linea Tirrenica e Roma-Napoli via Formia,,P224,Interventi di upgrading per il business merci - Linea Tirrenica e Roma-Napoli via Formia,,,,,,,,app2-agg2025,14
J47H20000320001,in corso,Investimenti,Appendice 2 (CUP dei programmi),Ponte fiume Dora Baltea S. Anna,,A1014,Ponte fiume Dora Baltea S. Anna,,,,,,,,app2-agg2025,5
J47H21000280001,in corso,Investimenti,Appendice 2 (CUP dei programmi),Upgrading linee regionali Emilia Romagna - 2021,,P200,Upgrading linee regionali Emilia Romagna - 2021,,,,,,,,app2-agg2025,10
J47H21002070001,in corso,Investimenti,Appendice 2 (CUP dei programmi),Attrezzaggi tecnologi - DOIT Bari,,A2001B,Attrezzaggi tecnologi - DOIT Bari,,,,,,,,app2-agg2025,6
J47H22000030001,servizi,Servizi,"Servizi, Allegato 4c",CdP-S Infratruttura Fisica DOIT Bologna - anno 2022,,,,,,,,,Allegato 4c,1.9,srv2026,17
J47H22000040001,servizi,Servizi,"Servizi, Allegato 4c",CdP-S Infratruttura Fisica DOIT Firenze - anno 2022,,,,,,,,,Allegato 4c,0.26,srv2026,17
J47I04000000008,concluso,Investimenti,Opere ultimate (Tabella C),Adeguamento a standard AV/AC linea DD.ma Firenze-Roma,,,,,agg2024,31/12/2023,,0288,,,agg2024,114
J47I05000020001,in corso,Investimenti,Appendice 2 (CUP dei programmi),Upgrading rete merci - DOIT Torino,,P221|P222,Upgrading rete merci - DOIT Torino,,,,,,,,app2-agg2025,12
J47I06000110001,in corso,Investimenti,Appendice 2 (CUP dei programmi),Riconfigurazione impianti SCMT Bari,,A2001B,Riconfigurazione impianti SCMT Bari,,,,,,,,app2-agg2025,6
J47I06000120001,concluso,Investimenti,Opere ultimate (Tabella C),Riconfig Impianti SCMT Palermo,,,,,agg2024,31/12/2023,E.5,1506,,,agg2024,113
J47I06000130001,concluso,Investimenti,Opere ultimate (Tabella C),Riconfigurazione impianti SCMT Verona,,,,,cdp2022,31/12/2021,E.5,1508,,,cdp2022,138
J47I06000140001,in corso,Investimenti,Tabella A/B,"Interventi di ammodernamento e velocizzazione della tratta ferroviaria Oristano-Sassari-Olbia Soppressione passaggi a livello a nord di Oristano, istituzione Rango C linee Cagliari-Sassari/Olbia e rettifiche di tracciato tra Bauladu e Abbasanta",1524,,,,,,,,,,agg2025,62
J47I06000160001,concluso,Investimenti,Opere ultimate (Tabella C),Riconfigurazione impianti SCMT Bologna e Milano,,,,,cdp2022,31/12/2021,E.5,1529,,,cdp2022,138
J47I07000020001,concluso,Investimenti,Opere ultimate (Tabella C),"Tecnologie per la sicurezza, la circolazione e l'efficientamento",,,,,agg2025,31/12/2024,E.5,0320,,,agg2025,141
J47I08000030001,concluso,Investimenti,Opere ultimate (Tabella C),Manutenzione Straordinaria cicli fino al 2011,,,,,agg2025,31/12/2024,E.1,1577,,,agg2025,132
J47I09000010001,in corso,Investimenti,Appendice 2 (CUP dei programmi),Potenziamento tecnologico Torino-Padova,,P222,Potenziamento tecnologico Torino-Padova,,,,,,,,app2-agg2025,13
J47I09000020002,concluso,Investimenti,Opere ultimate (Tabella C),Velocizzazione stazioni rete sarda (comprende velocizzazione n° 6 impianti ed altri interventi minori),,,,1596,agg2023,31/12/2022,E.2,1596,,,agg2023,38
J47I09000030009,in corso,Investimenti,Tabella A/B,Quadruplicamento Pavia-Milano Rogoredo Quadruplicamento Rogoredo-Pieve Emanuele Quadruplicamento Pieve Emanuele-Pavia PROG PROG,0335,,,,,,,,,,agg2025,71
J47I09000040009,in corso,Investimenti,Tabella A/B,"Potenziamento Foligno-Perugia-Terontola 1° stralcio Consolidamento sede tratta Foligno-Assisi, velocizzazione tratta Perugia Ponte San Giovanni - Foligno e nuova fermata Perugia aeroporto",0334,,,,,,,,,,agg2025,65
J47I10000010001,in corso,Investimenti,Appendice 2 (CUP dei programmi),Upgrading Terminali Merci - Milano,,P060,Upgrading Terminali Merci - Milano,,,,,,,,app2-agg2025,12
J47I10000180001,concluso,Investimenti,Opere ultimate (Tabella C),Rete AV/AC Torino-Milano-Napoli: opere in esercizio,,,,,agg2025,31/12/2024,,0348,,,agg2025,143
J47I12000000001,concluso,Investimenti,Opere ultimate (Tabella C),Manutenzione Straordinaria cicli fino al 2011,,,,,agg2025,31/12/2024,E.1,0601,,,agg2025,132
J47I12000030001,concluso,Investimenti,Opere ultimate (Tabella C),Manutenzione Straordinaria cicli fino al 2011,,,,,agg2025,31/12/2024,E.1,0505,,,agg2025,132
J47I12000040001,concluso,Investimenti,Opere ultimate (Tabella C),Manutenzione Straordinaria cicli fino al 2011,,,,,agg2025,31/12/2024,E.1,0523,,,agg2025,132
J47I12000050001,concluso,Investimenti,Opere ultimate (Tabella C),Manutenzione Straordinaria cicli fino al 2011,,,,,agg2025,31/12/2024,E.1,0566,,,agg2025,132
J47I12000070001,concluso,Investimenti,Opere ultimate (Tabella C),Manutenzione Straordinaria cicli fino al 2011,,,,,agg2025,31/12/2024,E.1,0633,,,agg2025,132
J47I12000080001,concluso,Investimenti,Opere ultimate (Tabella C),Manutenzione Straordinaria cicli fino al 2011,,,,,agg2025,31/12/2024,E.1,0713,,,agg2025,132
J47I12000100001,concluso,Investimenti,Opere ultimate (Tabella C),Studi di fattibilità e progettazioni,,,,1669,agg2025,31/12/2024,E.4,1669,,,agg2025,140
J47I13000010001,concluso,Investimenti,Opere ultimate (Tabella C),Manutenzione Straordinaria cicli fino al 2011,,,,,agg2025,31/12/2024,E.1,0601,,,agg2025,132
J47J18000160001,concluso,Investimenti,Opere ultimate (Tabella C),Upgrading Roma - Firenze (DD e LL),,,,,cdp2022,31/12/2021,E.5,3080,,,cdp2022,138
J47J18000310001,in corso,Investimenti,Appendice 2 (CUP dei programmi),Attrezzaggi Tecnologici Linee ed Impianti DOIT Ancona - 2018,,A2001B,Attrezzaggi Tecnologici Linee ed Impianti DOIT Ancona - 2018,,,,,,,,app2-agg2025,5
J49B07000000001,concluso,Investimenti,Opere ultimate (Tabella C),Studi di fattibilità e progettazioni,,,,,agg2025,31/12/2024,E.4,1505,,,agg2025,140
J49B11000260001,concluso,Investimenti,Opere ultimate (Tabella C),Arbitrati AV/AC MI-VR e Terzo Valico,,,,,cdp2017,,A03/04,1634,,,cdp2017,180
J49B12000060001,in corso,Investimenti,Appendice 2 (CUP dei programmi),Potenziamento tecnologico Roma-Napoli via Formia,,P224,Potenziamento tecnologico Roma-Napoli via Formia,,,,,,,,app2-agg2025,14
J50B18000000001,concluso,Investimenti,Opere ultimate (Tabella C),Manutenzione Straordinaria cicli fino al 2011,,,,,agg2025,31/12/2024,E.1,0724,,,agg2025,132
J50C18000000001,concluso,Investimenti,Opere ultimate (Tabella C),Manutenzione Straordinaria cicli fino al 2011,,,,,agg2025,31/12/2024,E.1,0726,,,agg2025,132
J50C18000040001,concluso,Investimenti,Opere ultimate (Tabella C),Sicurezza ed Obblighi di Legge,,,,,agg2025,31/12/2024,E.1,1289,,,agg2025,136
J50D13000010001,concluso,Investimenti,Opere ultimate (Tabella C),Sicurezza ed Obblighi di Legge,,,,,agg2025,31/12/2024,E.1,1539,,,agg2025,136
J50D15000000001,concluso,Investimenti,Opere ultimate (Tabella C),Manutenzione Straordinaria cicli fino al 2011,,,,,agg2025,31/12/2024,E.1,0724,,,agg2025,132
J50D16000000001,concluso,Investimenti,Opere ultimate (Tabella C),Manutenzione Straordinaria cicli fino al 2011,,,,,agg2025,31/12/2024,E.1,0724,,,agg2025,132
J50D16000030001,concluso,Investimenti,Opere ultimate (Tabella C),Sicurezza ed Obblighi di Legge,,,,,agg2025,31/12/2024,E.1,1289,,,agg2025,136
J50D16000040001,in corso,Investimenti,Appendice 2 (CUP dei programmi),Acquisto materiali per security e Polfer - 2016,,A2009,Acquisto materiali per security e Polfer - 2016,,,,,,,,app2-agg2025,7
J50D16000050001,in corso,Investimenti,Appendice 2 (CUP dei programmi),Rinnovo parco mezzi d'opera per manutenzione,,A2001B,Rinnovo parco mezzi d'opera per manutenzione,,,,,,,,app2-agg2025,6
J50D17000010001,in corso,Investimenti,Appendice 2 (CUP dei programmi),Acquisto treni e locomotive di manovra per la diagnostica,,A2001B,Acquisto treni e locomotive di manovra per la diagnostica,,,,,,,,app2-agg2025,6
J50D17000020001,in corso,Investimenti,Appendice 2 (CUP dei programmi),Revamping dei mezzi d'opera e della diagnostica,,A2001B,Revamping dei mezzi d'opera e della diagnostica,,,,,,,,app2-agg2025,6
J50D17000030001,in corso,Investimenti,Appendice 2 (CUP dei programmi),Miglioramenti infrastrutturali - acquisti per esercizio rete - 2016,,P198,Miglioramenti infrastrutturali - acquisti per esercizio rete - 2016,,,,,,,,app2-agg2025,10
J50D17000040001,concluso,Investimenti,Opere ultimate (Tabella C),Manutenzione Straordinaria cicli fino al 2011,,,,,agg2025,31/12/2024,E.1,0724,,,agg2025,132
J50F22000000001,concluso,Investimenti,Opere ultimate (Tabella C),Sicurezza ed Obblighi di Legge,,,,,agg2025,31/12/2024,E.1,1289,,,agg2025,136
J50F22000020001,in corso,Investimenti,Appendice 2 (CUP dei programmi),Catenaria/Pantografo,,A2001B,Catenaria/Pantografo,,,,,,,,app2-agg2025,6
J50F23000010001,concluso,Investimenti,Opere ultimate (Tabella C),Manutenzione Straordinaria cicli fino al 2011,,,,,agg2025,31/12/2024,E.1,0724,,,agg2025,132
J50F23000020001,concluso,Investimenti,Opere ultimate (Tabella C),Manutenzione Straordinaria cicli fino al 2011,,,,,agg2025,31/12/2024,E.1,0726,,,agg2025,132
J50F24000000001,in corso,Investimenti,Appendice 2 (CUP dei programmi),Attrezzaggi e adeguamenti tecnologici innovativi,,P198,Attrezzaggi e adeguamenti tecnologici innovativi,,,,,,,,app2-agg2025,10
J50F24000010001,in corso,Investimenti,Appendice 2 (CUP dei programmi),Acquisti a rimpiazzo Piano Sicurezza - 2024,,A2010,Acquisti a rimpiazzo Piano Sicurezza - 2024,,,,,,,,app2-agg2025,7
J50F25000000001,in corso,Investimenti,Appendice 2 (CUP dei programmi),MOBILI E ARREDI 2025,,P198,MOBILI E ARREDI 2025,,,,,,,,app2-agg2025,10
J50H19000000001,concluso,Investimenti,Opere ultimate (Tabella C),Acquisti a rimpiazzo - Laboratori - 2019,,,,,agg2021,31/12/2020,E.1,0497,,,agg2021,126
J50H19000010001,concluso,Investimenti,Opere ultimate (Tabella C),Manutenzione Straordinaria cicli fino al 2011,,,,,agg2025,31/12/2024,E.1,0724,,,agg2025,132
J50H19000040001,in corso,Investimenti,Appendice 2 (CUP dei programmi),Acquisti a rimpiazzo sviluppo e innovazione - 2019,,A2008,Acquisti a rimpiazzo sviluppo e innovazione - 2019,,,,,,,,app2-agg2025,7
J50H19000050001,concluso,Investimenti,Opere ultimate (Tabella C),Sicurezza ed Obblighi di Legge,,,,,agg2025,31/12/2024,E.1,1289,,,agg2025,136
J50H20000000001,concluso,Investimenti,Opere ultimate (Tabella C),"Acq. mat.inv. O.L. prod.sett.""Off.""-DG - ante 2011 - 2020",,,,,agg2021,31/12/2020,E.1,0916,,,agg2021,127
J50H20000010001,concluso,Investimenti,Opere ultimate (Tabella C),Manutenzione Straordinaria cicli fino al 2011,,,,,agg2025,31/12/2024,E.1,0724,,,agg2025,132
J50H20000020001,concluso,Investimenti,Opere ultimate (Tabella C),Manutenzione Straordinaria cicli fino al 2011,,,,,agg2025,31/12/2024,E.1,0726,,,agg2025,132
J50I21000000001,concluso,Investimenti,Opere ultimate (Tabella C),Sicurezza ed Obblighi di Legge,,,,,agg2025,31/12/2024,E.1,1289,,,agg2025,136
J50I21000010001,in corso,Investimenti,Appendice 2 (CUP dei programmi),Acquisto materiali per security e Polfer - 2021,,A2009,Acquisto materiali per security e Polfer - 2021,,,,,,,,app2-agg2025,7
J50J21000030001,concluso,Investimenti,Opere ultimate (Tabella C),Manutenzione Straordinaria cicli fino al 2011,,,,,agg2025,31/12/2024,E.1,0724,,,agg2025,132
J50J21000040001,in corso,Investimenti,Appendice 2 (CUP dei programmi),Acquisti a rimpiazzo sviluppo e innovazione - 2021,,A2008,Acquisti a rimpiazzo sviluppo e innovazione - 2021,,,,,,,,app2-agg2025,7
J51B21001200001,in corso,Investimenti,Appendice 2 (CUP dei programmi),Attrezzaggio SEM,,A2009,Attrezzaggio SEM,,,,,,,,app2-agg2025,7
J51B21001550001,in corso,Investimenti,Appendice 2 (CUP dei programmi),Evoluzione Sistemi - area Amministrazione e Bilancio - 2021,,A2010,Evoluzione Sistemi - area Amministrazione e Bilancio - 2021,,,,,,,,app2-agg2025,8
J51B21001650001,in corso,Investimenti,Appendice 2 (CUP dei programmi),Evoluzioni sistemi e soluzioni IT area Amministrazione Finanza Controllo - 2021,,A2010,Evoluzioni sistemi e soluzioni IT area Amministrazione Finanza Controllo - 2021,,,,,,,,app2-agg2025,8
J51B21001950006,in corso,Investimenti,Tabella A/B,Potenziamento collegamenti bacino di Augusta Bypass di Augusta,P253,,,,,,,,,,agg2025,52
J51B21002360001,in corso,Investimenti,Appendice 2 (CUP dei programmi),Portale OdMetrics RFI,,A2010,Portale OdMetrics RFI,,,,,,,,app2-agg2025,8
J51B21002480001,in corso,Investimenti,Appendice 2 (CUP dei programmi),Rinnovo tecnologico applicativi area commerciale,,A2010,Rinnovo tecnologico applicativi area commerciale,,,,,,,,app2-agg2025,8
J51B21002490001,in corso,Investimenti,Appendice 2 (CUP dei programmi),Evoluzione applicativi settore sicurezza circolazione,,A2010,Evoluzione applicativi settore sicurezza circolazione,,,,,,,,app2-agg2025,8
J51B21003120001,in corso,Investimenti,Appendice 2 (CUP dei programmi),Evoluzione dei sistemi IT per l'Infrastruttura RFI - 2021,,A2010,Evoluzione dei sistemi IT per l'Infrastruttura RFI - 2021,,,,,,,,app2-agg2025,8
J51B21003430001,in corso,Investimenti,Appendice 2 (CUP dei programmi),Evoluzione Sistemi e Soluzioni IT Area Supporto - 2021,,A2010,Evoluzione Sistemi e Soluzioni IT Area Supporto - 2021,,,,,,,,app2-agg2025,8
J51B21003600001,in corso,Investimenti,Appendice 2 (CUP dei programmi),Innovazione Digitale settore Ingegneria,,A2010,Innovazione Digitale settore Ingegneria,,,,,,,,app2-agg2025,8
J51B22000090001,in corso,Investimenti,Appendice 2 (CUP dei programmi),Evoluzioni sistemi e soluzioni IT area Amministrazione Finanza Controllo -2022,,A2010,Evoluzioni sistemi e soluzioni IT area Amministrazione Finanza Controllo -2022,,,,,,,,app2-agg2025,8
J51C05000030008,concluso,Investimenti,Opere ultimate (Tabella C),Sviluppo infrastrutturale e upgrading,,,,,agg2025,31/12/2024,E.2,0302,,,agg2025,138
J51C05000040001,concluso,Investimenti,Opere ultimate (Tabella C),Studi di fattibilità e progettazioni,,,,,agg2025,31/12/2024,E.4,1476,,,agg2025,140
J51C18000050001,concluso,Investimenti,Opere ultimate (Tabella C),"Tecnologie per la sicurezza, la circolazione e l'efficientamento",,,,,agg2025,31/12/2024,E.5,3072,,,agg2025,141
J51C18000060001,concluso,Investimenti,Opere ultimate (Tabella C),"Tecnologie per la sicurezza, la circolazione e l'efficientamento",,,,,agg2025,31/12/2024,E.5,3077,,,agg2025,141
J51C91000000008,concluso,Investimenti,Opere ultimate (Tabella C),Rete AV/AC Torino-Milano-Napoli: opere in esercizio,,,,A5000_5,agg2025,31/12/2024,,0326,,,agg2025,143
J51D18000080001,in corso,Investimenti,Appendice 2 (CUP dei programmi),Sistema integrato di videosorveglianza,,A2009,Sistema integrato di videosorveglianza,,,,,,,,app2-agg2025,7
J51D18000090001,concluso,Investimenti,Opere ultimate (Tabella C),"Tecnologie per la sicurezza, la circolazione e l'efficientamento",,,,,agg2025,31/12/2024,E.5,3090,,,agg2025,141
J51D18000100001,concluso,Investimenti,Opere ultimate (Tabella C),"Tecnologie per la sicurezza, la circolazione e l'efficientamento",,,,,agg2025,31/12/2024,E.5,1658,,,agg2025,141
J51D18000110003,in corso,Investimenti,Tabella A/B,"Potenziamento dei collegamenti tra il porto di Livorno, la rete ferroviaria e l'interporto Guasticce Porto di Livorno: collegamento diretto Porto-Guasticce (scavalco della linea tirrenica ambito Livorno Calambrone) Porto di Livorno: Collegamento dell’interporto di Guasticce alla PROG PROG linea Pisa-Vada via Collesalvetti Porto di Livorno: Bretella di collegamento tra la linea Pisa-Vada PROG PROG via Collesalvetti e la linea Firenze-Pisa",P220,,,,,,,,,,agg2025,69
J51D18000120001,in corso,Investimenti,Appendice 2 (CUP dei programmi),Sistema Gestione Disegni Apparecchi del,,A2010,Sistema Gestione Disegni Apparecchi del,,,,,,,,app2-agg2025,8
J51D18000130001,in corso,Investimenti,Appendice 2 (CUP dei programmi),Rightsizing PS2-revisione della GOP,,A2010,Rightsizing PS2-revisione della GOP,,,,,,,,app2-agg2025,8
J51D18000140001,in corso,Investimenti,Appendice 2 (CUP dei programmi),Sistema di Analitycs per la manutenzione,,A2010,Sistema di Analitycs per la manutenzione,,,,,,,,app2-agg2025,8
J51D18000150001,concluso,Investimenti,Opere ultimate (Tabella C),"Tecnologie per la sicurezza, la circolazione e l'efficientamento",,,,,agg2025,31/12/2024,E.5,3096,,,agg2025,141
J51D18000160001,in corso,Investimenti,Appendice 2 (CUP dei programmi),Evoluzione Sistemi e Soluzioni IT Area Supporto - 2018,,A2010,Evoluzione Sistemi e Soluzioni IT Area Supporto - 2018,,,,,,,,app2-agg2025,8
J51D18000170001,in corso,Investimenti,Appendice 2 (CUP dei programmi),Interventi area tecnologica,,A2010,Interventi area tecnologica,,,,,,,,app2-agg2025,8
J51D18000190001,in corso,Investimenti,Appendice 2 (CUP dei programmi),GAMOC - Gestione accentrata monitoraggio,,A2010,GAMOC - Gestione accentrata monitoraggio,,,,,,,,app2-agg2025,8
J51D18000210009,concluso,Investimenti,Opere ultimate (Tabella C),"Sistemi informativi integrati per la gestione della circolazione (OPTIMA,…)",,,,,agg2024,31/12/2023,E.5,3152,,,agg2024,113
J51E16000290001,concluso,Investimenti,Opere ultimate (Tabella C),"Tecnologie per la sicurezza, la circolazione e l'efficientamento",,,,,agg2025,31/12/2024,E.5,1918,,,agg2025,141
J51E16000360001,concluso,Investimenti,Opere ultimate (Tabella C),"Tecnologie per la sicurezza, la circolazione e l'efficientamento",,,,,agg2025,31/12/2024,E.5,1592,,,agg2025,141
J51E16000420001,concluso,Investimenti,Opere ultimate (Tabella C),"Tecnologie per la sicurezza, la circolazione e l'efficientamento",,,,,agg2025,31/12/2024,E.5,1658,,,agg2025,141
J51E17000030001,in corso,Investimenti,Appendice 2 (CUP dei programmi),Nuovo modello contabile e di controllo,,A2010,Nuovo modello contabile e di controllo,,,,,,,,app2-agg2025,7
J51E17000090001,concluso,Investimenti,Opere ultimate (Tabella C),"Tecnologie per la sicurezza, la circolazione e l'efficientamento",,,,,agg2025,31/12/2024,E.5,1817,,,agg2025,141
J51E17000140001,in corso,Investimenti,Appendice 2 (CUP dei programmi),Smart Station - Tornelli 2.0 (interventi ICT),,A2009,Smart Station - Tornelli 2.0 (interventi ICT),,,,,,,,app2-agg2025,7
J51E17000150001,in corso,Investimenti,Appendice 2 (CUP dei programmi),Virtual Assistant per le persone a Ridotta Mobilità,,A2010,Virtual Assistant per le persone a Ridotta Mobilità,,,,,,,,app2-agg2025,7
J51E17000160001,in corso,Investimenti,Appendice 2 (CUP dei programmi),SEM e diagnostica di stazione,,A2009,SEM e diagnostica di stazione,,,,,,,,app2-agg2025,7
J51E17000170001,in corso,Investimenti,Appendice 2 (CUP dei programmi),Wi Life Station,,A2009,Wi Life Station,,,,,,,,app2-agg2025,7
J51E17000180001,in corso,Investimenti,Appendice 2 (CUP dei programmi),Upgrade tecnologico del Sistema InRete,,A2010,Upgrade tecnologico del Sistema InRete,,,,,,,,app2-agg2025,7
J51E17000190001,in corso,Investimenti,Appendice 2 (CUP dei programmi),Modello Unico Infrastruttura Fisica (MUIF) - infrastruttura georeferenziata,,A2010,Modello Unico Infrastruttura Fisica (MUIF) - infrastruttura georeferenziata,,,,,,,,app2-agg2025,8
J51E17000210001,concluso,Investimenti,Opere ultimate (Tabella C),Implem Sistemi IT area AFC e PS - 2017,,,,,agg2021,31/12/2020,E.5,1685,,,agg2021,128
J51E17000220001,concluso,Investimenti,Opere ultimate (Tabella C),"Tecnologie per la sicurezza, la circolazione e l'efficientamento",,,,,agg2025,31/12/2024,E.5,1966,,,agg2025,141
J51E17000230001,in corso,Investimenti,Appendice 2 (CUP dei programmi),Supervisione e Regolazione,,A2010,Supervisione e Regolazione,,,,,,,,app2-agg2025,7
J51E17000240001,concluso,Investimenti,Opere ultimate (Tabella C),"Tecnologie per la sicurezza, la circolazione e l'efficientamento",,,,,agg2025,31/12/2024,E.5,1658,,,agg2025,142
J51E17000250001,concluso,Investimenti,Opere ultimate (Tabella C),"Tecnologie per la sicurezza, la circolazione e l'efficientamento",,,,,agg2025,31/12/2024,E.5,1968,,,agg2025,142
J51E17000270001,in corso,Investimenti,Appendice 2 (CUP dei programmi),Sistema Prescrizioni Movimento 2.0,,A2010,Sistema Prescrizioni Movimento 2.0,,,,,,,,app2-agg2025,7
J51E17000280001,in corso,Investimenti,Appendice 2 (CUP dei programmi),Implementazioni Sistemi IT Area Protezione Aziendale,,A2010,Implementazioni Sistemi IT Area Protezione Aziendale,,,,,,,,app2-agg2025,7
J51E17000330005,in corso,Investimenti,Appendice 2 (CUP dei programmi),Sistemi applicativi Settore Sanitario,,A2010,Sistemi applicativi Settore Sanitario,,,,,,,,app2-agg2025,7
J51E17000340001,in corso,Investimenti,Appendice 2 (CUP dei programmi),Operation IT,,A2010,Operation IT,,,,,,,,app2-agg2025,8
J51E17000350001,in corso,Investimenti,Appendice 2 (CUP dei programmi),Piattaforma sicurezza ferroviaria,,A2010,Piattaforma sicurezza ferroviaria,,,,,,,,app2-agg2025,8
J51E17000360001,in corso,Investimenti,Appendice 2 (CUP dei programmi),Sviluppo e realizzazione diagnostica centralizzata enti IS,,A2004D,Sviluppo e realizzazione diagnostica centralizzata enti IS,,,,,,,,app2-agg2025,7
J51E17000580001,in corso,Investimenti,Appendice 2 (CUP dei programmi),Evoluzione sistema di gestione finanziaria investimenti,,A2010,Evoluzione sistema di gestione finanziaria investimenti,,,,,,,,app2-agg2025,8
J51E17000590001,concluso,Investimenti,Opere ultimate (Tabella C),Sistema di SOT e diagnostica centralizzata,,,,,agg2024,31/12/2023,E.5,3046,,,agg2024,113
J51E17000600001,in corso,Investimenti,Appendice 2 (CUP dei programmi),Sistema di gestione man sul campo I-MAN,,A2010,Sistema di gestione man sul campo I-MAN,,,,,,,,app2-agg2025,8
J51E20000090001,concluso,Investimenti,Opere ultimate (Tabella C),"Tecnologie per la sicurezza, la circolazione e l'efficientamento",,,,,agg2025,31/12/2024,E.5,3232,,,agg2025,142
J51E20000200009,in corso,Investimenti,Appendice 2 (CUP dei programmi),Technical Academy - Digital Learning,,A2001B,Technical Academy - Digital Learning,,,,,,,,app2-agg2025,6
J51E20000210001,in corso,Investimenti,Appendice 2 (CUP dei programmi),Sistemi ICT Terminali Italia,,A2010,Sistemi ICT Terminali Italia,,,,,,,,app2-agg2025,8
J51E20000240001,in corso,Investimenti,Appendice 2 (CUP dei programmi),Sviluppo piattaforme di RFI. Hardware e Software,,A2008,Sviluppo piattaforme di RFI. Hardware e Software,,,,,,,,app2-agg2025,7
J51G17000010001,in corso,Investimenti,Appendice 2 (CUP dei programmi),Sperimentazione e innovazione tecnologica,,A2009,Sperimentazione e innovazione tecnologica,,,,,,,,app2-agg2025,7
J51G22000010001,in corso,Investimenti,Appendice 2 (CUP dei programmi),Advanced Traffic Management System (ATMS),,A2010,Advanced Traffic Management System (ATMS),,,,,,,,app2-agg2025,8
J51G22000020001,in corso,Investimenti,Appendice 2 (CUP dei programmi),Implementazione sistemi e soluzioni IT Area Investimenti - 2022,,A2010,Implementazione sistemi e soluzioni IT Area Investimenti - 2022,,,,,,,,app2-agg2025,8
J51G22000070001,in corso,Investimenti,Appendice 2 (CUP dei programmi),Gestione Rete Cavi a Fibre Ottiche,,A2010,Gestione Rete Cavi a Fibre Ottiche,,,,,,,,app2-agg2025,8
J51G22000100001,in corso,Investimenti,Appendice 2 (CUP dei programmi),Evoluzione Sistemi - area Amministrazione e Bilancio - 2022,,A2010,Evoluzione Sistemi - area Amministrazione e Bilancio - 2022,,,,,,,,app2-agg2025,8
J51G22000120001,in corso,Investimenti,Appendice 2 (CUP dei programmi),Implementazioni Sistemi di Asset Management,,A2010,Implementazioni Sistemi di Asset Management,,,,,,,,app2-agg2025,8
J51G22000130001,in corso,Investimenti,Appendice 2 (CUP dei programmi),Evoluzione dei sistemi IT per l'Infrastruttura RFI - 2022,,A2010,Evoluzione dei sistemi IT per l'Infrastruttura RFI - 2022,,,,,,,,app2-agg2025,8
J51G22000180001,in corso,Investimenti,Appendice 2 (CUP dei programmi),Potenziamento IaP Intera Rete,,A2001B,Potenziamento IaP Intera Rete,,,,,,,,app2-agg2025,6
J51G23000020001,in corso,Investimenti,Appendice 2 (CUP dei programmi),Manutenzione evolutiva sistemi informativi RFI - 2023,,A2010,Manutenzione evolutiva sistemi informativi RFI - 2023,,,,,,,,app2-agg2025,8
J51G23000030001,in corso,Investimenti,Appendice 2 (CUP dei programmi),Evoluzione sistemi e soluzioni IT area AFC,,A2010,Evoluzione sistemi e soluzioni IT area AFC,,,,,,,,app2-agg2025,8
J51G23000040001,in corso,Investimenti,Appendice 2 (CUP dei programmi),Implementazione sistemi e soluzioni IT Area Investimenti - 2023,,A2010,Implementazione sistemi e soluzioni IT Area Investimenti - 2023,,,,,,,,app2-agg2025,8
J51G24000010001,in corso,Investimenti,Tabella A/B,Opere di collegamento al Ponte sullo stretto di Messina - sponda calabra e siciliana Opere di collegamento al Ponte sullo stretto di Messina - sponda PROG PROG calabra Opere di collegamento al Ponte sullo stretto di Messina - sponda PROG PROG sicialiana,P270,,,,,,,,,,agg2025,73
J51G24000070001,in corso,Investimenti,Appendice 2 (CUP dei programmi),Manutenzione evolutiva sistemi informativi RFI - 2024,,A2010,Manutenzione evolutiva sistemi informativi RFI - 2024,,,,,,,,app2-agg2025,8
J51G24000100001,in corso,Investimenti,Appendice 2 (CUP dei programmi),Evoluzione dei sistemi IT per l'Infrastruttura RFI,,A2010,Evoluzione dei sistemi IT per l'Infrastruttura RFI,,,,,,,,app2-agg2025,8
J51G24000120001,in corso,Investimenti,Appendice 2 (CUP dei programmi),Implementazione sistemi e soluzioni IT Area Investimenti - 2024,,A2010,Implementazione sistemi e soluzioni IT Area Investimenti - 2024,,,,,,,,app2-agg2025,8
J51G24000160001,in corso,Investimenti,Appendice 2 (CUP dei programmi),Evoluzione sistemi e soluzioni IT area AFC,,A2010,Evoluzione sistemi e soluzioni IT area AFC,,,,,,,,app2-agg2025,8
J51G24000210001,in corso,Investimenti,Appendice 2 (CUP dei programmi),Gestione Informativa Digitale BIM,,A2010,Gestione Informativa Digitale BIM,,,,,,,,app2-agg2025,8
J51G24000220001,in corso,Investimenti,Appendice 2 (CUP dei programmi),Programma P&C - Planning & Control,,A2010,Programma P&C - Planning & Control,,,,,,,,app2-agg2025,8
J51G24000290001,in corso,Investimenti,Appendice 2 (CUP dei programmi),Portale OdMetrics RFI,,A2010,Portale OdMetrics RFI,,,,,,,,app2-agg2025,8
J51G25000010001,in corso,Investimenti,Appendice 2 (CUP dei programmi),Inn Digitale sicur prod,,A2010,Inn Digitale sicur prod,,,,,,,,app2-agg2025,8
J51G25000030001,in corso,Investimenti,Appendice 2 (CUP dei programmi),Piattaforma Materiali da Scavo,,A2010,Piattaforma Materiali da Scavo,,,,,,,,app2-agg2025,8
J51G25000040001,in corso,Investimenti,Appendice 2 (CUP dei programmi),Evol. dei sistemi IT per l'Infrastr. RFI,,A2010,Evol. dei sistemi IT per l'Infrastr. RFI,,,,,,,,app2-agg2025,8
J51G25000070001,in corso,Investimenti,Appendice 2 (CUP dei programmi),Progetto EasyRailFreight,,A2010,Progetto EasyRailFreight,,,,,,,,app2-agg2025,8
J51H00000040001,concluso,Investimenti,Opere ultimate (Tabella C),Sviluppo infrastrutturale e upgrading,,,,,agg2025,31/12/2024,E.2,0205,,,agg2025,138
J51H00000050001,concluso,Investimenti,Opere ultimate (Tabella C),Manutenzione Straordinaria cicli fino al 2011,,,,,agg2025,31/12/2024,E.1,0713,,,agg2025,132
J51H00000050011,concluso,Investimenti,Opere ultimate (Tabella C),Manutenzione Straordinaria cicli fino al 2011,,,,,agg2025,31/12/2024,E.1,0720,,,agg2025,132
J51H00000050021,concluso,Investimenti,Opere ultimate (Tabella C),Manutenzione Straordinaria cicli fino al 2011,,,,,agg2025,31/12/2024,E.1,0727,,,agg2025,132
J51H00000050031,concluso,Investimenti,Opere ultimate (Tabella C),Manutenzione Straordinaria cicli fino al 2011,,,,,agg2025,31/12/2024,E.1,0728,,,agg2025,132
J51H00000050041,concluso,Investimenti,Opere ultimate (Tabella C),Manutenzione Straordinaria cicli fino al 2011,,,,,agg2025,31/12/2024,E.1,0729,,,agg2025,132
J51H00000050051,concluso,Investimenti,Opere ultimate (Tabella C),Manutenzione Straordinaria cicli fino al 2011,,,,,agg2025,31/12/2024,E.1,0724,,,agg2025,132
J51H00000050111,concluso,Investimenti,Opere ultimate (Tabella C),"Acq.mat.inv. O.L. prod.sett.""Mag""-DG",,,,,cdp2017,31/12/2016,A00,0932,,,cdp2017,177
J51H00000050171,concluso,Investimenti,Opere ultimate (Tabella C),Manutenzione Straordinaria cicli fino al 2011,,,,,agg2025,31/12/2024,E.1,0717,,,agg2025,132
J51H00000050181,concluso,Investimenti,Opere ultimate (Tabella C),Manutenzione Straordinaria cicli fino al 2011,,,,,agg2025,31/12/2024,E.1,0719,,,agg2025,132
J51H00000050191,concluso,Investimenti,Opere ultimate (Tabella C),Manutenzione Straordinaria cicli fino al 2011,,,,,agg2025,31/12/2024,E.1,0718,,,agg2025,132
J51H00000050231,concluso,Investimenti,Opere ultimate (Tabella C),Manutenzione Straordinaria cicli fino al 2011,,,,,agg2025,31/12/2024,E.1,0714,,,agg2025,132
J51H00000050241,concluso,Investimenti,Opere ultimate (Tabella C),Manutenzione Straordinaria cicli fino al 2011,,,,,agg2025,31/12/2024,E.1,0715,,,agg2025,132
J51H00000050341,concluso,Investimenti,Opere ultimate (Tabella C),Manutenzione Straordinaria cicli fino al 2011,,,,,agg2025,31/12/2024,E.1,0722,,,agg2025,132
J51H00000050351,concluso,Investimenti,Opere ultimate (Tabella C),Manutenzione Straordinaria cicli fino al 2011,,,,,agg2025,31/12/2024,E.1,0721,,,agg2025,132
J51H00000050401,concluso,Investimenti,Opere ultimate (Tabella C),Manutenzione Straordinaria cicli fino al 2011,,,,,agg2025,31/12/2024,E.1,0723,,,agg2025,132
J51H00000050411,concluso,Investimenti,Opere ultimate (Tabella C),Manutenzione Straordinaria cicli fino al 2011,,,,,agg2025,31/12/2024,E.1,0716,,,agg2025,132
J51H00000060001,concluso,Investimenti,Opere ultimate (Tabella C),Manutenzione Straordinaria cicli fino al 2011,,,,,agg2025,31/12/2024,E.1,1157,,,agg2025,132
J51H00000070001,concluso,Investimenti,Opere ultimate (Tabella C),Impianti industriali e terminali viaggiatori e merci,,,,,agg2025,31/12/2024,E.3,0402,,,agg2025,140
J51H00000080001,concluso,Investimenti,Opere ultimate (Tabella C),Impianti industriali e terminali viaggiatori e merci,,,,,agg2025,31/12/2024,E.3,0409,,,agg2025,140
J51H01000060001,concluso,Investimenti,Opere ultimate (Tabella C),Sviluppo infrastrutturale e upgrading,,,,,agg2025,31/12/2024,E.2,1180,,,agg2025,138
J51H01000070001,concluso,Investimenti,Opere ultimate (Tabella C),Quadruplicamento Padova-Mestre,,,,,cdp2017,30/12/2006,A03/04,0210,,,cdp2017,180
J51H01000080001,concluso,Investimenti,Opere ultimate (Tabella C),Impianti industriali e terminali viaggiatori e merci,,,,,agg2025,31/12/2024,E.3,0419,,,agg2025,140
J51H03000100001,concluso,Investimenti,Opere ultimate (Tabella C),Manutenzione Straordinaria cicli fino al 2011,,,,,agg2025,31/12/2024,E.1,1296,,,agg2025,132
J51H03000110001,concluso,Investimenti,Opere ultimate (Tabella C),Sicurezza ed Obblighi di Legge,,,,,agg2025,31/12/2024,E.1,1313,,,agg2025,136
J51H03000110021,concluso,Investimenti,Opere ultimate (Tabella C),Interventi per Sic. e O.L. nei TV (NV),,,,,cdp2017,31/12/2016,A00,1328,,,cdp2017,178
J51H03000110031,concluso,Investimenti,Opere ultimate (Tabella C),Sicurezza ed Obblighi di Legge,,,,,agg2025,31/12/2024,E.1,1327,,,agg2025,136
J51H03000110061,concluso,Investimenti,Opere ultimate (Tabella C),Sicurezza ed Obblighi di Legge,,,,,agg2025,31/12/2024,E.1,1326,,,agg2025,136
J51H03000110081,concluso,Investimenti,Opere ultimate (Tabella C),Manutenzione Straordinaria cicli fino al 2011,,,,,agg2025,31/12/2024,E.1,1325,,,agg2025,132
J51H03000110131,concluso,Investimenti,Opere ultimate (Tabella C),Sicurezza ed Obblighi di Legge,,,,,agg2025,31/12/2024,E.1,1317,,,agg2025,136
J51H03000110141,concluso,Investimenti,Opere ultimate (Tabella C),Sicurezza ed Obblighi di Legge,,,,,agg2025,31/12/2024,E.1,1324,,,agg2025,136
J51H03000110171,concluso,Investimenti,Opere ultimate (Tabella C),Sicurezza ed Obblighi di Legge,,,,,agg2025,31/12/2024,E.1,1314,,,agg2025,136
J51H03000110221,concluso,Investimenti,Opere ultimate (Tabella C),Sicurezza ed Obblighi di Legge,,,,,agg2025,31/12/2024,E.1,1322,,,agg2025,136
J51H03000110241,concluso,Investimenti,Opere ultimate (Tabella C),Sicurezza ed Obblighi di Legge,,,,,agg2025,31/12/2024,E.1,1323,,,agg2025,136
J51H03000110291,concluso,Investimenti,Opere ultimate (Tabella C),Interventi per Sic. e O.L. nei TV (PA),,,,,cdp2017,31/12/2016,A00,1321,,,cdp2017,178
J51H03000110301,concluso,Investimenti,Opere ultimate (Tabella C),Sicurezza ed Obblighi di Legge,,,,,agg2025,31/12/2024,E.1,1319,,,agg2025,136
J51H03000120001,concluso,Investimenti,Opere ultimate (Tabella C),Attr.tec.lin/imp.int.rete-eff.upg (AN),,,,,cdp2017,31/12/2016,A00,1330,,,cdp2017,178
J51H03000120011,concluso,Investimenti,Opere ultimate (Tabella C),Sicurezza ed Obblighi di Legge,,,,,agg2025,31/12/2024,E.1,1331,,,agg2025,136
J51H03000120021,concluso,Investimenti,Opere ultimate (Tabella C),Sicurezza ed Obblighi di Legge,,,,,agg2025,31/12/2024,E.1,1337,,,agg2025,136
J51H03000120041,concluso,Investimenti,Opere ultimate (Tabella C),Sicurezza ed Obblighi di Legge,,,,,agg2025,31/12/2024,E.1,1339,,,agg2025,136
J51H03000120051,concluso,Investimenti,Opere ultimate (Tabella C),Sicurezza ed Obblighi di Legge,,,,,agg2025,31/12/2024,E.1,1338,,,agg2025,136
J51H03000120071,concluso,Investimenti,Opere ultimate (Tabella C),Sicurezza ed Obblighi di Legge,,,,,agg2025,31/12/2024,E.1,1336,,,agg2025,136
J51H03000120081,concluso,Investimenti,Opere ultimate (Tabella C),"Tecnologie per la sicurezza, la circolazione e l'efficientamento",,,,,agg2025,31/12/2024,E.5,1335,,,agg2025,142
J51H03000120141,concluso,Investimenti,Opere ultimate (Tabella C),"Tecnologie per la sicurezza, la circolazione e l'efficientamento",,,,,agg2025,31/12/2024,E.5,1333,,,agg2025,142
J51H03000120151,concluso,Investimenti,Opere ultimate (Tabella C),Sicurezza ed Obblighi di Legge,,,,,agg2025,31/12/2024,E.1,1334,,,agg2025,136
J51H03000140001,concluso,Investimenti,Opere ultimate (Tabella C),Studi di fattibilità e progettazioni,,,,,agg2025,31/12/2024,E.4,1354,,,agg2025,140
J51H03000150001,concluso,Investimenti,Opere ultimate (Tabella C),Manutenzione Straordinaria cicli fino al 2011,,,,,agg2025,31/12/2024,E.1,1369,,,agg2025,132
J51H03000150011,concluso,Investimenti,Opere ultimate (Tabella C),Manutenzione Straordinaria cicli fino al 2011,,,,,agg2025,31/12/2024,E.1,1376,,,agg2025,132
J51H03000150021,concluso,Investimenti,Opere ultimate (Tabella C),Manutenzione Straordinaria cicli fino al 2011,,,,,agg2025,31/12/2024,E.1,1380,,,agg2025,133
J51H03000150031,concluso,Investimenti,Opere ultimate (Tabella C),Manutenzione Straordinaria cicli fino al 2011,,,,,agg2025,31/12/2024,E.1,1383,,,agg2025,133
J51H03000150041,concluso,Investimenti,Opere ultimate (Tabella C),Manutenzione Straordinaria cicli fino al 2011,,,,,agg2025,31/12/2024,E.1,1378,,,agg2025,133
J51H03000150051,concluso,Investimenti,Opere ultimate (Tabella C),Manutenzione Straordinaria cicli fino al 2011,,,,,agg2025,31/12/2024,E.1,1379,,,agg2025,133
J51H03000150081,concluso,Investimenti,Opere ultimate (Tabella C),Manutenzione Straordinaria cicli fino al 2011,,,,,agg2025,31/12/2024,E.1,1381,,,agg2025,133
J51H03000150091,concluso,Investimenti,Opere ultimate (Tabella C),Manutenzione Straordinaria cicli fino al 2011,,,,,agg2025,31/12/2024,E.1,1382,,,agg2025,133
J51H03000150111,concluso,Investimenti,Opere ultimate (Tabella C),Manutenzione Straordinaria cicli fino al 2011,,,,,agg2025,31/12/2024,E.1,1377,,,agg2025,133
J51H03000150141,concluso,Investimenti,Opere ultimate (Tabella C),Manutenzione Straordinaria cicli fino al 2011,,,,,agg2025,31/12/2024,E.1,1372,,,agg2025,133
J51H03000150151,concluso,Investimenti,Opere ultimate (Tabella C),Manutenzione Straordinaria cicli fino al 2011,,,,,agg2025,31/12/2024,E.1,1370,,,agg2025,133
J51H03000150161,concluso,Investimenti,Opere ultimate (Tabella C),Manutenzione Straordinaria cicli fino al 2011,,,,,agg2025,31/12/2024,E.1,1371,,,agg2025,133
J51H03000150171,concluso,Investimenti,Opere ultimate (Tabella C),Manutenzione Straordinaria cicli fino al 2011,,,,,agg2025,31/12/2024,E.1,1375,,,agg2025,133
J51H03000150191,concluso,Investimenti,Opere ultimate (Tabella C),Manutenzione Straordinaria cicli fino al 2011,,,,,agg2025,31/12/2024,E.1,1373,,,agg2025,133
J51H03000150241,concluso,Investimenti,Opere ultimate (Tabella C),Manutenzione Straordinaria cicli fino al 2011,,,,,agg2025,31/12/2024,E.1,1374,,,agg2025,133
J51H03000170001,in corso,Investimenti,Tabella A/B,Collegamento ferroviario aeroporto di Venezia Collegamento ferroviario aeroporto di Venezia,0268,,,,,,,,,,agg2025,58
J51H03000180001,in corso,Investimenti,Tabella A/B,Collegamento ferroviario aeroporto di Verona Collegamento ferroviario aeroporto di Verona,0269,,,,,,,,,,agg2025,76
J51H04000000001,concluso,Investimenti,Opere ultimate (Tabella C),Sviluppo infrastrutturale e upgrading,,,,,agg2025,31/12/2024,E.2,1280,,,agg2025,138
J51H04000190001,concluso,Investimenti,Opere ultimate (Tabella C),Sicurezza ed Obblighi di Legge,,,,,agg2025,31/12/2024,E.1,1416,,,agg2025,136
J51H92000000008,concluso,Investimenti,Opere ultimate (Tabella C),SCC Area Veneta Centrale,,,,,cdp2017,22/12/2006,A02,0024,,,cdp2017,179
J51H92000010021,concluso,Investimenti,Opere ultimate (Tabella C),Manutenzione Straordinaria cicli fino al 2011,,,,,agg2025,31/12/2024,E.1,0596,,,agg2025,133
J51H92000010031,concluso,Investimenti,Opere ultimate (Tabella C),Aumento Produttività - Potenziamento - Napoli,,,,,cdp2017,31/12/2016,A00,0652,,,cdp2017,178
J51H92000010041,concluso,Investimenti,Opere ultimate (Tabella C),Aumento Produttività - Potenziamento - Milano,,,,,agg2023,31/12/2022,E.1,0651,,,agg2023,37
J51H92000010061,concluso,Investimenti,Opere ultimate (Tabella C),Manutenzione Straordinaria cicli fino al 2011,,,,,agg2025,31/12/2024,E.1,0657,,,agg2025,133
J51H92000010071,concluso,Investimenti,Opere ultimate (Tabella C),Sicurezza ed Obblighi di Legge,,,,,agg2025,31/12/2024,E.1,0653,,,agg2025,136
J51H92000010081,concluso,Investimenti,Opere ultimate (Tabella C),Manutenzione Straordinaria cicli fino al 2011,,,,,agg2025,31/12/2024,E.1,0656,,,agg2025,133
J51H92000010091,concluso,Investimenti,Opere ultimate (Tabella C),Manutenzione Straordinaria cicli fino al 2011,,,,,agg2025,31/12/2024,E.1,0648,,,agg2025,133
J51H92000010131,concluso,Investimenti,Opere ultimate (Tabella C),Manutenzione Straordinaria cicli fino al 2011,,,,,agg2025,31/12/2024,E.1,0655,,,agg2025,133
J51H92000010141,concluso,Investimenti,Opere ultimate (Tabella C),Manutenzione Straordinaria cicli fino al 2011,,,,,agg2025,31/12/2024,E.1,0600,,,agg2025,133
J51H92000010171,concluso,Investimenti,Opere ultimate (Tabella C),Manutenzione Straordinaria cicli fino al 2011,,,,,agg2025,31/12/2024,E.1,0597,,,agg2025,133
J51H92000010181,concluso,Investimenti,Opere ultimate (Tabella C),Manutenzione Straordinaria cicli fino al 2011,,,,,agg2025,31/12/2024,E.1,0599,,,agg2025,133
J51H92000010191,concluso,Investimenti,Opere ultimate (Tabella C),Manutenzione Straordinaria cicli fino al 2011,,,,,agg2025,31/12/2024,E.1,0649,,,agg2025,133
J51H92000010201,concluso,Investimenti,Opere ultimate (Tabella C),Manutenzione Straordinaria cicli fino al 2011,,,,,agg2025,31/12/2024,E.1,0650,,,agg2025,133
J51H92000020001,concluso,Investimenti,Opere ultimate (Tabella C),Manutenzione Straordinaria cicli fino al 2011,,,,,agg2025,31/12/2024,E.1,0601,,,agg2025,133
J51H92000020011,concluso,Investimenti,Opere ultimate (Tabella C),Manutenzione Straordinaria cicli fino al 2011,,,,,agg2025,31/12/2024,E.1,0610,,,agg2025,133
J51H92000020021,concluso,Investimenti,Opere ultimate (Tabella C),Manutenzione Straordinaria cicli fino al 2011,,,,,agg2025,31/12/2024,E.1,0609,,,agg2025,133
J51H92000020031,concluso,Investimenti,Opere ultimate (Tabella C),Manutenzione Straordinaria cicli fino al 2011,,,,,agg2025,31/12/2024,E.1,0616,,,agg2025,133
J51H92000020041,concluso,Investimenti,Opere ultimate (Tabella C),Manutenzione Straordinaria cicli fino al 2011,,,,,agg2025,31/12/2024,E.1,0615,,,agg2025,133
J51H92000020051,concluso,Investimenti,Opere ultimate (Tabella C),Manutenzione Straordinaria cicli fino al 2011,,,,,agg2025,31/12/2024,E.1,0614,,,agg2025,133
J51H92000020091,concluso,Investimenti,Opere ultimate (Tabella C),Manutenzione Straordinaria cicli fino al 2011,,,,,agg2025,31/12/2024,E.1,0618,,,agg2025,133
J51H92000020141,concluso,Investimenti,Opere ultimate (Tabella C),Manutenzione Straordinaria cicli fino al 2011,,,,,agg2025,31/12/2024,E.1,0604,,,agg2025,133
J51H92000020151,concluso,Investimenti,Opere ultimate (Tabella C),Aumento Produttività CA - ante 2011,,,,,agg2021,31/12/2020,E.1,0605,,,agg2021,126
J51H92000020161,concluso,Investimenti,Opere ultimate (Tabella C),Manutenzione Straordinaria cicli fino al 2011,,,,,agg2025,31/12/2024,E.1,0613,,,agg2025,133
J51H92000020211,concluso,Investimenti,Opere ultimate (Tabella C),Manutenzione Straordinaria cicli fino al 2011,,,,,agg2025,31/12/2024,E.1,0659,,,agg2025,133
J51H92000020231,concluso,Investimenti,Opere ultimate (Tabella C),Manutenzione Straordinaria cicli fino al 2011,,,,,agg2025,31/12/2024,E.1,0619,,,agg2025,133
J51H92000020251,concluso,Investimenti,Opere ultimate (Tabella C),Manutenzione Straordinaria cicli fino al 2011,,,,,agg2025,31/12/2024,E.1,0620,,,agg2025,133
J51H92000020261,concluso,Investimenti,Opere ultimate (Tabella C),Manutenzione Straordinaria cicli fino al 2011,,,,,agg2025,31/12/2024,E.1,0608,,,agg2025,133
J51H92000020271,concluso,Investimenti,Opere ultimate (Tabella C),Manutenzione Straordinaria cicli fino al 2011,,,,,agg2025,31/12/2024,E.1,0611,,,agg2025,133
J51H92000020281,concluso,Investimenti,Opere ultimate (Tabella C),Manutenzione Straordinaria cicli fino al 2011,,,,,agg2025,31/12/2024,E.1,0612,,,agg2025,133
J51H92000020301,concluso,Investimenti,Opere ultimate (Tabella C),Aumento Produttività VR - ante 2011,,,,,agg2021,31/12/2020,E.1,0621,,,agg2021,126
J51H92000020351,concluso,Investimenti,Opere ultimate (Tabella C),Manutenzione Straordinaria cicli fino al 2011,,,,,agg2025,31/12/2024,E.1,0603,,,agg2025,133
J51H92000020361,concluso,Investimenti,Opere ultimate (Tabella C),Manutenzione Straordinaria cicli fino al 2011,,,,,agg2025,31/12/2024,E.1,0602,,,agg2025,133
J51H92000020411,concluso,Investimenti,Opere ultimate (Tabella C),Manutenzione Straordinaria cicli fino al 2011,,,,,agg2025,31/12/2024,E.1,0606,,,agg2025,133
J51H92000020431,concluso,Investimenti,Opere ultimate (Tabella C),Manutenzione Straordinaria cicli fino al 2011,,,,,agg2025,31/12/2024,E.1,0607,,,agg2025,133
J51H93000000021,concluso,Investimenti,Opere ultimate (Tabella C),Manutenzione Straordinaria cicli fino al 2011,,,,,agg2025,31/12/2024,E.1,0688,,,agg2025,133
J51H93000000051,concluso,Investimenti,Opere ultimate (Tabella C),Manutenzione Straordinaria cicli fino al 2011,,,,,agg2025,31/12/2024,E.1,0686,,,agg2025,133
J51H93000000081,concluso,Investimenti,Opere ultimate (Tabella C),Manutenzione Straordinaria cicli fino al 2011,,,,,agg2025,31/12/2024,E.1,0685,,,agg2025,133
J51H93000000101,concluso,Investimenti,Opere ultimate (Tabella C),Manutenzione Straordinaria cicli fino al 2011,,,,,agg2025,31/12/2024,E.1,0546,,,agg2025,133
J51H93000000121,concluso,Investimenti,Opere ultimate (Tabella C),Manutenzione Straordinaria cicli fino al 2011,,,,,agg2025,31/12/2024,E.1,0545,,,agg2025,133
J51H93000000131,concluso,Investimenti,Opere ultimate (Tabella C),Manutenzione Straordinaria cicli fino al 2011,,,,,agg2025,31/12/2024,E.1,0543,,,agg2025,133
J51H93000000151,concluso,Investimenti,Opere ultimate (Tabella C),Manutenzione Straordinaria cicli fino al 2011,,,,,agg2025,31/12/2024,E.1,0544,,,agg2025,133
J51H98000000001,concluso,Investimenti,Opere ultimate (Tabella C),Potenziamento infrastrutturale e tecnologico Nodo di Verona,,,,,cdp2017,31/12/2016,A03/04,0016,,,cdp2017,180
J51H98000010001,concluso,Investimenti,Opere ultimate (Tabella C),Realizz.Var.Gall. Monte Zucco,,,,,agg2021,31/12/2020,E.2,0104,,,agg2021,128
J51I19000020001,concluso,Investimenti,Opere ultimate (Tabella C),"Tecnologie per la sicurezza, la circolazione e l'efficientamento",,,,,agg2025,31/12/2024,E.5,3096,,,agg2025,142
J51I19000040001,in corso,Investimenti,Appendice 2 (CUP dei programmi),evoluzione sistemi 2019,,A2010,evoluzione sistemi 2019,,,,,,,,app2-agg2025,8
J51I19000100001,in corso,Investimenti,Appendice 2 (CUP dei programmi),Evoluzione Sistemi - area Audit  - 2019,,A2010,Evoluzione Sistemi - area Audit  - 2019,,,,,,,,app2-agg2025,8
J51I19000110001,in corso,Investimenti,Appendice 2 (CUP dei programmi),"Evoluzione Sistemi - area Strategia, Pianificazione e Sostenibilità - 2019",,A2010,"Evoluzione Sistemi - area Strategia, Pianificazione e Sostenibilità - 2019",,,,,,,,app2-agg2025,8
J51I19000120001,in corso,Investimenti,Appendice 2 (CUP dei programmi),Evoluzione Sistemi - area Acquisti  - 2019,,A2010,Evoluzione Sistemi - area Acquisti  - 2019,,,,,,,,app2-agg2025,8
J51I19000130001,in corso,Investimenti,Appendice 2 (CUP dei programmi),Evoluzione Sistemi - area Amministrazione e Bilancio - 2019,,A2010,Evoluzione Sistemi - area Amministrazione e Bilancio - 2019,,,,,,,,app2-agg2025,8
J51I19000140001,in corso,Investimenti,Appendice 2 (CUP dei programmi),Interventi IT per adeguamento compliance regolatoria,,A2010,Interventi IT per adeguamento compliance regolatoria,,,,,,,,app2-agg2025,8
J51I20000000001,concluso,Investimenti,Opere ultimate (Tabella C),"Tecnologie per la sicurezza, la circolazione e l'efficientamento",,,,,agg2025,31/12/2024,E.5,3206,,,agg2025,142
J51I20000030001,concluso,Investimenti,Opere ultimate (Tabella C),"Tecnologie per la sicurezza, la circolazione e l'efficientamento",,,,,agg2025,31/12/2024,E.5,3098,,,agg2025,142
J51I20000050001,in corso,Investimenti,Appendice 2 (CUP dei programmi),Evoluzione applicative ICT area commerciale,,A2010,Evoluzione applicative ICT area commerciale,,,,,,,,app2-agg2025,8
J51I20000060001,in corso,Investimenti,Appendice 2 (CUP dei programmi),Piattaforma di analisi del territorio per lo sviluppo dei servizi di stazione,,P264,Piattaforma di analisi del territorio per lo sviluppo dei servizi di stazione,,,,,,,,app2-agg2025,9
J51J20000060001,in corso,Investimenti,Appendice 2 (CUP dei programmi),Servizi analitici per la circolazione,,A2010,Servizi analitici per la circolazione,,,,,,,,app2-agg2025,8
J51J20000160001,in corso,Investimenti,Appendice 2 (CUP dei programmi),Sviluppo Sistema a radar coerenti,,A2008,Sviluppo Sistema a radar coerenti,,,,,,,,app2-agg2025,7
J51J21000040001,in corso,Investimenti,Appendice 2 (CUP dei programmi),Implementazioni Sistemi e Soluzioni IT Area Investimenti - 2021,,A2010,Implementazioni Sistemi e Soluzioni IT Area Investimenti - 2021,,,,,,,,app2-agg2025,8
J52C21001910001,in corso,Investimenti,Appendice 2 (CUP dei programmi),Programma di riqualificazione e potenziamento City Hub,,NA026,Programma di riqualificazione e potenziamento City Hub,,,,,,,,app2-agg2025,12
J52F14000080001,in corso,Investimenti,Appendice 2 (CUP dei programmi),Studio di fattibilità analisi trasportistiche e valutazione di capacità della rete ferroviaria,,NA026,Studio di fattibilità analisi trasportistiche e valutazione di capacità della rete ferroviaria,,,,,,,,app2-agg2025,12
J52F14000140001,concluso,Investimenti,Opere ultimate (Tabella C),"Tecnologie per la sicurezza, la circolazione e l'efficientamento",,,,,agg2025,31/12/2024,E.5,1878,,,agg2025,142
J52F15000010001,concluso,Investimenti,Opere ultimate (Tabella C),"Tecnologie per la sicurezza, la circolazione e l'efficientamento",,,,,agg2025,31/12/2024,E.5,1658,,,agg2025,142
J52F15000020001,concluso,Investimenti,Opere ultimate (Tabella C),"Tecnologie per la sicurezza, la circolazione e l'efficientamento",,,,,agg2025,31/12/2024,E.5,1817,,,agg2025,142
J52F15000060001,concluso,Investimenti,Opere ultimate (Tabella C),"Tecnologie per la sicurezza, la circolazione e l'efficientamento",,,,,agg2025,31/12/2024,E.5,1685,,,agg2025,142
J52F15000070001,concluso,Investimenti,Opere ultimate (Tabella C),Implementazioni Sistemi IT Area Produzione - 2015,,,,,agg2024,31/12/2023,E.5,1682,,,agg2024,113
J52F15000100001,concluso,Investimenti,Opere ultimate (Tabella C),"Tecnologie per la sicurezza, la circolazione e l'efficientamento",,,,,agg2025,31/12/2024,E.5,1592,,,agg2025,142
J52F15000110001,concluso,Investimenti,Opere ultimate (Tabella C),"Tecnologie per la sicurezza, la circolazione e l'efficientamento",,,,,agg2025,31/12/2024,E.5,1588,,,agg2025,142
J52F16000020001,concluso,Investimenti,Opere ultimate (Tabella C),"Tecnologie per la sicurezza, la circolazione e l'efficientamento",,,,,agg2025,31/12/2024,E.5,1685,,,agg2025,142
J52F16000030001,concluso,Investimenti,Opere ultimate (Tabella C),"Tecnologie per la sicurezza, la circolazione e l'efficientamento",,,,,agg2025,31/12/2024,E.5,1682,,,agg2025,142
J52F16000040001,concluso,Investimenti,Opere ultimate (Tabella C),Implementazioni IT Sistemi area Acquisti - 2016,,,,,agg2024,31/12/2023,E.5,1817,,,agg2024,113
J52J19000130001,in corso,Investimenti,Appendice 2 (CUP dei programmi),Miglioramento sismico - DOIT Roma,,A1013B,Miglioramento sismico - DOIT Roma,,,,,,,,app2-agg2025,5
J52J19000140001,in corso,Investimenti,Appendice 2 (CUP dei programmi),Analisi operativa del processo di valori,,A2001B,Analisi operativa del processo di valori,,,,,,,,app2-agg2025,6
J52J20000120001,in corso,Investimenti,Appendice 2 (CUP dei programmi),Evoluzione dei sistemi IT per l'Infrastruttura RFI - 2020,,A2010,Evoluzione dei sistemi IT per l'Infrastruttura RFI - 2020,,,,,,,,app2-agg2025,8
J52J20000130001,in corso,Investimenti,Appendice 2 (CUP dei programmi),Studi di fattibilità e progettazioni,,NA026,Studi di fattibilità e progettazioni,,,,,,,,app2-agg2025,12
J53D21001370001,in corso,Investimenti,Appendice 2 (CUP dei programmi),Rilievi opere d’arte e progettazione interventi,,A1004F,Rilievi opere d’arte e progettazione interventi,,,,,,,,app2-agg2025,3
J54B13001090001,in corso,Investimenti,Appendice 2 (CUP dei programmi),Attrezzaggi e adeguamenti tecnologici innovativi,,A2004G,Attrezzaggi e adeguamenti tecnologici innovativi,,,,,,,,app2-agg2025,7
J54B13001100001,in corso,Investimenti,Appendice 2 (CUP dei programmi),Piano interventi per sicurezza e regolarità Passaggi a Livello,,A2004C,Piano interventi per sicurezza e regolarità Passaggi a Livello,,,,,,,,app2-agg2025,7
J54B13001110001,in corso,Investimenti,Appendice 2 (CUP dei programmi),PRG e ACC Milano Lambrate (1^ fase),,P054,PRG e ACC Milano Lambrate (1^ fase),,,,,,,,app2-agg2025,11
J54B13001160001,concluso,Investimenti,Opere ultimate (Tabella C),"Tecnologie per la sicurezza, la circolazione e l'efficientamento",,,,,agg2025,31/12/2024,E.5,1812,,,agg2025,142
J54B13001170001,concluso,Investimenti,Opere ultimate (Tabella C),"Tecnologie per la sicurezza, la circolazione e l'efficientamento",,,,,agg2025,31/12/2024,E.5,1813,,,agg2025,142
J54B13001260001,concluso,Investimenti,Opere ultimate (Tabella C),Implementazioni IT Sistemi area Acquisti - 2013,,,,,agg2024,31/12/2023,E.5,1817,,,agg2024,113
J54C14000000001,in corso,Investimenti,Appendice 2 (CUP dei programmi),Energy Management Information System,,A2010,Energy Management Information System,,,,,,,,app2-agg2025,7
J54C14000040001,in corso,Investimenti,Appendice 2 (CUP dei programmi),"Sviluppi per Tecnologie IS,TE,TLC e ARM",,A2008,"Sviluppi per Tecnologie IS,TE,TLC e ARM",,,,,,,,app2-agg2025,7
J54C14000050001,in corso,Investimenti,Appendice 2 (CUP dei programmi),Sviluppi per Tecnologie ERTMS,,A2008,Sviluppi per Tecnologie ERTMS,,,,,,,,app2-agg2025,7
J54C14000060001,concluso,Investimenti,Opere ultimate (Tabella C),"Tecnologie per la sicurezza, la circolazione e l'efficientamento",,,,,agg2025,31/12/2024,E.5,1592,,,agg2025,142
J54C14000070001,concluso,Investimenti,Opere ultimate (Tabella C),Implementazioni Sistemi IT Area Produzione - 2014,,,,,agg2024,31/12/2023,E.5,1682,,,agg2024,113
J54C14000080001,concluso,Investimenti,Opere ultimate (Tabella C),"Tecnologie per la sicurezza, la circolazione e l'efficientamento",,,,,agg2025,31/12/2024,E.5,1685,,,agg2025,142
J54C19000270001,in corso,Investimenti,Appendice 2 (CUP dei programmi),Attrezzaggi/Adeguamenti innovativi infrastruttura,,A2004G,Attrezzaggi/Adeguamenti innovativi infrastruttura,,,,,,,,app2-agg2025,7
J54D21000030001,in corso,Investimenti,Appendice 2 (CUP dei programmi),Upgrade impianti di security - 2021,,A2009,Upgrade impianti di security - 2021,,,,,,,,app2-agg2025,7
J54E21000750001,in corso,Investimenti,Appendice 2 (CUP dei programmi),Attrezzaggi tecnologici DOIT Milano - 2021,,A2001B,Attrezzaggi tecnologici DOIT Milano - 2021,,,,,,,,app2-agg2025,5
J54E21003570001,in corso,Investimenti,Appendice 2 (CUP dei programmi),Fermata S. Maria di Settimo Paola-CS,,P201,Fermata S. Maria di Settimo Paola-CS,,,,,,,,app2-agg2025,11
J54E21003590001,in corso,Investimenti,Appendice 2 (CUP dei programmi),Programma nazionale ERTMS-Linee Roma,,A2011,Programma nazionale ERTMS-Linee Roma,,,,,,,,app2-agg2025,8
J54E21003600001,in corso,Investimenti,Appendice 2 (CUP dei programmi),Programma nazionale ERTMS-Linee Ancona-Napoli-Bari,,A2011,Programma nazionale ERTMS-Linee Ancona-Napoli-Bari,,,,,,,,app2-agg2025,8
J54E21003610001,in corso,Investimenti,Appendice 2 (CUP dei programmi),Programma nazionale ERTMS-Linee Reggio Calabria e Sardegna,,A2011,Programma nazionale ERTMS-Linee Reggio Calabria e Sardegna,,,,,,,,app2-agg2025,8
J54E21003620001,in corso,Investimenti,Appendice 2 (CUP dei programmi),Programma nazionale ERTMS-Applicazioni Generiche,,A2011,Programma nazionale ERTMS-Applicazioni Generiche,,,,,,,,app2-agg2025,8
J54E21004780008,in corso,Investimenti,Tabella A/B,Adeguamento e velocizzazione linea ferroviaria jonica - tratta Sibari-Melito Porto Salvo e trasversale Lamezia Terme - Catanzaro Lido Elettrificazione linea jonica tratta Catanzaro Lido - Crotone - Sibari Potenziamento Lamezia Terme - Settingiano e elettrificazione,P245,,,,,,,,,,agg2025,72
J54E21004790008,in corso,Investimenti,Appendice 2 (CUP dei programmi),Adeguamento prestazionale Taranto - Gioia Tauro,,P224,Adeguamento prestazionale Taranto - Gioia Tauro,,,,,,,,app2-agg2025,14
J54F05000010001,concluso,Investimenti,Opere ultimate (Tabella C),Itinerario Venezia-Tarvisio/Villa Opicina Potenziamento Itinerari merci,,,,,cdp2017,29/10/2010,A03/04,1455,,,cdp2017,180
J54F12000000001,in corso,Investimenti,Appendice 2 (CUP dei programmi),Adeguamento Tariffe RFI,,A2010,Adeguamento Tariffe RFI,,,,,,,,app2-agg2025,7
J54F12000010001,concluso,Investimenti,Opere ultimate (Tabella C),"Tecnologie per la sicurezza, la circolazione e l'efficientamento",,,,,agg2025,31/12/2024,E.5,1685,,,agg2025,142
J54F12000030001,in corso,Investimenti,Appendice 2 (CUP dei programmi),Nuove architetture ICT,,A2010,Nuove architetture ICT,,,,,,,,app2-agg2025,7
J54F12000050001,in corso,Investimenti,Appendice 2 (CUP dei programmi),RFI-RINF Registro Infrastrutture Ferroviarie,,A2010,RFI-RINF Registro Infrastrutture Ferroviarie,,,,,,,,app2-agg2025,7
J54F18000010009,in corso,Investimenti,Tabella A/B,Elettrificazione e ammodernamento linea Barletta-Canosa Elettrificazione e ammodernamento linea Barletta-Canosa,I170,,,,,,,,,,agg2025,65
J54G18000040001,in corso,Investimenti,Appendice 2 (CUP dei programmi),DOIT Roma. Interventi infr e tecn diffusi,,P224,DOIT Roma. Interventi infr e tecn diffusi,,,,,,,,app2-agg2025,14
J54G18000130001,in corso,Investimenti,Appendice 2 (CUP dei programmi),Attrezzaggio RED ambito DOIT RM,,P053,Attrezzaggio RED ambito DOIT RM,,,,,,,,app2-agg2025,11
J54G18000140001,in corso,Investimenti,Tabella A/B,Nodo intermodale di Brindisi Nodo intermodale di Brindisi,P178,,,,,,,,,,agg2025,56
J54G18000190001,in corso,Investimenti,Appendice 2 (CUP dei programmi),Adeguamento a STI opere civili - Sede centrale,,A1004F,Adeguamento a STI opere civili - Sede centrale,,,,,,,,app2-agg2025,3
J54G18000200001,in corso,Investimenti,Appendice 2 (CUP dei programmi),Adeguamento a STI opere civili - DOIT Roma,,A1004F,Adeguamento a STI opere civili - DOIT Roma,,,,,,,,app2-agg2025,3
J54G18000210009,in corso,Investimenti,Appendice 2 (CUP dei programmi),Water Management,,A2001B,Water Management,,,,,,,,app2-agg2025,6
J54H13000160001,concluso,Investimenti,Opere ultimate (Tabella C),Sicurezza ed Obblighi di Legge,,,,,agg2025,31/12/2024,E.1,1271,,,agg2025,136
J54H14000440001,in corso,Investimenti,Appendice 2 (CUP dei programmi),Upgrading prestazionale corridoio Scan-Med - DOIT Roma,,P224,Upgrading prestazionale corridoio Scan-Med - DOIT Roma,,,,,,,,app2-agg2025,14
J54H14000450001,concluso,Investimenti,Opere ultimate (Tabella C),Sicurezza ed Obblighi di Legge,,,,,agg2025,31/12/2024,E.1,1271,,,agg2025,136
J54H14000520001,concluso,Investimenti,Opere ultimate (Tabella C),Attrezzaggi tecnologici DTP Milano - PRG Rho - fase EXPO - 2014,,,,,agg2021,31/12/2020,E.1,1334,,,agg2021,127
J54H14000530001,in corso,Investimenti,Appendice 2 (CUP dei programmi),Upgrading tecnologico Bologna-Padova (1^ fase),,P223,Upgrading tecnologico Bologna-Padova (1^ fase),,,,,,,,app2-agg2025,14
J54H14000540001,concluso,Investimenti,Opere ultimate (Tabella C),Velocizzazione Firenze-Pisa (fase 0),,,,,agg2024,31/12/2023,E.2,1860,,,agg2024,113
J54H14000550001,in corso,Investimenti,Appendice 2 (CUP dei programmi),Miglioramento delle funzionalità e del decoro delle 620 stazioni,,P055_A,Miglioramento delle funzionalità e del decoro delle 620 stazioni,,,,,,,,app2-agg2025,9
J54H14000570001,in corso,Investimenti,Appendice 2 (CUP dei programmi),Easy Station - TPL upgrading alle banchine,,P055_A,Easy Station - TPL upgrading alle banchine,,,,,,,,app2-agg2025,9
J54H14000580001,in corso,Investimenti,Appendice 2 (CUP dei programmi),Easy Station - TPL miglioramento sistemi di informazione al pubblico,,P055_A,Easy Station - TPL miglioramento sistemi di informazione al pubblico,,,,,,,,app2-agg2025,9
J54H14000590001,in corso,Investimenti,Appendice 2 (CUP dei programmi),Easy Station - TPL miglioramento accessibilità ed obblighi di legge,,P055_A,Easy Station - TPL miglioramento accessibilità ed obblighi di legge,,,,,,,,app2-agg2025,9
J54H15000960001,concluso,Investimenti,Opere ultimate (Tabella C),Sicurezza ed Obblighi di Legge,,,,,agg2025,31/12/2024,E.1,1334,,,agg2025,136
J54H16000760001,in corso,Investimenti,Appendice 2 (CUP dei programmi),Upgrading prestazionale linee di adduzione ai porti - DOIT Roma,,P060,Upgrading prestazionale linee di adduzione ai porti - DOIT Roma,,,,,,,,app2-agg2025,12
J54H16000770001,in corso,Investimenti,Appendice 2 (CUP dei programmi),Piano Upgrading SSE,,A2001B,Piano Upgrading SSE,,,,,,,,app2-agg2025,6
J54H16000780001,in corso,Investimenti,Appendice 2 (CUP dei programmi),Ammodernamento e potenziamento della rete ferroviaria della Regione Calabria,,P140,Ammodernamento e potenziamento della rete ferroviaria della Regione Calabria,P140,,,,,,,app2-agg2025,12
J54H16001160001,in corso,Investimenti,Appendice 2 (CUP dei programmi),Potenaziamento tecnologico linea Bologna- Padova  2 fase,,P223,Potenaziamento tecnologico linea Bologna- Padova  2 fase,,,,,,,,app2-agg2025,14
J54H16001170001,in corso,Investimenti,Appendice 2 (CUP dei programmi),Potenziamento tecnologico impianto Milano P.Garibaldi e velocizzazioni,,P054,Potenziamento tecnologico impianto Milano P.Garibaldi e velocizzazioni,,,,,,,,app2-agg2025,11
J54H17000130009,in corso,Investimenti,Tabella A/B,"Nodo di Udine Revisione fascio Sacca e ACC Udine Centrale su piano ferro attuale Nuovo PM Cargnacco, PRG di Udine Centrale, PRG Udine C.le, ITER PRG/ACC Udine Bivi (ex Udine Parco), raddoppio della linea di cintura tra PM VAT, bretella tra linea Gorizia e linea per Cervignano",1940,,,,,,,,,,agg2025,71
J54H17000210001,in corso,Investimenti,Appendice 2 (CUP dei programmi),Upgrade del sistema di distanziamento linea Bologna-Verona,,P224,Upgrade del sistema di distanziamento linea Bologna-Verona,,,,,,,,app2-agg2025,14
J54H17000260001,in corso,Investimenti,Appendice 2 (CUP dei programmi),Smart Station - Tornelli 2.0 (interventi infrastrutturali),,A2009,Smart Station - Tornelli 2.0 (interventi infrastrutturali),,,,,,,,app2-agg2025,7
J54H17000300001,in corso,Investimenti,Tabella A/B,Potenziamento linea Empoli-Siena Raddoppio Empoli-Granaiolo Elettrificazione linea Empoli-Siena ITER,P101,,,,,,,,,,agg2025,51
J54H17000740001,concluso,Investimenti,Opere ultimate (Tabella C),Upgrading prestazionale corridoio Scandinavia-Mediterraneo area tirrenica (DOIT Firenze),,,,,cdp2022,31/12/2021,E.5,3035,,,cdp2022,138
J54H17000750001,in corso,Investimenti,Appendice 2 (CUP dei programmi),Upgrading prestazionale corridoio Scandinavia-Mediterraneo area tirrenica (DOIT Roma),,P224,Upgrading prestazionale corridoio Scandinavia-Mediterraneo area tirrenica (DOIT Roma),,,,,,,,app2-agg2025,14
J54H20001280009,in corso,Investimenti,Tabella A/B,Potenziamento della linea Terni - Rieti - L’Aquila-Sulmona Velocizzazione Terni-Rieti e adeguamento massa assiale Rieti- ITER L'Aquila Linea Terni-Sulmona: Infrastrutture di terra per la produzione/stoccaggi e distribuzione di idrogeno verde,P210A,,,,,,,,,,agg2025,66
J54J18000010001,in corso,Investimenti,Appendice 2 (CUP dei programmi),Circuito test San Donato,,A2008,Circuito test San Donato,,,,,,,,app2-agg2025,7
J54J22000200001,in corso,Investimenti,Tabella A/B,Adeguamento e velocizzazione linea ferroviaria jonica - tratta Sibari-Melito Porto Salvo e trasversale Lamezia Terme - Catanzaro Lido Elettrificazione linea jonica tratta Catanzaro Lido - Crotone - Sibari Potenziamento Lamezia Terme - Settingiano e elettrificazione,P245,,,,,,,,,,agg2025,72
J54J23000580001,in corso,Investimenti,Appendice 2 (CUP dei programmi),Cyber Security per impianti CCS e TLC,,A1015,Cyber Security per impianti CCS e TLC,,,,,,,,app2-agg2025,5
J54J23000720001,in corso,Investimenti,Appendice 2 (CUP dei programmi),Nuove Località di Servizio Area Nord - Ovest,,P198,Nuove Località di Servizio Area Nord - Ovest,,,,,,,,app2-agg2025,10
J54J23000750001,in corso,Investimenti,Appendice 2 (CUP dei programmi),Gigabit Rail & Road,,A2005,Gigabit Rail & Road,,,,,,,,app2-agg2025,7
J54J24000020001,in corso,Investimenti,Appendice 2 (CUP dei programmi),Innovazione Digitale settore Stazioni,,P264,Innovazione Digitale settore Stazioni,,,,,,,,app2-agg2025,9
J54J24000080001,in corso,Investimenti,Appendice 2 (CUP dei programmi),Sottosistema strutturale energetico - DOIT Roma,,A2001B,Sottosistema strutturale energetico - DOIT Roma,,,,,,,,app2-agg2025,6
J54J24000390001,in corso,Investimenti,Appendice 2 (CUP dei programmi),Riqualificazione elementi infrastruttura Realizzazione e ripristino dei parcheggi scambiatori in corrispondenza delle stazioni ferroviarie di Busa di Vigonza e Vigonza -,,P055_A,Riqualificazione elementi infrastruttura Realizzazione e ripristino dei parcheggi scambiatori in corrispondenza delle stazioni ferroviarie di Busa di Vigonza e Vigonza -,,,,,,,,app2-agg2025,9
J54J24000400001,in corso,Investimenti,Appendice 2 (CUP dei programmi),Realizzazione di nuove LdS e modifica di quelle esistenti - Area Investimenti Stazioni Ovest e Tirrenica,,P198,Realizzazione di nuove LdS e modifica di quelle esistenti - Area Investimenti Stazioni Ovest e Tirrenica,,,,,,,,app2-agg2025,10
J54J24000850001,in corso,Investimenti,Appendice 2 (CUP dei programmi),"Riqualificaz. aree stazione deploy, SEM",,P055_A,"Riqualificaz. aree stazione deploy, SEM",,,,,,,,app2-agg2025,9
J54J24000900001,in corso,Investimenti,Appendice 2 (CUP dei programmi),Raccordo Ferroviario Grisignano di Zocco,,P060,Raccordo Ferroviario Grisignano di Zocco,,,,,,,,app2-agg2025,12
J54J25000060001,in corso,Investimenti,Appendice 2 (CUP dei programmi),Monitoraggio infrastruttura,,A1017,Monitoraggio infrastruttura,,,,,,,,app2-agg2025,5
J54J25000070001,in corso,Investimenti,Appendice 2 (CUP dei programmi),Upgr. Tec. AV/AC TO - MI e Treviglio-BS,,A2001B,Upgr. Tec. AV/AC TO - MI e Treviglio-BS,,,,,,,,app2-agg2025,6
J54J25000080001,in corso,Investimenti,Appendice 2 (CUP dei programmi),Introduzione PK145 sui PI Linea AV/AC,,A2011,Introduzione PK145 sui PI Linea AV/AC,,,,,,,,app2-agg2025,8
J54J25000090001,in corso,Investimenti,Appendice 2 (CUP dei programmi),Integrazione Terra - Bordo ERTMS,,A2011,Integrazione Terra - Bordo ERTMS,,,,,,,,app2-agg2025,8
J54J25000130001,in corso,Investimenti,Appendice 2 (CUP dei programmi),Protezione infrastruttura,,A1015,Protezione infrastruttura,,,,,,,,app2-agg2025,5
J56C17000030001,in corso,Investimenti,Tabella A/B,Adeguamento e velocizzazione linea ferroviaria jonica - tratta Sibari-Melito Porto Salvo e trasversale Lamezia Terme - Catanzaro Lido Elettrificazione linea jonica tratta Catanzaro Lido - Crotone - Sibari Potenziamento Lamezia Terme - Settingiano e elettrificazione,P245,,,,,,,,,,agg2025,72
J56C17000070001,in corso,Investimenti,Appendice 2 (CUP dei programmi),Tecnologie per la sicurezza settore IS,,A2004A,Tecnologie per la sicurezza settore IS,,,,,,,,app2-agg2025,7
J56C22000300001,in corso,Investimenti,Appendice 2 (CUP dei programmi),Sistema attivo mitigazazione rischio sismico,,A1013B,Sistema attivo mitigazazione rischio sismico,,,,,,,,app2-agg2025,5
J56E19000070009,in corso,Investimenti,Appendice 2 (CUP dei programmi),Tecnologie per la sicurezza,,A2001B,Tecnologie per la sicurezza,,,,,,,,app2-agg2025,6
J56E19000260009,in corso,Investimenti,Appendice 2 (CUP dei programmi),Nuova Rete di Trasmissione Dati RFI,,A2005,Nuova Rete di Trasmissione Dati RFI,,,,,,,,app2-agg2025,7
J56E20000020001,in corso,Investimenti,Appendice 2 (CUP dei programmi),Upgrade tecnologico Vitulano-Apice,,P201,Upgrade tecnologico Vitulano-Apice,,,,,,,,app2-agg2025,11
J56E20000080009,in corso,Investimenti,Appendice 2 (CUP dei programmi),Programma nazionale ERTMS - 2020,,A2011,Programma nazionale ERTMS - 2020,,,,,,,,app2-agg2025,8
J56H18000100009,in corso,Investimenti,Appendice 2 (CUP dei programmi),Completamento Rete Radio GSM-R,,A2011,Completamento Rete Radio GSM-R,,,,,,,,app2-agg2025,8
J56I18000040001,in corso,Investimenti,Appendice 2 (CUP dei programmi),Potenziamento tecnologico sistemi TLC,,A2005,Potenziamento tecnologico sistemi TLC,,,,,,,,app2-agg2025,7
J56J16000460001,in corso,Investimenti,Appendice 2 (CUP dei programmi),Piano nazionale Apparati Centrali Computerizzati (ACC) internalizzati,,A2001B,Piano nazionale Apparati Centrali Computerizzati (ACC) internalizzati,,,,,,,,app2-agg2025,6
J57B13000200001,concluso,Investimenti,Opere ultimate (Tabella C),Miglioramento sicurezza gallerie ferroviarie - Territorio Nazionale - 2014,,,,,agg2021,31/12/2020,E.1,1587,,,agg2021,127
J57B14000140001,concluso,Investimenti,Opere ultimate (Tabella C),"Tecnologie per la sicurezza, la circolazione e l'efficientamento",,,,,agg2025,31/12/2024,E.5,1828,,,agg2025,142
J57B14000150001,concluso,Investimenti,Opere ultimate (Tabella C),Riapertura Linee (DTP RM),,,,,cdp2017,31/12/2016,A03/04,1871,,,cdp2017,180
J57B15000000001,concluso,Investimenti,Opere ultimate (Tabella C),"Tecnologie per la sicurezza, la circolazione e l'efficientamento",,,,,agg2025,31/12/2024,E.5,1880,,,agg2025,142
J57B15000010005,in corso,Investimenti,Appendice 2 (CUP dei programmi),Efficientamento Energetico - 2015,,A2009,Efficientamento Energetico - 2015,,,,,,,,app2-agg2025,7
J57B16000170001,concluso,Investimenti,Opere ultimate (Tabella C),"Tecnologie per la sicurezza, la circolazione e l'efficientamento",,,,,agg2025,31/12/2024,E.5,1828,,,agg2025,142
J57B16000220001,in corso,Investimenti,Appendice 2 (CUP dei programmi),Miglioramento sicurezza gallerie ferroviarie - Territorio Nazionale - 2016,,A1004A,Miglioramento sicurezza gallerie ferroviarie - Territorio Nazionale - 2016,,,,,,,,app2-agg2025,2
J57B16000260001,in corso,Investimenti,Appendice 2 (CUP dei programmi),Sorveglianza delle gallerie ferroviarie,,A1004A,Sorveglianza delle gallerie ferroviarie,,,,,,,,app2-agg2025,2
J57B16000280001,in corso,Investimenti,Appendice 2 (CUP dei programmi),Upgrade impianti di security - 2016,,A2009,Upgrade impianti di security - 2016,,,,,,,,app2-agg2025,7
J57B16000350001,in corso,Investimenti,Appendice 2 (CUP dei programmi),Miglioramento della funzionalità e del decoro delle stazioni,,A2009,Miglioramento della funzionalità e del decoro delle stazioni,,,,,,,,app2-agg2025,7
J57B16000360001,concluso,Investimenti,Opere ultimate (Tabella C),Sviluppo infrastrutturale e upgrading,,,,,agg2025,31/12/2024,E.2,1923,,,agg2025,138
J57B16000410001,concluso,Investimenti,Opere ultimate (Tabella C),Sviluppo infrastrutturale e upgrading,,,,,agg2025,31/12/2024,E.2,1445,,,agg2025,138
J57B16000420001,concluso,Investimenti,Opere ultimate (Tabella C),Sicurezza ed Obblighi di Legge,,,,,agg2025,31/12/2024,E.1,1905,,,agg2025,136
J57B16000430009,in corso,Investimenti,Appendice 2 (CUP dei programmi),Upgrading e rinnovo impianti tecnologici - interventi diffusi Rinnovo/upgrade tecnologico dell'attuale sistema di distanziamento blocco conta assi (BCA) delle linee Benevento-,,A2001B,Upgrading e rinnovo impianti tecnologici - interventi diffusi Rinnovo/upgrade tecnologico dell'attuale sistema di distanziamento blocco conta assi (BCA) delle linee Benevento-,,,,,,,,app2-agg2025,6
J57B17000110001,concluso,Investimenti,Opere ultimate (Tabella C),"Tecnologie per la sicurezza, la circolazione e l'efficientamento",,,,,agg2025,31/12/2024,E.5,1828,,,agg2025,142
J57B17000120001,concluso,Investimenti,Opere ultimate (Tabella C),Sicurezza ed Obblighi di Legge,,,,,agg2025,31/12/2024,E.1,1905,,,agg2025,136
J57B17000460001,concluso,Investimenti,Opere ultimate (Tabella C),Sicurezza ed Obblighi di Legge,,,,,agg2025,31/12/2024,E.1,1271,,,agg2025,136
J57B20000230008,in corso,Investimenti,Appendice 2 (CUP dei programmi),Interventi nella stazione di Longarone,,P199,Interventi nella stazione di Longarone,,,,,,,,app2-agg2025,10
J57D17000020001,in corso,Investimenti,Appendice 2 (CUP dei programmi),Soppressione PL privati,,A1006,Soppressione PL privati,,,,,,,,app2-agg2025,3
J57D17000030001,in corso,Investimenti,Tabella A/B,Adeguamento e velocizzazione linea ferroviaria jonica - tratta Sibari-Melito Porto Salvo e trasversale Lamezia Terme - Catanzaro Lido Elettrificazione linea jonica tratta Catanzaro Lido - Crotone - Sibari Potenziamento Lamezia Terme - Settingiano e elettrificazione,P245,,,,,,,,,,agg2025,72
J57D17000040001,in corso,Investimenti,Tabella A/B,Adeguamento e velocizzazione linea ferroviaria jonica - tratta Sibari-Melito Porto Salvo e trasversale Lamezia Terme - Catanzaro Lido Elettrificazione linea jonica tratta Catanzaro Lido - Crotone - Sibari Potenziamento Lamezia Terme - Settingiano e elettrificazione,P245,,,,,,,,,,agg2025,72
J57D18000000001,concluso,Investimenti,Opere ultimate (Tabella C),Sicurezza ed Obblighi di Legge,,,,,agg2025,31/12/2024,E.1,1905,,,agg2025,136
J57D22000010001,in corso,Investimenti,Appendice 2 (CUP dei programmi),Piano difesa della sede da fenomeni di dissesto idrogeologico - DOIT Roma - 2022,,A1013A,Piano difesa della sede da fenomeni di dissesto idrogeologico - DOIT Roma - 2022,,,,,,,,app2-agg2025,4
J57D22000050001,in corso,Investimenti,Appendice 2 (CUP dei programmi),Upgrade impianti di security - 2022,,A2009,Upgrade impianti di security - 2022,,,,,,,,app2-agg2025,7
J57D22000060001,in corso,Investimenti,Appendice 2 (CUP dei programmi),Liberazione immobili – DOIT Roma - 2022,,P200,Liberazione immobili – DOIT Roma - 2022,,,,,,,,app2-agg2025,10
J57D22000140001,in corso,Investimenti,Appendice 2 (CUP dei programmi),Miglioramento sicurezza gallerie ferroviarie - DOIT Roma - 2023,,A1004A,Miglioramento sicurezza gallerie ferroviarie - DOIT Roma - 2023,,,,,,,,app2-agg2025,2
J57D22000150001,in corso,Investimenti,Appendice 2 (CUP dei programmi),Miglioramento sicurezza gallerie ferroviarie - DOIT Roma - 2022,,A1004A,Miglioramento sicurezza gallerie ferroviarie - DOIT Roma - 2022,,,,,,,,app2-agg2025,2
J57D22000190001,in corso,Investimenti,Appendice 2 (CUP dei programmi),Tecnologie per la sicurezza settore IS - DOIT Roma,,A2004A,Tecnologie per la sicurezza settore IS - DOIT Roma,,,,,,,,app2-agg2025,7
J57D23000010001,in corso,Investimenti,Appendice 2 (CUP dei programmi),Piano difesa della sede da fenomeni di dissesto idrogeologico - DOIT Roma - 2023,,A1013A,Piano difesa della sede da fenomeni di dissesto idrogeologico - DOIT Roma - 2023,,,,,,,,app2-agg2025,4
J57D23000020001,servizi,Servizi,"Servizi, Allegato 4c","Alluvioni - interventi per fronteggiare gli eccezionali eventi atmosferici, franosi ed alluvionali verificatisi a partire dal giorno 1° maggio 2023",,,,,,,,,Allegato 4c,0.8,srv2026,17
J57D23000030001,in corso,Investimenti,Appendice 2 (CUP dei programmi),Obblighi di legge DCI -2023,,A2001B,Obblighi di legge DCI -2023,,,,,,,,app2-agg2025,6
J57D24000000001,in corso,Investimenti,Appendice 2 (CUP dei programmi),Miglioramento sicurezza gallerie ferroviarie - DOIT Roma - 2024,,A1004A,Miglioramento sicurezza gallerie ferroviarie - DOIT Roma - 2024,,,,,,,,app2-agg2025,2
J57D24000020001,concluso,Investimenti,Opere ultimate (Tabella C),Manutenzione Straordinaria cicli fino al 2011,,,,,agg2025,31/12/2024,E.1,0515,,,agg2025,133
J57D24000040001,in corso,Investimenti,Appendice 2 (CUP dei programmi),Obblighi di legge DCI -2024,,A2001B,Obblighi di legge DCI -2024,,,,,,,,app2-agg2025,6
J57D24000070001,in corso,Investimenti,Appendice 2 (CUP dei programmi),Manutenzione straordinaria e OO.LL.,,A2001B,Manutenzione straordinaria e OO.LL.,,,,,,,,app2-agg2025,6
J57D24000090001,servizi,Servizi,"Servizi, Allegato 4c","Interventi manutentivi interferenti e non interferenti al traffico ferroviario avente ad oggetto le stazioni di Rio di Pusteria, Vandoies, Casteldarne, San Lorenzo, Brunico, Brunico Nord, Perca, Valdaora, Monguelfo, Villabassa, Dobbiaco, San Candido e Versciaco",,,,,,,,,Allegato 4c,3.6,srv2026,17
J57D24000110001,in corso,Investimenti,Appendice 2 (CUP dei programmi),RM - Mitigazione rischio idrogeologico,,A1013A,RM - Mitigazione rischio idrogeologico,,,,,,,,app2-agg2025,5
J57D25000000001,in corso,Investimenti,Appendice 2 (CUP dei programmi),MITIGAZIONE RISCHIO IDROGEOLOGICO 2025,,A1013A,MITIGAZIONE RISCHIO IDROGEOLOGICO 2025,,,,,,,,app2-agg2025,5
J57D25000010001,in corso,Investimenti,Appendice 2 (CUP dei programmi),Miglioramento sicurezza in galleria OC,,A1004A,Miglioramento sicurezza in galleria OC,,,,,,,,app2-agg2025,2
J57E13000030001,concluso,Investimenti,Opere ultimate (Tabella C),"Tecnologie per la sicurezza, la circolazione e l'efficientamento",,,,,agg2025,31/12/2024,E.5,1682,,,agg2025,142
J57E13000040001,concluso,Investimenti,Opere ultimate (Tabella C),"Tecnologie per la sicurezza, la circolazione e l'efficientamento",,,,,agg2025,31/12/2024,E.5,1685,,,agg2025,142
J57E13000230001,in corso,Investimenti,Appendice 2 (CUP dei programmi),Miglioramento sicurezza gallerie ferroviarie - Territorio Nazionale - 2013,,A1004A,Miglioramento sicurezza gallerie ferroviarie - Territorio Nazionale - 2013,,,,,,,,app2-agg2025,2
J57E13000260001,concluso,Investimenti,Opere ultimate (Tabella C),Sviluppo infrastrutturale e upgrading,,,,,agg2025,31/12/2024,E.2,1445,,,agg2025,138
J57E14000010001,concluso,Investimenti,Opere ultimate (Tabella C),"Tecnologie per la sicurezza, la circolazione e l'efficientamento",,,,,agg2025,31/12/2024,E.5,1658,,,agg2025,142
J57F19000020001,in corso,Investimenti,Appendice 2 (CUP dei programmi),Upgrade impianti di security - 2019,,A2009,Upgrade impianti di security - 2019,,,,,,,,app2-agg2025,7
J57F19000040001,concluso,Investimenti,Opere ultimate (Tabella C),Sviluppo infrastrutturale e upgrading,,,,,agg2025,31/12/2024,E.2,1445,,,agg2025,138
J57F19000050001,concluso,Investimenti,Opere ultimate (Tabella C),Sicurezza ed Obblighi di Legge,,,,,agg2025,31/12/2024,E.1,3172,,,agg2025,136
J57F19000060001,concluso,Investimenti,Opere ultimate (Tabella C),Riapertura Linee (DTP RM) - 2019,,,,,agg2021,31/12/2020,E.2,1871,,,agg2021,128
J57F20000020001,concluso,Investimenti,Opere ultimate (Tabella C),Sicurezza ed Obblighi di Legge,,,,,agg2025,31/12/2024,E.1,1905,,,agg2025,136
J57F20000080001,concluso,Investimenti,Opere ultimate (Tabella C),"Tecnologie per la sicurezza, la circolazione e l'efficientamento",,,,,agg2025,31/12/2024,E.5,1828,,,agg2025,142
J57F20000090001,concluso,Investimenti,Opere ultimate (Tabella C),Sicurezza ed Obblighi di Legge,,,,,agg2025,31/12/2024,E.1,3172,,,agg2025,136
J57F20000110001,concluso,Investimenti,Opere ultimate (Tabella C),Sviluppo infrastrutturale e upgrading,,,,,agg2025,31/12/2024,E.2,1445,,,agg2025,138
J57G20000060001,concluso,Investimenti,Opere ultimate (Tabella C),Sicurezza ed Obblighi di Legge,,,,,agg2025,31/12/2024,E.1,1905,,,agg2025,136
J57H21000760001,in corso,Investimenti,Appendice 2 (CUP dei programmi),Obblighi di legge DCI - 2021,,A2001B,Obblighi di legge DCI - 2021,,,,,,,,app2-agg2025,6
J57H21000810001,concluso,Investimenti,Opere ultimate (Tabella C),"Tecnologie per la sicurezza, la circolazione e l'efficientamento",,,,,agg2025,31/12/2024,E.5,1828,,,agg2025,142
J57H21000820001,concluso,Investimenti,Opere ultimate (Tabella C),Sicurezza ed Obblighi di Legge,,,,,agg2025,31/12/2024,E.1,3172,,,agg2025,136
J57H21000830001,in corso,Investimenti,Appendice 2 (CUP dei programmi),Miglioramento sicurezza gallerie ferroviarie - DOIT Roma - 2021,,A1004A,Miglioramento sicurezza gallerie ferroviarie - DOIT Roma - 2021,,,,,,,,app2-agg2025,2
J57H21003100001,in corso,Investimenti,Appendice 2 (CUP dei programmi),Asciano-Monte Antico,,P214,Asciano-Monte Antico,,,,,,,,app2-agg2025,9
J57H21005730001,concluso,Investimenti,Opere ultimate (Tabella C),Sviluppo infrastrutturale e upgrading,,,,,agg2025,31/12/2024,E.2,1445,,,agg2025,138
J57H22000000001,servizi,Servizi,"Servizi, Allegato 4c",CdP-S Infratruttura Fisica DOIT Roma - anno 2022,,,,,,,,,Allegato 4c,2.44,srv2026,17
J57H22000160001,in corso,Investimenti,Appendice 2 (CUP dei programmi),Upgrading rete viaggiatori DOIT Roma - 2022,,P053,Upgrading rete viaggiatori DOIT Roma - 2022,,,,,,,,app2-agg2025,11
J57I05000010001,concluso,Investimenti,Opere ultimate (Tabella C),Interventi upgrading rete merci - Venezia,,,,,agg2023,31/12/2022,E.2,1454,,,agg2023,38
J57I05000020001,concluso,Investimenti,Opere ultimate (Tabella C),Sviluppo infrastrutturale e upgrading,,,,,agg2025,31/12/2024,E.2,1460,,,agg2025,138
J57I06000080001,concluso,Investimenti,Opere ultimate (Tabella C),Impianti industriali e terminali viaggiatori e merci,,,,,agg2025,31/12/2024,E.3,1488,,,agg2025,140
J57I06000280001,concluso,Investimenti,Opere ultimate (Tabella C),"Tecnologie per la sicurezza, la circolazione e l'efficientamento",,,,,agg2025,31/12/2024,E.5,1519,,,agg2025,142
J57I06000290001,concluso,Investimenti,Opere ultimate (Tabella C),"Tecnologie per la sicurezza, la circolazione e l'efficientamento",,,,,agg2025,31/12/2024,E.5,0317,,,agg2025,142
J57I08000020001,concluso,Investimenti,Opere ultimate (Tabella C),Manutenzione Straordinaria cicli fino al 2011,,,,,agg2025,31/12/2024,E.1,1571,,,agg2025,133
J57I08000170001,concluso,Investimenti,Opere ultimate (Tabella C),Evoluzione Tecnologica Sistemi Distribuiti,,,,,agg2021,31/12/2020,E.5,1569,,,agg2021,128
J57I08000200001,in corso,Investimenti,Appendice 2 (CUP dei programmi),Miglioramento sicurezza gallerie ferroviarie - Territorio Nazionale - ante 2011,,A1004A,Miglioramento sicurezza gallerie ferroviarie - Territorio Nazionale - ante 2011,,cdp2017,31/12/2016,A00,1587,,,app2-agg2025,2
J57I09000060007,in corso,Investimenti,Tabella A/B,Raddoppio Palermo-Messina tratta Fiumetorto- Castelbuono Raddoppio Fiumetorto-Ogliastrillo Raddoppio Ogliastrillo-Castelbuono,0336,,,,,,,,,,agg2025,54
J57I09000120001,concluso,Investimenti,Opere ultimate (Tabella C),Sviluppo realizz sistemi di diagnostic,,,,,cdp2017,31/12/2016,A02,1565,,,cdp2017,179
J57I10000070001,concluso,Investimenti,Opere ultimate (Tabella C),Completamento SCC Tirrenica,,,,,cdp2022,31/12/2021,E.5,0341,,,cdp2022,138
J57I10000210009,concluso,Investimenti,Opere ultimate (Tabella C),"Tecnologie per la sicurezza, la circolazione e l'efficientamento",,,,,agg2025,31/12/2024,E.5,1607,,,agg2025,142
J57I10000220001,concluso,Investimenti,Opere ultimate (Tabella C),Sicurezza ed Obblighi di Legge,,,,,agg2025,31/12/2024,E.1,1617,,,agg2025,136
J57I10000230001,in corso,Investimenti,Appendice 2 (CUP dei programmi),Piano Portali Multifunzionali,,A2004B,Piano Portali Multifunzionali,,,,,,,,app2-agg2025,7
J57I10000430001,in corso,Investimenti,Appendice 2 (CUP dei programmi),Rinnovo impianti di stazione,,A2001B,Rinnovo impianti di stazione,,,,,,,,app2-agg2025,6
J57I11000180001,in corso,Investimenti,Appendice 2 (CUP dei programmi),Adeguamento sicurezza gallerie tratta AV/AC Torino-Milano,,A1004A,Adeguamento sicurezza gallerie tratta AV/AC Torino-Milano,,,,,,,,app2-agg2025,2
J57I11000190001,concluso,Investimenti,Opere ultimate (Tabella C),"Tecnologie per la sicurezza, la circolazione e l'efficientamento",,,,,agg2025,31/12/2024,E.5,1627,,,agg2025,142
J57I11000200001,in corso,Investimenti,Appendice 2 (CUP dei programmi),Sistema di Supporto alla Condotta treno (SSC) e diagnostica - Piano per la sicurezza della circolazione Atto MIT,,A2004A,Sistema di Supporto alla Condotta treno (SSC) e diagnostica - Piano per la sicurezza della circolazione Atto MIT,,,,,,,,app2-agg2025,7
J57I11000210001,in corso,Investimenti,Appendice 2 (CUP dei programmi),Sistema di Controllo Marcia Treno (SCMT)-Piano per la sicurezza della circolazione Atto MIT,,A2004A,Sistema di Controllo Marcia Treno (SCMT)-Piano per la sicurezza della circolazione Atto MIT,,,,,,,,app2-agg2025,7
J57I11000220001,in corso,Investimenti,Appendice 2 (CUP dei programmi),Atto MIT,,A2004B,Atto MIT,,,,,,,,app2-agg2025,7
J57I11000570001,concluso,Investimenti,Opere ultimate (Tabella C),Sviluppo tecnologico del Nodo di Milano su Milano C.Le-Malpensa,,,,,cdp2017,31/12/2016,A02,1528,,,cdp2017,179
J57I12000000001,concluso,Investimenti,Opere ultimate (Tabella C),Aumento Produttività M.E.RM - 2012,,,,,agg2021,31/12/2020,E.1,0613,,,agg2021,126
J57I12000060001,concluso,Investimenti,Opere ultimate (Tabella C),"Tecnologie per la sicurezza, la circolazione e l'efficientamento",,,,,agg2025,31/12/2024,E.5,1658,,,agg2025,142
J57I12000070001,concluso,Investimenti,Opere ultimate (Tabella C),Manut.Straord.Opere Dif.Infr.M.E.RM - 2012,,,,,agg2023,31/12/2022,E.1,0515,,,agg2023,37
J57I12000080001,concluso,Investimenti,Opere ultimate (Tabella C),Miglioramenti infrastrutturali su linee - 2012,,,,,agg2023,31/12/2022,E.1,1493,,,agg2023,37
J57I12000090001,concluso,Investimenti,Opere ultimate (Tabella C),Obblighi di Legge su linee AV/AC - Roma,,,,,cdp2017,31/12/2016,A00,1574,,,cdp2017,178
J57I12000100001,concluso,Investimenti,Opere ultimate (Tabella C),Manutenzione Straordinaria cicli fino al 2011,,,,,agg2025,31/12/2024,E.1,1287,,,agg2025,133
J57I12000110001,concluso,Investimenti,Opere ultimate (Tabella C),Obblighi legge - RM - 2012,,,,,agg2023,31/12/2022,E.1,0533,,,agg2023,37
J57I12000120001,concluso,Investimenti,Opere ultimate (Tabella C),Manutenzione Straordinaria cicli fino al 2011,,,,,agg2025,31/12/2024,E.1,0575,,,agg2025,133
J57I12000130001,concluso,Investimenti,Opere ultimate (Tabella C),Manutenzione Straordinaria cicli fino al 2011,,,,,agg2025,31/12/2024,E.1,0723,,,agg2025,133
J57I12000140001,in corso,Investimenti,Appendice 2 (CUP dei programmi),Miglioramento sicurezza gallerie ferroviarie - Territorio Nazionale - 2012,,A1004A,Miglioramento sicurezza gallerie ferroviarie - Territorio Nazionale - 2012,,,,,,,,app2-agg2025,2
J57I12000240001,concluso,Investimenti,Opere ultimate (Tabella C),Separation of Duties (Sod),,,,,agg2021,31/12/2020,E.5,1678,,,agg2021,128
J57I12000250001,in corso,Investimenti,Appendice 2 (CUP dei programmi),Sistema geologia,,A2010,Sistema geologia,,,,,,,,app2-agg2025,7
J57I12000260001,concluso,Investimenti,Opere ultimate (Tabella C),"Tecnologie per la sicurezza, la circolazione e l'efficientamento",,,,,agg2025,31/12/2024,E.5,1641,,,agg2025,142
J57I12000280001,concluso,Investimenti,Opere ultimate (Tabella C),"Tecnologie per la sicurezza, la circolazione e l'efficientamento",,,,,agg2025,31/12/2024,E.5,1676,,,agg2025,142
J57I12000290001,concluso,Investimenti,Opere ultimate (Tabella C),Manutenzione Straordinaria cicli fino al 2011,,,,,agg2025,31/12/2024,E.1,0559,,,agg2025,133
J57I12000690001,in corso,Investimenti,Appendice 2 (CUP dei programmi),Verifiche sismiche su opere d'arte,,A1013B,Verifiche sismiche su opere d'arte,,,,,,,,app2-agg2025,5
J57I12000710001,concluso,Investimenti,Opere ultimate (Tabella C),Man.Str.Op.Dif.Infr.SettoreArm.eOp.Civ. - 2012,,,,,agg2024,31/12/2023,E.1,0517,,,agg2024,113
J57I12000720001,in corso,Investimenti,Appendice 2 (CUP dei programmi),Upgrade impianti di security - 2013,,A2009,Upgrade impianti di security - 2013,,,,,,,,app2-agg2025,7
J57I13000020001,concluso,Investimenti,Opere ultimate (Tabella C),Manutenzione Straordinaria cicli fino al 2011,,,,,agg2025,31/12/2024,E.1,0613,,,agg2025,133
J57I13000050001,concluso,Investimenti,Opere ultimate (Tabella C),Acquisto a rimpiazzo di materiale d'inve - 2013,,,,,agg2021,31/12/2020,E.1,1141,,,agg2021,126
J57I13000060001,concluso,Investimenti,Opere ultimate (Tabella C),Manutenzione Straordinaria cicli fino al 2011,,,,,agg2025,31/12/2024,E.1,1329,,,agg2025,133
J57I13000310001,concluso,Investimenti,Opere ultimate (Tabella C),Implem. sistemi IT area movimento e,,,,,cdp2017,31/12/2016,A02,1658,,,cdp2017,179
J57I17000060001,in corso,Investimenti,Appendice 2 (CUP dei programmi),DOIT RM – upgrading linee viaggiatori,,P224,DOIT RM – upgrading linee viaggiatori,,,,,,,,app2-agg2025,14
J57I18000050001,concluso,Investimenti,Opere ultimate (Tabella C),"Tecnologie per la sicurezza, la circolazione e l'efficientamento",,,,,agg2025,31/12/2024,E.5,1828,,,agg2025,142
J57J18000030001,in corso,Investimenti,Appendice 2 (CUP dei programmi),DOIT RM – upgrading linee merci,,P200,DOIT RM – upgrading linee merci,,,,,,,,app2-agg2025,10
J57J18000060001,concluso,Investimenti,Opere ultimate (Tabella C),Sviluppo infrastrutturale e upgrading,,,,,agg2025,31/12/2024,E.2,3093,,,agg2025,138
J57J18000090001,concluso,Investimenti,Opere ultimate (Tabella C),Sicurezza ed Obblighi di Legge,,,,,agg2025,31/12/2024,E.1,1986,,,agg2025,136
J57J19000010001,concluso,Investimenti,Opere ultimate (Tabella C),"Tecnologie per la sicurezza, la circolazione e l'efficientamento",,,,,agg2025,31/12/2024,E.5,1828,,,agg2025,142
J57J19000020001,concluso,Investimenti,Opere ultimate (Tabella C),Sicurezza ed Obblighi di Legge,,,,,agg2025,31/12/2024,E.1,1905,,,agg2025,136
J57J19000030001,in corso,Investimenti,Appendice 2 (CUP dei programmi),Riqualificazione aree esterne in asset,,P055_A,Riqualificazione aree esterne in asset,,,,,,,,app2-agg2025,9
J58E22000260001,in corso,Investimenti,Appendice 2 (CUP dei programmi),Impianti fotovoltaici per l'energia,,A2012,Impianti fotovoltaici per l'energia,,,,,,,,app2-agg2025,9
J59B07000140001,concluso,Investimenti,Opere ultimate (Tabella C),"Tecnologie per la sicurezza, la circolazione e l'efficientamento",,,,,agg2025,31/12/2024,E.5,1541,,,agg2025,142
J59B08000180001,concluso,Investimenti,Opere ultimate (Tabella C),"Tecnologie per la sicurezza, la circolazione e l'efficientamento",,,,,agg2025,31/12/2024,E.5,1551,,,agg2025,142
J59B08000190001,concluso,Investimenti,Opere ultimate (Tabella C),"Tecnologie per la sicurezza, la circolazione e l'efficientamento",,,,,agg2025,31/12/2024,E.5,1552,,,agg2025,142
J59B08000200001,concluso,Investimenti,Opere ultimate (Tabella C),"Tecnologie per la sicurezza, la circolazione e l'efficientamento",,,,,agg2025,31/12/2024,E.5,1566,,,agg2025,142
J59B08000210001,concluso,Investimenti,Opere ultimate (Tabella C),"Sist. Ricerca, Svil e Contr Circol C.E.",,,,,agg2024,31/12/2023,E.5,1567,,,agg2024,113
J59B08000220001,concluso,Investimenti,Opere ultimate (Tabella C),"Tecnologie per la sicurezza, la circolazione e l'efficientamento",,,,,agg2025,31/12/2024,E.5,1588,,,agg2025,142
J59B09000060001,concluso,Investimenti,Opere ultimate (Tabella C),Sistemi per i processi di supporto - ante 2011,,,,,agg2021,31/12/2020,E.5,1592,,,agg2021,128
J59B09000070001,concluso,Investimenti,Opere ultimate (Tabella C),Standardizzazione Servizi IaP e Sistemi di campo,,,,,agg2021,31/12/2020,E.5,1593,,,agg2021,128
J59B09000080001,in corso,Investimenti,Appendice 2 (CUP dei programmi),Sistema Rilevazione Presenze e Controllo accessi,,A2010,Sistema Rilevazione Presenze e Controllo accessi,,,,,,,,app2-agg2025,7
J59B11000150001,concluso,Investimenti,Opere ultimate (Tabella C),"Tecnologie per la sicurezza, la circolazione e l'efficientamento",,,,,agg2025,31/12/2024,E.5,1636,,,agg2025,142
J59B11000160001,concluso,Investimenti,Opere ultimate (Tabella C),"Tecnologie per la sicurezza, la circolazione e l'efficientamento",,,,,agg2025,31/12/2024,E.5,1633,,,agg2025,142
J59B12000020001,in corso,Investimenti,Appendice 2 (CUP dei programmi),Velocizzazione Bari - Lecce,,P223,Velocizzazione Bari - Lecce,P072,,,,,,,app2-agg2025,14
J59B12000040001,concluso,Investimenti,Opere ultimate (Tabella C),"Tecnologie per la sicurezza, la circolazione e l'efficientamento",,,,,agg2025,31/12/2024,E.5,1682,,,agg2025,142
J59B12000050001,concluso,Investimenti,Opere ultimate (Tabella C),"Tecnologie per la sicurezza, la circolazione e l'efficientamento",,,,,agg2025,31/12/2024,E.5,1683,,,agg2025,142
J59B13000030001,concluso,Investimenti,Opere ultimate (Tabella C),"Tecnologie per la sicurezza, la circolazione e l'efficientamento",,,,,agg2025,31/12/2024,E.5,1592,,,agg2025,142
J59B13000040001,concluso,Investimenti,Opere ultimate (Tabella C),"Tecnologie per la sicurezza, la circolazione e l'efficientamento",,,,,agg2025,31/12/2024,E.5,1692,,,agg2025,142
J59B13000050001,concluso,Investimenti,Opere ultimate (Tabella C),"Tecnologie per la sicurezza, la circolazione e l'efficientamento",,,,,agg2025,31/12/2024,E.5,1694,,,agg2025,142
J59F09000000001,concluso,Investimenti,Opere ultimate (Tabella C),Attività di accatastamento per obblighi di legge,,,,,agg2021,31/12/2020,E.2,1549,,,agg2021,128
J59F22000120001,in corso,Investimenti,Appendice 2 (CUP dei programmi),Estensione verifiche sismiche,,A1013B,Estensione verifiche sismiche,,,,,,,,app2-agg2025,5
J59G00000000011,concluso,Investimenti,Opere ultimate (Tabella C),Manutenzione Straordinaria cicli fino al 2011,,,,,agg2025,31/12/2024,E.1,2004,,,agg2025,133
J59G00000000031,concluso,Investimenti,Opere ultimate (Tabella C),Interventi di potenziamento e razionalizzazione scali merci - Palermo,,,,,agg2023,31/12/2022,E.1,2005,,,agg2023,37
J59G00000000041,concluso,Investimenti,Opere ultimate (Tabella C),Manutenzione Straordinaria cicli fino al 2011,,,,,agg2025,31/12/2024,E.1,2991,,,agg2025,133
J59G00000000051,concluso,Investimenti,Opere ultimate (Tabella C),Impianti industriali e terminali viaggiatori e merci,,,,,agg2025,31/12/2024,E.3,2995,,,agg2025,140
J59G00000000061,concluso,Investimenti,Opere ultimate (Tabella C),Impianti industriali e terminali viaggiatori e merci,,,,,agg2025,31/12/2024,E.3,2002,,,agg2025,140
J59G00000000111,concluso,Investimenti,Opere ultimate (Tabella C),Manutenzione Straordinaria cicli fino al 2011,,,,,agg2025,31/12/2024,E.1,2000,,,agg2025,133
J61B21003450001,in corso,Investimenti,Tabella A/B,Intermodalità e accessibilità Trapani Birgi Intermodalità e accessibilità aeroporto Trapani Birgi,P250,,,,,,,,,,agg2025,58
J61C10000020008,concluso,Investimenti,Opere ultimate (Tabella C),Studi di fattibilità e progettazioni,,,,,agg2025,31/12/2024,E.4,0338,,,agg2025,140
J61G22000030001,in corso,Investimenti,Appendice 2 (CUP dei programmi),Soppressione PL nel Comune di Mantova,,P198,Soppressione PL nel Comune di Mantova,,,,,,,,app2-agg2025,10
J61G24000030001,in corso,Investimenti,Tabella A/B,Opere di collegamento al Ponte sullo stretto di Messina - sponda calabra e siciliana Opere di collegamento al Ponte sullo stretto di Messina - sponda PROG PROG calabra Opere di collegamento al Ponte sullo stretto di Messina - sponda PROG PROG sicialiana,P270,,,,,,,,,,agg2025,73
J61H00000210001,concluso,Investimenti,Opere ultimate (Tabella C),Sviluppo infrastrutturale e upgrading,,,,,agg2025,31/12/2024,E.2,0207,,,agg2025,138
J61H00000220008,concluso,Investimenti,Opere ultimate (Tabella C),"Tecnologie per la sicurezza, la circolazione e l'efficientamento",,,,,agg2025,31/12/2024,E.5,0033,,,agg2025,142
J61H00000240001,concluso,Investimenti,Opere ultimate (Tabella C),COSTRUZ. IDP NAPOLI SMISTAMENTO,,,,,cdp2017,31/12/2016,A03/04,0430,,,cdp2017,180
J61H01000190001,concluso,Investimenti,Opere ultimate (Tabella C),Manutenzione Straordinaria cicli fino al 2011,,,,,agg2025,31/12/2024,E.1,1145,,,agg2025,133
J61H02000090008,in corso,Investimenti,Tabella A/B,Raddoppio Orte-Falconara: tratta Spoleto-Terni Raddoppio Spoleto-Terni PROG ITER,0226,,,,,,,,,,agg2025,77
J61H02000100008,in corso,Investimenti,Tabella A/B,"AV-AC Salerno - Reggio Calabria completamento AV Salerno-Reggio Calabria: Lotti di completamento (Collegamento linea a monte del Vesuvio - Battipaglia e tratte Paola - Lamezia, Lamezia - Gioia Tauro, Gioia Tauro - Villa S.Giovanni / Reggio Calabria) e progettazioni pregresse",I107B,,,0274,,,,,,,agg2025,79
J61H02000110001,concluso,Investimenti,Opere ultimate (Tabella C),Studi di fattibilità e progettazioni,,,,,agg2025,31/12/2024,E.4,1293,,,agg2025,140
J61H03000030001,in corso,Investimenti,Tabella A/B,Potenziamento infrastrutturale Orte-Falconara,0119,,,,,,,,,,agg2025,59
J61H03000080001,concluso,Investimenti,Opere ultimate (Tabella C),Studi di fattibilità e progettazioni,,,,,agg2025,31/12/2024,E.4,1355,,,agg2025,140
J61H03000100001,in corso,Investimenti,Tabella A/B,Adeguamento tecnologico e infrastrutturale linea Battipaglia-Reggio Calabria,0263,,,,,,,,,,agg2025,60
J61H03000110001,in corso,Investimenti,Tabella A/B,"Potenziamento Venezia-Trieste completamento Varianti Portugruaro, Latisana e Isonzo PROG ITER Variante Ronchi-Aurisina",0365B,,,0262,,,,,,,agg2025,79
J61H03000190001,in corso,Investimenti,Tabella A/B,"AV-AC Salerno - Reggio Calabria completamento AV Salerno-Reggio Calabria: Lotti di completamento (Collegamento linea a monte del Vesuvio - Battipaglia e tratte Paola - Lamezia, Lamezia - Gioia Tauro, Gioia Tauro - Villa S.Giovanni / Reggio Calabria) e progettazioni pregresse",I107B,,,0282,,,,,,,agg2025,79
J61H04000180001,concluso,Investimenti,Opere ultimate (Tabella C),Impianti industriali e terminali viaggiatori e merci,,,,,agg2025,31/12/2024,E.3,1405,,,agg2025,140
J61H04000210001,concluso,Investimenti,Opere ultimate (Tabella C),Studi di fattibilità e progettazioni,,,,,agg2025,31/12/2024,E.4,1411,,,agg2025,140
J61H92000000008,concluso,Investimenti,Opere ultimate (Tabella C),Sviluppo infrastrutturale e upgrading,,,,0081,agg2025,31/12/2024,E.2,0081,,,agg2025,138
J61H94000000001,in corso,Investimenti,Tabella A/B,Nuova linea a monte del Vesuvio Nuova linea a monte del Vesuvio (tratta bivio Casoria - bivio Sarno),0013A|0013B,,,,,,,,,,agg2025,59
J61H94000000011,in corso,Investimenti,Tabella A/B,Itinerario Napoli-Bari: Interventi su linea Cancello-Napoli per integrazione con linea AV/AC Variante Napoli-Cancello,0284,,,,,,,,,,agg2025,61
J61H97000000001,concluso,Investimenti,Opere ultimate (Tabella C),Sviluppo infrastrutturale e upgrading,,,,,agg2025,31/12/2024,E.2,0032,,,agg2025,138
J61H98000000001,concluso,Investimenti,Opere ultimate (Tabella C),Potenziamento Infrastrutturale Trieste/Cervignano - Udine e scalo Cervignano,,,,,cdp2017,11/12/2006,A03/04,0079,,,cdp2017,180
J61H99000010001,concluso,Investimenti,Opere ultimate (Tabella C),RIPETIZIONE DISCONTINUA NODO DI NAPOLI,,,,,cdp2017,31/12/2016,A02,0076,,,cdp2017,179
J61J20000180008,in corso,Investimenti,Appendice 2 (CUP dei programmi),Nuova fermata Acireale - Bellavista,,P201,Nuova fermata Acireale - Bellavista,,,,,,,,app2-agg2025,10
J62C21002550008,in corso,Investimenti,Appendice 2 (CUP dei programmi),Potenziamento accessibilità stazioni cratere sisma - Regione Marche,,P055_A,Potenziamento accessibilità stazioni cratere sisma - Regione Marche,,,,,,,,app2-agg2025,9
J62C21002560008,in corso,Investimenti,Appendice 2 (CUP dei programmi),Potenziamento accessibilità stazioni cratere sisma - Regione Umbria,,P055_A,Potenziamento accessibilità stazioni cratere sisma - Regione Umbria,,,,,,,,app2-agg2025,9
J62J19000160001,in corso,Investimenti,Appendice 2 (CUP dei programmi),Miglioramento sismico - DOIT Palermo,,A1013B,Miglioramento sismico - DOIT Palermo,,,,,,,,app2-agg2025,5
J62J19000170001,in corso,Investimenti,Appendice 2 (CUP dei programmi),Miglioramento sismico - DOIT Torino,,A1013B,Miglioramento sismico - DOIT Torino,,,,,,,,app2-agg2025,5
J64C19000280001,in corso,Investimenti,Appendice 2 (CUP dei programmi),Elettrificazione Biella - Santhià,,P198,Elettrificazione Biella - Santhià,,,,,,,,app2-agg2025,10
J64C19000290009,in corso,Investimenti,Appendice 2 (CUP dei programmi),Upgrade tecnologico Verona - Brennero,,P224,Upgrade tecnologico Verona - Brennero,,,,,,,,app2-agg2025,14
J64C19000300001,in corso,Investimenti,Tabella A/B,Nodo complesso di Pompei Nodo complesso di Pompei,P211,,,,,,,,,,agg2025,52
J64C20000020006,in corso,Investimenti,Appendice 2 (CUP dei programmi),Potenziamento Interporto Verona Quadrante Europa,,P060,Potenziamento Interporto Verona Quadrante Europa,,,,,,,,app2-agg2025,12
J64C20002300001,in corso,Investimenti,Appendice 2 (CUP dei programmi),Interventi di upgrade tecnologico e prestazionale - DOIT Torino,,P194,Interventi di upgrade tecnologico e prestazionale - DOIT Torino,,,,,,,,app2-agg2025,12
J64C20002310001,in corso,Investimenti,Tabella A/B,"Elettrificazione della tratta Cinisi-Alcamo Dir- Trapani della linea Palermo - Trapani "" via Milo"" Elettrificazione Cinisi-Alcamo Dir- Trapani",P236,,,,,,,,,,agg2025,52
J64E21000110008,in corso,Investimenti,Tabella A/B,Velocizzazione tratte Orte-Falconara Tecnologie per la velocizzazione tratte prioritarie Orte-Falconara,P239,,,,,,,,,,agg2025,63
J64E21000640001,concluso,Investimenti,Opere ultimate (Tabella C),Sicurezza ed Obblighi di Legge,,,,,agg2025,31/12/2024,E.1,1338,,,agg2025,136
J64E21001610001,in corso,Investimenti,Appendice 2 (CUP dei programmi),Programma nazionale ERTMS-Linee Genova-Torino,,A2011,Programma nazionale ERTMS-Linee Genova-Torino,,,,,,,,app2-agg2025,8
J64E21001620001,in corso,Investimenti,Appendice 2 (CUP dei programmi),ERTMS – Linee Sicilia Palermo-Catania,,A2011,ERTMS – Linee Sicilia Palermo-Catania,,,,,,,,app2-agg2025,8
J64E21002290008,in corso,Investimenti,Appendice 2 (CUP dei programmi),"Riqualificazione funzionale, miglioramento accessibilità e intermodalità stazioni del sud",,P055_A,"Riqualificazione funzionale, miglioramento accessibilità e intermodalità stazioni del sud",,,,,,,,app2-agg2025,9
J64E22000010001,in corso,Investimenti,Tabella A/B,Potenziamento Palermo - Agrigento - Porto Empedocle bassa Potenziamento Palermo - Agrigento - Porto Empedocle bassa,P247,,,,,,,,,,agg2025,66
J64F05000030001,concluso,Investimenti,Opere ultimate (Tabella C),Potenziamento Taranto-Metaponto,,,,0310,agg2024,31/12/2023,E.4,0310,,,agg2024,113
J64G18000130009,in corso,Investimenti,Tabella A/B,Quadruplicamento Tortona-Voghera opere prioritarie PRG e ACC Tortona,0286A,,,,,,,,,,agg2025,61
J64G18000140001,in corso,Investimenti,Tabella A/B,Ripristino linea Caltagirone - Gela Ripristino linea Caltagirone - Gela,P232,,,,,,,,,,agg2025,66
J64G18000150001,in corso,Investimenti,Appendice 2 (CUP dei programmi),Attrezzaggi tecnologici DOIT Trieste - 2018,,A2001B,Attrezzaggi tecnologici DOIT Trieste - 2018,,,,,,,,app2-agg2025,6
J64G18000200001,in corso,Investimenti,Appendice 2 (CUP dei programmi),Adeguamento a STI opere civili - DOIT Palermo,,A1004F,Adeguamento a STI opere civili - DOIT Palermo,,,,,,,,app2-agg2025,3
J64G18000210001,in corso,Investimenti,Appendice 2 (CUP dei programmi),Adeguamento a STI opere civili - DOIT Torino,,A1004F,Adeguamento a STI opere civili - DOIT Torino,,,,,,,,app2-agg2025,3
J64H14000450001,in corso,Investimenti,Appendice 2 (CUP dei programmi),Upgrading linea Adriatica - impianti di sicurezza e segnalamento Pescara-Lecce,,P223,Upgrading linea Adriatica - impianti di sicurezza e segnalamento Pescara-Lecce,I071,,,,,,,app2-agg2025,14
J64H14000670001,concluso,Investimenti,Opere ultimate (Tabella C),Sicurezza ed Obblighi di Legge,,,,,agg2025,31/12/2024,E.1,1338,,,agg2025,136
J64H15000810001,concluso,Investimenti,Opere ultimate (Tabella C),"Tecnologie per la sicurezza, la circolazione e l'efficientamento",,,,,agg2025,31/12/2024,E.5,1337,,,agg2025,142
J64H16000000001,concluso,Investimenti,Opere ultimate (Tabella C),Upgrading linea Adriatica - impianti di sicurezza e segnalamento Bologna-Rimini,,,,I071,agg2023,31/12/2022,E.2,1890,,,agg2023,38
J64H16000160001,in corso,Investimenti,Appendice 2 (CUP dei programmi),Mitigazione effetti venti trasversali,,A2004F,Mitigazione effetti venti trasversali,,,,,,,,app2-agg2025,5
J64H17000130001,in corso,Investimenti,Appendice 2 (CUP dei programmi),Potenziamento tecnologico linea Bologna- Piacenza  1 fase,,P224,Potenziamento tecnologico linea Bologna- Piacenza  1 fase,,,,,,,,app2-agg2025,14
J64H17000140001,in corso,Investimenti,Tabella A/B,"Potenziamento linea Ponte S.Pietro-Bergamo-Montello Raddoppio Bergamo-Curno, ACC Bergamo, PRG e ACC Ponte S.Pietro Raddoppio Bergamo-Montello ITER PRG Bergamo",0366A,,,0366B,,,,,,,agg2025,65
J64H17000220001,in corso,Investimenti,Appendice 2 (CUP dei programmi),Completamento tecnologico della direttrice Torino-Padova,,P222,Completamento tecnologico della direttrice Torino-Padova,,,,,,,,app2-agg2025,13
J64H17000230001,in corso,Investimenti,Tabella A/B,Velocizzazione direttrice Salerno-Taranto Velocizzazione impianti linea Battipaglia-Potenza,P126,,,,,,,,,,agg2025,63
J64J17000010001,in corso,Investimenti,Appendice 2 (CUP dei programmi),Upgrading tecnologico ed infrastrutturale Palermo C.le,,P135,Upgrading tecnologico ed infrastrutturale Palermo C.le,,,,,,,,app2-agg2025,12
J64J22000340009,in corso,Investimenti,Tabella A/B,"Porto di Ravenna Porto di Ravenna 1^ fase: Soppressione P.L. via Canale Molinetto, ITER adeguamento cavalcavia Teodorico, prolungamento del sottopassaggio pedonale di stazione e adeguamento collegamento esistente dorsale sinistra Candiano Porto di Ravenna 2^ fase: Potenziamento collegamenti esistenti ITER dorsali sinistra e destra Candiano",P142,,,,,,,,,,agg2025,69
J64J24000050001,in corso,Investimenti,Appendice 2 (CUP dei programmi),Sottosistema strutturale energetico - DOIT Palermo,,A2001B,Sottosistema strutturale energetico - DOIT Palermo,,,,,,,,app2-agg2025,6
J64J24000060001,in corso,Investimenti,Appendice 2 (CUP dei programmi),Sottosistema strutturale energetico - DOIT Torino,,A2001B,Sottosistema strutturale energetico - DOIT Torino,,,,,,,,app2-agg2025,6
J64J24000610001,in corso,Investimenti,Tabella A/B,Velocizzazione e potenziamento linea ferroviaria Adriatica 2^ fase Velocizzazione CastelBolognese-Rimini,P262B,,,,,,,,,,agg2025,80
J64J25000080001,in corso,Investimenti,Appendice 2 (CUP dei programmi),nuovo accesso del piano del ferro,,P055_A,nuovo accesso del piano del ferro,,,,,,,,app2-agg2025,9
J66E19000030009,in corso,Investimenti,Appendice 2 (CUP dei programmi),Technical Academy,,A2001B,Technical Academy,,,,,,,,app2-agg2025,6
J66J17000390001,in corso,Investimenti,Appendice 2 (CUP dei programmi),Interventi diffusi di potenziamento tecnologico (DOIT Palermo),,P201,Interventi diffusi di potenziamento tecnologico (DOIT Palermo),,,,,,,,app2-agg2025,11
J66J17000400001,in corso,Investimenti,Appendice 2 (CUP dei programmi),Interventi diffusi di potenziamento tecnologico (DOIT Torino),,P198,Interventi diffusi di potenziamento tecnologico (DOIT Torino),,,,,,,,app2-agg2025,10
J67B14000120005,in corso,Investimenti,Appendice 2 (CUP dei programmi),Liberazione Immobili – DOIT TO - 2014,,P198,Liberazione Immobili – DOIT TO - 2014,,,,,,,,app2-agg2025,10
J67B14000300001,concluso,Investimenti,Opere ultimate (Tabella C),"Tecnologie per la sicurezza, la circolazione e l'efficientamento",,,,,agg2025,31/12/2024,E.5,1819,,,agg2025,142
J67B14000310001,concluso,Investimenti,Opere ultimate (Tabella C),"Tecnologie per la sicurezza, la circolazione e l'efficientamento",,,,,agg2025,31/12/2024,E.5,1832,,,agg2025,142
J67B14000320001,concluso,Investimenti,Opere ultimate (Tabella C),Sviluppo infrastrutturale e upgrading,,,,P214,agg2025,31/12/2024,E.2,1869,,,agg2025,138
J67B16000120001,concluso,Investimenti,Opere ultimate (Tabella C),Sicurezza ed Obblighi di Legge,,,,,agg2025,31/12/2024,E.1,1903,,,agg2025,136
J67B16000130001,in corso,Investimenti,Appendice 2 (CUP dei programmi),Piano sicurezza armamento DOIT Torino - 2016,,A1004E,Piano sicurezza armamento DOIT Torino - 2016,,,,,,,,app2-agg2025,3
J67B16000140001,concluso,Investimenti,Opere ultimate (Tabella C),"Tecnologie per la sicurezza, la circolazione e l'efficientamento",,,,,agg2025,31/12/2024,E.5,1819,,,agg2025,142
J67B16000150001,concluso,Investimenti,Opere ultimate (Tabella C),"Tecnologie per la sicurezza, la circolazione e l'efficientamento",,,,,agg2025,31/12/2024,E.5,1832,,,agg2025,142
J67B16000260001,concluso,Investimenti,Opere ultimate (Tabella C),Liberazione immobili - DOIT PA - 2016,,,,,agg2024,31/12/2023,E.2,1922,,,agg2024,113
J67B16000270001,concluso,Investimenti,Opere ultimate (Tabella C),Sviluppo infrastrutturale e upgrading,,,,,agg2025,31/12/2024,E.2,1843,,,agg2025,138
J67B16000370001,concluso,Investimenti,Opere ultimate (Tabella C),Manutenzione Straordinaria cicli fino al 2011,,,,,agg2025,31/12/2024,E.1,0632,,,agg2025,133
J67B17000110001,concluso,Investimenti,Opere ultimate (Tabella C),"Tecnologie per la sicurezza, la circolazione e l'efficientamento",,,,,agg2025,31/12/2024,E.5,1819,,,agg2025,142
J67B17000120001,concluso,Investimenti,Opere ultimate (Tabella C),"Tecnologie per la sicurezza, la circolazione e l'efficientamento",,,,,agg2025,31/12/2024,E.5,1832,,,agg2025,142
J67B17000130001,concluso,Investimenti,Opere ultimate (Tabella C),Sicurezza ed Obblighi di Legge,,,,,agg2025,31/12/2024,E.1,1903,,,agg2025,136
J67B17000140001,concluso,Investimenti,Opere ultimate (Tabella C),Sicurezza ed Obblighi di Legge,,,,,agg2025,31/12/2024,E.1,1906,,,agg2025,136
J67B17000620001,in corso,Investimenti,Appendice 2 (CUP dei programmi),Miglioramento sicurezza gallerie ferroviarie - DOIT Torino - 2017,,A1004A,Miglioramento sicurezza gallerie ferroviarie - DOIT Torino - 2017,,,,,,,,app2-agg2025,2
J67D17000000001,concluso,Investimenti,Opere ultimate (Tabella C),Sicurezza ed Obblighi di Legge,,,,,agg2025,31/12/2024,E.1,1987,,,agg2025,136
J67D17000010001,concluso,Investimenti,Opere ultimate (Tabella C),Sviluppo infrastrutturale e upgrading,,,,,agg2025,31/12/2024,E.2,1869,,,agg2025,138
J67D17000020001,in corso,Investimenti,Appendice 2 (CUP dei programmi),Binari senza tempo - DOIT Torino (Ripristino Asti-Castagnole e Ceva-Ormea),,P214,Binari senza tempo - DOIT Torino (Ripristino Asti-Castagnole e Ceva-Ormea),,,,,,,,app2-agg2025,9
J67D18000000001,concluso,Investimenti,Opere ultimate (Tabella C),Sicurezza ed Obblighi di Legge,,,,,agg2025,31/12/2024,E.1,1903,,,agg2025,136
J67D18000010001,in corso,Investimenti,Appendice 2 (CUP dei programmi),Piano sicurezza armamento DOIT Torino - 2018,,A1004E,Piano sicurezza armamento DOIT Torino - 2018,,,,,,,,app2-agg2025,3
J67D22000010001,in corso,Investimenti,Appendice 2 (CUP dei programmi),Piano difesa della sede da fenomeni di dissesto idrogeologico - DOIT Palermo - 2022,,A1013A,Piano difesa della sede da fenomeni di dissesto idrogeologico - DOIT Palermo - 2022,,,,,,,,app2-agg2025,4
J67D22000030001,in corso,Investimenti,Appendice 2 (CUP dei programmi),Piano difesa della sede da fenomeni di dissesto idrogeologico - DOIT Torino - 2022,,A1013A,Piano difesa della sede da fenomeni di dissesto idrogeologico - DOIT Torino - 2022,,,,,,,,app2-agg2025,3
J67D22000110001,in corso,Investimenti,Appendice 2 (CUP dei programmi),Smaltimento materiali inquinanti (DOIT Torino) - annualità 2022,,A1004D,Smaltimento materiali inquinanti (DOIT Torino) - annualità 2022,,,,,,,,app2-agg2025,3
J67D22000150001,servizi,Servizi,"Servizi, Allegato 12",Piano resilienza linee e impianti Sud ambito regione Sicilia,,,,,,,,,Allegato 12,55.68,srv2026,21
J67D22000160001,servizi,Servizi,"Servizi, Allegato 4c",CdP-S Infratruttura Fisica DOIT Torino - anno 2023,,,,,,,,,Allegato 4c,1.33,srv2026,17
J67D22000170001,servizi,Servizi,"Servizi, Allegato 12",Piano resilienza linee e impianti Sud ambito regione Sicilia,,,,,,,,,Allegato 12,16.82,srv2026,21
J67D22000210001,in corso,Investimenti,Appendice 2 (CUP dei programmi),Miglioramento sicurezza gallerie ferroviarie - DOIT Torino - 2023,,A1004A,Miglioramento sicurezza gallerie ferroviarie - DOIT Torino - 2023,,,,,,,,app2-agg2025,2
J67D22000240001,in corso,Investimenti,Appendice 2 (CUP dei programmi),Tecnologie per la sicurezza settore IS - DOIT Palermo,,A2004A,Tecnologie per la sicurezza settore IS - DOIT Palermo,,,,,,,,app2-agg2025,7
J67D23000090001,servizi,Servizi,"Servizi, Allegato 4c",CdP-S Infrastruttura Fisica DOIT Torino - anno 2024,,,,,,,,,Allegato 4c,0.25,srv2026,17
J67D23000180001,servizi,Servizi,"Servizi, Allegato 4c",Intervento di rinnovo armamento Bicocca-Siracusa,,,,,,,,,Allegato 4c,110.0,srv2026,17
J67D24000010001,in corso,Investimenti,Appendice 2 (CUP dei programmi),TO - Mitigazione rischio idrogeologico,,A1013A,TO - Mitigazione rischio idrogeologico,,,,,,,,app2-agg2025,3
J67D24000020001,in corso,Investimenti,Appendice 2 (CUP dei programmi),PA - Mitigazione rischio idrogeologico,,A1013A,PA - Mitigazione rischio idrogeologico,,,,,,,,app2-agg2025,4
J67D24000030001,in corso,Investimenti,Appendice 2 (CUP dei programmi),Upgrading posti Centrali linea Adriatica,,A2001B,Upgrading posti Centrali linea Adriatica,,,,,,,,app2-agg2025,6
J67D24000100005,in corso,Investimenti,Appendice 2 (CUP dei programmi),Upgrading Terminali Merci - Torino,,P060,Upgrading Terminali Merci - Torino,,,,,,,,app2-agg2025,12
J67D25000000001,in corso,Investimenti,Appendice 2 (CUP dei programmi),Mitigazione rischio idrogeologico UT SE,,A1013A,Mitigazione rischio idrogeologico UT SE,,,,,,,,app2-agg2025,5
J67F19000040001,concluso,Investimenti,Opere ultimate (Tabella C),Sviluppo infrastrutturale e upgrading,,,,,agg2025,31/12/2024,E.2,1869,,,agg2025,138
J67F19000050001,in corso,Investimenti,Appendice 2 (CUP dei programmi),Miglioramento sicurezza gallerie ferroviarie - DOIT Torino - 2019,,A1004A,Miglioramento sicurezza gallerie ferroviarie - DOIT Torino - 2019,,,,,,,,app2-agg2025,2
J67F19000060001,concluso,Investimenti,Opere ultimate (Tabella C),Sicurezza ed Obblighi di Legge,,,,,agg2025,31/12/2024,E.1,3170,,,agg2025,136
J67F19000070001,in corso,Investimenti,Appendice 2 (CUP dei programmi),Piano conservazione opere d'arte DOIT Torino- 2019,,A1014,Piano conservazione opere d'arte DOIT Torino- 2019,,,,,,,,app2-agg2025,5
J67F19000090001,in corso,Investimenti,Appendice 2 (CUP dei programmi),Upgrading infrastrutturale e tecnologico DOIT Torino - 2019,,P080,Upgrading infrastrutturale e tecnologico DOIT Torino - 2019,,,,,,,,app2-agg2025,11
J67F19000270001,servizi,Servizi,"Servizi, Allegato 4c",Manutenzione Straordinaria Linee Torino - 2020,,,,,,,,,Allegato 4c,0.01,srv2026,17
J67F19000350001,in corso,Investimenti,Appendice 2 (CUP dei programmi),Upgrading porti e terminali - DOIT TO - 2019,,P060,Upgrading porti e terminali - DOIT TO - 2019,,,,,,,,app2-agg2025,12
J67F19000440001,concluso,Investimenti,Opere ultimate (Tabella C),Sicurezza ed Obblighi di Legge,,,,,agg2025,31/12/2024,E.1,1987,,,agg2025,136
J67F20000000001,concluso,Investimenti,Opere ultimate (Tabella C),Sicurezza ed Obblighi di Legge,,,,,agg2025,31/12/2024,E.1,1903,,,agg2025,136
J67F20000010001,concluso,Investimenti,Opere ultimate (Tabella C),Sicurezza ed Obblighi di Legge,,,,,agg2025,31/12/2024,E.1,1906,,,agg2025,137
J67F20000020001,concluso,Investimenti,Opere ultimate (Tabella C),Sicurezza ed Obblighi di Legge,,,,,agg2025,31/12/2024,E.1,1987,,,agg2025,137
J67F20000110001,in corso,Investimenti,Appendice 2 (CUP dei programmi),Piano difesa della sede da fenomeni di dissesto idrogeologico - DOIT Torino - 2020,,A1013A,Piano difesa della sede da fenomeni di dissesto idrogeologico - DOIT Torino - 2020,,,,,,,,app2-agg2025,3
J67F20000130001,in corso,Investimenti,Appendice 2 (CUP dei programmi),Piano conservazione opere d'arte DOIT Palermo- 2020,,A1014,Piano conservazione opere d'arte DOIT Palermo- 2020,,,,,,,,app2-agg2025,5
J67F20000140001,in corso,Investimenti,Appendice 2 (CUP dei programmi),Piano conservazione opere d'arte DOIT Torino- 2020,,A1014,Piano conservazione opere d'arte DOIT Torino- 2020,,,,,,,,app2-agg2025,5
J67F20000150001,concluso,Investimenti,Opere ultimate (Tabella C),Impianti industriali e terminali viaggiatori e merci,,,,,agg2025,31/12/2024,E.3,3195,,,agg2025,140
J67F20000190001,in corso,Investimenti,Appendice 2 (CUP dei programmi),Upgrading infrastrutturale e tecnologico DOIT Torino - 2020,,P080,Upgrading infrastrutturale e tecnologico DOIT Torino - 2020,,,,,,,,app2-agg2025,11
J67G20000000001,concluso,Investimenti,Opere ultimate (Tabella C),Sicurezza ed Obblighi di Legge,,,,,agg2025,31/12/2024,E.1,1903,,,agg2025,137
J67G20000010001,in corso,Investimenti,Appendice 2 (CUP dei programmi),Piano sicurezza armamento DOIT Torino - 2021,,A1004E,Piano sicurezza armamento DOIT Torino - 2021,,,,,,,,app2-agg2025,3
J67H21000760001,in corso,Investimenti,Appendice 2 (CUP dei programmi),Piano difesa della sede da fenomeni di dissesto idrogeologico - DOIT Palermo - 2021,,A1013A,Piano difesa della sede da fenomeni di dissesto idrogeologico - DOIT Palermo - 2021,,,,,,,,app2-agg2025,4
J67H21000770001,in corso,Investimenti,Appendice 2 (CUP dei programmi),Piano conservazione opere d'arte DOIT Palermo- 2021,,A1014,Piano conservazione opere d'arte DOIT Palermo- 2021,,,,,,,,app2-agg2025,5
J67H21000780001,in corso,Investimenti,Appendice 2 (CUP dei programmi),Piano conservazione opere d'arte DOIT Torino- 2021,,A1014,Piano conservazione opere d'arte DOIT Torino- 2021,,,,,,,,app2-agg2025,5
J67H21000790001,in corso,Investimenti,Appendice 2 (CUP dei programmi),Piano difesa della sede da fenomeni di dissesto idrogeologico - DOIT Torino - 2021,,A1013A,Piano difesa della sede da fenomeni di dissesto idrogeologico - DOIT Torino - 2021,,,,,,,,app2-agg2025,3
J67H21002920001,in corso,Investimenti,Appendice 2 (CUP dei programmi),Binari senza tempo - DOIT PA,,P214,Binari senza tempo - DOIT PA,,,,,,,,app2-agg2025,9
J67H21004990001,in corso,Investimenti,Appendice 2 (CUP dei programmi),Attrezzaggi tecnologi - DOIT Palermo,,A2001B,Attrezzaggi tecnologi - DOIT Palermo,,,,,,,,app2-agg2025,6
J67H21005700001,in corso,Investimenti,Appendice 2 (CUP dei programmi),Linee turistiche del Piemonte,,P214,Linee turistiche del Piemonte,,,,,,,,app2-agg2025,9
J67H21005710001,in corso,Investimenti,Appendice 2 (CUP dei programmi),Linee turistiche della Sicilia,,P214,Linee turistiche della Sicilia,,,,,,,,app2-agg2025,9
J67H21005720001,in corso,Investimenti,Appendice 2 (CUP dei programmi),Linee turistiche della Campania-Molise-Puglia,,P214,Linee turistiche della Campania-Molise-Puglia,,,,,,,,app2-agg2025,9
J67H21008500001,in corso,Investimenti,Appendice 2 (CUP dei programmi),Upgrading infrastrutturale e tecnologico DOIT Torino - 2021,,P080,Upgrading infrastrutturale e tecnologico DOIT Torino - 2021,,,,,,,,app2-agg2025,11
J67H21010160001,in corso,Investimenti,Appendice 2 (CUP dei programmi),Smaltimento materiali inquinanti (DOIT Torino) - 2021,,A1004D,Smaltimento materiali inquinanti (DOIT Torino) - 2021,,,,,,,,app2-agg2025,3
J67H22000020001,servizi,Servizi,"Servizi, Allegato 4c",CdP-S Infratruttura Fisica DOIT Palermo - anno 2022,,,,,,,,,Allegato 4c,0.15,srv2026,17
J67H22000030001,servizi,Servizi,"Servizi, Allegato 4c",CdP-S Infratruttura Fisica DOIT Torino - anno 2022,,,,,,,,,Allegato 4c,4.35,srv2026,17
J67H22000040001,servizi,Servizi,"Servizi, Allegato 12",Piano resilienza linee e impianti Sud ambito regione Sicilia,,,,,,,,,Allegato 12,7.5,srv2026,21
J67H22000160001,in corso,Investimenti,Appendice 2 (CUP dei programmi),Upgrading infrastrutturale e tecnologico DOIT Torino - 2022,,P080,Upgrading infrastrutturale e tecnologico DOIT Torino - 2022,,,,,,,,app2-agg2025,11
J67I06000090001,concluso,Investimenti,Opere ultimate (Tabella C),Riconfigurazione impianti SCMT Reggio Calabria,,,,,cdp2022,31/12/2021,E.5,1504,,,cdp2022,138
J67I06000100001,concluso,Investimenti,Opere ultimate (Tabella C),"Tecnologie per la sicurezza, la circolazione e l'efficientamento",,,,,agg2025,31/12/2024,E.5,1514,,,agg2025,142
J67I06000110001,concluso,Investimenti,Opere ultimate (Tabella C),Attrezzaggio impianti di informazione al - ante 2011,,,,,agg2023,31/12/2022,E.3,1526,,,agg2023,38
J67I07000010001,in corso,Investimenti,Appendice 2 (CUP dei programmi),Riconfigurazione impianti SCMT Napoli,,A2001B,Riconfigurazione impianti SCMT Napoli,,,,,,,,app2-agg2025,6
J67I07000030001,in corso,Investimenti,Appendice 2 (CUP dei programmi),SCC Fiumetorto-Messina,,P201,SCC Fiumetorto-Messina,,,,,,,,app2-agg2025,10
J67I08000000001,concluso,Investimenti,Opere ultimate (Tabella C),"Tecnologie per la sicurezza, la circolazione e l'efficientamento",,,,,agg2025,31/12/2024,E.5,1546,,,agg2025,142
J67I08000010001,concluso,Investimenti,Opere ultimate (Tabella C),Manutenzione Straordinaria cicli fino al 2011,,,,,agg2025,31/12/2024,E.1,1497,,,agg2025,133
J67I08000020001,concluso,Investimenti,Opere ultimate (Tabella C),Acquisti a Rimpiazzo materiale d'Inventa,,,,,cdp2017,31/12/2016,A00,1585,,,cdp2017,178
J67I08000030001,concluso,Investimenti,Opere ultimate (Tabella C),Manutenzione Straordinaria cicli fino al 2011,,,,,agg2025,31/12/2024,E.1,1581,,,agg2025,133
J67I08000040001,concluso,Investimenti,Opere ultimate (Tabella C),Manutenzione Straordinaria cicli fino al 2011,,,,,agg2025,31/12/2024,E.1,1578,,,agg2025,133
J67I08000050001,concluso,Investimenti,Opere ultimate (Tabella C),"Tecnologie per la sicurezza, la circolazione e l'efficientamento",,,,,agg2025,31/12/2024,E.5,1573,,,agg2025,142
J67I10000020001,in corso,Investimenti,Appendice 2 (CUP dei programmi),Potenziamento tecnologico del nodo di Napoli,,P134,Potenziamento tecnologico del nodo di Napoli,,,,,,,,app2-agg2025,12
J67I10000140001,concluso,Investimenti,Opere ultimate (Tabella C),Pot. impianti illuminaz. Grandi Stazioni,,,,,cdp2017,31/12/2016,A03/04,1613,,,cdp2017,180
J67I10000150001,concluso,Investimenti,Opere ultimate (Tabella C),Ripristino e potenziamento impianti in Abruzzo (DOIT Ancona),,,,,cdp2022,31/12/2021,E.1,1615,,,cdp2022,138
J67I10000160001,concluso,Investimenti,Opere ultimate (Tabella C),Ripristino e potenziamento impianti in Abruzzo (DOIT Roma),,,,,agg2023,31/12/2022,E.1,1616,,,agg2023,37
J67I11000040001,concluso,Investimenti,Opere ultimate (Tabella C),Miglioramenti tecnologici agli impianti di segnalamento della linea AV/AC TO-MI-NA,,,,A5000_4,cdp2022,31/12/2021,E.5,1618,,,cdp2022,138
J67I11000230001,in corso,Investimenti,Appendice 2 (CUP dei programmi),Potenziamento tecnologico del nodo di Firenze,,P076,Potenziamento tecnologico del nodo di Firenze,,,,,,,,app2-agg2025,11
J67I11000330001,concluso,Investimenti,Opere ultimate (Tabella C),Manut.Straord.Opere Dif.Infr. Su linee A - ante 2011,,,,,agg2023,31/12/2022,E.1,1491,,,agg2023,37
J67I12000000001,concluso,Investimenti,Opere ultimate (Tabella C),Manutenzione Straordinaria cicli fino al 2011,,,,,agg2025,31/12/2024,E.1,0611,,,agg2025,133
J67I12000010001,concluso,Investimenti,Opere ultimate (Tabella C),Manutenzione Straordinaria cicli fino al 2011,,,,,agg2025,31/12/2024,E.1,0618,,,agg2025,134
J67I12000040001,concluso,Investimenti,Opere ultimate (Tabella C),Manutenzione Straordinaria cicli fino al 2011,,,,,agg2025,31/12/2024,E.1,0519,,,agg2025,134
J67I12000050001,concluso,Investimenti,Opere ultimate (Tabella C),Manutenzione Straordinaria cicli fino al 2011,,,,,agg2025,31/12/2024,E.1,0531,,,agg2025,134
J67I12000060001,concluso,Investimenti,Opere ultimate (Tabella C),Manutenzione Straordinaria cicli fino al 2011,,,,,agg2025,31/12/2024,E.1,0538,,,agg2025,134
J67I12000070001,concluso,Investimenti,Opere ultimate (Tabella C),Manutenzione Straordinaria Stazioni PA - 2012,,,,,agg2021,31/12/2020,E.1,0573,,,agg2021,126
J67I12000080001,concluso,Investimenti,Opere ultimate (Tabella C),Manutenzione Straordinaria cicli fino al 2011,,,,,agg2025,31/12/2024,E.1,0639,,,agg2025,134
J67I12000090001,concluso,Investimenti,Opere ultimate (Tabella C),Manutenzione Straordinaria cicli fino al 2011,,,,,agg2025,31/12/2024,E.1,0643,,,agg2025,134
J67I12000100001,concluso,Investimenti,Opere ultimate (Tabella C),Manutenzione Straordinaria cicli fino al 2011,,,,,agg2025,31/12/2024,E.1,0721,,,agg2025,134
J67I12000110001,concluso,Investimenti,Opere ultimate (Tabella C),Manutenzione Straordinaria cicli fino al 2011,,,,,agg2025,31/12/2024,E.1,0727,,,agg2025,134
J67I12000120001,concluso,Investimenti,Opere ultimate (Tabella C),Manutenzione Straordinaria cicli fino al 2011,,,,,agg2025,31/12/2024,E.1,0734,,,agg2025,134
J67I12000130001,concluso,Investimenti,Opere ultimate (Tabella C),Manutenzione Straordinaria cicli fino al 2011,,,,,agg2025,31/12/2024,E.1,0513,,,agg2025,134
J67I13000020001,concluso,Investimenti,Opere ultimate (Tabella C),Manutenzione Straordinaria cicli fino al 2011,,,,,agg2025,31/12/2024,E.1,0611,,,agg2025,134
J67I13000030001,concluso,Investimenti,Opere ultimate (Tabella C),Manutenzione Straordinaria cicli fino al 2011,,,,,agg2025,31/12/2024,E.1,0618,,,agg2025,134
J67I13000120001,concluso,Investimenti,Opere ultimate (Tabella C),Manutenzione Straordinaria cicli fino al 2011,,,,,agg2025,31/12/2024,E.1,0513,,,agg2025,134
J67I17000010001,in corso,Investimenti,Appendice 2 (CUP dei programmi),DOIT PA– upgrading linee viaggiatori,,P135,DOIT PA– upgrading linee viaggiatori,,,,,,,,app2-agg2025,12
J67I17000020001,in corso,Investimenti,Appendice 2 (CUP dei programmi),DOIT TO – upgrading linee merci,,P221,DOIT TO – upgrading linee merci,,,,,,,,app2-agg2025,13
J67I18000040001,in corso,Investimenti,Appendice 2 (CUP dei programmi),DOIT TO – upgrading linee viaggiatori,,P198,DOIT TO – upgrading linee viaggiatori,,,,,,,,app2-agg2025,10
J67I18000050001,in corso,Investimenti,Appendice 2 (CUP dei programmi),Piano difesa della sede da fenomeni di dissesto idrogeologico - DOIT Torino - 2018,,A1013A,Piano difesa della sede da fenomeni di dissesto idrogeologico - DOIT Torino - 2018,,,,,,,,app2-agg2025,3
J67I18000060001,concluso,Investimenti,Opere ultimate (Tabella C),"Tecnologie per la sicurezza, la circolazione e l'efficientamento",,,,,agg2025,31/12/2024,E.5,1832,,,agg2025,142
J67J18000180001,in corso,Investimenti,Appendice 2 (CUP dei programmi),Smaltimento materiali inquinanti (DOIT Palermo) - 2018,,A1004D,Smaltimento materiali inquinanti (DOIT Palermo) - 2018,,,,,,,,app2-agg2025,3
J67J18000190001,concluso,Investimenti,Opere ultimate (Tabella C),Sicurezza ed Obblighi di Legge,,,,,agg2025,31/12/2024,E.1,1987,,,agg2025,137
J67J18000390001,in corso,Investimenti,Appendice 2 (CUP dei programmi),Interventi diffusi di upgrading direttrice Trasversale,,P222,Interventi diffusi di upgrading direttrice Trasversale,,,,,,,,app2-agg2025,14
J67J18000400001,in corso,Investimenti,Appendice 2 (CUP dei programmi),Upgrading scali merci - DOIT Palermo,,P060,Upgrading scali merci - DOIT Palermo,,,,,,,,app2-agg2025,12
J67J18000440001,concluso,Investimenti,Opere ultimate (Tabella C),Sicurezza ed Obblighi di Legge,,,,,agg2025,31/12/2024,E.1,1276,,,agg2025,137
J67J19000000001,concluso,Investimenti,Opere ultimate (Tabella C),Manutenzione Straordinaria cicli fino al 2011,,,,,agg2025,31/12/2024,E.1,0632,,,agg2025,134
J67J19000010001,in corso,Investimenti,Appendice 2 (CUP dei programmi),Piano difesa della sede da fenomeni di dissesto idrogeologico - DOIT Torino - 2019,,A1013A,Piano difesa della sede da fenomeni di dissesto idrogeologico - DOIT Torino - 2019,,,,,,,,app2-agg2025,3
J67J19000020001,concluso,Investimenti,Opere ultimate (Tabella C),"Tecnologie per la sicurezza, la circolazione e l'efficientamento",,,,,agg2025,31/12/2024,E.5,1832,,,agg2025,142
J67J19000030001,concluso,Investimenti,Opere ultimate (Tabella C),Sicurezza ed Obblighi di Legge,,,,,agg2025,31/12/2024,E.1,1903,,,agg2025,137
J67J19000040001,in corso,Investimenti,Appendice 2 (CUP dei programmi),Piano sicurezza armamento DOIT Torino - 2019,,A1004E,Piano sicurezza armamento DOIT Torino - 2019,,,,,,,,app2-agg2025,3
J69B11000160001,concluso,Investimenti,Opere ultimate (Tabella C),Sviluppo infrastrutturale e upgrading,,,,,agg2025,31/12/2024,E.2,1635,,,agg2025,139
J69B12000050001,in corso,Investimenti,Appendice 2 (CUP dei programmi),PRG e ACC Lecce (inclusa velocizzazione subtratta Brindisi - Lecce),,P223,PRG e ACC Lecce (inclusa velocizzazione subtratta Brindisi - Lecce),,,,,,,,app2-agg2025,14
J69H19000010001,concluso,Investimenti,Opere ultimate (Tabella C),Manutenzione Straordinaria cicli fino al 2011,,,,,agg2025,31/12/2024,E.1,1560,,,agg2025,134
J71C10000030007,in corso,Investimenti,Tabella A/B,Upgrading infrastrutturale e tecnologico linea linea Trieste- Divaca Upgrade linea storica bivio Aurisina-Confine di Stato (fase 0 Nuova linea Trieste-Divaca) - comprende anche progettazione preliminare nuova linea,1604A,,,1604B,,,,,,,agg2025,62
J71H00000060001,concluso,Investimenti,Opere ultimate (Tabella C),Manutenzione Straordinaria cicli fino al 2011,,,,,agg2025,31/12/2024,E.1,1143,,,agg2025,134
J71H00000060011,concluso,Investimenti,Opere ultimate (Tabella C),Manutenzione Straordinaria cicli fino al 2011,,,,,agg2025,31/12/2024,E.1,0585,,,agg2025,134
J71H00000060021,concluso,Investimenti,Opere ultimate (Tabella C),Infrastrutture di servizio stazioni (AN),,,,,cdp2017,31/12/2016,A00,0579,,,cdp2017,178
J71H00000060031,concluso,Investimenti,Opere ultimate (Tabella C),Manutenzione Straordinaria cicli fino al 2011,,,,,agg2025,31/12/2024,E.1,1144,,,agg2025,134
J71H00000060041,concluso,Investimenti,Opere ultimate (Tabella C),Manutenzione Straordinaria cicli fino al 2011,,,,,agg2025,31/12/2024,E.1,0582,,,agg2025,134
J71H00000060051,concluso,Investimenti,Opere ultimate (Tabella C),Manutenzione Straordinaria cicli fino al 2011,,,,,agg2025,31/12/2024,E.1,0584,,,agg2025,134
J71H00000060061,concluso,Investimenti,Opere ultimate (Tabella C),Manutenzione Straordinaria cicli fino al 2011,,,,,agg2025,31/12/2024,E.1,0581,,,agg2025,134
J71H00000060081,concluso,Investimenti,Opere ultimate (Tabella C),Manutenzione Straordinaria cicli fino al 2011,,,,,agg2025,31/12/2024,E.1,0580,,,agg2025,134
J71H00000060091,concluso,Investimenti,Opere ultimate (Tabella C),Manutenzione Straordinaria cicli fino al 2011,,,,,agg2025,31/12/2024,E.1,0588,,,agg2025,134
J71H00000060101,concluso,Investimenti,Opere ultimate (Tabella C),Manutenzione Straordinaria cicli fino al 2011,,,,,agg2025,31/12/2024,E.1,0589,,,agg2025,134
J71H00000070001,concluso,Investimenti,Opere ultimate (Tabella C),Sviluppo infrastrutturale e upgrading,,,,,agg2025,31/12/2024,E.2,1132,,,agg2025,139
J71H00000080011,concluso,Investimenti,Opere ultimate (Tabella C),Manutenzione Straordinaria cicli fino al 2011,,,,,agg2025,31/12/2024,E.1,2742,,,agg2025,134
J71H00000080021,concluso,Investimenti,Opere ultimate (Tabella C),Manutenzione Straordinaria cicli fino al 2011,,,,,agg2025,31/12/2024,E.1,2744,,,agg2025,134
J71H00000080031,concluso,Investimenti,Opere ultimate (Tabella C),Man.O.C. Arm. Attr. e Macch. C.Nord - ante 2011,,,,,agg2023,31/12/2022,E.1,2741,,,agg2023,37
J71H00000080041,concluso,Investimenti,Opere ultimate (Tabella C),Manutenzione Straordinaria cicli fino al 2011,,,,,agg2025,31/12/2024,E.1,2743,,,agg2025,134
J71H00000080061,concluso,Investimenti,Opere ultimate (Tabella C),Manutenzione Straordinaria cicli fino al 2011,,,,,agg2025,31/12/2024,E.1,2739,,,agg2025,134
J71H00000080071,concluso,Investimenti,Opere ultimate (Tabella C),Manutenzione Straordinaria cicli fino al 2011,,,,,agg2025,31/12/2024,E.1,2738,,,agg2025,134
J71H00000090001,concluso,Investimenti,Opere ultimate (Tabella C),Sviluppo infrastrutturale e upgrading,,,,,agg2025,31/12/2024,E.2,0201,,,agg2025,139
J71H01000120001,concluso,Investimenti,Opere ultimate (Tabella C),Sviluppo infrastrutturale e upgrading,,,,,agg2025,31/12/2024,E.2,0206,,,agg2025,139
J71H02000110008,in corso,Investimenti,Tabella A/B,Nodo di Genova e Terzo valico dei Giovi Potenziamento infrastrutturale Voltri-Brignole Porto di Genova: Nuovo terminal merci i Genova Campasso Potenziamento terminale Rivalta Scrivia,P234,,,0240,,,,,,,agg2025,63
J71H02000120008,in corso,Investimenti,Tabella A/B,Porto di Taranto - collegamento ferroviario del complesso del porto di Taranto con la rete nazionale Nuova stazione di Cagioni e collegamento con nuova Piastra Logistica,0417,,,,,,,,,,agg2025,56
J71H02000130001,concluso,Investimenti,Opere ultimate (Tabella C),Potenziamento Impianto Intermodale Brindisi,,,,,cdp2017,31/12/2016,A03/04,0418,,,cdp2017,180
J71H02000140001,concluso,Investimenti,Opere ultimate (Tabella C),Sviluppo infrastrutturale e upgrading,,,,,agg2025,31/12/2024,E.2,1262,,,agg2025,139
J71H89000000008,concluso,Investimenti,Opere ultimate (Tabella C),SCC Nodo di Genova,,,,,cdp2017,31/12/2008,A02,0023,,,cdp2017,179
J71H92000000007,in corso,Investimenti,Tabella A/B,"Raddoppio Pescara-Bari 1^ fase Completamento raddoppio Ortona-Casalbordino, Vasto-Vasto S.Salvo e Lesina-San Severo (opere già in esercizio) e Raddoppio tratta a nord della stazione di Ortona PRG e ACC Foggia",0142A|0142B,,,,,,,,,,agg2025,60
J71H92000010008,concluso,Investimenti,Opere ultimate (Tabella C),Sviluppo infrastrutturale e upgrading,,,,,agg2025,31/12/2024,E.2,0069,,,agg2025,139
J71H92000020008,in corso,Investimenti,Tabella A/B,Raddoppio Genova-Ventimiglia 1^ fase Raddoppio Andora - S.Lorenzo e completamento raddoppio S.Lorenzo - Ospedaletti,0077,,,,,,,,,,agg2025,59
J71H92000020011,in corso,Investimenti,Tabella A/B,Quadruplicamento Tortona-Voghera Quadruplicamento Tortona-Voghera PROG ITER,0286B,,,0286A,,,,,,,agg2025,70
J71H92000030008,in corso,Investimenti,Tabella A/B,"Raddoppio Bari-Taranto Raddoppio Bari S.Andrea - Bitetto e Castellaneta-Palagianello e interventi di completamento tratte già raddoppiate, bretella di collegamento Bari-Taranto-Metaponto",0100,,,,,,,,,,agg2025,59
J71H92000040008,concluso,Investimenti,Opere ultimate (Tabella C),Sviluppo infrastrutturale e upgrading,,,,,agg2025,31/12/2024,E.2,0101,,,agg2025,139
J71H98000000001,in corso,Investimenti,Tabella A/B,"Sistemazione nodo di Bari Raddoppio Bari Parco Sud - Bari Torre a Mare e variante ingresso linea merci Bari-Taranto, Variante ingresso linea viaggiatori Bari- Taranto, modifica radice lato Nord Bari C.le e ACC Bari Parco Nord, Binari di stazionamento della stazione di Bari C.le",0149,,,,,,,,,,agg2025,54
J71H99000000001,concluso,Investimenti,Opere ultimate (Tabella C),Sviluppo infrastrutturale e upgrading,,,,,agg2025,31/12/2024,E.2,0178,,,agg2025,139
J71J04000000008,in corso,Investimenti,Tabella A/B,Completamento raddoppio Genova-Ventimiglia: tratta Andora-Finale Ligure Raddoppio Andora-Finale Ligure PROG ITER,0289,,,,,,,,,,agg2025,78
J71J20000110008,in corso,Investimenti,Tabella A/B,AV-AC Salerno - Reggio Calabria AV Salerno-Reggio Calabria: Lotto 1a Battipaglia - Romagnano e progettazione di fattibilità tecnico-economica intero itinerario AV Salerno-Reggio Calabria: Lotti 1b+1c Romagnano - Praia ITER AV Salerno-Reggio Calabria: Raddoppio Galleria Santomarco AV Salerno-Reggio Calabria: Lotto 2 Praia-Paola,I107A,,,,,,,,,,agg2025,71
J74B01000200001,concluso,Investimenti,Opere ultimate (Tabella C),Impianti industriali e terminali viaggiatori e merci,,,,,agg2025,31/12/2024,E.3,1250,,,agg2025,140
J74C14000020002,concluso,Investimenti,Opere ultimate (Tabella C),Nuovo ACEI Fiumetorto,,,,,cdp2022,31/12/2021,E.5,1835,,,cdp2022,138
J74C19000030001,in corso,Investimenti,Tabella A/B,Porto di Trieste Potenziamento stazione Trieste Campo Marzio Potenziamento impianti a servizio del porto di Trieste,I008,,,,,,,,,,agg2025,69
J74C20001660001,in corso,Investimenti,Tabella A/B,Chiusura anello di Palermo tratta Politeama - Notarbartolo Anello di Palermo 2° stralcio: tratta Politeama-Notarbartolo,P235,,,,,,,,,,agg2025,55
J74E21000910001,in corso,Investimenti,Appendice 2 (CUP dei programmi),Adeguamento a STI opere civili - DOIT Cagliari,,A1004F,Adeguamento a STI opere civili - DOIT Cagliari,,,,,,,,app2-agg2025,3
J74E21000940009,in corso,Investimenti,Tabella A/B,Raddoppio Decimomannu-Villamassargia,P248,,,,,,,,,,agg2025,66
J74E21001450001,in corso,Investimenti,Appendice 2 (CUP dei programmi),Programma nazionale ERMTS-Linee Firenze,,A2011,Programma nazionale ERMTS-Linee Firenze,,,,,,,,app2-agg2025,8
J74E21001680008,in corso,Investimenti,Appendice 2 (CUP dei programmi),Elettrificazione del bacino del Sulcis,,P201,Elettrificazione del bacino del Sulcis,,,,,,,,app2-agg2025,10
J74E21001690008,in corso,Investimenti,Tabella A/B,Velocizzazione Villamassargia-Carbonia Velocizzazione Villamassargia-Carbonia,P254B,,,P254,,,,,,,agg2025,53
J74E21001700008,in corso,Investimenti,Appendice 2 (CUP dei programmi),Elettrificazione Oristano - Macomer,,NA026,Elettrificazione Oristano - Macomer,,,,,,,,app2-agg2025,12
J74E21001710008,in corso,Investimenti,Appendice 2 (CUP dei programmi),PRG Golfo Aranci,,NA026,PRG Golfo Aranci,,,,,,,,app2-agg2025,12
J74E21001720008,in corso,Investimenti,Appendice 2 (CUP dei programmi),PRG Chilivani,,NA026,PRG Chilivani,,,,,,,,app2-agg2025,12
J74E21001890001,in corso,Investimenti,Appendice 2 (CUP dei programmi),DOIT CA – upgrading linee viaggiatori,,P201,DOIT CA – upgrading linee viaggiatori,,,,,,,,app2-agg2025,11
J74E21001910001,in corso,Investimenti,Appendice 2 (CUP dei programmi),Nuovo PRG della stazione di Empoli,,P076,Nuovo PRG della stazione di Empoli,,,,,,,,app2-agg2025,11
J74F13000000001,in corso,Investimenti,Appendice 2 (CUP dei programmi),Potenziamento tecnologico linea Chiasso-Monza,,P221,Potenziamento tecnologico linea Chiasso-Monza,,,,,,,,app2-agg2025,13
J74G18000150009,in corso,Investimenti,Tabella A/B,Adeguamento linea storica Torino-Modane tratta Bussoleno-Avigliana Adeguamento linea Torino-Modane 1^ fase - potenziamento tecnologico e 2^ adeguamento prestazionale,P215,,,,,,,,,,agg2025,72
J74H16000230001,in corso,Investimenti,Tabella A/B,Porto di Trieste Potenziamento stazione Trieste Campo Marzio Potenziamento impianti a servizio del porto di Trieste,I008,,,,,,,,,,agg2025,69
J74H16000590001,in corso,Investimenti,Tabella A/B,Upgrading infrastrutturale e tecnologico rete sarda 2^ fase Rete sarda: Potenziamento e interventi diffusi per la messa in,P083,,,,,,,,,,agg2025,62
J74H17000140001,in corso,Investimenti,Appendice 2 (CUP dei programmi),Potenziamento tecnologico nodo Torino e linee afferenti,,P080,Potenziamento tecnologico nodo Torino e linee afferenti,,,,,,,,app2-agg2025,11
J74H17000180001,in corso,Investimenti,Appendice 2 (CUP dei programmi),Nuovo impianto di manutenzione rotabili di Venezia Mestre,,P075,Nuovo impianto di manutenzione rotabili di Venezia Mestre,,,,,,,,app2-agg2025,11
J74H17000420001,in corso,Investimenti,Tabella A/B,"Porto di Ravenna Porto di Ravenna 1^ fase: Soppressione P.L. via Canale Molinetto, ITER adeguamento cavalcavia Teodorico, prolungamento del sottopassaggio pedonale di stazione e adeguamento collegamento esistente dorsale sinistra Candiano Porto di Ravenna 2^ fase: Potenziamento collegamenti esistenti ITER dorsali sinistra e destra Candiano",P142,,,,,,,,,,agg2025,69
J74H17000590001,in corso,Investimenti,Tabella A/B,Potenziamento linea veloce collegamento Porta Nuova - Porta Susa Potenziamento linea veloce collegamento Porta Nuova -Porta Susa,P217,,,,,,,,,,agg2025,55
J74H17000600001,in corso,Investimenti,Appendice 2 (CUP dei programmi),Upgrading prestazionale corridoio Scandinavia-Mediterraneo area adriatica,,P223,Upgrading prestazionale corridoio Scandinavia-Mediterraneo area adriatica,,,,,,,,app2-agg2025,14
J74H20000990001,in corso,Investimenti,Appendice 2 (CUP dei programmi),Interventi per lo sviluppo del traffico merci - DOIT Ancona,,P223,Interventi per lo sviluppo del traffico merci - DOIT Ancona,,,,,,,,app2-agg2025,14
J74J17000000001,concluso,Investimenti,Opere ultimate (Tabella C),Attrezzaggio tecnologico linea Palermo-Agrigento,,,,,cdp2022,31/12/2021,E.5,3050,,,cdp2022,138
J74J17000010001,in corso,Investimenti,Tabella A/B,Completamento fermate SFM Torino Fermata S.Paolo Fermata Borgata Quaglia - Le Gru Fermata S.Luigi Orbassano Fermate Dora e Zappata Fermata Ferriera - Buttigliera,P216,,,,,,,,,,agg2025,55
J74J17000020001,in corso,Investimenti,Tabella A/B,Completamento fermate SFM Torino Fermata S.Paolo Fermata Borgata Quaglia - Le Gru Fermata S.Luigi Orbassano Fermate Dora e Zappata Fermata Ferriera - Buttigliera,P216,,,,,,,,,,agg2025,55
J74J18000000001,in corso,Investimenti,Tabella A/B,Scalo Torino Orbassano ACC Torino Orbassano Scalo Torino Orbassano: interventi in fascio container,P175,,,,,,,,,,agg2025,56
J74J22000170001,in corso,Investimenti,Tabella A/B,Elettrificazione Cagliari-Oristano Elettrificazione Cagliari-Oristano,P254A,,,,,,,,,,agg2025,64
J74J22000540001,in corso,Investimenti,Appendice 2 (CUP dei programmi),PRG di Peschiera del Garda,,P199,PRG di Peschiera del Garda,,,,,,,,app2-agg2025,10
J74J23000650001,in corso,Investimenti,Appendice 2 (CUP dei programmi),Upgrade prestazionale rete Sarda,,P201,Upgrade prestazionale rete Sarda,,,,,,,,app2-agg2025,11
J74J23000740001,in corso,Investimenti,Tabella A/B,Collegamento ferroviario aeroporto di Olbia Collegamento ferroviario aeroporto di Olbia,P249,P201,Elettrificaz. Olbia aerop.- Golfo Aranci,,,,,,,,agg2025,58
J74J24000060001,in corso,Investimenti,Appendice 2 (CUP dei programmi),Nuovo PRG stazione Venezia S. Lucia,,P075,Nuovo PRG stazione Venezia S. Lucia,,,,,,,,app2-agg2025,11
J77B14000240001,concluso,Investimenti,Opere ultimate (Tabella C),"Tecnologie per la sicurezza, la circolazione e l'efficientamento",,,,,agg2025,31/12/2024,E.5,1833,,,agg2025,142
J77B14000350001,servizi,Servizi,"Servizi, Allegato 4c",Manutenzione Straordinaria Linee Cagliari - 2015,,,,,,,,,Allegato 4c,0.19,srv2026,17
J77B14000480001,concluso,Investimenti,Opere ultimate (Tabella C),Manutenzione Straordinaria cicli fino al 2011,,,,,agg2025,31/12/2024,E.1,0568,,,agg2025,134
J77B16000090001,concluso,Investimenti,Opere ultimate (Tabella C),"Tecnologie per la sicurezza, la circolazione e l'efficientamento",,,,,agg2025,31/12/2024,E.5,1833,,,agg2025,142
J77B16000290001,in corso,Investimenti,Tabella A/B,Upgrading infrastrutturale e tecnologico rete sarda 2^ fase Rete sarda: Potenziamento e interventi diffusi per la messa in,P083,,,,,,,,,,agg2025,62
J77B16000300001,concluso,Investimenti,Opere ultimate (Tabella C),Sicurezza ed Obblighi di Legge,,,,,agg2025,31/12/2024,E.1,1898,,,agg2025,137
J77B17000050001,concluso,Investimenti,Opere ultimate (Tabella C),"Tecnologie per la sicurezza, la circolazione e l'efficientamento",,,,,agg2025,31/12/2024,E.5,1833,,,agg2025,143
J77B17000060001,concluso,Investimenti,Opere ultimate (Tabella C),Sicurezza ed Obblighi di Legge,,,,,agg2025,31/12/2024,E.1,1898,,,agg2025,137
J77B20000870002,in corso,Investimenti,Appendice 2 (CUP dei programmi),Riattivazione fermata di Calliano,,P199,Riattivazione fermata di Calliano,,,,,,,,app2-agg2025,10
J77D18000000001,concluso,Investimenti,Opere ultimate (Tabella C),Sicurezza ed Obblighi di Legge,,,,,agg2025,31/12/2024,E.1,1898,,,agg2025,137
J77D22000000001,in corso,Investimenti,Appendice 2 (CUP dei programmi),Piano difesa della sede da fenomeni di dissesto idrogeologico - DOIT Cagliari - 2022,,A1013A,Piano difesa della sede da fenomeni di dissesto idrogeologico - DOIT Cagliari - 2022,,,,,,,,app2-agg2025,4
J77D22000090001,in corso,Investimenti,Appendice 2 (CUP dei programmi),Tecnologie per la sicurezza settore IS - DOIT Cagliari,,A2004A,Tecnologie per la sicurezza settore IS - DOIT Cagliari,,,,,,,,app2-agg2025,7
J77D23000020001,in corso,Investimenti,Appendice 2 (CUP dei programmi),Piano difesa della sede da fenomeni di dissesto idrogeologico - DOIT Cagliari - 2023,,A1013A,Piano difesa della sede da fenomeni di dissesto idrogeologico - DOIT Cagliari - 2023,,,,,,,,app2-agg2025,4
J77D25000000001,in corso,Investimenti,Appendice 2 (CUP dei programmi),NA - Mitigazione rischio idreogeologico,,A1013A,NA - Mitigazione rischio idreogeologico,,,,,,,,app2-agg2025,5
J77F19000070001,in corso,Investimenti,Appendice 2 (CUP dei programmi),Piano conservazione opere d'arte DOIT Cagliari- 2019,,A1014,Piano conservazione opere d'arte DOIT Cagliari- 2019,,,,,,,,app2-agg2025,5
J77F20000020001,concluso,Investimenti,Opere ultimate (Tabella C),Sicurezza ed Obblighi di Legge,,,,,agg2025,31/12/2024,E.1,1898,,,agg2025,137
J77F20000050001,in corso,Investimenti,Appendice 2 (CUP dei programmi),Miglioramento sicurezza gallerie ferroviarie - DOIT Cagliari - 2020,,A1004A,Miglioramento sicurezza gallerie ferroviarie - DOIT Cagliari - 2020,,,,,,,,app2-agg2025,2
J77F20000060001,in corso,Investimenti,Appendice 2 (CUP dei programmi),Piano difesa della sede da fenomeni di dissesto idrogeologico - DOIT Cagliari - 2020,,A1013A,Piano difesa della sede da fenomeni di dissesto idrogeologico - DOIT Cagliari - 2020,,,,,,,,app2-agg2025,4
J77F20000070001,concluso,Investimenti,Opere ultimate (Tabella C),Sicurezza ed Obblighi di Legge,,,,,agg2025,31/12/2024,E.1,3165,,,agg2025,137
J77G05000010001,concluso,Investimenti,Opere ultimate (Tabella C),Upgrading rete merci - DOIT Bologna fase 0,,,,,agg2024,31/12/2023,E.2,1456,,,agg2024,113
J77G05000010011,concluso,Investimenti,Opere ultimate (Tabella C),Sviluppo infrastrutturale e upgrading,,,,,agg2025,31/12/2024,E.2,1457,,,agg2025,139
J77H21001020001,concluso,Investimenti,Opere ultimate (Tabella C),Sicurezza ed Obblighi di Legge,,,,,agg2025,31/12/2024,E.1,1898,,,agg2025,137
J77H21001030001,in corso,Investimenti,Appendice 2 (CUP dei programmi),Piano difesa della sede da fenomeni di dissesto idrogeologico - DOIT Cagliari - 2021,,A1013A,Piano difesa della sede da fenomeni di dissesto idrogeologico - DOIT Cagliari - 2021,,,,,,,,app2-agg2025,4
J77H21001040001,in corso,Investimenti,Appendice 2 (CUP dei programmi),Piano conservazione opere d'arte DOIT Cagliari- 2021,,A1014,Piano conservazione opere d'arte DOIT Cagliari- 2021,,,,,,,,app2-agg2025,5
J77H22000000001,servizi,Servizi,"Servizi, Allegato 4c",CdP-S Infrastruttura Fisica DOIT Cagliari - anno 2022,,,,,,,,,Allegato 4c,0.42,srv2026,17
J77I04000000009,in corso,Investimenti,Tabella A/B,Itinerario Napoli-Bari: raddoppio tratta Apice-Orsara,0281,,,,,,,,,,agg2025,82
J77I07000000001,concluso,Investimenti,Opere ultimate (Tabella C),"Tecnologie per la sicurezza, la circolazione e l'efficientamento",,,,,agg2025,31/12/2024,E.5,1511,,,agg2025,143
J77I07000020001,concluso,Investimenti,Opere ultimate (Tabella C),SCC Bari-Taranto,,,,,cdp2022,31/12/2021,E.2,0322,,,cdp2022,139
J77I07000030001,in corso,Investimenti,Appendice 2 (CUP dei programmi),SCC Nodo di Palermo,,P201,SCC Nodo di Palermo,,,,,,,,app2-agg2025,11
J77I09000010002,in corso,Investimenti,Appendice 2 (CUP dei programmi),Raddoppio Torino-Pinerolo (progettazione),,NA026,Raddoppio Torino-Pinerolo (progettazione),,,,,,,,app2-agg2025,12
J77I09000090001,concluso,Investimenti,Opere ultimate (Tabella C),Manutenzione Mezzi di Manovra,,,,,cdp2017,31/12/2016,A00,1553,,,cdp2017,178
J77I10000270001,concluso,Investimenti,Opere ultimate (Tabella C),Sicurezza ed Obblighi di Legge,,,,,agg2025,31/12/2024,E.1,1603,,,agg2025,137
J77I10000290001,in corso,Investimenti,Appendice 2 (CUP dei programmi),Nodo di Torino: adeguamento linea passante interno,,P080,Nodo di Torino: adeguamento linea passante interno,,,,,,,,app2-agg2025,11
J77I11000000009,in corso,Investimenti,Appendice 2 (CUP dei programmi),Potenziamento tecnologico del nodo di Roma,,P053,Potenziamento tecnologico del nodo di Roma,,,,,,,,app2-agg2025,11
J77I12000000001,concluso,Investimenti,Opere ultimate (Tabella C),Manutenzione Straordinaria cicli fino al 2011,,,,,agg2025,31/12/2024,E.1,0605,,,agg2025,134
J77I12000010008,in corso,Investimenti,Tabella A/B,Raddoppio Campoleone-Aprilia Raddoppio Campoleone-Aprilia,0359,,,,,,,,,,agg2025,55
J77I12000070001,concluso,Investimenti,Opere ultimate (Tabella C),Manutenzione Straordinaria cicli fino al 2011,,,,,agg2025,31/12/2024,E.1,0526,,,agg2025,134
J77I12000080001,concluso,Investimenti,Opere ultimate (Tabella C),Manutenzione Straordinaria cicli fino al 2011,,,,,agg2025,31/12/2024,E.1,0568,,,agg2025,134
J77I12000120001,concluso,Investimenti,Opere ultimate (Tabella C),Interventi upgrading rete viaggiatori TO,,,,,cdp2017,31/12/2016,A03/04,1467,,,cdp2017,180
J77I13000010001,concluso,Investimenti,Opere ultimate (Tabella C),Manutenzione Straordinaria cicli fino al 2011,,,,,agg2025,31/12/2024,E.1,0605,,,agg2025,134
J77I18000020001,concluso,Investimenti,Opere ultimate (Tabella C),"Tecnologie per la sicurezza, la circolazione e l'efficientamento",,,,,agg2025,31/12/2024,E.5,1833,,,agg2025,143
J77J18000350001,concluso,Investimenti,Opere ultimate (Tabella C),"Tecnologie per la sicurezza, la circolazione e l'efficientamento",,,,,agg2025,31/12/2024,E.5,3081,,,agg2025,143
J77J19000010001,in corso,Investimenti,Appendice 2 (CUP dei programmi),Piano difesa della sede da fenomeni di dissesto idrogeologico - DOIT Cagliari - 2019,,A1013A,Piano difesa della sede da fenomeni di dissesto idrogeologico - DOIT Cagliari - 2019,,,,,,,,app2-agg2025,4
J77J19000020001,concluso,Investimenti,Opere ultimate (Tabella C),Sicurezza ed Obblighi di Legge,,,,,agg2025,31/12/2024,E.1,1898,,,agg2025,137
J79B08000170001,concluso,Investimenti,Opere ultimate (Tabella C),Sviluppo infrastrutturale e upgrading,,,,,agg2025,31/12/2024,E.2,0324,,,agg2025,139
J79B12000020001,concluso,Investimenti,Opere ultimate (Tabella C),Completamento attrezzaggio Bari-Taranto,,,,,cdp2022,31/12/2021,E.2,1673,,,cdp2022,139
J79B12000030001,in corso,Investimenti,Tabella A/B,Upgrading infrastrutturale e tecnologico rete sarda 1^ fase SCMT e istituzione rango P tratte a nord di Oristano e linee Decimomannu-Iglesias/Villamassargia; Opere connesse all'arretramento della stazione di Olbia,1670,,,,,,,,,,agg2025,62
J80D16000030005,in corso,Investimenti,Appendice 2 (CUP dei programmi),Acquisto materiale d'eser. Dir.Sanità - 2016,,A2001B,Acquisto materiale d'eser. Dir.Sanità - 2016,,,,,,,,app2-agg2025,6
J80D17000050001,concluso,Investimenti,Opere ultimate (Tabella C),Manutenzione Straordinaria cicli fino al 2011,,,,,agg2025,31/12/2024,E.1,0497,,,agg2025,134
J81B22003200005,in corso,Investimenti,Appendice 2 (CUP dei programmi),Sistemazioni superficiali Monte Mario-Monte Ciocci (Giubileo 2025),,P053,Sistemazioni superficiali Monte Mario-Monte Ciocci (Giubileo 2025),,,,,,,,app2-agg2025,11
J81C05000010001,concluso,Investimenti,Opere ultimate (Tabella C),Interventi su SCC e IaP - Genova,,,,,agg2021,31/12/2020,E.5,1429,,,agg2021,128
J81C06000020001,concluso,Investimenti,Opere ultimate (Tabella C),Opere propedeutiche per il collegamento dello scalo di Marzaglia con la linea Milano-Bologna,,,,,agg2021,31/12/2020,E.2,1489,,,agg2021,128
J81C91000000008,concluso,Investimenti,Opere ultimate (Tabella C),Rete AV/AC Torino-Milano-Napoli: opere in esercizio,,,,,agg2025,31/12/2024,,0327,,,agg2025,143
J81D19000000009,in corso,Investimenti,Tabella A/B,Collegamento ferroviario aeroporto di Bergamo Collegamento ferroviario aeroporto di Bergamo,I137,,,,,,,,,,agg2025,58
J81E16000690003,concluso,Investimenti,Opere ultimate (Tabella C),Sviluppo infrastrutturale e upgrading,,,,1912,agg2025,31/12/2024,E.2,1912,,,agg2025,139
J81G22000260001,in corso,Investimenti,Appendice 2 (CUP dei programmi),City Hub e linee metropolitane Area Centro Nord,,P237,City Hub e linee metropolitane Area Centro Nord,,,,,,,,app2-agg2025,9
J81G23000080001,in corso,Investimenti,Tabella A/B,Ammodernamento e potenziamento rete ferroviaria Regione Abruzzo - Collegamento al porto di Vasto Collegamento al porto di Vasto PROG PROG,P087B,,,,,,,,,,agg2025,69
J81H00000180001,concluso,Investimenti,Opere ultimate (Tabella C),Impianti industriali e terminali viaggiatori e merci,,,,,agg2025,31/12/2024,E.3,0406,,,agg2025,140
J81H01000080001,concluso,Investimenti,Opere ultimate (Tabella C),Sviluppo infrastrutturale e upgrading,,,,,agg2025,31/12/2024,E.2,0011,,,agg2025,139
J81H01000090001,concluso,Investimenti,Opere ultimate (Tabella C),Manutenzione Straordinaria cicli fino al 2011,,,,,agg2025,31/12/2024,E.1,1179,,,agg2025,134
J81H02000000001,in corso,Investimenti,Tabella A/B,Completamento raddoppio asse ferroviario Pontremolese - 1^ fase Raddoppio Parma-Vicofertile ITER,0276A|0276B,,,,,,,,,,agg2025,70
J81H02000020001,concluso,Investimenti,Opere ultimate (Tabella C),Impianti industriali e terminali viaggiatori e merci,,,,,agg2025,31/12/2024,E.3,0243,,,agg2025,140
J81H02000020011,concluso,Investimenti,Opere ultimate (Tabella C),Sicurezza ed Obblighi di Legge,,,,,agg2025,31/12/2024,E.1,1342,,,agg2025,137
J81H03000050008,concluso,Investimenti,Opere ultimate (Tabella C),"Tecnologie per la sicurezza, la circolazione e l'efficientamento",,,,,agg2025,31/12/2024,E.5,0043,,,agg2025,143
J81H03000060001,concluso,Investimenti,Opere ultimate (Tabella C),Sviluppo infrastrutturale e upgrading,,,,,agg2025,31/12/2024,E.2,1161,,,agg2025,139
J81H03000070001,concluso,Investimenti,Opere ultimate (Tabella C),Impianti industriali e terminali viaggiatori e merci,,,,,agg2025,31/12/2024,E.3,1279,,,agg2025,140
J81H03000080001,concluso,Investimenti,Opere ultimate (Tabella C),Rete Lucana: migliormento servizi Potenza - S. Nicola,,,,,cdp2017,31/12/2016,A03/04,1391,,,cdp2017,180
J81H04000060001,concluso,Investimenti,Opere ultimate (Tabella C),Sviluppo infrastrutturale e upgrading,,,,,agg2025,31/12/2024,E.2,1402,,,agg2025,139
J81H92000000008,concluso,Investimenti,Opere ultimate (Tabella C),Potenziamento tecnologico Bologna-Bari,,,,,cdp2017,16/12/2010,A02,0066,,,cdp2017,179
J81H92000010001,concluso,Investimenti,Opere ultimate (Tabella C),Sistemaz. Bologna S.Donato,,,,,agg2023,31/12/2022,E.3,0098,,,agg2023,38
J81H92000020001,in corso,Investimenti,Tabella A/B,Nuova Linea Ferrandina-Matera La Martella,0136,,,,,,,,,,agg2025,59
J81H96000010008,concluso,Investimenti,Opere ultimate (Tabella C),Sviluppo infrastrutturale e upgrading,,,,,agg2025,31/12/2024,E.2,0010,,,agg2025,139
J81H96000010011,concluso,Investimenti,Opere ultimate (Tabella C),Sviluppo infrastrutturale e upgrading,,,,,agg2025,31/12/2024,E.2,0285,,,agg2025,139
J81H97000000001,concluso,Investimenti,Opere ultimate (Tabella C),Realizzazione fermate ed adeguamento stazioni per servizio metropolitano di Bologna (1^ fase),,,,,cdp2017,13/12/2015,A03/04,0037,,,cdp2017,180
J81H98000000008,concluso,Investimenti,Opere ultimate (Tabella C),Potenziamento tecnologico Bologna-Verona-Brennero,,,,,cdp2017,04/11/2010,A02,0067,,,cdp2017,179
J81H98000010001,concluso,Investimenti,Opere ultimate (Tabella C),Interventi tecnologici Milano-Venezia,,,,,cdp2017,30/06/2008,A02,0071,,,cdp2017,179
J81H98000020001,concluso,Investimenti,Opere ultimate (Tabella C),Potenziamento scali di Bologna per servizi accessori,,,,,agg2021,31/12/2020,E.2,0112,,,agg2021,128
J81H98000030001,concluso,Investimenti,Opere ultimate (Tabella C),Sviluppo infrastrutturale e upgrading,,,,,agg2025,31/12/2024,E.2,0143,,,agg2025,139
J81I19000000001,in corso,Investimenti,Appendice 2 (CUP dei programmi),Miglioramento sismico - DOIT Bologna,,A1013B,Miglioramento sismico - DOIT Bologna,,,,,,,,app2-agg2025,5
J81J03000000001,concluso,Investimenti,Opere ultimate (Tabella C),Attrezaggi tecnologici linee ed impianti - Bologna,,,,,agg2023,31/12/2022,E.5,1395,,,agg2023,37
J81J03000010001,in corso,Investimenti,Appendice 2 (CUP dei programmi),Linea Rimini - Ravenna: efficientamento itinerario,,P199,Linea Rimini - Ravenna: efficientamento itinerario,,,,,,,,app2-agg2025,10
J81J04000000001,in corso,Investimenti,Appendice 2 (CUP dei programmi),Valico dei Giovi,,NA026,Valico dei Giovi,,,,,,,,app2-agg2025,12
J81J04000010001,concluso,Investimenti,Opere ultimate (Tabella C),Sviluppo infrastrutturale e upgrading,,,,,agg2025,31/12/2024,E.2,1393,,,agg2025,139
J81J05000010008,in corso,Investimenti,Tabella A/B,Nodo ferrostradale Casalecchio di Reno: interramento linea Porrettana (stralcio ferroviario) Nodo Casalecchio di Reno: interramento linea Porrettana (stralcio PROG PROG ferroviario),1438,,,,,,,,,,agg2025,75
J82H23000710001,in corso,Investimenti,Appendice 2 (CUP dei programmi),Miglioramento sismico - DOIT Bari,,A1013B,Miglioramento sismico - DOIT Bari,,,,,,,,app2-agg2025,5
J82J19000170001,in corso,Investimenti,Appendice 2 (CUP dei programmi),Miglioramento sismico - DOIT Ancona,,A1013B,Miglioramento sismico - DOIT Ancona,,,,,,,,app2-agg2025,5
J82J19000180001,in corso,Investimenti,Appendice 2 (CUP dei programmi),Miglioramento sismico - DOIT Firenze,,A1013B,Miglioramento sismico - DOIT Firenze,,,,,,,,app2-agg2025,5
J84B13000240001,concluso,Investimenti,Opere ultimate (Tabella C),Sviluppo infrastrutturale e upgrading,,,,,agg2025,31/12/2024,E.2,1445,,,agg2025,139
J84C19000370009,in corso,Investimenti,Tabella A/B,Potenziamento infrastrutturale scalo di Brescia Potenziamento infrastrutturale scalo di Brescia,P256,,,,,,,,,,agg2025,57
J84C20000050001,in corso,Investimenti,Appendice 2 (CUP dei programmi),Upgrading collegamenti con porti e terminali - DOIT Firenze,,P060,Upgrading collegamenti con porti e terminali - DOIT Firenze,,,,,,,,app2-agg2025,12
J84C20001870001,in corso,Investimenti,Appendice 2 (CUP dei programmi),Interventi di upgrading prestazionale e tecnologico ambito linee - DOIT Firenze,,P224,Interventi di upgrading prestazionale e tecnologico ambito linee - DOIT Firenze,,,,,,,,app2-agg2025,15
J84C20001880001,in corso,Investimenti,Appendice 2 (CUP dei programmi),Interventi di upgrade tecnologico e prestazionale - DOIT Firenze,,P194,Interventi di upgrade tecnologico e prestazionale - DOIT Firenze,,,,,,,,app2-agg2025,12
J84C20001890001,in corso,Investimenti,Appendice 2 (CUP dei programmi),Upgrading tecnologico - DOIT Ancona,,P224,Upgrading tecnologico - DOIT Ancona,,,,,,,,app2-agg2025,15
J84C20001900001,in corso,Investimenti,Appendice 2 (CUP dei programmi),Potenziamento servizi extra pacchetto minimo di accesso - DOIT Ancona,,P200,Potenziamento servizi extra pacchetto minimo di accesso - DOIT Ancona,,,,,,,,app2-agg2025,10
J84C20001910001,in corso,Investimenti,Appendice 2 (CUP dei programmi),Interventi di upgrade tecnologico e prestazionale - DOIT Bari,,P223,Interventi di upgrade tecnologico e prestazionale - DOIT Bari,,,,,,,,app2-agg2025,14
J84C20001920001,in corso,Investimenti,Appendice 2 (CUP dei programmi),Interventi di upgrade tecnologico e prestazionale - DOIT Ancona,,P200,Interventi di upgrade tecnologico e prestazionale - DOIT Ancona,,,,,,,,app2-agg2025,10
J84E21001320008,in corso,Investimenti,Tabella A/B,Roma-Pescara fasi Raddoppio Tagliacozzo-Avezzano PROG PROG Raddoppio Sulmona-Pratola Peligna PROG PROG Raddoppio Scafa-Manoppello-Interporto d'Abruzzo,P240A|P240B,,,,,,,,,,agg2025,72
J84E21002850001,in corso,Investimenti,Appendice 2 (CUP dei programmi),Adeguamento a STI opere civili - DOIT Ancona,,A1004F,Adeguamento a STI opere civili - DOIT Ancona,,,,,,,,app2-agg2025,3
J84E21002910001,in corso,Investimenti,Appendice 2 (CUP dei programmi),Elettrificazione Como - Molteno - Lecco,,P198,Elettrificazione Como - Molteno - Lecco,,,,,,,,app2-agg2025,10
J84E21003810001,in corso,Investimenti,Appendice 2 (CUP dei programmi),Linea Pontremolese,,P198,Linea Pontremolese,,,,,,,,app2-agg2025,10
J84E21004550001,in corso,Investimenti,Tabella A/B,Scalo Torino Orbassano ACC Torino Orbassano Scalo Torino Orbassano: interventi in fascio container,P175,,,,,,,,,,agg2025,56
J84F05000030001,in corso,Investimenti,Tabella A/B,"Potenziamento Metaponto-Sibari-Bivio S.Antonello opere prioritarie Metaponto-Sibari-Paola: potenziamento linea di contatto, adeguamento a modulo 750 m e semplificazione impianti, rettifiche di tracciato località Cassano, Tarsia e Torano e variante di Acri",0311A|0311B,,,,,,,,,,agg2025,61
J84F05000040001,concluso,Investimenti,Opere ultimate (Tabella C),Velocizzazione Potenza - Metaponto,,,,0309,agg2024,31/12/2023,E.4,0309,,,agg2024,113
J84G18000190001,in corso,Investimenti,Appendice 2 (CUP dei programmi),Adeguamento a STI opere civili - DOIT Bologna,,A1004F,Adeguamento a STI opere civili - DOIT Bologna,,,,,,,,app2-agg2025,3
J84G18000200001,in corso,Investimenti,Appendice 2 (CUP dei programmi),Adeguamento a STI opere civili - DOIT Firenze,,A1004F,Adeguamento a STI opere civili - DOIT Firenze,,,,,,,,app2-agg2025,3
J84H14001280001,in corso,Investimenti,Appendice 2 (CUP dei programmi),Upgrading prestazionale corridoio Scan-Med - DOIT Bologna,,P224,Upgrading prestazionale corridoio Scan-Med - DOIT Bologna,,,,,,,,app2-agg2025,14
J84H14001290001,concluso,Investimenti,Opere ultimate (Tabella C),"Upgrading linea Adriatica - opere civili, armamento e trazione elettrica DOIT Bologna",,,,I071,agg2023,31/12/2022,E.2,1873,,,agg2023,38
J84H14001300001,concluso,Investimenti,Opere ultimate (Tabella C),"Upgrading linea Adriatica - opere civili, armamento e trazione elettrica DOIT Ancona",,,,I071,agg2023,31/12/2022,E.2,1874,,,agg2023,38
J84H14001310001,concluso,Investimenti,Opere ultimate (Tabella C),"Upgrading linea Adriatica - opere civili, armamento e trazione elettrica DOIT Bari",,,,I071,agg2023,31/12/2022,E.2,1875,,,agg2023,38
J84H14001320001,in corso,Investimenti,Appendice 2 (CUP dei programmi),Upgrading prestazionale corridoio Scan-Med - DOIT Firenze,,P224,Upgrading prestazionale corridoio Scan-Med - DOIT Firenze,,,,,,,,app2-agg2025,14
J84H14001330001,in corso,Investimenti,Tabella A/B,Nuovo terminale Milano smistamento (interventi RFI) Milano smistamento: attrezzaggio tecnologico nuovo terminale e opere di allaccio alla rete ferroviaria nazionale,P173,,,,,,,,,,agg2025,56
J84H15001310001,in corso,Investimenti,Appendice 2 (CUP dei programmi),Collegamento Ostiense - Valle Aurelia - Vigna Clara,,P053,Collegamento Ostiense - Valle Aurelia - Vigna Clara,,,,,,,,app2-agg2025,11
J84H16000030001,concluso,Investimenti,Opere ultimate (Tabella C),Upgrading linea Adriatica - impianti di sicurezza e segnalamento Rimini-Ancona,,,,I071,agg2023,31/12/2022,E.2,1891,,,agg2023,38
J84H17000290001,in corso,Investimenti,Appendice 2 (CUP dei programmi),Risoluzione interferenze stradali valico di Luino,,P221,Risoluzione interferenze stradali valico di Luino,,,,,,,,app2-agg2025,13
J84H17000440001,in corso,Investimenti,Appendice 2 (CUP dei programmi),Upgrading nodo di Milano e linee d'interesse della Regione Lombardia,,P054,Upgrading nodo di Milano e linee d'interesse della Regione Lombardia,,,,,,,,app2-agg2025,11
J84H17000480001,in corso,Investimenti,Tabella A/B,Velocizzazione linea Milano-Genova Velocizzazione Milano-Genova 1^ fase - potenziamento tecnologico e 2^ fase - rettifiche di tracciato e piccole varianti,P133,,,,,,,,,,agg2025,63
J84H17000930009,in corso,Investimenti,Tabella A/B,Raddoppio Codogno-Cremona-Mantova 1^ fase Raddoppio Piadena-Mantova e soppressione PL critici intera linea,I178A|I178B,,,,,,,,,,agg2025,51
J84H17000940001,in corso,Investimenti,Appendice 2 (CUP dei programmi),Interventi di sviluppo e completamento linee di bacino area nord,,P054,Interventi di sviluppo e completamento linee di bacino area nord,,,,,,,,app2-agg2025,11
J84H17001080001,in corso,Investimenti,Appendice 2 (CUP dei programmi),Upgrading prestazionale corridoio Reno-Alpi (DOIT Milano),,P221,Upgrading prestazionale corridoio Reno-Alpi (DOIT Milano),,,,,,,,app2-agg2025,13
J84H17001230001,in corso,Investimenti,Tabella A/B,"Potenziamento linea Bologna-Prato Linea Bologna-Prato-Firenze: adeguamento prestazionale (sagoma, modulo) e potenziamento tecnologico",P261,,,,,,,,,,agg2025,64
J84H20000850001,in corso,Investimenti,Appendice 2 (CUP dei programmi),Upgrading Milano-Lecco-Sondrio-Tirano,,P198,Upgrading Milano-Lecco-Sondrio-Tirano,,,,,,,,app2-agg2025,10
J84H20000860001,in corso,Investimenti,Appendice 2 (CUP dei programmi),Interventi di soppressione passaggi a livello su SS38 - linea Milano-Lecco - Sondrio - Tirano,,A1006,Interventi di soppressione passaggi a livello su SS38 - linea Milano-Lecco - Sondrio - Tirano,,,,,,,,app2-agg2025,3
J84H20002450001,in corso,Investimenti,Appendice 2 (CUP dei programmi),Lunetta di Gorizia,,P223,Lunetta di Gorizia,,,,,,,,app2-agg2025,14
J84H20002460001,in corso,Investimenti,Appendice 2 (CUP dei programmi),Modifica ACC e PRG Roma Tiburtina (binari est),,P224,Modifica ACC e PRG Roma Tiburtina (binari est),,,,,,,,app2-agg2025,15
J84J18000000001,in corso,Investimenti,Tabella A/B,Ammodernamento e potenziamento rete ferroviaria Regione Abruzzo - Bretella Sulmona Bretella Sulmona,P087A,,,P087,,,,,,,agg2025,63
J84J23000100008,in corso,Investimenti,Appendice 2 (CUP dei programmi),Scavalco di PM/Bivio Adda,,P054,Scavalco di PM/Bivio Adda,,,,,,,,app2-agg2025,11
J84J23000230001,in corso,Investimenti,Appendice 2 (CUP dei programmi),Terzo binario Pescara C.le - Pescara P.N.,,P200,Terzo binario Pescara C.le - Pescara P.N.,,,,,,,,app2-agg2025,10
J84J24000020001,in corso,Investimenti,Appendice 2 (CUP dei programmi),Olimpiadi Invernali 2026 - ambito DOIT Milano,,P198,Olimpiadi Invernali 2026 - ambito DOIT Milano,,,,,,,,app2-agg2025,10
J84J24000100001,in corso,Investimenti,Appendice 2 (CUP dei programmi),Sottosistema strutturale energetico - DOIT Ancona,,A2001B,Sottosistema strutturale energetico - DOIT Ancona,,,,,,,,app2-agg2025,6
J84J24000110001,in corso,Investimenti,Appendice 2 (CUP dei programmi),Sottosistema strutturale energetico - DOIT Bari,,A2001B,Sottosistema strutturale energetico - DOIT Bari,,,,,,,,app2-agg2025,6
J84J24000120001,in corso,Investimenti,Appendice 2 (CUP dei programmi),Sottosistema strutturale energetico - DOIT Bologna,,A2001B,Sottosistema strutturale energetico - DOIT Bologna,,,,,,,,app2-agg2025,6
J84J24000130001,in corso,Investimenti,Appendice 2 (CUP dei programmi),Sottosistema strutturale energetico - DOIT Firenze,,A2001B,Sottosistema strutturale energetico - DOIT Firenze,,,,,,,,app2-agg2025,6
J84J24000690005,in corso,Investimenti,Appendice 2 (CUP dei programmi),Interventi di potenziamento servizi IF,,P200,Interventi di potenziamento servizi IF,,,,,,,,app2-agg2025,10
J84J24000790001,in corso,Investimenti,Appendice 2 (CUP dei programmi),Upgrading infrastrutturale e tecnologico DOIT Bologna - 2024,,P112,Upgrading infrastrutturale e tecnologico DOIT Bologna - 2024,,,,,,,,app2-agg2025,11
J84J24000840001,in corso,Investimenti,Appendice 2 (CUP dei programmi),Adeguamento fermata esistente MI Forlanini,,P054,Adeguamento fermata esistente MI Forlanini,,,,,,,,app2-agg2025,11
J86E19000400001,in corso,Investimenti,Appendice 2 (CUP dei programmi),Velocizzazione  Adriatica e Upgrading tecnologico DOIT Ancona,,P223,Velocizzazione  Adriatica e Upgrading tecnologico DOIT Ancona,,,,,,,,app2-agg2025,14
J86G21006210001,in corso,Investimenti,Appendice 2 (CUP dei programmi),Sviluppo Posti Centrali Centro,,A2001B,Sviluppo Posti Centrali Centro,,,,,,,,app2-agg2025,6
J86I18000060009,in corso,Investimenti,Appendice 2 (CUP dei programmi),Potenziamento tecnologico nodo di Roma 2^ fase,,P053,Potenziamento tecnologico nodo di Roma 2^ fase,,,,,,,,app2-agg2025,11
J86J17000450001,in corso,Investimenti,Appendice 2 (CUP dei programmi),Interventi diffusi di potenziamento tecnologico (DOIT Bologna),,P199,Interventi diffusi di potenziamento tecnologico (DOIT Bologna),,,,,,,,app2-agg2025,10
J86J17000460001,in corso,Investimenti,Appendice 2 (CUP dei programmi),Interventi diffusi di potenziamento tecnologico (DOIT Firenze),,P200,Interventi diffusi di potenziamento tecnologico (DOIT Firenze),,,,,,,,app2-agg2025,10
J86J17000630009,in corso,Investimenti,Appendice 2 (CUP dei programmi),Dimostratori tecnologici di Osmannoro,,A2008,Dimostratori tecnologici di Osmannoro,,,,,,,,app2-agg2025,7
J87B13000070001,in corso,Investimenti,Appendice 2 (CUP dei programmi),Miglioramento sicurezza gallerie ferroviarie - DOIT Firenze - 2014,,A1004A,Miglioramento sicurezza gallerie ferroviarie - DOIT Firenze - 2014,,,,,,,,app2-agg2025,2
J87B14000230001,concluso,Investimenti,Opere ultimate (Tabella C),Sviluppo infrastrutturale e upgrading,,,,,agg2025,31/12/2024,E.2,1839,,,agg2025,139
J87B14000240005,concluso,Investimenti,Opere ultimate (Tabella C),Sviluppo infrastrutturale e upgrading,,,,,agg2025,31/12/2024,E.2,1840,,,agg2025,139
J87B14000250005,concluso,Investimenti,Opere ultimate (Tabella C),Sviluppo infrastrutturale e upgrading,,,,,agg2025,31/12/2024,E.2,1851,,,agg2025,139
J87B14000390001,concluso,Investimenti,Opere ultimate (Tabella C),Sicurezza ed Obblighi di Legge,,,,,agg2025,31/12/2024,E.1,1277,,,agg2025,137
J87B14000400001,concluso,Investimenti,Opere ultimate (Tabella C),"Tecnologie per la sicurezza, la circolazione e l'efficientamento",,,,,agg2025,31/12/2024,E.5,1824,,,agg2025,143
J87B14000410001,concluso,Investimenti,Opere ultimate (Tabella C),"Tecnologie per la sicurezza, la circolazione e l'efficientamento",,,,,agg2025,31/12/2024,E.5,1826,,,agg2025,143
J87B14000420001,concluso,Investimenti,Opere ultimate (Tabella C),"Tecnologie per la sicurezza, la circolazione e l'efficientamento",,,,,agg2025,31/12/2024,E.5,1827,,,agg2025,143
J87B14000430001,concluso,Investimenti,Opere ultimate (Tabella C),"Tecnologie per la sicurezza, la circolazione e l'efficientamento",,,,,agg2025,31/12/2024,E.5,1830,,,agg2025,143
J87B14000440001,concluso,Investimenti,Opere ultimate (Tabella C),Binari senza tempo - DTP AN,,,,,cdp2017,31/12/2016,A03/04,1867,,,cdp2017,180
J87B14000450001,concluso,Investimenti,Opere ultimate (Tabella C),Sviluppo infrastrutturale e upgrading,,,,P214,agg2025,31/12/2024,E.2,1870,,,agg2025,139
J87B14000480001,concluso,Investimenti,Opere ultimate (Tabella C),Sicurezza ed Obblighi di Legge,,,,,agg2025,31/12/2024,E.1,1603,,,agg2025,137
J87B15000140001,concluso,Investimenti,Opere ultimate (Tabella C),Manutenzione Straordinaria cicli fino al 2011,,,,,agg2025,31/12/2024,E.1,0634,,,agg2025,134
J87B15000390001,concluso,Investimenti,Opere ultimate (Tabella C),"Tecnologie per la sicurezza, la circolazione e l'efficientamento",,,,,agg2025,31/12/2024,E.5,1827,,,agg2025,143
J87B16000240001,concluso,Investimenti,Opere ultimate (Tabella C),Sicurezza ed Obblighi di Legge,,,,,agg2025,31/12/2024,E.1,1895,,,agg2025,137
J87B16000250001,concluso,Investimenti,Opere ultimate (Tabella C),Sicurezza ed Obblighi di Legge,,,,,agg2025,31/12/2024,E.1,1897,,,agg2025,137
J87B16000260001,concluso,Investimenti,Opere ultimate (Tabella C),Sicurezza ed Obblighi di Legge,,,,,agg2025,31/12/2024,E.1,1899,,,agg2025,137
J87B16000270001,concluso,Investimenti,Opere ultimate (Tabella C),"Tecnologie per la sicurezza, la circolazione e l'efficientamento",,,,,agg2025,31/12/2024,E.5,1824,,,agg2025,143
J87B16000280001,concluso,Investimenti,Opere ultimate (Tabella C),"Tecnologie per la sicurezza, la circolazione e l'efficientamento",,,,,agg2025,31/12/2024,E.5,1827,,,agg2025,143
J87B16000290001,concluso,Investimenti,Opere ultimate (Tabella C),"Tecnologie per la sicurezza, la circolazione e l'efficientamento",,,,,agg2025,31/12/2024,E.5,1830,,,agg2025,143
J87B16000410001,concluso,Investimenti,Opere ultimate (Tabella C),Sviluppo infrastrutturale e upgrading,,,,,agg2025,31/12/2024,E.2,1840,,,agg2025,139
J87B16000420001,concluso,Investimenti,Opere ultimate (Tabella C),Liberazione Immobili - DOIT AN - 2016,,,,,agg2024,31/12/2023,E.2,1839,,,agg2024,113
J87B16000430001,concluso,Investimenti,Opere ultimate (Tabella C),Liberazione immobili - DOIT BO - 2016,,,,,agg2024,31/12/2023,E.2,1921,,,agg2024,113
J87B16000440001,concluso,Investimenti,Opere ultimate (Tabella C),Sviluppo infrastrutturale e upgrading,,,,,agg2025,31/12/2024,E.2,1851,,,agg2025,139
J87B16000510001,concluso,Investimenti,Opere ultimate (Tabella C),Sicurezza ed Obblighi di Legge,,,,,agg2025,31/12/2024,E.1,1896,,,agg2025,137
J87B16000630001,concluso,Investimenti,Opere ultimate (Tabella C),"Tecnologie per la sicurezza, la circolazione e l'efficientamento",,,,,agg2025,31/12/2024,E.5,1826,,,agg2025,143
J87B17000250001,concluso,Investimenti,Opere ultimate (Tabella C),"Tecnologie per la sicurezza, la circolazione e l'efficientamento",,,,,agg2025,31/12/2024,E.5,1824,,,agg2025,143
J87B17000260001,concluso,Investimenti,Opere ultimate (Tabella C),"Tecnologie per la sicurezza, la circolazione e l'efficientamento",,,,,agg2025,31/12/2024,E.5,1826,,,agg2025,143
J87B17000270001,concluso,Investimenti,Opere ultimate (Tabella C),"Tecnologie per la sicurezza, la circolazione e l'efficientamento",,,,,agg2025,31/12/2024,E.5,1827,,,agg2025,143
J87B17000280001,concluso,Investimenti,Opere ultimate (Tabella C),"Tecnologie per la sicurezza, la circolazione e l'efficientamento",,,,,agg2025,31/12/2024,E.5,1830,,,agg2025,143
J87B17000300001,concluso,Investimenti,Opere ultimate (Tabella C),Sicurezza ed Obblighi di Legge,,,,,agg2025,31/12/2024,E.1,1895,,,agg2025,137
J87B17000310001,concluso,Investimenti,Opere ultimate (Tabella C),Sicurezza ed Obblighi di Legge,,,,,agg2025,31/12/2024,E.1,1896,,,agg2025,137
J87B17000320001,concluso,Investimenti,Opere ultimate (Tabella C),Sicurezza ed Obblighi di Legge,,,,,agg2025,31/12/2024,E.1,1897,,,agg2025,137
J87B17000330001,concluso,Investimenti,Opere ultimate (Tabella C),Sicurezza ed Obblighi di Legge,,,,,agg2025,31/12/2024,E.1,1899,,,agg2025,137
J87B17000440001,in corso,Investimenti,Appendice 2 (CUP dei programmi),Liberazione Immobili - DOIT BA - 2017,,P201,Liberazione Immobili - DOIT BA - 2017,,,,,,,,app2-agg2025,11
J87B17000610004,concluso,Investimenti,Opere ultimate (Tabella C),Manutenzione Straordinaria cicli fino al 2011,,,,,agg2025,31/12/2024,E.1,0622,,,agg2025,134
J87B17000830001,in corso,Investimenti,Appendice 2 (CUP dei programmi),Miglioramento sicurezza gallerie ferroviarie - DOIT Firenze - 2017,,A1004A,Miglioramento sicurezza gallerie ferroviarie - DOIT Firenze - 2017,,,,,,,,app2-agg2025,2
J87B17000840001,in corso,Investimenti,Appendice 2 (CUP dei programmi),Miglioramento sicurezza gallerie ferroviarie - DOIT Bologna - 2017,,A1004A,Miglioramento sicurezza gallerie ferroviarie - DOIT Bologna - 2017,,,,,,,,app2-agg2025,2
J87B17000850001,in corso,Investimenti,Appendice 2 (CUP dei programmi),Miglioramento sicurezza gallerie ferroviarie - DOIT Ancona - 2017,,A1004A,Miglioramento sicurezza gallerie ferroviarie - DOIT Ancona - 2017,,,,,,,,app2-agg2025,2
J87B20002740001,servizi,Servizi,"Servizi, Allegato 4c",Manutenzione Straordinaria Linee Bari - 2021,,,,,,,,,Allegato 4c,0.11,srv2026,17
J87B20002810001,servizi,Servizi,"Servizi, Allegato 4c",Manutenzione Straordinaria Linee AV/AC Bologna - 2021,,,,,,,,,Allegato 4c,0,srv2026,17
J87D17000010001,concluso,Investimenti,Opere ultimate (Tabella C),Sviluppo infrastrutturale e upgrading,,,,,agg2025,31/12/2024,E.2,1870,,,agg2025,139
J87D17000020001,concluso,Investimenti,Opere ultimate (Tabella C),Sicurezza ed Obblighi di Legge,,,,,agg2025,31/12/2024,E.1,1976,,,agg2025,137
J87D17000030001,in corso,Investimenti,Appendice 2 (CUP dei programmi),Upgrading rete merci - DOIT Bari,,P221,Upgrading rete merci - DOIT Bari,,,,,,,,app2-agg2025,12
J87D17000050001,in corso,Investimenti,Appendice 2 (CUP dei programmi),Upgrading prestazionale corridoio Scan-Med- DOIT Bari,,P223,Upgrading prestazionale corridoio Scan-Med- DOIT Bari,,,,,,,,app2-agg2025,14
J87D18000000001,concluso,Investimenti,Opere ultimate (Tabella C),Sicurezza ed Obblighi di Legge,,,,,agg2025,31/12/2024,E.1,1895,,,agg2025,137
J87D18000010001,in corso,Investimenti,Appendice 2 (CUP dei programmi),Piano sicurezza armamento DOIT Bari - 2018,,A1004E,Piano sicurezza armamento DOIT Bari - 2018,,,,,,,,app2-agg2025,3
J87D18000020001,concluso,Investimenti,Opere ultimate (Tabella C),Sicurezza ed Obblighi di Legge,,,,,agg2025,31/12/2024,E.1,1897,,,agg2025,137
J87D18000030001,concluso,Investimenti,Opere ultimate (Tabella C),Sicurezza ed Obblighi di Legge,,,,,agg2025,31/12/2024,E.1,1899,,,agg2025,137
J87D22000030001,in corso,Investimenti,Appendice 2 (CUP dei programmi),Piano difesa della sede da fenomeni di dissesto idrogeologico - DOIT Bologna - 2022,,A1013A,Piano difesa della sede da fenomeni di dissesto idrogeologico - DOIT Bologna - 2022,,,,,,,,app2-agg2025,4
J87D22000040001,in corso,Investimenti,Appendice 2 (CUP dei programmi),Piano difesa della sede da fenomeni di dissesto idrogeologico - DOIT Ancona - 2022,,A1013A,Piano difesa della sede da fenomeni di dissesto idrogeologico - DOIT Ancona - 2022,,,,,,,,app2-agg2025,4
J87D22000050001,in corso,Investimenti,Appendice 2 (CUP dei programmi),Piano difesa della sede da fenomeni di dissesto idrogeologico - DOIT Firenze - 2022,,A1013A,Piano difesa della sede da fenomeni di dissesto idrogeologico - DOIT Firenze - 2022,,,,,,,,app2-agg2025,4
J87D22000060001,in corso,Investimenti,Appendice 2 (CUP dei programmi),Piano difesa della sede da fenomeni di dissesto idrogeologico - DOIT Bari - 2022,,A1013A,Piano difesa della sede da fenomeni di dissesto idrogeologico - DOIT Bari - 2022,,,,,,,,app2-agg2025,4
J87D22000110001,in corso,Investimenti,Appendice 2 (CUP dei programmi),Upgrading infrastrutturale e tecnologico DOIT Ancona - 2022 (comprende Piastra Logistica Terni),,P224,Upgrading infrastrutturale e tecnologico DOIT Ancona - 2022 (comprende Piastra Logistica Terni),,,,,,,,app2-agg2025,14
J87D22000130001,in corso,Investimenti,Appendice 2 (CUP dei programmi),Riqualificazione stazioni Area Centro Nord,,P055_A,Riqualificazione stazioni Area Centro Nord,,,,,,,,app2-agg2025,9
J87D22000140001,in corso,Investimenti,Appendice 2 (CUP dei programmi),"deploy SEM - area Centro Nord Riqualificazione funzionale e adeguamento dell'accessibilità dei fabbricati e delle aree antistanti di stazione, deploy Wi-life e",,P055_A,"deploy SEM - area Centro Nord Riqualificazione funzionale e adeguamento dell'accessibilità dei fabbricati e delle aree antistanti di stazione, deploy Wi-life e",,,,,,,,app2-agg2025,9
J87D22000270001,in corso,Investimenti,Appendice 2 (CUP dei programmi),Binari senza tempo - DOIT AN - 2023,,P214,Binari senza tempo - DOIT AN - 2023,,,,,,,,app2-agg2025,9
J87D22000310001,in corso,Investimenti,Appendice 2 (CUP dei programmi),Innalzamento/prolungamento dei marciapiedi e IAP di stazione - area Centro Nord,,P055_A,Innalzamento/prolungamento dei marciapiedi e IAP di stazione - area Centro Nord,,,,,,,,app2-agg2025,9
J87D22000320001,in corso,Investimenti,Appendice 2 (CUP dei programmi),Verifiche vulnerabilità fisica fabbricati di stazione - Area  Centro Nord,,A1013B,Verifiche vulnerabilità fisica fabbricati di stazione - Area  Centro Nord,,,,,,,,app2-agg2025,5
J87D22000330001,servizi,Servizi,"Servizi, Allegato 4c",CdP-S Infrastruttura Fisica DOIT Ancona - anno 2023,,,,,,,,,Allegato 4c,0.53,srv2026,17
J87D22000340001,servizi,Servizi,"Servizi, Allegato 4c",CdP-S Infrastruttura Fisica DOIT Bari - anno 2023,,,,,,,,,Allegato 12|Allegato 4c,31.1,srv2026,17
J87D22000370001,servizi,Servizi,"Servizi, Allegato 4c",CdP-S Infrastruttura Tecnologica DOIT Ancona - anno 2023,,,,,,,,,Allegato 4c,0.06,srv2026,17
J87D22000440001,in corso,Investimenti,Appendice 2 (CUP dei programmi),Miglioramento sicurezza gallerie ferroviarie - DOIT Ancona - 2024,,A1004A,Miglioramento sicurezza gallerie ferroviarie - DOIT Ancona - 2024,,,,,,,,app2-agg2025,2
J87D22000450001,in corso,Investimenti,Appendice 2 (CUP dei programmi),Miglioramento sicurezza gallerie ferroviarie - DOIT Bologna - 2022,,A1004A,Miglioramento sicurezza gallerie ferroviarie - DOIT Bologna - 2022,,,,,,,,app2-agg2025,2
J87D22000470001,in corso,Investimenti,Appendice 2 (CUP dei programmi),Tecnologie per la sicurezza settore IS - DOIT Bari,,A2004A,Tecnologie per la sicurezza settore IS - DOIT Bari,,,,,,,,app2-agg2025,7
J87D22000480001,in corso,Investimenti,Appendice 2 (CUP dei programmi),Tecnologie per la sicurezza settore IS - DOIT Bologna,,A2004A,Tecnologie per la sicurezza settore IS - DOIT Bologna,,,,,,,,app2-agg2025,7
J87D22000490001,in corso,Investimenti,Appendice 2 (CUP dei programmi),Tecnologie per la sicurezza settore IS - DOIT Firenze,,A2004A,Tecnologie per la sicurezza settore IS - DOIT Firenze,,,,,,,,app2-agg2025,7
J87D22000560001,in corso,Investimenti,Appendice 2 (CUP dei programmi),DOIT AN – upgrading linee merci,,P223,DOIT AN – upgrading linee merci,,,,,,,,app2-agg2025,14
J87D23000020001,concluso,Investimenti,Opere ultimate (Tabella C),Miglioramenti infrastrutturali,,,,,agg2024,31/12/2023,E.1,0627,,,agg2024,113
J87D23000040001,in corso,Investimenti,Appendice 2 (CUP dei programmi),Piano difesa della sede da fenomeni di dissesto idrogeologico - DOIT Bologna - 2023,,A1013A,Piano difesa della sede da fenomeni di dissesto idrogeologico - DOIT Bologna - 2023,,,,,,,,app2-agg2025,4
J87D23000050001,in corso,Investimenti,Appendice 2 (CUP dei programmi),Piano difesa della sede da fenomeni di dissesto idrogeologico - DOIT Ancona - 2023,,A1013A,Piano difesa della sede da fenomeni di dissesto idrogeologico - DOIT Ancona - 2023,,,,,,,,app2-agg2025,4
J87D23000060001,in corso,Investimenti,Appendice 2 (CUP dei programmi),Piano difesa della sede da fenomeni di dissesto idrogeologico - DOIT Firenze - 2023,,A1013A,Piano difesa della sede da fenomeni di dissesto idrogeologico - DOIT Firenze - 2023,,,,,,,,app2-agg2025,4
J87D23000070001,in corso,Investimenti,Appendice 2 (CUP dei programmi),Piano difesa della sede da fenomeni di dissesto idrogeologico - DOIT Bari - 2023,,A1013A,Piano difesa della sede da fenomeni di dissesto idrogeologico - DOIT Bari - 2023,,,,,,,,app2-agg2025,4
J87D23000130001,in corso,Investimenti,Appendice 2 (CUP dei programmi),Binari senza tempo - DOIT FI - 2023,,P214,Binari senza tempo - DOIT FI - 2023,,,,,,,,app2-agg2025,10
J87D23000170001,servizi,Servizi,"Servizi, Allegato 4c",CdP-S Infrastruttura Fisica DOIT Ancona - anno 2024,,,,,,,,,Allegato 4c,0.63,srv2026,17
J87D24000050001,in corso,Investimenti,Appendice 2 (CUP dei programmi),Miglioramento sicurezza gallerie ferroviarie - DOIT Ancona - 2024,,A1004A,Miglioramento sicurezza gallerie ferroviarie - DOIT Ancona - 2024,,,,,,,,app2-agg2025,2
J87D24000150005,in corso,Investimenti,Appendice 2 (CUP dei programmi),Upgrading Terminali Merci - Bologna,,P060,Upgrading Terminali Merci - Bologna,,,,,,,,app2-agg2025,12
J87D24000210001,in corso,Investimenti,Appendice 2 (CUP dei programmi),Miglioramenti infrastrutturali Potenziamento – Firenze - 2024,,P200,Miglioramenti infrastrutturali Potenziamento – Firenze - 2024,,,,,,,,app2-agg2025,10
J87D24000230001,in corso,Investimenti,Appendice 2 (CUP dei programmi),BO - Mitigazione rischio idrogeologico,,A1013A,BO - Mitigazione rischio idrogeologico,,,,,,,,app2-agg2025,4
J87D24000240001,in corso,Investimenti,Appendice 2 (CUP dei programmi),FI - Mitigazione rischio idrogeologico,,A1013A,FI - Mitigazione rischio idrogeologico,,,,,,,,app2-agg2025,4
J87D24000250001,in corso,Investimenti,Appendice 2 (CUP dei programmi),BA - Mitigazione rischio idrogeologico,,A1013A,BA - Mitigazione rischio idrogeologico,,,,,,,,app2-agg2025,5
J87D24000260001,in corso,Investimenti,Appendice 2 (CUP dei programmi),Frana Fiume Latte,,A1013A,Frana Fiume Latte,,,,,,,,app2-agg2025,4
J87D25000000001,in corso,Investimenti,Appendice 2 (CUP dei programmi),UTL Interventi dissesto,,A1013A,UTL Interventi dissesto,,,,,,,,app2-agg2025,4
J87D25000010001,in corso,Investimenti,Appendice 2 (CUP dei programmi),Mitigazione rischio idrogeologico UT SE,,A1013A,Mitigazione rischio idrogeologico UT SE,,,,,,,,app2-agg2025,5
J87D25000020001,in corso,Investimenti,Appendice 2 (CUP dei programmi),DTP.BO dif.Sede da fenom.dissesto idrog,,A1013A,DTP.BO dif.Sede da fenom.dissesto idrog,,,,,,,,app2-agg2025,4
J87D25000030001,in corso,Investimenti,Appendice 2 (CUP dei programmi),FI - Mitigazione rischio idrogeologico,,A1013A,FI - Mitigazione rischio idrogeologico,,,,,,,,app2-agg2025,4
J87E13000540001,concluso,Investimenti,Opere ultimate (Tabella C),OBBLIGHI DI LEGGE - aree Portonaccio - 2013,,,,,agg2021,31/12/2020,E.1,1301,,,agg2021,127
J87E13000610001,concluso,Investimenti,Opere ultimate (Tabella C),Sicurezza ed Obblighi di Legge,,,,,agg2025,31/12/2024,E.1,1274,,,agg2025,137
J87F19000070001,concluso,Investimenti,Opere ultimate (Tabella C),Sviluppo infrastrutturale e upgrading,,,,,agg2025,31/12/2024,E.2,1851,,,agg2025,139
J87F19000120001,in corso,Investimenti,Appendice 2 (CUP dei programmi),Interventi diffusi di upgrading infrastrutturale DOIT Ancona,,P223,Interventi diffusi di upgrading infrastrutturale DOIT Ancona,,,,,,,,app2-agg2025,14
J87F19000170001,in corso,Investimenti,Appendice 2 (CUP dei programmi),Miglioramento sicurezza gallerie ferroviarie - DOIT Ancona - 2019,,A1004A,Miglioramento sicurezza gallerie ferroviarie - DOIT Ancona - 2019,,,,,,,,app2-agg2025,2
J87F19000190001,concluso,Investimenti,Opere ultimate (Tabella C),Sicurezza ed Obblighi di Legge,,,,,agg2025,31/12/2024,E.1,3163,,,agg2025,137
J87F19000210001,in corso,Investimenti,Appendice 2 (CUP dei programmi),Piano conservazione opere d'arte DOIT Firenze- 2019,,A1014,Piano conservazione opere d'arte DOIT Firenze- 2019,,,,,,,,app2-agg2025,5
J87F19000250001,in corso,Investimenti,Appendice 2 (CUP dei programmi),Upgrading infrastrutturale e tecnologico DOIT Ancona - 2019,,P224,Upgrading infrastrutturale e tecnologico DOIT Ancona - 2019,,,,,,,,app2-agg2025,14
J87F19000260001,in corso,Investimenti,Appendice 2 (CUP dei programmi),Upgrading infrastrutturale e tecnologico DOIT Bologna - 2019,,P112,Upgrading infrastrutturale e tecnologico DOIT Bologna - 2019,,,,,,,,app2-agg2025,11
J87F19000270001,concluso,Investimenti,Opere ultimate (Tabella C),Sviluppo infrastrutturale e upgrading,,,,,agg2025,31/12/2024,E.2,3182,,,agg2025,139
J87F19000280001,concluso,Investimenti,Opere ultimate (Tabella C),Sviluppo infrastrutturale e upgrading,,,,,agg2025,31/12/2024,E.2,1870,,,agg2025,139
J87F20000010001,in corso,Investimenti,Appendice 2 (CUP dei programmi),Piano conservazione opere d'arte DOIT Bologna- 2020,,A1014,Piano conservazione opere d'arte DOIT Bologna- 2020,,,,,,,,app2-agg2025,5
J87F20000030001,in corso,Investimenti,Appendice 2 (CUP dei programmi),Upgrading rete viaggiatori DOIT Ancona - ante 2011 - 2020,,P200,Upgrading rete viaggiatori DOIT Ancona - ante 2011 - 2020,,,,,,,,app2-agg2025,10
J87F20000040001,concluso,Investimenti,Opere ultimate (Tabella C),Sicurezza ed Obblighi di Legge,,,,,agg2025,31/12/2024,E.1,1895,,,agg2025,137
J87F20000050001,concluso,Investimenti,Opere ultimate (Tabella C),Sicurezza ed Obblighi di Legge,,,,,agg2025,31/12/2024,E.1,1896,,,agg2025,137
J87F20000060001,in corso,Investimenti,Appendice 2 (CUP dei programmi),Piano sicurezza armamento DOIT Bologna - 2020,,A1004E,Piano sicurezza armamento DOIT Bologna - 2020,,,,,,,,app2-agg2025,3
J87F20000070001,concluso,Investimenti,Opere ultimate (Tabella C),Sicurezza ed Obblighi di Legge,,,,,agg2025,31/12/2024,E.1,1899,,,agg2025,137
J87F20000080001,in corso,Investimenti,Appendice 2 (CUP dei programmi),Smaltimento materiali inquinanti (DOIT Firenze) - 2020,,A1004D,Smaltimento materiali inquinanti (DOIT Firenze) - 2020,,,,,,,,app2-agg2025,3
J87F20000100001,concluso,Investimenti,Opere ultimate (Tabella C),Sviluppo infrastrutturale e upgrading,,,,,agg2025,31/12/2024,E.2,3179,,,agg2025,139
J87F20000140001,in corso,Investimenti,Appendice 2 (CUP dei programmi),Miglioramento sicurezza gallerie ferroviarie - DOIT Firenze - 2020,,A1004A,Miglioramento sicurezza gallerie ferroviarie - DOIT Firenze - 2020,,,,,,,,app2-agg2025,2
J87F20000190001,concluso,Investimenti,Opere ultimate (Tabella C),"Tecnologie per la sicurezza, la circolazione e l'efficientamento",,,,,agg2025,31/12/2024,E.5,1826,,,agg2025,143
J87F20000200001,concluso,Investimenti,Opere ultimate (Tabella C),"Tecnologie per la sicurezza, la circolazione e l'efficientamento",,,,,agg2025,31/12/2024,E.5,1827,,,agg2025,143
J87F20000210001,in corso,Investimenti,Appendice 2 (CUP dei programmi),Piano difesa della sede da fenomeni di dissesto idrogeologico - DOIT Bari - 2020,,A1013A,Piano difesa della sede da fenomeni di dissesto idrogeologico - DOIT Bari - 2020,,,,,,,,app2-agg2025,4
J87F20000220001,concluso,Investimenti,Opere ultimate (Tabella C),Sicurezza ed Obblighi di Legge,,,,,agg2025,31/12/2024,E.1,3162,,,agg2025,137
J87F20000230001,in corso,Investimenti,Appendice 2 (CUP dei programmi),Piano conservazione opere d'arte DOIT Bari- 2020,,A1014,Piano conservazione opere d'arte DOIT Bari- 2020,,,,,,,,app2-agg2025,5
J87F20000240001,in corso,Investimenti,Appendice 2 (CUP dei programmi),Piano conservazione opere d'arte DOIT Firenze- 2020,,A1014,Piano conservazione opere d'arte DOIT Firenze- 2020,,,,,,,,app2-agg2025,5
J87F20000250001,in corso,Investimenti,Appendice 2 (CUP dei programmi),Smaltimento materiali inquinanti (DOIT Ancona) - 2020,,A1004D,Smaltimento materiali inquinanti (DOIT Ancona) - 2020,,,,,,,,app2-agg2025,2
J87F20000260001,in corso,Investimenti,Appendice 2 (CUP dei programmi),Potenziamento infrastrutturale e tecnologico DOIT Firenze - 2020,,P076,Potenziamento infrastrutturale e tecnologico DOIT Firenze - 2020,,,,,,,,app2-agg2025,11
J87F20000270001,in corso,Investimenti,Appendice 2 (CUP dei programmi),Upgrading infrastrutturale e tecnologico DOIT Bologna - 2020,,P112,Upgrading infrastrutturale e tecnologico DOIT Bologna - 2020,,,,,,,,app2-agg2025,12
J87G20000090001,concluso,Investimenti,Opere ultimate (Tabella C),Sicurezza ed Obblighi di Legge,,,,,agg2025,31/12/2024,E.1,1895,,,agg2025,137
J87G20000100001,concluso,Investimenti,Opere ultimate (Tabella C),Sicurezza ed Obblighi di Legge,,,,,agg2025,31/12/2024,E.1,1896,,,agg2025,137
J87G20000110001,in corso,Investimenti,Appendice 2 (CUP dei programmi),Piano sicurezza armamento DOIT Bologna - 2021,,A1004E,Piano sicurezza armamento DOIT Bologna - 2021,,,,,,,,app2-agg2025,3
J87G20000120001,concluso,Investimenti,Opere ultimate (Tabella C),Sicurezza ed Obblighi di Legge,,,,,agg2025,31/12/2024,E.1,1899,,,agg2025,137
J87G21000020001,in corso,Investimenti,Appendice 2 (CUP dei programmi),"DOIT Milano, upgrading infrastrutturali e tecnologici diffusi - 2021",,P222,"DOIT Milano, upgrading infrastrutturali e tecnologici diffusi - 2021",,,,,,,,app2-agg2025,14
J87H21000910001,in corso,Investimenti,Appendice 2 (CUP dei programmi),Binari senza tempo - DOIT AN,,P214,Binari senza tempo - DOIT AN,,,,,,,,app2-agg2025,9
J87H21001150001,in corso,Investimenti,Appendice 2 (CUP dei programmi),Piano difesa della sede da fenomeni di dissesto idrogeologico - DOIT Bologna - 2021,,A1013A,Piano difesa della sede da fenomeni di dissesto idrogeologico - DOIT Bologna - 2021,,,,,,,,app2-agg2025,4
J87H21001160001,concluso,Investimenti,Opere ultimate (Tabella C),"Tecnologie per la sicurezza, la circolazione e l'efficientamento",,,,,agg2025,31/12/2024,E.5,1826,,,agg2025,143
J87H21001170001,in corso,Investimenti,Appendice 2 (CUP dei programmi),Piano difesa della sede da fenomeni di dissesto idrogeologico - DOIT Firenze - 2021,,A1013A,Piano difesa della sede da fenomeni di dissesto idrogeologico - DOIT Firenze - 2021,,,,,,,,app2-agg2025,4
J87H21001180001,in corso,Investimenti,Appendice 2 (CUP dei programmi),Piano difesa della sede da fenomeni di dissesto idrogeologico - DOIT Bari - 2021,,A1013A,Piano difesa della sede da fenomeni di dissesto idrogeologico - DOIT Bari - 2021,,,,,,,,app2-agg2025,4
J87H21001190001,in corso,Investimenti,Appendice 2 (CUP dei programmi),Piano conservazione opere d'arte DOIT Ancona- 2021,,A1014,Piano conservazione opere d'arte DOIT Ancona- 2021,,,,,,,,app2-agg2025,5
J87H21001200001,in corso,Investimenti,Appendice 2 (CUP dei programmi),Piano conservazione opere d'arte DOIT Bari- 2021,,A1014,Piano conservazione opere d'arte DOIT Bari- 2021,,,,,,,,app2-agg2025,5
J87H21001210001,in corso,Investimenti,Appendice 2 (CUP dei programmi),Piano conservazione opere d'arte DOIT Bologna- 2021,,A1014,Piano conservazione opere d'arte DOIT Bologna- 2021,,,,,,,,app2-agg2025,5
J87H21001220001,in corso,Investimenti,Appendice 2 (CUP dei programmi),Piano conservazione opere d'arte DOIT Firenze- 2021,,A1014,Piano conservazione opere d'arte DOIT Firenze- 2021,,,,,,,,app2-agg2025,5
J87H21002870001,in corso,Investimenti,Appendice 2 (CUP dei programmi),Binari senza tempo - DOIT FI - 2021,,P214,Binari senza tempo - DOIT FI - 2021,,,,,,,,app2-agg2025,10
J87H21002960001,in corso,Investimenti,Appendice 2 (CUP dei programmi),Upgrading infrastrutturale e tecnologico DOIT Ancona - 2021,,P224,Upgrading infrastrutturale e tecnologico DOIT Ancona - 2021,,,,,,,,app2-agg2025,14
J87H21004090001,in corso,Investimenti,Appendice 2 (CUP dei programmi),Attrezzaggi tecnologi - DOIT Firenze,,A2001B,Attrezzaggi tecnologi - DOIT Firenze,,,,,,,,app2-agg2025,6
J87H21005340001,in corso,Investimenti,Appendice 2 (CUP dei programmi),Palazzolo-Paratico,,P214,Palazzolo-Paratico,,,,,,,,app2-agg2025,9
J87H21007930001,in corso,Investimenti,Appendice 2 (CUP dei programmi),Miglioramento sicurezza gallerie ferroviarie - DOIT Ancona - 2021,,A1004A,Miglioramento sicurezza gallerie ferroviarie - DOIT Ancona - 2021,,,,,,,,app2-agg2025,2
J87H21008090001,concluso,Investimenti,Opere ultimate (Tabella C),Sviluppo infrastrutturale e upgrading,,,,,agg2025,31/12/2024,E.2,3182,,,agg2025,139
J87H21009060001,servizi,Servizi,"Servizi, Allegato 4c",Manutenzione Straordinaria all'infrastruttura - anno 2022,,,,,,,,,Allegato 4c,0.1,srv2026,17
J87H22000220001,servizi,Servizi,"Servizi, Allegato 4c",CdP-S Infratruttura Fisica DOIT Bari - anno 2022,,,,,,,,,Allegato 4c,0.26,srv2026,17
J87H22000310001,in corso,Investimenti,Appendice 2 (CUP dei programmi),Potenziamento infrastrutturale e tecnologico DOIT Firenze - 2022,,P076,Potenziamento infrastrutturale e tecnologico DOIT Firenze - 2022,,,,,,,,app2-agg2025,11
J87H22000370001,in corso,Investimenti,Appendice 2 (CUP dei programmi),Interv. prestaz. upgr. tecn. ambito BA,,P224,Interv. prestaz. upgr. tecn. ambito BA,,,,,,,,app2-agg2025,15
J87I05000070001,concluso,Investimenti,Opere ultimate (Tabella C),Sviluppo infrastrutturale e upgrading,,,,,agg2025,31/12/2024,E.2,1452,,,agg2025,139
J87I05000080001,in corso,Investimenti,Appendice 2 (CUP dei programmi),Upgrading rete merci - DOIT Roma fase 0,,P224,Upgrading rete merci - DOIT Roma fase 0,,,,,,,,app2-agg2025,14
J87I07000000001,in corso,Investimenti,Appendice 2 (CUP dei programmi),Adeguamento ad ERTMS nelle linee di confine,,A2011,Adeguamento ad ERTMS nelle linee di confine,,,,,,,,app2-agg2025,8
J87I08000000001,concluso,Investimenti,Opere ultimate (Tabella C),Manut.Straord.Opere Dif.Infr. AV/AC Roma - ante 2011,,,,,agg2023,31/12/2022,E.1,1490,,,agg2023,37
J87I08000010001,concluso,Investimenti,Opere ultimate (Tabella C),Miglior. infrastr. su linee AV/AC Roma - ante 2011,,,,,agg2021,31/12/2020,E.1,1493,,,agg2021,127
J87I09000000001,in corso,Investimenti,Appendice 2 (CUP dei programmi),ERTMS Corridoio Mediterraneo,,A2011,ERTMS Corridoio Mediterraneo,,,,,,,,app2-agg2025,8
J87I10000920001,in corso,Investimenti,Appendice 2 (CUP dei programmi),ERTMS Corridoio Reno-Alpi,,A2011,ERTMS Corridoio Reno-Alpi,,,,,,,,app2-agg2025,8
J87I12000000001,concluso,Investimenti,Opere ultimate (Tabella C),Manutenzione Straordinaria cicli fino al 2011,,,,,agg2025,31/12/2024,E.1,0606,,,agg2025,134
J87I12000050001,concluso,Investimenti,Opere ultimate (Tabella C),Manutenzione Straordinaria cicli fino al 2011,,,,,agg2025,31/12/2024,E.1,0509,,,agg2025,134
J87I12000060001,concluso,Investimenti,Opere ultimate (Tabella C),Manutenzione Straordinaria cicli fino al 2011,,,,,agg2025,31/12/2024,E.1,1571,,,agg2025,134
J87I12000070001,concluso,Investimenti,Opere ultimate (Tabella C),Manutenzione Straordinaria cicli fino al 2011,,,,,agg2025,31/12/2024,E.1,0878,,,agg2025,134
J87I12000080001,concluso,Investimenti,Opere ultimate (Tabella C),Manutenzione Straordinaria cicli fino al 2011,,,,,agg2025,31/12/2024,E.1,0916,,,agg2025,134
J87I12000090001,concluso,Investimenti,Opere ultimate (Tabella C),Manutenzione Straordinaria cicli fino al 2011,,,,,agg2025,31/12/2024,E.1,0524,,,agg2025,134
J87I12000100001,concluso,Investimenti,Opere ultimate (Tabella C),Manutenzione Straordinaria cicli fino al 2011,,,,,agg2025,31/12/2024,E.1,0506,,,agg2025,134
J87I12000110001,concluso,Investimenti,Opere ultimate (Tabella C),Manutenzione Straordinaria cicli fino al 2011,,,,,agg2025,31/12/2024,E.1,0527,,,agg2025,134
J87I12000120001,concluso,Investimenti,Opere ultimate (Tabella C),Manutenzione Straordinaria cicli fino al 2011,,,,,agg2025,31/12/2024,E.1,0567,,,agg2025,134
J87I12000130001,concluso,Investimenti,Opere ultimate (Tabella C),Manutenzione Straordinaria cicli fino al 2011,,,,,agg2025,31/12/2024,E.1,0634,,,agg2025,134
J87I12000140001,concluso,Investimenti,Opere ultimate (Tabella C),Manutenzione Straordinaria cicli fino al 2011,,,,,agg2025,31/12/2024,E.1,0636,,,agg2025,134
J87I12000150001,concluso,Investimenti,Opere ultimate (Tabella C),Manutenzione Straordinaria cicli fino al 2011,,,,,agg2025,31/12/2024,E.1,0714,,,agg2025,134
J87I12000160001,concluso,Investimenti,Opere ultimate (Tabella C),Manutenzione Straordinaria cicli fino al 2011,,,,,agg2025,31/12/2024,E.1,0717,,,agg2025,134
J87I12000230001,concluso,Investimenti,Opere ultimate (Tabella C),Obblighi di Legge - Stazioni,,,,,cdp2017,31/12/2016,A00,1644,,,cdp2017,178
J87I13000000001,concluso,Investimenti,Opere ultimate (Tabella C),Manutenzione Straordinaria cicli fino al 2011,,,,,agg2025,31/12/2024,E.1,0602,,,agg2025,134
J87I13000010001,concluso,Investimenti,Opere ultimate (Tabella C),Manutenzione Straordinaria cicli fino al 2011,,,,,agg2025,31/12/2024,E.1,0606,,,agg2025,134
J87I13000120001,concluso,Investimenti,Opere ultimate (Tabella C),Manutenzione Straordinaria cicli fino al 2011,,,,,agg2025,31/12/2024,E.1,1571,,,agg2025,134
J87I17000020001,in corso,Investimenti,Appendice 2 (CUP dei programmi),DOIT AN – Upgrading linee viaggiatori,,P223,DOIT AN – Upgrading linee viaggiatori,,,,,,,,app2-agg2025,14
J87I17000030001,in corso,Investimenti,Appendice 2 (CUP dei programmi),DOIT BA – upgrading linee viaggiatori,,P223,DOIT BA – upgrading linee viaggiatori,,,,,,,,app2-agg2025,14
J87I17000040001,in corso,Investimenti,Appendice 2 (CUP dei programmi),DOIT BO – upgrading linee viaggiatori,,P224,DOIT BO – upgrading linee viaggiatori,,,,,,,,app2-agg2025,14
J87I17000050001,in corso,Investimenti,Appendice 2 (CUP dei programmi),DOIT FI – upgrading linee viaggiatori,,P200,DOIT FI – upgrading linee viaggiatori,,,,,,,,app2-agg2025,10
J87I17000060001,concluso,Investimenti,Opere ultimate (Tabella C),Sicurezza ed Obblighi di Legge,,,,,agg2025,31/12/2024,E.1,1978,,,agg2025,137
J87I18000020001,in corso,Investimenti,Appendice 2 (CUP dei programmi),Piano difesa della sede da fenomeni di dissesto idrogeologico - DOIT Bologna - 2018,,A1013A,Piano difesa della sede da fenomeni di dissesto idrogeologico - DOIT Bologna - 2018,,,,,,,,app2-agg2025,4
J87I18000030001,concluso,Investimenti,Opere ultimate (Tabella C),"Tecnologie per la sicurezza, la circolazione e l'efficientamento",,,,,agg2025,31/12/2024,E.5,1826,,,agg2025,143
J87I18000040001,concluso,Investimenti,Opere ultimate (Tabella C),"Tecnologie per la sicurezza, la circolazione e l'efficientamento",,,,,agg2025,31/12/2024,E.5,1827,,,agg2025,143
J87I18000050001,concluso,Investimenti,Opere ultimate (Tabella C),"Tecnologie per la sicurezza, la circolazione e l'efficientamento",,,,,agg2025,31/12/2024,E.5,1830,,,agg2025,143
J87J18000230001,in corso,Investimenti,Appendice 2 (CUP dei programmi),DOIT BO – upgrading linee merci,,P223,DOIT BO – upgrading linee merci,,,,,,,,app2-agg2025,14
J87J18000240001,in corso,Investimenti,Appendice 2 (CUP dei programmi),DOIT FI – upgrading linee merci,,P224,DOIT FI – upgrading linee merci,,,,,,,,app2-agg2025,14
J87J18000250001,concluso,Investimenti,Opere ultimate (Tabella C),"Tecnologie per la sicurezza, la circolazione e l'efficientamento",,,,,agg2025,31/12/2024,E.5,3084,,,agg2025,143
J87J18000260001,in corso,Investimenti,Appendice 2 (CUP dei programmi),Upgrading linea Adriatica - DOIT Bari,,P201,Upgrading linea Adriatica - DOIT Bari,,,,,,,,app2-agg2025,11
J87J18000270001,in corso,Investimenti,Appendice 2 (CUP dei programmi),Upgrading linea Adriatica - DOIT Ancona,,P223,Upgrading linea Adriatica - DOIT Ancona,,,,,,,,app2-agg2025,14
J87J18000280001,in corso,Investimenti,Appendice 2 (CUP dei programmi),Upgrading Carnate-Monza,,P054,Upgrading Carnate-Monza,,,,,,,,app2-agg2025,11
J87J18000340001,concluso,Investimenti,Opere ultimate (Tabella C),Sicurezza ed Obblighi di Legge,,,,,agg2025,31/12/2024,E.1,1976,,,agg2025,137
J87J18000350001,concluso,Investimenti,Opere ultimate (Tabella C),Smaltimento materiali inquinanti (DOIT Bologna) - 2018,,,,,agg2024,31/12/2023,E.1,1978,,,agg2024,113
J87J18000360001,concluso,Investimenti,Opere ultimate (Tabella C),Sicurezza ed Obblighi di Legge,,,,,agg2025,31/12/2024,E.1,1980,,,agg2025,137
J87J18000640001,servizi,Servizi,"Servizi, Allegato 4c",Obblighi di Legge officine ONAAE - 2019,,,,,,,,,Allegato 4c,0.19,srv2026,17
J87J18000680001,concluso,Investimenti,Opere ultimate (Tabella C),Sicurezza ed Obblighi di Legge,,,,,agg2025,31/12/2024,E.1,3141,,,agg2025,137
J87J18000690001,in corso,Investimenti,Appendice 2 (CUP dei programmi),Interventi diffusi di potenziamento regione Abruzzo,,P201,Interventi diffusi di potenziamento regione Abruzzo,P087,,,,,,,app2-agg2025,11
J87J18000700001,in corso,Investimenti,Appendice 2 (CUP dei programmi),Interventi diffusi di potenziamento infrastrutturale e tecnologico ambito regione Marche,,P200,Interventi diffusi di potenziamento infrastrutturale e tecnologico ambito regione Marche,,,,,,,,app2-agg2025,10
J87J18000710001,in corso,Investimenti,Appendice 2 (CUP dei programmi),Potenziamento infrastrutturale e tecnologico DOIT Firenze,,P224,Potenziamento infrastrutturale e tecnologico DOIT Firenze,,,,,,,,app2-agg2025,14
J87J19000010001,in corso,Investimenti,Appendice 2 (CUP dei programmi),Piano difesa della sede da fenomeni di dissesto idrogeologico - DOIT Bologna - 2019,,A1013A,Piano difesa della sede da fenomeni di dissesto idrogeologico - DOIT Bologna - 2019,,,,,,,,app2-agg2025,4
J87J19000020001,concluso,Investimenti,Opere ultimate (Tabella C),"Tecnologie per la sicurezza, la circolazione e l'efficientamento",,,,,agg2025,31/12/2024,E.5,1826,,,agg2025,143
J87J19000030001,in corso,Investimenti,Appendice 2 (CUP dei programmi),Piano difesa della sede da fenomeni di dissesto idrogeologico - DOIT Firenze - 2019,,A1013A,Piano difesa della sede da fenomeni di dissesto idrogeologico - DOIT Firenze - 2019,,,,,,,,app2-agg2025,4
J87J19000040001,in corso,Investimenti,Appendice 2 (CUP dei programmi),Piano difesa della sede da fenomeni di dissesto idrogeologico - DOIT Bari - 2019,,A1013A,Piano difesa della sede da fenomeni di dissesto idrogeologico - DOIT Bari - 2019,,,,,,,,app2-agg2025,4
J87J19000050001,concluso,Investimenti,Opere ultimate (Tabella C),Sicurezza ed Obblighi di Legge,,,,,agg2025,31/12/2024,E.1,1895,,,agg2025,137
J87J19000060001,in corso,Investimenti,Appendice 2 (CUP dei programmi),Piano sicurezza armamento DOIT Bari - 2019,,A1004E,Piano sicurezza armamento DOIT Bari - 2019,,,,,,,,app2-agg2025,3
J87J19000070001,concluso,Investimenti,Opere ultimate (Tabella C),Sicurezza ed Obblighi di Legge,,,,,agg2025,31/12/2024,E.1,1897,,,agg2025,137
J87J19000080001,concluso,Investimenti,Opere ultimate (Tabella C),Sicurezza ed Obblighi di Legge,,,,,agg2025,31/12/2024,E.1,1899,,,agg2025,137
J88C14000290001,concluso,Investimenti,Opere ultimate (Tabella C),Manutenzione Straordinaria cicli fino al 2011,,,,,agg2025,31/12/2024,E.1,0724,,,agg2025,134
J89B08000110001,concluso,Investimenti,Opere ultimate (Tabella C),"Tecnologie per la sicurezza, la circolazione e l'efficientamento",,,,,agg2025,31/12/2024,E.5,1564,,,agg2025,143
J89B12000120001,concluso,Investimenti,Opere ultimate (Tabella C),Spostamento Posti Centrali e adeguam IaP,,,,,cdp2022,31/12/2021,E.5,1681,,,cdp2022,138
J91B21000410009,in corso,Investimenti,Appendice 2 (CUP dei programmi),Bretella merci di collegamento ad est della stazione di Padova Interporto,,P060,Bretella merci di collegamento ad est della stazione di Padova Interporto,,,,,,,,app2-agg2025,12
J91B21004120001,in corso,Investimenti,Appendice 2 (CUP dei programmi),Livorno - Interporto Guasticce,,P224,Livorno - Interporto Guasticce,,,,,,,,app2-agg2025,15
J91C04000000008,in corso,Investimenti,Tabella A/B,Nodo AV di Firenze Nodo AV di Firenze,A5000_1,,,,,,,,,,agg2025,55
J91G21000010001,in corso,Investimenti,Appendice 2 (CUP dei programmi),Bari Centrale: nuovo parco urbano,,P237,Bari Centrale: nuovo parco urbano,,,,,,,,app2-agg2025,9
J91G22000030001,in corso,Investimenti,Appendice 2 (CUP dei programmi),Nuove fermate e stazioni Area Centro Sud,,P201,Nuove fermate e stazioni Area Centro Sud,,,,,,,,app2-agg2025,10
J91G23000000001,in corso,Investimenti,Appendice 2 (CUP dei programmi),Fermata S. Giacomo Laives linea Verona-Brennero,,P199,Fermata S. Giacomo Laives linea Verona-Brennero,,,,,,,,app2-agg2025,10
J91G23000020001,in corso,Investimenti,Appendice 2 (CUP dei programmi),Hub intermodale Alessandria Smistamento,,P060,Hub intermodale Alessandria Smistamento,,,,,,,,app2-agg2025,12
J91H00000280008,concluso,Investimenti,Opere ultimate (Tabella C),Sviluppo infrastrutturale e upgrading,,,,,agg2025,31/12/2024,E.2,0203,,,agg2025,139
J91H00000290001,concluso,Investimenti,Opere ultimate (Tabella C),Studi di fattibilità e progettazioni,,,,,agg2025,31/12/2024,E.4,0068,,,agg2025,140
J91H00000300001,concluso,Investimenti,Opere ultimate (Tabella C),Impianti industriali e terminali viaggiatori e merci,,,,,agg2025,31/12/2024,E.3,0411,,,agg2025,140
J91H01000320008,concluso,Investimenti,Opere ultimate (Tabella C),Potenziamento Infrastrutturale e Tecnologico Lamezia Terme - Catanzaro Lido,,,,,cdp2017,15/06/2008,A03/04,0204,,,cdp2017,180
J91H01000330008,concluso,Investimenti,Opere ultimate (Tabella C),Centro dinamica sperimentale Osmannoro,,,,,cdp2017,17/09/2013,A03/04,0220,,,cdp2017,181
J91H01000350001,concluso,Investimenti,Opere ultimate (Tabella C),Sviluppo infrastrutturale e upgrading,,,,,agg2025,31/12/2024,E.2,1260,,,agg2025,139
J91H02000060001,concluso,Investimenti,Opere ultimate (Tabella C),Impianti industriali e terminali viaggiatori e merci,,,,,agg2025,31/12/2024,E.3,0429,,,agg2025,140
J91H03000180008,concluso,Investimenti,Opere ultimate (Tabella C),Sistemazione a P.R.G. Firenze SMN,,,,,cdp2017,31/12/2016,A03/04,0259,,,cdp2017,180
J91H03000190001,in corso,Investimenti,Tabella A/B,Potenziamento linea Pistoia-Lucca Raddoppio Pistoia-Montecatini Upgrading Montecatini-Pescia Raddoppio Pescia-Lucca PROG ITER,1346,,,,,,,,,,agg2025,65
J91H89000000001,concluso,Investimenti,Opere ultimate (Tabella C),Sviluppo infrastrutturale e upgrading,,,,,agg2025,31/12/2024,E.2,0035,,,agg2025,139
J91H92000000001,concluso,Investimenti,Opere ultimate (Tabella C),Raddoppio Reggio Calabria - Melito Porto Salvo,,,,,cdp2017,15/09/2006,A03/04,0114,,,cdp2017,180
J91H92000000011,concluso,Investimenti,Opere ultimate (Tabella C),Studi di fattibilità e progettazioni,,,,0308,agg2025,31/12/2024,E.4,0308,,,agg2025,140
J91H92000010001,concluso,Investimenti,Opere ultimate (Tabella C),Sviluppo infrastrutturale e upgrading,,,,,agg2025,31/12/2024,E.2,0034,,,agg2025,139
J91H92000020008,concluso,Investimenti,Opere ultimate (Tabella C),"Tecnologie per la sicurezza, la circolazione e l'efficientamento",,,,,agg2025,31/12/2024,E.5,0063,,,agg2025,143
J91H92000030001,concluso,Investimenti,Opere ultimate (Tabella C),Sviluppo infrastrutturale e upgrading,,,,,agg2025,31/12/2024,E.2,0070,,,agg2025,139
J91H92000040011,concluso,Investimenti,Opere ultimate (Tabella C),Manutenzione Straordinaria cicli fino al 2011,,,,,agg2025,31/12/2024,E.1,0628,,,agg2025,134
J91H92000040021,concluso,Investimenti,Opere ultimate (Tabella C),Manutenzione Straordinaria cicli fino al 2011,,,,,agg2025,31/12/2024,E.1,0629,,,agg2025,134
J91H92000040031,concluso,Investimenti,Opere ultimate (Tabella C),Miglioramenti infrastrutturali - Potenziamento - Napoli,,,,,cdp2022,31/12/2021,E.1,0669,,,cdp2022,138
J91H92000040041,concluso,Investimenti,Opere ultimate (Tabella C),Miglioramenti infrastrutturali Roma-Napoli via Cassino,,,,,cdp2017,31/12/2016,A00,0918,,,cdp2017,178
J91H92000040071,concluso,Investimenti,Opere ultimate (Tabella C),Manutenzione Straordinaria cicli fino al 2011,,,,,agg2025,31/12/2024,E.1,0674,,,agg2025,134
J91H92000040081,concluso,Investimenti,Opere ultimate (Tabella C),Sicurezza ed Obblighi di Legge,,,,,agg2025,31/12/2024,E.1,0631,,,agg2025,137
J91H92000040101,concluso,Investimenti,Opere ultimate (Tabella C),Manutenzione Straordinaria cicli fino al 2011,,,,,agg2025,31/12/2024,E.1,0622,,,agg2025,134
J91H92000040111,in corso,Investimenti,Tabella A/B,Potenziamento linee Castelli Romani Potenziamento stazione di Marino e Frascati; potenziamento infrastrutturale e tecnologico della linea Ciampino-Frascati e nuova stazione di Villa Senni,1417,,,,,,,,,,agg2025,55
J91H92000040151,concluso,Investimenti,Opere ultimate (Tabella C),Manutenzione Straordinaria cicli fino al 2011,,,,,agg2025,31/12/2024,E.1,0632,,,agg2025,134
J91H92000040161,concluso,Investimenti,Opere ultimate (Tabella C),Manutenzione Straordinaria cicli fino al 2011,,,,,agg2025,31/12/2024,E.1,0630,,,agg2025,134
J91H92000040171,concluso,Investimenti,Opere ultimate (Tabella C),Miglioramenti infrastrutturali - Potenziamento - Reggio Calabria,,,,,cdp2017,31/12/2016,A00,0671,,,cdp2017,178
J91H92000040181,concluso,Investimenti,Opere ultimate (Tabella C),Manutenzione Straordinaria cicli fino al 2011,,,,,agg2025,31/12/2024,E.1,0626,,,agg2025,134
J91H92000040201,concluso,Investimenti,Opere ultimate (Tabella C),Manutenzione Straordinaria cicli fino al 2011,,,,,agg2025,31/12/2024,E.1,0673,,,agg2025,134
J91H92000040221,concluso,Investimenti,Opere ultimate (Tabella C),Manutenzione Straordinaria cicli fino al 2011,,,,,agg2025,31/12/2024,E.1,0624,,,agg2025,134
J91H92000040231,concluso,Investimenti,Opere ultimate (Tabella C),Sicurezza ed Obblighi di Legge,,,,,agg2025,31/12/2024,E.1,0501,,,agg2025,137
J91H92000040281,concluso,Investimenti,Opere ultimate (Tabella C),Manutenzione Straordinaria cicli fino al 2011,,,,,agg2025,31/12/2024,E.1,0627,,,agg2025,134
J91H92000040331,concluso,Investimenti,Opere ultimate (Tabella C),Miglioramenti Infrastrutturali CA - ante 2011,,,,,agg2021,31/12/2020,E.1,0625,,,agg2021,127
J91H92000040341,concluso,Investimenti,Opere ultimate (Tabella C),Miglioramento infrastrutturale - DOIT Palermo,,,,,agg2023,31/12/2022,E.1,0670,,,agg2023,37
J91H92000040351,concluso,Investimenti,Opere ultimate (Tabella C),Manutenzione Straordinaria cicli fino al 2011,,,,,agg2025,31/12/2024,E.1,0667,,,agg2025,134
J91H92000040361,concluso,Investimenti,Opere ultimate (Tabella C),Miglioramenti infrastrutturali - Potenziamento - Roma,,,,,agg2021,31/12/2020,E.1,0502,,,agg2021,127
J91H92000040371,concluso,Investimenti,Opere ultimate (Tabella C),Miglioramenti infrastrutturali - Potenziamento - Verona,,,,,cdp2017,31/12/2016,A00,0675,,,cdp2017,179
J91H97000000001,concluso,Investimenti,Opere ultimate (Tabella C),"Tecnologie per la sicurezza, la circolazione e l'efficientamento",,,,,agg2025,31/12/2024,E.5,0060,,,agg2025,143
J91H98000000008,concluso,Investimenti,Opere ultimate (Tabella C),BAB Roma-Napoli via Formia,,,,,cdp2022,31/12/2021,E.5,0103,,,cdp2022,138
J91J04000010001,concluso,Investimenti,Opere ultimate (Tabella C),Sviluppo infrastrutturale e upgrading,,,,,agg2025,31/12/2024,E.2,1419,,,agg2025,139
J91J05000030002,in corso,Investimenti,Appendice 2 (CUP dei programmi),Interventi diffusi convenzione con Regione Calabria,,P201,Interventi diffusi convenzione con Regione Calabria,,,,,,,,app2-agg2025,11
J92J19000070001,in corso,Investimenti,Appendice 2 (CUP dei programmi),Miglioramento sismico - DOIT Milano,,A1013B,Miglioramento sismico - DOIT Milano,,,,,,,,app2-agg2025,5
J92J19000080001,in corso,Investimenti,Appendice 2 (CUP dei programmi),Miglioramento sismico - DOIT Napoli,,A1013B,Miglioramento sismico - DOIT Napoli,,,,,,,,app2-agg2025,5
J94C19000260001,in corso,Investimenti,Appendice 2 (CUP dei programmi),Fire Fighting Points linea Genova-Ventim,,P222,Fire Fighting Points linea Genova-Ventim,,,,,,,,app2-agg2025,14
J94C19000270009,in corso,Investimenti,Tabella A/B,"Potenziamento collegamenti ferroviari con aeroporto di Fiumicino - opere prioritarie Ampliamento impianto Fiumicino Aeroporto, potenziamento PROG PROG tratta Fiumicino-Ponte Galeria e bretelle di collegamento con la linea Pisa-Roma",I138A,,,,,,,,,,agg2025,76
J94C20000010001,in corso,Investimenti,Appendice 2 (CUP dei programmi),Upgrading collegamenti con porti e terminali - DOIT Verona,,P060,Upgrading collegamenti con porti e terminali - DOIT Verona,,,,,,,,app2-agg2025,12
J94E21000060009,in corso,Investimenti,Appendice 2 (CUP dei programmi),Nuovo Posto Centrale di Napoli,,P134,Nuovo Posto Centrale di Napoli,,,,,,,,app2-agg2025,12
J94E21000070009,in corso,Investimenti,Tabella A/B,Battipaglia - Potenza - Metaponto - Taranto 1^ fase Velocizzazione Grassano-Metaponto,P238A|P238B,,,P238,,,,,,,agg2025,63
J94E21002400009,in corso,Investimenti,Tabella A/B,"Potenziamento linea Bologna-Prato Linea Bologna-Prato-Firenze: adeguamento prestazionale (sagoma, modulo) e potenziamento tecnologico",P261,,,,,,,,,,agg2025,64
J94E21002450009,in corso,Investimenti,Tabella A/B,Raddoppio Bolzano-Merano Raddoppio Bolzano-Merano PROG PROG,P188,,,,,,,,,,agg2025,74
J94F04000020001,in corso,Investimenti,Tabella A/B,Accesso al Brennero lotto 1 - Fortezza-Ponte Gardena Quadruplicamento Fortezza - Ponte Gardena,0292A|0292B|0292C,,,0077,,,,,,,agg2025,61
J94F12000000001,in corso,Investimenti,Appendice 2 (CUP dei programmi),Direttrice Salerno - Reggio Calabria: velocizzazione principali linee (upgrading),,P073,Direttrice Salerno - Reggio Calabria: velocizzazione principali linee (upgrading),P073,,,,,,,app2-agg2025,12
J94F12000010001,in corso,Investimenti,Appendice 2 (CUP dei programmi),Direttrice Salerno - Reggio Calabria: Velocizzazione principali linee (upgrading)-interventi accessori,,P073,Direttrice Salerno - Reggio Calabria: Velocizzazione principali linee (upgrading)-interventi accessori,P073,,,,,,,app2-agg2025,12
J94G18000010001,in corso,Investimenti,Appendice 2 (CUP dei programmi),Upgrading porti e terminali - DOIT BO,,P060,Upgrading porti e terminali - DOIT BO,,,,,,,,app2-agg2025,12
J94G18000060009,in corso,Investimenti,Tabella A/B,"Potenziamento dei collegamenti tra il porto di Livorno, la rete ferroviaria e l'interporto Guasticce Porto di Livorno: collegamento diretto Porto-Guasticce (scavalco della linea tirrenica ambito Livorno Calambrone) Porto di Livorno: Collegamento dell’interporto di Guasticce alla PROG PROG linea Pisa-Vada via Collesalvetti Porto di Livorno: Bretella di collegamento tra la linea Pisa-Vada PROG PROG via Collesalvetti e la linea Firenze-Pisa",P220,,,,,,,,,,agg2025,69
J94G18000150001,in corso,Investimenti,Appendice 2 (CUP dei programmi),Adeguamento a STI opere civili - DOIT Genova,,A1004F,Adeguamento a STI opere civili - DOIT Genova,,,,,,,,app2-agg2025,3
J94G18000160001,in corso,Investimenti,Appendice 2 (CUP dei programmi),Adeguamento a STI opere civili - DOIT Milano,,A1004F,Adeguamento a STI opere civili - DOIT Milano,,,,,,,,app2-agg2025,3
J94G18000170001,in corso,Investimenti,Appendice 2 (CUP dei programmi),Adeguamento a STI opere civili - DOIT Verona,,A1004F,Adeguamento a STI opere civili - DOIT Verona,,,,,,,,app2-agg2025,3
J94H14000130001,in corso,Investimenti,Appendice 2 (CUP dei programmi),Upgrading prestazionale corridoio Scan-Med - DOIT Napoli,,P224,Upgrading prestazionale corridoio Scan-Med - DOIT Napoli,,,,,,,,app2-agg2025,14
J94H14000230001,in corso,Investimenti,Appendice 2 (CUP dei programmi),Sistemi di distanziamento per incremento capacità nodo di Milano (1^ fase),,P054,Sistemi di distanziamento per incremento capacità nodo di Milano (1^ fase),,,,,,,,app2-agg2025,11
J94H14000240001,in corso,Investimenti,Appendice 2 (CUP dei programmi),Upgrading prestazionale corridoio Reno-Alpi,,P221,Upgrading prestazionale corridoio Reno-Alpi,,,,,,,,app2-agg2025,13
J94H15000790001,in corso,Investimenti,Tabella A/B,Variante di Cannitello - opere di mitigazione,P111,P194,Mascheramento galleria Cannitello,,,,,,,,agg2025,63
J94H17000200001,concluso,Investimenti,Opere ultimate (Tabella C),Interventi di messa in sicurezza dell'asse ferroviario Cuneo-Ventimiglia,,,,P078,cdp2022,31/12/2021,E.2,1949,,,cdp2022,139
J94H17000340009,in corso,Investimenti,Tabella A/B,Velocizzazione linea Torino-Genova Velocizzazione Torino-Genova 1^ fase (potenziamento tecnologico e rettifiche di tracciato) Velocizzazione Torino-Genova 2^ fase (varianti di tracciato),P131,,,,,,,,,,agg2025,72
J94H17000420001,in corso,Investimenti,Appendice 2 (CUP dei programmi),Upgrading prestazionale corridoio Reno-Alpi (DOIT Torino),,P221,Upgrading prestazionale corridoio Reno-Alpi (DOIT Torino),,,,,,,,app2-agg2025,13
J94H17000560001,in corso,Investimenti,Appendice 2 (CUP dei programmi),Upgrading prestazionale corridoio Mediterraneo (DOIT Milano),,P222,Upgrading prestazionale corridoio Mediterraneo (DOIT Milano),,,,,,,,app2-agg2025,13
J94J17000040001,in corso,Investimenti,Tabella A/B,Linea Bolzano-Merano: Galleria del Virgolo Modifica radice sud di Bolzano e inserimento terzo binario indipendente per linea Bolzano-Merano,P136,,,,,,,,,,agg2025,52
J94J18000000001,in corso,Investimenti,Appendice 2 (CUP dei programmi),Riqualificazione infrastrutturale linea Faentina,,P200,Riqualificazione infrastrutturale linea Faentina,A5000_4,,,,,,,app2-agg2025,10
J94J18000010001,in corso,Investimenti,Tabella A/B,Elettrificazione Civitanova-Macerata-Albacina Elettrificazione Civitanova-Macerata-Albacina,P147,,,,,,,,,,agg2025,52
J94J22000220001,in corso,Investimenti,Appendice 2 (CUP dei programmi),Bretella di Santa Maria Capua Vetere,,P060,Bretella di Santa Maria Capua Vetere,,,,,,,,app2-agg2025,12
J94J22000320001,in corso,Investimenti,Appendice 2 (CUP dei programmi),Potenziamento linee Acqui Terme/Alessandria-Ovada-Genova,,P198,Potenziamento linee Acqui Terme/Alessandria-Ovada-Genova,,,,,,,,app2-agg2025,10
J94J24000010001,in corso,Investimenti,Appendice 2 (CUP dei programmi),Sottosistema strutturale energetico - DOIT Genova,,A2001B,Sottosistema strutturale energetico - DOIT Genova,,,,,,,,app2-agg2025,6
J94J24000020001,in corso,Investimenti,Appendice 2 (CUP dei programmi),Sottosistema strutturale energetico - DOIT Milano,,A2001B,Sottosistema strutturale energetico - DOIT Milano,,,,,,,,app2-agg2025,6
J94J24000030001,in corso,Investimenti,Appendice 2 (CUP dei programmi),Sottosistema strutturale energetico - DOIT Napoli,,A2001B,Sottosistema strutturale energetico - DOIT Napoli,,,,,,,,app2-agg2025,6
J94J24000040001,in corso,Investimenti,Appendice 2 (CUP dei programmi),Sottosistema strutturale energetico - DOIT Verona,,A2001B,Sottosistema strutturale energetico - DOIT Verona,,,,,,,,app2-agg2025,6
J94J25000010001,in corso,Investimenti,Appendice 2 (CUP dei programmi),Upgrading tecnologico AV/AC BO - FI,,A2001B,Upgrading tecnologico AV/AC BO - FI,,,,,,,,app2-agg2025,6
J96C17000000001,in corso,Investimenti,Appendice 2 (CUP dei programmi),ERTMS Corridoio Scandinavo-Mediterraneo tratta Brennero-Verona,,A2011,ERTMS Corridoio Scandinavo-Mediterraneo tratta Brennero-Verona,,,,,,,,app2-agg2025,8
J96E19000010009,in corso,Investimenti,Appendice 2 (CUP dei programmi),Upgrading Tecnologico Tortona (e)-Bivio Fegino(i),,P221,Upgrading Tecnologico Tortona (e)-Bivio Fegino(i),,,,,,,,app2-agg2025,13
J96E19000210001,in corso,Investimenti,Appendice 2 (CUP dei programmi),Upgrading porti e terminali - DOITVenezia - 2019,,P060,Upgrading porti e terminali - DOITVenezia - 2019,,,,,,,,app2-agg2025,12
J96J17000450001,in corso,Investimenti,Appendice 2 (CUP dei programmi),Interventi diffusi di potenziamento tecnologico (DOIT Verona),,P199,Interventi diffusi di potenziamento tecnologico (DOIT Verona),,,,,,,,app2-agg2025,10
J96J17000460001,in corso,Investimenti,Appendice 2 (CUP dei programmi),Interventi diffusi di potenziamento tecnologico (DOIT Genova),,P222,Interventi diffusi di potenziamento tecnologico (DOIT Genova),,,,,,,,app2-agg2025,14
J97B14000130005,concluso,Investimenti,Opere ultimate (Tabella C),Sviluppo infrastrutturale e upgrading,,,,,agg2025,31/12/2024,E.2,1841,,,agg2025,139
J97B14000140005,concluso,Investimenti,Opere ultimate (Tabella C),Sviluppo infrastrutturale e upgrading,,,,,agg2025,31/12/2024,E.2,1842,,,agg2025,139
J97B14000150005,concluso,Investimenti,Opere ultimate (Tabella C),Liberazione Immobili - DOIT VR - 2014,,,,,agg2024,31/12/2023,E.2,1846,,,agg2024,113
J97B14000260001,concluso,Investimenti,Opere ultimate (Tabella C),"Tecnologie per la sicurezza, la circolazione e l'efficientamento",,,,,agg2025,31/12/2024,E.5,1820,,,agg2025,143
J97B14000270001,concluso,Investimenti,Opere ultimate (Tabella C),"Tecnologie per la sicurezza, la circolazione e l'efficientamento",,,,,agg2025,31/12/2024,E.5,1821,,,agg2025,143
J97B14000280001,concluso,Investimenti,Opere ultimate (Tabella C),"Tecnologie per la sicurezza, la circolazione e l'efficientamento",,,,,agg2025,31/12/2024,E.5,1825,,,agg2025,143
J97B14000290001,concluso,Investimenti,Opere ultimate (Tabella C),"Tecnologie per la sicurezza, la circolazione e l'efficientamento",,,,,agg2025,31/12/2024,E.5,1829,,,agg2025,143
J97B14000300001,concluso,Investimenti,Opere ultimate (Tabella C),Sviluppo infrastrutturale e upgrading,,,,P214,agg2025,31/12/2024,E.2,1872,,,agg2025,139
J97B14000310001,concluso,Investimenti,Opere ultimate (Tabella C),Sviluppo infrastrutturale e upgrading,,,,P214,agg2025,31/12/2024,E.2,1876,,,agg2025,139
J97B15000290002,concluso,Investimenti,Opere ultimate (Tabella C),Manutenzione Straordinaria cicli fino al 2011,,,,,agg2025,31/12/2024,E.1,0622,,,agg2025,135
J97B15000330001,in corso,Investimenti,Appendice 2 (CUP dei programmi),Piano difesa della sede da fenomeni di dissesto idrogeologico - Territorio Nazionale,,A1013A,Piano difesa della sede da fenomeni di dissesto idrogeologico - Territorio Nazionale,,,,,,,,app2-agg2025,4
J97B16000210001,concluso,Investimenti,Opere ultimate (Tabella C),Sicurezza ed Obblighi di Legge,,,,,agg2025,31/12/2024,E.1,1901,,,agg2025,137
J97B16000220001,in corso,Investimenti,Appendice 2 (CUP dei programmi),Piano sicurezza armamento DOIT Napoli - 2016,,A1004E,Piano sicurezza armamento DOIT Napoli - 2016,,,,,,,,app2-agg2025,3
J97B16000230001,concluso,Investimenti,Opere ultimate (Tabella C),Sicurezza ed Obblighi di Legge,,,,,agg2025,31/12/2024,E.1,1909,,,agg2025,137
J97B16000240001,concluso,Investimenti,Opere ultimate (Tabella C),"Tecnologie per la sicurezza, la circolazione e l'efficientamento",,,,,agg2025,31/12/2024,E.5,1820,,,agg2025,143
J97B16000250001,in corso,Investimenti,Appendice 2 (CUP dei programmi),Piano difesa della sede da fenomeni di dissesto idrogeologico - DOIT Verona - 2016,,A1013A,Piano difesa della sede da fenomeni di dissesto idrogeologico - DOIT Verona - 2016,,,,,,,,app2-agg2025,3
J97B16000260001,concluso,Investimenti,Opere ultimate (Tabella C),"Tecnologie per la sicurezza, la circolazione e l'efficientamento",,,,,agg2025,31/12/2024,E.5,1825,,,agg2025,143
J97B16000270001,in corso,Investimenti,Appendice 2 (CUP dei programmi),Piano difesa della sede da fenomeni di dissesto idrogeologico - DOIT Napoli - 2016,,A1013A,Piano difesa della sede da fenomeni di dissesto idrogeologico - DOIT Napoli - 2016,,,,,,,,app2-agg2025,4
J97B16000300001,concluso,Investimenti,Opere ultimate (Tabella C),Sicurezza ed Obblighi di Legge,,,,,agg2025,31/12/2024,E.1,1273,,,agg2025,137
J97B16000320001,in corso,Investimenti,Appendice 2 (CUP dei programmi),Liberazione Immobili - DOIT NA - 2016,,P201,Liberazione Immobili - DOIT NA - 2016,,,,,,,,app2-agg2025,11
J97B16000390001,concluso,Investimenti,Opere ultimate (Tabella C),Manutenzione Straordinaria cicli fino al 2011,,,,,agg2025,31/12/2024,E.1,0628,,,agg2025,135
J97B16000430001,in corso,Investimenti,Tabella A/B,"Elettrificazione, velocizzazione e ammodernamento linee Salerno - Mercato S.S. - Avellino - Benevento e tratta",I173,,,,agg2025,31/12/2024,E.1,0629,,,agg2025,50
J97B16000440001,concluso,Investimenti,Opere ultimate (Tabella C),Sviluppo infrastrutturale e upgrading,,,,,agg2025,31/12/2024,E.2,1440,,,agg2025,139
J97B16000450001,concluso,Investimenti,Opere ultimate (Tabella C),Sicurezza ed Obblighi di Legge,,,,,agg2025,31/12/2024,E.1,1900,,,agg2025,137
J97B17000250001,in corso,Investimenti,Appendice 2 (CUP dei programmi),Piano difesa della sede da fenomeni di dissesto idrogeologico - DOIT Milano - 2017,,A1013A,Piano difesa della sede da fenomeni di dissesto idrogeologico - DOIT Milano - 2017,,,,,,,,app2-agg2025,3
J97B17000260001,concluso,Investimenti,Opere ultimate (Tabella C),"Tecnologie per la sicurezza, la circolazione e l'efficientamento",,,,,agg2025,31/12/2024,E.5,1821,,,agg2025,143
J97B17000270001,concluso,Investimenti,Opere ultimate (Tabella C),"Tecnologie per la sicurezza, la circolazione e l'efficientamento",,,,,agg2025,31/12/2024,E.5,1825,,,agg2025,143
J97B17000280001,in corso,Investimenti,Appendice 2 (CUP dei programmi),Piano difesa della sede da fenomeni di dissesto idrogeologico - DOIT Napoli - 2017,,A1013A,Piano difesa della sede da fenomeni di dissesto idrogeologico - DOIT Napoli - 2017,,,,,,,,app2-agg2025,4
J97B17000290001,concluso,Investimenti,Opere ultimate (Tabella C),Sicurezza ed Obblighi di Legge,,,,,agg2025,31/12/2024,E.1,1900,,,agg2025,137
J97B17000300001,concluso,Investimenti,Opere ultimate (Tabella C),Sicurezza ed Obblighi di Legge,,,,,agg2025,31/12/2024,E.1,1901,,,agg2025,137
J97B17000310001,in corso,Investimenti,Appendice 2 (CUP dei programmi),Piano sicurezza armamento DOIT Napoli - 2017,,A1004E,Piano sicurezza armamento DOIT Napoli - 2017,,,,,,,,app2-agg2025,3
J97B17000320001,concluso,Investimenti,Opere ultimate (Tabella C),Sicurezza ed Obblighi di Legge,,,,,agg2025,31/12/2024,E.1,1909,,,agg2025,137
J97B17000510001,in corso,Investimenti,Appendice 2 (CUP dei programmi),Piano di sviluppo tecnologico della rete DOIT Genova - 2017,,A2001B,Piano di sviluppo tecnologico della rete DOIT Genova - 2017,,,,,,,,app2-agg2025,6
J97B17000550001,in corso,Investimenti,Appendice 2 (CUP dei programmi),Miglioramento sicurezza gallerie ferroviarie - DOIT Genova - 2017,,A1004A,Miglioramento sicurezza gallerie ferroviarie - DOIT Genova - 2017,,,,,,,,app2-agg2025,2
J97B17000560001,in corso,Investimenti,Appendice 2 (CUP dei programmi),Miglioramento sicurezza gallerie ferroviarie - DOIT Milano - 2017,,A1004A,Miglioramento sicurezza gallerie ferroviarie - DOIT Milano - 2017,,,,,,,,app2-agg2025,2
J97B17000570001,in corso,Investimenti,Appendice 2 (CUP dei programmi),Miglioramento sicurezza gallerie ferroviarie - DOIT Napoli - 2017,,A1004A,Miglioramento sicurezza gallerie ferroviarie - DOIT Napoli - 2017,,,,,,,,app2-agg2025,2
J97B17000580001,in corso,Investimenti,Appendice 2 (CUP dei programmi),Miglioramento sicurezza gallerie ferroviarie - DOIT Verona - 2017,,A1004A,Miglioramento sicurezza gallerie ferroviarie - DOIT Verona - 2017,,,,,,,,app2-agg2025,2
J97B20000480001,servizi,Servizi,"Servizi, Allegato 4c",Manutenzione Straordinaria Linee Genova - 2021,,,,,,,,,Allegato 4c,0.02,srv2026,17
J97B20000490001,servizi,Servizi,"Servizi, Allegato 4c",Manutenzione Straordinaria Linee Milano - 2021,,,,,,,,,Allegato 4c,0.34,srv2026,17
J97B20000500001,servizi,Servizi,"Servizi, Allegato 4c",Manutenzione Straordinaria linee Napoli - anno 2021,,,,,,,,,Allegato 4c,0.11,srv2026,17
J97B20000520001,servizi,Servizi,"Servizi, Allegato 4c",Obblighi di Legge Linee Genova - 2021,,,,,,,,,Allegato 4c,0.04,srv2026,17
J97D18000000001,concluso,Investimenti,Opere ultimate (Tabella C),Sicurezza ed Obblighi di Legge,,,,,agg2025,31/12/2024,E.1,1901,,,agg2025,137
J97D18000010001,in corso,Investimenti,Appendice 2 (CUP dei programmi),Piano sicurezza armamento DOIT Napoli - 2018,,A1004E,Piano sicurezza armamento DOIT Napoli - 2018,,,,,,,,app2-agg2025,3
J97D18000020001,concluso,Investimenti,Opere ultimate (Tabella C),Sicurezza ed Obblighi di Legge,,,,,agg2025,31/12/2024,E.1,1909,,,agg2025,137
J97D18000030001,in corso,Investimenti,Appendice 2 (CUP dei programmi),Piano sicurezza armamento DOIT Genova - 2018,,A1004E,Piano sicurezza armamento DOIT Genova - 2018,,,,,,,,app2-agg2025,3
J97D22000000001,in corso,Investimenti,Appendice 2 (CUP dei programmi),Piano difesa della sede da fenomeni di dissesto idrogeologico - DOIT Milano - 2022,,A1013A,Piano difesa della sede da fenomeni di dissesto idrogeologico - DOIT Milano - 2022,,,,,,,,app2-agg2025,3
J97D22000010001,in corso,Investimenti,Appendice 2 (CUP dei programmi),Piano difesa della sede da fenomeni di dissesto idrogeologico - DOIT Verona - 2022,,A1013A,Piano difesa della sede da fenomeni di dissesto idrogeologico - DOIT Verona - 2022,,,,,,,,app2-agg2025,3
J97D22000020001,in corso,Investimenti,Appendice 2 (CUP dei programmi),Piano difesa della sede da fenomeni di dissesto idrogeologico - DOIT Genova - 2022,,A1013A,Piano difesa della sede da fenomeni di dissesto idrogeologico - DOIT Genova - 2022,,,,,,,,app2-agg2025,4
J97D22000030001,in corso,Investimenti,Appendice 2 (CUP dei programmi),Piano difesa della sede da fenomeni di dissesto idrogeologico - DOIT Napoli - 2022,,A1013A,Piano difesa della sede da fenomeni di dissesto idrogeologico - DOIT Napoli - 2022,,,,,,,,app2-agg2025,4
J97D22000040001,in corso,Investimenti,Appendice 2 (CUP dei programmi),Accessibilità Bari Torre a Mare,,P193,Accessibilità Bari Torre a Mare,,,,,,,,app2-agg2025,12
J97D22000090001,in corso,Investimenti,Appendice 2 (CUP dei programmi),Attrezzaggi tecnologici DOIT Milano - 2023,,A2001B,Attrezzaggi tecnologici DOIT Milano - 2023,,,,,,,,app2-agg2025,5
J97D22000150001,in corso,Investimenti,Appendice 2 (CUP dei programmi),Interventi upgrading rete viaggiatori - DOIT Milano anno 2022,,P054,Interventi upgrading rete viaggiatori - DOIT Milano anno 2022,,,,,,,,app2-agg2025,11
J97D22000160001,servizi,Servizi,"Servizi, Allegato 4c",CdP-S Infratruttura Fisica DOIT Genova - anno 2023,,,,,,,,,Allegato 4c,1.9,srv2026,17
J97D22000180001,servizi,Servizi,"Servizi, Allegato 12",Piano resilienza linee e impianti Sud ambito regione Basilicata / Campania / Calabria,,,,,,,,,Allegato 12,81.85,srv2026,21
J97D22000200001,servizi,Servizi,"Servizi, Allegato 4c",CdP-S Infrastruttura Energetica DOIT Genova - 2023,,,,,,,,,Allegato 4c,0.03,srv2026,17
J97D22000310001,in corso,Investimenti,Appendice 2 (CUP dei programmi),Miglioramento sicurezza gallerie ferroviarie - DOIT Genova - 2023,,A1004A,Miglioramento sicurezza gallerie ferroviarie - DOIT Genova - 2023,,,,,,,,app2-agg2025,2
J97D22000320001,in corso,Investimenti,Appendice 2 (CUP dei programmi),Miglioramento sicurezza gallerie ferroviarie - DOIT Milano - 2023,,A1004A,Miglioramento sicurezza gallerie ferroviarie - DOIT Milano - 2023,,,,,,,,app2-agg2025,2
J97D22000330001,in corso,Investimenti,Appendice 2 (CUP dei programmi),Miglioramento sicurezza gallerie ferroviarie - DOIT Napoli - 2023,,A1004A,Miglioramento sicurezza gallerie ferroviarie - DOIT Napoli - 2023,,,,,,,,app2-agg2025,2
J97D22000340001,in corso,Investimenti,Appendice 2 (CUP dei programmi),Miglioramento sicurezza gallerie ferroviarie - DOIT Verona - 2023,,A1004A,Miglioramento sicurezza gallerie ferroviarie - DOIT Verona - 2023,,,,,,,,app2-agg2025,2
J97D22000350001,in corso,Investimenti,Appendice 2 (CUP dei programmi),Miglioramento sicurezza gallerie ferroviarie - DOIT Genova - 2022,,A1004A,Miglioramento sicurezza gallerie ferroviarie - DOIT Genova - 2022,,,,,,,,app2-agg2025,2
J97D22000360001,in corso,Investimenti,Appendice 2 (CUP dei programmi),Miglioramento sicurezza gallerie ferroviarie - DOIT Napoli - 2022,,A1004A,Miglioramento sicurezza gallerie ferroviarie - DOIT Napoli - 2022,,,,,,,,app2-agg2025,2
J97D22000370001,in corso,Investimenti,Appendice 2 (CUP dei programmi),Miglioramento sicurezza gallerie ferroviarie - DOIT Verona - 2022,,A1004A,Miglioramento sicurezza gallerie ferroviarie - DOIT Verona - 2022,,,,,,,,app2-agg2025,2
J97D22000390001,in corso,Investimenti,Appendice 2 (CUP dei programmi),Tecnologie per la sicurezza settore IS - DOIT Genova,,A2004A,Tecnologie per la sicurezza settore IS - DOIT Genova,,,,,,,,app2-agg2025,7
J97D22000400001,in corso,Investimenti,Appendice 2 (CUP dei programmi),Tecnologie per la sicurezza settore IS - DOIT Milano,,A2004A,Tecnologie per la sicurezza settore IS - DOIT Milano,,,,,,,,app2-agg2025,7
J97D22000410001,in corso,Investimenti,Appendice 2 (CUP dei programmi),DOIT VR – upgrading linee merci,,P224,DOIT VR – upgrading linee merci,,,,,,,,app2-agg2025,14
J97D22000430001,in corso,Investimenti,Appendice 2 (CUP dei programmi),DOIT NA – upgrading linee merci,,P224,DOIT NA – upgrading linee merci,,,,,,,,app2-agg2025,14
J97D23000000001,in corso,Investimenti,Appendice 2 (CUP dei programmi),Piano difesa della sede da fenomeni di dissesto idrogeologico - DOIT Milano - 2023,,A1013A,Piano difesa della sede da fenomeni di dissesto idrogeologico - DOIT Milano - 2023,,,,,,,,app2-agg2025,3
J97D23000010001,in corso,Investimenti,Appendice 2 (CUP dei programmi),Piano difesa della sede da fenomeni di dissesto idrogeologico - DOIT Verona - 2023,,A1013A,Piano difesa della sede da fenomeni di dissesto idrogeologico - DOIT Verona - 2023,,,,,,,,app2-agg2025,3
J97D23000020001,in corso,Investimenti,Appendice 2 (CUP dei programmi),Piano difesa della sede da fenomeni di dissesto idrogeologico - DOIT Genova - 2023,,A1013A,Piano difesa della sede da fenomeni di dissesto idrogeologico - DOIT Genova - 2023,,,,,,,,app2-agg2025,4
J97D23000030001,in corso,Investimenti,Appendice 2 (CUP dei programmi),Piano difesa della sede da fenomeni di dissesto idrogeologico - DOIT Napoli - 2023,,A1013A,Piano difesa della sede da fenomeni di dissesto idrogeologico - DOIT Napoli - 2023,,,,,,,,app2-agg2025,4
J97D23000120001,servizi,Servizi,"Servizi, Allegato 12",Piano resilienza linee e impianti Sud ambito regione Campania,,,,,,,,,Allegato 12,25.07,srv2026,21
J97D24000000001,in corso,Investimenti,Appendice 2 (CUP dei programmi),Interventi di upgrading rete viaggiatori DOIT Napoli - 2024,,P134,Interventi di upgrading rete viaggiatori DOIT Napoli - 2024,,,,,,,,app2-agg2025,12
J97D24000010001,in corso,Investimenti,Appendice 2 (CUP dei programmi),Miglioramento sicurezza gallerie ferroviarie - DOIT Milano - 2024,,A1004A,Miglioramento sicurezza gallerie ferroviarie - DOIT Milano - 2024,,,,,,,,app2-agg2025,2
J97D24000030001,in corso,Investimenti,Appendice 2 (CUP dei programmi),Miglioramento sicurezza gallerie ferroviarie - DOIT Palermo - 2024,,A1004A,Miglioramento sicurezza gallerie ferroviarie - DOIT Palermo - 2024,,,,,,,,app2-agg2025,2
J97D24000040001,in corso,Investimenti,Appendice 2 (CUP dei programmi),Miglioramento sicurezza gallerie ferroviarie - DOIT Verona - 2024,,A1004A,Miglioramento sicurezza gallerie ferroviarie - DOIT Verona - 2024,,,,,,,,app2-agg2025,2
J97D24000080005,in corso,Investimenti,Appendice 2 (CUP dei programmi),Terminali Merci TI - MI,,P060,Terminali Merci TI - MI,,,,,,,,app2-agg2025,12
J97D24000090005,in corso,Investimenti,Appendice 2 (CUP dei programmi),Upgrading Terminali Merci - Verona,,P060,Upgrading Terminali Merci - Verona,,,,,,,,app2-agg2025,12
J97D24000110001,in corso,Investimenti,Appendice 2 (CUP dei programmi),VR - Mitigazione rischio idrogeologico,,A1013A,VR - Mitigazione rischio idrogeologico,,,,,,,,app2-agg2025,4
J97D24000120001,in corso,Investimenti,Appendice 2 (CUP dei programmi),Eventi eccezionali climate change,,A1013A,Eventi eccezionali climate change,,,,,,,,app2-agg2025,4
J97D24000130001,in corso,Investimenti,Appendice 2 (CUP dei programmi),NA - Mitigazione rischio idrogeologico,,A1013A,NA - Mitigazione rischio idrogeologico,,,,,,,,app2-agg2025,5
J97D25000000001,in corso,Investimenti,Appendice 2 (CUP dei programmi),UTL Interventi dissesto,,A1013A,UTL Interventi dissesto,,,,,,,,app2-agg2025,4
J97D25000010001,in corso,Investimenti,Appendice 2 (CUP dei programmi),Rischio Idrogeologico,,A1013A,Rischio Idrogeologico,,,,,,,,app2-agg2025,5
J97D25000020001,in corso,Investimenti,Appendice 2 (CUP dei programmi),MITIGAZIONE RISCHIO IDROGEOLOGICO 2025,,A1013A,MITIGAZIONE RISCHIO IDROGEOLOGICO 2025,,,,,,,,app2-agg2025,5
J97D25000030001,in corso,Investimenti,Appendice 2 (CUP dei programmi),Mitigazione rischio idrogeol. DOIT VR,,A1013A,Mitigazione rischio idrogeol. DOIT VR,,,,,,,,app2-agg2025,5
J97E13000260001,concluso,Investimenti,Opere ultimate (Tabella C),Sviluppo infrastrutturale e upgrading,,,,,agg2025,31/12/2024,E.2,1440,,,agg2025,139
J97E13000270001,concluso,Investimenti,Opere ultimate (Tabella C),Upgrading rete viaggiatori - DOIT Verona - 2013,,,,P067,cdp2022,31/12/2021,E.2,1468,,,cdp2022,139
J97E13000470001,concluso,Investimenti,Opere ultimate (Tabella C),"Tecnologie per la sicurezza, la circolazione e l'efficientamento",,,,,agg2025,31/12/2024,E.5,1546,,,agg2025,143
J97F13000020001,concluso,Investimenti,Opere ultimate (Tabella C),Manutenzione Straordinaria Linee AV/AC N - 2013,,,,,cdp2022,31/12/2021,E.1,1491,,,cdp2022,138
J97F19000070001,concluso,Investimenti,Opere ultimate (Tabella C),Sicurezza ed Obblighi di Legge,,,,,agg2025,31/12/2024,E.1,1273,,,agg2025,137
J97F19000080001,in corso,Investimenti,Appendice 2 (CUP dei programmi),Miglioramento sicurezza gallerie ferroviarie - DOIT Napoli - 2019,,A1004A,Miglioramento sicurezza gallerie ferroviarie - DOIT Napoli - 2019,,,,,,,,app2-agg2025,2
J97F19000090001,in corso,Investimenti,Appendice 2 (CUP dei programmi),Miglioramento sicurezza gallerie ferroviarie - DOIT Verona - 2019,,A1004A,Miglioramento sicurezza gallerie ferroviarie - DOIT Verona - 2019,,,,,,,,app2-agg2025,2
J97F19000100001,concluso,Investimenti,Opere ultimate (Tabella C),Sviluppo infrastrutturale e upgrading,,,,,agg2025,31/12/2024,E.2,1440,,,agg2025,139
J97F19000110001,concluso,Investimenti,Opere ultimate (Tabella C),"Tecnologie per la sicurezza, la circolazione e l'efficientamento",,,,,agg2025,31/12/2024,E.5,3177,,,agg2025,143
J97F19000120001,concluso,Investimenti,Opere ultimate (Tabella C),Sicurezza ed Obblighi di Legge,,,,,agg2025,31/12/2024,E.1,3167,,,agg2025,137
J97F19000130001,concluso,Investimenti,Opere ultimate (Tabella C),Sicurezza ed Obblighi di Legge,,,,,agg2025,31/12/2024,E.1,3168,,,agg2025,137
J97F19000150001,in corso,Investimenti,Appendice 2 (CUP dei programmi),Piano conservazione opere d'arte DOIT Verona- 2019,,A1014,Piano conservazione opere d'arte DOIT Verona- 2019,,,,,,,,app2-agg2025,5
J97F19000160001,in corso,Investimenti,Appendice 2 (CUP dei programmi),Eliminazione riduzioni di velocità sulla linea AV/AC Firenze - Bologna - Piacenza,,P224,Eliminazione riduzioni di velocità sulla linea AV/AC Firenze - Bologna - Piacenza,,,,,,,,app2-agg2025,15
J97F19000190001,concluso,Investimenti,Opere ultimate (Tabella C),Sviluppo infrastrutturale e upgrading,,,,,agg2025,31/12/2024,E.2,3183,,,agg2025,139
J97F19000270001,servizi,Servizi,"Servizi, Allegato 4c",Manutenzione Straordinaria Linee Genova - 2020,,,,,,,,,Allegato 4c,0,srv2026,17
J97F19000290001,servizi,Servizi,"Servizi, Allegato 4c",Manutenzione Straordinaria Linee Napoli - 2020,,,,,,,,,Allegato 4c,0.03,srv2026,17
J97F19000300001,servizi,Servizi,"Servizi, Allegato 4c",Manutenzione Straordinaria Linee Verona - 2020,,,,,,,,,Allegato 4c,0.06,srv2026,17
J97F19000310001,servizi,Servizi,"Servizi, Allegato 4c",Obblighi di Legge Linee Genova - 2020,,,,,,,,,Allegato 4c,0.08,srv2026,17
J97F19000430001,in corso,Investimenti,Appendice 2 (CUP dei programmi),Upgrading collegamenti con porti e terminali - DOIT Genova - 2019,,P060,Upgrading collegamenti con porti e terminali - DOIT Genova - 2019,,,,,,,,app2-agg2025,12
J97F20000000001,in corso,Investimenti,Appendice 2 (CUP dei programmi),Piano sicurezza armamento DOIT Genova - 2020,,A1004E,Piano sicurezza armamento DOIT Genova - 2020,,,,,,,,app2-agg2025,3
J97F20000010001,concluso,Investimenti,Opere ultimate (Tabella C),Sicurezza ed Obblighi di Legge,,,,,agg2025,31/12/2024,E.1,1901,,,agg2025,137
J97F20000020001,in corso,Investimenti,Appendice 2 (CUP dei programmi),Piano sicurezza armamento DOIT Napoli - 2020,,A1004E,Piano sicurezza armamento DOIT Napoli - 2020,,,,,,,,app2-agg2025,3
J97F20000030001,concluso,Investimenti,Opere ultimate (Tabella C),Sicurezza ed Obblighi di Legge,,,,,agg2025,31/12/2024,E.1,1909,,,agg2025,137
J97F20000090001,in corso,Investimenti,Appendice 2 (CUP dei programmi),Miglioramento sicurezza gallerie ferroviarie - DOIT Genova - 2020,,A1004A,Miglioramento sicurezza gallerie ferroviarie - DOIT Genova - 2020,,,,,,,,app2-agg2025,2
J97F20000110001,in corso,Investimenti,Appendice 2 (CUP dei programmi),Miglioramento sicurezza gallerie ferroviarie - DOIT Napoli - 2020,,A1004A,Miglioramento sicurezza gallerie ferroviarie - DOIT Napoli - 2020,,,,,,,,app2-agg2025,2
J97F20000140001,in corso,Investimenti,Appendice 2 (CUP dei programmi),Piano difesa della sede da fenomeni di dissesto idrogeologico - DOIT Verona - 2020,,A1013A,Piano difesa della sede da fenomeni di dissesto idrogeologico - DOIT Verona - 2020,,,,,,,,app2-agg2025,4
J97F20000150001,in corso,Investimenti,Appendice 2 (CUP dei programmi),Piano difesa della sede da fenomeni di dissesto idrogeologico - DOIT Genova - 2020,,A1013A,Piano difesa della sede da fenomeni di dissesto idrogeologico - DOIT Genova - 2020,,,,,,,,app2-agg2025,4
J97F20000160001,in corso,Investimenti,Appendice 2 (CUP dei programmi),Piano difesa della sede da fenomeni di dissesto idrogeologico - DOIT Napoli - 2020,,A1013A,Piano difesa della sede da fenomeni di dissesto idrogeologico - DOIT Napoli - 2020,,,,,,,,app2-agg2025,4
J97F20000170001,in corso,Investimenti,Appendice 2 (CUP dei programmi),Piano conservazione opere d'arte DOIT Genova- 2020,,A1014,Piano conservazione opere d'arte DOIT Genova- 2020,,,,,,,,app2-agg2025,5
J97F20000180001,in corso,Investimenti,Appendice 2 (CUP dei programmi),Piano conservazione opere d'arte DOIT Milano- 2020,,A1014,Piano conservazione opere d'arte DOIT Milano- 2020,,,,,,,,app2-agg2025,5
J97F20000190001,in corso,Investimenti,Appendice 2 (CUP dei programmi),Piano conservazione opere d'arte DOIT Napoli- 2020,,A1014,Piano conservazione opere d'arte DOIT Napoli- 2020,,,,,,,,app2-agg2025,5
J97F20000200001,in corso,Investimenti,Appendice 2 (CUP dei programmi),Piano conservazione opere d'arte DOIT Verona- 2020,,A1014,Piano conservazione opere d'arte DOIT Verona- 2020,,,,,,,,app2-agg2025,5
J97F20000210001,in corso,Investimenti,Appendice 2 (CUP dei programmi),Smaltimento materiali inquinanti (DOIT Verona) - 2020,,A1004D,Smaltimento materiali inquinanti (DOIT Verona) - 2020,,,,,,,,app2-agg2025,3
J97F20000220001,in corso,Investimenti,Appendice 2 (CUP dei programmi),Upgrading collegamenti con porti e terminali - DOIT Genova - 2020,,P060,Upgrading collegamenti con porti e terminali - DOIT Genova - 2020,,,,,,,,app2-agg2025,12
J97F20000230001,in corso,Investimenti,Appendice 2 (CUP dei programmi),Upgrading collegamenti con porti e terminali - DOIT Venezia - 2020,,P060,Upgrading collegamenti con porti e terminali - DOIT Venezia - 2020,,,,,,,,app2-agg2025,12
J97F20000260001,in corso,Investimenti,Appendice 2 (CUP dei programmi),Upgrading infrastrutturale e tecnologico DOIT Milano - 2020,,P222,Upgrading infrastrutturale e tecnologico DOIT Milano - 2020,,,,,,,,app2-agg2025,14
J97G20000020001,concluso,Investimenti,Opere ultimate (Tabella C),Manutenzione Straordinaria cicli fino al 2011,,,,,agg2025,31/12/2024,E.1,0624,,,agg2025,135
J97G20000060001,in corso,Investimenti,Appendice 2 (CUP dei programmi),Piano sicurezza armamento DOIT Genova - 2021,,A1004E,Piano sicurezza armamento DOIT Genova - 2021,,,,,,,,app2-agg2025,3
J97G20000070001,in corso,Investimenti,Appendice 2 (CUP dei programmi),Piano sicurezza armamento DOIT Napoli - 2021,,A1004E,Piano sicurezza armamento DOIT Napoli - 2021,,,,,,,,app2-agg2025,3
J97G20000080001,in corso,Investimenti,Appendice 2 (CUP dei programmi),Piano sicurezza armamento DOIT Verona - 2021,,A1004E,Piano sicurezza armamento DOIT Verona - 2021,,,,,,,,app2-agg2025,3
J97H21000580001,concluso,Investimenti,Opere ultimate (Tabella C),Sicurezza ed Obblighi di Legge,,,,,agg2025,31/12/2024,E.1,1901,,,agg2025,137
J97H21000590001,in corso,Investimenti,Appendice 2 (CUP dei programmi),Piano difesa della sede da fenomeni di dissesto idrogeologico - DOIT Genova - 2021,,A1013A,Piano difesa della sede da fenomeni di dissesto idrogeologico - DOIT Genova - 2021,,,,,,,,app2-agg2025,4
J97H21000600001,in corso,Investimenti,Appendice 2 (CUP dei programmi),Piano difesa della sede da fenomeni di dissesto idrogeologico - DOIT Napoli - 2021,,A1013A,Piano difesa della sede da fenomeni di dissesto idrogeologico - DOIT Napoli - 2021,,,,,,,,app2-agg2025,4
J97H21000610001,in corso,Investimenti,Appendice 2 (CUP dei programmi),Piano conservazione opere d'arte DOIT Genova- 2021,,A1014,Piano conservazione opere d'arte DOIT Genova- 2021,,,,,,,,app2-agg2025,5
J97H21000620001,in corso,Investimenti,Appendice 2 (CUP dei programmi),Piano conservazione opere d'arte DOIT Milano- 2021,,A1014,Piano conservazione opere d'arte DOIT Milano- 2021,,,,,,,,app2-agg2025,5
J97H21000630001,in corso,Investimenti,Appendice 2 (CUP dei programmi),Piano conservazione opere d'arte DOIT Napoli- 2021,,A1014,Piano conservazione opere d'arte DOIT Napoli- 2021,,,,,,,,app2-agg2025,5
J97H21000640001,in corso,Investimenti,Appendice 2 (CUP dei programmi),Miglioramento sicurezza gallerie ferroviarie - DOIT Napoli - 2021,,A1004A,Miglioramento sicurezza gallerie ferroviarie - DOIT Napoli - 2021,,,,,,,,app2-agg2025,2
J97H21000650001,in corso,Investimenti,Appendice 2 (CUP dei programmi),Piano difesa della sede da fenomeni di dissesto idrogeologico - DOIT Milano - 2021,,A1013A,Piano difesa della sede da fenomeni di dissesto idrogeologico - DOIT Milano - 2021,,,,,,,,app2-agg2025,3
J97H21000660001,in corso,Investimenti,Appendice 2 (CUP dei programmi),Piano difesa della sede da fenomeni di dissesto idrogeologico - DOIT Verona - 2021,,A1013A,Piano difesa della sede da fenomeni di dissesto idrogeologico - DOIT Verona - 2021,,,,,,,,app2-agg2025,4
J97H21000670001,in corso,Investimenti,Appendice 2 (CUP dei programmi),Piano conservazione opere d'arte DOIT Verona- 2021,,A1014,Piano conservazione opere d'arte DOIT Verona- 2021,,,,,,,,app2-agg2025,5
J97H21001480001,in corso,Investimenti,Appendice 2 (CUP dei programmi),Upgrading porti e terminali - DOIT Genova,,P060,Upgrading porti e terminali - DOIT Genova,,,,,,,,app2-agg2025,12
J97H21001500001,in corso,Investimenti,Appendice 2 (CUP dei programmi),Piano di sviluppo tecnologico della rete DOIT Genova - 2021,,A2001B,Piano di sviluppo tecnologico della rete DOIT Genova - 2021,,,,,,,,app2-agg2025,6
J97H21001800001,concluso,Investimenti,Opere ultimate (Tabella C),Sviluppo infrastrutturale e upgrading,,,,,agg2025,31/12/2024,E.2,1872,,,agg2025,139
J97H21002300001,in corso,Investimenti,Appendice 2 (CUP dei programmi),Attrezzaggi tecnologi - DOIT Napoli,,A2001B,Attrezzaggi tecnologi - DOIT Napoli,,,,,,,,app2-agg2025,6
J97H21002670001,in corso,Investimenti,Appendice 2 (CUP dei programmi),Binari senza tempo - DOIT MI,,P214,Binari senza tempo - DOIT MI,,,,,,,,app2-agg2025,10
J97H21015150001,in corso,Investimenti,Appendice 2 (CUP dei programmi),Miglioramento sicurezza gallerie ferroviarie - DOIT Genova - 2021,,A1004A,Miglioramento sicurezza gallerie ferroviarie - DOIT Genova - 2021,,,,,,,,app2-agg2025,2
J97H21015180001,concluso,Investimenti,Opere ultimate (Tabella C),Sicurezza ed Obblighi di Legge,,,,,agg2025,31/12/2024,E.1,1273,,,agg2025,137
J97H21017050001,in corso,Investimenti,Appendice 2 (CUP dei programmi),Smaltimento materiali inquinanti (DOIT Genova) - 2021,,A1004D,Smaltimento materiali inquinanti (DOIT Genova) - 2021,,,,,,,,app2-agg2025,3
J97H22000010001,servizi,Servizi,"Servizi, Allegato 4c",CdP-S Infratruttura Fisica DOIT Genova - anno 2022,,,,,,,,,Allegato 4c,0.99,srv2026,17
J97H22000020001,servizi,Servizi,"Servizi, Allegato 4c",CdP-S Infratruttura Fisica DOIT Milano - anno 2022,,,,,,,,,Allegato 4c,4.06,srv2026,17
J97H22000030001,servizi,Servizi,"Servizi, Allegato 4c",CdP-S Infratruttura Fisica DOIT Napoli - anno 2022,,,,,,,,,Allegato 4c,0.73,srv2026,17
J97H22000110001,servizi,Servizi,"Servizi, Allegato 4c",CdP-S Infratruttura Tecnologica DOIT Napoli - anno 2022,,,,,,,,,Allegato 4c,0.09,srv2026,17
J97H22000230001,concluso,Investimenti,Opere ultimate (Tabella C),Sviluppo infrastrutturale e upgrading,,,,,agg2025,31/12/2024,E.2,1841,,,agg2025,139
J97I06000020001,concluso,Investimenti,Opere ultimate (Tabella C),Sviluppo infrastrutturale e upgrading,,,,,agg2025,31/12/2024,E.2,1480,,,agg2025,139
J97I07000010001,in corso,Investimenti,Appendice 2 (CUP dei programmi),SCC Bari-Lecce,,P201,SCC Bari-Lecce,,,,,,,,app2-agg2025,10
J97I08000110001,concluso,Investimenti,Opere ultimate (Tabella C),Manutenzione Mezzi di Manovra - ante 2011,,,,,agg2021,31/12/2020,E.1,1556,,,agg2021,127
J97I10000180001,concluso,Investimenti,Opere ultimate (Tabella C),Rete AV/AC Torino-Milano-Napoli: opere in esercizio,,,,,agg2025,31/12/2024,,0347,,,agg2025,143
J97I11000200001,in corso,Investimenti,Appendice 2 (CUP dei programmi),Adeguamento sicurezza gallerie tratta AV/AC Bologna-Firenze,,A1004A,Adeguamento sicurezza gallerie tratta AV/AC Bologna-Firenze,,,,,,,,app2-agg2025,2
J97I12000000001,concluso,Investimenti,Opere ultimate (Tabella C),Manutenzione Straordinaria cicli fino al 2011,,,,,agg2025,31/12/2024,E.1,0602,,,agg2025,135
J97I12000010001,concluso,Investimenti,Opere ultimate (Tabella C),Manutenzione Straordinaria cicli fino al 2011,,,,,agg2025,31/12/2024,E.1,0603,,,agg2025,135
J97I12000020001,concluso,Investimenti,Opere ultimate (Tabella C),Manutenzione Straordinaria cicli fino al 2011,,,,,agg2025,31/12/2024,E.1,1582,,,agg2025,135
J97I12000030001,concluso,Investimenti,Opere ultimate (Tabella C),Manutenzione Straordinaria cicli fino al 2011,,,,,agg2025,31/12/2024,E.1,0608,,,agg2025,135
J97I12000040001,concluso,Investimenti,Opere ultimate (Tabella C),Manutenzione Straordinaria cicli fino al 2011,,,,,agg2025,31/12/2024,E.1,0609,,,agg2025,135
J97I12000050001,concluso,Investimenti,Opere ultimate (Tabella C),Aumento Produttività M.E.NA - 2012,,,,,cdp2022,31/12/2021,E.1,0610,,,cdp2022,138
J97I12000060001,concluso,Investimenti,Opere ultimate (Tabella C),Manutenzione Straordinaria cicli fino al 2011,,,,,agg2025,31/12/2024,E.1,0621,,,agg2025,135
J97I12000090001,concluso,Investimenti,Opere ultimate (Tabella C),Sicurezza ed Obblighi di Legge,,,,,agg2025,31/12/2024,E.1,1343,,,agg2025,137
J97I12000100001,concluso,Investimenti,Opere ultimate (Tabella C),Manut.Straord.Opere Dif.Infr. Su linee A - 2012,,,,,cdp2022,31/12/2021,E.1,1491,,,cdp2022,138
J97I12000110001,concluso,Investimenti,Opere ultimate (Tabella C),Miglioramenti infrastrutturali su linee - 2012,,,,,cdp2022,31/12/2021,E.1,1495,,,cdp2022,138
J97I12000130001,concluso,Investimenti,Opere ultimate (Tabella C),Manutenzione Straordinaria cicli fino al 2011,,,,,agg2025,31/12/2024,E.1,1579,,,agg2025,135
J97I12000160001,concluso,Investimenti,Opere ultimate (Tabella C),Manutenzione Straordinaria cicli fino al 2011,,,,,agg2025,31/12/2024,E.1,1585,,,agg2025,135
J97I12000170001,concluso,Investimenti,Opere ultimate (Tabella C),Manutenzione Straordinaria cicli fino al 2011,,,,,agg2025,31/12/2024,E.1,0522,,,agg2025,135
J97I12000180001,concluso,Investimenti,Opere ultimate (Tabella C),Miglioramenti Infrastrutturali POT.BO - 2012,,,,,cdp2022,31/12/2021,E.1,0624,,,cdp2022,138
J97I12000190001,concluso,Investimenti,Opere ultimate (Tabella C),Manutenzione Straordinaria cicli fino al 2011,,,,,agg2025,31/12/2024,E.1,0525,,,agg2025,135
J97I12000200001,concluso,Investimenti,Opere ultimate (Tabella C),Manutenzione Straordinaria cicli fino al 2011,,,,,agg2025,31/12/2024,E.1,0528,,,agg2025,135
J97I12000210001,concluso,Investimenti,Opere ultimate (Tabella C),Manutenzione Straordinaria cicli fino al 2011,,,,,agg2025,31/12/2024,E.1,0529,,,agg2025,135
J97I12000220001,concluso,Investimenti,Opere ultimate (Tabella C),Obblighi di legge - NA - 2012,,,,,cdp2022,31/12/2021,E.1,0530,,,cdp2022,138
J97I12000230001,concluso,Investimenti,Opere ultimate (Tabella C),Manut.Straord.Opere Dif.Infr.M.E.BO - 2012,,,,,agg2021,31/12/2020,E.1,0507,,,agg2021,127
J97I12000240001,concluso,Investimenti,Opere ultimate (Tabella C),Manutenzione Straordinaria cicli fino al 2011,,,,,agg2025,31/12/2024,E.1,0541,,,agg2025,135
J97I12000260001,concluso,Investimenti,Opere ultimate (Tabella C),Manutenzione Straordinaria cicli fino al 2011,,,,,agg2025,31/12/2024,E.1,0571,,,agg2025,135
J97I12000270001,concluso,Investimenti,Opere ultimate (Tabella C),Fabbricati di stazione M.E. NA - 2012,,,,,agg2021,31/12/2020,E.1,0572,,,agg2021,127
J97I12000280001,concluso,Investimenti,Opere ultimate (Tabella C),Manutenzione Straordinaria cicli fino al 2011,,,,,agg2025,31/12/2024,E.1,0578,,,agg2025,135
J97I12000290001,concluso,Investimenti,Opere ultimate (Tabella C),Manutenzione Straordinaria cicli fino al 2011,,,,,agg2025,31/12/2024,E.1,0583,,,agg2025,135
J97I12000300001,concluso,Investimenti,Opere ultimate (Tabella C),Manutenzione Straordinaria cicli fino al 2011,,,,,agg2025,31/12/2024,E.1,0584,,,agg2025,135
J97I12000310001,concluso,Investimenti,Opere ultimate (Tabella C),Manutenzione Straordinaria cicli fino al 2011,,,,,agg2025,31/12/2024,E.1,0585,,,agg2025,135
J97I12000330001,concluso,Investimenti,Opere ultimate (Tabella C),Manutenzione Straordinaria cicli fino al 2011,,,,,agg2025,31/12/2024,E.1,0510,,,agg2025,135
J97I12000340001,concluso,Investimenti,Opere ultimate (Tabella C),Miglioramenti infrastrutturali M.E.BO - 2012,,,,,agg2021,31/12/2020,E.1,0635,,,agg2021,127
J97I12000360001,concluso,Investimenti,Opere ultimate (Tabella C),Manutenzione Straordinaria cicli fino al 2011,,,,,agg2025,31/12/2024,E.1,0638,,,agg2025,135
J97I12000370001,concluso,Investimenti,Opere ultimate (Tabella C),Manutenzione Straordinaria cicli fino al 2011,,,,,agg2025,31/12/2024,E.1,0511,,,agg2025,135
J97I12000380001,concluso,Investimenti,Opere ultimate (Tabella C),Manutenzione Straordinaria cicli fino al 2011,,,,,agg2025,31/12/2024,E.1,0646,,,agg2025,135
J97I12000390001,concluso,Investimenti,Opere ultimate (Tabella C),Acq.a rimp.mat.inv.obl.di leg.prod.-BO - 2012,,,,,agg2021,31/12/2020,E.1,0715,,,agg2021,127
J97I12000410001,concluso,Investimenti,Opere ultimate (Tabella C),Manutenzione Straordinaria cicli fino al 2011,,,,,agg2025,31/12/2024,E.1,0719,,,agg2025,135
J97I12000420001,concluso,Investimenti,Opere ultimate (Tabella C),Manut.Straord.Opere Dif.Infr. NA - 2012,,,,,agg2023,31/12/2022,E.1,0512,,,agg2023,37
J97I12000430001,concluso,Investimenti,Opere ultimate (Tabella C),Manutenzione Straordinaria cicli fino al 2011,,,,,agg2025,31/12/2024,E.1,0720,,,agg2025,135
J97I12000440001,concluso,Investimenti,Opere ultimate (Tabella C),Manutenzione Straordinaria cicli fino al 2011,,,,,agg2025,31/12/2024,E.1,0730,,,agg2025,135
J97I12000450001,concluso,Investimenti,Opere ultimate (Tabella C),Manutenzione Straordinaria cicli fino al 2011,,,,,agg2025,31/12/2024,E.1,0733,,,agg2025,135
J97I13000030001,concluso,Investimenti,Opere ultimate (Tabella C),Manutenzione Straordinaria cicli fino al 2011,,,,,agg2025,31/12/2024,E.1,1582,,,agg2025,135
J97I13000040001,concluso,Investimenti,Opere ultimate (Tabella C),Manutenzione Straordinaria cicli fino al 2011,,,,,agg2025,31/12/2024,E.1,0603,,,agg2025,135
J97I13000050001,concluso,Investimenti,Opere ultimate (Tabella C),Manutenzione Straordinaria cicli fino al 2011,,,,,agg2025,31/12/2024,E.1,0608,,,agg2025,135
J97I13000060001,concluso,Investimenti,Opere ultimate (Tabella C),Manutenzione Straordinaria cicli fino al 2011,,,,,agg2025,31/12/2024,E.1,0609,,,agg2025,135
J97I13000070001,concluso,Investimenti,Opere ultimate (Tabella C),Manutenzione Straordinaria cicli fino al 2011,,,,,agg2025,31/12/2024,E.1,0610,,,agg2025,135
J97I13000090001,concluso,Investimenti,Opere ultimate (Tabella C),Manutenzione Straordinaria cicli fino al 2011,,,,,agg2025,31/12/2024,E.1,0621,,,agg2025,135
J97I13000240001,concluso,Investimenti,Opere ultimate (Tabella C),Manutenzione Straordinaria cicli fino al 2011,,,,,agg2025,31/12/2024,E.1,0510,,,agg2025,135
J97I13000330001,concluso,Investimenti,Opere ultimate (Tabella C),Adeguamento alimentazione gallerie AV Bologna-Firenze,,,,,cdp2022,31/12/2021,E.1,1693,,,cdp2022,138
J97I17000060001,in corso,Investimenti,Appendice 2 (CUP dei programmi),DOIT GE– upgrading linee viaggiatori,,P221,DOIT GE– upgrading linee viaggiatori,,,,,,,,app2-agg2025,13
J97I17000070001,in corso,Investimenti,Appendice 2 (CUP dei programmi),DOIT MI– upgrading linee viaggiatori,,P198,DOIT MI– upgrading linee viaggiatori,,,,,,,,app2-agg2025,10
J97I17000080001,in corso,Investimenti,Appendice 2 (CUP dei programmi),DOIT NA– upgrading linee viaggiatori,,P201,DOIT NA– upgrading linee viaggiatori,,,,,,,,app2-agg2025,11
J97I17000090001,in corso,Investimenti,Appendice 2 (CUP dei programmi),DOIT VR – upgrading linee viaggiatori,,P224,DOIT VR – upgrading linee viaggiatori,,,,,,,,app2-agg2025,14
J97I17000100001,concluso,Investimenti,Opere ultimate (Tabella C),Sicurezza ed Obblighi di Legge,,,,,agg2025,31/12/2024,E.1,1983,,,agg2025,137
J97I17000110001,concluso,Investimenti,Opere ultimate (Tabella C),Sicurezza ed Obblighi di Legge,,,,,agg2025,31/12/2024,E.1,1982,,,agg2025,137
J97I18000040001,in corso,Investimenti,Appendice 2 (CUP dei programmi),Piano difesa della sede da fenomeni di dissesto idrogeologico - DOIT Milano - 2018,,A1013A,Piano difesa della sede da fenomeni di dissesto idrogeologico - DOIT Milano - 2018,,,,,,,,app2-agg2025,3
J97I18000050001,concluso,Investimenti,Opere ultimate (Tabella C),"Tecnologie per la sicurezza, la circolazione e l'efficientamento",,,,,agg2025,31/12/2024,E.5,1821,,,agg2025,143
J97I18000060001,concluso,Investimenti,Opere ultimate (Tabella C),"Tecnologie per la sicurezza, la circolazione e l'efficientamento",,,,,agg2025,31/12/2024,E.5,1825,,,agg2025,143
J97I18000070001,in corso,Investimenti,Appendice 2 (CUP dei programmi),Piano difesa della sede da fenomeni di dissesto idrogeologico - DOIT Napoli - 2018,,A1013A,Piano difesa della sede da fenomeni di dissesto idrogeologico - DOIT Napoli - 2018,,,,,,,,app2-agg2025,4
J97J18000050001,concluso,Investimenti,Opere ultimate (Tabella C),"Tecnologie per la sicurezza, la circolazione e l'efficientamento",,,,,agg2025,31/12/2024,E.5,3085,,,agg2025,143
J97J18000060001,in corso,Investimenti,Appendice 2 (CUP dei programmi),DOIT GE – upgrading linee merci,,P192,DOIT GE – upgrading linee merci,,,,,,,,app2-agg2025,12
J97J18000070001,in corso,Investimenti,Appendice 2 (CUP dei programmi),DOIT MI – upgrading linee merci,,P221,DOIT MI – upgrading linee merci,,,,,,,,app2-agg2025,13
J97J18000100001,concluso,Investimenti,Opere ultimate (Tabella C),Sicurezza ed Obblighi di Legge,,,,,agg2025,31/12/2024,E.1,1982,,,agg2025,138
J97J18000110001,in corso,Investimenti,Appendice 2 (CUP dei programmi),Smaltimento materiali inquinanti (DOIT Napoli) - 2018,,A1004D,Smaltimento materiali inquinanti (DOIT Napoli) - 2018,,,,,,,,app2-agg2025,3
J97J18000120001,in corso,Investimenti,Appendice 2 (CUP dei programmi),Smaltimento materiali inquinanti (DOIT Verona) - 2018,,A1004D,Smaltimento materiali inquinanti (DOIT Verona) - 2018,,,,,,,,app2-agg2025,3
J97J18000160001,servizi,Servizi,"Servizi, Allegato 4c",Manutenzione Straordinaria Linee Genova - 2019,,,,,,,,,Allegato 4c,0.03,srv2026,17
J97J18000360001,in corso,Investimenti,Appendice 2 (CUP dei programmi),Potenziamento infrastrutturale e tecnologico DOIT Napoli,,P224,Potenziamento infrastrutturale e tecnologico DOIT Napoli,,,,,,,,app2-agg2025,14
J97J18000370001,in corso,Investimenti,Appendice 2 (CUP dei programmi),Miglioramento infrastrutturale - DOIT Napoli - 2018,,P201,Miglioramento infrastrutturale - DOIT Napoli - 2018,,,,,,,,app2-agg2025,10
J97J18000410001,in corso,Investimenti,Appendice 2 (CUP dei programmi),Interventi upgrading rete viaggiatori DOIT Napoli - 2018,,P134,Interventi upgrading rete viaggiatori DOIT Napoli - 2018,,,,,,,,app2-agg2025,12
J97J19000010001,in corso,Investimenti,Appendice 2 (CUP dei programmi),Piano difesa della sede da fenomeni di dissesto idrogeologico - DOIT Milano - 2019,,A1013A,Piano difesa della sede da fenomeni di dissesto idrogeologico - DOIT Milano - 2019,,,,,,,,app2-agg2025,3
J97J19000020001,in corso,Investimenti,Appendice 2 (CUP dei programmi),Piano difesa della sede da fenomeni di dissesto idrogeologico - DOIT Verona - 2019,,A1013A,Piano difesa della sede da fenomeni di dissesto idrogeologico - DOIT Verona - 2019,,,,,,,,app2-agg2025,4
J97J19000030001,concluso,Investimenti,Opere ultimate (Tabella C),"Tecnologie per la sicurezza, la circolazione e l'efficientamento",,,,,agg2025,31/12/2024,E.5,1825,,,agg2025,143
J97J19000040001,in corso,Investimenti,Appendice 2 (CUP dei programmi),Piano difesa della sede da fenomeni di dissesto idrogeologico - DOIT Napoli - 2019,,A1013A,Piano difesa della sede da fenomeni di dissesto idrogeologico - DOIT Napoli - 2019,,,,,,,,app2-agg2025,4
J97J19000050001,concluso,Investimenti,Opere ultimate (Tabella C),Sicurezza ed Obblighi di Legge,,,,,agg2025,31/12/2024,E.1,1900,,,agg2025,138
J97J19000060001,concluso,Investimenti,Opere ultimate (Tabella C),Sicurezza ed Obblighi di Legge,,,,,agg2025,31/12/2024,E.1,1901,,,agg2025,138
J97J19000070001,in corso,Investimenti,Appendice 2 (CUP dei programmi),Piano sicurezza armamento DOIT Napoli - 2019,,A1004E,Piano sicurezza armamento DOIT Napoli - 2019,,,,,,,,app2-agg2025,3
J97J19000080001,concluso,Investimenti,Opere ultimate (Tabella C),Sicurezza ed Obblighi di Legge,,,,,agg2025,31/12/2024,E.1,1909,,,agg2025,138
