{"type":"FeatureCollection","features":[{"type":"Feature","properties":{"id":89842,"nome":"Berninabahn","uso":"","operatore":"RhB","dal":"","wikipedia":"de:Berninabahn"},"geometry":{"type":"MultiLineString","coordinates":[[[10.020733,46.407575],[10.018111,46.410885],[10.018136,46.411748],[10.018861,46.413061],[10.018738,46.41472],[10.01793,46.414924],[10.015861,46.41427],[10.014592,46.414207],[10.01312,46.414762]],[[10.033431,46.393491],[10.033297,46.394323],[10.033944,46.395215],[10.034034,46.396113],[10.033058,46.397824],[10.030336,46.39946],[10.030218,46.399915],[10.030518,46.400765],[10.030175,46.401365],[10.027995,46.402529],[10.02574,46.404646],[10.024962,46.404924]],[[10.031706,46.374206],[10.030341,46.37556],[10.02879,46.376587],[10.02807,46.378755],[10.028433,46.37929],[10.029791,46.380013],[10.030201,46.381718],[10.031442,46.38282],[10.031801,46.383504]],[[10.033933,46.372256],[10.031363,46.371838],[10.030641,46.371966],[10.029967,46.372869],[10.029146,46.374786],[10.026411,46.37664],[10.026342,46.377108],[10.026741,46.377311],[10.027316,46.377226],[10.027626,46.376231],[10.029512,46.375475],[10.031411,46.373596]],[[10.071718,46.301384],[10.071197,46.303375],[10.070804,46.303843],[10.067121,46.305317],[10.064773,46.308486],[10.061896,46.313081]],[[10.092316,46.275768],[10.089649,46.276575],[10.087954,46.278707],[10.085747,46.279982],[10.084126,46.28194],[10.082422,46.283223],[10.081532,46.284269],[10.081388,46.285426],[10.080767,46.286375],[10.079434,46.287883],[10.078394,46.288693],[10.077613,46.295029],[10.071923,46.301022]],[[10.166418,46.215723],[10.159384,46.216554],[10.155865,46.218099],[10.152561,46.222717],[10.150102,46.223565],[10.149534,46.224217],[10.148683,46.224547],[10.146656,46.225964],[10.146077,46.226926],[10.145757,46.229021],[10.143334,46.231494],[10.143016,46.232311],[10.140111,46.234906],[10.140064,46.235755],[10.137852,46.237639],[10.137651,46.238472],[10.132024,46.243094],[10.131578,46.244149],[10.131836,46.245223],[10.131773,46.246143],[10.130173,46.248756],[10.130042,46.249536],[10.129636,46.250084],[10.129229,46.251361],[10.129119,46.252538],[10.128016,46.253374],[10.128502,46.254371],[10.128184,46.254652],[10.127702,46.254691],[10.127338,46.254511],[10.127237,46.254166],[10.127521,46.253832],[10.128126,46.253671],[10.128958,46.254089],[10.128433,46.255913],[10.128695,46.256923],[10.128299,46.257816],[10.127445,46.258398],[10.126846,46.259223],[10.124012,46.259193],[10.123525,46.259503],[10.123772,46.259934],[10.126131,46.260569],[10.126337,46.260853],[10.12621,46.261172],[10.123074,46.261442],[10.120784,46.26195],[10.119856,46.263157],[10.118676,46.263624],[10.117449,46.264621],[10.117092,46.265357],[10.115199,46.267524],[10.112801,46.269194],[10.111027,46.269863],[10.108972,46.271072],[10.104973,46.271676],[10.104069,46.272348]],[[10.142578,46.232713],[10.140292,46.234727]],[[10.16644,46.215804],[10.163386,46.216125]],[[10.127297,46.258659],[10.126635,46.259228],[10.124386,46.259206]],[[10.032661,46.373874],[10.031878,46.374123],[10.030539,46.375364]]]}},{"type":"Feature","properties":{"id":183626,"nome":"Treviglio-Cremona","uso":"","operatore":"Rete Ferroviaria Italiana","dal":"","wikipedia":"it:Ferrovia Treviglio-Cremona"},"geometry":{"type":"MultiLineString","coordinates":[[[10.018912,45.143127],[10.024845,45.143231]],[[10.025236,45.143269],[10.029017,45.143563],[10.027354,45.143358],[10.018464,45.143369]],[[9.587247,45.514653],[9.595153,45.515336],[9.596569,45.515206],[9.598231,45.51474],[9.599688,45.513853],[9.600626,45.512879],[9.605894,45.503336],[9.607607,45.501803],[9.642607,45.489446],[9.644597,45.488456],[9.646181,45.48731],[9.647333,45.486129],[9.648413,45.484336],[9.648987,45.482234],[9.648883,45.480436],[9.631865,45.410079],[9.63176,45.408542],[9.632008,45.407093],[9.632655,45.405581],[9.633531,45.404317],[9.635065,45.402856],[9.67591,45.371763],[9.679446,45.370304],[9.695368,45.3666],[9.701836,45.364502],[9.70454,45.36291],[9.725762,45.348699],[9.771788,45.297389],[9.773131,45.296052],[9.774667,45.294951],[9.776998,45.293837],[9.780665,45.292965],[9.861707,45.282309],[9.917457,45.26755],[10.025017,45.238511],[10.027441,45.237657],[10.029448,45.23639],[10.030439,45.235446],[10.031298,45.234206],[10.031961,45.231929],[10.035339,45.149692],[10.034958,45.147717],[10.033692,45.145943],[10.031597,45.144462],[10.029017,45.143563]]]}},{"type":"Feature","properties":{"id":195308,"nome":"Savona - San Giuseppe di Cairo (via Santuario)","uso":"","operatore":"","dal":"","wikipedia":""},"geometry":{"type":"MultiLineString","coordinates":[[[8.471298,44.319242],[8.470393,44.320764],[8.468019,44.322259],[8.466785,44.323654],[8.466483,44.324591],[8.466666,44.326018],[8.466549,44.326881],[8.465642,44.328929],[8.464434,44.330114],[8.461756,44.331371],[8.45912,44.333359],[8.458267,44.334468],[8.457837,44.335614]]]}},{"type":"Feature","properties":{"id":382292,"nome":"Linea Catania Centrale - Agrigento Centrale / Agrigento Bassa-Porto Empedocle / Motta S.A. - Paternò","uso":"","operatore":"Rete Ferroviaria Italiana","dal":"","wikipedia":""},"geometry":{"type":"MultiLineString","coordinates":[[[13.576291,37.310216],[13.573741,37.311006],[13.572601,37.311896],[13.571966,37.312693],[13.571839,37.31348],[13.572209,37.314311],[13.573991,37.316236],[13.583032,37.318763],[13.586652,37.318909],[13.590261,37.319508],[13.591765,37.320129],[13.592869,37.321172],[13.593158,37.322105],[13.592353,37.326554],[13.593044,37.32896],[13.593093,37.331712],[13.594229,37.334424],[13.594353,37.337498],[13.595133,37.33893],[13.596639,37.340674],[13.597424,37.342381],[13.598274,37.34326],[13.599961,37.343968],[13.602309,37.34409],[13.608117,37.345083],[13.61145,37.347163],[13.618169,37.349415],[13.621582,37.351348],[13.624988,37.354226],[13.631928,37.357129],[13.634081,37.358774],[13.635497,37.360889],[13.640514,37.37011],[13.641933,37.377461],[13.641273,37.379042],[13.640099,37.380077],[13.633449,37.382013],[13.631635,37.383065],[13.63003,37.385331],[13.629895,37.386686],[13.630256,37.387767],[13.631509,37.389048],[13.634116,37.39013],[13.635186,37.390874],[13.640328,37.398615],[13.641149,37.399419],[13.644662,37.400919],[13.647009,37.401084],[13.648229,37.401411],[13.649726,37.402401],[13.650929,37.404313],[13.651999,37.405264],[13.65317,37.405804],[13.656902,37.406674],[13.658432,37.407388],[13.666774,37.416214],[13.66791,37.416877],[13.670851,37.417488],[13.673801,37.417455],[13.674931,37.417087],[13.67749,37.41566],[13.678513,37.415353],[13.680268,37.415253],[13.681625,37.415602],[13.687349,37.418016],[13.688962,37.418167],[13.690412,37.418006],[13.691023,37.417749],[13.691761,37.417013],[13.693614,37.412136],[13.694605,37.411109],[13.696042,37.410406],[13.69759,37.410162],[13.701072,37.410316],[13.706558,37.408539],[13.708104,37.408304],[13.712123,37.409101],[13.715317,37.409269],[13.717748,37.409805],[13.719464,37.409761],[13.720744,37.409437],[13.723014,37.408257],[13.726327,37.407037],[13.729419,37.404407],[13.730377,37.402758],[13.731182,37.401902],[13.732351,37.401194],[13.734224,37.400817],[13.736869,37.400953],[13.741439,37.40189],[13.743402,37.401801],[13.745304,37.40113],[13.747871,37.398412],[13.750438,37.396531],[13.75557,37.394553],[13.7566,37.393909],[13.759342,37.39111],[13.760117,37.388312],[13.761274,37.386896],[13.763036,37.386096],[13.766791,37.385652],[13.768015,37.38507],[13.769358,37.383752],[13.771045,37.380549],[13.771045,37.377802],[13.770461,37.376558],[13.768228,37.374584],[13.767329,37.373442],[13.766421,37.370769],[13.766578,37.369539],[13.767236,37.368464],[13.768339,37.36755],[13.774847,37.364927],[13.779405,37.364159],[13.782522,37.363291],[13.783691,37.363222],[13.787881,37.363801],[13.794626,37.366335],[13.800584,37.367031],[13.803839,37.368615],[13.805176,37.368974],[13.807108,37.368902],[13.810481,37.367741],[13.812356,37.367771],[13.813857,37.36828],[13.815127,37.369281],[13.815659,37.370267],[13.816047,37.37262],[13.816617,37.373743],[13.821716,37.378274],[13.823495,37.379069],[13.825219,37.379452],[13.830547,37.379231],[13.834121,37.380308],[13.836192,37.38049],[13.840153,37.379725],[13.843433,37.379773],[13.844832,37.379313],[13.846018,37.378075],[13.846563,37.375681],[13.847512,37.374422],[13.851859,37.371597],[13.854824,37.370399],[13.855862,37.369632],[13.856609,37.368493],[13.856797,37.367113],[13.856425,37.365943],[13.855366,37.364553],[13.854847,37.363332],[13.854831,37.362434],[13.855361,37.35992]],[[14.628776,37.571565],[14.625841,37.571559],[14.621319,37.57028],[14.616431,37.569582],[14.60855,37.566421],[14.606886,37.565469],[14.605918,37.56464],[14.604747,37.563009],[14.604308,37.561629],[14.604114,37.558832],[14.603361,37.557463],[14.602349,37.556644],[14.598277,37.554435],[14.597341,37.55366],[14.593148,37.546856],[14.589023,37.542754],[14.588155,37.542075],[14.586973,37.541554],[14.577416,37.540224],[14.576103,37.540427],[14.57345,37.541528],[14.570982,37.541563],[14.564219,37.538572],[14.556171,37.536425],[14.55345,37.536464],[14.545875,37.538297],[14.5446,37.53842],[14.542329,37.53804],[14.538838,37.536482],[14.537339,37.536271],[14.536107,37.53636],[14.526917,37.539182],[14.524796,37.540154],[14.512946,37.549512],[14.51162,37.550353],[14.50963,37.551071],[14.504182,37.552062],[14.502814,37.552733],[14.49881,37.555423],[14.497608,37.555899],[14.492403,37.556747],[14.491118,37.557193],[14.487223,37.55957],[14.482562,37.561217],[14.47697,37.564258],[14.475572,37.564612],[14.47395,37.564556],[14.469997,37.562901],[14.467581,37.562819],[14.44922,37.569298],[14.448171,37.569875],[14.446774,37.571123],[14.444933,37.575007],[14.443273,37.576928],[14.442004,37.577747],[14.430163,37.581762],[14.428324,37.581982],[14.423285,37.581968],[14.42114,37.582494],[14.419286,37.583846],[14.416567,37.587657],[14.413397,37.591045],[14.412686,37.591514],[14.411061,37.592],[14.407295,37.592268],[14.402402,37.59427],[14.397984,37.595002],[14.396802,37.595682],[14.395413,37.597285],[14.394279,37.597981],[14.393026,37.59832],[14.389594,37.59859],[14.388659,37.599046],[14.386505,37.600771],[14.382809,37.601827],[14.381246,37.602948],[14.379978,37.604884],[14.379245,37.605562],[14.377874,37.606202],[14.376403,37.606322],[14.372756,37.605664],[14.369036,37.603125],[14.366165,37.602137],[14.364692,37.601876],[14.360408,37.601874],[14.358836,37.601386],[14.357942,37.600763],[14.357345,37.599957],[14.355736,37.595674],[14.35429,37.5937],[14.35234,37.592742],[14.349096,37.592006],[14.347826,37.591155],[14.34731,37.590349],[14.347036,37.589313],[14.34798,37.585463],[14.348078,37.581639],[14.348632,37.580519],[14.35048,37.57877],[14.351018,37.577242],[14.350895,37.576499],[14.350431,37.575737],[14.349506,37.575025],[14.348571,37.574675],[14.347391,37.57457],[14.343174,37.575119],[14.338789,37.576654],[14.337334,37.576587],[14.330452,37.57517],[14.329067,37.575378],[14.326888,37.576388],[14.3254,37.576632],[14.323287,37.576189],[14.320699,37.574158],[14.319061,37.573625],[14.315314,37.57415],[14.309697,37.573857],[14.304969,37.574231],[14.303659,37.574543],[14.302568,37.575253],[14.302089,37.575934],[14.30144,37.577818],[14.300098,37.578885],[14.298456,37.579212],[14.29571,37.578969],[14.292775,37.579454],[14.2911,37.58],[14.28827,37.581693],[14.286715,37.581876],[14.276243,37.578814],[14.274052,37.578629],[14.270566,37.578978],[14.267257,37.578166],[14.263011,37.578131],[14.256816,37.576913],[14.255008,37.576197],[14.252486,37.574228],[14.248622,37.573488],[14.247798,37.573025],[14.246825,37.572035],[14.246463,37.57103],[14.246536,37.570036],[14.247285,37.56869],[14.249156,37.567199],[14.250286,37.564991],[14.250271,37.5639],[14.249375,37.561459],[14.248323,37.560242],[14.246428,37.558964],[14.244773,37.558407],[14.243172,37.558441],[14.240276,37.559325],[14.236928,37.558904],[14.235713,37.559016],[14.23434,37.559601],[14.232218,37.561701],[14.231408,37.562205],[14.229897,37.562633],[14.228836,37.562652],[14.227259,37.562181],[14.226108,37.561345],[14.224489,37.558464],[14.223313,37.557452],[14.219435,37.556335],[14.217191,37.556335],[14.215733,37.556844],[14.209992,37.560604],[14.209275,37.561243],[14.205764,37.565797],[14.204777,37.566458],[14.203317,37.566952],[14.200522,37.567207],[14.198076,37.566879],[14.197008,37.566308],[14.195236,37.564773],[14.180413,37.550936],[14.177973,37.549219],[14.17526,37.547798],[14.173189,37.545434],[14.1723,37.544775],[14.170568,37.544178],[14.167292,37.544235],[14.165603,37.544015],[14.164198,37.543524],[14.16081,37.541649],[14.158098,37.541205],[14.15546,37.541774],[14.152003,37.54338],[14.149113,37.544333],[14.147675,37.544446],[14.145723,37.544155],[14.144388,37.543582],[14.143167,37.54241],[14.142339,37.539538],[14.141248,37.537883],[14.136175,37.533899],[14.134293,37.533057],[14.131493,37.532582],[14.129832,37.532653],[14.123629,37.534263],[14.121617,37.535306],[14.120596,37.536285],[14.119181,37.538248],[14.117285,37.539502],[14.115808,37.539876],[14.113238,37.540048],[14.110622,37.54094],[14.108865,37.541278],[14.105012,37.54126],[14.10259,37.540701],[14.09865,37.538822],[14.095542,37.536174],[14.093516,37.535515],[14.092065,37.535484],[14.08988,37.535887],[14.088699,37.536248],[14.085901,37.537708],[14.083526,37.538126],[14.082239,37.537954],[14.079342,37.537012],[14.075818,37.536671],[14.071582,37.535515],[14.07048,37.535526],[14.066583,37.536264],[14.063268,37.536241],[14.060428,37.536619],[14.052655,37.535602],[14.050276,37.534683],[14.047174,37.532724],[14.046388,37.531676],[14.04553,37.529839],[14.043648,37.528082],[14.04306,37.527254],[14.042516,37.526024],[14.042282,37.524797],[14.042428,37.523464],[14.044059,37.519933],[14.046743,37.517019],[14.047585,37.5132],[14.049756,37.510518],[14.050014,37.508955],[14.049172,37.506613],[14.049215,37.505189],[14.056462,37.4909],[14.057351,37.488492],[14.057331,37.487021],[14.056748,37.485707],[14.053161,37.48285],[14.049437,37.477671],[14.048453,37.476984],[14.047202,37.476565],[14.043149,37.476628],[14.039577,37.476297],[14.038727,37.476041],[14.037584,37.475462],[14.035485,37.47353],[14.034174,37.472766],[14.028806,37.471074],[14.027014,37.470783],[14.024285,37.471106],[14.018975,37.472631],[14.01724,37.47269],[14.014455,37.472282],[14.008998,37.47247],[14.007035,37.472845],[14.003769,37.474076],[14.001692,37.474047],[13.999817,37.473313],[13.998401,37.472025],[13.997987,37.471128],[13.99725,37.467876],[13.996419,37.466489],[13.9952,37.465574],[13.993128,37.464524],[13.992184,37.463551],[13.991519,37.461912],[13.99178,37.459548],[13.991552,37.458255],[13.990561,37.456926],[13.989434,37.456347],[13.987916,37.456078],[13.981882,37.456083],[13.98037,37.4557],[13.97751,37.454381],[13.976014,37.454099],[13.972557,37.454119],[13.969456,37.453621],[13.966492,37.453905],[13.965195,37.45376],[13.963833,37.453083],[13.96253,37.45196],[13.959937,37.451314],[13.958849,37.450822],[13.957982,37.450005],[13.956803,37.448163],[13.955128,37.447217],[13.951212,37.446648],[13.946619,37.445204],[13.936604,37.444359],[13.932373,37.443208],[13.929816,37.443416],[13.92594,37.445293],[13.924369,37.445512],[13.920253,37.445489],[13.916215,37.447043],[13.914674,37.447297],[13.912626,37.447214],[13.903504,37.444323],[13.898015,37.443226],[13.895523,37.441485],[13.890109,37.43898],[13.887886,37.436873],[13.885765,37.435357],[13.883723,37.432175],[13.878824,37.428025],[13.871614,37.423259],[13.869559,37.421463],[13.867161,37.420415],[13.865895,37.419182],[13.865443,37.417754],[13.865531,37.416885],[13.866511,37.414578],[13.866558,37.413022],[13.865673,37.411119],[13.863242,37.409143],[13.862348,37.407543],[13.862328,37.406355],[13.863423,37.40414],[13.86366,37.40294],[13.861665,37.396359],[13.860579,37.394886],[13.85805,37.392829],[13.85632,37.39048],[13.84924,37.386663],[13.847226,37.384854],[13.846258,37.38325],[13.845862,37.3819],[13.845823,37.380548],[13.84643,37.376185],[13.846913,37.375142],[13.847904,37.374173],[13.851584,37.371809],[13.855298,37.370166],[13.856193,37.369325],[13.856659,37.368503],[13.856856,37.367736],[13.856739,37.366578],[13.85502,37.363776],[13.85493,37.362184]],[[14.650475,37.574135],[14.648366,37.574721]],[[14.773585,37.511918],[14.766307,37.513596],[14.762299,37.515134],[14.757342,37.518125],[14.746587,37.525785]],[[14.813177,37.49135],[14.798718,37.499039],[14.79587,37.500327]],[[14.822716,37.48808],[14.819966,37.488531],[14.817816,37.489145]],[[14.88162,37.451604],[14.878512,37.452611],[14.874334,37.454671],[14.852116,37.468339]],[[14.897779,37.449452],[14.883193,37.451232]],[[14.916898,37.458142],[14.914503,37.456259]],[[14.994245,37.455053],[15.004643,37.457617],[15.007609,37.458142],[15.011406,37.458346],[15.016297,37.457825]],[[15.033321,37.45608],[15.033916,37.456174]],[[15.035239,37.456353],[15.039667,37.457204],[15.042464,37.458821]],[[15.10005,37.506551],[15.097812,37.505203],[15.095484,37.502368],[15.094442,37.501605],[15.092567,37.501116],[15.089136,37.501596],[15.086877,37.501172],[15.075597,37.493738],[15.074199,37.492176],[15.073739,37.491348],[15.073498,37.4902],[15.073399,37.487176],[15.072945,37.485982],[15.072067,37.484805],[15.042751,37.459066]],[[14.886283,37.569591],[14.888237,37.566821],[14.889205,37.561703],[14.889665,37.560773],[14.890552,37.559899],[14.89436,37.557599],[14.896679,37.5542],[14.899966,37.551431],[14.900851,37.550352],[14.903322,37.544327],[14.903126,37.542126],[14.903284,37.54124],[14.90512,37.538953],[14.905502,37.537964],[14.906907,37.530592],[14.906725,37.529626],[14.904795,37.525835],[14.904772,37.524845],[14.905423,37.521959],[14.905299,37.521082],[14.904402,37.519888],[14.898009,37.516016],[14.897004,37.514824],[14.89658,37.51336],[14.8967,37.512311],[14.897148,37.51133],[14.900059,37.507784],[14.900653,37.506574],[14.900738,37.505591],[14.900205,37.499136],[14.902705,37.493916],[14.902696,37.49302],[14.901857,37.49023],[14.903217,37.48388],[14.905877,37.480598],[14.908897,37.478116],[14.911812,37.475343],[14.912584,37.47484],[14.919841,37.471912],[14.929597,37.463258]],[[13.576274,37.310285],[13.576883,37.310152]],[[13.578777,37.309886],[13.579088,37.30994]],[[13.579572,37.310068],[13.580292,37.310114]],[[13.58121,37.310062],[13.584307,37.309284]],[[13.591196,37.319837],[13.589323,37.319237],[13.58412,37.31858],[13.582779,37.31876],[13.580526,37.319553],[13.578902,37.319469],[13.576983,37.31893],[13.574017,37.318525],[13.571751,37.317836],[13.568847,37.31746],[13.566664,37.316177],[13.56583,37.315119],[13.56559,37.313263],[13.565761,37.312291],[13.566378,37.311309],[13.56938,37.309154],[13.569899,37.308549],[13.570236,37.307707],[13.570512,37.305703],[13.571104,37.304789],[13.572126,37.304084],[13.574941,37.303474],[13.577662,37.3023],[13.581847,37.300362],[13.582758,37.299526],[13.583394,37.297913],[13.583286,37.296647],[13.581847,37.294606],[13.579829,37.292946],[13.578694,37.292546],[13.573956,37.291941],[13.5703,37.290954],[13.569161,37.290853],[13.558264,37.291244],[13.551986,37.288818],[13.550378,37.288523],[13.549536,37.288619],[13.545734,37.290006],[13.541265,37.291184],[13.535851,37.291664]],[[15.076612,37.494404],[15.075281,37.493391],[15.073887,37.491586],[15.073542,37.490196],[15.073449,37.487194],[15.072984,37.48597],[15.072249,37.484936],[15.048292,37.463975]],[[15.086696,37.50108],[15.088861,37.501563],[15.092151,37.501078],[15.094105,37.501417],[15.095516,37.502343],[15.097855,37.505151],[15.100115,37.506468]]]}},{"type":"Feature","properties":{"id":532112,"nome":"Ferrovia Padova - Venezia (Linea Storica)","uso":"","operatore":"Rete Ferroviaria Italiana","dal":"","wikipedia":""},"geometry":{"type":"MultiLineString","coordinates":[[[11.88056,45.417706],[11.882802,45.417406],[11.88722,45.417463],[12.016377,45.442433],[12.109343,45.460942],[12.196486,45.479552],[12.212043,45.483193],[12.21815,45.483848],[12.223237,45.483914],[12.239077,45.480072]],[[12.240649,45.479765],[12.244187,45.478984]],[[12.244615,45.478878],[12.247476,45.478053],[12.249367,45.477157],[12.251403,45.47585],[12.254597,45.473353],[12.25779,45.471664],[12.261315,45.470556],[12.267841,45.469377],[12.27156,45.468347],[12.275468,45.46682],[12.280399,45.464252]],[[12.280368,45.464227],[12.27544,45.466791],[12.271543,45.468318],[12.267826,45.469344],[12.261303,45.470523],[12.258173,45.47147],[12.25499,45.473049],[12.250932,45.476137],[12.248145,45.477733],[12.245486,45.478626],[12.239659,45.479921]],[[12.237983,45.480248],[12.22323,45.48388],[12.218154,45.483812],[12.212054,45.483155],[12.196501,45.479518],[12.109356,45.460908],[12.011427,45.441416],[11.887224,45.417425],[11.8828,45.417367],[11.88055,45.417674]]]}},{"type":"Feature","properties":{"id":539244,"nome":"Ferrovia Varese-Gallarate","uso":"","operatore":"Rete Ferroviaria Italiana","dal":"","wikipedia":""},"geometry":{"type":"MultiLineString","coordinates":[[[8.802294,45.657334],[8.797093,45.660903],[8.793401,45.663997],[8.79009,45.665902],[8.789388,45.666638],[8.788857,45.667656],[8.788779,45.669443],[8.789463,45.670948],[8.801672,45.692414],[8.802768,45.695082],[8.803674,45.699442],[8.803249,45.700812],[8.801517,45.703843],[8.801103,45.705517],[8.801132,45.706821],[8.802703,45.713615],[8.805741,45.719379],[8.80624,45.72094],[8.806009,45.735273],[8.806683,45.737223],[8.809538,45.741746],[8.810274,45.743271],[8.810371,45.744853],[8.809448,45.750535],[8.809487,45.751712],[8.809822,45.75294],[8.810696,45.754407],[8.818593,45.764574],[8.819254,45.766381],[8.819436,45.771396],[8.820013,45.773285],[8.820742,45.774377],[8.827454,45.781509],[8.828015,45.783206],[8.82796,45.785803],[8.828268,45.786912],[8.834449,45.795232],[8.835729,45.797871],[8.835987,45.79948],[8.835918,45.80259],[8.836521,45.805115],[8.836543,45.806473],[8.836071,45.808375],[8.833503,45.813646],[8.833048,45.817297]],[[8.833097,45.817299],[8.833507,45.813804],[8.836172,45.808257],[8.836599,45.806498],[8.836566,45.805063],[8.83597,45.8026],[8.836065,45.799714],[8.835622,45.797353],[8.834589,45.795357],[8.828337,45.786946],[8.828,45.785798],[8.828037,45.782835],[8.827528,45.781503],[8.820943,45.774532],[8.82005,45.773272],[8.81946,45.771127],[8.819331,45.766606],[8.818616,45.764545],[8.810435,45.753969],[8.809731,45.752504],[8.809481,45.750737],[8.810429,45.74479],[8.810367,45.743476],[8.809864,45.742192],[8.806677,45.737107],[8.806097,45.735439],[8.806359,45.721329],[8.805745,45.719278],[8.802751,45.713649],[8.801174,45.706812],[8.801191,45.705239],[8.801561,45.703854],[8.80329,45.700834],[8.803727,45.69945],[8.802822,45.695077],[8.801769,45.692494],[8.789385,45.670726],[8.788828,45.669447],[8.788913,45.667667],[8.789445,45.666644],[8.790128,45.665914],[8.793631,45.663882],[8.796502,45.661448],[8.8023,45.657407]]]}},{"type":"Feature","properties":{"id":539246,"nome":"Ferrovia Porto Ceresio-Varese","uso":"","operatore":"Rete Ferroviaria Italiana","dal":"1894","wikipedia":"it:Ferrovia Varese-Porto Ceresio"},"geometry":{"type":"MultiLineString","coordinates":[[[8.836326,45.839996],[8.835968,45.828447],[8.836486,45.826781],[8.838814,45.821528],[8.838945,45.820361],[8.838556,45.819446],[8.837822,45.818772],[8.834019,45.817064],[8.833415,45.816214],[8.833306,45.814791]],[[8.836235,45.838896],[8.836388,45.842575],[8.836768,45.843903],[8.841333,45.851247],[8.842208,45.851918],[8.843679,45.852548],[8.84795,45.853401],[8.849259,45.85387],[8.857625,45.858213],[8.859195,45.858633],[8.860922,45.858768],[8.869878,45.857794],[8.87217,45.856957],[8.874423,45.855396],[8.875651,45.854801],[8.877044,45.854418],[8.8792,45.854233],[8.880945,45.854363],[8.882303,45.854826],[8.887045,45.857914],[8.887614,45.858914],[8.887657,45.86096],[8.889027,45.863054],[8.889154,45.864064],[8.887164,45.872276],[8.886747,45.873218],[8.884108,45.877177],[8.883699,45.879403],[8.884067,45.882213],[8.881856,45.887532],[8.881841,45.888591],[8.882653,45.88981],[8.886508,45.89193],[8.888963,45.893863],[8.893408,45.895111],[8.900695,45.900252],[8.90126,45.901059],[8.90139,45.902309],[8.900875,45.903256],[8.899874,45.903999]],[[8.884289,45.856029],[8.882023,45.854644],[8.880665,45.854282]]]}},{"type":"Feature","properties":{"id":546969,"nome":"Ferrovia Milano-Venezia","uso":"","operatore":"Rete Ferroviaria Italiana","dal":"","wikipedia":"it:Ferrovia Milano-Venezia"},"geometry":{"type":"MultiLineString","coordinates":[[[9.204668,45.48616],[9.210467,45.491859],[9.208421,45.489836]],[[9.210467,45.491859],[9.214249,45.495896],[9.215614,45.498036],[9.216451,45.498882],[9.217265,45.499253],[9.218654,45.499207],[9.221321,45.497906],[9.227138,45.495744],[9.228727,45.494522],[9.237681,45.484716],[9.23817,45.483526],[9.238714,45.480677],[9.238658,45.476002],[9.239528,45.474123],[9.240617,45.473075],[9.242254,45.472163],[9.244139,45.471645],[9.246204,45.471531],[9.270447,45.47552],[9.287935,45.478873],[9.331213,45.486319],[9.360639,45.491847],[9.3733,45.493736],[9.405713,45.49989],[9.415955,45.501452],[9.498306,45.515744],[9.502951,45.515894],[9.507434,45.515518],[9.511392,45.514743],[9.51995,45.512295],[9.52296,45.511874],[9.525522,45.511828],[9.561628,45.513508],[9.571705,45.51405],[9.575758,45.514468],[9.636276,45.517629],[9.733396,45.523425],[9.784715,45.524502],[9.787885,45.524924],[9.812699,45.529607],[9.858384,45.53481],[9.862613,45.534979],[9.895637,45.534252],[9.901012,45.534587],[9.983224,45.552553],[9.988888,45.553292],[9.995629,45.553016],[10.044981,45.545091],[10.048124,45.544769],[10.132244,45.548939],[10.13533,45.54893],[10.140239,45.548369],[10.143882,45.547476],[10.174272,45.536593],[10.177028,45.535816],[10.206969,45.533615],[10.22307,45.529994],[10.247139,45.529106],[10.250136,45.528731],[10.253037,45.528027],[10.255754,45.52701],[10.374931,45.475463],[10.380006,45.473748],[10.38446,45.47295],[10.388775,45.47273],[10.416246,45.47417],[10.42006,45.473891],[10.478084,45.457774],[10.482686,45.456945],[10.486053,45.457079],[10.488833,45.457703],[10.51435,45.46771],[10.51838,45.468314],[10.522877,45.468035],[10.526942,45.466775],[10.595965,45.436824],[10.598125,45.436063],[10.600242,45.435615],[10.604235,45.435507],[10.667147,45.441981],[10.669763,45.442098],[10.674142,45.441475],[10.683426,45.43841],[10.690666,45.435515],[10.692399,45.435153],[10.694509,45.435038],[10.696946,45.435358],[10.699245,45.436159],[10.705008,45.440367],[10.706574,45.441189],[10.709307,45.441964],[10.712755,45.442193],[10.715019,45.44188],[10.759521,45.430541],[10.796326,45.424171],[10.816757,45.421348],[10.82123,45.421633],[10.84812,45.427113],[10.85157,45.427485],[10.957442,45.427017],[10.960854,45.42677],[10.965655,45.425829],[10.96756,45.425666],[10.969891,45.425907],[10.985701,45.429244],[10.988629,45.429369],[10.991596,45.428891],[10.997405,45.42625],[10.999823,45.425967],[11.001675,45.426338],[11.002994,45.427023],[11.009894,45.433207],[11.011961,45.434364],[11.02566,45.436534],[11.028517,45.436661],[11.037094,45.435109],[11.04017,45.434162],[11.043444,45.432209],[11.04628,45.429037],[11.047765,45.427842],[11.050077,45.426706],[11.052736,45.426043],[11.116741,45.418294],[11.16297,45.414282],[11.190364,45.413525],[11.254198,45.401951],[11.261737,45.401515],[11.265725,45.401776],[11.336869,45.409963],[11.339784,45.410546],[11.342598,45.411646],[11.345035,45.413262],[11.389748,45.451811],[11.391544,45.452876],[11.393873,45.453845],[11.402338,45.456345],[11.40534,45.457476],[11.409368,45.459675],[11.413122,45.462533],[11.414971,45.464394],[11.416544,45.466377],[11.425035,45.478917],[11.430183,45.484586],[11.441169,45.495808],[11.451995,45.509514],[11.453848,45.511232],[11.455845,45.512406],[11.457908,45.513202],[11.489653,45.522622],[11.522308,45.539631],[11.524369,45.540355],[11.526563,45.540728],[11.534852,45.541118],[11.551526,45.541071],[11.562112,45.542244],[11.565074,45.542267],[11.567801,45.541862],[11.596803,45.535324],[11.702813,45.490165],[11.765784,45.460751],[11.823669,45.440435],[11.874295,45.419039],[11.877315,45.418358],[11.883071,45.417498],[11.886879,45.417512],[11.900352,45.42004],[11.948339,45.429532],[12.011343,45.441582],[12.109302,45.461049],[12.196436,45.479673],[12.211577,45.483198],[12.215516,45.48375],[12.222819,45.484049],[12.22738,45.483133],[12.239047,45.480224],[12.224356,45.483831],[12.222002,45.484098],[12.219812,45.484037],[12.215062,45.483707],[12.211577,45.483198],[12.197878,45.479993],[12.182741,45.476759]],[[12.239047,45.480224],[12.241662,45.479759],[12.239047,45.480224]],[[12.241662,45.479759],[12.246533,45.478378],[12.248898,45.477407],[12.250509,45.476482],[12.255021,45.473081],[12.258194,45.471499],[12.261315,45.470556],[12.267841,45.469377],[12.270392,45.468711],[12.276338,45.466405],[12.314481,45.444993]],[[12.317071,45.443112],[12.315911,45.444189],[12.311207,45.44668],[12.309677,45.447736],[12.279482,45.464727],[12.27544,45.466791],[12.272414,45.468022],[12.269235,45.468998],[12.261303,45.470523],[12.258173,45.47147],[12.25499,45.473049],[12.249341,45.477128],[12.247454,45.478018],[12.24483,45.478786],[12.247454,45.478018],[12.249341,45.477128],[12.254549,45.473336],[12.257763,45.471636],[12.260618,45.470687],[12.267826,45.469344],[12.271543,45.468318],[12.27544,45.466791],[12.280368,45.464227],[12.27544,45.466791],[12.271543,45.468318],[12.267826,45.469344],[12.260618,45.470687],[12.257763,45.471636],[12.254549,45.473336],[12.250012,45.476739],[12.247454,45.478018],[12.24249,45.479519],[12.231997,45.481962],[12.238966,45.4802],[12.241652,45.479721]],[[12.320225,45.440967],[12.317336,45.442803]],[[12.320008,45.440792],[12.317844,45.442058],[12.316766,45.4434],[12.315911,45.444071],[12.310409,45.447302]],[[12.182754,45.476719],[12.197895,45.479957],[12.211124,45.483071],[12.215073,45.483671],[12.222814,45.484011],[12.231997,45.481962],[12.224879,45.483681],[12.222416,45.48404],[12.215523,45.483714],[12.211588,45.483162],[12.196452,45.479635],[12.109317,45.461011],[12.011361,45.441545],[11.948377,45.42947],[11.900364,45.420006],[11.886886,45.417474],[11.88282,45.417466],[11.876095,45.418485],[11.874058,45.419087],[11.823647,45.440404],[11.765762,45.460721],[11.702779,45.490136],[11.597303,45.535112],[11.567791,45.541828],[11.56507,45.542233],[11.562119,45.542209],[11.551537,45.541031],[11.534852,45.541082],[11.52657,45.540691],[11.524388,45.540319],[11.521947,45.539412],[11.489675,45.522593],[11.457925,45.513173],[11.45588,45.51237],[11.453884,45.511203],[11.452043,45.509495],[11.441205,45.495789],[11.430228,45.484564],[11.425677,45.479605],[11.416107,45.465691],[11.413183,45.462505],[11.40941,45.459648],[11.405376,45.45744],[11.40236,45.456311],[11.394061,45.453867],[11.391581,45.452843],[11.389959,45.451883],[11.345071,45.413244],[11.342653,45.411621],[11.339803,45.410512],[11.336877,45.409925],[11.264575,45.401609],[11.261741,45.401478],[11.25419,45.401919],[11.190357,45.41349],[11.162959,45.414212],[11.116667,45.41826],[11.052725,45.425989],[11.050049,45.426658],[11.047722,45.427801],[11.046224,45.429003],[11.043401,45.432187],[11.040142,45.434137],[11.037088,45.435076],[11.028515,45.436627],[11.025668,45.436498],[11.011982,45.434333],[11.009927,45.433184],[11.003031,45.427003],[11.001703,45.426307],[10.999831,45.425935],[10.997382,45.426213],[10.991757,45.428793],[10.988894,45.429329],[10.985658,45.429159],[10.969809,45.425854],[10.967838,45.425637],[10.965656,45.425793],[10.960845,45.42674],[10.95751,45.426986],[10.851577,45.427455],[10.848136,45.427082],[10.82124,45.421602],[10.816756,45.421305],[10.796316,45.42414],[10.759508,45.430511],[10.715008,45.441852],[10.712746,45.442161],[10.709063,45.44184],[10.706447,45.441011],[10.705112,45.440293],[10.69908,45.436037],[10.696963,45.435321],[10.694629,45.435015],[10.69248,45.435105],[10.69043,45.43555],[10.683827,45.438237],[10.674073,45.441459],[10.671753,45.441918],[10.669518,45.442069],[10.604833,45.435527],[10.600611,45.435535],[10.598713,45.435876],[10.596268,45.436655],[10.526921,45.466742],[10.522964,45.467971],[10.518839,45.468298],[10.514368,45.467677],[10.488988,45.457724],[10.485427,45.456972],[10.482681,45.456911],[10.478455,45.45764],[10.420147,45.47384],[10.416251,45.474145],[10.388725,45.472697],[10.384822,45.47287],[10.38016,45.473675],[10.377168,45.474551],[10.374151,45.475759],[10.256186,45.52679],[10.252903,45.528035],[10.249802,45.528759],[10.247132,45.529076],[10.223223,45.529943],[10.221086,45.530264],[10.20696,45.533588],[10.177028,45.535784],[10.174393,45.536516],[10.143868,45.547439],[10.140218,45.548324],[10.135333,45.548891],[10.132247,45.548899],[10.04812,45.544735],[10.043937,45.545216],[9.995625,45.552977],[9.991963,45.553273],[9.988067,45.553219],[9.983311,45.552546],[9.901017,45.534561],[9.89653,45.534213],[9.86178,45.534958],[9.8584,45.534779],[9.812714,45.529572],[9.787906,45.524892],[9.784723,45.524474],[9.733396,45.523394],[9.636282,45.517595],[9.575761,45.514437],[9.57061,45.513919],[9.52553,45.511792],[9.522962,45.51184],[9.519928,45.512264],[9.511844,45.514598],[9.50821,45.515369],[9.503543,45.515845],[9.498641,45.515743],[9.494866,45.515252],[9.416654,45.50154],[9.405727,45.499853],[9.373308,45.493704],[9.360647,45.491815],[9.331224,45.486284],[9.289075,45.479033],[9.270938,45.47557],[9.246767,45.471466],[9.24449,45.471557],[9.242509,45.472031],[9.240826,45.472882],[9.239541,45.474038],[9.238608,45.475999],[9.238666,45.480654],[9.23816,45.483353],[9.237719,45.484561],[9.236778,45.4858],[9.234116,45.488422],[9.228118,45.495031],[9.226167,45.496182],[9.221467,45.497808],[9.218449,45.499213],[9.217453,45.499238],[9.216611,45.498933],[9.215286,45.49748]],[[9.214312,45.495895],[9.208513,45.489855],[9.210473,45.491793]],[[9.208513,45.489855],[9.20473,45.48613]],[[10.997405,45.42625],[11.000131,45.425993],[11.002506,45.426712],[11.009026,45.432434]],[[9.204544,45.486222],[9.210149,45.491913],[9.211323,45.492824]],[[9.204482,45.486253],[9.21129,45.492936]],[[12.238966,45.4802],[12.23789,45.480482],[12.238966,45.4802]],[[12.264633,45.469964],[12.268702,45.469178],[12.272433,45.468054],[12.276338,45.466405],[12.280399,45.464252],[12.275468,45.46682],[12.27156,45.468347],[12.267841,45.469377],[12.261315,45.470556],[12.25779,45.471664],[12.254597,45.473353],[12.251403,45.47585],[12.249367,45.477157],[12.247476,45.478053],[12.244832,45.478825],[12.247476,45.478053],[12.249367,45.477157],[12.251403,45.47585],[12.254597,45.473353],[12.257319,45.471866],[12.260633,45.470722],[12.264633,45.469964]],[[12.280368,45.464227],[12.27544,45.466791],[12.271543,45.468318],[12.267826,45.469344],[12.260618,45.470687],[12.257763,45.471636],[12.254549,45.473336],[12.249341,45.477128],[12.247454,45.478018],[12.24483,45.478786]]]}},{"type":"Feature","properties":{"id":553079,"nome":"Ferrovia Primolano - Venezia Santa Lucia","uso":"","operatore":"Rete Ferroviaria Italiana","dal":"","wikipedia":""},"geometry":{"type":"MultiLineString","coordinates":[[[11.700848,45.965349],[11.705437,45.964311],[11.707152,45.963521],[11.708145,45.962314],[11.708459,45.960554],[11.708933,45.959656],[11.711544,45.956897],[11.713595,45.955391],[11.715203,45.954846],[11.718048,45.95466],[11.719479,45.954341],[11.72397,45.951638],[11.724762,45.950812],[11.726612,45.94679],[11.72705,45.944521],[11.726975,45.943816],[11.725628,45.940483],[11.725485,45.936322],[11.726225,45.934273],[11.728781,45.931744],[11.729568,45.929273],[11.729471,45.928347],[11.728357,45.925511],[11.728262,45.924744],[11.729807,45.917085],[11.729601,45.915378],[11.728805,45.913822],[11.728176,45.913105],[11.724082,45.909694],[11.723253,45.907213],[11.722743,45.90652],[11.720118,45.904756],[11.715913,45.903921],[11.71334,45.902822],[11.703576,45.901114],[11.700396,45.900146],[11.696035,45.899551],[11.693906,45.89883],[11.692512,45.897946],[11.691944,45.897252],[11.691666,45.896458],[11.691963,45.89367],[11.691389,45.891863],[11.689347,45.889097],[11.681195,45.881325],[11.680273,45.879594],[11.679634,45.876883],[11.678033,45.874232],[11.675378,45.872345],[11.671404,45.870669],[11.667,45.867162],[11.663723,45.86508],[11.662519,45.863922],[11.661757,45.862671],[11.661183,45.860561],[11.661392,45.859209],[11.66234,45.857574],[11.667844,45.852302],[11.669978,45.849196],[11.67123,45.848016],[11.67363,45.846606],[11.676958,45.844195],[11.6808,45.842541],[11.685623,45.841122],[11.691049,45.838282],[11.697597,45.833152],[11.700783,45.831926],[11.70172,45.831365],[11.705537,45.826989],[11.708967,45.824733],[11.71385,45.820718],[11.718319,45.81887],[11.719984,45.817551],[11.721749,45.814815],[11.722024,45.814065],[11.722025,45.813141],[11.720933,45.810344],[11.718582,45.806942],[11.718515,45.805201],[11.719115,45.804171],[11.723519,45.799514],[11.724764,45.794235],[11.725692,45.792513],[11.727144,45.791438],[11.736087,45.78724],[11.740187,45.783876],[11.741914,45.781872],[11.742883,45.779522],[11.743083,45.777531],[11.741252,45.769711],[11.741277,45.767986],[11.742666,45.761756],[11.744131,45.759694],[11.745422,45.758504],[11.747052,45.757675],[11.761788,45.751998],[11.764427,45.750756],[11.787047,45.737082],[11.91722,45.666617],[11.919764,45.665775],[11.922497,45.665532],[11.940052,45.666956]],[[12.150722,45.51482],[12.131272,45.52556],[12.067075,45.557891],[12.065121,45.559225],[12.008624,45.603417],[12.000463,45.609548],[11.9977,45.611264],[11.979031,45.621094],[11.976015,45.623021],[11.973988,45.624749],[11.955161,45.642852],[11.953329,45.644981],[11.951973,45.647197],[11.951106,45.649322],[11.947762,45.663288],[11.947009,45.664794],[11.94554,45.666028],[11.943528,45.666865],[11.942202,45.66708],[11.939539,45.66691]],[[11.927582,45.665955],[11.929051,45.665974]],[[12.319904,45.440704],[12.318002,45.441833],[12.316441,45.443688]],[[12.316034,45.443984],[12.310409,45.447302]],[[12.244615,45.478878],[12.247476,45.478053],[12.249367,45.477157],[12.255021,45.473081],[12.258194,45.471499],[12.261315,45.470556],[12.267841,45.469377],[12.270392,45.468711],[12.276338,45.466405],[12.314481,45.444993]],[[12.239077,45.480072],[12.224274,45.483643],[12.221733,45.483922],[12.219078,45.483813],[12.211173,45.482926],[12.181929,45.476329],[12.211173,45.482926],[12.216669,45.483651],[12.221118,45.483924],[12.223743,45.48373],[12.231822,45.481605],[12.237983,45.480248],[12.232358,45.481564]],[[12.240649,45.479765],[12.244187,45.478984],[12.239659,45.479921],[12.24483,45.478786]],[[12.219018,45.483774],[12.219855,45.483863]],[[12.152267,45.513966],[12.170775,45.503479],[12.172258,45.501989],[12.177293,45.49555],[12.177711,45.493786],[12.177317,45.492124],[12.16876,45.478059],[12.168681,45.477123],[12.169003,45.476214],[12.169697,45.475413],[12.170779,45.474759],[12.172654,45.474317],[12.174398,45.474432],[12.177664,45.475364],[12.212071,45.4831],[12.221118,45.483924],[12.223218,45.483812],[12.225682,45.483295]],[[12.206539,45.481835],[12.212071,45.4831],[12.219078,45.483813],[12.211173,45.482926],[12.194325,45.479012],[12.211631,45.483018],[12.219078,45.483813],[12.211173,45.482926],[12.181929,45.476329],[12.211173,45.482926],[12.219078,45.483813],[12.211173,45.482926],[12.181929,45.476329],[12.211173,45.482926],[12.219078,45.483813]]]}},{"type":"Feature","properties":{"id":553281,"nome":"Ferrovia Venezia Santa Lucia - Sacile","uso":"","operatore":"Rete Ferroviaria Italiana","dal":"","wikipedia":""},"geometry":{"type":"MultiLineString","coordinates":[[[12.241652,45.479721],[12.226271,45.483637],[12.224386,45.484842],[12.223596,45.485739],[12.222656,45.489645],[12.223456,45.501374],[12.232584,45.5493],[12.232732,45.565655],[12.229772,45.583182],[12.232802,45.620133],[12.23205,45.654102],[12.232464,45.655823],[12.232956,45.656658],[12.23514,45.65856],[12.236215,45.659177],[12.238226,45.659598],[12.248444,45.659663],[12.252195,45.660311],[12.254004,45.661115],[12.256442,45.66299],[12.257239,45.664029],[12.260189,45.676994],[12.267504,45.721326],[12.267783,45.775709],[12.26723,45.777255],[12.266319,45.778531],[12.258687,45.785764],[12.257504,45.787333],[12.250125,45.80935],[12.250034,45.810914],[12.250431,45.812062],[12.251522,45.813628],[12.260643,45.823639],[12.285397,45.866493],[12.292248,45.880087],[12.293495,45.881667],[12.295763,45.883386],[12.330163,45.89667],[12.422895,45.923428],[12.474911,45.944636],[12.477911,45.945314],[12.498396,45.948392]],[[12.498419,45.948324],[12.477919,45.945282],[12.474931,45.944605],[12.422919,45.9234],[12.330183,45.896639],[12.295794,45.883358],[12.293541,45.881656],[12.292294,45.880079],[12.285443,45.866482],[12.260998,45.824019],[12.259736,45.822383],[12.251563,45.813612],[12.250476,45.812048],[12.250081,45.810913],[12.250169,45.809357],[12.257471,45.787508],[12.258508,45.785998],[12.266553,45.778334],[12.26743,45.776982],[12.267831,45.775718],[12.267523,45.720899],[12.260234,45.67699],[12.257212,45.663883],[12.256485,45.66297],[12.254047,45.661091],[12.252217,45.660276],[12.248195,45.659607],[12.23823,45.659561],[12.236404,45.659202],[12.235217,45.658562],[12.233136,45.656787],[12.232556,45.655928],[12.232166,45.654572],[12.232849,45.620131],[12.229819,45.583179],[12.232822,45.565657],[12.232632,45.549299],[12.223503,45.501373],[12.22271,45.489991],[12.222897,45.4884],[12.223658,45.485752],[12.224423,45.484869],[12.226297,45.483675],[12.244832,45.478825]],[[12.280399,45.464252],[12.314481,45.444993]],[[12.314678,45.444776],[12.31417,45.445009],[12.315104,45.444591],[12.314678,45.444776]],[[12.315573,45.444381],[12.315104,45.444591],[12.32058,45.441294],[12.315573,45.444381]],[[12.31417,45.445009],[12.309677,45.447736],[12.276316,45.466375],[12.273197,45.467736],[12.270375,45.468679],[12.266934,45.46953],[12.261303,45.470523],[12.258173,45.47147],[12.25499,45.473049],[12.249341,45.477128],[12.247454,45.478018],[12.24483,45.478786]]]}},{"type":"Feature","properties":{"id":557246,"nome":"RFI L.6 - Savigliano - Cuneo","uso":"","operatore":"Rete Ferroviaria Italiana","dal":"","wikipedia":""},"geometry":{"type":"MultiLineString","coordinates":[[[7.481845,44.522923],[7.482058,44.523273],[7.481574,44.521679],[7.482073,44.51697],[7.482836,44.514952],[7.483517,44.514289],[7.488278,44.511487],[7.489633,44.510427],[7.497562,44.501495],[7.499271,44.499304],[7.549777,44.419613],[7.549935,44.418257],[7.549444,44.417172],[7.54364,44.411625],[7.537854,44.401779],[7.537566,44.400554],[7.537764,44.399405],[7.541128,44.393827],[7.541243,44.392828],[7.541062,44.392236],[7.540201,44.391211],[7.53737,44.389188],[7.533081,44.385482]],[[7.664817,44.653899],[7.664151,44.652794],[7.662623,44.648105],[7.662586,44.646006],[7.663215,44.643008],[7.66308,44.641689],[7.662603,44.640478],[7.661394,44.638908],[7.659601,44.637596],[7.657146,44.636613],[7.65446,44.636198],[7.504017,44.647224],[7.500634,44.647038],[7.498928,44.646388],[7.498046,44.645286],[7.497911,44.644247],[7.502144,44.636572],[7.502321,44.634958],[7.499507,44.627805],[7.494774,44.62216],[7.487548,44.606546],[7.487226,44.604866],[7.487238,44.593294],[7.481969,44.571941],[7.481964,44.570619],[7.482361,44.569735],[7.483252,44.568818],[7.488071,44.566663],[7.494793,44.560724],[7.495854,44.560017],[7.516906,44.551136],[7.518206,44.549639],[7.520487,44.545477],[7.520851,44.544613],[7.520892,44.543691],[7.520312,44.542283],[7.519547,44.541561],[7.510283,44.53558],[7.492143,44.529276],[7.483517,44.524588],[7.482058,44.523273]]]}},{"type":"Feature","properties":{"id":967297,"nome":"Ferrovia Brescia-Iseo-Edolo","uso":"","operatore":"Ferrovienord","dal":"","wikipedia":"it:Ferrovia Brescia-Iseo-Edolo"},"geometry":{"type":"MultiLineString","coordinates":[[[10.211762,45.532652],[10.207822,45.533629],[10.199057,45.53765],[10.197501,45.538873],[10.19527,45.541602],[10.194034,45.542402],[10.184791,45.544377],[10.180604,45.545962],[10.177864,45.546018],[10.170237,45.544984],[10.155634,45.546293],[10.154167,45.546637],[10.149415,45.548601],[10.141701,45.549383],[10.139979,45.549842],[10.106486,45.575167],[10.094649,45.582504],[10.08602,45.587305],[10.081195,45.590271],[10.078737,45.591354],[10.075842,45.591818],[10.073496,45.591774],[10.06369,45.590106],[10.055282,45.588204],[10.052753,45.588473],[10.046622,45.590973],[10.045589,45.591209],[10.043362,45.591012],[10.038066,45.589176],[10.036638,45.589106],[10.035208,45.589453],[10.031436,45.591338],[10.030373,45.592171],[10.029618,45.593171],[10.029298,45.59428],[10.029304,45.595213],[10.030411,45.599449],[10.030424,45.600165],[10.029964,45.601113],[10.02905,45.601866],[10.025088,45.603963],[10.017695,45.609365],[10.01691,45.610192],[10.016678,45.61165],[10.017178,45.615022],[10.020134,45.622245],[10.02102,45.623431],[10.030724,45.63336],[10.031806,45.634],[10.035091,45.635006],[10.03658,45.636136],[10.037629,45.637922],[10.037907,45.639381],[10.037019,45.641363],[10.035755,45.643343],[10.035728,45.643994],[10.03601,45.644767],[10.037271,45.645891],[10.039916,45.646729],[10.042431,45.648056],[10.045308,45.649104],[10.047613,45.650557],[10.04911,45.652695],[10.049523,45.654902],[10.050256,45.656618],[10.052165,45.659044],[10.053014,45.661118],[10.054175,45.662515],[10.056173,45.6636],[10.060778,45.664951],[10.065504,45.665699],[10.068236,45.667305],[10.073473,45.669416],[10.075587,45.670809],[10.079508,45.674607],[10.085633,45.677927],[10.088091,45.678651],[10.089316,45.679285],[10.091701,45.681199],[10.093848,45.683573],[10.096105,45.684938],[10.097945,45.685729],[10.098662,45.686327],[10.099258,45.68699],[10.100628,45.689497],[10.103079,45.691102],[10.103852,45.692472],[10.103909,45.694579],[10.104218,45.695437],[10.106772,45.697822],[10.108638,45.700687],[10.108839,45.701783],[10.108518,45.703634],[10.108627,45.704544],[10.109172,45.705554],[10.110712,45.707164],[10.11111,45.708192],[10.111098,45.710773],[10.112284,45.714972],[10.111901,45.717593],[10.109712,45.721343],[10.107324,45.723119],[10.104648,45.725754],[10.102745,45.726524],[10.100118,45.726556],[10.098533,45.726929],[10.097011,45.727861],[10.095629,45.729255],[10.092267,45.734146],[10.092016,45.734919],[10.092114,45.736039],[10.093414,45.738398],[10.093543,45.739272],[10.093368,45.740073],[10.092942,45.740796],[10.090947,45.74272],[10.088351,45.748066],[10.085005,45.751565],[10.08252,45.753247],[10.081264,45.754655],[10.079921,45.755551],[10.077914,45.757915],[10.075646,45.759443],[10.073031,45.764383],[10.07243,45.76522],[10.070236,45.767019],[10.068521,45.769806],[10.068074,45.770872],[10.068149,45.771704],[10.070242,45.775229],[10.0725,45.7775],[10.072821,45.778136],[10.07308,45.780685],[10.073591,45.781805],[10.07513,45.782865],[10.079726,45.783556],[10.082524,45.784752],[10.084921,45.785294],[10.087875,45.787121],[10.090122,45.788125],[10.092202,45.790092],[10.094682,45.790946],[10.098729,45.793035],[10.10038,45.793518],[10.102201,45.79485],[10.103513,45.796576],[10.105265,45.798096],[10.105713,45.799086],[10.106156,45.804263],[10.105612,45.807153],[10.106039,45.809271],[10.115182,45.822482],[10.13009,45.837481],[10.132311,45.838653],[10.136429,45.839263],[10.138364,45.839916],[10.139492,45.840636],[10.143244,45.84415],[10.144339,45.84541],[10.145057,45.847089],[10.145089,45.848807],[10.144566,45.851114],[10.144897,45.852055],[10.145311,45.852508],[10.146877,45.853378],[10.151305,45.854132],[10.152743,45.854573],[10.156529,45.856581],[10.168563,45.867821],[10.169473,45.869329],[10.169415,45.8717],[10.170143,45.872955],[10.171201,45.873604],[10.176343,45.875506],[10.177697,45.876519],[10.180135,45.879698],[10.180867,45.881043],[10.181337,45.885117],[10.181965,45.88659],[10.184285,45.888146],[10.187347,45.889142],[10.190357,45.891388],[10.193519,45.895301],[10.194687,45.899356],[10.198068,45.903056],[10.200922,45.905381],[10.206961,45.908573],[10.216908,45.913071],[10.220977,45.915503],[10.226296,45.919834],[10.233309,45.924799],[10.239748,45.928178],[10.249155,45.936382],[10.260936,45.942263],[10.263051,45.942773],[10.272134,45.943987],[10.275017,45.94494],[10.275944,45.945679],[10.276479,45.94661],[10.277309,45.952366],[10.277898,45.953234],[10.278771,45.953827],[10.286128,45.956269],[10.290326,45.956451],[10.292798,45.957097],[10.294911,45.957982],[10.298428,45.9582],[10.301307,45.959245],[10.312496,45.959159],[10.314261,45.959785],[10.315385,45.960969],[10.316837,45.9641],[10.318764,45.966051],[10.319374,45.969946],[10.319804,45.971288],[10.322559,45.975975],[10.324511,45.980564],[10.325404,45.981252],[10.333161,45.984583],[10.334138,45.985258],[10.334801,45.986361],[10.334753,45.989029],[10.334986,45.990182],[10.338285,45.99469],[10.338893,45.996651],[10.339425,45.997434],[10.340763,45.998355],[10.34642,46.000426],[10.347321,46.001005],[10.347924,46.001743],[10.348161,46.00266],[10.348035,46.003343],[10.345603,46.006568],[10.344919,46.007884],[10.344213,46.010243],[10.344446,46.011551],[10.344953,46.012415],[10.345643,46.013181],[10.348464,46.015175],[10.349028,46.016148],[10.349086,46.016839],[10.348782,46.017696],[10.345692,46.020966],[10.345343,46.021657],[10.345247,46.022289],[10.345689,46.023792],[10.346437,46.025999],[10.34727,46.027319],[10.347581,46.028289],[10.347394,46.029232],[10.346335,46.031531],[10.346753,46.034482],[10.346118,46.035507],[10.344419,46.036768],[10.344014,46.03785],[10.344416,46.040491],[10.3477,46.048937],[10.348641,46.052991],[10.349239,46.054126],[10.350618,46.055892],[10.350952,46.05674],[10.350899,46.057953],[10.350147,46.059993],[10.349723,46.062168],[10.349823,46.06572],[10.350961,46.069275],[10.350701,46.071258],[10.34837,46.074984],[10.348133,46.076782],[10.347301,46.0785],[10.345387,46.080658],[10.344771,46.082997],[10.343295,46.084195],[10.340518,46.084826],[10.338248,46.085937],[10.337062,46.08616],[10.336085,46.086128],[10.332109,46.085161],[10.326268,46.084751],[10.317542,46.086846],[10.316153,46.087528],[10.315253,46.088608],[10.314281,46.093708],[10.313073,46.095673],[10.312867,46.097347],[10.31229,46.098115],[10.310485,46.099552],[10.310113,46.101112],[10.310169,46.101908],[10.311165,46.103547],[10.311205,46.105085],[10.311582,46.10624],[10.311568,46.107158],[10.31078,46.109227],[10.311064,46.113637],[10.311502,46.114308],[10.312171,46.11481],[10.315161,46.116011],[10.316279,46.11739],[10.316921,46.11944],[10.31675,46.122523],[10.317918,46.125224],[10.319669,46.127358],[10.323417,46.130058],[10.324636,46.131206],[10.326339,46.132258],[10.327521,46.133671],[10.329561,46.134825],[10.333463,46.135901],[10.334493,46.136775],[10.335031,46.138094],[10.336245,46.139342],[10.336977,46.141036],[10.33843,46.143499],[10.339687,46.144547],[10.340785,46.14587],[10.34357,46.147758],[10.344077,46.148328],[10.345518,46.151928],[10.345372,46.153342],[10.345956,46.155868],[10.348645,46.158593],[10.34939,46.160389],[10.350933,46.162053],[10.35117,46.162632],[10.35119,46.163848],[10.350271,46.165897],[10.349885,46.168293],[10.349472,46.169323],[10.348202,46.170498],[10.34546,46.171666],[10.343167,46.174206],[10.338707,46.176004],[10.329344,46.176946]]]}},{"type":"Feature","properties":{"id":974581,"nome":"Bornato-Rovato","uso":"","operatore":"Ferrovienord","dal":"","wikipedia":""},"geometry":{"type":"MultiLineString","coordinates":[[[10.030862,45.591738],[10.031579,45.59119],[10.034992,45.589515],[10.036109,45.588546],[10.038047,45.583816],[10.038014,45.582482],[10.037478,45.58129],[10.036495,45.580247],[10.035487,45.579591],[10.010393,45.569269],[10.008089,45.567896],[10.006083,45.56588],[10.001011,45.558308],[10.000676,45.557105],[10.000709,45.555894],[10.001774,45.553295]],[[10.00255,45.552062],[10.004029,45.55181],[10.002794,45.552286]],[[10.006607,45.551291],[10.004029,45.55181]]]}},{"type":"Feature","properties":{"id":1191143,"nome":"Vinschgaubahn - Ferrovia della Val Venosta","uso":"","operatore":"STA","dal":"","wikipedia":"de:Vinschgaubahn"},"geometry":{"type":"MultiLineString","coordinates":[[[11.148819,46.673268],[11.144685,46.676437],[11.143549,46.676983],[11.133905,46.678953],[11.130691,46.678668],[11.129379,46.677865],[11.12865,46.67571],[11.128879,46.674742],[11.132486,46.672223],[11.133338,46.670647],[11.133463,46.669384],[11.133754,46.668778],[11.136444,46.666381],[11.138234,46.665106],[11.140354,46.66159],[11.140496,46.660162],[11.140107,46.659258],[11.138991,46.658566],[11.137422,46.658435],[11.136309,46.658754],[11.135468,46.659807],[11.135546,46.660679],[11.136871,46.662543],[11.136679,46.663674],[11.133757,46.665726],[11.131244,46.66846],[11.130492,46.6702],[11.129169,46.671149],[11.126736,46.673544],[11.125107,46.673857],[11.121882,46.673389],[11.119098,46.673682],[11.116461,46.674467],[11.110243,46.673895],[11.10873,46.674011],[11.107634,46.674255],[11.104894,46.675767],[11.101828,46.676119],[11.093571,46.678968],[11.091031,46.679242],[11.085065,46.676654],[11.082926,46.674059],[11.080878,46.672427],[11.076845,46.669427],[11.073767,46.667844],[11.059009,46.6618],[11.055356,46.66116],[11.048326,46.66086],[11.044873,46.66002],[11.022909,46.651021],[11.01615,46.647278],[11.013073,46.646064],[11.00892,46.645261],[11.004117,46.64514],[11.0001,46.645804],[10.993081,46.647974],[10.991882,46.648165],[10.988072,46.647713],[10.984094,46.647968],[10.980299,46.646771],[10.975833,46.64696],[10.969319,46.646292],[10.967286,46.645497],[10.964066,46.644897],[10.918041,46.626115],[10.916035,46.625509],[10.913441,46.625255],[10.91038,46.625546],[10.904962,46.62722],[10.902154,46.627536],[10.899821,46.626939],[10.895585,46.626947],[10.891844,46.625545],[10.888303,46.625749],[10.884275,46.623788],[10.879024,46.623316],[10.874999,46.623472],[10.872668,46.622556],[10.869862,46.622271],[10.86397,46.619823],[10.855732,46.619606],[10.849066,46.619085],[10.846005,46.618021],[10.839889,46.616746],[10.83879,46.616745],[10.836552,46.617186],[10.834042,46.618076],[10.831337,46.618175],[10.826911,46.619264],[10.824976,46.619348],[10.822931,46.619222],[10.819212,46.618447],[10.816343,46.618145],[10.813167,46.616922],[10.807997,46.616812],[10.788464,46.614693],[10.785726,46.615096],[10.782272,46.615993],[10.777058,46.616096],[10.772818,46.6172],[10.771052,46.617378],[10.770169,46.617749],[10.768176,46.61921],[10.764563,46.619953],[10.763486,46.620454],[10.76288,46.621304],[10.763081,46.622421],[10.768982,46.628012],[10.769528,46.628804],[10.769511,46.629639],[10.768862,46.630416],[10.767897,46.630864],[10.766772,46.630975],[10.765869,46.630813],[10.764999,46.630359],[10.75835,46.624542],[10.753173,46.621387],[10.749066,46.619439],[10.745042,46.616928],[10.737674,46.614825],[10.733921,46.614555],[10.731735,46.614167],[10.72488,46.611805],[10.722245,46.61158],[10.715499,46.611803],[10.712179,46.612265],[10.710742,46.61275],[10.708784,46.614049],[10.707611,46.614541],[10.70521,46.615123],[10.70058,46.615728],[10.697228,46.617078],[10.6905,46.62124],[10.682157,46.624538],[10.670853,46.625874],[10.654548,46.625062],[10.631824,46.629414],[10.62169,46.630092],[10.619505,46.630643],[10.614866,46.632443],[10.608001,46.635526],[10.603917,46.636679],[10.602324,46.637574],[10.599092,46.640054],[10.596647,46.642843],[10.593008,46.645981],[10.591559,46.64941],[10.588948,46.653859],[10.586783,46.65991],[10.585997,46.660737],[10.583094,46.66223],[10.582491,46.662784],[10.581231,46.665718],[10.58087,46.668454],[10.580192,46.669302],[10.577742,46.670616],[10.576567,46.671689],[10.57118,46.67557],[10.566957,46.676349],[10.56428,46.675942],[10.562532,46.676031],[10.560452,46.676548],[10.556205,46.678357],[10.554255,46.679895],[10.554074,46.680521],[10.554161,46.681833],[10.553452,46.682813],[10.552473,46.683255],[10.5484,46.684202]]]}},{"type":"Feature","properties":{"id":1412021,"nome":"Ferrovia Brescia-Cremona","uso":"","operatore":"Rete Ferroviaria Italiana","dal":"","wikipedia":"it:Ferrovia Brescia-Cremona"},"geometry":{"type":"MultiLineString","coordinates":[[[10.018464,45.143369],[10.027354,45.143358],[10.02999,45.143808],[10.032147,45.14476],[10.033692,45.145943],[10.034696,45.147189],[10.035281,45.148765],[10.031936,45.233845],[10.032233,45.236069],[10.032822,45.237502],[10.034408,45.239805],[10.036877,45.241796],[10.074901,45.262852],[10.07667,45.264123],[10.078388,45.265891],[10.079495,45.267702],[10.080192,45.270027],[10.083466,45.323034],[10.083902,45.325165],[10.084902,45.327288],[10.087326,45.330073],[10.089585,45.331783],[10.135057,45.358918],[10.140498,45.363151],[10.144835,45.367471],[10.148946,45.372916],[10.192607,45.442898],[10.196216,45.449292],[10.198262,45.453459],[10.201557,45.461131],[10.22097,45.519472],[10.222472,45.5212],[10.227159,45.523868],[10.227998,45.524764],[10.22843,45.525855],[10.22837,45.526938],[10.22797,45.527814],[10.227133,45.528699],[10.225859,45.529422],[10.224286,45.529752],[10.221723,45.529689],[10.21682,45.53051],[10.212768,45.531504],[10.210854,45.532315]],[[10.012455,45.143205],[10.013175,45.143243]]]}},{"type":"Feature","properties":{"id":1492483,"nome":"Gemona - Sacile","uso":"","operatore":"Rete Ferroviaria Italiana","dal":"","wikipedia":"it:Ferrovia Gemona del Friuli-Sacile"},"geometry":{"type":"MultiLineString","coordinates":[[[13.128006,46.274354],[13.129089,46.271702],[13.129487,46.269081],[13.129077,46.267682],[13.127652,46.266475],[13.124752,46.265192],[13.096351,46.255557],[13.081552,46.247139],[13.079958,46.246039],[13.078686,46.244328],[13.064903,46.216505],[13.064233,46.215623],[13.06302,46.214702],[13.061775,46.21414],[13.037752,46.206657],[13.035576,46.206491],[13.029442,46.206959],[13.026859,46.20767],[13.025123,46.208958],[13.024536,46.209985],[13.023367,46.2144],[13.022726,46.215389],[13.022033,46.215987],[13.017535,46.218939],[13.016015,46.219637],[13.0131,46.220373],[13.010278,46.220512],[13.007274,46.220028],[13.001099,46.218246],[12.995062,46.214916],[12.992833,46.21402],[12.989698,46.213322],[12.985714,46.212922],[12.98243,46.211843],[12.977151,46.210709],[12.973232,46.208898],[12.972241,46.207932],[12.970931,46.205829],[12.969967,46.205043],[12.96838,46.204376],[12.964875,46.20367],[12.961715,46.20262],[12.959221,46.201275],[12.956686,46.199079],[12.954981,46.196367],[12.951631,46.18606],[12.951555,46.185004],[12.952358,46.182039],[12.951998,46.180476],[12.951378,46.179572],[12.949686,46.178166],[12.947682,46.177269],[12.945816,46.176877],[12.94414,46.176944],[12.939177,46.178851],[12.936691,46.179224],[12.923232,46.17749],[12.912542,46.177739],[12.908597,46.177442],[12.900105,46.176198],[12.897712,46.17635],[12.889934,46.177568],[12.886731,46.178326],[12.884598,46.179566],[12.880091,46.185242],[12.879044,46.186111],[12.869703,46.190292],[12.867679,46.190911],[12.864426,46.191233],[12.852633,46.191145],[12.846933,46.192993],[12.795418,46.201969],[12.792357,46.202112],[12.790618,46.201738],[12.789044,46.200984],[12.768121,46.185103],[12.76551,46.183688],[12.7445,46.175899],[12.74212,46.175221],[12.739153,46.174881],[12.725668,46.174804],[12.723516,46.174576],[12.721942,46.174156],[12.718445,46.172905],[12.717167,46.172198],[12.709756,46.166108],[12.70798,46.165054],[12.656848,46.147407],[12.653289,46.145981],[12.651637,46.144813],[12.650728,46.1437],[12.645684,46.131974],[12.636919,46.118724],[12.630162,46.11016],[12.628699,46.108973],[12.627022,46.108001],[12.613559,46.101272],[12.611547,46.099859],[12.610344,46.098604],[12.600081,46.081229],[12.599611,46.079335],[12.599506,46.071887],[12.599194,46.070899],[12.598397,46.069828],[12.578645,46.055856],[12.566648,46.04916],[12.565073,46.047554],[12.563032,46.042156],[12.562361,46.041299],[12.561264,46.040456],[12.559159,46.03958],[12.552902,46.038244],[12.542706,46.03298],[12.534259,46.03036],[12.532936,46.029541],[12.532138,46.028703],[12.531608,46.027734],[12.529547,46.021865],[12.5294,46.018178],[12.529114,46.016926],[12.523775,46.005406],[12.523091,46.003392],[12.513783,45.953934],[12.512514,45.952006],[12.510123,45.950492],[12.508014,45.949933],[12.498374,45.948466]]]}},{"type":"Feature","properties":{"id":1561790,"nome":"Train R215: Vicenza -> Schio","uso":"regional","operatore":"Rete Ferroviaria Italiana","dal":"","wikipedia":""},"geometry":{"type":"MultiLineString","coordinates":[[[11.543397,45.541254],[11.541563,45.541308]],[[11.56802,45.56682],[11.567929,45.565882],[11.56802,45.56682]],[[11.569907,45.597421],[11.569839,45.595783],[11.569907,45.597421]],[[11.545445,45.635763],[11.546783,45.634438],[11.545445,45.635763]],[[11.523608,45.657689],[11.524975,45.656374],[11.523608,45.657689]],[[11.475426,45.700677],[11.476944,45.69951],[11.475426,45.700677]],[[11.42348,45.706985],[11.425775,45.706758],[11.42348,45.706985]],[[11.357743,45.710442],[11.359991,45.709971],[11.357743,45.710442]],[[11.357731,45.710431],[11.361,45.709696],[11.362446,45.709603],[11.373357,45.711034],[11.38371,45.711028],[11.447323,45.704579],[11.471331,45.702358],[11.473484,45.701838],[11.474693,45.701243],[11.492829,45.687249],[11.53476,45.646981],[11.547957,45.633176],[11.568331,45.614812],[11.569565,45.613429],[11.570236,45.612171],[11.570556,45.609929],[11.568554,45.571084],[11.56788,45.565558],[11.566493,45.548509],[11.566091,45.546836],[11.565305,45.545494],[11.56391,45.543799],[11.562578,45.542923],[11.560714,45.542286],[11.55157,45.541174],[11.5416,45.541324]]]}},{"type":"Feature","properties":{"id":1706815,"nome":"Ferrovia Casentinese","uso":"","operatore":"La Ferroviaria Italiana","dal":"","wikipedia":"it:Ferrovia Casentinese"},"geometry":{"type":"MultiLineString","coordinates":[[[11.71494,43.79497],[11.720792,43.791134],[11.722575,43.789117],[11.723566,43.785553],[11.725715,43.782269],[11.725815,43.781526],[11.725382,43.778102],[11.725529,43.777052],[11.728029,43.773441],[11.730162,43.768536],[11.730497,43.766618],[11.733893,43.759322],[11.74404,43.748061],[11.748052,43.742466],[11.755669,43.736822],[11.762342,43.734532],[11.766425,43.732191],[11.767221,43.731446],[11.768953,43.728984],[11.769797,43.72829],[11.771263,43.727704],[11.773709,43.727182],[11.775191,43.726232],[11.778263,43.723055],[11.779698,43.720179],[11.784261,43.714284],[11.784948,43.712583],[11.785598,43.711634],[11.786739,43.710587],[11.789252,43.708908],[11.792544,43.705062],[11.794523,43.703673],[11.796596,43.701653],[11.8023,43.698385],[11.812402,43.691426],[11.814479,43.690789],[11.820048,43.690452],[11.823911,43.688457],[11.825133,43.68735],[11.825655,43.686291],[11.826617,43.680112],[11.826948,43.679299],[11.830078,43.675246],[11.837001,43.667534],[11.838676,43.664405],[11.839447,43.662469],[11.839808,43.659951],[11.839778,43.654849],[11.839282,43.65392],[11.836997,43.65162],[11.836535,43.650869],[11.836621,43.647535],[11.835867,43.64471],[11.83627,43.643404],[11.837863,43.641138],[11.838777,43.638939],[11.839706,43.635657],[11.840479,43.634875],[11.842198,43.633914],[11.852135,43.633042],[11.853419,43.632423],[11.85475,43.631141],[11.855121,43.630264],[11.855015,43.629349],[11.854367,43.628418],[11.852511,43.627028],[11.852049,43.626278],[11.851098,43.623992],[11.851293,43.622422],[11.852298,43.621188],[11.861875,43.616417],[11.86319,43.615295],[11.86379,43.613923],[11.86448,43.607531],[11.865602,43.604013],[11.865941,43.601645],[11.866273,43.600781],[11.867162,43.59966],[11.871615,43.59658],[11.873708,43.594866],[11.874393,43.594014],[11.874722,43.593066],[11.874719,43.592243],[11.873118,43.588824],[11.868729,43.58484],[11.866925,43.581718],[11.864651,43.57103],[11.863575,43.568248],[11.862276,43.566433],[11.861529,43.565793],[11.857602,43.564114],[11.856419,43.563236],[11.851797,43.557655],[11.851272,43.556237],[11.851531,43.554974],[11.855697,43.548341],[11.856126,43.547359],[11.859409,43.534658],[11.86501,43.526205],[11.866465,43.52264],[11.868143,43.519834],[11.868641,43.518439],[11.873321,43.488767],[11.872794,43.486375],[11.866713,43.468044],[11.866687,43.467059],[11.867161,43.466088],[11.867895,43.465432],[11.871652,43.463634],[11.876388,43.460496]],[[11.865739,43.575773],[11.864651,43.57103]],[[11.864814,43.571489],[11.864239,43.569426]]]}},{"type":"Feature","properties":{"id":1717011,"nome":"Ex Ferrovia Spoleto Norcia","uso":"","operatore":"Umbria Mobilità","dal":"","wikipedia":"it:Ferrovia Spoleto-Norcia"},"geometry":{"type":"MultiLineString","coordinates":[[[12.738481,42.744664],[12.740114,42.746056]],[[12.742476,42.746008],[12.741528,42.74642]],[[12.743456,42.7455],[12.744221,42.745185],[12.74502,42.745186]],[[12.745292,42.745204],[12.750359,42.746252],[12.751351,42.748724],[12.752022,42.749299],[12.752749,42.749578],[12.753757,42.749291],[12.754192,42.748849],[12.754535,42.747834],[12.754129,42.746935],[12.754079,42.74619],[12.754228,42.74568],[12.754665,42.745425],[12.755445,42.745417],[12.756627,42.746123],[12.760131,42.745913],[12.763653,42.746278],[12.765211,42.747172],[12.765432,42.748255],[12.766343,42.749248],[12.76644,42.750204],[12.76725,42.750906],[12.767418,42.75175],[12.769173,42.753109],[12.770271,42.75323],[12.773391,42.752793],[12.776238,42.752724],[12.776787,42.752501],[12.777395,42.751746],[12.777326,42.751071],[12.776775,42.750378],[12.776719,42.749405],[12.776936,42.748247],[12.77802,42.746901],[12.778464,42.74532],[12.778269,42.744812],[12.777072,42.744138],[12.777002,42.743435],[12.777489,42.743098],[12.778141,42.743029],[12.780255,42.74376],[12.781547,42.743595],[12.782179,42.742592],[12.782889,42.742048],[12.782871,42.741437],[12.782472,42.74112],[12.781343,42.740814],[12.780559,42.740856],[12.780052,42.741161],[12.779964,42.742275],[12.780866,42.742664],[12.781633,42.742372],[12.782538,42.741353],[12.78395,42.741239],[12.784677,42.740892],[12.786794,42.738915],[12.788711,42.736392],[12.789365,42.73458],[12.789805,42.734277],[12.814066,42.734711],[12.815034,42.734774],[12.816065,42.735191],[12.816962,42.735811],[12.817959,42.737806],[12.817742,42.73871],[12.818034,42.740001],[12.81699,42.74078],[12.816858,42.741331],[12.818976,42.742761],[12.818928,42.744424],[12.818082,42.744911],[12.816819,42.745052],[12.816474,42.745469],[12.816674,42.746584],[12.816539,42.747499],[12.817474,42.748078],[12.818161,42.747904],[12.818487,42.747506],[12.818349,42.746972],[12.817611,42.746374],[12.817632,42.745784],[12.818877,42.745239],[12.820257,42.744153],[12.820262,42.743422],[12.820679,42.742537],[12.819891,42.741374],[12.82101,42.740205],[12.820859,42.739628],[12.820097,42.739272],[12.81913,42.739245],[12.818479,42.739662],[12.818231,42.740417],[12.818559,42.741144],[12.821042,42.741719],[12.821599,42.742306],[12.821409,42.743336],[12.821656,42.744135],[12.82041,42.745304],[12.820339,42.745734],[12.82063,42.746055],[12.820664,42.746585],[12.820422,42.746876],[12.819958,42.746969],[12.819472,42.746755],[12.819437,42.746293],[12.822327,42.744272],[12.822676,42.742776],[12.822446,42.741919],[12.823253,42.741196],[12.823642,42.740474],[12.823444,42.739969],[12.821475,42.738675],[12.818874,42.737949],[12.818519,42.737523],[12.818741,42.737097],[12.81968,42.736925],[12.82072,42.73726],[12.822004,42.73807],[12.823007,42.739172],[12.82449,42.739792],[12.824801,42.740608],[12.823751,42.742425],[12.823637,42.743456],[12.823717,42.743854],[12.824122,42.744231],[12.825288,42.744519],[12.825724,42.744362],[12.826941,42.74322],[12.829906,42.741603],[12.831493,42.740335],[12.833257,42.737501],[12.833485,42.736227]],[[12.8338,42.73587],[12.835006,42.735562],[12.835905,42.736148],[12.837825,42.740897],[12.840566,42.743431],[12.840713,42.744152],[12.840435,42.745869],[12.841207,42.746777],[12.842603,42.747648],[12.845054,42.74796],[12.84636,42.747603],[12.847193,42.747759],[12.847675,42.748592],[12.847468,42.750428],[12.847679,42.751003],[12.851178,42.753503],[12.854457,42.754322],[12.855541,42.754916],[12.856148,42.755771],[12.857445,42.75645],[12.857832,42.757939],[12.859646,42.761634],[12.860466,42.76243],[12.862414,42.765284],[12.863686,42.766546],[12.864585,42.769365],[12.865521,42.770303],[12.865854,42.771361],[12.867321,42.772945],[12.867572,42.774701],[12.868238,42.775556],[12.869434,42.776302],[12.869923,42.776953],[12.870304,42.780264],[12.870176,42.781271],[12.87052,42.781933],[12.871536,42.782441],[12.87449,42.782934],[12.874921,42.783354],[12.875324,42.785317],[12.875553,42.785606],[12.877676,42.786467],[12.87965,42.786903],[12.881019,42.788181],[12.881932,42.789462],[12.883107,42.79032],[12.885452,42.790431],[12.888026,42.791899],[12.888677,42.792822],[12.889857,42.796181],[12.891235,42.798025],[12.896073,42.798836],[12.896912,42.800083],[12.896988,42.802463],[12.898235,42.803066],[12.898642,42.803513],[12.898969,42.804852],[12.898791,42.80618],[12.899162,42.808025],[12.899421,42.808341],[12.900523,42.808631],[12.901717,42.808126],[12.905531,42.807421],[12.906345,42.807648],[12.907067,42.808467],[12.907616,42.808675],[12.909476,42.808843],[12.911701,42.808177],[12.914124,42.808781],[12.915714,42.81025],[12.916999,42.814141],[12.916937,42.814904],[12.917234,42.815497],[12.9185,42.81602],[12.920052,42.815562],[12.920721,42.815673],[12.921145,42.81613],[12.921541,42.817409],[12.925503,42.819176],[12.927758,42.81884],[12.930609,42.819608],[12.933173,42.819074],[12.934595,42.819533],[12.934906,42.8204],[12.934509,42.82165],[12.934299,42.824389],[12.934655,42.825142],[12.935384,42.825598],[12.936211,42.825683],[12.937465,42.825275],[12.939933,42.823313],[12.940101,42.822311],[12.939839,42.821213],[12.940228,42.820574],[12.942085,42.820472],[12.942831,42.819989],[12.942987,42.818366],[12.943471,42.816974],[12.9463,42.814121],[12.94614,42.813144],[12.945064,42.810491],[12.945141,42.80985],[12.94774,42.805592],[12.950006,42.802742],[12.95244,42.801447],[12.95327,42.800464],[12.953935,42.797164],[12.955626,42.794643],[12.957425,42.792971],[12.958855,42.791046],[12.962044,42.790735],[12.964614,42.791172],[12.967677,42.790471],[12.969315,42.790769],[12.970465,42.789868],[12.971157,42.789672],[12.974853,42.788893],[12.976529,42.788835],[12.978768,42.789359],[12.980227,42.789276],[12.982632,42.78954],[12.983378,42.789924],[12.98393,42.790895],[12.984787,42.791108],[12.986538,42.790247],[12.987246,42.790117],[12.992748,42.790599],[12.995712,42.789637],[12.996925,42.789022],[13.000411,42.790363],[13.001997,42.791881],[13.003727,42.792111],[13.005254,42.791369],[13.006656,42.79158],[13.007459,42.791226],[13.00882,42.791589],[13.009283,42.791516],[13.011193,42.790691],[13.013983,42.790254],[13.01564,42.788947],[13.016289,42.788778],[13.017362,42.788755],[13.018934,42.789105],[13.019604,42.788991],[13.020195,42.788384],[13.020367,42.785976],[13.021007,42.785293],[13.02614,42.784846],[13.027836,42.785439],[13.029108,42.786434],[13.030669,42.786389],[13.032207,42.78707],[13.034153,42.786621],[13.035415,42.786773],[13.03795,42.788297],[13.040558,42.788486],[13.044212,42.787968],[13.045681,42.78817],[13.046703,42.788049],[13.048239,42.788483],[13.049357,42.789102],[13.051192,42.789397],[13.053328,42.789211],[13.054771,42.789617],[13.057509,42.789035],[13.059011,42.789748],[13.061124,42.789772],[13.06361,42.791372],[13.066372,42.791545],[13.067781,42.792421],[13.070937,42.793398],[13.072578,42.793614],[13.087753,42.78868],[13.089242,42.788642],[13.094331,42.789624],[13.095334,42.789181],[13.095937,42.787809]]]}},{"type":"Feature","properties":{"id":1720923,"nome":"Ferrovia Foligno-Terontola","uso":"","operatore":"Rete Ferroviaria Italiana","dal":"","wikipedia":"it:Ferrovia Terontola-Foligno"},"geometry":{"type":"MultiLineString","coordinates":[[[12.711,42.95423],[12.709987,42.958327],[12.709381,42.959314],[12.708434,42.960137],[12.66859,42.984601],[12.664403,42.987355],[12.585083,43.058894],[12.583137,43.060843],[12.581743,43.061822],[12.580039,43.062616],[12.493317,43.085904],[12.450389,43.092908],[12.447318,43.093171],[12.4447,43.09295],[12.425185,43.089365],[12.422064,43.088454],[12.418599,43.087017],[12.414663,43.084707],[12.411713,43.082256],[12.40948,43.079645],[12.402673,43.070657],[12.398787,43.067506],[12.395341,43.064029],[12.392621,43.06268],[12.389416,43.062001],[12.382813,43.062741],[12.380658,43.063683],[12.378965,43.065064],[12.377991,43.067088],[12.377922,43.068374],[12.378374,43.070017],[12.379014,43.070965],[12.384284,43.076043],[12.385989,43.078077],[12.387011,43.079881],[12.387626,43.081701],[12.387937,43.083394],[12.387666,43.086568],[12.384966,43.094645],[12.383585,43.096836],[12.382041,43.098528],[12.360967,43.115814],[12.359433,43.116658],[12.356467,43.117128],[12.353514,43.116493],[12.35227,43.115766],[12.351421,43.114925],[12.350668,43.113605],[12.350521,43.112894],[12.350979,43.110948],[12.355233,43.104508],[12.355777,43.103248],[12.355736,43.101358],[12.354362,43.098207],[12.354147,43.09688],[12.356477,43.087641],[12.35667,43.086341],[12.356459,43.085242],[12.355735,43.084075],[12.354822,43.083246],[12.349596,43.080483],[12.346879,43.079797],[12.343754,43.079969],[12.341567,43.080773],[12.321472,43.092975],[12.317382,43.095363],[12.315431,43.096173],[12.312483,43.096776],[12.293538,43.098181],[12.267217,43.102082],[12.255581,43.103867],[12.252428,43.104878],[12.250148,43.106014],[12.247656,43.107905],[12.246368,43.109435],[12.236421,43.124369],[12.234884,43.125969],[12.233496,43.126947],[12.230871,43.127993],[12.201416,43.137669],[12.199725,43.138539],[12.198111,43.139971],[12.186742,43.153566],[12.186447,43.154896],[12.186517,43.155552],[12.188261,43.159064],[12.188864,43.161702],[12.188397,43.168187],[12.188033,43.169854],[12.187277,43.171568],[12.186129,43.173274],[12.182014,43.177587],[12.180136,43.178969],[12.177742,43.180093],[12.175602,43.180673],[12.145637,43.184951],[12.137372,43.185595],[12.135654,43.186232],[12.1347,43.186836],[12.130966,43.190373],[12.128682,43.19123],[12.085032,43.197155],[12.081803,43.197032],[12.056287,43.192505],[12.053857,43.191902],[12.039508,43.187147],[12.036786,43.186802],[12.034717,43.187],[12.025598,43.188944],[12.023682,43.189756],[12.022703,43.190442],[12.020136,43.193592],[12.008045,43.21043]]]}},{"type":"Feature","properties":{"id":1778547,"nome":"Metronapoli Linea 2 Nord","uso":"","operatore":"","dal":"","wikipedia":""},"geometry":{"type":"MultiLineString","coordinates":[[[14.297747,40.856237],[14.297993,40.854833],[14.297817,40.854092],[14.29708,40.853241],[14.296091,40.852729],[14.293815,40.852728],[14.289177,40.85379],[14.285497,40.853641]],[[14.301141,40.869853],[14.297613,40.868426],[14.296427,40.867442],[14.295786,40.866454],[14.295496,40.865376],[14.295554,40.864361],[14.296979,40.860516]],[[14.327094,41.068496],[14.332946,41.068075],[14.334749,41.067467],[14.336643,41.066507],[14.396006,41.025061],[14.40095,41.022165],[14.414869,41.011879],[14.417065,41.009645],[14.418475,41.00777],[14.419512,41.005941],[14.420253,41.003859],[14.420667,41.000586],[14.420437,40.998283],[14.418018,40.990862],[14.415114,40.980377],[14.414231,40.978391],[14.412899,40.976343],[14.410682,40.973983],[14.365874,40.933348]],[[14.301041,40.869858],[14.297323,40.868288],[14.296157,40.867175],[14.29553,40.865859],[14.295507,40.864357],[14.2971,40.859907],[14.297915,40.855113],[14.297825,40.854232],[14.297378,40.853568],[14.296417,40.852879],[14.295088,40.852667],[14.289219,40.854],[14.285497,40.85368]],[[14.419198,40.994382],[14.420672,40.999237],[14.420438,41.003295],[14.419377,41.006326],[14.418124,41.008365],[14.416285,41.010532],[14.413916,41.01276],[14.405182,41.01896],[14.400986,41.022196],[14.39604,41.025086],[14.370745,41.042757]],[[14.417453,40.988659],[14.415364,40.981006],[14.414272,40.97838],[14.412234,40.97548],[14.408893,40.972307],[14.412234,40.97548],[14.414272,40.97838],[14.415364,40.981006],[14.417453,40.988659]],[[14.408893,40.972307],[14.366521,40.93388]],[[14.370617,41.042843],[14.337131,41.066249],[14.334768,41.067494],[14.333129,41.068026]]]}},{"type":"Feature","properties":{"id":1782127,"nome":"Ferrovia Bologna - Verona","uso":"","operatore":"Rete Ferroviaria Italiana","dal":"","wikipedia":"it:Ferrovia Bologna-Verona"},"geometry":{"type":"MultiLineString","coordinates":[[[11.111423,44.891557],[11.111561,44.891775],[11.111423,44.891557]],[[11.34267,44.506323],[11.328132,44.508126],[11.321198,44.510366],[11.287906,44.519204],[11.282262,44.521446],[11.280733,44.522424],[11.279448,44.523646],[11.278384,44.52534],[11.274185,44.535096],[11.273279,44.536682],[11.249073,44.567502],[11.24724,44.570958],[11.245994,44.572697],[11.241644,44.578098],[11.231838,44.588508],[11.214619,44.610356],[11.207327,44.620363],[11.182948,44.651752],[11.181492,44.654488],[11.160125,44.701815],[11.15348,44.71758],[11.146274,44.733247],[11.145439,44.735978],[11.145101,44.738397],[11.142765,44.796092],[11.141153,44.817371],[11.141158,44.825958],[11.139163,44.844255],[11.137979,44.847727],[11.13649,44.850392],[11.121453,44.87166],[11.113691,44.882035],[11.11218,44.885529],[11.11173,44.888851],[11.112453,44.901431],[11.112846,44.904973],[11.118534,44.940216],[11.124912,44.972999],[11.125027,44.976275],[11.124482,44.985311],[11.124699,44.992374],[11.129591,45.035695],[11.130568,45.039375],[11.133628,45.047044],[11.141559,45.060103],[11.142577,45.062158],[11.14327,45.064242],[11.143626,45.066296],[11.143655,45.068722],[11.143359,45.070746],[11.142635,45.073094],[11.141772,45.074927],[11.132488,45.091655],[11.107299,45.127042],[11.093587,45.149442],[11.086557,45.16304],[11.085109,45.16546],[11.080374,45.171543],[11.078559,45.174209],[11.077395,45.17543],[11.07312,45.178424],[11.063522,45.184217],[11.059771,45.186809],[11.055135,45.190722],[11.050776,45.195443],[11.047287,45.20048],[11.019288,45.245553],[11.017987,45.248081],[11.016708,45.25201],[11.008121,45.296708],[11.007084,45.300033],[10.961281,45.393277],[10.949302,45.414165],[10.948732,45.415737],[10.948188,45.420073],[10.94856,45.421969],[10.949379,45.42338],[10.950264,45.424304],[10.951541,45.425245],[10.953205,45.42604],[10.95569,45.426702],[10.958224,45.426875],[10.961448,45.42657],[10.965848,45.425686],[10.968548,45.425607],[10.982689,45.428464]]]}},{"type":"Feature","properties":{"id":1808854,"nome":"Ferrovia Isili-Sorgono","uso":"tourism","operatore":"ARST","dal":"","wikipedia":"it:Ferrovia Isili-Sorgono"},"geometry":{"type":"MultiLineString","coordinates":[[[9.104148,40.027301],[9.104148,40.027301]],[[9.10422,40.027305],[9.107552,40.027123],[9.108056,40.02693],[9.108441,40.026357],[9.108352,40.025954],[9.107869,40.025601],[9.105938,40.025445],[9.105209,40.025084],[9.10523,40.024295],[9.106807,40.023753],[9.107161,40.023309],[9.107151,40.022832],[9.1067,40.022422],[9.105198,40.022027],[9.104393,40.021452],[9.104082,40.020869],[9.104901,40.019501],[9.105016,40.018437],[9.106453,40.015388],[9.105938,40.014107],[9.106121,40.013531],[9.108417,40.012233],[9.110273,40.01206],[9.111335,40.011305],[9.11171,40.010491],[9.112515,40.010236],[9.113277,40.010622],[9.113191,40.011888],[9.114199,40.012833],[9.114189,40.014464],[9.11465,40.015068],[9.116002,40.015232],[9.117622,40.015783],[9.118791,40.015257],[9.119499,40.013893],[9.119832,40.013638],[9.121388,40.0134],[9.121806,40.012562],[9.120776,40.010639],[9.120905,40.008453],[9.121237,40.007902],[9.122439,40.007187],[9.12275,40.006637],[9.122632,40.004097],[9.123199,40.00252],[9.123727,40.002035],[9.124456,40.001985],[9.12658,40.002906],[9.127707,40.004122],[9.128329,40.004213],[9.129121,40.003791],[9.128984,40.002552],[9.129917,40.000687],[9.129241,39.999207],[9.129585,39.99518],[9.129821,39.99472],[9.13025,39.994523],[9.131097,39.994629],[9.132031,39.995451],[9.133179,39.995903],[9.13379,39.995862],[9.13497,39.995295],[9.135764,39.995476],[9.136022,39.995846],[9.136119,39.996981],[9.136644,39.997293],[9.137932,39.99754],[9.138361,39.998616],[9.139048,39.999035],[9.140249,39.998608],[9.141132,39.99764],[9.141947,39.997519],[9.143103,39.998205],[9.144626,39.998435],[9.146247,39.999356],[9.146944,40.000055],[9.148285,40.000301],[9.149851,39.999825],[9.152416,40.000809],[9.152973,40.000673],[9.153928,39.999808],[9.15601,39.999857],[9.157147,39.998937],[9.158046,39.998803],[9.158477,39.999044],[9.15867,39.999488],[9.158338,40.000605],[9.158381,40.001279],[9.158681,40.001822],[9.159733,40.00266],[9.159797,40.003202],[9.159389,40.004008],[9.159529,40.00441],[9.159979,40.004698],[9.161149,40.00446],[9.161986,40.003104],[9.162104,40.002643],[9.161675,40.001661],[9.161803,39.999997],[9.162597,39.999216],[9.163166,39.998049],[9.163627,39.997655],[9.165837,39.997704],[9.166771,39.997951],[9.168037,39.997852],[9.168659,39.998066],[9.170534,39.999438],[9.171095,39.99952],[9.17199,39.999072],[9.17221,39.997975],[9.172564,39.997679],[9.175794,39.997088],[9.176518,39.997634],[9.176405,39.998674],[9.176899,39.99964],[9.176786,40.000587],[9.177242,40.00197],[9.176809,40.003037],[9.176834,40.003671],[9.177169,40.004139],[9.177768,40.00439],[9.178873,40.00416],[9.179197,40.003796],[9.179399,40.002471],[9.178873,40.000285],[9.180793,39.997852],[9.180557,39.996644],[9.180783,39.995863],[9.181351,39.995033],[9.181469,39.9931],[9.182932,39.991861],[9.183229,39.990701],[9.184173,39.989879],[9.184881,39.988095],[9.185471,39.987627],[9.186576,39.987306],[9.187013,39.986736],[9.186726,39.985999],[9.185396,39.984914],[9.1859,39.982201],[9.185943,39.980557],[9.187081,39.979225],[9.188583,39.979028],[9.189165,39.978348],[9.188897,39.977762],[9.187295,39.977038],[9.186566,39.974884],[9.186918,39.9738],[9.186948,39.972672],[9.187322,39.972027],[9.188604,39.970871],[9.188879,39.969183],[9.188089,39.968593],[9.185231,39.968703],[9.183229,39.967179],[9.18281,39.966308],[9.182653,39.965272],[9.183508,39.962591],[9.182706,39.961472],[9.18236,39.95972],[9.181808,39.959361],[9.18108,39.959381],[9.180611,39.959778],[9.181234,39.961618],[9.180735,39.962996],[9.180672,39.963906],[9.179633,39.964749],[9.178804,39.966527],[9.178047,39.966982],[9.175367,39.966956],[9.174367,39.966488],[9.173122,39.966382],[9.171223,39.965378],[9.168595,39.966423],[9.167028,39.965979],[9.159442,39.966299],[9.156413,39.966595],[9.154507,39.967105],[9.148428,39.966169],[9.144573,39.966299],[9.143415,39.965504],[9.14188,39.964877],[9.141419,39.964161],[9.141783,39.962755],[9.142427,39.961661],[9.142094,39.961078],[9.141944,39.959556],[9.141279,39.958717],[9.141424,39.957521],[9.140431,39.956456],[9.140423,39.955335],[9.140116,39.954501],[9.140296,39.95335],[9.139547,39.952717],[9.137817,39.951977],[9.137504,39.951474],[9.137623,39.95093],[9.138879,39.94924],[9.13975,39.948843],[9.14034,39.948229],[9.141737,39.948165],[9.142397,39.947717],[9.142284,39.94704],[9.141015,39.946659],[9.140653,39.946348],[9.140439,39.945209],[9.140804,39.944184],[9.140372,39.943756],[9.139844,39.94366],[9.139118,39.943907],[9.138692,39.944866],[9.138619,39.946446],[9.138255,39.946955],[9.134963,39.948277],[9.134294,39.94827],[9.133187,39.947617],[9.132469,39.947681],[9.132051,39.948064],[9.131988,39.949169],[9.131505,39.949531],[9.130422,39.949827],[9.12952,39.95088],[9.128443,39.950997],[9.125774,39.949887],[9.124903,39.949932],[9.124529,39.950367],[9.124242,39.951604],[9.12315,39.953308],[9.121903,39.953884],[9.121216,39.95377],[9.118141,39.952206],[9.116144,39.952382],[9.115212,39.953169],[9.114663,39.953296],[9.113404,39.952789],[9.111878,39.952746],[9.110605,39.952118],[9.10929,39.952311],[9.108646,39.952193],[9.107646,39.951116],[9.107722,39.950101],[9.108964,39.948486],[9.110348,39.947795],[9.110434,39.947113],[9.109919,39.946743],[9.109361,39.946726],[9.106796,39.9481],[9.105756,39.948034],[9.104822,39.947384],[9.10434,39.946455],[9.103374,39.945805],[9.103202,39.945361],[9.103445,39.943957],[9.102814,39.943104],[9.102473,39.942959],[9.101421,39.943206],[9.100885,39.944366],[9.100327,39.944736],[9.099716,39.944826],[9.098503,39.944333],[9.097806,39.944292],[9.097162,39.944538],[9.095974,39.945799],[9.095345,39.945909],[9.094566,39.945715],[9.092903,39.943675],[9.092656,39.942737],[9.09183,39.941849],[9.09154,39.94008],[9.091572,39.939307],[9.091926,39.938797],[9.095027,39.937579],[9.095156,39.936585],[9.095617,39.935828],[9.095115,39.934635],[9.095597,39.933538],[9.095413,39.932636],[9.095102,39.932159],[9.093869,39.931509],[9.092699,39.92923],[9.092727,39.928412],[9.093311,39.927354],[9.092443,39.9261],[9.092313,39.924038],[9.092764,39.92352],[9.094662,39.922837],[9.095531,39.921644],[9.095813,39.920377],[9.094952,39.919603],[9.094694,39.919085],[9.095145,39.917439],[9.096819,39.91595],[9.097119,39.914789],[9.098353,39.913679],[9.099082,39.912403],[9.100359,39.91167],[9.100827,39.910792],[9.101411,39.910461],[9.102248,39.910477],[9.103567,39.910971],[9.104694,39.910732],[9.105187,39.910148],[9.105048,39.909523],[9.10472,39.909202],[9.103031,39.908905],[9.101797,39.908272],[9.099834,39.908222],[9.098718,39.908815],[9.097269,39.908971],[9.096926,39.909218],[9.096618,39.910233],[9.095049,39.910913],[9.094677,39.912321],[9.094383,39.912666],[9.08991,39.916024],[9.089266,39.917702],[9.088561,39.91814],[9.087035,39.91804],[9.085962,39.918361],[9.085178,39.919291],[9.084052,39.920023],[9.083227,39.921083],[9.082578,39.921506],[9.081477,39.921364],[9.079868,39.919982],[9.078451,39.919266],[9.078119,39.918641],[9.078355,39.917258],[9.078645,39.916814],[9.07946,39.916476],[9.080619,39.916534],[9.081874,39.916073],[9.083612,39.915999],[9.084513,39.915053],[9.085672,39.914757],[9.086541,39.914131],[9.089148,39.913102],[9.090156,39.911588],[9.091143,39.911283],[9.091969,39.910592],[9.092474,39.909226],[9.092441,39.908139],[9.091733,39.906831],[9.090639,39.906493],[9.090199,39.905934],[9.090264,39.903695],[9.09066,39.903028],[9.094275,39.901764],[9.094591,39.901307],[9.09478,39.900279],[9.095545,39.899782],[9.098043,39.89958],[9.099512,39.900411],[9.100891,39.900279],[9.102076,39.898814],[9.102494,39.897654],[9.103546,39.896493],[9.104468,39.896139],[9.106162,39.896141],[9.107011,39.895891],[9.107568,39.895362],[9.107982,39.89433],[9.108638,39.893936],[9.11067,39.894295],[9.111485,39.893933],[9.112234,39.892713],[9.112483,39.890962],[9.1123,39.890468],[9.111281,39.88957],[9.111142,39.887833],[9.109575,39.886548],[9.108263,39.886074],[9.107242,39.885293],[9.106256,39.885317],[9.105058,39.885981],[9.103438,39.885751],[9.102998,39.88529],[9.102891,39.883734],[9.101872,39.882647],[9.101979,39.881305],[9.101518,39.880638],[9.100713,39.880441],[9.099909,39.880795],[9.099673,39.881256],[9.099619,39.882417],[9.099233,39.882795],[9.098503,39.882977],[9.097698,39.882721],[9.097334,39.882129],[9.097859,39.880894],[9.097709,39.880194],[9.097024,39.879733],[9.095016,39.879634],[9.094555,39.878951],[9.094889,39.878296],[9.096439,39.877484],[9.096722,39.877024],[9.096636,39.876514],[9.095231,39.875501],[9.092736,39.875287],[9.092085,39.874898],[9.091905,39.87443],[9.092632,39.872257],[9.092449,39.87178],[9.091873,39.871433],[9.091004,39.871425],[9.089777,39.87241],[9.088518,39.872785],[9.086785,39.874444],[9.085146,39.874998],[9.083909,39.876979],[9.079898,39.879024],[9.078814,39.880112],[9.077101,39.880877],[9.076596,39.880847],[9.075268,39.880202],[9.073419,39.880059],[9.072091,39.879382],[9.072034,39.878632],[9.073974,39.875477],[9.073937,39.875049],[9.073312,39.874588],[9.072566,39.874603],[9.070783,39.875438],[9.068717,39.874724],[9.066926,39.87523],[9.064972,39.875341],[9.064008,39.875635],[9.061571,39.877167],[9.060115,39.877468],[9.05961,39.877354],[9.056279,39.875094],[9.056226,39.874693],[9.056483,39.874222],[9.058559,39.873128],[9.058767,39.872285],[9.058477,39.871899],[9.056807,39.87088],[9.056538,39.870095],[9.057051,39.868864],[9.056789,39.868153],[9.054496,39.867492],[9.053853,39.86693],[9.053605,39.86615],[9.053943,39.86488],[9.055529,39.862374],[9.056678,39.859055],[9.058236,39.857639],[9.058064,39.85646],[9.058364,39.855323],[9.059533,39.854298],[9.059962,39.85295],[9.061424,39.851578],[9.063593,39.850586],[9.064549,39.850785],[9.065469,39.851675],[9.065983,39.851809],[9.067752,39.851257],[9.071417,39.849161],[9.071801,39.848586],[9.071812,39.847668],[9.072157,39.847289],[9.072924,39.847096],[9.074888,39.847496],[9.075586,39.847357],[9.076534,39.846058],[9.077892,39.845712],[9.079148,39.844831],[9.079457,39.843601],[9.080309,39.842703],[9.081561,39.842301],[9.082573,39.841518],[9.084179,39.840928],[9.084274,39.840057],[9.083359,39.839203],[9.082978,39.837699],[9.083247,39.836634],[9.082598,39.835519],[9.082786,39.83497],[9.084033,39.833941],[9.084159,39.833376],[9.083815,39.832761],[9.082802,39.832125],[9.082522,39.831358],[9.082939,39.830256],[9.083944,39.825592],[9.08471,39.825202],[9.086134,39.824902],[9.087792,39.823783],[9.092201,39.824072],[9.093607,39.82327],[9.096181,39.822268],[9.097955,39.821969],[9.101619,39.820712],[9.102618,39.819904],[9.103006,39.817469],[9.10253,39.815773],[9.102638,39.812336],[9.101381,39.808106],[9.100608,39.807822],[9.097527,39.807902],[9.092544,39.811128],[9.091164,39.811739],[9.090326,39.81147],[9.088867,39.810015],[9.088274,39.808166],[9.088696,39.807389],[9.090041,39.806651],[9.090728,39.804935],[9.092873,39.802844],[9.093617,39.802603],[9.095007,39.802563],[9.097146,39.803104],[9.097734,39.802929],[9.098812,39.801995],[9.099276,39.801194],[9.099254,39.800609],[9.09816,39.79855],[9.098246,39.797855],[9.101834,39.79563],[9.103156,39.79405],[9.103176,39.793396],[9.102832,39.793032],[9.102118,39.792844],[9.099479,39.793203],[9.098564,39.792936],[9.097537,39.791835],[9.097548,39.791378],[9.098226,39.790229],[9.098087,39.789916],[9.097455,39.78964],[9.095149,39.790267],[9.094124,39.790179],[9.092494,39.790407],[9.089829,39.790219],[9.086599,39.790588],[9.083623,39.789892],[9.082973,39.789315],[9.083421,39.788031],[9.082544,39.787205],[9.082406,39.786682],[9.082813,39.786078],[9.084425,39.785537],[9.084951,39.784558],[9.085745,39.783692],[9.086254,39.782592],[9.086826,39.782115],[9.090708,39.780164],[9.093686,39.78061],[9.094568,39.780471],[9.095562,39.779646],[9.098831,39.778175],[9.102572,39.776022],[9.103249,39.775243],[9.106462,39.76968],[9.106858,39.767576],[9.106773,39.765397],[9.10722,39.764166],[9.108155,39.763169],[9.10984,39.762245],[9.112745,39.761498],[9.115872,39.761915],[9.116427,39.761809],[9.116921,39.761388],[9.117007,39.760877],[9.116244,39.758207],[9.115439,39.757651],[9.11253,39.758217],[9.110971,39.758163],[9.107066,39.758643],[9.105215,39.759361],[9.104285,39.759469],[9.103396,39.759118],[9.100472,39.757168],[9.099753,39.757085],[9.098273,39.757497],[9.09773,39.757329],[9.097364,39.756831],[9.097484,39.756402],[9.098709,39.75518],[9.099026,39.753741],[9.098894,39.753285],[9.097275,39.751901],[9.097079,39.751301],[9.097303,39.750875],[9.098108,39.750498],[9.100625,39.750958],[9.101997,39.750729],[9.108281,39.746972],[9.111032,39.745979],[9.112544,39.744617],[9.112815,39.74364],[9.111417,39.741252],[9.110892,39.739206],[9.111212,39.738679],[9.112498,39.738152]]]}},{"type":"Feature","properties":{"id":1808855,"nome":"Ferrovia Macomer-Bosa","uso":"tourism","operatore":"ARST","dal":"","wikipedia":"it:Ferrovia Macomer-Bosa"},"geometry":{"type":"MultiLineString","coordinates":[[[8.478721,40.291233],[8.479017,40.290552],[8.483241,40.286584],[8.483728,40.2859],[8.484041,40.283104],[8.48377,40.280928],[8.484009,40.280184],[8.483854,40.279399],[8.484166,40.277683],[8.484082,40.27706],[8.484628,40.275118],[8.485445,40.274305],[8.486492,40.274258],[8.487634,40.275017],[8.4914,40.276628],[8.493746,40.276789],[8.497634,40.275792],[8.50075,40.27611],[8.501965,40.275741],[8.502537,40.275183],[8.503137,40.27497],[8.508755,40.274659],[8.510403,40.273224],[8.513364,40.271772],[8.513554,40.271098],[8.512981,40.27044],[8.510881,40.270339],[8.509735,40.270028],[8.506338,40.268116],[8.505303,40.268397],[8.504618,40.269811],[8.503901,40.270363],[8.502696,40.27092],[8.500438,40.271431],[8.4993,40.271996],[8.49803,40.271922],[8.496907,40.272151],[8.495699,40.272005],[8.49334,40.272528],[8.490343,40.271578],[8.48991,40.27124],[8.489795,40.270843],[8.490228,40.270108],[8.491213,40.269947],[8.491763,40.270152],[8.492284,40.271061],[8.492747,40.271434],[8.494964,40.271508],[8.498402,40.27099],[8.501269,40.270044],[8.502249,40.268981],[8.502464,40.268411],[8.502192,40.267905],[8.501255,40.267098],[8.50135,40.26634],[8.501679,40.265824],[8.502837,40.265331],[8.503059,40.265022],[8.503254,40.262461],[8.504109,40.262013],[8.505767,40.262049],[8.508173,40.260888],[8.50897,40.259563],[8.508128,40.257528],[8.508348,40.256515],[8.508902,40.256117],[8.512029,40.256225],[8.513466,40.257214],[8.513756,40.257763],[8.514286,40.258134],[8.515101,40.258167],[8.515793,40.257748],[8.51672,40.256269],[8.516915,40.255364],[8.516653,40.254835],[8.515242,40.254276],[8.514888,40.25377],[8.51498,40.25327],[8.515767,40.252545],[8.515786,40.25194],[8.514117,40.250416],[8.513677,40.249057],[8.511576,40.247375],[8.511471,40.246995],[8.511675,40.24642],[8.51317,40.245078],[8.513287,40.244559],[8.512941,40.243948],[8.510498,40.243197],[8.51024,40.242592],[8.51034,40.241438],[8.511466,40.240188],[8.512121,40.239885],[8.51511,40.240708],[8.516356,40.240609],[8.516825,40.240328],[8.517556,40.238787],[8.518105,40.238528],[8.519656,40.238405],[8.521218,40.236765],[8.52183,40.236532],[8.522625,40.236646],[8.523782,40.237472],[8.524741,40.239003],[8.526937,40.239342],[8.527395,40.24013],[8.525658,40.242105],[8.525589,40.242485],[8.526093,40.243802],[8.525953,40.244329],[8.525339,40.24472],[8.523788,40.244993],[8.523323,40.245414],[8.521448,40.250488],[8.522158,40.251476],[8.524056,40.251724],[8.524611,40.252199],[8.52474,40.253611],[8.524067,40.255114],[8.525486,40.259158],[8.525933,40.259605],[8.529055,40.261297],[8.529411,40.263608],[8.530383,40.264975],[8.530903,40.267072],[8.532158,40.268086],[8.533108,40.268242],[8.534722,40.267659],[8.537352,40.265963],[8.539284,40.265345],[8.540542,40.264145],[8.543307,40.263877],[8.544719,40.261977],[8.545282,40.261704],[8.545948,40.261726],[8.546686,40.262262],[8.547111,40.264081],[8.54756,40.264838],[8.552022,40.269109],[8.556476,40.271804],[8.56014,40.273533],[8.5656,40.277139],[8.568147,40.277841],[8.568469,40.27825],[8.568522,40.279547],[8.568957,40.279923],[8.571671,40.280098],[8.574643,40.281999],[8.576305,40.282661],[8.577471,40.283485],[8.579822,40.283755],[8.580772,40.284602],[8.581466,40.286054],[8.581962,40.286324],[8.582918,40.286281],[8.585158,40.285046],[8.588325,40.285121],[8.591234,40.286445],[8.592036,40.287196],[8.592843,40.288395],[8.594828,40.289415],[8.59613,40.290491],[8.598975,40.290863],[8.60019,40.290734],[8.601375,40.290277],[8.602214,40.290314],[8.605391,40.291939],[8.606172,40.29212],[8.607891,40.29213],[8.610438,40.291547],[8.613471,40.292756],[8.615281,40.292682],[8.616041,40.292392],[8.617174,40.291417],[8.619497,40.290608],[8.621831,40.290955],[8.624602,40.292117],[8.627404,40.292177],[8.628137,40.291817],[8.628837,40.290531],[8.629722,40.289625],[8.630505,40.289437],[8.630963,40.289525],[8.632207,40.290388],[8.633844,40.2909],[8.635528,40.290868],[8.638081,40.291502],[8.638689,40.291286],[8.639592,40.28983],[8.640626,40.289184],[8.641449,40.288985],[8.643665,40.289147],[8.644891,40.28833],[8.645608,40.288208],[8.646306,40.288455],[8.64717,40.289615],[8.649306,40.29009],[8.650136,40.291781],[8.652983,40.294801],[8.653708,40.29521],[8.657591,40.294924],[8.659612,40.295697],[8.661096,40.295854],[8.662468,40.295667],[8.665352,40.294669],[8.668672,40.294626],[8.670474,40.294213],[8.671812,40.294561],[8.673534,40.294553],[8.674221,40.294148],[8.674484,40.293221],[8.675075,40.292706],[8.681636,40.290432],[8.683989,40.288447],[8.684948,40.286824],[8.686469,40.2855],[8.687558,40.285136],[8.689523,40.285249],[8.692563,40.284142],[8.694229,40.284272],[8.697817,40.285381],[8.698572,40.286085],[8.699839,40.288741],[8.700877,40.289105],[8.703945,40.287985],[8.705769,40.286886],[8.707027,40.285466],[8.707828,40.285087],[8.709742,40.285124],[8.711238,40.286566],[8.712771,40.286866],[8.715398,40.28567],[8.721986,40.286173],[8.722675,40.285652],[8.723483,40.282725],[8.724349,40.281728],[8.725067,40.281466],[8.728324,40.28132],[8.732991,40.282522],[8.736623,40.282849],[8.742367,40.284241],[8.746606,40.284291],[8.751205,40.282403],[8.752805,40.27908],[8.753207,40.278673],[8.75379,40.278496],[8.755422,40.278644],[8.756858,40.278117],[8.758367,40.278598],[8.760398,40.278479],[8.76082,40.278906],[8.76158,40.280902],[8.761947,40.281162],[8.762632,40.281176],[8.763245,40.280663],[8.763245,40.279854],[8.763474,40.279385],[8.765326,40.278749],[8.766206,40.277968],[8.766421,40.277496],[8.766025,40.275231],[8.765584,40.274484],[8.765487,40.273749],[8.764543,40.272649],[8.764096,40.271382],[8.764226,40.270819],[8.765117,40.270372],[8.768136,40.27021],[8.773124,40.268832]]]}},{"type":"Feature","properties":{"id":1808856,"nome":"Ferrovia Macomer-Nuoro","uso":"","operatore":"ARST","dal":"","wikipedia":"it:Ferrovia Macomer-Nuoro"},"geometry":{"type":"MultiLineString","coordinates":[[[8.773142,40.268863],[8.767223,40.270518],[8.766553,40.271005],[8.766461,40.271617],[8.769106,40.27387],[8.772821,40.273973],[8.773698,40.273567],[8.774707,40.271414],[8.775565,40.270694],[8.776574,40.270546],[8.778419,40.270882],[8.779663,40.270694],[8.780873,40.271233],[8.783391,40.27171],[8.784681,40.271239],[8.786074,40.271308],[8.78697,40.270702],[8.787832,40.268851],[8.788906,40.26853],[8.790387,40.26919],[8.793557,40.271666],[8.796025,40.271684],[8.799106,40.273288],[8.803673,40.274997],[8.805635,40.276533],[8.806381,40.2767],[8.807801,40.276265],[8.812515,40.271468],[8.813686,40.270686],[8.81979,40.269323],[8.822042,40.269179],[8.826834,40.270049],[8.828759,40.271046],[8.83202,40.272315],[8.832632,40.272863],[8.833737,40.274607],[8.83648,40.276224],[8.837318,40.278094],[8.838021,40.27841],[8.839931,40.278207],[8.841064,40.278505],[8.845088,40.281981],[8.852413,40.283682],[8.853487,40.283768],[8.855098,40.28352],[8.860055,40.281122],[8.86455,40.280049],[8.865355,40.28018],[8.86691,40.281343],[8.868241,40.281736],[8.876513,40.280884],[8.882499,40.282857],[8.884763,40.282988],[8.887102,40.282071],[8.888056,40.282009],[8.891623,40.283058],[8.892624,40.283546],[8.894419,40.285828],[8.896947,40.286319],[8.899258,40.28893],[8.900256,40.289519],[8.904987,40.290418],[8.907937,40.291516],[8.912615,40.292481],[8.913452,40.292825],[8.914162,40.293418],[8.915437,40.295452],[8.916027,40.296],[8.918887,40.297476],[8.923441,40.301245],[8.924132,40.30144],[8.926252,40.301237],[8.927207,40.301662],[8.928322,40.303323],[8.928172,40.304968],[8.928408,40.305631],[8.930036,40.307072],[8.931573,40.307774],[8.932828,40.307889],[8.936916,40.307259],[8.93904,40.308077],[8.942345,40.308093],[8.944502,40.307113],[8.945549,40.306033],[8.946476,40.305838],[8.947125,40.305994],[8.948093,40.306812],[8.948698,40.307015],[8.951067,40.306899],[8.953848,40.307833],[8.954554,40.308568],[8.955877,40.310826],[8.956882,40.311292],[8.961545,40.310401],[8.962839,40.3104],[8.969714,40.312994],[8.971538,40.313378],[8.973115,40.31328],[8.977428,40.312201],[8.983458,40.313043],[8.98914,40.313131],[8.993972,40.314205],[8.995142,40.314679],[8.99777,40.316485],[8.998414,40.317305],[8.999015,40.318745],[8.999632,40.319331],[9.003205,40.320721],[9.006979,40.320278],[9.010988,40.319301],[9.012984,40.318401],[9.016052,40.31661],[9.017069,40.316352],[9.028862,40.316741],[9.030203,40.317215],[9.031083,40.318107],[9.031634,40.321058],[9.032009,40.321553],[9.032671,40.321862],[9.035275,40.321863],[9.036619,40.322279],[9.039339,40.323949],[9.041157,40.326254],[9.042874,40.327244],[9.055362,40.329076],[9.06033,40.328806],[9.062701,40.328929],[9.06666,40.330311],[9.06887,40.330115],[9.07299,40.327914],[9.077158,40.327626],[9.081519,40.326344],[9.083257,40.326066],[9.087431,40.325829],[9.090988,40.327058],[9.09268,40.327167],[9.098518,40.326626],[9.102065,40.32524],[9.104951,40.324471],[9.108449,40.325097],[9.116023,40.323939],[9.125659,40.3237],[9.140077,40.320561],[9.146879,40.320095],[9.148843,40.31944],[9.149669,40.318352],[9.15057,40.318009],[9.15145,40.318181],[9.155055,40.320872],[9.156106,40.321404],[9.157952,40.321804],[9.160741,40.321706],[9.162446,40.321346],[9.16397,40.3207],[9.167973,40.319985],[9.17053,40.317875],[9.172398,40.316808],[9.175119,40.315622],[9.176942,40.315571],[9.1778,40.315285],[9.180536,40.312012],[9.181555,40.311391],[9.18457,40.310752],[9.18781,40.311472],[9.190837,40.311447],[9.192616,40.310978],[9.199333,40.310181],[9.214804,40.31322],[9.21539,40.313637],[9.216024,40.314685],[9.215977,40.316603],[9.216152,40.31702],[9.217194,40.317511],[9.218539,40.317395],[9.220239,40.31667],[9.221095,40.316547],[9.225957,40.317724],[9.228796,40.316668],[9.231446,40.315105],[9.233867,40.314107],[9.235459,40.313665],[9.238689,40.313346],[9.241157,40.314262],[9.242559,40.315753],[9.244359,40.316529],[9.245445,40.317583],[9.246214,40.317989],[9.250327,40.31886],[9.254865,40.317567],[9.256555,40.317646],[9.265677,40.320884],[9.277677,40.324281],[9.288129,40.325638],[9.2915,40.327396],[9.292224,40.328684],[9.292772,40.329065],[9.294518,40.329071],[9.295797,40.329445],[9.297339,40.328898],[9.298203,40.329013],[9.299535,40.329569],[9.300182,40.330272],[9.300883,40.330601],[9.302684,40.330654],[9.30351,40.331464],[9.304701,40.331979],[9.305537,40.331865],[9.306836,40.331142],[9.307502,40.331241],[9.308657,40.331871],[9.309521,40.331768],[9.309917,40.331475],[9.310386,40.330573],[9.311407,40.330242],[9.312715,40.330537],[9.313783,40.331403],[9.315134,40.33153],[9.31585,40.331823],[9.317682,40.33184],[9.318614,40.332587],[9.32033,40.332625],[9.322414,40.333656],[9.323101,40.333517],[9.323508,40.333171],[9.323907,40.332308],[9.323932,40.33149],[9.3233,40.330184],[9.322382,40.329219],[9.321641,40.326874],[9.32062,40.326371],[9.32028,40.325936],[9.320667,40.323889],[9.319735,40.321196],[9.319907,40.320802],[9.320894,40.320185],[9.323434,40.320409]],[[8.774398,40.268497],[8.773661,40.268708]],[[9.321584,40.320186],[9.323423,40.320445]]]}},{"type":"Feature","properties":{"id":1808857,"nome":"Ferrovia Mandas-Arbatax","uso":"tourism","operatore":"ARST","dal":"","wikipedia":"it:Ferrovia Mandas-Arbatax"},"geometry":{"type":"MultiLineString","coordinates":[[[9.132307,39.660008],[9.132013,39.661267],[9.132191,39.661826],[9.13531,39.664885],[9.136732,39.667404],[9.138317,39.669019],[9.139218,39.671],[9.140788,39.672546],[9.142814,39.673016],[9.145942,39.672981],[9.146402,39.672698],[9.147252,39.671398],[9.148919,39.670398],[9.149605,39.670266],[9.150222,39.670576],[9.15041,39.671637],[9.150947,39.672182],[9.152567,39.672008],[9.153275,39.672239],[9.153779,39.673288],[9.155066,39.674692],[9.155217,39.675353],[9.153833,39.677012],[9.153693,39.677995],[9.151848,39.6793],[9.151677,39.67977],[9.153961,39.684782],[9.154562,39.685228],[9.156355,39.685147],[9.15836,39.683032],[9.159841,39.682528],[9.160643,39.682933],[9.160989,39.683932],[9.161429,39.68437],[9.165119,39.684394],[9.166782,39.685269],[9.167014,39.686024],[9.1662,39.687998],[9.164272,39.688712],[9.162362,39.688366],[9.161772,39.688498],[9.161128,39.689175],[9.161132,39.689834],[9.162941,39.690842],[9.163798,39.692231],[9.164218,39.692452],[9.164712,39.692469],[9.166042,39.691973],[9.167222,39.692039],[9.168681,39.691561],[9.170251,39.692413],[9.172211,39.693104],[9.172672,39.693596],[9.173037,39.69469],[9.172919,39.695193],[9.172211,39.695771],[9.17208,39.696265],[9.172408,39.696733],[9.17278,39.696861],[9.173574,39.69672],[9.173928,39.69634],[9.174507,39.694549],[9.17411,39.693121],[9.174196,39.692411],[9.175601,39.690471],[9.175687,39.689852],[9.175033,39.688316],[9.175902,39.68664],[9.176331,39.684815],[9.17573,39.683593],[9.175814,39.68299],[9.176471,39.682627],[9.178656,39.682717],[9.179936,39.684031],[9.18059,39.68437],[9.181352,39.684411],[9.182039,39.683981],[9.182543,39.682792],[9.183027,39.682343],[9.18368,39.682082],[9.184934,39.682198],[9.185526,39.681983],[9.186008,39.680621],[9.186845,39.680225],[9.187886,39.680158],[9.188691,39.680571],[9.188937,39.681537],[9.189452,39.682115],[9.189439,39.683282],[9.189763,39.683825],[9.190787,39.684187],[9.192507,39.684189],[9.192971,39.684526],[9.192886,39.685302],[9.19177,39.685806],[9.191502,39.68626],[9.191728,39.686913],[9.192521,39.687218],[9.19369,39.686797],[9.194248,39.68579],[9.196748,39.683841],[9.199565,39.68438],[9.200235,39.68413],[9.200997,39.682982],[9.201608,39.682619],[9.205578,39.681851],[9.206618,39.682148],[9.207133,39.682578],[9.207294,39.683362],[9.207112,39.68432],[9.207412,39.68517],[9.208582,39.685955],[9.209054,39.686764],[9.209612,39.687053],[9.212262,39.686937],[9.213292,39.686095],[9.215405,39.685484],[9.215823,39.685063],[9.216209,39.683973],[9.216744,39.683511],[9.220005,39.6833],[9.221037,39.683436],[9.222872,39.682974],[9.225587,39.684188],[9.227056,39.686739],[9.230597,39.687821],[9.231691,39.688935],[9.232625,39.688861],[9.233848,39.688077],[9.237195,39.688654],[9.239594,39.688232],[9.242345,39.68806],[9.243976,39.688721],[9.247507,39.689242],[9.248295,39.689699],[9.248793,39.690735],[9.248525,39.691734],[9.243697,39.696382],[9.242002,39.697562],[9.240339,39.70003],[9.239792,39.700517],[9.239137,39.700815],[9.235146,39.701607],[9.23314,39.702408],[9.231884,39.703167],[9.231187,39.704488],[9.230618,39.704818],[9.229374,39.704793],[9.228043,39.70377],[9.226895,39.703539],[9.224825,39.703885],[9.22402,39.704496],[9.223205,39.705569],[9.223022,39.70599],[9.223108,39.706568],[9.22432,39.707558],[9.224557,39.708276],[9.22314,39.710233],[9.223194,39.711149],[9.223645,39.711685],[9.22519,39.712626],[9.226091,39.713848],[9.22785,39.715086],[9.228247,39.715936],[9.227872,39.717702],[9.228483,39.718255],[9.230061,39.718807],[9.230336,39.719477],[9.230213,39.720354],[9.229007,39.721912],[9.226867,39.723369],[9.225297,39.725266],[9.224467,39.725844],[9.221536,39.727166],[9.220476,39.727962],[9.219138,39.728504],[9.217075,39.729931],[9.214182,39.731334],[9.212788,39.73253],[9.211597,39.734634],[9.211049,39.73503],[9.209987,39.734799],[9.209612,39.733297],[9.208807,39.732794],[9.208024,39.73286],[9.205706,39.734254],[9.20508,39.734788],[9.204441,39.736276],[9.202939,39.738363],[9.198815,39.740907],[9.198386,39.741361],[9.197996,39.742365],[9.197563,39.74267],[9.195146,39.743429],[9.193551,39.744295],[9.192746,39.745029],[9.191544,39.745549],[9.191019,39.745672],[9.189699,39.745367],[9.188873,39.745409],[9.186674,39.746902],[9.185912,39.746902],[9.184946,39.746547],[9.184013,39.746693],[9.182908,39.747925],[9.179657,39.748749],[9.178581,39.749693],[9.176524,39.750333],[9.176149,39.750704],[9.17617,39.751241],[9.176556,39.751537],[9.177278,39.751598],[9.177787,39.751381],[9.178487,39.750539],[9.179904,39.750036],[9.18147,39.750094],[9.183008,39.749626],[9.184732,39.74978],[9.187897,39.748873],[9.189127,39.749114],[9.190297,39.748953],[9.191587,39.74931],[9.1929,39.749142],[9.195578,39.749393],[9.197722,39.75071],[9.199183,39.750729],[9.203947,39.751917],[9.205739,39.752692],[9.207402,39.754358],[9.209687,39.754961],[9.210497,39.755548],[9.210824,39.756717],[9.211811,39.757435],[9.211994,39.758664],[9.213217,39.75939],[9.213263,39.760055],[9.212642,39.761016],[9.213003,39.761689],[9.214313,39.762326],[9.216413,39.762752],[9.218291,39.762549],[9.219535,39.763398],[9.219761,39.763818],[9.219675,39.76428],[9.218752,39.764932],[9.21843,39.765493],[9.218484,39.765913],[9.219342,39.76706],[9.219018,39.769038],[9.219267,39.769591],[9.220007,39.769813],[9.220759,39.769533],[9.220937,39.769062],[9.220372,39.768198],[9.220469,39.767587],[9.221713,39.766705],[9.221896,39.76555],[9.222314,39.765303],[9.223065,39.765311],[9.22343,39.765542],[9.223623,39.766069],[9.222829,39.766985],[9.222701,39.767496],[9.224138,39.769434],[9.223945,39.770811],[9.224407,39.771239],[9.227208,39.771745],[9.229366,39.771062],[9.230943,39.769983],[9.231348,39.769417],[9.231364,39.768025],[9.233129,39.766564],[9.233837,39.766449],[9.235886,39.76682],[9.236576,39.766781],[9.237037,39.766512],[9.237635,39.765245],[9.237732,39.764189],[9.238966,39.762358],[9.239946,39.761457],[9.239953,39.760791],[9.240908,39.759076],[9.241133,39.757723],[9.242547,39.756679],[9.241949,39.754154],[9.242839,39.752659],[9.242986,39.751348],[9.244276,39.749722],[9.244785,39.749431],[9.246787,39.74943],[9.250437,39.74814],[9.251106,39.747244],[9.252323,39.746349],[9.252827,39.745458],[9.253846,39.744798],[9.254524,39.743761],[9.25669,39.742496],[9.257479,39.739869],[9.258353,39.739039],[9.258965,39.738045],[9.259994,39.737249],[9.260017,39.735242],[9.258974,39.733908],[9.259082,39.733223],[9.259908,39.732917],[9.262354,39.733479],[9.264181,39.733106],[9.266975,39.733291],[9.267718,39.733586],[9.268008,39.734007],[9.268471,39.73591],[9.268441,39.73763],[9.269177,39.738891],[9.26947,39.740855],[9.270251,39.741647],[9.270348,39.742156],[9.269255,39.743797],[9.267646,39.74457],[9.267242,39.745133],[9.267155,39.746167],[9.267923,39.747244],[9.267955,39.747801],[9.266153,39.749376],[9.266239,39.750473],[9.266027,39.750939],[9.26391,39.752539],[9.263046,39.753599],[9.262408,39.755967],[9.2617,39.757105],[9.261861,39.758969],[9.261507,39.759967],[9.261057,39.760511],[9.260134,39.760891],[9.259436,39.761798],[9.258401,39.762505],[9.258351,39.763252],[9.259951,39.767463],[9.259735,39.768922],[9.257162,39.770362],[9.255445,39.770704],[9.25441,39.772193],[9.254464,39.772761],[9.255387,39.773953],[9.255368,39.775969],[9.254995,39.776571],[9.254597,39.778086],[9.254573,39.77912],[9.252628,39.781762],[9.252711,39.782778],[9.252291,39.78395],[9.251703,39.784584],[9.250768,39.785068],[9.250537,39.785476],[9.250933,39.787871],[9.252173,39.789784],[9.252141,39.790559],[9.250531,39.791845],[9.250403,39.792331],[9.250585,39.793213],[9.250875,39.79379],[9.251442,39.794029],[9.253306,39.794288],[9.254206,39.793813],[9.255121,39.791574],[9.255997,39.790399],[9.256,39.789366],[9.255434,39.788797],[9.25389,39.788547],[9.253483,39.78783],[9.254035,39.787245],[9.255279,39.787273],[9.255745,39.787756],[9.256494,39.789772],[9.257397,39.790362],[9.257605,39.790818],[9.256819,39.792941],[9.255456,39.793996],[9.25537,39.794736],[9.25562,39.795211],[9.256733,39.795987],[9.258131,39.795891],[9.259406,39.796216],[9.262299,39.796031],[9.262909,39.796229],[9.263304,39.796746],[9.263363,39.798835],[9.263986,39.799115],[9.265294,39.799025],[9.266657,39.799857],[9.267713,39.800167],[9.270036,39.80397],[9.270316,39.805066],[9.269822,39.807959],[9.269382,39.808652],[9.266807,39.811042],[9.266721,39.811462],[9.268001,39.814428],[9.271433,39.815954],[9.273068,39.81899],[9.271217,39.828866],[9.271388,39.829723],[9.27215,39.831123],[9.273841,39.832155],[9.27671,39.832969],[9.277628,39.832538],[9.278223,39.831329],[9.278877,39.830686],[9.279499,39.830332],[9.280143,39.830291],[9.280755,39.83053],[9.281355,39.831197],[9.282536,39.833199],[9.282707,39.833957],[9.284192,39.834514],[9.284896,39.834279],[9.285078,39.834007],[9.284649,39.831675],[9.285014,39.830522],[9.284982,39.829599],[9.285336,39.829212],[9.288211,39.828882],[9.288962,39.829269],[9.290389,39.830761],[9.291237,39.830744],[9.291623,39.830423],[9.291376,39.828132],[9.2904,39.826954],[9.290432,39.826484],[9.290786,39.826155],[9.291848,39.826171],[9.293138,39.827605],[9.294852,39.827605],[9.29615,39.828305],[9.297084,39.828091],[9.297427,39.826905],[9.298146,39.826526],[9.299938,39.82688],[9.301231,39.827395],[9.301386,39.827943],[9.300635,39.829269],[9.300539,39.830365],[9.299884,39.831123],[9.300349,39.832679],[9.299705,39.834397],[9.299751,39.834965],[9.299352,39.836108],[9.29953,39.836553],[9.302221,39.837262],[9.302539,39.837785],[9.302481,39.838691],[9.303045,39.839106],[9.306107,39.83858],[9.307161,39.838164],[9.307826,39.838208],[9.308247,39.838512],[9.308449,39.839348],[9.30921,39.840343],[9.308926,39.840873],[9.307231,39.841506],[9.305138,39.843212],[9.302599,39.84377],[9.301826,39.844298],[9.301182,39.845105],[9.301322,39.845977],[9.301856,39.846441],[9.302518,39.846468],[9.303788,39.846027],[9.304765,39.846289],[9.304978,39.846758],[9.304787,39.847509],[9.305088,39.848349],[9.305149,39.849962],[9.305514,39.850508],[9.30618,39.850623],[9.306843,39.850367],[9.307169,39.849301],[9.307977,39.848408],[9.308294,39.847608],[9.309644,39.846233],[9.310135,39.845002],[9.310554,39.844661],[9.311722,39.844732],[9.313236,39.845956],[9.314115,39.845885],[9.314735,39.844906],[9.31544,39.844387],[9.317135,39.843529],[9.318355,39.843277],[9.319199,39.842452],[9.320652,39.841884],[9.321758,39.840903],[9.324448,39.840325],[9.325162,39.838934],[9.32528,39.837743],[9.327815,39.835908],[9.329221,39.83563],[9.33029,39.836405],[9.331133,39.836484],[9.331632,39.836048],[9.331709,39.834699],[9.332757,39.833768],[9.333389,39.833479],[9.335678,39.833192],[9.336349,39.833512],[9.33675,39.834363],[9.33809,39.835193],[9.338932,39.835203],[9.339872,39.834109],[9.34047,39.83395],[9.342124,39.834427],[9.343007,39.835545],[9.343529,39.837986],[9.343506,39.838373],[9.34281,39.839041],[9.343046,39.840474],[9.342306,39.842459],[9.340257,39.84423],[9.340262,39.844869],[9.340729,39.845188],[9.341737,39.845194],[9.344108,39.843662],[9.345546,39.842621],[9.346211,39.841504],[9.346662,39.841199],[9.347312,39.841133],[9.348677,39.841485],[9.349827,39.842226],[9.351125,39.842655],[9.352078,39.843645],[9.35373,39.844247],[9.353864,39.844619],[9.353592,39.845834],[9.35376,39.846796],[9.353093,39.848023],[9.353339,39.848939],[9.353131,39.850413],[9.353646,39.851002],[9.35441,39.851209],[9.355256,39.850826],[9.355538,39.849785],[9.355416,39.848652],[9.356672,39.847583],[9.357044,39.846254],[9.356935,39.845354],[9.358395,39.843741],[9.360902,39.843756],[9.363957,39.844519],[9.364735,39.845138],[9.364648,39.846475],[9.364921,39.847625],[9.364788,39.848933],[9.365302,39.849799],[9.366448,39.850611],[9.366658,39.851327],[9.367287,39.852169],[9.367385,39.85347],[9.367776,39.854423],[9.36709,39.855869],[9.367387,39.85633],[9.368007,39.856437],[9.368881,39.856149],[9.36915,39.855721],[9.368836,39.854858],[9.368645,39.853036],[9.368913,39.85194],[9.368506,39.851042],[9.368669,39.850112],[9.368291,39.849181],[9.368581,39.848374],[9.369042,39.84797],[9.370222,39.847517],[9.370541,39.846094],[9.371392,39.845573],[9.371703,39.844634],[9.372325,39.844296],[9.373395,39.844445],[9.374031,39.844996],[9.374042,39.846397],[9.373763,39.847451],[9.374643,39.84858],[9.374422,39.849962],[9.374664,39.850459],[9.377564,39.851063],[9.378485,39.851598],[9.378933,39.852447],[9.379385,39.852684],[9.382464,39.851833],[9.383273,39.85191],[9.383655,39.852245],[9.383977,39.85367],[9.384674,39.854106],[9.385672,39.854345],[9.386297,39.85523],[9.386813,39.855342],[9.387501,39.855085],[9.388059,39.85451],[9.388377,39.853541],[9.389913,39.852093],[9.390821,39.851652],[9.393278,39.85178],[9.395283,39.852217],[9.396161,39.852663],[9.396487,39.85297],[9.396862,39.854082],[9.398858,39.854617],[9.39948,39.855992],[9.401636,39.856758],[9.403164,39.858284],[9.403432,39.859194],[9.403119,39.860011],[9.403589,39.861477],[9.402581,39.862359],[9.402441,39.86282],[9.402926,39.864063],[9.404409,39.864398],[9.406676,39.863399],[9.408796,39.863353],[9.411147,39.86278],[9.412597,39.862912],[9.413755,39.862644],[9.414218,39.862238],[9.41436,39.861629],[9.41409,39.861192],[9.412704,39.860951],[9.411182,39.860269],[9.409962,39.858885],[9.410144,39.856734],[9.409297,39.855299],[9.411325,39.853118],[9.410917,39.850754],[9.411668,39.849551],[9.410434,39.846998],[9.410359,39.846265],[9.410975,39.845748],[9.412776,39.845371],[9.413835,39.844856],[9.415713,39.845112],[9.41935,39.844799],[9.419922,39.844611],[9.420257,39.844152],[9.41994,39.843505],[9.418105,39.843258],[9.41611,39.841508],[9.415734,39.840441],[9.414877,39.839397],[9.415093,39.838633],[9.415866,39.838402],[9.418221,39.838643],[9.421152,39.837352],[9.426253,39.835972],[9.429347,39.836257],[9.430682,39.835142],[9.433308,39.834971],[9.434799,39.834213],[9.435952,39.833934],[9.438344,39.8336],[9.440137,39.834204],[9.44191,39.834013],[9.443044,39.833458],[9.443805,39.833417],[9.446204,39.834798],[9.448489,39.835539],[9.449691,39.836726],[9.451475,39.836967],[9.451933,39.837269],[9.451997,39.838874],[9.452531,39.83994],[9.454197,39.841718],[9.45483,39.843003],[9.456053,39.844453],[9.457898,39.847575],[9.45914,39.848911],[9.459755,39.849943],[9.463451,39.852988],[9.463542,39.85359],[9.464424,39.85467],[9.464401,39.855679],[9.465132,39.856516],[9.466288,39.859997],[9.467035,39.860923],[9.467665,39.862382],[9.467793,39.864352],[9.46685,39.865603],[9.466469,39.867536],[9.465698,39.868527],[9.464808,39.870528],[9.462678,39.87136],[9.462116,39.872228],[9.46105,39.872942],[9.459224,39.872851],[9.45824,39.873421],[9.456812,39.8737],[9.455473,39.874641],[9.453503,39.874422],[9.452782,39.874709],[9.45261,39.875168],[9.452989,39.876387],[9.453882,39.877607],[9.455573,39.878034],[9.455951,39.878456],[9.455927,39.878891],[9.455226,39.879672],[9.455345,39.880835],[9.454689,39.881239],[9.452241,39.881382],[9.451468,39.881696],[9.451335,39.883108],[9.450637,39.884015],[9.450832,39.884521],[9.451806,39.885163],[9.451814,39.886055],[9.450224,39.886814],[9.448986,39.88703],[9.448259,39.888077],[9.44704,39.888633],[9.44689,39.889108],[9.447093,39.890113],[9.446343,39.891505],[9.445657,39.891982],[9.444736,39.893312],[9.445095,39.893954],[9.445948,39.894078],[9.449551,39.892937],[9.45146,39.892027],[9.452023,39.891997],[9.452606,39.892359],[9.45327,39.893493],[9.455232,39.894089],[9.456751,39.893555],[9.457577,39.893609],[9.457975,39.894021],[9.457963,39.895051],[9.45841,39.895433],[9.459141,39.895468],[9.46135,39.894886],[9.462179,39.89531],[9.462603,39.89701],[9.461389,39.900835],[9.461998,39.902085],[9.462639,39.904387],[9.462458,39.905271],[9.462597,39.906356],[9.461983,39.908658],[9.462356,39.909267],[9.463364,39.910009],[9.463504,39.911525],[9.464214,39.913196],[9.464445,39.915264],[9.463903,39.916514],[9.465051,39.918012],[9.464241,39.919339],[9.463898,39.920771],[9.464131,39.922029],[9.465477,39.923166],[9.467914,39.922941],[9.469458,39.924303],[9.470083,39.924382],[9.470852,39.92395],[9.471645,39.92269],[9.475602,39.920992],[9.475938,39.920632],[9.476788,39.917706],[9.477793,39.916523],[9.478521,39.914076],[9.480896,39.912773],[9.482309,39.911328],[9.484924,39.909305],[9.48544,39.907954],[9.486838,39.906931],[9.489701,39.907116],[9.490694,39.906857],[9.491479,39.906198],[9.493084,39.903914],[9.494302,39.903463],[9.496401,39.90334],[9.499703,39.90148],[9.501644,39.899737],[9.502902,39.899601],[9.505069,39.900298],[9.508509,39.902103],[9.511931,39.901503],[9.512664,39.900386],[9.51411,39.899652],[9.514776,39.898799],[9.515924,39.898107],[9.516158,39.897207],[9.515995,39.896434],[9.515555,39.895747],[9.515631,39.895179],[9.516599,39.894421],[9.518149,39.894059],[9.519532,39.892812],[9.519989,39.891506],[9.51915,39.890411],[9.519342,39.889568],[9.519854,39.889257],[9.521125,39.889075],[9.521833,39.888604],[9.52293,39.886547],[9.524486,39.886293],[9.526234,39.885233],[9.52633,39.883916],[9.527341,39.883414],[9.52822,39.882444],[9.528831,39.880901],[9.529696,39.879515],[9.531902,39.879309],[9.533899,39.87729],[9.535346,39.876215],[9.536805,39.875473],[9.538479,39.87314],[9.539611,39.872023],[9.541575,39.871238],[9.542266,39.87125],[9.542984,39.871924],[9.54267,39.872747],[9.540909,39.873444],[9.539984,39.873562],[9.538803,39.873366],[9.538471,39.872809],[9.538742,39.872102],[9.539298,39.871682],[9.540232,39.871409],[9.541951,39.870403],[9.543122,39.870308],[9.544514,39.869819],[9.545041,39.869022],[9.546575,39.868028],[9.546562,39.867077],[9.546791,39.866586],[9.548562,39.865997],[9.549438,39.864766],[9.550697,39.864132],[9.551167,39.863221],[9.552565,39.862525],[9.552756,39.860972],[9.553809,39.860475],[9.556639,39.858457],[9.557244,39.858356],[9.557968,39.85861],[9.558598,39.859325],[9.559058,39.861104],[9.55873,39.862901],[9.559581,39.865082],[9.559448,39.866014],[9.561478,39.869056],[9.561544,39.869625],[9.560818,39.870963],[9.560011,39.872026],[9.559305,39.872253],[9.558177,39.872045],[9.556591,39.871291],[9.555201,39.871646],[9.553771,39.871266],[9.552632,39.871465],[9.551792,39.872683],[9.549327,39.87358],[9.549161,39.874845],[9.548577,39.875462],[9.548092,39.876649],[9.547199,39.876923],[9.544914,39.876661],[9.544335,39.876921],[9.543951,39.877933],[9.543034,39.879065],[9.542678,39.880454],[9.541986,39.881388],[9.541109,39.881703],[9.539337,39.881651],[9.537491,39.882798],[9.537204,39.88339],[9.537659,39.884267],[9.537551,39.885836],[9.537136,39.887332],[9.537532,39.888147],[9.537372,39.889036],[9.537508,39.890087],[9.537126,39.891383],[9.536758,39.891808],[9.535505,39.892234],[9.534601,39.893042],[9.532892,39.893121],[9.530651,39.894321],[9.530736,39.894979],[9.532141,39.896517],[9.532406,39.89722],[9.531803,39.898141],[9.53162,39.899021],[9.530727,39.900152],[9.529099,39.901325],[9.52873,39.903605],[9.529381,39.904207],[9.53097,39.904423],[9.531506,39.905091],[9.532153,39.905418],[9.532957,39.905234],[9.534406,39.904132],[9.536992,39.903605],[9.539341,39.903844],[9.541734,39.903169],[9.543064,39.903696],[9.54463,39.903646],[9.545188,39.904033],[9.545395,39.904917],[9.54654,39.905794],[9.546658,39.906288],[9.546336,39.906905],[9.54507,39.907523],[9.544555,39.908214],[9.543793,39.908699],[9.543804,39.909383],[9.544244,39.909695],[9.545553,39.909909],[9.546669,39.911086],[9.547205,39.911251],[9.547828,39.911103],[9.548868,39.90995],[9.549458,39.909621],[9.550123,39.909555],[9.550724,39.90981],[9.551615,39.911761],[9.551239,39.91265],[9.549812,39.913168],[9.54948,39.913612],[9.54963,39.914287],[9.550671,39.914978],[9.550778,39.915406],[9.549276,39.916953],[9.549834,39.918435],[9.549791,39.918871],[9.547785,39.921496],[9.545553,39.922253],[9.545499,39.923602],[9.544008,39.925346],[9.543944,39.926021],[9.545145,39.926885],[9.545177,39.927938],[9.545467,39.928349],[9.546186,39.928539],[9.547323,39.928259],[9.547999,39.928399],[9.548632,39.929156],[9.549855,39.929715],[9.550381,39.930579],[9.551626,39.931369],[9.552302,39.932479],[9.552634,39.93396],[9.553085,39.934248],[9.554243,39.934322],[9.554791,39.934832],[9.554758,39.935334],[9.554155,39.936212],[9.554361,39.936732],[9.557001,39.937448],[9.557441,39.937827],[9.557591,39.938312],[9.557205,39.939324],[9.55743,39.939735],[9.558331,39.940196],[9.560037,39.940008],[9.561397,39.940733],[9.563335,39.941101],[9.563637,39.9414],[9.563771,39.942342],[9.564647,39.942717],[9.565512,39.94229],[9.565396,39.941505],[9.563876,39.941148],[9.561779,39.940256],[9.56067,39.939488],[9.559382,39.939159],[9.55905,39.938756],[9.559581,39.936691],[9.559533,39.934906],[9.559243,39.934403],[9.558438,39.934029],[9.55811,39.933599],[9.558138,39.933162],[9.558921,39.932035],[9.558288,39.930949],[9.558406,39.930077],[9.557953,39.929088],[9.558192,39.928688],[9.5586,39.928514],[9.560101,39.928654],[9.561981,39.927912],[9.564513,39.928222],[9.565364,39.928658],[9.565688,39.929437],[9.565498,39.929911],[9.563449,39.931254],[9.563041,39.931805],[9.563545,39.933524],[9.564929,39.934529],[9.566174,39.934939],[9.566424,39.935367],[9.56647,39.936182],[9.566266,39.936669],[9.564897,39.937489],[9.565113,39.938376],[9.565581,39.938697],[9.567075,39.939019],[9.568888,39.940023],[9.570444,39.939447],[9.574435,39.939636],[9.576142,39.940247],[9.576624,39.941142],[9.577192,39.941676],[9.577246,39.942063],[9.576752,39.942877],[9.57583,39.946044],[9.576506,39.947886],[9.575347,39.94935],[9.575989,39.950398],[9.575997,39.950766],[9.575658,39.95116],[9.574457,39.951472],[9.574038,39.951793],[9.573968,39.952482],[9.574304,39.952851],[9.575454,39.952838],[9.576624,39.951637],[9.578068,39.950658],[9.579289,39.95013],[9.579959,39.949394],[9.580584,39.949086],[9.581489,39.949102],[9.582794,39.949868],[9.583608,39.949728],[9.585257,39.948507],[9.585593,39.947384],[9.586054,39.94708],[9.587176,39.947133],[9.58814,39.948036],[9.589018,39.948187],[9.590698,39.947307],[9.593425,39.946905],[9.594121,39.947407],[9.594337,39.948454],[9.595655,39.949443],[9.597074,39.949474],[9.597791,39.949714],[9.599128,39.950896],[9.59965,39.951113],[9.602749,39.95167],[9.60405,39.953059],[9.603899,39.954597],[9.604618,39.95511],[9.606473,39.955137],[9.609489,39.956317],[9.61288,39.956542],[9.615516,39.95602],[9.616877,39.956169],[9.619322,39.955646],[9.623178,39.956914],[9.62632,39.956801],[9.627424,39.956236],[9.63132,39.955],[9.633304,39.953495],[9.63427,39.952278],[9.638421,39.945122],[9.642619,39.940012],[9.643221,39.93877],[9.644915,39.933608],[9.650698,39.928838],[9.651938,39.928178],[9.653589,39.927761],[9.656623,39.927935],[9.660068,39.929678],[9.669247,39.928228],[9.671869,39.928185],[9.692907,39.931563],[9.700674,39.932121],[9.7025,39.932983],[9.704225,39.933504],[9.704811,39.934689],[9.706134,39.935624],[9.706341,39.936831],[9.707166,39.937689],[9.707554,39.938743]]]}},{"type":"Feature","properties":{"id":1809011,"nome":"Ferrovia Sassari-Alghero","uso":"","operatore":"ARST","dal":"","wikipedia":"it:Ferrovia Sassari-Alghero"},"geometry":{"type":"MultiLineString","coordinates":[[[8.321858,40.574554],[8.323447,40.576522],[8.325421,40.578308],[8.328483,40.58317],[8.330049,40.584601],[8.33236,40.585459],[8.338401,40.585962],[8.339914,40.586681],[8.356594,40.608998],[8.36666,40.625115],[8.381547,40.660986],[8.382899,40.662582],[8.389214,40.667761],[8.393439,40.670079],[8.411504,40.676274],[8.420778,40.676037],[8.423151,40.676368],[8.430871,40.679652],[8.435184,40.68067],[8.43638,40.681139],[8.437597,40.681887],[8.439834,40.683761],[8.441006,40.684365],[8.449126,40.686837],[8.452084,40.687132],[8.453614,40.686913],[8.457308,40.685854],[8.459421,40.686063],[8.464408,40.68903],[8.465966,40.690337],[8.467073,40.690799],[8.468866,40.69079],[8.47269,40.689558],[8.477715,40.68949],[8.479188,40.689012],[8.481282,40.687437],[8.483304,40.687019],[8.484655,40.687253],[8.488309,40.688624],[8.492161,40.688455],[8.495436,40.689618],[8.49914,40.689638],[8.501055,40.689197],[8.502384,40.689183],[8.50331,40.689466],[8.505289,40.690778],[8.506416,40.691252],[8.51112,40.692214],[8.51334,40.693125],[8.516558,40.693659],[8.518964,40.695257],[8.518967,40.696805],[8.519965,40.698286],[8.519621,40.699311],[8.519785,40.699854],[8.521899,40.701318],[8.522809,40.702651],[8.523969,40.703406],[8.52434,40.703915],[8.524623,40.704755],[8.524574,40.706002],[8.524907,40.706966],[8.52476,40.70823],[8.525203,40.709206],[8.526008,40.710116],[8.526181,40.710764],[8.526038,40.711241],[8.525128,40.712232],[8.525002,40.712815],[8.52546,40.713787],[8.526431,40.714792],[8.526105,40.716025],[8.526506,40.716834],[8.526686,40.718977],[8.527073,40.719619],[8.535568,40.722532],[8.537005,40.722679],[8.543483,40.722568],[8.548741,40.724064],[8.549705,40.72462],[8.552124,40.726814],[8.554253,40.729549]],[[8.32321,40.576243],[8.321827,40.574565]]]}},{"type":"Feature","properties":{"id":1811976,"nome":"Direttissima Firenze S.M.N. - Roma Termini","uso":"","operatore":"Rete Ferroviaria Italiana","dal":"","wikipedia":"it:Ferrovia Firenze-Roma (direttissima)"},"geometry":{"type":"MultiLineString","coordinates":[[[11.282071,43.771798],[11.283666,43.770634],[11.285787,43.769991],[11.302728,43.76833],[11.304742,43.768344],[11.310351,43.769149],[11.319913,43.769914],[11.322787,43.769625],[11.325281,43.768731],[11.328724,43.766659],[11.33134,43.764568],[11.332944,43.762415],[11.337949,43.754397],[11.339873,43.752222],[11.375266,43.723082],[11.377736,43.721276],[11.387317,43.715593],[11.391356,43.713673],[11.428864,43.698288],[11.43824,43.692505],[11.44308,43.68851],[11.444241,43.687115],[11.4464,43.683641],[11.447282,43.681984],[11.450706,43.673585],[11.4524,43.670348],[11.454252,43.666929],[11.458167,43.661381],[11.459581,43.658856],[11.465375,43.642064],[11.466374,43.639866],[11.467805,43.637462],[11.470561,43.63407],[11.483778,43.621757],[11.501289,43.602072],[11.516784,43.587893],[11.521161,43.584666],[11.532589,43.578264],[11.537767,43.574686],[11.542192,43.570668],[11.545616,43.567023],[11.554678,43.558983],[11.56504,43.551605],[11.571978,43.545634],[11.578343,43.54122],[11.584795,43.538502],[11.58814,43.537324],[11.593254,43.535905],[11.601372,43.53462],[11.622299,43.532723],[11.626417,43.531968],[11.658156,43.524079],[11.665917,43.522369],[11.70846,43.51757],[11.730214,43.516117],[11.735382,43.515275],[11.741986,43.513529],[11.748242,43.511091],[11.768099,43.501398],[11.772606,43.498811],[11.776323,43.496064],[11.778669,43.493996],[11.78214,43.490309],[11.803688,43.465156],[11.808259,43.45939],[11.815183,43.44716],[11.825895,43.423516],[11.846958,43.382089],[11.85345,43.363225],[11.855891,43.357287],[11.870346,43.333793],[11.8725,43.328268],[11.87341,43.322761],[11.87329,43.318908],[11.870577,43.302501],[11.870311,43.299472],[11.87135,43.279623],[11.872353,43.274311],[11.8768,43.254536],[11.877783,43.251388],[11.879358,43.247824],[11.884873,43.239664],[11.886822,43.235918],[11.888494,43.230947],[11.889024,43.227418],[11.889075,43.224272],[11.888817,43.221296],[11.888262,43.218571],[11.886139,43.211582],[11.885783,43.209789],[11.885468,43.20651],[11.885534,43.202552],[11.885759,43.200676],[11.887102,43.196421],[11.88905,43.192206],[11.89189,43.186841],[11.893135,43.183586],[11.893793,43.181123],[11.894322,43.177683],[11.894367,43.174018],[11.894135,43.171774],[11.890639,43.143263],[11.889831,43.136249],[11.889773,43.134127],[11.890854,43.107923],[11.89175,43.103408],[11.895798,43.08855],[11.896536,43.086353],[11.899044,43.080591],[11.901975,43.075445],[11.904972,43.071747],[11.911809,43.065486],[11.914813,43.062415],[11.917547,43.058884],[11.920272,43.054191],[11.92177,43.050313],[11.928684,43.024239],[11.930142,43.019639],[11.931783,43.016573],[11.934228,43.013824],[11.944203,43.005512],[11.946157,43.003445],[11.94874,42.99966],[11.955671,42.984186],[11.95783,42.978871],[11.958686,42.975688],[11.962116,42.958508],[11.962639,42.956712],[11.973594,42.929985],[11.976109,42.925379],[11.990995,42.901778],[11.994325,42.896069],[11.995517,42.892382],[11.99867,42.87629],[11.999793,42.871667],[12.011216,42.845672],[12.011881,42.843431],[12.012188,42.841125],[12.012067,42.838942],[12.010111,42.832088],[12.008517,42.827849],[12.007911,42.825206],[12.007729,42.822307],[12.007986,42.819309],[12.008664,42.816461],[12.011162,42.810963],[12.019794,42.799884],[12.025454,42.794417],[12.027506,42.791984],[12.029346,42.78911],[12.034321,42.778773],[12.036021,42.776077],[12.037854,42.773813],[12.041115,42.77077],[12.051767,42.762998],[12.056192,42.760194],[12.065012,42.755789],[12.073702,42.750214],[12.085876,42.742804],[12.0888,42.741244],[12.138104,42.721432],[12.141529,42.719481],[12.144921,42.716993],[12.150504,42.711637],[12.155967,42.707234],[12.15891,42.704576],[12.22139,42.630388],[12.223957,42.62671],[12.225508,42.623422],[12.252519,42.547067],[12.253389,42.54413],[12.254894,42.536952],[12.256854,42.532334],[12.259003,42.529234],[12.262068,42.525941],[12.263557,42.52464],[12.2668,42.522385],[12.285741,42.512237],[12.293952,42.507098],[12.301414,42.503172],[12.306175,42.500024],[12.311202,42.495877],[12.315068,42.493123],[12.334232,42.481982],[12.336778,42.480071],[12.346036,42.471676],[12.355668,42.464993],[12.384086,42.44035],[12.419083,42.405622],[12.425068,42.398847],[12.433308,42.388101],[12.443749,42.378235],[12.44678,42.374594],[12.448787,42.371124],[12.449899,42.368186],[12.450474,42.365859],[12.451224,42.359594],[12.4522,42.355854],[12.45546,42.349024],[12.457633,42.342006],[12.459169,42.338532],[12.462676,42.332751],[12.464355,42.330486],[12.474559,42.320076],[12.47654,42.317664],[12.478082,42.315216],[12.481815,42.308062],[12.483863,42.305002],[12.487888,42.300573],[12.501824,42.286738],[12.503625,42.285313],[12.50672,42.283346],[12.515443,42.279006],[12.518748,42.277209],[12.521211,42.275513],[12.523057,42.273818],[12.526241,42.268743],[12.528269,42.262439],[12.528638,42.259875],[12.528712,42.257071],[12.528025,42.248963],[12.526936,42.243751],[12.524413,42.234029],[12.522258,42.222837],[12.522095,42.21922],[12.523554,42.209876],[12.529208,42.190177],[12.533943,42.175596],[12.537244,42.167289],[12.545197,42.154672],[12.548116,42.149035],[12.549051,42.146614],[12.551165,42.139556],[12.551882,42.136057],[12.551552,42.131689],[12.551555,42.127858],[12.553045,42.118666],[12.553105,42.114855],[12.552735,42.112402],[12.551621,42.1086],[12.548002,42.1006],[12.541302,42.089758],[12.531571,42.066214],[12.530805,42.063424],[12.53072,42.062325],[12.530413,42.04097],[12.529282,42.033845],[12.528614,42.03151],[12.527412,42.028765],[12.523204,42.021841],[12.521448,42.017836],[12.52049,42.013376],[12.519809,42.003384],[12.519084,41.996514],[12.518332,41.994845],[12.515515,41.990715],[12.509784,41.985301],[12.508995,41.984296],[12.508558,41.983126],[12.508191,41.98043],[12.506717,41.97693],[12.505498,41.974778],[12.505165,41.973456],[12.505283,41.972208],[12.506682,41.967039],[12.506108,41.953559],[12.50734,41.946543],[12.508277,41.944946],[12.509894,41.943435],[12.519179,41.938159],[12.520057,41.937193],[12.521259,41.93481],[12.52195,41.933916],[12.526589,41.930638],[12.527766,41.929335],[12.528255,41.928215],[12.528367,41.927132],[12.527003,41.922573],[12.527102,41.920667],[12.52771,41.918126],[12.528448,41.916272],[12.532489,41.909394],[12.533311,41.906895],[12.533314,41.904812],[12.532832,41.903542],[12.530341,41.899456],[12.528109,41.896026],[12.527101,41.894895],[12.525897,41.894028],[12.524733,41.893533],[12.519661,41.8925],[12.517065,41.892426],[12.515189,41.892975],[12.510208,41.895953],[12.50658,41.89881],[12.502752,41.901081]],[[12.502781,41.901109],[12.506555,41.898875],[12.510295,41.895941],[12.515042,41.893085],[12.516978,41.89247],[12.519488,41.892513],[12.524556,41.893514],[12.525838,41.894037],[12.526943,41.894804],[12.528113,41.896102],[12.530374,41.899585],[12.532762,41.903502],[12.533276,41.904844],[12.53329,41.906756],[12.532477,41.909292],[12.528398,41.916261],[12.527628,41.918239],[12.527009,41.920865],[12.526967,41.922631],[12.528315,41.927089],[12.528235,41.928099],[12.527743,41.929288],[12.526555,41.930618],[12.521914,41.933895],[12.521232,41.934776],[12.520045,41.937138],[12.519145,41.93814],[12.509959,41.943329],[12.508428,41.944692],[12.507307,41.946507],[12.506065,41.953552],[12.506637,41.966936],[12.505172,41.972507],[12.505131,41.973757],[12.508145,41.980435],[12.508507,41.983083],[12.509016,41.984411],[12.509858,41.985429],[12.5154,41.990641],[12.518065,41.994496],[12.518923,41.996187],[12.519382,41.998875],[12.520473,42.013721],[12.521395,42.017845],[12.523154,42.021856],[12.527361,42.02878],[12.528561,42.03152],[12.529228,42.033851],[12.530359,42.040972],[12.530665,42.062328],[12.530751,42.06343],[12.531518,42.066223],[12.541251,42.089771],[12.547951,42.100615],[12.551568,42.108609],[12.552681,42.112408],[12.55305,42.114856],[12.552985,42.118664],[12.5515,42.127857],[12.551498,42.131691],[12.551827,42.136055],[12.551111,42.139548],[12.549005,42.146604],[12.548061,42.149022],[12.545147,42.154656],[12.537193,42.167275],[12.53389,42.175586],[12.529155,42.190167],[12.5235,42.209869],[12.52204,42.219219],[12.522204,42.222841],[12.524359,42.234036],[12.526882,42.243758],[12.527966,42.248967],[12.528647,42.257072],[12.528664,42.258871],[12.528216,42.262432],[12.526189,42.26873],[12.52301,42.273796],[12.521171,42.275486],[12.518713,42.277178],[12.515412,42.278973],[12.506686,42.283314],[12.503587,42.285284],[12.501783,42.286712],[12.487844,42.300549],[12.483816,42.304981],[12.481766,42.308047],[12.478031,42.315201],[12.476491,42.317645],[12.474514,42.320054],[12.464308,42.330466],[12.462627,42.332733],[12.459119,42.338518],[12.457872,42.341171],[12.455407,42.349012],[12.452147,42.355845],[12.45117,42.359589],[12.450518,42.365218],[12.449846,42.368178],[12.448736,42.37111],[12.446731,42.374575],[12.443705,42.378211],[12.43326,42.388082],[12.425015,42.398818],[12.420409,42.404091],[12.384042,42.440304],[12.355628,42.464965],[12.346007,42.471648],[12.336791,42.480001],[12.334195,42.481952],[12.315032,42.493093],[12.311162,42.49585],[12.306135,42.499996],[12.30138,42.50314],[12.293917,42.507067],[12.28585,42.512128],[12.266765,42.522354],[12.263517,42.524613],[12.262025,42.525916],[12.258956,42.529214],[12.256804,42.532318],[12.25484,42.536943],[12.253335,42.544123],[12.252467,42.547059],[12.226785,42.619696],[12.22476,42.625081],[12.223906,42.626694],[12.221342,42.630367],[12.158868,42.70455],[12.155933,42.70721],[12.150462,42.711614],[12.14488,42.716965],[12.141487,42.719452],[12.138071,42.7214],[12.088758,42.74122],[12.08585,42.742773],[12.073662,42.750188],[12.06498,42.755754],[12.056165,42.760162],[12.051729,42.762969],[12.042453,42.769663],[12.03934,42.772221],[12.037808,42.773791],[12.035972,42.776058],[12.034265,42.778747],[12.029292,42.789093],[12.027458,42.791964],[12.025409,42.794394],[12.019747,42.799863],[12.011112,42.810945],[12.00861,42.816452],[12.007931,42.819305],[12.007674,42.822306],[12.007856,42.82521],[12.008463,42.827855],[12.01006,42.832099],[12.012012,42.838947],[12.012133,42.841124],[12.011827,42.843425],[12.011162,42.845661],[11.99974,42.871657],[11.99887,42.875017],[11.995463,42.892375],[11.994272,42.896057],[11.990945,42.901761],[11.976059,42.925362],[11.973546,42.929974],[11.962585,42.956702],[11.962062,42.958501],[11.958843,42.974785],[11.957776,42.978861],[11.953015,42.990119],[11.948685,42.999652],[11.94611,43.003423],[11.944159,43.005488],[11.934184,43.013799],[11.931733,43.016554],[11.930089,43.019627],[11.92863,43.024229],[11.921716,43.050304],[11.920215,43.054175],[11.917492,43.058864],[11.914765,43.062394],[11.911771,43.065462],[11.904926,43.071725],[11.901926,43.075426],[11.898992,43.080578],[11.896483,43.086342],[11.895744,43.088541],[11.891696,43.103401],[11.890807,43.107905],[11.889717,43.134127],[11.889775,43.136251],[11.890582,43.14325],[11.894087,43.171779],[11.894311,43.17402],[11.894267,43.17768],[11.893121,43.183582],[11.891837,43.186828],[11.888998,43.192191],[11.887048,43.19641],[11.885704,43.20067],[11.885478,43.202549],[11.885412,43.206511],[11.885728,43.209794],[11.886084,43.211589],[11.888202,43.218574],[11.888761,43.2213],[11.88902,43.224273],[11.888969,43.227416],[11.888439,43.230941],[11.88677,43.235905],[11.884822,43.239647],[11.879307,43.247809],[11.877729,43.251378],[11.876746,43.254528],[11.872291,43.274309],[11.871276,43.279626],[11.870256,43.299473],[11.870522,43.302505],[11.873234,43.318911],[11.873354,43.322759],[11.872446,43.32826],[11.870294,43.333779],[11.855841,43.35727],[11.853394,43.363215],[11.846905,43.382078],[11.825839,43.423495],[11.81513,43.447147],[11.808546,43.458857],[11.803641,43.465134],[11.782093,43.490287],[11.778625,43.493972],[11.776281,43.496037],[11.772569,43.49878],[11.768078,43.501359],[11.748212,43.511057],[11.741971,43.51349],[11.735366,43.515237],[11.730206,43.516079],[11.708453,43.51753],[11.665893,43.522326],[11.658136,43.524042],[11.626403,43.531933],[11.622289,43.532688],[11.601357,43.534585],[11.593239,43.53587],[11.588101,43.537271],[11.584754,43.53846],[11.581936,43.539493],[11.578312,43.541192],[11.571942,43.545609],[11.565004,43.551581],[11.554641,43.558959],[11.54557,43.566989],[11.539573,43.573111],[11.535725,43.576171],[11.530276,43.579564],[11.521128,43.584639],[11.516757,43.587863],[11.501243,43.602052],[11.483737,43.621736],[11.470518,43.634052],[11.467759,43.637449],[11.466327,43.639853],[11.465327,43.642055],[11.459534,43.658844],[11.458122,43.661365],[11.454206,43.666914],[11.452353,43.670335],[11.450659,43.673573],[11.447235,43.681972],[11.446354,43.683628],[11.444197,43.687098],[11.443039,43.688489],[11.438203,43.692478],[11.428806,43.698277],[11.391338,43.713631],[11.387282,43.715566],[11.377683,43.721263],[11.375221,43.72307],[11.339798,43.752182],[11.337881,43.75439],[11.332831,43.762493],[11.331291,43.764552],[11.329441,43.766114],[11.325278,43.768685],[11.322815,43.769564],[11.319667,43.769858],[11.310456,43.76912],[11.304752,43.768308],[11.301928,43.768351],[11.285773,43.769959],[11.283643,43.770609],[11.282022,43.771771]]]}},{"type":"Feature","properties":{"id":1848235,"nome":"Ferrovia delle Centovalli","uso":"","operatore":"","dal":"","wikipedia":"it:Ferrovia Domodossola-Locarno"},"geometry":{"type":"MultiLineString","coordinates":[[[8.639261,46.163213],[8.63763,46.162427],[8.63586,46.1623],[8.633695,46.162558],[8.631827,46.161389],[8.630055,46.160966],[8.629507,46.161026],[8.628343,46.161674],[8.627351,46.161605],[8.625671,46.161008],[8.622803,46.159131],[8.622279,46.158153],[8.620948,46.157466],[8.618588,46.157793],[8.616624,46.157766],[8.615765,46.157281],[8.613504,46.156556],[8.612027,46.155114],[8.610068,46.15437],[8.606396,46.154366],[8.604636,46.154019],[8.602344,46.154309],[8.600001,46.154023],[8.599606,46.153742],[8.598763,46.152232],[8.59925,46.150538],[8.59876,46.14979],[8.596168,46.149009],[8.595359,46.148235],[8.594046,46.147629],[8.592525,46.146527],[8.592691,46.143411],[8.592303,46.14284],[8.588851,46.141882],[8.585335,46.141667],[8.583745,46.140761],[8.581743,46.140405],[8.58066,46.139829],[8.576274,46.139164],[8.573933,46.138257],[8.568611,46.137688],[8.567037,46.136766],[8.563638,46.135616],[8.558333,46.134415],[8.556986,46.133688],[8.555316,46.133394],[8.547894,46.130169],[8.545841,46.129668],[8.543335,46.127895],[8.541256,46.127253],[8.537558,46.12733],[8.531767,46.12705],[8.522969,46.128476],[8.514089,46.129111],[8.513495,46.128971],[8.51176,46.127795],[8.508834,46.126659],[8.507575,46.126433],[8.505845,46.126539],[8.50496,46.126848],[8.503521,46.128484],[8.502185,46.129117],[8.500805,46.129244],[8.497808,46.129149],[8.495135,46.128783],[8.493826,46.12886],[8.480951,46.132501],[8.472845,46.135661],[8.465394,46.137239],[8.457241,46.135973],[8.454445,46.136738],[8.450278,46.135708],[8.447287,46.136162],[8.44501,46.135863],[8.4441,46.13541],[8.442924,46.133461],[8.442134,46.132936],[8.438907,46.132756],[8.432576,46.133105],[8.431242,46.13294],[8.429983,46.132389],[8.426167,46.12967],[8.422481,46.128142],[8.421321,46.128144],[8.418133,46.128962],[8.416042,46.128976],[8.414725,46.129344],[8.41129,46.12859],[8.409042,46.128719],[8.407945,46.128472],[8.406937,46.127393],[8.406433,46.127336],[8.405423,46.127649],[8.403348,46.127156],[8.402408,46.12646],[8.401532,46.126386],[8.400837,46.126796],[8.400151,46.126804],[8.398051,46.126381],[8.396813,46.125774],[8.395167,46.125781],[8.393888,46.12548],[8.393247,46.125002],[8.390944,46.124635],[8.390116,46.124698],[8.389077,46.125156],[8.387626,46.1251],[8.384431,46.124368],[8.383275,46.124386],[8.378922,46.123086],[8.377863,46.123164],[8.375427,46.122684],[8.37418,46.122721],[8.372212,46.122104],[8.370294,46.122209],[8.369081,46.121431],[8.367376,46.121862],[8.361741,46.120782],[8.360692,46.12091],[8.359962,46.121525],[8.359342,46.121608],[8.358796,46.121253],[8.35897,46.120355],[8.35782,46.119432],[8.355695,46.119347],[8.355078,46.11953],[8.354639,46.121127],[8.353024,46.122129],[8.351873,46.121915],[8.350055,46.120902],[8.346037,46.121419],[8.345632,46.121186],[8.345265,46.120525],[8.344654,46.120352],[8.34411,46.120535],[8.343682,46.121061],[8.342779,46.121399],[8.341857,46.122195],[8.336956,46.122994],[8.332188,46.122488],[8.331527,46.122836],[8.330909,46.123904],[8.329339,46.124168],[8.327465,46.123321],[8.327361,46.122687],[8.326651,46.122121],[8.32613,46.120662],[8.326432,46.119749],[8.32576,46.119433],[8.325181,46.11985],[8.325455,46.12046],[8.325848,46.123104],[8.32553,46.124295],[8.325843,46.124593],[8.326867,46.124843],[8.32691,46.125242],[8.325884,46.125511],[8.325074,46.125284],[8.324507,46.124648],[8.324457,46.123966],[8.323759,46.122715],[8.323624,46.122046],[8.322853,46.121857],[8.322381,46.12231],[8.323269,46.123134],[8.323525,46.124868],[8.324026,46.126361],[8.325104,46.126861],[8.325436,46.127301],[8.325271,46.128096],[8.325581,46.129061],[8.32554,46.129874],[8.326311,46.131832],[8.326056,46.132197],[8.325646,46.132312],[8.322577,46.131539],[8.313551,46.124571],[8.309592,46.115701],[8.309449,46.115182],[8.309739,46.113994],[8.309079,46.113134],[8.308156,46.112828],[8.304458,46.112641],[8.300414,46.11277],[8.299295,46.113147],[8.297328,46.114485]],[[8.586152,46.141764],[8.587613,46.141845]],[[8.557673,46.13412],[8.559194,46.134568]],[[8.609441,46.15433],[8.611783,46.154998]],[[8.333262,46.122549],[8.33474,46.122735]]]}},{"type":"Feature","properties":{"id":1870914,"nome":"Salzburg – Kufstein – Brenner","uso":"","operatore":"","dal":"","wikipedia":""},"geometry":{"type":"MultiLineString","coordinates":[[[11.488401,47.060011],[11.487941,47.058685],[11.488226,47.05618],[11.487762,47.053765],[11.487661,47.051735],[11.487891,47.049762],[11.487492,47.048893],[11.486201,47.047571],[11.485783,47.04685],[11.485703,47.046249],[11.486284,47.044472],[11.486277,47.043637],[11.485164,47.041115],[11.483607,47.038444],[11.483532,47.03721],[11.484467,47.035895],[11.48742,47.0335],[11.489252,47.032388],[11.491167,47.030705],[11.492945,47.029522],[11.495858,47.028241],[11.500687,47.027623],[11.502346,47.026853],[11.502933,47.026225],[11.503235,47.025428],[11.503159,47.024638],[11.502443,47.022872],[11.502875,47.021512],[11.505317,47.019477],[11.508453,47.018024],[11.509433,47.017144],[11.509718,47.016348],[11.509571,47.015478],[11.507609,47.013457],[11.507083,47.012414],[11.507798,47.008384],[11.507672,47.005867],[11.50543,47.002442]]]}},{"type":"Feature","properties":{"id":1901567,"nome":"Ferrovia della Valle Caudina","uso":"","operatore":"Ente Autonomo Volturno","dal":"","wikipedia":"it:Ferrovia Benevento-Cancello"},"geometry":{"type":"MultiLineString","coordinates":[[[14.420706,40.998486],[14.421555,40.999785],[14.423053,41.000516],[14.424525,41.000625],[14.428444,41.000131],[14.43019,41.000311],[14.473704,41.011742],[14.479326,41.014485],[14.480273,41.015163],[14.480726,41.015807],[14.480906,41.017218],[14.480178,41.018519],[14.467079,41.027741],[14.450586,41.030774],[14.445939,41.030132],[14.443954,41.030643],[14.443077,41.031336],[14.44264,41.03199],[14.442523,41.033338],[14.443425,41.034688],[14.445337,41.035487],[14.446735,41.035482],[14.448221,41.035139],[14.455146,41.032952],[14.458867,41.033577],[14.46105,41.033428],[14.464205,41.033629],[14.470101,41.032878],[14.474795,41.032923],[14.479135,41.032104],[14.480461,41.032334],[14.481556,41.032919],[14.482065,41.033428],[14.483486,41.035851],[14.484683,41.037011],[14.486071,41.037644],[14.487585,41.037747],[14.488921,41.037516],[14.492009,41.036148],[14.493714,41.03599],[14.494941,41.036285],[14.497164,41.03729],[14.498438,41.037432],[14.500675,41.037295],[14.505412,41.038295],[14.506476,41.038761],[14.508287,41.040174],[14.509929,41.04063],[14.51495,41.040717],[14.519203,41.04003],[14.524354,41.040387],[14.527005,41.039504],[14.528643,41.039197],[14.533285,41.038961],[14.537736,41.037037],[14.544068,41.036099],[14.545272,41.036215],[14.546707,41.036692],[14.551865,41.039108],[14.556927,41.040513],[14.558463,41.040611],[14.562264,41.039472],[14.565414,41.039579],[14.579289,41.038695],[14.585411,41.037852],[14.592614,41.03588],[14.603725,41.030603],[14.607159,41.029619],[14.629897,41.028069],[14.631561,41.028314],[14.634,41.029055],[14.640732,41.031773],[14.644811,41.0329],[14.649465,41.035286],[14.65899,41.03868],[14.664787,41.039888],[14.667274,41.04179],[14.669615,41.04318],[14.670823,41.045546],[14.671521,41.046213],[14.672496,41.046709],[14.675796,41.047583],[14.678496,41.049793],[14.67989,41.051189],[14.680781,41.053948],[14.681557,41.054779],[14.682292,41.055204],[14.684407,41.05552],[14.68829,41.054853],[14.695371,41.056148],[14.69869,41.055995],[14.700625,41.056736],[14.70693,41.062413],[14.707808,41.063477],[14.709304,41.066352],[14.708914,41.069725],[14.709033,41.070531],[14.711667,41.075621],[14.713254,41.077386],[14.714616,41.079686],[14.715594,41.080485],[14.717972,41.081491],[14.720805,41.081942],[14.727861,41.082438],[14.731859,41.083643],[14.734439,41.083837],[14.738468,41.085298],[14.739357,41.085984],[14.739912,41.086801],[14.74044,41.088272],[14.740065,41.090762],[14.74081,41.093171],[14.740467,41.094231],[14.738919,41.096298],[14.738725,41.097299],[14.740844,41.101821],[14.744261,41.104492],[14.745387,41.106832],[14.748311,41.111081],[14.752525,41.1159],[14.753526,41.116574],[14.758728,41.118393],[14.760424,41.119778],[14.766037,41.125563],[14.767477,41.127766],[14.767711,41.129048],[14.767501,41.130708],[14.765861,41.133412],[14.76435,41.134824],[14.762709,41.135886],[14.757846,41.13778],[14.756817,41.138417],[14.756046,41.139741],[14.756215,41.141008],[14.758174,41.143705],[14.758991,41.144204],[14.760045,41.144424],[14.761314,41.144282],[14.770122,41.141756]]]}},{"type":"Feature","properties":{"id":1902999,"nome":"Ferrovia Sassari-Tempio-Palau","uso":"","operatore":"","dal":"","wikipedia":"it:Ferrovia Sassari-Tempio-Palau"},"geometry":{"type":"MultiLineString","coordinates":[[[8.55474,40.730011],[8.555332,40.730893],[8.555825,40.732497],[8.555893,40.733617],[8.555629,40.734849],[8.555887,40.735729],[8.556776,40.736532],[8.558979,40.737114],[8.559564,40.737686],[8.55959,40.738273],[8.55881,40.739908],[8.559078,40.740836],[8.560239,40.741361],[8.562668,40.740789],[8.563808,40.741075],[8.566389,40.744988],[8.567954,40.746469],[8.568715,40.748323],[8.569939,40.749007],[8.571807,40.749087],[8.57467,40.747712],[8.57526,40.747701],[8.575954,40.748041],[8.576164,40.7485],[8.575952,40.749123],[8.574176,40.750036],[8.57384,40.750689],[8.574866,40.752844],[8.575592,40.753211],[8.578048,40.753454],[8.580114,40.752527],[8.580861,40.752478],[8.581485,40.752775],[8.582227,40.75375],[8.583007,40.75403],[8.583943,40.753773],[8.584865,40.753037],[8.586304,40.752484],[8.588199,40.75298],[8.590935,40.752656],[8.591392,40.752296],[8.59178,40.751288],[8.592291,40.750667],[8.592491,40.74976],[8.593052,40.749319],[8.593726,40.74917],[8.595365,40.749584],[8.596253,40.750104],[8.597975,40.75254],[8.598435,40.754175],[8.601346,40.755665],[8.604038,40.755701],[8.606118,40.755268],[8.609028,40.752887],[8.610176,40.751186],[8.610882,40.750881],[8.611688,40.751001],[8.612184,40.751309],[8.612329,40.751721],[8.610606,40.754205],[8.610628,40.754804],[8.610962,40.755187],[8.612267,40.755436],[8.615439,40.754809],[8.616321,40.755003],[8.617811,40.755911],[8.619277,40.758064],[8.61976,40.759195],[8.621295,40.760204],[8.623393,40.760769],[8.626469,40.760367],[8.628987,40.75903],[8.629632,40.758903],[8.631811,40.75949],[8.635894,40.759332],[8.638901,40.758852],[8.640928,40.759526],[8.642246,40.758816],[8.644124,40.756193],[8.644376,40.755297],[8.644144,40.754596],[8.643206,40.753555],[8.641383,40.75325],[8.640789,40.752926],[8.639865,40.750496],[8.639871,40.749955],[8.643364,40.74706],[8.646637,40.74637],[8.647702,40.746827],[8.648644,40.748626],[8.649239,40.749133],[8.650137,40.749397],[8.652224,40.749342],[8.652868,40.74959],[8.653775,40.751009],[8.655951,40.751628],[8.657944,40.75375],[8.662755,40.755992],[8.663479,40.756187],[8.665005,40.756053],[8.670582,40.756264],[8.671787,40.755927],[8.672806,40.755246],[8.674907,40.751649],[8.680418,40.750217],[8.683176,40.748475],[8.68401,40.747301],[8.686986,40.746321],[8.687801,40.745855],[8.691018,40.739952],[8.697418,40.738501],[8.700096,40.737145],[8.700561,40.736316],[8.700335,40.735048],[8.700465,40.734611],[8.704803,40.731693],[8.704951,40.731106],[8.704508,40.729942],[8.706154,40.727974],[8.706386,40.726205],[8.705885,40.72479],[8.706413,40.723409],[8.705988,40.718936],[8.706106,40.718443],[8.711521,40.714757],[8.714085,40.712084],[8.71424,40.711481],[8.713786,40.709654],[8.71414,40.708894],[8.718667,40.707521],[8.721055,40.707364],[8.721979,40.707779],[8.722585,40.708689],[8.722505,40.709397],[8.721123,40.711445],[8.721846,40.712816],[8.721817,40.714713],[8.724088,40.716454],[8.724593,40.717859],[8.725941,40.719872],[8.726908,40.720446],[8.729223,40.720982],[8.732458,40.723289],[8.733749,40.723867],[8.735693,40.724185],[8.738025,40.723884],[8.740557,40.724709],[8.740859,40.725064],[8.741196,40.726642],[8.742369,40.727739],[8.743772,40.728641],[8.744479,40.729729],[8.746455,40.730345],[8.74946,40.732113],[8.749508,40.732878],[8.747893,40.734773],[8.748045,40.735554],[8.749026,40.736663],[8.748882,40.738128],[8.749694,40.739038],[8.753432,40.740869],[8.754285,40.7417],[8.754348,40.742329],[8.753923,40.743716],[8.752733,40.746684],[8.753705,40.748256],[8.75388,40.75009],[8.755214,40.751782],[8.754974,40.753571],[8.754343,40.755163],[8.754431,40.757906],[8.755197,40.758887],[8.755228,40.75956],[8.754304,40.761018],[8.752289,40.761947],[8.750891,40.764265],[8.749246,40.765234],[8.747982,40.766647],[8.746151,40.767288],[8.745772,40.76764],[8.745631,40.768192],[8.745973,40.769214],[8.745877,40.769745],[8.744824,40.771377],[8.743337,40.772363],[8.743177,40.772957],[8.743482,40.77425],[8.742366,40.775337],[8.742158,40.775803],[8.742571,40.776502],[8.744184,40.777281],[8.746145,40.780479],[8.746776,40.784395],[8.746254,40.789006],[8.747028,40.79125],[8.747559,40.791794],[8.749305,40.792644],[8.750187,40.79356],[8.751057,40.793726],[8.751748,40.793457],[8.753968,40.789566],[8.75498,40.789082],[8.758455,40.788301],[8.759702,40.787624],[8.760205,40.786968],[8.760556,40.785391],[8.76036,40.782585],[8.761292,40.780891],[8.760932,40.780222],[8.758237,40.777864],[8.758272,40.777175],[8.759082,40.776316],[8.759222,40.775872],[8.758541,40.773618],[8.757191,40.772432],[8.757092,40.771988],[8.757344,40.77155],[8.763292,40.768923],[8.769193,40.763098],[8.769898,40.761721],[8.770308,40.761447],[8.772342,40.761426],[8.773745,40.760177],[8.774922,40.759903],[8.77728,40.761085],[8.779771,40.76092],[8.781759,40.761448],[8.783784,40.761431],[8.789417,40.763537],[8.792908,40.763755],[8.793857,40.764421],[8.79401,40.765107],[8.793419,40.766344],[8.791457,40.76808],[8.791249,40.768857],[8.792968,40.772823],[8.794105,40.774529],[8.794095,40.775075],[8.793676,40.775879],[8.793768,40.77638],[8.796681,40.77859],[8.797036,40.779097],[8.797049,40.779751],[8.7958,40.78238],[8.795834,40.782909],[8.796732,40.783497],[8.79866,40.783147],[8.799616,40.78344],[8.801797,40.78538],[8.803246,40.788356],[8.803849,40.788815],[8.80646,40.78915],[8.808508,40.787732],[8.809429,40.787574],[8.810506,40.788233],[8.811249,40.789558],[8.812222,40.790182],[8.814593,40.790277],[8.816319,40.790711],[8.817121,40.790621],[8.819872,40.789324],[8.82214,40.784863],[8.825246,40.782807],[8.825918,40.780455],[8.826946,40.780047],[8.828114,40.780361],[8.828458,40.780803],[8.828437,40.781451],[8.826703,40.783925],[8.826703,40.784724],[8.828201,40.786553],[8.828707,40.788761],[8.829274,40.789315],[8.830583,40.789965],[8.831378,40.791777],[8.833448,40.793213],[8.836804,40.794382],[8.837691,40.795301],[8.838549,40.797689],[8.838507,40.798245],[8.838251,40.798709],[8.836072,40.800516],[8.835839,40.801694],[8.840659,40.807515],[8.840918,40.808625],[8.840596,40.812221],[8.843333,40.81454],[8.84463,40.81483],[8.84758,40.814397],[8.851149,40.815303],[8.855557,40.814088],[8.85631,40.814066],[8.862784,40.815612],[8.865108,40.815709],[8.872772,40.816991],[8.877918,40.818324],[8.884369,40.819326],[8.885925,40.820694],[8.886279,40.821277],[8.885565,40.824343],[8.885999,40.825217],[8.88708,40.825611],[8.890872,40.824714],[8.892186,40.825053],[8.895291,40.827564],[8.898619,40.831937],[8.900986,40.837391],[8.902629,40.838212],[8.907663,40.839455],[8.908603,40.839918],[8.912444,40.842652],[8.914289,40.845973],[8.91526,40.846344],[8.91739,40.846153],[8.920764,40.844333],[8.921738,40.844124],[8.923344,40.844228],[8.92803,40.846741],[8.938978,40.853388],[8.939845,40.854218],[8.942595,40.859257],[8.945745,40.860767],[8.946261,40.861294],[8.946325,40.861927],[8.945789,40.864329],[8.946132,40.865205],[8.946847,40.865607],[8.949832,40.866478],[8.950211,40.866952],[8.950517,40.868064],[8.951224,40.868591],[8.95331,40.86878],[8.954907,40.869191],[8.958484,40.869253],[8.959399,40.868953],[8.960691,40.868066],[8.962024,40.86785],[8.963072,40.867282],[8.965207,40.866598],[8.967183,40.86634],[8.968598,40.866438],[8.972992,40.865276],[8.975994,40.866075],[8.977289,40.866982],[8.978113,40.867001],[8.978748,40.866653],[8.978934,40.866175],[8.978383,40.864978],[8.978476,40.864278],[8.978965,40.863908],[8.980895,40.863529],[8.981779,40.863688],[8.983094,40.864691],[8.984763,40.865133],[8.985604,40.865005],[8.987276,40.864263],[8.989582,40.864477],[8.99081,40.863586],[8.991492,40.86339],[8.995086,40.863953],[8.996992,40.863261],[8.998746,40.863241],[9.000367,40.86287],[9.004883,40.863663],[9.006378,40.864866],[9.008531,40.865448],[9.009713,40.866644],[9.012203,40.866504],[9.014842,40.868218],[9.016734,40.86909],[9.01771,40.870275],[9.019148,40.870763],[9.020175,40.87169],[9.021823,40.872563],[9.022232,40.873528],[9.022267,40.874656],[9.022822,40.875314],[9.023964,40.875494],[9.025332,40.874982],[9.026127,40.875013],[9.02776,40.875965],[9.028359,40.877125],[9.028791,40.877523],[9.030573,40.878502],[9.031238,40.878653],[9.032404,40.87842],[9.032991,40.877793],[9.032955,40.877096],[9.032205,40.876029],[9.032314,40.875548],[9.033096,40.875071],[9.03383,40.875103],[9.035021,40.875924],[9.03688,40.876591],[9.037043,40.877087],[9.036869,40.878403],[9.039237,40.880668],[9.041597,40.880911],[9.043152,40.881398],[9.045418,40.881138],[9.046481,40.881495],[9.046696,40.88187],[9.046698,40.883002],[9.047539,40.884078],[9.047504,40.884531],[9.046927,40.885511],[9.047304,40.886274],[9.048559,40.886427],[9.049735,40.885399],[9.050577,40.885202],[9.051232,40.885413],[9.052482,40.886437],[9.05475,40.88674],[9.055134,40.887393],[9.054774,40.888794],[9.055004,40.89061],[9.055965,40.891058],[9.057707,40.890622],[9.058535,40.89077],[9.059019,40.891299],[9.059333,40.892759],[9.058961,40.893302],[9.057234,40.894586],[9.055753,40.894883],[9.054847,40.894478],[9.054312,40.893713],[9.054327,40.893025],[9.054933,40.892291],[9.057673,40.89159],[9.058624,40.891974],[9.058874,40.892613],[9.058559,40.893187],[9.056978,40.894229],[9.056789,40.895478],[9.056345,40.896198],[9.055615,40.896557],[9.054233,40.896809],[9.052286,40.896738],[9.051759,40.897155],[9.05167,40.897698],[9.052321,40.898359],[9.055138,40.899215],[9.057347,40.898756],[9.058189,40.898991],[9.058569,40.899607],[9.058404,40.901274],[9.058795,40.902378],[9.059265,40.902905],[9.061426,40.903191],[9.062533,40.904353],[9.0643,40.905382],[9.065179,40.905391],[9.06572,40.905134],[9.065974,40.904759],[9.066067,40.903866],[9.065467,40.902986],[9.065401,40.902485],[9.067145,40.899723],[9.066455,40.898173],[9.066487,40.89762],[9.067565,40.895866],[9.068626,40.895331],[9.069386,40.895305],[9.070042,40.895621],[9.071531,40.897181],[9.076045,40.898218],[9.078204,40.899955],[9.079213,40.902242],[9.079042,40.904213],[9.079199,40.904561],[9.08175,40.906749],[9.083113,40.907511],[9.084422,40.908183],[9.085398,40.908365],[9.089543,40.90822],[9.093584,40.907496],[9.094136,40.907748],[9.096697,40.910621],[9.098435,40.911268],[9.099662,40.911234],[9.101188,40.910722],[9.101579,40.910204],[9.101835,40.908633],[9.102552,40.908113],[9.106349,40.908668],[9.109204,40.909359],[9.110093,40.909099],[9.111383,40.907823],[9.111324,40.907277],[9.110594,40.90632],[9.107687,40.903426],[9.107506,40.90287],[9.107668,40.901074],[9.10443,40.896156],[9.103241,40.895571],[9.101012,40.895484],[9.100547,40.895226],[9.100283,40.894724],[9.100389,40.894279],[9.101196,40.893354],[9.100934,40.892366],[9.101078,40.891909],[9.102781,40.891087],[9.103687,40.889373],[9.105508,40.888578],[9.105871,40.887084],[9.106507,40.886609],[9.107666,40.886646],[9.108524,40.887309],[9.109996,40.887753],[9.111464,40.888747],[9.113319,40.888676],[9.114865,40.88955],[9.117646,40.889808],[9.119237,40.89119],[9.121411,40.891793],[9.121858,40.893193],[9.122708,40.893519],[9.12436,40.893029],[9.126238,40.893017],[9.127213,40.891731],[9.127944,40.891388],[9.128716,40.891504],[9.13011,40.8922],[9.131741,40.892137],[9.132235,40.891861],[9.133479,40.890482],[9.135432,40.889785],[9.138693,40.890823],[9.143759,40.893278],[9.14755,40.893167],[9.149226,40.89336],[9.155018,40.895185],[9.158825,40.898072],[9.158923,40.898694],[9.158198,40.900694],[9.158313,40.90206],[9.159399,40.904489],[9.160218,40.905521],[9.163842,40.908386],[9.16462,40.912776],[9.165069,40.913625],[9.16605,40.914183],[9.170104,40.915517],[9.173147,40.91804],[9.17435,40.918764],[9.177235,40.92165],[9.178603,40.922558],[9.180142,40.924908],[9.180954,40.92554],[9.181921,40.9258],[9.184698,40.925671],[9.187035,40.926894],[9.190718,40.926365],[9.191609,40.926692],[9.191852,40.927478],[9.190456,40.928586],[9.190255,40.92955],[9.191059,40.930436],[9.193171,40.931385],[9.193781,40.93269],[9.194314,40.933155],[9.195345,40.933194],[9.198794,40.932106],[9.200818,40.932755],[9.203519,40.93235],[9.204468,40.932642],[9.204779,40.933287],[9.204341,40.933988],[9.203187,40.934764],[9.201424,40.935298],[9.199839,40.937182],[9.199939,40.938439],[9.200884,40.939606],[9.201362,40.940966],[9.202324,40.941481],[9.203787,40.942705],[9.205274,40.943286],[9.206326,40.944384],[9.209364,40.945564],[9.210189,40.947447],[9.211809,40.948918],[9.214026,40.949385],[9.215612,40.951414],[9.21612,40.9527],[9.217052,40.953889],[9.218752,40.954682],[9.219927,40.955717],[9.221105,40.955809],[9.223114,40.955064],[9.224773,40.9541],[9.225491,40.954105],[9.226138,40.95439],[9.22656,40.95496],[9.226455,40.955609],[9.224119,40.957151],[9.223746,40.957729],[9.22454,40.95993],[9.225743,40.961403],[9.229119,40.963906],[9.232146,40.967161],[9.233958,40.968084],[9.235393,40.969547],[9.236754,40.969926],[9.239204,40.969493],[9.240303,40.968148],[9.240799,40.967841],[9.241491,40.96773],[9.242328,40.967968],[9.24281,40.968497],[9.243495,40.970122],[9.243811,40.971699],[9.244583,40.972187],[9.248962,40.973677],[9.249521,40.97435],[9.250615,40.976567],[9.252057,40.977453],[9.257965,40.979217],[9.260427,40.978688],[9.264862,40.978437],[9.265678,40.978694],[9.266032,40.979208],[9.266011,40.979578],[9.264926,40.980683],[9.264813,40.981161],[9.264969,40.981623],[9.266611,40.983509],[9.266246,40.986418],[9.266863,40.98686],[9.271623,40.987555],[9.272358,40.987941],[9.272809,40.988639],[9.272546,40.99007],[9.272774,40.991553],[9.271694,40.992622],[9.27093,40.994094],[9.269854,40.994995],[9.270016,40.996276],[9.269789,40.997434],[9.27016,40.998746],[9.271123,40.99926],[9.27273,40.999074],[9.275245,40.999252],[9.276693,41.00034],[9.277338,41.000538],[9.280927,41.000498],[9.284297,41.001082],[9.284841,41.001519],[9.285461,41.002787],[9.285563,41.004029],[9.285944,41.004493],[9.286627,41.00476],[9.288536,41.00463],[9.29121,41.003527],[9.292289,41.003704],[9.292862,41.004461],[9.292737,41.00544],[9.292132,41.005947],[9.288852,41.006962],[9.288596,41.007526],[9.288573,41.009495],[9.289077,41.010109],[9.291654,41.010849],[9.293005,41.01181],[9.294915,41.012027],[9.29689,41.012781],[9.297073,41.013421],[9.296672,41.01398],[9.295285,41.014675],[9.293936,41.01496],[9.293396,41.015358],[9.293382,41.016156],[9.294515,41.017834],[9.295279,41.018231],[9.297112,41.018026],[9.298649,41.018304],[9.3003,41.019467],[9.300694,41.020148],[9.300181,41.02167],[9.300234,41.022099],[9.300798,41.022584],[9.302544,41.023071],[9.303395,41.023598],[9.303625,41.024119],[9.303581,41.025541],[9.305267,41.027201],[9.30729,41.027279],[9.309071,41.028103],[9.311863,41.028012],[9.3134,41.028798],[9.31545,41.028734],[9.316578,41.029267],[9.316747,41.030041],[9.316233,41.030647],[9.315535,41.030907],[9.310964,41.031516],[9.309989,41.032168],[9.309624,41.033122],[9.309989,41.034078],[9.312706,41.036267],[9.313314,41.03754],[9.315502,41.04006],[9.318255,41.042284],[9.318366,41.042755],[9.318186,41.043271],[9.316838,41.044521],[9.316811,41.045011],[9.31728,41.04565],[9.319766,41.045931],[9.322415,41.046664],[9.325057,41.046466],[9.326496,41.045888],[9.327381,41.045802],[9.329493,41.04683],[9.331195,41.048424],[9.335691,41.049212],[9.341606,41.049477],[9.345609,41.050815],[9.350883,41.054272],[9.351223,41.055144],[9.350309,41.057091],[9.350297,41.057898],[9.350687,41.058564],[9.353537,41.061378],[9.354352,41.061695],[9.35783,41.061443],[9.360699,41.062728],[9.361085,41.063096],[9.361236,41.063565],[9.360974,41.064221],[9.359024,41.065091],[9.358285,41.06583],[9.357734,41.068172],[9.358028,41.068951],[9.359362,41.069369],[9.363029,41.068909],[9.364497,41.069138],[9.3651,41.069525],[9.365574,41.07021],[9.365832,41.072434],[9.366964,41.073001],[9.36771,41.072908],[9.369449,41.071813],[9.370188,41.071617],[9.373537,41.071659],[9.374477,41.072113],[9.375561,41.074891],[9.375191,41.07558],[9.373426,41.076284],[9.372868,41.076877],[9.372843,41.077402],[9.37388,41.079812],[9.373834,41.080377],[9.373429,41.080934],[9.37062,41.082933],[9.370515,41.083472],[9.37115,41.08486],[9.370963,41.086478],[9.370172,41.087418],[9.3699,41.08874],[9.368096,41.090277],[9.368208,41.090907],[9.369897,41.093327],[9.370032,41.095165],[9.367201,41.097617],[9.366586,41.099357],[9.36512,41.100577],[9.364928,41.101174],[9.365332,41.102777],[9.364049,41.104853],[9.365021,41.107579],[9.365156,41.109429],[9.364645,41.111127],[9.365005,41.11267],[9.364787,41.114329],[9.365384,41.116163],[9.365211,41.116826],[9.36446,41.117682],[9.364295,41.118219],[9.364503,41.118741],[9.365748,41.119968],[9.366026,41.120594],[9.365211,41.124034],[9.366412,41.125917],[9.365926,41.127369],[9.3665,41.128865],[9.365928,41.13018],[9.366343,41.132003],[9.36666,41.132528],[9.367636,41.13315],[9.36794,41.133799],[9.368005,41.135029],[9.367591,41.136882],[9.36932,41.138631],[9.369778,41.139364],[9.370493,41.141348],[9.369966,41.143364],[9.370812,41.144616],[9.370973,41.146353],[9.371439,41.147526],[9.372162,41.1482],[9.374277,41.149496],[9.374653,41.152275],[9.374964,41.152945],[9.377303,41.155619],[9.377303,41.156007],[9.37668,41.157219],[9.373419,41.160248],[9.373235,41.16065],[9.373471,41.161377],[9.375339,41.162735],[9.375735,41.163574],[9.375382,41.164367],[9.373662,41.165376],[9.373062,41.166151],[9.373088,41.167107],[9.374029,41.169034],[9.373782,41.170189],[9.373945,41.171122],[9.372328,41.173324],[9.372771,41.175265],[9.372259,41.176982],[9.372584,41.177897],[9.373094,41.178386],[9.377374,41.178742],[9.379881,41.181425],[9.382833,41.182317],[9.383178,41.182878],[9.383271,41.184982],[9.382817,41.185729]],[[9.383261,41.184581],[9.384813,41.181424],[9.385658,41.181052]]]}},{"type":"Feature","properties":{"id":1927630,"nome":"Ferrovia Pontassieve - Borgo San Lorenzo","uso":"","operatore":"Rete Ferroviaria Italiana","dal":"","wikipedia":""},"geometry":{"type":"MultiLineString","coordinates":[[[11.429347,43.774907],[11.432028,43.774619]],[[11.43334,43.774518],[11.443469,43.773639],[11.445531,43.773995],[11.446612,43.774673],[11.447305,43.775688],[11.447244,43.778203],[11.447612,43.779517],[11.450636,43.783172],[11.455054,43.785538],[11.456466,43.785943],[11.460879,43.786123],[11.461968,43.786493],[11.465194,43.788296],[11.465767,43.789039],[11.465991,43.790132],[11.465721,43.790998],[11.464118,43.793441],[11.46346,43.795252],[11.46335,43.796562],[11.464009,43.797829],[11.465523,43.799558],[11.470282,43.802739],[11.471364,43.805277],[11.474381,43.808492],[11.475536,43.810102],[11.476331,43.810719],[11.479686,43.812376],[11.481685,43.814319],[11.487184,43.827039],[11.488051,43.827695],[11.48966,43.828203],[11.492794,43.827981],[11.494643,43.828341],[11.496868,43.829801],[11.497704,43.830712],[11.49816,43.831947],[11.498298,43.834411],[11.497116,43.838752],[11.496948,43.843371],[11.497284,43.8448],[11.498313,43.846313],[11.504516,43.85037],[11.506435,43.851271],[11.508512,43.851609],[11.512257,43.850677],[11.514381,43.850914],[11.515659,43.851764],[11.516713,43.853624],[11.517845,43.854594],[11.524237,43.856953],[11.528287,43.858804],[11.529344,43.859615],[11.53128,43.861739],[11.53171,43.862421],[11.531849,43.863159],[11.53144,43.865983],[11.530931,43.867049],[11.529466,43.868859],[11.529177,43.869717],[11.528614,43.880981],[11.528126,43.882303],[11.526347,43.884815],[11.524998,43.888611],[11.52383,43.88982],[11.520998,43.891131],[11.519964,43.892003],[11.51783,43.896248],[11.516336,43.89819],[11.515007,43.899227],[11.510766,43.900929],[11.507477,43.902562],[11.506141,43.903606],[11.50559,43.904873],[11.505619,43.908049],[11.504718,43.911286],[11.504196,43.911974],[11.503178,43.912742],[11.501198,43.913531],[11.500532,43.914017],[11.499956,43.914701],[11.498066,43.918179],[11.497149,43.918936],[11.494871,43.920042],[11.494201,43.920686],[11.493465,43.922182],[11.493721,43.923989],[11.493525,43.92481],[11.492977,43.925592],[11.491964,43.926253],[11.49009,43.92666],[11.487088,43.926355],[11.484296,43.926877],[11.483142,43.927337],[11.478535,43.929972],[11.476669,43.930612],[11.474566,43.930662],[11.471241,43.929811],[11.466351,43.930435],[11.460095,43.932909],[11.44989,43.935225],[11.44152,43.938253],[11.440118,43.939022],[11.438968,43.940347],[11.437954,43.941145],[11.434145,43.942757],[11.418679,43.94447],[11.416774,43.94485],[11.415127,43.945547],[11.403968,43.951689],[11.395577,43.955104],[11.392595,43.957149],[11.390608,43.958201],[11.388109,43.959007],[11.384531,43.959618],[11.380276,43.959822]]]}},{"type":"Feature","properties":{"id":1930410,"nome":"Ferrovia Asciano-Monte Antico","uso":"","operatore":"Rete Ferroviaria Italiana","dal":"1865-1872","wikipedia":""},"geometry":{"type":"MultiLineString","coordinates":[[[11.578998,43.235052],[11.582943,43.237246],[11.588491,43.239341],[11.596108,43.240263],[11.59865,43.240082],[11.6008,43.238997],[11.605726,43.231745],[11.611075,43.226765],[11.612618,43.224958],[11.613832,43.219368],[11.613737,43.216859],[11.610274,43.206437],[11.609145,43.20118],[11.608603,43.200135],[11.607872,43.199405],[11.604891,43.197339],[11.603977,43.196357],[11.602445,43.191972],[11.602107,43.190278],[11.602364,43.188701],[11.602666,43.188158],[11.609839,43.178402],[11.611446,43.175258],[11.611477,43.173856],[11.610432,43.166542],[11.610253,43.165788],[11.609429,43.164449],[11.592116,43.152098],[11.587576,43.150158],[11.586382,43.149284],[11.585484,43.148221],[11.576042,43.131396],[11.575538,43.1301],[11.575309,43.128605],[11.575691,43.123596],[11.575448,43.122032],[11.565579,43.101241],[11.561702,43.095833],[11.555219,43.089833],[11.549969,43.083792],[11.547188,43.079251],[11.547139,43.07743],[11.551401,43.053279],[11.552374,43.05166],[11.557044,43.047296],[11.558364,43.044857],[11.558687,43.043436],[11.558538,43.042661],[11.557977,43.041692],[11.554164,43.037762],[11.553179,43.036331],[11.552672,43.034871],[11.55136,43.028393],[11.551268,43.027246],[11.551984,43.022782],[11.556008,43.011657],[11.55662,43.009327],[11.556622,43.008298],[11.556245,43.006731],[11.553637,43.001269],[11.550415,42.997105],[11.549615,42.995427],[11.5471,42.983578],[11.547125,42.982377],[11.547819,42.980681],[11.548016,42.979523],[11.5478,42.97845],[11.547097,42.97728],[11.543986,42.974895],[11.542167,42.974186],[11.540339,42.974028],[11.536578,42.974423],[11.533644,42.974009],[11.532256,42.974029],[11.530411,42.974547],[11.526432,42.976805],[11.525531,42.977562],[11.523674,42.979977],[11.521042,42.98155],[11.518156,42.982133],[11.509564,42.981479],[11.506532,42.981018],[11.505056,42.980472],[11.503923,42.979521],[11.502989,42.978003],[11.501508,42.976967],[11.499825,42.976557],[11.495953,42.976505],[11.494417,42.975946],[11.493494,42.975224],[11.490054,42.970543],[11.48932,42.969854],[11.484279,42.9662],[11.48196,42.965453],[11.461653,42.964608],[11.417737,42.964831],[11.388469,42.968164],[11.386065,42.96862],[11.384174,42.969365],[11.376832,42.973941],[11.375885,42.974909],[11.372925,42.980045],[11.372441,42.980623],[11.371259,42.981401],[11.370047,42.981821],[11.368407,42.981974],[11.359839,42.981064]]]}},{"type":"Feature","properties":{"id":1962856,"nome":"Ferrovia ad alta velocità Milano – Bologna","uso":"","operatore":"","dal":"","wikipedia":"it:Ferrovia Milano-Bologna (alta velocità)"},"geometry":{"type":"MultiLineString","coordinates":[[[9.204668,45.48616],[9.214521,45.49574],[9.216781,45.496852],[9.218969,45.497129],[9.224233,45.496718],[9.226018,45.496188],[9.227528,45.495396],[9.228738,45.494366],[9.236903,45.485239],[9.237904,45.483493],[9.2385,45.480226],[9.237457,45.454732],[9.236888,45.450331],[9.235201,45.447295],[9.234934,45.445598],[9.235198,45.444478],[9.241133,45.42923],[9.243397,45.425713],[9.244992,45.423895],[9.252285,45.419465],[9.275415,45.4004],[9.279517,45.396583],[9.281536,45.39423],[9.283608,45.391299],[9.297803,45.36688],[9.3008,45.363155],[9.304801,45.359369],[9.307728,45.357105],[9.310648,45.355216],[9.317141,45.351952],[9.322936,45.349818],[9.339247,45.345079],[9.353585,45.340188],[9.362663,45.336436],[9.37028,45.332271],[9.374968,45.329106],[9.378965,45.325911],[9.381781,45.323338],[9.388616,45.316009],[9.392902,45.312024],[9.397186,45.30866],[9.407567,45.301146],[9.411563,45.298363],[9.418504,45.294017],[9.443276,45.280131],[9.460196,45.268988],[9.529707,45.216232],[9.540498,45.207763],[9.556465,45.195839],[9.559737,45.193545],[9.594378,45.171331],[9.626228,45.149081],[9.645155,45.137222],[9.649463,45.134867],[9.654678,45.132439],[9.664019,45.129056],[9.682632,45.124236],[9.688251,45.122282],[9.692484,45.120502],[9.697349,45.118049],[9.701268,45.115774],[9.707239,45.112013],[9.715637,45.106169],[9.720714,45.102117],[9.726604,45.096829],[9.749574,45.073955],[9.754101,45.068886],[9.757621,45.063711],[9.759652,45.059963],[9.761346,45.055929],[9.765998,45.042987],[9.769367,45.034383],[9.772925,45.028245],[9.776853,45.023254],[9.781933,45.018379],[9.787081,45.01443],[9.795429,45.009054],[9.801923,45.00563],[9.806044,45.00385],[9.842884,44.989683],[9.867985,44.97919],[9.872945,44.977371],[9.8869,44.973036],[9.906208,44.965047],[9.91331,44.961725],[9.929972,44.952926],[9.961426,44.939252],[10.034679,44.903635],[10.042136,44.900223],[10.049074,44.897603],[10.057259,44.895162],[10.066543,44.893194],[10.07547,44.892009],[10.087962,44.891152],[10.094375,44.890377],[10.099485,44.88947],[10.111743,44.886564],[10.11693,44.885629],[10.148115,44.880801],[10.216514,44.869258],[10.229491,44.86778],[10.236343,44.866724],[10.245097,44.864664],[10.263433,44.858744],[10.274447,44.85589],[10.308772,44.84767],[10.315295,44.846478],[10.326973,44.844777],[10.335929,44.842695],[10.380246,44.828089],[10.386623,44.825592],[10.403915,44.818047],[10.453189,44.799582],[10.462204,44.795749],[10.479661,44.787633],[10.489844,44.783245],[10.503084,44.776484],[10.568113,44.745687],[10.573623,44.743448],[10.581655,44.740883],[10.61667,44.732401],[10.628272,44.730045],[10.640457,44.727273],[10.717152,44.711414],[10.722766,44.710088],[10.731532,44.707323],[10.817331,44.677475],[10.822399,44.67591],[10.828458,44.674701],[10.834509,44.674118],[10.839913,44.674137],[10.846272,44.67472],[10.85249,44.676073],[10.856813,44.677439],[10.86171,44.679514],[10.87354,44.68634],[10.883784,44.691076],[10.890368,44.693135],[10.904643,44.695959],[10.912549,44.696893],[10.917331,44.697018],[10.921326,44.696857],[10.929571,44.69579],[10.937065,44.693858],[10.941449,44.692263],[10.946414,44.689918],[10.976502,44.67379],[10.980318,44.671248],[10.982765,44.669333],[10.99614,44.657083],[10.999841,44.654379],[11.00312,44.652372],[11.009585,44.649166],[11.041194,44.636578],[11.047503,44.633352],[11.05258,44.630215],[11.058048,44.626102],[11.061587,44.622883],[11.064435,44.6199],[11.066654,44.617237],[11.077011,44.603377],[11.082611,44.597404],[11.086449,44.594076],[11.091121,44.590613],[11.09693,44.587015],[11.103499,44.58365],[11.115656,44.578393],[11.121253,44.576233],[11.15024,44.566243],[11.208436,44.547476],[11.244384,44.534618],[11.255951,44.530093],[11.279978,44.521494],[11.304842,44.514744],[11.322728,44.510167],[11.327764,44.509083],[11.346083,44.506645]],[[11.346073,44.506606],[11.327752,44.509045],[11.322714,44.510129],[11.302329,44.515281],[11.279466,44.521616],[11.256042,44.530006],[11.243772,44.534783],[11.208406,44.547435],[11.150225,44.566201],[11.121221,44.576195],[11.115628,44.578356],[11.103464,44.583616],[11.097871,44.586432],[11.092362,44.589728],[11.087552,44.593145],[11.083747,44.596294],[11.079839,44.600084],[11.076954,44.603362],[11.066601,44.617219],[11.063127,44.621245],[11.057997,44.626074],[11.052539,44.630178],[11.046532,44.63384],[11.041147,44.636539],[11.00955,44.64913],[11.003062,44.652319],[10.998229,44.655412],[10.995125,44.657801],[10.983409,44.668683],[10.978095,44.672717],[10.974223,44.675019],[10.946355,44.689853],[10.941389,44.69219],[10.937022,44.69379],[10.929528,44.695708],[10.921324,44.696775],[10.917332,44.696936],[10.912562,44.696811],[10.904678,44.69588],[10.891526,44.693328],[10.883833,44.691024],[10.873585,44.686298],[10.861772,44.679434],[10.856875,44.677363],[10.852574,44.676],[10.846286,44.67465],[10.839923,44.674058],[10.834492,44.674074],[10.828452,44.674653],[10.823733,44.675532],[10.819688,44.676626],[10.731498,44.707281],[10.722742,44.710043],[10.717133,44.711374],[10.640429,44.727232],[10.628258,44.729999],[10.616633,44.732356],[10.580959,44.741025],[10.574203,44.743187],[10.56808,44.745658],[10.503047,44.776444],[10.488576,44.783775],[10.479631,44.787587],[10.462167,44.795703],[10.453157,44.799546],[10.40388,44.818],[10.386595,44.825552],[10.380213,44.828049],[10.335908,44.84265],[10.326967,44.84473],[10.315288,44.846439],[10.308752,44.847628],[10.274432,44.855846],[10.265386,44.85811],[10.243456,44.865053],[10.236581,44.866632],[10.230851,44.867567],[10.216494,44.869215],[10.148102,44.880767],[10.116912,44.885585],[10.111717,44.886533],[10.099473,44.889415],[10.094361,44.890343],[10.087959,44.891116],[10.075462,44.891968],[10.066536,44.893154],[10.057246,44.895122],[10.049061,44.897557],[10.042096,44.900188],[10.034612,44.903596],[9.961386,44.939215],[9.933037,44.951421],[9.913275,44.961706],[9.906189,44.965011],[9.888917,44.972238],[9.869665,44.978488],[9.84286,44.989651],[9.806017,45.003808],[9.801888,45.00558],[9.795377,45.009023],[9.787038,45.0144],[9.781178,45.018955],[9.776823,45.023195],[9.772847,45.028216],[9.769326,45.034353],[9.765929,45.042975],[9.761234,45.055908],[9.759535,45.059932],[9.757541,45.063675],[9.754028,45.068883],[9.749522,45.073926],[9.726554,45.096795],[9.719305,45.103225],[9.712276,45.108494],[9.706625,45.112346],[9.699429,45.116814],[9.695114,45.119164],[9.690371,45.121371],[9.681161,45.124624],[9.6683,45.127813],[9.661964,45.129661],[9.657416,45.131279],[9.651418,45.13386],[9.645112,45.137197],[9.626175,45.14906],[9.594325,45.171305],[9.557785,45.194827],[9.540448,45.207746],[9.529647,45.216212],[9.460135,45.268963],[9.442564,45.280466],[9.418469,45.293985],[9.411516,45.298335],[9.407696,45.300989],[9.394063,45.310978],[9.38983,45.314736],[9.38173,45.323311],[9.378905,45.325897],[9.374903,45.329086],[9.370236,45.332244],[9.363764,45.335854],[9.354861,45.339663],[9.339216,45.345042],[9.32295,45.349777],[9.318449,45.351357],[9.315368,45.352686],[9.310625,45.355184],[9.307686,45.357077],[9.304758,45.359336],[9.300754,45.363127],[9.297766,45.36684],[9.283557,45.391283],[9.281486,45.394211],[9.27947,45.396561],[9.275366,45.400374],[9.252243,45.419439],[9.244957,45.423878],[9.243352,45.425695],[9.241086,45.429215],[9.235151,45.44447],[9.234884,45.445586],[9.23515,45.44729],[9.236841,45.450337],[9.237403,45.454564],[9.238452,45.480357],[9.237856,45.483503],[9.236867,45.485223],[9.228651,45.494402],[9.227487,45.495377],[9.226037,45.496143],[9.224232,45.496685],[9.219162,45.49709],[9.216796,45.496814],[9.214663,45.495792],[9.20473,45.48613]]]}},{"type":"Feature","properties":{"id":2075805,"nome":"Ferrovia Fano-Urbino","uso":"","operatore":"","dal":"","wikipedia":"it:Ferrovia Fano-Urbino"},"geometry":{"type":"MultiLineString","coordinates":[[[13.027191,43.841673],[13.032966,43.839068],[13.034185,43.838133],[13.034828,43.83714],[13.034996,43.83632],[13.034748,43.835017],[13.034192,43.834234],[13.032577,43.833093],[13.030489,43.832589],[13.015078,43.834025],[13.013044,43.833754],[13.010767,43.832712],[12.9782,43.801042],[12.976553,43.800193],[12.970463,43.797828],[12.962671,43.794072],[12.958769,43.79214],[12.956386,43.790446],[12.917675,43.749352],[12.916163,43.748457],[12.912112,43.746687],[12.906772,43.742703],[12.905036,43.741713],[12.899271,43.739495],[12.894805,43.737483],[12.893608,43.737262],[12.890284,43.737293],[12.888767,43.736868],[12.88763,43.735871],[12.886199,43.731429],[12.884774,43.730033],[12.871078,43.723141],[12.869135,43.72181],[12.866535,43.718973],[12.865413,43.71816],[12.860352,43.716426],[12.855519,43.713329],[12.850896,43.712167],[12.84922,43.711496],[12.847978,43.710619],[12.847436,43.709933],[12.846787,43.707655],[12.845526,43.70619],[12.833889,43.700939],[12.828162,43.696426],[12.815235,43.688901],[12.81289,43.685984],[12.808725,43.6841],[12.806875,43.683812],[12.796903,43.684715],[12.795164,43.6846],[12.792709,43.683979],[12.791173,43.683845],[12.789716,43.68404],[12.785447,43.685389],[12.7826,43.685509],[12.779984,43.684686],[12.777194,43.684344],[12.774588,43.68324],[12.769778,43.682499],[12.765849,43.680521],[12.761679,43.679597],[12.758342,43.67747],[12.757339,43.677221],[12.755999,43.67722],[12.7496,43.678276],[12.745494,43.67931],[12.741623,43.680587],[12.73818,43.682651],[12.737041,43.683063],[12.73166,43.683265],[12.729827,43.683652],[12.727151,43.684764],[12.723697,43.685776],[12.717524,43.689496],[12.716255,43.689688],[12.712788,43.689307],[12.711521,43.689373],[12.69926,43.692543],[12.697901,43.693267],[12.695905,43.695352],[12.693,43.697002],[12.691571,43.697557],[12.684435,43.698182],[12.682378,43.697977],[12.679873,43.697474],[12.672909,43.694589],[12.671386,43.694311],[12.669424,43.694587],[12.663199,43.697135],[12.66112,43.697335],[12.651492,43.695323],[12.649427,43.694656],[12.646979,43.693351],[12.642946,43.690359],[12.642303,43.689275],[12.642162,43.6883],[12.64367,43.676774],[12.641623,43.690745],[12.640896,43.691983],[12.64046,43.693959],[12.635616,43.703223],[12.634985,43.704608],[12.634933,43.705252],[12.635443,43.706679],[12.636804,43.707703],[12.638317,43.708071],[12.644349,43.708758],[12.645874,43.709389],[12.646776,43.710061],[12.647524,43.711143],[12.647807,43.711988],[12.647767,43.71283],[12.646806,43.714384],[12.645798,43.715039],[12.643209,43.715813],[12.638917,43.71634],[12.635971,43.717582]]]}},{"type":"Feature","properties":{"id":2172727,"nome":"Ferrovia Bologna-Firenze (alta velocità)","uso":"","operatore":"Rete Ferroviaria Italiana","dal":"","wikipedia":"it:Ferrovia Bologna-Firenze (alta velocità)"},"geometry":{"type":"MultiLineString","coordinates":[[[11.225926,43.814048],[11.217994,43.820081],[11.211557,43.823766],[11.210663,43.825026],[11.210457,43.82583],[11.210546,43.826947],[11.210985,43.827997],[11.212863,43.829699],[11.235997,43.846949],[11.241052,43.851551],[11.243379,43.854219],[11.24517,43.856834],[11.247704,43.861375],[11.255164,43.878799],[11.262936,43.898015],[11.264666,43.90148],[11.266759,43.904907],[11.271745,43.911343],[11.278985,43.919594],[11.286538,43.927582],[11.291345,43.932217],[11.293919,43.934302],[11.29966,43.938293],[11.308151,43.943138],[11.320062,43.949107],[11.327753,43.953439],[11.344364,43.964351],[11.349988,43.968659],[11.352476,43.970929],[11.357023,43.975811],[11.369644,43.990092],[11.378906,44.000966],[11.40536,44.030823],[11.40776,44.03389],[11.410441,44.038227],[11.413963,44.04589],[11.4279,44.090223],[11.429113,44.09498],[11.434104,44.119577],[11.435401,44.129164],[11.435529,44.133041],[11.435167,44.137529],[11.434291,44.141741],[11.432653,44.14637],[11.429796,44.151958],[11.42697,44.156605],[11.407625,44.182013],[11.405912,44.183958],[11.400154,44.189496],[11.371247,44.213409],[11.367268,44.217608],[11.364802,44.221099],[11.362132,44.226116],[11.359657,44.232526],[11.35161,44.266506],[11.350451,44.273206],[11.350122,44.278181],[11.350295,44.280755],[11.356087,44.3165],[11.356724,44.321164],[11.356811,44.324776],[11.356089,44.331771],[11.351623,44.355457],[11.349884,44.366976],[11.349412,44.372389],[11.349714,44.380748],[11.350898,44.387839],[11.3529,44.396224],[11.355471,44.403292],[11.358762,44.410443],[11.360302,44.415239],[11.36093,44.419616],[11.361017,44.427414],[11.361841,44.432024],[11.366062,44.441885],[11.367302,44.444018],[11.369442,44.446958],[11.371063,44.449875],[11.372927,44.455059],[11.373772,44.458583],[11.374146,44.465119],[11.375973,44.471874],[11.376331,44.474344],[11.375811,44.490935],[11.375241,44.492967],[11.373869,44.49486],[11.371897,44.496399],[11.369334,44.497587]],[[11.369747,44.497603],[11.37229,44.496358],[11.374281,44.494707],[11.375586,44.49271],[11.376046,44.490863],[11.376562,44.474872],[11.376247,44.472157],[11.374363,44.465105],[11.37406,44.45924],[11.372983,44.455036],[11.371136,44.449855],[11.369875,44.447507],[11.367371,44.443986],[11.366136,44.441871],[11.361917,44.432016],[11.361102,44.427409],[11.361002,44.419622],[11.360379,44.415233],[11.358838,44.410429],[11.355533,44.403272],[11.352964,44.396208],[11.350969,44.387832],[11.349786,44.380745],[11.349483,44.372385],[11.349951,44.366983],[11.351688,44.355468],[11.356158,44.331781],[11.356884,44.324776],[11.356795,44.321156],[11.35616,44.316494],[11.350364,44.280761],[11.350222,44.276803],[11.350527,44.273208],[11.351683,44.266516],[11.359729,44.232537],[11.36043,44.230321],[11.362199,44.226136],[11.364869,44.22112],[11.367335,44.217634],[11.371308,44.213441],[11.400209,44.189531],[11.405941,44.184027],[11.407682,44.182049],[11.42704,44.156625],[11.429873,44.151965],[11.432723,44.146382],[11.434363,44.141753],[11.435241,44.137537],[11.435598,44.133052],[11.435472,44.129168],[11.434314,44.120387],[11.429175,44.094967],[11.427964,44.090215],[11.414021,44.045873],[11.410497,44.038207],[11.407812,44.033855],[11.405416,44.030803],[11.37896,44.000943],[11.369692,43.990057],[11.357095,43.975775],[11.352552,43.970898],[11.350063,43.968628],[11.344425,43.964306],[11.327835,43.953417],[11.320101,43.949062],[11.308058,43.943028],[11.29971,43.938257],[11.293961,43.93426],[11.291397,43.932182],[11.286603,43.927556],[11.279054,43.919572],[11.271781,43.911289],[11.266823,43.90488],[11.264729,43.901461],[11.263003,43.897991],[11.255236,43.878783],[11.247772,43.861357],[11.24524,43.856806],[11.243443,43.854197],[11.24111,43.851528],[11.236051,43.846921],[11.212786,43.829575],[11.211054,43.827975],[11.210625,43.826921],[11.210539,43.825835],[11.211033,43.824498],[11.211643,43.823777],[11.218537,43.819757],[11.225959,43.814071]]]}},{"type":"Feature","properties":{"id":2178861,"nome":"Italia - Città del Vaticano","uso":"","operatore":"","dal":"1934-10-02","wikipedia":"it:Ferrovia Vaticana"},"geometry":{"type":"MultiLineString","coordinates":[[[12.45311,41.897396],[12.451698,41.89868],[12.451284,41.90032],[12.450822,41.901045],[12.448741,41.902197]],[[12.449549,41.90184],[12.45078,41.901278]],[[12.450437,41.90156],[12.44972,41.901784]],[[12.449709,41.901769],[12.450899,41.900894],[12.451379,41.899734]],[[12.451011,41.900815],[12.45061,41.901197]]]}},{"type":"Feature","properties":{"id":2250889,"nome":"Ferrovia Alessandria-Piacenza","uso":"","operatore":"Rete Ferroviaria Italiana","dal":"","wikipedia":"it:Ferrovia Alessandria-Piacenza"},"geometry":{"type":"MultiLineString","coordinates":[[[9.017079,44.999271],[9.01792,44.999366],[9.000606,44.996363],[8.993087,44.994132],[8.934921,44.966659],[8.932849,44.965004],[8.877193,44.910124],[8.872722,44.906552],[8.868645,44.903781],[8.857702,44.897711],[8.855813,44.89685],[8.853305,44.896191],[8.850818,44.895908],[8.802837,44.894868],[8.6824,44.882292],[8.689815,44.883074],[8.689136,44.882964]],[[8.689815,44.883074],[8.8025,44.894874],[8.835518,44.895751],[8.850853,44.895946],[8.853246,44.896217],[8.855681,44.896846],[8.857602,44.897701],[8.868765,44.903901],[8.873701,44.907335],[8.87722,44.910216],[8.932805,44.965027],[8.934911,44.966693],[8.993076,44.99417],[9.000014,44.996281],[9.0054,44.997387],[9.019112,44.999561]],[[8.683129,44.882333],[8.647956,44.878641],[8.644486,44.878768],[8.641168,44.879584],[8.639283,44.880496],[8.637888,44.881501],[8.625607,44.892091],[8.606973,44.908715]],[[8.989423,44.992514],[8.990113,44.992887]],[[9.002641,44.996823],[9.003482,44.996964]],[[9.015586,44.998991],[9.016437,44.999164]],[[9.707413,45.050582],[9.705527,45.053115],[9.703929,45.056265],[9.702549,45.057664],[9.700932,45.058483],[9.697585,45.059372],[9.694733,45.059761],[9.688607,45.059812],[9.639253,45.055578],[9.627368,45.055966],[9.617221,45.058178],[9.613035,45.058595],[9.542272,45.060702],[9.518616,45.059634],[9.51431,45.059685],[9.510644,45.060056],[9.480262,45.064591],[9.450145,45.066016],[9.447765,45.065982],[9.445923,45.065683],[9.438853,45.063421],[9.4353,45.063301],[9.433165,45.063677],[9.431093,45.064412],[9.394961,45.081548],[9.391827,45.082607],[9.388922,45.083088],[9.307753,45.079815],[9.294746,45.079095],[9.284313,45.078891],[9.279932,45.078161],[9.275687,45.076636],[9.27315,45.075172],[9.263704,45.068454],[9.260587,45.06686],[9.229562,45.056611],[9.175829,45.034254],[9.105137,45.010914],[9.101376,45.010042],[9.033924,44.999263],[9.030067,44.999109],[9.023034,44.999907],[9.01792,44.999366]],[[9.018549,44.999505],[9.022931,44.999944],[9.029975,44.999145],[9.034129,44.999323],[9.100997,45.010018],[9.105206,45.01097],[9.175775,45.034275],[9.230023,45.056829],[9.260561,45.066893],[9.263685,45.068483],[9.273115,45.075193],[9.275349,45.076503],[9.279402,45.078058],[9.284301,45.078922],[9.294942,45.079143],[9.307753,45.07985],[9.388932,45.083118],[9.391839,45.082632],[9.39499,45.081575],[9.43112,45.06444],[9.433189,45.063713],[9.435037,45.063361],[9.438838,45.063459],[9.445911,45.065715],[9.447761,45.066016],[9.450148,45.066049],[9.48027,45.064624],[9.510661,45.060086],[9.514314,45.059716],[9.518611,45.059665],[9.542275,45.06074],[9.609218,45.058759],[9.616635,45.05831],[9.627706,45.055961],[9.639755,45.055602],[9.688535,45.059862],[9.694586,45.059809],[9.697935,45.059338],[9.700952,45.058514],[9.702594,45.057682],[9.703781,45.056562],[9.705526,45.053205],[9.708063,45.049877]],[[9.304888,45.079693],[9.305694,45.079702]],[[8.607086,44.908774],[8.616959,44.899778],[8.637921,44.881522],[8.639276,44.880536],[8.641422,44.879531],[8.64496,44.878748],[8.648399,44.878708],[8.6824,44.882292]],[[8.614398,44.902042],[8.614948,44.901603]],[[9.000606,44.996363],[9.00139,44.996561]],[[9.248918,45.063022],[9.249509,45.063249]]]}},{"type":"Feature","properties":{"id":2312810,"nome":"Fabriano - Civitanova Marche","uso":"","operatore":"","dal":"","wikipedia":""},"geometry":{"type":"MultiLineString","coordinates":[[[13.020349,43.234603],[13.019044,43.236246],[13.018914,43.236702],[13.017035,43.246776],[13.013959,43.249959],[13.013498,43.25077],[13.013597,43.251856],[13.01501,43.253863],[13.015663,43.255189],[13.015915,43.256318],[13.015766,43.257019]],[[13.014247,43.252816],[13.015517,43.254659],[13.015915,43.256318]]]}},{"type":"Feature","properties":{"id":2350392,"nome":"Ferrovia Capranica - Orte","uso":"","operatore":"Rete Ferroviaria Italiana","dal":"","wikipedia":"it:Ferrovia Civitavecchia-Orte"},"geometry":{"type":"MultiLineString","coordinates":[[[12.15717,42.246894],[12.157185,42.250227],[12.155403,42.252988],[12.155396,42.254614],[12.156345,42.256103],[12.160679,42.258983],[12.162178,42.259494],[12.165081,42.259612],[12.166899,42.260175],[12.170281,42.262741],[12.175409,42.264149],[12.176168,42.264768],[12.177637,42.266638],[12.180855,42.268442],[12.18448,42.269405],[12.186833,42.270963],[12.187563,42.271233],[12.18924,42.271382],[12.194862,42.270784],[12.195975,42.270871],[12.197304,42.271366],[12.199314,42.272697],[12.200524,42.273226],[12.204215,42.27348],[12.205544,42.273843],[12.216548,42.279437],[12.220407,42.283498],[12.22142,42.284277],[12.22393,42.285518],[12.227706,42.286057],[12.229142,42.286548],[12.235453,42.292042],[12.246718,42.296946],[12.260065,42.304897],[12.261567,42.3055],[12.262833,42.305738],[12.273282,42.306087],[12.275364,42.306595],[12.282938,42.310499],[12.293474,42.316719],[12.300748,42.32178],[12.302358,42.323303],[12.30642,42.332927],[12.313333,42.342614],[12.314299,42.343617],[12.327715,42.352179],[12.336554,42.355651],[12.34605,42.366068],[12.348728,42.367995],[12.354846,42.370236],[12.365368,42.371302],[12.367256,42.372017],[12.368192,42.372933],[12.371988,42.379802],[12.372795,42.381999],[12.373187,42.385288],[12.37393,42.38652],[12.378103,42.390027],[12.382827,42.391723],[12.385249,42.394211],[12.386375,42.394916],[12.39141,42.397479],[12.395827,42.397618],[12.397254,42.397913],[12.404249,42.402803],[12.406288,42.403744],[12.410306,42.404116],[12.413726,42.403386],[12.417593,42.403205],[12.425753,42.40394],[12.431026,42.403516],[12.43407,42.404269],[12.435612,42.404877],[12.436464,42.405472],[12.437117,42.406505],[12.437133,42.409066],[12.437469,42.411113],[12.437427,42.412037],[12.436932,42.412961],[12.432795,42.416961],[12.431675,42.417482],[12.430381,42.417738],[12.425892,42.417437],[12.420504,42.417886],[12.415898,42.419859],[12.411306,42.42543],[12.410327,42.429158],[12.409776,42.433579]]]}},{"type":"Feature","properties":{"id":2374167,"nome":"Ferrovia Verona - Bologna","uso":"","operatore":"Rete Ferroviaria Italiana","dal":"","wikipedia":"it:Ferrovia Bologna-Verona"},"geometry":{"type":"MultiLineString","coordinates":[[[11.111423,44.891557],[11.111561,44.891775],[11.111423,44.891557]],[[10.982757,45.428298],[10.968552,45.425571],[10.965839,45.425649],[10.961437,45.426542],[10.95822,45.42684],[10.955705,45.426664],[10.953372,45.426061],[10.950501,45.42445],[10.949431,45.423362],[10.948612,45.421964],[10.948248,45.419809],[10.948783,45.415743],[10.949349,45.414181],[10.961329,45.393291],[11.007136,45.300047],[11.008172,45.296718],[11.016761,45.252016],[11.018038,45.248092],[11.019339,45.245567],[11.047335,45.200492],[11.050824,45.195459],[11.055172,45.190749],[11.059805,45.186837],[11.063556,45.184244],[11.073184,45.178429],[11.077433,45.175452],[11.078599,45.174226],[11.085152,45.165478],[11.086473,45.163304],[11.093656,45.149454],[11.107813,45.126332],[11.132537,45.091667],[11.141822,45.074939],[11.142693,45.073103],[11.143418,45.070752],[11.143754,45.068243],[11.1437,45.066293],[11.143348,45.064232],[11.14266,45.062141],[11.14164,45.06008],[11.133696,45.047027],[11.130616,45.039367],[11.129641,45.03569],[11.124749,44.992371],[11.124534,44.985311],[11.125077,44.976276],[11.124963,44.972997],[11.118545,44.939975],[11.113024,44.905759],[11.112567,44.902295],[11.111779,44.888853],[11.112273,44.885396],[11.113738,44.882046],[11.1215,44.871674],[11.136537,44.850408],[11.13832,44.847065],[11.139213,44.844257],[11.141211,44.825955],[11.141203,44.817374],[11.142814,44.796094],[11.145152,44.738399],[11.145601,44.735497],[11.146322,44.733258],[11.153524,44.717601],[11.159787,44.70268],[11.181536,44.6545],[11.182995,44.651764],[11.207374,44.62038],[11.214661,44.610372],[11.230932,44.589722],[11.233478,44.586681],[11.241511,44.578336],[11.244852,44.574241],[11.24706,44.571339],[11.249514,44.566991],[11.273321,44.536697],[11.274233,44.535107],[11.278431,44.525347],[11.279504,44.523647],[11.281952,44.521668],[11.285956,44.520034],[11.301774,44.515621],[11.31812,44.511376],[11.327902,44.508227],[11.34269,44.506392]]]}},{"type":"Feature","properties":{"id":2521959,"nome":"Ex-Ferrovia Cervignano-Aquileia-Pontile per Grado","uso":"","operatore":"","dal":"","wikipedia":"it:Ferrovia Cervignano-Aquileia-Pontile per Grado"},"geometry":{"type":"MultiLineString","coordinates":[[[13.350205,45.822221],[13.351887,45.821612],[13.352559,45.820543],[13.352982,45.796813],[13.363878,45.777421],[13.365981,45.774935],[13.36698,45.77312],[13.367761,45.77254],[13.371798,45.770526],[13.372595,45.769747],[13.37266,45.768643],[13.371126,45.766966],[13.370961,45.765817],[13.372893,45.761787],[13.377216,45.754441],[13.388879,45.731781],[13.388119,45.728651]],[[13.352694,45.799025],[13.352555,45.79916],[13.352694,45.799025]],[[13.368457,45.77208],[13.368113,45.772167],[13.368457,45.77208]],[[13.388786,45.729829],[13.388564,45.729596],[13.388786,45.729829]]]}},{"type":"Feature","properties":{"id":2545716,"nome":"Ferrovia Circumetnea","uso":"","operatore":"FCE","dal":"","wikipedia":"it:Ferrovia Circumetnea"},"geometry":{"type":"MultiLineString","coordinates":[[[14.913093,37.569551],[14.914739,37.572803],[14.914773,37.573498],[14.912379,37.576714],[14.909225,37.578622],[14.908864,37.579362],[14.909159,37.579889],[14.910287,37.580638],[14.912152,37.580854],[14.913082,37.581266],[14.913631,37.581881],[14.913718,37.582997],[14.913342,37.583542],[14.912086,37.584204],[14.911607,37.585811],[14.909587,37.587941],[14.907927,37.590429],[14.907904,37.591366],[14.908834,37.5928],[14.909059,37.593687],[14.90784,37.597569],[14.908203,37.600215],[14.908113,37.600846],[14.904956,37.604594],[14.902393,37.606474],[14.900527,37.610866],[14.900074,37.611494],[14.892651,37.616357],[14.891471,37.628789],[14.891267,37.629933],[14.890587,37.631214],[14.889288,37.632079],[14.884015,37.633599],[14.872197,37.640787],[14.871717,37.641309],[14.870195,37.645103],[14.868773,37.646929],[14.867363,37.648145],[14.861347,37.652302],[14.858758,37.653403],[14.849581,37.655366],[14.848557,37.656247],[14.848187,37.658406],[14.847411,37.659319],[14.845239,37.660111],[14.842983,37.659884],[14.841924,37.660228],[14.83805,37.663483],[14.837894,37.664415],[14.839076,37.666215],[14.839072,37.666978],[14.836659,37.66969],[14.835007,37.67267],[14.833192,37.674954],[14.833135,37.676392],[14.833559,37.677345],[14.83548,37.678544],[14.838508,37.681185],[14.840784,37.684453],[14.841305,37.685649],[14.841487,37.68871],[14.842404,37.690105],[14.842405,37.691213],[14.843593,37.692628],[14.843666,37.693911],[14.844945,37.695401],[14.845274,37.697423],[14.845076,37.699356],[14.845983,37.701058],[14.845722,37.703198],[14.844873,37.705308],[14.845158,37.707855],[14.845671,37.709875],[14.845458,37.710433],[14.843936,37.711762],[14.842609,37.714792],[14.842014,37.715542],[14.841213,37.716282],[14.8396,37.71659],[14.838135,37.717678],[14.836728,37.719791],[14.836729,37.721162],[14.835055,37.723149],[14.835134,37.724876],[14.835805,37.726674],[14.834863,37.728579],[14.835013,37.73054],[14.834825,37.731629],[14.835811,37.733157],[14.835924,37.733671],[14.834903,37.736956],[14.834772,37.738936],[14.833366,37.739902],[14.833038,37.740376],[14.833055,37.74087],[14.833912,37.742403],[14.832493,37.744346],[14.832387,37.744859],[14.832757,37.748014],[14.833708,37.750764],[14.836361,37.755288],[14.836153,37.75591],[14.83475,37.757197],[14.834607,37.757863],[14.835794,37.758972],[14.837369,37.761815],[14.837124,37.762356],[14.835987,37.763097],[14.834174,37.766216],[14.833327,37.76692],[14.832601,37.768216],[14.832391,37.770618],[14.833445,37.772176],[14.833506,37.772755],[14.832291,37.773712],[14.831361,37.775088],[14.8312,37.777179],[14.82962,37.778177],[14.829296,37.779332],[14.82971,37.780302],[14.831152,37.780919],[14.833241,37.781386],[14.835099,37.780812],[14.836179,37.781145],[14.839503,37.784469],[14.839479,37.785156],[14.838356,37.78644],[14.838531,37.788631],[14.838964,37.789471],[14.840569,37.790332],[14.84196,37.790449],[14.842447,37.7901],[14.842621,37.789635],[14.842298,37.788804],[14.840649,37.787739],[14.840462,37.786885],[14.840681,37.785831],[14.841371,37.785217],[14.842848,37.784529],[14.843818,37.783622],[14.844744,37.783453],[14.847718,37.784378],[14.849851,37.787647],[14.854349,37.788751],[14.856623,37.79223],[14.857305,37.792417],[14.85901,37.792239],[14.860354,37.792805],[14.861009,37.793392],[14.861772,37.79503],[14.861356,37.797965],[14.858169,37.804457],[14.857993,37.813431],[14.857408,37.816502],[14.859172,37.820655],[14.860308,37.821825],[14.859951,37.822885],[14.859686,37.825071],[14.860367,37.825634],[14.862077,37.825805],[14.862754,37.826231],[14.862886,37.826725],[14.862561,37.827803],[14.863132,37.828953],[14.863792,37.831551],[14.864125,37.832319],[14.865275,37.83339],[14.865877,37.835179],[14.866782,37.8358],[14.86827,37.836233],[14.870206,37.837351],[14.880104,37.841391],[14.884132,37.842706],[14.885313,37.842755],[14.889822,37.8419],[14.896313,37.842159],[14.897866,37.842681],[14.900905,37.844716],[14.90189,37.846815],[14.904314,37.848699],[14.905559,37.849955],[14.908037,37.850966],[14.910716,37.86022],[14.913578,37.863086],[14.916527,37.864783],[14.91782,37.865214],[14.924734,37.86611],[14.929119,37.868195],[14.933293,37.869657],[14.937374,37.870413],[14.938472,37.87101],[14.939379,37.872793],[14.940629,37.873618],[14.941954,37.87366],[14.942578,37.873439],[14.943931,37.871202],[14.944541,37.870766],[14.948785,37.87064],[14.950224,37.871397],[14.952124,37.873702],[14.956268,37.876224],[14.961955,37.874589],[14.969059,37.873981],[14.970268,37.87328],[14.970892,37.873189],[14.976362,37.875018],[14.978692,37.875571],[14.981571,37.875806],[14.987416,37.875592],[14.989525,37.8761],[14.994515,37.877995],[14.995771,37.878071],[14.998232,37.877608],[15.000214,37.877725],[15.00212,37.87747],[15.002909,37.877693],[15.004151,37.878481],[15.004993,37.878656],[15.008438,37.878158],[15.011021,37.87711],[15.014736,37.87693],[15.017231,37.875837],[15.020038,37.875975],[15.022987,37.875805],[15.025083,37.874885],[15.030852,37.874776],[15.032452,37.874203],[15.034112,37.874419],[15.035913,37.8735],[15.037635,37.871222],[15.038415,37.870864],[15.039237,37.871046],[15.040104,37.871893],[15.040653,37.872093],[15.042316,37.872136],[15.043761,37.871449],[15.045738,37.871529],[15.047796,37.872447],[15.050906,37.872672],[15.051571,37.873307],[15.051959,37.875287],[15.052273,37.875873],[15.053213,37.876471],[15.054486,37.876529],[15.055374,37.876138],[15.058743,37.873731],[15.062865,37.872697],[15.065265,37.871592],[15.067048,37.87028],[15.068586,37.869995],[15.070191,37.870207],[15.071762,37.869826],[15.072163,37.869469],[15.072775,37.868093],[15.075079,37.867093],[15.075888,37.866445],[15.076687,37.865195],[15.07975,37.863763],[15.081146,37.862457],[15.083172,37.862107],[15.085122,37.862681],[15.086414,37.862453],[15.088227,37.860781],[15.088437,37.858629],[15.090704,37.857066],[15.093097,37.856652],[15.095823,37.855766],[15.096694,37.856142],[15.097489,37.857955],[15.098386,37.858524],[15.104377,37.858778],[15.105897,37.858428],[15.108266,37.855982],[15.1099,37.854724],[15.112384,37.853515],[15.114479,37.85294],[15.118373,37.850306],[15.120408,37.846583],[15.122031,37.844967],[15.12223,37.841436],[15.12278,37.840289],[15.1233,37.839861],[15.127311,37.839095],[15.128258,37.839118],[15.129877,37.840061],[15.130237,37.841678],[15.130952,37.842365],[15.13388,37.843287],[15.13462,37.843194],[15.135384,37.842751],[15.13947,37.839037],[15.138877,37.833819],[15.141717,37.830418],[15.141814,37.82994],[15.141367,37.828948],[15.141395,37.828531],[15.143077,37.826418],[15.144155,37.825825],[15.146822,37.825151],[15.148359,37.824133],[15.150176,37.823341],[15.154205,37.824327],[15.157864,37.823855],[15.158522,37.823484],[15.159255,37.822145],[15.159301,37.821474],[15.156787,37.817622],[15.156672,37.817092],[15.156968,37.816591],[15.157641,37.816275],[15.159759,37.816225],[15.160451,37.815921],[15.160729,37.815377],[15.160487,37.813781],[15.160874,37.813208],[15.161744,37.812874],[15.162597,37.812978],[15.16305,37.813384],[15.163475,37.814548],[15.165877,37.815505],[15.168047,37.814799],[15.16977,37.815002],[15.173098,37.813875],[15.174841,37.813902],[15.175578,37.813477],[15.175724,37.812984],[15.175482,37.812481],[15.17379,37.811907],[15.17335,37.81131],[15.1735,37.809944],[15.17314,37.804837],[15.173598,37.802938],[15.174179,37.802013],[15.174023,37.801104],[15.173387,37.800276],[15.171767,37.799942],[15.171262,37.799617],[15.171081,37.799054],[15.171253,37.797872],[15.170596,37.797088],[15.169911,37.796796],[15.168008,37.796721],[15.167407,37.796315],[15.167187,37.795839],[15.167844,37.794755],[15.169994,37.793675],[15.17058,37.792339],[15.172092,37.791849],[15.172589,37.791166],[15.171594,37.788981],[15.170402,37.787924],[15.170298,37.786463],[15.168854,37.78503],[15.168711,37.783162],[15.169285,37.781872],[15.169271,37.780775],[15.170156,37.778173],[15.171293,37.776468],[15.171194,37.773704],[15.170847,37.772266],[15.171124,37.771377],[15.172531,37.768956],[15.173053,37.76676],[15.172909,37.766154],[15.171986,37.764817],[15.171753,37.763952],[15.172471,37.761691],[15.172455,37.760551],[15.171972,37.759794],[15.171935,37.759345],[15.172711,37.757488],[15.1751,37.756844],[15.175962,37.755921],[15.176158,37.755416],[15.176146,37.754557],[15.175665,37.753591],[15.175685,37.752601],[15.174419,37.751725],[15.174168,37.751137],[15.174424,37.750594],[15.175858,37.749584],[15.17604,37.748254],[15.175809,37.746628],[15.177054,37.745144],[15.176217,37.742488],[15.178619,37.739798],[15.178588,37.739257],[15.177922,37.738366],[15.178074,37.737731],[15.179771,37.736652],[15.181321,37.734862],[15.181415,37.733785],[15.180493,37.732588],[15.180645,37.732087],[15.181118,37.73167],[15.183569,37.731493],[15.184706,37.732165],[15.187629,37.733342],[15.189162,37.73344],[15.190322,37.732837],[15.192785,37.730133],[15.193544,37.728894],[15.198871,37.728601],[15.201279,37.728859],[15.205762,37.72609]]]}},{"type":"Feature","properties":{"id":2589085,"nome":"Ferrovia Tirano-Lecco","uso":"","operatore":"","dal":"","wikipedia":"it:Ferrovia Tirano-Lecco"},"geometry":{"type":"MultiLineString","coordinates":[[[9.393773,45.856415],[9.392662,45.857361],[9.391612,45.85786],[9.388851,45.858359],[9.38777,45.858758],[9.384418,45.861071],[9.383674,45.862159],[9.382523,45.865666],[9.382075,45.866335],[9.379364,45.867993],[9.378694,45.868649],[9.378278,45.869667],[9.378279,45.870881],[9.377885,45.872246],[9.377795,45.873626],[9.377186,45.874933],[9.376553,45.875648],[9.372356,45.878011],[9.371144,45.879661],[9.370359,45.880243],[9.366435,45.882209],[9.361405,45.885402],[9.359324,45.887872],[9.358383,45.889706],[9.357455,45.890568],[9.352342,45.893757],[9.34858,45.894963],[9.345817,45.896243],[9.343108,45.896382],[9.33865,45.895131],[9.335635,45.895665],[9.333905,45.896665],[9.332712,45.898429],[9.332504,45.901805],[9.332133,45.902907],[9.331414,45.903889],[9.329215,45.905948],[9.327946,45.909219],[9.323357,45.914433],[9.316403,45.918251],[9.315369,45.919051],[9.313748,45.920882],[9.312876,45.922554],[9.31252,45.924881],[9.313273,45.928701],[9.312573,45.930687],[9.312566,45.931753],[9.313924,45.936993],[9.313364,45.93976],[9.312542,45.940962],[9.3108,45.942769],[9.303623,45.949267],[9.302603,45.950747],[9.302312,45.951915],[9.30237,45.95275],[9.303286,45.959153],[9.302851,45.962627],[9.303159,45.963696],[9.304615,45.965601],[9.304618,45.966965],[9.304216,45.967702],[9.302077,45.969446],[9.298961,45.97351],[9.297637,45.976589],[9.297363,45.98079],[9.297092,45.981845],[9.294988,45.985238],[9.292708,45.987461],[9.292476,45.987932],[9.292587,45.990306],[9.291739,45.993966],[9.291913,45.994841],[9.292827,45.996874],[9.293003,45.99804],[9.292687,45.999758],[9.292757,46.001474],[9.291714,46.004543],[9.29127,46.005248],[9.287176,46.008935],[9.28541,46.010174],[9.284731,46.01119],[9.284995,46.012526],[9.288133,46.01757],[9.287748,46.018936],[9.287368,46.022962],[9.28689,46.024584],[9.286882,46.026897],[9.288831,46.028986],[9.28987,46.029734],[9.2922,46.03057],[9.294052,46.031765],[9.296826,46.03282],[9.29949,46.034614],[9.30216,46.03792],[9.303406,46.040896],[9.304588,46.042311],[9.306112,46.044759],[9.307342,46.048463],[9.308234,46.04935],[9.310191,46.050287],[9.311599,46.051346],[9.312727,46.053249],[9.312683,46.05398],[9.313305,46.05723],[9.312559,46.063177],[9.312015,46.064906],[9.311088,46.066844],[9.30554,46.074557],[9.305186,46.075803],[9.305675,46.077174],[9.306852,46.078561],[9.307867,46.079332],[9.310125,46.080502],[9.311005,46.081485],[9.311412,46.083094],[9.310809,46.085961],[9.311345,46.089443],[9.311909,46.091162],[9.312475,46.091972],[9.313818,46.0937],[9.315842,46.095408],[9.316646,46.098093],[9.316816,46.100061],[9.317035,46.100489],[9.320482,46.104151],[9.325592,46.11259],[9.326772,46.113671],[9.328953,46.114414],[9.341813,46.11535],[9.346714,46.116123],[9.347383,46.116613],[9.347979,46.117535],[9.350914,46.125012],[9.351716,46.126225],[9.353043,46.127575],[9.355393,46.129159],[9.366601,46.134567],[9.381081,46.140297],[9.383432,46.141049],[9.399371,46.143766],[9.413297,46.14587],[9.415824,46.145548],[9.437851,46.139126],[9.440213,46.138631],[9.496982,46.138655],[9.499341,46.138341],[9.50968,46.135956],[9.51512,46.135705],[9.520599,46.13505],[9.525282,46.135586],[9.543128,46.133724],[9.550241,46.134217],[9.55881,46.133783],[9.560393,46.134174],[9.565131,46.13601],[9.572562,46.137263],[9.574948,46.136957],[9.578909,46.13534],[9.581416,46.135064],[9.621374,46.144988],[9.622771,46.145722],[9.623812,46.146819],[9.625576,46.149142],[9.627135,46.152086],[9.628054,46.153344],[9.629646,46.154618],[9.630904,46.15529],[9.634338,46.15684],[9.658706,46.164153],[9.661552,46.164724],[9.727757,46.162351],[9.745549,46.160933],[9.771063,46.15755],[9.790897,46.161606],[9.834708,46.161805],[9.841464,46.163109],[9.859311,46.168119],[9.861418,46.168218],[9.868318,46.166763],[9.870532,46.166729],[9.878217,46.167877],[9.882383,46.170089],[9.884068,46.17055],[9.899806,46.169994],[9.905564,46.168754],[9.906824,46.16888],[9.91066,46.17001],[9.914662,46.170427],[9.916195,46.170317],[9.935023,46.166667],[9.941449,46.165185],[9.951429,46.160527],[9.952858,46.160241],[9.957472,46.160346],[9.962813,46.161954],[9.969299,46.162095],[9.971804,46.161847],[9.978117,46.163059],[9.981474,46.163355],[9.990944,46.16482],[10.024187,46.160395],[10.030373,46.159317],[10.037813,46.15871],[10.044048,46.158484],[10.053061,46.158809],[10.055878,46.158708],[10.058747,46.159015],[10.06936,46.159439],[10.080652,46.161206],[10.085543,46.162587],[10.090842,46.164715],[10.101127,46.172129],[10.102664,46.173122],[10.105033,46.174136],[10.118323,46.183526],[10.126642,46.192905],[10.14248,46.206789],[10.146185,46.209757],[10.147666,46.210244],[10.151412,46.210439],[10.152843,46.210752],[10.157898,46.213323],[10.160981,46.215391],[10.161869,46.215743],[10.16334,46.215862],[10.168169,46.215223]]]}},{"type":"Feature","properties":{"id":2589414,"nome":"Ferrovia Colico-Chiavenna","uso":"","operatore":"","dal":"","wikipedia":"it:Ferrovia Colico-Chiavenna"},"geometry":{"type":"MultiLineString","coordinates":[[[9.375201,46.138034],[9.383515,46.14111],[9.407957,46.145167],[9.409942,46.145957],[9.411209,46.146941],[9.412004,46.148108],[9.412483,46.151397],[9.413335,46.153006],[9.433555,46.174214],[9.431237,46.171763]],[[9.406033,46.320319],[9.403811,46.318316],[9.403252,46.316741],[9.40233,46.315224],[9.401841,46.312318],[9.399839,46.308968],[9.398913,46.308285],[9.397669,46.307784],[9.393218,46.307289],[9.391382,46.306445],[9.390314,46.305349],[9.387526,46.299773],[9.387558,46.298292],[9.388447,46.296665],[9.398298,46.28783],[9.398786,46.284647],[9.398205,46.282875],[9.397408,46.275737],[9.397684,46.274462],[9.399024,46.271642],[9.400475,46.269804],[9.404151,46.267396],[9.406543,46.265079],[9.429333,46.240149],[9.437638,46.232205],[9.44123,46.229126],[9.445633,46.227691],[9.446993,46.226672],[9.447393,46.225927],[9.447497,46.22506],[9.446245,46.222408],[9.445997,46.220628],[9.447019,46.214019],[9.447359,46.213101],[9.447999,46.212247],[9.449393,46.211265],[9.452513,46.210096],[9.457443,46.209539],[9.458675,46.209177],[9.460005,46.208146],[9.460442,46.207161],[9.460464,46.205897],[9.460192,46.204929],[9.458846,46.203005],[9.457538,46.202318],[9.453411,46.201173],[9.452216,46.200265],[9.451424,46.198862],[9.451213,46.195994],[9.449252,46.192434],[9.44807,46.190761],[9.446836,46.189294],[9.444645,46.187401],[9.443437,46.184893],[9.442555,46.183665],[9.433555,46.174214]]]}},{"type":"Feature","properties":{"id":2589416,"nome":"Ferrovia Como-Lecco","uso":"","operatore":"Rete Ferroviaria Italiana","dal":"","wikipedia":"it:Ferrovia Como-Lecco"},"geometry":{"type":"MultiLineString","coordinates":[[[9.393631,45.856364],[9.398431,45.850804],[9.398933,45.849961],[9.399091,45.848956],[9.398841,45.848013],[9.398168,45.847123],[9.397089,45.8464],[9.394066,45.845501],[9.392468,45.845507],[9.388784,45.84703],[9.384103,45.847901],[9.380504,45.849046],[9.378645,45.84933],[9.376002,45.849111],[9.37103,45.847845],[9.368827,45.846962],[9.365768,45.844237],[9.363424,45.843232],[9.362178,45.842453],[9.359226,45.840081],[9.353148,45.834085],[9.352709,45.833002],[9.352702,45.832134],[9.35369,45.828493],[9.354194,45.82782],[9.356181,45.826185],[9.35744,45.823227],[9.3605,45.819576],[9.360988,45.818264],[9.360149,45.815863],[9.360611,45.81356],[9.359965,45.809207],[9.360409,45.806946],[9.360309,45.805886],[9.359941,45.805114],[9.356301,45.800325],[9.355535,45.796829],[9.355031,45.796118],[9.353969,45.795423],[9.34972,45.793904],[9.343248,45.793129],[9.341513,45.79274],[9.339903,45.791771],[9.337781,45.78926],[9.336059,45.788215],[9.319911,45.782041],[9.315844,45.781292],[9.293437,45.780909],[9.291269,45.781657],[9.288598,45.783266],[9.280133,45.784695],[9.275339,45.786021],[9.270333,45.786753],[9.266188,45.785891],[9.26204,45.786446],[9.258025,45.786334],[9.256497,45.786687],[9.253073,45.788315],[9.251498,45.788472],[9.250412,45.788291],[9.24872,45.787429],[9.245173,45.784024],[9.242169,45.778239],[9.240434,45.776245],[9.238597,45.774578],[9.235481,45.773017],[9.229737,45.768694],[9.22807,45.768141],[9.204682,45.764902],[9.201022,45.765039],[9.199055,45.764775],[9.195461,45.76324],[9.194066,45.762222],[9.19235,45.760246],[9.189732,45.756242],[9.188648,45.755261],[9.186779,45.754555],[9.180916,45.753662],[9.178509,45.753397],[9.163854,45.752993],[9.158522,45.751638],[9.147482,45.751413],[9.145894,45.751061],[9.138051,45.748149],[9.136465,45.747881],[9.134789,45.748029],[9.132762,45.748703],[9.131571,45.749684],[9.128449,45.756436],[9.126829,45.758367],[9.12597,45.759071],[9.110982,45.767678],[9.109898,45.768577],[9.108118,45.771024],[9.107388,45.771682],[9.097893,45.776896],[9.095876,45.777339],[9.094331,45.777422],[9.088306,45.776339],[9.078946,45.772118],[9.076891,45.771981],[9.074831,45.772681],[9.073637,45.773862],[9.073256,45.77548],[9.073473,45.777327],[9.074374,45.778819],[9.081768,45.784797],[9.092267,45.789762],[9.09337,45.790916],[9.093659,45.792111],[9.093218,45.793397],[9.091624,45.795074],[9.083443,45.799212],[9.075864,45.805475],[9.072044,45.809015]],[[9.076621,45.780757],[9.081747,45.784825],[9.092231,45.789786],[9.093229,45.790775],[9.093613,45.791884],[9.093176,45.793387],[9.091579,45.795056],[9.083636,45.799035],[9.076581,45.80499]],[[9.073361,45.774726],[9.073421,45.776716],[9.073819,45.778062]],[[9.397539,45.851841],[9.393585,45.856345]],[[9.396493,45.852992],[9.394145,45.855582]]]}},{"type":"Feature","properties":{"id":2589419,"nome":"Ferrovia Monza-Molteno-Lecco","uso":"","operatore":"Rete Ferroviaria Italiana","dal":"1911","wikipedia":"it:Ferrovia Monza-Molteno-Lecco"},"geometry":{"type":"MultiLineString","coordinates":[[[9.272292,45.576071],[9.274261,45.57897],[9.275911,45.580145],[9.284383,45.58207],[9.286807,45.583322],[9.306245,45.60489],[9.307094,45.605608],[9.310101,45.607154],[9.310723,45.60811],[9.310819,45.608787],[9.31055,45.609784],[9.309893,45.6105],[9.304525,45.61303],[9.303696,45.61374],[9.302379,45.615521],[9.300483,45.625005],[9.298519,45.628404],[9.29838,45.629259],[9.298572,45.631583],[9.298283,45.632461],[9.297619,45.633445],[9.291312,45.6393],[9.288037,45.642696],[9.286824,45.645325],[9.28613,45.646167],[9.284863,45.64689],[9.280654,45.647557],[9.279125,45.64808],[9.278094,45.648969],[9.277118,45.651218],[9.276476,45.651972],[9.271491,45.654275],[9.270599,45.65488],[9.269013,45.657401],[9.26552,45.660109],[9.264858,45.660964],[9.26463,45.661845],[9.264727,45.665438],[9.264128,45.666705],[9.263077,45.667448],[9.259594,45.668905],[9.255,45.672712],[9.251469,45.677826],[9.251674,45.679335],[9.252621,45.680294],[9.260644,45.683691],[9.261903,45.684681],[9.262321,45.685957],[9.261501,45.689403],[9.261525,45.690195],[9.264134,45.697343],[9.265224,45.698715],[9.26686,45.699558],[9.268839,45.699899],[9.27407,45.699023],[9.276325,45.699207],[9.277507,45.699759],[9.28027,45.701663],[9.28867,45.705283],[9.289505,45.70595],[9.289967,45.706743],[9.290042,45.707642],[9.289779,45.708369],[9.285135,45.713947],[9.284575,45.71499],[9.284415,45.71621],[9.284486,45.722868],[9.284167,45.724359],[9.283049,45.725858],[9.279597,45.728643],[9.276435,45.734782],[9.276438,45.735666],[9.276721,45.736371],[9.278707,45.738192],[9.279179,45.73917],[9.27906,45.740325],[9.27774,45.742444],[9.277879,45.743719],[9.28303,45.750265],[9.283693,45.751897],[9.283563,45.753301],[9.282976,45.754422],[9.278442,45.758375],[9.278079,45.759335],[9.278267,45.760362],[9.278845,45.761137],[9.279953,45.761828],[9.286024,45.76368],[9.288043,45.76498],[9.288448,45.76571],[9.289533,45.770177],[9.289574,45.771218],[9.289048,45.774196],[9.289328,45.775469],[9.290732,45.776875],[9.296963,45.780507],[9.298667,45.780888],[9.315844,45.781292],[9.319396,45.781888],[9.336783,45.788569],[9.338133,45.789581],[9.340036,45.791893],[9.341236,45.792634],[9.342827,45.793067],[9.34972,45.793904],[9.354645,45.795782],[9.355618,45.79705],[9.356365,45.800445],[9.359941,45.805114],[9.360309,45.805886],[9.360409,45.806946],[9.359965,45.809207],[9.360611,45.81356],[9.360149,45.815863],[9.360988,45.818264],[9.3605,45.819576],[9.35744,45.823227],[9.356181,45.826185],[9.354194,45.82782],[9.35369,45.828493],[9.352702,45.832134],[9.352709,45.833002],[9.353148,45.834085],[9.359226,45.840081],[9.362178,45.842453],[9.363424,45.843232],[9.365768,45.844237],[9.368827,45.846962],[9.37103,45.847845],[9.376002,45.849111],[9.378645,45.84933],[9.380504,45.849046],[9.384103,45.847901],[9.388784,45.84703],[9.392468,45.845507],[9.394066,45.845501],[9.397089,45.8464],[9.398168,45.847123],[9.398841,45.848013],[9.399091,45.848956],[9.398933,45.849961],[9.398431,45.850804],[9.393631,45.856364]]]}},{"type":"Feature","properties":{"id":2590941,"nome":"Ferrovia Genova-Ventimiglia","uso":"","operatore":"Rete Ferroviaria Italiana","dal":"","wikipedia":"it:Ferrovia Genova-Ventimiglia"},"geometry":{"type":"MultiLineString","coordinates":[[[8.947034,44.40687],[8.945825,44.407767],[8.942703,44.411493],[8.941151,44.412784],[8.934393,44.415161],[8.926582,44.417521],[8.918891,44.417311],[8.916129,44.416767],[8.912261,44.414497],[8.900884,44.409466],[8.899488,44.409027],[8.897803,44.408943],[8.896299,44.409206],[8.890568,44.411021],[8.886772,44.412949],[8.884684,44.413671],[8.882964,44.413695],[8.87937,44.412965],[8.875838,44.413084],[8.870725,44.413544],[8.862027,44.415289],[8.860177,44.416319],[8.858486,44.41888],[8.857031,44.419911],[8.841515,44.424251],[8.837485,44.42442],[8.828363,44.425756],[8.816079,44.426231],[8.813104,44.425717],[8.808749,44.423988],[8.805606,44.423676],[8.797961,44.424878],[8.792554,44.424734],[8.781638,44.426501],[8.776884,44.426835],[8.771357,44.427734],[8.759301,44.428261],[8.754035,44.429308],[8.747101,44.429107],[8.744884,44.428831],[8.742973,44.428291],[8.732397,44.423531],[8.725713,44.418961],[8.723712,44.41796],[8.712662,44.415832],[8.703943,44.413195],[8.68673,44.408703],[8.683551,44.4071],[8.67807,44.402916],[8.673784,44.400589],[8.665566,44.397283],[8.650833,44.392675],[8.646277,44.390936],[8.640745,44.387991],[8.634884,44.383258],[8.633171,44.382127],[8.622651,44.377581],[8.612987,44.374496],[8.601538,44.37198],[8.595418,44.370388],[8.588631,44.368226],[8.582216,44.365823],[8.574396,44.362248],[8.564232,44.355237],[8.548309,44.346734],[8.538091,44.339006],[8.534832,44.337189],[8.532038,44.336426],[8.529661,44.336067],[8.520864,44.336022],[8.515751,44.335318],[8.490536,44.330783],[8.485973,44.329684],[8.482312,44.328394],[8.478134,44.326173],[8.475897,44.324659],[8.473629,44.32264],[8.472309,44.320764],[8.471733,44.319285],[8.47043,44.312881],[8.470164,44.305418],[8.469195,44.301752],[8.468246,44.300366],[8.46685,44.299412],[8.460633,44.29667],[8.453952,44.292583],[8.444859,44.284623],[8.442512,44.282994],[8.439541,44.281434],[8.429179,44.277289],[8.426544,44.275392],[8.424877,44.273415],[8.420186,44.264774],[8.419494,44.262927],[8.418898,44.259355],[8.417375,44.241065],[8.416671,44.237627],[8.408036,44.221237],[8.406269,44.21837],[8.404366,44.216139],[8.402751,44.214673],[8.393086,44.207206],[8.377182,44.1952],[8.35362,44.176562],[8.338659,44.168233],[8.327521,44.16152],[8.325802,44.160857],[8.315809,44.159164],[8.302935,44.156401],[8.284008,44.150592],[8.28202,44.149502],[8.278525,44.146139],[8.27215,44.141899],[8.269106,44.139491],[8.258396,44.128636],[8.256464,44.126139],[8.253758,44.121286],[8.248292,44.116274],[8.238891,44.104846],[8.236852,44.101599],[8.232679,44.097362],[8.231708,44.095912],[8.227312,44.083596],[8.226955,44.082112],[8.225003,44.065465],[8.225284,44.057787],[8.225689,44.053686],[8.22548,44.052407],[8.22496,44.051426],[8.218562,44.043229],[8.214528,44.039384],[8.213225,44.038324],[8.202796,44.031439],[8.201681,44.030363],[8.199175,44.027098],[8.197828,44.025803],[8.194938,44.024177],[8.19265,44.022284],[8.191838,44.020954],[8.191092,44.018295],[8.190194,44.0174],[8.187613,44.016221],[8.184616,44.015475],[8.179872,44.01381],[8.176882,44.011654],[8.174187,44.010423],[8.17082,44.007681],[8.167432,44.005736],[8.165969,44.004328],[8.164916,44.002755],[8.164362,44.001193],[8.164231,43.995879],[8.162911,43.992988],[8.162415,43.990759],[8.16012,43.98662],[8.159279,43.983057],[8.156996,43.975957],[8.154196,43.970911],[8.152598,43.969655],[8.148856,43.967567],[8.147778,43.966451],[8.146695,43.964447],[8.145668,43.963521],[8.138141,43.959855],[8.132768,43.954665],[8.129805,43.952105],[8.12712,43.950029],[8.12289,43.947336],[8.115607,43.943811],[8.081981,43.929919],[8.076992,43.927439],[8.068387,43.92241],[8.065627,43.920277],[8.062913,43.917476],[8.061613,43.915609],[8.058923,43.910508],[8.05726,43.908309],[8.054634,43.905641],[8.051274,43.903226],[8.047247,43.901046],[8.042269,43.899418],[8.021792,43.895549],[8.016958,43.894302],[8.01299,43.89282],[8.009445,43.890925],[8.007409,43.889403],[7.993419,43.874861],[7.99156,43.873243],[7.989658,43.871988],[7.985513,43.869817],[7.982542,43.868729],[7.972504,43.866453],[7.967413,43.864813],[7.963432,43.862939],[7.95629,43.85824],[7.953553,43.857006],[7.95062,43.856043],[7.947387,43.855274],[7.943222,43.854655],[7.874102,43.847231],[7.844163,43.842843],[7.795481,43.829347],[7.71257,43.80578],[7.709836,43.804767],[7.707041,43.803388],[7.700633,43.79923],[7.696293,43.797038],[7.694862,43.7956],[7.691683,43.790563],[7.690377,43.789269],[7.685937,43.786452],[7.681508,43.784778],[7.679565,43.783814],[7.67598,43.780949],[7.674111,43.778703],[7.671839,43.777744],[7.669718,43.777439],[7.665956,43.77779],[7.645308,43.782701],[7.641014,43.783295],[7.638348,43.784343],[7.634942,43.787675],[7.632735,43.788889],[7.631504,43.789176],[7.625811,43.789704],[7.619047,43.789557],[7.61715,43.789705],[7.615081,43.790277],[7.610034,43.792671]],[[8.948206,44.407207],[8.946327,44.408184],[8.945444,44.408907],[8.94493,44.409785],[8.944389,44.412184],[8.942788,44.413375],[8.940947,44.4137],[8.937481,44.412895],[8.935963,44.412922],[8.934684,44.413395],[8.932943,44.415078],[8.931678,44.415709],[8.923357,44.417499],[8.921102,44.417049],[8.920238,44.416486],[8.919207,44.415382],[8.918293,44.414906],[8.913539,44.41403],[8.910227,44.412467],[8.906177,44.411571],[8.899754,44.408993],[8.898224,44.408851],[8.896797,44.409006],[8.891258,44.410789]],[[8.888155,44.412219],[8.886691,44.413424],[8.885811,44.414674],[8.884983,44.416841],[8.885007,44.41792],[8.885805,44.420252],[8.89042,44.427989],[8.891552,44.43177],[8.891361,44.433236],[8.890508,44.434625],[8.887404,44.436977],[8.883834,44.438993],[8.882631,44.440186],[8.881683,44.441926],[8.880796,44.446102],[8.879663,44.44776],[8.877306,44.449346],[8.874053,44.450313],[8.871293,44.450328],[8.86859,44.449792],[8.819467,44.436338],[8.816196,44.435059],[8.812768,44.433286],[8.806939,44.429074],[8.805206,44.428081],[8.802234,44.42681],[8.798786,44.425692],[8.795219,44.425092],[8.791378,44.424961],[8.779352,44.426609]]]}},{"type":"Feature","properties":{"id":2591069,"nome":"Milano-Pavia-Voghera","uso":"","operatore":"Rete Ferroviaria Italiana","dal":"","wikipedia":""},"geometry":{"type":"MultiLineString","coordinates":[[[9.204854,45.486069],[9.213377,45.494581],[9.215141,45.496047],[9.21649,45.496672],[9.21808,45.497023],[9.222719,45.496836],[9.225713,45.496215],[9.228089,45.494855],[9.236543,45.485423],[9.237515,45.484037],[9.237984,45.482762],[9.238384,45.480091],[9.237324,45.454389],[9.236806,45.450461],[9.235095,45.447329],[9.234828,45.445454],[9.240752,45.429498],[9.245363,45.421976],[9.245586,45.420579],[9.245177,45.413342],[9.244639,45.41174],[9.243742,45.410171],[9.236828,45.40276],[9.235295,45.400558],[9.234193,45.398244],[9.233494,45.395552],[9.228952,45.370088],[9.228107,45.367597],[9.226235,45.365163],[9.198084,45.33324],[9.154669,45.257503],[9.154241,45.255733],[9.150109,45.20814],[9.149565,45.204709],[9.149814,45.202958],[9.151756,45.197725],[9.151916,45.196757],[9.151712,45.195455],[9.150345,45.193367],[9.145693,45.189454],[9.143063,45.187961],[9.139235,45.186517],[9.137375,45.185306],[9.126495,45.174433],[9.123425,45.170356],[9.12148,45.166913],[9.119715,45.16222],[9.113161,45.136101],[9.112366,45.131646],[9.112232,45.126391],[9.116296,45.096969],[9.116201,45.094398],[9.115627,45.092337],[9.114446,45.090127],[9.112631,45.087984],[9.079182,45.059414],[9.074051,45.054796],[9.023069,45.003981],[9.020457,45.000619],[9.019201,44.999881],[9.017824,44.999464],[9.006264,44.997632],[8.99897,44.996102],[8.993087,44.994132]],[[8.993076,44.99417],[8.995738,44.995198],[8.999575,44.996285],[9.007538,44.997923],[9.018032,44.99955],[9.020318,45.000567],[9.023242,45.004214],[9.074045,45.05484],[9.078133,45.058565],[9.1123,45.087738],[9.114235,45.089914],[9.115448,45.09202],[9.116224,45.094798],[9.116257,45.096917],[9.112189,45.126385],[9.112315,45.131647],[9.113099,45.136019],[9.119746,45.162496],[9.121436,45.16692],[9.123354,45.170345],[9.126439,45.17444],[9.137141,45.185143],[9.139172,45.186526],[9.142982,45.188008],[9.145813,45.189642],[9.150307,45.193388],[9.151662,45.195456],[9.151813,45.197225],[9.149774,45.202951],[9.149522,45.205027],[9.150052,45.208135],[9.154195,45.255732],[9.154621,45.257502],[9.198053,45.333251],[9.199186,45.334759],[9.226355,45.365353],[9.228059,45.367606],[9.228898,45.370095],[9.233447,45.395555],[9.234136,45.39826],[9.235241,45.400594],[9.236779,45.402788],[9.243692,45.410184],[9.244593,45.411747],[9.245122,45.413345],[9.245535,45.420584],[9.245313,45.421972],[9.240803,45.429265],[9.235167,45.444072],[9.234773,45.445544],[9.235048,45.447333],[9.236727,45.450341],[9.23728,45.454402],[9.238338,45.480091],[9.237948,45.482755],[9.237474,45.484027],[9.236505,45.485408],[9.227827,45.495021],[9.226505,45.495839],[9.224804,45.496469],[9.220805,45.496924],[9.217394,45.496888],[9.215941,45.49642],[9.214788,45.495767],[9.204916,45.486038]]]}},{"type":"Feature","properties":{"id":2596061,"nome":"Torino-Milano (Alta Velocità)","uso":"","operatore":"Rete Ferroviaria Italiana","dal":"","wikipedia":"it:Ferrovia Torino-Milano (alta velocità)"},"geometry":{"type":"MultiLineString","coordinates":[[[7.677238,45.061204],[7.675336,45.058503],[7.674467,45.056459],[7.672287,45.05283],[7.670531,45.051332],[7.668206,45.050294],[7.666599,45.049904],[7.66393,45.049776],[7.658749,45.050792],[7.657135,45.051386],[7.656086,45.052057],[7.655074,45.053137],[7.65457,45.054043],[7.654496,45.055906],[7.655352,45.05768],[7.667998,45.07561],[7.66943,45.078056],[7.67711,45.089176],[7.678911,45.091581],[7.680312,45.093045],[7.685858,45.098031],[7.694821,45.106864],[7.696106,45.10923],[7.696684,45.112677],[7.697143,45.113964],[7.698079,45.115433],[7.69982,45.117074],[7.701707,45.118182],[7.703432,45.118845],[7.732864,45.128164],[7.735899,45.129302],[7.737639,45.130255],[7.739659,45.131782],[7.740956,45.133151],[7.744869,45.138437],[7.746714,45.14011],[7.749093,45.141666],[7.793616,45.163973],[7.809036,45.171184],[7.832727,45.183339],[7.854744,45.193795],[7.890252,45.209411],[7.929712,45.225686],[7.935267,45.227747],[7.957179,45.235014],[7.972266,45.240578],[7.986144,45.246451],[7.991967,45.249441],[7.995799,45.251687],[8.001764,45.255774],[8.006782,45.259884],[8.110393,45.355335],[8.11648,45.360343],[8.130928,45.370841],[8.136746,45.375719],[8.14391,45.382743],[8.164148,45.404903],[8.171036,45.411273],[8.183085,45.419733],[8.191811,45.424723],[8.197584,45.42746],[8.20343,45.429873],[8.209164,45.431939],[8.216356,45.434135],[8.224469,45.436132],[8.232852,45.437733],[8.361835,45.459043],[8.369585,45.460118],[8.377365,45.460809],[8.393321,45.461794],[8.446559,45.46467],[8.560004,45.473019],[8.574609,45.474354],[8.582701,45.474576],[8.590663,45.474215],[8.597085,45.473483],[8.620104,45.469895],[8.625867,45.469181],[8.633765,45.468626],[8.652427,45.468092],[8.673021,45.468057],[8.751391,45.466874],[8.765099,45.467363],[8.784099,45.46894],[8.803125,45.469529],[8.807166,45.469837],[8.814118,45.470917],[8.821793,45.472978],[8.827705,45.475328],[8.834705,45.478609],[8.864239,45.489142],[8.869577,45.490516],[8.895675,45.495235],[8.909392,45.497217],[8.953064,45.501835],[8.995567,45.505328],[9.006495,45.506915],[9.043872,45.510905],[9.046774,45.511367],[9.051093,45.512805],[9.054099,45.514533],[9.056159,45.516305],[9.059717,45.520496],[9.062668,45.522628],[9.066521,45.524224],[9.071599,45.525055],[9.075409,45.52496],[9.079114,45.524267],[9.091701,45.520335],[9.123199,45.509618],[9.133828,45.507084],[9.140886,45.505706],[9.142812,45.505672],[9.144928,45.506114],[9.14636,45.50678],[9.150847,45.50961],[9.152613,45.510107],[9.154487,45.510227],[9.196839,45.503778],[9.199965,45.503685],[9.209688,45.504234],[9.211209,45.504031],[9.212791,45.503482],[9.214406,45.502352],[9.215268,45.501068],[9.215517,45.499532],[9.215097,45.4981],[9.21325,45.495168],[9.204358,45.486314]],[[9.204296,45.486345],[9.213281,45.495265],[9.214999,45.498007],[9.215473,45.499507],[9.215267,45.500955],[9.214419,45.502284],[9.213014,45.503332],[9.211322,45.50397],[9.209669,45.504205],[9.199949,45.503652],[9.196835,45.503746],[9.154483,45.510197],[9.152622,45.510075],[9.150867,45.509582],[9.146397,45.506753],[9.144944,45.506084],[9.142817,45.505637],[9.140615,45.505712],[9.133375,45.507148],[9.122995,45.509642],[9.091685,45.5203],[9.07909,45.524235],[9.075398,45.524926],[9.071601,45.52502],[9.066548,45.524191],[9.062687,45.522584],[9.059765,45.520472],[9.056199,45.516285],[9.054132,45.514505],[9.050698,45.512572],[9.046791,45.511331],[9.043883,45.51086],[9.006498,45.506871],[8.994886,45.505207],[8.953069,45.501797],[8.909403,45.497173],[8.895691,45.495192],[8.869603,45.490474],[8.864266,45.489101],[8.834738,45.478571],[8.827738,45.47529],[8.821822,45.472939],[8.814134,45.470875],[8.807172,45.469793],[8.803125,45.469484],[8.784098,45.468894],[8.768721,45.467552],[8.752776,45.466844],[8.67302,45.468015],[8.652432,45.468045],[8.633764,45.468578],[8.626632,45.469058],[8.620089,45.469851],[8.597074,45.473439],[8.590653,45.474173],[8.582714,45.474529],[8.574628,45.47431],[8.558251,45.472848],[8.446561,45.464625],[8.393327,45.461749],[8.376311,45.46069],[8.369594,45.460074],[8.361849,45.459],[8.232865,45.437689],[8.22449,45.436088],[8.216383,45.434097],[8.209194,45.431898],[8.203461,45.429833],[8.197615,45.427421],[8.191847,45.424685],[8.18313,45.419702],[8.171082,45.411243],[8.164202,45.40488],[8.143963,45.382719],[8.138488,45.377241],[8.130978,45.370813],[8.116527,45.360312],[8.110446,45.355308],[8.005832,45.258984],[8.001817,45.255742],[7.995844,45.251655],[7.99201,45.249408],[7.986182,45.246414],[7.972299,45.240538],[7.957197,45.234977],[7.930814,45.226072],[7.896887,45.212169],[7.85478,45.193757],[7.832777,45.183292],[7.809072,45.171146],[7.789216,45.16173],[7.749127,45.141633],[7.746752,45.140084],[7.744907,45.13842],[7.741007,45.133136],[7.7397,45.13176],[7.737673,45.130228],[7.735926,45.129269],[7.732885,45.12813],[7.703453,45.118812],[7.701744,45.11815],[7.699858,45.117044],[7.698128,45.115417],[7.697189,45.113954],[7.696735,45.112673],[7.696158,45.109224],[7.694859,45.106844],[7.685898,45.098009],[7.680354,45.093024],[7.678956,45.091566],[7.677152,45.089164],[7.669473,45.078044],[7.668042,45.075583],[7.655969,45.058534],[7.654676,45.056316],[7.654472,45.055461],[7.654628,45.054044],[7.655118,45.053158],[7.656134,45.052087],[7.657169,45.051419],[7.658766,45.050832],[7.663937,45.049826],[7.666252,45.049896],[7.668435,45.050401],[7.670693,45.051478],[7.672468,45.053117],[7.674384,45.056422],[7.675338,45.058622],[7.677199,45.061218]]]}},{"type":"Feature","properties":{"id":2597120,"nome":"Ferrovia Lecco-Brescia","uso":"","operatore":"Rete Ferroviaria Italiana","dal":"","wikipedia":"it:Ferrovia Lecco-Brescia"},"geometry":{"type":"MultiLineString","coordinates":[[[9.393773,45.856415],[9.409919,45.83737],[9.410366,45.836255],[9.411053,45.832877],[9.411718,45.831308],[9.416073,45.825688],[9.416967,45.824183],[9.418857,45.817619],[9.419638,45.816587],[9.421442,45.815064],[9.422216,45.813873],[9.422455,45.812921],[9.422367,45.8118],[9.420904,45.809165],[9.42061,45.807465],[9.421208,45.805588],[9.422851,45.804024]],[[9.676797,45.69087],[9.661884,45.686011],[9.659628,45.68568],[9.657851,45.685733],[9.608712,45.69221],[9.607212,45.692702],[9.605591,45.693795],[9.602474,45.698408],[9.601788,45.699099],[9.600212,45.700053],[9.598463,45.700583],[9.596574,45.700696],[9.590503,45.700234],[9.582512,45.69889],[9.580482,45.698885],[9.578964,45.69914],[9.577118,45.699776],[9.576106,45.700402],[9.550226,45.7224],[9.547214,45.724279],[9.543639,45.725343],[9.513296,45.730031],[9.511399,45.730107],[9.50692,45.729541],[9.49986,45.730613],[9.490553,45.732793],[9.488391,45.733808],[9.48626,45.735584],[9.484974,45.736223],[9.476054,45.738898],[9.474266,45.739647],[9.472987,45.740583],[9.471893,45.741936],[9.470252,45.747342],[9.468974,45.749148],[9.459944,45.753832],[9.45782,45.755344],[9.4539,45.759561],[9.450869,45.763335],[9.448165,45.765547],[9.445804,45.768552],[9.445337,45.769419],[9.442694,45.779214],[9.442587,45.783897],[9.442129,45.785238],[9.429167,45.800186],[9.427562,45.801355],[9.423853,45.803301],[9.421248,45.805442],[9.420656,45.806815],[9.420587,45.808186],[9.420994,45.809476],[9.422273,45.811645],[9.422422,45.812795],[9.422238,45.813696],[9.421537,45.814895],[9.4196,45.816568],[9.418815,45.817603],[9.416925,45.824173],[9.41603,45.825668],[9.411668,45.831293],[9.411003,45.832865],[9.40996,45.837208],[9.39373,45.8564]],[[10.212805,45.532282],[10.20696,45.533588],[10.176518,45.535885],[10.143868,45.547439],[10.140218,45.548324],[10.137168,45.548759],[10.132247,45.548899],[10.04812,45.544735],[10.043937,45.545216],[9.996496,45.552993],[9.994742,45.553641],[9.981876,45.559725],[9.972014,45.562562],[9.923202,45.581259],[9.920732,45.582521],[9.875494,45.61758],[9.852986,45.64688],[9.851514,45.648307],[9.849111,45.64964],[9.822205,45.659588],[9.802144,45.675077],[9.799986,45.676428],[9.797136,45.677318],[9.744158,45.687081],[9.740434,45.686871],[9.720618,45.682206],[9.717704,45.681979],[9.715738,45.682131],[9.689533,45.690632],[9.687358,45.691205],[9.684885,45.691424]],[[10.008732,45.550897],[10.044981,45.545091],[10.048124,45.544769],[10.132244,45.548939],[10.137179,45.548797],[10.140239,45.548369],[10.143882,45.547476],[10.176516,45.535919],[10.206969,45.533615],[10.212823,45.532319]]]}},{"type":"Feature","properties":{"id":2597121,"nome":"Ferrovia Seregno-Bergamo","uso":"","operatore":"Rete Ferroviaria Italiana","dal":"","wikipedia":"it:Ferrovia Seregno-Bergamo"},"geometry":{"type":"MultiLineString","coordinates":[[[9.439047,45.678379],[9.439324,45.67836],[9.439047,45.678379]],[[9.204993,45.644697],[9.207897,45.642989],[9.206647,45.643504],[9.202891,45.645981]],[[9.207897,45.642989],[9.209355,45.642587],[9.211031,45.642437],[9.274695,45.642451],[9.287443,45.641066],[9.289284,45.641219],[9.30635,45.644492],[9.329574,45.646234],[9.332416,45.646282],[9.338554,45.64546],[9.363287,45.646099],[9.365719,45.646889],[9.370504,45.649419],[9.371991,45.65042],[9.38154,45.658899],[9.386182,45.665343],[9.387467,45.666741],[9.389582,45.668259],[9.392923,45.669608],[9.447599,45.679868],[9.45039,45.680926],[9.45475,45.683992],[9.456183,45.684399],[9.482757,45.684029],[9.540551,45.689096],[9.545347,45.690285],[9.571699,45.699508],[9.573528,45.699949],[9.575983,45.699928],[9.579399,45.699006],[9.581869,45.698816],[9.590503,45.700234],[9.596574,45.700696],[9.598463,45.700583],[9.600212,45.700053],[9.601788,45.699099],[9.602474,45.698408],[9.605591,45.693795],[9.607212,45.692702],[9.608712,45.69221],[9.657851,45.685733],[9.659628,45.68568],[9.661884,45.686011],[9.673449,45.68977]],[[9.453916,45.683454],[9.451368,45.681627]]]}},{"type":"Feature","properties":{"id":2905498,"nome":"Funicolare di Capri","uso":"","operatore":"Unico Campania","dal":"","wikipedia":"fr:Funiculaire de Capri"},"geometry":{"type":"MultiLineString","coordinates":[[[14.239073,40.555749],[14.242356,40.552362],[14.242676,40.550993]],[[14.239139,40.555751],[14.239139,40.555751]]]}},{"type":"Feature","properties":{"id":2981325,"nome":"Ligne de Culoz à Modane","uso":"","operatore":"SNCF Réseau","dal":"","wikipedia":"fr:Ligne de Culoz à Modane (frontière)"},"geometry":{"type":"MultiLineString","coordinates":[[[6.660319,45.178485],[6.682099,45.140125]],[[6.682057,45.14013],[6.660283,45.17848]]]}},{"type":"Feature","properties":{"id":3152298,"nome":"Ferrovia Lucca - Pisa","uso":"regional","operatore":"Rete Ferroviaria Italiana","dal":"","wikipedia":"it:Ferrovia Lucca-Pisa"},"geometry":{"type":"MultiLineString","coordinates":[[[10.402765,43.707012],[10.401093,43.707593],[10.392054,43.709426],[10.390905,43.70991],[10.389877,43.710815],[10.3876,43.71529],[10.387163,43.716771],[10.387422,43.719672],[10.387986,43.722737],[10.388318,43.72353],[10.389156,43.724545],[10.390704,43.725853],[10.435808,43.763237],[10.43662,43.764211],[10.436992,43.76533],[10.436856,43.766538],[10.436188,43.767684],[10.421436,43.785431],[10.412123,43.808897],[10.411825,43.811061],[10.412185,43.813008],[10.415857,43.821971],[10.418993,43.827892],[10.419863,43.828687],[10.420911,43.829228],[10.440678,43.835811],[10.448295,43.837357],[10.458028,43.838911],[10.464614,43.839137],[10.510964,43.836975]]]}},{"type":"Feature","properties":{"id":3158739,"nome":"Servizio Ferroviario Urbano di Bari (Bari Santo Spirito → Bari Torre a Mare)","uso":"","operatore":"Trenitalia","dal":"","wikipedia":""},"geometry":{"type":"MultiLineString","coordinates":[[[16.745851,41.159711],[16.828793,41.127128]],[[16.836672,41.124019],[16.852614,41.117679],[16.854738,41.117096],[16.85678,41.116964],[16.878902,41.118283],[16.881573,41.118257],[16.915037,41.111727]],[[16.922475,41.110254],[16.927436,41.109155],[16.93183,41.107488],[16.954847,41.094696],[16.95761,41.093437],[16.994384,41.08303]]]}},{"type":"Feature","properties":{"id":3158740,"nome":"Servizio Ferroviario Urbano di Bari (Bari Torre a Mare → Bari Santo Spirito)","uso":"","operatore":"Trenitalia","dal":"","wikipedia":""},"geometry":{"type":"MultiLineString","coordinates":[[[16.922475,41.110254],[16.927436,41.109155],[16.93183,41.107488],[16.954847,41.094696],[16.95761,41.093437],[16.994384,41.08303]],[[16.745851,41.159711],[16.853585,41.117351],[16.85678,41.116964],[16.878902,41.118283],[16.881573,41.118257],[16.915037,41.111727]]]}},{"type":"Feature","properties":{"id":3175045,"nome":"Ferrovia Palo - Ladispoli","uso":"","operatore":"","dal":"","wikipedia":"it:Ferrovia Palo-Ladispoli"},"geometry":{"type":"MultiLineString","coordinates":[[[12.101883,41.939756],[12.094265,41.943665],[12.086136,41.945557],[12.078417,41.948647]]]}},{"type":"Feature","properties":{"id":3183400,"nome":"Tranvia di Carrara","uso":"","operatore":"","dal":"1915","wikipedia":"it:Tranvia Carrara-Marina di Carrara"},"geometry":{"type":"MultiLineString","coordinates":[[[10.060257,44.052565],[10.048282,44.041827],[10.043832,44.035964],[10.030646,44.040908]],[[10.097179,44.076244],[10.09764,44.076507],[10.09806,44.076247],[10.097234,44.07629],[10.094867,44.074398],[10.09245,44.071889],[10.091211,44.07114],[10.082139,44.069628],[10.079365,44.068699],[10.077298,44.067593],[10.074701,44.065511],[10.060332,44.05263]],[[10.053708,44.046643],[10.057777,44.047345],[10.059163,44.047823],[10.060179,44.048426],[10.062613,44.051051]],[[10.05778,44.050356],[10.0581,44.050313],[10.060179,44.048426]]]}},{"type":"Feature","properties":{"id":3208694,"nome":"Ferrovia della Valmorea","uso":"","operatore":"Ferrovienord","dal":"","wikipedia":"it:Ferrovia di Valmorea"},"geometry":{"type":"MultiLineString","coordinates":[[[8.935123,45.844743],[8.93272,45.83646],[8.930381,45.834325],[8.929416,45.832529],[8.929167,45.831166],[8.929461,45.828796],[8.92935,45.827239],[8.928252,45.825379],[8.927963,45.822399],[8.927186,45.821196],[8.925406,45.82027],[8.917991,45.818631],[8.914299,45.816331],[8.909462,45.814885],[8.907316,45.815304],[8.904315,45.816569],[8.902458,45.816725],[8.901079,45.816443],[8.900227,45.816046],[8.897303,45.81386],[8.890054,45.810991],[8.882007,45.808186],[8.874125,45.80374],[8.87316,45.802728],[8.872594,45.800955],[8.871838,45.799996],[8.867704,45.797489],[8.865138,45.796676],[8.86304,45.795414],[8.856624,45.790716],[8.855867,45.78965],[8.855751,45.789108],[8.855938,45.788272],[8.856926,45.787124],[8.858253,45.786528],[8.862355,45.785639],[8.864311,45.78446]],[[8.925064,45.820195],[8.922107,45.819522]],[[8.855744,45.788423],[8.855744,45.788423]]]}},{"type":"Feature","properties":{"id":3282458,"nome":"Linea Caltanissetta Xirbi - Gela - Siracusa","uso":"","operatore":"Rete Ferroviaria Italiana","dal":"","wikipedia":"it:Ferrovia Caltanissetta Xirbi-Gela-Siracusa"},"geometry":{"type":"MultiLineString","coordinates":[[[14.915903,36.778869],[14.912883,36.777315],[14.917056,36.779614],[14.917553,36.780391],[14.91806,36.78237],[14.918977,36.783481],[14.92005,36.784116],[14.922414,36.784737],[14.923811,36.78554],[14.933007,36.795103],[14.934551,36.797273],[14.941835,36.80485],[14.942589,36.805302],[14.944937,36.805997],[14.945853,36.806637],[14.948527,36.809521],[14.948869,36.810357],[14.948999,36.811898],[14.949571,36.812967],[14.951748,36.814787],[14.956279,36.819284],[14.958091,36.819859],[14.962052,36.819709],[14.965036,36.821099],[14.966025,36.821328],[14.967215,36.821292],[14.969936,36.820531],[14.97211,36.820741],[14.976725,36.823366],[14.981329,36.824151],[14.983574,36.824995],[14.985112,36.826242],[14.986766,36.828722],[14.988467,36.829975],[14.990099,36.831644],[14.99108,36.832131],[14.995309,36.8324],[14.996343,36.832923],[14.997706,36.834007],[14.998772,36.834455],[15.002111,36.834899],[15.023294,36.840267],[15.026716,36.841445],[15.029943,36.841388],[15.032809,36.84208],[15.033952,36.842712],[15.035899,36.84492],[15.038733,36.846201],[15.040063,36.848172],[15.041188,36.849087],[15.042726,36.849478],[15.045794,36.849071],[15.04723,36.849247],[15.048593,36.85009],[15.050014,36.851966],[15.051535,36.853289],[15.054307,36.854103],[15.0574,36.855981],[15.060182,36.856198],[15.061605,36.856693],[15.062503,36.857497],[15.064614,36.860156],[15.067817,36.861537],[15.072553,36.864461],[15.07563,36.867113],[15.076716,36.86859],[15.077218,36.875232],[15.077048,36.876011],[15.076437,36.876886],[15.075569,36.87748],[15.074441,36.877817],[15.072035,36.878029],[15.070801,36.878733],[15.070275,36.879568],[15.070181,36.880215],[15.070439,36.881102],[15.070948,36.88169],[15.072347,36.882339],[15.074951,36.882444],[15.077364,36.881732],[15.079541,36.880349],[15.081386,36.880184],[15.08239,36.880541],[15.083047,36.881069],[15.083431,36.881674],[15.083811,36.883572],[15.084165,36.88429],[15.084878,36.885014],[15.086113,36.885626],[15.089385,36.886226],[15.09057,36.886168],[15.091809,36.885749],[15.09511,36.883894],[15.097276,36.883717],[15.099155,36.88426],[15.102033,36.88628],[15.104064,36.887118],[15.108269,36.887734],[15.10976,36.888239],[15.111086,36.889477],[15.111465,36.890541],[15.111692,36.892809],[15.112378,36.894499],[15.112998,36.895421],[15.116855,36.897735],[15.119483,36.901578],[15.123132,36.903596],[15.124494,36.904859],[15.128948,36.914705],[15.129858,36.915824],[15.136755,36.919561],[15.139091,36.922586],[15.140395,36.923565],[15.150413,36.928013],[15.151945,36.928945],[15.156004,36.932924],[15.16021,36.935215],[15.164008,36.93845],[15.167778,36.943255],[15.168739,36.944035],[15.170618,36.944598],[15.174587,36.944408],[15.175799,36.944696],[15.176885,36.945304],[15.177554,36.946031],[15.177938,36.946863],[15.177809,36.949539],[15.178048,36.950469],[15.178579,36.951278],[15.180065,36.952247],[15.183906,36.952864],[15.185702,36.953912],[15.186448,36.954896],[15.1888,36.959992],[15.193819,36.964156],[15.195638,36.966946],[15.196133,36.967397],[15.197323,36.967961],[15.198347,36.968088],[15.201369,36.967502],[15.202651,36.967516],[15.205509,36.968793],[15.206756,36.96908],[15.217258,36.969207],[15.218738,36.969627],[15.219767,36.970257],[15.220427,36.97094],[15.22093,36.972015],[15.221154,36.975864],[15.221908,36.977686],[15.226612,36.98346],[15.23745,36.992621],[15.241125,36.999484],[15.24635,37.006406],[15.250128,37.01276],[15.253968,37.017381],[15.254677,37.018705],[15.254997,37.020589],[15.255001,37.023024],[15.254761,37.024248],[15.254219,37.025404],[15.251435,37.029436],[15.251028,37.031185],[15.251501,37.03293],[15.254484,37.03638],[15.255194,37.038257],[15.254828,37.041202],[15.255488,37.043991],[15.255529,37.046724],[15.255284,37.047669],[15.253116,37.052286],[15.253042,37.0535],[15.253421,37.054744],[15.253933,37.055465],[15.263506,37.064749],[15.272035,37.070068],[15.273669,37.070659],[15.275465,37.070775],[15.2771,37.07045],[15.279571,37.069418]],[[13.855019,37.361481],[13.856158,37.356448],[13.857354,37.35419],[13.85768,37.352882],[13.857252,37.350946],[13.855353,37.348478],[13.854821,37.346989],[13.855192,37.343592],[13.854684,37.339098],[13.854887,37.338102],[13.855855,37.336629],[13.856845,37.335841],[13.863843,37.331624],[13.866316,37.329143],[13.867906,37.327188],[13.8694,37.326572],[13.872556,37.326152],[13.876243,37.324939],[13.877553,37.323929],[13.878992,37.321921],[13.879981,37.321032],[13.886404,37.31712],[13.887989,37.316481],[13.890389,37.316312],[13.896662,37.31783],[13.902615,37.318196],[13.909306,37.320917],[13.911444,37.320827],[13.913327,37.319933],[13.914322,37.318759],[13.915021,37.316632],[13.916146,37.314594],[13.916069,37.313589],[13.914631,37.31036],[13.914558,37.309417],[13.914824,37.30834],[13.916205,37.306663],[13.919554,37.304804],[13.9203,37.303905],[13.920697,37.30298],[13.920771,37.301626],[13.919743,37.298782],[13.919448,37.29539],[13.919608,37.293754],[13.920479,37.291894],[13.921796,37.29051],[13.923903,37.289286],[13.926255,37.288674],[13.93107,37.288433],[13.932659,37.28774],[13.933808,37.286701],[13.934363,37.28568],[13.934547,37.2844],[13.934289,37.283304],[13.93331,37.281219],[13.933242,37.280214],[13.933478,37.279244],[13.934629,37.277696],[13.936855,37.27629],[13.937792,37.275347],[13.938375,37.27412],[13.93852,37.271823],[13.938844,37.270874],[13.941773,37.267008],[13.942986,37.266262],[13.944138,37.265938],[13.952626,37.265169],[13.955158,37.264117],[13.956141,37.262812],[13.956145,37.26148],[13.954908,37.258899],[13.954277,37.257874],[13.952428,37.255911],[13.951653,37.253747],[13.951228,37.253134],[13.950354,37.252478],[13.943676,37.249279],[13.941968,37.247803],[13.940985,37.246339],[13.938845,37.244877],[13.938154,37.243691],[13.937668,37.23686],[13.937838,37.235701],[13.939925,37.232993],[13.941594,37.231671],[13.942155,37.230915],[13.942348,37.229549],[13.941493,37.2272],[13.941994,37.225771],[13.94719,37.222153],[13.948319,37.220643],[13.948641,37.219621],[13.948662,37.218485],[13.947863,37.216551],[13.946401,37.215199],[13.944319,37.21435],[13.94256,37.214153],[13.938476,37.214459],[13.932846,37.212902],[13.931387,37.212022],[13.929074,37.209699],[13.927296,37.208824],[13.925314,37.208555],[13.921454,37.208851],[13.916668,37.208255],[13.914642,37.2075],[13.913574,37.206484],[13.913056,37.20554],[13.912832,37.204569],[13.912922,37.203492],[13.913869,37.201867],[13.916874,37.199488],[13.917948,37.198138],[13.918111,37.19681],[13.917955,37.19558],[13.917134,37.194043],[13.914402,37.191393],[13.910407,37.186517],[13.908779,37.185191],[13.906504,37.184496],[13.89745,37.184033],[13.895598,37.183272],[13.894396,37.181953],[13.894131,37.181003],[13.89423,37.180144],[13.894665,37.179382],[13.895473,37.17864],[13.903131,37.175306],[13.905927,37.173205],[13.908173,37.171025],[13.911578,37.16902],[13.912284,37.168191],[13.912771,37.167025],[13.912769,37.1656],[13.91233,37.164518],[13.910201,37.162271],[13.908744,37.159559],[13.90773,37.158687],[13.90662,37.158138],[13.904984,37.157804],[13.899133,37.157748],[13.894579,37.158242],[13.892574,37.157957],[13.888693,37.156775],[13.887461,37.156749],[13.884603,37.15717],[13.882238,37.156978],[13.880335,37.156281],[13.878789,37.155151],[13.877725,37.153639],[13.877311,37.152077],[13.877433,37.150765],[13.877855,37.149647],[13.878613,37.148569],[13.879535,37.147761],[13.922393,37.116333],[13.924552,37.115294],[13.928908,37.114043],[13.931155,37.112787],[13.940043,37.104337],[13.941826,37.103964],[13.945028,37.104592],[13.95248,37.108183],[13.96515,37.111495],[13.968765,37.112001],[13.976464,37.11246],[13.979762,37.112419],[13.982432,37.113311],[13.985194,37.115462],[13.986172,37.11594],[13.987654,37.116289],[13.989059,37.116283],[13.990836,37.115798],[13.991847,37.115196],[13.993885,37.11306],[13.996199,37.111978],[14.002999,37.111103],[14.004187,37.111275],[14.006193,37.112085],[14.007547,37.112218],[14.01061,37.111119],[14.012006,37.111028],[14.017458,37.112578],[14.019388,37.113534],[14.020817,37.113846],[14.022415,37.113571],[14.025171,37.112143],[14.02734,37.111822],[14.055914,37.113875],[14.057878,37.114551],[14.061086,37.116596],[14.063415,37.11697],[14.064949,37.117548],[14.069299,37.121137],[14.070609,37.121907],[14.071588,37.122106],[14.07286,37.122012],[14.075233,37.120879],[14.076147,37.120672],[14.077549,37.120764],[14.07862,37.1212],[14.080892,37.123005],[14.082777,37.126143],[14.083788,37.126759],[14.085845,37.127465],[14.091367,37.131134],[14.0941,37.133519],[14.095603,37.136139],[14.096739,37.137459],[14.098319,37.138533],[14.100228,37.139255],[14.101897,37.139523],[14.107232,37.139402],[14.108303,37.139039],[14.11183,37.137015],[14.112685,37.136847],[14.114005,37.136951],[14.115591,37.137759],[14.117532,37.140267],[14.119924,37.142557],[14.121403,37.143261],[14.124442,37.143927],[14.126371,37.143583],[14.130424,37.140968],[14.132305,37.140527],[14.13415,37.140603],[14.140569,37.142191],[14.143534,37.143617],[14.145378,37.145028],[14.146932,37.147732],[14.147786,37.148657],[14.149464,37.149633],[14.151251,37.150044],[14.152717,37.150021],[14.155496,37.149464],[14.159385,37.148067],[14.165659,37.147118],[14.168251,37.147059],[14.169355,37.146826],[14.170344,37.146278],[14.174604,37.142617],[14.17679,37.141398],[14.178178,37.13986],[14.17848,37.138498],[14.177975,37.136928],[14.178022,37.135811],[14.180089,37.132897],[14.180486,37.129396],[14.181004,37.128203],[14.181692,37.127366],[14.183849,37.125626],[14.18446,37.124773],[14.185294,37.120206],[14.186204,37.118327],[14.187794,37.11693],[14.200351,37.110206],[14.202484,37.108449],[14.219701,37.082518],[14.220546,37.081614],[14.221959,37.080748],[14.238924,37.076871],[14.240793,37.076925],[14.245966,37.078053],[14.247734,37.077953],[14.249732,37.077348],[14.26619,37.06961],[14.277126,37.06222],[14.280095,37.058954],[14.286857,37.055619],[14.299337,37.047229],[14.301675,37.046679],[14.304528,37.047129],[14.305988,37.047029],[14.325387,37.040499],[14.32725,37.039395],[14.330259,37.036933],[14.332247,37.03585],[14.334692,37.035084],[14.338456,37.034394],[14.339797,37.033888],[14.344043,37.030539],[14.352394,37.025862],[14.356608,37.023919],[14.357444,37.023129],[14.358569,37.021318],[14.359554,37.020508],[14.361356,37.019792],[14.371325,37.014745],[14.38986,37.006813],[14.392151,37.006626],[14.394048,37.007406],[14.395867,37.009585],[14.397643,37.012754],[14.398469,37.01356],[14.400781,37.015072],[14.402256,37.015572],[14.405349,37.016068],[14.408083,37.017207],[14.409296,37.01728],[14.410711,37.016896],[14.412018,37.015716],[14.413499,37.013102],[14.414915,37.009458],[14.417966,37.005294],[14.419601,37.00059],[14.420348,36.999503],[14.421568,36.998372],[14.422799,36.997682],[14.432188,36.994034],[14.436104,36.993402],[14.436928,36.99308],[14.440206,36.989923],[14.441869,36.989005],[14.44771,36.987309],[14.451849,36.986565],[14.453266,36.985958],[14.45792,36.981498],[14.473595,36.973031],[14.474281,36.972426],[14.47651,36.969262],[14.477819,36.968162],[14.479494,36.967489],[14.482888,36.967042],[14.484006,36.966651],[14.494102,36.961067],[14.509034,36.957694],[14.511048,36.9575],[14.516544,36.957493],[14.520138,36.95788],[14.540737,36.961445],[14.542661,36.960989],[14.546022,36.958607],[14.547092,36.9581],[14.548481,36.95774],[14.552734,36.957321],[14.554101,36.957518],[14.555268,36.958154],[14.555948,36.959017],[14.556745,36.960858],[14.557619,36.961649],[14.559227,36.962295],[14.560908,36.962392],[14.562991,36.961671],[14.566804,36.958739],[14.567965,36.958141],[14.59762,36.951617],[14.599641,36.950806],[14.600425,36.949843],[14.600623,36.948598],[14.599813,36.945065],[14.598764,36.944047],[14.596917,36.943396],[14.59346,36.943058],[14.591128,36.941811],[14.589451,36.941191],[14.588389,36.940475],[14.587521,36.938589],[14.586717,36.937581],[14.584708,36.936539],[14.583256,36.936266],[14.58063,36.936247],[14.577678,36.93571],[14.574317,36.935538],[14.570814,36.934841],[14.568902,36.933882],[14.567444,36.932438],[14.565932,36.928548],[14.565044,36.927424],[14.563549,36.926339],[14.560708,36.924932],[14.558211,36.921877],[14.554067,36.918571],[14.552342,36.915466],[14.548966,36.912283],[14.548498,36.911179],[14.548255,36.909672],[14.547531,36.908137],[14.546618,36.907138],[14.544367,36.905473],[14.543661,36.904329],[14.542824,36.901131],[14.542986,36.898354],[14.54205,36.895256],[14.542169,36.894109],[14.543418,36.892301],[14.544018,36.890498],[14.543943,36.889206],[14.543012,36.887515],[14.542844,36.886484],[14.543149,36.885567],[14.544232,36.88408],[14.544485,36.883183],[14.544161,36.881965],[14.541983,36.878832],[14.541731,36.87734],[14.542119,36.876024],[14.542628,36.8752],[14.543655,36.87434],[14.544563,36.873916],[14.546019,36.873629],[14.547539,36.87375],[14.555038,36.876258],[14.560747,36.877341],[14.561917,36.87782],[14.563702,36.879078],[14.566636,36.880111],[14.569377,36.882503],[14.569818,36.883405],[14.570292,36.885774],[14.574419,36.889998],[14.575517,36.891383],[14.579051,36.894177],[14.582258,36.896231],[14.584141,36.898187],[14.585948,36.89893],[14.587715,36.898758],[14.5901,36.897443],[14.59189,36.897079],[14.593246,36.89716],[14.596326,36.897985],[14.600235,36.897786],[14.602756,36.896441],[14.605465,36.895863],[14.606613,36.89535],[14.607565,36.894466],[14.608305,36.892879],[14.608724,36.889487],[14.608337,36.887819],[14.606388,36.884985],[14.60624,36.88418],[14.606424,36.883309],[14.60699,36.882498],[14.608011,36.881816],[14.611604,36.880421],[14.613098,36.880246],[14.615985,36.88107],[14.622772,36.882421],[14.631552,36.885039],[14.633655,36.885208],[14.636815,36.88488],[14.638521,36.885207],[14.639822,36.885871],[14.644536,36.889475],[14.647665,36.891509],[14.660139,36.898141],[14.662434,36.898878],[14.670049,36.900128],[14.6807,36.903118],[14.687051,36.903562],[14.692212,36.903026],[14.695986,36.90337],[14.710756,36.902501],[14.715798,36.903082],[14.71663,36.903486],[14.71731,36.904134],[14.718601,36.907482],[14.721119,36.909506],[14.721705,36.91061],[14.721643,36.911684],[14.720838,36.913849],[14.720714,36.916823],[14.721105,36.918846],[14.721055,36.921316],[14.721932,36.922481],[14.722824,36.922879],[14.723951,36.92292],[14.724872,36.92264],[14.725627,36.922028],[14.725967,36.921036],[14.725609,36.917546],[14.726195,36.916634],[14.727315,36.916108],[14.731915,36.916702],[14.733219,36.917264],[14.73417,36.918318],[14.734492,36.92022],[14.734989,36.921152],[14.735757,36.921839],[14.736832,36.922242],[14.738708,36.922244],[14.74031,36.921471],[14.741069,36.920221],[14.740948,36.918611],[14.739803,36.917474],[14.738102,36.916988],[14.736239,36.917278],[14.735221,36.917919],[14.734146,36.919285],[14.73326,36.922084],[14.729653,36.927049],[14.727806,36.930167],[14.727519,36.931152],[14.727791,36.932122],[14.730926,36.936436],[14.732497,36.937286],[14.7382,36.938082],[14.740357,36.938676],[14.74133,36.93938],[14.742693,36.941316],[14.743305,36.941726],[14.744648,36.942132],[14.747509,36.942268],[14.750129,36.941617],[14.752992,36.941433],[14.75506,36.9405],[14.756076,36.939294],[14.756189,36.938265],[14.755998,36.937614],[14.754193,36.934487],[14.752664,36.93321],[14.750965,36.931328],[14.750023,36.929263],[14.750481,36.928101],[14.752861,36.925775],[14.753284,36.924641],[14.753026,36.922838],[14.751793,36.920502],[14.751826,36.91785],[14.751173,36.915797],[14.75119,36.913328],[14.751611,36.910968],[14.752398,36.908844],[14.752142,36.906938],[14.752151,36.904621],[14.751541,36.903637],[14.750711,36.903042],[14.747739,36.902335],[14.746701,36.901832],[14.746031,36.901154],[14.745341,36.899042],[14.744703,36.898098],[14.739055,36.895184],[14.737776,36.89395],[14.737531,36.893158],[14.737659,36.891108],[14.738781,36.887754],[14.738827,36.886849],[14.738225,36.885165],[14.735428,36.880313],[14.734245,36.87477],[14.732926,36.870881],[14.732862,36.870182],[14.733376,36.86887],[14.735798,36.866835],[14.737358,36.863556],[14.738121,36.862651],[14.739588,36.861971],[14.748502,36.859172],[14.751429,36.857931],[14.755276,36.856042],[14.755632,36.855556],[14.755618,36.854993],[14.754963,36.853819],[14.754157,36.852964],[14.750918,36.850899],[14.747849,36.846051],[14.746808,36.845425],[14.744975,36.84475],[14.744189,36.844176],[14.743628,36.843269],[14.742732,36.840638],[14.742152,36.840057],[14.737567,36.837622],[14.735751,36.836207],[14.733688,36.83541],[14.731775,36.833645],[14.730365,36.833273],[14.727224,36.833014],[14.725656,36.832154],[14.725068,36.831295],[14.724846,36.829917],[14.723768,36.827167],[14.723856,36.825521],[14.72367,36.824664],[14.721165,36.821918],[14.719681,36.821322],[14.718472,36.821285],[14.717265,36.821615],[14.715395,36.822592],[14.713696,36.822736],[14.711981,36.822097],[14.710415,36.82049],[14.709376,36.819224],[14.709037,36.818181],[14.709206,36.817203],[14.710229,36.81548],[14.710224,36.814],[14.709134,36.809922],[14.706974,36.805383],[14.706561,36.802662],[14.704975,36.800556],[14.703354,36.797746],[14.701121,36.795213],[14.700817,36.794308],[14.700852,36.792315],[14.700467,36.791413],[14.697059,36.788652],[14.695273,36.785661],[14.692896,36.783698],[14.69214,36.782495],[14.691756,36.776505],[14.69253,36.774775],[14.694007,36.77277],[14.696803,36.771205],[14.700837,36.767992],[14.703919,36.764028],[14.704755,36.760101],[14.703943,36.754764],[14.703967,36.753778],[14.704557,36.752749],[14.706152,36.751054],[14.70649,36.749813],[14.70613,36.748681],[14.702546,36.743889],[14.702214,36.743146],[14.702194,36.742141],[14.702691,36.740892],[14.703241,36.740145],[14.703988,36.739607],[14.71211,36.737275],[14.715015,36.735186],[14.721953,36.732778],[14.725669,36.732586],[14.730735,36.732985],[14.733629,36.732671],[14.736318,36.733177],[14.737752,36.733165],[14.74248,36.732535],[14.751345,36.729883],[14.752939,36.729631],[14.757001,36.73045],[14.759847,36.732219],[14.760883,36.732642],[14.765108,36.732682],[14.767715,36.733885],[14.768987,36.734122],[14.77011,36.734017],[14.77281,36.732895],[14.774157,36.732681],[14.77557,36.732816],[14.778034,36.733675],[14.779417,36.733724],[14.784056,36.731775],[14.785359,36.731624],[14.792561,36.733855],[14.794433,36.734056],[14.796221,36.733637],[14.79946,36.731955],[14.801384,36.731633],[14.803319,36.732124],[14.806575,36.734421],[14.808521,36.734772],[14.810389,36.734159],[14.813198,36.731654],[14.81428,36.731232],[14.815576,36.731056],[14.816817,36.731175],[14.833006,36.734796],[14.834647,36.734589],[14.8378,36.733198],[14.839771,36.732796],[14.849075,36.733906],[14.851122,36.734591],[14.852919,36.735937],[14.856579,36.74186],[14.858409,36.743727],[14.859603,36.744196],[14.861038,36.744251],[14.862153,36.743923],[14.864411,36.742733],[14.865682,36.742623],[14.866811,36.742864],[14.878748,36.750982],[14.886998,36.754703],[14.887854,36.75549],[14.889287,36.75754],[14.890436,36.762514],[14.890881,36.763444],[14.892051,36.764439],[14.89447,36.765265],[14.895322,36.765852],[14.895876,36.7666],[14.896371,36.768158],[14.897046,36.769027],[14.912883,36.777315]],[[14.056919,37.536184],[14.052095,37.535436],[14.050276,37.534683],[14.047593,37.533095],[14.046606,37.53205],[14.045324,37.529577],[14.043358,37.527727],[14.042677,37.526481],[14.042282,37.524797],[14.042428,37.523464],[14.044059,37.519933],[14.046743,37.517019],[14.047585,37.5132],[14.049756,37.510518],[14.050014,37.508955],[14.049172,37.506613],[14.049215,37.505189],[14.056462,37.4909],[14.057351,37.488492],[14.057331,37.487021],[14.056748,37.485707],[14.053161,37.48285],[14.049437,37.477671],[14.048453,37.476984],[14.047202,37.476565],[14.043149,37.476628],[14.039577,37.476297],[14.038727,37.476041],[14.037584,37.475462],[14.035485,37.47353],[14.034174,37.472766],[14.028806,37.471074],[14.027014,37.470783],[14.024285,37.471106],[14.018975,37.472631],[14.01724,37.47269],[14.014455,37.472282],[14.008998,37.47247],[14.007035,37.472845],[14.003769,37.474076],[14.001692,37.474047],[13.999817,37.473313],[13.998401,37.472025],[13.997987,37.471128],[13.99725,37.467876],[13.996419,37.466489],[13.9952,37.465574],[13.993128,37.464524],[13.992184,37.463551],[13.991519,37.461912],[13.99178,37.459548],[13.991552,37.458255],[13.990561,37.456926],[13.989434,37.456347],[13.987916,37.456078],[13.981882,37.456083],[13.98037,37.4557],[13.97751,37.454381],[13.976014,37.454099],[13.972557,37.454119],[13.969456,37.453621],[13.966492,37.453905],[13.965195,37.45376],[13.963833,37.453083],[13.96253,37.45196],[13.959937,37.451314],[13.958849,37.450822],[13.957982,37.450005],[13.956803,37.448163],[13.955128,37.447217],[13.951212,37.446648],[13.946619,37.445204],[13.936604,37.444359],[13.932373,37.443208],[13.929816,37.443416],[13.92594,37.445293],[13.924369,37.445512],[13.920253,37.445489],[13.916215,37.447043],[13.914674,37.447297],[13.912626,37.447214],[13.903504,37.444323],[13.898015,37.443226],[13.895523,37.441485],[13.890109,37.43898],[13.887886,37.436873],[13.885765,37.435357],[13.883723,37.432175],[13.878824,37.428025],[13.871614,37.423259],[13.869559,37.421463],[13.867161,37.420415],[13.865895,37.419182],[13.865443,37.417754],[13.865531,37.416885],[13.866511,37.414578],[13.866558,37.413022],[13.865673,37.411119],[13.863242,37.409143],[13.862348,37.407543],[13.862328,37.406355],[13.863423,37.40414],[13.86366,37.40294],[13.861665,37.396359],[13.860579,37.394886],[13.85805,37.392829],[13.85632,37.39048],[13.84924,37.386663],[13.847226,37.384854],[13.846258,37.38325],[13.845862,37.3819],[13.845823,37.380548],[13.84643,37.376185],[13.846913,37.375142],[13.847904,37.374173],[13.851584,37.371809],[13.855298,37.370166],[13.856193,37.369325],[13.856659,37.368503],[13.856856,37.367736],[13.856739,37.366578],[13.85502,37.363776],[13.85493,37.362184]],[[14.84852,36.733823],[14.844504,36.733298]]]}},{"type":"Feature","properties":{"id":3312947,"nome":"Funicolare Vellone-Campo dei Fiori","uso":"","operatore":"","dal":"","wikipedia":"it:Funicolare Vellone-Campo dei Fiori"},"geometry":{"type":"MultiLineString","coordinates":[[[8.787659,45.858421],[8.786065,45.85877],[8.784486,45.859598],[8.78245,45.86187],[8.78165,45.863932]],[[8.781519,45.863919],[8.781654,45.86406],[8.781519,45.863919]]]}},{"type":"Feature","properties":{"id":3414505,"nome":"Ferrovia Parma-Brescia","uso":"","operatore":"Rete Ferroviaria Italiana","dal":"","wikipedia":"it:Ferrovia Parma-Brescia"},"geometry":{"type":"MultiLineString","coordinates":[[[10.326044,44.810822],[10.329474,44.810148],[10.338932,44.807451],[10.340285,44.807251],[10.342217,44.807385],[10.343937,44.807912],[10.34538,44.808805],[10.34639,44.810001],[10.3468,44.811166],[10.347473,44.816145],[10.351272,44.85096],[10.351666,44.853189],[10.373625,44.916514],[10.374676,44.918195],[10.381255,44.924521],[10.382327,44.925984],[10.392524,44.95844],[10.393876,44.96214],[10.39491,44.963701],[10.396916,44.965531],[10.424518,44.982679],[10.426236,44.984292],[10.427301,44.986502],[10.427481,44.987612],[10.427318,44.988982],[10.426569,44.990699],[10.381082,45.063745],[10.379584,45.066674],[10.378956,45.068856],[10.377123,45.077896],[10.376267,45.083483],[10.378841,45.121939],[10.378551,45.123546],[10.37771,45.124754],[10.375608,45.126112],[10.373814,45.12673],[10.363622,45.12925],[10.361955,45.130506],[10.361372,45.131809],[10.361404,45.132818],[10.361788,45.133716],[10.367269,45.141832],[10.368274,45.143771],[10.401005,45.208888],[10.402113,45.211505],[10.402682,45.215038],[10.401949,45.225759],[10.401609,45.227196],[10.361949,45.317967],[10.364385,45.312423]],[[10.324424,44.811086],[10.329598,44.810078],[10.33906,44.807379],[10.341102,44.807218],[10.343533,44.807707],[10.345467,44.808823],[10.346589,44.810288],[10.34696,44.81215]],[[10.361949,45.317967],[10.34355,45.359969],[10.342426,45.361961],[10.341076,45.363736],[10.323983,45.382023],[10.320472,45.385276],[10.271722,45.414743],[10.268584,45.416722],[10.266832,45.418132],[10.211423,45.485698],[10.210836,45.487081],[10.210867,45.488815],[10.22097,45.519472],[10.222472,45.5212],[10.227505,45.524168],[10.228186,45.52509],[10.22846,45.526212],[10.228234,45.527332],[10.227737,45.528125],[10.226705,45.528999],[10.225537,45.529534],[10.224079,45.529762],[10.221723,45.529689],[10.21682,45.53051],[10.212768,45.531504],[10.210854,45.532315]],[[10.337327,44.807932],[10.338271,44.807658]]]}},{"type":"Feature","properties":{"id":3437042,"nome":"Cepišče Prešnica - Koper","uso":"","operatore":"SŽ Infrastruktura","dal":"","wikipedia":""},"geometry":{"type":"MultiLineString","coordinates":[[[13.853444,45.541616],[13.850361,45.542151],[13.846515,45.543718],[13.844356,45.543686],[13.841488,45.542522],[13.839569,45.542239],[13.834582,45.542909],[13.826073,45.54493],[13.824546,45.544727],[13.822188,45.54367],[13.821085,45.543434],[13.817274,45.543655],[13.81146,45.54321],[13.810302,45.543495],[13.803445,45.546483],[13.790421,45.551598],[13.788443,45.551963],[13.781405,45.552231],[13.77499,45.553122],[13.772371,45.55258],[13.766191,45.548755],[13.761414,45.547243],[13.758332,45.54548],[13.753888,45.543394],[13.745222,45.540911]]]}},{"type":"Feature","properties":{"id":3491456,"nome":"Ferrovia Arezzo-Sinalunga","uso":"","operatore":"La Ferroviaria Italiana","dal":"","wikipedia":"it:Ferrovia Arezzo-Sinalunga"},"geometry":{"type":"MultiLineString","coordinates":[[[11.745098,43.21453],[11.744468,43.222064],[11.744855,43.223093],[11.745521,43.22396],[11.746924,43.225036],[11.748851,43.225737],[11.76046,43.228595],[11.770521,43.232486],[11.778174,43.236014],[11.779615,43.236239],[11.783077,43.235795],[11.784895,43.235873],[11.794032,43.238465],[11.795319,43.239071],[11.796462,43.239992],[11.797156,43.240986],[11.797526,43.242343],[11.797337,43.243654],[11.79644,43.245077],[11.792236,43.248409],[11.784402,43.255435],[11.78276,43.257885],[11.779664,43.265007],[11.779334,43.266375],[11.779482,43.267568],[11.781591,43.274823],[11.781481,43.276017],[11.780669,43.277331],[11.776505,43.282254],[11.774532,43.285914],[11.77304,43.287532],[11.769306,43.290853],[11.758889,43.297438],[11.757381,43.298763],[11.756527,43.299886],[11.753665,43.305469],[11.730083,43.333968],[11.729231,43.335444],[11.729127,43.336212],[11.72943,43.337403],[11.735537,43.347238],[11.735678,43.34788],[11.735149,43.35503],[11.73524,43.356294],[11.735645,43.35717],[11.738291,43.360962],[11.738501,43.361884],[11.738328,43.363914],[11.738761,43.36584],[11.73916,43.366617],[11.742878,43.37066],[11.745707,43.372155],[11.747098,43.373507],[11.747377,43.374269],[11.747711,43.380042],[11.748054,43.380779],[11.752164,43.386154],[11.752398,43.387578],[11.751981,43.391192],[11.752468,43.395682],[11.752779,43.396602],[11.754214,43.398274],[11.756266,43.399242],[11.757524,43.399505],[11.762495,43.399494],[11.764546,43.399703],[11.768191,43.400608],[11.770224,43.401969],[11.774981,43.407608],[11.776772,43.411128],[11.78016,43.41638],[11.789528,43.428736],[11.794337,43.433524],[11.796533,43.438291],[11.797394,43.442977],[11.797953,43.444053],[11.812527,43.456341],[11.813937,43.456917],[11.816485,43.457255],[11.821791,43.456561],[11.824042,43.45657],[11.856112,43.462258],[11.858182,43.463076],[11.861266,43.465306],[11.863076,43.465926],[11.86466,43.466003],[11.866098,43.465799],[11.869734,43.464397]]]}},{"type":"Feature","properties":{"id":3629581,"nome":"Linea Messina - Siracusa","uso":"","operatore":"Rete Ferroviaria Italiana","dal":"","wikipedia":"it:Ferrovia Messina-Siracusa"},"geometry":{"type":"MultiLineString","coordinates":[[[15.561982,38.185191],[15.557539,38.178666],[15.553026,38.172702],[15.532508,38.146335],[15.521665,38.13029],[15.519848,38.126939],[15.507587,38.108745],[15.506187,38.106469],[15.50533,38.104438],[15.50431,38.099415],[15.503739,38.097855],[15.501783,38.094159],[15.496508,38.086183],[15.49496,38.082205],[15.493144,38.078516],[15.492306,38.076143],[15.491136,38.074054],[15.488855,38.07162],[15.481324,38.065913],[15.479776,38.063854],[15.478127,38.060966],[15.479694,38.063887],[15.481267,38.065945],[15.488824,38.071641],[15.491096,38.074069],[15.492085,38.075738],[15.496468,38.086199],[15.501733,38.094171],[15.503829,38.098178],[15.505325,38.104527],[15.506143,38.106483],[15.507373,38.108503],[15.51922,38.126064],[15.521624,38.130304],[15.532463,38.146353],[15.552812,38.172485],[15.557516,38.178721],[15.559712,38.182355],[15.562105,38.185509]],[[15.478127,38.060966],[15.4773,38.058951],[15.477121,38.055676],[15.476755,38.054801],[15.475957,38.053777],[15.468497,38.048245],[15.46207,38.044271],[15.451679,38.03545],[15.443939,38.028227],[15.44151,38.025502],[15.44072,38.024178],[15.44042,38.022572],[15.440659,38.01973],[15.440382,38.018926],[15.439641,38.018001],[15.433009,38.011956],[15.426772,38.008394],[15.420951,38.002519],[15.418888,38.001255],[15.415751,38.000106],[15.41428,37.999089],[15.411794,37.996153],[15.410751,37.992779],[15.409664,37.991272],[15.396979,37.979069],[15.389972,37.971421],[15.38561,37.968624],[15.38465,37.967444],[15.383133,37.964423],[15.382079,37.963024],[15.380395,37.961876],[15.377356,37.960615],[15.375889,37.95942],[15.371798,37.954522],[15.37122,37.953205],[15.370624,37.949987],[15.369262,37.947746],[15.359749,37.938473],[15.358128,37.937121],[15.354855,37.935082],[15.353758,37.933917],[15.352087,37.931105],[15.35077,37.927794],[15.347736,37.92454],[15.344474,37.919171],[15.344312,37.917812],[15.344667,37.912965],[15.344378,37.911362],[15.343852,37.910573],[15.342431,37.90957],[15.338527,37.908186],[15.337348,37.907465],[15.336269,37.906686],[15.333766,37.904056],[15.330557,37.90215],[15.328538,37.899714],[15.326654,37.898049],[15.32467,37.895854],[15.323309,37.894237],[15.322347,37.892474],[15.321467,37.891482],[15.315589,37.888384],[15.311085,37.884517],[15.30874,37.882887],[15.304386,37.879052],[15.302352,37.876328],[15.301387,37.874156],[15.299898,37.871904],[15.299016,37.869802],[15.29827,37.866917],[15.296725,37.864847],[15.29622,37.863783],[15.295933,37.861294],[15.296236,37.860218],[15.297176,37.859085],[15.299171,37.857868],[15.299999,37.857091],[15.300454,37.856345],[15.300724,37.855089],[15.300499,37.854011],[15.299965,37.853085],[15.297282,37.85055],[15.295833,37.84881],[15.294438,37.848018],[15.293087,37.847666],[15.291809,37.847625],[15.288733,37.848236],[15.287441,37.848209],[15.285634,37.847749],[15.28457,37.847106],[15.277066,37.840843],[15.274994,37.838298],[15.271556,37.835756],[15.268384,37.831328],[15.267467,37.827818],[15.265524,37.824064],[15.264258,37.822506],[15.262985,37.821618],[15.260458,37.82068],[15.258431,37.82047],[15.249604,37.821653],[15.244791,37.821559],[15.24347,37.821147],[15.240449,37.81955],[15.236277,37.818362],[15.233252,37.816856],[15.228567,37.815614],[15.22565,37.814089],[15.223048,37.812119],[15.222255,37.810634],[15.221732,37.807728],[15.221134,37.806743],[15.220152,37.805803],[15.217589,37.80435],[15.215169,37.802481],[15.213677,37.801905],[15.209548,37.801116],[15.208277,37.800413],[15.207065,37.799147],[15.205065,37.793405],[15.204509,37.792335],[15.203548,37.791006],[15.199873,37.787124],[15.199016,37.785653],[15.198668,37.783847],[15.198757,37.782727],[15.200656,37.77778],[15.200785,37.776322],[15.200627,37.77528],[15.199703,37.773341],[15.194192,37.765526],[15.193526,37.763664],[15.193018,37.760238],[15.190622,37.756437],[15.190119,37.754594],[15.191014,37.746375],[15.190757,37.744667],[15.189365,37.740589],[15.189267,37.739305],[15.189452,37.737954],[15.190575,37.734326],[15.191261,37.732959],[15.195935,37.727563],[15.197192,37.72574],[15.197859,37.723048],[15.19811,37.71952],[15.199817,37.715225],[15.199844,37.713824],[15.199451,37.711238],[15.199514,37.707215],[15.198056,37.698325],[15.197439,37.696504],[15.19644,37.694902],[15.189179,37.686289],[15.186245,37.683333],[15.181681,37.680554],[15.179593,37.678364],[15.169172,37.66125],[15.168312,37.658896],[15.168061,37.654659],[15.1675,37.65231],[15.166717,37.650795],[15.163692,37.646583],[15.161828,37.642893],[15.161698,37.641521],[15.162154,37.639823],[15.169309,37.62335],[15.17003,37.616681],[15.170766,37.613396],[15.17049,37.612146],[15.169067,37.609578],[15.168066,37.606336],[15.167376,37.605228],[15.165077,37.602869],[15.164283,37.601741],[15.161048,37.594208],[15.156902,37.587397],[15.156647,37.586165],[15.156731,37.584668],[15.157726,37.581674],[15.157932,37.580392],[15.157803,37.57666],[15.15731,37.574674],[15.156253,37.572992],[15.155477,37.572227],[15.141933,37.560041],[15.140688,37.557377],[15.139863,37.553664],[15.138277,37.551177],[15.137273,37.55032],[15.135974,37.549602],[15.12751,37.546323],[15.12075,37.543253],[15.118403,37.541679],[15.117085,37.540184],[15.114318,37.535852],[15.110553,37.532234],[15.109649,37.530507],[15.103813,37.509716],[15.10292,37.508267],[15.102046,37.507585],[15.098023,37.505378],[15.095484,37.502368],[15.094442,37.501605],[15.092567,37.501116],[15.089136,37.501596],[15.086877,37.501172],[15.075597,37.493738],[15.074199,37.492176],[15.073739,37.491348],[15.073498,37.4902],[15.073399,37.487176],[15.073002,37.486088],[15.07221,37.484956],[15.048292,37.463975],[15.072249,37.484936],[15.072984,37.48597],[15.073449,37.487194],[15.073542,37.490196],[15.073887,37.491586],[15.075281,37.493391],[15.076612,37.494404]],[[15.086696,37.50108],[15.088861,37.501563],[15.092151,37.501078],[15.09423,37.50147],[15.095516,37.502343],[15.098067,37.505322],[15.101977,37.507432],[15.102921,37.50816],[15.103803,37.509527],[15.106045,37.5174],[15.107926,37.520767],[15.109295,37.528878],[15.109931,37.53106],[15.11083,37.532425],[15.114558,37.536098],[15.117121,37.540169],[15.118433,37.541659],[15.120777,37.543219],[15.128348,37.546645],[15.134964,37.549065],[15.137792,37.550688],[15.138786,37.551737],[15.139785,37.553373],[15.140728,37.55737],[15.141973,37.560034],[15.155517,37.57222],[15.156293,37.572985],[15.157358,37.574658],[15.157849,37.576657],[15.157972,37.580395],[15.157761,37.581683],[15.156761,37.584674],[15.156677,37.586163],[15.156933,37.587389],[15.161137,37.594183],[15.164318,37.601728],[15.167892,37.605917],[15.169109,37.609576],[15.170521,37.612133],[15.170807,37.613392],[15.17073,37.614368],[15.170114,37.616371],[15.169383,37.623359],[15.162222,37.639837],[15.161761,37.641526],[15.161884,37.642881],[15.163728,37.646571],[15.166556,37.650498],[15.167544,37.652299],[15.168098,37.654659],[15.168353,37.658895],[15.169211,37.661241],[15.179626,37.678352],[15.181711,37.680531],[15.185299,37.682616],[15.186777,37.683731],[15.190393,37.687505],[15.196722,37.695207],[15.197637,37.69684],[15.198093,37.698315],[15.199549,37.707217],[15.199472,37.710812],[15.199911,37.714192],[15.199786,37.71557],[15.198149,37.719523],[15.197902,37.723046],[15.197233,37.725748],[15.196371,37.727098],[15.191072,37.733353],[15.189685,37.737284],[15.189307,37.739523],[15.189512,37.741046],[15.190663,37.74421],[15.191028,37.745943],[15.190962,37.747772],[15.190152,37.753647],[15.190321,37.755514],[15.190986,37.757017],[15.192575,37.759203],[15.193059,37.76023],[15.193647,37.764006],[15.194238,37.765513],[15.199743,37.773326],[15.200581,37.774972],[15.200826,37.776319],[15.200701,37.777785],[15.199087,37.78168],[15.198735,37.78425],[15.199352,37.786279],[15.201283,37.788593]],[[15.042464,37.458821],[15.03192,37.449533],[15.030187,37.447192],[15.021254,37.421508],[15.017391,37.412191],[14.995693,37.368206],[14.994517,37.366873],[14.993161,37.365795],[14.988351,37.363422],[14.986388,37.36303],[14.982566,37.363396],[14.981071,37.363278],[14.979984,37.362938],[14.978627,37.362131],[14.977557,37.360577],[14.977358,37.359462],[14.977588,37.357585],[14.980602,37.349413],[14.981798,37.335569],[14.982417,37.333879],[14.984976,37.328953],[14.985328,37.327317],[14.985037,37.325605],[14.984082,37.324066],[14.978553,37.319648],[14.977419,37.318288],[14.976999,37.317017],[14.976749,37.313582],[14.977318,37.311757],[14.978103,37.310863],[14.979518,37.310015],[14.983054,37.309108],[14.984437,37.308539],[14.996547,37.301447],[14.998248,37.300748],[14.999912,37.300465],[15.002091,37.300746],[15.009674,37.303515],[15.018884,37.311461],[15.020696,37.312491],[15.02468,37.313198],[15.028775,37.31502],[15.031063,37.315484],[15.034744,37.315132],[15.040401,37.312537],[15.042074,37.312296],[15.043371,37.312425],[15.04504,37.31305],[15.046154,37.313908],[15.046918,37.315072],[15.04772,37.31725],[15.048738,37.318447],[15.050371,37.31936],[15.052352,37.319792],[15.063567,37.318734],[15.065702,37.317961],[15.069255,37.314736],[15.069832,37.313595],[15.07052,37.310715],[15.073018,37.307467],[15.075545,37.305819],[15.079721,37.304353],[15.082005,37.304334],[15.093117,37.306382],[15.101474,37.308328],[15.104734,37.309344],[15.109709,37.310233],[15.112197,37.309892],[15.115829,37.307953],[15.117094,37.307592],[15.118725,37.307544],[15.12166,37.308024],[15.123859,37.307814],[15.125223,37.307375],[15.127922,37.305765],[15.129745,37.305031],[15.131139,37.304741],[15.135843,37.304471],[15.137612,37.303987],[15.139336,37.302824],[15.14266,37.298607],[15.14392,37.29758],[15.146581,37.296275],[15.148648,37.294624],[15.150124,37.293757],[15.151387,37.293349],[15.154303,37.292908],[15.156077,37.292056],[15.157289,37.290696],[15.158616,37.286956],[15.1593,37.285927],[15.160487,37.285007],[15.164706,37.282774],[15.168763,37.277958],[15.1709,37.276446],[15.173531,37.275554],[15.178498,37.274939],[15.18208,37.273195],[15.183801,37.272696],[15.185517,37.272674],[15.191639,37.273564],[15.193352,37.273426],[15.194549,37.273052],[15.196224,37.271978],[15.207708,37.261479],[15.209477,37.260091],[15.211502,37.259389],[15.217949,37.259011],[15.219495,37.258715],[15.220785,37.258135],[15.230973,37.251849],[15.231822,37.250841],[15.232352,37.249559],[15.232388,37.248254],[15.231904,37.246893],[15.230704,37.245548],[15.226635,37.242537],[15.224457,37.241512],[15.222381,37.241388],[15.220265,37.24205],[15.219221,37.242694],[15.214363,37.247305],[15.212489,37.248158],[15.210533,37.24839],[15.208743,37.248106],[15.207001,37.247227],[15.206178,37.246421],[15.203154,37.242314],[15.20208,37.241446],[15.201058,37.240973],[15.198364,37.240727],[15.193418,37.242015],[15.190414,37.242211],[15.188516,37.241961],[15.18665,37.240985],[15.184591,37.238448],[15.181681,37.236442],[15.180539,37.234514],[15.180454,37.233568],[15.180747,37.232302],[15.183117,37.228834],[15.183587,37.22678],[15.183382,37.225568],[15.180278,37.217672],[15.179049,37.207999],[15.179196,37.205334],[15.196595,37.158914],[15.199589,37.153278],[15.212759,37.133887],[15.214756,37.131461],[15.216769,37.129562],[15.236476,37.114352],[15.239249,37.112623],[15.242749,37.110909],[15.252335,37.106783],[15.254088,37.10542],[15.25506,37.103328],[15.259294,37.074991],[15.260432,37.073335],[15.266334,37.069442],[15.267802,37.068874],[15.269838,37.068947],[15.272766,37.070435],[15.275197,37.070847],[15.276912,37.070571],[15.28171,37.068551]],[[15.048292,37.463975],[15.043496,37.459711]],[[15.240394,37.112053],[15.252545,37.10672],[15.25394,37.105655],[15.254627,37.104663],[15.255109,37.103336],[15.259351,37.07499],[15.260159,37.073669],[15.261875,37.072328],[15.266354,37.069478],[15.267517,37.068975],[15.269655,37.06894],[15.272744,37.07046],[15.275184,37.070881],[15.277345,37.07046],[15.281728,37.068581]],[[15.204658,37.264274],[15.205859,37.262894],[15.206481,37.261505],[15.208777,37.254511],[15.208922,37.252052],[15.208438,37.250086],[15.20789,37.249005],[15.202505,37.24174]],[[15.033333,37.456045],[15.031398,37.455625],[15.030068,37.455007],[15.028923,37.453998],[15.028257,37.452802],[15.028087,37.451436],[15.028604,37.44869],[15.027354,37.440324],[15.024494,37.430851]],[[15.03319,37.456023],[15.037757,37.456859],[15.040889,37.458304],[15.042485,37.459613],[15.044866,37.4626],[15.046682,37.464342],[15.057567,37.472016]],[[15.057729,37.472209],[15.046716,37.464422],[15.044707,37.462483],[15.042514,37.459702],[15.040839,37.458318],[15.038008,37.456975],[15.034138,37.456174]],[[15.300968,37.87357],[15.302292,37.876343],[15.304449,37.879125]]]}},{"type":"Feature","properties":{"id":3691107,"nome":"Spittal-Millstättersee – San Candido/Innichen","uso":"","operatore":"","dal":"","wikipedia":""},"geometry":{"type":"MultiLineString","coordinates":[[[12.27198,46.73274],[12.278702,46.734798],[12.282834,46.73557],[12.286193,46.73584],[12.287776,46.73548],[12.291065,46.733899],[12.297135,46.733328],[12.298715,46.732997],[12.302953,46.731054],[12.304783,46.73053],[12.30936,46.730363],[12.318144,46.729575],[12.327138,46.732272],[12.335323,46.733158],[12.343801,46.733544],[12.353298,46.736605],[12.358921,46.737388],[12.362467,46.738752],[12.366287,46.738895],[12.369863,46.74022],[12.372678,46.740219],[12.375357,46.739578],[12.377184,46.739471],[12.381101,46.74054],[12.385089,46.740789],[12.386246,46.741287],[12.388199,46.742588],[12.39153,46.743319],[12.393273,46.74324],[12.39604,46.742418],[12.39789,46.742376],[12.403258,46.743783],[12.408164,46.74423],[12.412951,46.745114],[12.417153,46.745103],[12.420723,46.74481],[12.424771,46.745514]]]}},{"type":"Feature","properties":{"id":3776084,"nome":"Pontebbana","uso":"","operatore":"Rete Ferroviaria Italiana","dal":"","wikipedia":"it:Ferrovia Pontebbana"},"geometry":{"type":"MultiLineString","coordinates":[[[13.24265,46.055932],[13.246295,46.056883],[13.248661,46.058052],[13.249988,46.059273],[13.250566,46.060948],[13.248867,46.072741],[13.244964,46.127872],[13.244334,46.131554],[13.240764,46.146421],[13.239563,46.149359],[13.232192,46.164551],[13.229764,46.168156],[13.227002,46.171318],[13.213557,46.182411],[13.211078,46.184822],[13.208293,46.188064],[13.206144,46.191473],[13.192059,46.216498],[13.19032,46.218839],[13.188557,46.220566],[13.185966,46.222478],[13.179805,46.226266],[13.1759,46.228088],[13.172081,46.229153],[13.151701,46.23341],[13.148758,46.234415],[13.14607,46.235735],[13.14394,46.237172],[13.142142,46.238799],[13.132559,46.249546],[13.130889,46.25177],[13.129744,46.25429],[13.129285,46.257271],[13.129656,46.268626],[13.129303,46.271413],[13.128516,46.273681],[13.120613,46.289796],[13.120058,46.29188],[13.119945,46.293985],[13.120427,46.296618],[13.123463,46.302584],[13.125421,46.308077],[13.12682,46.313114],[13.129368,46.318673],[13.13149,46.324826],[13.137893,46.335904],[13.138943,46.338867],[13.139256,46.343568],[13.13997,46.347496],[13.139746,46.350461],[13.139075,46.352475],[13.136983,46.356308],[13.133034,46.364747],[13.132163,46.368164],[13.132011,46.37],[13.132345,46.372109],[13.137456,46.391046],[13.13833,46.393055],[13.139517,46.394718],[13.141638,46.396867],[13.144374,46.399017],[13.146515,46.400315],[13.149254,46.401407],[13.202506,46.418038],[13.272868,46.438503],[13.277333,46.440094],[13.283031,46.442834],[13.285373,46.44423],[13.287237,46.445539],[13.289061,46.447177],[13.291011,46.449486],[13.292438,46.451643],[13.293333,46.453714],[13.293621,46.455438],[13.293557,46.458051],[13.291459,46.471143],[13.291316,46.475036],[13.291635,46.480192],[13.293475,46.488168],[13.295065,46.491806],[13.303847,46.50538],[13.305826,46.507142],[13.308276,46.508186],[13.321344,46.50968],[13.331958,46.51232],[13.335623,46.513908],[13.34469,46.519984],[13.346932,46.521193],[13.352152,46.523083],[13.355106,46.523575],[13.359018,46.523577],[13.362136,46.523236],[13.365742,46.522368],[13.368253,46.521317],[13.37202,46.519288],[13.381052,46.513304],[13.390812,46.507422],[13.393952,46.506433],[13.402375,46.505963],[13.406467,46.506209],[13.410409,46.506871],[13.412717,46.507583],[13.416692,46.509307],[13.437655,46.522988],[13.440059,46.524228],[13.443094,46.525126],[13.446769,46.525619],[13.449857,46.52565],[13.452528,46.52534],[13.45644,46.524279],[13.458401,46.523374],[13.494733,46.502986],[13.502049,46.498328],[13.508806,46.494443],[13.510407,46.49368],[13.515037,46.492187],[13.518826,46.491492],[13.539125,46.491207],[13.561599,46.49183],[13.565276,46.49206],[13.573681,46.493321],[13.590238,46.497091],[13.596281,46.499109],[13.597976,46.500013],[13.607276,46.506414]],[[13.247706,46.089181],[13.245145,46.126157],[13.244586,46.130671],[13.241606,46.143669],[13.240259,46.14791],[13.233045,46.163078],[13.230752,46.166889],[13.227046,46.171338],[13.213607,46.182434],[13.211126,46.184843],[13.208341,46.188079],[13.205426,46.192824],[13.192111,46.21651],[13.190735,46.218428],[13.188598,46.220589],[13.186003,46.222504],[13.179841,46.226291],[13.175921,46.22812],[13.172101,46.229186],[13.152058,46.233358],[13.149095,46.234319],[13.146102,46.235763],[13.143978,46.237197],[13.142392,46.238607],[13.13298,46.249138],[13.131079,46.251553],[13.129875,46.254038],[13.129333,46.25727],[13.129708,46.268625],[13.129415,46.271161],[13.128562,46.273694],[13.120665,46.289807],[13.120107,46.291885],[13.119996,46.293982],[13.120327,46.296143],[13.120833,46.297521],[13.123531,46.302568],[13.125475,46.308069],[13.126873,46.313105],[13.129423,46.318662],[13.131339,46.324342],[13.132259,46.326249],[13.137827,46.335671],[13.138995,46.338862],[13.139306,46.343566],[13.140022,46.347495],[13.1398,46.350466],[13.139125,46.352488],[13.137031,46.356322],[13.133083,46.364758],[13.132484,46.366942],[13.132106,46.369745],[13.132449,46.372091],[13.137469,46.3909],[13.138083,46.392479],[13.139584,46.394681],[13.143442,46.398261],[13.146551,46.400239],[13.148563,46.401096],[13.201976,46.417846],[13.27291,46.43843],[13.277376,46.440009],[13.283095,46.442731],[13.285507,46.444158],[13.287439,46.445501],[13.289371,46.447269],[13.291155,46.449413],[13.292568,46.451556],[13.293453,46.453642],[13.293775,46.455456],[13.293684,46.458063],[13.292854,46.462207],[13.291521,46.471151],[13.291371,46.475024],[13.291697,46.480181],[13.293541,46.488157],[13.295108,46.491777],[13.303894,46.505363],[13.305908,46.507123],[13.308287,46.508092],[13.321355,46.509642],[13.332575,46.512501],[13.334886,46.513432],[13.337253,46.514793],[13.344795,46.51995],[13.346986,46.521135],[13.349733,46.522283],[13.352189,46.523004],[13.355121,46.523513],[13.359008,46.523502],[13.362084,46.523176],[13.365697,46.522317],[13.368188,46.521264],[13.371951,46.519241],[13.380999,46.513262],[13.390752,46.507398],[13.392968,46.506578],[13.394696,46.506303],[13.403668,46.505966],[13.407699,46.50634],[13.410429,46.506845],[13.412734,46.507553],[13.41673,46.509289],[13.437696,46.522973],[13.440085,46.5242],[13.443109,46.525092],[13.44677,46.525588],[13.450442,46.525578],[13.453256,46.525171],[13.456426,46.524251],[13.458379,46.523355],[13.495019,46.502775],[13.500889,46.499001],[13.508811,46.494374],[13.510325,46.493628],[13.51381,46.492469],[13.516025,46.491857],[13.518823,46.491423],[13.53915,46.491146],[13.562883,46.491808],[13.573703,46.493271],[13.590221,46.497056],[13.596303,46.499079],[13.598025,46.499992],[13.60731,46.506392]],[[13.246918,46.100347],[13.247026,46.099634]],[[13.246872,46.101756],[13.246871,46.101034]],[[13.242615,46.055999],[13.246777,46.057116],[13.249141,46.058442],[13.249838,46.059148],[13.250336,46.060061],[13.250512,46.060946],[13.250427,46.062329]]]}},{"type":"Feature","properties":{"id":3776085,"nome":"Villach – Arnoldstein – Hermagor / Tarvisio","uso":"","operatore":"ÖBB","dal":"","wikipedia":""},"geometry":{"type":"MultiLineString","coordinates":[[[13.75278,46.551228],[13.739681,46.552526],[13.73133,46.552121],[13.725497,46.552719],[13.719239,46.552868],[13.71686,46.552644],[13.714255,46.552085]],[[13.701299,46.551771],[13.694705,46.551814],[13.692135,46.551344],[13.687527,46.55005],[13.685245,46.549805],[13.679211,46.550403],[13.673169,46.551726],[13.670847,46.551747],[13.668037,46.55093],[13.665485,46.549095],[13.664113,46.548395],[13.657701,46.546366],[13.656518,46.545643],[13.654413,46.543837],[13.650268,46.541685],[13.645323,46.538301],[13.642066,46.536573],[13.64057,46.534938],[13.639772,46.531518],[13.637219,46.528401],[13.636746,46.527351],[13.63665,46.526502],[13.636842,46.525523],[13.63803,46.523486],[13.641349,46.520744],[13.64258,46.519174],[13.642769,46.518281],[13.642563,46.517188],[13.642038,46.516115],[13.641062,46.51512],[13.638421,46.513895],[13.635383,46.513592],[13.633114,46.51402],[13.627104,46.516025],[13.625086,46.516188],[13.622608,46.515993],[13.620047,46.514818],[13.611836,46.509426]],[[13.607276,46.506414],[13.610095,46.508276]],[[13.700956,46.551784],[13.699379,46.551952],[13.698485,46.552305]],[[13.697033,46.554216],[13.696389,46.556076],[13.695079,46.557183],[13.694677,46.557992],[13.6952,46.561205],[13.694296,46.562625],[13.694187,46.563139],[13.69441,46.563777],[13.695528,46.565032],[13.695674,46.56573],[13.695491,46.566268]],[[13.5137,46.605347],[13.508803,46.606143],[13.502732,46.608191],[13.499865,46.609441]]]}},{"type":"Feature","properties":{"id":4084798,"nome":"Ferrovia Gallarate-Laveno","uso":"","operatore":"Rete Ferroviaria Italiana","dal":"1884","wikipedia":"it:Ferrovia Gallarate-Laveno"},"geometry":{"type":"MultiLineString","coordinates":[[[8.62464,45.903889],[8.627919,45.879389],[8.628553,45.877449],[8.629364,45.876164],[8.639229,45.86457],[8.654147,45.851338],[8.666113,45.839034],[8.675554,45.827303],[8.678141,45.825055],[8.684814,45.820963],[8.688,45.818627],[8.693585,45.813352],[8.696088,45.810073],[8.700105,45.801832],[8.701119,45.798382],[8.701256,45.796051],[8.700195,45.778203],[8.700623,45.775259],[8.701397,45.773418],[8.702496,45.771716],[8.708596,45.764483],[8.710681,45.758999],[8.711552,45.757411],[8.757599,45.701189],[8.759095,45.698907],[8.768653,45.682177],[8.775167,45.669617],[8.777509,45.667757],[8.780079,45.666701],[8.781494,45.666367],[8.789531,45.665428],[8.791791,45.664792],[8.79349,45.663856],[8.797093,45.660798],[8.800192,45.658764]]]}},{"type":"Feature","properties":{"id":4144351,"nome":"Ferrovia Cosenza - Catanzaro Lido","uso":"","operatore":"","dal":"","wikipedia":""},"geometry":{"type":"MultiLineString","coordinates":[[[16.260386,39.318122],[16.261159,39.315314],[16.260672,39.312298],[16.261563,39.303217],[16.261125,39.301339],[16.25928,39.29673],[16.258198,39.295201],[16.257903,39.29401],[16.258256,39.295229],[16.259391,39.296885],[16.261236,39.30152],[16.261607,39.303213],[16.260709,39.312298],[16.261203,39.315275],[16.260432,39.31813]],[[16.257903,39.29401],[16.25791,39.293301],[16.258652,39.292601],[16.261107,39.292038],[16.263577,39.290853],[16.265197,39.288561],[16.26624,39.287813],[16.267509,39.287387],[16.269626,39.287155],[16.271462,39.28657],[16.272724,39.285848],[16.274059,39.284556],[16.275071,39.284147],[16.278974,39.283903],[16.281538,39.28431],[16.284067,39.283924],[16.285004,39.284094],[16.286659,39.284921],[16.287604,39.285148],[16.290002,39.284958],[16.291895,39.285206],[16.293071,39.285012],[16.294114,39.284401],[16.294644,39.283602],[16.295371,39.279519],[16.296,39.278796],[16.301179,39.277453],[16.303598,39.275865],[16.311028,39.273265],[16.312954,39.272197],[16.321337,39.269203],[16.326955,39.268763]],[[16.327142,39.268691],[16.328405,39.267706],[16.328716,39.266808],[16.328687,39.266071],[16.32369,39.245998],[16.324419,39.244477],[16.326938,39.242549],[16.327314,39.24167],[16.327281,39.240618],[16.327498,39.240239],[16.331349,39.237924],[16.331534,39.237238],[16.330962,39.236478],[16.330251,39.236195],[16.328303,39.236905],[16.326653,39.236916],[16.320959,39.239857],[16.318191,39.239467],[16.317382,39.238888],[16.317289,39.238267],[16.31751,39.237825],[16.320139,39.235831],[16.320656,39.235125],[16.321355,39.233379],[16.323626,39.232328],[16.324871,39.232278],[16.327458,39.23263],[16.32842,39.23179],[16.328641,39.230921],[16.328282,39.230492],[16.327164,39.229889],[16.326168,39.227307],[16.32497,39.226373],[16.323864,39.224454],[16.324088,39.223682],[16.325071,39.222794],[16.325018,39.222173],[16.32268,39.220806],[16.320404,39.218776],[16.320752,39.21658],[16.320149,39.214331],[16.319231,39.213929],[16.318454,39.214124],[16.316275,39.216555],[16.315649,39.216771],[16.314976,39.216682],[16.313218,39.215111],[16.312859,39.213032],[16.311945,39.211756],[16.311735,39.210879],[16.312887,39.201961],[16.314647,39.199631],[16.315686,39.198956],[16.317404,39.199281],[16.317996,39.199176],[16.32041,39.198046],[16.322976,39.197658],[16.323556,39.19709],[16.323459,39.196457],[16.323024,39.196085],[16.32251,39.195931],[16.320879,39.196066],[16.318949,39.195376],[16.318683,39.194825],[16.318733,39.19213],[16.322218,39.189899],[16.32645,39.189954],[16.328523,39.189163],[16.328877,39.188708],[16.328874,39.188225],[16.328656,39.187835],[16.328016,39.187479],[16.32567,39.187692],[16.322662,39.18659],[16.322459,39.186116],[16.322684,39.1837],[16.321674,39.182791],[16.321493,39.182338],[16.322364,39.180107],[16.322427,39.178741],[16.321952,39.178368],[16.318102,39.177095],[16.317198,39.175277],[16.317041,39.174274],[16.316287,39.173507],[16.31502,39.173318],[16.311337,39.174461],[16.307695,39.174588],[16.307093,39.174973],[16.306428,39.176514],[16.305532,39.176874],[16.30465,39.176621],[16.30343,39.17578],[16.301638,39.175723],[16.299898,39.174367],[16.299609,39.173431],[16.300311,39.172363],[16.300109,39.170686],[16.300623,39.170059],[16.301776,39.169689],[16.304354,39.170145],[16.305019,39.169963],[16.305385,39.169596],[16.305428,39.168984],[16.304978,39.168414],[16.30259,39.167642],[16.302223,39.167333],[16.302259,39.166474],[16.303173,39.165963],[16.304718,39.166288],[16.30685,39.166389],[16.309538,39.166971],[16.310588,39.167983],[16.311153,39.168215],[16.312323,39.167882],[16.312855,39.167197],[16.313925,39.166399],[16.314869,39.166305],[16.316947,39.167152],[16.317606,39.168861],[16.318876,39.169645],[16.320332,39.171276],[16.320906,39.171473],[16.322243,39.171134],[16.323973,39.169307],[16.325564,39.168674],[16.328418,39.169247],[16.329977,39.1692],[16.331191,39.169472],[16.333008,39.169304],[16.334137,39.170012],[16.334853,39.170179],[16.337777,39.169986],[16.338462,39.169394],[16.338491,39.168621],[16.338185,39.167084],[16.337456,39.166596],[16.335411,39.166576],[16.333679,39.16725],[16.332134,39.167531],[16.330911,39.166954],[16.330714,39.165106],[16.330283,39.164795],[16.329402,39.164936],[16.328423,39.165604],[16.327408,39.165699],[16.326201,39.165036],[16.325634,39.164104],[16.325128,39.163795],[16.322592,39.163715],[16.321842,39.16273],[16.320527,39.161896],[16.320343,39.161279],[16.320527,39.160352],[16.320222,39.159875],[16.31958,39.159567],[16.317767,39.159307],[16.31475,39.159379],[16.313025,39.159811],[16.310843,39.159054],[16.310233,39.158496],[16.309987,39.157243],[16.308447,39.156037],[16.308885,39.153585],[16.308543,39.152558],[16.305573,39.151652],[16.303379,39.151908],[16.302637,39.151384],[16.302501,39.150967],[16.302772,39.150406],[16.306615,39.148437],[16.306814,39.148101],[16.306718,39.146756],[16.307448,39.145657],[16.31006,39.144174],[16.310684,39.14399],[16.312315,39.144095],[16.313529,39.143553],[16.315445,39.143465],[16.317274,39.144238],[16.319285,39.143978],[16.321724,39.144168],[16.32245,39.144003],[16.322867,39.143568],[16.322701,39.142461],[16.321803,39.141913],[16.320138,39.141989],[16.317477,39.14155],[16.317002,39.141205],[16.31692,39.140368],[16.318098,39.138758],[16.318542,39.137436],[16.318788,39.136209],[16.318505,39.134634],[16.31777,39.13406],[16.31445,39.133794],[16.311999,39.133173],[16.311377,39.132808],[16.310833,39.131258],[16.310889,39.129407],[16.311495,39.128713],[16.312289,39.12845],[16.315034,39.128761],[16.317528,39.128142],[16.318984,39.128694],[16.319741,39.128692],[16.322134,39.127257],[16.324268,39.127469],[16.325825,39.126885],[16.327323,39.127242],[16.33067,39.126795],[16.333543,39.128489],[16.334581,39.128667],[16.335719,39.128605],[16.338186,39.127551],[16.34026,39.127866],[16.340928,39.127514],[16.341406,39.12638],[16.342181,39.125763],[16.342893,39.124791],[16.344395,39.124341],[16.346394,39.12338],[16.348873,39.123269],[16.350397,39.122821],[16.352372,39.123243],[16.358011,39.123113],[16.358662,39.122891],[16.360036,39.121709],[16.363649,39.120643],[16.365327,39.120585],[16.368878,39.118915],[16.370406,39.118449],[16.372093,39.117343],[16.37388,39.117188],[16.378545,39.115731],[16.380132,39.115436],[16.381703,39.115861],[16.384661,39.115777],[16.386042,39.115981],[16.388209,39.115227],[16.389109,39.115324],[16.391145,39.116705],[16.392132,39.117103],[16.393268,39.118176],[16.393442,39.118763],[16.392981,39.119887],[16.393048,39.120474],[16.393566,39.1209],[16.394506,39.120943],[16.395226,39.120431],[16.395592,39.118539],[16.396084,39.118009],[16.397478,39.117698],[16.399507,39.11825],[16.400471,39.11774],[16.400517,39.117014],[16.399223,39.116062],[16.399126,39.115191],[16.400179,39.114055],[16.402496,39.11266],[16.403782,39.111308],[16.404706,39.109627],[16.406133,39.107755],[16.406089,39.105937],[16.406626,39.10511],[16.40828,39.101152],[16.407999,39.099693],[16.405222,39.099106],[16.404252,39.098413],[16.404257,39.09794],[16.404966,39.096911],[16.406514,39.095794],[16.407307,39.09349],[16.406797,39.092669],[16.404709,39.091131],[16.404483,39.08704],[16.403899,39.086543],[16.402562,39.086213],[16.402127,39.085682],[16.40235,39.084968],[16.403659,39.084135],[16.404832,39.082475],[16.404493,39.080566],[16.403646,39.079846],[16.402837,39.07971],[16.3982,39.080247],[16.394187,39.07804],[16.392986,39.077792],[16.392187,39.078046],[16.391062,39.079173],[16.390014,39.079693],[16.389469,39.080745],[16.388814,39.081125],[16.38768,39.080868],[16.38647,39.07909],[16.385318,39.078758],[16.384673,39.079048],[16.38389,39.08003],[16.382139,39.080343],[16.380622,39.081499],[16.380049,39.081502],[16.378322,39.080804],[16.375178,39.081392],[16.373679,39.080599],[16.372913,39.080553],[16.369412,39.081484],[16.368447,39.082827],[16.367521,39.083191],[16.366691,39.083009],[16.362134,39.080822],[16.361216,39.080125],[16.360242,39.078412],[16.360406,39.076023],[16.360012,39.075491],[16.359015,39.074886],[16.358697,39.074312],[16.359121,39.072129],[16.358648,39.069415],[16.356392,39.067725],[16.353659,39.066292],[16.353088,39.062907],[16.353601,39.061628],[16.353613,39.060933],[16.350395,39.056663],[16.348797,39.05344],[16.349495,39.050183],[16.351323,39.047602],[16.352411,39.045244],[16.361926,39.03894],[16.362715,39.038549],[16.363636,39.038427],[16.384002,39.042171],[16.385301,39.042614],[16.390132,39.045251],[16.391279,39.045575],[16.399787,39.046053],[16.401975,39.045776],[16.403191,39.045305],[16.409927,39.041665],[16.412731,39.040868],[16.416548,39.038224],[16.420884,39.036563],[16.42276,39.035486],[16.423754,39.035492],[16.426343,39.036047],[16.428275,39.037068],[16.429802,39.037086],[16.430441,39.036884],[16.431359,39.03578],[16.433188,39.035167],[16.434286,39.03412],[16.434566,39.033381],[16.434236,39.031657],[16.43454,39.031013],[16.436613,39.029881],[16.438811,39.029404],[16.440674,39.029578],[16.441339,39.029277],[16.442069,39.028564],[16.442498,39.027477],[16.443447,39.026677],[16.44397,39.024829],[16.444344,39.024509],[16.445202,39.024376],[16.446957,39.025019],[16.449129,39.025239],[16.44976,39.024773],[16.450035,39.023292],[16.451754,39.021597],[16.453484,39.020621],[16.454337,39.020537],[16.455265,39.020915],[16.456035,39.020964],[16.457524,39.019926],[16.461048,39.019212],[16.463212,39.017431],[16.465338,39.016464],[16.466557,39.015582],[16.467173,39.01554],[16.468496,39.016083],[16.469315,39.016154],[16.473164,39.015451],[16.47393,39.014775],[16.475791,39.012099],[16.477196,39.010765],[16.479167,39.010695],[16.480939,39.009909],[16.485806,39.009308],[16.488685,39.007867],[16.491114,39.007557],[16.49244,39.006535],[16.493075,39.006492],[16.495435,39.007024],[16.498122,39.006484],[16.498747,39.006214],[16.499589,39.005403],[16.501202,39.004721],[16.503359,39.004796],[16.50613,39.003499],[16.506615,39.0032],[16.507201,39.002128],[16.508095,39.001493],[16.509836,39.000508],[16.512642,38.999404],[16.519898,38.998762],[16.522514,38.996976],[16.522976,38.996271],[16.522347,38.995096],[16.52248,38.993827],[16.522058,38.993356],[16.520726,38.992739],[16.520121,38.991435],[16.520211,38.989397],[16.523643,38.980976],[16.528843,38.973771],[16.530871,38.972085],[16.531986,38.971744],[16.533465,38.971703],[16.534007,38.971409],[16.5347,38.970556],[16.535379,38.970375],[16.538888,38.971145],[16.541868,38.973095],[16.542447,38.973278],[16.543754,38.973205],[16.545403,38.972444],[16.550508,38.964548],[16.552881,38.963327],[16.553541,38.962347],[16.55513,38.961046],[16.555326,38.960017],[16.554969,38.959038],[16.55501,38.958522],[16.556414,38.956478],[16.555559,38.95478],[16.555841,38.953752],[16.556911,38.952489],[16.562428,38.949248],[16.562988,38.948627],[16.562931,38.947869],[16.561592,38.945996],[16.562453,38.944726],[16.562408,38.944122],[16.559736,38.942216],[16.558723,38.939395],[16.557414,38.938427],[16.557414,38.93784],[16.558382,38.936811],[16.558465,38.936127],[16.558175,38.935765],[16.556614,38.934974],[16.554308,38.934345],[16.553891,38.933832],[16.554126,38.933103],[16.555963,38.932027],[16.55654,38.931303],[16.556683,38.929811],[16.556312,38.928499],[16.557025,38.927425],[16.558041,38.926884],[16.561516,38.926896],[16.561751,38.926636],[16.561719,38.925966],[16.560441,38.924311],[16.560589,38.923529],[16.561022,38.923236],[16.562589,38.922887],[16.563942,38.921165],[16.568548,38.918881],[16.569169,38.918806],[16.569992,38.919222],[16.570188,38.919802],[16.568515,38.921882],[16.56801,38.923286],[16.56931,38.925016],[16.567515,38.927618],[16.567482,38.928422],[16.568307,38.92909],[16.570318,38.929075],[16.572526,38.929997],[16.573751,38.930047],[16.574462,38.929387],[16.574286,38.928075],[16.574786,38.926159],[16.579339,38.921219]]]}},{"type":"Feature","properties":{"id":4547499,"nome":"Ferrovia Udine-Cividale","uso":"","operatore":"FUC Ferrovia Udine Cividale","dal":"","wikipedia":"it:Ferrovia Udine-Cividale"},"geometry":{"type":"MultiLineString","coordinates":[[[13.242711,46.05586],[13.24631,46.056811],[13.242928,46.055657]],[[13.24631,46.056811],[13.249041,46.058004],[13.26402,46.06595],[13.283506,46.075136],[13.286724,46.076222],[13.294765,46.077615],[13.305175,46.078541],[13.332755,46.08548],[13.347441,46.088002],[13.38255,46.088874],[13.417282,46.093808],[13.423984,46.095154]],[[13.317591,46.081654],[13.321508,46.082644]],[[13.423999,46.095122],[13.420103,46.094326]]]}},{"type":"Feature","properties":{"id":4640715,"nome":"Wien Hbf – Tarvisio","uso":"","operatore":"","dal":"","wikipedia":""},"geometry":{"type":"MultiLineString","coordinates":[[[13.75278,46.551228],[13.740324,46.552504],[13.73133,46.552121],[13.725497,46.552719],[13.719239,46.552868],[13.716641,46.552609],[13.710848,46.551494],[13.695096,46.551852],[13.69269,46.551479],[13.687215,46.549985],[13.685245,46.549805],[13.679211,46.550403],[13.672871,46.551759],[13.671131,46.551776],[13.669308,46.551435],[13.667556,46.550661],[13.664379,46.548504],[13.658486,46.54669],[13.657241,46.546127],[13.654413,46.543837],[13.650116,46.541593],[13.645323,46.538301],[13.642278,46.536714],[13.640929,46.535502],[13.640344,46.534407],[13.639772,46.531518],[13.637219,46.528401],[13.636746,46.527351],[13.63665,46.526502],[13.636842,46.525523],[13.63803,46.523486],[13.641349,46.520744],[13.64258,46.519174],[13.642769,46.518281],[13.642563,46.517188],[13.642038,46.516115],[13.641062,46.51512],[13.638421,46.513895],[13.635383,46.513592],[13.633114,46.51402],[13.627104,46.516025],[13.625086,46.516188],[13.622608,46.515993],[13.620047,46.514818],[13.611836,46.509426]],[[13.607276,46.506414],[13.610095,46.508276]]]}},{"type":"Feature","properties":{"id":4743096,"nome":"Linea Catania - Caltagirone - Gela","uso":"","operatore":"Rete Ferroviaria Italiana","dal":"","wikipedia":"it:Ferrovia Catania-Caltagirone-Gela"},"geometry":{"type":"MultiLineString","coordinates":[[[15.042464,37.458821],[15.03192,37.449533],[15.030187,37.447192],[15.021254,37.421508],[15.017391,37.412191],[14.995693,37.368206],[14.994517,37.366873],[14.993161,37.365795],[14.988351,37.363422],[14.986388,37.36303],[14.982566,37.363396],[14.981071,37.363278],[14.978997,37.362412],[14.977694,37.36088],[14.97738,37.359742],[14.97746,37.358081],[14.980292,37.350621],[14.980698,37.348686],[14.981468,37.338461],[14.981061,37.337257],[14.980231,37.336529],[14.978662,37.33599],[14.976939,37.336209],[14.971072,37.340212],[14.966708,37.342361],[14.964696,37.342745],[14.963206,37.342546],[14.952386,37.339492],[14.949269,37.337857],[14.948211,37.337527],[14.943464,37.336534],[14.935293,37.336012],[14.93363,37.33567],[14.907086,37.325171],[14.90127,37.323469],[14.891487,37.317487],[14.880637,37.311251],[14.873407,37.308327],[14.855854,37.297674],[14.853356,37.296608],[14.847705,37.290997],[14.846384,37.290042],[14.844601,37.289347],[14.836375,37.287764],[14.834402,37.287751],[14.830102,37.288553],[14.829088,37.289034],[14.82832,37.289807],[14.827932,37.291213],[14.828482,37.292562],[14.829724,37.293458],[14.831803,37.294057],[14.832851,37.294685],[14.835426,37.2971],[14.835761,37.29786],[14.835718,37.298969],[14.834997,37.3001],[14.833179,37.301382],[14.829387,37.302782],[14.827836,37.304206],[14.82606,37.305083],[14.824317,37.306429],[14.822877,37.306825],[14.821502,37.306711],[14.818747,37.305175],[14.817175,37.304915],[14.815586,37.305271],[14.813244,37.306512],[14.811699,37.306596],[14.810197,37.30608],[14.808466,37.30469],[14.806728,37.304268],[14.805461,37.304429],[14.80405,37.305205],[14.803434,37.306021],[14.80324,37.306722],[14.803353,37.307721],[14.803737,37.308404],[14.805082,37.309384],[14.808061,37.310232],[14.80879,37.310834],[14.809279,37.31165],[14.809387,37.312776],[14.809092,37.313575],[14.808352,37.31437],[14.807542,37.314814],[14.806534,37.3151],[14.804919,37.315071],[14.804122,37.314869],[14.801298,37.313456],[14.798285,37.312855],[14.796985,37.31211],[14.795799,37.310191],[14.79469,37.309311],[14.793398,37.308949],[14.791393,37.308805],[14.789985,37.308141],[14.789226,37.307234],[14.788989,37.306441],[14.789074,37.305585],[14.789496,37.304784],[14.790775,37.303834],[14.793418,37.303352],[14.794618,37.302835],[14.795586,37.301735],[14.795781,37.300407],[14.795065,37.298829],[14.792137,37.29697],[14.790993,37.294914],[14.790291,37.294157],[14.789078,37.293569],[14.78651,37.292976],[14.785551,37.292247],[14.785096,37.291514],[14.78491,37.289338],[14.784159,37.287495],[14.784592,37.285244],[14.784214,37.283412],[14.784414,37.282445],[14.785348,37.280895],[14.785413,37.280011],[14.784959,37.279093],[14.783729,37.277936],[14.782652,37.276363],[14.781928,37.274305],[14.781826,37.273401],[14.782008,37.271769],[14.783459,37.269819],[14.783582,37.269091],[14.783389,37.268073],[14.781491,37.266114],[14.780776,37.264435],[14.780193,37.263632],[14.777311,37.262074],[14.774825,37.259467],[14.771536,37.257884],[14.769295,37.257317],[14.76849,37.256901],[14.765649,37.255166],[14.763664,37.253215],[14.761202,37.25153],[14.755684,37.244188],[14.754555,37.243317],[14.751036,37.241488],[14.749666,37.240124],[14.749353,37.238847],[14.750068,37.2356],[14.748829,37.23288],[14.749458,37.230153],[14.748275,37.225573],[14.748288,37.224498],[14.748915,37.223453],[14.750274,37.222609],[14.751567,37.222388],[14.754246,37.222552],[14.75542,37.222175],[14.756308,37.221513],[14.756961,37.220137],[14.756665,37.216005],[14.756111,37.215054],[14.753869,37.212744],[14.751564,37.211298],[14.750912,37.210665],[14.750379,37.209322],[14.750194,37.207849],[14.749647,37.206888],[14.747369,37.205503],[14.745995,37.204186],[14.744216,37.20316],[14.743509,37.202421],[14.743022,37.201294],[14.742738,37.199475],[14.741822,37.197537],[14.741913,37.195611],[14.741632,37.194615],[14.741015,37.193857],[14.738791,37.192171],[14.737948,37.190744],[14.737834,37.188544],[14.737449,37.187657],[14.733802,37.183357],[14.732817,37.182646],[14.731619,37.182296],[14.730317,37.18237],[14.727552,37.183528],[14.726015,37.184459],[14.725376,37.185403],[14.724904,37.187896],[14.724252,37.189263],[14.717055,37.196829],[14.716421,37.198176],[14.716305,37.199492],[14.716839,37.200553],[14.718643,37.201915],[14.719192,37.202676],[14.719403,37.203907],[14.718863,37.205129],[14.717079,37.206503],[14.715409,37.208383],[14.712154,37.210871],[14.70873,37.211968],[14.706282,37.213542],[14.705321,37.213872],[14.704289,37.213943],[14.703142,37.213713],[14.699516,37.211754],[14.694706,37.211109],[14.692889,37.210439],[14.691932,37.209764],[14.691023,37.208676],[14.690637,37.20743],[14.69059,37.205203],[14.689726,37.203854],[14.688436,37.203175],[14.683813,37.202253],[14.680896,37.202697],[14.678737,37.202454],[14.676762,37.202594],[14.67456,37.20219],[14.671459,37.202172],[14.670318,37.202407],[14.668988,37.203295],[14.664353,37.209956],[14.663114,37.210986],[14.661798,37.211487],[14.652191,37.213213],[14.650118,37.213178],[14.648753,37.21269],[14.646286,37.211158],[14.643377,37.210514],[14.641908,37.20988],[14.639221,37.207554],[14.636454,37.206305],[14.632579,37.201627],[14.631377,37.201009],[14.629796,37.200864],[14.624715,37.201706],[14.612448,37.208214],[14.60408,37.210422],[14.599209,37.213386],[14.596497,37.216145],[14.594805,37.21692],[14.593011,37.216867],[14.589383,37.215522],[14.58596,37.215677],[14.579902,37.215193],[14.577729,37.214081],[14.574965,37.211113],[14.573882,37.210515],[14.572618,37.210146],[14.570111,37.210202],[14.567985,37.210948],[14.563848,37.211861],[14.561083,37.213002],[14.557992,37.215088],[14.557381,37.215756],[14.55633,37.218621],[14.556422,37.220455],[14.55626,37.221201],[14.554098,37.224021],[14.553238,37.227581],[14.552641,37.228352],[14.551902,37.228838],[14.550648,37.229198],[14.549415,37.229228],[14.544478,37.228402],[14.540802,37.229221],[14.537663,37.229343],[14.534205,37.229819],[14.531724,37.229756],[14.529335,37.229391],[14.526403,37.228466],[14.522697,37.226672],[14.520906,37.224953],[14.520509,37.224034],[14.520488,37.222049],[14.521004,37.220911],[14.521643,37.220139],[14.523576,37.218927],[14.528249,37.217888],[14.529976,37.217074],[14.530804,37.216355],[14.531495,37.21535],[14.531884,37.21343],[14.53136,37.211782],[14.529906,37.210264],[14.529015,37.209772],[14.52348,37.207998],[14.52216,37.20712],[14.521055,37.205799],[14.520452,37.204262],[14.519998,37.20091],[14.520763,37.195825],[14.52044,37.194657],[14.519732,37.19359],[14.518237,37.192439],[14.515119,37.191195],[14.513936,37.1909],[14.511828,37.190976],[14.510057,37.191443],[14.508712,37.192237],[14.505596,37.195453],[14.503831,37.196566],[14.502786,37.19695],[14.501039,37.197105],[14.498549,37.196715],[14.496391,37.195374],[14.495428,37.193636],[14.495301,37.191796],[14.495617,37.186117],[14.495024,37.183923],[14.493592,37.182046],[14.488873,37.1784],[14.485152,37.176378],[14.481589,37.174936],[14.454211,37.17038],[14.452773,37.169992],[14.451533,37.16933],[14.450022,37.167638],[14.449631,37.16635],[14.449683,37.165206],[14.450198,37.163911],[14.454362,37.156232],[14.454887,37.154184],[14.454673,37.150568],[14.454353,37.149224],[14.452943,37.146622],[14.45183,37.145686],[14.445311,37.141844],[14.443548,37.141231],[14.442095,37.141074],[14.418094,37.142202],[14.416097,37.142498],[14.411131,37.144796],[14.40866,37.14533],[14.404931,37.145164],[14.399656,37.144547],[14.397729,37.143727],[14.396506,37.142656],[14.39588,37.141633],[14.395551,37.140204],[14.395876,37.138873],[14.397042,37.137378],[14.398451,37.13641],[14.399432,37.136039],[14.402878,37.13543],[14.404782,37.134824],[14.406353,37.133746],[14.407216,37.132605],[14.408793,37.128845],[14.409062,37.127574],[14.407599,37.117843],[14.407229,37.116642],[14.406209,37.11524],[14.404689,37.114287],[14.400788,37.112786],[14.399376,37.111853],[14.396582,37.109093],[14.390917,37.102618],[14.381018,37.097634],[14.379409,37.096113],[14.375855,37.088245],[14.37572,37.087381],[14.375931,37.086109],[14.376656,37.084829],[14.377906,37.083757],[14.382304,37.082174],[14.383731,37.08126],[14.384814,37.079844],[14.385172,37.078511],[14.385067,37.077477],[14.384426,37.076045],[14.380365,37.071666],[14.377939,37.070644],[14.375663,37.07052],[14.373746,37.071023],[14.369061,37.073721],[14.367778,37.074135],[14.365441,37.074217],[14.360948,37.07355],[14.351086,37.074933],[14.349241,37.074612],[14.347609,37.073805],[14.346673,37.072969],[14.344174,37.06922],[14.343001,37.068359],[14.341013,37.067651],[14.338256,37.067701],[14.334258,37.069541],[14.330765,37.070467],[14.327294,37.070347],[14.325868,37.06953],[14.324816,37.068363],[14.324149,37.067079],[14.324034,37.065733],[14.32443,37.061665],[14.324157,37.05822],[14.323789,37.057033],[14.32302,37.055974],[14.321787,37.055041],[14.32023,37.054437],[14.318556,37.054236],[14.278718,37.061799],[14.276075,37.06302],[14.265047,37.070284]],[[15.10005,37.506551],[15.097812,37.505203],[15.095484,37.502368],[15.094442,37.501605],[15.092567,37.501116],[15.089136,37.501596],[15.086877,37.501172],[15.075597,37.493738],[15.074199,37.492176],[15.073739,37.491348],[15.073498,37.4902],[15.073399,37.487176],[15.073002,37.486088],[15.07221,37.484956],[15.043496,37.459711]],[[15.100115,37.506468],[15.097737,37.505051],[15.095516,37.502343],[15.09433,37.501515]],[[15.076612,37.494404],[15.075281,37.493391],[15.073887,37.491586],[15.073542,37.490196],[15.073449,37.487194],[15.072984,37.48597],[15.072249,37.484936],[15.048292,37.463975]]]}},{"type":"Feature","properties":{"id":5381831,"nome":"Ferrovia Salerno - Cancello","uso":"","operatore":"","dal":"","wikipedia":""},"geometry":{"type":"MultiLineString","coordinates":[[[14.634094,40.76585],[14.628791,40.768057],[14.627064,40.769083],[14.625255,40.770933],[14.624611,40.772093],[14.624206,40.773465],[14.624153,40.774873],[14.624484,40.776364],[14.629494,40.786275],[14.63036,40.788715],[14.630825,40.790939],[14.631305,40.795005],[14.631195,40.797174],[14.630326,40.799679],[14.628516,40.802131],[14.626281,40.803941],[14.621087,40.806519],[14.617092,40.809033],[14.597701,40.825498],[14.594994,40.827567],[14.592647,40.828776],[14.565855,40.839021],[14.560659,40.841298],[14.557365,40.843246],[14.553179,40.846454],[14.550095,40.849631],[14.548089,40.852423],[14.539358,40.865782],[14.538459,40.867548],[14.537429,40.870371],[14.536832,40.874452],[14.532928,40.915003],[14.532345,40.917276],[14.530772,40.919719],[14.528965,40.921252],[14.526188,40.922944],[14.440287,40.972554],[14.437503,40.973808],[14.425791,40.977596],[14.423737,40.978537],[14.421642,40.979864],[14.418181,40.982834],[14.41732,40.984353],[14.417051,40.985686],[14.417241,40.987288],[14.420854,40.999117],[14.420894,41.000338],[14.420526,41.002241]],[[14.630085,40.768053],[14.627334,40.769765],[14.625953,40.771048],[14.624916,40.77271],[14.624458,40.774627],[14.624846,40.776998],[14.62954,40.786266],[14.630406,40.788706],[14.630875,40.790932],[14.631353,40.795],[14.631244,40.797179],[14.630373,40.799691],[14.628576,40.802148],[14.625834,40.804267],[14.621199,40.806503],[14.617361,40.808888],[14.595218,40.827477],[14.592656,40.828802],[14.565869,40.839044],[14.560649,40.841339],[14.556817,40.843656],[14.552638,40.84699],[14.550229,40.849534],[14.547839,40.852864],[14.539382,40.865916],[14.538494,40.867567],[14.537467,40.870384],[14.536776,40.875553],[14.532982,40.914997],[14.532253,40.917583],[14.530708,40.919841],[14.529018,40.92129],[14.527397,40.922301],[14.440315,40.972577],[14.437516,40.973839],[14.425813,40.977622],[14.423777,40.978556],[14.421674,40.97989],[14.418226,40.982848],[14.417439,40.984195],[14.4171,40.98569],[14.41729,40.987277],[14.420911,40.999153],[14.420938,41.000405],[14.420575,41.002283]]]}},{"type":"Feature","properties":{"id":5554493,"nome":"Tauferer Bahn - Ferrovia della Valle Aurina","uso":"","operatore":"","dal":"1908","wikipedia":"de:Tauferer Bahn"},"geometry":{"type":"MultiLineString","coordinates":[[[11.931171,46.795741],[11.93274,46.797195],[11.93297,46.797788],[11.932837,46.799321],[11.932571,46.799455],[11.933118,46.800111],[11.934208,46.802372],[11.937026,46.805321],[11.937349,46.80645],[11.936827,46.808855],[11.936251,46.813882],[11.937233,46.818564],[11.937022,46.819726],[11.937245,46.820461],[11.936531,46.821526],[11.936515,46.82257],[11.936964,46.824633],[11.938287,46.826836],[11.93882,46.829018],[11.93935,46.829978],[11.940718,46.831317],[11.942678,46.832745],[11.943797,46.834016],[11.945583,46.834913],[11.946945,46.837074]],[[11.946874,46.837115],[11.947043,46.837139],[11.946874,46.837115]],[[11.946963,46.837192],[11.94939,46.842359],[11.951535,46.845677],[11.955818,46.847517],[11.956607,46.848098],[11.956882,46.848744],[11.956911,46.850556],[11.956344,46.852714],[11.954958,46.856005],[11.952539,46.859227],[11.950919,46.862955],[11.950706,46.864796],[11.950856,46.866558],[11.949972,46.868029],[11.949007,46.868316],[11.948699,46.86873],[11.947374,46.881842],[11.946559,46.883406],[11.946933,46.885572],[11.944774,46.889559],[11.946104,46.894635],[11.946012,46.895042],[11.946731,46.896871],[11.948664,46.89934],[11.950632,46.900158],[11.955156,46.902847],[11.956175,46.904222],[11.957793,46.905758],[11.958259,46.907579],[11.958903,46.908508],[11.955889,46.914684],[11.955368,46.915365],[11.95419,46.916243],[11.953907,46.916838],[11.952891,46.917826]]]}},{"type":"Feature","properties":{"id":5622129,"nome":"Ferrovia Campiglia Marittima-Piombino","uso":"","operatore":"","dal":"","wikipedia":""},"geometry":{"type":"MultiLineString","coordinates":[[[10.586333,43.017143],[10.581375,43.020112],[10.579541,43.020395],[10.577909,43.020024],[10.57215,43.016192],[10.543927,43.000316],[10.542659,42.999301],[10.541548,42.997923],[10.540138,42.995394],[10.539672,42.993854],[10.539875,42.987067],[10.541737,42.978047],[10.542502,42.967337],[10.543578,42.960693],[10.543951,42.959755],[10.545485,42.957451],[10.545673,42.956471],[10.545449,42.9558],[10.544798,42.955079],[10.540984,42.953211],[10.540348,42.952556],[10.539877,42.951515],[10.540083,42.950045],[10.541511,42.9478],[10.541897,42.94655],[10.541104,42.943281],[10.540168,42.940573],[10.538945,42.935153],[10.539036,42.934141],[10.540565,42.929661],[10.540426,42.928636],[10.538868,42.926915],[10.53541,42.925233],[10.534249,42.924997],[10.529578,42.924847]],[[10.574768,43.017946],[10.571729,43.015994],[10.543892,43.000349],[10.542356,42.999055],[10.541375,42.997722],[10.540142,42.995512],[10.53962,42.993855],[10.539769,42.987829],[10.540125,42.985148],[10.541692,42.978045],[10.54241,42.967764],[10.542852,42.964958]],[[10.544726,42.92866],[10.543535,42.928211],[10.541459,42.926945],[10.539622,42.926339],[10.536952,42.925862],[10.535053,42.92508],[10.530397,42.924791]],[[10.536042,42.925471],[10.536384,42.925675]]]}},{"type":"Feature","properties":{"id":5669672,"nome":"Ferrovia Bagnolo in Piano-Carpi","uso":"","operatore":"","dal":"1886","wikipedia":"it:Ferrovia Bagnolo in Piano-Carpi"},"geometry":{"type":"MultiLineString","coordinates":[[[10.831573,44.770035],[10.831143,44.770253],[10.830333,44.769979],[10.826408,44.769578],[10.801354,44.767614],[10.798822,44.767024],[10.791995,44.763485],[10.789662,44.763108],[10.787982,44.763552],[10.780179,44.767115],[10.773378,44.769717],[10.769096,44.771026],[10.76448,44.771953],[10.757825,44.772186],[10.74052,44.769848],[10.690069,44.764389],[10.677998,44.762447],[10.676359,44.762102],[10.675835,44.761779]],[[10.830418,44.769992],[10.831959,44.770155],[10.844877,44.773356]],[[10.891963,44.782899],[10.895003,44.769833]]]}},{"type":"Feature","properties":{"id":5826989,"nome":"Ferrovia L'Aquila - Capitignano","uso":"","operatore":"SIA","dal":"","wikipedia":"it:Ferrovia L'Aquila-Capitignano"},"geometry":{"type":"MultiLineString","coordinates":[[[13.300818,42.516702],[13.298666,42.518087],[13.295737,42.518994],[13.294065,42.520633],[13.293292,42.521118],[13.286252,42.52356],[13.272401,42.52435],[13.267033,42.523835],[13.259177,42.522047],[13.239549,42.51551],[13.238066,42.514565],[13.235031,42.511767],[13.230045,42.508953],[13.228312,42.506638],[13.225547,42.505115],[13.224765,42.504171],[13.224428,42.502349],[13.223391,42.500801],[13.22315,42.500088],[13.223617,42.498104],[13.223612,42.496025],[13.224194,42.495237],[13.230018,42.490885],[13.230818,42.489871],[13.231715,42.488121],[13.232553,42.487415],[13.235554,42.485911],[13.238837,42.485865],[13.24036,42.485442],[13.241925,42.484467],[13.244011,42.481797],[13.245324,42.480974],[13.246567,42.480725],[13.250248,42.48079],[13.251808,42.480424],[13.253208,42.479599],[13.255045,42.477548],[13.257848,42.476606],[13.259764,42.475224],[13.26144,42.472559],[13.262466,42.468896],[13.262,42.467522],[13.260633,42.465915],[13.259254,42.463123],[13.259241,42.461382],[13.260814,42.458247],[13.262068,42.456553],[13.262762,42.456009],[13.264897,42.455116],[13.266797,42.453289],[13.267331,42.452137],[13.267791,42.44957],[13.268223,42.448784],[13.27126,42.446085],[13.272531,42.445661],[13.275171,42.445339],[13.276356,42.444833],[13.288031,42.435981],[13.294741,42.433707],[13.2963,42.432694],[13.299176,42.426738],[13.299915,42.421911],[13.304751,42.413129],[13.305884,42.409687],[13.305799,42.406118],[13.308957,42.401801],[13.310828,42.394609],[13.311164,42.394012],[13.336666,42.376027],[13.338608,42.375272],[13.348182,42.373288],[13.356558,42.368922],[13.357734,42.367673],[13.358587,42.365839],[13.359206,42.365164],[13.362051,42.363741],[13.364146,42.361245],[13.367749,42.359353],[13.368244,42.358859],[13.368779,42.357349],[13.368417,42.355224],[13.36896,42.354209],[13.36973,42.353571],[13.370912,42.353063],[13.372364,42.352916],[13.375996,42.35402],[13.377759,42.354142],[13.384585,42.351959]],[[13.368359,42.355499],[13.368128,42.353347],[13.367809,42.353014],[13.366849,42.352951]],[[13.378289,42.354028],[13.37925,42.353489]]]}},{"type":"Feature","properties":{"id":5987029,"nome":"Ferrovia Busto Arsizio-Malpensa Aeroporto-Gallarate","uso":"","operatore":"Ferrovienord","dal":"","wikipedia":"it:Ferrovia Busto Arsizio-Malpensa Aeroporto-Gallarate"},"geometry":{"type":"MultiLineString","coordinates":[[[8.831369,45.600553],[8.828781,45.5993],[8.826737,45.598609],[8.823922,45.598076],[8.821389,45.597958],[8.782406,45.601989],[8.773302,45.602465],[8.768325,45.603468],[8.765757,45.604447],[8.759824,45.607291],[8.752159,45.60924],[8.749294,45.609573],[8.746324,45.609483],[8.732146,45.607598],[8.727887,45.607598],[8.724426,45.60821],[8.721228,45.609381],[8.718857,45.610814],[8.717142,45.61227],[8.715695,45.614146],[8.713381,45.619799],[8.710037,45.631297],[8.708929,45.632826],[8.705802,45.6355],[8.704844,45.63735],[8.70442,45.640849],[8.704491,45.642232],[8.70506,45.643498],[8.707161,45.646615],[8.708657,45.647727],[8.710168,45.648339],[8.719075,45.649983],[8.728008,45.652273],[8.731989,45.654341],[8.734118,45.655022],[8.735862,45.655224],[8.742219,45.655298],[8.751226,45.656479],[8.75448,45.657352],[8.758479,45.658746],[8.759765,45.659713],[8.760533,45.660956],[8.762168,45.665394],[8.763407,45.666678],[8.765003,45.667247],[8.766398,45.667299],[8.771216,45.666205]],[[8.771199,45.666174],[8.765992,45.66728],[8.764474,45.667079],[8.763458,45.666632],[8.762231,45.66538],[8.7606,45.660958],[8.759823,45.659679],[8.75852,45.658708],[8.754516,45.657297],[8.751239,45.65643],[8.742228,45.655245],[8.734144,45.654978],[8.732496,45.654502],[8.728043,45.652221],[8.719097,45.649935],[8.710567,45.648401],[8.708702,45.647685],[8.707395,45.646763],[8.705485,45.644079],[8.704569,45.642285],[8.704479,45.640854],[8.7049,45.637346],[8.70596,45.635396],[8.708914,45.632904],[8.710081,45.631315],[8.713436,45.619807],[8.71576,45.614169],[8.717217,45.612288],[8.718917,45.610839],[8.72127,45.609408],[8.724204,45.608311],[8.727179,45.607706],[8.731376,45.607582],[8.74632,45.609527],[8.750281,45.609547],[8.754049,45.608908],[8.75932,45.607504],[8.767197,45.603902],[8.771612,45.602742],[8.782401,45.602024],[8.819376,45.59814],[8.822918,45.598028],[8.826329,45.598546],[8.829035,45.599454],[8.833144,45.601478]],[[8.805803,45.599563],[8.807104,45.599395]],[[8.808007,45.599299],[8.810692,45.598886],[8.812496,45.598166],[8.814008,45.596903],[8.814781,45.595197],[8.814657,45.593785],[8.813798,45.592355],[8.812577,45.591391],[8.809257,45.58963]],[[8.809133,45.589618],[8.812802,45.591577],[8.813769,45.592389],[8.814313,45.593137],[8.814718,45.594228],[8.814613,45.595703],[8.813689,45.597203],[8.81192,45.598414],[8.81016,45.598965],[8.805788,45.599531]],[[8.71188,45.624815],[8.711361,45.626001],[8.710591,45.629489]],[[8.710641,45.629501],[8.711113,45.628429],[8.711936,45.624819]],[[8.716325,45.649481],[8.723182,45.65104]],[[8.723203,45.650997],[8.721666,45.650368],[8.719166,45.649791],[8.716335,45.64945]],[[8.761122,45.668269],[8.758727,45.669277]],[[8.759045,45.669198],[8.760521,45.668708],[8.761577,45.667969]]]}},{"type":"Feature","properties":{"id":6334362,"nome":"Bari Lamasinata - Bari Centrale (indipendente)","uso":"","operatore":"Rete Ferroviaria Italiana","dal":"","wikipedia":""},"geometry":{"type":"MultiLineString","coordinates":[[[16.81413,41.132959],[16.825744,41.126539],[16.826943,41.126191],[16.830111,41.126296],[16.831339,41.126022],[16.853752,41.117269],[16.856804,41.116919],[16.866045,41.117447]],[[16.825318,41.126761],[16.814088,41.132937]]]}},{"type":"Feature","properties":{"id":6335156,"nome":"Udine - Cervignano A.G.","uso":"","operatore":"Rete Ferroviaria Italiana","dal":"","wikipedia":"it:Ferrovia Udine-Cervignano"},"geometry":{"type":"MultiLineString","coordinates":[[[13.242615,46.055999],[13.237452,46.054737],[13.23524,46.053819],[13.232616,46.053131]],[[13.24265,46.055932],[13.237566,46.054702],[13.235941,46.054108]],[[13.242928,46.055657],[13.240778,46.055215],[13.242879,46.055734]],[[13.232239,46.052939],[13.23519,46.053695],[13.23725,46.054549],[13.240778,46.055215]],[[13.343246,45.824],[13.330519,45.826592],[13.328618,45.82757],[13.32754,45.828913],[13.325812,45.835905],[13.320573,45.850663],[13.319751,45.852176],[13.316263,45.856291],[13.315197,45.857885],[13.312184,45.869973],[13.311583,45.871425],[13.308176,45.877293],[13.303161,45.891668],[13.297403,45.90262],[13.294026,45.918116],[13.28812,45.932335],[13.258778,45.979915],[13.230351,46.048811],[13.230014,46.050123],[13.23016,46.051088],[13.230686,46.051966],[13.231695,46.052701]],[[13.317869,45.854419],[13.319867,45.851932],[13.32047,45.850799],[13.325599,45.83641],[13.327327,45.82935],[13.327953,45.828168],[13.329204,45.827122],[13.330686,45.826507],[13.343224,45.823955]]]}},{"type":"Feature","properties":{"id":6608068,"nome":"Ligne de Marseille-Saint-Charles à Vintimille (frontière)","uso":"","operatore":"SNCF Réseau","dal":"1872","wikipedia":"fr:Ligne de Marseille-Saint-Charles à Vintimille (frontière)"},"geometry":{"type":"MultiLineString","coordinates":[[[7.48729,43.767743],[7.489249,43.769459],[7.492423,43.773891],[7.493652,43.775006],[7.496535,43.776262],[7.500686,43.776548],[7.502231,43.776995],[7.51039,43.783185],[7.511385,43.783714],[7.519825,43.785817],[7.529674,43.785342]],[[7.48725,43.767752],[7.489225,43.76948],[7.492386,43.773906],[7.49361,43.775023],[7.496629,43.776312],[7.500666,43.776575],[7.502212,43.777025],[7.510362,43.783208],[7.511351,43.783737],[7.519826,43.78585],[7.529661,43.785376]],[[7.494913,43.77572],[7.492842,43.774568],[7.491305,43.772346]]]}},{"type":"Feature","properties":{"id":6638117,"nome":"Ligne de Coni à Vintimille","uso":"","operatore":"SNCF Réseau","dal":"","wikipedia":"fr:Ligne de Coni à Vintimille"},"geometry":{"type":"MultiLineString","coordinates":[[[7.572215,44.192262],[7.567825,44.119106],[7.567438,44.118233],[7.56408,44.113439],[7.561803,44.111585],[7.559431,44.110108],[7.558905,44.109378],[7.558857,44.10874],[7.559253,44.107989],[7.560301,44.10722],[7.561608,44.106805],[7.56347,44.10667],[7.5653,44.107038],[7.567813,44.109012],[7.569236,44.109349],[7.570961,44.109273],[7.572461,44.108581],[7.574424,44.106663],[7.576498,44.105304],[7.578482,44.104415],[7.581395,44.103631]],[[7.544075,43.98136],[7.540985,43.978106],[7.539816,43.976387],[7.538267,43.973364],[7.536745,43.97172],[7.535645,43.971104],[7.52924,43.968876],[7.525426,43.96636]],[[7.511759,43.936932],[7.511384,43.935586],[7.511394,43.934316],[7.512113,43.932353],[7.513643,43.931365],[7.518965,43.929712],[7.519767,43.92899],[7.5203,43.927657],[7.51992,43.925068],[7.51941,43.923458],[7.518525,43.921809],[7.516158,43.91975],[7.515672,43.918706],[7.515779,43.917651],[7.516721,43.915048],[7.516623,43.913196],[7.516253,43.911595],[7.516545,43.910169],[7.521638,43.901967],[7.523426,43.898474],[7.530069,43.890933],[7.530965,43.890254]],[[7.566952,44.117576],[7.564118,44.113419],[7.561343,44.111285]]]}},{"type":"Feature","properties":{"id":6638118,"nome":"Ligne de Nice à Breil-sur-Roya","uso":"","operatore":"SNCF Réseau","dal":"1928-10-30","wikipedia":"fr:Ligne de Nice à Breil-sur-Roya"},"geometry":{"type":"MultiLineString","coordinates":[[[7.456882,43.876617],[7.463933,43.876964],[7.466463,43.877846],[7.471441,43.878268],[7.478382,43.87995],[7.482171,43.882076],[7.482929,43.883114],[7.483701,43.884794],[7.484419,43.885565],[7.488011,43.887308],[7.488821,43.887912],[7.513624,43.917403],[7.514295,43.918483],[7.51469,43.919948],[7.515108,43.920574],[7.518465,43.923586],[7.51879,43.924742],[7.518409,43.928916],[7.517785,43.930164],[7.516701,43.931068]]]}},{"type":"Feature","properties":{"id":6694298,"nome":"Ferrovia Novara-Alessandria","uso":"","operatore":"","dal":"","wikipedia":"it:Ferrovia Novara-Alessandria"},"geometry":{"type":"MultiLineString","coordinates":[[[8.625078,45.026981],[8.625174,45.026577]],[[8.624994,45.02721],[8.619585,45.037761],[8.618695,45.040259],[8.618647,45.041891],[8.619062,45.043623],[8.619749,45.045024],[8.621253,45.046834],[8.62344,45.048402],[8.626327,45.049641],[8.651852,45.056128],[8.655278,45.057384],[8.659157,45.059498],[8.662465,45.062079],[8.664809,45.064858],[8.666215,45.067347],[8.666971,45.069558],[8.66734,45.071766],[8.669666,45.108785],[8.670465,45.112984],[8.671383,45.115917],[8.713855,45.21671],[8.730965,45.248252],[8.731571,45.250852],[8.732836,45.260005],[8.732557,45.26276],[8.731451,45.265854],[8.70582,45.314688],[8.703834,45.318067],[8.701266,45.32136],[8.698522,45.324289],[8.674049,45.34876],[8.672333,45.351016],[8.671142,45.353312],[8.670289,45.356422],[8.663315,45.407958],[8.662717,45.410651],[8.661326,45.413607],[8.658651,45.416957],[8.631722,45.445425],[8.628849,45.448],[8.624868,45.451095]],[[8.606973,44.908715],[8.597229,44.916645],[8.595478,44.917736],[8.591643,44.919537],[8.589521,44.921076],[8.588293,44.922459],[8.587483,44.923872],[8.586993,44.925517],[8.586931,44.927065],[8.587784,44.929945],[8.595735,44.948762],[8.597078,44.95145],[8.599538,44.955178],[8.608323,44.965666],[8.60975,44.967993],[8.610598,44.970824],[8.610601,44.975906],[8.610922,44.977585],[8.620513,44.999785],[8.621619,45.004379],[8.623554,45.008837],[8.623831,45.010387],[8.62401,45.014813],[8.625337,45.018704],[8.62577,45.020686],[8.62575,45.024474],[8.624651,45.02803],[8.618937,45.039115],[8.618573,45.041444],[8.61902,45.043634],[8.620038,45.045538],[8.621436,45.047053],[8.623078,45.048237],[8.625168,45.049272],[8.650832,45.05588],[8.655957,45.057791],[8.659311,45.059709],[8.662247,45.061946],[8.664243,45.06416],[8.665511,45.066061],[8.666571,45.068406],[8.667212,45.071058],[8.669552,45.108082],[8.670417,45.112994],[8.671331,45.11591],[8.713661,45.216444],[8.730913,45.248268],[8.731386,45.249939],[8.732788,45.259791],[8.732522,45.262757],[8.731449,45.265756],[8.704021,45.317709],[8.702108,45.320302],[8.699421,45.323321],[8.674001,45.348739],[8.672598,45.350516],[8.67145,45.352518],[8.670601,45.354752],[8.670131,45.357186],[8.663101,45.409041],[8.662672,45.410626],[8.661414,45.413372],[8.659324,45.416191],[8.631395,45.445734]],[[8.624868,45.027656],[8.625791,45.024576],[8.625897,45.021373],[8.625488,45.01906],[8.62401,45.014536],[8.623666,45.009075],[8.621677,45.00437],[8.620566,44.999775],[8.611043,44.977813],[8.610659,44.975989],[8.610663,44.970943],[8.610149,44.968831],[8.608642,44.966021],[8.600115,44.955857],[8.597121,44.951441],[8.59578,44.948752],[8.58783,44.929935],[8.587009,44.927365],[8.58704,44.92552],[8.587533,44.923876],[8.588333,44.922473],[8.589553,44.921095],[8.591677,44.919561],[8.596791,44.916998],[8.607086,44.908774]]]}},{"type":"Feature","properties":{"id":6694346,"nome":"Ferrovia Alessandria-Ovada","uso":"","operatore":"","dal":"","wikipedia":"it:Ferrovia Alessandria-Ovada"},"geometry":{"type":"MultiLineString","coordinates":[[[8.61238,44.903639],[8.613381,44.902576],[8.613761,44.901418],[8.61301,44.897632],[8.600115,44.873467],[8.599909,44.872409],[8.600244,44.86858],[8.600072,44.866917],[8.590289,44.848266],[8.589353,44.841477],[8.589488,44.839999],[8.590655,44.838004],[8.600179,44.82603],[8.607828,44.815316],[8.616388,44.804251],[8.625322,44.792145],[8.639926,44.77639],[8.640982,44.774947],[8.64558,44.762878],[8.653468,44.746001],[8.654502,44.742077],[8.660796,44.713348],[8.66519,44.703196],[8.665877,44.70135],[8.666049,44.699963],[8.664511,44.690423],[8.654363,44.672137],[8.651396,44.669045],[8.650878,44.667993],[8.649278,44.662653],[8.649802,44.654714],[8.649255,44.652885],[8.638577,44.638615],[8.638047,44.637188],[8.637794,44.632843],[8.637255,44.631764],[8.635929,44.630932],[8.627488,44.62973]]]}},{"type":"Feature","properties":{"id":6694347,"nome":"Ferrovia Alessandria-San Giuseppe di Cairo","uso":"","operatore":"","dal":"","wikipedia":"it:Ferrovia Alessandria-San Giuseppe di Cairo"},"geometry":{"type":"MultiLineString","coordinates":[[[8.547788,44.860139],[8.552582,44.866371],[8.559975,44.872372],[8.571157,44.877615],[8.577986,44.881597],[8.580478,44.882418],[8.587622,44.884157],[8.590162,44.88521],[8.612748,44.899183],[8.613428,44.900134],[8.613662,44.90099],[8.613572,44.901939],[8.613042,44.902871],[8.609122,44.906514],[8.601804,44.912698]],[[8.612938,44.902991],[8.61264,44.90336]],[[8.288584,44.370248],[8.285128,44.371777],[8.284037,44.372706],[8.281138,44.377106],[8.280481,44.378639],[8.279156,44.386091],[8.279245,44.389908],[8.2788,44.395485],[8.279338,44.396749],[8.281013,44.398385],[8.281814,44.39951],[8.282217,44.401434],[8.281462,44.408486],[8.280336,44.411649],[8.280358,44.412934],[8.28178,44.416077],[8.28444,44.417993],[8.28577,44.419335],[8.289216,44.421428],[8.293302,44.422453],[8.295179,44.423614],[8.295926,44.424964],[8.295991,44.426332],[8.294528,44.428956],[8.294244,44.430403],[8.295843,44.436362],[8.296587,44.440862],[8.297724,44.442141],[8.298964,44.442792],[8.300671,44.44316],[8.303056,44.443254],[8.305086,44.44394],[8.306322,44.444937],[8.308808,44.44858],[8.309074,44.45038],[8.306985,44.456097],[8.306691,44.464159],[8.307324,44.465521],[8.312678,44.472499],[8.314378,44.4742],[8.314784,44.474886],[8.314945,44.475744],[8.314549,44.477214],[8.312779,44.479042],[8.311736,44.480648],[8.310764,44.483596],[8.308788,44.486399],[8.308543,44.488135],[8.309366,44.489733],[8.312082,44.492013],[8.313196,44.492627],[8.315554,44.493411],[8.316919,44.494306],[8.317857,44.495812],[8.318271,44.497189],[8.317088,44.50206],[8.315538,44.504205],[8.31305,44.505903],[8.307283,44.507733],[8.304774,44.509452],[8.301363,44.510499],[8.299897,44.511269],[8.299278,44.511825],[8.297149,44.514756],[8.296845,44.51591],[8.296843,44.517445],[8.297749,44.518889],[8.299978,44.520171],[8.302512,44.520627],[8.305911,44.520434],[8.307962,44.520546],[8.309861,44.521161],[8.311183,44.522161],[8.311679,44.522914],[8.311946,44.523903],[8.311343,44.527847],[8.311636,44.529457],[8.317229,44.537236],[8.317861,44.538624],[8.318062,44.543917],[8.316944,44.546555],[8.316777,44.547544],[8.317017,44.54881],[8.317421,44.549548],[8.318229,44.550452],[8.319324,44.551164],[8.326672,44.554053],[8.328602,44.555751],[8.330269,44.557687],[8.330721,44.558694],[8.33059,44.559925],[8.330107,44.560786],[8.328551,44.562427],[8.328113,44.563724],[8.328698,44.566587],[8.329516,44.567994],[8.331714,44.569563],[8.335812,44.570368],[8.337107,44.570918],[8.341353,44.574108],[8.343419,44.577381],[8.344418,44.578066],[8.347275,44.579305],[8.348095,44.579935],[8.348725,44.580783],[8.34902,44.581744],[8.349112,44.58366],[8.350132,44.58605],[8.350036,44.589292],[8.352116,44.593742],[8.352298,44.595174],[8.352237,44.600452],[8.352023,44.601449],[8.351076,44.603063],[8.348884,44.605478],[8.348299,44.60672],[8.348474,44.613417],[8.350162,44.616081],[8.350463,44.618052],[8.350823,44.618984],[8.352352,44.621198],[8.353185,44.621974],[8.354526,44.622679],[8.355927,44.623],[8.3603,44.622748],[8.362747,44.623376],[8.363891,44.624069],[8.365421,44.62565],[8.365863,44.626221],[8.366291,44.627561],[8.366298,44.628157],[8.365855,44.629289],[8.363498,44.631723],[8.361102,44.635661],[8.358142,44.638398],[8.357383,44.639821],[8.356973,44.645052],[8.357985,44.653525],[8.358309,44.654368],[8.359174,44.655377],[8.361003,44.65633],[8.3664,44.658086],[8.371663,44.659207],[8.373722,44.659311],[8.376178,44.659113],[8.384653,44.658226],[8.390054,44.657302],[8.392574,44.657609],[8.404574,44.664575],[8.413988,44.669196],[8.416826,44.669649],[8.423732,44.668839],[8.426126,44.669333],[8.427835,44.670519],[8.430288,44.674244],[8.431461,44.675054],[8.433276,44.675606],[8.434999,44.675633],[8.437769,44.674992],[8.439099,44.674912],[8.446846,44.675522],[8.452059,44.675645],[8.461502,44.674636],[8.466243,44.6727],[8.468211,44.672233],[8.47522,44.672345],[8.478861,44.672899],[8.480565,44.673662],[8.482076,44.675024],[8.48325,44.677664],[8.48409,44.678696],[8.485817,44.679758],[8.487473,44.680258],[8.489917,44.680359],[8.498147,44.67937],[8.513768,44.679502],[8.515658,44.679592],[8.516997,44.67991],[8.518268,44.680437],[8.519379,44.68121],[8.520145,44.682028],[8.520678,44.683236],[8.521918,44.68745],[8.524873,44.690957],[8.525403,44.692929],[8.525427,44.697284],[8.526012,44.698968],[8.530114,44.703846],[8.533534,44.706578],[8.533927,44.707211],[8.534302,44.708829],[8.53297,44.714055],[8.523133,44.733034],[8.52241,44.735534],[8.521802,44.740297],[8.522116,44.741467],[8.5232,44.742826],[8.523989,44.743359],[8.531662,44.746715],[8.532622,44.747466],[8.533449,44.748807],[8.533687,44.749777],[8.533547,44.752744],[8.533772,44.754036],[8.536577,44.760492],[8.538821,44.769134],[8.539096,44.771064],[8.539011,44.773565],[8.538326,44.776313],[8.537118,44.779575],[8.537107,44.781385],[8.542339,44.79457],[8.543925,44.796284],[8.548936,44.799456],[8.550255,44.800581],[8.552359,44.804473],[8.55258,44.805363],[8.552443,44.806707],[8.55181,44.807871],[8.540411,44.820948],[8.538992,44.823616],[8.537761,44.844385],[8.538239,44.846957],[8.539272,44.848925],[8.552371,44.866085],[8.55952,44.872034],[8.571186,44.877596],[8.578038,44.88159],[8.580508,44.882389],[8.586829,44.883885],[8.590231,44.885202],[8.612637,44.899016],[8.613276,44.899776],[8.61368,44.900762],[8.613674,44.901722],[8.613269,44.902653],[8.609853,44.905933],[8.603964,44.910959]]]}},{"type":"Feature","properties":{"id":6694905,"nome":"Ferrovia Piacenza - Cremona","uso":"","operatore":"Rete Ferroviaria Italiana","dal":"","wikipedia":""},"geometry":{"type":"MultiLineString","coordinates":[[[9.705213,45.054184],[9.709145,45.048577],[9.710312,45.047499],[9.72443,45.041813],[9.729936,45.040154],[9.755145,45.034891]],[[9.717982,45.044405],[9.725908,45.04133],[9.729824,45.040222],[9.762053,45.033469],[9.7668,45.033061],[9.794062,45.033405]]]}},{"type":"Feature","properties":{"id":6770774,"nome":"La Spezia-Pisa","uso":"","operatore":"Rete Ferroviaria Italiana","dal":"","wikipedia":""},"geometry":{"type":"MultiLineString","coordinates":[[[10.03136,44.065561],[10.065208,44.050266]],[[10.177587,43.993597],[10.134518,44.024847],[10.133145,44.025475],[10.131251,44.025839],[10.129878,44.025807],[10.127087,44.02527],[10.124662,44.025478],[10.113553,44.029595]],[[10.113577,44.029619],[10.124885,44.025468],[10.127057,44.025306],[10.12971,44.025823],[10.131249,44.025884],[10.132818,44.025626],[10.134569,44.024872],[10.177635,43.993606]],[[10.065143,44.050251],[10.031349,44.065517]]]}},{"type":"Feature","properties":{"id":6789381,"nome":"Ferrovia Milano-Verona AV/AC","uso":"","operatore":"","dal":"","wikipedia":"it:Ferrovia Milano-Verona (alta velocità)"},"geometry":{"type":"MultiLineString","coordinates":[[[9.204482,45.486253],[9.214187,45.495829],[9.216259,45.49872],[9.217392,45.499279],[9.218654,45.499207],[9.221321,45.497906],[9.226481,45.496081],[9.228589,45.494663],[9.236763,45.485644],[9.237731,45.484311],[9.238604,45.480569],[9.238567,45.475888],[9.239499,45.473999],[9.240889,45.472775],[9.24256,45.471962],[9.244666,45.47148],[9.246968,45.471427],[9.270929,45.475507],[9.289052,45.47897],[9.331256,45.486196],[9.361264,45.491834],[9.374176,45.493762],[9.405863,45.499809],[9.416743,45.501464],[9.449097,45.507098],[9.456733,45.507872],[9.46382,45.508047],[9.470359,45.50778],[9.48749,45.50637],[9.495009,45.506388],[9.502271,45.507137],[9.523186,45.510826],[9.527783,45.511304],[9.532808,45.51149],[9.538225,45.511311],[9.544125,45.510648],[9.578394,45.504883],[9.585963,45.504125],[9.591344,45.503919],[9.598098,45.504113],[9.605227,45.504802],[9.629507,45.509218],[9.639294,45.510317],[9.643414,45.510488],[9.669346,45.510395],[9.678913,45.509788],[9.689429,45.508015],[9.698063,45.505623],[9.707472,45.501792],[9.725039,45.493823],[9.731042,45.491631],[9.736328,45.490138],[9.742114,45.488894],[9.749692,45.487798],[9.759311,45.487266],[9.766087,45.487458],[9.772301,45.488071],[9.777209,45.488845],[9.783441,45.490177],[9.796304,45.493377],[9.805875,45.494746],[9.813792,45.495138],[9.840349,45.494631],[9.846774,45.495001],[9.855012,45.496116],[9.863932,45.498154],[9.916016,45.514167],[9.926333,45.516441],[9.94222,45.519285],[9.960608,45.521413],[9.974257,45.522633],[9.981783,45.522922],[10.000166,45.522727],[10.016824,45.522832],[10.022055,45.523178],[10.026829,45.523851],[10.050357,45.529626],[10.05741,45.531859],[10.061621,45.533633],[10.066014,45.536115],[10.078639,45.544233],[10.080295,45.545025],[10.083094,45.545922],[10.089065,45.546671],[10.111487,45.547802],[10.117944,45.547908],[10.133846,45.548807],[10.138485,45.54849],[10.143764,45.547291],[10.174424,45.536306],[10.181685,45.534445],[10.193526,45.534462],[10.206478,45.533585],[10.209514,45.53303],[10.212577,45.531849],[10.215617,45.531071],[10.221758,45.529873],[10.246552,45.529141],[10.24932,45.528868],[10.252256,45.528254],[10.255754,45.52701],[10.326218,45.496536]],[[10.982644,45.428577],[10.975726,45.42717]],[[10.326194,45.496513],[10.256186,45.52679],[10.252323,45.528201],[10.249308,45.528839],[10.246554,45.52911],[10.221796,45.529823],[10.214139,45.531336],[10.209641,45.53295],[10.206924,45.533506],[10.193532,45.534424],[10.181763,45.534399],[10.174399,45.536273],[10.143738,45.54725],[10.138474,45.548446],[10.133846,45.548763],[10.089069,45.546626],[10.08341,45.545938],[10.080683,45.545128],[10.078675,45.544201],[10.066084,45.536088],[10.061658,45.533596],[10.057466,45.531831],[10.050795,45.529694],[10.021342,45.522354],[10.017448,45.522044],[10.006569,45.522686],[9.978189,45.522784],[9.970068,45.522249],[9.945446,45.51968],[9.93204,45.517463],[9.916012,45.514125],[9.86399,45.498105],[9.854963,45.496053],[9.846796,45.494951],[9.840435,45.494586],[9.813792,45.49508],[9.805907,45.49469],[9.800588,45.494073],[9.796385,45.493329],[9.781091,45.489558],[9.777196,45.488782],[9.772342,45.488019],[9.766156,45.487406],[9.759303,45.487209],[9.751661,45.487569],[9.743729,45.488556],[9.736269,45.490095],[9.731011,45.49159],[9.725021,45.493767],[9.707411,45.501745],[9.698169,45.505518],[9.689461,45.507939],[9.683036,45.509171],[9.678768,45.509739],[9.672988,45.510217],[9.667194,45.510368],[9.643388,45.510428],[9.639297,45.51026],[9.629505,45.509161],[9.60564,45.504798],[9.599215,45.504128],[9.591653,45.503858],[9.58603,45.504069],[9.578392,45.504827],[9.544179,45.510585],[9.53821,45.511267],[9.532811,45.511443],[9.527788,45.511266],[9.523196,45.51079],[9.502285,45.507092],[9.495015,45.506348],[9.487486,45.506326],[9.470351,45.507735],[9.463819,45.508002],[9.456738,45.507827],[9.449107,45.507054],[9.416748,45.501423],[9.405878,45.499772],[9.374187,45.493731],[9.361272,45.491796],[9.331268,45.486163],[9.289062,45.478935],[9.270937,45.475471],[9.246996,45.471392],[9.244539,45.47146],[9.242377,45.471986],[9.240581,45.472937],[9.23938,45.474072],[9.238485,45.476058],[9.238566,45.480508],[9.237688,45.484304],[9.236727,45.485628],[9.228583,45.494614],[9.226455,45.496055],[9.221467,45.497808],[9.218696,45.499148],[9.217453,45.499238],[9.216314,45.498705],[9.215483,45.497796],[9.214149,45.495712],[9.204544,45.486222]],[[10.974483,45.42689],[10.969809,45.425854],[10.967563,45.425634],[10.965656,45.425793],[10.960845,45.42674],[10.957136,45.426991],[10.919108,45.427166],[10.898825,45.426781],[10.887914,45.427072],[10.854145,45.427148],[10.850259,45.426892],[10.84469,45.426158],[10.834872,45.424337],[10.822833,45.42171],[10.815864,45.420667],[10.808598,45.42012],[10.796479,45.419893],[10.790998,45.420161],[10.7841,45.421017],[10.758274,45.425962],[10.734571,45.428451],[10.727498,45.428981],[10.687213,45.428939],[10.63769,45.432137],[10.613962,45.432851],[10.601398,45.43373],[10.590998,45.435332],[10.5537,45.4423],[10.533778,45.445097],[10.511273,45.449174],[10.503834,45.450092],[10.49071,45.451301],[10.481648,45.452493],[10.464044,45.456204],[10.443313,45.46119],[10.436695,45.462555],[10.429573,45.463586],[10.406708,45.465443],[10.384415,45.469139],[10.380622,45.470279],[10.376563,45.472092],[10.368521,45.477643],[10.365301,45.479413],[10.325642,45.496636]],[[10.903882,45.426863],[10.908995,45.427216]],[[10.325666,45.496674],[10.365338,45.479455],[10.368557,45.477688],[10.376483,45.472198],[10.380662,45.470321],[10.384448,45.469192],[10.406725,45.465495],[10.429585,45.463654],[10.43673,45.462634],[10.463724,45.456438],[10.481733,45.452776],[10.490771,45.451586],[10.503867,45.45038],[10.511348,45.449458],[10.532642,45.44556],[10.553714,45.442366],[10.595158,45.434628],[10.600222,45.433925],[10.606569,45.433301],[10.613965,45.432896],[10.637689,45.432171],[10.687216,45.428988],[10.727499,45.429044],[10.734581,45.42852],[10.758282,45.426009],[10.782322,45.421379],[10.787861,45.420536],[10.796482,45.419935],[10.808596,45.420165],[10.816545,45.420809],[10.822811,45.421767],[10.834868,45.424392],[10.843134,45.425948],[10.848631,45.426768],[10.852996,45.427153],[10.885998,45.427138],[10.898793,45.426826],[10.903886,45.426898],[10.908115,45.427222]],[[10.903886,45.426898],[10.91925,45.427197],[10.957785,45.427011],[10.960854,45.42677],[10.9659,45.425789],[10.967834,45.425672],[10.969891,45.425907],[10.982616,45.428645]]]}},{"type":"Feature","properties":{"id":6927937,"nome":"Ligne Nouvelle Lyon - Turin","uso":"","operatore":"","dal":"","wikipedia":"fr:Liaison ferroviaire transalpine Lyon - Turin"},"geometry":{"type":"MultiLineString","coordinates":[[[6.388657,45.261758],[6.395595,45.259816],[6.401752,45.25891],[6.406376,45.258606],[6.422823,45.258289],[6.429115,45.257468],[6.435364,45.2558],[6.451812,45.250208],[6.456832,45.248201],[6.46652,45.243514],[6.470964,45.241118],[6.475658,45.238096],[6.480727,45.235327],[6.48558,45.23328],[6.495855,45.229367],[6.509553,45.225347],[6.517408,45.223694],[6.523201,45.222794],[6.558341,45.218997],[6.564691,45.217903],[6.590172,45.212468],[6.594611,45.211789],[6.599756,45.2113],[6.606026,45.21102],[6.612677,45.211104],[6.618629,45.211491],[6.626088,45.212488],[6.631164,45.213485],[6.665385,45.221662],[6.671321,45.222798],[6.677463,45.223639],[6.684973,45.224162],[6.694418,45.224133],[6.701169,45.223608],[6.708499,45.222558],[6.715607,45.220999],[6.747374,45.212764],[6.756138,45.210901],[6.84899,45.195544],[6.864844,45.192041],[6.871723,45.19015],[6.88188,45.186876],[6.898088,45.180678],[6.922605,45.170859],[6.970985,45.152881],[6.980149,45.150062],[6.988806,45.148938],[7.000371,45.149323],[7.021745,45.152412],[7.028703,45.152768],[7.039321,45.151601],[7.04957,45.149454],[7.061753,45.145445],[7.077383,45.138769],[7.093756,45.134107],[7.106094,45.129879],[7.11212,45.126994],[7.115633,45.126395],[7.117145,45.126326],[7.120096,45.12661],[7.123197,45.127941],[7.125479,45.130234],[7.126151,45.131441],[7.127167,45.134462],[7.128342,45.1361],[7.130004,45.137398],[7.134343,45.138631],[7.147484,45.139961],[7.150458,45.140033],[7.160664,45.138193],[7.17881,45.136081],[7.235237,45.123511],[7.237826,45.122568],[7.261755,45.111997],[7.26436,45.111056],[7.267157,45.11041],[7.302771,45.107108],[7.343412,45.106133],[7.346375,45.105916],[7.34989,45.105313],[7.355168,45.10363],[7.395887,45.08674],[7.412183,45.082547],[7.428719,45.081076],[7.435272,45.080231]],[[7.431182,45.0808],[7.443399,45.078826],[7.4529,45.077702],[7.456776,45.077538],[7.468954,45.078057],[7.47258,45.077888],[7.476693,45.077151],[7.480378,45.075782],[7.485533,45.072449],[7.499418,45.061601],[7.526866,45.041627],[7.528777,45.03989],[7.53074,45.037647],[7.537217,45.026293],[7.53843,45.024411],[7.540154,45.022769],[7.542475,45.021476],[7.544441,45.020728],[7.54962,45.019962],[7.553619,45.020437],[7.55807,45.022723],[7.58013,45.03687],[7.607186,45.055257],[7.611734,45.058652],[7.613514,45.059573],[7.615625,45.060017],[7.617659,45.059952],[7.625504,45.057472],[7.64225,45.054139],[7.644817,45.053979],[7.647204,45.054124],[7.650055,45.054738],[7.651804,45.055403],[7.654313,45.056937],[7.655908,45.058539],[7.665928,45.072665]],[[6.864169,45.192937],[6.872516,45.190662],[6.881554,45.187792],[6.901935,45.179956],[6.923057,45.17133],[6.949137,45.161912],[6.971767,45.15333],[6.980544,45.15066],[6.983797,45.150126],[6.988886,45.149721],[7.000005,45.150057],[7.022326,45.153261],[7.028804,45.153488],[7.040497,45.152282],[7.049204,45.150472],[7.061963,45.146309],[7.06813,45.143471],[7.073366,45.140469],[7.077411,45.138819],[7.093575,45.134184],[7.113623,45.127704],[7.116899,45.127379],[7.120418,45.127741],[7.121488,45.128071],[7.123301,45.129012],[7.124274,45.129769],[7.126426,45.132261]]]}},{"type":"Feature","properties":{"id":7256956,"nome":"Ferrovia Sulmona – Carpinone","uso":"","operatore":"Fondazione FS Italiane","dal":"1892","wikipedia":"it:Ferrovia Sulmona-Isernia"},"geometry":{"type":"MultiLineString","coordinates":[[[14.326204,41.588655],[14.331679,41.583891],[14.333248,41.583264],[14.336399,41.582948],[14.338048,41.583226],[14.339435,41.584124],[14.340188,41.585904],[14.340236,41.586739],[14.339986,41.587505],[14.33694,41.590291],[14.336379,41.591232],[14.33736,41.593061],[14.337405,41.594916],[14.337734,41.596394],[14.337352,41.598747],[14.336079,41.626044],[14.335418,41.627632],[14.333551,41.630119],[14.332613,41.6333],[14.330713,41.63467],[14.330098,41.63553],[14.328621,41.639326],[14.32844,41.640769],[14.328629,41.641873],[14.329125,41.642919],[14.333621,41.649562],[14.338058,41.672007],[14.339251,41.673323],[14.34259,41.675627],[14.342946,41.676593],[14.342637,41.677694],[14.332018,41.691183],[14.331155,41.691858],[14.329869,41.692301],[14.312459,41.695685],[14.308388,41.695481],[14.306923,41.695949],[14.305251,41.696993],[14.304431,41.697705],[14.304018,41.698416],[14.303274,41.702369],[14.303379,41.70335],[14.303776,41.704073],[14.305406,41.706019],[14.305423,41.707148],[14.304596,41.708285],[14.298274,41.713867],[14.295573,41.715623],[14.290576,41.717542],[14.289397,41.718231],[14.283338,41.723433],[14.277734,41.726993],[14.275832,41.729112],[14.273929,41.729884],[14.270751,41.729971],[14.269318,41.730465],[14.267691,41.731947],[14.258905,41.737434],[14.256924,41.737893],[14.253065,41.737583],[14.251072,41.738118],[14.249775,41.738988],[14.247835,41.740864],[14.245171,41.742079],[14.243182,41.744325],[14.24158,41.744948],[14.234607,41.744966],[14.232255,41.744661],[14.231056,41.744295],[14.228635,41.742784],[14.227432,41.742494],[14.226422,41.742507],[14.223808,41.743262],[14.222844,41.743327],[14.217662,41.742661],[14.214375,41.743036],[14.211871,41.742478],[14.210392,41.742446],[14.208711,41.742968],[14.204802,41.745368],[14.200379,41.746637],[14.199103,41.74789],[14.196511,41.752699],[14.196198,41.754697],[14.196428,41.75809],[14.196983,41.758956],[14.197991,41.759637],[14.202428,41.761021],[14.204119,41.761974],[14.205228,41.763408],[14.205447,41.765157],[14.20492,41.766486],[14.203828,41.767588],[14.196561,41.771479],[14.194801,41.771996],[14.193327,41.772026],[14.146238,41.765849],[14.144881,41.76517],[14.143175,41.763094],[14.140772,41.761686],[14.139779,41.759787],[14.138716,41.758791],[14.133476,41.755974],[14.131921,41.755582],[14.130976,41.755603],[14.128997,41.756296],[14.128005,41.757342],[14.127736,41.758036],[14.127892,41.759433],[14.129512,41.762558],[14.129898,41.763949],[14.129598,41.765465],[14.12868,41.76679],[14.1113,41.778395],[14.109736,41.779121],[14.107733,41.779158],[14.106104,41.778468],[14.105277,41.777531],[14.093848,41.752138],[14.092675,41.75102],[14.042934,41.737757],[14.041702,41.737657],[14.040558,41.737847],[14.039491,41.73831],[14.038776,41.738894],[14.038131,41.739915],[14.038064,41.740545],[14.03913,41.74311],[14.04023,41.744608],[14.041908,41.74608],[14.045485,41.747723],[14.046025,41.748397],[14.048024,41.753173],[14.048407,41.753673],[14.049641,41.754491],[14.051067,41.754865],[14.054425,41.754165],[14.056563,41.754261],[14.0575,41.754683],[14.064032,41.759051],[14.065794,41.761102],[14.067924,41.762426],[14.068608,41.763093],[14.069541,41.764888],[14.071488,41.766731],[14.072513,41.768487],[14.075795,41.771396],[14.076574,41.77319],[14.077193,41.774014],[14.079792,41.77552],[14.081194,41.776998],[14.082201,41.778571],[14.083511,41.77962],[14.08591,41.784031],[14.086034,41.784915],[14.0858,41.786848],[14.086117,41.787681],[14.087551,41.789871],[14.087393,41.790886],[14.086424,41.793171],[14.086323,41.794863],[14.087798,41.796114],[14.091904,41.797008],[14.093321,41.798248],[14.094433,41.79999],[14.095125,41.802103],[14.096244,41.804371],[14.096947,41.805475],[14.099206,41.807985],[14.100093,41.809502],[14.100281,41.811185],[14.09997,41.812915],[14.094364,41.819072],[14.091073,41.821756],[14.084664,41.823385],[14.083547,41.823936],[14.083045,41.82456],[14.082759,41.826172],[14.083156,41.827273],[14.086559,41.83161],[14.087895,41.833804],[14.088261,41.835179],[14.08835,41.837409],[14.088023,41.838508],[14.086082,41.840909],[14.0858,41.841561],[14.085617,41.844704],[14.08507,41.846007],[14.081465,41.849844],[14.075627,41.852614],[14.074891,41.853708],[14.074769,41.854681],[14.077342,41.870136],[14.079555,41.87822],[14.081009,41.880959],[14.082616,41.882671],[14.084498,41.884041],[14.103286,41.894987],[14.106189,41.897548],[14.107866,41.899853],[14.109276,41.903426],[14.109542,41.906295],[14.109093,41.908982],[14.107116,41.915348],[14.103305,41.921151],[14.102086,41.925051],[14.097544,41.93227],[14.094614,41.934947],[14.092085,41.935906],[14.090613,41.936909],[14.08682,41.941857],[14.083448,41.946786],[14.080012,41.953331],[14.078784,41.957173],[14.079144,41.959219],[14.079017,41.96],[14.077882,41.961802],[14.077171,41.964902],[14.075807,41.966753],[14.075695,41.967245],[14.07592,41.968159],[14.076664,41.969426],[14.07842,41.973748],[14.078168,41.976059],[14.077207,41.977715],[14.074706,41.980551],[14.07418,41.983133],[14.0728,41.985546],[14.072281,41.986159],[14.070602,41.987317],[14.070117,41.988034],[14.068772,41.994233],[14.067942,41.995008],[14.066744,41.995453],[14.063436,41.995158],[14.061699,41.995645],[14.059677,41.997306],[14.059056,41.999665],[14.058019,42.000563],[14.056842,42.000886],[14.053726,42.000784],[14.051056,42.001475],[14.050246,42.002222],[14.049949,42.002975],[14.050339,42.004734],[14.050218,42.005698],[14.049685,42.006418],[14.048796,42.006957],[14.045039,42.007993],[14.038651,42.007999],[14.034891,42.008828],[14.033046,42.008521],[14.032067,42.007845],[14.031656,42.007076],[14.031817,42.005693],[14.032716,42.004807],[14.036217,42.003904],[14.039284,42.002663],[14.042432,42.000754],[14.044971,41.99845],[14.046169,41.996455],[14.04623,41.995396],[14.045659,41.994205],[14.044427,41.993337],[14.042521,41.993001],[14.040763,41.993394],[14.039722,41.994095],[14.03527,41.998193],[14.03064,42.000334],[14.029184,42.000643],[14.027316,42.00037],[14.024541,41.999186],[14.023611,41.998578],[14.022381,41.997202],[14.021289,41.994715],[14.020312,41.994028],[14.018128,41.993754],[14.014375,41.994757],[14.011339,41.994014],[14.00981,41.994015],[14.007964,41.994806],[14.005651,41.997785],[14.001663,41.998999],[14.000339,41.999171],[13.999304,41.999043],[13.996037,41.9976],[13.994644,41.997551],[13.993433,41.997849],[13.990757,41.999927],[13.985823,42.002304],[13.983844,42.003603],[13.983173,42.004738],[13.983366,42.007149],[13.982731,42.008094],[13.981894,42.008602],[13.978597,42.009487],[13.975427,42.009666],[13.972857,42.011404],[13.967804,42.013094],[13.96576,42.014681],[13.962391,42.016522],[13.958153,42.017506],[13.955755,42.017414],[13.954435,42.017127],[13.953753,42.016683],[13.953453,42.015568],[13.953571,42.015029],[13.954547,42.013443],[13.95488,42.01088],[13.957406,42.00825],[13.959622,42.007297],[13.9604,42.006448],[13.96063,42.005738],[13.960511,42.002602],[13.96077,42.001616],[13.961607,42.000616],[13.962588,41.999918],[13.963152,41.999061],[13.963216,41.998443],[13.962717,41.997008],[13.962733,41.996143],[13.963211,41.995342],[13.966557,41.991959],[13.966909,41.991238],[13.967336,41.989182],[13.966649,41.98659],[13.966671,41.982359],[13.96534,41.98001],[13.965104,41.979033],[13.965481,41.977048],[13.964912,41.973123],[13.965776,41.970809],[13.965588,41.96959],[13.964719,41.968361],[13.96413,41.967908],[13.962531,41.967438],[13.959763,41.967836],[13.958283,41.968586],[13.957542,41.969513],[13.95739,41.970742],[13.95757,41.972222],[13.957345,41.972996],[13.956819,41.97367],[13.954485,41.975485],[13.953262,41.977032],[13.953005,41.977754],[13.953305,41.980146],[13.952404,41.983133],[13.952876,41.985897],[13.952844,41.991156],[13.952699,41.992602],[13.951964,41.994373],[13.950902,41.995904],[13.948933,41.997626],[13.938526,42.003487],[13.936257,42.005109],[13.927894,42.016025],[13.927186,42.01733],[13.926735,42.018884],[13.92452,42.034791],[13.923307,42.036525],[13.919198,42.040521],[13.918792,42.041186],[13.918436,42.04245],[13.918531,42.045615],[13.918245,42.048175],[13.917585,42.050366],[13.915169,42.056204],[13.913648,42.057647],[13.91033,42.058937],[13.904807,42.062557]]]}},{"type":"Feature","properties":{"id":7270317,"nome":"Ferrovia Pavia-Cremona","uso":"","operatore":"","dal":"","wikipedia":"it:Ferrovia Pavia-Cremona"},"geometry":{"type":"MultiLineString","coordinates":[[[9.695593,45.160015],[9.697736,45.158855],[9.699861,45.157083],[9.704558,45.150961],[9.700186,45.156673],[9.697302,45.159081],[9.64932,45.18483]],[[9.887093,45.172308],[9.897489,45.17074],[9.827404,45.181264],[9.806577,45.182344],[9.790779,45.184352],[9.788032,45.184406],[9.783389,45.182975],[9.770309,45.180441],[9.768278,45.179763],[9.749589,45.165993],[9.717232,45.148823],[9.713863,45.148016],[9.710244,45.148159],[9.707129,45.149113],[9.70559,45.149985],[9.704558,45.150961]],[[9.897489,45.17074],[9.917842,45.167651],[9.922248,45.166681],[9.983553,45.148665],[10.002971,45.143861],[10.006383,45.143359],[10.009994,45.143192],[10.032402,45.143321],[10.03466,45.143163],[10.037401,45.142637],[10.053372,45.138311],[10.057334,45.137524],[10.061112,45.137071],[10.065405,45.136877],[10.187185,45.137202],[10.321435,45.137261],[10.326196,45.137255],[10.329685,45.136953],[10.342838,45.134035],[10.459488,45.106434],[10.462328,45.105828],[10.464794,45.105601],[10.467991,45.105762],[10.471229,45.10662],[10.510877,45.12412],[10.51448,45.125223],[10.517531,45.125371],[10.574165,45.122346],[10.57839,45.122363],[10.5825,45.122763],[10.589643,45.124479],[10.640527,45.142423],[10.647246,45.144196],[10.65415,45.145019],[10.729954,45.14738],[10.736013,45.148235],[10.773029,45.154535],[10.774819,45.155098],[10.783132,45.158861]],[[9.145861,45.189414],[9.149934,45.192887],[9.151308,45.193402],[9.15307,45.193566],[9.156428,45.192502],[9.162039,45.189786],[9.162765,45.189078],[9.165745,45.184944],[9.167089,45.1841],[9.169001,45.18347],[9.180486,45.182302],[9.196718,45.179727],[9.223835,45.17806],[9.308386,45.165577],[9.35853,45.159551],[9.362937,45.159291],[9.446847,45.162027],[9.453498,45.16184],[9.476225,45.160016],[9.480433,45.159946],[9.488529,45.160348],[9.592897,45.171214],[9.638481,45.186453],[9.640006,45.186823],[9.642637,45.187004],[9.645319,45.186642],[9.647686,45.185813],[9.694486,45.160603]]]}},{"type":"Feature","properties":{"id":7343201,"nome":"Ferrovia Napoli-Salerno (alta velocità)","uso":"","operatore":"","dal":"","wikipedia":""},"geometry":{"type":"MultiLineString","coordinates":[[[14.323917,40.885241],[14.32584,40.89042],[14.327275,40.892481],[14.32868,40.893676],[14.330283,40.894616],[14.334551,40.896179],[14.337313,40.896662],[14.340303,40.896644],[14.34259,40.896186],[14.350895,40.893771],[14.35325,40.893481],[14.357244,40.893384],[14.350805,40.893583],[14.344966,40.894693],[14.34223,40.895598],[14.339193,40.896949],[14.334613,40.89991],[14.332656,40.901676],[14.331015,40.903542],[14.329616,40.905582],[14.328469,40.90786],[14.327693,40.910211],[14.327312,40.912379],[14.327456,40.917186]],[[14.327389,40.91719],[14.327237,40.912378],[14.327617,40.910196],[14.328412,40.907852],[14.329561,40.905566],[14.330961,40.903516],[14.332605,40.901651],[14.334573,40.899874],[14.337205,40.898012],[14.339646,40.896667],[14.344945,40.894651],[14.350793,40.893538],[14.357242,40.893338],[14.35061,40.893485],[14.339283,40.895272],[14.335741,40.895051],[14.331615,40.893697],[14.328375,40.89177],[14.326058,40.889522],[14.324525,40.88654]],[[14.357244,40.893384],[14.361435,40.893333],[14.365493,40.89298],[14.39397,40.88814],[14.413387,40.885936],[14.420448,40.885484],[14.436582,40.885429],[14.445464,40.884598],[14.453722,40.882934],[14.477468,40.876418],[14.483163,40.874548],[14.488161,40.872472],[14.492238,40.870431],[14.495995,40.868226],[14.499336,40.86596],[14.502802,40.863237],[14.521974,40.84701],[14.578032,40.797672],[14.583946,40.793206],[14.588668,40.790357],[14.596194,40.786426],[14.604656,40.783445],[14.608193,40.781804],[14.610975,40.780039],[14.616275,40.775806],[14.619077,40.773991],[14.671239,40.745918],[14.675328,40.744102],[14.677492,40.743473],[14.680783,40.743067],[14.684372,40.743091]],[[14.684374,40.743041],[14.680451,40.743022],[14.677483,40.743417],[14.675304,40.744058],[14.671215,40.745888],[14.595599,40.786501],[14.587681,40.790851],[14.58391,40.793171],[14.577601,40.797977],[14.521462,40.847389],[14.50276,40.863207],[14.499294,40.865925],[14.495956,40.868192],[14.492199,40.870395],[14.488131,40.872432],[14.482497,40.874743],[14.477445,40.876376],[14.453703,40.882891],[14.445451,40.884553],[14.436578,40.885383],[14.420444,40.885439],[14.413379,40.885889],[14.393957,40.888096],[14.365483,40.892936],[14.361432,40.893287],[14.357242,40.893338]]]}},{"type":"Feature","properties":{"id":7345503,"nome":"Linea Bologna-Firenze","uso":"","operatore":"Rete Ferroviaria Italiana","dal":"","wikipedia":""},"geometry":{"type":"MultiLineString","coordinates":[[[11.254758,43.788085],[11.246385,43.786868],[11.244744,43.787188],[11.243189,43.788083],[11.242565,43.788927],[11.238937,43.796619],[11.233446,43.804729],[11.229944,43.810652],[11.228161,43.812217],[11.217773,43.820062],[11.212564,43.822893],[11.19987,43.828767],[11.193031,43.832772],[11.184724,43.838569],[11.180892,43.840777],[11.16387,43.848475],[11.144,43.857032],[11.138564,43.85978],[11.13101,43.864853],[11.120862,43.870399],[11.116993,43.873],[11.104492,43.882702],[11.103258,43.884539],[11.103042,43.885562],[11.103125,43.886841],[11.103997,43.888736],[11.107211,43.8941],[11.108512,43.895559],[11.114362,43.899844],[11.117384,43.903145],[11.12115,43.907796],[11.126384,43.911808],[11.127391,43.913261],[11.127728,43.914465],[11.127985,43.921745],[11.1285,43.925243],[11.128745,43.929392],[11.129162,43.931125],[11.131431,43.936206],[11.131747,43.937845],[11.12954,43.946174],[11.12933,43.948013],[11.12938,43.949087],[11.131535,43.953883],[11.131286,43.958203],[11.130252,43.967173],[11.129836,43.968435],[11.127818,43.971917],[11.127327,43.973177],[11.127538,43.975983],[11.128934,43.980007],[11.130828,43.982938],[11.1323,43.984137],[11.138664,43.988352],[11.140649,43.990601],[11.14209,43.993487],[11.143326,43.998503],[11.142478,44.002906],[11.142472,44.003894],[11.142944,44.005153],[11.145725,44.009982],[11.146315,44.011837],[11.146123,44.013338],[11.145667,44.014381],[11.142886,44.018046],[11.142497,44.018849],[11.142258,44.020171],[11.142667,44.022235],[11.143665,44.0236],[11.144889,44.024517],[11.155625,44.030056],[11.157575,44.032049],[11.15798,44.032936],[11.157867,44.034713],[11.157421,44.035716],[11.152816,44.042172],[11.152406,44.04346],[11.152409,44.044913],[11.190595,44.212399],[11.190567,44.213516],[11.190164,44.214858],[11.188557,44.21729],[11.186704,44.218985],[11.179647,44.22403],[11.177744,44.225821],[11.177116,44.227008],[11.176212,44.232004],[11.176283,44.236775],[11.179327,44.251056],[11.182515,44.262938],[11.184695,44.266603],[11.187571,44.270389],[11.188722,44.271448],[11.19301,44.274368],[11.194474,44.275845],[11.196741,44.280695],[11.197881,44.282167],[11.207293,44.290548],[11.211527,44.293041],[11.214115,44.293924],[11.228631,44.297224],[11.236366,44.298714],[11.238688,44.299488],[11.23999,44.300163],[11.241566,44.301416],[11.248783,44.309891],[11.255681,44.313903],[11.257905,44.315717],[11.259525,44.317673],[11.263273,44.324363],[11.26439,44.325711],[11.265552,44.326669],[11.299352,44.347181],[11.327163,44.364818],[11.332375,44.368569],[11.33695,44.372803],[11.338325,44.374447],[11.339384,44.376199],[11.340176,44.377899],[11.340633,44.37978],[11.340649,44.381898],[11.339179,44.391608],[11.339401,44.39395],[11.340973,44.396664],[11.349676,44.409372],[11.350695,44.410975],[11.351388,44.412705],[11.35179,44.414418],[11.351846,44.416238],[11.351303,44.422171],[11.352858,44.428498],[11.35397,44.437551],[11.354428,44.439309],[11.355275,44.440695],[11.360222,44.446681],[11.368921,44.45453],[11.370226,44.456016],[11.371179,44.457838],[11.375179,44.468473]],[[11.374891,44.467829],[11.376139,44.471992],[11.376479,44.476],[11.375868,44.491156],[11.375395,44.492841],[11.374451,44.494347],[11.372928,44.495787],[11.37102,44.496901],[11.353732,44.503987],[11.348332,44.505302],[11.342618,44.506149]],[[11.342638,44.506221],[11.34857,44.5053],[11.353747,44.504018],[11.371053,44.496924],[11.372962,44.495812],[11.374492,44.494363],[11.37545,44.492845],[11.375926,44.491156],[11.376532,44.476001],[11.376188,44.471989],[11.374656,44.467081],[11.374851,44.467727]],[[11.254795,43.788127],[11.246729,43.786895],[11.244757,43.787218],[11.243224,43.788105],[11.242607,43.788938],[11.238981,43.796628],[11.233813,43.804242],[11.229984,43.81067],[11.228207,43.812235],[11.217807,43.820087],[11.21259,43.822926],[11.199901,43.828795],[11.193063,43.832799],[11.184283,43.838908],[11.180914,43.840806],[11.163893,43.848503],[11.144025,43.857059],[11.138599,43.859805],[11.131037,43.86488],[11.120885,43.870428],[11.117021,43.873015],[11.104301,43.882951],[11.103647,43.883818],[11.103202,43.884885],[11.103175,43.886836],[11.104043,43.888722],[11.107255,43.894083],[11.108551,43.895536],[11.114402,43.899821],[11.117411,43.903123],[11.121192,43.907776],[11.126424,43.911786],[11.127438,43.91325],[11.127777,43.914462],[11.128035,43.921742],[11.12855,43.925241],[11.128795,43.929387],[11.129215,43.931115],[11.131479,43.936196],[11.131797,43.937844],[11.129589,43.946179],[11.12938,43.948014],[11.12943,43.949082],[11.131585,43.953879],[11.131327,43.958224],[11.130297,43.967189],[11.130032,43.968128],[11.127443,43.97294],[11.127304,43.973864],[11.127588,43.975977],[11.128981,43.979995],[11.130891,43.982916],[11.132335,43.984111],[11.137248,43.987243],[11.139498,43.989076],[11.140982,43.991018],[11.142138,43.993478],[11.143382,43.998519],[11.142528,44.002908],[11.142522,44.003889],[11.142991,44.005141],[11.145772,44.00997],[11.146375,44.012112],[11.146172,44.013346],[11.145713,44.014395],[11.142931,44.018061],[11.14254,44.018859],[11.1423,44.020178],[11.142705,44.02222],[11.143705,44.023578],[11.144921,44.024489],[11.155665,44.030043],[11.157623,44.032037],[11.158028,44.032932],[11.15802,44.034184],[11.157472,44.035732],[11.152903,44.042217],[11.152479,44.043894],[11.152635,44.045689],[11.190644,44.212395],[11.190355,44.214642],[11.18868,44.217259],[11.186959,44.218839],[11.179685,44.224053],[11.177796,44.225839],[11.177206,44.226963],[11.176262,44.232006],[11.176333,44.236772],[11.179395,44.251044],[11.182557,44.26293],[11.184739,44.266586],[11.187613,44.27037],[11.18876,44.271423],[11.193046,44.274343],[11.194519,44.275829],[11.196787,44.28068],[11.197922,44.282147],[11.207331,44.290524],[11.211555,44.293011],[11.214132,44.29389],[11.228646,44.29719],[11.236539,44.298708],[11.238794,44.299471],[11.240009,44.300115],[11.241606,44.301395],[11.248822,44.309868],[11.255715,44.313877],[11.257956,44.315692],[11.25957,44.317657],[11.263319,44.324347],[11.264431,44.32569],[11.265588,44.326643],[11.299385,44.347154],[11.327198,44.364792],[11.332413,44.368546],[11.336991,44.372783],[11.339044,44.375484],[11.340088,44.377484],[11.340637,44.379193],[11.340797,44.381191],[11.340507,44.383361],[11.340865,44.380874],[11.340355,44.378043]],[[11.374656,44.467081],[11.372665,44.461405],[11.371069,44.457445],[11.370266,44.456],[11.369107,44.454644],[11.360264,44.446662],[11.355319,44.440677],[11.354488,44.439295],[11.354023,44.437553],[11.352809,44.427947],[11.351353,44.42217],[11.351896,44.416239],[11.35184,44.414415],[11.351443,44.412695],[11.350742,44.410962],[11.349723,44.409358],[11.341033,44.396648],[11.339465,44.39394],[11.339239,44.391618],[11.340507,44.383361]]]}},{"type":"Feature","properties":{"id":7358317,"nome":"P.M. Vat - Cervignano Smistamento","uso":"","operatore":"Rete Ferroviaria Italiana","dal":"","wikipedia":""},"geometry":{"type":"MultiLineString","coordinates":[[[13.326372,45.828208],[13.327054,45.828972],[13.327131,45.82974],[13.325682,45.835889],[13.32378,45.8413],[13.32195,45.844304],[13.318754,45.853175],[13.315197,45.857885],[13.312184,45.869973],[13.311583,45.871425],[13.308176,45.877293],[13.303161,45.891668],[13.297403,45.90262],[13.294026,45.918116],[13.28812,45.932335],[13.25892,45.97964],[13.246963,46.008997],[13.246657,46.010564],[13.247108,46.012324],[13.248176,46.013857],[13.249879,46.015186],[13.252292,46.016219],[13.266873,46.020499],[13.268793,46.021392],[13.269981,46.022238],[13.271467,46.023959],[13.276722,46.032847],[13.277313,46.034139],[13.277531,46.035444],[13.277022,46.039753],[13.274384,46.051502],[13.273363,46.057533],[13.271702,46.063436],[13.271142,46.064683],[13.269556,46.066693],[13.259231,46.076077],[13.256676,46.077889],[13.250837,46.081236],[13.249569,46.082278],[13.248675,46.083492],[13.248246,46.084614],[13.247708,46.089896]],[[13.326243,45.828094],[13.325214,45.827455],[13.323881,45.827282],[13.322673,45.827586],[13.321755,45.828398],[13.321188,45.830277],[13.321945,45.833392],[13.320925,45.837855],[13.320489,45.838926]],[[13.276199,46.04346],[13.277007,46.041323],[13.277466,46.040647],[13.280411,46.038006]]]}},{"type":"Feature","properties":{"id":7475352,"nome":"Ferrovia Domodossola-Milano","uso":"","operatore":"Rete Ferroviaria Italiana","dal":"","wikipedia":"it:Ferrovia Domodossola-Milano"},"geometry":{"type":"MultiLineString","coordinates":[[[9.135796,45.506377],[9.122686,45.509294],[9.108531,45.514352],[9.090765,45.52031],[9.073732,45.525691],[9.069219,45.526864],[9.065207,45.528363],[9.06323,45.528775],[9.059748,45.528701],[9.052724,45.527066],[9.028557,45.518961],[9.042232,45.523339],[9.051452,45.526561],[9.054686,45.527425],[9.058079,45.527952],[9.061267,45.528134],[9.064934,45.527989],[9.068748,45.527432],[9.071116,45.52682],[9.081952,45.523091],[9.090844,45.52042],[9.122968,45.509501],[9.132524,45.5072],[9.143313,45.504947],[9.14578,45.504228],[9.148568,45.503137],[9.163947,45.495895],[9.170584,45.491358],[9.172345,45.490805],[9.176682,45.490217],[9.179436,45.488956]],[[9.028557,45.518961],[9.022676,45.517833],[9.016756,45.517625],[9.010892,45.518377],[9.005585,45.519999],[8.996159,45.52489],[8.944664,45.553383],[8.941206,45.556007],[8.922659,45.572795],[8.920868,45.574688],[8.91908,45.577323],[8.909185,45.596516],[8.908115,45.597899],[8.906786,45.599041],[8.905325,45.599936],[8.902662,45.600929],[8.887837,45.60313],[8.884709,45.604059],[8.882536,45.605133],[8.84639,45.628128],[8.810292,45.65192],[8.805483,45.655362],[8.796996,45.660653],[8.793716,45.663553],[8.792432,45.664411],[8.790434,45.665137],[8.788386,45.665463],[8.777787,45.665057],[8.77553,45.665184],[8.765568,45.667353],[8.752354,45.67088],[8.750179,45.671776],[8.743384,45.675326],[8.730755,45.678945],[8.706551,45.689221],[8.704365,45.691035],[8.703091,45.693326],[8.702633,45.701517],[8.701869,45.703896],[8.691167,45.720545],[8.689718,45.722003],[8.688263,45.722794],[8.68438,45.723648],[8.64779,45.725963],[8.635729,45.728358],[8.634196,45.728483],[8.630764,45.727729],[8.628948,45.726699],[8.628131,45.725536],[8.626829,45.720888],[8.626242,45.719546],[8.624643,45.718203],[8.62248,45.717545],[8.620473,45.717515],[8.61565,45.718612],[8.611082,45.718981],[8.590635,45.717846],[8.587295,45.7185],[8.58488,45.71983],[8.583905,45.720795],[8.580668,45.724986],[8.575946,45.730002],[8.573381,45.734614],[8.565164,45.744165],[8.564408,45.745773],[8.563971,45.748725],[8.563496,45.749804],[8.561024,45.753413],[8.55546,45.758983],[8.554488,45.760243],[8.554054,45.761294],[8.553217,45.765327],[8.552777,45.766089],[8.551639,45.767047],[8.546003,45.770732],[8.544255,45.772505],[8.54257,45.775671],[8.54093,45.778012],[8.538109,45.787545],[8.535874,45.790761],[8.535329,45.792237],[8.535365,45.793729],[8.535926,45.796616],[8.535997,45.799816],[8.536707,45.802223],[8.537402,45.803573],[8.539974,45.807143],[8.543019,45.813061],[8.546852,45.817181],[8.552548,45.822623],[8.554313,45.823661],[8.557729,45.825065],[8.559353,45.826188],[8.561916,45.829518],[8.565632,45.832295],[8.567022,45.833618],[8.569253,45.83674],[8.570837,45.839647],[8.571071,45.841372],[8.570458,45.846072],[8.567155,45.856561],[8.566735,45.860852],[8.56472,45.867875],[8.564235,45.86878],[8.56078,45.873372],[8.558575,45.875242],[8.556588,45.877364],[8.55476,45.878621],[8.552636,45.879426],[8.550524,45.879893],[8.542382,45.880163],[8.538968,45.880827],[8.534266,45.882943],[8.527961,45.886437],[8.52015,45.888764],[8.517237,45.890217],[8.516193,45.891488],[8.515388,45.894],[8.514881,45.894922],[8.511708,45.898441],[8.510011,45.899622],[8.505216,45.901763],[8.503858,45.902862],[8.503214,45.904075],[8.502302,45.908547],[8.501284,45.911171],[8.500339,45.912508],[8.497841,45.91496],[8.492865,45.920771],[8.489527,45.923268],[8.487703,45.924269],[8.484544,45.925221],[8.479987,45.925713],[8.47815,45.926127],[8.476144,45.927028],[8.474571,45.928407],[8.473865,45.929618],[8.473581,45.930738],[8.47225,45.943973],[8.471929,45.944822],[8.470857,45.946162],[8.468868,45.947507],[8.463593,45.949409],[8.457474,45.954519],[8.451652,45.957848],[8.445212,45.95948],[8.436538,45.963338],[8.433883,45.96487],[8.432488,45.96611],[8.426548,45.973077],[8.425066,45.974183],[8.420586,45.976796],[8.414856,45.981778],[8.413928,45.983182],[8.412684,45.986809],[8.411511,45.988186],[8.410331,45.988983],[8.397056,45.99391],[8.394724,45.994502],[8.392508,45.994695],[8.37724,45.993734],[8.366937,45.993816],[8.361659,45.99478],[8.336805,46.000935],[8.318537,46.003524],[8.301632,46.003685],[8.29939,46.003903],[8.296597,46.004891],[8.292619,46.006965],[8.291018,46.00812],[8.2864,46.01241],[8.285096,46.014318],[8.284828,46.015707],[8.284769,46.018854],[8.283629,46.022008],[8.283515,46.023235],[8.283824,46.025086],[8.284897,46.028075],[8.284614,46.031473],[8.283691,46.032944],[8.279316,46.036482],[8.278199,46.037765],[8.277372,46.039648],[8.277253,46.041516],[8.278326,46.052698],[8.278679,46.05408],[8.281967,46.058402],[8.284868,46.062828],[8.286524,46.064523],[8.289672,46.068375],[8.293599,46.075248],[8.294148,46.076587],[8.294431,46.077908],[8.29653,46.113529]],[[8.296673,46.115339],[8.297177,46.119187],[8.297015,46.12037],[8.295599,46.123],[8.293575,46.124912]],[[8.293081,46.125398],[8.295642,46.123019],[8.296771,46.121143],[8.297189,46.119806],[8.297105,46.117984]],[[8.296854,46.115331],[8.296319,46.110927],[8.294479,46.077902],[8.294205,46.07658],[8.293655,46.075233],[8.289738,46.068365],[8.28657,46.064499],[8.284904,46.062812],[8.282819,46.059526],[8.27873,46.054067],[8.278429,46.053069],[8.277294,46.041512],[8.277424,46.039649],[8.278262,46.037767],[8.279357,46.036502],[8.283745,46.032959],[8.284677,46.031483],[8.284975,46.028326],[8.283785,46.024738],[8.283556,46.023231],[8.283678,46.022011],[8.284821,46.018863],[8.284866,46.015706],[8.285141,46.014328],[8.285931,46.013015],[8.287421,46.011541],[8.292169,46.007309],[8.297452,46.004549],[8.299877,46.003859],[8.318544,46.003557],[8.336827,46.000983],[8.36138,45.994884],[8.36698,45.993845],[8.378139,45.993776],[8.392294,45.994722],[8.394627,45.994558],[8.396875,45.994014],[8.409932,45.989221],[8.411396,45.988361],[8.412485,45.987245],[8.413092,45.986082],[8.414084,45.982973],[8.415237,45.981423],[8.420602,45.976845],[8.426165,45.973475],[8.42801,45.971619],[8.432515,45.966161],[8.434642,45.964401],[8.445432,45.959435],[8.449583,45.95855],[8.45171,45.957856],[8.457523,45.954549],[8.463623,45.949434],[8.464828,45.948858],[8.468542,45.947694],[8.469672,45.947176],[8.471112,45.946116],[8.472016,45.944878],[8.472424,45.943691],[8.473659,45.930539],[8.474022,45.929367],[8.474763,45.928235],[8.476044,45.927132],[8.478004,45.92621],[8.479979,45.925746],[8.484565,45.925247],[8.487385,45.924442],[8.48957,45.923284],[8.492885,45.920816],[8.497591,45.915327],[8.500388,45.912524],[8.501372,45.911112],[8.50228,45.908836],[8.503257,45.904108],[8.503918,45.902889],[8.505255,45.901799],[8.510298,45.899517],[8.511734,45.898468],[8.515137,45.894633],[8.516354,45.891291],[8.51728,45.890245],[8.51972,45.88895],[8.527439,45.886702],[8.534348,45.882957],[8.538981,45.880861],[8.542775,45.880167],[8.550725,45.879894],[8.554673,45.878707],[8.556411,45.877578],[8.558545,45.875335],[8.560822,45.873399],[8.564284,45.868794],[8.564808,45.86775],[8.566769,45.860857],[8.567195,45.856566],[8.570426,45.846396],[8.571112,45.841365],[8.570875,45.839632],[8.569152,45.836489],[8.566902,45.833421],[8.561971,45.829527],[8.559354,45.82613],[8.557899,45.825113],[8.553798,45.823366],[8.552385,45.822446],[8.54354,45.813687],[8.542409,45.811962],[8.539798,45.806764],[8.537437,45.803557],[8.536772,45.8023],[8.536049,45.799698],[8.536046,45.797049],[8.535388,45.792303],[8.536065,45.790532],[8.538133,45.787593],[8.540974,45.778029],[8.542581,45.775719],[8.544303,45.772512],[8.545977,45.770807],[8.552103,45.766772],[8.552817,45.766104],[8.553257,45.765334],[8.554059,45.761518],[8.554543,45.760257],[8.55586,45.758632],[8.560565,45.754155],[8.563419,45.750016],[8.564095,45.748505],[8.564461,45.745767],[8.565371,45.743949],[8.573521,45.734496],[8.576171,45.729811],[8.580854,45.724936],[8.583924,45.720829],[8.585139,45.719682],[8.587859,45.718351],[8.590632,45.717882],[8.610767,45.719021],[8.61572,45.718631],[8.620384,45.717571],[8.622949,45.71768],[8.624918,45.718417],[8.626199,45.719561],[8.626719,45.720701],[8.62808,45.725547],[8.628916,45.726721],[8.630742,45.727763],[8.634197,45.728525],[8.635739,45.72839],[8.647732,45.726005],[8.670419,45.72451],[8.68111,45.724402],[8.685422,45.72385],[8.687375,45.72328],[8.689783,45.722023],[8.691092,45.720788],[8.701921,45.703907],[8.702762,45.701524],[8.70295,45.694389],[8.70314,45.693342],[8.703588,45.692234],[8.704401,45.691048],[8.706428,45.689351],[8.73067,45.679015],[8.743704,45.675323],[8.750533,45.67167],[8.753081,45.670705],[8.775537,45.665213],[8.778319,45.665098],[8.788256,45.665499],[8.791002,45.665029],[8.792743,45.664279],[8.796669,45.660973],[8.798695,45.659562],[8.805062,45.65569],[8.811887,45.650914],[8.850703,45.625353],[8.882586,45.605145],[8.884728,45.604088],[8.887432,45.603251],[8.902143,45.601106],[8.904116,45.600531],[8.906457,45.59936],[8.908204,45.59794],[8.90972,45.595772],[8.919124,45.577334],[8.920909,45.574704],[8.922697,45.572814],[8.942165,45.555289],[8.945453,45.553065],[9.004081,45.520698],[9.008074,45.519143],[9.01261,45.518086],[9.017219,45.517642],[9.022104,45.517803],[9.025408,45.51829],[9.029779,45.519311],[9.050949,45.526428],[9.054672,45.527455],[9.05807,45.527982],[9.061267,45.528165],[9.064943,45.528019],[9.068359,45.527544],[9.071147,45.526848],[9.081251,45.523353],[9.090863,45.520454],[9.123231,45.50946],[9.133869,45.506933],[9.143433,45.504956],[9.145807,45.504258],[9.149023,45.50297],[9.163952,45.495936],[9.170626,45.491383],[9.172351,45.490841],[9.176557,45.490283],[9.178741,45.489395]],[[9.028524,45.519003],[9.052712,45.52709],[9.059739,45.528732],[9.063237,45.528812],[9.065232,45.528409],[9.069246,45.526907],[9.073752,45.525723],[9.090787,45.520342],[9.108565,45.514377],[9.122888,45.509272],[9.135809,45.50641]]]}},{"type":"Feature","properties":{"id":7475366,"nome":"Ferrovia Domodossola-Novara","uso":"","operatore":"","dal":"","wikipedia":"it:Ferrovia Domodossola-Novara"},"geometry":{"type":"MultiLineString","coordinates":[[[8.622451,45.453092],[8.621365,45.453931],[8.619873,45.455584],[8.618384,45.458354],[8.611223,45.486602],[8.610073,45.489372],[8.558836,45.572069],[8.49929,45.644953],[8.497416,45.648574],[8.489901,45.668097],[8.489037,45.669825],[8.442463,45.738981],[8.441649,45.740991],[8.440197,45.748239],[8.440889,45.762761],[8.44153,45.765267],[8.441161,45.766759],[8.440324,45.767724],[8.436827,45.770331],[8.434756,45.772888],[8.42997,45.777177],[8.429481,45.778071],[8.429246,45.77997],[8.428937,45.780753],[8.424847,45.785184],[8.424096,45.786325],[8.422891,45.789269],[8.420756,45.79205],[8.420355,45.793452],[8.420519,45.794635],[8.421031,45.795635],[8.4227,45.797763],[8.423177,45.798887],[8.423311,45.801198],[8.422828,45.802456],[8.420878,45.804341],[8.418836,45.806798],[8.414855,45.808557],[8.413187,45.809901],[8.412632,45.810762],[8.412282,45.812004],[8.412483,45.814867],[8.411188,45.817671],[8.410229,45.818546],[8.407138,45.820263],[8.404333,45.822337],[8.40353,45.823301],[8.402067,45.825942],[8.398795,45.828208],[8.397734,45.82958],[8.397547,45.830611],[8.397808,45.831662],[8.399796,45.834256],[8.400881,45.837573],[8.403518,45.840905],[8.405041,45.843922],[8.406167,45.847674],[8.406343,45.849439],[8.408102,45.856469],[8.408965,45.857775],[8.412365,45.861477],[8.414352,45.865787],[8.414241,45.866866],[8.413027,45.869084],[8.413217,45.872726],[8.411811,45.876166],[8.410034,45.878319],[8.409586,45.879165],[8.408037,45.883426],[8.407572,45.885993],[8.407679,45.887176],[8.409097,45.89018],[8.409625,45.892536],[8.410029,45.893337],[8.413451,45.897433],[8.425278,45.914168],[8.426056,45.916023],[8.428184,45.923067],[8.428411,45.93655],[8.426105,45.950317],[8.426353,45.954588],[8.426054,45.955515],[8.420763,45.965153],[8.394645,45.992293],[8.39362,45.993103],[8.392215,45.993758],[8.390687,45.994127],[8.388929,45.994213],[8.370884,45.993003],[8.3616,45.9947],[8.337113,46.000766],[8.31762,46.00348],[8.298767,46.003659],[8.297217,46.00418],[8.288178,46.00888],[8.286389,46.009505],[8.28456,46.009722],[8.274679,46.009862],[8.271512,46.010667],[8.269365,46.012121],[8.262854,46.019427],[8.262308,46.020296],[8.260452,46.028193],[8.262127,46.033224],[8.262089,46.034023],[8.260694,46.039002],[8.260513,46.040485],[8.261563,46.056104],[8.262335,46.058963],[8.266031,46.067133],[8.266271,46.073744],[8.266725,46.075737],[8.267432,46.077076],[8.268923,46.078825],[8.293988,46.101712],[8.294821,46.102854],[8.295584,46.104786],[8.29641,46.112851]],[[8.613291,45.478633],[8.618666,45.45767],[8.620541,45.454851],[8.622886,45.452877]]]}},{"type":"Feature","properties":{"id":7481564,"nome":"Ferrovia Milano-Bologna","uso":"","operatore":"","dal":"","wikipedia":"it:Ferrovia Milano-Bologna"},"geometry":{"type":"MultiLineString","coordinates":[[[9.238308,45.435686],[9.241277,45.427507],[9.242074,45.426272],[9.243883,45.424314],[9.245921,45.422848],[9.250556,45.420495],[9.252015,45.419499],[9.276056,45.39968],[9.280093,45.395378],[9.285613,45.391964],[9.308517,45.37289],[9.310291,45.370719],[9.321388,45.353189],[9.323083,45.351407],[9.325505,45.3499],[9.377961,45.332294],[9.384171,45.330397],[9.481303,45.30922],[9.484892,45.308879],[9.497609,45.309056],[9.500359,45.308616],[9.502365,45.307872],[9.503744,45.307055],[9.5057,45.305032],[9.522325,45.28518],[9.589789,45.220598],[9.649561,45.184739],[9.696855,45.159332],[9.698583,45.158187],[9.700186,45.156673],[9.722117,45.127662],[9.723366,45.12548],[9.723755,45.123787],[9.723505,45.120937],[9.715925,45.075196],[9.715272,45.073678],[9.704541,45.059006],[9.703937,45.057871],[9.703995,45.056525],[9.705412,45.053708],[9.709724,45.04785],[9.711112,45.047023],[9.724521,45.041694],[9.726645,45.040622],[9.768539,45.014648],[9.834655,44.978468],[9.890603,44.944783],[9.894653,44.94253],[9.912406,44.931426],[9.924588,44.925288],[10.017391,44.880133],[10.021813,44.878597],[10.090805,44.86064],[10.099318,44.858021],[10.195077,44.831419],[10.263065,44.817208],[10.312408,44.813368],[10.327267,44.81052],[10.337278,44.807896],[10.413277,44.777056],[10.450502,44.765981],[10.480491,44.755978],[10.605841,44.715194],[10.609679,44.714452],[10.622509,44.714461],[10.625901,44.713743],[10.628076,44.712684],[10.629533,44.711535],[10.637402,44.701701],[10.640373,44.699255],[10.642509,44.698136],[10.664184,44.690765],[10.681757,44.682817],[10.685582,44.681352],[10.730445,44.666746],[10.75358,44.660834],[10.78201,44.655977],[10.788235,44.654359],[10.801315,44.649813],[10.807362,44.648192],[10.811594,44.647314],[10.817194,44.646529],[10.820778,44.646379],[10.823607,44.646724],[10.825996,44.647396],[10.837809,44.652868],[10.874564,44.665427],[10.884352,44.668567],[10.888852,44.669418],[10.893266,44.669518],[10.896603,44.66906],[10.901738,44.667669],[10.904643,44.666572],[10.906229,44.665595],[10.913883,44.659236],[10.921464,44.655985],[10.923755,44.655371],[10.931247,44.6545],[10.932893,44.654134],[10.941724,44.650758],[10.969415,44.642488],[10.972231,44.641495],[11.002406,44.628627],[11.030294,44.613424],[11.049185,44.600501],[11.052631,44.598777],[11.117127,44.577438],[11.125391,44.574376],[11.150328,44.565984],[11.206013,44.547943],[11.278778,44.521754],[11.296104,44.516875],[11.321773,44.510168],[11.3282,44.508068],[11.342638,44.506221]],[[9.488077,45.308901],[9.48361,45.308884],[9.481293,45.30916],[9.38308,45.330632],[9.325443,45.349904],[9.323055,45.351393],[9.321358,45.353175],[9.310246,45.370705],[9.307843,45.37349],[9.285478,45.392016],[9.280046,45.395354],[9.275745,45.399877],[9.251841,45.419582],[9.250113,45.42069],[9.244844,45.423152],[9.243409,45.424145],[9.241316,45.426814],[9.239421,45.432115]],[[9.499402,45.308762],[9.496211,45.309022],[9.488643,45.308926]],[[11.342618,44.506149],[11.328143,44.508048],[11.321162,44.510297],[11.302186,44.51521],[11.279242,44.52149],[11.205987,44.547911],[11.150023,44.566046],[11.125374,44.574344],[11.117109,44.577405],[11.052555,44.598709],[11.049145,44.600478],[11.030254,44.613401],[11.002366,44.628604],[10.972209,44.641468],[10.969393,44.64246],[10.94171,44.650736],[10.932846,44.654043],[10.924154,44.655242],[10.92111,44.656083],[10.913856,44.659202],[10.912362,44.660248],[10.906135,44.665573],[10.903973,44.666792],[10.901686,44.667604],[10.896574,44.668985],[10.892606,44.6695],[10.888152,44.6693],[10.884363,44.668525],[10.874607,44.665386],[10.837837,44.652831],[10.826022,44.647367],[10.823623,44.646696],[10.820783,44.646345],[10.817187,44.646495],[10.811575,44.647277],[10.807893,44.648027],[10.801282,44.649781],[10.788855,44.654101],[10.782423,44.655784],[10.753568,44.660802],[10.73042,44.666716],[10.685562,44.681325],[10.681739,44.682784],[10.665271,44.690298],[10.642234,44.698142],[10.640278,44.699251],[10.636969,44.702091],[10.6295,44.711506],[10.628044,44.712655],[10.625869,44.713713],[10.622488,44.714433],[10.609659,44.714424],[10.60582,44.715166],[10.450429,44.765854],[10.413254,44.777026],[10.337052,44.807927],[10.327155,44.810507],[10.312285,44.813348],[10.262975,44.817186],[10.19437,44.831537],[10.099265,44.858],[10.089329,44.860985],[10.021794,44.878567],[10.017373,44.880103],[9.914035,44.930432],[9.894623,44.942507],[9.890573,44.944761],[9.834625,44.978446],[9.769936,45.013799],[9.725895,45.041003],[9.711016,45.047017],[9.709872,45.047674],[9.708815,45.048822],[9.705425,45.053603],[9.703948,45.056508],[9.703864,45.057907],[9.705273,45.060151],[9.715237,45.073691],[9.71588,45.075212],[9.723462,45.120944],[9.723709,45.123784],[9.723148,45.125862],[9.721398,45.128558],[9.700084,45.156621],[9.698886,45.15784],[9.697118,45.159145],[9.64932,45.18483],[9.58974,45.220583],[9.522279,45.28517],[9.504142,45.30667],[9.50204,45.307986],[9.499564,45.308736],[9.496206,45.309053],[9.492389,45.308991]],[[9.238108,45.43565],[9.241145,45.427335],[9.242035,45.425771],[9.243294,45.424322],[9.244414,45.423456],[9.248967,45.421269]],[[9.248951,45.42123],[9.244447,45.42377],[9.24202,45.426252],[9.241088,45.427822],[9.238258,45.435677]],[[9.320212,45.354889],[9.315737,45.361957]],[[10.935632,44.653058],[10.932097,44.654265],[10.925575,44.655063]]]}},{"type":"Feature","properties":{"id":7522566,"nome":"Ravenna Port access","uso":"","operatore":"","dal":"","wikipedia":""},"geometry":{"type":"MultiLineString","coordinates":[[[12.268002,44.48937],[12.264386,44.485084],[12.263489,44.484558],[12.261574,44.484393],[12.26057,44.484011],[12.258639,44.482074],[12.255837,44.480126],[12.247043,44.472624],[12.236203,44.461035],[12.233056,44.458126],[12.226896,44.444312],[12.225444,44.442128],[12.209385,44.43185]],[[12.207215,44.423193],[12.207186,44.425689],[12.206238,44.427964]],[[11.883202,44.293614],[11.889422,44.291372],[11.891635,44.291634],[11.8931,44.292602],[11.900967,44.303846],[11.904574,44.308473],[11.911278,44.317975],[11.917559,44.32838],[11.925496,44.338606],[11.933389,44.352424],[11.939684,44.359978],[11.942094,44.361966],[11.945257,44.363665],[11.949939,44.365062],[11.986764,44.370385],[12.021462,44.380046],[12.025029,44.380148],[12.030135,44.379136],[12.034206,44.378683],[12.039659,44.378909],[12.044523,44.379853],[12.128889,44.409762],[12.193345,44.431524],[12.195616,44.431845],[12.198367,44.431797],[12.200648,44.431316],[12.202434,44.430546],[12.204265,44.429312],[12.205398,44.428114],[12.206168,44.426728],[12.206833,44.424451],[12.206225,44.426741],[12.205455,44.42813],[12.204305,44.429359],[12.202853,44.43038],[12.200745,44.431338],[12.198488,44.431829],[12.196604,44.431916],[12.194556,44.431779],[12.192614,44.431364],[12.128864,44.409797],[12.046636,44.380545],[12.041774,44.379273],[12.037325,44.37877],[12.033773,44.378763],[12.028407,44.379501],[12.024096,44.380792],[12.020456,44.382452],[12.015531,44.385791],[11.98394,44.40898],[11.98183,44.410198],[11.979108,44.411177],[11.974733,44.411775],[11.923199,44.415589],[11.919311,44.41511],[11.904708,44.412257],[11.90263,44.411612],[11.900831,44.410773],[11.898675,44.409195],[11.820438,44.325936],[11.818131,44.324612],[11.815779,44.32383],[11.813187,44.323425],[11.810576,44.323478],[11.807566,44.324111],[11.796762,44.328413]],[[12.206833,44.424451],[12.208075,44.421027],[12.20945,44.414701],[12.209304,44.415075]],[[12.257199,44.46161],[12.250518,44.447677],[12.250619,44.445979],[12.252382,44.440961],[12.252251,44.440157],[12.251649,44.439494],[12.24788,44.437474],[12.247438,44.437037],[12.244191,44.430982],[12.241662,44.427101],[12.24046,44.424921],[12.239662,44.422908],[12.228915,44.403568],[12.228144,44.402585],[12.226069,44.4013],[12.223372,44.400773],[12.218506,44.401323],[12.217281,44.401648],[12.216188,44.402227],[12.214813,44.403724],[12.210846,44.410344],[12.20945,44.414701]],[[12.026177,44.379977],[12.027155,44.379832]]]}},{"type":"Feature","properties":{"id":7699364,"nome":"Ferrovia succursale dei Giovi","uso":"","operatore":"Rete Ferroviaria Italiana","dal":"","wikipedia":"it:Ferrovia succursale dei Giovi"},"geometry":{"type":"MultiLineString","coordinates":[[[8.887367,44.446501],[8.887428,44.446942],[8.887095,44.440381],[8.887821,44.437567],[8.888555,44.436286],[8.890858,44.434324],[8.891535,44.432862]],[[8.857602,44.897701],[8.855577,44.896325],[8.854108,44.89485],[8.852974,44.892907],[8.852505,44.89108],[8.853875,44.855047],[8.850305,44.828621],[8.850729,44.826693],[8.853642,44.820447],[8.853932,44.818807],[8.854165,44.814404],[8.854532,44.812714],[8.863277,44.796591],[8.864116,44.793984],[8.863845,44.788595],[8.865025,44.777071],[8.864977,44.774758],[8.864152,44.772315],[8.858615,44.762322],[8.858163,44.761024],[8.858006,44.759598],[8.858537,44.756804],[8.867394,44.742117],[8.868201,44.740256],[8.868719,44.738084],[8.868631,44.734645],[8.86447,44.715758],[8.864663,44.709736],[8.865025,44.707891],[8.865473,44.706824],[8.866458,44.705402],[8.869805,44.701663],[8.871129,44.700529],[8.887411,44.691019],[8.891314,44.688136],[8.893065,44.68653],[8.894274,44.684693],[8.894742,44.683261],[8.896151,44.673463],[8.895584,44.670498],[8.895604,44.669122],[8.895989,44.667804],[8.896778,44.666481],[8.89831,44.664964],[8.899479,44.664188],[8.905422,44.661779],[8.90797,44.660131],[8.940017,44.63119],[8.942276,44.628076],[8.944726,44.625767],[8.946013,44.624136],[8.946611,44.621916],[8.946317,44.619192],[8.946482,44.618231],[8.950764,44.612518],[8.951077,44.611379],[8.950885,44.609894],[8.950594,44.609268],[8.939449,44.59469],[8.937848,44.592045],[8.937032,44.589781],[8.936564,44.587398],[8.933155,44.54266],[8.93278,44.541511],[8.932035,44.540351],[8.930568,44.539288],[8.9294,44.53882],[8.926283,44.538118],[8.924439,44.537252],[8.920425,44.533173],[8.915565,44.530613],[8.914603,44.529818],[8.913948,44.52887],[8.911271,44.523333],[8.909505,44.51886],[8.909565,44.517641],[8.91087,44.513683],[8.910853,44.512742],[8.910298,44.511219],[8.908725,44.509485],[8.90529,44.507135],[8.901109,44.505493],[8.899993,44.5048],[8.896962,44.501528],[8.896058,44.49993],[8.895675,44.483045],[8.892488,44.472296],[8.892826,44.470235],[8.895478,44.464291],[8.895642,44.46197],[8.894856,44.459557],[8.88811,44.451232],[8.887571,44.449906],[8.887428,44.446942]],[[8.891471,44.432867],[8.890814,44.434315],[8.888219,44.436647],[8.88718,44.439704],[8.887084,44.442274],[8.887445,44.448061]],[[8.895975,44.674987],[8.895902,44.675902]],[[8.857702,44.897711],[8.855305,44.896046],[8.854157,44.894831],[8.853023,44.892893],[8.852551,44.891075],[8.853934,44.85498],[8.850352,44.828876],[8.85072,44.826855],[8.853751,44.820233],[8.854221,44.814285],[8.854599,44.81268],[8.863357,44.796548],[8.864161,44.79401],[8.863894,44.788576],[8.865101,44.776779],[8.864992,44.774557],[8.864279,44.77247],[8.858664,44.762315],[8.85821,44.761],[8.858068,44.75954],[8.858589,44.756823],[8.867102,44.74279],[8.868172,44.740559],[8.868729,44.738414],[8.868858,44.736531],[8.868651,44.734489],[8.864531,44.71585],[8.864444,44.71388],[8.864979,44.708197],[8.86622,44.705776],[8.86975,44.701757],[8.870973,44.700696],[8.887451,44.691054],[8.892868,44.686811],[8.894187,44.68495],[8.894742,44.683551],[8.896218,44.673463],[8.895631,44.670495],[8.895651,44.669126],[8.896041,44.667814],[8.896819,44.666497],[8.898346,44.664985],[8.899508,44.664215],[8.905449,44.661807],[8.908004,44.660151],[8.940062,44.631215],[8.942315,44.628093],[8.944763,44.625786],[8.946056,44.624148],[8.946657,44.621918],[8.946365,44.619188],[8.946531,44.618237],[8.950806,44.612531],[8.951123,44.611379],[8.950929,44.609885],[8.950635,44.609255],[8.939494,44.594674],[8.937893,44.592029],[8.937078,44.589778],[8.936542,44.586566],[8.933201,44.542658],[8.932824,44.541502],[8.931921,44.540181],[8.930588,44.53927],[8.929027,44.538691],[8.926302,44.538087],[8.924473,44.537234],[8.920454,44.533154],[8.915618,44.53057],[8.914656,44.529775],[8.914004,44.528851],[8.911349,44.523316],[8.909583,44.518844],[8.909643,44.517625],[8.910926,44.513687],[8.910813,44.512344],[8.910331,44.511213],[8.908752,44.509464],[8.905333,44.507104],[8.901141,44.505457],[8.900024,44.504785],[8.897009,44.501519],[8.896115,44.499921],[8.89572,44.483041],[8.892533,44.472302],[8.893096,44.469686],[8.895509,44.464298],[8.895722,44.463066],[8.895642,44.461719],[8.895203,44.460134],[8.894604,44.459139],[8.888157,44.45122],[8.887646,44.449986],[8.887434,44.44735]],[[8.897009,44.501519],[8.896115,44.499921]]]}},{"type":"Feature","properties":{"id":7699365,"nome":"Linea Torino-Genova","uso":"","operatore":"Rete Ferroviaria Italiana","dal":"","wikipedia":""},"geometry":{"type":"MultiLineString","coordinates":[[[7.677872,45.060976],[7.674811,45.056845],[7.673443,45.054316],[7.666728,45.04381],[7.663894,45.041156],[7.663091,45.040025],[7.657977,45.029552],[7.657489,45.027579],[7.657521,45.024424],[7.657901,45.020073],[7.658521,45.017629],[7.660234,45.014039],[7.661871,45.011747],[7.664893,45.008711],[7.675695,44.999965],[7.678767,44.997673],[7.681629,44.996153],[7.684634,44.995117],[7.68715,44.994579],[7.710204,44.991341],[7.716118,44.989964],[7.721454,44.987815],[7.747809,44.97383],[7.75277,44.971429],[7.756056,44.970142],[7.761179,44.968549],[7.765203,44.967609],[7.770232,44.966787],[7.777998,44.966258],[7.955616,44.962985],[7.95871,44.962714],[7.96161,44.962117],[7.964114,44.961302],[7.966618,44.960096],[7.969149,44.958245],[7.972563,44.956349],[7.974521,44.954459],[7.975591,44.952386],[7.975919,44.950078],[7.975727,44.948725],[7.974323,44.94433],[7.974396,44.942311],[7.975055,44.940759],[7.976673,44.9388],[7.978103,44.937599],[7.979609,44.936705],[7.994093,44.930825],[7.99906,44.928378],[8.006522,44.925337],[8.012164,44.921749],[8.014089,44.920756],[8.031196,44.915597],[8.034187,44.914512],[8.057196,44.90074],[8.059968,44.8995],[8.062475,44.898896],[8.065102,44.898682],[8.089893,44.899296],[8.092861,44.89892],[8.095505,44.898089],[8.098469,44.896376],[8.109015,44.887701],[8.115327,44.88168],[8.118428,44.880024],[8.121942,44.879117],[8.124467,44.878888],[8.1272,44.879021],[8.129215,44.879393],[8.131727,44.880237],[8.133575,44.881214],[8.149909,44.891625],[8.154207,44.893489],[8.159101,44.894728],[8.167523,44.896202],[8.173492,44.89643],[8.178954,44.895764],[8.186159,44.893736],[8.1895,44.893069],[8.193494,44.892722],[8.197834,44.892865],[8.201847,44.893503],[8.249933,44.904241],[8.253421,44.904768],[8.257825,44.904925],[8.260834,44.904721],[8.264428,44.904119],[8.267731,44.903199],[8.270991,44.901877],[8.310902,44.879619],[8.313643,44.878357],[8.315955,44.8776],[8.319575,44.876947],[8.32287,44.876833],[8.332165,44.87799],[8.337184,44.878011],[8.340648,44.877599],[8.359276,44.874198],[8.364321,44.873851],[8.370383,44.874045],[8.375339,44.87469],[8.380594,44.875925],[8.517113,44.917938],[8.52261,44.919314],[8.526699,44.919923],[8.531192,44.920217],[8.583525,44.920566],[8.586926,44.920322],[8.589616,44.919843],[8.592168,44.919105],[8.594908,44.917943],[8.597399,44.91642],[8.60644,44.90914],[8.683748,44.840837],[8.786559,44.763011],[8.790515,44.760833],[8.852067,44.730199],[8.854529,44.728652],[8.857125,44.725774],[8.859046,44.722958],[8.85963,44.719314],[8.861157,44.7157],[8.861166,44.711109],[8.861769,44.709597],[8.862623,44.708438],[8.870812,44.700601],[8.874803,44.698126],[8.887053,44.691542],[8.891758,44.688002],[8.893671,44.686013],[8.895125,44.683659],[8.895482,44.682351],[8.896472,44.673457],[8.896343,44.671757],[8.896519,44.670595],[8.897251,44.669078],[8.898787,44.667569],[8.902852,44.66554],[8.906007,44.663184],[8.907888,44.662239],[8.919996,44.658458],[8.922309,44.658058],[8.925882,44.65832],[8.927332,44.658758],[8.928341,44.659344],[8.929508,44.660836],[8.929961,44.662921],[8.930386,44.663666],[8.931379,44.664603],[8.932663,44.665208],[8.934117,44.66552],[8.935465,44.665527],[8.941553,44.664359],[8.944311,44.662994],[8.947145,44.660705],[8.948049,44.659554],[8.9483,44.65836],[8.948109,44.657255],[8.946652,44.655086],[8.946242,44.653868],[8.946462,44.652594],[8.947221,44.651528],[8.949415,44.650358],[8.955566,44.64927],[8.956537,44.648749],[8.957231,44.648005],[8.957585,44.646613],[8.956896,44.644645],[8.953449,44.641237],[8.952016,44.637822],[8.949759,44.635082],[8.948945,44.633712],[8.946502,44.61909],[8.946942,44.617758],[8.948634,44.616145],[8.949797,44.615556],[8.953133,44.61453],[8.954996,44.613188],[8.955947,44.612098],[8.956425,44.611173],[8.956473,44.609002],[8.956127,44.608343],[8.955151,44.607448],[8.951471,44.605796],[8.94952,44.604452],[8.941794,44.596596],[8.940379,44.595022],[8.939172,44.593082],[8.938478,44.591514],[8.938224,44.59026],[8.938505,44.586945],[8.939304,44.581476],[8.939663,44.580284],[8.941418,44.577622],[8.945091,44.574094],[8.947241,44.571377],[8.94855,44.560657],[8.948605,44.559022],[8.94812,44.556691],[8.946486,44.553588],[8.938852,44.543474],[8.937257,44.541016],[8.935363,44.53991],[8.932165,44.539339],[8.925973,44.537152],[8.92498,44.53631],[8.922796,44.533372],[8.920759,44.53178],[8.917486,44.529698],[8.91506,44.52632],[8.914694,44.524954],[8.914441,44.51749],[8.914759,44.514291],[8.914427,44.512821],[8.911812,44.508833],[8.905098,44.499982],[8.904593,44.498019],[8.904748,44.496896],[8.905589,44.49472],[8.905635,44.493777],[8.905311,44.492673],[8.903793,44.490964],[8.900387,44.488152],[8.899288,44.486309],[8.899312,44.484749],[8.90235,44.471187],[8.902362,44.469556],[8.902028,44.467707],[8.899767,44.457994],[8.899182,44.457006],[8.896418,44.454519],[8.893933,44.451844],[8.89211,44.448833],[8.891612,44.447571],[8.890903,44.443752],[8.891053,44.434935],[8.891728,44.432064],[8.891106,44.428682],[8.890104,44.425898],[8.889056,44.424223],[8.887031,44.422013],[8.885592,44.41951],[8.885154,44.417808],[8.885342,44.416403],[8.88601,44.414707],[8.886918,44.413447],[8.888307,44.412261],[8.891003,44.410978],[8.896318,44.409234],[8.898217,44.408958],[8.899475,44.409059],[8.900859,44.409494],[8.912134,44.414477],[8.916129,44.416767],[8.918891,44.417311],[8.92484,44.417625],[8.926957,44.417508],[8.940905,44.412966],[8.942793,44.411457],[8.945904,44.407563],[8.948223,44.406098],[8.949248,44.405715]]]}},{"type":"Feature","properties":{"id":7781979,"nome":"Ferrovia Pugliano-Vesuvio","uso":"","operatore":"","dal":"","wikipedia":"it:Ferrovia Pugliano-Vesuvio"},"geometry":{"type":"MultiLineString","coordinates":[[[14.414277,40.81826],[14.413912,40.818513],[14.411937,40.818917],[14.406423,40.822517],[14.402459,40.826781],[14.399455,40.827709],[14.396572,40.827685],[14.395848,40.82807],[14.395455,40.828692]],[[14.352858,40.810985],[14.353341,40.810581],[14.354025,40.810486],[14.355583,40.811365],[14.355604,40.812202],[14.354346,40.813446],[14.354352,40.8139],[14.354644,40.814236],[14.356021,40.814678],[14.357404,40.814726],[14.358792,40.815065],[14.360063,40.815768],[14.360284,40.816168],[14.360154,40.816978],[14.360572,40.817689],[14.365076,40.819665],[14.368275,40.823158],[14.369945,40.824509],[14.373942,40.82559],[14.375933,40.8287],[14.37737,40.830275],[14.378667,40.831055],[14.382695,40.832688]]]}},{"type":"Feature","properties":{"id":7795795,"nome":"Ferrovia Cancello - Santa Maria di Capua Vetere","uso":"","operatore":"","dal":"","wikipedia":""},"geometry":{"type":"MultiLineString","coordinates":[[[14.42091,41.000081],[14.421155,41.001968],[14.423546,41.005112],[14.423779,41.005993],[14.423741,41.007103],[14.423188,41.008412],[14.422079,41.009582],[14.420502,41.010429],[14.418648,41.010854],[14.416563,41.01077],[14.414989,41.0103],[14.403647,41.004214],[14.401879,41.003458],[14.400063,41.003018],[14.38983,41.001616],[14.380359,41.001296],[14.364614,41.002296],[14.358046,41.001741],[14.346116,41.002477],[14.337939,41.001707],[14.335334,41.002113],[14.332706,41.00337],[14.324151,41.012318],[14.321815,41.013827],[14.319453,41.014668],[14.315792,41.015104],[14.277983,41.016345],[14.27491,41.016806],[14.272158,41.017713],[14.270121,41.018775],[14.26832,41.020119],[14.266896,41.021637],[14.265879,41.023251],[14.242486,41.078131],[14.241697,41.079515],[14.240278,41.081108]],[[14.42096,41.000079],[14.421168,41.001895],[14.423187,41.004349],[14.423647,41.005244],[14.423792,41.00708],[14.423153,41.00854],[14.422087,41.009627],[14.420681,41.010406],[14.41886,41.010869],[14.416772,41.010842],[14.414981,41.010339],[14.403472,41.004169],[14.401827,41.003481],[14.39986,41.003025],[14.389824,41.001654],[14.380362,41.001334],[14.364617,41.002333],[14.35805,41.001779],[14.346118,41.002514],[14.337942,41.001744],[14.335347,41.00215],[14.332737,41.003397],[14.324191,41.012339],[14.322204,41.013677],[14.319469,41.0147],[14.315793,41.015142],[14.277988,41.016381],[14.275042,41.016813],[14.272178,41.017746],[14.27015,41.018805],[14.268362,41.020138],[14.266939,41.021656],[14.266076,41.022964],[14.242418,41.07841],[14.240538,41.080908]]]}},{"type":"Feature","properties":{"id":7795822,"nome":"Tratto comune LMV / Salerno-Caserta","uso":"","operatore":"","dal":"","wikipedia":""},"geometry":{"type":"MultiLineString","coordinates":[[[14.630085,40.768053],[14.669137,40.747012],[14.674648,40.744373],[14.676845,40.743629],[14.679086,40.743199],[14.685028,40.743093],[14.688086,40.742799],[14.691925,40.741643],[14.694392,40.740333],[14.728712,40.712375],[14.76237,40.68564],[14.76404,40.68386],[14.7657,40.68084],[14.7663,40.68016],[14.772578,40.675479]],[[14.772538,40.675435],[14.766273,40.680138],[14.765671,40.680823],[14.764008,40.683851],[14.762334,40.685624],[14.760666,40.686761],[14.728677,40.712351],[14.694353,40.740292],[14.691894,40.741598],[14.688072,40.742749],[14.685028,40.743042],[14.679077,40.743145],[14.676822,40.743576],[14.674617,40.744332],[14.669109,40.746983],[14.634094,40.76585]]]}},{"type":"Feature","properties":{"id":7795824,"nome":"Ferrovia Vicenza - Treviso","uso":"","operatore":"Rete Ferroviaria Italiana","dal":"","wikipedia":"it:Ferrovia Vicenza-Treviso"},"geometry":{"type":"MultiLineString","coordinates":[[[11.5416,45.541324],[11.551962,45.541194],[11.56057,45.542184],[11.562888,45.542978],[11.564233,45.544026],[11.566147,45.546802],[11.566525,45.54812],[11.567158,45.55456],[11.568022,45.556138],[11.569389,45.557417],[11.602946,45.573923],[11.613249,45.580278],[11.619207,45.583],[11.623115,45.585438],[11.749504,45.634926],[11.751843,45.635356],[11.768333,45.635669],[11.784695,45.637464],[11.786468,45.637884],[11.787974,45.63875],[11.788903,45.639922],[11.790738,45.647765],[11.792105,45.649068],[11.794194,45.649815],[11.813091,45.651335],[11.865002,45.656731],[11.919562,45.665136],[11.927337,45.665899],[11.945283,45.667436],[11.984742,45.668737],[12.054828,45.672216],[12.100023,45.676724],[12.1028,45.67654],[12.164081,45.668857],[12.226769,45.663213],[12.228734,45.662679],[12.232732,45.660316],[12.234872,45.659736],[12.245224,45.659796]],[[12.245223,45.659709],[12.23565,45.659651],[12.234204,45.659813],[12.232231,45.660505],[12.228707,45.662644],[12.226598,45.663196],[12.164565,45.668764],[12.102785,45.676508],[12.099382,45.676668],[12.054834,45.672174],[11.984745,45.668703],[11.945533,45.667414],[11.920947,45.665285],[11.865007,45.656697],[11.813093,45.651302],[11.794018,45.649751],[11.791924,45.648908],[11.790676,45.64755],[11.789128,45.640492]],[[11.789105,45.640381],[11.788661,45.639401],[11.787654,45.638452],[11.786178,45.637741],[11.784707,45.637432],[11.768029,45.635612],[11.751845,45.635323],[11.749532,45.634892],[11.623499,45.585562],[11.621999,45.58482],[11.619232,45.582972],[11.613277,45.580253],[11.602972,45.573896],[11.569428,45.557397],[11.568066,45.556125],[11.567206,45.554552],[11.566574,45.548115],[11.566191,45.546791],[11.56427,45.544009],[11.562929,45.542965],[11.560616,45.542152],[11.55192,45.541151],[11.541606,45.541229]]]}},{"type":"Feature","properties":{"id":7795886,"nome":"Ferrovia Padova – Bologna","uso":"","operatore":"Rete Ferroviaria Italiana","dal":"","wikipedia":""},"geometry":{"type":"MultiLineString","coordinates":[[[11.88056,45.417706],[11.875756,45.418483],[11.87073,45.420199],[11.868296,45.420564],[11.866303,45.420464],[11.864434,45.42007],[11.862593,45.419324],[11.861198,45.418415],[11.855484,45.411754],[11.853673,45.409039],[11.850502,45.405169],[11.845445,45.399729],[11.840906,45.392676],[11.817771,45.364712],[11.806364,45.347196],[11.771981,45.278817],[11.74345,45.240072],[11.710368,45.195812],[11.708703,45.192697],[11.708216,45.190569],[11.708243,45.188126],[11.708895,45.185727],[11.710152,45.183449],[11.77871,45.09322],[11.780207,45.090514],[11.78086,45.087647],[11.781212,45.069432],[11.780835,45.067065],[11.742416,44.994877],[11.742034,44.993279],[11.74213,44.991291],[11.746067,44.979535],[11.746316,44.977985],[11.746125,44.976197],[11.745409,44.974377],[11.731107,44.94663],[11.73012,44.945377],[11.728864,44.94425],[11.72612,44.942666],[11.673403,44.922299],[11.668963,44.920951],[11.664991,44.918992],[11.629772,44.905324],[11.626849,44.903658],[11.618876,44.897401],[11.617264,44.895409],[11.616333,44.893485],[11.61269,44.874059],[11.608709,44.850975],[11.607745,44.848241],[11.595603,44.833011],[11.581324,44.815541],[11.579135,44.81318],[11.576886,44.811514],[11.574542,44.810262],[11.483331,44.767079],[11.463358,44.753989],[11.447319,44.743124],[11.414133,44.711397],[11.412012,44.708799],[11.407005,44.701269],[11.382767,44.664687],[11.381692,44.662545],[11.381208,44.660643],[11.369653,44.585726],[11.368853,44.581063],[11.367623,44.577759],[11.353265,44.550809],[11.350891,44.547195],[11.349556,44.545946],[11.347385,44.544745],[11.332616,44.540418],[11.329942,44.539009],[11.328093,44.536983],[11.327377,44.534755],[11.327617,44.532896],[11.329032,44.530487]],[[11.3289,44.530567],[11.32757,44.532888],[11.327362,44.535037],[11.328213,44.537262],[11.329902,44.539026],[11.331337,44.539915],[11.333002,44.54058],[11.34736,44.544773],[11.349884,44.546242],[11.351281,44.547776],[11.353216,44.550822],[11.366794,44.576145],[11.368574,44.580203],[11.369402,44.584481]],[[11.333946,44.540822],[11.326529,44.538791],[11.324615,44.538478],[11.321256,44.538494],[11.318307,44.539108]],[[11.88055,45.417674],[11.875623,45.418478],[11.870922,45.42011],[11.868105,45.420535],[11.866055,45.420397],[11.863996,45.419894],[11.862372,45.419167],[11.861004,45.418199],[11.85553,45.411739],[11.853717,45.409024],[11.850551,45.405152],[11.845484,45.399716],[11.840971,45.392656],[11.817816,45.364697],[11.806406,45.347183],[11.772023,45.278803],[11.743495,45.240056],[11.710415,45.195799],[11.708751,45.192692],[11.708265,45.19057],[11.70829,45.188133],[11.708939,45.18574],[11.710191,45.183469],[11.778754,45.093235],[11.780256,45.090523],[11.780911,45.087648],[11.781263,45.06943],[11.780883,45.067059],[11.742622,44.99526],[11.742085,44.993278],[11.742176,44.991296],[11.746111,44.97954],[11.746365,44.977983],[11.74617,44.976191],[11.745454,44.974367],[11.731151,44.946618],[11.730163,44.945359],[11.728903,44.944226],[11.726146,44.942637],[11.673442,44.922235],[11.668987,44.920923],[11.665013,44.918964],[11.629794,44.905294],[11.626884,44.90363],[11.619204,44.897632],[11.617569,44.89569],[11.616476,44.893467],[11.612805,44.874052],[11.608754,44.850971],[11.607992,44.848616],[11.606795,44.846784],[11.595645,44.832995],[11.581366,44.815524],[11.579179,44.813158],[11.576918,44.811491],[11.574572,44.810235],[11.483365,44.767047],[11.463413,44.753953],[11.447356,44.743099],[11.415631,44.712846],[11.412055,44.708787],[11.382811,44.664672],[11.381749,44.662535],[11.381259,44.660638],[11.369714,44.586161]],[[11.318201,44.539182],[11.320978,44.538555],[11.324611,44.538511],[11.326972,44.538938],[11.33419,44.540927]]]}},{"type":"Feature","properties":{"id":7795902,"nome":"Portgruaro C. - Trieste C.le (tratto Latisana - Trieste C.le)","uso":"","operatore":"Rete Ferroviaria Italiana","dal":"","wikipedia":"it:Ferrovia Venezia-Trieste"},"geometry":{"type":"MultiLineString","coordinates":[[[13.001115,45.777791],[13.001725,45.780654],[13.002875,45.78223],[13.009443,45.786287],[13.011917,45.787291],[13.06857,45.79914],[13.175156,45.828641],[13.178767,45.829414],[13.181807,45.829563],[13.223193,45.828961],[13.225978,45.828678],[13.231508,45.82745],[13.234953,45.827157],[13.24268,45.827255],[13.249973,45.82776],[13.266924,45.826299],[13.310868,45.825247],[13.315404,45.82559],[13.322323,45.827005],[13.326102,45.827153],[13.328918,45.826802],[13.343195,45.823864]],[[13.346465,45.823164],[13.373568,45.817315],[13.418209,45.809018],[13.421287,45.808687],[13.424463,45.808841],[13.433998,45.810193],[13.436606,45.811061],[13.444995,45.814695],[13.448726,45.815503],[13.457276,45.815711],[13.51697,45.819097],[13.518789,45.818728],[13.520177,45.818082],[13.522768,45.815616],[13.524075,45.814794],[13.531877,45.812374],[13.535335,45.810355],[13.540719,45.808239],[13.552413,45.805773],[13.557852,45.80356],[13.566156,45.802396],[13.570629,45.802933],[13.575468,45.802645],[13.581105,45.803838],[13.582819,45.803781],[13.584582,45.803321],[13.585799,45.802673],[13.58687,45.801621],[13.589795,45.796087],[13.591011,45.795054],[13.594023,45.793527],[13.595273,45.792369],[13.597152,45.789515],[13.597461,45.78656],[13.5982,45.785173],[13.601834,45.781382],[13.604886,45.779486],[13.610857,45.777624],[13.612769,45.777592],[13.617222,45.778199],[13.622661,45.777904],[13.624371,45.777538],[13.626979,45.776516],[13.628856,45.776209],[13.630932,45.776327],[13.638124,45.777712],[13.640856,45.777624],[13.642229,45.777234],[13.643652,45.776511],[13.651689,45.770547],[13.653043,45.769004],[13.653432,45.767255],[13.6531,45.766017],[13.650518,45.76137],[13.650396,45.760092],[13.650847,45.758759],[13.652126,45.757017],[13.658259,45.752286],[13.663236,45.746272],[13.665121,45.745046],[13.668137,45.743979],[13.673894,45.741453],[13.67671,45.73971],[13.683317,45.734613],[13.687649,45.731769],[13.692028,45.728136],[13.694701,45.725856],[13.697067,45.722787],[13.698022,45.721927],[13.700496,45.720526],[13.703324,45.718101],[13.705999,45.716387],[13.708725,45.714252],[13.713662,45.71166],[13.716231,45.710055],[13.717046,45.709092],[13.718567,45.705874],[13.722384,45.702842],[13.728585,45.699434],[13.731626,45.698119],[13.734901,45.697247],[13.736338,45.696571],[13.738843,45.694867],[13.742004,45.691253],[13.744354,45.689316],[13.748714,45.68682],[13.752985,45.68351],[13.756552,45.68135],[13.757267,45.680486],[13.757454,45.679488],[13.757199,45.678699],[13.756001,45.676982],[13.755931,45.675763],[13.757994,45.673029],[13.759272,45.670338],[13.763486,45.665564],[13.769401,45.661878],[13.77159,45.658338]],[[13.771526,45.65832],[13.769369,45.661817],[13.763457,45.665541],[13.759199,45.670379],[13.757827,45.673225],[13.755883,45.675757],[13.755916,45.676885],[13.757162,45.67872],[13.757405,45.679436],[13.75724,45.680436],[13.756537,45.681313],[13.752944,45.683493],[13.748617,45.686842],[13.744258,45.689345],[13.741808,45.691399],[13.738824,45.694833],[13.736439,45.696464],[13.734986,45.69718],[13.731723,45.698047],[13.72853,45.699421],[13.72238,45.702799],[13.718493,45.705897],[13.717023,45.709041],[13.716168,45.710052],[13.713704,45.711585],[13.708869,45.714102],[13.706083,45.716283],[13.703281,45.718085],[13.700435,45.720523],[13.698022,45.721879],[13.697005,45.722797],[13.694576,45.725925],[13.691885,45.728207],[13.687738,45.731655],[13.683088,45.734734],[13.676684,45.739683],[13.673805,45.741453],[13.668104,45.743955],[13.665525,45.744823],[13.663096,45.746322],[13.658306,45.752169],[13.65201,45.75699],[13.650815,45.75851],[13.650317,45.759974],[13.65041,45.761223],[13.653003,45.765922],[13.653384,45.767252],[13.652998,45.769],[13.651686,45.770501],[13.643625,45.776484],[13.642526,45.777078],[13.640852,45.777593],[13.63799,45.777664],[13.630959,45.776301],[13.628889,45.776176],[13.627112,45.776447],[13.624009,45.777611],[13.622293,45.777902],[13.617017,45.778169],[13.612728,45.777554],[13.611019,45.777568],[13.609413,45.777904],[13.60481,45.779485],[13.601754,45.781398],[13.598283,45.78501],[13.597388,45.786669],[13.597089,45.789551],[13.595302,45.792262],[13.593991,45.793503],[13.591199,45.794899],[13.589924,45.795898],[13.589298,45.796746],[13.586748,45.801719],[13.585745,45.802667],[13.584481,45.803324],[13.582899,45.803737],[13.581252,45.803815],[13.575578,45.802622],[13.570712,45.802903],[13.566341,45.802365],[13.557849,45.803525],[13.552513,45.805707],[13.540628,45.808236],[13.535319,45.810324],[13.53198,45.812297],[13.52403,45.814776],[13.522653,45.815666],[13.521031,45.817393],[13.52001,45.818142],[13.518672,45.818729],[13.517156,45.819046],[13.457146,45.815669],[13.448732,45.815463],[13.446731,45.815161],[13.444628,45.81452],[13.438502,45.811835],[13.433369,45.809292],[13.423836,45.808053],[13.373529,45.817286],[13.343178,45.82383]],[[13.340111,45.824455],[13.32891,45.826768],[13.325799,45.827131],[13.322334,45.826963],[13.315417,45.825552],[13.310868,45.825214],[13.267088,45.826257],[13.249845,45.827729],[13.242669,45.827221],[13.234295,45.827145],[13.231243,45.827457],[13.225999,45.828642],[13.223485,45.828916],[13.181638,45.829529],[13.178605,45.829361],[13.174839,45.828518],[13.068539,45.799097],[13.0124,45.787394],[13.009624,45.78634],[13.003011,45.782253],[13.001889,45.780788],[13.001226,45.777781]]]}},{"type":"Feature","properties":{"id":7795904,"nome":"Ferrovia Treviso-Portogruaro","uso":"","operatore":"","dal":"","wikipedia":""},"geometry":{"type":"MultiLineString","coordinates":[[[12.831624,45.781215],[12.820509,45.776716],[12.81727,45.775669],[12.811362,45.774362],[12.804619,45.773714],[12.664183,45.774955],[12.659857,45.775349],[12.651252,45.777735],[12.64793,45.778262],[12.645186,45.778297],[12.623309,45.777074],[12.574968,45.783092],[12.545115,45.784836],[12.541085,45.784418],[12.487711,45.774316],[12.485881,45.773741],[12.484465,45.772949],[12.483373,45.771968],[12.482649,45.770875],[12.462945,45.723391],[12.4587,45.716574],[12.452418,45.709766],[12.451321,45.709004],[12.446378,45.707377],[12.441622,45.706694],[12.439986,45.706262],[12.418916,45.698118],[12.379859,45.687177],[12.32209,45.676491],[12.262853,45.66773]],[[12.257796,45.665568],[12.257844,45.665689]],[[12.257488,45.664328],[12.257539,45.664585]],[[12.488249,45.774418],[12.48909,45.774541],[12.488245,45.774382]],[[12.48909,45.774541],[12.499025,45.776461]]]}},{"type":"Feature","properties":{"id":7795930,"nome":"Ferrovia Padova – Calalzo","uso":"","operatore":"Rete Ferroviaria Italiana","dal":"","wikipedia":""},"geometry":{"type":"MultiLineString","coordinates":[[[11.880663,45.41801],[11.875294,45.418873],[11.871818,45.420249],[11.869873,45.422049],[11.869561,45.422965],[11.869647,45.423808],[11.870903,45.425685],[11.886148,45.441805],[11.870551,45.425239],[11.869698,45.423803],[11.869631,45.422827],[11.869928,45.422057],[11.871115,45.420781],[11.87194,45.420232],[11.875303,45.418924],[11.880693,45.418108]],[[12.057315,45.774449],[12.053073,45.776962],[12.052425,45.777881],[12.052316,45.779044],[12.05244,45.777989],[12.053121,45.776982],[12.058672,45.773607],[12.059798,45.772377],[12.060231,45.771282],[12.060257,45.770145],[12.059905,45.76907],[12.059185,45.76809],[12.041168,45.75456],[11.96971,45.687208],[11.95006,45.670271],[11.946619,45.668344],[11.942015,45.667164],[11.920772,45.665104],[11.9186,45.664159],[11.917209,45.662668],[11.916813,45.661257],[11.916977,45.659757],[11.923,45.627537],[11.93437,45.589442],[11.934646,45.588179],[11.934651,45.586739],[11.93216,45.577689],[11.928304,45.568944],[11.917931,45.543599],[11.900229,45.504084],[11.892162,45.468045],[11.891849,45.454996],[11.891486,45.452461],[11.890203,45.448233],[11.889212,45.445845],[11.888177,45.444141],[11.886148,45.441805]],[[12.388742,46.443922],[12.383915,46.435068],[12.383467,46.433715],[12.383626,46.432747],[12.384787,46.430501],[12.385255,46.427607],[12.384948,46.426515],[12.383721,46.425073],[12.383492,46.424321],[12.383724,46.421292],[12.384049,46.420003],[12.384651,46.419041],[12.384661,46.418253],[12.383832,46.417065],[12.381896,46.415957],[12.380204,46.414612],[12.379006,46.412822],[12.376544,46.411684],[12.373569,46.410903],[12.37073,46.409764],[12.365469,46.406381],[12.363213,46.405501],[12.361331,46.405207],[12.35831,46.405255],[12.350168,46.407359],[12.347312,46.407512],[12.34516,46.4071],[12.343342,46.406298],[12.341939,46.405166],[12.340952,46.403773],[12.340755,46.402334],[12.341339,46.401301],[12.342093,46.400656],[12.344694,46.399505],[12.350025,46.39913],[12.352347,46.398581],[12.353409,46.397895],[12.354162,46.396425],[12.355275,46.394948],[12.355438,46.394113],[12.354884,46.391934],[12.353948,46.389513],[12.353218,46.388247],[12.351707,46.38364],[12.351717,46.381081],[12.352517,46.378843],[12.353942,46.377404],[12.354326,46.376658],[12.353912,46.374463],[12.354405,46.372263],[12.353986,46.369374],[12.353496,46.368532],[12.350576,46.365611],[12.346074,46.363774],[12.344465,46.362496],[12.341135,46.360733],[12.340219,46.359946],[12.335538,46.351285],[12.332465,46.348025],[12.330132,46.344777],[12.329732,46.341978],[12.330794,46.339413],[12.331155,46.336949],[12.330789,46.334959],[12.330228,46.33366],[12.326637,46.331291],[12.323999,46.330676],[12.32304,46.330151],[12.322469,46.329489],[12.321504,46.327612],[12.31892,46.326133],[12.317043,46.324734],[12.316414,46.323913],[12.316189,46.322875],[12.316187,46.321052],[12.315069,46.318767],[12.315115,46.318131],[12.316562,46.316507],[12.320362,46.314669],[12.322179,46.313076],[12.323293,46.310395],[12.324024,46.307407],[12.324007,46.306717],[12.322018,46.304035],[12.318138,46.3022],[12.315473,46.300367],[12.313501,46.298132],[12.310549,46.295732],[12.310125,46.294881],[12.310128,46.293907],[12.309503,46.290782],[12.309577,46.29],[12.31027,46.288132],[12.310058,46.285444],[12.309403,46.284396],[12.30836,46.283516],[12.305518,46.282674],[12.304468,46.282044],[12.304013,46.281469],[12.30307,46.278756],[12.301408,46.276703],[12.301302,46.274156],[12.300715,46.272182],[12.301982,46.269764],[12.302166,46.263552],[12.30109,46.26148],[12.299521,46.259937],[12.298227,46.257732],[12.298087,46.254314],[12.298241,46.252863],[12.297584,46.248028],[12.297759,46.246233],[12.296862,46.244698],[12.294861,46.242668],[12.29412,46.241182],[12.294059,46.240038],[12.294407,46.2373],[12.293627,46.234186],[12.292535,46.23301],[12.290139,46.231106],[12.287524,46.225805],[12.285464,46.224257],[12.284847,46.223267],[12.28489,46.222361],[12.285681,46.220764],[12.285638,46.218524],[12.287293,46.216421],[12.28774,46.215103],[12.287395,46.213611],[12.286425,46.211414],[12.284587,46.209483],[12.284201,46.208134],[12.284348,46.207206],[12.28517,46.206085],[12.285339,46.205521],[12.285,46.202027],[12.285409,46.199261],[12.284871,46.186418],[12.284533,46.185251],[12.283777,46.184262],[12.282463,46.183247],[12.28136,46.182832],[12.271759,46.181407],[12.270176,46.180578],[12.263931,46.175418],[12.260935,46.174039],[12.258051,46.173367],[12.253269,46.173812],[12.250861,46.173709],[12.248248,46.173102],[12.246567,46.172283],[12.245259,46.171186],[12.24358,46.168889],[12.242519,46.167936],[12.235811,46.163796],[12.231875,46.162396],[12.230661,46.161568],[12.228953,46.158914],[12.226745,46.156838],[12.226115,46.15589],[12.225802,46.154869],[12.225521,46.149982],[12.225122,46.149015],[12.224349,46.148163],[12.223266,46.147494],[12.221956,46.14706],[12.216945,46.146798],[12.21386,46.145757],[12.212531,46.144736],[12.21136,46.142808],[12.207141,46.139863],[12.204407,46.138145],[12.190509,46.130734],[12.18928,46.129631],[12.176291,46.11411],[12.174972,46.112862],[12.171638,46.110587],[12.169536,46.110076],[12.166623,46.110417],[12.165327,46.110362],[12.164125,46.110021],[12.16105,46.108416],[12.159599,46.107949],[12.153574,46.107359],[12.152038,46.107018],[12.148364,46.10501],[12.146405,46.103087],[12.145131,46.102242],[12.139917,46.100334],[12.1261,46.094187],[12.124426,46.093737],[12.121743,46.093706],[12.119656,46.094272],[12.117981,46.095304],[12.116198,46.097152],[12.114017,46.097847],[12.109234,46.097681],[12.105594,46.096441],[12.102524,46.094856],[12.100923,46.094582],[12.097552,46.09507],[12.091883,46.094766],[12.074518,46.096944],[12.072752,46.096835],[12.071049,46.09608],[12.050901,46.080568],[12.049113,46.079619],[12.044435,46.077956],[12.042547,46.077583],[12.031792,46.077448],[12.025429,46.078482],[12.022752,46.078012],[12.021458,46.077281],[12.018969,46.075321],[12.01628,46.074205],[12.009607,46.070282],[12.00895,46.069282],[12.008562,46.067053],[12.008154,46.066243],[12.003917,46.063242],[11.999812,46.057862],[11.992157,46.052773],[11.99068,46.050331],[11.986448,46.04483],[11.979864,46.04061],[11.978827,46.039589],[11.97701,46.037078],[11.972889,46.033796],[11.970284,46.029959],[11.96889,46.025868],[11.96803,46.024795],[11.966815,46.023902],[11.964498,46.023016],[11.956717,46.021683],[11.951757,46.019433],[11.947749,46.016672],[11.945337,46.014201],[11.943591,46.012828],[11.93765,46.010203],[11.935874,46.010013],[11.926509,46.010474],[11.92479,46.011082],[11.923135,46.012652],[11.921785,46.013316],[11.920011,46.013544],[11.91744,46.01343],[11.914836,46.013744],[11.91334,46.013687],[11.912249,46.013337],[11.910073,46.011921],[11.90946,46.011139],[11.909067,46.010066],[11.909149,46.009036],[11.90984,46.008123],[11.911015,46.007491],[11.91667,46.006457],[11.920224,46.006464],[11.92172,46.006206],[11.937528,45.999555],[11.940902,45.999222],[11.945415,45.999978],[11.947607,45.999484],[11.948594,45.998799],[11.949178,45.997918],[11.949191,45.995804],[11.949535,45.99487],[11.952749,45.991976],[11.953961,45.989915],[11.954153,45.988326],[11.953753,45.985685],[11.953456,45.984865],[11.952717,45.983862],[11.951317,45.982847],[11.944809,45.979767],[11.938314,45.975445],[11.936643,45.972855],[11.934442,45.971329],[11.933751,45.970594],[11.933434,45.969745],[11.933434,45.967924],[11.93241,45.965718],[11.932281,45.964845],[11.933374,45.962374],[11.934136,45.959673],[11.934093,45.958153],[11.932953,45.956592],[11.929294,45.954438],[11.926141,45.950392],[11.923597,45.947826],[11.922673,45.945985],[11.921923,45.9426],[11.920539,45.940411],[11.920201,45.939056],[11.920606,45.937418],[11.921561,45.93618],[11.927177,45.933345],[11.929307,45.933037],[11.933051,45.933585],[11.935217,45.932945],[11.936084,45.932218],[11.937002,45.9304],[11.937907,45.929394],[11.938939,45.92877],[11.944842,45.926398],[11.945892,45.925456],[11.947465,45.922952],[11.947752,45.921936],[11.947492,45.92072],[11.942931,45.915851],[11.942013,45.914104],[11.941676,45.912782],[11.942178,45.90968],[11.944476,45.904354],[11.944782,45.89314],[11.945503,45.890971],[11.946579,45.889588],[11.948063,45.888406],[11.9574,45.882807],[11.963845,45.879286],[11.964674,45.878317],[11.967809,45.87237],[11.968814,45.871218],[11.970047,45.870288],[11.972648,45.869116],[11.982617,45.866416],[11.99095,45.865132],[11.992518,45.864634],[11.993761,45.863802],[12.004869,45.853515],[12.0061,45.851636],[12.013659,45.831913],[12.01473,45.829831],[12.042566,45.791839],[12.044742,45.78995],[12.050123,45.786791],[12.051638,45.785314],[12.052122,45.784445],[12.052428,45.783222],[12.052316,45.779044]],[[11.949561,45.655704],[11.947375,45.664262],[11.945791,45.665875],[11.94296,45.667007],[11.94166,45.66706],[11.921094,45.665213],[11.919576,45.664747],[11.918358,45.664035],[11.917464,45.663152],[11.916881,45.662007],[11.91693,45.659757],[11.923005,45.627281],[11.93432,45.589437],[11.934594,45.588178],[11.934595,45.586742],[11.932674,45.579231],[11.932084,45.577641],[11.928492,45.569524],[11.91788,45.543609],[11.90018,45.504091],[11.892117,45.468048],[11.89178,45.454652],[11.891517,45.452837],[11.890688,45.449806]],[[12.387494,46.441572],[12.388916,46.443874]]]}},{"type":"Feature","properties":{"id":7796048,"nome":"Ferrovia Tortona-Novi Ligure","uso":"","operatore":"Rete Ferroviaria Italiana","dal":"","wikipedia":"it:Ferrovia Tortona-Novi Ligure"},"geometry":{"type":"MultiLineString","coordinates":[[[8.782352,44.766399],[8.778185,44.770661],[8.776575,44.772956],[8.775367,44.776475],[8.775194,44.78029],[8.775584,44.782408],[8.776248,44.784311],[8.786102,44.804794],[8.776086,44.783802],[8.775326,44.780999],[8.775244,44.777645],[8.775721,44.775241],[8.776896,44.772444],[8.780052,44.768671],[8.783055,44.765754],[8.786012,44.763481],[8.790503,44.760955]],[[8.786102,44.804794],[8.798757,44.831059],[8.799441,44.832852],[8.800729,44.835145],[8.828257,44.892176],[8.829505,44.893702],[8.831379,44.894847],[8.83383,44.895541],[8.836266,44.895668]],[[8.787631,44.807848],[8.785861,44.804185]],[[8.782618,44.766155],[8.786423,44.763238],[8.791593,44.760294]],[[8.804794,44.843449],[8.801459,44.83667]]]}},{"type":"Feature","properties":{"id":7808741,"nome":"Torino-Modane","uso":"","operatore":"","dal":"","wikipedia":""},"geometry":{"type":"MultiLineString","coordinates":[[[7.658766,45.050832],[7.629375,45.056535],[7.623311,45.057927],[7.618435,45.059723],[7.613987,45.061819],[7.573683,45.079068],[7.568053,45.080408],[7.554925,45.081965],[7.551801,45.082557],[7.525181,45.090803],[7.52263,45.091418],[7.520091,45.091581],[7.512764,45.091174],[7.510815,45.090479],[7.508252,45.088645],[7.506202,45.08774],[7.493115,45.084802],[7.483264,45.082843],[7.479895,45.081847],[7.474442,45.079624],[7.47022,45.078935],[7.459481,45.078139],[7.455297,45.078183],[7.451306,45.078708],[7.443962,45.080394],[7.441415,45.080487],[7.435859,45.080217],[7.428356,45.081144],[7.412743,45.082493],[7.409039,45.083268],[7.395117,45.087024],[7.355195,45.10366],[7.349902,45.105341],[7.346383,45.105947],[7.34341,45.106165],[7.302777,45.107141],[7.267173,45.110437],[7.262574,45.111695],[7.237844,45.1226],[7.234634,45.123713],[7.179918,45.135919],[7.160673,45.138229],[7.151656,45.139937],[7.149035,45.140091],[7.134474,45.138682],[7.131025,45.137748],[7.129312,45.136792],[7.127992,45.135496],[7.127331,45.134566],[7.126191,45.132021],[7.12519,45.130964],[7.123683,45.130097],[7.120227,45.128781],[7.117936,45.128576],[7.113502,45.129225],[7.107212,45.128958],[7.103521,45.129545],[7.101574,45.129559],[7.090002,45.126458],[7.085879,45.126106],[7.081517,45.12511],[7.07739,45.12525],[7.062627,45.124252],[7.055725,45.125155],[7.048853,45.124604],[7.047221,45.124672],[7.044541,45.125493],[7.039848,45.12904],[7.037564,45.129871],[7.030054,45.130508],[7.022565,45.13198],[7.019526,45.133252],[7.017431,45.13365],[7.015347,45.133569],[7.007897,45.132486],[7.006435,45.13187],[7.005736,45.131249],[7.00187,45.1258],[7.000256,45.124341],[6.999051,45.123624],[6.989096,45.120096],[6.983479,45.117013],[6.979337,45.115546],[6.976075,45.114753],[6.970293,45.111652],[6.966511,45.11029],[6.961769,45.108147],[6.960457,45.107391],[6.954429,45.102753],[6.952725,45.101683],[6.943966,45.09861],[6.931698,45.09318],[6.928536,45.090694],[6.922782,45.087436],[6.913279,45.084126],[6.907605,45.079621],[6.906568,45.079012],[6.902089,45.078078],[6.896013,45.077508],[6.889092,45.074623],[6.887128,45.073235],[6.883696,45.069697],[6.87745,45.066193],[6.855462,45.052474],[6.853388,45.050941],[6.84613,45.044715],[6.843878,45.043191],[6.841322,45.041832],[6.835848,45.039826],[6.829062,45.038532],[6.824726,45.038271],[6.809107,45.037954],[6.806654,45.038072],[6.803769,45.038592],[6.7983,45.040384],[6.795881,45.040905],[6.792132,45.041346],[6.783798,45.04153],[6.781708,45.041974],[6.777383,45.043674],[6.774643,45.044389],[6.76522,45.045163],[6.752826,45.048218],[6.746863,45.050311],[6.744775,45.051301],[6.742717,45.053391],[6.741684,45.054143],[6.730478,45.059377],[6.726642,45.063015],[6.722524,45.065799],[6.72007,45.067953],[6.715909,45.070658],[6.711224,45.074696],[6.70999,45.076667],[6.70922,45.078856],[6.709111,45.080201],[6.709338,45.081544],[6.711236,45.08469],[6.711826,45.086059],[6.711828,45.087425],[6.71117,45.088886],[6.682099,45.140125]]]}},{"type":"Feature","properties":{"id":7840990,"nome":"Ferrovia Alessandria-Cavallermaggiore","uso":"","operatore":"Rete Ferroviaria Italiana","dal":"","wikipedia":"it:Ferrovia Alessandria-Cavallermaggiore"},"geometry":{"type":"MultiLineString","coordinates":[[[8.15696,44.752377],[8.15948,44.7542],[8.161351,44.755125],[8.17192,44.7586],[8.173781,44.759046],[8.178631,44.759695],[8.181881,44.760962],[8.183492,44.761362],[8.186525,44.761259],[8.190807,44.760172],[8.197462,44.759066],[8.199148,44.758416],[8.202854,44.756483],[8.206984,44.752814],[8.207737,44.751765],[8.210187,44.744712],[8.212187,44.739804],[8.212885,44.739012],[8.213965,44.738281],[8.216314,44.737253],[8.218406,44.735423],[8.221476,44.731502],[8.224469,44.728514],[8.225115,44.727409],[8.2257,44.725612],[8.228335,44.722471],[8.230245,44.721456],[8.234297,44.720698],[8.236738,44.719788],[8.244884,44.715042],[8.246221,44.713523],[8.24755,44.712567],[8.249436,44.711975],[8.25138,44.711899],[8.255095,44.712959],[8.256705,44.713121],[8.258555,44.712896],[8.261626,44.711955],[8.264623,44.712072],[8.266132,44.712507],[8.267731,44.713424],[8.268636,44.714287],[8.269984,44.716124],[8.271021,44.716879],[8.272485,44.717479],[8.274062,44.717733],[8.275941,44.717636],[8.277215,44.717278],[8.278728,44.716445],[8.280826,44.714771],[8.283399,44.714023],[8.285514,44.714114],[8.291662,44.715457],[8.297467,44.718202],[8.303126,44.719451],[8.305326,44.720518],[8.32493,44.735092],[8.332252,44.739426],[8.333865,44.740691],[8.341592,44.748472],[8.356528,44.768998],[8.358799,44.770688],[8.3648,44.77642],[8.370017,44.779376],[8.37164,44.780936],[8.380119,44.797046],[8.381268,44.798521],[8.382512,44.799427],[8.384892,44.800382],[8.386429,44.800648],[8.391617,44.799928],[8.396861,44.799834],[8.399343,44.798838],[8.407519,44.793769],[8.409007,44.793208],[8.410512,44.792969],[8.412436,44.793111],[8.414059,44.793643],[8.419912,44.7973],[8.422064,44.798095],[8.424063,44.798232],[8.429676,44.797747],[8.434988,44.797836],[8.439321,44.797966],[8.442372,44.798623],[8.444052,44.79941],[8.445053,44.800151],[8.455134,44.810368],[8.455962,44.81191],[8.457774,44.816654],[8.46291,44.821156],[8.464255,44.822761],[8.464576,44.823982],[8.464326,44.827133],[8.46529,44.828718],[8.46632,44.829499],[8.47032,44.831282],[8.472727,44.831741],[8.476359,44.831917],[8.478244,44.832699],[8.490492,44.845545],[8.491341,44.846858],[8.491766,44.848213],[8.492025,44.854754],[8.492389,44.856352],[8.493657,44.858386],[8.495742,44.860034],[8.498356,44.861188],[8.50096,44.861622],[8.511504,44.861242],[8.513626,44.860509],[8.520935,44.854976],[8.523419,44.853814],[8.526157,44.853434],[8.538965,44.853162],[8.541055,44.853414],[8.543267,44.854483],[8.548011,44.86049]],[[7.691664,44.712651],[7.692076,44.710057],[7.692174,44.707347],[7.692441,44.706507],[7.693474,44.70503],[7.69554,44.703823],[7.732082,44.69698],[7.737643,44.696193],[7.744989,44.695499],[7.754397,44.69516],[7.812063,44.695621],[7.840517,44.693571],[7.846897,44.693785],[7.850307,44.693326],[7.853056,44.69243],[7.854729,44.692237],[7.856031,44.692355],[7.857632,44.69289],[7.859597,44.694375],[7.86015,44.695419],[7.860297,44.696216],[7.859909,44.698268],[7.85999,44.699269],[7.860682,44.700568],[7.866511,44.705245],[7.867767,44.705913],[7.869534,44.706347],[7.872985,44.70657],[7.876359,44.707148],[7.879154,44.70696],[7.883508,44.705479],[7.887563,44.705235],[7.889561,44.704618],[7.891147,44.703485],[7.89235,44.701337],[7.893067,44.700533],[7.894102,44.699828],[7.895542,44.699287],[7.897056,44.69906],[7.901933,44.699],[7.904309,44.698697],[7.90949,44.696877],[7.914257,44.696466],[7.920661,44.694518],[7.924188,44.69441],[7.926906,44.693899],[7.932964,44.693512],[7.934983,44.693828],[7.940208,44.695513],[7.946703,44.698435],[7.95189,44.699874],[7.95542,44.701826],[7.958237,44.70274],[8.0008,44.708669],[8.010442,44.71138],[8.014869,44.713149],[8.018002,44.713481],[8.019489,44.713323],[8.021573,44.712649],[8.024214,44.711116],[8.025125,44.710352],[8.026454,44.708411],[8.02855,44.700672],[8.029113,44.699501],[8.032033,44.696404],[8.033776,44.695095],[8.035827,44.694569],[8.037778,44.694504],[8.039353,44.694795],[8.041443,44.695724],[8.042587,44.696769],[8.043902,44.699605],[8.045008,44.700777],[8.058972,44.709455],[8.059967,44.710621],[8.060729,44.712468],[8.061706,44.713914],[8.063099,44.715363],[8.064284,44.716063],[8.065997,44.716341],[8.067717,44.716256],[8.069338,44.715771],[8.073082,44.713833],[8.078195,44.712591],[8.080646,44.712542],[8.084462,44.713714],[8.086208,44.71477],[8.0878,44.716498],[8.089484,44.720145],[8.090397,44.721543],[8.093837,44.724458],[8.09604,44.725419],[8.097523,44.725675],[8.099391,44.725645],[8.103535,44.724722],[8.10744,44.725161],[8.108881,44.725115],[8.111198,44.724473],[8.11414,44.722951],[8.115713,44.722533],[8.118087,44.722412],[8.120882,44.723014],[8.122577,44.724074],[8.123726,44.725545],[8.124556,44.730977],[8.125047,44.732086],[8.125836,44.733011],[8.147906,44.74559],[8.156435,44.752045]]]}},{"type":"Feature","properties":{"id":7841338,"nome":"Ferrovia Asti-Castagnole delle Lanze","uso":"","operatore":"","dal":"","wikipedia":""},"geometry":{"type":"MultiLineString","coordinates":[[[8.151726,44.748617],[8.156208,44.751854],[8.157245,44.7529],[8.157675,44.753781],[8.157769,44.754666],[8.157301,44.756042],[8.156087,44.757341],[8.155235,44.757857],[8.142728,44.763008],[8.141331,44.76435],[8.139554,44.768],[8.135885,44.771537],[8.135157,44.772916],[8.135048,44.77477],[8.135467,44.775949],[8.140804,44.784925],[8.142207,44.788201],[8.142433,44.790604],[8.140975,44.800495],[8.140884,44.80213],[8.141117,44.803165],[8.141742,44.804419],[8.142927,44.805682],[8.162085,44.818156],[8.172837,44.826625],[8.173774,44.827654],[8.174683,44.829712],[8.17649,44.832469],[8.177718,44.833724],[8.189532,44.843748],[8.207168,44.86519],[8.208113,44.867073],[8.208128,44.870095],[8.208453,44.871046],[8.212762,44.877758],[8.213228,44.879199],[8.213126,44.880697],[8.211892,44.885765],[8.211542,44.886531],[8.210819,44.887338],[8.209105,44.888267],[8.208027,44.88854],[8.204664,44.888614],[8.203125,44.888987],[8.201652,44.890094],[8.201246,44.891343],[8.201636,44.892514],[8.202692,44.893442],[8.207664,44.894497]]]}},{"type":"Feature","properties":{"id":7841395,"nome":"Ferrovia Asti-Genova","uso":"","operatore":"Rete Ferroviaria Italiana","dal":"","wikipedia":"it:Ferrovia Asti-Genova"},"geometry":{"type":"MultiLineString","coordinates":[[[8.732563,44.47558],[8.732737,44.475344],[8.701967,44.529607],[8.698676,44.53337],[8.701881,44.529644],[8.732563,44.47558]],[[8.207664,44.894497],[8.215867,44.896462],[8.218391,44.89621],[8.220384,44.895272],[8.221432,44.894206],[8.224852,44.888729],[8.231319,44.87812],[8.231802,44.876619],[8.231741,44.874288],[8.231049,44.87047],[8.230436,44.868298],[8.229711,44.867092],[8.228246,44.865962],[8.225825,44.864808],[8.219178,44.860763],[8.214512,44.859371],[8.21315,44.858622],[8.212221,44.857695],[8.209183,44.85322],[8.206599,44.850678],[8.205461,44.848439],[8.204408,44.846023],[8.20445,44.844341],[8.205504,44.842772],[8.20845,44.840935],[8.209454,44.839741],[8.209679,44.838669],[8.209491,44.837125],[8.209632,44.835851],[8.210279,44.831793],[8.210605,44.830916],[8.211675,44.829651],[8.213009,44.828883],[8.21941,44.827011],[8.226255,44.824358],[8.234242,44.820387],[8.249685,44.814437],[8.251658,44.813269],[8.252889,44.811958],[8.253565,44.810505],[8.254722,44.802818],[8.254534,44.798871],[8.256244,44.794433],[8.257287,44.793],[8.271841,44.783429],[8.281626,44.777533],[8.284076,44.776854],[8.299943,44.775609],[8.30225,44.774714],[8.306962,44.771456],[8.30903,44.770658],[8.326865,44.769322],[8.33628,44.770461],[8.341916,44.771668],[8.343616,44.771752],[8.34496,44.771543],[8.351672,44.769506],[8.353358,44.769265],[8.355528,44.769362],[8.357364,44.769873],[8.358662,44.770634],[8.364377,44.776107],[8.365478,44.776893],[8.379824,44.780612],[8.383386,44.781385],[8.38498,44.781471],[8.39043,44.780578],[8.393788,44.779007],[8.398033,44.778217],[8.405595,44.775746],[8.407106,44.774711],[8.412944,44.768616],[8.414915,44.76745],[8.41712,44.767101],[8.420868,44.767379],[8.4224,44.767215],[8.426551,44.765035],[8.427777,44.764596],[8.435833,44.764078],[8.443847,44.761269],[8.445047,44.760382],[8.445893,44.759033],[8.445999,44.757504],[8.445528,44.756384],[8.443064,44.754209],[8.439801,44.752964],[8.438435,44.752129],[8.436,44.74909],[8.433811,44.747337],[8.432239,44.745555],[8.431785,44.744863],[8.431533,44.743901],[8.431937,44.741417],[8.437064,44.727582],[8.438333,44.725024],[8.441583,44.720689],[8.442841,44.719446],[8.444535,44.718519],[8.448077,44.717364],[8.450819,44.715637],[8.453885,44.71446],[8.456379,44.712335],[8.460838,44.709437],[8.46415,44.708209],[8.466274,44.707172],[8.469215,44.705014],[8.472827,44.703786],[8.4742,44.702734],[8.475475,44.700809],[8.475788,44.699922],[8.475798,44.699038],[8.475512,44.698082],[8.4735,44.695467],[8.472368,44.693433],[8.471816,44.691847],[8.471654,44.690724],[8.47212,44.68802],[8.471713,44.685886],[8.47172,44.684018],[8.471421,44.683018],[8.470545,44.681897],[8.469611,44.68124],[8.465417,44.67978],[8.4644,44.679198],[8.463721,44.678508],[8.463114,44.677452],[8.462959,44.676066],[8.463298,44.675045],[8.46409,44.674011],[8.466243,44.672739],[8.4686,44.672226],[8.475478,44.672412],[8.4802,44.672911],[8.482835,44.672422],[8.488159,44.669549],[8.493135,44.664649],[8.494257,44.663842],[8.495864,44.663188],[8.503005,44.661085],[8.50432,44.660401],[8.505996,44.659115],[8.507394,44.658517],[8.508987,44.658218],[8.513291,44.658187],[8.518116,44.657708],[8.524784,44.656514],[8.527991,44.656264],[8.530849,44.655598],[8.534254,44.655127],[8.537755,44.653608],[8.542412,44.652713],[8.548652,44.650067],[8.552474,44.64664],[8.554434,44.645341],[8.557085,44.642991],[8.558574,44.642057],[8.591887,44.623982],[8.593459,44.62339],[8.599669,44.622098],[8.60743,44.621816],[8.613342,44.622353],[8.615842,44.623219],[8.621797,44.626941],[8.623886,44.628629],[8.625306,44.629293],[8.636726,44.63093],[8.638788,44.630683],[8.640252,44.630092],[8.642607,44.62829],[8.644982,44.627126],[8.647132,44.6256],[8.651507,44.623755],[8.656109,44.620184],[8.662439,44.613257],[8.664492,44.610315],[8.664776,44.60858],[8.663714,44.605908],[8.663704,44.604497],[8.664573,44.602938],[8.666802,44.600954],[8.66744,44.599265],[8.667637,44.595657],[8.667286,44.593382],[8.66702,44.592098],[8.66561,44.588705],[8.665383,44.587595],[8.666056,44.585179],[8.667282,44.583184],[8.667267,44.578573],[8.6686,44.573772],[8.668543,44.572633],[8.667829,44.570587],[8.668069,44.566906],[8.668332,44.565839],[8.668909,44.564775],[8.672282,44.561836],[8.672993,44.560785],[8.67311,44.558726],[8.672249,44.556837],[8.672138,44.555644],[8.673393,44.551729],[8.678268,44.545273],[8.679549,44.544305],[8.682105,44.543556],[8.690556,44.543065],[8.69293,44.542049],[8.695936,44.53899],[8.696271,44.538397],[8.697058,44.535262],[8.698676,44.53337]],[[8.732737,44.475344],[8.733205,44.473587],[8.734459,44.472271],[8.73751,44.470284],[8.739255,44.467752],[8.740216,44.465409],[8.740211,44.46311],[8.740557,44.462072],[8.741436,44.460833],[8.742531,44.46014],[8.745124,44.459483],[8.746857,44.459454],[8.750383,44.46018],[8.752483,44.460227],[8.754012,44.459898],[8.757842,44.458261],[8.75934,44.458067],[8.761359,44.458293],[8.766967,44.460402],[8.768983,44.460535],[8.770709,44.46024],[8.772304,44.459513],[8.773355,44.458592],[8.775811,44.454172],[8.77683,44.453114],[8.779256,44.452179],[8.78271,44.451986],[8.784667,44.451439],[8.785399,44.450963],[8.786398,44.449099],[8.788991,44.445535],[8.790637,44.444729],[8.795789,44.443803],[8.796984,44.443181],[8.799239,44.441505],[8.800357,44.441],[8.801665,44.440802],[8.803279,44.441181],[8.811591,44.445436],[8.815089,44.448698],[8.817332,44.449433],[8.819003,44.449536],[8.820631,44.449267],[8.821541,44.448851],[8.824086,44.445895],[8.824185,44.444223],[8.823365,44.441682],[8.823345,44.440627],[8.823659,44.439757],[8.825219,44.438051],[8.826741,44.437308],[8.828698,44.436975],[8.83055,44.437036],[8.833725,44.437528],[8.835123,44.437357],[8.837256,44.436394],[8.839521,44.434293],[8.841504,44.433438],[8.844484,44.433313],[8.847881,44.434159],[8.851124,44.434451],[8.855054,44.435466],[8.857178,44.435329],[8.86124,44.434346],[8.869809,44.434972],[8.872125,44.435693],[8.876006,44.438191],[8.879154,44.438801],[8.882129,44.438736],[8.886219,44.437514],[8.888828,44.435903],[8.890761,44.434376],[8.891361,44.433236],[8.891582,44.432086],[8.891077,44.42877],[8.890311,44.426361],[8.88902,44.424244],[8.88717,44.422293],[8.885359,44.419039],[8.885106,44.417621],[8.885488,44.415808],[8.886629,44.413712],[8.888436,44.412134],[8.890391,44.411158],[8.89603,44.409287],[8.898429,44.408928],[8.900629,44.409362],[8.912261,44.414497],[8.916145,44.41674],[8.917643,44.417104],[8.922478,44.417265],[8.925164,44.417589],[8.92763,44.417317],[8.940724,44.413001],[8.942123,44.41208],[8.944632,44.409317]],[[8.889622,44.435282],[8.890858,44.434324],[8.891547,44.432825],[8.891609,44.431761],[8.891106,44.428682],[8.890555,44.426794],[8.889434,44.424775],[8.887202,44.422266],[8.88576,44.419852],[8.885152,44.41765],[8.885459,44.416033],[8.886387,44.414115],[8.887634,44.412771],[8.889535,44.411565],[8.896574,44.409163],[8.899281,44.409027],[8.900859,44.409494],[8.912134,44.414477],[8.915105,44.416406],[8.916142,44.416831],[8.918708,44.417333],[8.926155,44.417591],[8.928149,44.417197],[8.940905,44.412966],[8.94219,44.412091],[8.945653,44.408064],[8.947158,44.406936]],[[8.94489,44.409004],[8.94674,44.407306],[8.948918,44.406021],[8.950488,44.405442]]]}},{"type":"Feature","properties":{"id":7917174,"nome":"Ferrovia Avenza-Carrara","uso":"","operatore":"FFSS","dal":"","wikipedia":""},"geometry":{"type":"MultiLineString","coordinates":[[[10.092201,44.07452],[10.090113,44.073168],[10.086478,44.072207]],[[10.086458,44.072242],[10.089028,44.072935]],[[10.088663,44.072899],[10.090514,44.073425],[10.090307,44.073258]],[[10.091282,44.074347],[10.089955,44.073357],[10.088939,44.07298],[10.090589,44.073757]],[[10.08923,44.072962],[10.090705,44.073369],[10.089356,44.072811]],[[10.090705,44.073369],[10.093833,44.075446]],[[10.090514,44.073425],[10.090844,44.073698]],[[10.092973,44.074852],[10.09367,44.075558]],[[10.090377,44.073721],[10.092322,44.075109]],[[10.090577,44.073915],[10.09228,44.075141]],[[10.090906,44.073628],[10.091585,44.074198]],[[10.09215,44.074298],[10.091449,44.074006]],[[10.092272,44.074193],[10.093891,44.075229]],[[10.091095,44.07362],[10.090694,44.073241]],[[10.094137,44.075577],[10.090232,44.072912],[10.084354,44.071542],[10.079863,44.069369],[10.07491,44.067845],[10.073715,44.06701],[10.071852,44.065171],[10.070317,44.064284],[10.067696,44.063595],[10.063462,44.063567],[10.061152,44.062625],[10.060109,44.061501],[10.058704,44.059095],[10.058226,44.057497],[10.058209,44.056195],[10.058431,44.055067],[10.059203,44.053795],[10.060499,44.052556],[10.061667,44.05198]]]}},{"type":"Feature","properties":{"id":7920412,"nome":"Ferrovia Avenza-Marina di Carrara","uso":"","operatore":"","dal":"","wikipedia":""},"geometry":{"type":"MultiLineString","coordinates":[[[10.062872,44.052111],[10.06164,44.052759],[10.060579,44.052845]],[[10.063876,44.051175],[10.062502,44.052347],[10.061433,44.052787],[10.060282,44.052763],[10.058817,44.052197],[10.044374,44.04074],[10.041957,44.037523]]]}},{"type":"Feature","properties":{"id":7921989,"nome":"Ferrovia Marmifera Privata di Carrara","uso":"","operatore":"","dal":"","wikipedia":"it:Ferrovia Marmifera Privata di Carrara"},"geometry":{"type":"MultiLineString","coordinates":[[[10.102692,44.078866],[10.102746,44.079807],[10.102711,44.077423],[10.102354,44.076828],[10.101485,44.076131],[10.098114,44.075461],[10.094721,44.074257],[10.092388,44.074018],[10.091216,44.073596]],[[10.102746,44.079807],[10.102814,44.080974],[10.103656,44.081718],[10.104839,44.081871],[10.106969,44.081523],[10.108084,44.081887],[10.109693,44.082889],[10.110692,44.082845],[10.112393,44.08194],[10.114682,44.081766]],[[10.130954,44.088278],[10.129913,44.087333],[10.128384,44.086446],[10.127545,44.086252],[10.125312,44.086676],[10.11832,44.084921],[10.114125,44.084905],[10.112512,44.084498],[10.110316,44.084927],[10.108547,44.08444],[10.107514,44.084472],[10.106624,44.084908],[10.105615,44.087032],[10.10573,44.089053],[10.106298,44.090721],[10.106363,44.09299],[10.105126,44.088068],[10.104616,44.087074],[10.104845,44.084427],[10.107069,44.082747],[10.107918,44.082658],[10.10949,44.083153],[10.110163,44.083155],[10.112164,44.08211],[10.113333,44.081892]],[[10.106637,44.093377],[10.106847,44.093637]],[[10.140343,44.08185],[10.138973,44.081448]],[[10.131636,44.102157],[10.131526,44.101488],[10.134025,44.090059],[10.133759,44.089376],[10.138998,44.082304],[10.139206,44.08154],[10.136875,44.080085],[10.13542,44.079795],[10.134184,44.079985],[10.132006,44.081151],[10.128186,44.08136],[10.127365,44.081838],[10.126991,44.082453],[10.12728,44.083619],[10.128067,44.085044],[10.127773,44.0858],[10.127291,44.086215]],[[10.12336,44.081489],[10.120062,44.082606],[10.118664,44.082432],[10.116265,44.081522],[10.114604,44.081784]],[[10.113481,44.096164],[10.115047,44.096522]],[[10.133858,44.089725],[10.134113,44.09006],[10.135274,44.09064]],[[10.139206,44.08154],[10.142391,44.081645],[10.146197,44.083498],[10.149772,44.083246],[10.151325,44.083754]],[[10.106255,44.09047],[10.106363,44.09299],[10.106915,44.093602],[10.109463,44.094802],[10.110926,44.095016],[10.111898,44.095407],[10.114689,44.096778],[10.116805,44.097212],[10.119852,44.099184]],[[10.142937,44.081883],[10.141943,44.081746]],[[10.14089,44.081478],[10.142659,44.081633]]]}},{"type":"Feature","properties":{"id":8063263,"nome":"Ferrovia Civitanova Marche – Fabriano","uso":"","operatore":"Rete Ferroviaria Italiana","dal":"","wikipedia":"it:Ferrovia Civitanova Marche-Fabriano"},"geometry":{"type":"MultiLineString","coordinates":[[[13.725533,43.309093],[13.726934,43.305435],[13.726851,43.303969],[13.726228,43.302725],[13.725094,43.301668],[13.723977,43.301038],[13.722446,43.300574],[13.668577,43.290581],[13.633766,43.288547],[13.623228,43.285272],[13.610372,43.280812],[13.59303,43.279325],[13.572523,43.27927],[13.553503,43.281576],[13.549335,43.282475],[13.533715,43.287114],[13.531034,43.28763],[13.527955,43.287675],[13.51964,43.286741],[13.513554,43.287571],[13.503408,43.287027],[13.498381,43.288117],[13.496987,43.288197],[13.483755,43.28502],[13.480664,43.282865],[13.475169,43.280597],[13.469738,43.275929],[13.46648,43.274924],[13.464576,43.274822],[13.462953,43.275377],[13.458771,43.278106],[13.458079,43.279398],[13.458489,43.281501],[13.459209,43.282446],[13.460527,43.283138],[13.463264,43.283797],[13.468058,43.28433],[13.469981,43.285095],[13.470885,43.285876],[13.472004,43.287621],[13.47188,43.288706],[13.471061,43.28989],[13.469593,43.290737],[13.466395,43.291685],[13.464659,43.29164],[13.460904,43.290773],[13.458761,43.290889],[13.451336,43.295526],[13.443876,43.297515],[13.441919,43.29754],[13.440577,43.296919],[13.439853,43.295782],[13.439889,43.294887],[13.440772,43.29313],[13.440554,43.29174],[13.438385,43.289372],[13.436092,43.287555],[13.432298,43.281901],[13.431334,43.2793],[13.430485,43.277889],[13.430461,43.276361],[13.430023,43.27543],[13.428654,43.274559],[13.425667,43.273949],[13.420744,43.271346],[13.418981,43.270068],[13.416304,43.267384],[13.415957,43.266399],[13.415987,43.265435],[13.417,43.263431],[13.417839,43.262721],[13.420265,43.261712],[13.421085,43.260743],[13.421217,43.260104],[13.421019,43.259246],[13.419963,43.258266],[13.40709,43.255425],[13.389929,43.250042],[13.386118,43.247726],[13.355672,43.236886],[13.353632,43.235813],[13.345824,43.230722],[13.328096,43.223512],[13.324557,43.222546],[13.306459,43.218776],[13.299165,43.218193],[13.296865,43.217736],[13.294604,43.216884],[13.288057,43.21323],[13.286886,43.212836],[13.285299,43.212862],[13.28209,43.213423],[13.280626,43.213946],[13.277594,43.21579],[13.27456,43.216164],[13.273302,43.216535],[13.271834,43.217739],[13.271202,43.219822],[13.270462,43.22073],[13.269552,43.221282],[13.266297,43.222126],[13.264502,43.222065],[13.261572,43.220808],[13.25949,43.220478],[13.247419,43.221397],[13.242346,43.221257],[13.238405,43.22205],[13.23753,43.222448],[13.235874,43.224102],[13.233307,43.224933],[13.229628,43.227062],[13.227481,43.22897],[13.226128,43.231394],[13.22486,43.232167],[13.223443,43.232512],[13.221462,43.232506],[13.216882,43.231074],[13.209421,43.230005],[13.20126,43.228242],[13.193327,43.227405],[13.186419,43.228044],[13.18529,43.228611],[13.181254,43.231522],[13.179022,43.232302],[13.176997,43.232406],[13.170393,43.23186],[13.167718,43.231838],[13.166593,43.231493],[13.164453,43.230189],[13.163486,43.229897],[13.157095,43.230044],[13.149378,43.227061],[13.148409,43.226856],[13.14487,43.227496],[13.14148,43.227315],[13.139067,43.22592],[13.136009,43.223232],[13.133887,43.222694],[13.1331,43.222737],[13.128636,43.223962],[13.124173,43.223564],[13.115992,43.224385],[13.108947,43.222785],[13.102701,43.222479],[13.100029,43.220965],[13.098583,43.220647],[13.094904,43.221161],[13.090326,43.220622],[13.089256,43.220855],[13.087266,43.221785],[13.086032,43.221962],[13.071939,43.219825],[13.068186,43.220347],[13.066882,43.220287],[13.06495,43.219429],[13.060341,43.215273],[13.059181,43.212722],[13.058042,43.21127],[13.055869,43.209538],[13.053944,43.209059],[13.052717,43.209269],[13.05169,43.20987],[13.047458,43.21375],[13.046875,43.21471],[13.046717,43.21766],[13.046401,43.218349],[13.040314,43.223275],[13.038284,43.223718],[13.03565,43.223298],[13.030175,43.222926],[13.02863,43.22335],[13.0278,43.22405],[13.0274,43.22512],[13.027764,43.227029],[13.027408,43.227747],[13.025909,43.229585],[13.0238,43.23088],[13.019044,43.236246],[13.017092,43.246641],[13.013819,43.250121],[13.013458,43.250997],[13.013597,43.251856],[13.015609,43.255043],[13.015915,43.256318],[13.015811,43.256906],[13.01545,43.257489],[13.013702,43.25888],[13.012502,43.26144],[13.010814,43.263549],[13.010612,43.264375],[13.010761,43.26731],[13.010429,43.268622],[13.00955,43.269982],[13.007037,43.271926],[13.006144,43.272958],[13.005825,43.273871],[13.005292,43.277909],[13.004295,43.279952],[13.002832,43.282086],[12.996674,43.287005],[12.995563,43.288136],[12.992784,43.293432],[12.992217,43.295097],[12.990599,43.297894],[12.989446,43.298912],[12.98755,43.29982],[12.98658,43.30081],[12.98636,43.30131],[12.986629,43.303752],[12.986061,43.305098],[12.9852,43.305864],[12.98268,43.30734],[12.981908,43.308442],[12.981594,43.310553],[12.982098,43.312426],[12.982083,43.313199],[12.981964,43.315091],[12.981365,43.31753],[12.982354,43.319893],[12.982594,43.321232],[12.983213,43.32211],[12.984238,43.322962],[12.987901,43.324771],[12.988471,43.325246],[12.991581,43.329477],[12.996161,43.332885],[12.997532,43.334493],[12.99796,43.335823],[12.997933,43.337151],[12.99749,43.34306],[12.997019,43.344103],[12.995941,43.344747],[12.991855,43.346024],[12.985276,43.345528],[12.983391,43.345105],[12.979444,43.342876],[12.97761,43.342166],[12.96741,43.340503],[12.964358,43.340656],[12.963006,43.341116],[12.961642,43.34196],[12.958862,43.34517],[12.956561,43.347038],[12.949553,43.350818],[12.9374,43.358005],[12.932868,43.359375],[12.926092,43.359805],[12.921292,43.35919],[12.919086,43.358489],[12.916047,43.356763],[12.913179,43.354291],[12.905419,43.345502]]]}},{"type":"Feature","properties":{"id":8353811,"nome":"Ferrovia Ferrara-Modena","uso":"","operatore":"","dal":"","wikipedia":""},"geometry":{"type":"MultiLineString","coordinates":[[[11.18962,44.643216],[11.186452,44.647232],[11.186244,44.64798],[11.186374,44.648766],[11.186953,44.649559],[11.187717,44.650123],[11.192258,44.651843],[11.193811,44.653007],[11.19945,44.661907],[11.201061,44.665181],[11.221141,44.695273],[11.225219,44.702087],[11.230064,44.711171],[11.231396,44.712775],[11.233604,44.713855],[11.244061,44.716348],[11.256328,44.721399],[11.270356,44.72231],[11.275885,44.722204],[11.277158,44.722423],[11.279491,44.72356],[11.284009,44.726844],[11.285716,44.729668],[11.288195,44.732955],[11.292391,44.737267],[11.297007,44.745844],[11.301837,44.756145],[11.302728,44.757114],[11.304203,44.757779],[11.315447,44.760109],[11.321778,44.762136],[11.340227,44.768448],[11.355918,44.77481],[11.357603,44.775963],[11.365046,44.783503],[11.376757,44.794328],[11.377874,44.795035],[11.37934,44.795536],[11.381144,44.795737],[11.39215,44.795378],[11.393145,44.795545],[11.399753,44.799399],[11.403978,44.802668],[11.416053,44.806945],[11.422079,44.808252],[11.427103,44.810386],[11.429989,44.812381],[11.437427,44.815531],[11.440588,44.816562],[11.446221,44.82051],[11.450237,44.82189],[11.452803,44.822335],[11.456759,44.824121],[11.466975,44.831506],[11.471963,44.833795],[11.474675,44.834449],[11.481494,44.838185],[11.487716,44.840318],[11.493616,44.840716],[11.499908,44.8407],[11.507562,44.839664],[11.508653,44.83972],[11.528841,44.844663],[11.535083,44.846882],[11.538935,44.84796],[11.540176,44.848082],[11.541814,44.847853],[11.548459,44.8458],[11.554982,44.844373],[11.574905,44.839271],[11.59284,44.835085],[11.594447,44.834941],[11.596223,44.835225],[11.597832,44.836026],[11.603591,44.843028]],[[10.930762,44.65458],[10.933356,44.654006],[10.941292,44.65093],[10.947577,44.648976],[10.949501,44.648764],[10.951973,44.649134],[10.970961,44.656098],[10.980426,44.659268],[11.013893,44.671153],[11.029026,44.676884],[11.03063,44.677679],[11.04418,44.681359],[11.048384,44.683615],[11.050984,44.685381],[11.054857,44.689638],[11.060222,44.693953],[11.083302,44.705997],[11.084016,44.706867],[11.087581,44.713386],[11.091835,44.71947],[11.093049,44.720386],[11.094011,44.720705],[11.095216,44.720864],[11.103514,44.720824],[11.111315,44.722068],[11.12002,44.722291],[11.139443,44.725952],[11.143066,44.725903],[11.148489,44.724958],[11.149712,44.724434],[11.15074,44.723234],[11.155107,44.714435],[11.156692,44.713227],[11.158412,44.712611],[11.160214,44.712407],[11.184325,44.71329],[11.193767,44.71329],[11.195936,44.712884],[11.222215,44.705348],[11.223878,44.705196],[11.225509,44.70547],[11.226918,44.70614],[11.227712,44.706873]]]}},{"type":"Feature","properties":{"id":8375985,"nome":"Ferrovia Treviso - Montebelluna","uso":"","operatore":"Rete Ferroviaria Italiana","dal":"","wikipedia":""},"geometry":{"type":"MultiLineString","coordinates":[[[12.245223,45.659562],[12.239392,45.659578],[12.234291,45.65997],[12.232501,45.660506],[12.229323,45.662467],[12.227927,45.663037],[12.220961,45.663862],[12.218528,45.664648],[12.215694,45.667357],[12.144711,45.718426],[12.149211,45.715205]],[[12.144711,45.718426],[12.105603,45.746448],[12.053879,45.776414]]]}},{"type":"Feature","properties":{"id":8386329,"nome":"Metropolitana di Catanzaro (in costruzione)","uso":"","operatore":"","dal":"","wikipedia":""},"geometry":{"type":"MultiLineString","coordinates":[[[16.563254,38.865021],[16.564346,38.862555],[16.564925,38.861763],[16.566281,38.861076],[16.567827,38.861049],[16.574938,38.864811],[16.580606,38.866611],[16.586001,38.868707],[16.586904,38.869196],[16.58794,38.870148],[16.591295,38.87514],[16.593012,38.87696],[16.595314,38.878325],[16.601859,38.880751],[16.602877,38.88189],[16.603163,38.88327]]]}},{"type":"Feature","properties":{"id":8392524,"nome":"Funicolare di Rocca di Papa","uso":"","operatore":"","dal":"","wikipedia":"it:Funicolare di Rocca di Papa (Valle Vergine)"},"geometry":{"type":"MultiLineString","coordinates":[[[12.703522,41.760998],[12.705683,41.761244],[12.705125,41.761181]],[[12.705683,41.761244],[12.707153,41.761411]],[[12.707042,41.761432],[12.707314,41.761382],[12.707042,41.761432]],[[12.703435,41.760902],[12.703313,41.761108],[12.703751,41.761064],[12.703435,41.760902]]]}},{"type":"Feature","properties":{"id":8392525,"nome":"Funicolare di Valle Oscura","uso":"","operatore":"","dal":"","wikipedia":"it:Funicolare di Valle Oscura"},"geometry":{"type":"MultiLineString","coordinates":[[[12.703625,41.766502],[12.704141,41.763587]],[[12.703597,41.766728],[12.70343,41.766454],[12.703669,41.766476],[12.703597,41.766728]],[[12.704083,41.763641],[12.704281,41.763541],[12.704083,41.763641]]]}},{"type":"Feature","properties":{"id":8395662,"nome":"Funicolare di Regoledo","uso":"","operatore":"","dal":"","wikipedia":"it:Funicolare di Regoledo"},"geometry":{"type":"MultiLineString","coordinates":[[[9.292213,46.030438],[9.296278,46.027806]]]}},{"type":"Feature","properties":{"id":8395695,"nome":"Funicolare di Salsomaggiore","uso":"","operatore":"","dal":"","wikipedia":"it:Funicolare di Salsomaggiore"},"geometry":{"type":"MultiLineString","coordinates":[[[9.98935,44.806175],[9.989066,44.806769],[9.988457,44.807213],[9.987423,44.809007],[9.986735,44.809548],[9.986202,44.810564],[9.984758,44.811643]]]}},{"type":"Feature","properties":{"id":8400077,"nome":"Ferrovia Treviglio-Cremona","uso":"","operatore":"Rete Ferroviaria Italiana","dal":"","wikipedia":""},"geometry":{"type":"MultiLineString","coordinates":[[[10.018912,45.143127],[10.024044,45.143165],[10.029017,45.143563],[10.026091,45.143338]],[[9.608385,45.501423],[9.643213,45.48918],[9.64513,45.488118],[9.646923,45.486588],[9.648016,45.485116],[9.648788,45.483263],[9.649008,45.481843],[9.648792,45.480039],[9.631888,45.410202],[9.631748,45.408864],[9.631955,45.407279],[9.632421,45.40602],[9.633371,45.404507],[9.635065,45.402856],[9.67591,45.371763],[9.679446,45.370304],[9.695368,45.3666],[9.701836,45.364502],[9.70454,45.36291],[9.725762,45.348699],[9.771788,45.297389],[9.773131,45.296052],[9.774667,45.294951],[9.776998,45.293837],[9.780665,45.292965],[9.861707,45.282309],[9.917457,45.26755],[10.025017,45.238511],[10.027705,45.23753],[10.029776,45.236112],[10.031298,45.234206],[10.031961,45.231929],[10.035339,45.149692],[10.034958,45.147717],[10.033692,45.145943],[10.031597,45.144462],[10.029017,45.143563]],[[9.580285,45.521696],[9.579323,45.519685]]]}},{"type":"Feature","properties":{"id":8416047,"nome":"Ferrovia Modena-Pavullo","uso":"","operatore":"","dal":"","wikipedia":""},"geometry":{"type":"MultiLineString","coordinates":[[[10.858814,44.504925],[10.858964,44.505036],[10.858814,44.504925]],[[10.858934,44.50512],[10.858934,44.50512]],[[10.85832,44.519191],[10.85832,44.519191]],[[10.807604,44.469751],[10.807452,44.46968],[10.807604,44.469751]],[[10.80815,44.390474],[10.80831,44.390523],[10.80815,44.390474]],[[10.800141,44.398737],[10.800309,44.398798],[10.800141,44.398737]],[[10.795575,44.412559],[10.79581,44.412585],[10.795575,44.412559]],[[10.796592,44.413673],[10.796768,44.413701],[10.796592,44.413673]],[[10.810685,44.470419],[10.810827,44.470432],[10.810685,44.470419]],[[10.807235,44.466088],[10.807235,44.466088]],[[10.791723,44.422486],[10.791828,44.422334],[10.791723,44.422486]],[[10.795596,44.421518],[10.795847,44.421199],[10.795679,44.419172]],[[10.787996,44.449612],[10.788176,44.44969],[10.787996,44.449612]]]}},{"type":"Feature","properties":{"id":8416061,"nome":"Ferrovia Ferrandina-Matera","uso":"","operatore":"","dal":"","wikipedia":"it:Ferrovia Ferrandina-Matera"},"geometry":{"type":"MultiLineString","coordinates":[[[16.47173,40.520136],[16.470555,40.521487],[16.469682,40.523592],[16.469591,40.525371],[16.470025,40.527013],[16.470714,40.528207],[16.471761,40.529381],[16.474935,40.532257],[16.477103,40.533761],[16.52685,40.555967],[16.530973,40.558477],[16.533299,40.560648],[16.53429,40.562624],[16.53481,40.5644],[16.535138,40.56945],[16.535653,40.571602],[16.537293,40.574295],[16.548592,40.584493],[16.551607,40.589365],[16.55309,40.590838],[16.556509,40.59353],[16.557787,40.594987],[16.558649,40.596685],[16.564362,40.611391],[16.564764,40.613097],[16.565315,40.617641],[16.564925,40.619752],[16.561909,40.626724],[16.56173,40.628794],[16.562025,40.630214],[16.564728,40.637829],[16.566186,40.644071],[16.566247,40.645625],[16.565874,40.647256],[16.561715,40.657281]]]}},{"type":"Feature","properties":{"id":8590180,"nome":"Funicolare Lugano Città–Stazione","uso":"","operatore":"","dal":"","wikipedia":""},"geometry":{"type":"MultiLineString","coordinates":[[[8.947097,46.005111],[8.948661,46.004787],[8.948028,46.004934]],[[8.949644,46.00449],[8.948661,46.004787]]]}},{"type":"Feature","properties":{"id":8590566,"nome":"Funicolare Monte Brè Sezione 1","uso":"","operatore":"Società Funicolare Cassarate-Monte","dal":"","wikipedia":""},"geometry":{"type":"MultiLineString","coordinates":[[[8.970205,46.006449],[8.971584,46.006756]],[[8.970879,46.006609],[8.972286,46.006945]]]}},{"type":"Feature","properties":{"id":8970924,"nome":"Ferrovia ad alta velocità Milano – Bologna (biforcazione)","uso":"","operatore":"","dal":"","wikipedia":"it:Ferrovia Milano-Bologna (alta velocità)"},"geometry":{"type":"MultiLineString","coordinates":[[[9.3501,45.341381],[9.362222,45.33714],[9.372889,45.334439],[9.382867,45.330949],[9.389774,45.329168]],[[9.718259,45.089376],[9.719235,45.098175],[9.718778,45.100544],[9.717801,45.102654],[9.716186,45.104763],[9.712116,45.108397],[9.702628,45.114865]],[[9.70268,45.114894],[9.708568,45.111375],[9.710451,45.109972],[9.716641,45.104498],[9.718493,45.10213],[9.719382,45.100236],[9.719901,45.097739],[9.71971,45.095409],[9.71832,45.089351]],[[9.757065,45.034471],[9.768291,45.032225],[9.770206,45.031543],[9.772086,45.030469],[9.774523,45.028199],[9.777437,45.02297],[9.778828,45.021354],[9.783547,45.017165],[9.790673,45.012069]],[[9.790644,45.012036],[9.785084,45.015701],[9.780422,45.019507],[9.776696,45.023227],[9.771811,45.029456],[9.76982,45.031401],[9.767851,45.032266],[9.754093,45.035075]],[[10.011603,44.914829],[10.041258,44.900731],[10.042689,44.89941],[10.043584,44.897827],[10.043899,44.894312]],[[10.347342,44.815421],[10.348046,44.817423],[10.349177,44.81886],[10.351157,44.820173],[10.353436,44.820927],[10.35629,44.82115],[10.367006,44.819903],[10.368896,44.819851],[10.375572,44.820762],[10.381438,44.822448],[10.385192,44.822872],[10.392062,44.822364],[10.395793,44.821644],[10.398981,44.820534],[10.403995,44.818101],[10.409275,44.816033]],[[10.409235,44.815997],[10.394939,44.821518],[10.391654,44.822313],[10.388588,44.822652],[10.385673,44.822835],[10.382859,44.822666],[10.38074,44.822248],[10.375983,44.820802],[10.368762,44.819808],[10.356946,44.821065],[10.355015,44.821103],[10.353051,44.820804],[10.351468,44.820275],[10.349926,44.819413],[10.348706,44.818298],[10.347901,44.817031],[10.347312,44.815127],[10.346895,44.811427]],[[10.912336,44.68421],[10.911848,44.688606],[10.911451,44.689815],[10.910614,44.690943],[10.909433,44.691866],[10.907221,44.693069],[10.903959,44.694133],[10.902143,44.694421],[10.898072,44.69445],[10.890424,44.692959],[10.883885,44.690953],[10.87678,44.687872]],[[11.095135,44.584686],[11.103296,44.582177],[11.111899,44.580122],[11.124476,44.57512]],[[10.876723,44.687903],[10.882428,44.690652],[10.887733,44.692636],[10.895582,44.69459],[10.899914,44.694832],[10.904495,44.694142],[10.907277,44.693129],[10.909462,44.691903],[10.910665,44.690957],[10.911535,44.689842],[10.911937,44.68861],[10.912207,44.686338]],[[11.124817,44.574949],[11.112304,44.579373],[11.103773,44.581467],[11.095112,44.58466]],[[11.294817,44.517445],[11.31812,44.511376],[11.328568,44.508065],[11.339573,44.506807],[11.349008,44.505452]],[[11.349064,44.505398],[11.328132,44.508126],[11.321198,44.510366],[11.294098,44.517557]],[[10.043846,44.891026],[10.043639,44.897406],[10.042752,44.899175],[10.041818,44.90005],[10.01156,44.914796]],[[9.387866,45.329544],[9.374396,45.331855],[9.369585,45.333072],[9.364765,45.33484],[9.356042,45.33902],[9.35006,45.341342]]]}},{"type":"Feature","properties":{"id":9180193,"nome":"Ferrovia Firenze-Lucca","uso":"","operatore":"","dal":"","wikipedia":""},"geometry":{"type":"MultiLineString","coordinates":[[[10.506101,43.837201],[10.616066,43.831828],[10.61998,43.831057],[10.623491,43.829889],[10.649897,43.818279],[10.652913,43.817127],[10.657613,43.816014],[10.665869,43.81486],[10.668027,43.814946],[10.669247,43.815332],[10.671984,43.816908],[10.677701,43.82053],[10.679291,43.821754],[10.685827,43.830498],[10.694629,43.839584],[10.695479,43.841265],[10.695348,43.843087],[10.694191,43.845012],[10.692664,43.846154],[10.688272,43.84843],[10.683439,43.852438],[10.681922,43.854388],[10.681346,43.855644],[10.676231,43.872747],[10.675948,43.874586],[10.676157,43.876176],[10.67817,43.88188],[10.679856,43.883888],[10.68381,43.886096],[10.686294,43.886788],[10.687856,43.886802],[10.689595,43.886475],[10.70528,43.881931],[10.709136,43.881174],[10.738556,43.880601],[10.763619,43.882143],[10.76706,43.881867],[10.774582,43.880618],[10.786264,43.878274],[10.791384,43.877939],[10.794172,43.878211],[10.799154,43.879293],[10.803231,43.881031],[10.805428,43.8825],[10.81787,43.892723],[10.819447,43.894445],[10.820262,43.895962],[10.820656,43.89747],[10.821002,43.900787],[10.821961,43.902932],[10.824017,43.905122],[10.826739,43.906679],[10.829315,43.907529],[10.833819,43.908155],[10.846462,43.907331],[10.850478,43.90773],[10.897652,43.924059],[10.903059,43.925514],[10.908967,43.926325],[10.903563,43.925581],[10.89854,43.924281],[10.85061,43.907729],[10.846761,43.907287],[10.837208,43.907996],[10.833283,43.908075],[10.829324,43.907487],[10.826766,43.906639],[10.824092,43.905106],[10.822002,43.902918],[10.821045,43.900785],[10.820458,43.896367],[10.819737,43.894805],[10.818768,43.893521],[10.805216,43.882275]],[[10.610737,43.832244],[10.61533,43.831965],[10.619251,43.831281],[10.622653,43.830253],[10.626612,43.828568]],[[10.908967,43.926325],[10.94007,43.928926],[10.953377,43.928366],[10.960397,43.927336],[10.997905,43.917383],[11.002536,43.915794],[11.007552,43.913419],[11.014496,43.909242],[11.020725,43.90444],[11.022909,43.903083],[11.025085,43.901941],[11.028577,43.900579],[11.061882,43.893438],[11.077498,43.89104],[11.080573,43.89018],[11.093806,43.885562],[11.102395,43.883637],[11.104596,43.882492],[11.119402,43.871236],[11.13086,43.864773],[11.139432,43.859221],[11.14397,43.85698],[11.164641,43.848072],[11.18085,43.840733],[11.184667,43.838532],[11.1941,43.83199],[11.19982,43.828724],[11.212533,43.822854],[11.217394,43.820198],[11.222534,43.816439],[11.228431,43.811736],[11.230099,43.809666],[11.235005,43.801972],[11.237226,43.798859]],[[10.790788,43.877911],[10.793631,43.878084],[10.799137,43.879238],[10.802511,43.880577],[10.805051,43.882154]],[[10.7766,43.880218],[10.784381,43.878515],[10.78917,43.877986]]]}},{"type":"Feature","properties":{"id":9328966,"nome":"Ferrovia Pisa-Tirrenia-Livorno","uso":"","operatore":"","dal":"1932","wikipedia":"it:Ferrovia Pisa-Tirrenia-Livorno"},"geometry":{"type":"MultiLineString","coordinates":[[[10.310492,43.528103],[10.31635,43.531184],[10.322347,43.533272],[10.323221,43.534167],[10.323438,43.535281],[10.322562,43.537341],[10.32265,43.538367],[10.327347,43.544767],[10.327828,43.546389],[10.326687,43.558975],[10.322797,43.568207],[10.32272,43.569225],[10.323577,43.570671],[10.324917,43.571491],[10.331998,43.572731],[10.33549,43.574908],[10.335978,43.575815],[10.336761,43.578527],[10.336772,43.582841],[10.336469,43.585342],[10.336001,43.586478],[10.334774,43.587514],[10.333006,43.588483],[10.330474,43.589183],[10.327137,43.588979],[10.322727,43.586773],[10.32136,43.586422],[10.316248,43.585833],[10.313957,43.585155],[10.308448,43.584191],[10.303643,43.583871],[10.301914,43.584521],[10.301205,43.585157],[10.296355,43.603751],[10.295268,43.608478],[10.294754,43.611908],[10.294664,43.614032],[10.295318,43.634647],[10.295058,43.637666],[10.294092,43.641896],[10.2933,43.644077],[10.290965,43.648595],[10.276031,43.674245],[10.275839,43.674917],[10.275978,43.675809],[10.276411,43.676428],[10.277208,43.677003],[10.278102,43.677381],[10.279101,43.677455],[10.318868,43.674892],[10.322729,43.675053],[10.326916,43.675888],[10.329223,43.676682],[10.331814,43.677936],[10.349358,43.688435],[10.350523,43.689372],[10.356004,43.692732],[10.357426,43.693296],[10.367679,43.699452],[10.38131,43.707124]],[[10.381548,43.707239],[10.386357,43.709175],[10.387677,43.710367],[10.389873,43.711113],[10.390751,43.711225],[10.397155,43.710841]]]}},{"type":"Feature","properties":{"id":9606361,"nome":"Ex ferrovia Rimini-San Marino","uso":"","operatore":"","dal":"","wikipedia":"it:Ferrovia Rimini-San Marino"},"geometry":{"type":"MultiLineString","coordinates":[[[12.458261,43.940966],[12.458335,43.941103],[12.458261,43.940966]],[[12.469941,43.952043],[12.469941,43.952043]],[[12.474556,43.967386],[12.474723,43.967382],[12.474556,43.967386]],[[12.491696,43.981127],[12.491696,43.981127]],[[12.532507,43.989864],[12.532691,43.989836],[12.532507,43.989864]],[[12.587383,44.057992],[12.587531,44.05797],[12.587383,44.057992]],[[12.449012,43.9313],[12.449867,43.930301],[12.452087,43.929612],[12.452601,43.928936],[12.452324,43.928361],[12.451461,43.928062],[12.450662,43.928259],[12.450111,43.928929]],[[12.442207,43.937837],[12.442718,43.93684],[12.446215,43.93343],[12.447095,43.931454],[12.448046,43.930562],[12.448941,43.930096]],[[12.442126,43.939194],[12.441977,43.938784],[12.442177,43.937951]],[[12.443086,43.939805],[12.444016,43.939865],[12.444587,43.939564],[12.444804,43.93919],[12.444709,43.938595],[12.44389,43.93746],[12.442093,43.936639]],[[12.444183,43.940472],[12.441069,43.939483],[12.439996,43.938431],[12.439829,43.937692]],[[12.454013,43.939549],[12.456045,43.938031],[12.456114,43.937204],[12.453859,43.93569],[12.452132,43.935539],[12.451142,43.935957],[12.450612,43.936563],[12.450576,43.938382],[12.449582,43.94019],[12.446557,43.941343],[12.445358,43.941335]],[[12.453715,43.939664],[12.452641,43.939829],[12.452183,43.940223],[12.452159,43.9409],[12.452771,43.941403]],[[12.454741,43.940521],[12.45432,43.941148],[12.45385,43.941409]],[[12.460545,43.939279],[12.460897,43.938431],[12.460141,43.937791],[12.459027,43.937839],[12.4584,43.938582]],[[12.458399,43.940689],[12.457702,43.941463]],[[12.458777,43.946207],[12.456582,43.945279]],[[12.46047,43.948088],[12.460952,43.948527],[12.461896,43.948678],[12.463548,43.947614],[12.46477,43.947285]],[[12.470385,43.951637],[12.472539,43.950637],[12.472613,43.95015],[12.472337,43.949709],[12.471158,43.949503],[12.468879,43.950449],[12.467009,43.950172],[12.466164,43.949607],[12.466114,43.948356],[12.465848,43.947778]],[[12.468536,43.954583],[12.470601,43.954691],[12.471816,43.954413],[12.474975,43.954396],[12.47565,43.954064],[12.476554,43.952675],[12.47785,43.951664],[12.482478,43.951611],[12.484286,43.950867],[12.484904,43.950946],[12.485462,43.951305],[12.485604,43.951979],[12.485058,43.95253],[12.482401,43.952821],[12.48166,43.953235],[12.481423,43.953701],[12.48141,43.955014]],[[12.481347,43.955118],[12.481065,43.956342],[12.482629,43.959969],[12.482255,43.960905],[12.481224,43.961448],[12.478089,43.961793],[12.476063,43.9616],[12.472728,43.961685],[12.471814,43.963178],[12.471263,43.965285],[12.474328,43.967314],[12.476293,43.968184],[12.478354,43.96859],[12.481121,43.968253],[12.481821,43.968488],[12.482186,43.968956],[12.482091,43.969695],[12.481514,43.970014],[12.480713,43.970023],[12.480029,43.969766],[12.479691,43.96937],[12.479702,43.968725],[12.479995,43.968241],[12.481078,43.967651],[12.48204,43.967714],[12.482593,43.967998],[12.483042,43.968657],[12.483012,43.969777],[12.483488,43.972607],[12.485838,43.974576],[12.48696,43.9762],[12.489547,43.978185],[12.490919,43.980383],[12.494047,43.98262]],[[12.49455,43.98305],[12.498439,43.986272],[12.501545,43.988463],[12.502566,43.988979],[12.503774,43.989163]],[[12.514619,43.989304],[12.508934,43.989915]],[[12.520267,43.989051],[12.5239,43.988976]],[[12.534036,43.990292],[12.528836,43.988954]],[[12.537291,43.99233],[12.53768,43.992797]],[[12.538812,43.994138],[12.537989,43.993135]],[[12.53886,43.9942],[12.539932,43.995474]],[[12.542196,43.998602],[12.541958,43.998247]],[[12.543701,44.000866],[12.543268,44.000192]],[[12.551625,44.009963],[12.544895,44.002724]],[[12.55318,44.011613],[12.559323,44.017983]],[[12.568263,44.027394],[12.568699,44.02783]],[[12.570652,44.029854],[12.569297,44.028449]],[[12.572662,44.031915],[12.571959,44.03127]],[[12.580008,44.039839],[12.582488,44.04251]],[[12.584681,44.044885],[12.583168,44.043253]],[[12.585086,44.045317],[12.585191,44.045418]],[[12.585338,44.045584],[12.586597,44.047324]],[[12.587298,44.049377],[12.586865,44.047897]],[[12.587412,44.050041],[12.587413,44.05013]],[[12.58742,44.051353],[12.587422,44.050806]],[[12.587448,44.052292],[12.587473,44.053524]],[[12.588043,44.055511],[12.587599,44.054396]],[[12.587959,44.057105],[12.588064,44.055722]],[[12.587218,44.057993],[12.587695,44.05755]],[[12.464792,43.953545],[12.464477,43.953025],[12.465014,43.952271],[12.466672,43.952085],[12.468444,43.952613],[12.469183,43.95242],[12.470394,43.951631]]]}},{"type":"Feature","properties":{"id":9950349,"nome":"Ferrovia Bassano - Camposampiero","uso":"","operatore":"Rete Ferroviaria Italiana","dal":"","wikipedia":""},"geometry":{"type":"MultiLineString","coordinates":[[[11.925931,45.562963],[11.926287,45.564517],[11.929749,45.572689],[11.930029,45.574011],[11.93001,45.575],[11.929578,45.576079],[11.928758,45.577],[11.927765,45.577651],[11.875419,45.597912],[11.794329,45.632554],[11.7924,45.633618],[11.790813,45.634974],[11.789685,45.636528],[11.789087,45.638095],[11.78893,45.639293],[11.789219,45.641651],[11.79168,45.653689],[11.792247,45.655054],[11.795279,45.659932],[11.79576,45.661488],[11.795819,45.663231],[11.782015,45.711746],[11.78086,45.713758],[11.772242,45.725355],[11.742973,45.761054],[11.74239,45.762347],[11.741239,45.767694]],[[11.742264,45.762864],[11.741271,45.767267]],[[11.925874,45.562695],[11.929452,45.571278],[11.929947,45.573272]],[[11.926441,45.564403],[11.929452,45.571278]],[[11.928029,45.567737],[11.92703,45.565453]],[[11.789105,45.640381],[11.789128,45.640492]]]}},{"type":"Feature","properties":{"id":9951515,"nome":"Ferrovia Civitavecchia-Capranica","uso":"","operatore":"Rete Ferroviaria Italiana","dal":"","wikipedia":"it:Ferrovia Civitavecchia-Orte"},"geometry":{"type":"MultiLineString","coordinates":[[[12.157051,42.241595],[12.156997,42.240425],[12.156302,42.239323],[12.155062,42.238573],[12.153162,42.238254],[12.150827,42.238598],[12.143119,42.241806],[12.14122,42.242012],[12.139043,42.241681],[12.136933,42.240645],[12.135214,42.238974],[12.134763,42.238171],[12.134335,42.235927],[12.133657,42.234964],[12.132735,42.234313],[12.131463,42.233976],[12.128989,42.23437],[12.126132,42.236412],[12.124644,42.237083],[12.117557,42.238258],[12.115448,42.238082],[12.100499,42.234586],[12.09714,42.234566],[12.095038,42.235209],[12.093359,42.236261],[12.085879,42.244679],[12.084547,42.245477],[12.08279,42.246032],[12.079985,42.246045],[12.077892,42.245363],[12.072158,42.240794],[12.07118,42.240272],[12.069051,42.239886],[12.066897,42.240296],[12.065498,42.241141],[12.060909,42.24634],[12.06046,42.247512],[12.059245,42.252914],[12.058034,42.254906],[12.056285,42.256401],[12.053694,42.257584],[12.042013,42.261076],[12.027607,42.267517],[12.025344,42.268061],[12.023215,42.26816],[12.019796,42.267631],[12.017873,42.266625],[12.01657,42.265101],[12.015558,42.264354],[12.013521,42.263728],[12.011769,42.26381],[12.007435,42.265022],[12.005024,42.264743],[11.997166,42.261525],[11.98625,42.253452],[11.985195,42.25242],[11.982259,42.246538],[11.98188,42.245226],[11.981791,42.238675],[11.98143,42.237069],[11.979495,42.232409],[11.978721,42.231455],[11.977071,42.230284],[11.966647,42.22715],[11.964065,42.226731],[11.961404,42.226871],[11.956936,42.228166],[11.951442,42.228782],[11.947706,42.230401],[11.945618,42.230799],[11.938304,42.229698],[11.933998,42.227559],[11.93068,42.225262],[11.929144,42.2247],[11.927651,42.224624],[11.926618,42.224827],[11.922895,42.226752],[11.921758,42.226881],[11.920169,42.226619],[11.906251,42.218764],[11.903928,42.216398],[11.900436,42.214021],[11.898693,42.2135],[11.894905,42.213171],[11.893184,42.212323],[11.890201,42.208672],[11.888152,42.205065],[11.886832,42.203933],[11.885449,42.203406],[11.874708,42.201964],[11.869034,42.198312],[11.861414,42.195121],[11.855402,42.189867],[11.85186,42.18805],[11.850858,42.18725],[11.847952,42.183974],[11.845633,42.178486],[11.84432,42.176358],[11.843307,42.175607],[11.840689,42.174437],[11.838726,42.172961],[11.837112,42.172456],[11.834145,42.172423],[11.82824,42.173251],[11.826785,42.17327],[11.819321,42.170384],[11.816987,42.169988],[11.814257,42.169932],[11.81271,42.169437],[11.812019,42.16895],[11.811475,42.168189],[11.809878,42.165235],[11.809696,42.164427],[11.809844,42.163605],[11.811604,42.161375],[11.812076,42.160165],[11.811801,42.158744],[11.810178,42.156625],[11.809746,42.155426],[11.81003,42.152238],[11.809758,42.149903],[11.805555,42.141173],[11.804001,42.140072],[11.80254,42.139812],[11.798602,42.139552],[11.794381,42.139862],[11.79278,42.139591],[11.789974,42.138193],[11.788256,42.136687],[11.787397,42.135591],[11.786574,42.133204],[11.784736,42.122132],[11.784944,42.120894],[11.786001,42.118097]]]}},{"type":"Feature","properties":{"id":10071532,"nome":"Linea Messina Centrale - Palermo Centrale / Bivio Terme Vigliatore - Patti-San Piero Patti","uso":"","operatore":"Rete Ferroviaria Italiana","dal":"","wikipedia":"it:Ferrovia Palermo-Messina"},"geometry":{"type":"MultiLineString","coordinates":[[[14.104088,38.015258],[14.106258,38.014562],[14.107347,38.014464],[14.112609,38.015113],[14.115599,38.015807],[14.117655,38.015871],[14.122614,38.016634],[14.129618,38.016815],[14.133012,38.017703],[14.142381,38.022441],[14.14527,38.024196],[14.147655,38.024474],[14.154654,38.023461],[14.163002,38.020895],[14.168457,38.018438],[14.169857,38.01804],[14.182775,38.017909],[14.185435,38.017327],[14.192198,38.015158],[14.195098,38.014656],[14.19744,38.014708],[14.200216,38.015295],[14.202494,38.01508],[14.205283,38.014448],[14.211272,38.014312],[14.213043,38.013731],[14.215058,38.012553],[14.216152,38.012163],[14.217282,38.012],[14.220191,38.012387],[14.221712,38.012275],[14.224826,38.011495],[14.227485,38.010158],[14.230128,38.009642],[14.234175,38.00939],[14.241745,38.009374],[14.24883,38.010518],[14.250581,38.00993],[14.252942,38.008118],[14.254662,38.00778],[14.260023,38.008329],[14.265404,38.008051],[14.271675,38.009796],[14.274076,38.010082],[14.281388,38.008849],[14.284649,38.007375],[14.28584,38.007043],[14.288017,38.006796],[14.296656,38.00675],[14.300249,38.007563],[14.304684,38.007834],[14.308774,38.007709],[14.314242,38.008226],[14.320629,38.010433],[14.32672,38.01125],[14.335881,38.015138],[14.338378,38.016408],[14.345925,38.018586],[14.348236,38.018586],[14.349811,38.018267],[14.353051,38.016959],[14.356352,38.01493],[14.357798,38.014593],[14.365623,38.014033],[14.375044,38.015719],[14.37706,38.016362],[14.382255,38.018724],[14.385488,38.019484],[14.39058,38.021632],[14.391954,38.021932],[14.395262,38.022058],[14.398979,38.022561],[14.401728,38.023284],[14.403239,38.023913],[14.411057,38.028171],[14.420876,38.032869],[14.430313,38.036166],[14.432148,38.036592],[14.434668,38.036699],[14.438416,38.036189],[14.440186,38.035769],[14.448078,38.03288],[14.449953,38.032395],[14.463082,38.032359],[14.467835,38.033092],[14.471535,38.032093],[14.472874,38.031935],[14.478972,38.032999],[14.483465,38.034313],[14.488638,38.035433],[14.492282,38.035874],[14.496092,38.037003],[14.500267,38.037504],[14.503222,38.038354],[14.506767,38.038726],[14.51152,38.040236],[14.516462,38.040417],[14.525898,38.041759],[14.530343,38.04354],[14.533104,38.044184],[14.535638,38.045428],[14.539503,38.046584],[14.545312,38.049612],[14.550234,38.053619],[14.551932,38.054736],[14.562978,38.058719],[14.566347,38.059209],[14.571003,38.058314],[14.58158,38.057693],[14.591485,38.058846],[14.596345,38.059657],[14.598391,38.060461],[14.60164,38.061253],[14.609617,38.065173],[14.612044,38.065993],[14.61732,38.066516],[14.621655,38.067692],[14.626831,38.068506],[14.637451,38.07175],[14.644544,38.075916],[14.649737,38.079958],[14.65195,38.080853],[14.658326,38.082546],[14.662035,38.084413],[14.66795,38.086523],[14.670144,38.08825],[14.672423,38.091349],[14.680105,38.097508],[14.681977,38.098632],[14.685829,38.100363],[14.68816,38.101942],[14.695061,38.109185],[14.702622,38.116319],[14.704186,38.118538],[14.706573,38.122792],[14.71094,38.125881],[14.716188,38.130901],[14.717662,38.132693],[14.720715,38.137246],[14.724082,38.139913],[14.740707,38.156169],[14.742628,38.15728],[14.746661,38.158369],[14.752582,38.157967],[14.759004,38.156747],[14.765797,38.153448],[14.767495,38.152896],[14.769576,38.152816],[14.774839,38.153859],[14.777622,38.153643],[14.780393,38.153039],[14.783028,38.151567],[14.785437,38.150733],[14.78679,38.150514],[14.78835,38.1506],[14.821566,38.159139],[14.829202,38.159057],[14.832137,38.159591],[14.84802,38.164894],[14.854911,38.167752],[14.856677,38.168282],[14.859736,38.168326],[14.870435,38.167617],[14.874852,38.167606],[14.879753,38.16811],[14.886201,38.169569],[14.888929,38.170869],[14.893945,38.174195],[14.89479,38.175024],[14.895894,38.176707],[14.901135,38.181844],[14.90631,38.183996],[14.913049,38.188249],[14.914359,38.188896],[14.916477,38.189548],[14.918429,38.189536],[14.920686,38.188877],[14.921681,38.188286],[14.923833,38.186153],[14.925821,38.184586],[14.938642,38.179222],[14.940002,38.17848],[14.941071,38.177516],[14.948719,38.168815],[14.953759,38.165476],[14.957982,38.160584],[14.960823,38.158642],[14.964666,38.152978],[14.96909,38.149665],[14.971166,38.148511],[14.975816,38.146746],[15.001759,38.138502],[15.023334,38.130764],[15.042013,38.12341],[15.057627,38.116613],[15.063381,38.114581],[15.068561,38.113167],[15.075135,38.111872],[15.081888,38.111089],[15.08749,38.110851],[15.093126,38.110969],[15.099683,38.111584],[15.121054,38.114984],[15.129064,38.11662],[15.135163,38.118385],[15.138455,38.119571],[15.146434,38.123184],[15.155492,38.128635],[15.166336,38.134416],[15.178259,38.143693],[15.180428,38.145134],[15.206712,38.157402],[15.20822,38.158352],[15.209931,38.159824],[15.217025,38.168602],[15.223939,38.176126],[15.225276,38.178816],[15.228047,38.18889],[15.228803,38.190598],[15.229859,38.192205],[15.231338,38.193833],[15.232905,38.195121],[15.234949,38.196374],[15.237201,38.19734],[15.242768,38.19886],[15.246896,38.199196],[15.271054,38.196187],[15.27444,38.196154],[15.27769,38.196727],[15.283353,38.198794],[15.285861,38.199346],[15.299445,38.200313],[15.326327,38.204637],[15.329754,38.204703],[15.335767,38.204073],[15.33885,38.20421],[15.341437,38.204721],[15.346263,38.206122],[15.353867,38.20698],[15.365462,38.20972],[15.372981,38.212993],[15.377932,38.214813],[15.379766,38.215838],[15.381246,38.217023],[15.386054,38.221826],[15.390083,38.223845],[15.405579,38.228232],[15.414491,38.231699],[15.417344,38.232225],[15.426542,38.232929],[15.438261,38.235908],[15.441606,38.236206],[15.447647,38.235693],[15.450931,38.234633],[15.45533,38.232512],[15.532071,38.172373],[15.534289,38.170759],[15.536953,38.169358],[15.539437,38.168658],[15.545644,38.16802],[15.547785,38.168098],[15.549585,38.168799],[15.550709,38.169854],[15.557468,38.17874],[15.561736,38.185507]],[[13.367518,38.109156],[13.369,38.107228],[13.369851,38.106525],[13.372828,38.105197],[13.396198,38.090908],[13.398009,38.090178],[13.407948,38.087217],[13.411657,38.086347],[13.496686,38.086727],[13.4998,38.087322],[13.512722,38.091492],[13.515787,38.091711],[13.518855,38.091068],[13.520499,38.090295],[13.521976,38.089267],[13.529621,38.083586],[13.530995,38.082108],[13.531638,38.080852],[13.532045,38.078962],[13.532608,38.069905],[13.53248,38.065928],[13.532999,38.063952],[13.534328,38.06215],[13.53772,38.059845],[13.540455,38.05645],[13.543792,38.0536],[13.545857,38.052191],[13.556039,38.047536],[13.557972,38.046364],[13.559654,38.044936],[13.564808,38.03922],[13.567598,38.037374],[13.575245,38.034308],[13.583026,38.031862],[13.591271,38.026915],[13.592377,38.026436],[13.594225,38.02604],[13.59824,38.025789],[13.600373,38.02487],[13.614797,38.014083],[13.616726,38.01224],[13.620509,38.007842],[13.623592,38.005674],[13.62712,38.004385],[13.637356,38.002252],[13.650878,37.997426],[13.657117,37.995925],[13.661979,37.993956],[13.667053,37.993521],[13.674424,37.994124],[13.676158,37.993788],[13.678476,37.992756],[13.680257,37.992264],[13.685509,37.991992],[13.689498,37.991145],[13.69732,37.990265],[13.69965,37.989018],[13.700831,37.987636],[13.701268,37.986138],[13.701062,37.983449],[13.701793,37.981902],[13.704025,37.979674],[13.706502,37.978253],[13.709883,37.97709],[13.716902,37.97624],[13.721865,37.97496],[13.729364,37.9748],[13.73402,37.974001],[13.735901,37.973384],[13.739408,37.971618],[13.74317,37.968825],[13.744567,37.968058],[13.749991,37.966593],[13.765384,37.965162],[13.767796,37.965206],[13.773516,37.966657],[13.780858,37.967498],[13.796695,37.969861],[13.799509,37.970775],[13.805075,37.973522],[13.816164,37.976641],[13.820043,37.976881],[13.827402,37.976034],[13.829977,37.976208],[13.832222,37.976679],[13.869308,37.990262],[13.88524,37.99519],[13.892875,37.997902],[13.922059,38.008713],[13.928676,38.011587],[13.931043,38.01219],[13.938583,38.013498],[13.972805,38.024706],[13.983093,38.026575],[13.984681,38.027186],[13.987189,38.028755],[13.988201,38.029148],[13.992201,38.03],[13.995874,38.030338],[13.999773,38.031498],[14.005342,38.031771],[14.008571,38.031468],[14.019274,38.032808],[14.023593,38.034387],[14.025431,38.034768],[14.029222,38.035133],[14.033912,38.035049],[14.035222,38.034727],[14.036653,38.033859],[14.037379,38.032982],[14.038828,38.030334],[14.040605,38.029074],[14.047812,38.026512],[14.053556,38.023139],[14.056823,38.022049],[14.05984,38.020743],[14.062625,38.018722],[14.063743,38.018261],[14.073897,38.017619],[14.077413,38.018066],[14.081138,38.018197],[14.084697,38.019097],[14.087839,38.019228],[14.09064,38.018655],[14.092433,38.017647],[14.096361,38.016646],[14.098706,38.015737],[14.100146,38.015388],[14.103641,38.015319]],[[13.703528,37.980207],[13.706199,37.978475],[13.709898,37.977124],[13.716919,37.97627],[13.722195,37.974948],[13.729637,37.974818],[13.73432,37.973953],[13.736547,37.973116],[13.739311,37.9717],[13.744312,37.968213],[13.746275,37.967499],[13.750306,37.966586],[13.767059,37.965188],[13.773972,37.966827],[13.795491,37.969663],[13.799483,37.970804],[13.805058,37.97355],[13.815727,37.976593],[13.82005,37.976916],[13.827433,37.976069],[13.82996,37.97624],[13.832543,37.976815],[13.869289,37.990297],[13.885199,37.995217],[13.892845,37.997936],[13.922047,38.008738],[13.928289,38.011491],[13.931043,38.012226],[13.938502,38.013534],[13.972789,38.024746],[13.981903,38.026346]],[[13.367637,38.109209],[13.369094,38.107302],[13.370019,38.10653],[13.373073,38.105098],[13.396232,38.090944],[13.398027,38.090212],[13.409236,38.08688],[13.411649,38.086382],[13.496136,38.08674],[13.499628,38.087299],[13.512814,38.091547],[13.515833,38.091749],[13.518814,38.091138],[13.520896,38.0901],[13.528992,38.084121],[13.530296,38.083005],[13.531438,38.081461],[13.532128,38.07866],[13.532677,38.069419],[13.532592,38.065422],[13.533076,38.063895],[13.533827,38.062759],[13.534943,38.061707],[13.537819,38.059803],[13.540669,38.056345],[13.54471,38.052949],[13.546227,38.052062],[13.556078,38.047603],[13.558285,38.04618],[13.560204,38.04441],[13.564511,38.03954],[13.566472,38.038045],[13.56926,38.036681],[13.576714,38.033816],[13.583191,38.032005],[13.588173,38.029202],[13.590619,38.027354],[13.592199,38.026539],[13.59404,38.026096],[13.598257,38.025831],[13.600027,38.025102],[13.613988,38.014868],[13.616429,38.012664],[13.620788,38.00764],[13.622531,38.006318],[13.624528,38.005276],[13.627476,38.00435],[13.637094,38.002354],[13.650963,37.997439],[13.657138,37.995986],[13.661999,37.993993],[13.667075,37.993542],[13.674484,37.994167],[13.6765,37.993716],[13.68008,37.992337],[13.685601,37.992027],[13.689878,37.991128],[13.696185,37.990527],[13.697635,37.990198],[13.6997,37.989037],[13.700801,37.987772],[13.701311,37.98614],[13.701078,37.98395],[13.701224,37.983008],[13.701846,37.98193],[13.703351,37.980361]],[[15.562614,38.187074],[15.560318,38.183893],[15.558745,38.180839],[15.557277,38.178547],[15.550503,38.169667],[15.549555,38.168825],[15.547762,38.168136],[15.545644,38.16806],[15.539413,38.168711],[15.536966,38.169387],[15.534316,38.170783],[15.53211,38.172393],[15.455349,38.232534],[15.450977,38.234663],[15.44767,38.235732],[15.442365,38.236237],[15.438805,38.236032],[15.42653,38.232967],[15.417337,38.232262],[15.414471,38.231737],[15.405561,38.22826],[15.390059,38.223869],[15.386041,38.221855],[15.3812,38.217036],[15.37973,38.215864],[15.377931,38.214846],[15.372948,38.213026],[15.365443,38.209752],[15.353853,38.207011],[15.346249,38.206157],[15.341415,38.20475],[15.338843,38.204241],[15.335769,38.204105],[15.33023,38.20471],[15.326942,38.204727],[15.298217,38.200188],[15.286375,38.19945],[15.283341,38.19883],[15.27768,38.196759],[15.274881,38.19623],[15.270492,38.196289],[15.2469,38.199233],[15.242759,38.198891],[15.237181,38.197372],[15.234925,38.196401],[15.232879,38.195146],[15.231298,38.193853],[15.22963,38.191973],[15.228003,38.188896],[15.225347,38.1792],[15.224257,38.176685],[15.223225,38.175293],[15.216981,38.16862],[15.210533,38.160545],[15.208193,38.158376],[15.205096,38.156647],[15.180404,38.145156],[15.178227,38.143708],[15.166984,38.134871],[15.158893,38.130629],[15.15552,38.129751],[15.148689,38.129599],[15.146122,38.128764],[15.143275,38.127395],[15.139193,38.126567],[15.143436,38.127336],[15.146849,38.128962],[15.148392,38.129317],[15.150375,38.129218],[15.153967,38.128121],[15.156689,38.128271],[15.158511,38.129282],[15.161025,38.131402],[15.164618,38.133479]],[[14.97228,38.148082],[14.979334,38.145958],[14.98908,38.144817],[14.990438,38.144167],[14.993149,38.141664],[14.994375,38.141148],[14.996264,38.140883],[14.99881,38.141462],[15.002915,38.14391],[15.004315,38.144436],[15.008949,38.145089],[15.026008,38.14961],[15.028572,38.149702],[15.030031,38.149419],[15.043644,38.144582],[15.04711,38.142986],[15.048595,38.141257],[15.057025,38.127619],[15.057885,38.126645],[15.058985,38.125899],[15.061103,38.125243],[15.069922,38.123944],[15.071636,38.123021],[15.0741,38.120844],[15.075961,38.120087],[15.089608,38.11856],[15.100592,38.113019],[15.102759,38.112358],[15.105756,38.112631],[15.117311,38.114714],[15.1221,38.117229],[15.125538,38.118399],[15.128647,38.120629],[15.131071,38.121716],[15.134689,38.125245],[15.139193,38.126567]],[[14.973217,38.147726],[15.001779,38.13853],[15.02338,38.130837],[15.042046,38.123464],[15.053963,38.11822],[15.061105,38.115368],[15.067056,38.113575],[15.071277,38.112607],[15.076253,38.111742],[15.081895,38.111124],[15.091609,38.110941],[15.100086,38.111679],[15.124043,38.115545],[15.12904,38.116667],[15.136633,38.118932],[15.14507,38.122526],[15.149081,38.124697],[15.155458,38.128668],[15.163719,38.133047]],[[13.367365,38.109083],[13.369527,38.106637],[13.372612,38.10523]],[[13.381535,38.097946],[13.37155,38.098272],[13.373016,38.098463],[13.374079,38.099092],[13.374482,38.099728],[13.375203,38.102028],[13.375219,38.102792],[13.374885,38.103549],[13.372982,38.105013]],[[13.38226,38.097926],[13.384266,38.097723],[13.385541,38.097321],[13.394938,38.091635]],[[13.36748,38.109139],[13.369442,38.106769],[13.373505,38.104742],[13.374805,38.103762],[13.375241,38.10311],[13.375304,38.102188],[13.374283,38.099265],[13.373204,38.098486],[13.371553,38.098235]],[[13.382255,38.097893],[13.384088,38.097718],[13.385387,38.09735],[13.395644,38.09106],[13.399529,38.08972]],[[13.38154,38.09791],[13.371553,38.098227]]]}},{"type":"Feature","properties":{"id":10275144,"nome":"Ferrovia La Thuile-Arpy","uso":"","operatore":"","dal":"","wikipedia":"it:Ferrovia La Thuile-Arpy"},"geometry":{"type":"MultiLineString","coordinates":[[[6.954369,45.70609],[6.957872,45.707597],[6.996052,45.735671],[6.997747,45.736165],[7.001708,45.736083],[7.002358,45.736348],[7.003324,45.737509],[7.003855,45.739191],[7.005789,45.741495],[7.006828,45.741994],[7.008461,45.743451],[7.011071,45.744915],[7.01403,45.745371],[7.016042,45.744911]]]}},{"type":"Feature","properties":{"id":10291967,"nome":"Cepišče Koper - Koper potniška","uso":"","operatore":"SŽ Infrastruktura","dal":"1979-05-25","wikipedia":""},"geometry":{"type":"MultiLineString","coordinates":[[[13.777278,45.552895],[13.77499,45.553122],[13.772701,45.552714],[13.766191,45.548755],[13.761414,45.547243],[13.758332,45.54548],[13.753888,45.543394],[13.745222,45.540911]]]}},{"type":"Feature","properties":{"id":10291968,"nome":"Cepišče Prešnica - Koper tovorna","uso":"","operatore":"SŽ Infrastruktura","dal":"1967-12-2","wikipedia":""},"geometry":{"type":"MultiLineString","coordinates":[[[13.853444,45.541616],[13.850361,45.542151],[13.846515,45.543718],[13.844356,45.543686],[13.841488,45.542522],[13.839569,45.542239],[13.834582,45.542909],[13.826073,45.54493],[13.824546,45.544727],[13.822188,45.54367],[13.821085,45.543434],[13.817274,45.543655],[13.81146,45.54321],[13.810302,45.543495],[13.803445,45.546483],[13.790421,45.551598],[13.788443,45.551963],[13.781405,45.552231],[13.777278,45.552895]],[[13.7775,45.552901],[13.7546,45.556696]]]}},{"type":"Feature","properties":{"id":10362602,"nome":"Ferrovia Incompiuta Palermo-Salaparuta","uso":"","operatore":"","dal":"","wikipedia":"it:Ferrovia Palermo-Salaparuta"},"geometry":{"type":"MultiLineString","coordinates":[[[13.335965,38.135646],[13.327363,38.133499],[13.322143,38.129456],[13.313928,38.124895],[13.299171,38.124438],[13.298189,38.124234],[13.297597,38.123869],[13.297139,38.123109],[13.297134,38.122523],[13.298464,38.12065],[13.298597,38.120088],[13.29734,38.116805],[13.297369,38.115836],[13.297715,38.114952],[13.298811,38.113941],[13.299378,38.112717],[13.300139,38.111787],[13.302539,38.110463],[13.304571,38.110345],[13.305415,38.109906],[13.306984,38.108157],[13.308989,38.105373],[13.309117,38.103033],[13.308515,38.101527],[13.307295,38.096401],[13.305684,38.094368],[13.301553,38.090545],[13.299586,38.088102],[13.298202,38.086882],[13.297934,38.086317],[13.297882,38.082774],[13.296441,38.081006],[13.293807,38.079798],[13.291852,38.077899],[13.285215,38.075447],[13.282931,38.074189],[13.282649,38.073152],[13.283315,38.07191],[13.283319,38.071266],[13.281189,38.069597],[13.280889,38.067576],[13.280597,38.067055],[13.2801,38.066751],[13.278079,38.066307],[13.276222,38.066271],[13.275425,38.06601],[13.27469,38.065339],[13.273969,38.063566],[13.273127,38.062881],[13.26947,38.06151],[13.266621,38.060047],[13.265619,38.058526],[13.264196,38.057374],[13.261812,38.056606],[13.261148,38.055974],[13.260641,38.054153],[13.259288,38.052555],[13.258889,38.051493],[13.259266,38.050782],[13.260802,38.049951],[13.261146,38.049526],[13.26133,38.049053],[13.261235,38.046447],[13.262142,38.045704],[13.263194,38.045734],[13.264806,38.046749],[13.266256,38.046825],[13.271603,38.04447],[13.274761,38.044751],[13.275265,38.04447],[13.276133,38.043274],[13.276954,38.042994],[13.277588,38.043085],[13.280449,38.044357],[13.282152,38.043796],[13.284018,38.04406],[13.284702,38.043829],[13.285866,38.042481],[13.287411,38.041658],[13.291832,38.040834],[13.30074,38.04183],[13.30163,38.042405],[13.302228,38.044452],[13.302839,38.045151],[13.303577,38.045416],[13.305611,38.045322],[13.308107,38.045765],[13.311814,38.044089],[13.312078,38.043755],[13.31243,38.042163],[13.312818,38.041652],[13.315943,38.040704],[13.318206,38.038331],[13.32114,38.036845],[13.328545,38.035909],[13.329447,38.03556],[13.331727,38.034093],[13.334836,38.033423],[13.337757,38.032331],[13.340883,38.031865],[13.350444,38.029197],[13.353728,38.027628],[13.359851,38.023341],[13.361724,38.022753],[13.362094,38.022171],[13.362451,38.019042],[13.361896,38.015146],[13.361119,38.014044],[13.359246,38.012745],[13.357602,38.012161],[13.356886,38.011249],[13.355861,38.008905],[13.353683,38.004982],[13.354143,38.002576],[13.353485,38.000237],[13.350828,37.996886],[13.349237,37.995728],[13.347998,37.991826],[13.346949,37.9898],[13.346401,37.989273],[13.34424,37.988666],[13.342923,37.987782],[13.341013,37.983839],[13.340305,37.983177],[13.33738,37.981605],[13.331523,37.980733],[13.330448,37.98088],[13.322554,37.983356],[13.316669,37.983128],[13.312364,37.984094],[13.309472,37.985248],[13.299104,37.992292],[13.29678,37.993242],[13.295351,37.993353],[13.29286,37.992967],[13.288562,37.99158],[13.287511,37.990918],[13.287199,37.990309],[13.289016,37.984307],[13.288372,37.983014],[13.285662,37.980172],[13.285417,37.979106],[13.286079,37.976965],[13.285916,37.975467],[13.284746,37.974094],[13.281327,37.972871],[13.280649,37.971858],[13.281605,37.96993],[13.282885,37.968808],[13.283448,37.967974],[13.283307,37.964599],[13.282526,37.963326],[13.27953,37.962102],[13.278565,37.961475],[13.277667,37.960148],[13.277071,37.958307],[13.276448,37.957768],[13.272755,37.956427],[13.266281,37.95504],[13.264071,37.954615],[13.259233,37.954304],[13.258152,37.954041],[13.254548,37.951618],[13.253492,37.951175],[13.250203,37.950735],[13.249024,37.95101],[13.248476,37.951389],[13.246851,37.953487],[13.242704,37.956186],[13.241689,37.956375],[13.239576,37.956239],[13.234117,37.958258],[13.232785,37.958088],[13.230165,37.956022],[13.229168,37.955574],[13.226035,37.95488],[13.224389,37.955272],[13.223856,37.955764],[13.223075,37.957312],[13.221804,37.957942],[13.220705,37.957705],[13.219288,37.956369],[13.218497,37.956008],[13.212116,37.955573],[13.21117,37.955771],[13.209239,37.957157],[13.208588,37.957141],[13.206815,37.956344],[13.206154,37.956298],[13.205492,37.956567],[13.20438,37.95773],[13.203611,37.958124],[13.202685,37.958177],[13.200327,37.957161],[13.199557,37.957104],[13.195519,37.957954],[13.193409,37.959234],[13.191588,37.959284],[13.18909,37.958237],[13.181744,37.956461],[13.180535,37.95699],[13.17967,37.958984],[13.178741,37.959498],[13.17158,37.959624],[13.170935,37.959457],[13.170057,37.958859],[13.168984,37.956298],[13.168332,37.955498],[13.167826,37.955015],[13.166353,37.954324],[13.165736,37.953591],[13.165583,37.95259],[13.166712,37.948398],[13.166535,37.947461],[13.165918,37.946325],[13.162993,37.944865],[13.162111,37.944146],[13.161659,37.943152],[13.161591,37.9415],[13.161228,37.940787],[13.156734,37.93778],[13.155243,37.935851],[13.15492,37.934801],[13.155001,37.933887],[13.156039,37.928083],[13.155844,37.927174],[13.155207,37.926287],[13.153624,37.925518],[13.152508,37.925401],[13.145948,37.926893],[13.144291,37.926959],[13.142701,37.926532],[13.138473,37.924499],[13.136695,37.923174],[13.133435,37.918819],[13.133319,37.917713],[13.133747,37.915822],[13.133368,37.9141],[13.132796,37.913736],[13.130741,37.913119],[13.127816,37.91168],[13.126992,37.91101],[13.126624,37.909819],[13.127058,37.908717],[13.130783,37.905122],[13.134391,37.903419],[13.1355,37.902428],[13.13586,37.901495],[13.135811,37.900872],[13.135409,37.899577],[13.135023,37.89908],[13.132322,37.89732],[13.130319,37.895491],[13.128663,37.894433],[13.123327,37.895609],[13.119531,37.895161],[13.118469,37.894635],[13.116754,37.893148],[13.115505,37.892864],[13.114298,37.892962],[13.112616,37.894073],[13.110827,37.894343],[13.104513,37.892852]]]}},{"type":"Feature","properties":{"id":10385844,"nome":"Ferrovia Castelvetrano-Porto Empedocle","uso":"","operatore":"","dal":"1910","wikipedia":"it:Ferrovia Castelvetrano-Porto Empedocle"},"geometry":{"type":"MultiLineString","coordinates":[[[12.799212,37.683636],[12.797998,37.681204],[12.797069,37.675782],[12.797376,37.673619],[12.797707,37.673203],[12.800437,37.673024],[12.802563,37.671627],[12.80261,37.671051],[12.802267,37.6706],[12.800764,37.670126],[12.800243,37.669752],[12.800009,37.668959],[12.80023,37.668284],[12.803891,37.663215],[12.806709,37.661267],[12.808967,37.659249],[12.813834,37.65334],[12.818346,37.650594],[12.819091,37.650557],[12.821047,37.651161],[12.82183,37.651168],[12.822369,37.650962],[12.824309,37.649316],[12.841722,37.615801],[12.844899,37.608641],[12.844891,37.604784],[12.844012,37.601541],[12.837242,37.590154],[12.837697,37.586939],[12.83814,37.586274],[12.840894,37.585219],[12.848735,37.583335],[12.849724,37.583431],[12.851389,37.583988],[12.853351,37.586084],[12.854143,37.586538],[12.860474,37.586722],[12.863093,37.585842],[12.86498,37.584544],[12.865836,37.584196],[12.874146,37.582728],[12.877151,37.580971],[12.88084,37.580356],[12.885458,37.580441],[12.888277,37.580085],[12.890034,37.580257],[12.891039,37.580734],[12.891542,37.581435],[12.892056,37.58358],[12.892959,37.584581],[12.902842,37.589108],[12.906206,37.591324],[12.907118,37.591537],[12.90793,37.591289],[12.908325,37.590893],[12.909429,37.589091],[12.909847,37.587498],[12.911082,37.586152],[12.91083,37.584511],[12.910976,37.583878],[12.91247,37.582706],[12.913853,37.580101],[12.914912,37.579507],[12.915707,37.579435],[12.916884,37.579735],[12.919026,37.580975],[12.9215,37.585775],[12.923435,37.588052],[12.924284,37.588495],[12.935022,37.58777],[12.93576,37.588244],[12.936169,37.589393],[12.936567,37.58986],[12.939226,37.590891],[12.942467,37.591312],[12.945759,37.591383],[12.946425,37.591611],[12.946999,37.592137],[12.948092,37.594002],[12.948741,37.594367],[12.950969,37.593955],[12.953266,37.594821],[12.955372,37.593959],[12.95842,37.594202],[12.959221,37.59456],[12.960026,37.595742],[12.960661,37.596032],[12.961414,37.595949],[12.962496,37.595439],[12.964275,37.595291],[12.965824,37.594583],[12.966373,37.593796],[12.966194,37.592078],[12.9666,37.591607],[12.967133,37.591429],[12.970371,37.591974],[12.974922,37.59489],[12.975868,37.594897],[12.977225,37.594078],[12.978165,37.593899],[12.979297,37.594239],[12.981022,37.595695],[12.982045,37.595855],[12.982784,37.5956],[12.983432,37.594917],[12.983436,37.594181],[12.981016,37.590314],[12.981066,37.589817],[12.981929,37.588218],[12.982239,37.586667],[12.981912,37.584993],[12.983084,37.582651],[12.984772,37.580969],[12.986,37.580471],[12.988715,37.580451],[12.989581,37.579994],[12.989805,37.579563],[12.989609,37.577971],[12.990507,37.576492],[12.991732,37.570984],[12.991546,37.570443],[12.990612,37.569359],[12.990013,37.568049],[12.987632,37.566946],[12.986176,37.564871],[12.983729,37.563322],[12.981877,37.560487],[12.980352,37.55924],[12.977811,37.555247],[12.975429,37.553937],[12.974959,37.552964],[12.975104,37.552152],[12.977356,37.549945],[12.982395,37.546433],[12.99327,37.541638],[12.99737,37.541224],[13.000008,37.539329],[13.001578,37.537174],[13.003788,37.53313],[13.005813,37.531099],[13.008339,37.527628],[13.008166,37.52667],[13.006934,37.525518],[13.007065,37.52459],[13.009409,37.523216],[13.01157,37.521309],[13.014615,37.519953],[13.015704,37.518054],[13.018075,37.514904],[13.019434,37.511054],[13.020884,37.502894],[13.021251,37.502314],[13.022006,37.501844],[13.023692,37.501704]],[[13.024088,37.50181],[13.025154,37.502093],[13.025961,37.503523],[13.027762,37.504075],[13.029439,37.505208],[13.030645,37.505597],[13.033537,37.505552],[13.034633,37.506012],[13.035022,37.5066],[13.035025,37.507393],[13.033751,37.50955],[13.033698,37.510985],[13.033126,37.512274],[13.033487,37.512979],[13.034057,37.513201],[13.034693,37.513175],[13.035883,37.512442],[13.038254,37.508824],[13.040844,37.507674],[13.044054,37.505828],[13.048687,37.505747],[13.053859,37.504928],[13.05656,37.505015],[13.05932,37.504605],[13.061139,37.505231],[13.064765,37.505689],[13.066698,37.505168],[13.06809,37.505363],[13.070576,37.505309],[13.073483,37.506328],[13.074327,37.506416],[13.076865,37.506457],[13.081563,37.505864],[13.093647,37.507581],[13.096789,37.507092],[13.097182,37.506709],[13.097672,37.505268],[13.098361,37.504843],[13.105394,37.504511],[13.125058,37.506858],[13.127597,37.507568],[13.128319,37.507517],[13.130347,37.506802],[13.131546,37.506828],[13.132714,37.507478],[13.138007,37.512683],[13.139806,37.51347],[13.141502,37.513581],[13.174966,37.503717],[13.177892,37.502194],[13.182399,37.498022],[13.183013,37.496899],[13.183028,37.493622],[13.183239,37.493116],[13.185466,37.491013],[13.186428,37.490209],[13.200759,37.482083],[13.201017,37.48136],[13.201197,37.477828],[13.201397,37.477255],[13.203733,37.475012],[13.204969,37.472948],[13.205657,37.472537],[13.206787,37.472501],[13.210206,37.473272],[13.212945,37.474826],[13.21505,37.475279],[13.216247,37.476278],[13.217804,37.476318],[13.219419,37.477137],[13.22112,37.476803],[13.224011,37.476993],[13.224645,37.47722],[13.226322,37.478805],[13.226937,37.479056],[13.2306,37.479424],[13.232045,37.479835],[13.233673,37.479759],[13.234218,37.480153],[13.234357,37.480647],[13.233148,37.482628],[13.233163,37.483333],[13.233778,37.483844],[13.234997,37.483972],[13.2364,37.484698],[13.237125,37.484625],[13.238191,37.484076],[13.239479,37.483886],[13.241838,37.482836],[13.244438,37.482555],[13.245381,37.482066]],[[13.259954,37.500408],[13.259965,37.500767],[13.260695,37.501936],[13.262397,37.502881],[13.2623,37.504901],[13.262835,37.506038],[13.264774,37.507258],[13.266671,37.507339],[13.275644,37.501806],[13.278178,37.499487],[13.281979,37.498708],[13.284334,37.497756],[13.288157,37.497574],[13.291083,37.496826],[13.291654,37.497011],[13.292774,37.498016],[13.293371,37.498242],[13.298001,37.498158],[13.298797,37.497758],[13.299589,37.496012],[13.300633,37.495686],[13.301555,37.495954],[13.303323,37.49745],[13.304272,37.497889],[13.30853,37.497774],[13.309659,37.497448],[13.313556,37.494955],[13.314282,37.494783],[13.315452,37.495527],[13.318436,37.498521],[13.319771,37.498817],[13.324104,37.496841],[13.335603,37.488112],[13.337042,37.487418],[13.346266,37.485613],[13.350604,37.486132],[13.357165,37.485692],[13.359974,37.48457],[13.364402,37.484589],[13.368453,37.482742],[13.369252,37.482786],[13.371169,37.483727],[13.371996,37.483783],[13.374173,37.482806],[13.375401,37.481964],[13.376012,37.479712],[13.377271,37.47834],[13.377928,37.476634],[13.380254,37.474005],[13.38118,37.471214],[13.382767,37.469349],[13.382841,37.46835],[13.379368,37.461892],[13.378649,37.461006],[13.377211,37.460004],[13.372673,37.458072],[13.366111,37.453165],[13.363239,37.450678],[13.36261,37.449642],[13.362271,37.448392],[13.362447,37.447049],[13.364869,37.439037],[13.364889,37.436858],[13.365156,37.436261],[13.367335,37.43491],[13.368217,37.434888],[13.370092,37.435669],[13.370801,37.435733],[13.372107,37.435411],[13.372598,37.434734],[13.371913,37.433417],[13.370295,37.431414],[13.370551,37.429656],[13.370948,37.429056],[13.370869,37.428565],[13.369288,37.427182],[13.368945,37.426098],[13.368271,37.425133],[13.36831,37.424486],[13.370021,37.420321],[13.370078,37.419672],[13.369883,37.419292],[13.368313,37.418151],[13.368104,37.416162],[13.366918,37.415282],[13.366503,37.414589],[13.366731,37.413611],[13.366476,37.412119],[13.367379,37.410789],[13.367545,37.409644],[13.36836,37.407735],[13.369952,37.406062],[13.371497,37.405326],[13.371732,37.404623],[13.371238,37.404015],[13.370711,37.403881],[13.366542,37.403833],[13.364788,37.403037],[13.364018,37.401223],[13.361148,37.399482],[13.35934,37.398797],[13.356721,37.398555],[13.355049,37.397972],[13.35465,37.397411],[13.354127,37.395353],[13.353561,37.394559],[13.35333,37.393791],[13.3546,37.391087],[13.354716,37.388568],[13.355156,37.386731],[13.355949,37.385844],[13.356208,37.384077],[13.356934,37.382906],[13.35697,37.380756],[13.358204,37.379239],[13.360086,37.378604],[13.361708,37.377692],[13.363896,37.377005],[13.36434,37.376497],[13.36541,37.372939],[13.365269,37.372501],[13.363876,37.371108],[13.363708,37.37055],[13.363952,37.369928],[13.365037,37.368825],[13.365691,37.366636],[13.3663,37.366183],[13.368264,37.365911],[13.370253,37.364778],[13.370528,37.364387],[13.370524,37.36391],[13.369732,37.362949],[13.369783,37.362348],[13.370856,37.361331],[13.372787,37.360177],[13.374876,37.359417],[13.377247,37.359479],[13.379764,37.358989],[13.38151,37.359135],[13.382331,37.358793],[13.382545,37.358173],[13.382125,37.357566],[13.381429,37.357346],[13.380001,37.357581],[13.379415,37.357425],[13.377688,37.355731],[13.375202,37.355314],[13.374889,37.354872],[13.374874,37.354396],[13.376731,37.351614],[13.377324,37.349819],[13.378699,37.34901],[13.380357,37.346819],[13.381117,37.346583],[13.385117,37.346671],[13.38587,37.346337],[13.386625,37.345403],[13.387374,37.34493],[13.388595,37.344361],[13.39063,37.343868],[13.392249,37.342703],[13.39272,37.341949],[13.392672,37.341457],[13.391058,37.340112],[13.390715,37.339569],[13.390734,37.339016],[13.391461,37.338323],[13.392556,37.338212],[13.39481,37.339036],[13.395694,37.339151],[13.399348,37.337875],[13.402805,37.337555],[13.405159,37.337598],[13.407503,37.337255],[13.411079,37.335252],[13.415795,37.334415],[13.417833,37.332925],[13.418849,37.33248],[13.419949,37.332315],[13.421489,37.332774],[13.422476,37.332673],[13.422761,37.332399],[13.422838,37.331505],[13.422039,37.328958],[13.42235,37.328266],[13.423468,37.327348],[13.424511,37.325727],[13.425295,37.325101],[13.427007,37.32451],[13.428704,37.324583],[13.429551,37.324266],[13.431002,37.320902],[13.43143,37.320445],[13.432553,37.320139],[13.435267,37.320482],[13.437052,37.319828],[13.43865,37.32004],[13.44143,37.319812],[13.443773,37.31847],[13.446238,37.316355],[13.447392,37.316194],[13.449066,37.31678],[13.449907,37.316673],[13.450454,37.316122],[13.451021,37.312813],[13.45139,37.31233],[13.452169,37.312114],[13.454245,37.312372],[13.455614,37.312019],[13.456433,37.311553],[13.456624,37.310877],[13.456581,37.307636],[13.456863,37.30658],[13.457713,37.305312],[13.459099,37.303882],[13.461369,37.302801],[13.462925,37.302354],[13.46616,37.300668],[13.469174,37.300269],[13.471649,37.298673],[13.47327,37.298085],[13.475249,37.296903],[13.475772,37.296362],[13.475758,37.295898],[13.475359,37.295387],[13.474265,37.294834],[13.47397,37.294195],[13.474155,37.293706],[13.475187,37.292716],[13.476785,37.292463],[13.478124,37.29169],[13.479755,37.291323],[13.481169,37.290552],[13.481876,37.290571],[13.483754,37.291326],[13.484348,37.291152],[13.485563,37.289937],[13.486258,37.289666],[13.487958,37.290149],[13.491524,37.289269],[13.49372,37.289229],[13.494526,37.289616],[13.49681,37.291861],[13.497804,37.292535],[13.500825,37.293515],[13.50397,37.293475],[13.509335,37.293074],[13.512848,37.292395],[13.518058,37.290287],[13.522237,37.287678],[13.523952,37.287131],[13.527045,37.28695],[13.529445,37.288002],[13.530468,37.289351],[13.531952,37.290339],[13.534014,37.290997],[13.536553,37.291455],[13.541265,37.291184],[13.545734,37.290006],[13.549536,37.288619],[13.550378,37.288523],[13.551986,37.288818],[13.558264,37.291244],[13.569161,37.290853],[13.5703,37.290954],[13.573956,37.291941],[13.579013,37.292629],[13.580744,37.293559],[13.583065,37.296176],[13.583424,37.297404],[13.583018,37.299086],[13.582542,37.29981],[13.581389,37.30061],[13.575268,37.303364],[13.572126,37.304084],[13.571104,37.304789],[13.570512,37.305703],[13.570236,37.307707],[13.569899,37.308549],[13.56938,37.309154],[13.566378,37.311309],[13.565761,37.312291],[13.56559,37.313263],[13.56583,37.315119],[13.566664,37.316177],[13.568847,37.31746],[13.571751,37.317836],[13.574017,37.318525],[13.576983,37.31893],[13.578902,37.319469],[13.580526,37.319553],[13.583853,37.318584],[13.586727,37.318833]]]}},{"type":"Feature","properties":{"id":10394724,"nome":"Ferrovia Dismessa Bivio Margonia-Canicattì","uso":"","operatore":"","dal":"1911","wikipedia":"it:Ferrovia Agrigento-Naro-Licata"},"geometry":{"type":"MultiLineString","coordinates":[[[13.856862,37.354759],[13.85744,37.35362],[13.857516,37.351747],[13.857026,37.350617],[13.855437,37.348694],[13.854392,37.346622],[13.854271,37.345265],[13.854456,37.344315],[13.85429,37.343755],[13.853698,37.343304],[13.851719,37.343076],[13.8507,37.342646],[13.850158,37.342164],[13.84964,37.340961],[13.849605,37.340201],[13.850281,37.337966],[13.851296,37.336285],[13.851198,37.335694],[13.850445,37.335148],[13.848814,37.335226],[13.847498,37.334695],[13.847158,37.33437],[13.846731,37.332697],[13.843928,37.331623],[13.843068,37.329605],[13.842291,37.329263],[13.841223,37.329173],[13.839866,37.328587],[13.836978,37.326901],[13.83521,37.327161],[13.833856,37.326968],[13.832857,37.324741],[13.829961,37.322868],[13.827898,37.322413],[13.827163,37.322466],[13.826339,37.322963],[13.825362,37.322948],[13.817224,37.320388],[13.816553,37.319633],[13.815038,37.316091],[13.81386,37.313927],[13.811497,37.311051],[13.810334,37.310159],[13.807388,37.309552],[13.803346,37.310816],[13.801822,37.312032],[13.798208,37.313069],[13.797537,37.312926],[13.795997,37.312014],[13.794369,37.31225],[13.793378,37.312114],[13.790342,37.310531],[13.788268,37.308518],[13.786436,37.307679],[13.784335,37.306051],[13.781552,37.305287],[13.78045,37.304609],[13.779036,37.304508],[13.778406,37.304195],[13.777879,37.302625],[13.77633,37.30188],[13.775922,37.301342],[13.776021,37.298869],[13.776611,37.29823]]]}},{"type":"Feature","properties":{"id":10394725,"nome":"Ferrovia Dismessa Agrigento C.-Licata","uso":"","operatore":"","dal":"1911","wikipedia":"it:Ferrovia Agrigento-Naro-Licata"},"geometry":{"type":"MultiLineString","coordinates":[[[13.59168,37.319533],[13.593641,37.319647],[13.596209,37.318811],[13.597699,37.318623],[13.598318,37.318012],[13.598354,37.317618],[13.597673,37.316946],[13.595962,37.317031],[13.594463,37.31806],[13.593748,37.318291],[13.592663,37.318074],[13.592256,37.317581],[13.592294,37.317289],[13.592977,37.31657],[13.594001,37.316177],[13.597379,37.315909],[13.598908,37.314999],[13.601379,37.314252],[13.603847,37.314186],[13.605954,37.313807],[13.608914,37.315028],[13.609875,37.315092],[13.613652,37.313221],[13.614731,37.313206],[13.616289,37.313536],[13.617569,37.313437],[13.620484,37.31147],[13.621351,37.311513],[13.622499,37.312536],[13.62327,37.312703],[13.624819,37.311814],[13.627461,37.311381],[13.628793,37.31051],[13.629426,37.310472],[13.631374,37.310973],[13.632124,37.310598],[13.633118,37.309636],[13.634476,37.309439],[13.63634,37.309598],[13.640047,37.309006],[13.642017,37.307951]],[[13.641895,37.307974],[13.643634,37.307052],[13.649,37.305235],[13.656411,37.305021],[13.657383,37.305564],[13.660743,37.309966],[13.662278,37.313309],[13.662457,37.31419],[13.662953,37.314534],[13.663693,37.314558],[13.665083,37.312949],[13.66623,37.312552],[13.670275,37.313844],[13.671128,37.313746],[13.674661,37.312451],[13.677635,37.313144],[13.684615,37.312658],[13.688229,37.31446],[13.688859,37.314468],[13.690211,37.314005],[13.691405,37.31408],[13.693014,37.315221],[13.695625,37.315117],[13.697435,37.315435],[13.698749,37.314945],[13.69957,37.313921],[13.702277,37.312438],[13.702799,37.311055],[13.703976,37.31009],[13.70506,37.308189],[13.705307,37.30619],[13.708582,37.303459],[13.710004,37.301245],[13.711141,37.300704],[13.717976,37.301406],[13.720009,37.300166],[13.720691,37.300236],[13.721566,37.300846],[13.722325,37.301047],[13.724465,37.300914],[13.726857,37.300387],[13.729336,37.300294],[13.732242,37.301065],[13.735785,37.301252],[13.737174,37.302099],[13.738556,37.303464],[13.741067,37.303757],[13.742945,37.304535],[13.744247,37.3047],[13.745944,37.304179],[13.746398,37.303665],[13.746549,37.300626],[13.747047,37.299999],[13.747938,37.299894],[13.749917,37.301277],[13.750917,37.301251],[13.751453,37.30082],[13.752045,37.299448],[13.758087,37.296676],[13.760349,37.294835],[13.761188,37.294447],[13.762862,37.294553],[13.767093,37.296675],[13.767468,37.297117],[13.76782,37.298478],[13.76865,37.298999],[13.769379,37.29886],[13.770554,37.297934],[13.772689,37.29752],[13.775341,37.29852],[13.77887,37.29748],[13.780049,37.296823],[13.782912,37.294557],[13.783505,37.293846],[13.784645,37.293349],[13.785978,37.292146],[13.786745,37.291881],[13.788091,37.291898],[13.789374,37.291106],[13.791934,37.290615],[13.793365,37.289603],[13.796389,37.285245],[13.796549,37.28418],[13.796385,37.282837],[13.796927,37.281127]],[[13.796938,37.280852],[13.797505,37.27902],[13.797479,37.278492],[13.796428,37.27716],[13.794526,37.273456],[13.792752,37.269253],[13.792189,37.268593],[13.790836,37.267898],[13.78984,37.266782],[13.786773,37.265521],[13.78511,37.26519],[13.784723,37.264945],[13.784414,37.264324],[13.784401,37.262814],[13.784663,37.262284],[13.785104,37.26202],[13.787651,37.261563],[13.789459,37.260036],[13.78958,37.258701],[13.790503,37.257759],[13.790663,37.257249],[13.790482,37.254046],[13.790223,37.253194],[13.790318,37.252465],[13.792261,37.249679],[13.793551,37.249],[13.793966,37.248549],[13.794494,37.247301],[13.794431,37.246676],[13.79353,37.246023],[13.790297,37.245543],[13.787147,37.243819],[13.786412,37.243755],[13.784242,37.24425],[13.782099,37.24346],[13.780459,37.241954],[13.779174,37.237891],[13.778478,37.237009],[13.777827,37.236738],[13.7768,37.237037],[13.775481,37.239304],[13.773129,37.240861],[13.772298,37.242743],[13.771261,37.243556],[13.769355,37.24418],[13.767361,37.244019],[13.766507,37.243589],[13.766119,37.24289],[13.766133,37.242393],[13.767388,37.240804],[13.767513,37.239243],[13.768355,37.237849],[13.767103,37.236282],[13.767332,37.235151],[13.766934,37.233653],[13.767402,37.232475],[13.767495,37.231342],[13.768483,37.230408],[13.769006,37.228808],[13.769813,37.227563],[13.769335,37.226531],[13.766996,37.223366],[13.766881,37.221708],[13.767065,37.221774],[13.767154,37.221115],[13.765809,37.219562],[13.765527,37.218604],[13.765816,37.217764],[13.767171,37.216698],[13.76851,37.215159],[13.768614,37.214073],[13.768328,37.213497],[13.767712,37.212963],[13.765412,37.212142],[13.764557,37.210622],[13.762434,37.209606],[13.761536,37.208618],[13.760246,37.207834],[13.759958,37.20618],[13.758741,37.205234],[13.75784,37.204056],[13.757784,37.203517],[13.75813,37.202741],[13.758832,37.202242],[13.761919,37.201324],[13.76499,37.198392],[13.766364,37.197884],[13.768395,37.195973],[13.76818,37.194251],[13.768453,37.192604],[13.771325,37.190042],[13.771715,37.189803],[13.77795,37.188766],[13.780273,37.18914],[13.78369,37.186666],[13.786276,37.185117],[13.786635,37.184502],[13.786506,37.184068],[13.784098,37.182091],[13.783851,37.18146],[13.784108,37.180806],[13.785577,37.180166],[13.789852,37.179246],[13.790195,37.178492],[13.789595,37.176795],[13.792986,37.17406],[13.793271,37.173378],[13.793334,37.172068],[13.793791,37.171551],[13.797611,37.171018],[13.798431,37.170539],[13.800592,37.168251],[13.801457,37.168045],[13.80342,37.168123],[13.807681,37.166207],[13.809549,37.16255],[13.812556,37.160167],[13.815404,37.158465],[13.815607,37.157069],[13.816385,37.1559],[13.817398,37.155724],[13.818955,37.156445],[13.824655,37.157882],[13.825009,37.15853],[13.824981,37.1609],[13.825363,37.161406],[13.826182,37.161607],[13.827074,37.161126],[13.827604,37.160096],[13.827982,37.159856],[13.833951,37.15811],[13.835692,37.157205],[13.83763,37.157004],[13.839086,37.156307],[13.84693,37.155689],[13.847502,37.15526],[13.847715,37.15473],[13.84661,37.152414],[13.846599,37.151112],[13.84686,37.149158],[13.847757,37.147731],[13.849504,37.146975],[13.857589,37.145315],[13.862439,37.143295],[13.86316,37.14252],[13.86376,37.140628],[13.864158,37.140047],[13.87176,37.133759],[13.881393,37.127952],[13.88321,37.126997],[13.888044,37.125427],[13.894229,37.123813],[13.915689,37.117235],[13.925007,37.115152],[13.928908,37.114043],[13.931492,37.112499],[13.939654,37.104597]]]}},{"type":"Feature","properties":{"id":10396998,"nome":"Ferrovia Dismessa Lercara Bassa-Filaga-Magazzolo","uso":"","operatore":"","dal":"1915","wikipedia":"it:Ferrovia Lercara-Filaga-Magazzolo"},"geometry":{"type":"MultiLineString","coordinates":[[[13.637241,37.739597],[13.633952,37.738031],[13.631938,37.73754],[13.630273,37.738209],[13.627707,37.740455],[13.626903,37.740576],[13.624572,37.739717],[13.624184,37.739253],[13.624018,37.737721],[13.621809,37.736427],[13.620602,37.73535],[13.617763,37.735235],[13.61696,37.7357],[13.616693,37.73749],[13.615982,37.73966],[13.61426,37.741429],[13.613144,37.743187],[13.610644,37.744038],[13.608608,37.743933],[13.607681,37.743491],[13.60673,37.742462],[13.604969,37.741584],[13.603063,37.741318],[13.602287,37.741738],[13.601919,37.742332],[13.601918,37.742959],[13.602623,37.74515],[13.602075,37.745962],[13.601455,37.746195],[13.59988,37.746047],[13.598922,37.746265],[13.598139,37.748082],[13.594862,37.74997],[13.592485,37.749843],[13.589909,37.750281],[13.589399,37.750012],[13.589147,37.749593],[13.589132,37.747454],[13.588427,37.747084],[13.586624,37.746942],[13.586157,37.746691],[13.584418,37.743652],[13.582273,37.742417],[13.579429,37.739612],[13.579387,37.739081],[13.580352,37.736532],[13.581845,37.735119],[13.581636,37.734037],[13.58081,37.73345],[13.580736,37.732959],[13.581164,37.732256],[13.582471,37.731603],[13.582707,37.731122],[13.58258,37.728052],[13.581217,37.726152],[13.58129,37.725568],[13.582061,37.724482],[13.582124,37.723898],[13.580896,37.722119],[13.580807,37.721535],[13.581189,37.720867],[13.583876,37.719781],[13.584142,37.719081],[13.583209,37.717973],[13.582466,37.717609],[13.580995,37.716316],[13.580867,37.715921],[13.581137,37.715066],[13.580875,37.714198],[13.579402,37.712091],[13.577227,37.709764],[13.575776,37.708922],[13.575014,37.708845],[13.570486,37.709851],[13.569805,37.709827],[13.568509,37.709405],[13.566568,37.707164],[13.566254,37.707069],[13.565554,37.707089],[13.563502,37.707931],[13.562371,37.707733],[13.561466,37.7064],[13.559176,37.705297],[13.558086,37.703894],[13.556613,37.703418],[13.553344,37.703597],[13.548672,37.703112],[13.545023,37.703051],[13.542854,37.703888],[13.541071,37.703167],[13.539031,37.703434],[13.538368,37.703054],[13.537584,37.701825],[13.536933,37.701648],[13.535024,37.701867],[13.533359,37.700258],[13.530105,37.699366],[13.527875,37.700239],[13.526576,37.700206],[13.522493,37.698355],[13.521376,37.698065],[13.519428,37.698183],[13.517593,37.697753],[13.515133,37.697852],[13.514522,37.698259],[13.514415,37.698631],[13.514435,37.701307],[13.514181,37.701554],[13.512701,37.701944],[13.509162,37.702159],[13.504951,37.701016],[13.503054,37.701298],[13.501791,37.701896],[13.499076,37.702174],[13.497522,37.701604],[13.496809,37.701742],[13.495944,37.702343],[13.494455,37.7024],[13.488933,37.701145],[13.482755,37.701144],[13.48075,37.701455],[13.476032,37.700953],[13.474839,37.700458],[13.474354,37.698729],[13.472114,37.698072],[13.471022,37.696963],[13.469419,37.694125],[13.469653,37.691949],[13.468468,37.689325],[13.466888,37.687861],[13.466014,37.686516],[13.465826,37.68519],[13.466315,37.683776],[13.472059,37.678288],[13.472949,37.676812],[13.474825,37.674917],[13.477482,37.671386],[13.479209,37.670697],[13.479653,37.670275],[13.479724,37.669497],[13.478132,37.663902],[13.477213,37.662636],[13.47513,37.661329],[13.47475,37.658502],[13.475162,37.657998],[13.476861,37.657228],[13.478676,37.655618],[13.479006,37.654387],[13.479564,37.653787],[13.481566,37.653099],[13.482111,37.652686],[13.482896,37.650697],[13.485727,37.647281],[13.486919,37.644675],[13.487147,37.64307],[13.489677,37.64128],[13.492691,37.639723],[13.497395,37.63202],[13.497548,37.631424],[13.497071,37.630841],[13.495779,37.63077],[13.495333,37.631203],[13.494955,37.632101],[13.493678,37.63284],[13.492699,37.634039],[13.492107,37.634136],[13.489843,37.633724],[13.488591,37.634263],[13.486909,37.634038],[13.485181,37.634146],[13.48354,37.63505],[13.48239,37.636226],[13.479091,37.636845],[13.478468,37.636655],[13.478054,37.636141],[13.478312,37.633575],[13.478096,37.633294],[13.477255,37.633028],[13.473673,37.633072],[13.472724,37.633331],[13.472049,37.633946],[13.469924,37.634042],[13.467452,37.633202],[13.466349,37.632382],[13.462021,37.631447],[13.45873,37.631932],[13.45733,37.633071],[13.455419,37.633722],[13.451998,37.633665],[13.451244,37.633351],[13.449971,37.632058],[13.448295,37.631462],[13.447596,37.629874],[13.445613,37.627631],[13.443812,37.626302],[13.443392,37.625201],[13.443493,37.623403],[13.44314,37.622845],[13.442545,37.622539],[13.440311,37.622377],[13.437616,37.621282],[13.435194,37.61886],[13.435114,37.618341],[13.435584,37.617657],[13.437668,37.617201],[13.438833,37.61624],[13.439849,37.615738],[13.44054,37.614947],[13.44192,37.613957],[13.442015,37.613189],[13.441496,37.612718],[13.440751,37.612587],[13.439246,37.613491],[13.438191,37.613563],[13.434804,37.611913],[13.432109,37.611291],[13.429941,37.610122],[13.429707,37.609333],[13.430586,37.608581],[13.432021,37.608961],[13.432776,37.608928],[13.433763,37.608286],[13.434506,37.607407],[13.435147,37.607194],[13.438783,37.607866],[13.440739,37.607496],[13.441536,37.606807],[13.441499,37.606276],[13.440362,37.604604],[13.440388,37.603966],[13.439932,37.602577],[13.440384,37.601095],[13.44186,37.599699],[13.4421,37.598668],[13.441498,37.597786],[13.439609,37.597082],[13.438775,37.596303],[13.438565,37.595723],[13.43865,37.594595],[13.438435,37.593133],[13.438508,37.592661],[13.439014,37.592134],[13.440315,37.591563],[13.440374,37.590587],[13.441258,37.589428],[13.441349,37.588688],[13.441031,37.586426],[13.441174,37.58579],[13.441748,37.585255],[13.443127,37.584775],[13.443617,37.584135],[13.443454,37.58346],[13.441503,37.582597],[13.440911,37.581847],[13.441828,37.578168],[13.44398,37.576204],[13.443897,37.575749],[13.442722,37.574708],[13.442288,37.573441],[13.442507,37.57297],[13.443009,37.572631],[13.44467,37.572216],[13.446036,37.571524],[13.446502,37.570691],[13.446203,37.569201],[13.447104,37.567966],[13.449245,37.56699],[13.450695,37.565445],[13.451374,37.564085],[13.451834,37.563622],[13.45355,37.563284],[13.453965,37.562701],[13.453903,37.562237],[13.453594,37.561932],[13.451643,37.561874],[13.450972,37.562063],[13.447601,37.5642],[13.446599,37.564317],[13.446034,37.564021],[13.44509,37.56273],[13.439922,37.561838],[13.439496,37.561434],[13.439051,37.560436],[13.437178,37.559081],[13.435598,37.558429],[13.433586,37.558094],[13.432406,37.557039],[13.432306,37.556495],[13.432559,37.556067],[13.434043,37.555292],[13.434327,37.554715],[13.434235,37.554124],[13.433241,37.552628],[13.433165,37.5522],[13.433459,37.550706],[13.434121,37.549685],[13.434171,37.549128],[13.433937,37.548682],[13.432988,37.547977],[13.432764,37.547446],[13.433137,37.545935],[13.434255,37.54409],[13.4339,37.542374],[13.434184,37.541837],[13.435152,37.541066],[13.435996,37.539511],[13.436233,37.53853],[13.437089,37.537407],[13.436575,37.536132],[13.436226,37.533618],[13.435761,37.532386],[13.435329,37.532032],[13.434527,37.531913],[13.433438,37.532205],[13.432637,37.533046],[13.432085,37.533314],[13.430496,37.533222],[13.430001,37.532718],[13.430073,37.531639],[13.429865,37.531108],[13.428349,37.53044],[13.428003,37.529882],[13.428579,37.528702],[13.428543,37.5283],[13.428091,37.527711],[13.426694,37.527002],[13.425315,37.52379],[13.424452,37.523443],[13.421463,37.523483],[13.4197,37.523143],[13.418343,37.522562],[13.41723,37.522762],[13.415875,37.523862],[13.413049,37.524583],[13.40722,37.522156],[13.406603,37.522082],[13.405008,37.522444],[13.403291,37.521438],[13.400975,37.521649],[13.399207,37.520722],[13.398387,37.520609],[13.397566,37.520923],[13.396497,37.521792],[13.394266,37.521903],[13.392555,37.522942],[13.389615,37.522802],[13.387635,37.522152],[13.385964,37.52298],[13.384628,37.523141],[13.383552,37.523685],[13.381865,37.523773],[13.38119,37.524329],[13.380792,37.525825],[13.380201,37.526073],[13.377873,37.525501],[13.373916,37.525941],[13.373428,37.525809],[13.371929,37.524723],[13.371817,37.523316],[13.3711,37.522483],[13.37078,37.521495],[13.37005,37.521069],[13.368425,37.521313],[13.365822,37.522656],[13.361596,37.522313],[13.35815,37.522394],[13.357186,37.521814],[13.356514,37.520363],[13.355973,37.519829],[13.347538,37.517396],[13.346779,37.516891],[13.345571,37.51554],[13.342099,37.513107],[13.341499,37.512944],[13.33978,37.51323],[13.337374,37.512808],[13.332735,37.510628],[13.32954,37.509906],[13.328155,37.509365],[13.325826,37.507817],[13.323493,37.505597],[13.322688,37.50457],[13.320729,37.500822],[13.31993,37.500226],[13.319263,37.49916],[13.318607,37.498638]]]}},{"type":"Feature","properties":{"id":10400677,"nome":"Ferrovia Dismessa San Carlo-Santa Ninfa-Castelvetrano","uso":"","operatore":"","dal":"1910-1931","wikipedia":"it:Ferrovia Castelvetrano-San Carlo-Burgio"},"geometry":{"type":"MultiLineString","coordinates":[[[12.799356,37.684038],[12.801081,37.686453],[12.80308,37.687934],[12.804427,37.688589],[12.806296,37.688866],[12.811216,37.688192],[12.819435,37.689891],[12.823023,37.691265],[12.824546,37.692345],[12.825616,37.692762],[12.829654,37.69313],[12.830454,37.694013],[12.830618,37.695215],[12.830497,37.695961],[12.82966,37.69701],[12.829295,37.698974],[12.829949,37.700171],[12.831452,37.701704],[12.832965,37.704347],[12.833885,37.705052],[12.835152,37.705393],[12.837563,37.705407],[12.83816,37.70573],[12.838938,37.706764],[12.839623,37.706995],[12.841081,37.706954],[12.842368,37.706188],[12.843227,37.706257],[12.846193,37.708702],[12.846714,37.71015],[12.847787,37.710608],[12.848899,37.710266],[12.849274,37.709305],[12.849739,37.708832],[12.852255,37.708957],[12.85574,37.710327],[12.856632,37.711344],[12.857394,37.71183],[12.858424,37.711911],[12.861723,37.711573],[12.86323,37.711673],[12.870287,37.713758],[12.872591,37.714993],[12.875868,37.715528],[12.876167,37.715937],[12.8763,37.717581],[12.876824,37.718501],[12.880766,37.720064],[12.885093,37.723227],[12.886165,37.725285],[12.886314,37.726173],[12.885961,37.727199],[12.883882,37.729056],[12.883391,37.730617],[12.884033,37.734444],[12.884527,37.735808],[12.88445,37.736283],[12.884094,37.736828],[12.883658,37.737031],[12.880969,37.737236],[12.880389,37.737821],[12.880352,37.738428],[12.881026,37.739911],[12.88286,37.740623],[12.883563,37.741663],[12.884596,37.742373],[12.885105,37.743045],[12.885832,37.748388],[12.886199,37.749387],[12.886987,37.750091],[12.889434,37.751083],[12.889647,37.752543],[12.891575,37.754463],[12.891788,37.757943],[12.892236,37.758935],[12.893525,37.760211],[12.893968,37.761029],[12.894495,37.762679],[12.893982,37.764188],[12.895468,37.766392],[12.895437,37.766912],[12.894859,37.768009],[12.895039,37.768811],[12.895614,37.76932],[12.897111,37.769528],[12.901169,37.768419],[12.904772,37.768041],[12.906803,37.7671],[12.908506,37.766968],[12.911676,37.765411],[12.914307,37.76552],[12.91652,37.765023],[12.917355,37.765062],[12.918038,37.765383],[12.91915,37.766536],[12.92077,37.767387],[12.921102,37.76779],[12.921444,37.768978],[12.922114,37.769394],[12.922973,37.769432],[12.925846,37.768663],[12.926939,37.768904],[12.927504,37.769711],[12.927173,37.770964],[12.927303,37.771545],[12.929491,37.77304],[12.930573,37.772935],[12.93226,37.771018],[12.933326,37.770482],[12.934105,37.770458],[12.934776,37.7708],[12.935367,37.771562],[12.935553,37.772017],[12.935557,37.773573],[12.936197,37.774262],[12.937142,37.774383],[12.93898,37.773755],[12.940539,37.774138],[12.94221,37.773944],[12.943138,37.774258],[12.943614,37.774836],[12.943732,37.77624],[12.944239,37.777395],[12.94508,37.778177],[12.94616,37.778184],[12.948174,37.777014],[12.94918,37.777187],[12.950206,37.778181],[12.950889,37.778417],[12.951637,37.778318],[12.953288,37.777448],[12.95499,37.777771],[12.95552,37.778205],[12.955195,37.779669],[12.955462,37.78049],[12.956221,37.780918],[12.957769,37.781276],[12.95833,37.781893],[12.958792,37.783799],[12.957759,37.785419],[12.958091,37.786123],[12.959188,37.786507],[12.96027,37.786053],[12.961604,37.78498],[12.962397,37.783595],[12.963357,37.783299],[12.96416,37.783523],[12.965492,37.784463],[12.970073,37.785287],[12.970899,37.785245],[12.972233,37.784611],[12.973655,37.784541],[12.975006,37.784018],[12.977927,37.784436],[12.978965,37.784813],[12.979525,37.785906],[12.979993,37.786302],[12.981437,37.786871],[12.982528,37.786877],[12.983175,37.786477],[12.983374,37.786006],[12.982664,37.784359],[12.983692,37.782828],[12.983259,37.781628],[12.983287,37.781108],[12.984387,37.779649],[12.984972,37.779497],[12.985764,37.779646],[12.990353,37.781816],[12.993749,37.782743],[12.994932,37.783636],[12.997263,37.784085],[12.998443,37.784827],[12.999308,37.784962],[13.000053,37.784618],[13.000334,37.784206],[13.000307,37.783753],[13.000086,37.783378],[12.998532,37.782244],[12.998083,37.77819],[12.996867,37.775903],[12.996681,37.774485],[12.995637,37.772856],[12.995573,37.772069],[12.995852,37.771665],[12.996687,37.771279],[12.997474,37.77137],[12.999927,37.773552],[13.003524,37.773893],[13.005467,37.772972],[13.00772,37.772753],[13.009936,37.771536],[13.012906,37.770915],[13.01349,37.770208],[13.01335,37.769586],[13.012817,37.769152],[13.011333,37.769025],[13.01057,37.768711],[13.009957,37.767346],[13.009413,37.766829],[13.008429,37.766643],[13.005663,37.76683],[13.00511,37.766577],[13.004771,37.766135],[13.004816,37.765467],[13.005238,37.765042],[13.008819,37.764295],[13.009388,37.763944],[13.009549,37.763068],[13.007976,37.761659],[13.007674,37.760128],[13.008546,37.758882],[13.011707,37.75623],[13.01163,37.75495],[13.010945,37.754447],[13.010441,37.754472],[13.005923,37.756303],[13.00488,37.756099],[13.004504,37.755686],[13.004441,37.755206],[13.005389,37.751418],[13.005811,37.75109],[13.006643,37.751049],[13.008843,37.751703],[13.011209,37.751837],[13.012529,37.752448],[13.013438,37.752611],[13.015606,37.752254],[13.018763,37.749445],[13.018911,37.748923],[13.018413,37.747482],[13.018383,37.746766],[13.019013,37.74565],[13.020418,37.744954],[13.023432,37.744424],[13.027873,37.74226],[13.031245,37.739824],[13.03206,37.738862],[13.033015,37.736643],[13.0355,37.734158],[13.037028,37.732097],[13.03738,37.731077],[13.037635,37.725266],[13.038624,37.724255],[13.045384,37.719748],[13.046338,37.718528],[13.046622,37.717117],[13.046316,37.715089],[13.046701,37.713604],[13.047407,37.712588],[13.05001,37.710129],[13.050852,37.708607],[13.050826,37.706889],[13.050271,37.704405],[13.050622,37.703153],[13.051387,37.702138],[13.054163,37.700188],[13.05471,37.699249],[13.054731,37.698206],[13.05439,37.697369],[13.050861,37.693704],[13.050365,37.692893],[13.050177,37.691845],[13.051492,37.686373],[13.051904,37.685763],[13.053568,37.684739],[13.053629,37.683502],[13.054923,37.680924],[13.054918,37.679948],[13.054301,37.678557],[13.05441,37.677994],[13.054958,37.677456],[13.06976,37.673631],[13.071781,37.673882],[13.074232,37.674904],[13.076101,37.674657],[13.07699,37.674162],[13.077485,37.673478],[13.078116,37.665876],[13.078455,37.66523],[13.079341,37.664615],[13.081415,37.664532],[13.083529,37.665464],[13.084601,37.665532],[13.092571,37.664141],[13.096139,37.662997],[13.097233,37.6629],[13.099375,37.663143],[13.100811,37.662956],[13.104759,37.66123],[13.105464,37.6606],[13.106434,37.658867],[13.107075,37.658328],[13.109467,37.657812],[13.110184,37.657365],[13.110482,37.6564],[13.109839,37.654218],[13.110164,37.653351],[13.110601,37.653033],[13.116739,37.652705],[13.120801,37.652027],[13.121717,37.651107],[13.121917,37.650621],[13.121308,37.648112],[13.121613,37.647509],[13.122102,37.64715],[13.123137,37.647007],[13.125365,37.647713],[13.127544,37.646901],[13.131016,37.647155],[13.132744,37.647029],[13.134441,37.646615],[13.137075,37.645511],[13.139084,37.64584],[13.140069,37.645784],[13.141074,37.645269],[13.14301,37.643393],[13.146167,37.642915],[13.148924,37.641252],[13.150011,37.640898],[13.15147,37.641002],[13.153887,37.642196],[13.156822,37.642161],[13.163017,37.643942],[13.164015,37.644273],[13.165852,37.645556],[13.167469,37.645366],[13.169776,37.644628],[13.170444,37.644673],[13.171243,37.645198],[13.174079,37.648577],[13.177758,37.649977],[13.179091,37.650889],[13.180546,37.650956],[13.183771,37.649966],[13.186496,37.650396],[13.186981,37.650752],[13.189763,37.654409],[13.189512,37.65536],[13.187769,37.656231],[13.187408,37.657068],[13.188733,37.659992],[13.189509,37.660551],[13.195291,37.660685],[13.198176,37.660329],[13.200463,37.661071],[13.201358,37.660918],[13.202615,37.6602],[13.203308,37.660153],[13.204185,37.660536],[13.205256,37.66213],[13.206448,37.662359],[13.208763,37.661631],[13.21088,37.659052],[13.213235,37.658867],[13.21404,37.658284],[13.214782,37.655906],[13.214668,37.653199],[13.211383,37.647843],[13.211359,37.647349],[13.211963,37.64664],[13.213644,37.646496],[13.214408,37.646008],[13.214557,37.645411],[13.214203,37.643892],[13.214826,37.642071],[13.215514,37.640813],[13.217518,37.63853],[13.218509,37.638315],[13.219643,37.63884],[13.220937,37.643182],[13.221662,37.643625],[13.222572,37.643633],[13.22329,37.643098],[13.223932,37.641736],[13.226396,37.640511],[13.231273,37.636454],[13.232143,37.636219],[13.233954,37.636437],[13.234924,37.636252],[13.241183,37.631003],[13.2514,37.626881],[13.252422,37.626861],[13.253626,37.627343]]]}},{"type":"Feature","properties":{"id":10400678,"nome":"Ferrovia Dismessa Santa Ninfa-Salemi","uso":"","operatore":"","dal":"1933","wikipedia":"it:Ferrovia Santa Ninfa-Salemi"},"geometry":{"type":"MultiLineString","coordinates":[[[12.883318,37.764447],[12.887773,37.763357],[12.888514,37.763528],[12.889613,37.764286],[12.889806,37.765075],[12.889382,37.766904],[12.89101,37.768296],[12.891182,37.77078],[12.891604,37.771326],[12.892075,37.771544],[12.893287,37.77141],[12.895696,37.769833],[12.898251,37.769214]],[[12.873298,37.770097],[12.871559,37.76868],[12.870748,37.768658],[12.870195,37.768904],[12.869887,37.769416],[12.869849,37.770336],[12.868582,37.771879],[12.868312,37.773348],[12.86893,37.774529],[12.868896,37.775036],[12.867523,37.775973],[12.86732,37.776446],[12.86887,37.779344],[12.868143,37.781293],[12.868874,37.782786],[12.868487,37.784091],[12.868711,37.785684],[12.870229,37.78731],[12.870369,37.788623],[12.871534,37.791948],[12.87349,37.792942],[12.874189,37.79422],[12.873763,37.794867],[12.872969,37.795248],[12.871024,37.795035],[12.870453,37.795267],[12.870143,37.795816],[12.870314,37.796772],[12.87109,37.797384],[12.873232,37.797481],[12.873608,37.797857],[12.873676,37.798506],[12.872779,37.799688],[12.872768,37.80168],[12.872318,37.802748],[12.871545,37.803257],[12.870719,37.803401],[12.868106,37.802881],[12.866042,37.803363],[12.865481,37.80414],[12.865266,37.806644]]]}},{"type":"Feature","properties":{"id":10400679,"nome":"Ferrovia Dismessa Filaga-Palazzo Adriano","uso":"","operatore":"","dal":"","wikipedia":"it:Ferrovia Lercara-Filaga-Magazzolo"},"geometry":{"type":"MultiLineString","coordinates":[[[13.48075,37.701455],[13.4749,37.700876],[13.474236,37.701199],[13.471632,37.704396],[13.47053,37.704827],[13.468844,37.704868],[13.465937,37.705856],[13.464671,37.707163],[13.463472,37.707904],[13.460083,37.708714],[13.45918,37.708557],[13.457596,37.707762],[13.456627,37.707768],[13.455866,37.708028],[13.45489,37.710993],[13.455921,37.714458],[13.45597,37.715389],[13.455468,37.716177],[13.453615,37.717432],[13.451778,37.717644],[13.45049,37.718374],[13.44965,37.718585],[13.447334,37.71801],[13.445922,37.718767],[13.444961,37.718929],[13.441382,37.717925],[13.436747,37.717515],[13.4362,37.717285],[13.435781,37.716735],[13.436013,37.715981],[13.439296,37.714498],[13.439805,37.713707],[13.439071,37.710008],[13.438377,37.709247],[13.437817,37.709105],[13.435902,37.709434],[13.433651,37.708952],[13.432145,37.709143],[13.430033,37.708376],[13.428048,37.708513],[13.426046,37.708009],[13.423513,37.708447],[13.422986,37.708986],[13.422584,37.71035],[13.422059,37.71062],[13.421344,37.710597],[13.42075,37.710227],[13.420586,37.709841],[13.421306,37.708232],[13.421254,37.707621],[13.420799,37.707249],[13.417569,37.70611],[13.416763,37.704533],[13.412178,37.703365],[13.40767,37.702991],[13.407128,37.702759],[13.40585,37.701551],[13.405271,37.701502],[13.403704,37.701966],[13.403042,37.701891],[13.396846,37.700299],[13.394792,37.699279],[13.39318,37.697733],[13.392759,37.696397],[13.392914,37.694983],[13.392658,37.69459],[13.392191,37.694298],[13.389998,37.693801],[13.389228,37.692169],[13.388825,37.691803],[13.386981,37.692163],[13.384304,37.690208],[13.384077,37.689616],[13.384102,37.688399],[13.383718,37.687203],[13.384428,37.685882],[13.384265,37.684249],[13.384597,37.682459],[13.384063,37.681851],[13.381728,37.681194]]]}},{"type":"Feature","properties":{"id":10476272,"nome":"Ferrovia Ponte nelle Alpi - Conegliano","uso":"","operatore":"Rete Ferroviaria Italiana","dal":"","wikipedia":""},"geometry":{"type":"MultiLineString","coordinates":[[[12.319907,45.892794],[12.299517,45.884981]],[[12.277618,46.182268],[12.288149,46.183681],[12.2896,46.183675],[12.29099,46.183388],[12.294184,46.181744],[12.297692,46.177772],[12.302075,46.175005],[12.303994,46.174301],[12.308114,46.174048],[12.309917,46.173585],[12.31505,46.170762],[12.316268,46.16976],[12.317049,46.168724],[12.319214,46.164304],[12.319378,46.163601],[12.319164,46.162682],[12.318238,46.160792],[12.317865,46.15911],[12.319026,46.152303],[12.318715,46.150333],[12.318899,46.146008],[12.318444,46.144783],[12.316383,46.142162],[12.315934,46.14025],[12.316171,46.136791],[12.31709,46.131051],[12.319383,46.124248],[12.321943,46.121501],[12.32315,46.119489],[12.323876,46.116677],[12.325367,46.113484],[12.325762,46.110995],[12.327446,46.10822],[12.327341,46.106942],[12.32401,46.098516],[12.323996,46.097064],[12.324653,46.096044],[12.325528,46.095382],[12.330238,46.093584],[12.331774,46.092685],[12.332368,46.091937],[12.330966,46.074392],[12.331373,46.073662],[12.331984,46.073136],[12.335881,46.071429],[12.336734,46.070571],[12.337041,46.069817],[12.336958,46.068752],[12.336246,46.06773],[12.327778,46.061135],[12.322221,46.055756],[12.320843,46.054986],[12.317562,46.05397],[12.316202,46.053307],[12.314772,46.052292],[12.31147,46.04925],[12.307489,46.046494],[12.307077,46.0458],[12.307254,46.044513],[12.310638,46.040264],[12.311064,46.038795],[12.31066,46.037626],[12.307635,46.033258],[12.305809,46.029347],[12.303021,46.026996],[12.301616,46.025306],[12.299559,46.023753],[12.295762,46.020009],[12.293971,46.016945],[12.291571,46.014349],[12.288116,46.012335],[12.284836,46.009338],[12.284077,46.007848],[12.28414,46.006701],[12.285485,46.00265],[12.28705,46.000588],[12.288846,45.997407],[12.289399,45.995153],[12.289981,45.993812],[12.291533,45.991526],[12.294332,45.988884],[12.295029,45.98788],[12.29544,45.985605],[12.2966,45.983291],[12.296224,45.980684],[12.296525,45.979263],[12.297231,45.978284],[12.299636,45.976047],[12.300919,45.974138],[12.305887,45.963676],[12.318701,45.935379],[12.319355,45.932968],[12.319824,45.919993],[12.32008,45.918471],[12.320675,45.917065],[12.330324,45.899696],[12.330424,45.898843],[12.330235,45.897998],[12.3297,45.897132],[12.328898,45.896431],[12.320317,45.892955]],[[12.299023,45.884729],[12.30162,45.885743]],[[12.31626,46.13664],[12.316148,46.138421]],[[12.316206,46.138424],[12.316313,46.136638]],[[12.326317,46.095022],[12.330823,46.093275]]]}},{"type":"Feature","properties":{"id":10649992,"nome":"Nova Gorica - Gorizia C.le","uso":"","operatore":"Rete Ferroviaria Italiana","dal":"","wikipedia":""},"geometry":{"type":"MultiLineString","coordinates":[[[13.635587,45.955183],[13.633539,45.949057],[13.633585,45.947698],[13.63868,45.936476],[13.646068,45.929583],[13.64644,45.928389],[13.645774,45.927318],[13.64491,45.926883],[13.640534,45.925921],[13.615479,45.920838],[13.612776,45.920915],[13.611869,45.921233],[13.61125,45.921887],[13.611165,45.925272],[13.61075,45.926847],[13.607964,45.93174],[13.606822,45.933025]]]}},{"type":"Feature","properties":{"id":10655247,"nome":"Ronchi D.Leg Sud - Ronchi D. Leg Nord","uso":"","operatore":"Rete Ferroviaria Italiana","dal":"","wikipedia":""},"geometry":{"type":"MultiLineString","coordinates":[[[13.501301,45.818283],[13.508811,45.818911],[13.510706,45.81983],[13.511915,45.821356],[13.51235,45.822859],[13.512042,45.823878],[13.50594,45.830216]]]}},{"type":"Feature","properties":{"id":10655439,"nome":"Linea di cintura di Udine","uso":"","operatore":"Rete Ferroviaria Italiana","dal":"","wikipedia":"it:Linea di cintura (Udine)"},"geometry":{"type":"MultiLineString","coordinates":[[[13.261012,46.051754],[13.265678,46.048584],[13.267784,46.047838],[13.269188,46.047739],[13.270861,46.047978],[13.27249,46.048688],[13.273411,46.049459],[13.27414,46.050962],[13.273815,46.054551],[13.273313,46.057517],[13.27169,46.063311],[13.271043,46.064757],[13.269966,46.066212],[13.260567,46.074922],[13.257124,46.077542],[13.250802,46.08121],[13.249527,46.082257],[13.248628,46.083479],[13.248196,46.084608],[13.247708,46.089896]]]}},{"type":"Feature","properties":{"id":10676698,"nome":"Ferrovia Rodolfiana","uso":"","operatore":"Rete Ferroviaria Italiana","dal":"","wikipedia":"it:Ferrovia Rodolfiana"},"geometry":{"type":"MultiLineString","coordinates":[[[13.607276,46.506414],[13.620047,46.514818],[13.622608,46.515993],[13.625086,46.516188],[13.627104,46.516025],[13.633114,46.51402],[13.635383,46.513592],[13.638729,46.513982],[13.641279,46.515299],[13.642038,46.516115],[13.642563,46.517188],[13.642769,46.518281],[13.64258,46.519174],[13.641349,46.520744],[13.63803,46.523486],[13.637063,46.525045],[13.636659,46.526344],[13.636746,46.527351],[13.637219,46.528401],[13.639772,46.531518],[13.640206,46.533704]],[[13.60731,46.506392],[13.620091,46.514797],[13.622633,46.515962],[13.625087,46.516156],[13.627078,46.51599],[13.633111,46.513994],[13.635362,46.513573],[13.638433,46.513874],[13.641087,46.515111],[13.642062,46.516108],[13.642586,46.517181],[13.642792,46.518284],[13.642607,46.519177],[13.641367,46.520757],[13.638047,46.523494],[13.637082,46.525058],[13.636704,46.526501],[13.636798,46.527344],[13.637267,46.528387],[13.639827,46.531506],[13.640269,46.533702]]]}},{"type":"Feature","properties":{"id":10677030,"nome":"Pontebbana","uso":"","operatore":"Rete Ferroviaria Italiana","dal":"","wikipedia":"it:Ferrovia Pontebbana"},"geometry":{"type":"MultiLineString","coordinates":[[[13.24265,46.055932],[13.237289,46.054625],[13.23481,46.053679],[13.232616,46.053131],[13.229696,46.052776],[13.226858,46.05215],[13.206934,46.047177],[12.967899,45.962603],[12.963948,45.961579],[12.869757,45.959242],[12.867056,45.958851],[12.842182,45.953289],[12.835481,45.952007],[12.712078,45.941669],[12.709817,45.941857],[12.707639,45.942322],[12.698621,45.94569],[12.69638,45.946238],[12.668594,45.94735],[12.665228,45.947869],[12.66244,45.948862],[12.660083,45.950281],[12.652289,45.958116],[12.649904,45.959601],[12.648022,45.960168],[12.618091,45.966623],[12.614237,45.967134],[12.581672,45.968682],[12.5782,45.9683],[12.574946,45.967382],[12.557026,45.958719],[12.553848,45.957509],[12.550494,45.956554],[12.498419,45.948324]],[[12.498396,45.948392],[12.550481,45.956585],[12.55383,45.957538],[12.557514,45.958971],[12.574927,45.967408],[12.578188,45.96833],[12.581668,45.968715],[12.614239,45.967168],[12.617563,45.966767],[12.648037,45.960203],[12.649931,45.959631],[12.652332,45.958135],[12.660122,45.950302],[12.662466,45.948891],[12.665244,45.9479],[12.668597,45.947383],[12.696391,45.946269],[12.698644,45.94572],[12.707655,45.942354],[12.709826,45.94189],[12.71208,45.941701],[12.835475,45.95204],[12.86678,45.958829],[12.869754,45.959273],[12.963817,45.961603],[12.967477,45.962492],[13.206905,46.047204],[13.22664,46.052136],[13.229726,46.052816],[13.232517,46.053149],[13.234958,46.053758],[13.23765,46.054793],[13.242615,46.055999]]]}},{"type":"Feature","properties":{"id":10677628,"nome":"Torviscosa - Cervignano A.G.","uso":"","operatore":"Rete Ferroviaria Italiana","dal":"","wikipedia":"it:Ferrovia Venezia-Trieste"},"geometry":{"type":"MultiLineString","coordinates":[[[13.280293,45.826039],[13.31198,45.825318],[13.315389,45.825638],[13.322836,45.827141],[13.32614,45.827201],[13.328936,45.826846],[13.343224,45.823955],[13.350542,45.82221]],[[13.3188,45.826351],[13.320324,45.827027],[13.321099,45.827946],[13.321286,45.828707],[13.3212,45.83041],[13.321928,45.833125],[13.320925,45.837855],[13.320489,45.838926]],[[13.32123,45.829648],[13.32173,45.828329],[13.322165,45.827844],[13.323109,45.827363],[13.324172,45.82723]],[[13.324237,45.827233],[13.325418,45.827464],[13.326257,45.828088]],[[13.326372,45.828208],[13.327054,45.828972],[13.327131,45.82974],[13.325078,45.837888]]]}},{"type":"Feature","properties":{"id":10677868,"nome":"Ferrovia Meridionale","uso":"","operatore":"Rete Ferroviaria Italiana","dal":"","wikipedia":"it:Ferrovia Meridionale"},"geometry":{"type":"MultiLineString","coordinates":[[[13.83347,45.687585],[13.831754,45.687697],[13.830166,45.688319],[13.829088,45.689301],[13.828126,45.691389],[13.827435,45.692176],[13.826074,45.69285],[13.822482,45.693868],[13.819149,45.696269],[13.81538,45.697279],[13.81064,45.697391],[13.807301,45.699049],[13.805884,45.699452],[13.80451,45.699526],[13.803059,45.699279],[13.791158,45.694491]],[[13.791185,45.694457],[13.803093,45.699249],[13.805677,45.699444],[13.807267,45.699013],[13.810667,45.697354],[13.815411,45.697235],[13.819136,45.69623],[13.82237,45.693882],[13.826444,45.692685],[13.827405,45.692149],[13.82808,45.691387],[13.829043,45.689287],[13.830138,45.688292],[13.831743,45.687664],[13.833483,45.68755]]]}},{"type":"Feature","properties":{"id":10677869,"nome":"Ferrovia Meridionale","uso":"","operatore":"Rete Ferroviaria Italiana","dal":"","wikipedia":"it:Ferrovia Meridionale"},"geometry":{"type":"MultiLineString","coordinates":[[[13.771526,45.65832],[13.769369,45.661817],[13.763457,45.665541],[13.759199,45.670379],[13.757827,45.673225],[13.755883,45.675757],[13.755916,45.676885],[13.757162,45.67872],[13.757405,45.679436],[13.75724,45.680436],[13.756537,45.681313],[13.752944,45.683493],[13.748617,45.686842],[13.744258,45.689345],[13.741808,45.691399],[13.738824,45.694833],[13.736439,45.696464],[13.734986,45.69718],[13.731723,45.698047],[13.72853,45.699421],[13.72238,45.702799],[13.718493,45.705897],[13.717048,45.708995],[13.716313,45.709933],[13.713704,45.711585],[13.708869,45.714102],[13.706083,45.716283],[13.703281,45.718085],[13.700435,45.720523],[13.698022,45.721879],[13.697005,45.722797],[13.694445,45.726053],[13.687494,45.731836],[13.683401,45.734509],[13.67701,45.739449],[13.674367,45.741152],[13.668104,45.743955],[13.665525,45.744823],[13.663609,45.745906],[13.662346,45.747132],[13.661494,45.748453],[13.661303,45.749338],[13.661541,45.750259],[13.662139,45.751056],[13.663253,45.751788],[13.678449,45.75724],[13.681213,45.757553],[13.683921,45.756959],[13.685535,45.755987],[13.688636,45.753134],[13.69128,45.751073],[13.696159,45.749432],[13.69718,45.748863],[13.697881,45.748003],[13.698989,45.745135],[13.699929,45.744132],[13.701223,45.743496],[13.704351,45.742695],[13.705564,45.741915],[13.710445,45.736176],[13.712288,45.730521],[13.713047,45.729457],[13.714118,45.728627],[13.716335,45.727787],[13.718776,45.727646],[13.721025,45.728169],[13.724794,45.730094],[13.726265,45.730574],[13.728617,45.730677],[13.730637,45.730139],[13.731893,45.729374],[13.739411,45.723157],[13.74055,45.722628],[13.746005,45.720976],[13.750197,45.718033],[13.754876,45.715752],[13.76074,45.711935],[13.761756,45.710744],[13.762522,45.705951],[13.763384,45.70444],[13.764396,45.703614],[13.765776,45.702965],[13.76734,45.702615],[13.771027,45.702272],[13.772467,45.701775],[13.773534,45.701132],[13.774451,45.700208],[13.774917,45.699328],[13.775137,45.696644],[13.775563,45.69556],[13.776542,45.694471],[13.778562,45.693099],[13.780853,45.692123],[13.783525,45.69195],[13.785497,45.692382],[13.791158,45.694491]],[[13.77159,45.658338],[13.769401,45.661878],[13.763486,45.665564],[13.759272,45.670338],[13.757994,45.673029],[13.755931,45.675763],[13.756001,45.676982],[13.757185,45.678675],[13.757442,45.679387],[13.757312,45.680384],[13.756645,45.681273],[13.752985,45.68351],[13.748714,45.68682],[13.744354,45.689316],[13.742004,45.691253],[13.738843,45.694867],[13.736338,45.696571],[13.734901,45.697247],[13.731626,45.698119],[13.728585,45.699434],[13.722462,45.702785],[13.718567,45.705874],[13.717046,45.709092],[13.716231,45.710055],[13.713662,45.71166],[13.708725,45.714252],[13.705999,45.716387],[13.703324,45.718101],[13.700496,45.720526],[13.698022,45.721927],[13.697067,45.722787],[13.694505,45.72605],[13.687546,45.731845],[13.683366,45.734578],[13.676977,45.73952],[13.674385,45.741184],[13.668137,45.743979],[13.665121,45.745046],[13.663493,45.746067],[13.662247,45.747313],[13.661512,45.748536],[13.661361,45.74954],[13.661656,45.750384],[13.662413,45.751242],[13.663392,45.751811],[13.678435,45.757194],[13.681319,45.757509],[13.683973,45.756897],[13.685385,45.756048],[13.689431,45.752372],[13.69123,45.751054],[13.696143,45.7494],[13.69715,45.748839],[13.697844,45.747983],[13.698952,45.745121],[13.699969,45.74406],[13.701208,45.743464],[13.704305,45.742676],[13.705485,45.741935],[13.71035,45.736243],[13.712244,45.730513],[13.712967,45.729482],[13.714154,45.728563],[13.716291,45.727763],[13.718718,45.727609],[13.720981,45.728117],[13.724902,45.730104],[13.726337,45.730553],[13.728543,45.73065],[13.730708,45.730067],[13.731915,45.729305],[13.739442,45.723096],[13.74609,45.720882],[13.750096,45.718049],[13.754926,45.715677],[13.760863,45.711796],[13.761721,45.710678],[13.762474,45.705966],[13.76328,45.704495],[13.764444,45.703541],[13.765821,45.702917],[13.770947,45.702255],[13.773433,45.701163],[13.774404,45.700201],[13.774882,45.699308],[13.775092,45.696619],[13.775557,45.695491],[13.776504,45.69445],[13.778527,45.693076],[13.780835,45.692085],[13.783542,45.691899],[13.785524,45.692349],[13.791185,45.694457]],[[13.664519,45.75223],[13.662439,45.751831],[13.660326,45.751917],[13.658343,45.752499],[13.656829,45.753357]],[[13.65721,45.753173],[13.658827,45.752341],[13.660815,45.751886],[13.66275,45.751889],[13.664499,45.752259]]]}},{"type":"Feature","properties":{"id":10678015,"nome":"Udine - Trieste C.le","uso":"","operatore":"Rete Ferroviaria Italiana","dal":"","wikipedia":"it:Ferrovia Udine-Trieste"},"geometry":{"type":"MultiLineString","coordinates":[[[13.499048,45.837274],[13.488549,45.847931],[13.487547,45.849207],[13.486797,45.85071],[13.481739,45.868686],[13.481989,45.870015],[13.482393,45.870737],[13.487139,45.875933],[13.488394,45.876745],[13.489822,45.877234],[13.49396,45.877698],[13.501021,45.879609],[13.505268,45.881611],[13.510268,45.882255],[13.512744,45.882976],[13.514916,45.884426],[13.519421,45.889969],[13.520866,45.890899],[13.522148,45.891416],[13.52398,45.891801],[13.53827,45.893367],[13.539968,45.89393],[13.542739,45.89538],[13.544368,45.895948],[13.560199,45.899193],[13.56259,45.899242],[13.566447,45.898561],[13.56811,45.898509],[13.571713,45.89912],[13.573809,45.89988],[13.607544,45.918799],[13.610363,45.921018],[13.610878,45.92171],[13.611115,45.922583],[13.611025,45.926035],[13.610432,45.927465],[13.607352,45.93252],[13.605265,45.934409],[13.602711,45.935797],[13.596504,45.937834],[13.593084,45.938459],[13.590209,45.938521],[13.583935,45.938117],[13.577794,45.938941],[13.574489,45.939006],[13.549434,45.935259],[13.545332,45.9351],[13.542481,45.93533],[13.510446,45.939769],[13.481775,45.947539],[13.478928,45.948768],[13.457827,45.959388],[13.453229,45.961125],[13.410969,45.969659],[13.40868,45.970283],[13.40648,45.971288],[13.320368,46.017268],[13.316608,46.018579],[13.307482,46.020076],[13.30409,46.021382],[13.254702,46.056033],[13.25196,46.05698],[13.249247,46.057257],[13.247304,46.057038],[13.242765,46.055831]],[[13.506003,45.830231],[13.514529,45.821596],[13.520663,45.817913],[13.523276,45.815398],[13.52624,45.814044],[13.532136,45.81227],[13.535335,45.810355],[13.54116,45.808079],[13.552413,45.805773],[13.557852,45.80356],[13.565109,45.802468],[13.567031,45.802432],[13.570629,45.802933],[13.575362,45.802635],[13.581527,45.803857],[13.583414,45.803678],[13.585061,45.80311],[13.586154,45.802396],[13.58687,45.801621],[13.589795,45.796087],[13.591011,45.795054],[13.594132,45.793452],[13.595412,45.792182],[13.597152,45.789515],[13.597461,45.78656],[13.598275,45.785085],[13.601881,45.781343],[13.605524,45.779213],[13.609588,45.777886],[13.611148,45.777594],[13.612769,45.777592],[13.617222,45.778199],[13.62285,45.77788],[13.624371,45.777538],[13.626979,45.776516],[13.628712,45.776217],[13.630932,45.776327],[13.638853,45.777768],[13.641348,45.777517],[13.643652,45.776511],[13.651689,45.770547],[13.652893,45.769267],[13.653381,45.768046],[13.653372,45.766814],[13.650518,45.76137],[13.650382,45.760233],[13.650734,45.759008],[13.651971,45.757153],[13.658259,45.752286],[13.663236,45.746272],[13.665121,45.745046],[13.668137,45.743979],[13.673894,45.741453],[13.67671,45.73971],[13.683317,45.734613],[13.687649,45.731769],[13.692028,45.728136],[13.694701,45.725856],[13.697067,45.722787],[13.698022,45.721927],[13.700496,45.720526],[13.703324,45.718101],[13.705999,45.716387],[13.708725,45.714252],[13.713662,45.71166],[13.716231,45.710055],[13.717046,45.709092],[13.718567,45.705874],[13.722384,45.702842],[13.728585,45.699434],[13.731626,45.698119],[13.734901,45.697247],[13.736338,45.696571],[13.738843,45.694867],[13.742004,45.691253],[13.744354,45.689316],[13.748714,45.68682],[13.752985,45.68351],[13.756552,45.68135],[13.757267,45.680486],[13.757454,45.679488],[13.757199,45.678699],[13.756001,45.676982],[13.755931,45.675763],[13.757994,45.673029],[13.759272,45.670338],[13.763486,45.665564],[13.769401,45.661878],[13.77159,45.658338]],[[13.771526,45.65832],[13.769369,45.661817],[13.763457,45.665541],[13.759199,45.670379],[13.757827,45.673225],[13.755883,45.675757],[13.755916,45.676885],[13.757162,45.67872],[13.757405,45.679436],[13.75724,45.680436],[13.756537,45.681313],[13.752944,45.683493],[13.748617,45.686842],[13.744258,45.689345],[13.741808,45.691399],[13.738824,45.694833],[13.736439,45.696464],[13.734986,45.69718],[13.731723,45.698047],[13.72853,45.699421],[13.72238,45.702799],[13.718493,45.705897],[13.717023,45.709041],[13.716168,45.710052],[13.713704,45.711585],[13.708869,45.714102],[13.706083,45.716283],[13.703281,45.718085],[13.700435,45.720523],[13.698022,45.721879],[13.697005,45.722797],[13.694576,45.725925],[13.691885,45.728207],[13.687738,45.731655],[13.683088,45.734734],[13.676684,45.739683],[13.673805,45.741453],[13.668104,45.743955],[13.665525,45.744823],[13.663096,45.746322],[13.658306,45.752169],[13.651818,45.757156],[13.650625,45.758931],[13.650285,45.760294],[13.650459,45.761376],[13.653322,45.766795],[13.653331,45.768062],[13.65283,45.769288],[13.651686,45.770501],[13.643625,45.776484],[13.641561,45.777417],[13.639487,45.777736],[13.637703,45.777622],[13.630959,45.776301],[13.629222,45.776165],[13.627247,45.776412],[13.624009,45.777611],[13.622559,45.77788],[13.617017,45.778169],[13.611863,45.777527],[13.608913,45.778064],[13.60481,45.779485],[13.602405,45.780923],[13.601176,45.781953],[13.597761,45.785725],[13.597336,45.786965],[13.597089,45.789551],[13.595232,45.792353],[13.593991,45.793503],[13.591199,45.794899],[13.589924,45.795898],[13.589298,45.796746],[13.586872,45.801547],[13.585921,45.802539],[13.584828,45.803179],[13.583167,45.803693],[13.581252,45.803815],[13.575578,45.802622],[13.570712,45.802903],[13.566078,45.802367],[13.558077,45.803475],[13.552513,45.805707],[13.540978,45.808108],[13.535319,45.810324],[13.53198,45.812297],[13.526221,45.814013],[13.524063,45.814916],[13.522627,45.815847],[13.520552,45.817945],[13.515656,45.82073],[13.514289,45.821758],[13.488593,45.847824],[13.487341,45.84946],[13.486558,45.851348],[13.481693,45.868693],[13.481867,45.869812],[13.482445,45.870889],[13.487467,45.876246],[13.489767,45.877253],[13.493987,45.877737],[13.501043,45.879651],[13.505417,45.881689],[13.510204,45.882277],[13.512728,45.883005],[13.515049,45.884621],[13.519391,45.889992],[13.520832,45.890927],[13.522473,45.891545],[13.537867,45.893315],[13.53995,45.893962],[13.544118,45.895916],[13.560057,45.899207],[13.562662,45.899268],[13.566451,45.898592],[13.568434,45.898562],[13.571625,45.899133],[13.57373,45.899881],[13.607482,45.918804],[13.610421,45.921137],[13.610903,45.921881],[13.611089,45.922836],[13.611133,45.924909],[13.610844,45.926454],[13.607918,45.93173],[13.60553,45.934146],[13.602994,45.935632],[13.601146,45.936347],[13.595887,45.937961],[13.592587,45.938464],[13.583938,45.938087],[13.577789,45.938906],[13.574492,45.938971],[13.551219,45.935453],[13.546484,45.935049],[13.542475,45.935295],[13.510429,45.939739],[13.481752,45.947514],[13.479463,45.948466],[13.457953,45.959287],[13.453213,45.961091],[13.410953,45.969627],[13.408649,45.970256],[13.406048,45.971474],[13.320342,46.017244],[13.316597,46.018549],[13.307466,46.020048],[13.304026,46.021374],[13.25486,46.055912],[13.252244,46.056881],[13.24925,46.057218],[13.247313,46.056962],[13.242854,46.055764]]]}},{"type":"Feature","properties":{"id":10678375,"nome":"Casarsa - Portogruaro C.","uso":"","operatore":"Rete Ferroviaria Italiana","dal":"","wikipedia":"it:Ferrovia Casarsa-Portogruaro"},"geometry":{"type":"MultiLineString","coordinates":[[[12.84087,45.952971],[12.836108,45.951981],[12.834285,45.951173],[12.833393,45.950382],[12.832834,45.949456],[12.832647,45.948459],[12.832847,45.947464],[12.8364,45.941085],[12.848314,45.918071],[12.853181,45.909447],[12.86129,45.896643],[12.878986,45.866711],[12.879692,45.864312],[12.879865,45.856504],[12.879364,45.854408],[12.863576,45.816547],[12.86265,45.814898],[12.840672,45.785264],[12.838689,45.783991],[12.824063,45.778119]]]}},{"type":"Feature","properties":{"id":10678970,"nome":"Linea di cintura di Trieste","uso":"","operatore":"Rete Ferroviaria Italiana","dal":"","wikipedia":"it:Linea di cintura di Trieste"},"geometry":{"type":"MultiLineString","coordinates":[[[13.771526,45.65832],[13.769757,45.661362],[13.769181,45.661981],[13.771413,45.658287]],[[13.771249,45.658241],[13.7688,45.662223],[13.769434,45.661565],[13.771355,45.658271]],[[13.771759,45.658386],[13.769621,45.661882],[13.770151,45.661381],[13.771331,45.659318]],[[13.771699,45.658369],[13.770045,45.6612],[13.769401,45.661878],[13.77159,45.658338]],[[13.770045,45.6612],[13.769497,45.661919],[13.768095,45.662811],[13.769955,45.661668],[13.771396,45.659336]],[[13.769401,45.661878],[13.763621,45.66546],[13.761465,45.667809],[13.760887,45.668685],[13.7607,45.66944],[13.760976,45.670455],[13.761549,45.671208],[13.762438,45.671616],[13.764396,45.67196],[13.767696,45.671939],[13.76924,45.671466],[13.77097,45.670621],[13.784304,45.661213],[13.786754,45.6589],[13.787892,45.657046],[13.788536,45.655637],[13.790361,45.648802],[13.790135,45.645941],[13.788859,45.64438],[13.78749,45.64339],[13.777464,45.639926],[13.774441,45.639208],[13.771919,45.638029]],[[13.7688,45.662223],[13.763588,45.665435],[13.761343,45.667881]],[[13.755194,45.646239],[13.75206,45.643024],[13.752174,45.641886],[13.753243,45.641005],[13.754587,45.640461],[13.758137,45.639678],[13.761527,45.63841],[13.769374,45.637389],[13.770549,45.637536],[13.774299,45.639193],[13.777443,45.639952],[13.787166,45.643254],[13.789183,45.644768],[13.790116,45.64597],[13.790318,45.646942],[13.790326,45.648801],[13.788411,45.655867],[13.786898,45.658678],[13.784305,45.661173],[13.770949,45.670602],[13.769787,45.671182],[13.76771,45.671913],[13.760893,45.672158],[13.758279,45.673207],[13.756864,45.674398]],[[13.769181,45.661981],[13.768056,45.662785]],[[13.762795,45.638245],[13.769036,45.637357],[13.77043,45.637472],[13.771611,45.637892]],[[13.752625,45.643777],[13.755014,45.646323]],[[13.754967,45.646344],[13.752905,45.644083]],[[13.753479,45.644568],[13.755142,45.646266]],[[13.768095,45.662811],[13.767696,45.663003]],[[13.764396,45.67196],[13.761764,45.672049],[13.760348,45.672348],[13.758307,45.673229],[13.756907,45.674417]]]}},{"type":"Feature","properties":{"id":10908967,"nome":"Ferrovia Incompiuta Calatafimi Gaggera-Salemi","uso":"","operatore":"","dal":"","wikipedia":"it:Ferrovia Salemi-Kaggera"},"geometry":{"type":"MultiLineString","coordinates":[[[12.855776,37.937207],[12.853666,37.93415],[12.852486,37.932008],[12.849492,37.927986],[12.849094,37.924757],[12.849084,37.92398],[12.849376,37.923131],[12.850979,37.920977],[12.851625,37.91808],[12.853257,37.91666],[12.853963,37.915548],[12.853922,37.915093],[12.852567,37.914161],[12.852046,37.913498],[12.851935,37.912741],[12.852507,37.91033],[12.854653,37.908718],[12.854776,37.907535],[12.854439,37.906753],[12.853528,37.906324],[12.852524,37.906352],[12.849226,37.908574],[12.848553,37.908711],[12.847795,37.908588],[12.845966,37.907729],[12.843536,37.908097],[12.842027,37.907078],[12.838655,37.905693],[12.835068,37.903747],[12.833466,37.902518],[12.832773,37.901151],[12.832422,37.899239],[12.832024,37.898347],[12.83238,37.897091],[12.832216,37.895643],[12.832455,37.894305],[12.832979,37.893415],[12.833793,37.892776],[12.835955,37.891926],[12.836288,37.890962],[12.835896,37.89034],[12.833947,37.889454],[12.833194,37.888808],[12.832244,37.887296],[12.829096,37.886285],[12.827375,37.884845],[12.827278,37.884231],[12.827718,37.883084],[12.826938,37.881369],[12.826376,37.878811],[12.827251,37.877214],[12.827101,37.876706],[12.825946,37.875535],[12.825584,37.874316],[12.825633,37.873667],[12.826366,37.872429],[12.826398,37.871037],[12.826081,37.870641],[12.825117,37.870492],[12.819879,37.870818],[12.81888,37.870348],[12.817661,37.869373],[12.817135,37.868259],[12.818236,37.866752],[12.81816,37.864871],[12.817826,37.864183],[12.81519,37.861432],[12.815161,37.860858],[12.815588,37.859582],[12.815233,37.858868],[12.814057,37.858514],[12.80998,37.859333],[12.808898,37.859248],[12.807785,37.85877],[12.80712,37.858116],[12.806635,37.857109],[12.806061,37.854444],[12.805573,37.853543],[12.803405,37.852034],[12.801395,37.851246],[12.801054,37.850441],[12.801863,37.847673],[12.802897,37.846307],[12.803282,37.84532],[12.803313,37.843985],[12.802627,37.842034],[12.802631,37.840702],[12.802864,37.839339],[12.803639,37.837563],[12.80384,37.834559],[12.802777,37.832114],[12.802918,37.831643],[12.80395,37.830391],[12.804631,37.825802],[12.805257,37.824836],[12.805767,37.824485],[12.807375,37.824338],[12.808577,37.824757],[12.809235,37.825453],[12.808955,37.827646],[12.807477,37.830888],[12.807851,37.83166],[12.80868,37.831985],[12.81349,37.830966],[12.81481,37.830368],[12.816689,37.828132],[12.817263,37.825894],[12.817208,37.825229],[12.815824,37.823516],[12.815773,37.82256],[12.816428,37.821776],[12.819096,37.820339],[12.820476,37.820482],[12.824584,37.822271],[12.826598,37.822766],[12.827112,37.823166],[12.827842,37.824687],[12.828509,37.82518],[12.831398,37.825464],[12.833729,37.826986],[12.834739,37.827164],[12.835577,37.827041],[12.843576,37.824503],[12.849708,37.82004],[12.853238,37.819086],[12.855814,37.817669],[12.857662,37.81747],[12.86095,37.817917],[12.863193,37.817224],[12.864521,37.81569],[12.865266,37.806644]]]}},{"type":"Feature","properties":{"id":10964542,"nome":"Ferrovia Palmanova - San Giorgio","uso":"","operatore":"","dal":"","wikipedia":"it:Ferrovia Palmanova-San Giorgio di Nogaro"},"geometry":{"type":"MultiLineString","coordinates":[[[13.297298,45.902966],[13.29712,45.90158],[13.296421,45.900329],[13.272606,45.875867],[13.222769,45.830629],[13.220939,45.82952],[13.218178,45.82904]]]}},{"type":"Feature","properties":{"id":10969713,"nome":"Stazione di Bergamo","uso":"","operatore":"","dal":"","wikipedia":""},"geometry":{"type":"MultiLineString","coordinates":[[[9.670589,45.688833],[9.673805,45.69001]],[[9.671019,45.688971],[9.673449,45.68977]],[[9.670602,45.688793],[9.670602,45.688793]],[[9.676818,45.690827],[9.670687,45.688821],[9.6733,45.689678]],[[9.670687,45.688821],[9.67144,45.689067]],[[9.675783,45.689454],[9.672033,45.689114],[9.670632,45.688763]],[[9.67411,45.689183],[9.676329,45.689495],[9.683487,45.691251],[9.685237,45.691327]],[[9.673173,45.689154],[9.674472,45.689109],[9.676005,45.689368]],[[9.67608,45.689341],[9.67358,45.689132]],[[9.676514,45.68949],[9.682004,45.690885]],[[9.678888,45.69015],[9.682632,45.691139],[9.681106,45.69099],[9.678836,45.690297]],[[9.682044,45.691058],[9.678841,45.690258]],[[9.683487,45.691251],[9.680949,45.690869],[9.678843,45.690211]],[[9.682141,45.69104],[9.67889,45.690187]],[[9.680015,45.690235],[9.681313,45.690692]],[[9.680718,45.690442],[9.682299,45.690768]],[[9.681043,45.690595],[9.684583,45.691077],[9.687074,45.691028]],[[9.680778,45.690407],[9.686146,45.691071]],[[9.687268,45.69106],[9.681553,45.690688]],[[9.681994,45.691144],[9.680665,45.691162],[9.679199,45.690863]],[[9.682901,45.691175],[9.680835,45.69106],[9.67931,45.690677]],[[9.686565,45.6913],[9.682685,45.691768],[9.679637,45.691475]],[[9.684739,45.692006],[9.682436,45.692118]],[[9.682526,45.692154],[9.685349,45.691935]],[[9.685774,45.691857],[9.682569,45.692202]],[[9.683798,45.692377],[9.685314,45.691987]],[[9.685462,45.691944],[9.683748,45.692346]]]}},{"type":"Feature","properties":{"id":11036391,"nome":"Ferrovia Dismessa Siracusa Nuova - Bivio Giarratana - Ragusa","uso":"","operatore":"","dal":"1915-1922","wikipedia":"it:Ferrovia Siracusa-Ragusa-Vizzini"},"geometry":{"type":"MultiLineString","coordinates":[[[15.278721,37.068666],[15.276441,37.069226],[15.274073,37.068918],[15.271653,37.070181],[15.26907,37.070367],[15.26625,37.071411],[15.265151,37.071518],[15.254208,37.070267],[15.249474,37.068788],[15.239127,37.067412],[15.235978,37.067521],[15.235575,37.067403],[15.235274,37.067005],[15.235489,37.064527],[15.234149,37.060859],[15.231683,37.059619],[15.22929,37.057765],[15.228227,37.057745],[15.223958,37.058479],[15.223317,37.059086],[15.223281,37.059993],[15.223026,37.060561],[15.218436,37.06216],[15.217478,37.061693],[15.216465,37.05883],[15.216143,37.058461],[15.213944,37.057115],[15.213088,37.0571],[15.21164,37.058265],[15.206246,37.061576],[15.203168,37.0662],[15.201542,37.067513],[15.200839,37.071365],[15.196412,37.075183],[15.188223,37.077951],[15.175978,37.083226],[15.164942,37.081065],[15.158819,37.08289],[15.158375,37.083191],[15.158268,37.083776],[15.159463,37.086738],[15.159367,37.087138],[15.157248,37.090561],[15.155313,37.091761],[15.145334,37.091873],[15.133639,37.097132],[15.129388,37.098056],[15.125219,37.099481],[15.124574,37.100244],[15.124462,37.100854],[15.126027,37.104191],[15.128501,37.108496],[15.131374,37.109656],[15.131564,37.110209],[15.131339,37.11139],[15.132249,37.112279],[15.132358,37.11288],[15.132045,37.113345],[15.128488,37.115981],[15.122694,37.117408],[15.118377,37.117866],[15.116207,37.118945],[15.115786,37.119591],[15.11574,37.120257],[15.11696,37.122326],[15.117121,37.123934],[15.117862,37.125205],[15.11792,37.1257],[15.115326,37.128276],[15.110805,37.130143],[15.108891,37.130595],[15.107109,37.130866],[15.10245,37.130604],[15.095311,37.131958],[15.093599,37.132481],[15.092872,37.132931],[15.09166,37.134932],[15.089305,37.135669],[15.087301,37.13556],[15.08485,37.136125],[15.083592,37.135895],[15.082041,37.136094],[15.080883,37.13596],[15.079796,37.135304],[15.079167,37.135325],[15.078493,37.135687],[15.077666,37.13748],[15.07586,37.138745],[15.073552,37.138874],[15.071437,37.139466],[15.069757,37.138621],[15.06919,37.138647],[15.067626,37.139334],[15.064158,37.140178],[15.063184,37.141687],[15.06225,37.142673],[15.061773,37.144167],[15.059972,37.146328],[15.059501,37.147516],[15.058732,37.147676],[15.056943,37.147433],[15.054047,37.147526],[15.051009,37.148311],[15.050369,37.147983],[15.04982,37.146964],[15.046635,37.144724],[15.046199,37.143732],[15.046154,37.142522],[15.045845,37.142023],[15.044691,37.1413],[15.04266,37.141196],[15.04153,37.140721],[15.040421,37.139233],[15.040191,37.138192],[15.039345,37.137297],[15.038452,37.137087],[15.036305,37.13769],[15.035113,37.137414],[15.033181,37.136484],[15.032756,37.135815],[15.033004,37.134461],[15.032511,37.133781],[15.03185,37.13339],[15.030452,37.133036],[15.027548,37.131198],[15.025279,37.131305],[15.024565,37.13105],[15.024173,37.130614],[15.02363,37.128059],[15.022023,37.127114],[15.021066,37.127044],[15.018225,37.128323],[15.016747,37.129723],[15.015118,37.12986],[15.01443,37.129331],[15.014161,37.127967],[15.011005,37.125726],[15.008694,37.121926],[15.007304,37.121009],[15.005215,37.12115],[15.003274,37.119212],[15.002564,37.119057],[15.001884,37.119229],[15.001556,37.119525],[15.000897,37.121067],[14.999687,37.121235],[14.997432,37.120282],[14.996733,37.117869],[14.996285,37.117325],[14.995311,37.117003],[14.994556,37.117212],[14.99418,37.117604],[14.994041,37.11891],[14.993572,37.119392],[14.98869,37.119431],[14.987763,37.119168],[14.98764,37.118512],[14.988178,37.11709],[14.986559,37.114733],[14.986862,37.114138],[14.988725,37.112916],[14.988807,37.112322],[14.988213,37.11169],[14.987595,37.111614],[14.985695,37.11215],[14.985099,37.112087],[14.982442,37.110326],[14.980248,37.109723],[14.978565,37.109639],[14.977908,37.109102],[14.977445,37.108021],[14.976933,37.107667],[14.974822,37.107723],[14.972834,37.107419],[14.970697,37.105568],[14.969997,37.105285],[14.968623,37.105297],[14.965782,37.106598],[14.964473,37.106823],[14.963538,37.106285],[14.963248,37.105133],[14.96253,37.104146],[14.960089,37.103885],[14.9583,37.104102],[14.957748,37.103867],[14.957087,37.10279],[14.955739,37.101925],[14.953863,37.099716],[14.952627,37.099375],[14.948793,37.097343],[14.94685,37.096563],[14.945951,37.095795],[14.945824,37.09523],[14.946125,37.094535],[14.94693,37.093899],[14.948538,37.09319],[14.948946,37.092647],[14.948883,37.092041],[14.947617,37.089107],[14.947873,37.087855],[14.94734,37.086771],[14.947473,37.086218],[14.948305,37.085159],[14.948207,37.084483],[14.948463,37.082708],[14.947734,37.081405],[14.944846,37.080572],[14.943516,37.07917],[14.942525,37.079135],[14.941167,37.080225],[14.940476,37.080372],[14.939224,37.080132],[14.938658,37.079767],[14.938483,37.078436],[14.938196,37.078101],[14.935035,37.077004],[14.93427,37.077098],[14.93253,37.078095],[14.930623,37.077563],[14.926573,37.076881],[14.923461,37.077315],[14.922528,37.077221],[14.920504,37.076338],[14.918189,37.076209],[14.915954,37.075484],[14.910982,37.07342],[14.909095,37.072274],[14.905304,37.071022],[14.903784,37.070762],[14.901889,37.069431],[14.89924,37.069183],[14.897395,37.068353],[14.892799,37.06926],[14.890201,37.068554],[14.88869,37.067665],[14.888194,37.066508],[14.887749,37.06603],[14.885033,37.065333],[14.884602,37.064925],[14.884266,37.06411],[14.883829,37.06382],[14.883048,37.063753],[14.881293,37.064427],[14.878177,37.063976],[14.877712,37.06374],[14.87738,37.063122],[14.87802,37.06169],[14.877952,37.061099],[14.877544,37.060729],[14.876383,37.060433],[14.875975,37.060121],[14.874472,37.057341],[14.873404,37.056484],[14.872434,37.056539],[14.87135,37.057917],[14.869086,37.058399],[14.867483,37.059428],[14.86698,37.060151],[14.866855,37.061205],[14.866457,37.061644],[14.865308,37.061712],[14.863861,37.060673],[14.862538,37.060487],[14.860341,37.06205],[14.860038,37.063083],[14.859674,37.063436],[14.856772,37.064169],[14.854171,37.065154],[14.85341,37.066222],[14.852626,37.066892],[14.852196,37.067711],[14.851252,37.067962],[14.849677,37.067275],[14.848907,37.067404],[14.848451,37.067915],[14.848073,37.069675],[14.847437,37.070223],[14.845441,37.070013],[14.8439,37.07075],[14.841384,37.070528],[14.840357,37.069789],[14.840019,37.068485],[14.8382,37.066775],[14.837523,37.066597],[14.836875,37.06679],[14.835789,37.067554],[14.834137,37.067605],[14.832901,37.06805],[14.831825,37.068939],[14.829902,37.069357],[14.82687,37.071128],[14.824558,37.070915],[14.823351,37.071185],[14.821326,37.070669],[14.820073,37.070005],[14.819899,37.068608],[14.819242,37.067033],[14.818332,37.066412],[14.817764,37.065427],[14.817797,37.064254],[14.817613,37.063833],[14.816319,37.063049],[14.815839,37.062226],[14.814861,37.061485],[14.814358,37.059726],[14.815034,37.058718],[14.815176,37.057904],[14.814956,37.055322],[14.8145,37.054424],[14.813935,37.054149],[14.812599,37.054091],[14.81113,37.05496],[14.809281,37.054992],[14.80808,37.055308],[14.807681,37.055753],[14.807436,37.056832],[14.805808,37.057426],[14.803832,37.059076],[14.803713,37.060895],[14.80318,37.061267],[14.802552,37.061334],[14.801878,37.061035],[14.801661,37.060454],[14.802165,37.05892],[14.802137,37.058026],[14.802699,37.057028],[14.802503,37.056408],[14.800571,37.055008],[14.799249,37.053214],[14.797008,37.052221],[14.796372,37.05223],[14.795646,37.052729],[14.794915,37.053797],[14.794896,37.054372],[14.795352,37.055392],[14.794788,37.056151],[14.79077,37.056552],[14.789784,37.058156],[14.787484,37.060218],[14.786786,37.061307],[14.785858,37.061514],[14.784793,37.061283],[14.78412,37.06149],[14.783301,37.063176],[14.782522,37.063818],[14.779455,37.064043],[14.778515,37.06375],[14.777846,37.062226],[14.77658,37.06171],[14.775785,37.060833],[14.774085,37.059877],[14.773371,37.059098],[14.772465,37.058949],[14.77085,37.059444],[14.770125,37.059184],[14.769827,37.058706],[14.769682,37.057695],[14.769183,37.057321],[14.768031,37.057232],[14.766825,37.056821],[14.76589,37.056834],[14.764598,37.056404],[14.760099,37.056119],[14.754788,37.053889],[14.752175,37.053583],[14.750925,37.053225],[14.750153,37.052697],[14.7498,37.051893],[14.749322,37.05152],[14.748203,37.051597],[14.745492,37.053112],[14.744793,37.05301],[14.743655,37.052268],[14.742495,37.050511],[14.742791,37.048269],[14.743428,37.04737],[14.743451,37.046882],[14.74121,37.044919],[14.741309,37.043301],[14.740235,37.041328],[14.740346,37.040731],[14.741307,37.040089],[14.741627,37.03958],[14.741571,37.039085],[14.740895,37.038191],[14.740847,37.036071],[14.741717,37.03435],[14.741238,37.033825],[14.740133,37.033247],[14.739326,37.031763],[14.739426,37.031155],[14.741987,37.029197],[14.742176,37.028842],[14.742051,37.028198],[14.740758,37.027165],[14.740776,37.026611],[14.741284,37.025636],[14.740817,37.02439],[14.741064,37.022978],[14.740295,37.022389],[14.739067,37.022179],[14.737854,37.022464],[14.736762,37.023313],[14.735806,37.023312],[14.735247,37.022699],[14.73539,37.021846],[14.735153,37.021146],[14.7345,37.020379],[14.733656,37.020115],[14.730313,37.021032],[14.72701,37.023342],[14.724499,37.023368],[14.722457,37.022796],[14.718844,37.01921],[14.717024,37.018209],[14.716106,37.0181],[14.71445,37.018915],[14.713855,37.018772],[14.713356,37.018338],[14.713357,37.017655],[14.714053,37.016362],[14.713799,37.015298],[14.713941,37.014018],[14.714695,37.012672],[14.714297,37.008907],[14.71543,37.00615],[14.716199,37.005705],[14.716993,37.005786],[14.721213,37.008612],[14.722088,37.008484],[14.722592,37.007853],[14.718602,36.99662],[14.718326,36.996088],[14.717213,36.995125],[14.714334,36.993101],[14.713091,36.991647],[14.71171,36.989166],[14.710072,36.987504],[14.708337,36.983483],[14.706133,36.981744],[14.704334,36.979113],[14.701884,36.977208],[14.699786,36.974121],[14.697111,36.968],[14.696745,36.963685],[14.691421,36.952373],[14.690898,36.95186],[14.688401,36.950622],[14.688044,36.950051],[14.688645,36.946394],[14.688416,36.935878],[14.68729,36.932675],[14.68741,36.931306],[14.689272,36.927541],[14.694127,36.923874],[14.694517,36.923331],[14.695163,36.921117],[14.697279,36.919337],[14.707712,36.906533],[14.70795,36.906051],[14.707636,36.903586],[14.708003,36.902872],[14.710695,36.902529],[14.712806,36.902661],[14.715602,36.903051],[14.716997,36.903824],[14.717614,36.904686],[14.718348,36.907169],[14.719072,36.908025],[14.721138,36.909568],[14.721671,36.910617],[14.721651,36.911526],[14.72077,36.914109],[14.72069,36.916936],[14.721067,36.91881],[14.720953,36.92084],[14.721106,36.92156],[14.721841,36.922461],[14.72261,36.922841],[14.724289,36.922886],[14.725056,36.922576],[14.725706,36.921963],[14.726002,36.921271],[14.726031,36.920315]]]}},{"type":"Feature","properties":{"id":11039465,"nome":"Ferrovia Dismessa Bivio Giarratana - Vizzini Campagna","uso":"","operatore":"","dal":"1923","wikipedia":""},"geometry":{"type":"MultiLineString","coordinates":[[[14.778987,37.064002],[14.777304,37.064195],[14.776304,37.064544],[14.774471,37.064567],[14.773764,37.064933],[14.773172,37.067345],[14.773233,37.068781],[14.772515,37.070347],[14.772832,37.071207],[14.775217,37.07226],[14.776204,37.072042],[14.7776,37.070345],[14.778215,37.070048],[14.779243,37.070249],[14.780388,37.071592],[14.780492,37.072019],[14.780234,37.07247],[14.779348,37.073189],[14.778383,37.074742],[14.77716,37.075767],[14.777138,37.076373],[14.777726,37.077447],[14.777605,37.078483],[14.777964,37.079474],[14.77794,37.08003],[14.776977,37.081552],[14.777101,37.083384],[14.777613,37.084126],[14.778719,37.08489],[14.779646,37.087741],[14.779809,37.089469],[14.780057,37.089953],[14.781772,37.090763],[14.783173,37.091031],[14.783636,37.09166],[14.783427,37.093701],[14.78396,37.095224],[14.783925,37.095958],[14.783399,37.096281],[14.782068,37.096499],[14.781417,37.096938],[14.780794,37.097834],[14.780521,37.098667],[14.779403,37.099891],[14.779306,37.100568],[14.77965,37.101927],[14.779508,37.102449],[14.779222,37.10274],[14.777646,37.103286],[14.777223,37.103776],[14.776915,37.10487],[14.777177,37.106949],[14.778158,37.108861],[14.777521,37.110002],[14.777583,37.110474],[14.780039,37.112906],[14.780798,37.114283],[14.782244,37.115707],[14.784356,37.117008],[14.786008,37.117649],[14.787763,37.119567],[14.788256,37.119824],[14.789026,37.119933],[14.791026,37.119679],[14.7929,37.120033],[14.793608,37.119726],[14.795658,37.118024],[14.799327,37.11825],[14.800963,37.117721],[14.805828,37.119591],[14.80639,37.120163],[14.807081,37.121574],[14.807478,37.121829],[14.808313,37.121889],[14.809846,37.121228],[14.811762,37.121958],[14.812179,37.12239],[14.812969,37.124076],[14.812758,37.126224],[14.813838,37.127648],[14.813686,37.128674],[14.813829,37.129041],[14.814336,37.129411],[14.815587,37.129497],[14.81626,37.12985],[14.816571,37.130986],[14.817489,37.131786],[14.818375,37.133706],[14.820643,37.134214],[14.822613,37.135418],[14.823065,37.137657],[14.822318,37.1388],[14.822309,37.139548],[14.824576,37.141781],[14.825548,37.143067],[14.826713,37.143784],[14.828043,37.14531],[14.828918,37.146764],[14.829958,37.1492],[14.829735,37.150375],[14.828825,37.152175],[14.828041,37.153196],[14.82744,37.153589],[14.826792,37.153693],[14.826073,37.153521],[14.820588,37.150539],[14.819498,37.150305],[14.818784,37.150394],[14.81745,37.150903],[14.816322,37.152017],[14.815144,37.153777],[14.812923,37.154649],[14.812058,37.155374],[14.811458,37.156361],[14.810856,37.156647],[14.810142,37.156582],[14.809621,37.156158],[14.809565,37.155581],[14.810061,37.154355],[14.809407,37.153606],[14.80856,37.153178],[14.80716,37.153216],[14.806,37.152591],[14.805208,37.15259],[14.803715,37.153831],[14.802614,37.155268],[14.801122,37.155884],[14.80061,37.157893],[14.800255,37.158339],[14.7995,37.158565],[14.798144,37.158416],[14.795847,37.159255],[14.794467,37.159408],[14.793468,37.160247],[14.791503,37.161364],[14.790295,37.162463],[14.788388,37.163446],[14.786552,37.163219],[14.784666,37.164024],[14.783231,37.163528],[14.780911,37.163401],[14.777001,37.165711],[14.776489,37.165688],[14.775059,37.16477],[14.773103,37.165154],[14.77022,37.165234],[14.765871,37.164189],[14.763648,37.164021],[14.762728,37.164487],[14.75928,37.164557],[14.758245,37.166164],[14.757551,37.166632],[14.755832,37.166293],[14.754457,37.166545],[14.753265,37.166299],[14.752261,37.166456],[14.751432,37.166816],[14.750888,37.167986],[14.749757,37.168828],[14.749475,37.170481],[14.747879,37.171226],[14.74776,37.172484],[14.747389,37.173053],[14.746601,37.173232],[14.745142,37.172816],[14.744137,37.1733],[14.743617,37.174566],[14.745137,37.178638],[14.744585,37.179467],[14.743695,37.179848],[14.742369,37.180049],[14.741648,37.179911],[14.740109,37.179015],[14.738319,37.178413],[14.733961,37.178483],[14.731985,37.179549],[14.729866,37.182168],[14.724256,37.185208]]]}},{"type":"Feature","properties":{"id":11040346,"nome":"Ferrovia dismessa Dittaino-Caltagirone","uso":"","operatore":"","dal":"1912-1930","wikipedia":"it:Ferrovia Dittaino-Piazza Armerina-Caltagirone"},"geometry":{"type":"MultiLineString","coordinates":[[[14.374474,37.396863],[14.375143,37.398035],[14.377048,37.40001],[14.37891,37.400963],[14.383919,37.404476],[14.384123,37.40578],[14.383405,37.411721],[14.382276,37.413359],[14.377319,37.417346],[14.37377,37.42065],[14.371037,37.422706],[14.368175,37.424426],[14.363966,37.42998],[14.361264,37.431371],[14.360949,37.431848],[14.361277,37.43441],[14.359302,37.436729],[14.357932,37.440282],[14.358268,37.440972],[14.360076,37.441496],[14.360708,37.442045],[14.360861,37.444083],[14.362446,37.445247],[14.363282,37.44722],[14.36342,37.449159],[14.364584,37.450354],[14.364506,37.451298],[14.363364,37.453062],[14.363321,37.453607],[14.364302,37.455476],[14.364437,37.456958],[14.363833,37.457465],[14.362737,37.457715],[14.360822,37.458633],[14.360263,37.459305],[14.360315,37.45977],[14.360682,37.460149],[14.362623,37.460814],[14.36313,37.461501],[14.363121,37.462159],[14.362591,37.462622],[14.359419,37.463597],[14.358124,37.464693],[14.357378,37.464748],[14.355379,37.464273],[14.354375,37.464493],[14.353946,37.46484],[14.353595,37.465585],[14.353093,37.469874],[14.352191,37.473467],[14.349816,37.473997],[14.347997,37.473456],[14.346316,37.473559],[14.344502,37.472371],[14.343682,37.472279],[14.340664,37.474132],[14.33807,37.474584],[14.33699,37.475975],[14.337084,37.476797],[14.337951,37.477225],[14.338803,37.47703],[14.339559,37.476349],[14.340086,37.476178],[14.342339,37.476439],[14.34281,37.476877],[14.343492,37.479498],[14.34467,37.482331],[14.347651,37.483238],[14.349315,37.483079],[14.350065,37.483247],[14.351035,37.483705],[14.352031,37.485401],[14.352756,37.485868],[14.353802,37.486364],[14.357062,37.487003],[14.360426,37.486587],[14.361945,37.48668],[14.363875,37.485766],[14.365458,37.486387],[14.366247,37.486417],[14.366746,37.486095],[14.368221,37.484107],[14.369441,37.483608],[14.374673,37.485393],[14.375452,37.485061],[14.376334,37.48372],[14.376983,37.483513],[14.377586,37.483614],[14.378161,37.484183],[14.378383,37.486008],[14.379239,37.486508],[14.386543,37.48581],[14.38757,37.486039],[14.387884,37.486469],[14.388109,37.48765],[14.388952,37.48868],[14.388903,37.489346],[14.386997,37.491279],[14.384105,37.492123],[14.382089,37.493928],[14.381839,37.494932],[14.382527,37.495817],[14.384462,37.496884],[14.38507,37.498582],[14.385824,37.49929],[14.387231,37.499392],[14.388908,37.498503],[14.390019,37.498334],[14.3913,37.498687],[14.392132,37.499564],[14.39273,37.501039],[14.392587,37.501681],[14.391121,37.502205],[14.389027,37.501866],[14.388139,37.502098],[14.387817,37.5024],[14.386553,37.505187],[14.386462,37.505866],[14.386735,37.506599],[14.388129,37.508285],[14.388772,37.509573],[14.389848,37.510962],[14.38985,37.51258],[14.390888,37.513486],[14.391532,37.514534],[14.393067,37.515194],[14.393529,37.515954],[14.391362,37.519155],[14.388188,37.521085],[14.387979,37.523018],[14.387388,37.524035],[14.386387,37.52462],[14.384146,37.524775],[14.383667,37.525419],[14.383939,37.526113],[14.388049,37.527969],[14.393151,37.529046],[14.394488,37.529743],[14.398736,37.534109],[14.40208,37.539218],[14.402713,37.53994],[14.403396,37.540262],[14.405399,37.540428],[14.40644,37.540243],[14.411182,37.537534],[14.424922,37.536318],[14.426896,37.536523],[14.435974,37.539326],[14.438088,37.540999],[14.4412,37.54802],[14.444878,37.551578],[14.447565,37.556053],[14.449806,37.560785],[14.455122,37.565356]],[[14.377048,37.40001],[14.375007,37.397924],[14.374188,37.396167],[14.374431,37.396769]],[[14.374188,37.396167],[14.372453,37.391937],[14.372969,37.385474],[14.372702,37.383122],[14.372306,37.382622],[14.371017,37.382185],[14.370573,37.381531],[14.370693,37.379168],[14.370507,37.375426],[14.370926,37.374403],[14.371346,37.373977],[14.372743,37.373239],[14.373966,37.373124],[14.376034,37.373517],[14.377024,37.374395],[14.377815,37.374747],[14.379727,37.374334],[14.381519,37.374786],[14.382202,37.374554],[14.383063,37.373569],[14.384208,37.373273],[14.38656,37.373116],[14.388704,37.371814],[14.389411,37.371602],[14.390116,37.371773],[14.390493,37.372151],[14.390301,37.373875],[14.390638,37.374454],[14.391744,37.37469],[14.39226,37.374445],[14.394225,37.37247],[14.394115,37.367277],[14.394411,37.366476],[14.395209,37.366126],[14.397107,37.366442],[14.397895,37.366285],[14.401402,37.362982],[14.405388,37.363178],[14.407263,37.362805],[14.408931,37.362166],[14.413736,37.358368],[14.413957,37.357953],[14.413993,37.356217],[14.4148,37.355488],[14.415797,37.355269],[14.419197,37.355631],[14.420019,37.356142],[14.420367,37.35724],[14.421288,37.357594],[14.423348,37.356687],[14.425398,37.356734],[14.425977,37.356249],[14.4264,37.355367],[14.427509,37.355016],[14.428202,37.355336],[14.429525,37.356927],[14.430773,37.356913],[14.431305,37.356465],[14.431796,37.355291],[14.432158,37.353869],[14.43197,37.353195],[14.431157,37.352659],[14.428132,37.351961],[14.426958,37.351321],[14.425279,37.350969],[14.424321,37.350059],[14.423674,37.348191],[14.423747,37.346833],[14.42304,37.345577],[14.422701,37.343607],[14.42345,37.342072],[14.423765,37.339617],[14.42351,37.338279],[14.423659,37.337852],[14.424928,37.336855],[14.425888,37.335647],[14.429269,37.333546],[14.430644,37.331681],[14.432859,37.330492],[14.433728,37.330469],[14.435576,37.330917],[14.436689,37.331993],[14.437319,37.332215],[14.446425,37.333299],[14.447241,37.333013],[14.447668,37.332466],[14.44787,37.331081],[14.446999,37.329288],[14.444412,37.328515],[14.441476,37.324145],[14.439756,37.323574],[14.439179,37.322978],[14.439426,37.321076],[14.438189,37.319903],[14.437997,37.319443],[14.438139,37.318776],[14.438812,37.317719],[14.438872,37.317172],[14.437549,37.315368],[14.438188,37.313298],[14.436958,37.311863],[14.43669,37.310316],[14.436774,37.309284],[14.435756,37.308003],[14.435352,37.306815],[14.433109,37.30591],[14.43253,37.304549],[14.431863,37.303788],[14.429794,37.302707],[14.42819,37.302386],[14.427386,37.301953],[14.426398,37.299871],[14.42485,37.298238],[14.422209,37.297032],[14.421237,37.295751],[14.418097,37.293347],[14.416469,37.291812],[14.416133,37.291126],[14.416362,37.290377],[14.417114,37.289936],[14.418998,37.290066],[14.419547,37.289892],[14.420791,37.288342],[14.42308,37.287756],[14.424231,37.287101],[14.430137,37.286075],[14.431202,37.286422],[14.432215,37.287779],[14.433295,37.288069],[14.434488,37.287723],[14.438443,37.287787],[14.44084,37.287095],[14.442358,37.28708],[14.445103,37.286446],[14.448014,37.287276],[14.448876,37.287255],[14.449588,37.286808],[14.451802,37.283857],[14.454348,37.283215],[14.457706,37.279906],[14.458534,37.279708],[14.460354,37.279901],[14.463184,37.278505],[14.464854,37.278271],[14.465642,37.277913],[14.466798,37.276778],[14.46816,37.274329],[14.468927,37.273895],[14.469904,37.273938],[14.471112,37.274838],[14.472006,37.275122],[14.475233,37.275414],[14.475692,37.275709],[14.476517,37.276922],[14.477211,37.277276],[14.477998,37.277293],[14.479283,37.276802],[14.480439,37.27601],[14.48113,37.274635],[14.48099,37.274131],[14.479611,37.27238],[14.479512,37.27159],[14.480064,37.270969],[14.481424,37.270162],[14.482415,37.268605],[14.484187,37.267189],[14.48564,37.264443],[14.485459,37.26243],[14.485901,37.261718],[14.487088,37.261413],[14.489543,37.262204],[14.491672,37.262168],[14.493345,37.262413],[14.494485,37.262101],[14.494872,37.261536],[14.49507,37.259705],[14.496171,37.258614],[14.496788,37.256678],[14.499678,37.255283],[14.502269,37.254923],[14.503542,37.253784],[14.507189,37.251557],[14.507843,37.250772],[14.508087,37.249711],[14.509213,37.248112],[14.510186,37.245954],[14.511208,37.244684],[14.513025,37.243922],[14.515847,37.243827],[14.517309,37.243183],[14.518827,37.240278],[14.518588,37.239689],[14.51715,37.238647],[14.516955,37.23791],[14.517611,37.235313],[14.519109,37.233212],[14.521511,37.231586],[14.523411,37.230948],[14.525247,37.230959],[14.528082,37.231698]]]}},{"type":"Feature","properties":{"id":11051411,"nome":"Variante di tracciato Targia-Siracusa","uso":"","operatore":"","dal":"1871","wikipedia":""},"geometry":{"type":"MultiLineString","coordinates":[[[15.251327,37.107354],[15.25781,37.104569],[15.259976,37.104264],[15.266163,37.104757],[15.271315,37.106822],[15.272429,37.107042],[15.274203,37.106852],[15.276644,37.105852],[15.278432,37.105781],[15.279843,37.106249],[15.282945,37.108351],[15.284572,37.108795],[15.286023,37.108805],[15.287832,37.108316],[15.291037,37.106521],[15.29597,37.102024],[15.297033,37.10031],[15.297604,37.098533],[15.298966,37.086493],[15.300338,37.08321],[15.30008,37.081493],[15.299045,37.080092],[15.296676,37.07866],[15.295729,37.077836],[15.294995,37.076595],[15.293695,37.07264],[15.292977,37.071542],[15.292157,37.070772],[15.290107,37.069602],[15.286734,37.068226],[15.283785,37.068088],[15.28171,37.068551]]]}},{"type":"Feature","properties":{"id":11069759,"nome":"Ferrovia dismessa Palermo Sant'Erasmo-Burgio","uso":"","operatore":"","dal":"1886","wikipedia":"it:Ferrovia Palermo-Corleone-San Carlo"},"geometry":{"type":"MultiLineString","coordinates":[[[13.286333,37.599351],[13.285407,37.600044],[13.284393,37.601277],[13.282912,37.603193],[13.282369,37.604433],[13.281889,37.604832],[13.280902,37.60503],[13.278852,37.604741],[13.27751,37.604967],[13.272389,37.607664],[13.271947,37.608227],[13.271992,37.608834],[13.273366,37.6105],[13.273752,37.612645],[13.273619,37.613378],[13.272896,37.613906],[13.270543,37.614745],[13.267792,37.615084],[13.267107,37.615876],[13.267085,37.617528],[13.264841,37.619117],[13.264698,37.61983],[13.265381,37.621768],[13.26465,37.623974],[13.265155,37.627353],[13.266075,37.629833],[13.266002,37.634639],[13.265633,37.635479],[13.264376,37.635984],[13.263111,37.63559],[13.26063,37.6332],[13.258218,37.632016],[13.25761,37.630133],[13.255334,37.628228],[13.252769,37.626964],[13.251638,37.626835],[13.249129,37.627991],[13.246858,37.629353],[13.244295,37.630276],[13.243925,37.63083],[13.244244,37.631853],[13.244001,37.632501],[13.241109,37.633626],[13.238626,37.635815],[13.238403,37.636481],[13.238892,37.637391],[13.238878,37.637803],[13.237681,37.638642],[13.236769,37.640071],[13.236598,37.643444],[13.235974,37.644728],[13.236201,37.646737],[13.239009,37.649008],[13.238986,37.649481],[13.238658,37.649909],[13.237342,37.650455],[13.236663,37.652214],[13.236875,37.652803],[13.237833,37.653579],[13.237553,37.654596],[13.237651,37.655032],[13.238656,37.655676],[13.239807,37.657609],[13.240834,37.658197],[13.241582,37.65943],[13.245221,37.659925],[13.245762,37.660339],[13.245779,37.660872],[13.244035,37.662845],[13.24373,37.663836],[13.243811,37.664234],[13.24551,37.666297],[13.246075,37.666691],[13.247878,37.666853],[13.24874,37.667594],[13.249347,37.667804],[13.250233,37.667905],[13.254069,37.666789],[13.254679,37.667042],[13.255006,37.667831],[13.255492,37.668163],[13.256647,37.668523],[13.258032,37.668217],[13.258591,37.668353],[13.258922,37.668666],[13.258918,37.669872],[13.259298,37.670542],[13.260683,37.671076],[13.261092,37.671632],[13.260836,37.672265],[13.259064,37.672993],[13.258657,37.673624],[13.26097,37.67816],[13.261107,37.678783],[13.260825,37.679525],[13.261041,37.680027],[13.261579,37.680394],[13.26287,37.680518],[13.265161,37.680055],[13.265634,37.680252],[13.26715,37.681646],[13.268261,37.68192],[13.268733,37.68229],[13.268833,37.682855],[13.268345,37.683387],[13.265176,37.683906],[13.264423,37.684318],[13.264257,37.686076],[13.263105,37.687661],[13.263419,37.689026],[13.265649,37.690111],[13.267295,37.690268],[13.270221,37.691173],[13.272052,37.690574],[13.272746,37.690687],[13.273308,37.691077],[13.273359,37.691676],[13.272846,37.692149],[13.271344,37.692525],[13.270359,37.693791],[13.268166,37.694617],[13.266584,37.696643],[13.265524,37.697021],[13.26242,37.699371],[13.260923,37.699314],[13.260338,37.699058],[13.259762,37.698338],[13.259214,37.696451],[13.258922,37.696153],[13.258272,37.696015],[13.257504,37.6963],[13.255349,37.700357],[13.254237,37.70132],[13.252573,37.702155],[13.25088,37.702501],[13.249521,37.702416],[13.24814,37.701725],[13.246174,37.699858],[13.245612,37.699706],[13.244407,37.699979],[13.242345,37.70122],[13.239437,37.704845],[13.236616,37.706187],[13.236471,37.70658],[13.236742,37.709138],[13.236373,37.709552],[13.234847,37.710042],[13.234424,37.71045],[13.234689,37.712071],[13.23306,37.715094],[13.234062,37.718107],[13.234077,37.718737],[13.233784,37.719167],[13.231923,37.720096],[13.231519,37.72065],[13.232102,37.723649],[13.231128,37.724388],[13.227929,37.725332],[13.226107,37.727191],[13.225633,37.727948],[13.225977,37.730455],[13.225335,37.731775],[13.222926,37.733341],[13.220288,37.733783],[13.219444,37.733601],[13.21898,37.73238],[13.218174,37.731995],[13.215859,37.731704],[13.215389,37.731875],[13.215255,37.732253],[13.215874,37.732801],[13.218139,37.732412],[13.218833,37.733067],[13.219631,37.73431],[13.222333,37.734578],[13.225537,37.733667],[13.227142,37.732295],[13.228092,37.731077],[13.229156,37.73046],[13.231562,37.730006],[13.232565,37.730467],[13.232813,37.731145],[13.232555,37.732442],[13.2327,37.733195],[13.234523,37.734522],[13.234577,37.73518],[13.233858,37.737547],[13.233912,37.737993],[13.235735,37.739673],[13.236042,37.742659],[13.235913,37.745132],[13.237174,37.74651],[13.237078,37.746935],[13.236208,37.747881],[13.236225,37.748429],[13.236594,37.748836],[13.237687,37.749214],[13.238022,37.749678],[13.238012,37.751528],[13.238847,37.752323],[13.238891,37.753305],[13.239502,37.754131],[13.239251,37.755183],[13.239487,37.755781],[13.240424,37.756059],[13.242386,37.755647],[13.24367,37.756668],[13.243065,37.757941],[13.241098,37.759182],[13.240931,37.759562],[13.241059,37.76],[13.241956,37.760436],[13.244324,37.760412],[13.245126,37.761627],[13.246347,37.7621],[13.246679,37.763175],[13.24743,37.763652],[13.248511,37.763571],[13.249901,37.763934],[13.251792,37.762679],[13.252559,37.762595],[13.254039,37.763116],[13.255436,37.764842],[13.256726,37.765213],[13.257919,37.764826],[13.259361,37.764965],[13.261111,37.763238],[13.261811,37.762979],[13.262484,37.763247],[13.263248,37.764669],[13.264448,37.765216],[13.265042,37.76647],[13.264757,37.766839],[13.261791,37.769396],[13.260809,37.769736],[13.260316,37.7703],[13.260359,37.770821],[13.261474,37.772061],[13.261445,37.772795],[13.261024,37.773327],[13.2595,37.773891],[13.25891,37.774599],[13.259296,37.776295],[13.260684,37.779674],[13.26136,37.780259],[13.263084,37.780852],[13.263631,37.782063],[13.265505,37.782842],[13.265842,37.78322],[13.266147,37.784265],[13.267533,37.785111],[13.26753,37.785897],[13.266313,37.786891],[13.266298,37.787605],[13.266854,37.788078],[13.268258,37.78855],[13.27061,37.792608],[13.271601,37.79298],[13.273731,37.792423],[13.274605,37.792838],[13.274688,37.793468],[13.273905,37.794424],[13.274262,37.795387],[13.274201,37.796429],[13.273588,37.798623],[13.273875,37.799737],[13.274321,37.800408],[13.277037,37.802387],[13.277962,37.803868],[13.2816,37.803979],[13.282081,37.804278],[13.28272,37.805531],[13.283177,37.805768],[13.284113,37.805808],[13.284888,37.805288],[13.287607,37.804598],[13.288584,37.804853],[13.288993,37.805845],[13.288506,37.807097],[13.287708,37.807832],[13.287629,37.808482],[13.292001,37.81169],[13.294122,37.813556],[13.294206,37.814123],[13.293993,37.814566],[13.291699,37.816373],[13.291083,37.817548],[13.291336,37.818808],[13.292152,37.819437],[13.292472,37.820042],[13.291091,37.822084],[13.290848,37.823713],[13.291249,37.824356],[13.292552,37.825388],[13.292646,37.825784],[13.292243,37.826399],[13.290665,37.82776],[13.290517,37.829644],[13.289318,37.831003],[13.287984,37.83097],[13.286922,37.831291],[13.285372,37.830956],[13.284231,37.831466],[13.283654,37.831387],[13.282699,37.831783],[13.279591,37.831812],[13.27845,37.831072],[13.277559,37.830075],[13.27662,37.829961],[13.275352,37.830292],[13.274565,37.831127],[13.273706,37.831655],[13.269565,37.83364],[13.268771,37.834556],[13.267244,37.834665],[13.265958,37.83534],[13.265975,37.835862],[13.266467,37.83649],[13.266298,37.838334],[13.266975,37.839217],[13.266899,37.841906],[13.267693,37.842512],[13.267755,37.84333],[13.268568,37.844333],[13.269995,37.8454],[13.271108,37.845712],[13.272083,37.846907],[13.271289,37.849683],[13.270373,37.85055],[13.268331,37.851792],[13.267715,37.852732],[13.267742,37.853351],[13.268507,37.853786],[13.270426,37.853199],[13.271686,37.853498],[13.273882,37.855313],[13.274509,37.856242],[13.274267,37.856881],[13.273188,37.857836],[13.271082,37.858181],[13.269723,37.858956],[13.269193,37.859828],[13.268233,37.860428],[13.267701,37.861465],[13.266792,37.862206],[13.266418,37.86338],[13.266917,37.865448],[13.266997,37.866954],[13.267403,37.867314],[13.267967,37.867439],[13.270001,37.866907],[13.274651,37.863167],[13.275835,37.863002],[13.278779,37.863508],[13.279237,37.863318],[13.279708,37.862354],[13.280148,37.862005],[13.28261,37.862166],[13.285091,37.861004],[13.287317,37.86188],[13.289475,37.862179],[13.290903,37.863082],[13.29289,37.863165],[13.294149,37.863955],[13.29631,37.86377],[13.297306,37.863242],[13.297871,37.863178],[13.298352,37.863446],[13.298811,37.864113],[13.298675,37.86546],[13.299373,37.866169],[13.301573,37.866383],[13.302719,37.865655],[13.304501,37.865493],[13.308038,37.867256],[13.309364,37.869887],[13.310212,37.871028],[13.308642,37.873193],[13.308567,37.873889],[13.308914,37.874399],[13.311352,37.876102],[13.315482,37.87759],[13.317407,37.877837],[13.3189,37.878511],[13.322357,37.878888],[13.322641,37.879117],[13.323025,37.880326],[13.324466,37.882047],[13.327547,37.88249],[13.330018,37.884239],[13.332035,37.884902],[13.333652,37.885019],[13.33447,37.885439],[13.349114,37.888229],[13.352697,37.889554],[13.36066,37.890568],[13.363144,37.890571],[13.366545,37.890206],[13.36873,37.88971],[13.369866,37.889168],[13.372446,37.886756],[13.375128,37.887142],[13.377106,37.886975],[13.379953,37.88386],[13.380451,37.88358],[13.382105,37.883624],[13.382862,37.884454],[13.383531,37.884683],[13.384827,37.884576],[13.386011,37.883782],[13.386689,37.883692],[13.387812,37.884198],[13.387939,37.884698],[13.387643,37.885473],[13.387844,37.885827],[13.388584,37.88603],[13.390288,37.885744],[13.391136,37.886209],[13.391375,37.886638],[13.390471,37.888005],[13.389259,37.888933],[13.388185,37.889355],[13.387415,37.890272],[13.387527,37.890745],[13.38843,37.891527],[13.389252,37.891472],[13.390798,37.890622],[13.392829,37.890153],[13.393533,37.890527],[13.393407,37.891514],[13.394253,37.891903],[13.395139,37.891205],[13.39623,37.890802],[13.396882,37.890068],[13.397507,37.889874],[13.403053,37.889961],[13.404462,37.890202],[13.407068,37.889601],[13.40924,37.890516],[13.410901,37.890189],[13.412101,37.890574],[13.413216,37.89053],[13.413671,37.890789],[13.414108,37.891827],[13.414533,37.892159],[13.416316,37.891897],[13.418057,37.892127],[13.420299,37.89393],[13.420982,37.894855],[13.422148,37.895369],[13.423433,37.896363],[13.424872,37.897898],[13.425286,37.899024],[13.426601,37.89994],[13.427802,37.900329],[13.429796,37.899248],[13.430813,37.899164],[13.431614,37.899478],[13.432375,37.900352],[13.43379,37.900701],[13.43474,37.901507],[13.436971,37.901894],[13.438645,37.902867],[13.444876,37.903607],[13.447514,37.902175],[13.448259,37.901556],[13.448645,37.900779],[13.449296,37.900362],[13.451922,37.899653],[13.453384,37.899796],[13.454961,37.898923],[13.455643,37.899097],[13.456249,37.899688],[13.457982,37.899878],[13.459548,37.900644],[13.461356,37.90045],[13.462415,37.900663],[13.463337,37.901181],[13.463973,37.902111],[13.464623,37.902466],[13.465522,37.902363],[13.466877,37.90155],[13.467419,37.900345],[13.468179,37.900168],[13.468851,37.900645],[13.469532,37.901651],[13.472123,37.902439],[13.473333,37.903712],[13.47611,37.905644],[13.479853,37.906524],[13.482169,37.909202],[13.482354,37.910568],[13.484715,37.912029],[13.488971,37.913588],[13.491423,37.91363],[13.498228,37.915239],[13.500302,37.917053],[13.500473,37.91753],[13.499325,37.918337],[13.49926,37.918582],[13.499271,37.919416],[13.500026,37.92058],[13.50044,37.922295],[13.500212,37.923525],[13.500528,37.92535],[13.500128,37.926943],[13.499351,37.928679],[13.498793,37.928937],[13.49823,37.929574],[13.499078,37.930769],[13.499008,37.931283],[13.49848,37.931691],[13.495055,37.932794],[13.494188,37.933289],[13.492504,37.935057],[13.49024,37.936436],[13.48955,37.93805],[13.489438,37.939154],[13.490222,37.940622],[13.490329,37.941302],[13.48978,37.942526],[13.48985,37.945696],[13.489389,37.948425],[13.489986,37.949971],[13.490575,37.950716],[13.49061,37.951342],[13.49042,37.951609],[13.487581,37.953473],[13.48513,37.954185],[13.483392,37.955591],[13.481129,37.956046],[13.478897,37.957323],[13.476191,37.957431],[13.475364,37.95689],[13.474482,37.956651],[13.471132,37.957693],[13.470303,37.95811],[13.46779,37.960184],[13.467212,37.961263],[13.464788,37.961786],[13.463997,37.96356],[13.462489,37.96524],[13.461495,37.966725],[13.459078,37.96822],[13.458947,37.96983],[13.456766,37.971138],[13.455878,37.972039],[13.45554,37.97272],[13.456206,37.974509],[13.455993,37.97528],[13.453976,37.976824],[13.453846,37.978018],[13.452995,37.980208],[13.451066,37.981915],[13.450286,37.983144],[13.450275,37.984253],[13.451223,37.986562],[13.450578,37.987416],[13.450627,37.98809],[13.451066,37.988432],[13.453314,37.988358],[13.453853,37.98865],[13.454135,37.989136],[13.453703,37.989794],[13.452059,37.990384],[13.450779,37.991489],[13.449347,37.992324],[13.448719,37.993865],[13.44925,37.995271],[13.449227,37.9971],[13.450547,37.999487],[13.450202,38.000428],[13.448901,38.001321],[13.448674,38.001951],[13.449745,38.003084],[13.450523,38.004914],[13.45148,38.005651],[13.451711,38.006776],[13.451556,38.008528],[13.452241,38.010879],[13.451803,38.012002],[13.452241,38.013162],[13.451282,38.013891],[13.45111,38.014288],[13.451963,38.016295],[13.452158,38.018316],[13.451106,38.02017],[13.450597,38.021612],[13.450774,38.023681],[13.452271,38.024838],[13.452438,38.026531],[13.452058,38.02734],[13.450858,38.02814],[13.450235,38.028955],[13.450014,38.030162],[13.450852,38.031931],[13.45521,38.033561],[13.455957,38.034856],[13.457718,38.035811],[13.45935,38.037751],[13.460441,38.041592],[13.460196,38.042338],[13.460255,38.043167],[13.461172,38.046754],[13.461023,38.047168],[13.460307,38.047785],[13.460177,38.048337],[13.460365,38.049017],[13.460822,38.049472],[13.461288,38.052704],[13.462316,38.055372],[13.461685,38.056628],[13.462893,38.060359],[13.462836,38.062263],[13.463003,38.062705],[13.464204,38.063834],[13.464497,38.064656],[13.465484,38.065474],[13.467053,38.069813],[13.466829,38.070758],[13.466513,38.071141],[13.465842,38.071354],[13.463874,38.070977],[13.461384,38.071312],[13.459811,38.070746],[13.457408,38.071105],[13.455985,38.071406],[13.452386,38.074269],[13.450206,38.075261],[13.441621,38.075658],[13.439768,38.076321],[13.434434,38.082248],[13.433827,38.083813],[13.432454,38.090147],[13.430727,38.092855],[13.430401,38.093521],[13.430507,38.093881],[13.43013,38.095392],[13.429398,38.096265],[13.427236,38.096882],[13.422016,38.09689],[13.406504,38.098659],[13.403637,38.099901],[13.393542,38.103292],[13.387925,38.105868],[13.384832,38.106727],[13.382861,38.107019],[13.378798,38.110319]]]}},{"type":"Feature","properties":{"id":11073140,"nome":"Ferrovia Dismessa Caltagirone-Gela","uso":"","operatore":"","dal":"1979","wikipedia":"it:Ferrovia Catania-Caltagirone-Gela"},"geometry":{"type":"MultiLineString","coordinates":[[[14.52797,37.229016],[14.525941,37.228267],[14.522309,37.226397],[14.52074,37.224667],[14.520375,37.223333],[14.520488,37.222049],[14.521439,37.220337],[14.522979,37.219188],[14.524265,37.218701],[14.528249,37.217888],[14.530224,37.216894],[14.531124,37.215966],[14.531678,37.214925],[14.531884,37.213948],[14.531803,37.212895],[14.531005,37.211271],[14.529714,37.210137],[14.52348,37.207998],[14.52216,37.20712],[14.521055,37.205799],[14.520452,37.204262],[14.519998,37.20091],[14.520763,37.195825],[14.52044,37.194657],[14.519732,37.19359],[14.518237,37.192439],[14.515119,37.191195],[14.513936,37.1909],[14.511828,37.190976],[14.510057,37.191443],[14.508712,37.192237],[14.505596,37.195453],[14.503831,37.196566],[14.502786,37.19695],[14.501039,37.197105],[14.498549,37.196715],[14.496391,37.195374],[14.495428,37.193636],[14.495301,37.191796],[14.495617,37.186117],[14.495024,37.183923],[14.493592,37.182046],[14.488873,37.1784],[14.485152,37.176378],[14.481589,37.174936],[14.454211,37.17038],[14.452773,37.169992],[14.451533,37.16933],[14.450022,37.167638],[14.449631,37.16635],[14.449683,37.165206],[14.450198,37.163911],[14.454362,37.156232],[14.454887,37.154184],[14.454673,37.150568],[14.454353,37.149224],[14.452943,37.146622],[14.45183,37.145686],[14.445311,37.141844],[14.443548,37.141231],[14.442095,37.141074],[14.418094,37.142202],[14.416097,37.142498],[14.411131,37.144796],[14.40866,37.14533],[14.404931,37.145164],[14.399656,37.144547],[14.397729,37.143727],[14.396506,37.142656],[14.39588,37.141633],[14.395551,37.140204],[14.395876,37.138873],[14.397042,37.137378],[14.398451,37.13641],[14.399432,37.136039],[14.402878,37.13543],[14.404782,37.134824],[14.406353,37.133746],[14.407216,37.132605],[14.408793,37.128845],[14.409062,37.127574],[14.407599,37.117843],[14.407229,37.116642],[14.406209,37.11524],[14.404689,37.114287],[14.400788,37.112786],[14.399376,37.111853],[14.396582,37.109093],[14.390917,37.102618],[14.381018,37.097634],[14.379409,37.096113],[14.375855,37.088245],[14.37572,37.087381],[14.375931,37.086109],[14.376656,37.084829],[14.377906,37.083757],[14.382304,37.082174],[14.383731,37.08126],[14.384814,37.079844],[14.385172,37.078511],[14.385067,37.077477],[14.384426,37.076045],[14.380365,37.071666],[14.377939,37.070644],[14.375663,37.07052],[14.373746,37.071023],[14.369061,37.073721],[14.367778,37.074135],[14.365441,37.074217],[14.360948,37.07355],[14.351086,37.074933],[14.349241,37.074612],[14.347609,37.073805],[14.346673,37.072969],[14.344174,37.06922],[14.343001,37.068359],[14.341013,37.067651],[14.338256,37.067701],[14.334258,37.069541],[14.330765,37.070467],[14.327294,37.070347],[14.325868,37.06953],[14.324816,37.068363],[14.324149,37.067079],[14.324034,37.065733],[14.32443,37.061665],[14.324157,37.05822],[14.323789,37.057033],[14.32302,37.055974],[14.321787,37.055041],[14.32023,37.054437],[14.318556,37.054236],[14.278718,37.061799],[14.276075,37.06302],[14.265047,37.070284]]]}},{"type":"Feature","properties":{"id":11085633,"nome":"Ferrovia Rolo-Mirandola","uso":"","operatore":"","dal":"","wikipedia":"it:Ferrovia Rolo-Mirandola"},"geometry":{"type":"MultiLineString","coordinates":[[[11.081603,44.8878],[11.067236,44.890078],[11.045048,44.890651],[11.040573,44.891166],[11.018635,44.894551],[11.006358,44.895223],[10.99987,44.89716],[10.996979,44.8987],[10.995804,44.899656],[10.994854,44.901043],[10.990699,44.908725],[10.982454,44.920181],[10.980458,44.922232],[10.978103,44.923663],[10.976504,44.924345],[10.964959,44.928134],[10.95828,44.931627],[10.95694,44.931962],[10.955129,44.93208],[10.95275,44.931564],[10.949738,44.92969],[10.947444,44.928652],[10.943357,44.92785],[10.914268,44.927524],[10.9132,44.927362],[10.911429,44.926625],[10.909712,44.925409],[10.907523,44.922681],[10.907185,44.921064],[10.90748,44.917085],[10.907096,44.915267],[10.895638,44.891513],[10.894773,44.891037],[10.893514,44.890792],[10.887454,44.890809],[10.871643,44.89352],[10.870452,44.892829],[10.868121,44.888698],[10.867809,44.887592]]]}},{"type":"Feature","properties":{"id":11094311,"nome":"Ferrovia Dismessa Motta Sant'Anastasia-Regalbuto","uso":"","operatore":"","dal":"1934-1952","wikipedia":""},"geometry":{"type":"MultiLineString","coordinates":[[[14.929597,37.463258],[14.919841,37.471912],[14.912584,37.47484],[14.911812,37.475343],[14.908897,37.478116],[14.905877,37.480598],[14.903217,37.48388],[14.901857,37.49023],[14.902696,37.49302],[14.902705,37.493916],[14.900205,37.499136],[14.900738,37.505591],[14.900653,37.506574],[14.900059,37.507784],[14.897148,37.51133],[14.8967,37.512311],[14.89658,37.51336],[14.897004,37.514824],[14.898009,37.516016],[14.904402,37.519888],[14.905299,37.521082],[14.905423,37.521959],[14.904772,37.524845],[14.904795,37.525835],[14.906725,37.529626],[14.906907,37.530592],[14.905502,37.537964],[14.90512,37.538953],[14.903284,37.54124],[14.903126,37.542126],[14.903322,37.544327],[14.900851,37.550352],[14.899966,37.551431],[14.896679,37.5542],[14.89436,37.557599],[14.890552,37.559899],[14.889396,37.561231],[14.888144,37.56705],[14.884038,37.572848],[14.88396,37.573811],[14.88485,37.576017],[14.884964,37.577019],[14.882588,37.582455],[14.87718,37.589544],[14.871956,37.593745],[14.870037,37.59514],[14.869169,37.595498],[14.864339,37.595823],[14.855435,37.599454],[14.854056,37.599742],[14.83713,37.599492],[14.833198,37.601023],[14.830945,37.603172],[14.829247,37.603822],[14.828147,37.603823],[14.825032,37.603117],[14.823182,37.602953],[14.815549,37.603468],[14.813721,37.604101],[14.812745,37.60529],[14.812601,37.606506],[14.814241,37.609571],[14.814358,37.611331],[14.813395,37.612527],[14.810434,37.613985],[14.809645,37.614691],[14.80604,37.622598],[14.805849,37.623426],[14.806065,37.624457],[14.806791,37.625377],[14.813621,37.628748],[14.814425,37.629944],[14.814404,37.631276],[14.813958,37.632069],[14.813245,37.63268],[14.809066,37.634333],[14.807725,37.634654],[14.806262,37.6347],[14.796883,37.633895],[14.788187,37.635296],[14.786494,37.636194],[14.78579,37.637507],[14.785393,37.64262],[14.786975,37.653693],[14.786321,37.660904],[14.786045,37.662301],[14.785135,37.664172],[14.78432,37.665321],[14.782932,37.666445],[14.781159,37.667189],[14.775893,37.668385],[14.763911,37.667873],[14.762288,37.66834],[14.756613,37.670871],[14.747815,37.671692],[14.745112,37.67152],[14.73831,37.66981],[14.736587,37.66987],[14.734869,37.670542],[14.730408,37.674278],[14.728452,37.675022],[14.726772,37.675147],[14.718192,37.674463],[14.716068,37.674534],[14.692725,37.68073],[14.691501,37.680707],[14.683115,37.678731],[14.681333,37.678561],[14.679535,37.679239],[14.676729,37.681477],[14.675183,37.681982],[14.673113,37.682083],[14.660928,37.680833],[14.659494,37.680426],[14.657113,37.678556],[14.656176,37.678107],[14.654838,37.677931],[14.650454,37.678076],[14.647019,37.67719],[14.641779,37.677781],[14.639146,37.679301],[14.637668,37.679741],[14.635933,37.679665],[14.632555,37.678407],[14.624559,37.678187],[14.622848,37.678501],[14.620358,37.680043],[14.619105,37.68049],[14.617717,37.680561],[14.615844,37.680229],[14.614606,37.679459],[14.613977,37.678494],[14.613357,37.674102],[14.613141,37.671248],[14.613877,37.668619],[14.614487,37.667439],[14.615346,37.666723],[14.617987,37.665503],[14.620648,37.663567],[14.621938,37.662905],[14.623854,37.662423],[14.62804,37.662697],[14.628907,37.662516],[14.630337,37.661664],[14.630917,37.660764],[14.631065,37.659633],[14.630572,37.658509],[14.626587,37.655482],[14.625311,37.653231]]]}},{"type":"Feature","properties":{"id":11098078,"nome":"Ferrovia Incompiuta Leonforte-Nicosia","uso":"","operatore":"","dal":"1924","wikipedia":"it:Ferrovia Leonforte-Nicosia"},"geometry":{"type":"MultiLineString","coordinates":[[[14.398835,37.64143],[14.402995,37.643522],[14.405174,37.645955],[14.405219,37.646515],[14.40482,37.646927],[14.40417,37.647097],[14.402765,37.646876],[14.401853,37.64697],[14.401156,37.647917],[14.401078,37.648563],[14.40133,37.649089],[14.404551,37.650935],[14.405195,37.651795],[14.405112,37.652379],[14.404659,37.652995],[14.402245,37.653549],[14.400881,37.654564],[14.400529,37.655285],[14.401005,37.656481],[14.401708,37.656998],[14.403544,37.657255],[14.404049,37.657582],[14.403993,37.659611],[14.404846,37.660892],[14.405014,37.66235],[14.405356,37.662824],[14.407238,37.663513],[14.410572,37.662192],[14.41139,37.66223],[14.411926,37.662749],[14.41217,37.664409],[14.411704,37.666623],[14.409469,37.671382],[14.405961,37.672789],[14.402976,37.676972],[14.402957,37.678333],[14.401514,37.681617],[14.400772,37.682116],[14.398737,37.681974],[14.397464,37.682419],[14.39685,37.683411],[14.39651,37.686135],[14.395314,37.68731],[14.392224,37.687987],[14.389371,37.686655],[14.388165,37.686618],[14.387307,37.687009],[14.386926,37.687683],[14.386808,37.688326],[14.387385,37.690305],[14.387173,37.690925],[14.386557,37.69148],[14.386136,37.692264],[14.384917,37.69259],[14.384332,37.692979],[14.383864,37.694021],[14.383338,37.694581],[14.382241,37.694829],[14.376441,37.694501],[14.375566,37.694874],[14.360049,37.715026],[14.359967,37.715888],[14.360357,37.718013],[14.361053,37.720221],[14.360866,37.721049],[14.360606,37.721256],[14.359307,37.721291],[14.357433,37.720621],[14.356723,37.720712],[14.35624,37.721034],[14.355082,37.723242],[14.354996,37.724302],[14.355289,37.725067],[14.358065,37.726908],[14.359247,37.728074],[14.360051,37.729492],[14.359939,37.730348],[14.358785,37.731052],[14.357826,37.730919],[14.356685,37.729075],[14.356206,37.728716],[14.355394,37.728659],[14.351821,37.729642],[14.351507,37.729951],[14.351381,37.730563],[14.351923,37.731613],[14.35344,37.733386],[14.355439,37.734525],[14.35598,37.735363],[14.356486,37.737976],[14.357602,37.739454],[14.362049,37.741722],[14.363763,37.74352],[14.365775,37.743671],[14.366802,37.744282],[14.367756,37.745373],[14.367851,37.746856],[14.369174,37.74903],[14.372568,37.75272],[14.373565,37.754176],[14.374266,37.754277],[14.376364,37.753852],[14.379238,37.752735],[14.379966,37.752889],[14.380494,37.753336],[14.38075,37.754315],[14.380441,37.755234],[14.378221,37.757787],[14.377625,37.758061],[14.375756,37.758114],[14.375151,37.758373],[14.374979,37.759024],[14.375117,37.759404],[14.375745,37.759811],[14.377811,37.759616],[14.381255,37.760036],[14.385018,37.758991],[14.386696,37.758107],[14.389176,37.75571],[14.390636,37.753385],[14.392927,37.750596],[14.395617,37.750068]]]}},{"type":"Feature","properties":{"id":11098941,"nome":"Ferrovia Dismessa Rovittello-Linguaglossa (Variante di Tracciato)","uso":"","operatore":"","dal":"1927","wikipedia":""},"geometry":{"type":"MultiLineString","coordinates":[[[15.09719,37.857343],[15.09768,37.858317],[15.099083,37.858921],[15.101619,37.860886],[15.103036,37.862892],[15.103318,37.865876],[15.102239,37.868252],[15.102851,37.869318],[15.102853,37.870464],[15.103243,37.870917],[15.103816,37.871125],[15.105283,37.871128],[15.106569,37.871774],[15.108521,37.871167],[15.109403,37.871169],[15.112155,37.872869],[15.115918,37.872133],[15.116604,37.872167],[15.11711,37.872529],[15.118105,37.874196],[15.119906,37.876035],[15.125746,37.877816],[15.127159,37.878692],[15.129301,37.878051],[15.129815,37.875887],[15.130484,37.875293],[15.132292,37.875208],[15.134147,37.876198],[15.136374,37.875978],[15.137225,37.875264],[15.137974,37.872405],[15.139824,37.871537],[15.140213,37.871088],[15.142613,37.866933],[15.142983,37.865465],[15.142299,37.863411],[15.142164,37.861149],[15.14144,37.859499],[15.140339,37.858129],[15.139261,37.857991],[15.137263,37.859058],[15.13689,37.859532],[15.136622,37.860577],[15.136097,37.860965],[15.135266,37.860971],[15.134519,37.860338],[15.134886,37.858521],[15.134594,37.856717],[15.135324,37.853493],[15.133446,37.851889],[15.132379,37.845928],[15.132872,37.844924],[15.135164,37.842923]]]}},{"type":"Feature","properties":{"id":11100548,"nome":"Ferrovia Dismessa Dittaino-Leonforte","uso":"","operatore":"","dal":"1918","wikipedia":""},"geometry":{"type":"MultiLineString","coordinates":[[[14.446728,37.5711],[14.444738,37.57495],[14.443276,37.576557],[14.442186,37.577262],[14.439484,37.577946],[14.438723,37.578343],[14.43836,37.579804],[14.43645,37.580961],[14.43596,37.58217],[14.43497,37.583063],[14.434857,37.583497],[14.435353,37.585309],[14.435362,37.586789],[14.436006,37.588108],[14.435848,37.588617],[14.429555,37.592718],[14.428757,37.59468],[14.426272,37.596699],[14.426159,37.597336],[14.426857,37.598654],[14.426194,37.600714],[14.426683,37.602787],[14.4264,37.603357],[14.425033,37.603968],[14.423009,37.605642],[14.419398,37.606692],[14.418949,37.608189],[14.41866,37.608418],[14.416414,37.608931],[14.416105,37.609669],[14.416668,37.610787],[14.416318,37.611625],[14.415369,37.611745],[14.414644,37.611427],[14.413318,37.60937],[14.412165,37.609335],[14.411606,37.609933],[14.411927,37.610813],[14.413378,37.611361],[14.414091,37.612413],[14.41507,37.613183],[14.416008,37.613284],[14.417082,37.612806],[14.417925,37.612721],[14.420067,37.613393],[14.420784,37.613956],[14.420704,37.614774],[14.419849,37.616131],[14.41866,37.61725],[14.418197,37.61829],[14.416946,37.623525],[14.418761,37.625144],[14.418464,37.626657],[14.41853,37.62743],[14.419036,37.628328],[14.420982,37.629999],[14.421009,37.630862],[14.420039,37.631357],[14.418163,37.630803],[14.415453,37.631395],[14.413084,37.630679],[14.410756,37.631014],[14.405196,37.635496],[14.40313,37.638092],[14.402596,37.640679],[14.402122,37.641285],[14.401308,37.641518],[14.400592,37.641403],[14.399257,37.640835],[14.398707,37.639982],[14.3971,37.6395],[14.39633,37.63968],[14.396511,37.640441],[14.398835,37.64143]]]}},{"type":"Feature","properties":{"id":11106476,"nome":"Ferrovia Incompiuta Canicattì-Riesi-(San Michele di Ganzaria)","uso":"","operatore":"","dal":"anni 20","wikipedia":"it:Ferrovia Canicattì-Caltagirone"},"geometry":{"type":"MultiLineString","coordinates":[[[13.856862,37.354759],[13.857367,37.353618],[13.857515,37.352657],[13.858197,37.35232],[13.859097,37.352518],[13.86418,37.357707],[13.86635,37.360166],[13.866814,37.361259],[13.86797,37.362314],[13.867857,37.363163],[13.866919,37.364078],[13.866978,37.364542],[13.867517,37.365043],[13.870923,37.364803],[13.873536,37.364139],[13.877175,37.363877],[13.880426,37.363188],[13.88254,37.364069],[13.888097,37.36476],[13.89064,37.366857],[13.893242,37.368094],[13.894733,37.368187],[13.898515,37.367746],[13.903287,37.368445],[13.906082,37.368309],[13.908156,37.36888],[13.913722,37.368049],[13.914404,37.368443],[13.91527,37.369674],[13.917221,37.369882],[13.919051,37.371279],[13.919706,37.371475],[13.921475,37.370978],[13.923688,37.367393],[13.924473,37.367086],[13.926275,37.367159],[13.927272,37.366869],[13.927762,37.366353],[13.928888,37.364024],[13.929634,37.363684],[13.931081,37.363526],[13.931681,37.363097],[13.931692,37.362268],[13.930202,37.360772],[13.930023,37.360078],[13.930795,37.358926],[13.931077,37.356175],[13.931874,37.355228],[13.932294,37.355059],[13.93446,37.355557],[13.936018,37.355291],[13.936834,37.355461],[13.93723,37.355825],[13.937984,37.357356],[13.942458,37.359828],[13.942921,37.360478],[13.943531,37.362279],[13.944232,37.362885],[13.945167,37.363169],[13.948527,37.363194],[13.949971,37.362536],[13.950377,37.361613],[13.950485,37.35807],[13.951101,37.356138],[13.95217,37.354749],[13.953874,37.354398],[13.955174,37.353833],[13.956847,37.354166],[13.958123,37.355776],[13.958674,37.356158],[13.959681,37.356409],[13.961472,37.356334],[13.964187,37.357404],[13.964658,37.357829],[13.965906,37.359879],[13.968904,37.361567],[13.970754,37.361778],[13.973117,37.361326],[13.974109,37.360529],[13.974561,37.358508],[13.975209,37.357545],[13.978112,37.355742],[13.97913,37.35561],[13.981203,37.356459],[13.981945,37.356311],[13.983574,37.355453],[13.984106,37.354609],[13.984716,37.352157],[13.986102,37.351462],[13.986533,37.35091],[13.985795,37.348265],[13.986024,37.347712],[13.986422,37.347413],[13.988238,37.346311],[13.992296,37.345576],[13.994689,37.346313],[13.995451,37.346174],[13.995985,37.345785],[13.996207,37.345323],[13.996631,37.340763],[13.996352,37.338228],[13.996483,37.337681],[13.998714,37.334939],[14.000588,37.333559],[14.005181,37.332462],[14.011059,37.330267],[14.017986,37.325684],[14.021519,37.32209],[14.021845,37.320883],[14.021392,37.319457],[14.017697,37.316955],[14.014234,37.313667],[14.012851,37.310998],[14.010687,37.308562],[14.009375,37.305277],[14.009524,37.304331],[14.010619,37.30223],[14.010577,37.30137],[14.010196,37.300442],[14.009094,37.299616],[14.008204,37.299255],[14.006841,37.299155],[14.005538,37.299532],[14.004567,37.300182],[14.001777,37.303574],[14.000647,37.3041],[13.999222,37.304234],[13.997513,37.303695],[13.996284,37.302382],[13.996184,37.300779],[13.997122,37.299535],[14.000102,37.297948],[14.006963,37.296785],[14.011899,37.297973],[14.017667,37.298585],[14.018843,37.299317],[14.01954,37.300535],[14.019461,37.301906],[14.018725,37.303525],[14.018704,37.304217],[14.019081,37.305379],[14.020151,37.306821],[14.021952,37.307731],[14.023057,37.307801],[14.024221,37.307455],[14.027048,37.305771],[14.030581,37.304562],[14.031352,37.30364],[14.033256,37.299443],[14.034756,37.293185],[14.034801,37.292337],[14.033881,37.287408],[14.034055,37.285966],[14.035394,37.281378],[14.036791,37.280399],[14.03923,37.279287],[14.039944,37.278432],[14.041837,37.274241],[14.043289,37.27338],[14.044303,37.273118],[14.046491,37.272919],[14.048192,37.273221],[14.049973,37.274338],[14.050465,37.27501],[14.051029,37.27654],[14.051073,37.277592],[14.050454,37.27891],[14.049012,37.280114],[14.048235,37.280448],[14.046395,37.280598],[14.044458,37.279996],[14.043049,37.278759],[14.042606,37.277777],[14.04259,37.276775],[14.04297,37.275888],[14.043984,37.275047],[14.044849,37.2747],[14.047834,37.274424],[14.049528,37.27377],[14.050272,37.273117],[14.051823,37.271032],[14.052894,37.270375],[14.053867,37.270128],[14.056777,37.270025],[14.057795,37.269735],[14.058847,37.269004],[14.060818,37.266996],[14.062356,37.266392],[14.06727,37.266353],[14.069033,37.266849],[14.070059,37.26778],[14.072815,37.27175],[14.07428,37.273426],[14.075499,37.273938],[14.078887,37.274608],[14.079501,37.274946],[14.080002,37.275931],[14.084097,37.278565]]]}},{"type":"Feature","properties":{"id":11121598,"nome":"Ferrovia dismessa per variante Carruba-Catania Centrale","uso":"","operatore":"","dal":"1867","wikipedia":""},"geometry":{"type":"MultiLineString","coordinates":[[[15.163173,37.645548],[15.165363,37.64889],[15.167084,37.650353],[15.167788,37.651592],[15.168353,37.658895],[15.168936,37.660656],[15.170143,37.662939],[15.170868,37.663772],[15.172182,37.664647],[15.178504,37.667203],[15.180082,37.668888],[15.180366,37.67063],[15.179001,37.676253],[15.179455,37.678084]],[[15.107588,37.520026],[15.110715,37.521036],[15.112496,37.522113],[15.11347,37.524051],[15.11289,37.526123],[15.110366,37.529304],[15.110598,37.531768],[15.110907,37.5325],[15.113649,37.534935],[15.115127,37.535804],[15.117149,37.5366],[15.119017,37.538425],[15.120282,37.539237],[15.121972,37.539787],[15.125964,37.539711],[15.128304,37.54055],[15.129754,37.542077],[15.130477,37.544786],[15.131184,37.545972],[15.132404,37.546927],[15.134254,37.547542],[15.137632,37.547811],[15.139622,37.548692],[15.140802,37.550044],[15.141104,37.550804],[15.141134,37.552394],[15.140394,37.555091],[15.140822,37.556639],[15.141299,37.557404],[15.143056,37.558599],[15.147198,37.559894],[15.150734,37.562301],[15.154011,37.563497],[15.155084,37.564128],[15.156202,37.565381],[15.15941,37.571304],[15.160023,37.573449],[15.160008,37.574456],[15.159188,37.576501],[15.158857,37.577976],[15.158956,37.581806],[15.157196,37.585083],[15.15697,37.58652],[15.157139,37.587448],[15.157986,37.588919],[15.160385,37.591166],[15.161112,37.592273],[15.163733,37.598112],[15.163945,37.600542],[15.164363,37.601611],[15.167814,37.605587],[15.168303,37.606661],[15.16815,37.608454],[15.168339,37.60938],[15.170703,37.612679],[15.170792,37.613983],[15.170114,37.616371],[15.169775,37.620526],[15.170101,37.621689],[15.171329,37.623544],[15.171526,37.62469],[15.171167,37.625998],[15.169604,37.627875],[15.168515,37.62995],[15.167859,37.634571],[15.167507,37.635739],[15.16586,37.637422],[15.163987,37.639812],[15.162735,37.642587],[15.162595,37.643942],[15.16304,37.645095]]]}},{"type":"Feature","properties":{"id":11124943,"nome":"Ferrovia Dismessa per variante Terme Vigliatore-Messina Scalo","uso":"","operatore":"","dal":"1889-1891","wikipedia":""},"geometry":{"type":"MultiLineString","coordinates":[[[15.225007,38.177911],[15.224277,38.175075],[15.2245,38.173034],[15.225338,38.171911],[15.228617,38.169275],[15.229393,38.16795],[15.229497,38.166575],[15.228909,38.165363],[15.224024,38.160102],[15.222866,38.156275],[15.22152,38.154763],[15.216537,38.152423],[15.208919,38.146364],[15.206016,38.144939],[15.197986,38.143518],[15.196437,38.143581],[15.192842,38.144454],[15.191229,38.144562],[15.182362,38.143354],[15.179946,38.142678],[15.173361,38.13965]],[[15.227844,38.188582],[15.23367,38.210043],[15.234346,38.21097],[15.235969,38.212375],[15.238308,38.213151],[15.240108,38.21324],[15.241907,38.212914],[15.246116,38.211051],[15.251046,38.208549],[15.254023,38.20532],[15.255085,38.204692],[15.259291,38.203535],[15.263079,38.201656],[15.265248,38.201238],[15.270184,38.201653],[15.273256,38.201468],[15.274648,38.201102],[15.277315,38.199791],[15.278624,38.199411],[15.28088,38.199168],[15.284761,38.199254]],[[15.303415,38.201047],[15.315941,38.203054]],[[15.326936,38.204776],[15.328667,38.205186],[15.332741,38.207039],[15.334156,38.207431],[15.340165,38.20743],[15.342191,38.207792],[15.343308,38.208285],[15.348243,38.211411],[15.34997,38.212194],[15.364887,38.217323],[15.379312,38.221725],[15.384142,38.223873],[15.387254,38.224659],[15.391535,38.224791],[15.395751,38.225614],[15.398591,38.226614],[15.400955,38.227026],[15.405561,38.22826],[15.413207,38.231336],[15.416464,38.232238],[15.425324,38.232845],[15.428645,38.233442],[15.43445,38.235078],[15.435322,38.235646],[15.436837,38.237362],[15.440238,38.23892],[15.441583,38.238967],[15.443888,38.238294],[15.445156,38.23829],[15.446471,38.238678],[15.448349,38.239832],[15.449575,38.240095],[15.450626,38.240042],[15.454504,38.238765],[15.455749,38.238105],[15.456989,38.236995],[15.458289,38.234726],[15.45984,38.23361],[15.463023,38.232656],[15.466081,38.231109],[15.470041,38.230267],[15.4718,38.229331],[15.492771,38.212029],[15.502291,38.203858],[15.515653,38.191732],[15.516885,38.191345],[15.51959,38.191333],[15.528692,38.190067],[15.530667,38.190707],[15.532198,38.192255],[15.532925,38.19269],[15.534614,38.193021],[15.536115,38.192746],[15.538274,38.191848],[15.540241,38.19133],[15.541367,38.190722],[15.542874,38.18924],[15.5431,38.188533],[15.543023,38.187676],[15.542005,38.186341],[15.53932,38.184741],[15.538289,38.18336],[15.537779,38.181601],[15.538097,38.17936],[15.537936,38.178248],[15.53737,38.177422],[15.535558,38.175828],[15.534999,38.174575],[15.534979,38.17351],[15.535513,38.171756],[15.536147,38.17054],[15.537636,38.169211],[15.539086,38.168743],[15.545424,38.167795]]]}},{"type":"Feature","properties":{"id":11514821,"nome":"Ferrovia Gioiosa Jonica-Mammola","uso":"","operatore":"","dal":"","wikipedia":"it:Ferrovia Gioiosa Jonica-Mammola"},"geometry":{"type":"MultiLineString","coordinates":[[[16.328343,38.301336],[16.331623,38.303088],[16.332136,38.303826],[16.331796,38.304684],[16.322074,38.308633],[16.31986,38.309243],[16.316897,38.310892],[16.314514,38.313171],[16.313536,38.316001],[16.313827,38.318728],[16.313536,38.321115],[16.314414,38.32344],[16.313981,38.324324],[16.313091,38.324744],[16.310219,38.324537],[16.309363,38.324882],[16.307768,38.326515],[16.307676,38.328627],[16.307078,38.329059],[16.305291,38.329255],[16.304676,38.329566],[16.304132,38.331151],[16.303326,38.331658],[16.302028,38.331831],[16.29841,38.330776],[16.294324,38.330639],[16.293259,38.33104],[16.290772,38.332624],[16.28912,38.333031],[16.286942,38.33458],[16.286313,38.335875],[16.286106,38.337554],[16.285494,38.338689],[16.285553,38.340055],[16.285294,38.341295],[16.283358,38.344666],[16.282258,38.345623],[16.281914,38.346615],[16.280808,38.34818],[16.281173,38.350159],[16.27869,38.353569],[16.278127,38.353842],[16.277084,38.353824],[16.27647,38.353433],[16.276168,38.352801],[16.27665,38.351365],[16.276771,38.349733],[16.277467,38.348051],[16.277438,38.347547],[16.276897,38.347054],[16.27339,38.345125],[16.271939,38.344782],[16.270928,38.34506],[16.267865,38.34751],[16.267238,38.347729],[16.264761,38.347313],[16.263263,38.346522],[16.262439,38.346501],[16.261922,38.346806],[16.260659,38.348749],[16.260295,38.348994],[16.255496,38.349778],[16.254369,38.349607],[16.25032,38.350965],[16.24708,38.35302],[16.244949,38.353671],[16.239954,38.35616],[16.239387,38.356975],[16.239863,38.358219],[16.23987,38.358867],[16.239473,38.359435],[16.237799,38.360638],[16.237889,38.362333]]]}},{"type":"Feature","properties":{"id":11516937,"nome":"Ferrovia Cremona-Iseo","uso":"","operatore":"","dal":"","wikipedia":"it:Ferrovia Cremona-Iseo"},"geometry":{"type":"MultiLineString","coordinates":[[[9.864726,45.283598],[9.866751,45.283979],[9.868576,45.28378],[9.869646,45.283236],[9.870109,45.282429],[9.86953,45.280065],[9.866277,45.270386],[9.865003,45.263008],[9.865718,45.260829],[9.874452,45.239967],[9.87063,45.221556],[9.871212,45.218663],[9.871242,45.215618],[9.870615,45.212908],[9.870027,45.207484],[9.87089,45.204358],[9.870447,45.201674],[9.870498,45.200183],[9.872715,45.191462],[9.873696,45.189831],[9.874943,45.188928],[9.876076,45.188461],[9.887326,45.186369],[9.8921,45.185017],[9.913922,45.174498],[9.914706,45.173773],[9.914912,45.172477],[9.914504,45.171719],[9.912,45.169783],[9.911423,45.166101],[9.911752,45.165145],[9.91284,45.164483],[9.921809,45.16273],[9.934124,45.15822],[9.939009,45.156177],[9.953072,45.151272],[9.957545,45.150046],[9.973324,45.149293],[9.981835,45.145861],[10.002638,45.142428],[10.005657,45.142328],[10.007986,45.143003],[10.009485,45.143174]],[[9.856939,45.283802],[9.85885,45.283535],[9.860766,45.282872],[9.862575,45.282725],[9.865385,45.28393],[9.866835,45.285488],[9.867111,45.286723],[9.866716,45.288162],[9.862782,45.292454],[9.861501,45.294006],[9.861319,45.294588],[9.862909,45.298961],[9.866899,45.306081],[9.867349,45.308314],[9.867537,45.310819],[9.868181,45.313599],[9.870821,45.316534],[9.873274,45.319733],[9.87359,45.320324],[9.873749,45.321631],[9.874564,45.334719],[9.871871,45.340278],[9.871559,45.343815],[9.869052,45.347543],[9.867771,45.35131],[9.864084,45.357719],[9.860559,45.366376],[9.859652,45.369161],[9.859836,45.370706],[9.859501,45.372707],[9.858366,45.375248],[9.857923,45.379442],[9.858338,45.381209],[9.866104,45.399758],[9.867325,45.401972],[9.867798,45.40508],[9.868645,45.406692],[9.869417,45.407463],[9.870433,45.408023],[9.873134,45.408374],[9.899039,45.404629],[9.902639,45.404183],[9.906338,45.404118],[9.913612,45.404725],[9.921395,45.406122],[9.924741,45.407056],[9.928286,45.407545],[9.953611,45.417814],[9.955616,45.418987],[9.959538,45.422294],[9.994001,45.437868],[9.99871,45.44077],[10.001269,45.443563],[10.002172,45.444902],[10.002688,45.446045],[10.003467,45.45447],[10.002192,45.465506],[10.001747,45.47308],[10.001022,45.476913],[10.000377,45.479265],[9.988058,45.511195],[9.987532,45.512867],[9.987586,45.513731],[9.991966,45.531309],[9.99251,45.532427],[9.994418,45.534427],[10.006207,45.543814],[10.009434,45.546621],[10.010768,45.54824],[10.012292,45.55088],[10.01241,45.551583],[10.011971,45.552202],[10.010376,45.552883],[10.009077,45.552999],[10.00523,45.552261],[10.00369,45.552598],[10.001713,45.553972],[10.000817,45.555469],[10.000654,45.556905],[10.001093,45.558481],[10.006083,45.56588],[10.008089,45.567896],[10.010393,45.569269],[10.035487,45.579591],[10.037201,45.580945],[10.037891,45.582093],[10.038111,45.583416],[10.03794,45.58422],[10.036109,45.588546],[10.034992,45.589515],[10.03119,45.591447],[10.029618,45.593171],[10.029298,45.59428],[10.029304,45.595213],[10.030411,45.599449],[10.030266,45.600641],[10.029304,45.601694],[10.025088,45.603963],[10.017192,45.609802],[10.016675,45.611143],[10.017178,45.615022],[10.020134,45.622245],[10.02102,45.623431],[10.030724,45.63336],[10.031806,45.634],[10.035091,45.635006],[10.03658,45.636136],[10.037629,45.637922],[10.037907,45.639381],[10.037019,45.641363],[10.035755,45.643343],[10.035728,45.643994],[10.03601,45.644767],[10.037271,45.645891],[10.039916,45.646729],[10.042431,45.648056],[10.045308,45.649104],[10.047225,45.650183],[10.04911,45.652695],[10.049523,45.654902],[10.050256,45.656618]],[[10.000817,45.555469],[10.001413,45.554248],[10.002439,45.553153],[10.003307,45.552624],[10.004815,45.552156]],[[10.001212,45.554498],[10.002723,45.552892],[10.004821,45.55211]],[[10.001334,45.554251],[10.002681,45.55286],[10.004831,45.552067]],[[10.001609,45.554083],[10.002682,45.553075],[10.00418,45.55234]],[[10.001811,45.553882],[10.003559,45.552711]],[[10.000933,45.555003],[10.001616,45.552761]],[[10.001106,45.554468],[10.001717,45.552767]],[[10.001406,45.55371],[10.001781,45.552778]],[[10.001972,45.553674],[10.003407,45.552698],[10.004781,45.552254]]]}},{"type":"Feature","properties":{"id":11642659,"nome":"Ferrovia Villa Santina-Comeglians","uso":"","operatore":"","dal":"","wikipedia":"it:Ferrovia Villa Santina-Comeglians"},"geometry":{"type":"MultiLineString","coordinates":[[[12.909634,46.421425],[12.910607,46.419195],[12.910578,46.41879],[12.909817,46.417882],[12.910236,46.417349],[12.921724,46.413199]],[[12.909497,46.421592],[12.908393,46.422099],[12.907284,46.422066],[12.906247,46.422343],[12.904351,46.424638],[12.904206,46.425862],[12.903905,46.426382],[12.902125,46.427348],[12.900723,46.428573],[12.897021,46.42991],[12.89576,46.431492],[12.893897,46.432176]],[[12.878904,46.445995],[12.878768,46.44663],[12.879091,46.447891],[12.878837,46.449084],[12.87902,46.4497],[12.878275,46.45027],[12.8778,46.451915],[12.877845,46.453118],[12.874255,46.458002],[12.873047,46.458645],[12.872805,46.459185],[12.872972,46.461942],[12.872669,46.46267],[12.873065,46.463345],[12.874258,46.463811],[12.875388,46.464628],[12.876329,46.466859],[12.875077,46.467802],[12.875215,46.468927],[12.873735,46.47254],[12.872493,46.474573],[12.871153,46.475717],[12.871097,46.476058],[12.871509,46.477028],[12.871408,46.477914],[12.870657,46.478709],[12.870449,46.47952],[12.869021,46.479828],[12.868031,46.48044],[12.867969,46.481495],[12.866985,46.482264],[12.865738,46.484522],[12.866154,46.485352],[12.865977,46.485871]],[[12.867076,46.490044],[12.867871,46.49052],[12.868061,46.491289],[12.868002,46.491677],[12.867368,46.492345],[12.867118,46.494976],[12.867379,46.497316],[12.868119,46.497895],[12.868193,46.498198],[12.867003,46.498948],[12.86618,46.499795],[12.866158,46.504011],[12.865139,46.505744],[12.865764,46.507115],[12.865927,46.509009],[12.867239,46.511346],[12.867531,46.512673]]]}},{"type":"Feature","properties":{"id":11642685,"nome":"Ferrovia Carnia-Tolmezzo-Villa Santina","uso":"","operatore":"","dal":"","wikipedia":"it:Ferrovia Carnia-Tolmezzo-Villa Santina"},"geometry":{"type":"MultiLineString","coordinates":[[[13.132955,46.375324],[13.132973,46.376179],[13.132624,46.377175],[13.131493,46.377974],[13.121259,46.380985],[13.118939,46.381231],[13.116717,46.380762],[13.113522,46.378931],[13.10488,46.375143],[13.101363,46.373298],[13.098571,46.372607],[13.089045,46.37126],[13.082015,46.371611],[13.074362,46.374037],[13.07233,46.374459],[13.069914,46.374365],[13.06712,46.373873],[13.063327,46.374159],[13.06121,46.374966],[13.059345,46.376668],[13.058346,46.37829],[13.056531,46.380012],[13.055369,46.382771],[13.055023,46.383168],[13.05219,46.385138],[13.05026,46.386133],[13.047045,46.388901],[13.039373,46.391102],[13.029797,46.39458],[13.028326,46.395546],[13.023559,46.400121],[13.013736,46.402804],[13.012667,46.403321],[13.011936,46.403807],[13.00851,46.408091],[13.003106,46.410827],[13.001964,46.410947],[13.000863,46.410745],[12.99759,46.408965],[12.992472,46.407114],[12.988835,46.406656],[12.985628,46.40668],[12.984253,46.407009],[12.982076,46.406959],[12.977018,46.408037],[12.974193,46.408118],[12.966833,46.410199],[12.965329,46.410437],[12.961297,46.410496],[12.948127,46.409877],[12.928312,46.412095],[12.921724,46.413199]]]}},{"type":"Feature","properties":{"id":11663625,"nome":"Ferrovia Cormons-Redipuglia","uso":"","operatore":"","dal":"","wikipedia":"it:Ferrovia Cormons-Redipuglia"},"geometry":{"type":"MultiLineString","coordinates":[[[13.485935,45.853539],[13.482962,45.863915],[13.482081,45.866343],[13.481294,45.867461],[13.477678,45.870953],[13.476762,45.872188],[13.466197,45.895777],[13.46605,45.898551],[13.472005,45.944848],[13.472225,45.947956],[13.471593,45.949988],[13.469575,45.952747],[13.466449,45.955006],[13.461446,45.95748]]]}},{"type":"Feature","properties":{"id":11963290,"nome":"Ferrovia Udine-Majano","uso":"","operatore":"","dal":"","wikipedia":"it:Ferrovia Udine-Majano"},"geometry":{"type":"MultiLineString","coordinates":[[[13.067702,46.222118],[13.068399,46.222695],[13.070405,46.223283],[13.07276,46.223176],[13.104172,46.209193],[13.110873,46.206799],[13.119734,46.202023],[13.121179,46.200353],[13.121697,46.198448],[13.120253,46.191667],[13.120421,46.189343],[13.120849,46.188332],[13.132981,46.169548],[13.133658,46.167268],[13.133484,46.162018],[13.133628,46.16095],[13.134483,46.158778],[13.135865,46.157072],[13.137843,46.15552],[13.140307,46.154323],[13.150753,46.151385],[13.153898,46.150005],[13.155764,46.14864],[13.1609,46.143261],[13.163565,46.141998],[13.166222,46.141188],[13.168451,46.140866],[13.179808,46.140935],[13.182161,46.140527],[13.183408,46.139807],[13.18826,46.135722],[13.19017,46.133339],[13.190224,46.132831],[13.189603,46.131454],[13.188543,46.130213],[13.175443,46.119713],[13.174501,46.118379],[13.174264,46.117177],[13.17442,46.116122],[13.175213,46.114758],[13.177312,46.113286],[13.179565,46.11268],[13.188676,46.112796],[13.191364,46.11199],[13.225648,46.085421],[13.231068,46.082646],[13.246639,46.078722],[13.247987,46.07771],[13.248607,46.076377]],[[13.223276,46.087349],[13.222759,46.087754]]]}},{"type":"Feature","properties":{"id":11963291,"nome":"Ferrovia Teglio Veneto-Bertiolo-Udine","uso":"","operatore":"","dal":"","wikipedia":"it:Ferrovia Teglio Veneto-Bertiolo-Udine"},"geometry":{"type":"MultiLineString","coordinates":[[[12.866979,45.819967],[12.865396,45.818532],[12.86314,45.815664]],[[12.878438,45.825893],[12.871635,45.823148],[12.868911,45.821515],[12.867167,45.820124]],[[13.138091,45.989959],[13.134446,45.987161],[13.098979,45.957293],[12.998651,45.872481],[12.993389,45.86849],[12.989511,45.866365],[12.984429,45.864297],[12.879763,45.826364]],[[12.867145,45.819934],[12.867207,45.820102],[12.866962,45.820078],[12.867145,45.819934]]]}},{"type":"Feature","properties":{"id":11963387,"nome":"Ferrovia Pinzano-Casarsa","uso":"","operatore":"","dal":"","wikipedia":"it:Ferrovia Gemona del Friuli-Casarsa"},"geometry":{"type":"MultiLineString","coordinates":[[[12.899384,46.092342],[12.900348,46.096052],[12.900438,46.097112],[12.896945,46.115521],[12.897042,46.117598],[12.897798,46.119533],[12.912988,46.138326],[12.913346,46.139222],[12.913592,46.141208],[12.914323,46.142871],[12.914778,46.144734],[12.914764,46.14834],[12.915568,46.150005],[12.918387,46.153366],[12.919318,46.154181],[12.921636,46.155409],[12.925623,46.156622],[12.926847,46.157412],[12.927577,46.158322],[12.928152,46.159754],[12.9283,46.163179],[12.930229,46.167943],[12.931609,46.175869],[12.932283,46.17719],[12.934067,46.178418],[12.936626,46.178895],[12.938863,46.178571],[12.942113,46.177112],[12.943595,46.176707],[12.94575,46.176729],[12.947475,46.177216]],[[12.846948,45.954472],[12.850758,45.955434],[12.851963,45.956126],[12.852983,45.957103],[12.867116,45.983265],[12.885704,46.05991],[12.889605,46.068081],[12.893421,46.071619],[12.89411,46.072633],[12.899303,46.092041]],[[12.869031,45.991322],[12.869895,45.99481]]]}},{"type":"Feature","properties":{"id":11963388,"nome":"Ferrovia San Vito al Tagliamento-Motta di Livenza","uso":"","operatore":"","dal":"","wikipedia":"it:Ferrovia San Vito al Tagliamento-Motta di Livenza"},"geometry":{"type":"MultiLineString","coordinates":[[[12.854793,45.906714],[12.855435,45.905029],[12.855291,45.903185],[12.854108,45.901224],[12.852388,45.899886],[12.792667,45.866237],[12.790095,45.865421],[12.787455,45.865135],[12.760172,45.866121],[12.754762,45.865759],[12.751568,45.865115],[12.748918,45.864296],[12.730455,45.857252],[12.72804,45.85611],[12.726424,45.854934],[12.725132,45.853561],[12.680084,45.796332],[12.677773,45.793984],[12.674488,45.79167],[12.656832,45.78123],[12.65341,45.779899],[12.649234,45.77882],[12.642805,45.778152]]]}},{"type":"Feature","properties":{"id":11963564,"nome":"Ferrovia Bertiolo-Palmanova-Savogna","uso":"","operatore":"","dal":"","wikipedia":"it:Ferrovia Bertiolo-Palmanova-Savogna"},"geometry":{"type":"MultiLineString","coordinates":[[[13.080091,45.941315],[13.08216,45.942537],[13.084966,45.943607],[13.087186,45.94407],[13.090861,45.94433],[13.113025,45.940858],[13.283785,45.894659],[13.286579,45.894146],[13.28903,45.894379],[13.291389,45.895458],[13.292376,45.896176],[13.296752,45.90083],[13.297248,45.901975],[13.297298,45.902966],[13.295319,45.912211],[13.295317,45.912967],[13.295717,45.914361],[13.296554,45.915642],[13.299551,45.917018],[13.306047,45.917434],[13.379625,45.916029]]]}},{"type":"Feature","properties":{"id":11963707,"nome":"Ferrovia Tarvisio-Lubiana","uso":"","operatore":"","dal":"","wikipedia":"en:Tarvisio–Ljubljana Railway"},"geometry":{"type":"MultiLineString","coordinates":[[[13.601567,46.508712],[13.601261,46.507812],[13.601898,46.506762],[13.602608,46.506265],[13.603951,46.505823],[13.605696,46.506089],[13.609718,46.508541],[13.611413,46.50907],[13.612282,46.509007],[13.614975,46.507774],[13.617224,46.507165],[13.618959,46.506138],[13.622894,46.502265],[13.624821,46.500674],[13.628969,46.498562],[13.632368,46.494937],[13.635331,46.493798],[13.640974,46.492827],[13.648607,46.493848],[13.653822,46.493776],[13.658558,46.494456],[13.662344,46.493609],[13.665494,46.493786],[13.668179,46.492903],[13.669979,46.492762],[13.674121,46.493932],[13.678465,46.493812],[13.680279,46.494034],[13.68639,46.495849],[13.690819,46.49642],[13.69569,46.496734],[13.703761,46.495763],[13.717327,46.490948],[13.718582,46.490721],[13.720884,46.490958],[13.724402,46.492477],[13.726522,46.492933],[13.72889,46.492549],[13.732867,46.490534],[13.734757,46.490097],[13.74311,46.491235],[13.751939,46.490756],[13.755368,46.490165],[13.761293,46.490226]],[[13.599612,46.507846],[13.600797,46.507548],[13.601898,46.506762]]]}},{"type":"Feature","properties":{"id":11965985,"nome":"Ferrovia Trieste-Erpelle","uso":"","operatore":"","dal":"","wikipedia":"it:Ferrovia Trieste-Erpelle"},"geometry":{"type":"MultiLineString","coordinates":[[[13.754967,45.646344],[13.752905,45.644083],[13.755014,45.646323]],[[13.755194,45.646239],[13.753479,45.644568],[13.755142,45.646266]],[[13.752905,45.644083],[13.752625,45.643777],[13.753479,45.644568]],[[13.869989,45.624584],[13.87119,45.624532],[13.872059,45.624181],[13.870643,45.624618],[13.866998,45.624265],[13.864092,45.625494],[13.857664,45.625599],[13.855098,45.625859],[13.847221,45.625212],[13.843344,45.626954],[13.841765,45.62874],[13.841049,45.629219],[13.83978,45.629475],[13.83828,45.629183],[13.837131,45.629281],[13.8363,45.629661],[13.83496,45.630958],[13.833682,45.631332],[13.832683,45.63121],[13.830379,45.630373],[13.827536,45.630581],[13.825342,45.629903],[13.823288,45.629884],[13.81989,45.628862],[13.818568,45.629099],[13.817037,45.630263],[13.816038,45.630639],[13.814503,45.630545],[13.81,45.629509],[13.806635,45.629972],[13.805827,45.630241],[13.805163,45.630883],[13.804767,45.632888],[13.801288,45.635035],[13.798879,45.63534],[13.792352,45.634697],[13.788493,45.635008],[13.785979,45.635458],[13.784282,45.636821],[13.781515,45.640094],[13.780365,45.6408],[13.775527,45.640865],[13.774436,45.640706],[13.773252,45.640131],[13.770761,45.637881],[13.769703,45.637531],[13.768496,45.637502],[13.761527,45.63841],[13.758137,45.639678],[13.754126,45.64062],[13.752806,45.641286],[13.752123,45.641976],[13.752002,45.642848],[13.752625,45.643777]],[[13.872059,45.624181],[13.873067,45.62329],[13.874426,45.622608],[13.875713,45.621423],[13.877001,45.620743],[13.879352,45.619986],[13.881266,45.618807],[13.882533,45.617646],[13.887391,45.616276],[13.888573,45.616213],[13.889639,45.616498],[13.890793,45.61714],[13.891652,45.618188],[13.891841,45.618791],[13.89166,45.619478],[13.889826,45.620877]],[[13.889738,45.620925],[13.887592,45.621601],[13.886851,45.622048],[13.88639,45.623015],[13.886816,45.623968],[13.888115,45.624597],[13.889549,45.624493],[13.892516,45.62281],[13.897971,45.62097],[13.898725,45.620004],[13.898659,45.618686],[13.898996,45.618071],[13.901838,45.61642],[13.903075,45.614338],[13.903983,45.613916],[13.908176,45.613168],[13.911955,45.611602],[13.913513,45.610698],[13.915365,45.610178],[13.916667,45.60898],[13.917583,45.608443],[13.919608,45.607915],[13.920395,45.607205],[13.922839,45.604043],[13.925153,45.601787],[13.926221,45.601138],[13.928885,45.600508],[13.931424,45.599542],[13.933068,45.599558],[13.933691,45.599839],[13.934431,45.600644],[13.93525,45.603707]],[[13.821499,45.629175],[13.821499,45.629175]],[[13.84183,45.628452],[13.841739,45.628601],[13.84183,45.628452]],[[13.851555,45.625342],[13.851227,45.625407],[13.851555,45.625342]],[[13.894105,45.621942],[13.894372,45.621956],[13.894105,45.621942]]]}},{"type":"Feature","properties":{"id":12130197,"nome":"Ferrovia Reggio Emilia-Boretto","uso":"","operatore":"","dal":"","wikipedia":"it:Ferrovia Reggio Emilia-Boretto"},"geometry":{"type":"MultiLineString","coordinates":[[[10.53634,44.86269],[10.540646,44.871114],[10.544947,44.878299],[10.550521,44.892447],[10.550713,44.893927],[10.54891,44.89984],[10.548904,44.900999],[10.5496,44.901987],[10.550455,44.902562],[10.553753,44.903248]],[[10.609269,44.78221],[10.609028,44.787673],[10.607342,44.790401],[10.604211,44.793851],[10.593832,44.80328],[10.589878,44.805729],[10.587564,44.806795],[10.575272,44.809224],[10.563112,44.813617],[10.562057,44.814453],[10.561379,44.815868]],[[10.608617,44.780103],[10.607735,44.776606]],[[10.616376,44.744802],[10.603073,44.758237],[10.602191,44.759848],[10.602097,44.761364],[10.602343,44.762352],[10.606955,44.773614]],[[10.635935,44.725867],[10.634108,44.727588]],[[10.633238,44.728327],[10.632777,44.728768]],[[10.638474,44.723436],[10.636523,44.725279]],[[10.636435,44.725395],[10.636243,44.7256]],[[10.639082,44.722886],[10.640237,44.721649]],[[10.640897,44.720989],[10.641341,44.720569]],[[10.64214,44.719627],[10.643296,44.717474]]]}},{"type":"Feature","properties":{"id":12222690,"nome":"Ferrovia Pavia-Stradella","uso":"","operatore":"","dal":"","wikipedia":"it:Ferrovia Pavia-Stradella"},"geometry":{"type":"MultiLineString","coordinates":[[[9.109075,45.084974],[9.1123,45.087738],[9.114235,45.089914],[9.115448,45.09202],[9.116224,45.094798],[9.116257,45.096917],[9.112233,45.125655],[9.112207,45.130442],[9.112887,45.135108],[9.11924,45.16056],[9.120645,45.165106],[9.122348,45.168666],[9.125098,45.172854],[9.129844,45.177898]],[[9.132011,45.179924],[9.137837,45.18571],[9.139465,45.186666],[9.143437,45.188245],[9.145813,45.189642],[9.148053,45.191481]],[[9.147036,45.190556],[9.145693,45.189454],[9.143446,45.188146],[9.139533,45.186654],[9.137865,45.185695],[9.132055,45.179915]],[[9.129881,45.177878],[9.126495,45.174433],[9.124323,45.171678],[9.121902,45.16776],[9.120268,45.163989],[9.113161,45.136101],[9.112366,45.131646],[9.112176,45.128079],[9.112358,45.124762],[9.116194,45.097766],[9.116267,45.09492],[9.115627,45.092337],[9.114446,45.090127],[9.112631,45.087984],[9.108151,45.084102],[9.107628,45.083254],[9.107535,45.08235],[9.108207,45.081021],[9.116592,45.074681],[9.119927,45.073404],[9.123175,45.072907],[9.146238,45.072645],[9.196744,45.07428],[9.198425,45.07418],[9.200999,45.073611],[9.237549,45.062323],[9.23997,45.061844],[9.24235,45.061733],[9.244642,45.061916],[9.24656,45.062337],[9.262026,45.067545],[9.264399,45.068962],[9.273813,45.075647],[9.276065,45.076848],[9.278931,45.077922],[9.284301,45.078922],[9.300858,45.079466]],[[9.262374,45.067722],[9.264423,45.068935],[9.273836,45.075618],[9.276086,45.076821],[9.27895,45.077892],[9.284313,45.078891],[9.300866,45.079432]],[[9.108366,45.084316],[9.108819,45.084756]]]}},{"type":"Feature","properties":{"id":12222761,"nome":"Ferrovia Cava Carbonara-Cava Manara","uso":"","operatore":"","dal":"","wikipedia":"it:Ferrovia Cava Carbonara-Cava Manara"},"geometry":{"type":"MultiLineString","coordinates":[[[9.071468,45.147049],[9.076739,45.149614],[9.084558,45.152115],[9.088354,45.15274],[9.093877,45.153071],[9.10039,45.152575],[9.113613,45.14991],[9.11485,45.149267],[9.115697,45.148321],[9.115886,45.147467],[9.11563,45.146149]]]}},{"type":"Feature","properties":{"id":12235123,"nome":"Ferrovia Saronno-Seregno","uso":"","operatore":"Ferrovienord","dal":"","wikipedia":"it:Ferrovia Saronno-Seregno"},"geometry":{"type":"MultiLineString","coordinates":[[[9.029954,45.625444],[9.033265,45.623103],[9.034534,45.621852],[9.037684,45.620053],[9.041443,45.615869],[9.042435,45.614123],[9.043042,45.613499],[9.044945,45.612753],[9.047686,45.612749],[9.048896,45.612987],[9.049842,45.613436],[9.053479,45.616929],[9.055834,45.618207],[9.06054,45.621954],[9.06277,45.622824],[9.12714,45.630375],[9.136555,45.630541],[9.138413,45.630781],[9.140363,45.631357],[9.145656,45.633717],[9.16375,45.63828],[9.195517,45.648844],[9.197177,45.648843],[9.198593,45.648397],[9.204673,45.644716]],[[9.203872,45.645151],[9.201254,45.646919]],[[9.120518,45.629598],[9.062701,45.622768],[9.060431,45.621828],[9.055874,45.618183],[9.053439,45.616845],[9.049781,45.613335],[9.04862,45.612869],[9.046959,45.612652],[9.044712,45.612754],[9.043031,45.613456],[9.042388,45.614106],[9.041397,45.61585],[9.037641,45.62003],[9.034505,45.621793],[9.033102,45.623161],[9.029919,45.625419]],[[9.03383,45.622448],[9.03114,45.624422]]]}},{"type":"Feature","properties":{"id":12235132,"nome":"Passante ferroviario di Milano","uso":"","operatore":"Rete Ferroviaria Italiana","dal":"","wikipedia":"it:Passante ferroviario di Milano"},"geometry":{"type":"MultiLineString","coordinates":[[[9.131546,45.507261],[9.144653,45.504534],[9.147926,45.503322],[9.163898,45.495958],[9.167505,45.495084],[9.171523,45.495045],[9.174416,45.494597],[9.17914,45.492764],[9.180339,45.49202],[9.179211,45.492847],[9.174832,45.494596],[9.171414,45.495137],[9.166854,45.495338],[9.164958,45.495894],[9.161257,45.49753],[9.160277,45.498228],[9.159718,45.499141],[9.158732,45.503469]],[[9.159254,45.503537],[9.160425,45.498686],[9.16134,45.497678],[9.163317,45.496595]],[[9.180339,45.49202],[9.181332,45.490619],[9.182401,45.486997],[9.183067,45.486127],[9.184098,45.485329],[9.188712,45.483286],[9.193035,45.482726],[9.194756,45.482235],[9.21588,45.472587],[9.216982,45.471379],[9.217405,45.470009],[9.217401,45.462241],[9.217981,45.461266],[9.218932,45.460526],[9.220117,45.459906],[9.221502,45.459548],[9.233879,45.459497],[9.235152,45.459236],[9.236241,45.458568],[9.236707,45.457911],[9.236852,45.457198],[9.236228,45.450258],[9.23602,45.449601],[9.234581,45.447363],[9.234353,45.445753],[9.239622,45.431791]],[[9.219497,45.460222],[9.221545,45.459665],[9.22826,45.45958],[9.233036,45.459589],[9.23555,45.460133],[9.236519,45.460715],[9.237116,45.461596],[9.237176,45.462707],[9.236589,45.465991],[9.236958,45.46718],[9.237896,45.468426],[9.239008,45.469239],[9.240406,45.469866],[9.246846,45.471492],[9.270447,45.47552],[9.287935,45.478873],[9.31121,45.482765],[9.327597,45.485763]],[[9.31914,45.484176],[9.289075,45.479033],[9.270938,45.47557],[9.246864,45.471461],[9.240443,45.46984],[9.239031,45.469209],[9.237939,45.468397],[9.237042,45.467248],[9.236637,45.465991],[9.237253,45.462482],[9.237122,45.461433],[9.236343,45.460509],[9.234574,45.459667],[9.232834,45.45928],[9.221777,45.459361],[9.220084,45.459707],[9.219282,45.460182],[9.220507,45.459675],[9.221734,45.459489],[9.23406,45.459441],[9.235506,45.45902],[9.236473,45.458212],[9.236794,45.45737],[9.236747,45.455572],[9.236179,45.45026],[9.235976,45.449617],[9.234536,45.447376],[9.234287,45.445903],[9.239421,45.432115]],[[9.219282,45.460182],[9.217911,45.46125],[9.217329,45.462209],[9.217289,45.47028],[9.216703,45.471665],[9.215572,45.472735],[9.194848,45.482149],[9.193019,45.48268],[9.188605,45.483164],[9.184133,45.485146],[9.182882,45.486026],[9.182341,45.486719],[9.180938,45.490941],[9.179261,45.492642],[9.175697,45.494149],[9.174267,45.49453],[9.166102,45.495451],[9.163281,45.496558],[9.161107,45.497799],[9.16019,45.499113],[9.159203,45.50353]],[[9.163281,45.496558],[9.160982,45.49764],[9.159981,45.498543],[9.159553,45.499473],[9.158682,45.503463]],[[9.180077,45.491986],[9.179003,45.492648],[9.174665,45.494346],[9.171601,45.494829],[9.167229,45.495006],[9.163967,45.495821],[9.148349,45.503092],[9.144803,45.504451],[9.131528,45.507226]],[[9.136533,45.506226],[9.131562,45.507174]]]}},{"type":"Feature","properties":{"id":12235191,"nome":"Ferrovia Saronno-Como","uso":"","operatore":"","dal":"","wikipedia":"it:Ferrovia Saronno-Como"},"geometry":{"type":"MultiLineString","coordinates":[[[9.03228,45.624114],[9.024677,45.629456],[9.023759,45.630675],[9.023424,45.63224],[9.023627,45.633273],[9.024097,45.634172],[9.025223,45.63528],[9.03357,45.638963],[9.035121,45.64035],[9.035758,45.641883],[9.036546,45.64825],[9.036262,45.649556],[9.036226,45.652141],[9.03733,45.654739],[9.038343,45.665535],[9.038392,45.668486],[9.037836,45.671765],[9.038568,45.674754],[9.039666,45.677356],[9.039986,45.687317],[9.039432,45.689071],[9.036185,45.693515],[9.0357,45.694483],[9.035592,45.695448],[9.036164,45.698095],[9.035911,45.701534],[9.038141,45.708102],[9.039734,45.709946],[9.040088,45.710651],[9.04039,45.712174],[9.040135,45.714267],[9.041023,45.717411],[9.044127,45.722814],[9.044396,45.723814],[9.044116,45.724853],[9.042208,45.727246],[9.04077,45.730778],[9.040746,45.731609],[9.041193,45.733442],[9.040887,45.736],[9.040031,45.737714],[9.039966,45.738758],[9.041203,45.74239],[9.041812,45.743269],[9.045374,45.745278],[9.048953,45.747977],[9.049895,45.749276],[9.049765,45.75553],[9.051313,45.767734],[9.050996,45.776126],[9.051474,45.779332],[9.052036,45.78027],[9.053704,45.781106],[9.057139,45.781411],[9.064428,45.780458],[9.06631,45.780541],[9.077363,45.783111],[9.083617,45.787185],[9.086781,45.788029],[9.090985,45.790293],[9.091366,45.790682],[9.093146,45.794146],[9.094832,45.795515],[9.09607,45.797304],[9.096296,45.798088],[9.095853,45.799478],[9.086375,45.810218],[9.085014,45.812186],[9.084334,45.813731],[9.083799,45.814315]],[[9.032318,45.624139],[9.024711,45.629485],[9.023609,45.631162],[9.023502,45.632591],[9.024151,45.634151],[9.025583,45.635477],[9.03386,45.639091],[9.03533,45.640575],[9.035816,45.641939],[9.036587,45.648026],[9.036304,45.649837],[9.036312,45.652265],[9.037372,45.654726],[9.038407,45.665685],[9.038452,45.668327],[9.037887,45.671677],[9.038635,45.674814],[9.039724,45.67743],[9.040041,45.687102],[9.03952,45.689039],[9.03616,45.693646],[9.035725,45.694561],[9.035665,45.695617],[9.03622,45.698054],[9.035956,45.701433],[9.038183,45.708087],[9.040113,45.710578],[9.040447,45.712173],[9.040176,45.714203],[9.041075,45.717411],[9.044211,45.72291],[9.044442,45.723774],[9.044113,45.724929],[9.042244,45.727283],[9.040878,45.730634],[9.040797,45.731581],[9.041237,45.733236],[9.040994,45.735645],[9.040072,45.737773],[9.03998,45.738562],[9.041212,45.742294],[9.041746,45.743144],[9.045171,45.745076],[9.049267,45.7482],[9.049949,45.749266],[9.049745,45.75464],[9.051371,45.767733],[9.051017,45.775396],[9.051504,45.779319],[9.052255,45.780416],[9.053944,45.781119],[9.057565,45.781372],[9.063485,45.780529],[9.065706,45.780439],[9.07638,45.782777],[9.078257,45.783556],[9.082818,45.786726]]]}},{"type":"Feature","properties":{"id":12238695,"nome":"Ferrovia Saronno-Novara","uso":"","operatore":"","dal":"","wikipedia":"it:Ferrovia Saronno-Novara"},"geometry":{"type":"MultiLineString","coordinates":[[[9.031948,45.623986],[9.026957,45.627485],[9.025027,45.628099],[9.022886,45.628244],[8.910639,45.619385],[8.904822,45.618749],[8.90252,45.618173],[8.900374,45.617166],[8.895328,45.61388],[8.89239,45.612969],[8.885837,45.612201],[8.875762,45.610526],[8.858652,45.606943],[8.84175,45.604924],[8.839461,45.604439],[8.789307,45.579649],[8.788036,45.57833],[8.771609,45.55448],[8.770946,45.553286],[8.770397,45.551212],[8.769567,45.549939],[8.767631,45.548606],[8.753526,45.541178],[8.751082,45.538892],[8.744007,45.530879],[8.743045,45.530175],[8.736583,45.526783],[8.74387,45.530833],[8.751018,45.538916],[8.75317,45.540999],[8.754951,45.542107],[8.767635,45.548642],[8.769347,45.549807],[8.770357,45.551304],[8.771208,45.553988],[8.788255,45.578708],[8.789204,45.579629],[8.817387,45.593729],[8.825716,45.598326],[8.833144,45.601478],[8.839535,45.604512],[8.841367,45.604913],[8.858629,45.606974],[8.875265,45.61047],[8.892276,45.613144],[8.89553,45.614333],[8.90174,45.618192],[8.903186,45.618684],[8.905801,45.619165],[8.931235,45.620969],[9.022885,45.628277],[9.024819,45.628172],[9.02681,45.627594],[9.031982,45.62401]],[[8.626682,45.452216],[8.628661,45.453135],[8.629754,45.454068]],[[8.736583,45.526783],[8.73539,45.525852],[8.734025,45.524372],[8.69774,45.483692],[8.696684,45.482901],[8.69476,45.482102],[8.655599,45.4717],[8.645217,45.468185],[8.643069,45.466746],[8.637378,45.460192],[8.63064,45.455309],[8.629367,45.453701],[8.628087,45.452859]]]}},{"type":"Feature","properties":{"id":12238698,"nome":"Ferrovia Saronno-Laveno","uso":"","operatore":"","dal":"","wikipedia":"it:Ferrovia Saronno-Laveno"},"geometry":{"type":"MultiLineString","coordinates":[[[9.032149,45.624021],[9.000658,45.646215],[8.969491,45.666296],[8.964372,45.670731],[8.957393,45.675547],[8.954197,45.67866],[8.927912,45.695089],[8.919178,45.701318],[8.912573,45.708089],[8.911003,45.70894],[8.904628,45.711055],[8.902778,45.712333],[8.894921,45.722291],[8.894194,45.723904],[8.893709,45.730146],[8.895265,45.737613],[8.895259,45.738861],[8.890353,45.757535],[8.886836,45.779071],[8.88737,45.780409],[8.890574,45.783656],[8.89088,45.784517],[8.890792,45.785348],[8.889364,45.78746],[8.881905,45.794318],[8.879139,45.795273],[8.875326,45.795208],[8.872693,45.795477],[8.875636,45.795237],[8.87895,45.795331],[8.881781,45.794423],[8.882892,45.793608],[8.889408,45.787476],[8.890812,45.785473],[8.890929,45.784497],[8.89061,45.783625],[8.887243,45.780172],[8.886907,45.778617],[8.890403,45.757533],[8.895337,45.73864],[8.895304,45.73761],[8.893744,45.730123],[8.894213,45.724132],[8.894951,45.722345],[8.902728,45.712455],[8.90466,45.711096],[8.91088,45.709027],[8.912633,45.708108],[8.919213,45.701338],[8.929104,45.694307],[8.954224,45.678679],[8.957481,45.675544],[8.964345,45.670811],[8.969553,45.666304],[9.00144,45.645724],[9.032186,45.624047]],[[8.618192,45.908517],[8.62286,45.906546],[8.627332,45.903934],[8.637494,45.901604],[8.641476,45.90049],[8.644201,45.900276],[8.645753,45.899782],[8.652966,45.895264],[8.654462,45.894649],[8.657943,45.894127],[8.664127,45.894754],[8.666011,45.894108],[8.666732,45.893313],[8.668454,45.890557],[8.670412,45.883555],[8.672059,45.881569],[8.674958,45.875156],[8.67675,45.873289],[8.679303,45.871297],[8.679929,45.870571],[8.681571,45.865124],[8.682394,45.863936],[8.688495,45.860803],[8.696196,45.857575],[8.711844,45.847869],[8.715565,45.845158],[8.718519,45.844729],[8.721287,45.843983],[8.724606,45.842038],[8.730041,45.841546],[8.735451,45.840193],[8.73765,45.839427],[8.743408,45.836626],[8.748125,45.836054],[8.754065,45.83428],[8.762515,45.832123],[8.768306,45.831183],[8.770596,45.829612],[8.773641,45.828755],[8.77707,45.826682],[8.780837,45.82555],[8.783272,45.825297],[8.787975,45.825762],[8.78979,45.825429],[8.792406,45.824421],[8.798704,45.824225],[8.799959,45.823608],[8.800493,45.822966],[8.800737,45.822144],[8.800755,45.820231],[8.801718,45.819116],[8.804688,45.817592],[8.808052,45.816927],[8.81057,45.815161],[8.815531,45.813667],[8.816686,45.813543],[8.819945,45.813758],[8.824635,45.811921],[8.829434,45.811192],[8.831362,45.811309],[8.832019,45.811692],[8.832919,45.813118],[8.832869,45.81398],[8.831928,45.816173],[8.832092,45.8169],[8.832577,45.817621],[8.836425,45.819487],[8.837907,45.819762],[8.839187,45.819603],[8.840618,45.81883],[8.843022,45.816136],[8.846625,45.813508],[8.84823,45.811566],[8.850286,45.810097],[8.853783,45.806657],[8.856712,45.805292],[8.860493,45.80435],[8.862901,45.801948],[8.865233,45.800296],[8.866507,45.798507],[8.869222,45.796142],[8.870876,45.795538],[8.872693,45.795477]]]}},{"type":"Feature","properties":{"id":12238995,"nome":"Ferrovia Arona-Novara","uso":"","operatore":"","dal":"","wikipedia":"it:Ferrovia Alessandria-Novara-Arona"},"geometry":{"type":"MultiLineString","coordinates":[[[8.564793,45.738281],[8.559016,45.742058],[8.557773,45.743514],[8.557014,45.745463],[8.557109,45.747768],[8.56102,45.758137]],[[8.625528,45.555639],[8.625528,45.555639]],[[8.624407,45.451967],[8.621407,45.453965],[8.619913,45.455597],[8.618666,45.45767],[8.61309,45.479456],[8.612786,45.481374],[8.612785,45.483445],[8.632543,45.593798],[8.632755,45.596432],[8.632682,45.599767]],[[8.558935,45.755342],[8.561312,45.752877],[8.563299,45.749993],[8.563824,45.748802],[8.56399,45.747834],[8.563817,45.746487],[8.562382,45.7429],[8.562429,45.741427],[8.562888,45.740253],[8.564529,45.738511],[8.569217,45.735596],[8.571387,45.73386],[8.574814,45.729328],[8.575487,45.727527],[8.576257,45.721202],[8.576736,45.719647],[8.578457,45.717003],[8.581723,45.713884],[8.583003,45.712302],[8.583615,45.710904],[8.584092,45.706355],[8.585004,45.704609],[8.587337,45.702363],[8.610777,45.686268],[8.613112,45.683722],[8.619716,45.670969],[8.620571,45.668278],[8.621913,45.660573],[8.621673,45.65194],[8.621867,45.649364],[8.632429,45.601068],[8.632744,45.596]],[[8.612837,45.480859],[8.612894,45.480033],[8.618637,45.45767],[8.619694,45.455825],[8.621146,45.454144],[8.625168,45.45127]],[[8.623269,45.452574],[8.624643,45.45173]]]}},{"type":"Feature","properties":{"id":12242669,"nome":"Ferrovia Milano-Saronno","uso":"","operatore":"Ferrovienord","dal":"","wikipedia":"it:Ferrovia Milano-Saronno"},"geometry":{"type":"MultiLineString","coordinates":[[[9.175294,45.468582],[9.170348,45.472399],[9.165918,45.47749],[9.162071,45.48111],[9.160913,45.482551],[9.1606,45.483847],[9.161039,45.491009],[9.160449,45.494132],[9.159571,45.501494],[9.159004,45.503608],[9.158372,45.504897],[9.155848,45.507363],[9.150064,45.513782],[9.134519,45.531457],[9.120162,45.545675],[9.106092,45.558438],[9.083045,45.578073],[9.077338,45.582098],[9.059705,45.596685],[9.038069,45.619928],[9.030162,45.625592]],[[9.029818,45.625864],[9.037944,45.620105],[9.059983,45.59651],[9.077393,45.582125],[9.083102,45.578119],[9.105709,45.558825],[9.120623,45.545306],[9.134297,45.531815],[9.150295,45.513587],[9.156005,45.507254],[9.158413,45.504913],[9.159051,45.503614],[9.159688,45.501129],[9.160497,45.494132],[9.161087,45.491011],[9.160658,45.483847],[9.160975,45.482573],[9.162346,45.480905],[9.165881,45.477592],[9.170391,45.472419],[9.17533,45.468604]],[[9.175425,45.468663],[9.17206,45.471038]],[[9.172103,45.471061],[9.175466,45.468688]],[[9.172675,45.470667],[9.17555,45.468744]],[[9.175167,45.468493],[9.170249,45.472355],[9.165561,45.477726],[9.161913,45.48103],[9.160781,45.482517],[9.160484,45.483844],[9.16093,45.490942],[9.159466,45.501086],[9.158458,45.504386],[9.149411,45.514349],[9.135142,45.530606],[9.12006,45.545625],[9.106002,45.558386],[9.083441,45.57761],[9.077749,45.581637],[9.059387,45.596828],[9.037901,45.619951],[9.030042,45.625504]],[[9.030079,45.625531],[9.037937,45.619973],[9.059874,45.596462],[9.077535,45.581868],[9.082993,45.578034],[9.106041,45.558406],[9.120097,45.545644],[9.134159,45.531766],[9.150011,45.513753],[9.1584,45.504568],[9.158875,45.503591],[9.159513,45.501092],[9.160378,45.494139],[9.160981,45.490959],[9.160544,45.483844],[9.160845,45.48253],[9.161954,45.481051],[9.165875,45.477444],[9.170293,45.472371],[9.175206,45.468518]],[[9.175035,45.468417],[9.171966,45.470983]],[[9.172011,45.471004],[9.175074,45.46844]],[[9.172482,45.470533],[9.174554,45.468664]],[[9.086438,45.575258],[9.083085,45.578232],[9.080891,45.579765]],[[9.085016,45.576582],[9.082539,45.578737]],[[9.034821,45.622434],[9.031876,45.624691]],[[9.034791,45.622402],[9.031793,45.62462]]]}},{"type":"Feature","properties":{"id":12242964,"nome":"Ferrovia Milano-Chiasso","uso":"","operatore":"Rete Ferroviaria Italiana","dal":"","wikipedia":"it:Ferrovia Milano-Chiasso"},"geometry":{"type":"MultiLineString","coordinates":[[[9.204482,45.486253],[9.213468,45.495324],[9.215357,45.498509],[9.215602,45.49974],[9.215382,45.500987],[9.212041,45.505563],[9.211603,45.506633],[9.211474,45.507774],[9.212017,45.509327],[9.216966,45.516522],[9.219458,45.51986],[9.223439,45.524187],[9.22821,45.530291],[9.258744,45.559812],[9.264522,45.565931],[9.26821,45.570497],[9.273175,45.578029],[9.273542,45.579339],[9.273158,45.580847],[9.27215,45.582151],[9.27099,45.583119],[9.235041,45.606156],[9.223356,45.613765],[9.221874,45.614948],[9.220393,45.616556],[9.21936,45.618195],[9.208689,45.641111],[9.207425,45.642681],[9.206192,45.643771],[9.200566,45.647402],[9.196933,45.649126],[9.192815,45.650232],[9.147627,45.656716],[9.144723,45.657607],[9.141973,45.658844],[9.1396,45.66034],[9.137436,45.662244],[9.135651,45.664586],[9.124645,45.684098],[9.122096,45.6874],[9.120325,45.689014],[9.118171,45.690557],[9.102997,45.699672],[9.100656,45.701649],[9.099241,45.703422],[9.097836,45.706223],[9.097353,45.7091],[9.097669,45.71172],[9.099038,45.715149],[9.099335,45.716419],[9.099293,45.718245],[9.098792,45.719869],[9.097987,45.721226],[9.096057,45.723462],[9.095258,45.724754],[9.094755,45.726221],[9.094268,45.729213],[9.093042,45.731489],[9.090641,45.733687],[9.086237,45.735977],[9.084642,45.737197],[9.083247,45.738761],[9.082286,45.740659],[9.081985,45.742094],[9.082078,45.743891],[9.08572,45.755787],[9.085963,45.758029],[9.085751,45.759932],[9.085038,45.761888],[9.083655,45.763739],[9.079162,45.768291],[9.075874,45.770401],[9.07454,45.771771],[9.073362,45.774153],[9.073149,45.775488],[9.073234,45.776924],[9.073617,45.777973],[9.074463,45.779049],[9.081325,45.784557],[9.092587,45.790055],[9.093562,45.79153],[9.093585,45.79233],[9.093271,45.793236],[9.092156,45.794553],[9.091077,45.795412],[9.084355,45.79863],[9.082974,45.799508],[9.077943,45.803726],[9.07091,45.810357],[9.06477,45.814863],[9.060526,45.818788],[9.041014,45.828534],[9.034369,45.830721],[9.031539,45.831888]],[[9.031598,45.831958],[9.034589,45.830688],[9.040871,45.828638],[9.060553,45.818813],[9.064804,45.814884],[9.071528,45.809987],[9.077991,45.803752],[9.083016,45.799527],[9.084401,45.798647],[9.091117,45.795436],[9.092199,45.794575],[9.093311,45.793252],[9.093635,45.792331],[9.09361,45.791523],[9.093176,45.790619],[9.092452,45.789893],[9.081358,45.784535],[9.074504,45.779025],[9.073669,45.777962],[9.073287,45.776921],[9.073375,45.77431],[9.073878,45.772918],[9.074582,45.771787],[9.075917,45.770417],[9.079198,45.768317],[9.083694,45.763756],[9.084964,45.76212],[9.085732,45.760202],[9.086003,45.758292],[9.085859,45.756234],[9.082178,45.744136],[9.08202,45.742428],[9.082333,45.740666],[9.083288,45.738776],[9.084676,45.737216],[9.086268,45.736005],[9.09068,45.733706],[9.093084,45.731501],[9.094316,45.729221],[9.094799,45.72623],[9.095307,45.724758],[9.096098,45.72348],[9.098028,45.721243],[9.098842,45.719881],[9.099345,45.718247],[9.099383,45.716414],[9.099084,45.715137],[9.09772,45.711702],[9.097401,45.709099],[9.097883,45.70623],[9.099336,45.703365],[9.101028,45.701346],[9.103022,45.699703],[9.118611,45.690314],[9.121338,45.688214],[9.122869,45.686627],[9.124689,45.684108],[9.135617,45.664721],[9.137473,45.662266],[9.139402,45.660536],[9.141751,45.659004],[9.144746,45.657634],[9.147656,45.656744],[9.192826,45.650263],[9.196731,45.649237],[9.20062,45.647414],[9.20629,45.643747],[9.20773,45.64241],[9.20876,45.64108],[9.219407,45.618212],[9.220437,45.616572],[9.221914,45.614966],[9.224846,45.61283],[9.271329,45.582941],[9.273203,45.580864],[9.273589,45.579345],[9.273225,45.578016],[9.268256,45.570481],[9.264565,45.565913],[9.258789,45.5598],[9.228103,45.530118],[9.22348,45.524172],[9.219505,45.519849],[9.217014,45.516512],[9.212048,45.509292],[9.211531,45.507886],[9.211647,45.506629],[9.21202,45.505686],[9.215402,45.501063],[9.215646,45.499844],[9.215408,45.49852],[9.21364,45.495453],[9.204544,45.486222]],[[9.076581,45.80499],[9.073898,45.807309],[9.070475,45.810709]],[[9.070755,45.810578],[9.075691,45.805906]]]}},{"type":"Feature","properties":{"id":12296800,"nome":"Ferrovia Biella-Novara","uso":"","operatore":"","dal":"","wikipedia":"it:Ferrovia Biella-Novara"},"geometry":{"type":"MultiLineString","coordinates":[[[8.067495,45.55722],[8.064757,45.560284],[8.063573,45.562169],[8.063022,45.56382],[8.062868,45.565183],[8.063382,45.566342],[8.064464,45.567176],[8.067205,45.568221],[8.068831,45.568502],[8.071432,45.568146],[8.074134,45.566592],[8.075232,45.566207],[8.089737,45.564289],[8.101319,45.558121],[8.10399,45.557468],[8.114358,45.557769],[8.132605,45.560836],[8.169531,45.564977],[8.172488,45.565152],[8.174716,45.564724],[8.176839,45.563687],[8.177693,45.562946],[8.181201,45.558797],[8.182422,45.557867],[8.194143,45.554224],[8.204431,45.548347],[8.206768,45.546643],[8.209967,45.542837],[8.212099,45.541352],[8.21412,45.540664],[8.215718,45.540489],[8.229679,45.540487],[8.231735,45.540155],[8.233333,45.539382],[8.239008,45.535],[8.24316,45.532259],[8.247329,45.530491],[8.253115,45.529091],[8.256515,45.528742],[8.260182,45.528717],[8.311022,45.533486],[8.312191,45.533757],[8.315455,45.535209],[8.317469,45.537361],[8.318605,45.538158],[8.319934,45.53864],[8.321449,45.53883],[8.323628,45.538562],[8.384181,45.525067],[8.386445,45.525148],[8.426575,45.52927],[8.428514,45.529193],[8.434618,45.527389],[8.43997,45.524708],[8.486856,45.493077],[8.489476,45.491627],[8.492319,45.490748],[8.493923,45.490484],[8.569715,45.47976],[8.572232,45.479253],[8.574376,45.478321],[8.576087,45.477],[8.584859,45.464864],[8.586608,45.463444],[8.611362,45.453107],[8.613713,45.452882],[8.617556,45.453691],[8.620303,45.453694],[8.62207,45.453226],[8.624445,45.451675]]]}},{"type":"Feature","properties":{"id":12298520,"nome":"Ferrovia Santhià-Biella","uso":"","operatore":"","dal":"","wikipedia":"it:Ferrovia Santhià-Biella"},"geometry":{"type":"MultiLineString","coordinates":[[[8.179374,45.363522],[8.183424,45.365025],[8.185514,45.366613],[8.186273,45.36793],[8.186474,45.368985],[8.186297,45.370174],[8.18578,45.371186],[8.168307,45.389376],[8.151004,45.409173],[8.136781,45.431063],[8.135583,45.432405],[8.133551,45.433924],[8.132292,45.434583],[8.124744,45.43775],[8.120413,45.439219],[8.118414,45.440384],[8.116703,45.441862],[8.11527,45.443947],[8.114646,45.446192],[8.114749,45.448089],[8.115878,45.451216],[8.116181,45.453057],[8.115991,45.455352],[8.115028,45.457818],[8.113012,45.460382],[8.095246,45.47601],[8.093784,45.477626],[8.092859,45.479274],[8.09253,45.480237],[8.091622,45.489868],[8.091337,45.490939],[8.080916,45.513301],[8.080473,45.514772],[8.080361,45.516464],[8.080769,45.518202],[8.081397,45.519554],[8.083047,45.521439],[8.084506,45.522542],[8.090561,45.525988],[8.092198,45.527404],[8.093674,45.529197],[8.100805,45.541495],[8.101246,45.542944],[8.101325,45.544095],[8.101107,45.545383],[8.100552,45.546735],[8.099591,45.548048],[8.098266,45.549257],[8.096324,45.550458],[8.094517,45.551175],[8.091122,45.551762],[8.086014,45.55147],[8.083766,45.551593],[8.072807,45.553863],[8.070237,45.554993],[8.068575,45.556212],[8.067597,45.557257]]]}},{"type":"Feature","properties":{"id":12303951,"nome":"Ferrovia Vercelli-Casale Monferrato","uso":"","operatore":"","dal":"","wikipedia":"it:Ferrovia Vercelli-Casale Monferrato"},"geometry":{"type":"MultiLineString","coordinates":[[[8.460319,45.133979],[8.460699,45.136579],[8.460164,45.137956],[8.458377,45.139409],[8.454598,45.140865],[8.45328,45.141622],[8.445774,45.14884],[8.44328,45.151843],[8.442218,45.153823],[8.441259,45.156456],[8.409583,45.323644],[8.409901,45.325647],[8.411288,45.327499],[8.412855,45.328553],[8.416553,45.329962]]]}},{"type":"Feature","properties":{"id":12304419,"nome":"Ferrovia Varallo-Novara","uso":"","operatore":"","dal":"","wikipedia":"it:Ferrovia Novara-Varallo"},"geometry":{"type":"MultiLineString","coordinates":[[[8.257303,45.81502],[8.264348,45.812646],[8.266045,45.811549],[8.26678,45.810596],[8.267157,45.809343],[8.266858,45.802592],[8.267135,45.801383],[8.267722,45.80046],[8.275167,45.792122],[8.277035,45.784293],[8.276951,45.782983],[8.276309,45.781458],[8.270148,45.775045],[8.268641,45.773099],[8.26832,45.772284],[8.264487,45.752696],[8.264487,45.746514],[8.263035,45.742084],[8.263257,45.738555],[8.262551,45.734934],[8.262576,45.733986],[8.264132,45.7303],[8.26486,45.729085],[8.266317,45.72716],[8.26811,45.725342],[8.271075,45.72297],[8.290091,45.71263],[8.2919,45.711834],[8.298819,45.709565],[8.299915,45.708292],[8.301332,45.703761],[8.302379,45.702846],[8.305669,45.701265],[8.306941,45.69933],[8.307826,45.698448],[8.31137,45.697091],[8.312966,45.696225],[8.319006,45.691588],[8.32115,45.6902],[8.338835,45.679844],[8.340603,45.678496],[8.35793,45.656617],[8.36029,45.654449],[8.369424,45.647967],[8.37699,45.635622],[8.380093,45.632302],[8.38223,45.630699],[8.390609,45.627957],[8.392204,45.627269],[8.393037,45.626661],[8.39672,45.62191],[8.397246,45.620716],[8.397249,45.61925],[8.396711,45.61622],[8.396973,45.615085],[8.406159,45.604088],[8.421624,45.592414],[8.427041,45.585053],[8.437023,45.572614],[8.448588,45.561518],[8.454441,45.553507],[8.462104,45.54732],[8.475606,45.539076],[8.476964,45.538789],[8.489121,45.537689],[8.508558,45.531219],[8.539981,45.514449],[8.541462,45.513339],[8.555785,45.500615],[8.556914,45.500049],[8.561984,45.498511],[8.567745,45.495131],[8.572324,45.491895],[8.574881,45.491199],[8.5797,45.491196],[8.581574,45.490909],[8.58991,45.487783],[8.602619,45.481555],[8.604393,45.481154],[8.61041,45.480759],[8.611957,45.480302],[8.61278,45.479636],[8.613185,45.478891],[8.615094,45.471312]],[[8.613291,45.478633],[8.618666,45.45767],[8.620541,45.454851],[8.622886,45.452877]]]}},{"type":"Feature","properties":{"id":12454737,"nome":"Napoli-Bari AV/AC","uso":"","operatore":"Rete Ferroviaria Italiana","dal":"","wikipedia":""},"geometry":{"type":"MultiLineString","coordinates":[[[14.775702,41.140958],[14.777103,41.141346],[14.782037,41.143454],[14.787661,41.144688],[14.791775,41.145292],[14.799632,41.145259],[14.802327,41.145557],[14.820484,41.150385],[14.824606,41.150957],[14.82747,41.150829],[14.830855,41.150111],[14.838923,41.146375],[14.842378,41.145016],[14.855353,41.140685],[14.861542,41.13932],[14.866284,41.139563],[14.899937,41.144903],[14.901718,41.144998],[14.905731,41.144655],[14.909763,41.14346],[14.928952,41.136528],[14.934195,41.135498],[14.950725,41.134045],[14.960108,41.132896],[14.96464,41.131424],[14.9745,41.126738],[14.98666,41.124083],[14.991118,41.123527],[14.995224,41.123496],[14.998576,41.12379],[15.005076,41.125226],[15.010643,41.12545],[15.015724,41.124925],[15.018982,41.124062],[15.022029,41.122943],[15.023474,41.122301],[15.025739,41.120771],[15.028808,41.11818],[15.030655,41.116043],[15.03208,41.113652],[15.040921,41.095679],[15.043655,41.092447],[15.04541,41.090901],[15.047765,41.089378],[15.050821,41.087882],[15.053986,41.086759],[15.058766,41.08588],[15.062152,41.085727],[15.099165,41.086448],[15.106628,41.086889],[15.110554,41.087436],[15.116188,41.088934],[15.119998,41.090449],[15.127517,41.09431],[15.131607,41.097853],[15.134918,41.101405],[15.136821,41.104543],[15.13861,41.108408],[15.139978,41.11446],[15.140512,41.118438],[15.139806,41.124544],[15.139224,41.141469],[15.13843,41.154828],[15.138821,41.162632],[15.140063,41.167013],[15.142031,41.170981],[15.145486,41.175692],[15.160717,41.189986],[15.170126,41.199197],[15.178052,41.206324],[15.188733,41.216704],[15.191425,41.218198],[15.204932,41.223753],[15.215964,41.225145],[15.235171,41.223808],[15.246688,41.223506],[15.254561,41.224544],[15.259912,41.22616],[15.264303,41.227936],[15.271327,41.231944],[15.276603,41.236347],[15.283415,41.243958],[15.281921,41.243018],[15.280822,41.242651],[15.273328,41.241557]],[[15.577313,41.445843],[15.59242,41.405578],[15.592828,41.402899],[15.592824,41.400284],[15.590989,41.391119],[15.590223,41.388128],[15.589217,41.385813],[15.587903,41.383699],[15.585761,41.381183],[15.582849,41.378696],[15.559499,41.360524],[15.555236,41.3582],[15.551952,41.35697],[15.519682,41.348096],[15.46074,41.332772],[15.43603,41.32751],[15.43019,41.325558],[15.427482,41.324269],[15.424374,41.32239],[15.384657,41.29397],[15.381898,41.292545],[15.378901,41.291473],[15.372118,41.289677],[15.356886,41.286878],[15.338084,41.282999],[15.335593,41.282319],[15.331833,41.280785],[15.326899,41.277842],[15.323944,41.275606],[15.314961,41.266292],[15.312016,41.263804],[15.297766,41.256343],[15.295477,41.255058],[15.29148,41.252294],[15.288242,41.249332],[15.283415,41.243958]],[[14.770186,41.141898],[14.752806,41.14675],[14.73568,41.149832],[14.732545,41.150858],[14.730019,41.152002],[14.725518,41.154934],[14.724263,41.156169],[14.72327,41.15766],[14.722618,41.159708],[14.722509,41.16168],[14.722653,41.164226],[14.723011,41.166131],[14.724357,41.17206],[14.725652,41.176391]],[[15.091404,41.086242],[15.060003,41.085714],[15.053979,41.086695],[15.049204,41.088522],[15.046462,41.090084],[15.044292,41.091703],[15.040852,41.095657],[15.037255,41.102625],[15.031995,41.113628],[15.02985,41.116911],[15.027286,41.119428],[15.024752,41.121459],[15.021988,41.122886],[15.018989,41.123998],[15.014677,41.125064],[15.008882,41.125389],[15.004091,41.125025],[14.998546,41.123729],[14.99659,41.123517],[14.992494,41.123393],[14.986629,41.124022],[14.974469,41.126677],[14.96461,41.131363],[14.960078,41.132835],[14.950695,41.133984],[14.934165,41.135437],[14.928921,41.136467],[14.909472,41.143521],[14.90571,41.144614],[14.901714,41.144954],[14.899937,41.144861],[14.866079,41.139498],[14.861543,41.139282],[14.855341,41.140648],[14.842323,41.144998],[14.838898,41.146343],[14.83299,41.149232],[14.830606,41.150149],[14.827734,41.150759],[14.824504,41.150916],[14.820574,41.150364],[14.801843,41.145435],[14.799113,41.14521],[14.791758,41.145256],[14.788465,41.144806],[14.782312,41.143491],[14.780303,41.142801],[14.776784,41.14117],[14.774376,41.140827],[14.773029,41.141018],[14.752783,41.146705],[14.735647,41.149782],[14.732512,41.150807],[14.727549,41.153372],[14.725452,41.154886],[14.724205,41.156136],[14.723204,41.157638],[14.722572,41.159672],[14.722405,41.161662],[14.722584,41.1642],[14.724311,41.172063],[14.725427,41.175789]],[[15.37812,41.291149],[15.381924,41.292505],[15.384684,41.293925],[15.4244,41.322348],[15.427126,41.324025],[15.430196,41.325512],[15.436667,41.327607],[15.461476,41.332917],[15.519715,41.348067],[15.553084,41.357294],[15.556984,41.35897],[15.560358,41.36109],[15.583235,41.37894],[15.585806,41.381169],[15.587315,41.382852],[15.588811,41.385006],[15.590005,41.387409],[15.59092,41.39058],[15.592614,41.398657],[15.592928,41.402075],[15.592627,41.404867],[15.591933,41.407269],[15.576662,41.447961],[15.576694,41.449464],[15.577454,41.451184],[15.578786,41.452518],[15.580842,41.453509],[15.582583,41.453826],[15.584829,41.453796],[15.58638,41.453417],[15.588078,41.452474],[15.698469,41.374257]],[[15.698509,41.374228],[15.734649,41.348564],[15.737968,41.346643],[15.740863,41.345459],[15.867508,41.313575],[15.869734,41.313161],[15.872452,41.313089]],[[15.872598,41.3131],[15.90317,41.316155],[15.905333,41.316519],[15.907282,41.317131],[15.909978,41.318592],[15.937363,41.339421],[15.939242,41.340443],[15.941685,41.341415],[15.944197,41.342066],[15.946776,41.34243],[16.063972,41.35228],[16.069403,41.35251],[16.074949,41.351993],[16.163645,41.338827],[16.167471,41.337911],[16.223029,41.321972],[16.281221,41.314908],[16.284076,41.314343],[16.411083,41.276007],[16.41474,41.274443],[16.42541,41.267728],[16.428273,41.266225],[16.501506,41.23454],[16.504784,41.233316],[16.528685,41.226787],[16.5322,41.225548],[16.576339,41.201725],[16.580227,41.200075],[16.58934,41.197718],[16.631735,41.187623],[16.678152,41.179336],[16.737547,41.162883],[16.740078,41.162077],[16.759625,41.154423],[16.852963,41.117548],[16.854738,41.117096],[16.85678,41.116964],[16.870141,41.117725]],[[14.275023,40.853924],[14.277004,40.85409],[14.280659,40.853711],[14.287751,40.854433],[14.290399,40.855296],[14.294333,40.857405],[14.29562,40.85892],[14.295884,40.860485],[14.294875,40.865769],[14.295303,40.867039],[14.296419,40.868219],[14.298129,40.869052],[14.304767,40.871098],[14.311462,40.872075],[14.314474,40.872836],[14.317629,40.874422],[14.318929,40.875459],[14.320196,40.876891],[14.32149,40.87921],[14.326133,40.891243],[14.327599,40.893039],[14.331147,40.89584],[14.332062,40.897102],[14.332731,40.898783],[14.332802,40.90094],[14.332212,40.903275],[14.328705,40.909364],[14.327623,40.913978],[14.32755,40.916925],[14.328435,40.924347],[14.329087,40.926496],[14.332567,40.933382],[14.335626,40.936314],[14.336905,40.937125],[14.338522,40.93774],[14.342037,40.938355],[14.343636,40.938339],[14.346091,40.937541],[14.349669,40.934655],[14.351567,40.933507],[14.353555,40.932701],[14.355658,40.932196],[14.363062,40.931368],[14.379119,40.931926],[14.381486,40.93226],[14.384633,40.933543],[14.388111,40.936554],[14.389953,40.938421],[14.399743,40.949799],[14.401452,40.951057],[14.407227,40.954396],[14.408477,40.955405],[14.409662,40.956784],[14.410743,40.958929],[14.41106,40.961168],[14.409823,40.96935],[14.409957,40.971695],[14.410779,40.973545],[14.413661,40.977429],[14.415042,40.980181],[14.418018,40.990862],[14.420437,40.998283],[14.420667,41.000586],[14.42039,41.003297],[14.419814,41.005225],[14.418475,41.00777],[14.417065,41.009645],[14.413887,41.012732],[14.404057,41.019559],[14.403361,41.020164],[14.402589,41.021302],[14.402284,41.022393],[14.402315,41.023394],[14.403814,41.026665],[14.404172,41.028087],[14.403879,41.036304],[14.404027,41.03923],[14.4045,41.040728],[14.409927,41.051001],[14.410806,41.053208],[14.413207,41.06402],[14.413882,41.068887],[14.414467,41.070799],[14.415227,41.072261],[14.419625,41.078142],[14.421773,41.082411],[14.423077,41.084347],[14.425169,41.086487],[14.428642,41.089323],[14.430582,41.091606],[14.431847,41.094043],[14.433437,41.099331],[14.435037,41.101799],[14.436871,41.103728],[14.443154,41.109315],[14.447757,41.114753],[14.4541,41.119878],[14.455784,41.121923],[14.45683,41.123711],[14.457717,41.126255],[14.458,41.128027],[14.458209,41.132891],[14.458822,41.135623]],[[14.275041,40.853817],[14.277162,40.854005],[14.280603,40.853668],[14.28776,40.854397],[14.290426,40.855266],[14.294365,40.857381],[14.295664,40.858907],[14.295931,40.860488],[14.294909,40.865598],[14.295256,40.866868],[14.296304,40.868091],[14.298147,40.869023],[14.304777,40.871067],[14.311473,40.872043],[14.314492,40.872806],[14.317657,40.874397],[14.318959,40.875439],[14.320231,40.876874],[14.32153,40.879201],[14.326175,40.891231],[14.327633,40.893019],[14.331183,40.895821],[14.332102,40.897089],[14.33276,40.89873],[14.332847,40.900943],[14.332401,40.902897],[14.328748,40.909372],[14.327667,40.913983],[14.327594,40.916923],[14.328547,40.924746],[14.32903,40.926211],[14.332596,40.933243],[14.333419,40.934283],[14.335647,40.936273],[14.336924,40.937084],[14.338545,40.937703],[14.34198,40.938278],[14.343599,40.938287],[14.346057,40.937494],[14.349625,40.934621],[14.351548,40.933467],[14.353525,40.932666],[14.355643,40.932154],[14.363057,40.931321],[14.379137,40.931874],[14.381508,40.932223],[14.383999,40.93314],[14.385649,40.934199],[14.389993,40.93839],[14.399544,40.949547],[14.401488,40.951025],[14.407241,40.954353],[14.408508,40.955373],[14.409826,40.956929],[14.410671,40.958537],[14.411121,40.960603],[14.409882,40.969359],[14.410038,40.97169],[14.410859,40.973533],[14.413702,40.977415],[14.415085,40.980172],[14.417669,40.989411],[14.420474,40.998233],[14.420692,41.000933],[14.420438,41.003295],[14.419736,41.005538],[14.418515,41.007793],[14.4171,41.009664],[14.413916,41.01276],[14.405045,41.019219],[14.404003,41.020435],[14.403494,41.021419],[14.403157,41.022953],[14.403208,41.023917],[14.404258,41.028127],[14.403959,41.036293],[14.404131,41.039251],[14.404598,41.040714],[14.410069,41.05095],[14.410927,41.05316],[14.412212,41.05852],[14.413982,41.068877],[14.414541,41.070781],[14.415274,41.072248],[14.419681,41.078125],[14.42182,41.082384],[14.423123,41.084318],[14.425228,41.086466],[14.428709,41.089282],[14.430642,41.091586],[14.43193,41.094041],[14.433495,41.099285],[14.43509,41.10176],[14.436921,41.103695],[14.443223,41.10929],[14.447823,41.114723],[14.454145,41.11983],[14.455861,41.121903],[14.45691,41.123687],[14.457791,41.126266],[14.458469,41.134163],[14.460845,41.140733]],[[14.460477,41.140017],[14.465015,41.152614],[14.465161,41.154243],[14.46485,41.160751],[14.466856,41.168399],[14.46844,41.171076],[14.472032,41.175475],[14.473303,41.177891],[14.474007,41.18068],[14.474082,41.186329],[14.474936,41.188961],[14.475958,41.190606],[14.477184,41.192025],[14.480368,41.194442],[14.483082,41.195775],[14.484581,41.196274],[14.486899,41.196799],[14.49377,41.197757],[14.498193,41.199222],[14.501747,41.201263],[14.506969,41.205701],[14.509211,41.207302],[14.511993,41.20863],[14.515073,41.209561],[14.534404,41.213178],[14.537909,41.21352],[14.541386,41.213372],[14.543984,41.212929],[14.550225,41.210557],[14.553556,41.209624],[14.558561,41.209505],[14.562617,41.20995],[14.565571,41.210728],[14.56852,41.212065],[14.577431,41.217599],[14.582253,41.21989],[14.606257,41.22632],[14.609148,41.22663],[14.612855,41.226623],[14.634119,41.224486],[14.641936,41.222403],[14.653552,41.218094],[14.676643,41.214363],[14.679545,41.21352],[14.686118,41.210943],[14.688825,41.210249],[14.693271,41.209775],[14.699049,41.21022],[14.704114,41.210007],[14.71005,41.208834],[14.714583,41.207393],[14.716736,41.206351],[14.720288,41.203885],[14.721535,41.202329],[14.72341,41.198885],[14.725202,41.193376],[14.727563,41.184737],[14.727232,41.181638],[14.725446,41.175854],[14.72566,41.176556]]]}},{"type":"Feature","properties":{"id":12807992,"nome":"Ferrovia Olimpino II","uso":"","operatore":"","dal":"","wikipedia":""},"geometry":{"type":"MultiLineString","coordinates":[[[9.082094,45.765237],[9.078499,45.768584],[9.076849,45.769614],[9.072889,45.771537],[9.071329,45.772779],[9.070524,45.773843],[9.044728,45.82552],[9.043469,45.826716],[9.041276,45.82809],[9.038477,45.829307],[9.034747,45.830441]],[[9.035194,45.830292],[9.035727,45.830187]],[[9.027365,45.833452],[9.033175,45.831055],[9.040256,45.828627],[9.043103,45.827041],[9.044799,45.825525],[9.070575,45.773861],[9.071377,45.772794],[9.073021,45.771508],[9.077122,45.769514],[9.078792,45.768415],[9.083694,45.763756],[9.084964,45.76212],[9.085833,45.759752],[9.085968,45.757014],[9.085542,45.75494],[9.082094,45.743697],[9.08213,45.741448],[9.082911,45.739373]]]}},{"type":"Feature","properties":{"id":12807993,"nome":"Ferrovia Milano-Lecco - vecchio tracciato","uso":"","operatore":"","dal":"","wikipedia":""},"geometry":{"type":"MultiLineString","coordinates":[[[9.398861,45.705897],[9.398283,45.70776],[9.396675,45.710017],[9.396214,45.711008],[9.396327,45.712816],[9.397226,45.714251],[9.401081,45.717169],[9.402067,45.718767]],[[9.406173,45.737613],[9.40837,45.738788],[9.417967,45.741456],[9.420962,45.742711],[9.422614,45.743859],[9.423421,45.744956],[9.423754,45.746752],[9.422264,45.752834],[9.422091,45.754019],[9.422257,45.7545]],[[9.422246,45.755755],[9.423023,45.757559],[9.425261,45.7601],[9.425864,45.762237],[9.425712,45.763296],[9.4226,45.76997],[9.422042,45.773214],[9.422939,45.774884],[9.425523,45.777542],[9.426769,45.780534]],[[9.428024,45.783719],[9.428773,45.785573],[9.429477,45.786557],[9.430144,45.787171],[9.433648,45.789332]]]}},{"type":"Feature","properties":{"id":12808223,"nome":"Ferrovia Torino-Milano","uso":"","operatore":"Rete Ferroviaria Italiana","dal":"","wikipedia":"it:Ferrovia Torino-Milano"},"geometry":{"type":"MultiLineString","coordinates":[[[7.657616,45.020913],[7.657224,45.026778],[7.657649,45.02923],[7.662597,45.039575],[7.664001,45.041521],[7.666554,45.043865],[7.666872,45.04504],[7.666517,45.045935],[7.665774,45.046894],[7.663077,45.049639],[7.661461,45.05036],[7.657911,45.051341],[7.65569,45.052721],[7.655006,45.053674],[7.654622,45.054882],[7.654931,45.056693],[7.658529,45.062044],[7.659915,45.064627],[7.666918,45.074412],[7.678055,45.090855],[7.680144,45.093131],[7.685822,45.098256],[7.694705,45.106902],[7.695982,45.109249],[7.696552,45.1127],[7.69716,45.11428],[7.698403,45.115979],[7.700205,45.117465],[7.70275,45.118715],[7.709902,45.12111],[7.729256,45.127158],[7.739358,45.131026],[7.745932,45.132453],[7.749718,45.133507],[7.766985,45.138951],[7.769723,45.139992],[7.771975,45.141185],[7.796426,45.157037],[7.811624,45.165914],[7.833763,45.176555],[7.839517,45.178436],[7.846029,45.180117],[7.848166,45.180943],[7.85338,45.184047],[7.858059,45.187685],[7.860274,45.188887],[7.864799,45.190755],[7.867286,45.191543],[7.871359,45.192333],[7.896869,45.194035],[7.900463,45.19446],[7.926531,45.201031],[7.942321,45.202832],[7.945651,45.203499],[7.977858,45.214546],[8.014538,45.232837],[8.018767,45.235672],[8.078596,45.287668],[8.159767,45.335425],[8.163358,45.337768],[8.166882,45.340954],[8.169831,45.345053],[8.17089,45.347375],[8.174922,45.3588],[8.175901,45.360681],[8.176861,45.36179],[8.178203,45.362746],[8.181956,45.364431],[8.185019,45.364967],[8.188767,45.36475],[8.258199,45.35211],[8.344904,45.334377],[8.400136,45.327227],[8.403582,45.326972],[8.406988,45.327156],[8.411172,45.328056],[8.434381,45.336652],[8.441938,45.338689],[8.4434,45.339332],[8.445519,45.341323],[8.474905,45.374252],[8.478791,45.377832],[8.483231,45.381048],[8.613798,45.452203],[8.615713,45.453167],[8.616935,45.453533],[8.620048,45.453683],[8.62224,45.453043],[8.627883,45.44896],[8.632683,45.444854],[8.635052,45.443684],[8.637692,45.442904],[8.733124,45.428477],[8.736538,45.428302],[8.740023,45.428663],[8.743325,45.429539],[8.794222,45.447471],[8.799464,45.449059],[8.807969,45.451054],[8.846059,45.456802],[8.849907,45.457669],[9.038702,45.522335],[9.052596,45.526938],[9.055962,45.527697],[9.059802,45.528116],[9.064943,45.528019],[9.070151,45.527144],[9.081251,45.523353],[9.090863,45.520454],[9.123231,45.50946],[9.133869,45.506933],[9.143433,45.504956],[9.145807,45.504258],[9.149023,45.50297],[9.163952,45.495936],[9.170626,45.491383],[9.172351,45.490841],[9.175866,45.490434],[9.177331,45.490037],[9.183666,45.486599],[9.186686,45.485216]],[[9.036252,45.521507],[9.053376,45.527271],[9.060047,45.528779],[9.063579,45.528768],[9.065232,45.528409],[9.069246,45.526907],[9.073752,45.525723],[9.090787,45.520342],[9.108565,45.514377],[9.122888,45.509272],[9.135809,45.50641]],[[9.041116,45.523036],[9.045868,45.524658]],[[9.135796,45.506377],[9.122686,45.509294],[9.108531,45.514352],[9.090765,45.52031],[9.063564,45.528729],[9.060053,45.528748],[9.053076,45.527164],[9.03628,45.521467],[9.051452,45.526561],[9.055631,45.527606],[9.058905,45.528026],[9.062637,45.528122],[9.065864,45.527892],[9.069478,45.527276],[9.081219,45.523324],[9.090844,45.52042],[9.122968,45.509501],[9.132524,45.5072],[9.143313,45.504947],[9.146124,45.504108],[9.148568,45.503137],[9.163947,45.495895],[9.170584,45.491358],[9.172345,45.490805],[9.175636,45.490438],[9.177307,45.490012],[9.183457,45.486663],[9.186654,45.485185]],[[9.03628,45.521467],[8.849258,45.457423],[8.845845,45.456731],[8.807959,45.451021],[8.799008,45.448906],[8.794549,45.447551],[8.742964,45.429378],[8.739461,45.428533],[8.735856,45.42826],[8.732427,45.428539],[8.637663,45.442878],[8.635029,45.443656],[8.632674,45.44481],[8.627638,45.449097],[8.62462,45.451438],[8.622095,45.453064],[8.620809,45.453529],[8.619531,45.453682],[8.617716,45.453623],[8.616261,45.453321],[8.597648,45.443406],[8.48328,45.381028],[8.478802,45.377797],[8.474957,45.374232],[8.445559,45.341308],[8.44343,45.339305],[8.441961,45.338663],[8.434406,45.336622],[8.411602,45.328165],[8.408734,45.327383],[8.405173,45.326972],[8.400995,45.327089],[8.344894,45.334347],[8.258943,45.351934],[8.203636,45.362014],[8.187337,45.364904],[8.183992,45.364822],[8.181235,45.364145],[8.177918,45.362522],[8.17673,45.361574],[8.175824,45.360486],[8.17506,45.359008],[8.170049,45.345357],[8.167207,45.341277],[8.163938,45.338163],[8.160797,45.335987],[8.078634,45.287643],[8.018808,45.235649],[8.016367,45.233853],[8.014195,45.232618],[7.977615,45.2144],[7.94567,45.203468],[7.94233,45.202798],[7.926538,45.200998],[7.899815,45.194325],[7.871366,45.192302],[7.867301,45.191513],[7.864819,45.190727],[7.860298,45.188861],[7.858088,45.187661],[7.853411,45.184025],[7.848189,45.180914],[7.846049,45.180085],[7.839536,45.178403],[7.833789,45.176524],[7.811655,45.165885],[7.79646,45.15701],[7.772316,45.141353],[7.769129,45.139691],[7.749738,45.133474],[7.745948,45.132418],[7.739378,45.130993],[7.730424,45.127479],[7.703398,45.118895],[7.700237,45.117433],[7.698444,45.115961],[7.697209,45.114267],[7.696601,45.112691],[7.696033,45.109242],[7.694762,45.106888],[7.685863,45.098234],[7.680185,45.093102],[7.678104,45.090836],[7.66866,45.077144],[7.666971,45.074396],[7.659958,45.064614],[7.658577,45.062029],[7.654976,45.056683],[7.654666,45.054886],[7.655049,45.053686],[7.655728,45.052741],[7.657931,45.05137],[7.66148,45.050396],[7.663122,45.049672],[7.665806,45.046908],[7.666552,45.045946],[7.66691,45.045042],[7.666819,45.04425],[7.666339,45.043534],[7.664044,45.0415],[7.662829,45.039883],[7.657701,45.029224],[7.657285,45.026928],[7.65767,45.020891]]]}},{"type":"Feature","properties":{"id":13072056,"nome":"Ferrovia Dismessa Roccapalumba-Castronovo di Sicilia","uso":"","operatore":"","dal":"1870-1874","wikipedia":""},"geometry":{"type":"MultiLineString","coordinates":[[[13.673079,37.792938],[13.669997,37.787279],[13.669797,37.785576],[13.670152,37.782411],[13.669762,37.781132],[13.66855,37.779803],[13.665853,37.778474],[13.664745,37.777487],[13.664324,37.776628],[13.663974,37.774427],[13.661663,37.77213],[13.661013,37.769646],[13.660596,37.768964],[13.65879,37.768133],[13.6554,37.767993],[13.654261,37.767714],[13.65298,37.76707],[13.651959,37.766063],[13.651601,37.764837],[13.652024,37.762805],[13.65102,37.760438],[13.650305,37.754246],[13.649711,37.753034],[13.647764,37.750963],[13.647339,37.749809],[13.647056,37.747842],[13.646322,37.746602],[13.645603,37.74458],[13.644163,37.743469],[13.640939,37.742642],[13.638904,37.740531],[13.637584,37.739712],[13.63367,37.737843],[13.630179,37.736772],[13.628685,37.735904],[13.627013,37.734233],[13.622985,37.731111],[13.620662,37.72759],[13.620061,37.726139],[13.620093,37.724882],[13.620839,37.723804],[13.62413,37.721854],[13.625372,37.72066],[13.625798,37.719629],[13.626185,37.716966],[13.627332,37.7152],[13.628225,37.714432],[13.633753,37.711295],[13.635833,37.709175],[13.640722,37.701989],[13.641507,37.700411],[13.641923,37.698268],[13.641803,37.69518]]]}},{"type":"Feature","properties":{"id":13159419,"nome":"Ferrovia Genova-Ventimiglia","uso":"","operatore":"Rete Ferroviaria Italiana","dal":"","wikipedia":""},"geometry":{"type":"MultiLineString","coordinates":[[[7.610057,43.792696],[7.615335,43.790227],[7.617152,43.78974],[7.619326,43.789595],[7.625822,43.789739],[7.632642,43.788957],[7.635093,43.787615],[7.638301,43.784422],[7.639545,43.783781],[7.641206,43.783291],[7.645406,43.78271],[7.665997,43.777812],[7.669723,43.77747],[7.671643,43.777729],[7.674092,43.778738],[7.675978,43.78101],[7.679545,43.783841],[7.685869,43.786508],[7.689452,43.788792],[7.690377,43.789725],[7.6948,43.795961],[7.69572,43.796838],[7.700267,43.799079],[7.707114,43.803496],[7.712234,43.805729],[7.795467,43.829375],[7.844156,43.842876],[7.871795,43.846976],[7.944303,43.854828],[7.947359,43.855312],[7.951551,43.856355],[7.956264,43.858273],[7.963241,43.862889],[7.967185,43.864776],[7.972014,43.866379],[7.982068,43.868637],[7.985479,43.869852],[7.988383,43.871288],[7.990435,43.872523],[7.992962,43.874502],[8.007358,43.889433],[8.009371,43.89094],[8.012937,43.892859],[8.016902,43.89434],[8.021776,43.895599],[8.042206,43.899457],[8.047204,43.901088],[8.051227,43.903265],[8.054564,43.90567],[8.057125,43.908263],[8.058845,43.910532],[8.061549,43.915621],[8.062839,43.917478],[8.065525,43.920269],[8.068356,43.922458],[8.076951,43.927477],[8.081746,43.929873],[8.115577,43.943857],[8.122815,43.947366],[8.127068,43.950072],[8.12975,43.952149],[8.13269,43.954684],[8.138089,43.959888],[8.139763,43.96085],[8.145668,43.963521],[8.146695,43.964447],[8.147778,43.966451],[8.148856,43.967567],[8.152598,43.969655],[8.154196,43.970911],[8.156996,43.975957],[8.159279,43.983057],[8.16012,43.98662],[8.162415,43.990759],[8.162911,43.992988],[8.164231,43.995879],[8.164362,44.001193],[8.164916,44.002755],[8.165969,44.004328],[8.167432,44.005736],[8.17082,44.007681],[8.174187,44.010423],[8.176882,44.011654],[8.179872,44.01381],[8.184616,44.015475],[8.187613,44.016221],[8.190194,44.0174],[8.191092,44.018295],[8.191838,44.020954],[8.19265,44.022284],[8.194938,44.024177],[8.197828,44.025803],[8.199175,44.027098],[8.201681,44.030363],[8.202796,44.031439],[8.213225,44.038324],[8.214528,44.039384],[8.218562,44.043229],[8.224981,44.051656],[8.225487,44.052619],[8.225637,44.05349],[8.225271,44.057277],[8.224953,44.065443],[8.226931,44.082256],[8.231663,44.095938],[8.232635,44.09738],[8.236691,44.10149],[8.238823,44.104934],[8.248268,44.116313],[8.253619,44.121244],[8.256464,44.126139],[8.258396,44.128636],[8.269106,44.139491],[8.27215,44.141899],[8.278525,44.146139],[8.28202,44.149502],[8.284008,44.150592],[8.302935,44.156401],[8.315809,44.159164],[8.325802,44.160857],[8.327521,44.16152],[8.338332,44.168109],[8.353566,44.176577],[8.376492,44.194744],[8.402614,44.214621],[8.404315,44.216154],[8.406252,44.218447],[8.407696,44.220761],[8.416614,44.23765],[8.417385,44.241546],[8.418251,44.253211],[8.419253,44.262096],[8.420138,44.264791],[8.424822,44.273429],[8.426502,44.275415],[8.429195,44.277343],[8.439911,44.281637],[8.44226,44.282887],[8.444405,44.284301],[8.451879,44.29101],[8.454053,44.292703],[8.460468,44.296625],[8.466719,44.299395],[8.468135,44.300317],[8.469168,44.301827],[8.470079,44.305485],[8.470386,44.312997],[8.471627,44.319131],[8.472186,44.320664],[8.47358,44.322665],[8.47582,44.324667],[8.478089,44.326204],[8.482271,44.328431],[8.485948,44.329725],[8.490483,44.33082],[8.512899,44.334904],[8.520871,44.336056],[8.527325,44.335959],[8.529744,44.336122],[8.532161,44.336494],[8.534785,44.337216],[8.538063,44.339042],[8.548216,44.34674],[8.56396,44.355121],[8.574361,44.362282],[8.58219,44.36585],[8.588607,44.368255],[8.595373,44.370414],[8.601506,44.372009],[8.612948,44.374524],[8.622608,44.377612],[8.633123,44.382147],[8.635115,44.383486],[8.640653,44.387982],[8.645631,44.390666],[8.650778,44.392696],[8.665568,44.397328],[8.67416,44.400795],[8.67821,44.403056],[8.683514,44.40713],[8.686677,44.408735],[8.704365,44.413361],[8.711284,44.415841],[8.723683,44.417998],[8.725663,44.418997],[8.732672,44.423721],[8.743376,44.428613],[8.747161,44.429688],[8.749162,44.42989],[8.75117,44.429802],[8.754933,44.429287],[8.759263,44.428295],[8.771725,44.427728],[8.776558,44.426911],[8.781644,44.426539],[8.792226,44.424868],[8.797942,44.424913],[8.805473,44.423723],[8.808729,44.424041],[8.813684,44.42593],[8.816083,44.426274],[8.828364,44.425788],[8.837228,44.42448],[8.841523,44.424288],[8.857043,44.419943],[8.858509,44.418912],[8.860204,44.416347],[8.862042,44.415317],[8.87075,44.413579],[8.87615,44.413098],[8.879362,44.413002],[8.882786,44.413708],[8.88469,44.413706],[8.886953,44.41291],[8.890582,44.41105],[8.896318,44.409234],[8.897807,44.408976],[8.899475,44.409059],[8.900859,44.409494],[8.912134,44.414477],[8.915105,44.416406],[8.916142,44.416831],[8.918884,44.417346],[8.926574,44.417557],[8.940905,44.412966],[8.94219,44.412091],[8.945653,44.408064],[8.947158,44.406936]],[[8.77361,44.427433],[8.774207,44.427295]],[[8.779358,44.426644],[8.791379,44.425002],[8.795216,44.425129],[8.798768,44.425728],[8.80108,44.42642],[8.805172,44.428109],[8.806945,44.429138],[8.813255,44.43362],[8.816566,44.43526],[8.819444,44.436374],[8.868547,44.449823],[8.871393,44.450379],[8.874132,44.450345],[8.877237,44.449431],[8.879627,44.447855],[8.880874,44.446031],[8.881742,44.441938],[8.882815,44.440041],[8.88395,44.438971],[8.887222,44.437147],[8.890536,44.434646],[8.891407,44.433244],[8.891609,44.431761],[8.890466,44.427984],[8.885856,44.420257],[8.885074,44.418082],[8.885153,44.416596],[8.885863,44.414682],[8.886732,44.41344],[8.88819,44.412243]],[[8.891279,44.410817],[8.89681,44.409036],[8.898431,44.408884],[8.899939,44.409071],[8.905956,44.411537],[8.910272,44.412524],[8.913603,44.414095],[8.91826,44.414952],[8.919108,44.415473],[8.921668,44.418086],[8.923324,44.418726],[8.924971,44.418854],[8.927232,44.418457],[8.943109,44.413457],[8.944308,44.412646],[8.944837,44.41189],[8.945135,44.409723],[8.945534,44.408915],[8.946357,44.408216],[8.948239,44.407233]]]}},{"type":"Feature","properties":{"id":13165261,"nome":"Linea Palermo Notarbartolo - Punta Raisi / Piraineto - Trapani / Palermo Centrale - Palermo Sampolo / Alcamo Dne - Catelvetrano - Trapani","uso":"","operatore":"Rete Ferroviaria Italiana","dal":"","wikipedia":""},"geometry":{"type":"MultiLineString","coordinates":[[[13.34367,38.127933],[13.340858,38.134116],[13.338938,38.137474],[13.323407,38.153459],[13.318535,38.160766],[13.315929,38.163751],[13.314697,38.164661],[13.308174,38.167827],[13.301743,38.170401],[13.300647,38.171231],[13.296514,38.175526],[13.294012,38.179156],[13.290238,38.188059],[13.289365,38.189384],[13.287276,38.19114],[13.286213,38.191695],[13.281995,38.192159],[13.280791,38.192673],[13.277807,38.194779],[13.27266,38.196027],[13.271733,38.196638],[13.269741,38.198817],[13.268068,38.199559],[13.266658,38.19959],[13.262696,38.198852],[13.25967,38.199628],[13.257894,38.199595],[13.256868,38.199208],[13.255049,38.197994],[13.251402,38.1961],[13.250391,38.19511],[13.239899,38.178586],[13.234687,38.173028],[13.233613,38.172319],[13.225955,38.169126],[13.221163,38.165109],[13.192151,38.149485],[13.184322,38.147163],[13.182542,38.146948],[13.17396,38.147401],[13.171952,38.147752],[13.169959,38.148634],[13.160326,38.155357],[13.155721,38.158069],[13.15036,38.161951],[13.149533,38.162861],[13.146355,38.168117],[13.144747,38.169643],[13.142551,38.171122],[13.144708,38.169613],[13.146297,38.168088],[13.149466,38.162833],[13.150296,38.161914],[13.155688,38.158035],[13.161131,38.154773],[13.169933,38.148592],[13.17194,38.147712],[13.173953,38.147361],[13.182463,38.146911],[13.184357,38.147085],[13.190712,38.148864],[13.192797,38.149769],[13.221181,38.165088],[13.225948,38.169079],[13.233641,38.172305],[13.234715,38.173013],[13.23995,38.178565],[13.242127,38.182226],[13.249803,38.193956],[13.250699,38.195271],[13.251636,38.196134],[13.256889,38.199175],[13.258164,38.199615],[13.259664,38.199593],[13.26269,38.198817],[13.267011,38.199463],[13.268751,38.199264],[13.269816,38.198709],[13.271708,38.196608],[13.272674,38.195981],[13.277818,38.194736],[13.28051,38.192812],[13.281695,38.19222],[13.282944,38.191936],[13.285822,38.191793],[13.28725,38.191125],[13.289388,38.18932],[13.290049,38.188364],[13.29369,38.179743],[13.295037,38.17737],[13.296485,38.175511],[13.300706,38.171118],[13.302293,38.170083],[13.306697,38.168457],[13.31185,38.166037],[13.314678,38.164635],[13.315885,38.163736],[13.318842,38.160243],[13.323098,38.153723],[13.338835,38.137444],[13.340383,38.134722],[13.342078,38.130799],[13.346532,38.123042],[13.349893,38.114594],[13.352212,38.110859],[13.355266,38.1079],[13.361083,38.103069],[13.368051,38.098991],[13.369771,38.098373],[13.372914,38.098434],[13.373823,38.098864],[13.374412,38.099564],[13.375203,38.102028],[13.3752,38.102878],[13.374626,38.103853],[13.372982,38.105013]],[[13.143033,38.170856],[13.14211,38.171442]],[[13.140475,38.172498],[13.128711,38.181544],[13.127571,38.182941],[13.126657,38.185592],[13.12595,38.186852],[13.124519,38.188238],[13.121832,38.190026],[13.119205,38.190794],[13.11635,38.190756],[13.107299,38.187935]],[[13.142551,38.171122],[13.139493,38.173149],[13.129312,38.180921],[13.127614,38.182728],[13.126532,38.185743],[13.125724,38.187041],[13.123969,38.188605],[13.12141,38.19016],[13.118799,38.190794],[13.116361,38.190711],[13.105826,38.18732]],[[13.108282,38.188099],[13.105842,38.187288]],[[13.367365,38.109083],[13.369527,38.106637],[13.372612,38.10523]],[[13.401013,38.089318],[13.397555,38.090373],[13.395564,38.091315],[13.373073,38.105098],[13.370019,38.10653],[13.369094,38.107302],[13.367799,38.108993]],[[13.367686,38.108934],[13.369,38.107228],[13.369982,38.106444],[13.372828,38.105197],[13.395776,38.091133],[13.399529,38.08972],[13.395644,38.09106],[13.385387,38.09735],[13.384088,38.097718],[13.382255,38.097893]],[[13.38154,38.09791],[13.370389,38.098261],[13.368584,38.098684],[13.360776,38.103244],[13.355232,38.10787],[13.352842,38.110193]],[[13.139844,38.172789],[13.133403,38.177577],[13.127496,38.181012],[13.125896,38.181137],[13.122741,38.18054],[13.117894,38.180929],[13.113188,38.180047],[13.111942,38.179543],[13.106496,38.174827],[13.104479,38.170654],[13.101738,38.163972],[13.099193,38.161438],[13.098024,38.159667],[13.096265,38.153699],[13.09535,38.152039],[13.091072,38.14856],[13.083564,38.143281],[13.075074,38.139296],[13.074159,38.138236],[13.073322,38.13584],[13.070885,38.132902],[13.068376,38.130903],[13.067842,38.129938],[13.067853,38.128773],[13.068545,38.127641],[13.072108,38.125767],[13.073063,38.125033],[13.07648,38.121017],[13.078278,38.117503],[13.08045,38.115122],[13.082693,38.110659],[13.0834,38.103736],[13.083775,38.102584],[13.085631,38.100298],[13.086923,38.097338],[13.090337,38.092444],[13.091811,38.089286],[13.092366,38.088624],[13.093454,38.087819],[13.096706,38.086493],[13.099312,38.084633],[13.101162,38.084337],[13.106353,38.084851],[13.107652,38.084468],[13.108794,38.083378],[13.109037,38.082638],[13.109005,38.080773],[13.10804,38.078663],[13.107896,38.077695],[13.108421,38.076451],[13.110442,38.074921],[13.111072,38.073916],[13.1111,38.072764],[13.110347,38.070284],[13.110321,38.069086],[13.110779,38.067794],[13.111774,38.066219],[13.112182,38.064585],[13.111603,38.060831],[13.110446,38.059501],[13.105981,38.056871],[13.101569,38.056091],[13.099633,38.056233],[13.092936,38.05779],[13.085678,38.057818],[13.08445,38.058208],[13.083148,38.059111],[13.08138,38.062056],[13.080146,38.063232],[13.073017,38.066404],[13.070621,38.067798],[13.069156,38.068156],[13.067046,38.067739],[13.065136,38.066035],[13.064614,38.064878],[13.064633,38.062028],[13.064274,38.061115],[13.063793,38.060758],[13.062285,38.06035],[13.060386,38.0603],[13.059164,38.06078],[13.05831,38.061533],[13.056535,38.065146],[13.055714,38.066024],[13.053431,38.067063],[13.051094,38.068521],[13.048689,38.069266],[13.047175,38.069267],[13.043492,38.068235],[13.040185,38.066281],[13.02343,38.060246],[13.022287,38.059419],[13.020041,38.056411],[13.019002,38.05571],[13.014612,38.055027],[13.009476,38.053613],[13.006315,38.053294],[13.004336,38.052694],[13.002521,38.05123],[13.000616,38.050069],[12.999185,38.048149],[12.998421,38.047517],[12.994489,38.045395],[12.989819,38.044434],[12.984078,38.040714],[12.982144,38.039828],[12.969041,38.03663],[12.957768,38.032679],[12.9541,38.031683],[12.948952,38.030578],[12.942903,38.029808],[12.932426,38.027001],[12.909849,38.024016],[12.90872,38.023502],[12.9058,38.020497],[12.901544,38.017419],[12.900878,38.016192],[12.900908,38.015472],[12.901688,38.014347],[12.903129,38.012912],[12.904726,38.009586],[12.904588,38.00808],[12.903641,38.006413],[12.903774,38.00499],[12.904183,38.004273],[12.904837,38.003771],[12.909967,38.001614],[12.912551,37.997996],[12.912914,37.997126],[12.913029,37.995437],[12.913612,37.993115],[12.913422,37.991175],[12.914138,37.989035],[12.915477,37.986979],[12.915923,37.985884],[12.91609,37.981974],[12.91586,37.972969],[12.914337,37.967968],[12.914186,37.966329],[12.914468,37.96447],[12.916369,37.957907],[12.917451,37.95581],[12.920264,37.952652],[12.924043,37.946848],[12.924378,37.945773],[12.92416,37.943642],[12.924631,37.941862],[12.929,37.934393],[12.931647,37.928188],[12.941019,37.911234],[12.941103,37.909808],[12.93968,37.906656],[12.932791,37.897547],[12.932217,37.89647],[12.932089,37.895444],[12.932403,37.894265],[12.934175,37.892285],[12.934568,37.89135],[12.933962,37.887462],[12.934033,37.886231],[12.934935,37.884718],[12.936209,37.883868],[12.937829,37.883399],[12.941269,37.883326],[12.942555,37.882821],[12.943511,37.881917],[12.945502,37.87925],[12.946271,37.877723],[12.948301,37.871646],[12.952667,37.864063],[12.952846,37.862651],[12.952443,37.861488],[12.951639,37.860515],[12.943834,37.853339],[12.942536,37.849888],[12.938382,37.841611],[12.933619,37.835561],[12.930712,37.833554],[12.918022,37.829495],[12.91249,37.826892],[12.910378,37.826169],[12.908672,37.825911],[12.902343,37.825919],[12.898145,37.824715],[12.893157,37.82423],[12.881661,37.822585],[12.876423,37.822112],[12.86897,37.819388],[12.867516,37.818275],[12.866022,37.816047],[12.865029,37.812882],[12.866008,37.800314],[12.864888,37.798373],[12.86452,37.797152],[12.863813,37.793993],[12.863774,37.791032],[12.862427,37.788954],[12.86194,37.786389],[12.860102,37.78407],[12.859726,37.780874],[12.858439,37.778469],[12.857271,37.777248],[12.853984,37.775264],[12.852321,37.773019],[12.845579,37.768093],[12.844019,37.765593],[12.841146,37.762982],[12.840706,37.76198],[12.840765,37.760238],[12.840482,37.759365],[12.839888,37.758502],[12.837189,37.756467],[12.836789,37.75549],[12.836343,37.752506],[12.83558,37.751303],[12.83045,37.748412],[12.828471,37.746863],[12.824575,37.745396],[12.823146,37.744315],[12.822683,37.743038],[12.822877,37.740936],[12.821662,37.739101],[12.821296,37.738168],[12.821372,37.737108],[12.822138,37.734892],[12.821199,37.73244],[12.820647,37.731539],[12.819627,37.730548],[12.818227,37.72933],[12.816223,37.728117],[12.815321,37.727058],[12.815112,37.726281],[12.815162,37.723054],[12.81292,37.718158],[12.811773,37.717357],[12.808771,37.716609],[12.807753,37.715875],[12.80713,37.714789],[12.807229,37.713365],[12.8084,37.711407],[12.808693,37.710092],[12.808268,37.707418],[12.808794,37.703656],[12.807875,37.701908],[12.807744,37.701066],[12.80844,37.698239],[12.807758,37.696314],[12.806761,37.694875],[12.802735,37.690449],[12.799873,37.685956],[12.798269,37.682211],[12.79704,37.678172],[12.795267,37.673503],[12.79433,37.672559],[12.792085,37.671194],[12.788891,37.665745],[12.787742,37.664202],[12.783787,37.660019],[12.781989,37.658605],[12.779974,37.656468],[12.776019,37.653433],[12.775462,37.652754],[12.774362,37.65048],[12.772984,37.649644],[12.769586,37.649125],[12.762032,37.646374],[12.755745,37.645525],[12.750391,37.643103],[12.743598,37.64214],[12.738773,37.640892],[12.737234,37.640034],[12.731861,37.63501],[12.730217,37.633939],[12.727915,37.632932],[12.672332,37.61835],[12.669116,37.61786],[12.666358,37.618006],[12.662827,37.618885],[12.651834,37.623226],[12.649728,37.623554],[12.644253,37.623873],[12.643016,37.624154],[12.640742,37.625964],[12.638627,37.628977],[12.636663,37.630412],[12.631347,37.635753],[12.630008,37.636756],[12.628186,37.637448],[12.626759,37.637647],[12.623911,37.63733],[12.62078,37.637471],[12.6173,37.637133],[12.614474,37.637661],[12.60852,37.641255],[12.60285,37.646351],[12.596627,37.649222],[12.595626,37.65029],[12.594169,37.653328],[12.593638,37.656593],[12.59256,37.660024],[12.592929,37.663426],[12.592491,37.664676],[12.591739,37.665561],[12.585782,37.669113],[12.579458,37.674662],[12.561657,37.683882],[12.557888,37.686206],[12.478057,37.750805],[12.47641,37.752548],[12.460137,37.775687],[12.445099,37.789441],[12.444351,37.790505],[12.442589,37.79475],[12.440202,37.80209],[12.440364,37.803301],[12.441206,37.804567],[12.442638,37.805526],[12.465519,37.816726],[12.46671,37.817502],[12.467604,37.818533],[12.490897,37.862443],[12.499506,37.885921],[12.510466,37.900576],[12.511524,37.902422],[12.512083,37.904956],[12.511772,37.907294],[12.503348,37.928542],[12.502935,37.930417],[12.503448,37.943635],[12.50405,37.944743],[12.506265,37.946361],[12.507173,37.947598],[12.507519,37.949223],[12.507063,37.951704],[12.507653,37.953209],[12.508751,37.955017],[12.509522,37.955822],[12.53199,37.971749],[12.53328,37.973139],[12.535765,37.976731],[12.537195,37.977986],[12.550904,37.986335],[12.551564,37.986983],[12.552134,37.9882],[12.55216,37.989357],[12.551581,37.990515],[12.547403,37.994669],[12.544965,37.997658],[12.534559,38.015914],[12.533533,38.017119],[12.531503,38.018298],[12.528989,38.018758],[12.519314,38.017233]],[[12.522271,38.017689],[12.519309,38.017263]],[[12.916018,37.983078],[12.915667,37.972481],[12.915192,37.971423],[12.914222,37.970289],[12.913254,37.969341],[12.911936,37.968538],[12.910181,37.968024],[12.908306,37.968017],[12.900087,37.97041],[12.897309,37.970425],[12.890558,37.968412],[12.885398,37.965301],[12.880215,37.962895],[12.878267,37.962637],[12.873695,37.962677],[12.871916,37.962139],[12.87058,37.961291],[12.865412,37.95672],[12.862723,37.953425],[12.86173,37.950308],[12.861814,37.946917],[12.861635,37.945931],[12.861163,37.945036],[12.85289,37.93481],[12.851647,37.933857],[12.850014,37.933184],[12.84778,37.933013],[12.845961,37.933477],[12.844804,37.934049],[12.843482,37.935288],[12.842814,37.936675],[12.8427,37.938177],[12.843278,37.940759],[12.845953,37.944973],[12.849433,37.948394],[12.850145,37.949942],[12.850296,37.951159],[12.849915,37.952998],[12.848273,37.955482],[12.846573,37.956572],[12.843867,37.957056],[12.841954,37.956769],[12.836436,37.954419],[12.83578,37.953943],[12.832855,37.950677],[12.83065,37.949721],[12.828796,37.949547],[12.824325,37.950168],[12.823068,37.950137],[12.816887,37.948249],[12.815128,37.948062],[12.803746,37.949684],[12.801781,37.949725],[12.799849,37.949307],[12.787485,37.944828],[12.779819,37.944193],[12.777697,37.94378],[12.776162,37.943065],[12.774696,37.94176],[12.769037,37.933137],[12.766951,37.931551],[12.764912,37.930757],[12.76182,37.930321],[12.748405,37.931139],[12.74524,37.931742],[12.744307,37.932133],[12.742631,37.933482],[12.741625,37.935125],[12.738145,37.943789],[12.737016,37.945321],[12.735756,37.946264],[12.730599,37.948434],[12.726018,37.95165],[12.723795,37.952734],[12.720619,37.953598],[12.716824,37.953769],[12.704112,37.951463],[12.701771,37.951315],[12.695106,37.952025],[12.68303,37.955142],[12.681162,37.95517],[12.676594,37.954525],[12.673608,37.954942],[12.672046,37.955578],[12.669796,37.957129],[12.667933,37.958827],[12.665006,37.962091],[12.664264,37.963495],[12.663677,37.967045],[12.662321,37.968821],[12.660821,37.969689],[12.65617,37.9714],[12.651481,37.974687],[12.641445,37.980276],[12.636709,37.984084],[12.634982,37.985],[12.630864,37.98662],[12.629045,37.986976],[12.627128,37.986832],[12.622929,37.985636],[12.621519,37.985554],[12.620042,37.985763],[12.618575,37.986345],[12.617424,37.987173],[12.614653,37.991308],[12.612808,37.992682],[12.61083,37.993243],[12.60789,37.993269],[12.601382,37.991858],[12.599202,37.992084],[12.59716,37.992995],[12.593051,37.996649],[12.590364,37.997783],[12.587089,37.99799],[12.573157,37.99638],[12.571336,37.996428],[12.569044,37.996835],[12.560931,37.999383],[12.540869,38.006349],[12.539823,38.007125],[12.539019,38.008118],[12.534293,38.016405],[12.532995,38.017581],[12.531747,38.018256],[12.530133,38.018703],[12.528313,38.018785],[12.519299,38.017352]],[[12.677537,37.619734],[12.673887,37.618774]],[[12.949841,37.85889],[12.946843,37.856176]],[[13.110316,38.059421],[13.106478,38.057134],[13.104103,38.056473]],[[13.36748,38.109139],[13.369442,38.106769],[13.373505,38.104742],[13.374805,38.103762],[13.375241,38.10311],[13.375304,38.102188],[13.374216,38.099179],[13.373204,38.098486],[13.37138,38.098227]],[[13.381535,38.097946],[13.37155,38.098272]],[[13.38226,38.097926],[13.384266,38.097723],[13.385541,38.097321],[13.394938,38.091635]],[[13.342951,38.129353],[13.341244,38.133632],[13.338449,38.139361],[13.338606,38.141023],[13.339045,38.141756],[13.339988,38.1426],[13.347376,38.145185],[13.348435,38.14533],[13.349536,38.145181],[13.350617,38.144694],[13.351539,38.143847],[13.356057,38.137935]],[[13.353376,38.141467],[13.358546,38.134657]],[[13.34252,38.130033],[13.340752,38.133884]],[[13.341409,38.132719],[13.340687,38.134454]],[[13.142939,38.170878],[13.141606,38.171631]],[[12.522882,38.01781],[12.52373,38.018025]],[[12.525125,38.018273],[12.525847,38.018357]],[[13.341037,38.133598],[13.34083,38.133939]],[[13.340046,38.135681],[13.340522,38.135017]],[[13.340007,38.135977],[13.340107,38.1357],[13.339815,38.136244]],[[13.342193,38.13118],[13.340107,38.1357],[13.340293,38.135222]],[[13.342134,38.131436],[13.342517,38.130498]]]}},{"type":"Feature","properties":{"id":13271799,"nome":"Linea Agrigento Centrale - Palermo Centrale","uso":"","operatore":"Rete Ferroviaria Italiana","dal":"","wikipedia":""},"geometry":{"type":"MultiLineString","coordinates":[[[13.764155,37.965272],[13.767796,37.965206],[13.773546,37.966549],[13.777497,37.967011],[13.779801,37.966715],[13.781021,37.965979],[13.781898,37.964921],[13.784502,37.958067],[13.784392,37.948207],[13.786043,37.942473],[13.786218,37.940937],[13.785303,37.934056],[13.78555,37.933181],[13.786662,37.931169],[13.786787,37.929842],[13.783354,37.922766],[13.782436,37.917133],[13.782023,37.915805],[13.774093,37.903188],[13.773226,37.902215],[13.77192,37.901299],[13.769436,37.900375],[13.767093,37.900153],[13.757235,37.900719],[13.755932,37.900406],[13.752849,37.898889],[13.74623,37.897149],[13.744368,37.896401],[13.743335,37.895618],[13.742653,37.894754],[13.741593,37.892452],[13.740137,37.891201],[13.738457,37.890583],[13.735405,37.890146],[13.729474,37.887956],[13.727892,37.887076],[13.726227,37.885678],[13.725241,37.884368],[13.721806,37.876525],[13.721169,37.875614],[13.71935,37.874384],[13.715787,37.873623],[13.714132,37.872973],[13.713192,37.872323],[13.710649,37.869678],[13.709964,37.868371],[13.709907,37.865682],[13.709715,37.864988],[13.708092,37.863193],[13.703285,37.861379],[13.702024,37.861308],[13.698705,37.861685],[13.69651,37.861232],[13.694916,37.860352],[13.69074,37.857132],[13.690049,37.856144],[13.689801,37.854886],[13.690557,37.852268],[13.690749,37.848503],[13.690318,37.84733],[13.689545,37.846382],[13.687739,37.845368],[13.684063,37.844894],[13.682519,37.844281],[13.68124,37.843218],[13.679607,37.840786],[13.678544,37.839848],[13.677001,37.839202],[13.673185,37.838548],[13.671462,37.837326],[13.67071,37.835979],[13.67059,37.835093],[13.670808,37.834095],[13.672925,37.83141],[13.673272,37.829647],[13.672942,37.828403],[13.671431,37.825784],[13.670911,37.823822],[13.669806,37.821565],[13.670424,37.818179],[13.669806,37.815936],[13.669729,37.814683],[13.67079,37.810026],[13.672676,37.80775],[13.673318,37.806592],[13.673398,37.803029],[13.674749,37.800305],[13.675157,37.798873],[13.67518,37.797719],[13.674147,37.794735],[13.671674,37.790171],[13.671128,37.788297],[13.671178,37.787182],[13.672214,37.783518],[13.67251,37.78006],[13.672369,37.779143],[13.671604,37.777899],[13.669114,37.775981],[13.668026,37.774303],[13.666709,37.772866],[13.665302,37.770554],[13.665042,37.76941],[13.665031,37.765618],[13.664415,37.764162],[13.662305,37.760841],[13.661913,37.758569],[13.662147,37.757246],[13.664626,37.753771],[13.664991,37.752291],[13.664784,37.750825],[13.664368,37.749842],[13.662985,37.748349],[13.66244,37.747363],[13.662277,37.746176],[13.662475,37.743225],[13.662962,37.74209],[13.665446,37.738598],[13.666152,37.737015],[13.669037,37.726821],[13.669714,37.722198],[13.669615,37.720186],[13.669203,37.718779],[13.668609,37.717756],[13.667268,37.716287],[13.647421,37.702301],[13.643902,37.699465],[13.642453,37.697287],[13.641868,37.695632],[13.641638,37.692127],[13.641742,37.687363],[13.6422,37.684451],[13.644078,37.677671],[13.644823,37.676472],[13.648556,37.672142],[13.650087,37.670995],[13.651615,37.670328],[13.658455,37.66938],[13.660589,37.668451],[13.661886,37.667462],[13.671598,37.655061],[13.672976,37.6541],[13.67792,37.651946],[13.679873,37.650272],[13.681109,37.648112],[13.684389,37.644134],[13.684905,37.642777],[13.685242,37.640523],[13.685783,37.639539],[13.688485,37.637342],[13.689338,37.636027],[13.689429,37.634619],[13.688922,37.632758],[13.688847,37.631627],[13.689041,37.629526],[13.689642,37.627439],[13.689547,37.626119],[13.686679,37.621582],[13.683777,37.617585],[13.683207,37.616452],[13.682855,37.615048],[13.68352,37.607827],[13.684029,37.606489],[13.685878,37.603769],[13.686461,37.601859],[13.686056,37.598025],[13.686098,37.594769],[13.685856,37.593616],[13.684836,37.591812],[13.682956,37.589816],[13.681141,37.586739],[13.677862,37.584855],[13.675763,37.582465],[13.673546,37.580588],[13.673086,37.579314],[13.673273,37.577009],[13.672078,37.574901],[13.671891,37.573704],[13.672208,37.572795],[13.672743,37.572163],[13.677315,37.567973],[13.679534,37.56629],[13.682191,37.562122],[13.688813,37.558701],[13.691029,37.556394],[13.691361,37.555633],[13.691453,37.554594],[13.690336,37.551252],[13.690222,37.550145],[13.690544,37.54913],[13.691726,37.547512],[13.692217,37.544939],[13.694992,37.539979],[13.695106,37.538633],[13.694702,37.535985],[13.695793,37.531126],[13.695871,37.529583],[13.695395,37.528334],[13.691694,37.522424],[13.690885,37.520642],[13.690211,37.518017],[13.688566,37.515107],[13.683937,37.501951],[13.683889,37.500958],[13.684269,37.498482],[13.683571,37.496816],[13.679438,37.49308],[13.676877,37.491813],[13.674301,37.490055],[13.669863,37.48802],[13.668627,37.487177],[13.667997,37.486402],[13.66634,37.482906],[13.664309,37.481061],[13.663008,37.4786],[13.66185,37.477407],[13.660247,37.476702],[13.657631,37.476482],[13.655031,37.475876],[13.653611,37.474923],[13.652861,37.473781],[13.652655,37.47295],[13.652472,37.465633],[13.652031,37.464271],[13.650142,37.461528],[13.649908,37.460524],[13.650013,37.459615],[13.65083,37.458189],[13.653489,37.456398],[13.654743,37.454963],[13.658019,37.449018],[13.659457,37.443746],[13.659347,37.442845],[13.658644,37.441533],[13.657519,37.440541],[13.654825,37.438975],[13.653985,37.437998],[13.653575,37.437106],[13.651694,37.429702],[13.651748,37.428774],[13.65264,37.426739],[13.652895,37.425558],[13.652493,37.420121],[13.650553,37.4169],[13.649338,37.41547],[13.648199,37.414827],[13.643606,37.413779],[13.641906,37.412959],[13.638528,37.410471],[13.63776,37.409407],[13.63655,37.406892],[13.635767,37.406006],[13.633621,37.404811],[13.63194,37.403497],[13.63029,37.402676],[13.629329,37.401914],[13.62854,37.400568],[13.628297,37.3985],[13.627603,37.396421],[13.627657,37.394294],[13.627052,37.392291],[13.627156,37.391076],[13.628251,37.388612],[13.628482,37.385793],[13.62946,37.384061],[13.630477,37.383271],[13.63282,37.382144],[13.639787,37.380235],[13.640959,37.379416],[13.641545,37.378633],[13.641883,37.377772],[13.641919,37.376684],[13.640861,37.371232],[13.64023,37.369458],[13.634836,37.359732],[13.634081,37.358774],[13.632649,37.357555],[13.624988,37.354226],[13.621582,37.351348],[13.619473,37.350027],[13.617074,37.348985],[13.61145,37.347163],[13.608429,37.34521],[13.602309,37.34409],[13.599961,37.343968],[13.598657,37.343496],[13.598006,37.343022],[13.597424,37.342381],[13.596383,37.340272],[13.595133,37.33893],[13.594353,37.337498],[13.594229,37.334424],[13.593093,37.331712],[13.593044,37.32896],[13.592353,37.326554],[13.59316,37.32191],[13.592869,37.321172],[13.592223,37.32045],[13.589967,37.319437],[13.586652,37.318909],[13.583032,37.318763],[13.577993,37.317267],[13.574679,37.316558],[13.573448,37.315845],[13.571922,37.313763],[13.571848,37.3131],[13.572233,37.312273],[13.573741,37.311006],[13.574709,37.310577],[13.578081,37.309761],[13.580696,37.310123],[13.584307,37.309284]],[[13.367518,38.109156],[13.369,38.107228],[13.369851,38.106525],[13.372828,38.105197],[13.396198,38.090908],[13.398009,38.090178],[13.407948,38.087217],[13.411657,38.086347],[13.496686,38.086727],[13.4998,38.087322],[13.512722,38.091492],[13.515787,38.091711],[13.518855,38.091068],[13.520499,38.090295],[13.521976,38.089267],[13.529621,38.083586],[13.530995,38.082108],[13.531638,38.080852],[13.532045,38.078962],[13.532608,38.069905],[13.53248,38.065928],[13.532999,38.063952],[13.534328,38.06215],[13.53772,38.059845],[13.540455,38.05645],[13.543792,38.0536],[13.545857,38.052191],[13.556039,38.047536],[13.557972,38.046364],[13.559654,38.044936],[13.564808,38.03922],[13.567598,38.037374],[13.575245,38.034308],[13.583026,38.031862],[13.591271,38.026915],[13.592377,38.026436],[13.594225,38.02604],[13.59824,38.025789],[13.600373,38.02487],[13.614797,38.014083],[13.616726,38.01224],[13.620509,38.007842],[13.623592,38.005674],[13.62712,38.004385],[13.637356,38.002252],[13.650878,37.997426],[13.657117,37.995925],[13.661979,37.993956],[13.667053,37.993521],[13.674424,37.994124],[13.676158,37.993788],[13.678476,37.992756],[13.680257,37.992264],[13.685509,37.991992],[13.689498,37.991145],[13.69732,37.990265],[13.69965,37.989018],[13.700831,37.987636],[13.701268,37.986138],[13.701078,37.983354],[13.701902,37.981766],[13.704463,37.979357],[13.7077,37.977739],[13.710671,37.976944],[13.716902,37.97624],[13.721865,37.97496],[13.729364,37.9748],[13.73402,37.974001],[13.735901,37.973384],[13.739408,37.971618],[13.74317,37.968825],[13.74571,37.967625],[13.749991,37.966593],[13.762878,37.96539]],[[13.703528,37.980207],[13.706199,37.978475],[13.709898,37.977124],[13.716919,37.97627],[13.722195,37.974948],[13.729637,37.974818],[13.73432,37.973953],[13.736547,37.973116],[13.739311,37.9717],[13.744312,37.968213],[13.74571,37.96766],[13.749531,37.966712],[13.765707,37.965175],[13.767945,37.965288],[13.770329,37.965893]],[[13.367637,38.109209],[13.369094,38.107302],[13.370019,38.10653],[13.373073,38.105098],[13.396232,38.090944],[13.398027,38.090212],[13.409236,38.08688],[13.411649,38.086382],[13.496136,38.08674],[13.499628,38.087299],[13.512814,38.091547],[13.515833,38.091749],[13.518814,38.091138],[13.520896,38.0901],[13.528992,38.084121],[13.530296,38.083005],[13.531438,38.081461],[13.532128,38.07866],[13.532677,38.069419],[13.532592,38.065422],[13.533076,38.063895],[13.533827,38.062759],[13.534943,38.061707],[13.537819,38.059803],[13.540669,38.056345],[13.54471,38.052949],[13.546227,38.052062],[13.556078,38.047603],[13.558285,38.04618],[13.560204,38.04441],[13.564511,38.03954],[13.566472,38.038045],[13.56926,38.036681],[13.576714,38.033816],[13.583191,38.032005],[13.588173,38.029202],[13.590619,38.027354],[13.592199,38.026539],[13.59404,38.026096],[13.598257,38.025831],[13.600027,38.025102],[13.613988,38.014868],[13.616429,38.012664],[13.620788,38.00764],[13.622531,38.006318],[13.624528,38.005276],[13.627476,38.00435],[13.637094,38.002354],[13.650963,37.997439],[13.657138,37.995986],[13.661999,37.993993],[13.667075,37.993542],[13.674484,37.994167],[13.6765,37.993716],[13.68008,37.992337],[13.685601,37.992027],[13.689878,37.991128],[13.696185,37.990527],[13.697635,37.990198],[13.6997,37.989037],[13.700801,37.987772],[13.701311,37.98614],[13.701078,37.98395],[13.701224,37.983008],[13.701846,37.98193],[13.703351,37.980361]],[[13.591196,37.319837],[13.589323,37.319237],[13.58412,37.31858],[13.582779,37.31876],[13.580526,37.319553],[13.578902,37.319469],[13.576983,37.31893],[13.574017,37.318525],[13.571751,37.317836],[13.568847,37.31746],[13.566664,37.316177],[13.56583,37.315119],[13.56559,37.313263],[13.565761,37.312291],[13.566378,37.311309],[13.56938,37.309154],[13.569899,37.308549],[13.570236,37.307707],[13.570512,37.305703],[13.571104,37.304789],[13.572126,37.304084],[13.574941,37.303474],[13.577662,37.3023],[13.581847,37.300362],[13.582758,37.299526],[13.583394,37.297913],[13.583286,37.296647],[13.581847,37.294606],[13.579829,37.292946],[13.578694,37.292546],[13.573956,37.291941],[13.5703,37.290954],[13.569161,37.290853],[13.558264,37.291244],[13.551986,37.288818],[13.550378,37.288523],[13.549536,37.288619],[13.545734,37.290006],[13.541265,37.291184],[13.535851,37.291664]],[[13.367365,38.109083],[13.369527,38.106637],[13.372612,38.10523]],[[13.381535,38.097946],[13.37155,38.098272],[13.373016,38.098463],[13.374079,38.099092],[13.374482,38.099728],[13.375203,38.102028],[13.375219,38.102792],[13.374885,38.103549],[13.372982,38.105013]],[[13.38226,38.097926],[13.384266,38.097723],[13.385541,38.097321],[13.394938,38.091635]],[[13.38154,38.09791],[13.371553,38.098227]],[[13.382255,38.097893],[13.384088,38.097718],[13.385387,38.09735],[13.395644,38.09106],[13.399529,38.08972]],[[13.36748,38.109139],[13.369442,38.106769],[13.373505,38.104742],[13.374805,38.103762],[13.375241,38.10311],[13.375304,38.102188],[13.374283,38.099265],[13.373204,38.098486],[13.371553,38.098235]]]}},{"type":"Feature","properties":{"id":13283349,"nome":"Gallerie delle Grazie","uso":"","operatore":"","dal":"","wikipedia":""},"geometry":{"type":"MultiLineString","coordinates":[[[8.929556,44.404312],[8.930909,44.404083],[8.932239,44.40457],[8.935438,44.407905],[8.937696,44.412355],[8.938487,44.413009],[8.939447,44.413437],[8.941704,44.413664],[8.942788,44.413375],[8.943802,44.412788],[8.944636,44.411651],[8.945103,44.409369]],[[8.934368,44.415123],[8.936251,44.414392],[8.936904,44.413853],[8.937358,44.413025],[8.937335,44.412093],[8.935556,44.408321],[8.935046,44.407564],[8.931918,44.404475],[8.930553,44.404167],[8.929134,44.404698]]]}},{"type":"Feature","properties":{"id":13286522,"nome":"Linea della Coronata","uso":"","operatore":"","dal":"","wikipedia":""},"geometry":{"type":"MultiLineString","coordinates":[[[8.877273,44.417707],[8.877311,44.417174]]]}},{"type":"Feature","properties":{"id":13948450,"nome":"Ferrovia Cancello-Torre Annunziata","uso":"","operatore":"Rete Ferroviaria Italiana","dal":"","wikipedia":"it:Ferrovia Cancello-Torre Annunziata"},"geometry":{"type":"MultiLineString","coordinates":[[[14.459577,40.748485],[14.458561,40.749501],[14.458112,40.750547],[14.458101,40.751675],[14.458629,40.752857],[14.472738,40.767333],[14.475242,40.769162],[14.483643,40.773333],[14.495444,40.781459],[14.496988,40.783133],[14.501347,40.790504],[14.501909,40.792579],[14.504727,40.824298],[14.504249,40.831991],[14.50376,40.833355],[14.49451,40.850298],[14.489826,40.865276],[14.488994,40.867244],[14.487358,40.869233],[14.475975,40.879081],[14.475049,40.880638],[14.473809,40.885079],[14.472848,40.887251],[14.471709,40.888914],[14.467624,40.893331],[14.466778,40.894605],[14.465271,40.900953],[14.458722,40.932663],[14.457958,40.934705],[14.428172,40.974815],[14.425966,40.976911],[14.421499,40.979867],[14.419449,40.981518]],[[14.459112,40.930022],[14.45945,40.928676]],[[14.459357,40.929706],[14.460401,40.924605]],[[14.459361,40.929123],[14.460005,40.925981]],[[14.459414,40.929407],[14.460354,40.924855]],[[14.459468,40.928825],[14.459522,40.927891]],[[14.459898,40.925785],[14.460069,40.925599],[14.459898,40.925785]],[[14.46008,40.926043],[14.460211,40.925403]],[[14.494076,40.851454],[14.492648,40.85608]],[[14.493981,40.851753],[14.49272,40.855837]],[[14.49271,40.855228],[14.492881,40.854958]],[[14.492783,40.855243],[14.492953,40.854715]],[[14.492915,40.855002],[14.493169,40.853979]],[[14.493013,40.853988],[14.493166,40.853915],[14.493013,40.853988]],[[14.493164,40.853535],[14.493349,40.853355],[14.493164,40.853535]],[[14.49332,40.853799],[14.493522,40.853136]],[[14.467924,40.892928],[14.468057,40.892818],[14.467924,40.892928]],[[14.467995,40.892888],[14.467624,40.893291]],[[14.482533,40.873379],[14.482782,40.873292],[14.482533,40.873379]],[[14.483125,40.872884],[14.482576,40.873351]],[[14.502049,40.836429],[14.504005,40.832971],[14.504329,40.831232]],[[14.502922,40.835094],[14.503724,40.833519]],[[14.503443,40.834301],[14.503499,40.834051]],[[14.502813,40.835559],[14.502779,40.835365],[14.502813,40.835559]],[[14.503103,40.835058],[14.503077,40.834858],[14.503103,40.835058]],[[14.503502,40.810685],[14.503097,40.806087]],[[14.503421,40.810329],[14.503197,40.808445]],[[14.503353,40.810056],[14.502967,40.808441]],[[14.503478,40.810391],[14.503063,40.805701]],[[14.503207,40.808814],[14.503065,40.808655],[14.503207,40.808814]],[[14.503024,40.808098],[14.503161,40.808254],[14.503024,40.808098]],[[14.50317,40.807242],[14.503278,40.808426]],[[14.500351,40.788712],[14.500649,40.78921]],[[14.500689,40.78929],[14.500704,40.789057],[14.500689,40.78929]],[[14.481004,40.771977],[14.478871,40.770883]],[[14.483853,40.773464],[14.478632,40.770825]],[[14.479871,40.771457],[14.480455,40.771738]],[[14.48017,40.771804],[14.480061,40.771631],[14.48017,40.771804]],[[14.480797,40.77198],[14.482111,40.772611],[14.481697,40.772466]],[[14.4808,40.772101],[14.480624,40.772012],[14.4808,40.772101]],[[14.482639,40.772877],[14.482111,40.772611],[14.482454,40.772741]]]}},{"type":"Feature","properties":{"id":14396395,"nome":"Ventimiglia-Marsiglia (confine)","uso":"","operatore":"Juliana 20tab","dal":"","wikipedia":"it:Ferrovia Marsiglia-Ventimiglia"},"geometry":{"type":"MultiLineString","coordinates":[[[7.529661,43.785376],[7.531086,43.785125],[7.534082,43.784134],[7.535912,43.783841],[7.538313,43.783894],[7.541308,43.784864],[7.543131,43.784936],[7.544931,43.784335],[7.5469,43.782887],[7.54827,43.782284],[7.549745,43.782086],[7.553572,43.782301],[7.55531,43.782709],[7.556876,43.783946],[7.557591,43.784923],[7.558664,43.787682],[7.559425,43.788539],[7.561288,43.789931],[7.562755,43.79058],[7.569795,43.792748],[7.573845,43.793087],[7.5913,43.791968],[7.592628,43.792197],[7.599209,43.794223],[7.603908,43.794794],[7.606314,43.794318],[7.610057,43.792696]],[[7.610034,43.792671],[7.606283,43.794286],[7.603915,43.794758],[7.599543,43.794258],[7.591494,43.791921],[7.573835,43.793058],[7.569805,43.792718],[7.562779,43.790548],[7.561319,43.789905],[7.559462,43.78852],[7.558718,43.787663],[7.557571,43.784722],[7.55697,43.783917],[7.555388,43.782646],[7.553584,43.78224],[7.549743,43.782057],[7.548256,43.782252],[7.546856,43.782841],[7.544576,43.78438],[7.54312,43.784818],[7.5412,43.784749],[7.538322,43.783864],[7.535922,43.783808],[7.534068,43.784101],[7.531067,43.785095],[7.529674,43.785342]]]}},{"type":"Feature","properties":{"id":14588973,"nome":"Ferrovia Chivasso-Asti","uso":"","operatore":"","dal":"","wikipedia":"it:Ferrovia Chivasso-Asti"},"geometry":{"type":"MultiLineString","coordinates":[[[8.051352,45.150726],[8.054671,45.145075],[8.055024,45.140681],[8.053871,45.137439],[8.053842,45.136182],[8.054369,45.134892],[8.055906,45.133155],[8.054369,45.134892],[8.053842,45.136182],[8.053871,45.137439],[8.054839,45.139788],[8.055045,45.141019],[8.054745,45.144733],[8.054376,45.14579],[8.050312,45.152127],[8.048747,45.153167],[8.044299,45.154895],[8.036082,45.157184],[8.030561,45.158133],[8.012743,45.158687],[7.995558,45.161239],[7.993764,45.161683],[7.984953,45.165194],[7.983032,45.165674],[7.977297,45.16654],[7.971428,45.166405],[7.937706,45.167826],[7.93597,45.168063],[7.933855,45.169129],[7.932836,45.170538],[7.93267,45.171563],[7.933055,45.175277],[7.932395,45.176953],[7.925698,45.182651],[7.923852,45.183794],[7.903128,45.194079],[7.901064,45.194358],[7.889667,45.193489]],[[8.055906,45.133155],[8.057471,45.131385],[8.058372,45.12862],[8.058444,45.127325],[8.057483,45.125257],[8.057351,45.124036],[8.057698,45.123047],[8.059822,45.119966],[8.060309,45.11754],[8.060127,45.116185],[8.056328,45.107981],[8.052354,45.097635],[8.05224,45.096337],[8.052826,45.095039],[8.053747,45.094217],[8.054875,45.093626],[8.059744,45.092086],[8.064707,45.090052],[8.066344,45.089085],[8.067789,45.087463],[8.0723,45.07915],[8.07484,45.076276],[8.076969,45.074922],[8.078815,45.074353],[8.081141,45.074145],[8.095127,45.075643],[8.098211,45.07512],[8.100421,45.074136],[8.102465,45.072489],[8.10853,45.065914],[8.111097,45.061225],[8.111204,45.060111],[8.110002,45.040531],[8.109927,45.030968],[8.109027,45.02959],[8.104992,45.026585],[8.103137,45.02475],[8.097672,45.015831],[8.096917,45.013763],[8.096552,45.011108],[8.096682,45.009805],[8.097285,45.008428],[8.09909,45.006312],[8.105004,45.001388],[8.106276,45.000814],[8.108889,45.000208],[8.110218,44.999642],[8.119037,44.993048],[8.121423,44.991935],[8.125979,44.990474],[8.127111,44.989768],[8.128056,44.98879],[8.128738,44.987115],[8.128911,44.985563],[8.128775,44.984762],[8.124749,44.975407],[8.123373,44.972813],[8.123299,44.971429],[8.123791,44.970127],[8.125858,44.968087],[8.13143,44.964568],[8.140769,44.957839],[8.146631,44.951806],[8.147185,44.950829],[8.148722,44.945913],[8.149653,44.944647],[8.155442,44.939032],[8.158177,44.93571],[8.168289,44.927399],[8.174272,44.91998],[8.182083,44.911085],[8.182816,44.909508],[8.183,44.905084],[8.184681,44.899512],[8.184415,44.896637],[8.185091,44.895101],[8.186292,44.894133],[8.18833,44.893327],[8.194241,44.892753],[8.199996,44.893181],[8.207548,44.894824]]]}},{"type":"Feature","properties":{"id":14589121,"nome":"Ferrovia Mortara-Asti","uso":"","operatore":"","dal":"","wikipedia":"it:Ferrovia Castagnole-Asti-Mortara"},"geometry":{"type":"MultiLineString","coordinates":[[[8.207548,44.894824],[8.22606,44.898972],[8.227461,44.899472],[8.229137,44.900677],[8.229842,44.901645],[8.230782,44.905722],[8.230732,44.907581],[8.226583,44.921102],[8.223419,44.953712],[8.229195,44.973858],[8.22957,44.975321],[8.229518,44.976535],[8.228722,44.978121],[8.228013,44.978788],[8.224727,44.980658],[8.224,44.981385],[8.21273,44.999275],[8.21218,45.000727],[8.212091,45.001645],[8.212318,45.002792],[8.214316,45.007674],[8.215929,45.011422],[8.216577,45.012353],[8.218064,45.0136],[8.223987,45.016815],[8.225535,45.018087],[8.229039,45.024186],[8.232368,45.027074],[8.23321,45.028174],[8.237123,45.036452],[8.237249,45.038227],[8.236893,45.039401],[8.232772,45.046027],[8.231979,45.0478],[8.231715,45.049632],[8.232267,45.052321],[8.233741,45.056192],[8.235851,45.059032],[8.237073,45.06026],[8.239681,45.062161],[8.240812,45.062634],[8.242991,45.063005],[8.245478,45.062731],[8.259843,45.059505],[8.26875,45.059877],[8.273002,45.059553],[8.274869,45.059779],[8.276351,45.060279],[8.278244,45.061584],[8.28022,45.064262],[8.280955,45.064941],[8.298454,45.074988],[8.300233,45.076173],[8.301761,45.077643],[8.302739,45.078936],[8.307661,45.088433],[8.307628,45.090349],[8.306177,45.098199],[8.306618,45.09979],[8.3085,45.102178],[8.309876,45.103021],[8.311854,45.103608],[8.335841,45.10865],[8.338258,45.108822],[8.347078,45.107976],[8.369445,45.107703],[8.386316,45.107082],[8.389406,45.106569],[8.391572,45.105887],[8.397234,45.103493],[8.398859,45.103011],[8.406401,45.101234],[8.409274,45.101073],[8.41443,45.101737],[8.416582,45.101814],[8.426411,45.099997],[8.427824,45.099858],[8.429737,45.100104],[8.431169,45.100732],[8.43174,45.101211],[8.447222,45.116264],[8.449805,45.117652],[8.451,45.118025],[8.463847,45.121251],[8.46495,45.121832],[8.466288,45.123057],[8.4668,45.124089],[8.466997,45.125233],[8.466701,45.126395],[8.466153,45.12733],[8.464925,45.128331],[8.461492,45.130059],[8.460269,45.131508],[8.459965,45.132861],[8.460508,45.135912]],[[8.73149,45.252183],[8.731293,45.249777],[8.730566,45.247589],[8.728336,45.243554],[8.727478,45.242616],[8.726084,45.241692],[8.697788,45.231051],[8.670605,45.22301],[8.60391,45.183395],[8.601072,45.181184],[8.599188,45.180343],[8.596716,45.179972],[8.561484,45.179326],[8.559078,45.178975],[8.556325,45.177942],[8.544214,45.171283],[8.543136,45.170302],[8.541241,45.167128],[8.53981,45.165983],[8.534053,45.163305],[8.531629,45.162611],[8.519064,45.161747],[8.51612,45.161973],[8.511452,45.162931],[8.509108,45.162969],[8.475332,45.161178],[8.471521,45.160106],[8.451838,45.150677],[8.450472,45.149718],[8.449539,45.148429],[8.449257,45.147513],[8.449286,45.146346],[8.450162,45.144601],[8.453547,45.141429],[8.458143,45.139522],[8.459413,45.138686],[8.460164,45.137956],[8.460616,45.13708],[8.460665,45.136424],[8.460399,45.135641]]]}},{"type":"Feature","properties":{"id":14603060,"nome":"Ferrovia Milano-Asso","uso":"","operatore":"Ferrovienord","dal":"","wikipedia":"it:Ferrovia Milano-Asso"},"geometry":{"type":"MultiLineString","coordinates":[[[9.175294,45.468582],[9.170348,45.472399],[9.165918,45.47749],[9.162071,45.48111],[9.160913,45.482551],[9.1606,45.483847],[9.161039,45.491009],[9.160449,45.494132],[9.159571,45.501494],[9.157963,45.506762],[9.158279,45.509056],[9.158849,45.510364],[9.166248,45.51918],[9.172147,45.530291],[9.17251,45.531893],[9.173427,45.542],[9.17364,45.546785],[9.173515,45.548168],[9.172402,45.550663],[9.164203,45.560324],[9.158157,45.569608],[9.157783,45.570771],[9.157019,45.578575],[9.153222,45.595465],[9.152287,45.597284],[9.142537,45.609127],[9.141615,45.610878],[9.141397,45.612452],[9.141925,45.62514],[9.14164,45.641921],[9.139992,45.649939],[9.139851,45.656032],[9.13957,45.657123],[9.137147,45.662209],[9.133544,45.668102]],[[9.268649,45.855223],[9.270898,45.853655],[9.271479,45.852738],[9.271529,45.851596],[9.270405,45.849714],[9.269376,45.846326],[9.265076,45.842733],[9.263511,45.842119],[9.260171,45.841578],[9.256587,45.841765],[9.251657,45.841023],[9.246399,45.838969],[9.244146,45.838452],[9.240968,45.837112],[9.23632,45.835704],[9.228507,45.834334],[9.227182,45.833588],[9.226913,45.832357],[9.22584,45.830065],[9.225789,45.829034],[9.227481,45.822121],[9.22722,45.819606],[9.227499,45.816713],[9.22778,45.815864],[9.228568,45.814673],[9.232096,45.811456],[9.233023,45.810231],[9.233154,45.809089],[9.232422,45.806548],[9.232619,45.805499],[9.238799,45.795299],[9.2391,45.794425],[9.238894,45.787732],[9.239125,45.786695],[9.240089,45.78565],[9.243062,45.784197],[9.243644,45.783573],[9.243994,45.782624],[9.243756,45.781531],[9.242084,45.778238],[9.241027,45.776726],[9.238623,45.774497],[9.235264,45.772761],[9.234644,45.772152],[9.234366,45.771519],[9.234325,45.770702],[9.234711,45.769739],[9.237194,45.767581],[9.237955,45.766539],[9.238871,45.763477],[9.238899,45.762701],[9.238504,45.761653],[9.236629,45.758863],[9.233928,45.757299],[9.232912,45.756351],[9.232569,45.755734],[9.232361,45.754691],[9.232963,45.75066],[9.233032,45.746814],[9.232486,45.745141],[9.23004,45.743001],[9.229236,45.741867],[9.228332,45.741056],[9.227122,45.740565],[9.223345,45.740043],[9.219012,45.737865],[9.218118,45.736647],[9.217037,45.7334],[9.216058,45.731818],[9.215028,45.730818],[9.210007,45.727421],[9.208874,45.726156],[9.208392,45.725111],[9.208342,45.724323],[9.210857,45.71622],[9.210573,45.714687],[9.209402,45.71314],[9.20769,45.711665],[9.182434,45.694533],[9.180741,45.692673],[9.170275,45.677834],[9.168463,45.675759],[9.161183,45.664043],[9.160245,45.663202],[9.157432,45.661408],[9.148579,45.657224],[9.141381,45.652355],[9.140521,45.651433],[9.140149,45.650574],[9.140121,45.649562],[9.141689,45.641912],[9.141974,45.625141],[9.141444,45.612301],[9.141737,45.610657],[9.142576,45.609145],[9.152229,45.597439],[9.153261,45.595472],[9.156919,45.579354],[9.157832,45.570775],[9.1582,45.569618],[9.164226,45.560362],[9.172453,45.550677],[9.173208,45.549355],[9.173648,45.547969],[9.173681,45.54456],[9.172668,45.532118],[9.172286,45.530457],[9.166308,45.519164],[9.15889,45.510352],[9.158334,45.509046],[9.158013,45.506756],[9.159688,45.501129],[9.160497,45.494132],[9.161087,45.491011],[9.160658,45.483847],[9.160975,45.482573],[9.162346,45.480905],[9.165881,45.477592],[9.170391,45.472419],[9.17533,45.468604]],[[9.271279,45.853158],[9.270574,45.854027],[9.268688,45.855252]],[[9.229278,45.81402],[9.231967,45.811572]],[[9.2415,45.777307],[9.242169,45.778239],[9.243756,45.781531]],[[9.225616,45.740396],[9.223817,45.740157],[9.221946,45.739386]],[[9.209643,45.720141],[9.210478,45.717649]],[[9.182928,45.694947],[9.181099,45.69305],[9.179937,45.691461]],[[9.179685,45.691108],[9.181241,45.693432]],[[9.161227,45.664089],[9.15895,45.662288],[9.155577,45.6605]],[[9.158315,45.66189],[9.160362,45.663144],[9.16147,45.664208]],[[9.175425,45.468663],[9.17206,45.471038]],[[9.172103,45.471061],[9.175466,45.468688]],[[9.172675,45.470667],[9.17555,45.468744]],[[9.141161,45.644907],[9.140202,45.649182]],[[9.140967,45.646046],[9.140478,45.64864]],[[9.15716,45.577303],[9.156325,45.58182]],[[9.171277,45.552092],[9.172991,45.549975],[9.173803,45.547255],[9.173744,45.544589],[9.17261,45.531392],[9.172008,45.529677],[9.166514,45.519306],[9.159717,45.511403],[9.15869,45.5098],[9.158322,45.508733],[9.158078,45.506617],[9.159765,45.501623]],[[9.159716,45.501616],[9.15869,45.504634]]]}},{"type":"Feature","properties":{"id":14626388,"nome":"Tramway du Mont-Blanc","uso":"","operatore":"Compagnie du Mont Blanc","dal":"","wikipedia":"en:Mont Blanc tramway"},"geometry":{"type":"MultiLineString","coordinates":[[[6.777367,45.873163],[6.779793,45.87277],[6.781291,45.872895],[6.782677,45.872662],[6.78484,45.870948],[6.78672,45.870212],[6.787447,45.869608],[6.78992,45.868642],[6.79157,45.868308],[6.793482,45.867405],[6.794529,45.867534]],[[6.79566,45.867958],[6.796429,45.868141],[6.7973,45.867912],[6.798154,45.866707],[6.797448,45.864966],[6.796875,45.864355],[6.796781,45.863951],[6.797669,45.862201],[6.798411,45.858587]]]}},{"type":"Feature","properties":{"id":15317508,"nome":"Linea Caltanissetta Centrale - Palermo Centrale","uso":"","operatore":"Rete Ferroviaria Italiana","dal":"","wikipedia":""},"geometry":{"type":"MultiLineString","coordinates":[[[13.367518,38.109156],[13.369,38.107228],[13.369851,38.106525],[13.372828,38.105197],[13.396198,38.090908],[13.398009,38.090178],[13.407948,38.087217],[13.411657,38.086347],[13.496686,38.086727],[13.4998,38.087322],[13.512722,38.091492],[13.515787,38.091711],[13.518855,38.091068],[13.520499,38.090295],[13.521976,38.089267],[13.529621,38.083586],[13.530995,38.082108],[13.531638,38.080852],[13.532045,38.078962],[13.532608,38.069905],[13.53248,38.065928],[13.532999,38.063952],[13.534328,38.06215],[13.53772,38.059845],[13.540455,38.05645],[13.543792,38.0536],[13.545857,38.052191],[13.556039,38.047536],[13.557972,38.046364],[13.559654,38.044936],[13.564808,38.03922],[13.567598,38.037374],[13.575245,38.034308],[13.583026,38.031862],[13.591271,38.026915],[13.592377,38.026436],[13.594225,38.02604],[13.59824,38.025789],[13.600373,38.02487],[13.614797,38.014083],[13.616726,38.01224],[13.620509,38.007842],[13.623592,38.005674],[13.62712,38.004385],[13.637356,38.002252],[13.650878,37.997426],[13.657117,37.995925],[13.661979,37.993956],[13.667053,37.993521],[13.674424,37.994124],[13.676158,37.993788],[13.678476,37.992756],[13.680257,37.992264],[13.685509,37.991992],[13.689498,37.991145],[13.69732,37.990265],[13.69965,37.989018],[13.700831,37.987636],[13.701268,37.986138],[13.701078,37.983354],[13.701902,37.981766],[13.704463,37.979357],[13.7077,37.977739],[13.710671,37.976944],[13.716902,37.97624],[13.721865,37.97496],[13.729364,37.9748],[13.73402,37.974001],[13.735901,37.973384],[13.739408,37.971618],[13.74317,37.968825],[13.74571,37.967625],[13.749991,37.966593],[13.762878,37.96539]],[[13.666922,37.734333],[13.667252,37.733183],[13.665716,37.738099],[13.662849,37.742267],[13.662475,37.743225],[13.662277,37.746176],[13.66244,37.747363],[13.662985,37.748349],[13.664368,37.749842],[13.664784,37.750825],[13.664991,37.752291],[13.664626,37.753771],[13.662147,37.757246],[13.661913,37.758569],[13.662305,37.760841],[13.664415,37.764162],[13.665031,37.765618],[13.665042,37.76941],[13.665302,37.770554],[13.666709,37.772866],[13.668026,37.774303],[13.669114,37.775981],[13.671604,37.777899],[13.672369,37.779143],[13.67251,37.78006],[13.672214,37.783518],[13.671178,37.787182],[13.671128,37.788297],[13.671674,37.790171],[13.674147,37.794735],[13.67518,37.797719],[13.675157,37.798873],[13.674749,37.800305],[13.673398,37.803029],[13.673318,37.806592],[13.672676,37.80775],[13.67079,37.810026],[13.669729,37.814683],[13.669806,37.815936],[13.670424,37.818179],[13.669806,37.821565],[13.670911,37.823822],[13.671431,37.825784],[13.672942,37.828403],[13.673272,37.829647],[13.672925,37.83141],[13.670808,37.834095],[13.67059,37.835093],[13.670813,37.836299],[13.671701,37.837567],[13.673185,37.838548],[13.677001,37.839202],[13.678544,37.839848],[13.679607,37.840786],[13.68124,37.843218],[13.682519,37.844281],[13.684063,37.844894],[13.687739,37.845368],[13.689545,37.846382],[13.690318,37.84733],[13.690749,37.848503],[13.690557,37.852268],[13.689801,37.854886],[13.690049,37.856144],[13.69074,37.857132],[13.694916,37.860352],[13.69651,37.861232],[13.698705,37.861685],[13.702024,37.861308],[13.703285,37.861379],[13.708092,37.863193],[13.709715,37.864988],[13.709907,37.865682],[13.709964,37.868371],[13.710649,37.869678],[13.713192,37.872323],[13.714132,37.872973],[13.715787,37.873623],[13.71935,37.874384],[13.721169,37.875614],[13.721806,37.876525],[13.725241,37.884368],[13.726227,37.885678],[13.727892,37.887076],[13.729474,37.887956],[13.735405,37.890146],[13.738457,37.890583],[13.740137,37.891201],[13.741593,37.892452],[13.742653,37.894754],[13.743335,37.895618],[13.744368,37.896401],[13.74623,37.897149],[13.752849,37.898889],[13.755932,37.900406],[13.757235,37.900719],[13.767093,37.900153],[13.769436,37.900375],[13.77192,37.901299],[13.773226,37.902215],[13.774093,37.903188],[13.782023,37.915805],[13.782436,37.917133],[13.783354,37.922766],[13.786787,37.929842],[13.786662,37.931169],[13.78555,37.933181],[13.785303,37.934056],[13.786218,37.940937],[13.786043,37.942473],[13.784392,37.948207],[13.784502,37.958067],[13.781898,37.964921],[13.781021,37.965979],[13.779801,37.966715],[13.777497,37.967011],[13.773546,37.966549],[13.767796,37.965206],[13.764155,37.965272]],[[13.703528,37.980207],[13.706199,37.978475],[13.709898,37.977124],[13.716919,37.97627],[13.722195,37.974948],[13.729637,37.974818],[13.73432,37.973953],[13.736547,37.973116],[13.739311,37.9717],[13.744312,37.968213],[13.74571,37.96766],[13.749531,37.966712],[13.765707,37.965175],[13.767945,37.965288],[13.770329,37.965893]],[[13.367637,38.109209],[13.369094,38.107302],[13.370019,38.10653],[13.373073,38.105098],[13.396232,38.090944],[13.398027,38.090212],[13.409236,38.08688],[13.411649,38.086382],[13.496136,38.08674],[13.499628,38.087299],[13.512814,38.091547],[13.515833,38.091749],[13.518814,38.091138],[13.520896,38.0901],[13.528992,38.084121],[13.530296,38.083005],[13.531438,38.081461],[13.532128,38.07866],[13.532677,38.069419],[13.532592,38.065422],[13.533076,38.063895],[13.533827,38.062759],[13.534943,38.061707],[13.537819,38.059803],[13.540669,38.056345],[13.54471,38.052949],[13.546227,38.052062],[13.556078,38.047603],[13.558285,38.04618],[13.560204,38.04441],[13.564511,38.03954],[13.566472,38.038045],[13.56926,38.036681],[13.576714,38.033816],[13.583191,38.032005],[13.588173,38.029202],[13.590619,38.027354],[13.592199,38.026539],[13.59404,38.026096],[13.598257,38.025831],[13.600027,38.025102],[13.613988,38.014868],[13.616429,38.012664],[13.620788,38.00764],[13.622531,38.006318],[13.624528,38.005276],[13.627476,38.00435],[13.637094,38.002354],[13.650963,37.997439],[13.657138,37.995986],[13.661999,37.993993],[13.667075,37.993542],[13.674484,37.994167],[13.6765,37.993716],[13.68008,37.992337],[13.685601,37.992027],[13.689878,37.991128],[13.696185,37.990527],[13.697635,37.990198],[13.6997,37.989037],[13.700801,37.987772],[13.701311,37.98614],[13.701078,37.98395],[13.701224,37.983008],[13.701846,37.98193],[13.703351,37.980361]],[[13.367365,38.109083],[13.369527,38.106637],[13.372612,38.10523]],[[13.381535,38.097946],[13.37155,38.098272],[13.373016,38.098463],[13.374079,38.099092],[13.374482,38.099728],[13.375203,38.102028],[13.375219,38.102792],[13.374885,38.103549],[13.372982,38.105013]],[[13.38226,38.097926],[13.384266,38.097723],[13.385541,38.097321],[13.394938,38.091635]],[[13.38154,38.09791],[13.371553,38.098227]],[[13.382255,38.097893],[13.384088,38.097718],[13.385387,38.09735],[13.395644,38.09106],[13.399529,38.08972]],[[13.36748,38.109139],[13.369442,38.106769],[13.373505,38.104742],[13.374805,38.103762],[13.375241,38.10311],[13.375304,38.102188],[13.374283,38.099265],[13.373204,38.098486],[13.371553,38.098235]],[[13.667252,37.733183],[13.669282,37.726299],[13.669552,37.724323],[13.669996,37.723105],[13.670665,37.722143],[13.671822,37.721123],[13.674481,37.720007],[13.676196,37.719819],[13.683119,37.719945],[13.68793,37.718534],[13.689167,37.718362],[13.694102,37.719044],[13.695702,37.719026],[13.703019,37.717454],[13.714814,37.716508],[13.71647,37.716608],[13.725701,37.718618],[13.728427,37.71875],[13.730555,37.718533],[13.732959,37.717818],[13.736062,37.716409],[13.737586,37.715359],[13.740187,37.712649],[13.742644,37.711065],[13.751534,37.708497],[13.753423,37.70861],[13.759848,37.709696],[13.761305,37.710348],[13.763193,37.711641],[13.764534,37.712025],[13.766176,37.711982],[13.768804,37.711056],[13.770531,37.710964],[13.772173,37.711396],[13.774451,37.712593],[13.775937,37.712889],[13.779664,37.712544],[13.783181,37.710779],[13.785201,37.710296],[13.801799,37.711753],[13.804877,37.712526],[13.80711,37.712547],[13.808444,37.712045],[13.810531,37.710574],[13.811708,37.709399],[13.813091,37.707058],[13.8164,37.704359],[13.821833,37.701014],[13.823454,37.700649],[13.826671,37.700485],[13.828551,37.699776],[13.829721,37.698861],[13.831682,37.696287],[13.833438,37.69518],[13.853434,37.689608],[13.855385,37.689533],[13.860047,37.690583],[13.861809,37.690493],[13.874485,37.686222],[13.877276,37.684327],[13.88341,37.67601],[13.883927,37.674587],[13.883451,37.671298],[13.884265,37.669543],[13.887509,37.666099],[13.891013,37.664075],[13.895267,37.65962],[13.896639,37.657387],[13.897185,37.654917],[13.898456,37.637955],[13.899511,37.633013],[13.899295,37.631637],[13.898321,37.628824],[13.898148,37.626938],[13.899613,37.619674],[13.900025,37.618626],[13.937477,37.567952],[13.938581,37.566986],[13.940545,37.565978],[13.941327,37.565258],[13.941839,37.564297],[13.941913,37.563702],[13.941014,37.559203],[13.941204,37.55698],[13.942103,37.555895],[13.943975,37.554874],[13.944936,37.554072],[13.945666,37.5529],[13.946128,37.551618],[13.94788,37.549395],[13.949103,37.5487],[13.950621,37.548414],[13.952235,37.548656],[13.956183,37.55],[13.958013,37.549959],[13.959675,37.54954],[13.96708,37.545673],[13.968568,37.544216],[13.972989,37.538923],[13.974716,37.537604],[13.977346,37.536797],[13.988855,37.535285],[13.992038,37.535336],[14.009257,37.538422],[14.010301,37.538913],[14.013575,37.541324],[14.015611,37.541897],[14.017544,37.541886],[14.020805,37.541212],[14.022365,37.541406],[14.025729,37.542551],[14.027469,37.542479],[14.029853,37.541999],[14.03167,37.542111],[14.033255,37.542735],[14.036323,37.544727],[14.038604,37.545085],[14.039468,37.544983],[14.043566,37.543481],[14.044778,37.542132],[14.045925,37.540139],[14.047987,37.538391],[14.054094,37.536333],[14.055327,37.536153],[14.056869,37.536286]],[[14.059434,37.536606],[14.060428,37.536619],[14.052655,37.535602],[14.050667,37.534878],[14.047593,37.533095],[14.046606,37.53205],[14.045324,37.529577],[14.043358,37.527727],[14.042677,37.526481],[14.042282,37.524797],[14.042428,37.523464],[14.044059,37.519933],[14.046743,37.517019],[14.047585,37.5132],[14.049756,37.510518],[14.050014,37.508955],[14.049172,37.506613],[14.049215,37.505189],[14.057049,37.489584],[14.057408,37.48777],[14.057047,37.486258]]]}},{"type":"Feature","properties":{"id":15616422,"nome":"Ferrovia Vercelli-Pavia","uso":"","operatore":"","dal":"","wikipedia":"it:Ferrovia Vercelli-Pavia"},"geometry":{"type":"MultiLineString","coordinates":[[[8.731377,45.25046],[8.73131,45.251826],[8.732269,45.257107],[8.731988,45.257852],[8.731371,45.258612],[8.730383,45.259311],[8.729187,45.259803],[8.665333,45.277042],[8.653152,45.278798],[8.608692,45.291314],[8.541121,45.304229],[8.538727,45.305103],[8.526096,45.311634],[8.523488,45.312741],[8.451012,45.337633],[8.447199,45.338901],[8.445875,45.339135],[8.444185,45.339077],[8.441216,45.338462]]]}},{"type":"Feature","properties":{"id":15616423,"nome":"Ferrovia Milano-Mortara","uso":"","operatore":"Rete Ferroviaria Italiana","dal":"","wikipedia":"it:Ferrovia Milano-Mortara"},"geometry":{"type":"MultiLineString","coordinates":[[[9.132906,45.443057],[9.120328,45.439545],[9.0857,45.428399],[9.05102,45.413535],[9.023704,45.407108],[9.019514,45.406649],[8.927164,45.403228],[8.925321,45.402981],[8.923693,45.402446],[8.921952,45.401362],[8.920888,45.400028],[8.920555,45.398832],[8.920697,45.396184],[8.920453,45.394905],[8.91231,45.377041],[8.91081,45.375161],[8.875144,45.336605],[8.873418,45.333898],[8.866288,45.318446],[8.860928,45.311282],[8.859195,45.309487],[8.856887,45.307924],[8.854449,45.3069],[8.738017,45.264693],[8.736324,45.263707],[8.734838,45.262449],[8.733257,45.260139],[8.732762,45.258384],[8.73177,45.251047]],[[8.951006,45.404134],[9.019515,45.406683],[9.023985,45.407203],[9.050996,45.413567],[9.085674,45.428431],[9.120311,45.43958],[9.132864,45.443124]],[[9.123788,45.440582],[9.139149,45.444941],[9.151931,45.448009],[9.161533,45.449895],[9.166297,45.450588],[9.167541,45.451128],[9.168721,45.452081],[9.169565,45.45408],[9.169627,45.454737]],[[9.167832,45.451313],[9.169053,45.452414],[9.169624,45.453934],[9.169686,45.454728]],[[9.163781,45.450177],[9.16614,45.450462],[9.168058,45.451366],[9.169101,45.452397],[9.169723,45.454029],[9.16975,45.454743]],[[8.859878,45.310145],[8.864481,45.315949]],[[8.967548,45.404716],[8.955634,45.404272]],[[8.956458,45.404406],[8.966741,45.40479]]]}},{"type":"Feature","properties":{"id":15616554,"nome":"Ferrovia Sesto Calende - Laveno","uso":"","operatore":"","dal":"","wikipedia":""},"geometry":{"type":"MultiLineString","coordinates":[[[8.627804,45.724715],[8.627884,45.725559],[8.627621,45.726425],[8.626296,45.72787],[8.612258,45.734054],[8.610014,45.735247],[8.607306,45.737176],[8.604527,45.740145],[8.600795,45.745648],[8.598622,45.752429],[8.598892,45.754031],[8.609586,45.781796],[8.616813,45.802973],[8.627116,45.822351],[8.627895,45.83074],[8.629759,45.8359],[8.629925,45.836959],[8.630035,45.846665],[8.630754,45.857769],[8.624393,45.904346],[8.623991,45.905454],[8.623262,45.906235],[8.61831,45.908427]],[[8.62825,45.877016],[8.62825,45.877016]],[[8.629285,45.869221],[8.629285,45.869221]],[[8.630619,45.853651],[8.630619,45.853651]],[[8.630051,45.843854],[8.630051,45.843854]],[[8.63,45.837504],[8.630106,45.837374],[8.63,45.837504]],[[8.625293,45.818667],[8.625293,45.818667]],[[8.620759,45.810384],[8.620759,45.810384]],[[8.607355,45.775661],[8.607355,45.775661]],[[8.605362,45.770518],[8.605362,45.770518]],[[8.599379,45.74986],[8.599379,45.74986]],[[8.602606,45.743009],[8.602758,45.742988],[8.602606,45.743009]]]}},{"type":"Feature","properties":{"id":15729471,"nome":"Rudolfsbahn","uso":"","operatore":"","dal":"","wikipedia":"de:Rudolfsbahn"},"geometry":{"type":"MultiLineString","coordinates":[[[13.752823,46.551162],[13.740583,46.552449],[13.73133,46.552081],[13.725494,46.552678],[13.719331,46.552823],[13.716835,46.552597],[13.71246,46.551626],[13.710516,46.551408],[13.695098,46.55181],[13.692707,46.551441],[13.687542,46.550015],[13.685242,46.549773],[13.679201,46.550367],[13.672866,46.551725],[13.671136,46.55174],[13.66933,46.551403],[13.66759,46.550634],[13.664672,46.548591],[13.657274,46.546098],[13.654459,46.543809],[13.650621,46.541806],[13.645362,46.538259],[13.642317,46.536687],[13.640949,46.535441],[13.640356,46.53424],[13.639827,46.531506],[13.637267,46.528387],[13.636702,46.52666],[13.636961,46.525335],[13.638047,46.523494],[13.641367,46.520757],[13.642607,46.519177],[13.642792,46.518284],[13.642586,46.517181],[13.642062,46.516108],[13.641087,46.515111],[13.638433,46.513874],[13.635362,46.513573],[13.633111,46.513994],[13.627078,46.51599],[13.625087,46.516156],[13.622633,46.515962],[13.620091,46.514797],[13.60731,46.506392]],[[13.607276,46.506414],[13.620047,46.514818],[13.622608,46.515993],[13.625086,46.516188],[13.627104,46.516025],[13.633114,46.51402],[13.635383,46.513592],[13.638421,46.513895],[13.641062,46.51512],[13.642038,46.516115],[13.642563,46.517188],[13.642769,46.518281],[13.64258,46.519174],[13.641349,46.520744],[13.63803,46.523486],[13.636842,46.525523],[13.63665,46.526502],[13.636746,46.527351],[13.637219,46.528401],[13.639772,46.531518],[13.640344,46.534407],[13.640929,46.535502],[13.642278,46.536714],[13.645323,46.538301],[13.650116,46.541593],[13.654413,46.543837],[13.657241,46.546127],[13.658486,46.54669],[13.664379,46.548504],[13.667556,46.550661],[13.669308,46.551435],[13.671131,46.551776],[13.672871,46.551759],[13.679211,46.550403],[13.685245,46.549805],[13.687215,46.549985],[13.69269,46.551479],[13.695096,46.551852],[13.710848,46.551494],[13.716641,46.552609],[13.719239,46.552868],[13.725497,46.552719],[13.73133,46.552121],[13.740324,46.552504],[13.75278,46.551228]]]}},{"type":"Feature","properties":{"id":15737281,"nome":"Ferrovia Trento - Primolano","uso":"","operatore":"Rete Ferroviaria Italiana","dal":"","wikipedia":""},"geometry":{"type":"MultiLineString","coordinates":[[[11.118665,46.071432],[11.116583,46.068573],[11.115782,46.06622],[11.115902,46.063569],[11.117103,46.05609],[11.11804,46.055196],[11.119539,46.054753],[11.124295,46.055065],[11.127595,46.055677],[11.131173,46.054688],[11.134432,46.054718],[11.135561,46.054147],[11.135967,46.053714],[11.136138,46.052811],[11.134962,46.045429],[11.134283,46.044015],[11.134225,46.043395],[11.134786,46.042486],[11.136207,46.04125],[11.136568,46.039729],[11.136919,46.039138],[11.137738,46.038648],[11.138914,46.03841],[11.140799,46.038908],[11.141413,46.039537],[11.141608,46.04018],[11.141324,46.041106],[11.139485,46.042416],[11.138862,46.043497],[11.13956,46.053005],[11.140795,46.055464],[11.141612,46.055985],[11.143716,46.056737],[11.144422,46.057806],[11.144032,46.058969],[11.141591,46.06032],[11.140975,46.061181],[11.141155,46.062211],[11.142735,46.064294],[11.142736,46.066482],[11.145539,46.06906],[11.14862,46.069691],[11.150019,46.070453],[11.150551,46.0709],[11.152208,46.073984],[11.154513,46.07601],[11.155499,46.076561],[11.15819,46.077328],[11.163102,46.080189],[11.165437,46.080446],[11.169854,46.080115],[11.177405,46.08153],[11.178622,46.081619],[11.180822,46.081376],[11.183167,46.081748],[11.18445,46.081299],[11.186696,46.08001],[11.1903,46.080108],[11.192119,46.07948],[11.194165,46.077854],[11.196007,46.077123],[11.197638,46.075979],[11.200248,46.074715],[11.20347,46.072305],[11.205769,46.071068],[11.208121,46.070466],[11.209753,46.069151],[11.21056,46.068787],[11.214701,46.068263],[11.219186,46.067081],[11.225632,46.066792],[11.226797,46.066463],[11.228745,46.064652],[11.235787,46.060845],[11.236484,46.060224],[11.236842,46.059401],[11.23496,46.053003],[11.234049,46.051212],[11.234262,46.049257],[11.234048,46.047883],[11.232349,46.04426],[11.232598,46.042451],[11.233754,46.040243],[11.233688,46.039365],[11.233053,46.038612],[11.231031,46.037504],[11.230397,46.036925],[11.229238,46.034093],[11.22934,46.033351],[11.229901,46.032515],[11.232263,46.03037],[11.232715,46.029446],[11.232413,46.028534],[11.230818,46.02734],[11.230348,46.026396],[11.230278,46.023143],[11.23088,46.020604],[11.232244,46.019143],[11.233044,46.017663],[11.234488,46.016171],[11.235024,46.014213],[11.235906,46.012981],[11.236565,46.011319],[11.236993,46.009487],[11.237696,46.008663],[11.239528,46.007613],[11.243946,46.007107],[11.24558,46.006393],[11.246508,46.005573],[11.247079,46.004722],[11.24765,46.001944],[11.24893,46.000829],[11.258938,45.997503],[11.260863,45.997145],[11.270105,45.998409],[11.285018,46.00124],[11.286473,46.001967],[11.293465,46.006523],[11.294712,46.006944],[11.295897,46.006956],[11.310278,46.00508],[11.314184,46.005317],[11.318445,46.006004],[11.323027,46.008192],[11.324415,46.009163],[11.325994,46.010931],[11.328464,46.015503],[11.329136,46.016001],[11.330189,46.016319],[11.332543,46.016225],[11.336203,46.015367],[11.337876,46.015213],[11.339302,46.015399],[11.343715,46.016856],[11.34632,46.016889],[11.354462,46.016403],[11.357651,46.017165],[11.364514,46.017818],[11.366317,46.018176],[11.372335,46.020552],[11.381572,46.027346],[11.383401,46.028066],[11.386753,46.028506],[11.3892,46.029328],[11.392431,46.032117],[11.394771,46.033439],[11.39615,46.035006],[11.402744,46.037882],[11.405604,46.038909],[11.411696,46.039707],[11.413953,46.040279],[11.4219,46.042975],[11.435466,46.048631],[11.441867,46.050288],[11.450903,46.051857],[11.456998,46.050422],[11.45861,46.050315],[11.460906,46.050798],[11.464173,46.052304],[11.468657,46.052936],[11.470657,46.053811],[11.471784,46.054052],[11.476535,46.053572],[11.480201,46.053812],[11.486606,46.052834],[11.490749,46.051558],[11.505163,46.05041],[11.506593,46.05042],[11.509962,46.05157],[11.511568,46.051637],[11.516993,46.05042],[11.518812,46.0495],[11.52089,46.048857],[11.529079,46.048078],[11.531206,46.047572],[11.555291,46.038072],[11.559894,46.03545],[11.581714,46.029769],[11.594789,46.022946],[11.606312,46.019642],[11.608914,46.018133],[11.611359,46.017328],[11.617573,46.015756],[11.632222,46.014374],[11.633496,46.014435],[11.635841,46.015053],[11.643028,46.015358],[11.644735,46.014994],[11.647232,46.013924],[11.648776,46.013066],[11.650392,46.011819],[11.655043,46.006474],[11.658518,46.004856],[11.660343,46.002839],[11.663019,46.001206],[11.663999,46.000377],[11.664688,45.999323],[11.666612,45.994455],[11.667292,45.993279],[11.67392,45.985915],[11.676877,45.980726],[11.680187,45.977358],[11.683215,45.97506],[11.685194,45.972766],[11.696162,45.966717],[11.700848,45.965349]]]}},{"type":"Feature","properties":{"id":15778723,"nome":"Ferrovia Lucca-Pontedera","uso":"","operatore":"","dal":"1928","wikipedia":"it:Ferrovia Lucca-Pontedera"},"geometry":{"type":"MultiLineString","coordinates":[[[10.622218,43.663178],[10.621006,43.663626],[10.620005,43.664336],[10.618297,43.667383],[10.613217,43.672869],[10.609154,43.683517],[10.604521,43.698569],[10.604617,43.699702],[10.607262,43.705558],[10.60848,43.708819],[10.610132,43.710699],[10.616772,43.714551],[10.618447,43.715849],[10.619278,43.71702],[10.619699,43.71872],[10.621365,43.733205],[10.621564,43.735465],[10.621531,43.737976],[10.62129,43.739387],[10.621767,43.742092],[10.621569,43.742658],[10.619108,43.745611],[10.618409,43.74682],[10.618157,43.74782],[10.62085,43.755163],[10.620861,43.755853],[10.614265,43.772525],[10.60808,43.778022],[10.598781,43.785708],[10.571929,43.797923],[10.566576,43.800009],[10.556652,43.810003],[10.537607,43.824515],[10.524672,43.834806],[10.523384,43.835655],[10.522184,43.836108],[10.518987,43.836539]],[[10.607476,43.70567],[10.60758,43.705495],[10.607476,43.70567]],[[10.620582,43.728717],[10.620445,43.728857],[10.620582,43.728717]],[[10.537928,43.824579],[10.538172,43.824554],[10.537928,43.824579]],[[10.588571,43.79008],[10.588491,43.790242],[10.588571,43.79008]]]}},{"type":"Feature","properties":{"id":15987785,"nome":"Ferrovia del Moncenisio","uso":"","operatore":"","dal":"","wikipedia":"de:Mont-Cenis-Bahn"},"geometry":{"type":"MultiLineString","coordinates":[[[6.953685,45.215884],[6.952818,45.214804],[6.95181,45.214323],[6.950565,45.213241],[6.950969,45.212767],[6.953088,45.211817],[6.953207,45.211479],[6.952917,45.211057],[6.95296,45.210742],[6.956699,45.209485],[6.958438,45.20917],[6.959061,45.208293],[6.961546,45.206288],[6.96255,45.205941],[6.963502,45.20485],[6.967293,45.20381],[6.968209,45.202612],[6.969537,45.202065],[6.971604,45.200368]],[[6.999252,45.166105],[6.999022,45.165859],[6.999336,45.16561]],[[6.993448,45.154913],[6.993206,45.15437],[6.993616,45.154009]],[[6.999141,45.166043],[6.999036,45.165801],[6.999289,45.165627],[6.999036,45.165801],[6.999141,45.166043]],[[7.005305,45.141355],[7.005161,45.140917],[7.005576,45.140567],[7.006108,45.140707],[7.006175,45.141122]]]}},{"type":"Feature","properties":{"id":15988417,"nome":"Ferrovia Verona - Vicenza (AV/AC)","uso":"","operatore":"Rete Ferroviaria Italiana","dal":"","wikipedia":""},"geometry":{"type":"MultiLineString","coordinates":[[[10.98671,45.429109],[10.990023,45.429096],[10.992897,45.42829]],[[10.992155,45.428559],[10.997445,45.426127],[10.999006,45.425874],[11.001014,45.426029],[11.003194,45.427074],[11.010899,45.433792],[11.0123,45.43432],[11.016646,45.434835]],[[11.023368,45.435918],[11.026879,45.436414],[11.029327,45.436401],[11.03697,45.434976],[11.039133,45.434369],[11.04252,45.432648],[11.044015,45.431394],[11.046707,45.428396],[11.048227,45.427356],[11.050025,45.426564],[11.052625,45.425961],[11.067472,45.423956],[11.069914,45.423361],[11.072485,45.422395],[11.077759,45.419436],[11.086467,45.413925],[11.093203,45.408773],[11.096265,45.407073],[11.100234,45.405404],[11.10605,45.403842],[11.123071,45.400385],[11.151863,45.396683],[11.158056,45.396234],[11.164306,45.396223],[11.173224,45.397132],[11.17984,45.39754],[11.187397,45.397287],[11.193405,45.396437],[11.209589,45.393104],[11.222551,45.391268],[11.245924,45.389059],[11.27105,45.386214],[11.277869,45.386188],[11.285517,45.386726],[11.290607,45.387336],[11.295806,45.388246],[11.29989,45.389331],[11.309023,45.393356],[11.337419,45.407511],[11.339636,45.408827],[11.343552,45.411787],[11.388035,45.449983],[11.390867,45.451787],[11.393856,45.453229],[11.402717,45.456252],[11.405888,45.457579],[11.408903,45.4592],[11.41219,45.461512],[11.414859,45.464057],[11.416438,45.465996],[11.425587,45.479305],[11.441498,45.495994],[11.452086,45.509439],[11.454191,45.511291],[11.45574,45.51224],[11.457956,45.51311],[11.489719,45.522532],[11.523136,45.539951],[11.526532,45.540707],[11.534916,45.540877]],[[10.993329,45.428078],[10.990216,45.429032],[10.986701,45.429071]],[[10.991924,45.428598],[10.997294,45.426107],[10.998976,45.425834],[11.000901,45.425957],[11.003234,45.427049],[11.010212,45.433242],[11.011596,45.433821],[11.015749,45.434446]],[[11.023103,45.435816],[11.026921,45.436361],[11.029321,45.436353],[11.036958,45.434939],[11.03911,45.434333],[11.042478,45.432619],[11.043968,45.431372],[11.04666,45.428371],[11.048186,45.427324],[11.049992,45.426526],[11.052606,45.425913],[11.06746,45.423908],[11.069894,45.423313],[11.07243,45.42234],[11.078814,45.418715],[11.083819,45.415523],[11.093165,45.408741],[11.096243,45.407026],[11.099687,45.405534],[11.10569,45.40386],[11.123063,45.400335],[11.151888,45.396609],[11.158054,45.396163],[11.16433,45.396159],[11.173228,45.397073],[11.179801,45.397442],[11.183753,45.397456],[11.187341,45.397191],[11.193354,45.396377],[11.209606,45.393039],[11.222525,45.39118],[11.259506,45.387589],[11.271063,45.386138],[11.277767,45.38614],[11.28554,45.386647],[11.295709,45.388129],[11.29994,45.389275],[11.309022,45.393288],[11.331059,45.404239],[11.339714,45.408832],[11.343534,45.411693],[11.382909,45.44568],[11.388098,45.449943],[11.390913,45.451739],[11.393903,45.453191],[11.403262,45.456405],[11.405924,45.457549],[11.40896,45.459169],[11.412172,45.461438],[11.414927,45.46402],[11.416513,45.465968],[11.425673,45.479321],[11.441582,45.496012],[11.452148,45.509407],[11.454268,45.51125],[11.45581,45.512196],[11.458075,45.5131],[11.489815,45.522494],[11.52313,45.539911],[11.52644,45.540661],[11.533826,45.540869]]]}},{"type":"Feature","properties":{"id":16102979,"nome":"ex Ferrovia Ora-Predazzo","uso":"","operatore":"","dal":"1918","wikipedia":"it:Ferrovia della Val di Fiemme"},"geometry":{"type":"MultiLineString","coordinates":[[[11.300812,46.366979],[11.297177,46.359682],[11.297207,46.359279],[11.298822,46.356687],[11.299141,46.352759],[11.298864,46.351593],[11.299345,46.350569],[11.299264,46.350031],[11.298575,46.349547],[11.296708,46.348986],[11.293344,46.346833],[11.292787,46.346365],[11.29183,46.344534],[11.291193,46.344024],[11.285448,46.340973],[11.285287,46.339817],[11.284587,46.338599],[11.284085,46.336726],[11.283394,46.335773],[11.283235,46.334304],[11.282856,46.33364],[11.28363,46.331265],[11.284885,46.33063],[11.284763,46.328832],[11.285506,46.328141],[11.285918,46.327347],[11.286916,46.326817],[11.28708,46.3259],[11.287687,46.32559],[11.28833,46.325754],[11.288526,46.326057],[11.28831,46.326497],[11.287204,46.327147],[11.287914,46.328459],[11.287821,46.329974],[11.288184,46.332757],[11.290445,46.33454],[11.290917,46.335359],[11.292167,46.336318],[11.293168,46.33804],[11.294052,46.338006],[11.29433,46.337487],[11.292001,46.335547],[11.29174,46.334945],[11.291959,46.33421],[11.291581,46.333465],[11.291972,46.332799],[11.291934,46.331804],[11.293031,46.330932],[11.293157,46.33001],[11.294709,46.329602],[11.294968,46.329336],[11.295015,46.328727],[11.294315,46.326856],[11.294494,46.326407],[11.295555,46.326184],[11.295964,46.326481],[11.296286,46.328639],[11.296133,46.32927],[11.296553,46.329618],[11.297975,46.329983],[11.29878,46.331355],[11.298387,46.332279],[11.298476,46.332647],[11.300441,46.333033],[11.301365,46.332719],[11.301368,46.332286],[11.300699,46.331692],[11.301449,46.328955],[11.300349,46.327209],[11.300028,46.325804],[11.298116,46.323399],[11.296815,46.321281],[11.296466,46.32046],[11.296389,46.318772],[11.295637,46.318],[11.295757,46.317534],[11.296404,46.317314],[11.297049,46.317561],[11.297186,46.317993],[11.296858,46.319022],[11.297467,46.320837],[11.301481,46.325182],[11.303597,46.325658],[11.303777,46.326182],[11.303456,46.32708],[11.306021,46.329438],[11.306399,46.330085],[11.307954,46.330697],[11.309727,46.330842],[11.310477,46.331263],[11.310383,46.33189],[11.309046,46.332666],[11.308639,46.33325],[11.309736,46.335969],[11.311504,46.336877],[11.313569,46.338495],[11.315126,46.339301],[11.315779,46.340001],[11.31984,46.340964],[11.320764,46.341578],[11.323538,46.342119],[11.323922,46.342655],[11.323295,46.343936],[11.323621,46.344488],[11.324554,46.344584],[11.325735,46.343876],[11.327231,46.343914],[11.32752,46.34364],[11.32747,46.343243],[11.326104,46.342093],[11.326198,46.342502],[11.326832,46.342724]],[[11.326104,46.342093],[11.325023,46.341265],[11.323501,46.340804],[11.320344,46.339299],[11.317431,46.336945],[11.314511,46.335289],[11.31431,46.334891],[11.314713,46.334036],[11.314796,46.333003],[11.315522,46.332707],[11.316189,46.332963],[11.316222,46.333516],[11.315478,46.334324],[11.316412,46.335433],[11.319829,46.336859],[11.321212,46.338007],[11.325758,46.339512],[11.327097,46.339667],[11.328074,46.339104],[11.329497,46.338974],[11.329864,46.339147],[11.330144,46.339875],[11.330568,46.340192],[11.333093,46.34067],[11.337245,46.339973],[11.337687,46.34013],[11.338448,46.341221],[11.339824,46.341664],[11.341487,46.341357],[11.343502,46.33906],[11.344692,46.338764],[11.34592,46.339315],[11.346739,46.340567],[11.347217,46.340859],[11.348615,46.340885],[11.35163,46.340457],[11.352401,46.340975],[11.353195,46.34225],[11.353664,46.342597],[11.354443,46.342795],[11.354997,46.3426],[11.356298,46.341594],[11.356601,46.340664],[11.356199,46.339686],[11.35709,46.337793],[11.358062,46.336987],[11.358458,46.335773],[11.360748,46.333854],[11.361902,46.333605],[11.3629,46.332895],[11.364115,46.332941],[11.36698,46.332296],[11.370081,46.330903],[11.372186,46.33077],[11.377012,46.32823],[11.378707,46.326645],[11.379188,46.325396],[11.381123,46.323699],[11.381513,46.322757],[11.384025,46.32068],[11.384288,46.320141],[11.384266,46.319015],[11.38498,46.318144],[11.386125,46.317302],[11.388532,46.316588],[11.391201,46.312684],[11.392666,46.3116],[11.393741,46.311003],[11.396304,46.31038],[11.397046,46.309852],[11.40052,46.310174],[11.401963,46.310967],[11.402897,46.310567],[11.40295,46.310167],[11.402596,46.309878],[11.400193,46.309159],[11.398592,46.309057],[11.39819,46.308585],[11.398626,46.308033],[11.39945,46.307864],[11.401781,46.308455],[11.403691,46.308343],[11.404688,46.306832],[11.406147,46.305913],[11.406501,46.305283],[11.405139,46.301784],[11.405195,46.301309],[11.406091,46.299922],[11.409963,46.295936],[11.412201,46.29455],[11.414351,46.293924],[11.418368,46.293706],[11.418834,46.290528],[11.419497,46.287829],[11.420814,46.286906],[11.423453,46.285846],[11.424816,46.284244],[11.425913,46.283532],[11.429252,46.283082],[11.430882,46.283673],[11.433314,46.283746],[11.442282,46.287774],[11.444643,46.287833],[11.445211,46.288129],[11.445844,46.289182],[11.446145,46.289286],[11.448859,46.28936],[11.450779,46.288856],[11.452163,46.289115],[11.45388,46.289812],[11.456026,46.292548],[11.457023,46.293067],[11.459084,46.292827],[11.46286,46.291391],[11.465266,46.290035],[11.465702,46.289552],[11.465583,46.288882],[11.463984,46.288014],[11.462227,46.287911],[11.460194,46.288153],[11.459513,46.287825],[11.459501,46.287399]],[[11.47854,46.289005],[11.479333,46.288855],[11.479993,46.288264],[11.482579,46.287689],[11.487333,46.287104]],[[11.487996,46.287164],[11.488731,46.287229],[11.492321,46.286313],[11.492721,46.285977],[11.492985,46.2846],[11.493238,46.284261],[11.495507,46.282987],[11.497302,46.282683],[11.498072,46.282759],[11.501036,46.2844],[11.503616,46.284838],[11.505521,46.284318],[11.50764,46.282305],[11.508797,46.281863],[11.516817,46.281635],[11.519722,46.281327],[11.523275,46.282739],[11.524367,46.282953],[11.529328,46.281624],[11.538777,46.280693],[11.540863,46.28195],[11.544005,46.282585],[11.545279,46.282309],[11.546867,46.281212],[11.54794,46.280841],[11.550515,46.2809],[11.553755,46.282309],[11.560133,46.283829],[11.561265,46.283659],[11.565041,46.283762],[11.567675,46.284545],[11.569641,46.285415],[11.571169,46.28572],[11.573174,46.285243],[11.575298,46.28523],[11.576835,46.286162],[11.579287,46.287184],[11.583236,46.290075],[11.583881,46.291132],[11.584568,46.291503],[11.587561,46.291436],[11.589726,46.29103],[11.590582,46.291219],[11.591223,46.291923],[11.593985,46.293415],[11.594479,46.294233],[11.595294,46.294709],[11.595879,46.295376],[11.596329,46.296534],[11.597478,46.297854],[11.598387,46.298708],[11.599739,46.299475],[11.6006,46.300607],[11.601887,46.30143],[11.602187,46.302021],[11.602013,46.303737],[11.601624,46.304417],[11.598711,46.307224],[11.598132,46.30819],[11.598856,46.311786]],[[11.459666,46.286826],[11.459966,46.285899],[11.4605,46.285435],[11.462294,46.284928],[11.465329,46.285013],[11.466091,46.285411],[11.466098,46.286053],[11.465854,46.286522],[11.466014,46.286807],[11.468421,46.287316],[11.469168,46.288436],[11.471647,46.289626],[11.474591,46.289662],[11.476432,46.289028],[11.477941,46.28904]]]}},{"type":"Feature","properties":{"id":16103302,"nome":"Ferrovia delle Dolomiti","uso":"","operatore":"","dal":"1921","wikipedia":""},"geometry":{"type":"MultiLineString","coordinates":[[[12.22195,46.724898],[12.22141,46.724228],[12.220978,46.721875],[12.223321,46.718981],[12.223643,46.71822],[12.223462,46.716847],[12.222948,46.715746],[12.2231,46.714643],[12.222806,46.713963],[12.223478,46.711101],[12.222672,46.709085],[12.22057,46.707892],[12.220012,46.706915],[12.21981,46.705759],[12.220129,46.704206],[12.221765,46.702867],[12.221822,46.701894],[12.222309,46.700816],[12.221309,46.697192],[12.222264,46.695574],[12.222525,46.694062],[12.223,46.693131],[12.223904,46.692305],[12.223,46.693131],[12.222525,46.694062],[12.222264,46.695574],[12.221309,46.697192],[12.222309,46.700816],[12.221822,46.701894],[12.221765,46.702867],[12.220129,46.704206],[12.21981,46.705759],[12.220012,46.706915],[12.22057,46.707892],[12.222672,46.709085],[12.223393,46.710751],[12.22348,46.711457],[12.222812,46.713763],[12.2231,46.714643],[12.222913,46.715456]],[[12.223248,46.664398],[12.224166,46.666181],[12.223643,46.667449],[12.221815,46.669694],[12.221269,46.671563],[12.221255,46.672764],[12.221765,46.674901]],[[12.223185,46.664633],[12.222707,46.663407],[12.223211,46.661736],[12.225069,46.659152],[12.225221,46.656664],[12.226871,46.653347],[12.227312,46.651661],[12.227708,46.651093]],[[12.136659,46.539968],[12.136033,46.54046],[12.135958,46.540763],[12.136803,46.541886],[12.136675,46.542881],[12.137401,46.543911],[12.137383,46.544377],[12.136502,46.545746],[12.134711,46.546735],[12.134174,46.548122],[12.133739,46.548646],[12.131494,46.549778],[12.130962,46.550298],[12.131064,46.551849],[12.130853,46.553666],[12.12966,46.554413],[12.128451,46.555927],[12.127797,46.557269],[12.127734,46.558605],[12.126671,46.559659],[12.126224,46.561278],[12.124029,46.56473],[12.123843,46.56601],[12.124157,46.56863],[12.123772,46.56982],[12.122769,46.571437],[12.122274,46.573279],[12.1224,46.574353],[12.121906,46.574817],[12.119494,46.575966],[12.118428,46.577246],[12.11832,46.577775],[12.118579,46.578638],[12.118088,46.579873],[12.117965,46.580856],[12.116086,46.582954],[12.115562,46.58403],[12.115691,46.58715],[12.116604,46.588345],[12.115613,46.589849],[12.115574,46.591438],[12.118445,46.595927],[12.118461,46.596498],[12.117797,46.597814],[12.117892,46.598157],[12.118519,46.598428],[12.119924,46.598163],[12.120788,46.59827],[12.123072,46.599771],[12.125863,46.599841],[12.12747,46.599525],[12.128997,46.600172],[12.131359,46.600229],[12.133353,46.601034],[12.135957,46.601182],[12.142306,46.602552],[12.143491,46.603552],[12.146225,46.60494],[12.148608,46.605174],[12.151133,46.606226],[12.153364,46.606828],[12.154446,46.60787],[12.159523,46.609524],[12.164569,46.612974],[12.167174,46.615296],[12.17026,46.616633],[12.172802,46.61757],[12.175743,46.617579],[12.17927,46.618259],[12.185204,46.621034],[12.188775,46.621929],[12.192701,46.621552],[12.195513,46.621735],[12.197259,46.62077],[12.198399,46.620521],[12.200054,46.619722],[12.20255,46.619017],[12.204109,46.618848],[12.205049,46.617998],[12.205789,46.617726],[12.208794,46.618476],[12.21099,46.61835],[12.212498,46.617658],[12.213606,46.616464],[12.214251,46.616161],[12.214931,46.616176],[12.220647,46.618073],[12.221824,46.618666],[12.222356,46.619209],[12.223869,46.622314],[12.228806,46.628377],[12.229044,46.630629],[12.229484,46.631938],[12.230571,46.633345],[12.231546,46.634089],[12.231981,46.635691],[12.231956,46.637466],[12.233009,46.640961],[12.233165,46.642415],[12.232579,46.643746],[12.232744,46.645058],[12.23253,46.645353]],[[12.139774,46.538279],[12.141946,46.537033],[12.142716,46.53547],[12.14337,46.534649],[12.143239,46.534275],[12.141862,46.532986],[12.141611,46.532148],[12.141411,46.528667],[12.142067,46.527779],[12.142118,46.527391],[12.141788,46.527028],[12.140267,46.526487],[12.139875,46.526024],[12.13992,46.525503],[12.140812,46.523989],[12.141268,46.522711],[12.140735,46.519132],[12.142554,46.516403],[12.142347,46.51515],[12.142477,46.514714],[12.143618,46.514018],[12.147119,46.514214],[12.153089,46.511953],[12.154986,46.510405],[12.155951,46.509897],[12.156295,46.509423],[12.15646,46.508367],[12.159961,46.505358],[12.161801,46.504742],[12.162362,46.504345]],[[12.195967,46.479485],[12.195839,46.479816],[12.194584,46.480667],[12.194376,46.481335],[12.192615,46.484107],[12.190632,46.486461],[12.186608,46.487577],[12.183666,46.490473],[12.180546,46.49258],[12.179606,46.493931],[12.178009,46.495294],[12.173394,46.496939],[12.171171,46.496779],[12.169434,46.49745],[12.165941,46.499885],[12.165321,46.500676],[12.164981,46.501557],[12.162894,46.503642]],[[12.254158,46.414821],[12.252554,46.415397],[12.25235,46.416513],[12.251418,46.417019],[12.251162,46.418017],[12.250863,46.418312],[12.249222,46.418731],[12.248475,46.419502],[12.245897,46.420404],[12.245152,46.42118],[12.2439,46.421915],[12.243056,46.422105],[12.241826,46.421919],[12.240666,46.422866],[12.240163,46.423027],[12.238256,46.423167],[12.236785,46.422965],[12.236331,46.423259],[12.235739,46.424551],[12.233027,46.425604],[12.230566,46.426999],[12.229434,46.428157],[12.226663,46.430337],[12.224597,46.434748],[12.224461,46.436046],[12.224015,46.436578],[12.221624,46.438663],[12.219614,46.438466],[12.218661,46.438771],[12.215225,46.441902],[12.212903,46.443577],[12.210467,46.447855],[12.210763,46.449087],[12.212088,46.449872],[12.212138,46.450551],[12.2116,46.451715],[12.208858,46.453968],[12.207952,46.455532],[12.206963,46.456673],[12.206542,46.459393],[12.205612,46.460545],[12.205066,46.463548],[12.204629,46.464496],[12.204581,46.465342],[12.204883,46.466567],[12.205796,46.467911],[12.205919,46.46901],[12.20629,46.469653],[12.206229,46.470597],[12.205131,46.472139],[12.204633,46.473858],[12.20427,46.474295],[12.198721,46.477404],[12.196565,46.478925]],[[12.388255,46.443764],[12.387171,46.441707],[12.385271,46.440639],[12.384339,46.440701],[12.383991,46.441293],[12.384865,46.442473],[12.386414,46.443059],[12.38706,46.443743],[12.387241,46.444297],[12.386848,46.444642],[12.38598,46.444594],[12.382256,46.441877],[12.381121,46.440457],[12.380918,46.439157],[12.381562,46.437595],[12.382519,46.43683],[12.382493,46.436377],[12.381318,46.435585],[12.379556,46.435919],[12.378792,46.435602],[12.378826,46.43491],[12.37981,46.433305],[12.379821,46.431855],[12.379501,46.430303],[12.380156,46.430122],[12.381941,46.430432],[12.382572,46.429919],[12.382241,46.428855],[12.382315,46.427563],[12.380992,46.426237],[12.378302,46.425514],[12.376051,46.424388],[12.373589,46.424593],[12.372565,46.425536],[12.369638,46.425114],[12.368787,46.424666],[12.365158,46.425084],[12.364181,46.42394],[12.362739,46.423763],[12.36156,46.423074],[12.359911,46.421282],[12.357397,46.420672],[12.354578,46.419424],[12.352962,46.419268],[12.350198,46.420122],[12.344197,46.420245],[12.33926,46.420955],[12.337925,46.420965],[12.336918,46.420638],[12.335333,46.419346],[12.332616,46.418534],[12.33174,46.418441],[12.330348,46.418686],[12.327805,46.418388],[12.326714,46.417279],[12.326603,46.416522],[12.326251,46.416222],[12.324954,46.415659],[12.321694,46.415155],[12.319917,46.415685],[12.319319,46.416413],[12.316653,46.417467],[12.314433,46.417417],[12.313196,46.418034],[12.312324,46.419283],[12.311561,46.419832],[12.310604,46.420105],[12.310003,46.419745],[12.309557,46.416864],[12.310693,46.415574],[12.312265,46.414912],[12.312866,46.414414],[12.313029,46.413634],[12.312608,46.413175],[12.308645,46.411924],[12.304332,46.411564],[12.302421,46.410437],[12.301017,46.410069],[12.299189,46.409054],[12.296774,46.408702],[12.29437,46.40781],[12.292034,46.407744],[12.28796,46.406704],[12.284689,46.406501],[12.282506,46.407016],[12.281475,46.408015],[12.28001,46.408557],[12.279398,46.409531],[12.277397,46.410091],[12.277192,46.410508],[12.277849,46.411821],[12.27792,46.412606],[12.277826,46.413171],[12.277491,46.413376],[12.276699,46.413271],[12.275604,46.41241],[12.275076,46.411421],[12.274251,46.411122],[12.271259,46.412115],[12.265831,46.413026],[12.263759,46.414175],[12.261984,46.414141],[12.260202,46.414519],[12.259703,46.414779],[12.258718,46.415875],[12.257958,46.415872],[12.256211,46.415122],[12.254744,46.414869]],[[12.223904,46.692305],[12.223962,46.691918],[12.223572,46.691044],[12.223387,46.688826],[12.224286,46.685772]],[[12.224572,46.724631],[12.225186,46.724533]],[[12.388212,46.445064],[12.387963,46.44507],[12.388212,46.445064]]]}},{"type":"Feature","properties":{"id":16104740,"nome":"Ferrovia Carmagnola-Bra","uso":"","operatore":"","dal":"","wikipedia":""},"geometry":{"type":"MultiLineString","coordinates":[[[7.728842,44.849626],[7.72474,44.837252],[7.724861,44.83485],[7.725323,44.833528],[7.726166,44.832151],[7.72822,44.830095],[7.745161,44.815659],[7.748192,44.812593],[7.764683,44.792002],[7.768994,44.786323],[7.769874,44.784394],[7.77055,44.780278],[7.771168,44.778518],[7.771953,44.777207],[7.779264,44.768044],[7.828647,44.711602],[7.831255,44.708014],[7.838438,44.695196],[7.839759,44.694267],[7.841371,44.693734],[7.846418,44.693781],[7.848565,44.693539]]]}},{"type":"Feature","properties":{"id":16104741,"nome":"Ferrovia Bra-Ceva","uso":"","operatore":"","dal":"1874","wikipedia":""},"geometry":{"type":"MultiLineString","coordinates":[[[7.865169,44.646253],[7.86891,44.657829],[7.870102,44.660494],[7.870709,44.665785],[7.870588,44.667342],[7.869682,44.66902],[7.865809,44.672995],[7.864633,44.673914],[7.862974,44.674518],[7.861162,44.674649],[7.856225,44.673985],[7.854701,44.67336],[7.852176,44.671649],[7.849966,44.671017],[7.848334,44.671068],[7.847124,44.671385],[7.845959,44.672003],[7.84515,44.672793],[7.84456,44.674252],[7.845235,44.675922],[7.848913,44.681185],[7.851222,44.685211],[7.854166,44.68773],[7.854913,44.689318],[7.8547,44.69055],[7.853633,44.691951],[7.850854,44.693143],[7.848565,44.693539]],[[7.865142,44.646181],[7.864397,44.644148]],[[7.864375,44.644087],[7.863485,44.641234],[7.863458,44.640051],[7.863753,44.638769]],[[7.863773,44.638718],[7.86487,44.636886],[7.866798,44.63483]],[[7.867065,44.634555],[7.867539,44.634067]],[[7.86762,44.633982],[7.869699,44.631801]],[[7.869761,44.631735],[7.871741,44.629806],[7.874959,44.62788],[7.875631,44.626919],[7.876139,44.625651],[7.876198,44.62463],[7.875944,44.623578],[7.873978,44.621274],[7.873475,44.620239]],[[7.873461,44.620193],[7.873522,44.618763],[7.874033,44.617858],[7.87698,44.615681],[7.877549,44.614978],[7.878075,44.613776],[7.878634,44.601651],[7.878978,44.600625],[7.879816,44.599521],[7.881576,44.598393],[7.883132,44.597956],[7.88518,44.597816],[7.889287,44.598427],[7.891925,44.597927],[7.893114,44.597333],[7.89579,44.594792],[7.896159,44.593558],[7.896006,44.591314],[7.896198,44.589772],[7.897262,44.588154],[7.898162,44.587341],[7.910008,44.580767],[7.91169,44.57959]],[[7.911708,44.579569],[7.915809,44.576204]],[[7.915891,44.57621],[7.916849,44.57534],[7.917508,44.57311]],[[7.917538,44.573034],[7.917874,44.569959],[7.917591,44.568825],[7.91669,44.567618],[7.914288,44.566147]],[[7.914203,44.566102],[7.913139,44.565378],[7.912247,44.56422],[7.910583,44.557755]],[[7.910553,44.55766],[7.909945,44.556102],[7.907045,44.553399],[7.906594,44.552658],[7.906026,44.549829],[7.906175,44.54705],[7.908502,44.536927]],[[7.908514,44.536831],[7.90903,44.535223],[7.910682,44.531721],[7.9108,44.528394],[7.911347,44.526045],[7.909889,44.519267],[7.909393,44.511906]],[[7.909386,44.511784],[7.909028,44.506875],[7.908183,44.500665]],[[7.908165,44.500523],[7.906906,44.490988],[7.90623,44.489534],[7.905385,44.488617]],[[7.90528,44.488531],[7.899192,44.48429],[7.898294,44.483853],[7.894689,44.482973],[7.893788,44.482429],[7.892701,44.481535],[7.890613,44.478006]],[[7.890552,44.477898],[7.890179,44.476873],[7.890244,44.473864],[7.889718,44.472593],[7.883395,44.466102]],[[7.883291,44.465995],[7.882422,44.464768],[7.88165,44.461216],[7.880759,44.460082],[7.879146,44.459077]],[[7.878959,44.458946],[7.878738,44.458746]],[[7.878665,44.458676],[7.875792,44.455778],[7.87517,44.454745],[7.873625,44.449498],[7.873793,44.447874],[7.874477,44.446462],[7.876092,44.445071],[7.877337,44.444428],[7.883177,44.44232],[7.886116,44.440873]],[[7.886281,44.440794],[7.888777,44.439861],[7.893773,44.439043],[7.89525,44.438546],[7.896177,44.437817],[7.898999,44.434768],[7.900061,44.434209],[7.906058,44.432125],[7.908525,44.430677],[7.910488,44.429122],[7.911383,44.427389],[7.912606,44.426003],[7.916486,44.423843],[7.917373,44.42312]],[[7.925774,44.415658],[7.923161,44.415829],[7.921786,44.41647],[7.919138,44.419734]],[[7.9352,44.423328],[7.934836,44.4221],[7.933479,44.420325],[7.932618,44.418441],[7.931655,44.417107],[7.929833,44.415974],[7.927155,44.415781]],[[7.950602,44.425698],[7.948749,44.425511],[7.94758,44.42563],[7.944888,44.426929]],[[7.951891,44.425766],[7.953915,44.425734],[7.957041,44.425],[7.959959,44.424862],[7.961546,44.424389],[7.962789,44.423605],[7.966563,44.420377],[7.970669,44.419378],[7.972083,44.418686],[7.976044,44.414895],[7.976857,44.414425],[7.979303,44.413835],[7.982307,44.414111],[7.984099,44.414011],[7.989865,44.412082],[7.993799,44.410047],[8.006633,44.404115],[8.011415,44.400131],[8.013168,44.399572],[8.020037,44.398137],[8.021225,44.39767],[8.023479,44.396007],[8.024429,44.394581],[8.024954,44.392868],[8.026017,44.391681],[8.027437,44.391019],[8.033951,44.38928]]]}},{"type":"Feature","properties":{"id":16104742,"nome":"Ferrovia Mondovì-Bastia","uso":"","operatore":"","dal":"1875","wikipedia":""},"geometry":{"type":"MultiLineString","coordinates":[[[7.877989,44.441838],[7.879596,44.442505],[7.881143,44.442596],[7.883777,44.442014]],[[7.860507,44.415835],[7.861539,44.416638],[7.862219,44.417693],[7.862512,44.41874],[7.862523,44.421236],[7.863194,44.42245],[7.864484,44.423364],[7.868465,44.424818],[7.871997,44.42711],[7.87413,44.429067],[7.875042,44.430721],[7.875575,44.432807],[7.875438,44.433656],[7.874086,44.436205],[7.874098,44.437257],[7.874751,44.438392],[7.876598,44.440673],[7.877913,44.44179]],[[7.858416,44.410892],[7.858758,44.411788],[7.859106,44.414286],[7.859654,44.415132],[7.86042,44.415769]],[[7.856679,44.409283],[7.858389,44.41084]],[[7.855261,44.408426],[7.856498,44.409162]],[[7.835245,44.403486],[7.837012,44.404423],[7.838802,44.406377],[7.841201,44.407471],[7.842897,44.407687],[7.846309,44.407306],[7.849748,44.408087],[7.853371,44.407924],[7.855191,44.408396]],[[7.82944,44.401352],[7.835208,44.403472]],[[7.825554,44.396592],[7.826219,44.397383],[7.827299,44.400072],[7.828091,44.400732],[7.829362,44.401325]],[[7.819,44.390924],[7.819247,44.392889],[7.820012,44.394087],[7.820908,44.394646],[7.824113,44.395648],[7.825518,44.396563]],[[7.818908,44.389861],[7.818998,44.3909]],[[7.818871,44.389278],[7.818906,44.389833]],[[7.818862,44.389142],[7.81887,44.389254]],[[7.818302,44.387961],[7.81886,44.389111]],[[7.815813,44.397237],[7.815691,44.396085],[7.814696,44.394437],[7.811522,44.391854],[7.810382,44.390555],[7.809906,44.389571],[7.809966,44.388483],[7.810479,44.38758],[7.811344,44.386918],[7.812879,44.386295],[7.81419,44.386077],[7.816188,44.386476],[7.818273,44.38793]],[[7.808499,44.407632],[7.811919,44.40343],[7.815265,44.398838],[7.815809,44.397325]]]}},{"type":"Feature","properties":{"id":16104743,"nome":"Ferrovia Ceva-Ormea","uso":"","operatore":"Rete Ferroviaria Italiana","dal":"1893","wikipedia":""},"geometry":{"type":"MultiLineString","coordinates":[[[8.035655,44.388881],[8.03695,44.388327],[8.037796,44.387429],[8.038916,44.382856],[8.038679,44.381437],[8.03663,44.378582],[8.035524,44.375749],[8.035708,44.374659],[8.038693,44.368205],[8.039611,44.367294],[8.042913,44.365739],[8.04656,44.36494],[8.050749,44.364603],[8.052092,44.364217],[8.052821,44.363764],[8.053587,44.36276],[8.053764,44.361595],[8.051326,44.356379],[8.051284,44.355143],[8.052035,44.353233],[8.053098,44.351984],[8.060576,44.345875],[8.063365,44.344043],[8.064099,44.343003],[8.064215,44.342016],[8.063941,44.341348],[8.063003,44.340256],[8.060094,44.337709],[8.05856,44.33674],[8.055924,44.335525],[8.054375,44.3339],[8.051161,44.320083],[8.050893,44.314526],[8.048332,44.307128],[8.043986,44.299694],[8.042235,44.297306],[8.04132,44.296531],[8.036971,44.294665],[8.035673,44.293299],[8.033303,44.287875],[8.03256,44.284784],[8.032529,44.283529],[8.032776,44.282765],[8.034038,44.281314],[8.034675,44.279959],[8.03492,44.277421],[8.03474,44.276652],[8.034167,44.275751],[8.030619,44.2718],[8.029134,44.267438],[8.024735,44.260386],[8.023264,44.258716],[8.021058,44.256812],[8.020339,44.255647],[8.020223,44.254552],[8.020594,44.252685],[8.024051,44.247506],[8.024238,44.245778],[8.023702,44.244345],[8.021522,44.241021],[8.020284,44.240014],[8.017728,44.239105],[8.016839,44.238578],[8.015997,44.237754],[8.015534,44.236857],[8.015482,44.234264],[8.017626,44.230052],[8.016951,44.227727],[8.015584,44.225229],[8.014388,44.211728],[8.015121,44.209995],[8.017721,44.208235],[8.018562,44.20736],[8.019312,44.204711],[8.019114,44.203565],[8.012784,44.196454],[8.012067,44.195079],[8.011429,44.192801],[8.010531,44.191811],[8.007743,44.190238],[8.000759,44.188716],[7.994398,44.185361],[7.990799,44.183836],[7.986516,44.183175],[7.982993,44.18108],[7.982024,44.179991],[7.981523,44.177682],[7.981147,44.176903],[7.980444,44.17617],[7.978908,44.175149],[7.977294,44.173325],[7.976208,44.170746],[7.973414,44.167341],[7.973082,44.165342],[7.972732,44.164596],[7.97046,44.162518],[7.96964,44.162028],[7.962948,44.160242],[7.960358,44.160353],[7.959232,44.16019],[7.958549,44.159971],[7.956361,44.158479],[7.955212,44.158118],[7.946549,44.158296],[7.936692,44.157057],[7.932104,44.156761],[7.922953,44.155283],[7.918606,44.155288],[7.916874,44.15506],[7.91496,44.154287],[7.913981,44.153239],[7.913728,44.152018],[7.914356,44.149528]]]}},{"type":"Feature","properties":{"id":16104992,"nome":"Ferrovia Cuneo-Mondovì","uso":"","operatore":"","dal":"","wikipedia":""},"geometry":{"type":"MultiLineString","coordinates":[[[7.547017,44.414798],[7.548823,44.415851],[7.550719,44.41607],[7.552555,44.415562],[7.553906,44.414309],[7.554162,44.413007],[7.552946,44.408231],[7.552772,44.405879],[7.553121,44.404792],[7.555124,44.401755],[7.555888,44.400088],[7.556203,44.398527],[7.556064,44.394302],[7.556483,44.393268],[7.55728,44.392675],[7.558734,44.392346],[7.578325,44.391234],[7.581648,44.39067],[7.643091,44.368279],[7.646058,44.367525],[7.647928,44.367284],[7.649954,44.367411],[7.652325,44.367947],[7.688652,44.38105],[7.690804,44.381435],[7.711644,44.383035],[7.713208,44.38343],[7.743658,44.397745],[7.752171,44.400433],[7.758187,44.404495],[7.76183,44.405862],[7.799388,44.415],[7.80122,44.414841],[7.803278,44.413891],[7.808684,44.407328]]]}},{"type":"Feature","properties":{"id":16106323,"nome":"Ferrovia San Giuseppe di Cairo-Savona (via Altare)","uso":"","operatore":"","dal":"","wikipedia":""},"geometry":{"type":"MultiLineString","coordinates":[[[8.291342,44.368757],[8.288584,44.370248]],[[8.291397,44.368737],[8.293757,44.367336],[8.29448,44.366343],[8.294727,44.365258],[8.294518,44.364128],[8.292939,44.361137],[8.29249,44.359859],[8.292031,44.355548],[8.29212,44.354753],[8.292618,44.353765],[8.293402,44.352909],[8.297928,44.34919],[8.29976,44.34825],[8.302806,44.347481],[8.312181,44.346196],[8.320504,44.344724],[8.321581,44.344206],[8.322774,44.343225],[8.325247,44.339719],[8.327647,44.337821],[8.33025,44.336802],[8.335904,44.335421],[8.356901,44.333903],[8.362247,44.33441],[8.367852,44.335844],[8.369741,44.335942],[8.377335,44.334645],[8.379119,44.333706],[8.381584,44.331973],[8.383488,44.331321],[8.384897,44.331191],[8.388916,44.331464],[8.39278,44.330863],[8.395497,44.331354],[8.399387,44.333506],[8.400624,44.333885],[8.406862,44.334372],[8.409066,44.333874],[8.410799,44.332967],[8.411609,44.332301],[8.414097,44.3294],[8.415838,44.32841],[8.417533,44.328058],[8.421722,44.327956],[8.426185,44.326649],[8.430656,44.326825],[8.434888,44.326363],[8.436943,44.326691],[8.440073,44.328282],[8.442022,44.328891],[8.443504,44.328882],[8.447108,44.328165],[8.448658,44.328123],[8.452332,44.328505],[8.454326,44.329358],[8.455083,44.330095],[8.455715,44.331489],[8.455733,44.332766],[8.455383,44.334254],[8.452716,44.337189],[8.450706,44.338356],[8.448979,44.33866],[8.447017,44.338583],[8.445286,44.338012],[8.443888,44.336885],[8.443161,44.335447],[8.443021,44.334218],[8.443308,44.332474],[8.444073,44.330797],[8.44604,44.328654],[8.448946,44.327208],[8.453709,44.326281],[8.462808,44.325639],[8.468111,44.323862],[8.469995,44.322698],[8.471031,44.321296],[8.471532,44.319388],[8.470076,44.311599],[8.469935,44.307273]],[[8.469991,44.307271],[8.469624,44.303541]]]}},{"type":"Feature","properties":{"id":16107065,"nome":"Via Bastioni","uso":"","operatore":"","dal":"","wikipedia":""},"geometry":{"type":"MultiLineString","coordinates":[[[8.891313,44.433655],[8.891552,44.43177],[8.89042,44.427989],[8.885805,44.420252],[8.885007,44.41792],[8.884983,44.416841],[8.885811,44.414674],[8.886691,44.413424],[8.888155,44.412219]],[[8.891377,44.433643],[8.891609,44.431761],[8.890466,44.427984],[8.885856,44.420257],[8.885074,44.418082],[8.885153,44.416596],[8.885863,44.414682],[8.886732,44.41344],[8.88819,44.412243]]]}},{"type":"Feature","properties":{"id":16107066,"nome":"Curva Molini","uso":"","operatore":"","dal":"","wikipedia":""},"geometry":{"type":"MultiLineString","coordinates":[[[8.881869,44.41353],[8.883083,44.414031],[8.883886,44.414835],[8.884784,44.416259],[8.884945,44.417499]],[[8.885074,44.418082],[8.884851,44.416567]]]}},{"type":"Feature","properties":{"id":16107067,"nome":"Via Sommergibile","uso":"","operatore":"","dal":"","wikipedia":""},"geometry":{"type":"MultiLineString","coordinates":[[[8.890724,44.428867],[8.887837,44.423922],[8.886561,44.422773],[8.885366,44.420929],[8.881592,44.416688]],[[8.878596,44.412347],[8.879145,44.411583],[8.879865,44.41121],[8.885844,44.410028],[8.87974,44.411293],[8.878932,44.411886],[8.878742,44.41274],[8.881461,44.41653],[8.885406,44.42092],[8.886599,44.422756],[8.887876,44.423906],[8.890767,44.42886]]]}},{"type":"Feature","properties":{"id":16107068,"nome":"Bretella di Pra'","uso":"","operatore":"","dal":"","wikipedia":""},"geometry":{"type":"MultiLineString","coordinates":[[[8.888828,44.435903],[8.887185,44.437118],[8.883834,44.438993],[8.882631,44.440186],[8.881683,44.441926],[8.880796,44.446102],[8.879416,44.447989],[8.878033,44.44898],[8.87558,44.450001],[8.873342,44.450375],[8.871293,44.450328],[8.86859,44.449792],[8.819467,44.436338],[8.816196,44.435059],[8.812768,44.433286],[8.806939,44.429074],[8.805206,44.428081],[8.802234,44.42681],[8.798786,44.425692],[8.795219,44.425092],[8.791378,44.424961],[8.779352,44.426609]],[[8.779358,44.426644],[8.791379,44.425002],[8.795216,44.425129],[8.798768,44.425728],[8.80108,44.42642],[8.805172,44.428109],[8.806945,44.429138],[8.813255,44.43362],[8.816566,44.43526],[8.819444,44.436374],[8.868547,44.449823],[8.871721,44.450405],[8.873759,44.450385],[8.875618,44.450035],[8.877624,44.44925],[8.879288,44.448158],[8.880303,44.447105],[8.880761,44.446301],[8.881742,44.441938],[8.882815,44.440041],[8.88395,44.438971],[8.887222,44.437147],[8.890015,44.435033]]]}},{"type":"Feature","properties":{"id":16107479,"nome":"Ferrovia San Giuseppe di Cairo-Savona (via Ferrania)","uso":"","operatore":"","dal":"1874","wikipedia":""},"geometry":{"type":"MultiLineString","coordinates":[[[8.469582,44.307282],[8.469595,44.310429],[8.471333,44.318256],[8.47134,44.319079],[8.470393,44.320764],[8.468019,44.322259],[8.466785,44.323654],[8.466483,44.324591],[8.466666,44.326018],[8.466549,44.326881],[8.465797,44.328709],[8.464434,44.330114],[8.461756,44.331371],[8.45912,44.333359],[8.458267,44.334468],[8.457296,44.336411],[8.455211,44.337886],[8.452328,44.340409],[8.451797,44.341219],[8.451302,44.342669],[8.450538,44.343682],[8.44711,44.346233],[8.44463,44.347191],[8.44318,44.347551],[8.441189,44.347526],[8.433739,44.345564],[8.432027,44.344748],[8.430291,44.342836],[8.42892,44.341932],[8.425439,44.34067],[8.423417,44.340447],[8.421496,44.34082],[8.419956,44.341687],[8.419185,44.342563],[8.417492,44.345825],[8.416584,44.346913],[8.411504,44.349594],[8.410177,44.349941],[8.40758,44.349911],[8.405603,44.349599],[8.402568,44.347941],[8.400256,44.347503],[8.396992,44.347948],[8.394602,44.348928],[8.392617,44.349352],[8.390906,44.349237],[8.387451,44.348379],[8.383586,44.348836],[8.38022,44.348382],[8.378747,44.348405],[8.377356,44.348736],[8.374773,44.349935],[8.3723,44.350292],[8.370938,44.350166],[8.365789,44.348999],[8.362347,44.349024],[8.35975,44.348561],[8.357796,44.348596],[8.355905,44.349234],[8.351929,44.352092],[8.34291,44.356279],[8.341644,44.357414],[8.336444,44.363301],[8.335116,44.364373],[8.332957,44.365142],[8.327707,44.365222],[8.325193,44.365875],[8.32289,44.367043],[8.321907,44.367824],[8.320169,44.370334],[8.319088,44.37137],[8.313737,44.373303],[8.31015,44.374136],[8.308091,44.373897],[8.306767,44.373351],[8.302839,44.370457],[8.300856,44.369418],[8.298248,44.368586],[8.294466,44.368155],[8.291911,44.36856],[8.28569,44.371432],[8.28478,44.371589],[8.283375,44.371468]],[[8.469935,44.307273],[8.469821,44.304948]]]}},{"type":"Feature","properties":{"id":16107839,"nome":"Ferrovia Fossano-San Giuseppe di Cairo","uso":"","operatore":"","dal":"","wikipedia":""},"geometry":{"type":"MultiLineString","coordinates":[[[7.717842,44.554988],[7.718183,44.553572],[7.718206,44.551993],[7.716713,44.546344],[7.716593,44.544769],[7.716826,44.542957],[7.717873,44.540738],[7.725349,44.531608],[7.741016,44.518987],[7.743911,44.516309],[7.753455,44.50363],[7.756746,44.498831],[7.757652,44.496716],[7.772228,44.455313],[7.773344,44.453002],[7.785659,44.431092],[7.788184,44.428027],[7.803981,44.413348],[7.811717,44.403778],[7.81478,44.399627],[7.815803,44.398602],[7.81753,44.397492],[7.828681,44.392804],[7.834281,44.390821],[7.836816,44.390525],[7.842624,44.390781],[7.845471,44.390327],[7.857308,44.385701],[7.877973,44.378343],[7.887858,44.375118],[7.892734,44.374461],[7.895185,44.373803],[7.903119,44.370546],[7.905679,44.369972],[7.907736,44.3698],[7.911038,44.370047],[7.914817,44.371121],[7.932484,44.381925],[7.943814,44.386228],[7.945506,44.387044],[7.950669,44.391062],[7.952678,44.392183],[7.955703,44.393027],[7.963741,44.39345],[7.966005,44.393778],[7.976543,44.398074],[7.981089,44.399403],[7.983567,44.39961],[7.985957,44.399487],[8.003996,44.396848],[8.035212,44.388968],[8.004014,44.396887],[7.985975,44.399526],[7.983585,44.399648],[7.981107,44.399442],[7.976537,44.3981],[7.966,44.393804],[7.963735,44.393476],[7.955698,44.393053],[7.952673,44.392209],[7.95112,44.391413],[7.945472,44.387082],[7.932478,44.381951],[7.915759,44.371628],[7.91381,44.370801],[7.911423,44.370157],[7.907752,44.36983],[7.903685,44.370402],[7.894766,44.374033],[7.887864,44.37514],[7.877992,44.378367],[7.857326,44.385727],[7.845477,44.390348],[7.84263,44.390802],[7.836822,44.390546],[7.834287,44.390842],[7.828687,44.392825],[7.817568,44.397507],[7.816076,44.398448],[7.814971,44.399469],[7.811884,44.403641],[7.804024,44.413364],[7.788222,44.428046],[7.785704,44.431103],[7.773384,44.453013],[7.772273,44.455323],[7.757692,44.496724],[7.756786,44.498839],[7.753495,44.503638],[7.743951,44.516317],[7.741056,44.518994],[7.725406,44.531627],[7.717912,44.540754],[7.717016,44.542512],[7.716651,44.544514],[7.716824,44.546597],[7.718387,44.552045],[7.718333,44.553526],[7.717884,44.555183]],[[8.035212,44.388968],[8.037192,44.388409],[8.038399,44.387612],[8.041635,44.383884],[8.042598,44.381788],[8.044894,44.378287],[8.048663,44.375879],[8.051108,44.375254],[8.058634,44.37556],[8.062537,44.375371],[8.064445,44.375818],[8.066049,44.376875],[8.066771,44.377814],[8.067025,44.378988],[8.066824,44.381188],[8.067675,44.38357],[8.068154,44.384256],[8.074872,44.390586],[8.082716,44.396016],[8.085011,44.396852],[8.095258,44.397375],[8.097352,44.397943],[8.100467,44.400069],[8.103645,44.400697],[8.159209,44.402932],[8.160491,44.403235],[8.162674,44.404273],[8.164086,44.404594],[8.166008,44.404514],[8.168697,44.403903],[8.170309,44.403805],[8.174216,44.40477],[8.179323,44.405051],[8.181398,44.404577],[8.182194,44.404142],[8.182822,44.403665],[8.18367,44.402459],[8.183871,44.40188],[8.183691,44.400643],[8.181547,44.397304],[8.181336,44.396511],[8.181417,44.395589],[8.181602,44.393966],[8.182123,44.39275],[8.183004,44.391716],[8.184776,44.390694],[8.187034,44.390181],[8.189916,44.390189],[8.194536,44.391689],[8.199511,44.392312],[8.203687,44.392364],[8.205844,44.39167],[8.211737,44.388395],[8.214988,44.387904],[8.218414,44.388306],[8.220389,44.387989],[8.225958,44.384812],[8.226673,44.383893],[8.227492,44.381965],[8.228347,44.38116],[8.237791,44.375531],[8.240453,44.373607],[8.241963,44.37303],[8.246236,44.372771],[8.248886,44.371921],[8.250666,44.37173],[8.25322,44.372127],[8.257722,44.373502],[8.264401,44.37342],[8.268704,44.372355],[8.276426,44.370896],[8.283375,44.371468],[8.285177,44.371409],[8.291342,44.368757]]]}},{"type":"Feature","properties":{"id":16108812,"nome":"Linea di cintura di Bologna","uso":"","operatore":"","dal":"1934","wikipedia":""},"geometry":{"type":"MultiLineString","coordinates":[[[11.375988,44.488834],[11.376033,44.489509]],[[11.376023,44.489743],[11.375941,44.491522],[11.374722,44.495508],[11.375656,44.503566],[11.375602,44.504847],[11.375109,44.506567],[11.374325,44.507951],[11.373102,44.509338],[11.365552,44.515199],[11.360514,44.518285],[11.35616,44.520189],[11.334047,44.527407],[11.331728,44.528382],[11.329993,44.529471],[11.323466,44.536225],[11.321052,44.537946],[11.319251,44.538765],[11.300425,44.545548],[11.297573,44.54626],[11.29259,44.546712],[11.28745,44.5469],[11.284814,44.546628],[11.282701,44.546019],[11.254234,44.534763],[11.25084,44.534011],[11.24702,44.533938],[11.245038,44.534214],[11.242793,44.534835],[11.202779,44.549235],[11.186985,44.554351]],[[11.187118,44.55436],[11.200497,44.55014],[11.207012,44.548431],[11.214234,44.545191],[11.238517,44.536401],[11.24409,44.534469],[11.247018,44.533972],[11.250831,44.534046],[11.254208,44.534799],[11.282667,44.546047],[11.284538,44.546604],[11.287438,44.546937],[11.292651,44.546741],[11.297586,44.546296],[11.300451,44.545574],[11.319273,44.538792],[11.321079,44.537972],[11.3235,44.536246],[11.329801,44.529695],[11.331753,44.528408],[11.334068,44.527437],[11.356424,44.520126],[11.361116,44.518003],[11.365584,44.515223],[11.373135,44.50936],[11.374375,44.507965],[11.375253,44.506364],[11.375641,44.50497],[11.375721,44.503564],[11.374768,44.495509],[11.375991,44.491524],[11.376042,44.489295]]]}},{"type":"Feature","properties":{"id":16309847,"nome":"Doremifarm","uso":"","operatore":"","dal":"","wikipedia":""},"geometry":{"type":"MultiLineString","coordinates":[[[10.713107,45.455371],[10.713281,45.455311],[10.713178,45.455164],[10.712999,45.455224],[10.713107,45.455371]],[[10.713059,45.455204],[10.713086,45.45552],[10.713443,45.455461],[10.713013,45.455051],[10.712717,45.455172],[10.713059,45.455204]]]}},{"type":"Feature","properties":{"id":16309848,"nome":"Volaplano","uso":"","operatore":"","dal":"","wikipedia":""},"geometry":{"type":"MultiLineString","coordinates":[[[10.713214,45.455334],[10.713619,45.455566],[10.712779,45.45587],[10.712542,45.456211],[10.712061,45.455847],[10.712782,45.455066],[10.713214,45.455334]],[[10.712177,45.455485],[10.71247,45.455365],[10.712177,45.455485]],[[10.712654,45.455138],[10.712319,45.455356]]]}},{"type":"Feature","properties":{"id":16309849,"nome":"Funny Express","uso":"","operatore":"","dal":"","wikipedia":""},"geometry":{"type":"MultiLineString","coordinates":[[[10.713588,45.455681],[10.713012,45.455998],[10.713431,45.455959],[10.713588,45.455681]],[[10.713381,45.455724],[10.713663,45.455611],[10.713381,45.455724]],[[10.713579,45.455625],[10.713491,45.455714]]]}},{"type":"Feature","properties":{"id":16347922,"nome":"TransGardaland Express","uso":"","operatore":"","dal":"","wikipedia":""},"geometry":{"type":"MultiLineString","coordinates":[[[10.715233,45.455254],[10.715537,45.456102],[10.714341,45.456201],[10.713813,45.455996],[10.713077,45.456402],[10.712071,45.457535],[10.711813,45.457505],[10.711377,45.456873],[10.710897,45.456776],[10.711945,45.456179],[10.712507,45.45628],[10.71429,45.45513],[10.715026,45.454954],[10.715233,45.455254]]]}},{"type":"Feature","properties":{"id":16381278,"nome":"Monorotaia","uso":"","operatore":"","dal":"","wikipedia":""},"geometry":{"type":"MultiLineString","coordinates":[[[10.7063,45.457152],[10.706951,45.456904],[10.707222,45.45642],[10.708232,45.455757],[10.708784,45.455805],[10.708183,45.45634],[10.708244,45.456796],[10.707991,45.457253],[10.707524,45.457577],[10.705745,45.457827],[10.705395,45.457467],[10.7063,45.457152]]]}},{"type":"Feature","properties":{"id":16529800,"nome":"Ferrovia Murlo-Monte Antico","uso":"","operatore":"","dal":"1877","wikipedia":"it:Ferrovia Murlo-Monte Antico"},"geometry":{"type":"MultiLineString","coordinates":[[[11.380353,43.146293],[11.380167,43.145274],[11.379189,43.144346],[11.378043,43.141935],[11.378094,43.141183],[11.378754,43.140082],[11.380452,43.139049],[11.381408,43.137009],[11.383833,43.135349],[11.384316,43.133558],[11.386179,43.132118],[11.38789,43.131149],[11.38811,43.13024],[11.387587,43.128527],[11.388076,43.127432],[11.389073,43.126953],[11.392317,43.126595],[11.393182,43.126123],[11.393739,43.125152],[11.392746,43.123529],[11.392867,43.122557],[11.393669,43.121591],[11.39396,43.120572],[11.393503,43.117609],[11.392242,43.114585],[11.392203,43.113242],[11.392766,43.111994],[11.392591,43.111317],[11.391764,43.110492],[11.390579,43.110171],[11.386165,43.111198],[11.385199,43.111037],[11.382903,43.110132],[11.382293,43.109346],[11.382167,43.107629],[11.382559,43.106661],[11.383854,43.105736]]]}},{"type":"Feature","properties":{"id":16640417,"nome":"Ferrovia Bari-Taranto","uso":"","operatore":"Rete Ferroviaria Italiana","dal":"","wikipedia":""},"geometry":{"type":"MultiLineString","coordinates":[[[17.224189,40.483736],[17.222238,40.482983],[17.219769,40.481223],[17.217652,40.480722],[17.215804,40.480816],[17.208791,40.481967],[17.204625,40.482161],[17.190138,40.48061],[17.187807,40.481045],[17.185758,40.482178],[17.1846,40.483494],[17.184074,40.484873],[17.184072,40.4862],[17.184738,40.489264],[17.185727,40.490763],[17.188546,40.493143],[17.191739,40.49767],[17.192621,40.499862],[17.192815,40.501648],[17.192643,40.5029],[17.191962,40.504663],[17.190976,40.506161],[17.189501,40.507645],[17.185851,40.5105],[17.156226,40.532971],[17.153796,40.535483],[17.143945,40.547829],[17.140936,40.551155],[17.107177,40.583695],[17.105799,40.584828],[17.104233,40.58574],[17.064909,40.602056],[17.044791,40.606754],[17.040133,40.606928],[17.033062,40.606117],[17.028817,40.606003],[16.997914,40.608004],[16.988002,40.607182],[16.971421,40.604954],[16.966428,40.604993],[16.963214,40.605389],[16.961314,40.605951],[16.958982,40.607],[16.954457,40.609968],[16.951946,40.611147],[16.938346,40.614586],[16.935495,40.615658],[16.919238,40.624996],[16.916033,40.627508],[16.91486,40.629137],[16.91418,40.630669],[16.913847,40.632704],[16.914057,40.63663],[16.914423,40.63848],[16.916601,40.646408],[16.919106,40.653809],[16.922053,40.661542],[16.926824,40.672483],[16.927375,40.674663],[16.927567,40.676897],[16.925054,40.703055],[16.925001,40.726663],[16.92616,40.739852],[16.92596,40.743791],[16.924858,40.752704],[16.924316,40.755216],[16.918461,40.771336],[16.917851,40.77358],[16.916173,40.80605],[16.915796,40.808437],[16.914873,40.81075],[16.89644,40.837883],[16.893107,40.842495],[16.868421,40.864036],[16.837532,40.895121],[16.836754,40.896426],[16.836457,40.898127],[16.838112,40.903663],[16.838231,40.906156],[16.837488,40.908601],[16.835688,40.911046],[16.83325,40.912868],[16.829791,40.914248],[16.810323,40.917126],[16.805349,40.918459],[16.800349,40.920496],[16.79563,40.923265],[16.759873,40.948721],[16.758301,40.950269],[16.75678,40.952392],[16.74598,40.975301],[16.742668,40.980903],[16.738423,40.98609],[16.720469,41.003693],[16.719031,41.006027],[16.718452,41.00839],[16.718534,41.010345],[16.720037,41.021185],[16.720527,41.022843],[16.721507,41.024621],[16.730963,41.035351],[16.7329,41.036779],[16.738345,41.039648],[16.740498,41.041438],[16.75198,41.057382],[16.756642,41.062624],[16.75931,41.064911],[16.763932,41.067607],[16.768673,41.069317],[16.77288,41.070173],[16.785178,41.071749],[16.789574,41.072714],[16.794988,41.074944],[16.79865,41.077065],[16.806436,41.081832],[16.807964,41.083033],[16.810219,41.085301],[16.812116,41.087932],[16.819389,41.101032],[16.821007,41.102989],[16.823028,41.104275],[16.825168,41.104994],[16.836138,41.106172],[16.838743,41.107013],[16.840615,41.108632],[16.843467,41.114487],[16.844169,41.115357],[16.845146,41.116018],[16.850973,41.117528],[16.85611,41.116727],[16.870168,41.117491]]]}},{"type":"Feature","properties":{"id":16651196,"nome":"Ferrovia Taranto-Bari","uso":"","operatore":"Rete Ferroviaria Italiana","dal":"","wikipedia":""},"geometry":{"type":"MultiLineString","coordinates":[[[16.870153,41.117626],[16.856535,41.116763],[16.850968,41.117561],[16.845123,41.116049],[16.84413,41.115377],[16.843438,41.114528],[16.840522,41.108582],[16.839493,41.107547],[16.838514,41.106935],[16.836026,41.106185],[16.824903,41.104971],[16.822719,41.104171],[16.820988,41.103035],[16.819326,41.101053],[16.811885,41.087663],[16.810173,41.08532],[16.807979,41.083114],[16.80593,41.081537],[16.798876,41.077247],[16.794965,41.074978],[16.791081,41.073255],[16.788946,41.072584],[16.784903,41.071743],[16.771982,41.070073],[16.767484,41.069029],[16.762854,41.067141],[16.759093,41.064803],[16.756138,41.062161],[16.75223,41.057781],[16.740462,41.04147],[16.738309,41.03968],[16.732864,41.036805],[16.730928,41.035376],[16.721481,41.024661],[16.720579,41.023086],[16.719988,41.021174],[16.718484,41.010346],[16.718404,41.008382],[16.718984,41.00602],[16.720429,41.003672],[16.738245,40.986216],[16.742627,40.980886],[16.74594,40.975281],[16.756732,40.952388],[16.758259,40.950248],[16.759832,40.948698],[16.795589,40.923242],[16.80001,40.920626],[16.804694,40.918643],[16.809608,40.917243],[16.830176,40.914106],[16.833561,40.912641],[16.835823,40.910852],[16.837498,40.908483],[16.83821,40.905911],[16.838044,40.903583],[16.836638,40.899358],[16.836409,40.898099],[16.836632,40.896612],[16.83747,40.895132],[16.868387,40.86401],[16.893066,40.842479],[16.914897,40.810607],[16.915675,40.808697],[16.916083,40.80662],[16.917765,40.773655],[16.918271,40.771721],[16.924403,40.754704],[16.92591,40.743789],[16.926107,40.739847],[16.924947,40.726667],[16.925004,40.703054],[16.927524,40.676909],[16.927332,40.674675],[16.926781,40.672495],[16.922006,40.661553],[16.919062,40.653818],[16.916554,40.646413],[16.914375,40.638481],[16.914009,40.63663],[16.913798,40.632697],[16.914131,40.630659],[16.914817,40.62912],[16.915985,40.627485],[16.919207,40.624966],[16.935478,40.615625],[16.938329,40.614553],[16.951919,40.611122],[16.954428,40.60994],[16.95896,40.606969],[16.961295,40.605919],[16.963211,40.605349],[16.965917,40.604985],[16.971419,40.604917],[16.988658,40.607219],[16.998296,40.607972],[17.028563,40.605976],[17.033236,40.606092],[17.040486,40.606911],[17.044779,40.606719],[17.062185,40.602797],[17.065318,40.601871],[17.104118,40.585756],[17.105882,40.584719],[17.107092,40.583713],[17.140889,40.551131],[17.143913,40.547793],[17.153673,40.535557],[17.156347,40.532798],[17.185013,40.511089],[17.18966,40.507456],[17.190931,40.506146],[17.191834,40.504814],[17.192457,40.503328],[17.192734,40.50153],[17.192575,40.499871],[17.191699,40.497685],[17.188468,40.493115],[17.185734,40.490827],[17.184724,40.489369],[17.183977,40.485209],[17.184482,40.483611],[17.185533,40.48231],[17.18769,40.481046],[17.189979,40.480584],[17.205017,40.48213],[17.209066,40.481904],[17.215618,40.480806],[17.217448,40.480681],[17.219806,40.481193],[17.222255,40.482901],[17.224236,40.48365]]]}},{"type":"Feature","properties":{"id":17008737,"nome":"Ferrovia Poggibonsi-Colle Val d'Elsa","uso":"","operatore":"","dal":"","wikipedia":"it:Ferrovia Poggibonsi-Colle Val d'Elsa"},"geometry":{"type":"MultiLineString","coordinates":[[[11.127617,43.42273],[11.127274,43.424121],[11.126026,43.424973],[11.125611,43.425731],[11.126301,43.428775],[11.126819,43.429538],[11.128753,43.430743],[11.130986,43.431442],[11.132905,43.431544],[11.134989,43.432216],[11.137312,43.43188],[11.13857,43.432144],[11.140713,43.434451],[11.141642,43.436008],[11.143299,43.437854],[11.143161,43.438875],[11.140534,43.44068],[11.1395,43.44242],[11.13457,43.445358],[11.132568,43.446325],[11.131929,43.447015],[11.131773,43.447972],[11.132117,43.451093],[11.134044,43.45509],[11.134053,43.45561],[11.133465,43.456776],[11.133558,43.457436],[11.134084,43.457999],[11.135772,43.458755],[11.136406,43.459328],[11.13676,43.460045],[11.136534,43.461598],[11.137009,43.462374],[11.138334,43.463114],[11.139733,43.463533],[11.140712,43.464569],[11.140992,43.465513],[11.140751,43.468944],[11.141143,43.469911],[11.142017,43.470527],[11.144112,43.470866],[11.145202,43.470825],[11.146032,43.470507]]]}},{"type":"Feature","properties":{"id":17294288,"nome":"Simplon Tunnel II","uso":"","operatore":"SBB","dal":"","wikipedia":""},"geometry":{"type":"MultiLineString","coordinates":[[[8.200543,46.207692],[8.198409,46.208019],[8.19682,46.208637],[8.052795,46.297077]]]}},{"type":"Feature","properties":{"id":17333759,"nome":"Ferrovia Trieste Campo Marzio - Villa Opicina","uso":"","operatore":"Rete Ferroviaria Italiana","dal":"","wikipedia":""},"geometry":{"type":"MultiLineString","coordinates":[[[13.79126,45.694362],[13.788455,45.693357],[13.791236,45.694392]],[[13.755014,45.646323],[13.75206,45.643024],[13.752061,45.642107],[13.752806,45.641286],[13.754416,45.64051],[13.758137,45.639678],[13.761527,45.63841],[13.768757,45.63748],[13.770761,45.637881],[13.773373,45.640219],[13.775027,45.64083],[13.777739,45.6407],[13.780304,45.641002],[13.781793,45.640822],[13.787577,45.63901],[13.790411,45.63766],[13.791957,45.637457],[13.803987,45.639485],[13.807674,45.64066],[13.816762,45.640349],[13.818899,45.641029],[13.820346,45.642258],[13.820925,45.643539],[13.820541,45.645283],[13.816646,45.65081],[13.813928,45.655194],[13.81308,45.657757],[13.81115,45.659682],[13.808314,45.661442],[13.805719,45.662579],[13.803444,45.664224],[13.799931,45.664903],[13.798641,45.665451],[13.796724,45.667225],[13.788622,45.671823],[13.783997,45.676392],[13.783019,45.677042],[13.780332,45.677661],[13.779116,45.677552],[13.776491,45.676767],[13.775215,45.676853],[13.773993,45.677325],[13.77174,45.679166],[13.771174,45.681457],[13.770632,45.682212],[13.767382,45.683743],[13.766495,45.684782],[13.76659,45.686044],[13.768018,45.687422],[13.776038,45.691202],[13.784323,45.691967],[13.788455,45.693357]],[[13.752625,45.643777],[13.755194,45.646239]],[[13.754967,45.646344],[13.752905,45.644083]],[[13.753479,45.644568],[13.755142,45.646266]]]}},{"type":"Feature","properties":{"id":17341598,"nome":"Istarske pruge / Istrska železnica / Ferrovia Istriana","uso":"","operatore":"","dal":"1861","wikipedia":""},"geometry":{"type":"MultiLineString","coordinates":[[[13.952856,45.661548],[13.952659,45.660458],[13.953377,45.657934],[13.952847,45.65539],[13.953132,45.654732],[13.954727,45.652854],[13.95555,45.650709],[13.957737,45.647444],[13.958816,45.646666],[13.960687,45.646178],[13.964413,45.644622],[13.969679,45.641038]],[[13.967735,45.624765],[13.961191,45.619971],[13.960038,45.619336],[13.948926,45.615542],[13.947911,45.614471],[13.946104,45.610735],[13.945542,45.610049],[13.944552,45.609393],[13.943229,45.609036],[13.938662,45.608826],[13.93705,45.608203],[13.936188,45.607135],[13.934546,45.601086]]]}},{"type":"Feature","properties":{"id":17506938,"nome":"Ferrovia Sicignano degli Alburni – Lagonegro","uso":"","operatore":"","dal":"1892","wikipedia":"it:Ferrovia Sicignano degli Alburni-Lagonegro"},"geometry":{"type":"MultiLineString","coordinates":[[[15.312659,40.606264],[15.315022,40.605778],[15.316915,40.604627],[15.317787,40.603761],[15.318102,40.602614],[15.317884,40.600454],[15.318714,40.599074],[15.31962,40.598525],[15.324367,40.596733],[15.326996,40.595295],[15.328074,40.594505],[15.329072,40.592842],[15.329919,40.591942],[15.332398,40.590834],[15.336099,40.588065],[15.336952,40.587567],[15.339194,40.586838],[15.342675,40.584573],[15.345186,40.583989],[15.34823,40.581508],[15.348629,40.580373],[15.348619,40.579692],[15.346431,40.575932],[15.345977,40.574717],[15.345079,40.570455],[15.345245,40.568956],[15.346586,40.567636],[15.348314,40.567159],[15.350422,40.567566],[15.351484,40.568252],[15.352661,40.569569],[15.353896,40.570233],[15.360137,40.571767],[15.361086,40.571792],[15.366708,40.570838],[15.374915,40.566861],[15.378563,40.566209],[15.383563,40.564204],[15.38706,40.563471],[15.391588,40.560268],[15.406158,40.552532],[15.408668,40.551456],[15.409152,40.550828],[15.411458,40.549402],[15.412187,40.548652],[15.416092,40.546875],[15.417895,40.544674],[15.420148,40.543304],[15.421843,40.541592],[15.424718,40.539684],[15.425963,40.538526],[15.426478,40.537531],[15.426843,40.535998],[15.428366,40.532476],[15.429203,40.531383],[15.430169,40.529328],[15.430225,40.528379],[15.429605,40.525236],[15.428654,40.52387],[15.427333,40.522508],[15.427122,40.521777],[15.427415,40.520303],[15.42859,40.519273],[15.429396,40.518938],[15.431285,40.518808],[15.432787,40.519379],[15.433838,40.520537],[15.434288,40.522706],[15.435125,40.523799],[15.435619,40.525202],[15.437498,40.531892],[15.437777,40.532434],[15.438338,40.532874],[15.440509,40.533543],[15.445861,40.532725],[15.450713,40.533296],[15.453535,40.53315],[15.458218,40.534798],[15.461279,40.536317],[15.463381,40.536542],[15.470165,40.534317],[15.474855,40.533109],[15.477817,40.532632],[15.4806,40.531321],[15.481838,40.529801],[15.48452,40.525054],[15.486129,40.523695],[15.489817,40.522736],[15.491808,40.520807],[15.492642,40.519546],[15.494407,40.518318],[15.494929,40.517633],[15.49553,40.515841],[15.496581,40.51447],[15.498457,40.510284],[15.510773,40.498497],[15.523531,40.480675],[15.545096,40.439647],[15.555675,40.419998],[15.55737,40.417924],[15.559645,40.416061],[15.567979,40.411237],[15.577733,40.403922],[15.57975,40.402092],[15.637332,40.325208],[15.659444,40.273469],[15.66048,40.271932],[15.663306,40.2699],[15.664529,40.268442],[15.666868,40.266674],[15.668778,40.265937],[15.669937,40.265119],[15.670924,40.263416],[15.670924,40.262171],[15.669143,40.258176],[15.668735,40.255457],[15.667705,40.253902],[15.667254,40.252755],[15.667641,40.248072],[15.668327,40.245779],[15.66807,40.242896],[15.669078,40.240619],[15.671374,40.23849],[15.672747,40.235869],[15.673443,40.233361],[15.674198,40.23184],[15.67433,40.229718],[15.674716,40.228014],[15.675639,40.226573],[15.676447,40.222543],[15.676789,40.221789],[15.678013,40.220241],[15.678371,40.218454],[15.678673,40.217929],[15.679241,40.217405],[15.684774,40.214932],[15.68853,40.212409],[15.691241,40.207197],[15.694647,40.203851],[15.694981,40.202898],[15.695237,40.200433],[15.695547,40.199883],[15.697166,40.198331],[15.697746,40.197364],[15.700827,40.188833],[15.702403,40.186509],[15.702848,40.184619],[15.703449,40.183677],[15.704935,40.182775],[15.708759,40.182505],[15.709966,40.182119],[15.71066,40.181648],[15.712447,40.179226],[15.715647,40.176513],[15.717519,40.172435],[15.719033,40.17028],[15.721589,40.168687],[15.722546,40.167625],[15.722947,40.166714],[15.72356,40.163263],[15.735988,40.15692],[15.736461,40.156487],[15.739278,40.149907],[15.739236,40.147775],[15.738733,40.145973],[15.738822,40.144632],[15.742012,40.137744],[15.743882,40.131366],[15.744344,40.130606],[15.745191,40.129751],[15.746219,40.129331],[15.749983,40.128719],[15.751392,40.128317],[15.752573,40.127657],[15.753302,40.126605],[15.753404,40.12265],[15.753634,40.121651],[15.754862,40.119983],[15.757054,40.119107],[15.75847,40.118845],[15.760837,40.119163],[15.76274,40.120373]]]}},{"type":"Feature","properties":{"id":17679764,"nome":"Ferrovia Montepulciano-Fontago","uso":"","operatore":"Comune di Montepulciano","dal":"1917-06-28","wikipedia":"it:Ferrovia Montepulciano-Fontago"},"geometry":{"type":"MultiLineString","coordinates":[[[11.854809,43.137425],[11.853693,43.137934],[11.847645,43.137265],[11.845633,43.136528],[11.840829,43.134177],[11.837739,43.133913],[11.836128,43.1334],[11.834426,43.131907],[11.832182,43.130785],[11.830993,43.130729],[11.829028,43.131446],[11.827769,43.131258],[11.827222,43.130689],[11.827272,43.128732],[11.824742,43.126798],[11.825323,43.122855],[11.82413,43.121363],[11.822258,43.120733],[11.818849,43.120496],[11.817197,43.120858],[11.81558,43.120775],[11.812041,43.120079],[11.8106,43.11901],[11.810278,43.118253],[11.810389,43.117627],[11.81132,43.116407],[11.811549,43.114707],[11.811241,43.114422],[11.810052,43.11459],[11.809212,43.115712],[11.808443,43.116058],[11.803586,43.116107],[11.80226,43.115364],[11.800352,43.11577],[11.798961,43.11557],[11.798519,43.11516],[11.797824,43.113859],[11.796466,43.112614],[11.793734,43.111447],[11.793268,43.110982],[11.793348,43.110525],[11.793988,43.110163],[11.797004,43.110497],[11.797795,43.110311],[11.797874,43.109798],[11.797421,43.108739],[11.796551,43.108048],[11.794424,43.108408],[11.793001,43.109334],[11.791128,43.109434],[11.789727,43.109785],[11.78918,43.109705],[11.787717,43.108883],[11.786329,43.106953],[11.785658,43.101134],[11.785942,43.100001],[11.787248,43.098662],[11.787157,43.096003]]]}},{"type":"Feature","properties":{"id":17812931,"nome":"Parenzana","uso":"","operatore":"","dal":"","wikipedia":""},"geometry":{"type":"MultiLineString","coordinates":[[[13.755142,45.646266],[13.753479,45.644568],[13.755194,45.646239]],[[13.754967,45.646344],[13.752905,45.644083],[13.755014,45.646323]],[[13.752905,45.644083],[13.752625,45.643777],[13.753479,45.644568]],[[13.78012,45.633063],[13.779437,45.634438],[13.778704,45.635318],[13.774857,45.638173],[13.773322,45.638351],[13.770513,45.637492],[13.769185,45.637353],[13.761527,45.63841],[13.758137,45.639678],[13.754587,45.640461],[13.753243,45.641005],[13.752351,45.641668],[13.751997,45.64233],[13.75206,45.643024],[13.752625,45.643777]],[[13.813675,45.616508],[13.814009,45.615796],[13.814145,45.614582],[13.813956,45.616141],[13.813388,45.61684],[13.812591,45.617321],[13.80238,45.619088],[13.798306,45.62088],[13.7956,45.621506],[13.792434,45.621475],[13.788353,45.619726],[13.787353,45.619511],[13.784875,45.619807],[13.782675,45.620346],[13.778283,45.623644],[13.777733,45.624421],[13.777741,45.625078],[13.778163,45.625839],[13.780357,45.627201],[13.780937,45.628104],[13.780916,45.62877],[13.780029,45.6305],[13.780348,45.632028],[13.780225,45.632779]],[[13.763995,45.638048],[13.764178,45.63802]],[[13.806999,45.606112],[13.80668,45.605241],[13.805878,45.604655],[13.806658,45.605297],[13.807216,45.606598],[13.807874,45.607113],[13.812681,45.608311],[13.814435,45.609078],[13.814545,45.610354],[13.814026,45.611585],[13.8139,45.612525],[13.814145,45.614582]],[[13.805878,45.604655],[13.804171,45.603944],[13.79887,45.603636],[13.795397,45.603061],[13.792272,45.602146],[13.79082,45.601196],[13.789957,45.599939],[13.789244,45.599308],[13.787523,45.598423],[13.785329,45.597681],[13.785348,45.596836],[13.785642,45.596381],[13.789773,45.594642],[13.792349,45.59317],[13.794095,45.591783],[13.794436,45.59117],[13.794676,45.590266],[13.794709,45.586881],[13.795153,45.583996],[13.794048,45.581806],[13.794956,45.580818],[13.795131,45.580191],[13.794168,45.578209],[13.794092,45.575609]],[[13.767396,45.549378],[13.769395,45.550023],[13.771612,45.550246],[13.77939,45.549317],[13.781515,45.549373],[13.786292,45.550087],[13.788838,45.550765],[13.793864,45.550611],[13.795019,45.55101],[13.796042,45.55168],[13.79645,45.552472],[13.796038,45.553244],[13.793448,45.55588],[13.791547,45.556777],[13.790204,45.558582],[13.78798,45.560752],[13.788221,45.561334],[13.78948,45.56204],[13.790843,45.562325],[13.792478,45.563072],[13.79279,45.563511],[13.792678,45.563854],[13.791782,45.564278],[13.787521,45.564199],[13.787023,45.564444],[13.786786,45.564936],[13.787455,45.566521],[13.787843,45.566931],[13.790828,45.568571],[13.791189,45.569261],[13.79413,45.571184],[13.794281,45.571944],[13.79284,45.572662],[13.792603,45.573217],[13.793453,45.574281],[13.794066,45.575581]]]}},{"type":"Feature","properties":{"id":17940537,"nome":"Ferrovia Roma-Fiumicino","uso":"","operatore":"","dal":"","wikipedia":"it:Ferrovia Roma-Fiumicino"},"geometry":{"type":"MultiLineString","coordinates":[[[12.527611,41.917661],[12.527899,41.916035],[12.528512,41.914569],[12.531425,41.910223],[12.532857,41.907635],[12.533205,41.905499],[12.532566,41.903474],[12.528286,41.896994],[12.526814,41.882818],[12.526472,41.881807],[12.525841,41.880936],[12.522003,41.878149],[12.519647,41.876965],[12.518218,41.876657],[12.512563,41.876264],[12.510689,41.875707],[12.509283,41.874722],[12.506987,41.871992],[12.505931,41.871393],[12.504356,41.870933],[12.495687,41.870643],[12.489391,41.871249],[12.484165,41.872038],[12.481137,41.872917],[12.479641,41.873095],[12.464134,41.872005],[12.462096,41.871411],[12.461034,41.870357],[12.460658,41.868785],[12.46095,41.867846],[12.462508,41.865777],[12.462955,41.864853],[12.463102,41.863385],[12.462694,41.862042],[12.461559,41.860281],[12.458325,41.857934],[12.457117,41.856485],[12.456511,41.854992],[12.454959,41.846954],[12.454358,41.845253],[12.447937,41.835898],[12.447064,41.835025],[12.445831,41.834292],[12.444492,41.833851],[12.442995,41.833662],[12.427691,41.834438],[12.424916,41.834093],[12.422911,41.833186],[12.417532,41.828975],[12.413744,41.826721],[12.410761,41.825489],[12.398041,41.821172],[12.395596,41.821157],[12.388316,41.822758],[12.385092,41.822985],[12.377871,41.822314],[12.375062,41.821849],[12.359186,41.816976],[12.357328,41.816977],[12.342716,41.818484],[12.340544,41.818504],[12.339073,41.818236],[12.332891,41.816102],[12.269265,41.787787],[12.262684,41.78513],[12.260965,41.785183],[12.258936,41.786266],[12.25183,41.793384]],[[12.527563,41.917654],[12.528282,41.914565],[12.528963,41.913228],[12.532654,41.907722],[12.533163,41.905609],[12.532517,41.903468],[12.528265,41.897073],[12.526774,41.882885],[12.526436,41.881863],[12.525743,41.88093],[12.521343,41.877826],[12.519585,41.877022],[12.517993,41.876679],[12.512475,41.876285],[12.510672,41.875738],[12.509243,41.874736],[12.506935,41.872002],[12.505658,41.871321],[12.504309,41.870957],[12.49716,41.870656],[12.49007,41.871209],[12.483973,41.872102],[12.481017,41.872997],[12.479545,41.873132],[12.464312,41.872119],[12.462034,41.871426],[12.460966,41.870328],[12.460607,41.868828],[12.4609,41.867844],[12.462521,41.865669],[12.462957,41.864676],[12.463056,41.863374],[12.46262,41.861977],[12.461391,41.860174],[12.458287,41.85795],[12.45711,41.856554],[12.456501,41.855124],[12.454954,41.847172],[12.454304,41.845243],[12.447972,41.836008],[12.446903,41.834953],[12.445834,41.834331],[12.444355,41.833856],[12.442913,41.833694],[12.427768,41.834502],[12.424978,41.834162],[12.422971,41.833272],[12.417287,41.828846],[12.41379,41.82679],[12.411261,41.825705],[12.397919,41.821189],[12.39549,41.821206],[12.388394,41.82278],[12.384986,41.823012],[12.377523,41.822304],[12.374923,41.821851],[12.360943,41.817411],[12.359138,41.817008],[12.357561,41.816994],[12.343367,41.818517],[12.340789,41.818553],[12.339075,41.818271],[12.332918,41.816155],[12.26962,41.787992],[12.262674,41.785165],[12.260981,41.785218],[12.258954,41.786298],[12.251997,41.793466]]]}},{"type":"Feature","properties":{"id":17941077,"nome":"Ferrovia Napoli–Salerno (via Galleria Santa Lucia)","uso":"","operatore":"Rete Ferroviaria Italiana","dal":"","wikipedia":"it:Ferrovia Napoli-Salerno"},"geometry":{"type":"MultiLineString","coordinates":[[[14.624456,40.746076],[14.673628,40.742677],[14.685833,40.743004],[14.689403,40.742445],[14.693227,40.740963],[14.694353,40.740292],[14.728677,40.712351],[14.760666,40.686761],[14.762334,40.685624],[14.764008,40.683851],[14.765671,40.680823],[14.766273,40.680138],[14.772538,40.675435]],[[14.624708,40.746094],[14.673629,40.742712],[14.685835,40.743054],[14.689424,40.742493],[14.693265,40.741004],[14.694392,40.740333],[14.728712,40.712375],[14.76237,40.68564],[14.76404,40.68386],[14.7657,40.68084],[14.7663,40.68016],[14.772578,40.675479]]]}},{"type":"Feature","properties":{"id":17941979,"nome":"Interconnessione Praia a Mare","uso":"","operatore":"Rete Ferroviaria Italiana","dal":"","wikipedia":""},"geometry":{"type":"MultiLineString","coordinates":[[[15.778117,39.947282],[15.782721,39.940208],[15.783413,39.938347],[15.783556,39.936838],[15.782506,39.929862],[15.781746,39.927715],[15.777368,39.920751],[15.77486,39.917747],[15.773325,39.915046],[15.772695,39.913285],[15.772541,39.911991],[15.772838,39.910879],[15.776433,39.906256]],[[15.778157,39.945957],[15.778459,39.942545],[15.778804,39.941157],[15.779614,39.939799],[15.781242,39.938058],[15.782151,39.93605],[15.782533,39.933749],[15.782432,39.931657],[15.782024,39.929288],[15.781108,39.927079],[15.777162,39.920831],[15.77477,39.917954],[15.77299,39.914833],[15.772382,39.912233],[15.772838,39.910879]]]}},{"type":"Feature","properties":{"id":17941980,"nome":"Interconnessione Battipaglia","uso":"","operatore":"Rete Ferroviaria Italiana","dal":"","wikipedia":""},"geometry":{"type":"MultiLineString","coordinates":[[[14.992704,40.602672],[14.995305,40.601646],[14.997208,40.601201],[15.003638,40.600298],[15.009599,40.600108],[15.01424,40.600493],[15.023081,40.601865],[15.030345,40.602313],[15.038083,40.604046],[15.043642,40.604915]],[[14.992678,40.60264],[14.995283,40.601609],[14.997198,40.601161],[15.003632,40.600258],[15.009602,40.600068],[15.01425,40.600453],[15.023088,40.601825],[15.031418,40.602373],[15.038214,40.603561],[15.043655,40.604886]]]}},{"type":"Feature","properties":{"id":17950467,"nome":"Aragona Caldare - Roccapalumba-Alia","uso":"","operatore":"","dal":"","wikipedia":""},"geometry":{"type":"MultiLineString","coordinates":[[[13.667252,37.733183],[13.669002,37.72698],[13.669692,37.722424],[13.669685,37.720609],[13.669203,37.718779],[13.668609,37.717756],[13.667268,37.716287],[13.647421,37.702301],[13.643902,37.699465],[13.642453,37.697287],[13.641868,37.695632],[13.641617,37.689327],[13.641922,37.686021],[13.644078,37.677671],[13.644823,37.676472],[13.648556,37.672142],[13.650087,37.670995],[13.651615,37.670328],[13.658455,37.66938],[13.660589,37.668451],[13.661886,37.667462],[13.671598,37.655061],[13.672976,37.6541],[13.67792,37.651946],[13.679873,37.650272],[13.681109,37.648112],[13.684389,37.644134],[13.684905,37.642777],[13.685242,37.640523],[13.685783,37.639539],[13.688485,37.637342],[13.689338,37.636027],[13.689429,37.634619],[13.688922,37.632758],[13.688847,37.631627],[13.689041,37.629526],[13.689642,37.627439],[13.689547,37.626119],[13.686679,37.621582],[13.683777,37.617585],[13.683207,37.616452],[13.682855,37.615048],[13.68352,37.607827],[13.684029,37.606489],[13.685878,37.603769],[13.686461,37.601859],[13.686056,37.598025],[13.686098,37.594769],[13.685856,37.593616],[13.684836,37.591812],[13.682956,37.589816],[13.681141,37.586739],[13.677862,37.584855],[13.675763,37.582465],[13.673546,37.580588],[13.673086,37.579314],[13.673273,37.577009],[13.672078,37.574901],[13.671891,37.573704],[13.672208,37.572795],[13.672743,37.572163],[13.677315,37.567973],[13.679534,37.56629],[13.682191,37.562122],[13.688813,37.558701],[13.691029,37.556394],[13.691361,37.555633],[13.691453,37.554594],[13.690336,37.551252],[13.690222,37.550145],[13.690544,37.54913],[13.691726,37.547512],[13.692217,37.544939],[13.694992,37.539979],[13.695106,37.538633],[13.694702,37.535985],[13.695793,37.531126],[13.695871,37.529583],[13.695395,37.528334],[13.691694,37.522424],[13.690885,37.520642],[13.690211,37.518017],[13.688566,37.515107],[13.683937,37.501951],[13.683889,37.500958],[13.684269,37.498482],[13.683571,37.496816],[13.679438,37.49308],[13.676877,37.491813],[13.674301,37.490055],[13.669863,37.48802],[13.668627,37.487177],[13.667997,37.486402],[13.66634,37.482906],[13.664309,37.481061],[13.663008,37.4786],[13.66185,37.477407],[13.660247,37.476702],[13.657631,37.476482],[13.655031,37.475876],[13.653611,37.474923],[13.652861,37.473781],[13.652655,37.47295],[13.652472,37.465633],[13.652031,37.464271],[13.650142,37.461528],[13.649908,37.460524],[13.650013,37.459615],[13.65083,37.458189],[13.653489,37.456398],[13.654743,37.454963],[13.658019,37.449018],[13.659457,37.443746],[13.659347,37.442845],[13.658644,37.441533],[13.657519,37.440541],[13.654825,37.438975],[13.653985,37.437998],[13.653575,37.437106],[13.651694,37.429702],[13.651748,37.428774],[13.65264,37.426739],[13.652895,37.425558],[13.652493,37.420121],[13.650553,37.4169],[13.649338,37.41547],[13.648199,37.414827],[13.643606,37.413779],[13.641906,37.412959],[13.638528,37.410471],[13.63776,37.409407],[13.63655,37.406892],[13.635767,37.406006],[13.629544,37.40213],[13.628626,37.400832],[13.628297,37.3985],[13.627603,37.396421],[13.62769,37.394558],[13.62709,37.392566],[13.627057,37.391571],[13.628251,37.388612],[13.628482,37.385793],[13.629089,37.384515],[13.630241,37.38342],[13.63282,37.382144],[13.638642,37.380608]]]}},{"type":"Feature","properties":{"id":17956197,"nome":"Ferrovia Dismessa Monti-Luras","uso":"","operatore":"","dal":"1888","wikipedia":""},"geometry":{"type":"MultiLineString","coordinates":[[[9.323166,40.829872],[9.325611,40.830421],[9.325997,40.830965],[9.325965,40.831379],[9.325279,40.831947],[9.32309,40.832118],[9.322618,40.832475],[9.322092,40.833587],[9.320912,40.83452],[9.318005,40.835567],[9.316084,40.835941],[9.315494,40.836696],[9.315805,40.837337],[9.316299,40.837597],[9.318942,40.837344],[9.319603,40.837686],[9.31985,40.83827],[9.319199,40.839041],[9.317064,40.839138],[9.31646,40.839431],[9.316202,40.839829],[9.3172,40.842475],[9.31749,40.846192],[9.319035,40.849016],[9.318738,40.849827],[9.317311,40.850882],[9.315194,40.851492],[9.313284,40.851273],[9.310992,40.851856],[9.306925,40.850882],[9.306014,40.850923],[9.302984,40.852182],[9.302513,40.853464],[9.301794,40.854332],[9.298554,40.855306],[9.298296,40.855679],[9.298509,40.856886],[9.298272,40.857244],[9.296687,40.857927],[9.295373,40.858002],[9.294176,40.858754],[9.293286,40.858892],[9.292234,40.858243],[9.291762,40.857578],[9.292093,40.856757],[9.293755,40.855297],[9.29409,40.85434],[9.293715,40.853569],[9.29261,40.853301],[9.290571,40.853691],[9.288812,40.853334],[9.28819,40.852879],[9.28746,40.851832],[9.28672,40.851694],[9.28452,40.851938],[9.283329,40.850729],[9.280304,40.850153],[9.279531,40.850185],[9.275476,40.852238],[9.274167,40.854105],[9.272665,40.854997],[9.264284,40.856051],[9.255638,40.860174],[9.247978,40.862666],[9.245317,40.862317],[9.243579,40.863672],[9.240758,40.864564],[9.24036,40.865408],[9.240768,40.866227],[9.245548,40.867817],[9.246755,40.869132],[9.24712,40.870292],[9.246991,40.871817],[9.244373,40.873943],[9.243558,40.874121],[9.240908,40.873724],[9.239824,40.873342],[9.238687,40.873326],[9.23594,40.871834],[9.233784,40.871201],[9.232893,40.870487],[9.230984,40.870365],[9.229288,40.869602],[9.228591,40.869732],[9.228119,40.870414],[9.228215,40.870779],[9.229321,40.872361],[9.230704,40.873756],[9.230866,40.874616],[9.230597,40.875233],[9.229739,40.87576],[9.229256,40.87576],[9.22799,40.874989],[9.227014,40.87477],[9.226016,40.875046],[9.225769,40.875598],[9.226188,40.876117],[9.227728,40.876595],[9.228473,40.877764],[9.230592,40.878947],[9.231799,40.88173],[9.233741,40.882939],[9.234073,40.883815],[9.233913,40.884132],[9.230511,40.886322],[9.230211,40.887141],[9.230704,40.887709],[9.233005,40.888365],[9.233736,40.889265],[9.234556,40.88972],[9.234792,40.890328],[9.233891,40.891439],[9.233548,40.892591],[9.232185,40.893402],[9.232003,40.894732],[9.231381,40.8953],[9.230786,40.896455],[9.229072,40.897635],[9.225677,40.898829],[9.224685,40.899963],[9.221767,40.90079],[9.221048,40.901204],[9.218666,40.901447],[9.217432,40.90229],[9.21681,40.902818],[9.216692,40.903458],[9.218999,40.905623],[9.219106,40.906361],[9.218462,40.906872],[9.217561,40.906953],[9.213978,40.904975],[9.212368,40.905153],[9.208472,40.903742],[9.207636,40.904038],[9.206753,40.905427],[9.205201,40.905802],[9.204358,40.906607],[9.203018,40.907197],[9.201682,40.907053],[9.200524,40.907237],[9.199248,40.907018],[9.19724,40.907557],[9.195529,40.907059],[9.192497,40.90772],[9.187746,40.905988],[9.187046,40.906171],[9.185951,40.907255],[9.183427,40.908073],[9.183015,40.908599],[9.183025,40.908956],[9.183953,40.909962],[9.18397,40.910545],[9.182977,40.911795],[9.183245,40.912922],[9.18309,40.913285],[9.18155,40.914786],[9.181298,40.915847],[9.182043,40.916862],[9.182393,40.918036],[9.182682,40.918271],[9.185429,40.918855],[9.187135,40.919812],[9.189205,40.92016],[9.189618,40.920429],[9.189837,40.920949],[9.188273,40.92274],[9.187621,40.923079],[9.186693,40.922924],[9.183927,40.921515],[9.183066,40.921535],[9.182124,40.922552],[9.182225,40.924146],[9.181885,40.924686],[9.181075,40.924982],[9.180019,40.92466]]]}},{"type":"Feature","properties":{"id":17956497,"nome":"Ferrovia Dismessa Tirso - Ozieri","uso":"","operatore":"","dal":"","wikipedia":""},"geometry":{"type":"MultiLineString","coordinates":[[[9.005582,40.320502],[9.00413,40.320855],[9.003198,40.322606],[9.004047,40.325665],[9.003682,40.327317],[9.003781,40.327685],[9.004454,40.328168],[9.005014,40.328233],[9.006772,40.328004],[9.008403,40.328716],[9.008574,40.32901],[9.008501,40.330785],[9.008083,40.332077],[9.008973,40.333059],[9.009177,40.334408],[9.009842,40.335234],[9.009875,40.335643],[9.009304,40.336273],[9.006943,40.33615],[9.006343,40.336616],[9.006409,40.337344],[9.007654,40.338285],[9.007598,40.339004],[9.007192,40.339708],[9.0073,40.340067],[9.009403,40.341319],[9.011237,40.341613],[9.011452,40.342153],[9.011194,40.342995],[9.011364,40.343322],[9.012855,40.344034],[9.014271,40.343952],[9.0147,40.344164],[9.015462,40.345767],[9.014679,40.347059],[9.014776,40.347468],[9.015453,40.348065],[9.016181,40.348326],[9.017898,40.348048],[9.018423,40.348514],[9.018223,40.349275],[9.016728,40.350714],[9.01731,40.351989],[9.017277,40.352913],[9.017771,40.353772],[9.01749,40.354385],[9.016471,40.355088],[9.016451,40.355464],[9.016977,40.355971],[9.018232,40.356233],[9.018447,40.356568],[9.018168,40.358481],[9.017471,40.359323],[9.01761,40.360361],[9.016451,40.361441],[9.016535,40.362021],[9.017578,40.362634],[9.017803,40.363264],[9.016795,40.364964],[9.014992,40.366394],[9.012718,40.36655],[9.0116,40.367874],[9.009284,40.369304],[9.008898,40.369901],[9.008574,40.371234],[9.008016,40.371683],[9.006978,40.371659],[9.005795,40.370882],[9.00498,40.370849],[9.004347,40.371217],[9.002995,40.374094],[9.001635,40.375149],[9.001429,40.376742],[9.000399,40.377633],[9.000238,40.378778],[8.999187,40.379579],[8.999079,40.380371],[9.003628,40.382594],[9.004894,40.382521],[9.007029,40.381017],[9.007673,40.380813],[9.008276,40.380976],[9.009199,40.38181],[9.010636,40.382169],[9.011044,40.382586],[9.01098,40.383665],[9.011312,40.38418],[9.013372,40.384417],[9.014209,40.384834],[9.014668,40.385438],[9.014368,40.387187],[9.013673,40.387563],[9.012265,40.387792],[9.011503,40.388952],[9.011784,40.389533],[9.012983,40.390111],[9.013456,40.39057],[9.013628,40.391722],[9.015829,40.395048],[9.01572,40.396094],[9.015966,40.396772],[9.016696,40.397083],[9.017385,40.396985],[9.018767,40.396486],[9.019915,40.395359],[9.020936,40.39538],[9.022876,40.396781],[9.023285,40.397725],[9.024753,40.398276],[9.026064,40.399637],[9.026341,40.400874],[9.026202,40.401209],[9.024959,40.402137],[9.02483,40.402423],[9.025118,40.402957],[9.02602,40.403178],[9.027682,40.402492],[9.028467,40.402693],[9.029047,40.403436],[9.029378,40.404436],[9.027972,40.405327],[9.027854,40.405776],[9.028167,40.406247],[9.028691,40.406462],[9.031813,40.406534],[9.034154,40.406066],[9.035145,40.406454],[9.035327,40.406928],[9.035139,40.408366],[9.036927,40.409571],[9.036891,40.410022],[9.035573,40.411972],[9.035686,40.412802],[9.036544,40.413703],[9.039521,40.414456],[9.040098,40.415304],[9.039892,40.415881],[9.03883,40.416788],[9.038883,40.41737],[9.039547,40.418087],[9.039505,40.418601],[9.038776,40.419508],[9.037778,40.420218],[9.0378,40.420856],[9.038304,40.421231],[9.040997,40.421272],[9.042048,40.421585],[9.042628,40.421934],[9.043153,40.422742],[9.044709,40.423265],[9.046018,40.424874],[9.04767,40.425438],[9.047777,40.42596],[9.047402,40.426752],[9.048046,40.427678],[9.048131,40.42819],[9.047005,40.429129],[9.046919,40.429431],[9.046983,40.42975],[9.047681,40.430403],[9.047897,40.431387],[9.049279,40.432249],[9.049591,40.43291],[9.050063,40.433237],[9.052359,40.433384],[9.052981,40.433743],[9.053828,40.434734],[9.054933,40.434837],[9.055523,40.435123],[9.056178,40.436106],[9.05797,40.437622],[9.059344,40.440466],[9.060162,40.441077],[9.061474,40.441486],[9.061651,40.44215],[9.060757,40.443126],[9.060569,40.44409],[9.060697,40.444451],[9.062519,40.445461],[9.063066,40.446857],[9.065014,40.447103],[9.065411,40.447585],[9.065207,40.448173],[9.063645,40.448923],[9.063559,40.449208],[9.063881,40.449747],[9.064504,40.449951],[9.06549,40.44969],[9.068093,40.44952],[9.068677,40.450066],[9.068259,40.451225],[9.068859,40.451984],[9.070351,40.452678],[9.073398,40.45285],[9.074101,40.453259],[9.074267,40.454001],[9.074138,40.454956],[9.072733,40.455919],[9.072968,40.457234],[9.072003,40.458279],[9.07181,40.458842],[9.073065,40.460401],[9.075125,40.461078],[9.07579,40.462238],[9.075983,40.463225],[9.077904,40.463732],[9.078269,40.464229],[9.078365,40.464899],[9.078912,40.465274],[9.079889,40.465111],[9.080635,40.464484],[9.082195,40.464556],[9.08271,40.464907],[9.083032,40.466303],[9.083618,40.466745],[9.084384,40.466727],[9.085564,40.466123],[9.086322,40.466271],[9.087678,40.46707],[9.087867,40.467561],[9.08771,40.468425],[9.088135,40.468883],[9.091761,40.468826],[9.09212,40.469094],[9.092463,40.470465],[9.093375,40.471037],[9.094083,40.472016],[9.09536,40.472212],[9.095864,40.472555],[9.096315,40.473738],[9.098407,40.474497],[9.099362,40.475281],[9.100831,40.475673],[9.101861,40.47644],[9.104855,40.476187],[9.105761,40.47641],[9.107666,40.476268],[9.108127,40.476864],[9.107655,40.477941],[9.107827,40.478463],[9.108814,40.47888],[9.110584,40.478455],[9.111313,40.478912],[9.111372,40.479446],[9.110659,40.481067],[9.11097,40.481761],[9.111432,40.482087],[9.11229,40.482062],[9.113459,40.480912],[9.114049,40.480748],[9.115326,40.481287],[9.116871,40.481385],[9.117236,40.481761],[9.117193,40.482756],[9.117601,40.483172],[9.119639,40.483523],[9.121179,40.484521],[9.122606,40.484791],[9.123721,40.485313],[9.12591,40.485672],[9.127911,40.485539],[9.134144,40.489333],[9.134139,40.490054],[9.133485,40.490739],[9.130046,40.492303],[9.128512,40.49347],[9.128565,40.494253],[9.129472,40.495031],[9.129027,40.496268],[9.129123,40.496603],[9.130373,40.497707],[9.132042,40.498243],[9.13245,40.499491],[9.132801,40.499811],[9.133394,40.499956],[9.134381,40.499761],[9.135132,40.500013],[9.136194,40.501874],[9.137114,40.502528],[9.137203,40.502975],[9.13647,40.503882],[9.136484,40.504329],[9.137567,40.505104],[9.13834,40.506303],[9.137299,40.508587],[9.136159,40.509821],[9.136106,40.510245],[9.136363,40.510669],[9.136838,40.510871],[9.138576,40.510292],[9.139786,40.510351],[9.140421,40.510782],[9.140711,40.511785],[9.141642,40.512724],[9.141524,40.514462],[9.142728,40.515178],[9.142996,40.515676],[9.143015,40.518197],[9.144088,40.519233],[9.144088,40.520342],[9.145979,40.521866],[9.146109,40.523125],[9.146681,40.523862],[9.147592,40.524],[9.14823,40.523501],[9.148057,40.522692],[9.148208,40.521761],[9.147728,40.520691],[9.1485,40.519281],[9.147931,40.517543],[9.14809,40.516085],[9.148845,40.515534],[9.150203,40.515653],[9.151225,40.51632],[9.152544,40.516573],[9.153875,40.517478],[9.156192,40.51725],[9.157351,40.518171],[9.157662,40.519028],[9.159089,40.519664],[9.160477,40.519536],[9.161546,40.519892],[9.161868,40.520398],[9.161717,40.521295],[9.162114,40.522526],[9.160589,40.524673],[9.1606,40.525056],[9.160956,40.525405],[9.161533,40.525546],[9.162157,40.525389],[9.162683,40.524639],[9.163155,40.524378],[9.165644,40.524688],[9.169108,40.526573],[9.169367,40.526979],[9.169386,40.527568],[9.168498,40.528398],[9.168155,40.52976],[9.167176,40.530479],[9.166706,40.531228],[9.164936,40.531888],[9.164485,40.532402],[9.164528,40.53303],[9.165644,40.534481],[9.165277,40.535331],[9.164666,40.535584],[9.162863,40.535584],[9.161587,40.536513],[9.15913,40.536318],[9.157533,40.537678],[9.157351,40.538126],[9.157834,40.538681],[9.158756,40.538697],[9.159196,40.538249],[9.159314,40.537376],[9.160323,40.536977],[9.163434,40.538591],[9.165227,40.538715],[9.165742,40.539],[9.165902,40.539529],[9.165773,40.539936],[9.1644,40.540662],[9.164046,40.541314],[9.164304,40.542449],[9.165236,40.543198],[9.165387,40.54363],[9.164905,40.544879],[9.164679,40.549842],[9.163049,40.552974],[9.159991,40.554286],[9.158016,40.55638],[9.155709,40.556453],[9.150828,40.555638],[9.149122,40.556127],[9.146901,40.558907],[9.147374,40.560017],[9.147309,40.561148],[9.148006,40.561849],[9.148608,40.563073],[9.148511,40.564141],[9.147609,40.564759],[9.144455,40.565256],[9.139788,40.567179],[9.138951,40.567285],[9.13718,40.567008],[9.135165,40.567271],[9.131945,40.566283],[9.130185,40.566291],[9.128297,40.565386],[9.127794,40.564043],[9.127332,40.563667],[9.126721,40.563546],[9.125272,40.564139],[9.121732,40.564182],[9.119285,40.564808],[9.117804,40.564637],[9.116089,40.565323],[9.114082,40.565461],[9.112173,40.566244],[9.111046,40.566961],[9.108352,40.566943],[9.106711,40.566813],[9.105691,40.566161],[9.10448,40.565877],[9.101958,40.564816],[9.099962,40.56462],[9.095166,40.563512],[9.091681,40.560948],[9.090007,40.56128],[9.086051,40.560413],[9.08019,40.561745],[9.077111,40.562079],[9.071252,40.558564],[9.070995,40.557115],[9.070308,40.556021],[9.071016,40.554798],[9.070533,40.553869],[9.067401,40.554074],[9.066092,40.554564],[9.065694,40.554921],[9.065684,40.555393],[9.06622,40.556135],[9.066934,40.557881],[9.066861,40.559075],[9.067507,40.560472],[9.066757,40.561564],[9.066692,40.563267],[9.066961,40.565543],[9.066778,40.565953],[9.065352,40.566545],[9.064552,40.567675],[9.062233,40.568275],[9.06144,40.567935],[9.061004,40.567141],[9.059902,40.566407],[9.05956,40.565577],[9.059134,40.565272],[9.056066,40.565273],[9.055259,40.56592],[9.055021,40.566962],[9.054335,40.567629],[9.054054,40.568239],[9.054485,40.569602],[9.055588,40.570174],[9.056588,40.571923],[9.057974,40.572516],[9.058324,40.573145],[9.058109,40.573745],[9.05722,40.57454],[9.05722,40.575371],[9.05765,40.576501],[9.056941,40.57771],[9.057683,40.578704],[9.057656,40.57936],[9.05693,40.580337],[9.055277,40.581131],[9.054927,40.582567],[9.055938,40.583775],[9.055486,40.585164],[9.055566,40.586603],[9.057873,40.588834],[9.058332,40.58955],[9.058081,40.590622],[9.058522,40.591504],[9.058528,40.592309],[9.057948,40.592976],[9.056643,40.593552],[9.055807,40.593494],[9.053735,40.592448],[9.050556,40.592934],[9.045099,40.591079],[9.044151,40.590329],[9.042516,40.589566],[9.042199,40.588729],[9.041232,40.587376],[9.040428,40.586699],[9.040002,40.58577],[9.037893,40.585285],[9.037679,40.584857],[9.037762,40.584311],[9.037207,40.583404],[9.034776,40.582987],[9.033751,40.582511],[9.030022,40.58336],[9.028451,40.582462],[9.027644,40.582474],[9.027177,40.582835],[9.026576,40.584271],[9.023609,40.585023],[9.022455,40.58486],[9.019814,40.585072],[9.016545,40.584338],[9.014956,40.584812],[9.014212,40.584544],[9.01369,40.583914],[9.012198,40.582844],[9.011447,40.581793],[9.010966,40.581488],[9.009577,40.581531],[9.008324,40.581948],[9.006362,40.581806],[9.005479,40.581458],[9.004074,40.580332],[9.003507,40.580124],[8.999385,40.580331],[8.998079,40.57985],[8.996686,40.580015],[8.995602,40.579639],[8.994728,40.578671],[8.992949,40.578592],[8.99149,40.578069],[8.989784,40.578443],[8.988204,40.577812],[8.986897,40.57791],[8.985076,40.57759],[8.983425,40.578339],[8.981149,40.578431],[8.980515,40.578246],[8.978514,40.576776],[8.977706,40.576579],[8.975463,40.577377],[8.970767,40.577485],[8.970325,40.577765],[8.970125,40.578352],[8.970519,40.578983],[8.971801,40.579866],[8.971698,40.580836],[8.970137,40.581587],[8.969722,40.582003],[8.969904,40.583315],[8.969529,40.584423],[8.968956,40.584801],[8.967402,40.585134],[8.966897,40.585822],[8.968217,40.587986],[8.96793,40.589012],[8.968007,40.589517],[8.969076,40.59022],[8.970368,40.591572],[8.970275,40.592396],[8.969139,40.592867],[8.967986,40.592498],[8.966538,40.59268],[8.964881,40.592125],[8.963437,40.592218],[8.96196,40.592026],[8.960216,40.592672],[8.959581,40.592554],[8.958351,40.591735],[8.957217,40.591924],[8.955768,40.592825],[8.954718,40.594312],[8.953292,40.59488],[8.952573,40.596274],[8.951251,40.597064],[8.951038,40.597332],[8.95083,40.59988],[8.950328,40.600779],[8.948218,40.603287],[8.945541,40.604784],[8.945293,40.605515],[8.945391,40.606674],[8.942477,40.610448],[8.941981,40.61081],[8.940902,40.611104],[8.937936,40.61081]]]}},{"type":"Feature","properties":{"id":17956567,"nome":"Ferrovia Isili-Villacidro","uso":"","operatore":"","dal":"","wikipedia":"it:Ferrovia Isili-Villacidro"},"geometry":{"type":"MultiLineString","coordinates":[[[8.896191,39.556932],[8.889699,39.552053],[8.889141,39.551109],[8.888002,39.546881],[8.887396,39.545704],[8.882434,39.540516],[8.856925,39.525656],[8.855738,39.525284],[8.853065,39.524945],[8.850648,39.52601]],[[9.113023,39.761414],[9.111485,39.761871],[9.109704,39.762061],[9.107145,39.763153],[9.103664,39.763521],[9.101754,39.763034],[9.101035,39.76315],[9.100531,39.763719],[9.100531,39.764453],[9.101303,39.766935],[9.100537,39.767872],[9.090006,39.76898],[9.088024,39.769413],[9.08502,39.770724],[9.08138,39.77326],[9.080436,39.773508],[9.077134,39.773189],[9.075911,39.772664],[9.075318,39.772304],[9.074599,39.7711],[9.069756,39.768169],[9.068779,39.767113],[9.066177,39.766036],[9.065523,39.76588],[9.064579,39.766069],[9.063029,39.767435],[9.062358,39.767694],[9.061231,39.767471],[9.060684,39.767009],[9.058978,39.764115],[9.058373,39.763782],[9.057498,39.763694],[9.056629,39.764074],[9.049193,39.769277],[9.046779,39.770226],[9.04402,39.772484],[9.04022,39.77472],[9.039576,39.777287],[9.035944,39.779736],[9.035032,39.779819],[9.034249,39.779612],[9.031475,39.778229],[9.030944,39.777292],[9.03104,39.774736],[9.029817,39.772996],[9.029817,39.77237],[9.031126,39.770638],[9.034634,39.769088],[9.035997,39.76677],[9.036057,39.76614],[9.035517,39.76517],[9.03468,39.764746],[9.03398,39.764667],[9.03251,39.765063],[9.031808,39.765019],[9.029517,39.763768],[9.029066,39.76329],[9.028927,39.762985],[9.029088,39.761715],[9.03045,39.760016],[9.030278,39.757698],[9.029989,39.757253],[9.027752,39.755748],[9.026094,39.753838],[9.02565,39.750989],[9.022854,39.747734],[9.022801,39.746909],[9.023251,39.745993],[9.024807,39.744121],[9.024941,39.742517],[9.024667,39.741754],[9.023412,39.740706],[9.023262,39.740087],[9.024045,39.737958],[9.024321,39.73769],[9.024968,39.737389],[9.026395,39.737191],[9.02743,39.736387],[9.027305,39.734066],[9.028597,39.732261],[9.029495,39.729939],[9.028903,39.728175],[9.029817,39.725788],[9.030287,39.725369],[9.031877,39.724765],[9.032554,39.723351],[9.033186,39.722801],[9.035922,39.722331],[9.036351,39.721885],[9.036405,39.721266],[9.035823,39.720566],[9.034536,39.720467],[9.033894,39.72087],[9.03325,39.722001],[9.032315,39.722728],[9.031148,39.723024],[9.029901,39.722902],[9.029002,39.722479],[9.028356,39.721887],[9.027625,39.719937],[9.027249,39.719623],[9.018337,39.71733],[9.012919,39.711099],[9.01293,39.710075],[9.01469,39.708276],[9.01455,39.707404],[9.013391,39.706197],[9.011699,39.705796],[9.005839,39.705983],[8.999078,39.704455],[8.99824,39.703969],[8.997438,39.703059],[8.997223,39.701895],[8.997489,39.699875],[8.99641,39.697937],[8.997416,39.695234],[8.997427,39.694656],[8.994916,39.690057],[8.991524,39.685444],[8.989067,39.679672],[8.988166,39.678987],[8.981613,39.67759],[8.98087,39.677146],[8.980196,39.676203],[8.978184,39.671436],[8.979704,39.667402],[8.979895,39.664966],[8.9809,39.662351],[8.980834,39.661749],[8.979987,39.661065],[8.973799,39.659751],[8.972204,39.65881],[8.971869,39.658382],[8.971538,39.657133],[8.973351,39.650203],[8.973263,39.648858],[8.971978,39.647196],[8.96313,39.638389],[8.962065,39.633465],[8.960799,39.629011],[8.960888,39.626796],[8.960617,39.624679],[8.958839,39.623091],[8.957053,39.619213],[8.957203,39.61775],[8.956924,39.617164],[8.949062,39.604142],[8.948497,39.602857],[8.947967,39.599025],[8.946004,39.576652],[8.945519,39.574595],[8.943444,39.568853],[8.942667,39.567929],[8.941573,39.565768],[8.941337,39.564991],[8.941315,39.563477],[8.940575,39.561939],[8.937436,39.558268],[8.936513,39.557493],[8.930612,39.557385],[8.929807,39.557129],[8.929474,39.556434],[8.930322,39.553787],[8.929356,39.552335],[8.92956,39.550552],[8.928795,39.550044],[8.923795,39.550466],[8.922915,39.550722],[8.915888,39.555834],[8.915094,39.556215],[8.905135,39.555971],[8.901305,39.556586],[8.899251,39.557158],[8.897275,39.557251],[8.896302,39.557068]]]}},{"type":"Feature","properties":{"id":17956933,"nome":"Ferrovia Dismessa San Giovanni Suergiu–Calasetta","uso":"","operatore":"","dal":"1926","wikipedia":""},"geometry":{"type":"MultiLineString","coordinates":[[[8.372098,39.111865],[8.374862,39.108992],[8.376883,39.104605],[8.377465,39.102167],[8.379606,39.098287],[8.38001,39.097861],[8.380723,39.097603],[8.386887,39.098289],[8.394625,39.101012],[8.398495,39.101575],[8.404461,39.101463],[8.405641,39.101271],[8.410372,39.101853],[8.416176,39.104014],[8.417233,39.103906],[8.421418,39.101821],[8.426953,39.101717],[8.427951,39.101442],[8.428456,39.10094],[8.430864,39.096438],[8.431567,39.095738],[8.43536,39.094398],[8.450828,39.086732],[8.451925,39.085771],[8.454081,39.083018],[8.454194,39.082637],[8.453727,39.079508],[8.455583,39.075418],[8.457064,39.073143],[8.458658,39.071571],[8.459114,39.068776],[8.45831,39.066442],[8.457709,39.065734],[8.457486,39.064769],[8.457633,39.063186],[8.458153,39.062657],[8.461815,39.060506],[8.463259,39.058647],[8.463561,39.057313],[8.464858,39.056892],[8.471089,39.058478],[8.474531,39.058717],[8.478023,39.06025],[8.47875,39.061004],[8.479131,39.062303],[8.478001,39.068668],[8.478042,39.069512],[8.489263,39.08418],[8.489503,39.084588],[8.49027,39.088464],[8.490999,39.089228],[8.501856,39.096534],[8.510295,39.101766],[8.528405,39.106346]]]}},{"type":"Feature","properties":{"id":17956952,"nome":"Ferrovia San Giovanni Suergiu-IglesiasDismessa San Giovanni Suergiu–Iglesias","uso":"","operatore":"","dal":"1926","wikipedia":"it:Ferrovia San Giovanni Suergiu-Iglesias"},"geometry":{"type":"MultiLineString","coordinates":[[[8.528405,39.106346],[8.529361,39.107234],[8.529168,39.10835],[8.521309,39.113998],[8.518613,39.117112],[8.515523,39.1214],[8.511314,39.127571],[8.510165,39.1301],[8.510082,39.131814],[8.51131,39.135723],[8.511478,39.138347],[8.511822,39.146747],[8.511341,39.150175],[8.511788,39.151612],[8.515096,39.157501],[8.515206,39.158521],[8.513533,39.160904],[8.508063,39.165883],[8.506353,39.168034],[8.499104,39.181542],[8.497384,39.185587],[8.492389,39.190564],[8.493068,39.194249],[8.494696,39.196983],[8.496476,39.198438],[8.498118,39.200475],[8.500457,39.202263],[8.501036,39.203493],[8.501066,39.204161],[8.496552,39.20716],[8.495453,39.207629],[8.488988,39.210164],[8.484063,39.210094],[8.482499,39.210327],[8.471661,39.215847],[8.468308,39.219417],[8.467541,39.221391],[8.466565,39.222771],[8.465223,39.229029],[8.465535,39.230126],[8.465159,39.231198],[8.464269,39.232104],[8.46135,39.233899],[8.460696,39.234854],[8.457477,39.245914],[8.457316,39.24741],[8.457842,39.248191],[8.459945,39.248332],[8.460642,39.248681],[8.460825,39.249097],[8.460164,39.25583],[8.460353,39.256416],[8.461468,39.257654],[8.461802,39.258348],[8.461624,39.25922],[8.460342,39.2615],[8.461883,39.263748],[8.462015,39.264382],[8.461855,39.265612],[8.462037,39.266193],[8.46341,39.267356],[8.465127,39.267165],[8.46635,39.267481],[8.469793,39.271536],[8.470104,39.273716],[8.470049,39.274899],[8.469392,39.276901],[8.468517,39.278133],[8.468283,39.279255],[8.468869,39.282129],[8.46943,39.283504],[8.469436,39.284376],[8.469756,39.284901],[8.472068,39.28553],[8.473163,39.28669],[8.474525,39.286898],[8.476027,39.287479],[8.476671,39.288434],[8.48013,39.290512],[8.481649,39.291864],[8.484111,39.292096],[8.485952,39.291523],[8.486842,39.291722],[8.487793,39.292395],[8.490153,39.293131],[8.49167,39.295285],[8.493979,39.29645],[8.495264,39.296439],[8.501176,39.29462],[8.501873,39.294761],[8.503461,39.296015],[8.504566,39.296239],[8.505757,39.296073],[8.506798,39.295525],[8.507559,39.294811],[8.509544,39.291772],[8.510832,39.291091],[8.51228,39.290909],[8.513696,39.291258],[8.51478,39.291897],[8.51714,39.295002],[8.518374,39.297095],[8.519423,39.297944],[8.520456,39.298406],[8.52185,39.298664],[8.523105,39.298589],[8.524372,39.298224],[8.527462,39.296794],[8.529633,39.296786],[8.531476,39.297829],[8.532075,39.298754],[8.532334,39.299662],[8.533318,39.300686],[8.53721,39.302533],[8.541071,39.303151],[8.542159,39.304069],[8.543308,39.306755],[8.54341,39.307541],[8.543217,39.308228],[8.542431,39.309193],[8.538818,39.310814]]]}},{"type":"Feature","properties":{"id":17956968,"nome":"Ferrovia Dismessa Siliqua–San Giovanni Suergiu","uso":"","operatore":"","dal":"1926","wikipedia":""},"geometry":{"type":"MultiLineString","coordinates":[[[8.528405,39.106346],[8.529971,39.106554],[8.555742,39.104822],[8.574123,39.100582],[8.581985,39.100293],[8.585479,39.097445],[8.585525,39.094721],[8.58957,39.085354],[8.590117,39.084546],[8.597211,39.081111],[8.60311,39.078708],[8.606348,39.075427],[8.622795,39.065323],[8.623501,39.065136],[8.624188,39.065277],[8.627943,39.067468],[8.630091,39.069488],[8.631108,39.07005],[8.63633,39.071072],[8.63899,39.071883],[8.655649,39.073778],[8.656872,39.073586],[8.65919,39.07202],[8.66022,39.071879],[8.672279,39.077509],[8.673105,39.0782],[8.675467,39.08276],[8.674489,39.085787],[8.674542,39.086362],[8.675768,39.088282],[8.677935,39.090647],[8.678514,39.093836],[8.679424,39.094414],[8.684349,39.093765],[8.690561,39.093906],[8.692655,39.09337],[8.694305,39.091916],[8.69776,39.090526],[8.698629,39.090642],[8.70024,39.091438],[8.700721,39.092274],[8.702236,39.099073],[8.702094,39.099793],[8.700893,39.102108],[8.700367,39.102657],[8.693597,39.105913],[8.692674,39.106587],[8.689531,39.113738],[8.689576,39.114359],[8.691357,39.117447],[8.691344,39.118141],[8.690573,39.120543],[8.689994,39.121309],[8.689112,39.121712],[8.685507,39.12182],[8.684574,39.122228],[8.684125,39.122849],[8.683201,39.12634],[8.681806,39.12867],[8.68142,39.130676],[8.682042,39.132132],[8.682975,39.133056],[8.684005,39.133663],[8.688286,39.135195],[8.689949,39.136618],[8.690314,39.137209],[8.690563,39.138795],[8.691902,39.142176],[8.691657,39.144129],[8.691088,39.144944],[8.687533,39.145904],[8.685915,39.14741],[8.683707,39.152915],[8.684361,39.155952],[8.686314,39.158139],[8.686409,39.159016],[8.685745,39.160852],[8.68463,39.162732],[8.683447,39.163575],[8.681226,39.16449],[8.679233,39.166525],[8.678986,39.16709],[8.679092,39.167643],[8.679692,39.168267],[8.681226,39.168458],[8.683716,39.167551],[8.684788,39.167468],[8.687677,39.168663],[8.688522,39.168757],[8.689498,39.168458],[8.691086,39.166162],[8.691805,39.165821],[8.69273,39.165884],[8.694275,39.166816],[8.696494,39.166911],[8.697105,39.167568],[8.69776,39.170147],[8.697762,39.172697],[8.698242,39.17349],[8.698843,39.173706],[8.701547,39.173557],[8.70244,39.173753],[8.702901,39.17436],[8.703129,39.175813],[8.704272,39.177241],[8.704787,39.177541],[8.706182,39.177516],[8.707641,39.176933],[8.709282,39.17557],[8.710484,39.175528],[8.711082,39.175735],[8.713284,39.177823],[8.716366,39.178635],[8.718812,39.18029],[8.719485,39.180368],[8.722651,39.179736],[8.725944,39.180967],[8.726502,39.181533],[8.72762,39.18355],[8.728948,39.184759],[8.730021,39.186614],[8.735193,39.189291],[8.735313,39.189762],[8.734713,39.190899],[8.734758,39.191517],[8.735148,39.192003],[8.736507,39.192669],[8.738873,39.192288],[8.739477,39.192545],[8.740436,39.193402],[8.742011,39.193524],[8.742843,39.193159],[8.743529,39.19209],[8.744048,39.191822],[8.747329,39.191863],[8.747948,39.192001],[8.749784,39.193042],[8.750508,39.19317],[8.754554,39.191222],[8.755746,39.189806],[8.756412,39.189367],[8.757959,39.189282],[8.759817,39.189545],[8.761261,39.189124],[8.76299,39.189393],[8.764808,39.188834],[8.768073,39.18923],[8.769032,39.189596],[8.769805,39.190129],[8.769938,39.190484],[8.769886,39.191053],[8.769441,39.191877],[8.769518,39.192294],[8.771097,39.193911],[8.770071,39.195934],[8.770135,39.196379],[8.770554,39.196886],[8.771802,39.197628],[8.775213,39.203664],[8.776745,39.205779],[8.777767,39.206241],[8.779631,39.206452],[8.780266,39.206715],[8.78096,39.207902],[8.782459,39.209267],[8.782359,39.210897],[8.782628,39.212052],[8.782087,39.214961],[8.782467,39.215865],[8.783293,39.216279],[8.78638,39.216862],[8.786852,39.217417],[8.78728,39.218765],[8.788805,39.220883],[8.789579,39.22132],[8.790317,39.221232],[8.790933,39.220655],[8.790918,39.218973],[8.789546,39.217625],[8.789974,39.216395],[8.789845,39.215746],[8.788429,39.214483],[8.788193,39.213934],[8.788354,39.213394],[8.788887,39.213039],[8.789995,39.213037],[8.791016,39.214393],[8.790972,39.215347],[8.79121,39.21581],[8.792691,39.216441],[8.793002,39.216915],[8.793002,39.21822],[8.794858,39.219583],[8.794811,39.220743],[8.795066,39.221293],[8.799471,39.222891],[8.800641,39.224421],[8.803701,39.226241],[8.804142,39.22725],[8.804675,39.227713],[8.807387,39.228172],[8.809093,39.22764],[8.809672,39.227665],[8.810232,39.227995],[8.811011,39.228914],[8.811659,39.230479],[8.813107,39.23156],[8.813612,39.232407],[8.813505,39.233696],[8.814275,39.235652],[8.818503,39.237806],[8.819743,39.239936],[8.821958,39.242295],[8.823608,39.242567],[8.825907,39.241153],[8.827078,39.241342],[8.827384,39.242057],[8.827026,39.243186],[8.826433,39.243791],[8.824298,39.244979],[8.823885,39.246729],[8.821438,39.248288],[8.820066,39.250414],[8.818312,39.251958],[8.816946,39.255909],[8.814663,39.258639],[8.811796,39.264407],[8.809814,39.269337],[8.809715,39.272231],[8.80993,39.2767],[8.810533,39.277801],[8.812936,39.280076],[8.813341,39.280844],[8.813417,39.281649],[8.813129,39.282601],[8.81094,39.285865],[8.808183,39.296036],[8.80858,39.296626],[8.809672,39.296978],[8.813695,39.296422]]]}},{"type":"Feature","properties":{"id":17959804,"nome":"Cintura Nord di Roma","uso":"","operatore":"","dal":"","wikipedia":""},"geometry":{"type":"MultiLineString","coordinates":[[[12.519803,41.939985],[12.512941,41.943535],[12.511824,41.943589],[12.510555,41.943306],[12.506901,41.941543],[12.504891,41.941419],[12.502871,41.941807],[12.499534,41.943806],[12.493909,41.947918],[12.489268,41.950457],[12.488589,41.950676],[12.48442,41.950887],[12.480762,41.951391],[12.477961,41.951253],[12.476611,41.950954],[12.462275,41.94643],[12.459014,41.945137],[12.444175,41.935768],[12.435056,41.930387],[12.433382,41.928975],[12.432477,41.927545],[12.431918,41.923652],[12.432327,41.920516],[12.432441,41.915855],[12.434365,41.909048],[12.435571,41.907437],[12.436469,41.906877],[12.439423,41.905732],[12.441458,41.903566]],[[12.519831,41.94001],[12.51477,41.943023],[12.513075,41.94361],[12.511836,41.943648],[12.510557,41.943356],[12.506917,41.941586],[12.504907,41.941462],[12.502903,41.941846],[12.499583,41.94384],[12.493976,41.94795],[12.489312,41.950497],[12.488091,41.950785],[12.484361,41.950966],[12.480703,41.951472],[12.477922,41.951293],[12.476551,41.950981],[12.462262,41.946452],[12.458987,41.945164],[12.444152,41.935799],[12.435032,41.930413],[12.433344,41.928994],[12.432437,41.927558],[12.431876,41.923652],[12.432285,41.920516],[12.432399,41.915852],[12.434315,41.909069],[12.43554,41.907409],[12.438485,41.905984],[12.441422,41.90354]]]}},{"type":"Feature","properties":{"id":17974716,"nome":"Campobasso - Vairano-Caianello","uso":"","operatore":"","dal":"","wikipedia":""},"geometry":{"type":"MultiLineString","coordinates":[[[14.106148,41.314583],[14.09956,41.323856],[14.098951,41.325634],[14.099187,41.326943],[14.099668,41.327789],[14.106342,41.335951],[14.106867,41.337295],[14.104408,41.360688],[14.106869,41.373037],[14.10382,41.398025],[14.103515,41.399084],[14.096086,41.411606],[14.09243,41.415159],[14.091,41.418058],[14.086344,41.422569],[14.04459,41.47641],[14.043791,41.47789],[14.043761,41.47902],[14.044039,41.4798],[14.044933,41.480917],[14.045774,41.481464],[14.134098,41.526754],[14.13546,41.527108],[14.143974,41.527413],[14.157259,41.528418],[14.159409,41.529139],[14.160631,41.53025],[14.16122,41.531901],[14.159465,41.542299],[14.159705,41.544272],[14.160141,41.545201],[14.161077,41.546423],[14.167654,41.552801],[14.172085,41.55669],[14.174179,41.558006],[14.180714,41.561068],[14.182983,41.561732],[14.200951,41.565663],[14.202377,41.565767],[14.203839,41.565627],[14.205415,41.565117],[14.208219,41.563439],[14.210525,41.562503],[14.213976,41.561875],[14.218769,41.561824],[14.231571,41.563081],[14.236622,41.562093],[14.239215,41.56211],[14.24133,41.562762],[14.243355,41.564263],[14.244013,41.564962],[14.244498,41.565976],[14.242473,41.572733],[14.240279,41.57596],[14.239988,41.57677],[14.240166,41.577991],[14.241681,41.580332],[14.242853,41.584345],[14.242764,41.589031],[14.24212,41.590078],[14.240941,41.590823],[14.234737,41.592373],[14.233847,41.593115],[14.233491,41.594069],[14.233646,41.594895],[14.234301,41.59584],[14.238975,41.600535],[14.239948,41.601226],[14.241438,41.60156],[14.243014,41.601237],[14.249504,41.596413],[14.250842,41.595874],[14.251853,41.595777],[14.253503,41.59606],[14.254339,41.596533],[14.2574,41.599771],[14.258824,41.600645],[14.263405,41.601237],[14.264687,41.601124],[14.266568,41.600493],[14.274817,41.595794],[14.27538,41.595291],[14.275816,41.594526],[14.275946,41.593705],[14.275641,41.592734],[14.274763,41.591406],[14.274649,41.590405],[14.274959,41.589526],[14.279428,41.583208],[14.282303,41.579704],[14.284147,41.578474],[14.286025,41.577986],[14.288018,41.578066],[14.289365,41.57859],[14.290235,41.579362],[14.292152,41.582139],[14.293364,41.582852],[14.29506,41.583122],[14.297369,41.582715],[14.298578,41.582731],[14.311568,41.5858],[14.31254,41.586287],[14.315183,41.58925],[14.316968,41.590193],[14.317972,41.590293],[14.320524,41.589962],[14.323197,41.590063],[14.324685,41.58974],[14.325409,41.58935],[14.329608,41.585523],[14.331397,41.579311],[14.33206,41.578085],[14.354917,41.549555],[14.355538,41.548397],[14.355946,41.546525],[14.357505,41.543333],[14.358776,41.542079],[14.360534,41.541589],[14.367365,41.541281],[14.368849,41.54059],[14.370357,41.538981],[14.371307,41.538408],[14.381743,41.535083],[14.388356,41.534113],[14.390379,41.533554],[14.449019,41.504421],[14.460835,41.500007],[14.463058,41.498575],[14.481493,41.481468],[14.483644,41.479917],[14.495319,41.476692],[14.531015,41.472046],[14.533502,41.47157],[14.535172,41.470714],[14.536213,41.469695],[14.541994,41.45966],[14.543169,41.458575],[14.544775,41.457918],[14.574301,41.456703],[14.576985,41.456001],[14.580317,41.453663],[14.582134,41.453001],[14.585332,41.453085],[14.586694,41.453405],[14.587798,41.454207],[14.588896,41.455572],[14.589073,41.456342],[14.588936,41.457385],[14.58663,41.461848],[14.58679,41.463144],[14.587483,41.464073],[14.58923,41.464841],[14.597501,41.466282],[14.598353,41.466798],[14.598912,41.467511],[14.599049,41.46828],[14.598685,41.469328],[14.597897,41.470047],[14.594447,41.471912],[14.593922,41.472459],[14.592132,41.475566],[14.591576,41.476071],[14.588869,41.477322],[14.586806,41.479948],[14.586339,41.481399],[14.586841,41.483154],[14.588542,41.485235],[14.590106,41.486168],[14.592617,41.48695],[14.593799,41.48783],[14.594153,41.489097],[14.593372,41.491425],[14.59379,41.492355],[14.594805,41.493177],[14.59908,41.494214],[14.600919,41.495289],[14.601867,41.496226],[14.604435,41.500265],[14.604773,41.501159],[14.604882,41.502246],[14.604476,41.505159],[14.604172,41.506083],[14.6029,41.507413],[14.601098,41.507849],[14.598337,41.507333],[14.594265,41.507931],[14.591338,41.507658],[14.589371,41.508399],[14.588681,41.509466],[14.588745,41.510695],[14.589463,41.511601],[14.591881,41.512726],[14.592292,41.513149],[14.593089,41.515045],[14.595586,41.516869],[14.596609,41.518105],[14.597047,41.51955],[14.596672,41.521914],[14.597095,41.52294],[14.598343,41.524048],[14.602311,41.525115],[14.604827,41.526717],[14.609148,41.527216],[14.614078,41.528668],[14.615468,41.529454],[14.616821,41.531747],[14.618321,41.532739],[14.621073,41.533244],[14.622034,41.533134],[14.62423,41.53233],[14.626097,41.532299],[14.627013,41.532572],[14.62932,41.533931],[14.632181,41.53477],[14.632974,41.535504],[14.633406,41.536453],[14.633014,41.538786],[14.633103,41.539569],[14.633652,41.540332],[14.634605,41.541058],[14.639115,41.543236],[14.640967,41.543785],[14.643593,41.54408],[14.644834,41.54451],[14.645656,41.545174],[14.646836,41.54702],[14.647581,41.550093],[14.648558,41.551305],[14.652483,41.553173],[14.653253,41.553365],[14.656561,41.55343],[14.660647,41.554648],[14.661888,41.555464],[14.663979,41.558145]]]}},{"type":"Feature","properties":{"id":17974717,"nome":"Rocca d'Evandro-San Vittore - Venafro","uso":"","operatore":"","dal":"","wikipedia":""},"geometry":{"type":"MultiLineString","coordinates":[[[13.906206,41.438867],[13.912718,41.438939],[13.919484,41.438319],[13.922357,41.438425],[13.924894,41.438928],[13.934177,41.442228],[13.937554,41.442769],[13.941295,41.442571],[13.946153,41.441369],[13.949063,41.440889],[13.951697,41.440885],[13.957858,41.441711],[13.960683,41.44176],[13.962421,41.441564],[13.965395,41.440761],[13.967223,41.43995],[13.974403,41.435482],[13.979269,41.433608],[13.989531,41.430267],[13.993459,41.429475],[14.001122,41.428803],[14.010348,41.429167],[14.013687,41.429775],[14.017032,41.430926],[14.02014,41.432817],[14.022134,41.434971],[14.026537,41.440704],[14.027593,41.442616],[14.029,41.446264],[14.029536,41.449393],[14.029588,41.451394],[14.026841,41.460799],[14.026799,41.465724],[14.027401,41.467184],[14.029223,41.469297],[14.037587,41.476862],[14.039322,41.478198],[14.052639,41.484979]]]}},{"type":"Feature","properties":{"id":17974718,"nome":"Benevento - Bosco Redole","uso":"","operatore":"","dal":"","wikipedia":""},"geometry":{"type":"MultiLineString","coordinates":[[[14.775702,41.140958],[14.777543,41.141616],[14.778754,41.14266],[14.782168,41.150305],[14.783157,41.151232],[14.78446,41.151638],[14.785712,41.151579],[14.786656,41.151246],[14.787901,41.150436],[14.789471,41.149984],[14.790574,41.150017],[14.792988,41.150586],[14.79651,41.15049],[14.7975,41.150728],[14.801778,41.152587],[14.803629,41.153916],[14.804158,41.154546],[14.804346,41.155342],[14.804218,41.156081],[14.802213,41.159856],[14.802196,41.160685],[14.802827,41.162681],[14.802717,41.163356],[14.802281,41.164094],[14.801036,41.165365],[14.800073,41.16595],[14.796883,41.166187],[14.795151,41.166726],[14.793855,41.167715],[14.792431,41.169892],[14.79139,41.170405],[14.789369,41.170713],[14.788525,41.171073],[14.787834,41.171702],[14.787458,41.172524],[14.787586,41.173538],[14.788252,41.174385],[14.788917,41.174816],[14.789847,41.175053],[14.79132,41.174997],[14.79261,41.174385],[14.794162,41.172806],[14.795441,41.172318],[14.805079,41.172306],[14.806,41.172569],[14.807015,41.173185],[14.808252,41.17515],[14.809633,41.175978],[14.811279,41.176112],[14.81365,41.175348],[14.814495,41.175284],[14.818639,41.175809],[14.820157,41.176265],[14.821428,41.177484],[14.822588,41.18063],[14.823671,41.181374],[14.825428,41.181772],[14.826716,41.182478],[14.827279,41.183306],[14.827705,41.18468],[14.82884,41.185611],[14.830434,41.185938],[14.832004,41.185559],[14.832985,41.184763],[14.8344,41.182786],[14.835287,41.18235],[14.836243,41.182196],[14.837684,41.182382],[14.838878,41.18312],[14.839381,41.183918],[14.839307,41.185196],[14.838771,41.185922],[14.837856,41.186473],[14.83138,41.189155],[14.829775,41.189635],[14.828201,41.1898],[14.826384,41.189642],[14.824712,41.189193],[14.817541,41.185523],[14.816322,41.185321],[14.81446,41.18548],[14.812644,41.186287],[14.811212,41.187396],[14.809838,41.18791],[14.808124,41.188128],[14.804984,41.188031],[14.803262,41.188476],[14.797637,41.192132],[14.796604,41.192491],[14.793415,41.193014],[14.789505,41.195245],[14.785062,41.196785],[14.783296,41.198152],[14.780925,41.198987],[14.780149,41.199513],[14.779612,41.2002],[14.779364,41.201027],[14.779561,41.202413],[14.780132,41.203485],[14.780959,41.204319],[14.782042,41.204954],[14.785718,41.206052],[14.786409,41.206482],[14.787066,41.207489],[14.787006,41.209716],[14.787433,41.211236],[14.788141,41.212122],[14.790043,41.213296],[14.790563,41.21438],[14.790247,41.215625],[14.788797,41.217164],[14.788021,41.218775],[14.786239,41.220186],[14.785642,41.221578],[14.784328,41.222681],[14.783706,41.223881],[14.783857,41.224718],[14.784284,41.2254],[14.785072,41.225945],[14.787346,41.226858],[14.787913,41.227443],[14.78826,41.22838],[14.78819,41.229651],[14.787353,41.232702],[14.787483,41.233364],[14.788533,41.235304],[14.788486,41.239133],[14.788313,41.239726],[14.786951,41.241722],[14.786296,41.242374],[14.785136,41.242851],[14.779602,41.243374],[14.776975,41.244477],[14.773728,41.24476],[14.77278,41.245309],[14.771524,41.246778],[14.770529,41.247247],[14.76923,41.247379],[14.766405,41.24702],[14.764084,41.247619],[14.762325,41.248793],[14.760936,41.251684],[14.760368,41.252424],[14.758233,41.253696],[14.756834,41.254876],[14.755578,41.255394],[14.754105,41.255686],[14.753327,41.255619],[14.749902,41.254758],[14.748073,41.253819],[14.746026,41.253491],[14.744552,41.253583],[14.742157,41.254722],[14.741284,41.255455],[14.740261,41.256809],[14.738855,41.257661],[14.73818,41.258466],[14.737948,41.260615],[14.73689,41.26241],[14.737047,41.263426],[14.738073,41.265108],[14.737995,41.266016],[14.737593,41.266718],[14.736911,41.267257],[14.73571,41.267682],[14.731561,41.26717],[14.729599,41.2675],[14.728511,41.26837],[14.727918,41.270467],[14.726819,41.271867],[14.726383,41.274164],[14.726444,41.277426],[14.726997,41.278595],[14.728423,41.279954],[14.728655,41.281082],[14.728245,41.281994],[14.727106,41.283127],[14.726785,41.283784],[14.726985,41.287705],[14.726328,41.290039],[14.725387,41.290849],[14.72366,41.291254],[14.7193,41.290397],[14.716626,41.290639],[14.713037,41.290141],[14.711345,41.290618],[14.710499,41.291387],[14.710185,41.29231],[14.710308,41.293007],[14.713446,41.297987],[14.713903,41.300747],[14.714825,41.303228],[14.716639,41.304802],[14.719212,41.306278],[14.720665,41.308349],[14.72089,41.309579],[14.720378,41.312418],[14.720604,41.313448],[14.721354,41.314857],[14.721375,41.315652],[14.721095,41.316292],[14.72026,41.317097],[14.719319,41.317473],[14.715643,41.317512],[14.713549,41.317983],[14.712184,41.317835],[14.709769,41.316756],[14.708103,41.316825],[14.70441,41.317975],[14.701222,41.320985],[14.700166,41.32137],[14.698179,41.321657],[14.697096,41.322177],[14.696521,41.322802],[14.696007,41.324394],[14.695283,41.325173],[14.692459,41.326223],[14.690712,41.327878],[14.688119,41.328897],[14.68741,41.329697],[14.686946,41.331352],[14.686536,41.331864],[14.68406,41.33317],[14.682545,41.335112],[14.679818,41.336108],[14.67888,41.336829],[14.678508,41.337456],[14.675757,41.347374],[14.675976,41.348636],[14.676478,41.349533],[14.679507,41.352381],[14.680315,41.35429],[14.680359,41.357609],[14.679474,41.359494],[14.679513,41.36078],[14.680304,41.361739],[14.682411,41.362714],[14.684654,41.364532],[14.685764,41.364817],[14.687803,41.364933],[14.691201,41.364322],[14.694674,41.365335],[14.698195,41.364478],[14.700457,41.364708],[14.701978,41.3646],[14.704734,41.365053],[14.706542,41.364396],[14.708006,41.362565],[14.708508,41.362242],[14.710316,41.361875],[14.711622,41.362134],[14.712756,41.362931],[14.713114,41.363556],[14.713071,41.36488],[14.710689,41.367088],[14.710517,41.367734],[14.710747,41.369619],[14.710216,41.370491],[14.709268,41.371159],[14.708006,41.37145],[14.703413,41.37089],[14.702079,41.371051],[14.700759,41.371805],[14.699553,41.373711],[14.698421,41.374506],[14.697042,41.374734],[14.695435,41.374433],[14.693914,41.374476],[14.691306,41.375869],[14.689087,41.376342],[14.686165,41.377847],[14.683733,41.3803],[14.68203,41.380639],[14.679883,41.380393],[14.678403,41.380791],[14.677355,41.381577],[14.675836,41.383243],[14.674081,41.384549],[14.67266,41.388843],[14.672962,41.389865],[14.674821,41.39179],[14.675005,41.392704],[14.674782,41.393544],[14.67359,41.394502],[14.67048,41.395455],[14.669851,41.396079],[14.669223,41.397881],[14.668836,41.398387],[14.666062,41.400135],[14.664892,41.401805],[14.663181,41.403524],[14.662682,41.405446],[14.661389,41.408313],[14.660554,41.409602],[14.658467,41.411449],[14.658074,41.412155],[14.655921,41.418545],[14.655242,41.422443],[14.656281,41.431765],[14.655979,41.434827],[14.655528,41.436641],[14.654788,41.43836],[14.653104,41.440645],[14.651288,41.442306],[14.648786,41.444035],[14.645001,41.446006],[14.643163,41.446583],[14.63868,41.447135],[14.630079,41.451248],[14.628958,41.451343],[14.625081,41.450676],[14.623454,41.450931],[14.618564,41.452509],[14.596916,41.453533],[14.59471,41.453962],[14.589524,41.456689],[14.587042,41.460876]]]}},{"type":"Feature","properties":{"id":17976116,"nome":"Ferrovia Bitritto","uso":"","operatore":"","dal":"","wikipedia":""},"geometry":{"type":"MultiLineString","coordinates":[[[16.842233,41.11189],[16.840847,41.108329],[16.841484,41.10369],[16.840168,41.098677],[16.840166,41.097465],[16.840955,41.095701],[16.849641,41.08611],[16.850587,41.084349],[16.850925,41.081989],[16.852371,41.060919],[16.851916,41.059341],[16.850231,41.056597],[16.849745,41.055144],[16.849724,41.053492],[16.850312,41.04863],[16.850206,41.047621],[16.849344,41.046055],[16.84711,41.043854],[16.845166,41.042651],[16.842482,41.042166],[16.840407,41.042446],[16.836657,41.043789],[16.833043,41.043874]]]}},{"type":"Feature","properties":{"id":17977510,"nome":"Ferrovia Cancello-Avellino","uso":"","operatore":"","dal":"","wikipedia":""},"geometry":{"type":"MultiLineString","coordinates":[[[14.60848,40.816442],[14.617315,40.809],[14.622379,40.805983],[14.626988,40.804392],[14.640591,40.801568],[14.642654,40.800739],[14.644525,40.799687],[14.646748,40.797913],[14.647967,40.796276],[14.648979,40.794073],[14.649228,40.793043],[14.650988,40.778704],[14.650567,40.775655],[14.65079,40.774134],[14.653447,40.77067],[14.654678,40.769474],[14.656512,40.76831],[14.658476,40.767616],[14.660963,40.767249],[14.66303,40.767359],[14.708994,40.773213],[14.726906,40.77737],[14.730028,40.777614],[14.74885,40.777848],[14.751785,40.778374],[14.753986,40.779146],[14.75699,40.78089],[14.763864,40.786637],[14.765268,40.788574],[14.765772,40.790261],[14.765626,40.802625],[14.765271,40.804555],[14.763902,40.806997],[14.758428,40.812742],[14.757613,40.814033],[14.757264,40.815241],[14.757631,40.826015],[14.757964,40.828953],[14.759356,40.831489],[14.76119,40.833202],[14.764794,40.835359],[14.765926,40.836476],[14.766255,40.83743],[14.766542,40.840563],[14.76642,40.842313],[14.766621,40.84292],[14.76872,40.845739],[14.769644,40.846633],[14.770976,40.847392],[14.772961,40.848134],[14.777073,40.848313],[14.778757,40.847863],[14.781408,40.846421],[14.787376,40.845489],[14.789073,40.844794],[14.789998,40.843858],[14.790428,40.842817],[14.790714,40.838075],[14.792194,40.836327],[14.792809,40.834544],[14.792697,40.833204],[14.79185,40.831228],[14.792018,40.829767],[14.792787,40.828729],[14.794466,40.827575],[14.796466,40.8248],[14.797954,40.82393],[14.800022,40.823588],[14.801711,40.823669],[14.803767,40.824279],[14.804964,40.825164],[14.805612,40.826276],[14.805654,40.827372],[14.805257,40.828342],[14.802332,40.83133],[14.801935,40.83213],[14.8019,40.833269],[14.802854,40.834633],[14.803885,40.835187],[14.804999,40.835429],[14.806531,40.835287],[14.809992,40.834359],[14.811797,40.834435],[14.813663,40.834971],[14.81485,40.83572],[14.821835,40.842672],[14.822934,40.8432],[14.824825,40.843417],[14.826581,40.842985],[14.827708,40.842244],[14.829526,40.84034],[14.834527,40.837889],[14.835886,40.837684],[14.839164,40.83777],[14.84091,40.837292],[14.844719,40.833706],[14.846023,40.832894],[14.846752,40.832717],[14.848428,40.832721],[14.849931,40.833337],[14.852715,40.835478],[14.854786,40.838571],[14.855563,40.842277],[14.855996,40.850856],[14.856245,40.851992],[14.857261,40.854358],[14.860012,40.858329],[14.861451,40.862822],[14.861211,40.864868],[14.860423,40.866215],[14.844507,40.885197],[14.843984,40.886416],[14.842378,40.894997],[14.841724,40.897101],[14.840439,40.89934],[14.836051,40.905307],[14.834402,40.906771],[14.820677,40.915288],[14.819512,40.916267],[14.819204,40.916936],[14.819204,40.917699],[14.820514,40.921332]]]}},{"type":"Feature","properties":{"id":17977511,"nome":"Ferrovia Codola-Nocera Inferiore","uso":"","operatore":"","dal":"","wikipedia":""},"geometry":{"type":"MultiLineString","coordinates":[[[14.625729,40.746011],[14.64553,40.74472],[14.64707,40.744837],[14.648439,40.745305],[14.64993,40.746319],[14.650894,40.747734],[14.6552,40.763332],[14.656113,40.765019],[14.657646,40.766204],[14.659354,40.766822],[14.66937,40.768155]]]}},{"type":"Feature","properties":{"id":17977889,"nome":"Cancello - Torre Annunziata","uso":"","operatore":"","dal":"","wikipedia":""},"geometry":{"type":"MultiLineString","coordinates":[[[14.471835,40.745745],[14.467663,40.746285],[14.460094,40.748201],[14.459088,40.74888],[14.458305,40.749966],[14.458045,40.751097],[14.458251,40.752173],[14.459206,40.753517],[14.473629,40.768117],[14.475725,40.76942],[14.483643,40.773333],[14.495805,40.781764],[14.496988,40.783133],[14.501104,40.790055],[14.501644,40.791213],[14.501909,40.792579],[14.504727,40.824298],[14.504748,40.826181],[14.504203,40.832228],[14.50376,40.833355],[14.49451,40.850298],[14.489826,40.865276],[14.488994,40.867244],[14.487358,40.869233],[14.475975,40.879081],[14.475049,40.880638],[14.473809,40.885079],[14.472848,40.887251],[14.471709,40.888914],[14.467624,40.893331],[14.466778,40.894605],[14.465271,40.900953],[14.458722,40.932663],[14.457958,40.934705],[14.428172,40.974815],[14.425966,40.976911],[14.421499,40.979867],[14.419054,40.981832],[14.417791,40.983243],[14.41708,40.984844],[14.41697,40.986443],[14.418623,40.99205]]]}},{"type":"Feature","properties":{"id":17981543,"nome":"Ferrovia Marina di S. Vito - Castel di Sangro","uso":"","operatore":"","dal":"","wikipedia":""},"geometry":{"type":"MultiLineString","coordinates":[[[14.43875,42.297211],[14.438854,42.302176],[14.440188,42.303609],[14.441088,42.304953],[14.441074,42.305518],[14.44057,42.306409],[14.44076,42.307973],[14.441645,42.309148],[14.442783,42.309617],[14.443898,42.309442],[14.445552,42.308653]],[[14.435268,42.292368],[14.434108,42.290914],[14.433994,42.290478],[14.434382,42.289863],[14.435306,42.289608],[14.436461,42.290097],[14.437838,42.291871],[14.43827,42.292962],[14.440598,42.294064],[14.442159,42.296444],[14.442472,42.297534],[14.443122,42.298378],[14.444093,42.301294],[14.444077,42.302354],[14.444637,42.303426],[14.444671,42.304784],[14.445062,42.305116],[14.445703,42.305253],[14.446606,42.30495],[14.446873,42.304425],[14.446662,42.303875],[14.445007,42.303212],[14.444586,42.302784],[14.444673,42.301374],[14.443774,42.298215],[14.443316,42.297284],[14.443805,42.296436],[14.444753,42.295983],[14.445857,42.296],[14.446539,42.296612],[14.446366,42.297331],[14.445639,42.297703],[14.444511,42.297654],[14.443922,42.297137],[14.443636,42.295631],[14.444259,42.291967],[14.444183,42.291297],[14.441449,42.287283],[14.436162,42.273702],[14.432832,42.267926],[14.428113,42.254555],[14.426741,42.253056],[14.424105,42.252579],[14.423333,42.252186],[14.422405,42.249875],[14.420737,42.248552],[14.420065,42.248284],[14.417637,42.248502],[14.416654,42.248209],[14.411462,42.243636],[14.409914,42.240837],[14.40702,42.236562],[14.405048,42.231075],[14.403156,42.228107],[14.402241,42.225117],[14.401085,42.22463],[14.399466,42.224897],[14.399083,42.225525],[14.399218,42.227096],[14.398793,42.227495],[14.398209,42.227656],[14.39726,42.227403],[14.396425,42.226069],[14.39571,42.225666],[14.394841,42.225729],[14.39307,42.226712],[14.392209,42.226658],[14.391598,42.226366],[14.391336,42.22591],[14.391442,42.225348],[14.393351,42.224082],[14.393692,42.22358],[14.39388,42.222463],[14.393693,42.222026],[14.39262,42.22111],[14.391999,42.219594],[14.391333,42.218669],[14.392095,42.216694],[14.391805,42.216075],[14.391385,42.215815],[14.390517,42.215794],[14.38877,42.21693],[14.38519,42.218109],[14.383767,42.217959],[14.382922,42.217409],[14.382596,42.216777],[14.382663,42.215961],[14.38443,42.214078],[14.384788,42.213171],[14.384746,42.212522],[14.383866,42.21041],[14.383124,42.209747],[14.3812,42.209313],[14.380507,42.208857],[14.379881,42.207357],[14.378287,42.205407],[14.376023,42.204886],[14.375272,42.20435],[14.374562,42.203456],[14.372873,42.202365],[14.371856,42.199895],[14.372048,42.198284],[14.371137,42.197294],[14.370876,42.196612],[14.370952,42.195164],[14.370363,42.193415],[14.368879,42.192147],[14.368247,42.191882],[14.365412,42.192081],[14.363203,42.191945],[14.362673,42.191497],[14.362356,42.190672],[14.360613,42.189207],[14.360212,42.188117],[14.359701,42.187747],[14.358983,42.187677],[14.35665,42.188477],[14.356417,42.188914],[14.35665,42.189915],[14.356536,42.190356],[14.355045,42.192363],[14.352405,42.194528],[14.351286,42.195908],[14.350593,42.196293],[14.349617,42.196356],[14.348433,42.195783],[14.34767,42.195765],[14.347046,42.196058],[14.346531,42.196947],[14.346036,42.197236],[14.344297,42.197152],[14.341964,42.197919],[14.339973,42.197937],[14.338908,42.198877],[14.336972,42.199089],[14.336571,42.199368],[14.33611,42.200315],[14.335149,42.20077],[14.33396,42.200456],[14.333512,42.199365],[14.33303,42.19897],[14.330838,42.198942],[14.329928,42.198285],[14.329698,42.197525],[14.331167,42.193684],[14.331023,42.193292],[14.329616,42.19196],[14.329448,42.191328],[14.330607,42.18993],[14.331147,42.188837],[14.332479,42.187725],[14.333955,42.187046],[14.334208,42.18666],[14.334129,42.186014],[14.333509,42.185251],[14.333549,42.18397],[14.33298,42.182957],[14.334584,42.180571],[14.334763,42.178714],[14.337739,42.175106],[14.338198,42.173976],[14.339368,42.173003],[14.340274,42.171345],[14.34186,42.17037],[14.343261,42.168689],[14.343896,42.167256],[14.345544,42.166797],[14.347115,42.165345],[14.348469,42.164881],[14.349336,42.163842],[14.352579,42.161232],[14.353453,42.15993],[14.35319,42.15876],[14.352827,42.158324],[14.351466,42.157815],[14.349206,42.158701],[14.347236,42.158152],[14.345416,42.158386],[14.34476,42.158253],[14.344023,42.157426],[14.344345,42.155953],[14.344159,42.15464],[14.343782,42.15431],[14.34154,42.153562],[14.338971,42.15406],[14.33646,42.15379],[14.333015,42.154678],[14.330004,42.155139],[14.329286,42.155039],[14.328501,42.154462],[14.327479,42.151913],[14.327506,42.150177],[14.328379,42.147382],[14.327526,42.145792],[14.326532,42.14549],[14.325686,42.145781],[14.325408,42.146258],[14.325577,42.14807],[14.325002,42.148612],[14.324379,42.148752],[14.323385,42.148496],[14.322552,42.147648],[14.321354,42.147347],[14.320412,42.146823],[14.317002,42.146047],[14.316522,42.14532],[14.316644,42.144808],[14.318207,42.143799],[14.318485,42.143097],[14.317821,42.142414],[14.316529,42.142299],[14.315825,42.141923],[14.315419,42.140126],[14.313734,42.138656],[14.313422,42.136302],[14.3137,42.131885],[14.314201,42.13039],[14.315026,42.129315],[14.31529,42.127975],[14.316454,42.127027],[14.31642,42.126359],[14.315547,42.125822],[14.312813,42.126138],[14.309935,42.125782],[14.306253,42.123471],[14.305881,42.122979],[14.306044,42.121846],[14.306362,42.121422],[14.310248,42.119542],[14.311263,42.119256],[14.319283,42.118578],[14.321368,42.116992],[14.3244,42.116204],[14.328379,42.116254],[14.330958,42.116048],[14.334741,42.114718],[14.335898,42.113222],[14.336616,42.112825],[14.338017,42.113101],[14.33983,42.11405],[14.341421,42.114201],[14.344608,42.114146],[14.349569,42.11279],[14.353102,42.112398],[14.355654,42.113167],[14.361941,42.113227],[14.371421,42.109108],[14.371921,42.108573],[14.371771,42.107856],[14.370385,42.106823],[14.370869,42.105004],[14.369609,42.103049],[14.369642,42.101553],[14.367321,42.097907],[14.366975,42.09669],[14.364282,42.094528],[14.36357,42.093094],[14.362151,42.092429],[14.36144,42.091665],[14.359958,42.091271],[14.358573,42.089823],[14.356462,42.089163],[14.355523,42.088358],[14.355402,42.087701],[14.355903,42.086155],[14.354635,42.084288],[14.354137,42.082593],[14.354172,42.080574],[14.353621,42.079635],[14.351814,42.077792],[14.35207,42.077098],[14.353187,42.076371],[14.353283,42.075764],[14.350682,42.072321],[14.349389,42.070186],[14.349064,42.068548],[14.348523,42.067652],[14.348414,42.065251],[14.348705,42.064237],[14.349386,42.063109],[14.349443,42.062137],[14.349295,42.061524],[14.348557,42.060498],[14.347741,42.055365],[14.348147,42.054318],[14.348334,42.052282],[14.347828,42.050564],[14.347989,42.049276],[14.34756,42.048067],[14.348095,42.040627],[14.347796,42.039359],[14.347797,42.038045],[14.348529,42.035889],[14.347343,42.034245],[14.347959,42.031914],[14.349116,42.029887],[14.35138,42.028891],[14.351933,42.028343],[14.353058,42.024354],[14.355131,42.022106],[14.356694,42.019842],[14.357287,42.017888],[14.359388,42.016536],[14.359614,42.01443],[14.36062,42.012865],[14.362821,42.010628],[14.364288,42.008105],[14.364431,42.007748],[14.364186,42.006357],[14.364307,42.005736],[14.365994,42.004409],[14.366371,42.003791],[14.366344,42.003207],[14.365662,42.001716],[14.365671,42.001096],[14.367675,41.998313],[14.367842,41.995749],[14.368352,41.993551],[14.370432,41.98992],[14.371253,41.989002],[14.371429,41.986924],[14.372944,41.985042],[14.373147,41.984509],[14.372965,41.983831],[14.371782,41.982531],[14.371804,41.981018],[14.372175,41.979375],[14.37109,41.977751],[14.370958,41.97664],[14.37007,41.974347],[14.370192,41.973153],[14.369599,41.972076],[14.369868,41.971084],[14.370589,41.970351],[14.370503,41.969317],[14.368865,41.967415],[14.368412,41.966448],[14.367596,41.965767],[14.367427,41.964309],[14.365033,41.96187],[14.365146,41.958764],[14.3646,41.956781],[14.363834,41.955751],[14.363842,41.954682],[14.363449,41.953908],[14.361197,41.951148],[14.359828,41.948609],[14.356707,41.945895],[14.356097,41.944628],[14.355079,41.94435],[14.353184,41.945015],[14.352534,41.944994],[14.350011,41.944004],[14.348338,41.940536],[14.347575,41.940037],[14.34673,41.940025],[14.346118,41.940331],[14.345447,41.941547],[14.344824,41.941942],[14.342043,41.942201],[14.341133,41.941983],[14.339141,41.939164],[14.339293,41.937154],[14.338951,41.936466],[14.338253,41.936079],[14.336553,41.935668],[14.335405,41.934377],[14.335093,41.933236],[14.334682,41.932927],[14.333612,41.932827],[14.331929,41.93347],[14.330602,41.932961],[14.327259,41.92916],[14.324908,41.927744],[14.323998,41.92768],[14.322813,41.928251],[14.322514,41.928807],[14.322954,41.930205],[14.322658,41.931828],[14.320923,41.932629],[14.320103,41.933666],[14.319299,41.933962],[14.31836,41.933716],[14.317997,41.933081],[14.318318,41.932439],[14.319528,41.931665],[14.319519,41.930954],[14.319056,41.930551],[14.316453,41.929642],[14.315462,41.929816],[14.313462,41.931628],[14.310532,41.931876],[14.308933,41.933112],[14.308272,41.933309],[14.303996,41.933087],[14.301915,41.931703],[14.299647,41.930771],[14.297937,41.930442],[14.297176,41.930504],[14.295814,41.931304],[14.293936,41.931178],[14.292895,41.930083],[14.292227,41.928687],[14.291396,41.927956],[14.290277,41.926329],[14.290238,41.925916],[14.29073,41.925092],[14.290759,41.924652],[14.289531,41.922921],[14.289126,41.920336],[14.289491,41.918581],[14.289136,41.917629],[14.289171,41.916128],[14.288365,41.914513],[14.287921,41.91301],[14.28271,41.910513],[14.281847,41.910253],[14.280273,41.910229],[14.278649,41.909612],[14.277972,41.909115],[14.276904,41.908156],[14.276686,41.906905],[14.276323,41.906433],[14.274145,41.905117],[14.270899,41.901629],[14.269232,41.900339],[14.268474,41.898911],[14.268794,41.897731],[14.26788,41.896648],[14.265095,41.896226],[14.26335,41.896245],[14.260902,41.895316],[14.259058,41.893834],[14.257685,41.89311],[14.255193,41.892772],[14.253526,41.892131],[14.2511,41.890184],[14.250361,41.888028],[14.248396,41.886496],[14.247006,41.885989],[14.246335,41.88434],[14.242567,41.881593],[14.23912,41.879652],[14.232575,41.878765],[14.229028,41.877278],[14.227386,41.875549],[14.226849,41.875253],[14.223535,41.874217],[14.223102,41.873598],[14.223721,41.871944],[14.223579,41.870947],[14.223769,41.870589],[14.225532,41.869376],[14.225671,41.868612],[14.224371,41.867592],[14.221383,41.866505],[14.220126,41.865089],[14.219481,41.862315],[14.218775,41.861296],[14.218437,41.860144],[14.218693,41.858857],[14.217675,41.857705],[14.217324,41.856976],[14.216189,41.855934],[14.214569,41.854963],[14.211227,41.854705],[14.208644,41.853766],[14.20546,41.853799],[14.20348,41.853093],[14.201837,41.852845],[14.198062,41.851434],[14.197316,41.849892],[14.194716,41.8484],[14.194152,41.847381],[14.193935,41.84424],[14.194778,41.842797],[14.194818,41.842303],[14.193418,41.840593],[14.193275,41.839893],[14.192582,41.83915],[14.191651,41.836869],[14.190451,41.835981],[14.189403,41.834791],[14.187207,41.8343],[14.18314,41.831565],[14.181827,41.82942],[14.178275,41.827568],[14.176422,41.82709],[14.17507,41.82608],[14.17468,41.825367],[14.174719,41.823801],[14.173459,41.821655],[14.169327,41.818285],[14.168461,41.817942],[14.1672,41.817907],[14.163276,41.818882],[14.162141,41.819469],[14.158788,41.819979],[14.156857,41.819811],[14.156341,41.819537],[14.155375,41.81822],[14.155423,41.816212],[14.154843,41.815505],[14.151542,41.814194],[14.147297,41.811954],[14.144963,41.811883],[14.1431,41.81096],[14.141758,41.810821],[14.141277,41.810566],[14.13986,41.80891],[14.138535,41.808096],[14.138033,41.805394],[14.137159,41.804285],[14.136181,41.803827],[14.132655,41.802945],[14.131591,41.801882],[14.130053,41.801034],[14.127576,41.800793],[14.126038,41.799451],[14.123222,41.798499],[14.122791,41.798086],[14.122761,41.797652],[14.1238,41.796351],[14.131926,41.795627],[14.132776,41.795237],[14.135366,41.791942],[14.135176,41.789785],[14.134564,41.788967],[14.132954,41.787901],[14.132551,41.78602],[14.131974,41.785229],[14.13105,41.784772],[14.12926,41.784599],[14.128215,41.78423],[14.127573,41.783623],[14.12706,41.782368],[14.126602,41.781814],[14.117712,41.775933],[14.116699,41.775584],[14.115729,41.775678],[14.112886,41.77749]]]}},{"type":"Feature","properties":{"id":17981544,"nome":"Ferrovia Archi - Atessa","uso":"","operatore":"","dal":"","wikipedia":"it:Ferrovia Sangritana"},"geometry":{"type":"MultiLineString","coordinates":[[[14.393946,42.117066],[14.393903,42.115924],[14.393699,42.115622],[14.390754,42.112924],[14.390073,42.112538],[14.381131,42.11093],[14.377523,42.11083],[14.371468,42.107623]],[[14.394144,42.1174],[14.394583,42.117776]],[[14.405158,42.124201],[14.40151,42.122335],[14.396258,42.119076],[14.394783,42.117882]],[[14.406777,42.124913],[14.413768,42.128335],[14.414835,42.128402],[14.415999,42.127893],[14.417793,42.125053],[14.41837,42.124519],[14.42072,42.123358],[14.423107,42.122725],[14.423756,42.122359],[14.428053,42.118507],[14.429072,42.117059],[14.43007,42.112976],[14.434218,42.106518],[14.435171,42.104627],[14.434726,42.102955],[14.435118,42.101737],[14.437382,42.100185],[14.438926,42.099448],[14.439919,42.098596],[14.443363,42.098724],[14.445133,42.098349],[14.446088,42.098593],[14.44774,42.098545],[14.448373,42.097991],[14.448437,42.097633],[14.447955,42.09698],[14.446785,42.096407],[14.446584,42.095831]],[[14.44658,42.095757],[14.446474,42.095157],[14.445594,42.094337],[14.444904,42.094043],[14.444101,42.094015],[14.443255,42.094342]],[[14.442545,42.094442],[14.441762,42.094131]],[[14.441726,42.094091],[14.441411,42.093637],[14.44126,42.092785],[14.441818,42.092211],[14.44273,42.092076],[14.443809,42.092343],[14.444907,42.092048]],[[14.445359,42.091951],[14.446216,42.091718],[14.446646,42.090985],[14.446174,42.089831],[14.445465,42.089051],[14.442912,42.087554],[14.43911,42.087548],[14.437945,42.086367],[14.437902,42.086065],[14.438119,42.085522],[14.438617,42.085234],[14.441319,42.085141],[14.442022,42.084735],[14.442179,42.084365],[14.441935,42.083192],[14.440864,42.082215],[14.44126,42.080634],[14.440456,42.079496],[14.44081,42.078628],[14.44082,42.077672],[14.439994,42.076278],[14.440123,42.075211],[14.441024,42.074717],[14.443778,42.074978],[14.445949,42.074484],[14.446635,42.073858],[14.447086,42.072114],[14.446453,42.071111],[14.446622,42.06964],[14.446201,42.069145],[14.444815,42.068742]]]}},{"type":"Feature","properties":{"id":17981545,"nome":"Ferrovia Archi - Fossacesia-Torino di Sangro","uso":"","operatore":"","dal":"","wikipedia":""},"geometry":{"type":"MultiLineString","coordinates":[[[14.371962,42.108401],[14.371754,42.110175],[14.372011,42.111083],[14.373255,42.112371],[14.375214,42.113816],[14.420663,42.13855],[14.426683,42.142109],[14.428025,42.143379],[14.430664,42.147308],[14.436232,42.153159],[14.438902,42.155403],[14.441028,42.156336],[14.443543,42.156791],[14.445464,42.156753],[14.450928,42.156027],[14.452791,42.156133],[14.454666,42.156567],[14.456838,42.157622],[14.465961,42.164025],[14.467757,42.165566],[14.468251,42.166859],[14.468126,42.16773],[14.465575,42.173905],[14.46535,42.17501],[14.465367,42.176479],[14.465755,42.178243],[14.46685,42.180332],[14.50392,42.217787],[14.504487,42.2189],[14.504233,42.222557],[14.504762,42.22374],[14.513893,42.232539],[14.517542,42.237507],[14.519001,42.238081],[14.520503,42.237858],[14.531642,42.231632]]]}},{"type":"Feature","properties":{"id":17981546,"nome":"Ferrovia Ortona - Crocetta","uso":"","operatore":"","dal":"","wikipedia":"it:Ferrovia Sangritana#Ortona Marina-Crocetta"},"geometry":{"type":"MultiLineString","coordinates":[[[14.329928,42.198285],[14.329377,42.197883],[14.327814,42.197511],[14.327041,42.196677],[14.326784,42.195953],[14.323726,42.193712],[14.323335,42.192571],[14.323447,42.19178],[14.323978,42.190806],[14.323871,42.190218],[14.323109,42.189701],[14.32158,42.189252],[14.321216,42.188823],[14.320969,42.187623],[14.319832,42.186112],[14.316591,42.184435],[14.314532,42.184021],[14.312568,42.1843],[14.312064,42.185023],[14.312804,42.186398],[14.312734,42.186784],[14.311753,42.187535],[14.311678,42.187917],[14.311822,42.188366],[14.312799,42.189487],[14.312826,42.189833],[14.312482,42.190437],[14.311699,42.190786],[14.309811,42.190564],[14.307831,42.190814],[14.306952,42.190528],[14.306072,42.189733],[14.30413,42.1899],[14.302757,42.189733],[14.301206,42.189125],[14.29949,42.187821],[14.298363,42.187583],[14.29398,42.188445],[14.292859,42.189316],[14.292693,42.189852],[14.292838,42.190879],[14.292624,42.191145],[14.291229,42.191486],[14.288294,42.190989],[14.286733,42.190143],[14.284217,42.18932],[14.283311,42.188656],[14.282769,42.187547],[14.278965,42.18589],[14.271477,42.184252],[14.268473,42.185985],[14.26829,42.18651],[14.268424,42.186895],[14.269819,42.187762],[14.269991,42.188103],[14.269803,42.18903],[14.26946,42.189554],[14.268441,42.189825],[14.267561,42.189507],[14.267282,42.189061],[14.266424,42.188624],[14.263827,42.188465],[14.262829,42.1893],[14.262202,42.190369],[14.260899,42.190872],[14.260396,42.191325],[14.260415,42.192639],[14.259707,42.193155],[14.258688,42.193092],[14.256961,42.192074],[14.25474,42.191995],[14.25246,42.191021],[14.250743,42.19087],[14.249526,42.191152],[14.248801,42.192515],[14.249955,42.194578],[14.249955,42.196041],[14.250663,42.197463],[14.250727,42.198433],[14.251156,42.199268],[14.253174,42.201712],[14.253989,42.203956],[14.254541,42.204565],[14.254847,42.205888],[14.255625,42.206774],[14.255223,42.208105],[14.254471,42.209257],[14.254504,42.209996],[14.254793,42.210306],[14.255598,42.210552],[14.257518,42.210179],[14.25842,42.210409],[14.259133,42.211383],[14.259235,42.211943],[14.258849,42.213103],[14.259026,42.213465],[14.259798,42.213886],[14.261756,42.21362],[14.263285,42.214395],[14.264031,42.216123],[14.269556,42.217235],[14.272673,42.218249],[14.275768,42.222177],[14.276777,42.223011],[14.281221,42.225085],[14.283042,42.226984],[14.290553,42.230106],[14.295686,42.235123],[14.300412,42.236016],[14.305117,42.237721],[14.308341,42.243586],[14.311039,42.247109],[14.311238,42.247756],[14.311302,42.248478],[14.309387,42.257536],[14.309733,42.258085],[14.310519,42.258508],[14.311213,42.258783],[14.312053,42.258754],[14.312847,42.258492],[14.315572,42.256618],[14.316969,42.25659],[14.317648,42.256924],[14.319306,42.259263],[14.320069,42.263962]],[[14.320098,42.264195],[14.320604,42.268171],[14.320234,42.269144],[14.318829,42.271022],[14.318737,42.27147],[14.319258,42.272304],[14.32047,42.272831],[14.321733,42.272678],[14.322439,42.272081],[14.32379,42.27016],[14.325142,42.269739],[14.333022,42.271208],[14.335093,42.271974],[14.344411,42.281198],[14.344969,42.282587],[14.34505,42.284473],[14.345708,42.285719],[14.350489,42.288628],[14.352232,42.291949],[14.359471,42.298429],[14.360703,42.300235],[14.361314,42.303615],[14.375864,42.319778],[14.385499,42.326311],[14.390304,42.333181],[14.395078,42.334668],[14.396859,42.336029],[14.398211,42.339319],[14.400495,42.343086],[14.401606,42.346613],[14.401113,42.347662],[14.399547,42.348346],[14.399079,42.348789],[14.398276,42.350545],[14.398325,42.351092],[14.399158,42.352248],[14.399389,42.353155],[14.397801,42.358506],[14.397998,42.359711],[14.398417,42.360444],[14.399643,42.360961],[14.401077,42.360738],[14.403195,42.359517],[14.405233,42.357711],[14.406268,42.356053],[14.406703,42.353183],[14.407725,42.35161],[14.407963,42.350109]]]}},{"type":"Feature","properties":{"id":17981572,"nome":"Ferrovia Adriatico Sangritana","uso":"","operatore":"Trasporto Unico Abruzzese","dal":"","wikipedia":""},"geometry":{"type":"MultiLineString","coordinates":[[[14.438905,42.307496],[14.441624,42.302219],[14.441447,42.29975],[14.441205,42.299053],[14.438907,42.297427],[14.437772,42.295569],[14.432351,42.288968],[14.431814,42.287265],[14.431632,42.283715],[14.430775,42.281838],[14.429373,42.280369],[14.424822,42.278079],[14.423082,42.276629],[14.421224,42.273778],[14.418453,42.267449],[14.416402,42.264108],[14.412142,42.259205],[14.407378,42.254576],[14.406537,42.253098],[14.406247,42.251503],[14.406123,42.248303],[14.40732,42.244844],[14.407455,42.243211],[14.407101,42.241894],[14.40605,42.239772],[14.404034,42.234591],[14.402547,42.228274]]]}},{"type":"Feature","properties":{"id":17981624,"nome":"Ferrovia Mandela-Subiaco","uso":"","operatore":"","dal":"","wikipedia":""},"geometry":{"type":"MultiLineString","coordinates":[[[12.933722,42.025016],[12.936578,42.027162],[12.937779,42.027705],[12.939569,42.028075],[12.942297,42.028239],[12.943507,42.028641],[12.944463,42.029716],[12.9451,42.031555],[12.946112,42.032461],[12.951156,42.034797],[12.952344,42.034889],[12.95436,42.034593],[12.956207,42.034921],[12.957559,42.034911],[12.960911,42.033471],[12.963426,42.033055],[12.965159,42.032365],[12.968664,42.032291],[12.971904,42.030132],[12.972629,42.029297],[12.974052,42.028331],[12.975027,42.02665],[12.980411,42.02445],[12.982879,42.021862],[12.984847,42.020701],[12.98595,42.019464],[12.988902,42.018042],[12.989288,42.017735],[12.990058,42.016134],[12.990853,42.015293],[12.992698,42.014352],[12.996896,42.012736],[13.000985,42.010484],[13.004043,42.006553],[13.004521,42.005809],[13.004558,42.005273],[13.005554,42.003851],[13.007675,42.002259],[13.008992,42.002327],[13.011575,42.003784],[13.013318,42.004243],[13.017627,42.004312],[13.01933,42.003724],[13.020259,42.002415],[13.0203,42.001455],[13.020108,42.000889],[13.018382,41.998544],[13.01814,41.996963],[13.018346,41.99636],[13.020397,41.9936]],[[13.037807,41.973871],[13.033949,41.978415],[13.029835,41.98132],[13.029465,41.982457],[13.029644,41.983438],[13.030128,41.985006],[13.030789,41.985833],[13.031011,41.986737],[13.02993,41.989077],[13.026747,41.991113],[13.022178,41.992474],[13.020652,41.993336]],[[13.065906,41.939331],[13.064233,41.942561],[13.062703,41.944545],[13.062252,41.946485],[13.059186,41.949776],[13.055556,41.952324],[13.055033,41.95295],[13.053312,41.956617],[13.052611,41.957508],[13.050975,41.95846],[13.049142,41.958816],[13.047509,41.959426],[13.046377,41.960217],[13.045108,41.962785],[13.043397,41.965154],[13.042617,41.965795],[13.040254,41.968894],[13.038991,41.970189],[13.038349,41.971504],[13.038229,41.973217]],[[13.067127,41.937965],[13.066378,41.938646]],[[13.086756,41.924653],[13.086018,41.924744],[13.083044,41.926285],[13.08118,41.926718],[13.079759,41.926809],[13.077137,41.92591],[13.074924,41.925664],[13.073985,41.925909],[13.072193,41.926908],[13.071755,41.927332],[13.071698,41.927695],[13.072364,41.930244],[13.07225,41.931366],[13.071528,41.933761],[13.071294,41.934248],[13.068404,41.93658],[13.067266,41.937829]]]}},{"type":"Feature","properties":{"id":17982813,"nome":"Ferrovia Carbonifera - Montebamboli","uso":"","operatore":"","dal":"1849","wikipedia":"it:Ferrovia di Montebamboli"},"geometry":{"type":"MultiLineString","coordinates":[[[10.82722,43.08904],[10.82525,43.08846],[10.822069,43.088954],[10.8184,43.088703],[10.814298,43.087669],[10.808577,43.088611],[10.807209,43.088999],[10.804687,43.091099],[10.803356,43.093151],[10.802578,43.09385],[10.80156,43.09432],[10.799831,43.094444],[10.79798,43.093884],[10.7919,43.09095],[10.78997,43.08995],[10.787683,43.088378],[10.784032,43.087485],[10.782854,43.087365],[10.781694,43.087555],[10.77918,43.08866],[10.778119,43.088842],[10.776707,43.088607],[10.77535,43.087846],[10.773487,43.087332],[10.769091,43.087842],[10.767433,43.087767],[10.765542,43.087335],[10.764026,43.086654],[10.762657,43.085589],[10.757057,43.079303],[10.752826,43.076754],[10.75199,43.0757],[10.751382,43.073488],[10.750938,43.072773],[10.750263,43.072227],[10.736696,43.066297],[10.734258,43.064958],[10.722219,43.055788],[10.711201,43.047038],[10.709594,43.044713],[10.702694,43.028774],[10.701545,43.026755],[10.699914,43.024699],[10.697806,43.022881],[10.68341,43.01338],[10.68047,43.01075],[10.6786,43.00814],[10.67322,42.99766],[10.6724,42.99557],[10.670836,42.985683],[10.670885,42.983124],[10.671466,42.981068],[10.676684,42.967836],[10.683124,42.952156],[10.682542,42.948438]]]}},{"type":"Feature","properties":{"id":17989573,"nome":"Ferrovia Velletri-Terracina","uso":"","operatore":"","dal":"1892","wikipedia":"it:Ferrovia Velletri-Terracina"},"geometry":{"type":"MultiLineString","coordinates":[[[12.802721,41.693729],[12.803941,41.694054],[12.805703,41.6941],[12.810096,41.693475],[12.811684,41.692705],[12.814509,41.690108],[12.815745,41.689707],[12.817292,41.689818],[12.818316,41.69033],[12.81966,41.692013],[12.821555,41.693397],[12.828734,41.699656],[12.832272,41.701794],[12.835148,41.703162],[12.836139,41.703586],[12.837681,41.70372],[12.839109,41.703178],[12.841398,41.701159],[12.844306,41.699777],[12.845341,41.699673],[12.846476,41.699864],[12.84973,41.701618],[12.8514,41.701744],[12.852705,41.701419],[12.85579,41.69959],[12.858946,41.6968],[12.860308,41.695069],[12.861148,41.694353],[12.863006,41.693666],[12.865478,41.69326],[12.866375,41.692751],[12.869338,41.689401],[12.87066,41.688354],[12.872151,41.687927],[12.875014,41.687755],[12.879329,41.686398],[12.8818,41.685936],[12.882459,41.685524],[12.883141,41.684836],[12.883422,41.683774],[12.882822,41.681975],[12.882051,41.674727],[12.882344,41.673323],[12.883655,41.671116],[12.883325,41.667068],[12.883156,41.666542],[12.881453,41.664175],[12.880218,41.660646],[12.875256,41.655297],[12.874856,41.654731],[12.874641,41.653687],[12.875296,41.652242],[12.87757,41.650431],[12.87796,41.649711],[12.878187,41.648494],[12.878512,41.645405],[12.87731,41.642897],[12.877091,41.63911],[12.877625,41.638096],[12.878636,41.634331],[12.87843,41.630715],[12.87932,41.628735],[12.880543,41.627041],[12.880799,41.626203],[12.880517,41.625174],[12.878942,41.623449],[12.878892,41.622139],[12.881324,41.617777],[12.882608,41.616318],[12.884781,41.615051],[12.885359,41.614115],[12.885447,41.612857],[12.884541,41.608079],[12.885986,41.605683],[12.886209,41.602693],[12.888247,41.598456],[12.889779,41.596525],[12.890545,41.596034],[12.892669,41.595576],[12.901481,41.596461],[12.905283,41.598263],[12.906453,41.598491],[12.90774,41.59835],[12.91077,41.597229],[12.911938,41.597285],[12.913939,41.597777],[12.914776,41.59773],[12.920244,41.595681],[12.929671,41.594068],[12.931152,41.593576],[12.933595,41.591468],[12.935403,41.58838],[12.938016,41.585477],[12.938739,41.584953],[12.943295,41.583012],[12.945036,41.582525],[12.946957,41.582665],[12.9481,41.582914],[12.949746,41.583736],[12.951384,41.583956],[12.955121,41.583863],[12.957389,41.583238],[12.95817,41.582246],[12.958727,41.580521],[12.958713,41.579761],[12.958527,41.579049],[12.957397,41.577516],[12.957266,41.576718],[12.957614,41.57582],[12.959332,41.57394],[12.959497,41.569236],[12.960041,41.568513],[12.960832,41.56803],[12.962202,41.567771],[12.964903,41.567752],[12.966314,41.567456],[12.973304,41.562294],[12.973561,41.561859],[12.974025,41.558117],[12.977204,41.552659],[12.977308,41.551702],[12.977009,41.549919],[12.977177,41.548771],[12.979832,41.546344],[12.982199,41.544625],[12.983222,41.543412],[12.983451,41.542259],[12.984204,41.540436],[12.983896,41.536802],[12.98425,41.535403],[12.984904,41.534717],[12.987605,41.533127],[12.988798,41.531486],[12.990229,41.530167],[12.992277,41.528884],[12.993442,41.527409],[12.993403,41.52444],[12.993864,41.523229],[12.994141,41.520181],[12.993343,41.518459],[12.992304,41.517182],[12.992325,41.51543],[12.99261,41.514986],[12.994834,41.513298],[13.001322,41.50895],[13.002124,41.507081],[13.003506,41.505908],[13.007046,41.504913],[13.013183,41.503718],[13.021058,41.501731],[13.028655,41.501031],[13.03011,41.500572],[13.032634,41.499351],[13.041262,41.493881],[13.043083,41.492984],[13.045371,41.492483],[13.051245,41.492722],[13.056244,41.490357],[13.059729,41.488078],[13.061087,41.487584],[13.066482,41.486125],[13.070026,41.485728],[13.07402,41.484634],[13.081888,41.483209],[13.084716,41.482968],[13.086915,41.481508],[13.089861,41.479961],[13.092596,41.479099],[13.095115,41.477847],[13.098627,41.475626],[13.102433,41.474015],[13.105921,41.47304],[13.106959,41.473012],[13.109268,41.47359],[13.116558,41.475647],[13.11822,41.476399],[13.119355,41.477064],[13.120448,41.478301],[13.122374,41.482272],[13.1232,41.483202],[13.12394,41.483605],[13.126985,41.484332],[13.129558,41.485343],[13.13103,41.485513],[13.136941,41.484684],[13.151091,41.485119],[13.170794,41.484425],[13.173503,41.483387],[13.185713,41.475809],[13.186883,41.474742],[13.190409,41.470137],[13.192663,41.46902],[13.193453,41.468333],[13.194063,41.467173],[13.1943,41.464283],[13.195174,41.462587],[13.197367,41.460223],[13.198778,41.458219],[13.200345,41.457033],[13.201514,41.455786],[13.202048,41.454019],[13.202918,41.452532],[13.203123,41.451655],[13.203004,41.451016],[13.201893,41.449281],[13.201851,41.448566],[13.20211,41.447847],[13.203418,41.44644],[13.203724,41.445557],[13.203327,41.442453],[13.201958,41.440626],[13.201682,41.43888],[13.196285,41.427674],[13.195187,41.426771],[13.193364,41.426286],[13.192128,41.426365],[13.187613,41.427568],[13.186063,41.42758],[13.184978,41.427228],[13.183688,41.426216],[13.183215,41.424867],[13.183622,41.423623],[13.184733,41.422625]]]}},{"type":"Feature","properties":{"id":17989586,"nome":"Ferrovia Velletri – Segni","uso":"","operatore":"","dal":"","wikipedia":"it:Ferrovia Velletri-Segni"},"geometry":{"type":"MultiLineString","coordinates":[[[12.781072,41.682939],[12.781943,41.685246],[12.783391,41.686485],[12.811934,41.697218],[12.813674,41.69808],[12.815523,41.699501],[12.816733,41.70078],[12.8185,41.703947],[12.819561,41.706353],[12.820363,41.707682],[12.821423,41.708728],[12.823082,41.709672],[12.824958,41.710332],[12.831171,41.71162],[12.832531,41.7123],[12.834081,41.713508],[12.836419,41.717456],[12.839177,41.721057],[12.841191,41.723068],[12.841868,41.724359],[12.84233,41.726538],[12.841575,41.736987],[12.84251,41.73935],[12.843899,41.740671]],[[12.873754,41.747901],[12.869256,41.745139],[12.866273,41.744045],[12.86325,41.74399],[12.858932,41.744624],[12.856058,41.744144]],[[12.962738,41.752121],[12.960297,41.751734],[12.958715,41.751783],[12.953107,41.753295],[12.944665,41.754755],[12.938673,41.755027],[12.929702,41.758041],[12.928005,41.758362],[12.92535,41.758479],[12.922613,41.758123],[12.910979,41.75515],[12.892735,41.753834],[12.882889,41.752376],[12.879618,41.75132],[12.874508,41.748321]],[[12.987059,41.747722],[12.984725,41.74855],[12.98369,41.749192],[12.971247,41.75126],[12.967624,41.752446],[12.964714,41.752531]]]}},{"type":"Feature","properties":{"id":17997775,"nome":"Ferrovia Crotone-Petilia Policastro","uso":"","operatore":"","dal":"","wikipedia":""},"geometry":{"type":"MultiLineString","coordinates":[[[16.897214,39.072728],[16.897753,39.071644],[16.902223,39.065449],[16.905148,39.064317],[16.907214,39.063122],[16.908492,39.058269],[16.909261,39.0574],[16.912553,39.056777],[16.919111,39.05799],[16.922587,39.058912],[16.924526,39.058717],[16.929631,39.057101],[16.931133,39.055988],[16.933138,39.055407],[16.935256,39.053667],[16.938732,39.052434],[16.94351,39.051187],[16.949033,39.04764],[16.950178,39.047318],[16.95286,39.048324],[16.95425,39.049129],[16.956998,39.049736],[16.957933,39.050421],[16.961594,39.05066],[16.962266,39.051283],[16.96302,39.052773],[16.965555,39.054981],[16.967652,39.057308],[16.968325,39.058691],[16.970511,39.060704],[16.971775,39.061257],[16.97337,39.061572],[16.97644,39.061477],[16.978124,39.060635],[16.980255,39.061207],[16.982012,39.06205],[16.983065,39.063364],[16.984717,39.063716],[16.985908,39.064672],[16.988912,39.065269],[16.990168,39.067464],[16.992273,39.068049],[16.993829,39.069036],[16.996266,39.069778],[16.997319,39.071482],[16.998008,39.071991],[17.007882,39.073877],[17.013194,39.076278],[17.014339,39.076587],[17.017615,39.076567],[17.01907,39.076803],[17.023781,39.07995],[17.029852,39.081708],[17.032066,39.081698],[17.035638,39.08045],[17.037387,39.080082],[17.039185,39.080159],[17.040974,39.080727],[17.04304,39.082398],[17.046405,39.087881],[17.048549,39.09048],[17.049391,39.091955],[17.049826,39.092355],[17.060172,39.097451],[17.061826,39.09874],[17.062674,39.099843],[17.065286,39.104501],[17.066386,39.105412],[17.067598,39.106034],[17.069731,39.106469],[17.071413,39.106301],[17.077933,39.10383],[17.08066,39.104231],[17.082181,39.10387],[17.08728,39.099162],[17.089204,39.095515]],[[16.896294,39.073607],[16.893525,39.076416],[16.891871,39.078795],[16.889854,39.079932],[16.889621,39.080498],[16.887827,39.082137],[16.887204,39.083217],[16.885964,39.083796],[16.885418,39.084392],[16.884968,39.08584],[16.883106,39.087216],[16.879291,39.091147],[16.878706,39.092439],[16.878353,39.09511],[16.87677,39.096201],[16.875759,39.098821],[16.872748,39.102429],[16.870356,39.104827],[16.866967,39.105243],[16.865082,39.104827],[16.86116,39.103475],[16.858536,39.102407],[16.857938,39.101863],[16.857111,39.100474],[16.855486,39.099841],[16.854153,39.098934],[16.853348,39.099023],[16.850433,39.100097],[16.847659,39.100092],[16.844938,39.101661],[16.84273,39.101994],[16.841558,39.101958],[16.83999,39.100956],[16.837084,39.101564],[16.835887,39.101432],[16.834849,39.100996],[16.834451,39.100528],[16.834502,39.099917],[16.835457,39.098704],[16.835539,39.097372],[16.83626,39.095881],[16.83606,39.09533],[16.835381,39.094949],[16.834456,39.095084],[16.834037,39.095484],[16.833924,39.096832],[16.833562,39.097308],[16.832698,39.09759],[16.831181,39.097431],[16.830266,39.09761],[16.829679,39.098062],[16.828875,39.099689],[16.828287,39.099865]],[[16.820599,39.101607],[16.82141,39.101622],[16.822832,39.102539],[16.824126,39.102492],[16.824738,39.102102]],[[16.808837,39.103562],[16.808679,39.104465],[16.809842,39.106904],[16.80965,39.107564],[16.808949,39.108056],[16.807915,39.108088],[16.805579,39.107234],[16.804144,39.105971],[16.802893,39.105356],[16.801516,39.105065],[16.80049,39.105039],[16.797253,39.1057],[16.796134,39.106243],[16.795739,39.107118],[16.795958,39.108765],[16.79761,39.111535],[16.798696,39.112692]]]}},{"type":"Feature","properties":{"id":17997988,"nome":"Ferrovia Vibo Valentia-Mileto","uso":"","operatore":"","dal":"","wikipedia":""},"geometry":{"type":"MultiLineString","coordinates":[[[16.120354,38.712902],[16.122494,38.713134],[16.125348,38.712439],[16.126697,38.712497],[16.131057,38.715027],[16.132497,38.715519],[16.13563,38.717311],[16.138333,38.7179],[16.141044,38.719331],[16.146021,38.720439],[16.147649,38.721375],[16.148985,38.721615],[16.15076,38.722717],[16.152265,38.723274],[16.153205,38.7246],[16.155354,38.726681],[16.157622,38.727827],[16.159141,38.729217],[16.160159,38.730795],[16.161678,38.732351],[16.163247,38.733351],[16.16462,38.733712],[16.169056,38.734272],[16.170569,38.735426],[16.171921,38.735149],[16.172064,38.734637],[16.170478,38.733542],[16.167004,38.731825],[16.165043,38.731243],[16.163295,38.729254],[16.162856,38.728024],[16.161326,38.726797],[16.160953,38.72567],[16.159314,38.725667],[16.158787,38.725],[16.157829,38.724415],[16.157733,38.722609],[16.15747,38.722338],[16.153757,38.720011],[16.153416,38.719483],[16.153489,38.718373],[16.153158,38.717878],[16.152,38.717373],[16.150793,38.717501],[16.149981,38.717289],[16.148248,38.715807],[16.14691,38.713696],[16.144801,38.712767],[16.144489,38.711621],[16.142904,38.710327],[16.141869,38.709825],[16.139434,38.709233],[16.137178,38.708083],[16.132758,38.705241],[16.131873,38.703975],[16.129534,38.701906],[16.128643,38.701721],[16.127218,38.701792],[16.126605,38.701567],[16.125773,38.700435],[16.123933,38.699366],[16.121876,38.696973],[16.119988,38.696355],[16.11928,38.695648],[16.114778,38.692951],[16.114134,38.691637],[16.111956,38.690578],[16.110555,38.690219],[16.109409,38.689011],[16.108194,38.68862],[16.107287,38.688022],[16.105888,38.686683],[16.105117,38.684851],[16.103294,38.682517],[16.102826,38.680979],[16.099176,38.6771],[16.096692,38.673435],[16.095792,38.673137],[16.092855,38.673624],[16.089411,38.67285],[16.088138,38.672286],[16.087112,38.67149],[16.084934,38.665803],[16.083951,38.663915],[16.083237,38.66327],[16.081088,38.662606],[16.077524,38.66241],[16.075971,38.662091],[16.075001,38.661538],[16.072912,38.659366],[16.067959,38.656534],[16.064415,38.656392],[16.058793,38.654058],[16.057421,38.653248],[16.056563,38.651351],[16.054121,38.643497],[16.053589,38.642357],[16.052059,38.64096],[16.051971,38.640317],[16.052355,38.639754],[16.054446,38.638996],[16.056871,38.637394],[16.059604,38.636854],[16.06153,38.635974],[16.063303,38.634833],[16.064615,38.633043],[16.065709,38.632507],[16.066889,38.632551],[16.07073,38.633491],[16.07398,38.634997],[16.074672,38.635091],[16.077554,38.634655],[16.078945,38.633822],[16.079454,38.633166],[16.079221,38.631968],[16.078677,38.631472],[16.077045,38.631455],[16.076233,38.630997],[16.076077,38.630379],[16.076699,38.629281],[16.076508,38.628674],[16.074114,38.627256],[16.072998,38.627422],[16.071952,38.628409],[16.06953,38.62993],[16.068713,38.630055],[16.068438,38.629898],[16.068893,38.629215],[16.06797,38.626626],[16.06891,38.625532],[16.069448,38.623889],[16.071541,38.621685],[16.073177,38.619186],[16.073136,38.618536],[16.070411,38.612214]]]}},{"type":"Feature","properties":{"id":17998012,"nome":"Ferrovia Soverato-Chiaravalle Centrale","uso":"","operatore":"","dal":"1923","wikipedia":"it:Ferrovia Soverato-Chiaravalle Centrale"},"geometry":{"type":"MultiLineString","coordinates":[[[16.549245,38.684201],[16.550086,38.68262],[16.550436,38.681121],[16.550295,38.678361],[16.549939,38.676735],[16.543436,38.673878],[16.541229,38.673316],[16.538462,38.673267],[16.527928,38.676378],[16.524787,38.677006],[16.522366,38.678517],[16.519005,38.678672],[16.517263,38.679446],[16.516504,38.680457],[16.514849,38.680818],[16.512346,38.680316],[16.510956,38.681153],[16.510138,38.681153],[16.507075,38.680759],[16.506525,38.680361],[16.506396,38.679916],[16.505807,38.679607],[16.503776,38.680207],[16.502157,38.679706],[16.49988,38.679773],[16.498695,38.679119],[16.49784,38.678945],[16.496998,38.678109],[16.496397,38.678112],[16.495203,38.678712],[16.494574,38.678738],[16.494473,38.679035],[16.495636,38.679982],[16.497743,38.680786],[16.499575,38.681817],[16.50062,38.683001],[16.500991,38.684438],[16.502607,38.685328],[16.502862,38.685895],[16.502607,38.686359],[16.501721,38.686703],[16.500791,38.686414],[16.499935,38.685359],[16.49796,38.684516],[16.49744,38.683468],[16.495396,38.682807],[16.493802,38.680786],[16.492922,38.680525],[16.490478,38.681295],[16.489569,38.681086],[16.488665,38.68117],[16.487914,38.681711],[16.487839,38.683033],[16.486916,38.684218],[16.486524,38.685505],[16.4862,38.685768],[16.48548,38.685964],[16.482771,38.686009],[16.481405,38.686502],[16.481179,38.686848],[16.481414,38.687525],[16.482775,38.687904],[16.483336,38.688342],[16.483219,38.689245],[16.48167,38.689976],[16.479916,38.689619],[16.477271,38.690055],[16.476873,38.690784],[16.477097,38.691998],[16.476397,38.692913],[16.474842,38.694066],[16.472094,38.695586],[16.470677,38.695532],[16.46675,38.693998],[16.466296,38.693522],[16.466145,38.692123],[16.465024,38.691043]],[[16.46389,38.690107],[16.462702,38.689848],[16.461676,38.690283],[16.461273,38.690851],[16.461219,38.692087],[16.460905,38.692658],[16.457181,38.694677],[16.45575,38.694888],[16.450588,38.694748],[16.448485,38.69585],[16.44594,38.695655],[16.442576,38.697188],[16.440702,38.697617],[16.438453,38.698643],[16.437027,38.699027],[16.435931,38.700164],[16.434014,38.701262],[16.43184,38.701236],[16.43106,38.700782],[16.429303,38.69907],[16.428861,38.698907],[16.428144,38.698961],[16.427074,38.699459],[16.425156,38.699412],[16.422941,38.698485],[16.421066,38.698098],[16.419857,38.696985],[16.42042,38.69588],[16.420504,38.695024],[16.420143,38.694539],[16.418967,38.693888],[16.418037,38.692862],[16.417166,38.692759],[16.415505,38.69307],[16.413825,38.692921],[16.412474,38.693169],[16.410889,38.692955],[16.409363,38.693617],[16.408547,38.693744],[16.40521,38.693079],[16.404533,38.692674],[16.403784,38.691616],[16.400131,38.688632],[16.398379,38.687704],[16.397513,38.685716],[16.396404,38.684217],[16.396613,38.683455],[16.398003,38.681456],[16.39923,38.681401],[16.400287,38.682912],[16.401074,38.683144],[16.403092,38.682414],[16.40762,38.682697],[16.408248,38.682322],[16.408315,38.681672],[16.406955,38.680088]]]}},{"type":"Feature","properties":{"id":18071654,"nome":"Ferrovia Montepescali-Siena","uso":"","operatore":"Rete Ferroviaria Italiana","dal":"","wikipedia":""},"geometry":{"type":"MultiLineString","coordinates":[[[11.068877,42.869629],[11.067505,42.8719],[11.06713,42.873206],[11.067426,42.875236],[11.068217,42.876485],[11.135602,42.947134],[11.138146,42.95085],[11.144152,42.956103],[11.144996,42.956731],[11.146414,42.957337],[11.147668,42.957542],[11.14925,42.95742],[11.154517,42.95525],[11.155832,42.954152],[11.159338,42.948979],[11.160357,42.947924],[11.16161,42.947181],[11.163722,42.946839],[11.165834,42.947326],[11.168275,42.949209],[11.170353,42.949922],[11.172846,42.949681],[11.176189,42.948133],[11.177539,42.948005],[11.179192,42.948279],[11.180337,42.948838],[11.191055,42.956699],[11.194045,42.95808],[11.200869,42.959645],[11.207552,42.960135],[11.212749,42.961344],[11.21518,42.961299],[11.24204,42.956258],[11.244158,42.95569],[11.269419,42.944572],[11.275347,42.940972],[11.277463,42.940207],[11.279761,42.939897],[11.291674,42.941269],[11.292739,42.9416],[11.299016,42.94462],[11.308599,42.945669],[11.312712,42.947999],[11.32998,42.95371],[11.334896,42.957814],[11.342156,42.968486],[11.343136,42.969453],[11.35721,42.980352],[11.359166,42.981018],[11.365951,42.981862],[11.372429,42.984535],[11.37338,42.985654],[11.374282,42.988872],[11.374741,42.989714],[11.375918,42.990669],[11.380955,42.993251],[11.381749,42.994017],[11.382109,42.994961],[11.381917,42.996368],[11.379708,42.998843],[11.378217,43.001768],[11.376816,43.005288],[11.373747,43.010296],[11.373002,43.011133],[11.370745,43.012503],[11.370101,43.013528],[11.370373,43.016919],[11.370051,43.017779],[11.368727,43.019207],[11.368224,43.020409],[11.367945,43.022312],[11.367993,43.026655],[11.366261,43.029101],[11.366005,43.031129],[11.365235,43.032821],[11.364997,43.035203],[11.363591,43.03778],[11.363419,43.038809],[11.363506,43.042302],[11.364156,43.047969],[11.364913,43.049913],[11.365147,43.051522],[11.36571,43.052501],[11.367556,43.053975],[11.368128,43.054679],[11.368998,43.056346],[11.368897,43.057573],[11.367764,43.059517],[11.367539,43.060504],[11.368222,43.069015],[11.367807,43.071198],[11.368515,43.073338],[11.368544,43.075861],[11.368075,43.077491],[11.366878,43.079066],[11.366819,43.080472],[11.367424,43.081437],[11.370269,43.083554],[11.37183,43.085014],[11.373138,43.085591],[11.375733,43.086145],[11.377213,43.087136],[11.377716,43.08796],[11.377846,43.088743],[11.376902,43.091017],[11.377114,43.092432],[11.379746,43.095431],[11.381655,43.096738],[11.382963,43.098831],[11.384841,43.100357],[11.386078,43.101794],[11.386345,43.102849],[11.385972,43.103969],[11.383567,43.105963],[11.382803,43.106916],[11.382624,43.10817],[11.383152,43.109291],[11.384603,43.11034],[11.386349,43.110707],[11.387517,43.110612],[11.390752,43.109766],[11.39257,43.109873],[11.393924,43.110486],[11.396231,43.112736],[11.397226,43.113381],[11.398437,43.113752],[11.402651,43.114243],[11.404364,43.113997],[11.41228,43.11149],[11.416371,43.111164],[11.431746,43.11202],[11.44828,43.111101],[11.450245,43.11157],[11.453253,43.113385],[11.455095,43.11376],[11.456543,43.113619],[11.462192,43.112138],[11.464722,43.112001],[11.466428,43.112282],[11.474078,43.11441],[11.475906,43.115502],[11.476749,43.116347],[11.477376,43.117371],[11.483397,43.132089],[11.48414,43.139517],[11.484052,43.140334],[11.483584,43.141312],[11.482544,43.142303],[11.481273,43.142941],[11.476214,43.143555],[11.467258,43.146175],[11.465511,43.146919],[11.464394,43.147971],[11.455423,43.16451],[11.451748,43.169391],[11.451415,43.170925],[11.451992,43.173544],[11.452003,43.174681],[11.450421,43.178363],[11.438216,43.191403],[11.433143,43.195551],[11.431876,43.197074],[11.431369,43.19832],[11.430735,43.201455],[11.431772,43.207601],[11.431658,43.212644],[11.431412,43.21388],[11.430665,43.215059],[11.424488,43.221953],[11.417995,43.232669],[11.410322,43.239226],[11.400766,43.248727],[11.39571,43.251154],[11.391674,43.253484],[11.380094,43.256356],[11.378651,43.257435],[11.375783,43.261303],[11.375461,43.262286],[11.375566,43.263227],[11.378948,43.269708],[11.379243,43.270854],[11.379073,43.272205],[11.377329,43.276361],[11.377242,43.277635],[11.37785,43.278802],[11.381869,43.283161],[11.383016,43.287306],[11.382415,43.291626],[11.383565,43.294338],[11.383656,43.295323],[11.381308,43.301368],[11.37996,43.302593],[11.377994,43.303279],[11.376439,43.303324],[11.373387,43.302721],[11.371758,43.302882],[11.363849,43.30683],[11.362035,43.308556],[11.359986,43.312505],[11.359355,43.314808],[11.359005,43.318188],[11.358359,43.319124],[11.357401,43.319814],[11.348209,43.32286],[11.346096,43.323759],[11.341582,43.326838],[11.339545,43.327834],[11.337474,43.328252],[11.333548,43.32816],[11.332096,43.328352],[11.322977,43.331776]]]}},{"type":"Feature","properties":{"id":18124912,"nome":"Ferrovia Centrale Toscana","uso":"","operatore":"Rete Ferroviaria Italiana","dal":"","wikipedia":"it:Ferrovia Centrale Toscana"},"geometry":{"type":"MultiLineString","coordinates":[[[10.949302,43.715646],[10.944425,43.715108],[10.949314,43.715602]],[[11.95775,43.002479],[11.964814,43.017456],[11.965256,43.02305],[11.961751,43.034281],[11.96029,43.044602],[11.959059,43.046827],[11.956443,43.048845],[11.954489,43.049632],[11.939514,43.052291],[11.914238,43.061854],[11.90797,43.065663],[11.903627,43.069147],[11.902495,43.07051],[11.898397,43.077787],[11.89359,43.095226],[11.892503,43.0974],[11.889926,43.101382],[11.828652,43.164278],[11.827149,43.165072],[11.825239,43.165623],[11.792184,43.172445],[11.789924,43.173085],[11.750241,43.192844],[11.748005,43.195721],[11.747373,43.19677],[11.746916,43.19827],[11.744314,43.221503],[11.743889,43.222882],[11.716502,43.254597],[11.715364,43.2555],[11.713283,43.256164],[11.704434,43.256951],[11.689813,43.257398],[11.687451,43.256721],[11.68292,43.2539],[11.68187,43.253533],[11.677001,43.25363],[11.658438,43.24912],[11.6509,43.249305],[11.64922,43.249614],[11.647921,43.250184],[11.647074,43.250874],[11.641022,43.257997],[11.640377,43.25927],[11.640161,43.260687],[11.639973,43.27648],[11.639654,43.277657],[11.638836,43.278714],[11.624971,43.287272],[11.620037,43.290039],[11.617417,43.290511],[11.605767,43.290959],[11.602143,43.289565],[11.601278,43.288664],[11.600979,43.287734],[11.601134,43.286738],[11.60581,43.275167],[11.605972,43.274085],[11.599826,43.246119],[11.599121,43.245224],[11.597969,43.244377],[11.582304,43.237054],[11.577299,43.234054],[11.576218,43.232814],[11.575033,43.229223],[11.573773,43.22804],[11.571369,43.226841],[11.570378,43.226568],[11.568877,43.226506],[11.567668,43.226721],[11.56632,43.227289],[11.564453,43.228598],[11.563473,43.229799],[11.563315,43.230643],[11.563492,43.231428],[11.565908,43.235355],[11.566183,43.236662],[11.56547,43.238845],[11.562766,43.240923],[11.561541,43.242304],[11.56112,43.243342],[11.561005,43.244389],[11.561355,43.245581],[11.56267,43.246871],[11.565241,43.247883],[11.569378,43.248591],[11.570452,43.249214],[11.571251,43.250164],[11.571488,43.251439],[11.571054,43.254635],[11.56829,43.259326],[11.567685,43.259909],[11.563465,43.26256],[11.551034,43.268812],[11.549773,43.269248],[11.541398,43.270893],[11.539878,43.27194],[11.537847,43.274502],[11.53649,43.27556],[11.522118,43.282618],[11.520944,43.283861],[11.512606,43.298726],[11.511333,43.299874],[11.509032,43.300705],[11.478964,43.308431],[11.472526,43.308914],[11.420253,43.304102],[11.41843,43.303278],[11.415796,43.300105],[11.413436,43.298369],[11.403296,43.29287],[11.401525,43.292635],[11.397765,43.293113],[11.37865,43.28991],[11.37722,43.289884],[11.375887,43.290192],[11.374386,43.291101],[11.373269,43.292704],[11.372887,43.295258],[11.373186,43.29804],[11.372389,43.299676],[11.367196,43.303379],[11.361119,43.307029],[11.357574,43.311284],[11.357271,43.312258],[11.357358,43.313096],[11.358766,43.315438],[11.359179,43.316799],[11.359014,43.318036],[11.358327,43.319101],[11.356787,43.320051],[11.348761,43.32263],[11.346099,43.32372],[11.341563,43.326809],[11.33957,43.327787],[11.337348,43.328225],[11.333536,43.328127],[11.331882,43.328372],[11.322244,43.332008],[11.317058,43.333637],[11.314934,43.334808],[11.31093,43.339302],[11.309524,43.341387],[11.307746,43.344809],[11.304276,43.352549],[11.303572,43.355234],[11.303466,43.356775],[11.303733,43.359195],[11.302185,43.362248],[11.297839,43.366081],[11.295978,43.36663],[11.292534,43.366524],[11.291395,43.366682],[11.289168,43.367587],[11.287594,43.368706],[11.28606,43.370305],[11.285129,43.371795],[11.284949,43.373297],[11.285309,43.37615],[11.285137,43.377076],[11.284413,43.37837],[11.282059,43.379974],[11.27816,43.38162],[11.276788,43.382411],[11.274284,43.384252],[11.272405,43.386566],[11.270574,43.387986],[11.268396,43.388752],[11.262685,43.388872],[11.255247,43.38979],[11.253859,43.389722],[11.251501,43.389034],[11.249814,43.389028],[11.24824,43.389437],[11.246191,43.390487],[11.243431,43.39291],[11.241423,43.393819],[11.234703,43.39468],[11.227768,43.396035],[11.220912,43.395941],[11.219279,43.396388],[11.218089,43.3974],[11.21661,43.400608],[11.2147,43.402939],[11.210935,43.412397],[11.207999,43.416207],[11.20565,43.417831],[11.203861,43.418451],[11.194813,43.418326],[11.19305,43.418779],[11.192298,43.419261],[11.188124,43.423289],[11.185869,43.425959],[11.184903,43.42651],[11.181146,43.4279],[11.180416,43.428431],[11.17966,43.429624],[11.179611,43.430568],[11.179886,43.431435],[11.181149,43.43365],[11.181415,43.435441],[11.181218,43.436437],[11.180372,43.438257],[11.179381,43.439415],[11.177809,43.440083],[11.173132,43.441054],[11.17081,43.441116],[11.167987,43.440093],[11.16535,43.437926],[11.164261,43.437567],[11.162959,43.437492],[11.159591,43.438177],[11.155412,43.440544],[11.154467,43.441414],[11.153742,43.442816],[11.152347,43.44838],[11.152152,43.449902],[11.152579,43.451635],[11.153296,43.453212],[11.158015,43.457656],[11.158847,43.458747],[11.159456,43.461052],[11.159276,43.462049],[11.158579,43.463014],[11.149923,43.467776],[11.129763,43.482202],[11.108652,43.501461],[11.106505,43.502633],[11.099025,43.505568],[11.093096,43.509409],[11.088529,43.51195],[11.087059,43.513315],[11.076617,43.525172],[11.074394,43.527076],[11.072809,43.527922],[11.070511,43.528649],[11.063767,43.529464],[11.062456,43.529798],[11.06076,43.530668],[11.052925,43.535617],[11.045053,43.537942],[11.043323,43.538765],[11.042122,43.539933],[11.038467,43.546054],[11.036427,43.548775],[10.984767,43.589813],[10.976555,43.596229],[10.973603,43.59785],[10.972408,43.598957],[10.971087,43.601298],[10.96854,43.604628],[10.964609,43.611412],[10.955227,43.644584],[10.954572,43.645968],[10.953696,43.646954],[10.952629,43.647708],[10.947536,43.649958],[10.943847,43.653734],[10.942763,43.654571],[10.933965,43.659184],[10.929891,43.661795],[10.910876,43.680555],[10.905705,43.691324],[10.905639,43.69281],[10.907111,43.698995],[10.909276,43.70296],[10.910601,43.704441],[10.918202,43.711333],[10.921087,43.712268],[10.944425,43.715108]],[[11.15277,43.466152],[11.149558,43.467979],[11.128808,43.482899],[11.108622,43.501431],[11.1065,43.502589],[11.099052,43.505494],[11.093486,43.509132],[11.088468,43.511938],[11.087039,43.513268],[11.076583,43.52516],[11.074483,43.526987],[11.072823,43.527887],[11.070955,43.528515],[11.063754,43.529446],[11.061967,43.529954],[11.052878,43.535588],[11.045091,43.537905],[11.043291,43.538749],[11.042084,43.539922],[11.037312,43.547729],[11.036175,43.548956],[10.978293,43.594831],[10.975981,43.596577],[10.972996,43.598241],[10.972223,43.59914],[10.97104,43.601283],[10.968727,43.604255],[10.96456,43.611401],[10.954785,43.645544],[10.953897,43.6467],[10.952602,43.647681],[10.947503,43.649931],[10.943389,43.654076],[10.9401,43.655985]],[[11.957796,43.002466],[11.964863,43.017447],[11.965305,43.023053],[11.9618,43.034287],[11.960511,43.043936],[11.959848,43.045775],[11.959245,43.046659],[11.957756,43.048036],[11.956472,43.048875],[11.95492,43.049528],[11.952789,43.050057],[11.940627,43.052049],[11.938448,43.052662],[11.914902,43.061633],[11.911903,43.06321]]]}},{"type":"Feature","properties":{"id":18268249,"nome":"Linea del Brennero (alta velocità)","uso":"","operatore":"Trenitalia","dal":"","wikipedia":""},"geometry":{"type":"MultiLineString","coordinates":[[[11.429717,47.21805],[11.483312,47.147257],[11.486107,47.143149],[11.488596,47.13895],[11.490774,47.134672],[11.492635,47.130325],[11.495019,47.122956],[11.523361,47.013568],[11.532036,46.945526],[11.549697,46.850543],[11.550756,46.846538],[11.55211,46.843245],[11.553877,46.840045],[11.556043,46.836962],[11.558591,46.834021],[11.573599,46.82021],[11.58899,46.803159],[11.591613,46.80073],[11.594488,46.798532],[11.602411,46.794175],[11.606387,46.791459],[11.609476,46.788273],[11.6139,46.782302],[11.618607,46.777279],[11.620842,46.774142],[11.622419,46.770675],[11.622874,46.768759],[11.622374,46.766308],[11.621545,46.764286],[11.619653,46.760951],[11.613,46.751818],[11.611783,46.749821],[11.610723,46.747228],[11.610161,46.744622],[11.610098,46.742252],[11.610408,46.739884],[11.611572,46.736685],[11.612908,46.73439],[11.614937,46.731927],[11.617099,46.729926],[11.625755,46.72303],[11.629428,46.719276],[11.630802,46.717301],[11.632839,46.713032],[11.633428,46.71078],[11.633696,46.708358],[11.633653,46.70625],[11.633299,46.704038],[11.63268,46.701854],[11.631803,46.699833],[11.630471,46.697478],[11.628898,46.695455],[11.62709,46.693515],[11.615164,46.683031],[11.607854,46.676181],[11.605307,46.672372],[11.603698,46.668723],[11.603074,46.664285],[11.60341,46.658862],[11.60447,46.650475],[11.604358,46.647342],[11.603862,46.645016],[11.60302,46.642739],[11.600606,46.638767],[11.597501,46.635488],[11.594043,46.632891],[11.545646,46.604804],[11.542035,46.602269],[11.539339,46.599714],[11.536517,46.595834],[11.535598,46.593963],[11.534811,46.591656],[11.530939,46.565632],[11.530434,46.563427],[11.529421,46.561139],[11.509071,46.533106],[11.485697,46.510988],[11.48229,46.508348],[11.45684,46.491978],[11.453762,46.490109],[11.450726,46.48865],[11.447535,46.487481],[11.442041,46.486028],[11.389389,46.474857],[11.385361,46.47377],[11.381431,46.472359],[11.377655,46.470658],[11.374081,46.4687],[11.370757,46.466516],[11.36773,46.464137],[11.365049,46.461595],[11.362763,46.458919],[11.360921,46.456142],[11.359575,46.453301],[11.339063,46.394344],[11.337941,46.391607],[11.336518,46.388938],[11.334801,46.386353],[11.332802,46.383868],[11.330533,46.381496],[11.322779,46.37478],[11.320627,46.372468],[11.318768,46.370036],[11.317215,46.367504],[11.315981,46.364889],[11.315074,46.362211],[11.313241,46.353271],[11.312464,46.348016],[11.310679,46.340075],[11.308927,46.336234],[11.30673,46.332505],[11.301875,46.326254],[11.297625,46.322231],[11.293819,46.319187],[11.289669,46.316367],[11.285201,46.313791],[11.255069,46.297714],[11.251665,46.295206],[11.24889,46.29235],[11.247762,46.290815],[11.246061,46.28758],[11.245137,46.284197],[11.245013,46.280754],[11.245926,46.267314],[11.245643,46.264384],[11.245014,46.261481],[11.244045,46.258623],[11.242741,46.255829],[11.241112,46.253119],[11.239168,46.250511],[11.235048,46.24628],[11.157299,46.193622],[11.151231,46.190288],[11.145151,46.187645],[11.139235,46.185654],[11.128584,46.182565],[11.123827,46.180666],[11.121083,46.17877],[11.119842,46.177605],[11.116345,46.171984],[11.115879,46.1705],[11.115824,46.168607],[11.119782,46.144301],[11.120793,46.141444],[11.142149,46.092225],[11.142896,46.089379],[11.143334,46.08572],[11.143619,46.077042],[11.142921,46.058078],[11.143154,46.053768],[11.142368,46.016203],[11.141944,46.013096],[11.141476,46.011637],[11.140106,46.00892],[11.137205,46.005381],[11.13489,46.003408],[11.126435,45.997257],[11.124145,45.99516],[11.122716,45.993272],[11.116992,45.984431],[11.11458,45.980608],[11.113908,45.979079],[11.112811,45.97232],[11.110236,45.963661],[11.110212,45.962484],[11.110696,45.960358],[11.117837,45.93962],[11.118902,45.935319],[11.119177,45.931087],[11.118848,45.928035],[11.118057,45.924608],[11.116598,45.921112],[11.114769,45.917826],[11.112404,45.914658],[11.107494,45.909927],[11.047553,45.867372],[11.041612,45.8643],[11.035342,45.862151],[11.031295,45.861211],[11.018043,45.859181],[11.01454,45.858381],[11.0116,45.857283],[11.009176,45.855962],[11.007226,45.854494],[11.005702,45.852953],[11.003761,45.849955],[11.003254,45.848648],[11.002942,45.846795],[11.003476,45.829819],[11.004098,45.827464],[11.005133,45.825853],[11.012187,45.816753],[11.025585,45.805185],[11.028594,45.802302],[11.031083,45.79952],[11.034714,45.794317],[11.03596,45.791923],[11.037579,45.787615],[11.038384,45.784039],[11.038766,45.781115],[11.038579,45.776008],[11.037143,45.770013],[11.035311,45.765696],[11.034093,45.763481],[11.031039,45.759165],[11.027266,45.755166],[11.022897,45.751541],[11.018057,45.74835],[11.012871,45.74565],[10.962913,45.722426],[10.958817,45.720085],[10.953646,45.716266],[10.950747,45.713484],[10.948205,45.71049],[10.908685,45.658642],[10.877717,45.629611],[10.874011,45.627124],[10.867965,45.620959],[10.863032,45.617363],[10.85867,45.611341],[10.857682,45.60963],[10.856184,45.605995],[10.855887,45.602029],[10.855112,45.599816],[10.853427,45.59771],[10.850713,45.595413],[10.84886,45.593505],[10.846973,45.590605],[10.844718,45.582683],[10.841371,45.572665],[10.833807,45.545313],[10.833149,45.542324],[10.832806,45.539332],[10.83296,45.533459],[10.833404,45.530642],[10.834893,45.525398],[10.83701,45.520887],[10.839474,45.517297],[10.842832,45.513151],[10.846847,45.509366],[10.851534,45.506272],[10.856222,45.503763],[10.875026,45.497047],[10.901459,45.485214],[10.905834,45.484397],[10.915784,45.484314],[10.917817,45.484111],[10.920768,45.483439],[10.923791,45.48215],[10.935528,45.473866],[10.93698,45.472543],[10.938124,45.471067],[10.939042,45.469178],[10.939317,45.468096],[10.939415,45.466932],[10.938949,45.462241],[10.93929,45.460009],[10.94046,45.457769],[10.945302,45.452128],[10.947041,45.448138],[10.95019,45.444629],[10.950837,45.443633],[10.951202,45.44223],[10.95085,45.436607],[10.950976,45.433554],[10.952002,45.431498],[10.953617,45.429658],[10.955699,45.428127],[10.957688,45.427328],[10.967219,45.425717],[10.969851,45.425935],[10.982576,45.428746]],[[11.430441,47.218466],[11.484143,47.147524],[11.486955,47.14339],[11.489461,47.139165],[11.491652,47.13486],[11.493525,47.130486],[11.495926,47.12307],[11.524245,47.013867],[11.532941,46.945624],[11.550723,46.850069],[11.55173,46.84626],[11.553342,46.842412],[11.555116,46.839305],[11.557268,46.836313],[11.559782,46.833456],[11.574343,46.820103],[11.589693,46.802973],[11.591335,46.801457],[11.594639,46.798838],[11.602597,46.794387],[11.606573,46.791562],[11.609349,46.788647],[11.613561,46.783118],[11.618459,46.778134],[11.621019,46.775105],[11.622278,46.772811],[11.623458,46.769201],[11.623537,46.76765],[11.623213,46.766212],[11.622282,46.764119],[11.620109,46.760745],[11.612293,46.749748],[11.611236,46.747154],[11.610677,46.744562],[11.610615,46.742257],[11.610931,46.739894],[11.612039,46.736832],[11.613418,46.73447],[11.615433,46.732042],[11.617554,46.730121],[11.626214,46.723202],[11.628182,46.72138],[11.631291,46.717456],[11.633336,46.713112],[11.633947,46.710819],[11.634219,46.708354],[11.634174,46.706218],[11.633821,46.704001],[11.633183,46.701754],[11.632326,46.699737],[11.630935,46.697313],[11.629329,46.695276],[11.627501,46.693292],[11.615552,46.68279],[11.608332,46.676054],[11.605804,46.672261],[11.604217,46.66868],[11.603595,46.664312],[11.603927,46.659029],[11.604992,46.650491],[11.604878,46.647309],[11.604375,46.644946],[11.603519,46.642632],[11.601067,46.638598],[11.597912,46.635267],[11.594399,46.632628],[11.545989,46.604533],[11.542435,46.602037],[11.539781,46.599523],[11.537003,46.595704],[11.536099,46.593863],[11.535324,46.591592],[11.531457,46.56559],[11.530945,46.563352],[11.529905,46.561006],[11.509522,46.532925],[11.486114,46.510771],[11.482651,46.50809],[11.457195,46.491715],[11.454086,46.489827],[11.450999,46.488343],[11.447755,46.487155],[11.442204,46.485686],[11.389561,46.474517],[11.385578,46.473443],[11.381695,46.472049],[11.377961,46.470367],[11.374424,46.468429],[11.371134,46.466267],[11.368138,46.463913],[11.365486,46.461397],[11.363226,46.458753],[11.361407,46.456011],[11.360078,46.453204],[11.339568,46.394253],[11.338437,46.391496],[11.337,46.388801],[11.335267,46.386191],[11.333248,46.383681],[11.330957,46.381286],[11.323206,46.374573],[11.318949,46.369993],[11.317325,46.367476],[11.316094,46.364867],[11.315189,46.362196],[11.314683,46.359792],[11.312981,46.347972],[11.311186,46.339991],[11.309417,46.336112],[11.307204,46.332356],[11.302312,46.326058],[11.298032,46.322007],[11.294199,46.318941],[11.290018,46.3161],[11.285526,46.31351],[11.270854,46.305726],[11.263555,46.302205],[11.257065,46.298741],[11.253551,46.296347],[11.249343,46.292175],[11.248234,46.290666],[11.246562,46.287485],[11.245653,46.284159],[11.245532,46.280767],[11.246446,46.267304],[11.246159,46.264346],[11.245524,46.261413],[11.244545,46.258527],[11.243229,46.255705],[11.241583,46.252968],[11.239615,46.250328],[11.235449,46.246049],[11.157653,46.193359],[11.151528,46.189993],[11.145401,46.18733],[11.137539,46.184765],[11.128609,46.182528],[11.124509,46.180971],[11.12279,46.179959],[11.120105,46.177827],[11.1164,46.171971],[11.115937,46.170496],[11.115883,46.16861],[11.117336,46.162231],[11.119881,46.146342],[11.120534,46.143579],[11.143076,46.091008],[11.143665,46.087643],[11.14398,46.083791],[11.144137,46.077042],[11.144013,46.069879],[11.144233,46.06551],[11.144086,46.05806],[11.143666,46.053466],[11.142886,46.016197],[11.142762,46.014584],[11.141976,46.011545],[11.14058,46.008776],[11.137626,46.005173],[11.135264,46.00316],[11.125342,45.99622],[11.124211,45.995132],[11.122786,45.993249],[11.114293,45.979888],[11.113816,45.978471],[11.112888,45.972311],[11.110313,45.963653],[11.110359,45.962038],[11.110933,45.959851],[11.112856,45.955591],[11.118345,45.939693],[11.119415,45.935359],[11.119694,45.931078],[11.119361,45.927993],[11.118562,45.924529],[11.117088,45.920997],[11.11524,45.917678],[11.112849,45.914474],[11.107887,45.909694],[11.047902,45.867108],[11.041878,45.863992],[11.035531,45.861817],[11.029506,45.860535],[11.022177,45.859746],[11.018063,45.859128],[11.014571,45.858331],[11.011642,45.857238],[11.009229,45.855923],[11.007286,45.85446],[11.005769,45.852925],[11.003835,45.849938],[11.00333,45.848636],[11.00302,45.846797],[11.003553,45.829822],[11.004171,45.827482],[11.005201,45.825878],[11.012477,45.816553],[11.016516,45.813532],[11.025985,45.805412],[11.029021,45.802503],[11.03153,45.799699],[11.035192,45.794451],[11.03645,45.792034],[11.038085,45.787687],[11.038896,45.784082],[11.039281,45.781132],[11.039093,45.775974],[11.037644,45.769928],[11.035797,45.765577],[11.034569,45.763343],[11.031486,45.758986],[11.027679,45.754951],[11.023272,45.751294],[11.018389,45.748075],[11.013162,45.745353],[10.96322,45.722137],[10.959164,45.719818],[10.954047,45.716039],[10.951178,45.713287],[10.948657,45.710317],[10.909123,45.658453],[10.905235,45.654645],[10.896681,45.647167],[10.877761,45.629585],[10.874054,45.627097],[10.868011,45.620935],[10.863082,45.617342],[10.858386,45.610833],[10.856815,45.607563],[10.856316,45.605369],[10.856205,45.602001],[10.855412,45.599735],[10.853685,45.597579],[10.84948,45.594123],[10.847941,45.592241],[10.847029,45.590595],[10.846211,45.588173],[10.845218,45.582602],[10.84187,45.572584],[10.834312,45.545251],[10.833659,45.542283],[10.833319,45.539315],[10.833471,45.533488],[10.833912,45.530691],[10.83539,45.525489],[10.837485,45.521023],[10.841867,45.514432],[10.843914,45.512062],[10.84689,45.509394],[10.851572,45.506302],[10.856253,45.503797],[10.875054,45.497082],[10.901484,45.485251],[10.905839,45.484437],[10.915787,45.484354],[10.917828,45.484151],[10.920792,45.483476],[10.923829,45.482181],[10.93557,45.473893],[10.937028,45.472565],[10.938177,45.471083],[10.939098,45.469187],[10.939374,45.468101],[10.939473,45.466932],[10.939007,45.46224],[10.939346,45.460018],[10.940511,45.457787],[10.945354,45.452144],[10.947093,45.448155],[10.95024,45.44465],[10.950891,45.443645],[10.95126,45.442231],[10.950908,45.436606],[10.951033,45.433559],[10.952044,45.431511],[10.953855,45.429497],[10.955681,45.428181],[10.957689,45.427365],[10.967429,45.425744],[10.969833,45.425967],[10.982545,45.428823]]]}},{"type":"Feature","properties":{"id":18413574,"nome":"Ferrovia Subappennina","uso":"","operatore":"","dal":"","wikipedia":""},"geometry":{"type":"MultiLineString","coordinates":[[[12.630319,43.784077],[12.630581,43.784098],[12.630319,43.784077]],[[12.635103,43.779208],[12.634325,43.781682],[12.633005,43.783166],[12.631272,43.783942],[12.626307,43.785583],[12.624555,43.78663],[12.623332,43.787773],[12.62231,43.789418],[12.619905,43.796548],[12.61647,43.802258],[12.615205,43.803168],[12.610627,43.805149],[12.608453,43.807123],[12.606217,43.809718],[12.605082,43.810459],[12.60368,43.81089],[12.596974,43.812051],[12.583597,43.813843],[12.577101,43.813388],[12.56721,43.812164]],[[12.634229,43.78233],[12.634237,43.782148],[12.634229,43.78233]],[[12.634631,43.780997],[12.634974,43.779859],[12.634631,43.780997]],[[12.635044,43.779279],[12.635044,43.779279]],[[12.599674,43.811703],[12.599466,43.811611],[12.599674,43.811703]],[[12.586885,43.813598],[12.586885,43.813598]],[[12.623243,43.78785],[12.624112,43.787064],[12.623243,43.78785]]]}},{"type":"Feature","properties":{"id":18474782,"nome":"Ferrovia Cintura di Milano","uso":"","operatore":"Rete Ferroviaria Italiana","dal":"","wikipedia":"it:Linea di cintura di Milano"},"geometry":{"type":"MultiLineString","coordinates":[[[9.131685,45.507569],[9.140627,45.505746],[9.143141,45.505706],[9.144599,45.506011],[9.146086,45.506625],[9.149643,45.509003],[9.151059,45.509694],[9.15291,45.510153],[9.154764,45.510212],[9.19493,45.504059]],[[9.196295,45.503855],[9.199681,45.503676],[9.209688,45.504234],[9.211423,45.503978],[9.21321,45.503262],[9.214273,45.502479],[9.215009,45.501567],[9.21544,45.500527],[9.215504,45.499388],[9.215247,45.49842],[9.214118,45.496302],[9.212399,45.49431]],[[9.212358,45.494333],[9.213722,45.49579],[9.214999,45.498007],[9.215433,45.499198],[9.215428,45.500384],[9.214913,45.501659],[9.21377,45.502852],[9.212306,45.503659],[9.210555,45.504123],[9.209036,45.50421],[9.199672,45.503644],[9.196835,45.503746],[9.154483,45.510197],[9.152918,45.510121],[9.151081,45.509669],[9.149387,45.508804],[9.146122,45.506599],[9.144618,45.505981],[9.143149,45.505674],[9.140615,45.505712],[9.13167,45.507535]],[[9.131622,45.507439],[9.139152,45.505837],[9.143191,45.505583],[9.145926,45.506393],[9.149433,45.508776],[9.151122,45.50963],[9.152927,45.510076],[9.154803,45.510136],[9.214415,45.50096],[9.217477,45.500013],[9.221065,45.49802],[9.226157,45.496224],[9.227899,45.495248],[9.236763,45.485644],[9.237731,45.484311]],[[9.234137,45.488453],[9.236816,45.485817],[9.238046,45.483955]],[[9.237827,45.484349],[9.236778,45.4858],[9.234461,45.488064],[9.237095,45.485189],[9.23805,45.483322]],[[9.234461,45.488064],[9.228762,45.494428],[9.227501,45.495479],[9.225929,45.496278],[9.221079,45.497973],[9.217443,45.49999],[9.214146,45.50098],[9.154799,45.510103],[9.152933,45.510043],[9.151144,45.509601],[9.149466,45.508754],[9.145952,45.506365],[9.143201,45.50555],[9.13927,45.505775],[9.131609,45.507408]],[[9.181615,45.488072],[9.178112,45.48998],[9.174231,45.491439],[9.149295,45.502978],[9.147864,45.504276],[9.147369,45.505536],[9.147711,45.507135],[9.148813,45.508343]],[[9.148843,45.508323],[9.147657,45.506934],[9.147415,45.505541],[9.148017,45.504147],[9.149326,45.503007],[9.174261,45.491469],[9.178135,45.490012],[9.181635,45.488103],[9.186922,45.485743]],[[9.196901,45.503689],[9.204431,45.502842],[9.206867,45.503507],[9.208537,45.504843]],[[9.208572,45.504823],[9.206889,45.503479],[9.204667,45.502831],[9.203177,45.502817],[9.196852,45.503664]],[[9.211926,45.501126],[9.213905,45.500952],[9.216561,45.500337]],[[9.216542,45.500305],[9.21389,45.50092],[9.211922,45.501091]],[[9.21366,45.495294],[9.215614,45.498036],[9.216736,45.499061],[9.218213,45.4993],[9.219883,45.498656]],[[9.219852,45.498629],[9.218181,45.499254],[9.216787,45.499029],[9.215571,45.49791],[9.21469,45.496406],[9.213737,45.495296]],[[9.213278,45.494606],[9.215392,45.496294],[9.217921,45.497081],[9.223551,45.496831],[9.226282,45.496076],[9.227728,45.495257],[9.228738,45.494366],[9.236777,45.485393],[9.237791,45.483801],[9.238499,45.48006],[9.237435,45.454396],[9.236888,45.450331],[9.235201,45.447295],[9.234922,45.445758],[9.235141,45.444631],[9.239981,45.432146]],[[9.239928,45.432136],[9.235094,45.444623],[9.234874,45.44577],[9.23515,45.44729],[9.236841,45.450337],[9.23739,45.454378],[9.238452,45.480061],[9.237749,45.48379],[9.236739,45.485378],[9.228651,45.494402],[9.227654,45.495263],[9.226292,45.496034],[9.223542,45.496801],[9.217929,45.497047],[9.215425,45.496265],[9.213318,45.494588]],[[9.213699,45.494877],[9.215687,45.496346],[9.21808,45.497023],[9.223528,45.496754],[9.226306,45.495971],[9.227654,45.495196],[9.228687,45.494278],[9.236543,45.485423],[9.237716,45.483616],[9.238384,45.480091],[9.237324,45.454389],[9.23673,45.450196],[9.235143,45.447447],[9.234803,45.44577],[9.235069,45.444474],[9.239767,45.432104]],[[9.239822,45.431813],[9.235167,45.444072],[9.234758,45.445728],[9.235048,45.447333],[9.236727,45.450341],[9.23728,45.454402],[9.238338,45.480091],[9.237679,45.483606],[9.236505,45.485408],[9.228608,45.494306],[9.226315,45.495929],[9.223518,45.496723],[9.218086,45.496994],[9.215711,45.496309],[9.213751,45.494858]],[[9.22348,45.524172],[9.22231,45.52243],[9.221146,45.519537],[9.220466,45.518395],[9.219519,45.517296],[9.216477,45.514875],[9.212378,45.50942],[9.211853,45.508304],[9.211821,45.507002],[9.212191,45.505843],[9.212907,45.504797],[9.218752,45.499466],[9.221363,45.497985],[9.226671,45.496089],[9.228328,45.495031],[9.233954,45.488777],[9.237187,45.485621],[9.23811,45.484152],[9.238864,45.480416],[9.238887,45.473014],[9.239668,45.470083],[9.239427,45.469428],[9.237521,45.467567],[9.236937,45.466475],[9.236873,45.465467],[9.237391,45.462201],[9.237217,45.458061],[9.236448,45.450913],[9.236181,45.450055],[9.23445,45.447428],[9.234179,45.446104],[9.238448,45.434215]],[[9.238406,45.434208],[9.234121,45.446107],[9.234453,45.447572],[9.236086,45.450001],[9.236387,45.45085],[9.23715,45.457952],[9.237332,45.462202],[9.236821,45.46546],[9.236884,45.466561],[9.237304,45.467474],[9.239293,45.46934],[9.239617,45.470086],[9.23879,45.47316],[9.238814,45.480417],[9.238062,45.484141],[9.236902,45.485873],[9.233919,45.488766],[9.228297,45.495008],[9.226668,45.496053],[9.22129,45.497978],[9.218721,45.499447],[9.213007,45.504628],[9.212169,45.505783],[9.211781,45.506974],[9.211801,45.508293],[9.212374,45.509497],[9.216285,45.514778],[9.219477,45.517317],[9.22041,45.518402],[9.221021,45.519377],[9.222286,45.522484],[9.223439,45.524187]],[[9.235282,45.442877],[9.235666,45.441311],[9.238285,45.434182]],[[9.238246,45.434174],[9.23567,45.441148],[9.235233,45.442866]],[[9.238123,45.434157],[9.236942,45.437689]],[[9.239693,45.43179],[9.234919,45.444437],[9.234618,45.445923],[9.235004,45.44753],[9.236572,45.450217],[9.237132,45.454187],[9.237487,45.462571],[9.236998,45.466321],[9.237568,45.467462],[9.239525,45.469297],[9.241059,45.469956],[9.246199,45.471119],[9.314823,45.483309]],[[9.314623,45.483233],[9.246216,45.471085],[9.242239,45.470179],[9.239476,45.469171],[9.23764,45.467476],[9.237049,45.466301],[9.237535,45.462554],[9.237178,45.454184],[9.236659,45.45035],[9.234981,45.447385],[9.234665,45.445923],[9.234961,45.444449],[9.239741,45.431798]],[[9.234828,45.488012],[9.236501,45.486575],[9.238072,45.484567],[9.239403,45.480493],[9.23972,45.474765],[9.240197,45.473752],[9.241116,45.472865],[9.243257,45.47193],[9.245703,45.471603],[9.247378,45.471752],[9.251812,45.472835],[9.256105,45.472881]],[[9.256126,45.472849],[9.251817,45.472802],[9.247479,45.471734],[9.245688,45.47157],[9.243109,45.47193],[9.240996,45.472907],[9.24014,45.473757],[9.239667,45.474791],[9.239348,45.480543],[9.238033,45.484555],[9.236463,45.486555],[9.234812,45.487966]]]}},{"type":"Feature","properties":{"id":18474783,"nome":"Ferrovia Cintura sud di Milano","uso":"","operatore":"Rete Ferroviaria Italiana","dal":"","wikipedia":"it:Cintura sud di Milano"},"geometry":{"type":"MultiLineString","coordinates":[[[9.128756,45.441958],[9.139391,45.444948],[9.153692,45.448136],[9.155442,45.448022],[9.157133,45.447514],[9.15835,45.446782],[9.1607,45.444704],[9.163502,45.443623],[9.17904,45.442752],[9.181639,45.443005],[9.186851,45.444561],[9.190026,45.445079],[9.200181,45.445325],[9.20356,45.445146],[9.209051,45.4454],[9.212324,45.445855],[9.227099,45.446536],[9.229465,45.44647],[9.23288,45.445993],[9.234252,45.445063],[9.235708,45.441785],[9.238448,45.434215]],[[9.238406,45.434208],[9.235665,45.441775],[9.234211,45.44504],[9.232859,45.445961],[9.229462,45.446434],[9.226794,45.446493],[9.212334,45.445824],[9.208806,45.445334],[9.203567,45.445104],[9.200182,45.445296],[9.190022,45.445045],[9.187218,45.444617],[9.181651,45.442968],[9.179036,45.442715],[9.163487,45.443594],[9.160662,45.444685],[9.158312,45.446762],[9.157105,45.447485],[9.155615,45.447953],[9.153697,45.448105],[9.139068,45.444833],[9.128802,45.441886]],[[9.235282,45.442877],[9.235666,45.441311],[9.238285,45.434182]],[[9.238246,45.434174],[9.23567,45.441148],[9.235233,45.442866]],[[9.238123,45.434157],[9.236942,45.437689]],[[9.227099,45.446536],[9.232861,45.446868],[9.233916,45.447356],[9.235138,45.448619]],[[9.235196,45.448605],[9.234127,45.44746],[9.232883,45.446838],[9.227096,45.446503]]]}},{"type":"Feature","properties":{"id":18625893,"nome":"Interconnessione Direttissima Orte Sud","uso":"","operatore":"Rete Ferroviaria Italiana","dal":"","wikipedia":""},"geometry":{"type":"MultiLineString","coordinates":[[[12.41899,42.405575],[12.415837,42.408283],[12.410894,42.411271],[12.409551,42.413094],[12.409313,42.414274],[12.409503,42.415726],[12.41178,42.421514],[12.412239,42.423289],[12.412209,42.424531],[12.411386,42.427275]],[[12.419083,42.405622],[12.415986,42.409145],[12.414671,42.411497],[12.41243,42.424175],[12.411607,42.42696]]]}},{"type":"Feature","properties":{"id":18871902,"nome":"Ex Ferrovia Saronno-Novara","uso":"","operatore":"","dal":"","wikipedia":""},"geometry":{"type":"MultiLineString","coordinates":[[[8.879777,45.611251],[8.880697,45.611469],[8.879747,45.611311]],[[8.880697,45.611469],[8.894431,45.613728],[8.896068,45.614461],[8.900846,45.617746],[8.903469,45.61863],[8.927654,45.620687]],[[8.889079,45.612791],[8.894673,45.613762],[8.896134,45.614441],[8.897373,45.615351]]]}},{"type":"Feature","properties":{"id":18905811,"nome":"Ferrovia Budrio-Massalombarda","uso":"","operatore":"","dal":"1887","wikipedia":"it:Ferrovia Budrio-Massalombarda"},"geometry":{"type":"MultiLineString","coordinates":[[[11.827865,44.449026],[11.820285,44.451372],[11.797546,44.454844],[11.788694,44.456593],[11.750704,44.461728],[11.660613,44.476565],[11.637955,44.479959],[11.635447,44.480845],[11.616209,44.490944],[11.569116,44.513794],[11.549267,44.526444],[11.533867,44.532939],[11.53272,44.533193],[11.530782,44.533187]]]}},{"type":"Feature","properties":{"id":19161973,"nome":"Ferrovia Mezzocorona-Mezzolombardo","uso":"","operatore":"","dal":"1906","wikipedia":"it:Ferrovia Mezzocorona-Mezzolombardo"},"geometry":{"type":"MultiLineString","coordinates":[[[11.098042,46.208836],[11.126315,46.207516],[11.127802,46.207875]]]}},{"type":"Feature","properties":{"id":19216603,"nome":"Ferrovia Moretta-Cavallermaggiore","uso":"","operatore":"","dal":"1886","wikipedia":"it:Ferrovia Moretta-Cavallermaggiore"},"geometry":{"type":"MultiLineString","coordinates":[[[7.691159,44.713925],[7.69156,44.713026]]]}},{"type":"Feature","properties":{"id":19261719,"nome":"Ferrovia Milano-Genova","uso":"","operatore":"Rete Ferroviaria Italiana","dal":"","wikipedia":""},"geometry":{"type":"MultiLineString","coordinates":[[[8.895975,44.674987],[8.895902,44.675902]],[[9.022936,45.003829],[9.020794,45.00092],[9.019897,45.000222],[9.018752,44.999706],[9.006264,44.997632],[8.999869,44.996315],[8.995876,44.995203],[8.991604,44.993512],[8.934921,44.966659],[8.932849,44.965004],[8.877193,44.910124],[8.87418,44.907641],[8.869229,44.904151],[8.856016,44.896609],[8.854558,44.895306],[8.853488,44.893826],[8.852851,44.892441],[8.852551,44.891075],[8.853934,44.85498],[8.850445,44.8301],[8.850377,44.828286],[8.850914,44.826363],[8.853751,44.820233],[8.854221,44.814285],[8.854599,44.81268],[8.863357,44.796548],[8.864161,44.79401],[8.863894,44.788576],[8.865101,44.776779],[8.864992,44.774557],[8.864279,44.77247],[8.858664,44.762315],[8.85821,44.761],[8.858068,44.75954],[8.858589,44.756823],[8.867102,44.74279],[8.868172,44.740559],[8.868729,44.738414],[8.868858,44.736531],[8.868651,44.734489],[8.864475,44.715374],[8.864714,44.709669],[8.865169,44.70764],[8.866664,44.705238],[8.86975,44.701757],[8.870973,44.700696],[8.887451,44.691054],[8.892868,44.686811],[8.894187,44.68495],[8.894742,44.683551],[8.896218,44.673463],[8.895631,44.670495],[8.895651,44.669126],[8.896041,44.667814],[8.896819,44.666497],[8.898346,44.664985],[8.899508,44.664215],[8.905449,44.661807],[8.908004,44.660151],[8.940062,44.631215],[8.942315,44.628093],[8.944763,44.625786],[8.946056,44.624148],[8.946657,44.621918],[8.946365,44.619188],[8.946531,44.618237],[8.950806,44.612531],[8.951123,44.611379],[8.950929,44.609885],[8.950635,44.609255],[8.939494,44.594674],[8.937893,44.592029],[8.937078,44.589778],[8.936542,44.586566],[8.933201,44.542658],[8.932824,44.541502],[8.931921,44.540181],[8.930588,44.53927],[8.929027,44.538691],[8.926302,44.538087],[8.924473,44.537234],[8.920454,44.533154],[8.915618,44.53057],[8.914656,44.529775],[8.914004,44.528851],[8.911349,44.523316],[8.909583,44.518844],[8.909643,44.517625],[8.910926,44.513687],[8.910813,44.512344],[8.910331,44.511213],[8.908752,44.509464],[8.905333,44.507104],[8.901141,44.505457],[8.900024,44.504785],[8.897009,44.501519],[8.896115,44.499921],[8.89572,44.483041],[8.892533,44.472302],[8.893096,44.469686],[8.895509,44.464298],[8.895722,44.463066],[8.895642,44.461719],[8.894892,44.459543],[8.888633,44.451897],[8.887771,44.45042],[8.887434,44.44735],[8.88755,44.443588],[8.888267,44.441578],[8.889481,44.439881],[8.896406,44.433929],[8.898028,44.432218],[8.905967,44.419322],[8.907772,44.417697],[8.909935,44.416798],[8.912723,44.4164],[8.915131,44.416627],[8.918257,44.417593],[8.919498,44.417766],[8.927907,44.417597],[8.930085,44.417251],[8.940609,44.413879],[8.941498,44.413179],[8.94569,44.408499],[8.947538,44.407198]],[[9.029564,45.01046],[9.074051,45.054796],[9.079182,45.059414],[9.112631,45.087984],[9.114924,45.090878],[9.116103,45.093841],[9.116331,45.096545],[9.112358,45.124762],[9.11218,45.128833],[9.112541,45.132981],[9.117129,45.152135],[9.119715,45.16222],[9.120686,45.165087],[9.122286,45.168444],[9.125165,45.17286],[9.129881,45.177878]],[[9.204854,45.486069],[9.213377,45.494581],[9.215141,45.496047],[9.21649,45.496672],[9.21808,45.497023],[9.222719,45.496836],[9.225713,45.496215],[9.228089,45.494855],[9.236543,45.485423],[9.237515,45.484037],[9.237984,45.482762],[9.238384,45.480091],[9.237324,45.454389],[9.236806,45.450461],[9.235095,45.447329],[9.234828,45.445454],[9.240752,45.429498],[9.245363,45.421976],[9.245586,45.420579],[9.245177,45.413342],[9.244639,45.41174],[9.243742,45.410171],[9.236828,45.40276],[9.235295,45.400558],[9.234193,45.398244],[9.233494,45.395552],[9.228952,45.370088],[9.228107,45.367597],[9.226235,45.365163],[9.198084,45.33324],[9.154923,45.258048],[9.154241,45.255733],[9.150109,45.20814],[9.14958,45.205018],[9.149814,45.202958],[9.151756,45.197725],[9.151856,45.195931],[9.151125,45.194373],[9.150345,45.193367],[9.146058,45.189718],[9.143253,45.188048],[9.139533,45.186654],[9.138092,45.185854],[9.132055,45.179915]],[[9.132011,45.179924],[9.137837,45.18571],[9.139465,45.186666],[9.142982,45.188008],[9.146179,45.189918],[9.150307,45.193388],[9.151662,45.195456],[9.151813,45.197225],[9.149774,45.202951],[9.149522,45.205027],[9.150052,45.208135],[9.154195,45.255732],[9.154875,45.258067],[9.198053,45.333251],[9.199186,45.334759],[9.226355,45.365353],[9.228059,45.367606],[9.228898,45.370095],[9.233447,45.395555],[9.234136,45.39826],[9.235241,45.400594],[9.236779,45.402788],[9.243692,45.410184],[9.244593,45.411747],[9.245122,45.413345],[9.245535,45.420584],[9.245313,45.421972],[9.240803,45.429265],[9.235167,45.444072],[9.234773,45.445544],[9.235048,45.447333],[9.236727,45.450341],[9.23728,45.454402],[9.238338,45.480091],[9.237948,45.482755],[9.237474,45.484027],[9.236505,45.485408],[9.227827,45.495021],[9.226505,45.495839],[9.224804,45.496469],[9.220805,45.496924],[9.217394,45.496888],[9.215941,45.49642],[9.214788,45.495767],[9.204916,45.486038]],[[9.029526,45.010481],[9.074533,45.055304],[9.1123,45.087738],[9.113744,45.089251],[9.114912,45.090935],[9.11596,45.093498],[9.116224,45.094798],[9.116257,45.096917],[9.112408,45.123952],[9.112135,45.128899],[9.112498,45.132988],[9.117301,45.153002],[9.119746,45.162496],[9.120514,45.164769],[9.122348,45.168666],[9.125098,45.172854],[9.129844,45.177898]],[[8.915669,44.41672],[8.913262,44.416372],[8.910438,44.416636],[8.908117,44.41746],[8.906507,44.418627],[8.905638,44.419746],[8.897986,44.432197],[8.896373,44.433905],[8.889706,44.439587],[8.888213,44.441562],[8.887572,44.443245],[8.887373,44.447025],[8.887742,44.450501],[8.888582,44.451901],[8.894856,44.459557],[8.895642,44.46197],[8.895478,44.464291],[8.892826,44.470235],[8.892488,44.472296],[8.895675,44.483045],[8.895964,44.499629],[8.896962,44.501528],[8.899993,44.5048],[8.901109,44.505493],[8.90529,44.507135],[8.908725,44.509485],[8.910298,44.511219],[8.910853,44.512742],[8.91087,44.513683],[8.909565,44.517641],[8.909505,44.51886],[8.911271,44.523333],[8.913948,44.52887],[8.914603,44.529818],[8.915565,44.530613],[8.920425,44.533173],[8.924439,44.537252],[8.926283,44.538118],[8.9294,44.53882],[8.930568,44.539288],[8.932035,44.540351],[8.93278,44.541511],[8.933155,44.54266],[8.936564,44.587398],[8.937032,44.589781],[8.937848,44.592045],[8.939449,44.59469],[8.950594,44.609268],[8.950885,44.609894],[8.951077,44.611379],[8.950764,44.612518],[8.946482,44.618231],[8.946317,44.619192],[8.946611,44.621916],[8.946013,44.624136],[8.944726,44.625767],[8.942276,44.628076],[8.940017,44.63119],[8.90797,44.660131],[8.905422,44.661779],[8.899479,44.664188],[8.89831,44.664964],[8.896778,44.666481],[8.895989,44.667804],[8.895604,44.669122],[8.895584,44.670498],[8.896151,44.673463],[8.894742,44.683261],[8.894274,44.684693],[8.893065,44.68653],[8.891314,44.688136],[8.887411,44.691019],[8.871129,44.700529],[8.869805,44.701663],[8.866458,44.705402],[8.865473,44.706824],[8.865025,44.707891],[8.864663,44.709736],[8.86447,44.715758],[8.868631,44.734645],[8.868719,44.738084],[8.868201,44.740256],[8.867394,44.742117],[8.858537,44.756804],[8.858006,44.759598],[8.858163,44.761024],[8.858615,44.762322],[8.864152,44.772315],[8.864977,44.774758],[8.865025,44.777071],[8.863845,44.788595],[8.864116,44.793984],[8.863277,44.796591],[8.854532,44.812714],[8.854165,44.814404],[8.853932,44.818807],[8.853642,44.820447],[8.850729,44.826693],[8.850305,44.828621],[8.853875,44.855047],[8.852486,44.890066],[8.852575,44.891581],[8.852974,44.892907],[8.85387,44.894519],[8.856031,44.896669],[8.860823,44.899583],[8.868945,44.904014],[8.873701,44.907335],[8.87722,44.910216],[8.932805,44.965027],[8.934911,44.966693],[8.99163,44.993572],[8.995738,44.995198],[8.999575,44.996285],[9.007538,44.997923],[9.018763,44.999753],[9.020797,45.000997],[9.022896,45.003847]],[[8.947417,44.407138],[8.945729,44.408296],[8.941428,44.413189],[8.940573,44.413854],[8.930656,44.417046],[8.927891,44.417562],[8.919677,44.417634],[8.918105,44.41748],[8.915763,44.416748]],[[9.15738,45.262465],[9.157236,45.262116]],[[9.23811,45.436752],[9.237909,45.437166]]]}},{"type":"Feature","properties":{"id":19307764,"nome":"Ferrovia Torino-Genova","uso":"","operatore":"Rete Ferroviaria Italiana","dal":"","wikipedia":""},"geometry":{"type":"MultiLineString","coordinates":[[[8.944114,44.409907],[8.942123,44.41208],[8.940279,44.413189],[8.92763,44.417317],[8.924843,44.417585],[8.922478,44.417265],[8.917643,44.417104],[8.916145,44.41674],[8.912261,44.414497],[8.900884,44.409466],[8.899078,44.408965],[8.897247,44.409],[8.890604,44.411079],[8.888014,44.412422],[8.886874,44.413432],[8.885963,44.414699],[8.885255,44.416561],[8.885107,44.41779],[8.885552,44.419525],[8.886996,44.42203],[8.88902,44.424244],[8.890311,44.426361],[8.891077,44.42877],[8.891674,44.432244],[8.891032,44.434915],[8.89084,44.443753],[8.891523,44.447534],[8.892243,44.449287],[8.893824,44.451775],[8.896384,44.454528],[8.89858,44.456417],[8.899742,44.458057],[8.901979,44.467714],[8.902317,44.469553],[8.902293,44.471219],[8.899285,44.484741],[8.899266,44.48632],[8.900361,44.488163],[8.903709,44.490939],[8.905257,44.492676],[8.905596,44.493771],[8.905551,44.494718],[8.904716,44.496892],[8.904544,44.49802],[8.905054,44.499992],[8.91177,44.508848],[8.914381,44.512831],[8.914711,44.514291],[8.914393,44.51749],[8.914637,44.524956],[8.915007,44.526332],[8.91744,44.529722],[8.920719,44.531809],[8.922751,44.533397],[8.924932,44.536332],[8.925935,44.537182],[8.932144,44.539377],[8.935339,44.539946],[8.937211,44.54104],[8.938802,44.543493],[8.946435,44.553604],[8.948066,44.556701],[8.948549,44.559024],[8.948495,44.560654],[8.947187,44.571368],[8.945048,44.574076],[8.941375,44.577603],[8.939618,44.580274],[8.939256,44.581474],[8.938191,44.588819],[8.938178,44.590262],[8.938433,44.591521],[8.93913,44.593095],[8.940339,44.595037],[8.941756,44.596614],[8.949482,44.604473],[8.951715,44.605967],[8.954896,44.607319],[8.955904,44.608149],[8.956426,44.60901],[8.956378,44.611166],[8.955904,44.612083],[8.95496,44.613169],[8.953107,44.614503],[8.949777,44.615527],[8.948602,44.616123],[8.946902,44.617743],[8.946457,44.619091],[8.948898,44.63372],[8.949718,44.635097],[8.951973,44.637834],[8.953408,44.641252],[8.956193,44.643831],[8.956969,44.644867],[8.957539,44.646613],[8.957451,44.64743],[8.957086,44.648146],[8.956338,44.648839],[8.955288,44.649328],[8.949398,44.650327],[8.948213,44.650799],[8.947184,44.651508],[8.946416,44.652584],[8.946194,44.65387],[8.94661,44.655097],[8.948066,44.657263],[8.948255,44.65836],[8.948006,44.659545],[8.947107,44.660685],[8.944123,44.663086],[8.941533,44.66433],[8.93546,44.665496],[8.934124,44.665488],[8.932682,44.665179],[8.931409,44.66458],[8.930425,44.663651],[8.930004,44.662913],[8.929455,44.660636],[8.928809,44.659705],[8.928113,44.659145],[8.927027,44.658598],[8.925586,44.658231],[8.922039,44.658047],[8.919979,44.658429],[8.907867,44.662212],[8.905977,44.663161],[8.902831,44.665514],[8.898753,44.667549],[8.897207,44.669066],[8.896461,44.670589],[8.896293,44.671756],[8.896405,44.673456],[8.89543,44.682347],[8.89485,44.684086],[8.893623,44.685999],[8.891713,44.687981],[8.887021,44.691515],[8.874776,44.698099],[8.870779,44.700578],[8.862583,44.708421],[8.86173,44.709586],[8.861126,44.711103],[8.861114,44.715693],[8.859587,44.719309],[8.859324,44.721823],[8.858998,44.722948],[8.857078,44.725755],[8.854496,44.728631],[8.852042,44.730173],[8.788461,44.76182],[8.786523,44.762985],[8.683121,44.841271],[8.638922,44.880249],[8.635377,44.88366],[8.629768,44.888332],[8.606318,44.909109],[8.598169,44.915775],[8.594882,44.917914],[8.592143,44.919076],[8.589605,44.919811],[8.58692,44.92029],[8.583524,44.920533],[8.531197,44.920184],[8.526703,44.919892],[8.522623,44.91928],[8.515823,44.917505],[8.380615,44.875896],[8.375351,44.874657],[8.370386,44.874014],[8.364317,44.873819],[8.359267,44.874165],[8.34064,44.877568],[8.337179,44.877977],[8.332168,44.877956],[8.324758,44.876931],[8.322243,44.876787],[8.318917,44.876988],[8.315935,44.877569],[8.313616,44.878326],[8.310871,44.87959],[8.270966,44.901851],[8.267712,44.90317],[8.264413,44.904091],[8.260831,44.904692],[8.257824,44.904896],[8.25415,44.904802],[8.249949,44.904214],[8.207592,44.894701],[8.200626,44.893216],[8.197844,44.892834],[8.193491,44.892689],[8.189488,44.893036],[8.186141,44.893707],[8.178942,44.895731],[8.173486,44.896397],[8.168202,44.896248],[8.159109,44.894695],[8.154226,44.89346],[8.149935,44.891599],[8.133608,44.88119],[8.131752,44.880209],[8.129228,44.879359],[8.127209,44.878985],[8.124465,44.878853],[8.121932,44.879082],[8.118402,44.879991],[8.11529,44.881656],[8.110202,44.88659],[8.107081,44.889255],[8.098437,44.896353],[8.095483,44.898061],[8.092847,44.898886],[8.089891,44.899263],[8.065102,44.898653],[8.062466,44.898869],[8.059949,44.899475],[8.057168,44.900715],[8.034164,44.914484],[8.031754,44.915388],[8.01407,44.92073],[8.012131,44.921722],[8.006497,44.925312],[7.999042,44.928355],[7.994077,44.930802],[7.979584,44.936676],[7.978071,44.937583],[7.976643,44.938778],[7.975261,44.940387],[7.974468,44.941904],[7.974219,44.943105],[7.974278,44.944336],[7.97568,44.948732],[7.975878,44.950483],[7.975546,44.952384],[7.974481,44.954441],[7.972535,44.956325],[7.96912,44.95822],[7.966584,44.960073],[7.964088,44.961282],[7.961592,44.962088],[7.958702,44.962682],[7.955151,44.962962],[7.778001,44.96622],[7.770229,44.96675],[7.766099,44.967405],[7.761166,44.968518],[7.756027,44.970106],[7.752746,44.971403],[7.747778,44.973796],[7.721425,44.987786],[7.716097,44.989931],[7.710187,44.991305],[7.687112,44.994545],[7.684629,44.995077],[7.681602,44.996122],[7.678733,44.997647],[7.675712,44.999888],[7.664855,45.008687],[7.661827,45.011728],[7.660183,45.014023],[7.658466,45.017625],[7.657923,45.019623],[7.657469,45.02442],[7.657415,45.027259],[7.657799,45.029209],[7.663048,45.040034],[7.663859,45.041175],[7.666684,45.043824],[7.673391,45.05433],[7.674922,45.05711],[7.677746,45.061021]],[[8.94413,44.409887],[8.945678,44.407671]]]}},{"type":"Feature","properties":{"id":19314745,"nome":"Interconnesione di Novi","uso":"","operatore":"Rete Ferroviaria Italiana","dal":"","wikipedia":""},"geometry":{"type":"MultiLineString","coordinates":[[[8.810425,44.75094],[8.814872,44.749356],[8.82218,44.747642],[8.824949,44.74645],[8.827169,44.744873],[8.828734,44.743315],[8.829659,44.741915],[8.831461,44.738134]],[[8.812133,44.750043],[8.826099,44.742843],[8.828169,44.741378],[8.830331,44.739073]]]}},{"type":"Feature","properties":{"id":19314926,"nome":"Interconnessione di Voltri","uso":"","operatore":"Rete Ferroviaria Italiana","dal":"","wikipedia":""},"geometry":{"type":"MultiLineString","coordinates":[[[8.879714,44.466328],[8.879987,44.463408],[8.879798,44.459823],[8.879166,44.457656],[8.877879,44.455484],[8.876035,44.453593],[8.873361,44.45188],[8.869961,44.450408],[8.865301,44.448923]],[[8.877723,44.478723],[8.878338,44.47641],[8.881533,44.467853],[8.882545,44.463435],[8.882833,44.461224],[8.882737,44.459226],[8.881722,44.455968],[8.880688,44.454459],[8.879103,44.452981],[8.876985,44.451553],[8.87483,44.450498],[8.871179,44.449403],[8.864491,44.448522],[8.862269,44.448039]]]}},{"type":"Feature","properties":{"id":20044054,"nome":"Raccordo INOVYN","uso":"","operatore":"","dal":"","wikipedia":""},"geometry":{"type":"MultiLineString","coordinates":[[[9.398707,45.327142],[9.401031,45.326576],[9.401792,45.326075],[9.405124,45.320168]],[[9.398488,45.327148],[9.399145,45.327004]],[[9.404035,45.32204],[9.402909,45.324138]],[[9.403948,45.322275],[9.405082,45.320153]],[[9.404667,45.320987],[9.403565,45.321979],[9.401457,45.322107]],[[9.404356,45.321449],[9.403742,45.322409]],[[9.404171,45.321689],[9.403684,45.322389]],[[9.404026,45.321851],[9.402575,45.322657],[9.400617,45.322424]],[[9.403531,45.32223],[9.402578,45.322478],[9.40101,45.322476],[9.402214,45.322634],[9.402997,45.322479]],[[9.401436,45.32219],[9.403192,45.322185],[9.403983,45.321753]],[[9.40379,45.321871],[9.402935,45.322173],[9.401447,45.322147]],[[9.40101,45.322476],[9.399438,45.322269]]]}},{"type":"Feature","properties":{"id":20804074,"nome":"Fahrplanfeld 950 St. Moritz - Pontresina - Tirano","uso":"","operatore":"","dal":"","wikipedia":""},"geometry":{"type":"MultiLineString","coordinates":[[[10.020733,46.407575],[10.018111,46.410885],[10.018136,46.411748],[10.018861,46.413061],[10.018738,46.41472],[10.01793,46.414924],[10.015861,46.41427],[10.014592,46.414207],[10.01312,46.414762]],[[10.033431,46.393491],[10.033297,46.394323],[10.033944,46.395215],[10.034034,46.396113],[10.033058,46.397824],[10.030336,46.39946],[10.030218,46.399915],[10.030518,46.400765],[10.030175,46.401365],[10.027995,46.402529],[10.02574,46.404646],[10.024962,46.404924]],[[10.031706,46.374206],[10.030341,46.37556],[10.02879,46.376587],[10.02807,46.378755],[10.028433,46.37929],[10.029791,46.380013],[10.030201,46.381718],[10.031442,46.38282],[10.031801,46.383504]],[[10.033933,46.372256],[10.031363,46.371838],[10.030641,46.371966],[10.029967,46.372869],[10.029146,46.374786],[10.026411,46.37664],[10.026342,46.377108],[10.026741,46.377311],[10.027316,46.377226],[10.027626,46.376231],[10.029512,46.375475],[10.031411,46.373596]],[[10.071718,46.301384],[10.071197,46.303375],[10.070804,46.303843],[10.067121,46.305317],[10.064773,46.308486],[10.061896,46.313081]],[[10.092316,46.275768],[10.089649,46.276575],[10.087954,46.278707],[10.085747,46.279982],[10.084126,46.28194],[10.082422,46.283223],[10.081532,46.284269],[10.081388,46.285426],[10.080767,46.286375],[10.079434,46.287883],[10.078394,46.288693],[10.077613,46.295029],[10.071923,46.301022]],[[10.166418,46.215723],[10.159384,46.216554],[10.155865,46.218099],[10.152561,46.222717],[10.150102,46.223565],[10.149534,46.224217],[10.148683,46.224547],[10.146656,46.225964],[10.146077,46.226926],[10.145757,46.229021],[10.143334,46.231494],[10.143016,46.232311],[10.140111,46.234906],[10.140064,46.235755],[10.137852,46.237639],[10.137651,46.238472],[10.132024,46.243094],[10.131578,46.244149],[10.131836,46.245223],[10.131773,46.246143],[10.130173,46.248756],[10.130042,46.249536],[10.129636,46.250084],[10.129229,46.251361],[10.129119,46.252538],[10.128016,46.253374],[10.128502,46.254371],[10.128184,46.254652],[10.127702,46.254691],[10.127338,46.254511],[10.127237,46.254166],[10.127521,46.253832],[10.128126,46.253671],[10.128958,46.254089],[10.128433,46.255913],[10.128695,46.256923],[10.128299,46.257816],[10.127445,46.258398],[10.126846,46.259223],[10.124012,46.259193],[10.123525,46.259503],[10.123772,46.259934],[10.126131,46.260569],[10.126337,46.260853],[10.12621,46.261172],[10.123074,46.261442],[10.120784,46.26195],[10.119856,46.263157],[10.118676,46.263624],[10.117449,46.264621],[10.117092,46.265357],[10.115199,46.267524],[10.112801,46.269194],[10.111027,46.269863],[10.108972,46.271072],[10.104973,46.271676],[10.104069,46.272348]],[[10.142578,46.232713],[10.140292,46.234727]],[[10.16644,46.215804],[10.163386,46.216125]],[[10.127297,46.258659],[10.126635,46.259228],[10.124386,46.259206]],[[10.032661,46.373874],[10.031878,46.374123],[10.030539,46.375364]]]}},{"type":"Feature","properties":{"id":20989389,"nome":"Chiusura Anello Ferroviario","uso":"","operatore":"Rete Ferroviaria Italiana","dal":"","wikipedia":""},"geometry":{"type":"MultiLineString","coordinates":[[[13.358885,38.134192],[13.362408,38.128564],[13.362539,38.127926],[13.362342,38.127229],[13.361737,38.126741],[13.351877,38.122671],[13.350618,38.122778],[13.345036,38.125957],[13.344356,38.126716],[13.342517,38.130498]],[[13.354499,38.123824],[13.356771,38.124756]]]}},{"type":"Feature","properties":{"id":21243204,"nome":"Linea Storica dei Giovi","uso":"","operatore":"Rete Ferroviaria Italiana","dal":"","wikipedia":""},"geometry":{"type":"MultiLineString","coordinates":[[[8.891457,44.43325],[8.891032,44.434915],[8.89084,44.443753],[8.891523,44.447534],[8.892243,44.449287],[8.893824,44.451775],[8.896384,44.454528],[8.89858,44.456417],[8.899742,44.458057],[8.902317,44.469553],[8.902293,44.471219],[8.899285,44.484741],[8.899266,44.48632],[8.900361,44.488163],[8.903709,44.490939],[8.905257,44.492676],[8.905596,44.493771],[8.905551,44.494718],[8.904716,44.496892],[8.904544,44.49802],[8.905054,44.499992],[8.91177,44.508848],[8.914381,44.512831],[8.914711,44.514291],[8.914393,44.51749],[8.914637,44.524956],[8.915007,44.526332],[8.91744,44.529722],[8.920719,44.531809],[8.922751,44.533397],[8.924932,44.536332],[8.925935,44.537182],[8.932144,44.539377],[8.935339,44.539946],[8.937211,44.54104],[8.938802,44.543493],[8.946435,44.553604],[8.948066,44.556701],[8.948549,44.559024],[8.948495,44.560654],[8.947187,44.571368],[8.945048,44.574076],[8.941375,44.577603],[8.939618,44.580274],[8.939256,44.581474],[8.938191,44.588819],[8.938178,44.590262],[8.938433,44.591521],[8.93913,44.593095],[8.940339,44.595037],[8.941756,44.596614],[8.949482,44.604473],[8.951715,44.605967],[8.954896,44.607319],[8.955904,44.608149],[8.956426,44.60901],[8.956378,44.611166],[8.955904,44.612083],[8.95496,44.613169],[8.953107,44.614503],[8.949777,44.615527],[8.948602,44.616123],[8.946902,44.617743],[8.946457,44.619091],[8.948977,44.633925],[8.951973,44.637834],[8.953408,44.641252],[8.956821,44.644612],[8.957542,44.646807],[8.957086,44.648146],[8.95596,44.649057],[8.954779,44.649459],[8.949398,44.650327],[8.947988,44.650921],[8.947016,44.651684],[8.946349,44.652754],[8.946194,44.65387],[8.94661,44.655097],[8.948066,44.657263],[8.948255,44.65836],[8.948006,44.659545],[8.947107,44.660685],[8.944123,44.663086],[8.941533,44.66433],[8.93546,44.665496],[8.934124,44.665488],[8.932682,44.665179],[8.931409,44.66458],[8.930425,44.663651],[8.929932,44.662682],[8.92955,44.660827],[8.928373,44.659323],[8.927194,44.658663],[8.925895,44.65829],[8.922305,44.658027],[8.919979,44.658429],[8.907867,44.662212],[8.905977,44.663161],[8.902831,44.665514],[8.899136,44.667289],[8.897484,44.668711],[8.896461,44.670589],[8.896293,44.671756],[8.896405,44.673456],[8.895633,44.680937],[8.895293,44.682955],[8.894605,44.684555],[8.893402,44.6863],[8.892091,44.687664],[8.887575,44.691153],[8.885314,44.692494]],[[8.885344,44.692521],[8.887614,44.691177],[8.892132,44.687687],[8.893444,44.686315],[8.894779,44.684346],[8.895345,44.682965],[8.895689,44.680939],[8.896472,44.673457],[8.896343,44.671757],[8.896519,44.670595],[8.897527,44.668729],[8.89917,44.667313],[8.902852,44.66554],[8.906007,44.663184],[8.907888,44.662239],[8.919996,44.658458],[8.922309,44.658058],[8.925882,44.65832],[8.927332,44.658758],[8.928341,44.659344],[8.929508,44.660836],[8.929961,44.662921],[8.930386,44.663666],[8.931379,44.664603],[8.932663,44.665208],[8.934117,44.66552],[8.935465,44.665527],[8.941553,44.664359],[8.944311,44.662994],[8.947145,44.660705],[8.948049,44.659554],[8.9483,44.65836],[8.948109,44.657255],[8.946652,44.655086],[8.94625,44.653943],[8.946395,44.652762],[8.947055,44.651702],[8.948017,44.650947],[8.949415,44.650358],[8.954792,44.649491],[8.955987,44.649084],[8.95712,44.648158],[8.957588,44.646914],[8.956896,44.644645],[8.953449,44.641237],[8.952016,44.637822],[8.949023,44.633916],[8.946502,44.61909],[8.946942,44.617758],[8.948634,44.616145],[8.949797,44.615556],[8.953133,44.61453],[8.954996,44.613188],[8.955947,44.612098],[8.956425,44.611173],[8.956473,44.609002],[8.956127,44.608343],[8.955151,44.607448],[8.951471,44.605796],[8.94952,44.604452],[8.941794,44.596596],[8.940379,44.595022],[8.939172,44.593082],[8.938478,44.591514],[8.938224,44.59026],[8.938505,44.586945],[8.939304,44.581476],[8.939663,44.580284],[8.941418,44.577622],[8.945091,44.574094],[8.947241,44.571377],[8.94855,44.560657],[8.948605,44.559022],[8.94812,44.556691],[8.946486,44.553588],[8.938852,44.543474],[8.937257,44.541016],[8.935363,44.53991],[8.932165,44.539339],[8.925973,44.537152],[8.92498,44.53631],[8.922796,44.533372],[8.920759,44.53178],[8.917486,44.529698],[8.91506,44.52632],[8.914694,44.524954],[8.914441,44.51749],[8.914759,44.514291],[8.914427,44.512821],[8.911812,44.508833],[8.905098,44.499982],[8.904593,44.498019],[8.904748,44.496896],[8.905589,44.49472],[8.905635,44.493777],[8.905311,44.492673],[8.903793,44.490964],[8.900387,44.488152],[8.899288,44.486309],[8.899312,44.484749],[8.90235,44.471187],[8.902362,44.469556],[8.899767,44.457994],[8.899182,44.457006],[8.896418,44.454519],[8.893933,44.451844],[8.89211,44.448833],[8.891612,44.447571],[8.890903,44.443752],[8.891053,44.434935],[8.891507,44.433254]]]}}]}