codice_impianto,nome,livello,comune,provincia,linea_registro,servizio_merci,interventi_dichiarati_rfi,interventi_che_la_citano
53700,VOLTERRA-SALINE-POMARANCE,fermata,Volterra,Pisa,C207,no,,
53665,PONTE GINORI,fermata,Montecatini Val Di Cecina,Pisa,C207,no,,
68945,BENEVENTO,capoluogo di provincia,Benevento,Benevento,F071,no,,0279B|I173
70000,PONTECAGNANO,stazione,Pontecagnano Faiano,Salerno,F075,si,,I177
70040,MONTECORVINO,fermata,Bellizzi,Salerno,F075,no,,
82420,SIBARI,stazione,Cassano Allo Ionio,Cosenza,C160,no,,0311A|0311B|I153|P245
32060,UDINE,capoluogo di provincia,Udine,Udine,F037,si,1940,1940|I133
80960,VIBO VALENTIA-PIZZO,capoluogo di provincia,Vibo Valentia,Vibo Valentia,F077,no,,
55560,TERNI,capoluogo di provincia,Terni,Terni,F065,si,,0226|P210A|P210B
07070,BANDITO,fermata,Bra,Cuneo,C015,no,,
07100,BRA,stazione,Bra,Cuneo,C015,si,,
09140,ROVASENDA,stazione,Rovasenda,Vercelli,C199,no,,
09060,COSSATO,stazione,Cossato,Biella,C199,no,,
76660,PALAGIANELLO,stazione,Palagianello,Taranto,C159,no,,0100
53610,RIPARBELLA,fermata,Riparbella,Pisa,C207,no,,
53660,CASINO DI TERRA,fermata,Guardistallo,Pisa,C207,no,,
46320,CECINA,stazione,Cecina,Livorno,F051,no,,
85140,CASTIGLIONE COSENTINO,stazione,Rende,Cosenza,C164,no,,
80480,FUSCALDO,stazione,Fuscaldo,Cosenza,F075,no,,
80520,PAOLA,stazione,Paola,Cosenza,F075,no,,0311A|0311B|I106|I107A|I107B
80580,S.LUCIDO MARINA,stazione,San Lucido,Cosenza,F077,no,,
84900,S.MARCO-ROGGIANO,stazione,San Marco Argentano,Cosenza,C168,no,,
54680,GIULIANOVA,stazione,Giulianova,Teramo,F067,no,,
54720,ROSETO DEGLI ABRUZZI,stazione,Roseto Degli Abruzzi,Teramo,F067,no,,
54650,TORTORETO LIDO,fermata,Tortoreto,Teramo,F067,no,,
85180,COSENZA,capoluogo di provincia,Cosenza,Cosenza,C167,no,,I106
86260,CAPO D'ORLANDO-NASO,stazione,Capo D'orlando,Messina,C175,no,,
86300,ZAPPULLA,stazione,Torrenova,Messina,C175,no,,
86220,BROLO-FICARRA,stazione,Brolo,Messina,C175,no,,
86340,S.MARCO D'ALUNZIO-TORRENOVA,fermata,Torrenova,Messina,C175,no,,
86380,S.AGATA DI MILITELLO,stazione,Sant'agata Di Militello,Messina,C175,no,,
86420,ACQUEDOLCI-S.FRATELLO,stazione,Acquedolci,Messina,C175,no,,
86620,POLLINA-S.MAURO CASTELVERDE,stazione,Pollina,Palermo,C175,no,,
86580,TUSA,stazione,Tusa,Messina,C175,no,,
86500,CARONIA,stazione,Caronia,Messina,C175,no,,
86540,S.STEFANO DI CAMASTRA-MISTRETTA,stazione,Santo Stefano Di Camastra,Messina,C175,no,,
86740,LASCARI-GRATTERI,fermata,Lascari,Palermo,C175,no,,
86780,CAMPOFELICE,stazione,Campofelice Di Roccella,Palermo,C175,no,,
86965,S.NICOLA (TONNARA),fermata,Trabia,Palermo,C176,no,,
86940,TRABIA,fermata,Trabia,Palermo,C176,no,,
86900,TERMINI IMERESE,stazione,Termini Imerese,Palermo,C176,no,,
87060,BAGHERIA,stazione,Bagheria,Palermo,C176,no,,
87020,S.FLAVIA-SOLUNTO-PORTICELLO,fermata,Santa Flavia,Palermo,C176,no,,
86700,CEFALU',stazione,Cefalù,Palermo,C175,no,0336,
89090,PALERMO VESPRI,fermata,Palermo,Palermo,C181,no,,
89220,ISOLA DELLE FEMMINE,stazione,Isola Delle Femmine,Palermo,C181,no,,
89180,PALERMO TOMMASO NATALE,fermata,Palermo,Palermo,C181,no,,
89140,PALERMO S.LORENZO,stazione,Palermo,Palermo,C181,no,,
89125,PALERMO FRANCIA,fermata,Palermo,Palermo,C181,no,,
89165,PALERMO CARDILLO,fermata,Palermo,Palermo,C181,no,,
89096,PALAZZO REALE-ORLEANS,stazione,Palermo,Palermo,C181,no,,
89540,ALCAMO DIRAMAZIONE,stazione,Calatafimi Segesta,Trapani,C192,no,,
89310,PIRAINETO,stazione,Carini,Palermo,C181,no,,
89300,CARINI,stazione,Carini,Palermo,C181,no,,0036
89420,TRAPPETO,stazione,Trappeto,Palermo,C204,no,,
89380,PARTINICO,stazione,Partinico,Palermo,C204,no,,
89340,CINISI-TERRASINI,stazione,Cinisi,Palermo,C204,no,,
89500,CASTELLAMMARE DEL GOLFO,stazione,Alcamo,Trapani,C204,no,,
89460,BALESTRATE,stazione,Balestrate,Palermo,C204,no,,
89820,TRAPANI,capoluogo di provincia,Trapani,Trapani,C192,no,,0314|I162|P236|P250
88820,SERRADIFALCO,stazione,Caltanissetta,Caltanissetta,C201,no,,
88740,CALTANISSETTA CENTRALE,capoluogo di provincia,Caltanissetta,Caltanissetta,C201,no,,
90780,CALTANISSETTA XIRBI,stazione,Caltanissetta,Caltanissetta,C177,no,,0275A
89100,PALERMO NOTARBARTOLO,stazione,Palermo,Palermo,C181,no,,
88940,RACALMUTO,stazione,Racalmuto,Agrigento,C201,no,,
88980,GROTTE,stazione,Grotte,Agrigento,C201,no,,
89980,CAMMARATA-S.GIOVANNI GEMINI,stazione,Cammarata,Agrigento,C182,no,,
90020,ACQUAVIVA-CASTELTERMINI,stazione,Acquaviva Platani,Caltanissetta,C182,no,,
90540,ROCCAPALUMBA-ALIA,stazione,Roccapalumba,Palermo,C177,no,,
90140,ARAGONA-CALDARE,stazione,Aragona,Agrigento,C182,no,,
90180,AGRIGENTO BASSA,stazione,Agrigento,Agrigento,C183,no,,
90220,AGRIGENTO CENTRALE,capoluogo di provincia,Agrigento,Agrigento,C183,no,,
90060,CAMPOFRANCO,stazione,Casteltermini,Agrigento,C182,no,,
74040,CASTELLAMMARE DI STABIA,stazione,Castellammare Di Stabia,Napoli,C247,no,,
70880,NOLA,stazione,Nola,Napoli,C143,no,,
70920,PALMA-S.GENNARO,stazione,San Gennaro Vesuviano,Napoli,C143,no,,
70960,SARNO,stazione,Sarno,Salerno,C142,no,,0013A
74031,ROVIGLIANO,fermata,Torre Annunziata,Napoli,C247,no,,
70220,CONTURSI TERME,stazione,Contursi Terme,Salerno,C136,no,,
70180,CAMPAGNA-SERRE-PERSANO,stazione,Campagna,Salerno,C136,no,,
70260,SICIGNANO,stazione,Sicignano Degli Alburni,Salerno,C136,no,,
70300,BUCCINO-S.GREGORIO MAGNO,stazione,Buccino,Salerno,C136,no,,
20985,CASSAGO-NIBIONNO-BULCIAGO,fermata,Bulciago,Lecco,C042,no,,
20983,RENATE-VEDUGGIO,fermata,Renate,Milano,C042,no,,
87180,PALERMO CENTRALE,capoluogo di regione,Palermo,Palermo,C176,no,,
87140,PALERMO C.LE BINARI BRANCACCIO,fermata,Palermo,Palermo,C176,si,,
20980,BESANA,stazione,Besana In Brianza,Milano,C042,no,P054,
20945,VILLA RAVERIO,fermata,Besana In Brianza,Milano,C042,no,,
87560,ROCCALUMERA-MANDANICI,stazione,Roccalumera,Messina,C169,no,,
87565,FURCI,fermata,Furci Siculo,Messina,C169,no,,
70080,BATTIPAGLIA,stazione,Battipaglia,Salerno,F075,no,,0263|0274|0308|I107A|I107B|P126|P238|P238A|P238B
85480,MESSINA CENTRALE,capoluogo di provincia,Messina,Messina,C169,no,,
87600,S.TERESA DI RIVA,stazione,Santa Teresa Di Riva,Messina,C169,no,,
79700,AGROPOLI-CASTELLABATE,stazione,Agropoli,Salerno,F075,no,,
79660,CAPACCIO-ROCCADASPIDE,stazione,Capaccio,Salerno,F075,no,,
79665,PAESTUM,fermata,Capaccio,Salerno,F075,no,,
79820,OMIGNANO-SALENTO,stazione,Omignano,Salerno,F075,no,,
79860,VALLO DELLA LUCANIA-CASTELNUOVO,stazione,Casal Velino,Salerno,F075,no,,
79900,ASCEA,stazione,Ascea,Salerno,F075,no,,
79940,PISCIOTTA-PALINURO,stazione,Pisciotta,Salerno,F075,no,,
80020,CELLE BULGHERIA-ROCCAGLORIOSA,stazione,Celle Di Bulgheria,Salerno,F075,no,,
79985,CENTOLA-PALINURO-MARINA DI CAMEROTA,fermata,Centola,Salerno,F075,no,,
80025,TORRE ORSAIA,fermata,Torre Orsaia,Salerno,F075,no,,
80060,POLICASTRO-BUSENTINO,stazione,Santa Marina,Salerno,F075,no,,
80105,ACQUAFREDDA,fermata,Maratea,Potenza,F075,no,,
80160,MARATEA,stazione,Maratea,Potenza,F075,no,,
80100,SAPRI,stazione,Sapri,Salerno,F075,no,,0282
80240,SCALEA-S.DOMENICO-TALAO,stazione,Scalea,Cosenza,F075,no,,
80280,MARCELLINA-VERBICARO-ORSOMARSO,stazione,Santa Maria Del Cedro,Cosenza,F075,no,,
80165,MARINA DI MARATEA,fermata,Maratea,Potenza,F075,no,,
80285,GRISOLIA-S.MARIA,fermata,Grisolia,Cosenza,F075,no,,
80400,CAPO BONIFATI,stazione,Bonifati,Cosenza,F075,no,,
80440,CETRARO,stazione,Cetraro,Cosenza,F075,no,,
80200,PRAJA-AJETA-TORTORA,stazione,Praia A Mare,Cosenza,F075,no,,
80445,ACQUAPPESA,fermata,Acquappesa,Cosenza,F075,no,,
80450,GUARDIA PIEMONTESE TERME,fermata,Guardia Piemontese,Cosenza,F075,no,,
30580,VITTORIO VENETO,stazione,Vittorio Veneto,Treviso,C085,no,,
30585,SOFFRATTA,fermata,Vittorio Veneto,Treviso,C085,no,,
80660,AMANTEA,stazione,Amantea,Cosenza,F077,no,,
80820,LAMEZIA TERME CENTRALE,stazione,Lamezia Terme,Catanzaro,F077,si,,
81000,MILETO,stazione,Mileto,Vibo Valentia,F077,no,,
81040,ROSARNO,stazione,Rosarno,Reggio Di Calabria,F077,no,P258,P258
81165,FAVAZZINA,fermata,Scilla,Reggio Di Calabria,F077,no,,
81200,SCILLA,fermata,Scilla,Reggio Di Calabria,F077,no,,
81160,BAGNARA,stazione,Bagnara Calabra,Reggio Di Calabria,F077,no,,
81240,VILLA S.GIOVANNI CANNITELLO,stazione,Villa San Giovanni,Reggio Di Calabria,F077,no,,
81120,PALMI,stazione,Palmi,Reggio Di Calabria,F077,no,,
81280,VILLA S.GIOVANNI,stazione,Villa San Giovanni,Reggio Di Calabria,F077,no,,I107B
81290,REGGIO DI CALABRIA CATONA,fermata,Reggio Di Calabria,Reggio Di Calabria,F077,no,,
81340,REGGIO DI CALABRIA GALLICO,stazione,Reggio Di Calabria,Reggio Di Calabria,F077,no,,
81345,REGGIO DI CALABRIA ARCHI,fermata,Reggio Di Calabria,Reggio Di Calabria,F077,no,,
81380,REGGIO DI CALABRIA S.CATERINA,fermata,Reggio Di Calabria,Reggio Di Calabria,F077,no,,
81560,VIBO MARINA,stazione,Vibo Valentia,Vibo Valentia,F077,no,,
81520,PIZZO,stazione,Pizzo,Vibo Valentia,F077,no,,
81640,BRIATICO,stazione,Briatico,Vibo Valentia,F077,no,,
81680,ZAMBRONE,fermata,Zambrone,Vibo Valentia,F077,no,,
81720,PARGHELIA,stazione,Parghelia,Vibo Valentia,F077,no,,
82100,POLICORO-TURSI,stazione,Policoro,Matera,C160,no,,
81920,NICOTERA,stazione,Nicotera,Vibo Valentia,F077,no,,
81800,S.DOMENICA,fermata,Ricadi,Vibo Valentia,F077,no,,
81840,RICADI CAPO VATICANO,stazione,Ricadi,Vibo Valentia,F077,no,,
81760,TROPEA,stazione,Tropea,Vibo Valentia,F077,no,,
81880,JOPPOLO,fermata,Joppolo,Vibo Valentia,F077,no,,
82340,TREBISACCE,stazione,Trebisacce,Cosenza,C160,no,,
48500,CHIUSI-CHIANCIANO TERME,stazione,Chiusi,Siena,F053,no,,
47820,S.GIOVANNI VALDARNO,stazione,San Giovanni Valdarno,Arezzo,F053,si,,
47860,MONTEVARCHI-TERRANUOVA,stazione,Montevarchi,Arezzo,F053,no,,
82560,ROSSANO,stazione,Rossano,Cosenza,C161,no,,
82520,CORIGLIANO CALABRO,stazione,Corigliano Calabro,Cosenza,C161,no,,
82600,MIRTO-CROSIA,stazione,Crosia,Cosenza,C161,no,,
82640,CALOPEZZATI,stazione,Calopezzati,Cosenza,C161,no,,
82680,MANDATORICCIO-CAMPANA,stazione,Mandatoriccio,Cosenza,C161,no,,
82720,CARIATI,stazione,Cariati,Cosenza,C161,no,,
53480,MONTERONI D'ARBIA,stazione,Monteroni D'arbia,Siena,C228,no,,
53520,BUONCONVENTO,stazione,Buonconvento,Siena,C228,no,,
53445,PONTE A TRESSA,fermata,Monteroni D'arbia,Siena,C228,no,,
82960,CROTONE,capoluogo di provincia,Crotone,Crotone,C161,no,,P245
82880,STRONGOLI,stazione,Strongoli,Crotone,C161,no,,
82840,TORRE MELISSA,stazione,Melissa,Crotone,C161,no,,
82800,CIRO',stazione,Cirò Marina,Crotone,C161,no,,
53523,MURLO,fermata,Murlo,Siena,C228,no,,
84980,TORANO-LATTARICO,stazione,Bisignano,Cosenza,C168,no,,
83200,CROPANI,stazione,Cropani,Catanzaro,C161,no,,
83040,CUTRO,stazione,Cutro,Crotone,C161,no,,
83360,MONTEPAONE-MONTAURO,fermata,Montepaone,Catanzaro,C162,no,,
83400,SOVERATO,stazione,Soverato,Catanzaro,C162,no,,
83160,BOTRICELLO,stazione,Botricello,Catanzaro,C161,no,,
83280,CATANZARO LIDO,stazione,Catanzaro,Catanzaro,C161,no,,1659|P245
83480,BADOLATO,stazione,Badolato,Catanzaro,C162,no,,
83520,S.CATERINA DELLO JONIO,stazione,Santa Caterina Dello Ionio,Catanzaro,C162,no,,
83680,CAULONIA,stazione,Caulonia,Reggio Di Calabria,C162,no,,
83560,GUARDAVALLE,stazione,Guardavalle,Catanzaro,C162,no,,
85280,LAMEZIA TERME NICASTRO,stazione,Lamezia Terme,Catanzaro,C163,no,,
83600,MONASTERACE-STILO,stazione,Monasterace,Reggio Di Calabria,C162,no,,
83720,ROCCELLA JONICA,stazione,Roccella Jonica,Reggio Di Calabria,C162,no,,
85240,LAMEZIA TERME SAMBIASE,fermata,Lamezia Terme,Catanzaro,C163,no,,
83760,GIOIOSA JONICA,stazione,Marina Di Gioiosa Jonica,Reggio Di Calabria,C162,no,,
83800,SIDERNO,stazione,Siderno,Reggio Di Calabria,C162,no,,
83840,LOCRI,stazione,Locri,Reggio Di Calabria,C162,no,,
83880,ARDORE,stazione,Ardore,Reggio Di Calabria,C162,no,,
83920,BOVALINO,stazione,Bovalino,Reggio Di Calabria,C162,no,,
83960,BIANCO,stazione,Bianco,Reggio Di Calabria,C162,no,,
84000,AFRICO NUOVO,fermata,Africo,Reggio Di Calabria,C162,no,,
87480,ALI' TERME,stazione,Alì Terme,Messina,C169,no,,
87520,NIZZA DI SICILIA,fermata,Nizza Di Sicilia,Messina,C169,no,,
84200,BOVA MARINA,stazione,Bova Marina,Reggio Di Calabria,C162,no,,
84160,PALIZZI,stazione,Palizzi,Reggio Di Calabria,C162,no,,
84040,FERRUZZANO,stazione,Ferruzzano,Reggio Di Calabria,C162,no,,
84080,BRANCALEONE,stazione,Brancaleone,Reggio Di Calabria,C162,no,,
84240,CONDOFURI,stazione,Condofuri,Reggio Di Calabria,C162,no,,
84280,MARINA DI S.LORENZO,stazione,San Lorenzo,Reggio Di Calabria,C162,no,,
84320,MELITO DI PORTO SALVO,stazione,Melito Di Porto Salvo,Reggio Di Calabria,C162,no,,
84480,REGGIO DI CALABRIA S.GREGORIO,stazione,Reggio Di Calabria,Reggio Di Calabria,C162,no,,
84440,REGGIO DI CALABRIA PELLARO,stazione,Reggio Di Calabria,Reggio Di Calabria,C162,no,,
81420,REGGIO DI CALABRIA CENTRALE,capoluogo di provincia,Reggio Di Calabria,Reggio Di Calabria,F077,no,,
84485,REGGIO DI CALABRIA OMECA,fermata,Reggio Di Calabria,Reggio Di Calabria,C162,no,,
93240,GELA,stazione,Gela,Caltanissetta,C172,no,,
67980,CANCELLO ARNONE,fermata,Cancello Ed Arnone,Caserta,F057,no,,
68020,VILLA LITERNO,stazione,Villa Literno,Caserta,F057,no,,
67940,FALCIANO-MONDRAGONE-CARINOLA,stazione,Falciano Del Massico,Caserta,F057,no,,
72740,VENAFRO,stazione,Venafro,Isernia,F061,no,,0312|P246
67900,SESSA AURUNCA-ROCCAMONFINA,stazione,Sessa Aurunca,Caserta,F057,no,,
69541,PIETRARSA-S.GIORGIO A CREMANO,fermata,Napoli,Napoli,N008,no,,
69580,PORTICI-ERCOLANO,stazione,Portici,Napoli,N008,no,,
68340,S.MARCELLINO-FRIGNANO,stazione,San Marcellino,Caserta,F057,no,,
68485,AVERSA,stazione,Aversa,Caserta,F057,no,,
69620,TORRE DEL GRECO,stazione,Torre Del Greco,Napoli,F073,no,,
69540,NAPOLI S.GIOVANNI BARRA,stazione,Napoli,Napoli,N008,no,,
69820,ANGRI,stazione,Angri,Salerno,F073,no,,
69780,SCAFATI,stazione,Scafati,Salerno,F073,no,,
69940,SALERNO,capoluogo di provincia,Salerno,Salerno,F073,no,P134,0274|0282|1669|I107A|I107B|I173|I177|P126
69660,S.MARIA LA BRUNA,stazione,Torre Del Greco,Napoli,F073,no,,
69740,POMPEI,stazione,Pompei,Napoli,F073,no,P211,P211
69665,TORRE ANNUNZIATA CITTA',fermata,Torre Annunziata,Napoli,F073,no,,
69845,PAGANI,stazione,Pagani,Salerno,F073,no,,
72880,CAVA DEI TIRRENI,stazione,Cava De' Tirreni,Salerno,C146,no,,
72920,VIETRI SUL MARE,fermata,Vietri Sul Mare,Salerno,C146,no,,
69860,NOCERA INFERIORE,stazione,Nocera Inferiore,Salerno,F073,no,,
67241,MIGNANO DI MONTE LUNGO,fermata,Mignano Monte Lungo,Caserta,F061,no,,
67260,TORA-PRESENZANO,stazione,Presenzano,Caserta,F061,no,,
18423,COLOGNE,fermata,Cologne,Brescia,C048,no,,
18460,COCCAGLIO,stazione,Coccaglio,Brescia,C048,no,,
18343,CHIUDUNO,fermata,Chiuduno,Bergamo,C048,no,,
18380,GRUMELLO DEL MONTE,stazione,Grumello Del Monte,Bergamo,C048,no,,
67340,TEANO,stazione,Teano,Caserta,F061,no,,
67380,SPARANISE,stazione,Sparanise,Caserta,F061,no,,
67420,PIGNATARO MAGGIORE,stazione,Pignataro Maggiore,Caserta,F061,no,,
67321,RIARDO-PIETRAMELARA,fermata,Riardo,Caserta,F061,no,,
67300,VAIRANO-CAIANELLO,stazione,Vairano Patenora,Caserta,F061,no,,
67460,CAPUA,stazione,Capua,Caserta,F061,no,,
67500,S.MARIA CAPUA VETERE,stazione,Santa Maria Capua Vetere,Caserta,F061,no,,
67540,CASERTA,capoluogo di provincia,Caserta,Caserta,F061,no,,
67600,MADDALONI INFERIORE,fermata,Maddaloni,Caserta,F061,no,,
67680,ACERRA,stazione,Acerra,Napoli,N008,si,,
67720,CASALNUOVO,stazione,Casalnuovo Di Napoli,Napoli,N008,no,,
68780,SOLOPACA,stazione,Solopaca,Benevento,F071,no,,
68740,TELESE-CERRETO,stazione,Telese Terme,Benevento,F071,no,0279B,
68700,AMOROSI-MELIZZANO,stazione,Melizzano,Benevento,F071,no,,
68660,FRASSO-DUGENTA,stazione,Dugenta,Benevento,F071,no,,
68620,VALLE MADDALONI PES,fermata,Valle Di Maddaloni,Caserta,F071,no,0279A,
68860,PONTE CASALDUNI,stazione,Ponte,Benevento,F071,no,,
68820,S.LORENZO MAGGIORE,stazione,Ponte,Benevento,F071,no,0279B,0279B
69160,ARIANO IRPINO,stazione,Ariano Irpino,Avellino,F071,no,,
69240,SAVIGNANO GRECI,stazione,Savignano Irpino,Avellino,F071,no,,
69280,MONTAGUTO-PANNI,stazione,Savignano Irpino,Avellino,F071,no,,
69360,BOVINO-DELICETO,stazione,Bovino,Foggia,F071,no,,
69320,ORSARA DI PUGLIA,stazione,Orsara Di Puglia,Foggia,F071,no,0281,
37480,POZZOLO FORMIGARO,stazione,Pozzolo Formigaro,Alessandria,F005,no,,
58860,MOSCIANO S.ANGELO,fermata,Mosciano Sant'angelo,Teramo,C211,no,,
77920,ROCCHETTA S.ANTONIO-LACEDONIA,stazione,Rocchetta Sant'antonio,Foggia,C153,no,,
12540,COMO S.GIOVANNI,capoluogo di provincia,Como,Como,F017,no,,
12700,CARIMATE,stazione,Carimate,Como,F017,si,,
12740,CAMNAGO-LENTATE,stazione,Lentate Sul Seveso,Milano,F017,no,,
12623,CUCCIAGO,fermata,Fino Mornasco,Como,F017,no,,
12660,CANTU'-CERMENATE,fermata,Cantù,Como,F017,no,,
07850,VILLANOVA D'ARDENGHI,fermata,Villanova D'ardenghi,Pavia,C021,no,,
07920,CAVA CARBONARA,stazione,Sommo,Pavia,C021,no,,
17900,ABBADIA LARIANA,stazione,Abbadia Lariana,Lecco,C040,no,,
16020,LECCO,capoluogo di provincia,Lecco,Lecco,C040,no,,
14200,PAVIA,capoluogo di provincia,Pavia,Pavia,F005,no,,0335
20297,PAVIA PORTA GARIBALDI,fermata,Pavia,Pavia,C060,no,,
68060,GIUGLIANO-QUALIANO,stazione,Giugliano In Campania,Napoli,F059,no,,
68071,QUARTO DI MARANO,fermata,Pozzuoli,Napoli,F059,no,,
68121,CAVALLEGGERI AOSTA,fermata,Napoli,Napoli,N008,no,,
68111,BAGNOLI-AGNANO TERME,fermata,Napoli,Napoli,N008,no,,
68231,NAPOLI PIAZZA CAVOUR,fermata,Napoli,Napoli,N008,no,,
68221,NAPOLI MONTESANTO,fermata,Napoli,Napoli,N008,no,,
68211,NAPOLI PIAZZA AMEDEO,fermata,Napoli,Napoli,N008,no,,
68140,NAPOLI CAMPI FLEGREI,stazione,Napoli,Napoli,N008,no,,
68161,NAPOLI PIAZZA LEOPARDI,fermata,Napoli,Napoli,N008,no,,
68100,POZZUOLI SOLFATARA,stazione,Pozzuoli,Napoli,N008,no,,
70140,EBOLI,stazione,Eboli,Salerno,C136,no,,
68200,NAPOLI MERGELLINA,fermata,Napoli,Napoli,N008,no,,
21240,MOLTENO,stazione,Molteno,Lecco,C041,no,,
21060,COSTA MASNAGA,stazione,Costa Masnaga,Lecco,C042,no,,
21405,S.CASSIANO VALCHIAVENNA,fermata,Prata Camportaccio,Sondrio,C038,no,,
21407,SAMOLACO,fermata,Samolaco,Sondrio,C038,no,,
70420,BELLA MURO,stazione,Bella,Potenza,C136,no,,
70380,BALVANO-RICIGLIANO,fermata,Balvano,Potenza,C136,no,,
70340,ROMAGNANO-VIETRI-SALVITELLA,stazione,Romagnano Al Monte,Salerno,C136,no,,
70460,BARAGIANO-RUOTI,stazione,Baragiano,Potenza,C136,no,,
70471,FRANCIOSA,fermata,Baragiano,Potenza,C136,no,,
70500,PICERNO,stazione,Picerno,Potenza,C136,no,,
21400,CHIAVENNA,stazione,Chiavenna,Sondrio,C038,no,,
21403,PRATA CAMPORTACCIO,fermata,Prata Camportaccio,Sondrio,C038,no,,
21480,NOVATE MEZZOLA,stazione,Novate Mezzola,Sondrio,C038,si,,
21483,VERCEIA,fermata,Verceia,Sondrio,C038,no,,
77160,POTENZA CENTRALE,capoluogo di regione,Potenza,Potenza,C136,no,,
70540,TITO,stazione,Tito,Potenza,C136,no,,
72440,PELLEZZANO,stazione,Pellezzano,Salerno,C148,no,,
72480,FRATTE,stazione,Salerno,Salerno,C148,no,,
21485,DUBINO,stazione,Dubino,Sondrio,C038,no,,
72520,SALERNO IRNO,fermata,Salerno,Salerno,C148,no,,
60800,MONTALTO DI CASTRO,stazione,Montalto Di Castro,Viterbo,F051,no,,
60840,TARQUINIA,stazione,Tarquinia,Viterbo,F051,no,,
72411,ACQUAMELA,fermata,Baronissi,Salerno,C148,no,,
61023,MARINA DI CERVETERI,fermata,Cerveteri,Roma,F051,no,,
61060,LADISPOLI-CERVETERI,stazione,Ladispoli,Roma,F051,no,,
60940,S.MARINELLA,stazione,Santa Marinella,Roma,F051,no,,
60980,S.SEVERA,stazione,Santa Marinella,Roma,F051,no,,
60880,CIVITAVECCHIA,stazione,Civitavecchia,Roma,F051,si,,
61100,TORRE IN PIETRA-PALIDORO,fermata,Fiumicino,Roma,F051,no,,
61140,MACCARESE-FREGENE,stazione,Fiumicino,Roma,N007,no,,
65880,PONTE GALERIA,stazione,Roma,Roma,N007,no,,I138A
64700,VITERBO PORTA ROMANA,stazione,Viterbo,Viterbo,C129,no,,
64640,VITERBO PORTA FIORENTINA,capoluogo di provincia,Viterbo,Viterbo,C129,no,,
64780,VETRALLA,stazione,Vetralla,Viterbo,C129,no,,
64860,CAPRANICA-SUTRI,stazione,Capranica,Viterbo,C129,no,,
64745,TRE CROCI,fermata,Vetralla,Viterbo,C129,no,,
65023,VIGNA DI VALLE,fermata,Bracciano,Roma,C129,no,,0331
64940,ORIOLO,stazione,Oriolo Romano,Viterbo,C129,no,,
64980,MANZIANA-CANALE MONTERANO,stazione,Manziana,Roma,C129,no,,
65020,BRACCIANO,stazione,Bracciano,Roma,C129,no,,0331
65100,ANGUILLARA,stazione,Anguillara Sabazia,Roma,C129,no,,
65140,CESANO DI ROMA,stazione,Roma,Roma,N007,no,,
65260,MONTE MARIO,fermata,Roma,Roma,N007,no,,
65263,GEMELLI,fermata,Roma,Roma,N007,no,,
65180,LA STORTA,stazione,Roma,Roma,N007,no,,
65183,LA GIUSTINIANA,fermata,Roma,Roma,N007,no,,
65265,ROMA BALDUINA,fermata,Roma,Roma,N007,no,,
60120,ORTE,stazione,Orte,Viterbo,F053,no,,
61460,CAPANNELLE,fermata,Roma,Roma,N007,no,,P260
61500,CIAMPINO,stazione,Ciampino,Roma,N007,no,,1417|P260
61543,COLONNA GALLERIA,fermata,Colonna,Roma,F061,no,,
61540,COLLE MATTIA,stazione,Roma,Roma,F061,no,,
61620,VALMONTONE,fermata,Valmontone,Roma,F061,no,,
61660,COLLEFERRO-SEGNI-PALIANO,stazione,Colleferro,Roma,F061,no,,
61700,ANAGNI-FIUGGI,stazione,Anagni,Frosinone,F061,si,,
61580,ZAGAROLO,stazione,Zagarolo,Roma,F061,no,,
61583,LABICO,fermata,Labico,Roma,F061,no,,
65415,ACQUA ACETOSA,fermata,Ciampino,Roma,C134,no,,
61860,CECCANO,stazione,Ceccano,Frosinone,F061,no,,
61863,CASTRO-POFI-VALLECORSA,fermata,Castro Dei Volsci,Frosinone,F061,no,,
61820,FROSINONE,capoluogo di provincia,Frosinone,Frosinone,F061,si,,
61780,MOROLO,stazione,Morolo,Frosinone,F061,no,,
61783,FERENTINO-SUPINO,fermata,Ferentino,Frosinone,F061,no,,
61940,ROCCASECCA,stazione,Roccasecca,Frosinone,F061,no,,
62020,PIEDIMONTE-VILLA S.LUCIA-AQUINO,stazione,Aquino,Frosinone,F061,si,,
62060,CASSINO,stazione,Cassino,Frosinone,F061,no,,
65420,MARINO LAZIALE,stazione,Marino,Roma,C134,no,,
65423,CASTEL GANDOLFO,fermata,Castel Gandolfo,Roma,C134,no,,
65417,SASSONE,fermata,Ciampino,Roma,C134,no,,
65419,PANTANELLA,fermata,Marino,Roma,C134,no,,
65425,VILLETTA,fermata,Castel Gandolfo,Roma,C134,no,,
65475,CASABIANCA,fermata,Ciampino,Roma,C135,no,,
65477,S.MARIA DELLE MOLE,fermata,Marino,Roma,C135,no,,
65483,CANCELLIERA,fermata,Ariccia,Roma,C135,no,,
65500,CECCHINA,stazione,Albano Laziale,Roma,C135,no,,
65480,PAVONA,stazione,Albano Laziale,Roma,C135,no,,
65460,ALBANO LAZIALE,stazione,Albano Laziale,Roma,C134,no,,
65380,FRASCATI,fermata,Frascati,Roma,C235,no,,1417
62260,CAMPOLEONE,stazione,Aprilia,Latina,F057,no,,0359
65580,APRILIA,stazione,Aprilia,Latina,C130,no,,0359|I086
65620,CAMPO DI CARNE,stazione,Aprilia,Latina,C130,no,,
65660,PADIGLIONE,stazione,Anzio,Roma,C130,no,,
65663,LIDO DI LAVINIO,fermata,Anzio,Roma,C130,no,,
65665,VILLA CLAUDIA,fermata,Anzio,Roma,C130,no,,
65740,NETTUNO,stazione,Nettuno,Roma,C130,no,,I086
65705,ANZIO,fermata,Anzio,Roma,C130,no,,
65700,MARECHIARO,stazione,Anzio,Roma,C130,no,,
60200,GALLESE IN TEVERINA,fermata,Gallese,Viterbo,F053,no,,
60240,CIVITA CASTELLANA-MAGLIANO,stazione,Civita Castellana,Viterbo,F053,no,,
65703,ANZIO COLONIA,fermata,Anzio,Roma,C130,no,,
60243,COLLEVECCHIO-POGGIO SOMMAVILLA,fermata,Collevecchio,Rieti,F053,no,,
60280,STIMIGLIANO,fermata,Stimigliano,Rieti,F053,no,,
60283,GAVIGNANO SABINO,fermata,Forano,Rieti,F053,no,,
60320,POGGIO MIRTETO,stazione,Poggio Mirteto,Rieti,F053,no,,
65185,IPOGEO DEGLI OTTAVI,fermata,Roma,Roma,N007,no,,
60363,PIANABELLA DI MONTELIBRETTI,fermata,Montelibretti,Roma,N007,no,,
60400,MONTEROTONDO,stazione,Monterotondo,Roma,N007,no,,
60360,FARA SABINA,stazione,Fara In Sabina,Rieti,N007,no,,
65187,OTTAVIA,fermata,Roma,Roma,N007,no,,
65143,OLGIATA,fermata,Roma,Roma,N007,no,,
61503,TOR VERGATA,fermata,Frascati,Roma,F061,no,,
65525,S.EUROSIA,fermata,Velletri,Roma,C135,no,,
65523,S.GENNARO,fermata,Genzano Di Roma,Roma,C135,no,,
65267,APPIANO PROBA PETRONIA,fermata,Roma,Roma,N007,no,,
65520,LANUVIO,stazione,Lanuvio,Roma,C135,no,,
67860,MINTURNO-SCAURI,stazione,Minturno,Latina,F057,no,,
62580,FORMIA-GAETA,stazione,Formia,Latina,F057,no,,
67201,FONTANAROSA-CERVARO,fermata,Cervaro,Frosinone,F061,no,,
67220,ROCCA D'EVANDRO-S.VITTORE,stazione,San Vittore Del Lazio,Frosinone,F061,no,,
62420,PRIVERNO-FOSSANOVA,stazione,Pontinia,Latina,F057,no,,
56860,MARMORE,stazione,Terni,Terni,C231,no,,
56865,LABRO-MOGGIO,fermata,Colli Sul Velino,Rieti,C231,no,,
56900,GRECCIO,stazione,Greccio,Rieti,C231,no,,
56940,CONTIGLIANO,stazione,Contigliano,Rieti,C231,no,,
56945,POGGIO FIDONI,fermata,Rieti,Rieti,C231,no,,
57020,CITTADUCALE,stazione,Cittaducale,Rieti,C231,no,,
56980,RIETI,capoluogo di provincia,Rieti,Rieti,C231,no,,0290|P210A|P210B
57100,ANTRODOCO-BORGO VELINO,stazione,Antrodoco,Rieti,C231,no,,
57065,CANETRA,fermata,Castel Sant'angelo,Rieti,C231,no,,
57030,SORGENTI DEL PESCHIERA,fermata,Cittaducale,Rieti,C231,no,,
57060,CASTEL S.ANGELO,stazione,Castel Sant'angelo,Rieti,C231,no,,
57140,ROCCA DI CORNO,stazione,Antrodoco,Rieti,C231,no,,
57180,SELLA DI CORNO,stazione,Scoppito,L'aquila,C231,no,,
57105,ANTRODOCO CENTRO,fermata,Antrodoco,Rieti,C231,no,,
57115,ROCCA DI FONDI,stazione,Antrodoco,Rieti,C231,no,,
56450,SULMONA,stazione,Sulmona,L'aquila,C125,no,,P087A|P210A|P210B|P240A
45760,PISA / BIN. PISA CENTRALE,capoluogo di provincia,Pisa,Pisa,F045,si,,
06980,ALICE BELCOLLE,fermata,Alice Bel Colle,Alessandria,C195,no,,
03480,ACQUI TERME,stazione,Acqui Terme,Alessandria,C017,no,,
59700,ALLERONA CASTEL VISCARDO,stazione,Allerona,Terni,F053,no,,
49820,SOLIGNANO,fermata,Solignano,Parma,F047,no,,
49900,BERCETO,stazione,Berceto,Parma,F047,no,,0276B
36000,GENOVA BRIGNOLE,stazione,Genova,Genova,N004,no,,I045
36020,GENOVA STURLA,fermata,Genova,Genova,N004,no,,
47943,BUCINE,fermata,Bucine,Arezzo,F053,no,,
47980,LATERINA,stazione,Pergine Valdarno,Arezzo,F053,no,,
48020,PONTICINO,stazione,Laterina,Arezzo,F053,no,,
48140,AREZZO,capoluogo di provincia,Arezzo,Arezzo,F053,no,,
51679,FIVIZZANO-GASSANO,fermata,Fivizzano,Massa-Carrara,C119,no,,
51677,FIVIZZANO-ROMETTA-SOLIERA,fermata,Fivizzano,Massa-Carrara,C119,no,,
51680,GRAGNOLA,stazione,Fivizzano,Massa-Carrara,C119,no,,
51720,MONZONE MONTE DEI BIANCHI ISOLANO,fermata,Fivizzano,Massa-Carrara,C119,no,,
51760,EQUI TERME,fermata,Casola In Lunigiana,Massa-Carrara,C119,no,,
51800,MINUCCIANO-PIEVE-CASOLA,stazione,Minucciano,Lucca,C119,si,,
51845,CAMPORGIANO,fermata,Camporgiano,Lucca,C119,no,,
51850,POGGIO-CAREGGINE-VAGLI,fermata,Camporgiano,Lucca,C119,no,,
51840,PIAZZA AL SERCHIO,stazione,Piazza Al Serchio,Lucca,C119,no,,
51855,VILLETTA S.ROMANO,fermata,San Romano In Garfagnana,Lucca,C119,no,,
49240,PIOMBINO,stazione,Piombino,Livorno,C120,si,,
49280,PIOMBINO MARITTIMA (PIOMBINO),fermata,Piombino,Livorno,C120,no,,
45140,LA SPEZIA MIGLIARINA,stazione,La Spezia,La Spezia,F045,si,P060,
45143,CA' DI BOSCHETTI,fermata,La Spezia,La Spezia,F045,no,,
60600,TALAMONE,fermata,Orbetello,Grosseto,F051,no,,
60640,ALBINIA,stazione,Orbetello,Grosseto,F051,no,,
45100,LA SPEZIA CENTRALE,capoluogo di provincia,La Spezia,La Spezia,F045,no,,
60680,ORBETELLO-MONTE ARGENTARIO,stazione,Orbetello,Grosseto,F051,no,,
60720,CAPALBIO,stazione,Capalbio,Grosseto,F051,no,,
59800,ORVIETO,stazione,Orvieto,Terni,F053,no,,
48340,CAMUCIA CORTONA,stazione,Cortona,Arezzo,F053,no,,
48380,TERONTOLA-CORTONA,stazione,Cortona,Arezzo,F053,no,,
53100,MONTE ANTICO,stazione,Civitella Paganico,Grosseto,C194,no,,
50483,SCOPETI,fermata,Rufina,Firenze,C110,no,,
50480,RUFINA,stazione,Rufina,Firenze,C110,no,,
47660,PONTASSIEVE,stazione,Pontassieve,Firenze,F053,no,,
48300,CASTIGLION FIORENTINO,stazione,Castiglion Fiorentino,Arezzo,F053,no,,
50560,DICOMANO,stazione,Dicomano,Firenze,C110,no,,
50520,CONTEA-LONDA,stazione,Dicomano,Firenze,C110,no,,
48420,CASTIGLION DEL LAGO,stazione,Castiglione Del Lago,Perugia,F053,no,,
50600,VICCHIO,stazione,Vicchio,Firenze,C110,no,,
50603,BORGO S.LORENZO-RIMORELLI,fermata,Borgo San Lorenzo,Firenze,C110,no,,
50640,BORGO S.LORENZO,stazione,Borgo San Lorenzo,Firenze,C110,no,,
50710,CRESPINO DEL LAMONE,stazione,Marradi,Firenze,C111,no,,
50680,RONTA,stazione,Borgo San Lorenzo,Firenze,C111,no,,
50723,POPOLANO DI MARRADI,fermata,Marradi,Firenze,C111,no,,
50720,MARRADI PALAZZUOLO SUL SENIO,stazione,Marradi,Firenze,C111,no,,
50713,BIFORCO,fermata,Marradi,Firenze,C111,no,,
50725,S.MARTINO IN GATTARA,fermata,Brisighella,Ravenna,C111,no,,
50740,S.CASSIANO,stazione,Brisighella,Ravenna,C111,no,,
50747,FOGNANO,fermata,Brisighella,Ravenna,C111,no,,
50745,STRADA CASALE,fermata,Brisighella,Ravenna,C111,no,,
50840,BRISIGHELLA,stazione,Brisighella,Ravenna,C111,no,,
51360,PESCIA,stazione,Pescia,Pistoia,C116,no,,1346
51320,MONTECARLO-S.SALVATORE,stazione,Montecarlo,Lucca,C116,no,,
51280,ALTOPASCIO,stazione,Altopascio,Lucca,C116,no,,
51240,PORCARI,stazione,Porcari,Lucca,C116,si,,
51200,TASSIGNANO CAPANNORI,stazione,Capannori,Lucca,C116,no,,
51160,LUCCA,capoluogo di provincia,Lucca,Lucca,C113,si,,1346
51435,MONTECATINI CENTRO,fermata,Montecatini Terme,Pistoia,C116,no,,
51440,MONTECATINI TERME,stazione,Montecatini Terme,Pistoia,C116,no,,
51090,NOZZANO,fermata,Lucca,Lucca,C113,no,,
51080,MASSAROSA-BOZZANO,stazione,Massarosa,Lucca,C113,no,,
51520,PISTOIA,capoluogo di provincia,Pistoia,Pistoia,C115,no,,1346
51480,SERRAVALLE PISTOIESE,fermata,Serravalle Pistoiese,Pistoia,C116,no,,
51400,BORGO A BUGGIANO,stazione,Buggiano,Pistoia,C116,no,,
51525,MONTALE-AGLIANA,fermata,Montale,Pistoia,C118,no,,
51950,FOSCIANDORA-CESERANA,fermata,Fosciandora,Lucca,C119,no,,
51955,CASTELVECCHIO PASCOLI,fermata,Barga,Lucca,C119,no,,
51920,CASTELNUOVO GARFAGNANA,stazione,Castelnuovo Di Garfagnana,Lucca,C119,no,,
51960,BARGA-GALLICANO,fermata,Barga,Lucca,C119,no,,
52000,FORNACI DI BARGA,stazione,Barga,Lucca,C119,no,,
52085,BORGO A MOZZANO,fermata,Borgo A Mozzano,Lucca,C119,no,,
52120,DIECIMO-PESCAGLIA,stazione,Borgo A Mozzano,Lucca,C119,si,,
52080,BAGNI DI LUCCA,stazione,Bagni Di Lucca,Lucca,C119,no,,
52160,PONTE A MORIANO,fermata,Lucca,Lucca,C119,no,,
52200,S.PIETRO A VICO,stazione,Lucca,Lucca,C119,no,,
46020,LIVORNO CENTRALE,capoluogo di provincia,Livorno,Livorno,F051,no,,
91630,TERRENOVE,fermata,Marsala,Trapani,C192,no,,
91620,PETROSINO-STRASATTI,stazione,Marsala,Trapani,C192,no,,
91560,MAZARA DEL VALLO,stazione,Mazara Del Vallo,Trapani,C192,no,,
91820,PACECO,stazione,Paceco,Trapani,C192,no,,
91780,MARAUSA,stazione,Trapani,Trapani,C192,no,,
91480,CAMPOBELLO DI MAZARA,stazione,Campobello Di Mazara,Trapani,C192,no,,
91700,SPAGNUOLA,fermata,Marsala,Trapani,C192,no,,
91660,MARSALA,stazione,Marsala,Trapani,C192,no,,
52545,BADESSE,stazione,Monteriggioni,Siena,C121,no,,
52560,SIENA,capoluogo di provincia,Siena,Siena,C121,si,,P101|P145
46160,QUERCIANELLA SONNINO,stazione,Livorno,Livorno,F051,no,,
46163,CASTIGLIONCELLO,fermata,Rosignano Marittimo,Livorno,F051,no,,
46120,ANTIGNANO,fermata,Livorno,Livorno,F051,no,,
46240,ROSIGNANO,stazione,Rosignano Marittimo,Livorno,F051,si,,
46280,VADA,stazione,Rosignano Marittimo,Livorno,F051,no,,
46520,VIGNALE RIOTORTO,fermata,Piombino,Livorno,F051,no,,
46560,FOLLONICA,stazione,Follonica,Grosseto,F051,no,,
46480,CAMPIGLIA MARITTIMA,stazione,Campiglia Marittima,Livorno,F051,no,,
46440,S.VINCENZO,stazione,San Vincenzo,Livorno,F051,si,,
46600,SCARLINO,stazione,Scarlino,Grosseto,F051,si,,
46400,CASTAGNETO CARDUCCI-DONORATICO,fermata,Castagneto Carducci,Livorno,F051,no,,
46360,BOLGHERI,stazione,Bibbona,Livorno,F051,no,,
46720,MONTEPESCALI,stazione,Grosseto,Grosseto,F051,no,,
46640,GAVORRANO,stazione,Gavorrano,Grosseto,F051,no,,
49135,POPULONIA,fermata,Piombino,Livorno,C120,no,,
46760,GROSSETO,capoluogo di provincia,Grosseto,Grosseto,F051,no,,
48700,EMPOLI,stazione,Empoli,Firenze,F049,no,P076,P101|P145
52280,PONTE A ELSA,stazione,Empoli,Firenze,C121,no,,
52320,GRANAIOLO,stazione,Empoli,Firenze,C121,no,,P101
52520,CASTELLINA IN CHIANTI - MONTERIGGIONI,stazione,Monteriggioni,Siena,C121,si,,
53140,CIVITELLA PAGANICO,fermata,Civitella Paganico,Grosseto,C228,no,,
53180,ROCCASTRADA,stazione,Roccastrada,Grosseto,C228,no,,
53183,STICCIANO,fermata,Roccastrada,Grosseto,C228,no,,
52680,ASCIANO,stazione,Asciano,Siena,C122,no,,
52675,ASCIANO-MONTE OLIVETO MAGGIORE,fermata,Asciano,Siena,C122,no,,
52720,RAPOLANO TERME,stazione,Rapolano Terme,Siena,C123,no,,
52800,SINALUNGA,stazione,Sinalunga,Siena,C123,no,,
52640,CASTELNUOVO BERARDENGA,stazione,Asciano,Siena,C122,no,,
52600,ARBIA,stazione,Asciano,Siena,C122,no,,
49700,COLLECCHIO,stazione,Collecchio,Parma,F047,no,,
49705,OZZANO TARO,fermata,Collecchio,Parma,F047,no,,
49660,VICOFERTILE,stazione,Parma,Parma,F047,no,,0276A|0276B
52805,TORRITA DI SIENA,fermata,Torrita Di Siena,Siena,C123,no,,
52870,MONTEPULCIANO,stazione,Montepulciano,Siena,C123,no,,
49740,FORNOVO,stazione,Fornovo Di Taro,Parma,F047,no,,0276B
49940,OSTIA PARMENSE,stazione,Borgo Val Di Taro,Parma,F047,no,,
49980,BORGO VAL DI TARO,stazione,Borgo Val Di Taro,Parma,F047,no,,
50060,PONTREMOLI,stazione,Pontremoli,Massa-Carrara,F047,no,,
50140,FILATTIERA,stazione,Filattiera,Massa-Carrara,F047,no,,
50180,VILLAFRANCA-BAGNONE,stazione,Villafranca In Lunigiana,Massa-Carrara,F047,no,,
18420,PALAZZOLO SULL'OGLIO,stazione,Palazzolo Sull'oglio,Brescia,C048,no,,
17620,COLICO,stazione,Colico,Lecco,C038,no,,
49540,MEDESANO,stazione,Medesano,Parma,F047,no,,
59660,FABRO-FICULLE,stazione,Fabro,Terni,F053,no,,
75100,ORTANOVA,stazione,Orta Nova,Foggia,F069,no,,
75140,CERIGNOLA CAMPAGNA,stazione,Cerignola,Foggia,F069,no,,
76880,TARANTO,capoluogo di provincia,Taranto,Taranto,C156,no,0417,0100|0149|0310|0417|I174|P072|P126|P238|P238A|P238B
76340,BITETTO-PALO DEL COLLE,stazione,Bitetto,Bari,C158,no,,
45420,MASSA CENTRO,capoluogo di provincia,Massa,Massa-Carrara,F045,no,,
76345,GRUMO APPULA,fermata,Grumo Appula,Bari,C158,no,,
76460,ACQUAVIVA DELLE FONTI,stazione,Acquaviva Delle Fonti,Bari,C158,no,,
76500,GIOIA DEL COLLE,stazione,Gioia Del Colle,Bari,C158,no,,
76580,CASTELLANETA,fermata,Castellaneta,Taranto,C159,no,,0100
85660,VILLAFRANCA TIRRENA-SAPONARA,fermata,Saponara,Messina,C175,no,,
85700,ROMETTA MESSINESE,stazione,Rometta,Messina,C175,no,,
50300,S.STEFANO DI MAGRA,stazione,Santo Stefano Di Magra,La Spezia,F047,si,,
36115,PONTETTO,fermata,Pieve Ligure,Genova,F045,no,,
36140,PIEVE LIGURE,fermata,Pieve Ligure,Genova,F045,no,,I045
36220,CAMOGLI-S.FRUTTUOSO,fermata,Camogli,Genova,F045,no,,
36260,S.MARGHERITA LIGURE-PORTOFINO,stazione,Santa Margherita Ligure,Genova,F045,no,,
36300,RAPALLO,fermata,Rapallo,Genova,F045,no,,
32400,RONCHI DEI LEGIONARI NORD,stazione,Ronchi Dei Legionari,Gorizia,F039,no,,
30800,BIVIO D'AURISINA,stazione,Duino-Aurisina,Trieste,F035,no,,
16280,CARNATE-USMATE,stazione,Carnate,Milano,C045,no,,
18063,LESMO,fermata,Lesmo,Milano,C047,no,,
93320,ACATE,stazione,Acate,Ragusa,C173,no,,
18120,PADERNO-ROBBIATE,stazione,Paderno D'adda,Lecco,C047,no,,
93360,VITTORIA,stazione,Vittoria,Ragusa,C173,no,,
18060,MACHERIO-SOVICO,stazione,Sovico,Milano,C047,no,,
19960,REMEDELLO SOPRA,stazione,Remedello,Brescia,C065,no,,
19963,REMEDELLO SOTTO,fermata,Remedello,Brescia,C065,no,,
19930,VISANO,stazione,Visano,Brescia,C065,no,,
20000,ASOLA,stazione,Asola,Mantova,C065,no,,
20040,CANNETO SULL'OGLIO,stazione,Canneto Sull'oglio,Mantova,C065,no,,
19380,PIADENA,stazione,Piadena,Cremona,C062,si,,I178A|I178B
20095,S.GIOVANNI IN CROCE,stazione,San Giovanni In Croce,Cremona,C066,no,,
20103,MEZZANI-RONDANI,fermata,Colorno,Parma,C066,no,,
20140,COLORNO,stazione,Colorno,Parma,C066,no,,
20100,CASALMAGGIORE,stazione,Casalmaggiore,Cremona,C066,no,,
20180,TORRILE S.POLO,stazione,Torrile,Parma,C066,si,,
38740,PARMA,capoluogo di provincia,Parma,Parma,F041,si,,0276A
24160,CEREA,stazione,Cerea,Verona,C074,no,,
24120,SANGUINETTO,stazione,Sanguinetto,Verona,C074,no,,
25260,RONCEGNO BAGNI-MARTER,stazione,Roncegno Terme,Trento,C232,no,,
25220,LEVICO TERME,stazione,Levico Terme,Trento,C232,no,,
25300,BORGO VALSUGANA,stazione,Borgo Valsugana,Trento,C232,no,,P128
25340,STRIGNO,stazione,Villa Agnedo,Trento,C232,no,,
25380,GRIGNO,stazione,Grigno,Trento,C232,no,,
25385,TEZZE DI GRIGNO,fermata,Grigno,Trento,C232,no,,
29100,PRIMOLANO,stazione,Cismon Del Grappa,Vicenza,C221,no,,
08396,AIROLE,fermata,Airole,Imperia,C010,no,,
08398,BEVERA,fermata,Ventimiglia,Imperia,C010,no,,
15560,PORTO VALTRAVAGLIA,stazione,Porto Valtravaglia,Varese,F015,no,,
15565,CALDE',fermata,Castelveccana,Varese,F015,no,,
15640,LEGGIUNO-MONVALLE,fermata,Leggiuno,Varese,C036,no,,
15680,P.M. ISPRA,fermata,Ispra,Varese,C036,no,,
11800,SESTO CALENDE,stazione,Sesto Calende,Varese,F013,no,,
15600,LAVENO-MOMBELLO,stazione,Laveno Mombello,Varese,F015,no,,
15520,LUINO,stazione,Luino,Varese,F015,no,,0265
15720,TAINO-ANGERA,fermata,Taino,Varese,C036,no,,
02820,OLEGGIO,stazione,Oleggio,Novara,C022,no,,0264A|0264B
17260,TIRANO,stazione,Tirano,Sondrio,C037,si,,
17263,VILLA DI TIRANO,fermata,Villa Di Tirano,Sondrio,C037,no,,
17265,BIANZONE,fermata,Bianzone,Sondrio,C037,no,,
17300,TRESENDA-APRICA-TEGLIO,stazione,Teglio,Sondrio,C037,no,,
17305,S.GIACOMO DI TEGLIO,fermata,Teglio,Sondrio,C037,no,,
17307,CHIURO,fermata,Chiuro,Sondrio,C037,no,,
17340,PONTE IN VALTELLINA,stazione,Chiuro,Sondrio,C037,no,P054,
17343,POGGIRIDENTI-TRESIVIO-PIATEDA,fermata,Poggiridenti,Sondrio,C037,no,,
17380,SONDRIO,capoluogo di provincia,Sondrio,Sondrio,C037,no,,
16120,CALOLZIOCORTE-OLGINATE,stazione,Calolziocorte,Lecco,C044,no,,
16160,AIRUNO,fermata,Airuno,Lecco,C045,no,,
17460,ARDENNO-MASINO,stazione,Ardenno,Sondrio,C039,no,,
17463,TALAMONA,fermata,Talamona,Sondrio,C039,no,,
17390,CASTIONE ANDEVENNO,stazione,Castione Andevenno,Sondrio,C039,no,,
17420,S.PIETRO BERBENNO,stazione,Berbenno Di Valtellina,Sondrio,C039,no,,
17500,MORBEGNO,stazione,Morbegno,Sondrio,C039,no,,
17540,COSIO-TRAONA,stazione,Cosio Valtellino,Sondrio,C039,no,,
17663,DORIO,fermata,Dorio,Lecco,C040,no,,
17700,DERVIO,stazione,Dervio,Lecco,C040,no,,
17580,DELEBIO,stazione,Delebio,Sondrio,C039,no,,
12780,SEREGNO,stazione,Seregno,Milano,N002,si,,0266|0277
17780,VARENNA-ESINO-PERLEDO,stazione,Perledo,Lecco,C040,no,,
17660,PIONA,stazione,Colico,Lecco,C040,no,,
17740,BELLANO-TARTAVALLE TERME,stazione,Bellano,Lecco,C040,no,,
17783,FIUMELATTE,fermata,Varenna,Lecco,C040,no,,
17820,LIERNA,stazione,Lierna,Lecco,C040,no,,
17823,OLCIO,fermata,Mandello Del Lario,Lecco,C040,no,,
17860,MANDELLO DEL LARIO,stazione,Mandello Del Lario,Lecco,C040,no,,
20940,TRIUGGIO-PONTE ALBIATE,stazione,Triuggio,Milano,C042,no,,
20907,MACHERIO-CANONICA,fermata,Macherio,Milano,C042,no,,
16080,LECCO MAGGIANICO,stazione,Lecco,Lecco,C044,si,,
16083,VERCURAGO-S.GIROLAMO,fermata,Vercurago,Lecco,C044,no,,
20943,CARATE-CALO',fermata,Carate Brianza,Milano,C042,no,,
20905,BIASSONO-LESMO-PARCO,fermata,Biassono,Milano,C042,no,,
20903,BUTTAFAVA,fermata,Arcore,Milano,C042,no,,
37880,OVADA,stazione,Ovada,Alessandria,C017,no,,
37850,MOLARE,fermata,Ovada,Alessandria,C017,no,,
37920,ROSSIGLIONE,stazione,Rossiglione,Genova,C098,no,,
37830,VISONE,fermata,Visone,Alessandria,C017,no,,
37840,PRASCO-CREMOLINO,stazione,Prasco,Alessandria,C017,no,,
38000,MELE,stazione,Mele,Genova,C098,no,,
38040,GENOVA ACQUASANTA,stazione,Genova,Genova,C098,no,,
37960,CAMPO LIGURE-MASONE,stazione,Campo Ligure,Genova,C098,no,,
42040,RAVENNA,capoluogo di provincia,Ravenna,Ravenna,C101,si,P142,P142|P142A|P142B
43400,CLASSE,stazione,Ravenna,Ravenna,C102,no,,
30360,VIGODARZERE,stazione,Vigodarzere,Padova,C081,no,I184,I184
30180,FANZOLO,stazione,Vedelago,Treviso,C079,no,,
28940,CASTELFRANCO VENETO,stazione,Castelfranco Veneto,Treviso,C079,si,,I183
30240,CAMPOSAMPIERO,stazione,Camposampiero,Padova,C080,no,,
30100,CORNUDA,stazione,Cornuda,Treviso,C078,no,,
30140,MONTEBELLUNA,stazione,Montebelluna,Treviso,C078,no,,
25763,PALIDANO,fermata,Gonzaga,Mantova,C072,no,,
25800,GONZAGA-REGGIOLO,stazione,Gonzaga,Mantova,C072,no,,
25760,SUZZARA,stazione,Suzzara,Mantova,C071,no,,
12820,DESIO,stazione,Desio,Milano,N002,si,,
16320,ARCORE,stazione,Arcore,Milano,C046,no,,
25880,CARPI,stazione,Carpi,Modena,C072,no,,
18240,PONTE S.PIETRO,stazione,Ponte San Pietro,Bergamo,C044,no,0366A,0366|0366A|0366B|P233
16480,BERGAMO,capoluogo di provincia,Bergamo,Bergamo,C048,no,0366A|P198|P237,0277|0366|0366A|0366B|I137
25840,ROLO-NOVI-FABBRICO,stazione,Rolo,Reggio Nell'emilia,C072,no,,
25805,VILLANOVA DI REGGIOLO,fermata,Reggiolo,Reggio Nell'emilia,C072,no,,
18000,AMBIVERE-MAPELLO,stazione,Ambivere,Bergamo,C044,no,,
17960,CISANO-CAPRINO BERGAMASCO,stazione,Cisano Bergamasco,Bergamo,C044,no,P054,
17963,PONTIDA,fermata,Pontida,Bergamo,C044,no,,
18300,SERIATE,stazione,Seriate,Bergamo,C048,no,,
18303,ALBANO S.ALESSANDRO,fermata,Albano Sant'alessandro,Bergamo,C048,no,,
18340,MONTELLO-GORLAGO,stazione,Montello,Bergamo,C048,no,,
40200,FAENZA,stazione,Faenza,Ravenna,F063,si,,
13460,ROVATO,stazione,Rovato,Brescia,F023,no,,
18980,BUSSETO,stazione,Busseto,Parma,C055,no,,
19020,CASTIONE DEI MARCHESI,stazione,Fidenza,Parma,C055,no,,
25143,S.CRISTOFORO AL LAGO-ISCHIA,fermata,Pergine Valsugana,Trento,C232,no,,
25145,CALCERANICA,fermata,Calceranica Al Lago,Trento,C232,no,,
38660,FIDENZA,stazione,Fidenza,Parma,F041,no,,
18160,CALUSCO,stazione,Calusco D'adda,Bergamo,C047,no,P054,
18200,TERNO,stazione,Terno D'isola,Bergamo,C047,no,,
20640,VIGEVANO,stazione,Vigevano,Pavia,C058,no,,0049B
20680,PARONA LOMELLINA,stazione,Parona,Pavia,C058,no,,
20600,ABBIATEGRASSO,stazione,Abbiategrasso,Milano,C058,no,,0049A|0049B
03040,MORTARA,stazione,Mortara,Pavia,C020,si,,0049A|0049B|0223B
16520,PINAROLO PO,stazione,Pinarolo Po,Pavia,F021,no,,
16517,BRESSANA ARGINE,fermata,Bressana Bottarone,Pavia,F021,no,,
14340,BRESSANA BOTTARONE,stazione,Bressana Bottarone,Pavia,F005,no,,
20300,MOTTA S.DAMIANO,stazione,Pavia,Pavia,C060,no,,
20303,ALBUZZANO,fermata,Albuzzano,Pavia,C060,no,,
20340,BELGIOIOSO,stazione,Belgioioso,Pavia,C060,no,,
20425,ORIO LITTA,fermata,Orio Litta,Lodi,C060,no,,
20423,LAMBRINIA,fermata,Chignolo Po,Pavia,C060,no,,
20385,MIRADOLO TERME,fermata,Miradolo Terme,Pavia,C060,no,,
20383,S.CRISTINA E BISSONE,fermata,Santa Cristina E Bissone,Pavia,C060,no,,
20380,CORTEOLONA,stazione,Corteolona,Pavia,C060,no,,
20460,OSPEDALETTO LODIGIANO,stazione,Ospedaletto Lodigiano,Lodi,C060,no,,
20420,CHIGNOLO PO,stazione,Chignolo Po,Pavia,C060,si,,
13900,CASALPUSTERLENGO,stazione,Casalpusterlengo,Lodi,F041,si,,
19800,MONTIRONE,stazione,Montirone,Brescia,C065,si,,
19840,GHEDI,stazione,Ghedi,Brescia,C065,si,,I182
19580,S.ZENO FOLZANO,stazione,San Zeno Naviglio,Brescia,C052,si,,
19880,VIADANA BRESCIANA,stazione,Calvisano,Brescia,C065,no,,
19883,CALVISANO,fermata,Calvisano,Brescia,C065,no,,
24200,LEGNAGO,stazione,Legnago,Verona,C075,no,,
26720,BOVOLONE,stazione,Bovolone,Verona,C212,no,,
25480,DOSSOBUONO,stazione,Villafranca Di Verona,Verona,C070,no,,
25520,VILLAFRANCA DI VERONA,stazione,Villafranca Di Verona,Verona,C070,no,,
25560,MOZZECANE,stazione,Mozzecane,Verona,C070,si,,
25640,S.ANTONIO MANTOVANO,stazione,Porto Mantovano,Mantova,C070,no,,
25680,MANTOVA,capoluogo di provincia,Mantova,Mantova,C063,no,,1427|I178A|I178B
25600,ROVERBELLA,stazione,Roverbella,Mantova,C070,no,,
23715,ISOLA DELLA SCALA,stazione,Isola Della Scala,Verona,F029,no,,
26820,DUEVILLE,stazione,Dueville,Vicenza,C069,no,,
26780,CAVAZZALE,stazione,Monticello Conte Otto,Vicenza,C069,no,,
26860,THIENE,stazione,Thiene,Vicenza,C069,no,,
26825,VILLAVERLA-MONTECCHIO,fermata,Montecchio Precalcino,Vicenza,C069,no,,
26900,SCHIO,stazione,Schio,Vicenza,C069,no,,
26865,MARANO VICENTINO,fermata,Marano Vicentino,Vicenza,C069,no,,
24240,BEVILACQUA,stazione,Bevilacqua,Verona,C213,no,,
24205,BOSCHI S.ANNA,fermata,Boschi Sant'anna,Verona,C213,no,,
24280,MONTAGNANA,stazione,Montagnana,Padova,C213,no,,
24320,SALETTO,stazione,Saletto,Padova,C213,no,,
24360,OSPEDALETTO EUGANEO,stazione,Ospedaletto Euganeo,Padova,C213,no,,
41120,MONSELICE,stazione,Monselice,Padova,F031,no,,
24400,ESTE,stazione,Este,Padova,C213,no,,
25103,POVO-MESIANO,fermata,Trento,Trento,C232,no,,
25100,VILLAZZANO,stazione,Trento,Trento,C232,no,,
25140,PERGINE,stazione,Pergine Valsugana,Trento,C232,no,,
34080,RONCO SCRIVIA,stazione,Ronco Scrivia,Genova,F019,no,,
34145,PIANO ORIZZONTALE DEI GIOVI,fermata,Serra Riccò,Genova,F019,no,,
34180,GENOVA PONTEDECIMO,stazione,Genova,Genova,F019,no,,
34140,BUSALLA,stazione,Busalla,Genova,F019,no,,
34100,BORGO FORNARI PER VOLTAGGIO,fermata,Ronco Scrivia,Genova,F019,no,,
34260,GENOVA RIVAROLO,stazione,Genova,Genova,N004,no,,
33920,NOVI LIGURE,stazione,Novi Ligure,Alessandria,F003,no,,
33960,SERRAVALLE SCRIVIA,fermata,Serravalle Scrivia,Alessandria,F003,no,,
23725,NOGARA,stazione,Nogara,Verona,F029,no,,
37360,SANTUARIO,stazione,Savona,Savona,C097,no,,
35640,SAVONA,capoluogo di provincia,Savona,Savona,F007,no,,
37280,S.GIUSEPPE DI CAIRO,stazione,Cairo Montenotte,Savona,C014,si,,
37200,ALTARE,stazione,Altare,Savona,C093,no,,
36100,GENOVA NERVI,stazione,Genova,Genova,N004,no,,
36110,BOGLIASCO,fermata,Bogliasco,Genova,F045,no,,
36060,GENOVA QUARTO DEI MILLE,stazione,Genova,Genova,N004,no,,
36070,GENOVA QUINTO AL MARE,fermata,Genova,Genova,N004,no,,
36420,SESTRI LEVANTE,stazione,Sestri Levante,Genova,F045,no,,
36460,RIVA TRIGOSO,stazione,Sestri Levante,Genova,F045,no,,
36705,MANAROLA,fermata,Riomaggiore,La Spezia,F045,no,,
36740,RIOMAGGIORE,fermata,Riomaggiore,La Spezia,F045,no,,
36500,MONEGLIA,fermata,Moneglia,Genova,F045,no,,
36580,FRAMURA,stazione,Framura,La Spezia,F045,no,,
36585,BONASSOLA,fermata,Bonassola,La Spezia,F045,no,,
36540,DEIVA MARINA,stazione,Deiva Marina,La Spezia,F045,no,,
36620,LEVANTO,stazione,Levanto,La Spezia,F045,no,,
36660,MONTEROSSO,stazione,Monterosso Al Mare,La Spezia,F045,no,,
36700,CORNIGLIA,stazione,Vernazza,La Spezia,F045,no,,
43775,PONTECCHIO MARCONI,fermata,Sasso Marconi,Bologna,N005,no,,
43800,SASSO MARCONI,stazione,Sasso Marconi,Bologna,N005,no,,
36665,VERNAZZA,fermata,Vernazza,La Spezia,F045,no,,
43760,CASALECCHIO DI RENO,fermata,Casalecchio Di Reno,Bologna,N005,no,,1438
43770,BORGONUOVO,fermata,Sasso Marconi,Bologna,N005,no,,
43805,LAMA DI RENO,fermata,Marzabotto,Bologna,N005,no,,
43920,VERGATO,stazione,Vergato,Bologna,N005,no,,
43925,CARBONA,fermata,Vergato,Bologna,N005,no,,
43965,SILLA,fermata,Castel Di Casio,Bologna,N005,no,,
44000,PORRETTA TERME,stazione,Porretta Terme,Bologna,N005,no,,
43880,PIOPPE DI SALVARO,stazione,Grizzana Morandi,Bologna,N005,no,,
43960,RIOLA,stazione,Vergato,Bologna,N005,no,,
43840,MARZABOTTO,stazione,Marzabotto,Bologna,N005,no,,
44080,PRACCHIA,stazione,Pistoia,Pistoia,C115,no,,
44090,S.MOMME',fermata,Pistoia,Pistoia,C115,no,,
44005,PONTE DELLA VENTURINA,fermata,Granaglione,Bologna,C115,no,,
44160,PITECCIO,stazione,Pistoia,Pistoia,C115,no,,
44045,BIAGIONI-LAGACCI,fermata,Granaglione,Bologna,C115,no,,
44095,CASTAGNO,fermata,Pistoia,Pistoia,C115,no,,
44120,CORBEZZI,stazione,Pistoia,Pistoia,C115,no,,
44040,MOLINO DEL PALLONE,fermata,Granaglione,Bologna,C115,no,,
44205,PISTOIA OVEST,fermata,Pistoia,Pistoia,C115,no,,
40380,GAMBETTOLA,fermata,Gambettola,Forlì-Cesena,F063,no,,
40420,SAVIGNANO SUL RUBICONE,fermata,Savignano Sul Rubicone,Forlì-Cesena,F063,no,,
40340,CESENA,stazione,Cesena,Forlì-Cesena,F063,no,,
40460,SANTARCANGELO DI ROMAGNA,stazione,Santarcangelo Di Romagna,Rimini,F063,no,,
43440,LIDO DI CLASSE-LIDO DI SAVIO,stazione,Ravenna,Ravenna,C102,no,,
40260,FORLI',capoluogo di provincia,Forlì,Forlì-Cesena,F063,no,,
40160,CASTELBOLOGNESE - RIOLO TERME,stazione,Castel Bolognese,Ravenna,F063,no,,
43520,CESENATICO,stazione,Cesenatico,Forlì-Cesena,C102,no,,
43545,GATTEO A MARE,fermata,Gatteo,Forlì-Cesena,C102,no,,
43480,CERVIA-MILANO M.MA,stazione,Cervia,Ravenna,C102,no,,
43560,BELLARIA,stazione,Bellaria-Igea Marina,Rimini,C102,no,,
43600,IGEA MARINA,stazione,Bellaria-Igea Marina,Rimini,C102,no,,
43605,RIMINI TORRE PEDRERA,fermata,Rimini,Rimini,C102,no,,
41460,CORONELLA,fermata,Ferrara,Ferrara,F031,no,,
41500,POGGIO RENATICO,stazione,Poggio Renatico,Ferrara,F031,no,,
43640,RIMINI VISERBA,stazione,Rimini,Rimini,C102,no,,
41540,GALLIERA,fermata,Galliera,Bologna,F031,no,,
41580,S.PIETRO IN CASALE,stazione,San Pietro In Casale,Bologna,N005,no,,
41620,S.GIORGIO DI PIANO,stazione,San Giorgio Di Piano,Bologna,N005,no,,
11180,DOMODOSSOLA,stazione,Domodossola,Verbano-Cusio-Ossola,F013,no,,
15900,GAZZADA-SCHIANNO-MORAZZONE,fermata,Gazzada Schianno,Varese,C049,no,,
15905,CASTRONNO,fermata,Castronno,Varese,C049,no,,
15940,ALBIZZATE-SOLBIATE ARNO,stazione,Albizzate,Varese,C049,no,,
15860,VARESE,capoluogo di provincia,Varese,Varese,C049,no,,
15257,SANGIANO,fermata,Sangiano,Varese,F015,no,,
15980,CAVARIA-OGGIONA-IERAGO,fermata,Cavaria Con Premezzo,Varese,C049,no,,
11960,GALLARATE,stazione,Gallarate,Varese,N002,si,,0294
15265,TRAVEDONA-BIANDRONNO,fermata,Biandronno,Varese,F015,no,,
15300,TERNATE-VARANO BORGHI,stazione,Ternate,Varese,F015,no,,
15260,BESOZZO,stazione,Besozzo,Varese,F015,no,,
15340,MORNAGO-CIMBRO,stazione,Mornago,Varese,F015,no,,
15343,BESNATE,fermata,Besnate,Varese,F015,no,,
34760,VENTIMIGLIA,stazione,Ventimiglia,Imperia,F009,no,P221|P222,0077|0289|P078|P120
87760,ALCANTARA,stazione,Giardini Naxos,Messina,C169,no,P074,
87800,CALATABIANO,fermata,Calatabiano,Catania,C169,no,,
54840,MONTESILVANO,stazione,Montesilvano,Pescara,F067,no,,
54880,PESCARA,capoluogo di provincia,Pescara,Pescara,F067,si,,0142A|0142B|0307A|0307B|P240A|P240B
41240,ROVIGO,capoluogo di provincia,Rovigo,Rovigo,F031,si,,
26600,COSTA DI ROVIGO,stazione,Costa Di Rovigo,Rovigo,C214,no,,
26440,CASTAGNARO,stazione,Castagnaro,Verona,C214,no,,
26480,BADIA POLESINE,stazione,Badia Polesine,Rovigo,C214,no,,
26400,VILLABARTOLOMEA,stazione,Villa Bartolomea,Verona,C214,no,,
26560,FRATTA,stazione,Fratta Polesine,Rovigo,C214,no,,
26520,LENDINARA,stazione,Lendinara,Rovigo,C214,no,,
44530,ADRIA,stazione,Adria,Rovigo,C225,si,,
44490,BARICETTA,fermata,Adria,Rovigo,C225,no,,
29150,S.NAZARIO,fermata,San Nazario,Vicenza,C221,no,,
29155,SOLAGNA,fermata,Solagna,Vicenza,C221,no,,
29140,CARPANE'-VALSTAGNA,stazione,San Nazario,Vicenza,C221,no,,
29125,S.MARINO,fermata,San Nazario,Vicenza,C221,no,,
29120,CISMON DEL GRAPPA,stazione,Cismon Del Grappa,Vicenza,C221,no,,
44610,S.ANNA DI CHIOGGIA,fermata,Chioggia,Venezia,C225,no,,
44600,CAVANELLA D'ADIGE,stazione,Chioggia,Venezia,C225,no,,
44619,CHIOGGIA,stazione,Chioggia,Venezia,C225,no,,
44570,ROSOLINA,fermata,Rosolina,Rovigo,C225,no,,
44560,LOREO,stazione,Loreo,Rovigo,C225,no,,
44475,CEREGNANO,fermata,Ceregnano,Rovigo,C225,no,,
44480,LAMA,stazione,Ceregnano,Rovigo,C225,no,,
28360,PREGANZIOL,fermata,Preganziol,Treviso,F037,no,,
28400,MOGLIANO VENETO,stazione,Mogliano Veneto,Treviso,N003,no,,
28220,SUSEGANA,fermata,Susegana,Treviso,F037,no,,
28260,SPRESIANO,stazione,Spresiano,Treviso,F037,no,,
28130,ORSAGO,fermata,Orsago,Treviso,F037,no,,
28140,PIANZANO,fermata,Godega Di Sant'urbano,Treviso,F037,no,,
28100,SACILE,stazione,Sacile,Pordenone,F037,no,,
29230,CASSOLA,fermata,Cassola,Vicenza,C091,no,,
29260,CASTELLO DI GODEGO,stazione,Castello Di Godego,Treviso,C091,no,,
29220,BASSANO DEL GRAPPA,stazione,Bassano Del Grappa,Vicenza,C089,no,,
06945,BAZZANA,fermata,Mombaruzzo,Asti,C195,no,,
06920,NIZZA MONFERRATO,stazione,Nizza Monferrato,Asti,C195,no,,
30435,TREVIGNANO-SIGNORESSA,fermata,Trevignano,Treviso,C083,no,,
30440,POSTIOMA,stazione,Paese,Treviso,C083,no,,
29900,BUSCHE-LENTIAI-MEL,stazione,Cesiomaggiore,Belluno,C078,no,,
29940,FELTRE,stazione,Feltre,Belluno,C078,no,,
29860,S.GIUSTINA-CESIO,stazione,Santa Giustina,Belluno,C078,no,,
02900,VIGNALE,stazione,Novara,Novara,C023,no,,0223A|0264A|0264B
30020,ALANO-FENER-VALDOBBIADENE,stazione,Alano Di Piave,Belluno,C078,no,,
30060,PEDEROBBA-CAVASO-POSSAGNO,fermata,Pederobba,Treviso,C078,no,,
29980,QUERO-VAS,stazione,Quero,Belluno,C078,no,,
29820,SEDICO-BRIBANO,stazione,Sedico,Belluno,C078,no,,
29700,LONGARONE-ZOLDO,stazione,Longarone,Belluno,C076,no,,
29780,BELLUNO,capoluogo di provincia,Belluno,Belluno,C077,no,,
27900,CODROIPO,fermata,Codroipo,Udine,F037,no,,
28020,CASARSA,stazione,Casarsa Della Delizia,Pordenone,F037,si,,
27880,BASILIANO,stazione,Basiliano,Udine,F037,si,,
33660,BUDOIA-POLCENIGO,stazione,Budoia,Pordenone,C226,no,,
33683,SACILE-S.LIBERALE,fermata,Sacile,Pordenone,C226,no,,
33540,MANIAGO,stazione,Maniago,Pordenone,C226,no,,
33580,MONTEREALE VALCELLINA,stazione,Montereale Valcellina,Pordenone,C226,no,,
33620,AVIANO,stazione,Aviano,Pordenone,C226,no,,
02140,ASTI,capoluogo di provincia,Asti,Asti,F003,no,,
06810,MONGARDINO,fermata,Mongardino,Asti,C195,no,,
31900,GEMONA DEL FRIULI,stazione,Gemona Del Friuli,Udine,F037,no,,
33050,PALMANOVA,stazione,Palmanova,Udine,C094,no,,I133
29550,TEGLIO VENETO,fermata,Teglio Veneto,Venezia,C205,no,,
27390,PORTOGRUARO-CAORLE,stazione,Portogruaro,Venezia,F035,si,,
29540,CORDOVADO SESTO,stazione,Sesto Al Reghena,Pordenone,C205,si,,
29500,S.VITO AL TAGLIAMENTO,stazione,San Vito Al Tagliamento,Pordenone,C205,no,,
28063,FONTANAFREDDA,fermata,Fontanafredda,Pordenone,F037,no,,
28030,CUSANO,fermata,Fiume Veneto,Pordenone,F037,no,,
28060,PORDENONE,capoluogo di provincia,Pordenone,Pordenone,F037,si,,
45503,CAMAIORE LIDO C.,fermata,Camaiore,Lucca,F045,no,,
45540,VIAREGGIO,stazione,Viareggio,Lucca,F045,no,,
01155,CASTELROSSO,fermata,Chivasso,Torino,F011,no,,
10740,SALUZZO,stazione,Saluzzo,Cuneo,C243,no,,
10745,MANTA,fermata,Manta,Cuneo,C243,no,,
45180,VEZZANO LIGURE,stazione,Vezzano Ligure,La Spezia,F045,no,,
88000,ACIREALE,stazione,Acireale,Catania,C169,no,,
88030,CANNIZZARO,stazione,Acicastello,Catania,C169,no,,
06200,VEROLENGO,stazione,Verolengo,Torino,C005,no,,
06240,CRESCENTINO,stazione,Crescentino,Vercelli,C005,si,,
06227,BORGO REVEL,stazione,Verolengo,Torino,C005,no,,
06320,TRINO VERCELLESE,stazione,Trino,Vercelli,C005,si,,
06285,PALAZZOLO VERCELLESE,fermata,Palazzolo Vercellese,Vercelli,C005,no,,
06280,FONTANETTO PO,stazione,Fontanetto Po,Vercelli,C005,no,,
06365,BALZOLA,fermata,Balzola,Alessandria,C005,no,,
06360,MORANO SUL PO,stazione,Morano Sul Po,Alessandria,C005,no,,
06480,BORGO S.MARTINO,stazione,Borgo San Martino,Alessandria,C006,no,,
06520,GIAROLE,stazione,Giarole,Alessandria,C006,no,,
03285,BORGORATTO,fermata,Borgoratto Alessandrino,Alessandria,C018,no,,
08420,MONCALIERI SANGONE,stazione,Moncalieri,Torino,C008,no,,
08445,NICHELINO,fermata,Nichelino,Torino,C008,no,,
08460,CANDIOLO,stazione,Candiolo,Torino,C008,si,,
08500,NONE,stazione,None,Torino,C008,no,,
03980,VILLASTELLONE,fermata,Villastellone,Torino,C011,no,,
04020,CARMAGNOLA,stazione,Carmagnola,Torino,C011,si,,
08060,CENTALLO,stazione,Centallo,Cuneo,C009,no,,1357
04060,RACCONIGI,stazione,Racconigi,Cuneo,C011,si,,
04180,FOSSANO,stazione,Fossano,Cuneo,C009,si,,1357|I024
08180,CUNEO,capoluogo di provincia,Cuneo,Cuneo,C009,si,,1357|I024|P078
08240,BORGO S.DALMAZZO,stazione,Borgo San Dalmazzo,Cuneo,C010,no,,
08265,ROCCAVIONE,fermata,Roccavione,Cuneo,C010,no,,
08280,ROBILANTE,stazione,Robilante,Cuneo,C010,si,,
04300,MONDOVI',stazione,Mondovì,Cuneo,C012,si,,
08320,VERNANTE,stazione,Vernante,Cuneo,C010,no,,
08360,LIMONE,stazione,Limone Piemonte,Cuneo,C010,no,,
04380,LESEGNO,stazione,Lesegno,Cuneo,C013,si,,
04340,VICOFORTE-S.MICHELE,fermata,Vicoforte,Cuneo,C013,no,,
04260,MAGLIANO-CRAVA-MOROZZO,stazione,Magliano Alpi,Cuneo,C012,no,,
04500,SALICETO,fermata,Saliceto,Cuneo,C014,no,,
04460,SALE LANGHE,stazione,Sale Delle Langhe,Cuneo,C014,no,,
04420,CEVA,stazione,Ceva,Cuneo,C013,no,,
01120,CHIVASSO,stazione,Chivasso,Torino,F011,no,P222,0333|P123|P124
04100,CAVALLERMAGGIORE,stazione,Cavallermaggiore,Cuneo,C011,no,,
04140,SAVIGLIANO,stazione,Savigliano,Cuneo,C011,no,,
03400,CASSINE,stazione,Cassine,Alessandria,C018,no,,
03440,STREVI,stazione,Strevi,Alessandria,C018,no,,
03520,TERZO-MONTABONE,stazione,Terzo,Alessandria,C019,no,,
03560,BISTAGNO,stazione,Bistagno,Alessandria,C019,no,,
03600,PONTI,stazione,Ponti,Alessandria,C019,no,,
03610,MONTECHIARO-DENICE,stazione,Montechiaro D'acqui,Alessandria,C019,no,,
03640,MOMBALDONE-ROCCAVERANO,stazione,Mombaldone,Asti,C019,no,,
03680,SPIGNO,stazione,Spigno Monferrato,Alessandria,C019,no,,
03685,MERANA,fermata,Merana,Alessandria,C019,no,,
03720,PIANA,stazione,Piana Crixia,Savona,C019,no,,
03760,DEGO,stazione,Dego,Savona,C019,no,,
03765,ROCCHETTA CAIRO,fermata,Cairo Montenotte,Savona,C019,no,,
06820,VIGLIANO D'ASTI,fermata,Vigliano D'asti,Asti,C195,no,,
06840,MONTEGROSSO,stazione,Montegrosso D'asti,Asti,C195,no,,
03800,CAIRO MONTENOTTE,stazione,Cairo Montenotte,Savona,C019,no,,
06860,AGLIANO-CASTELNUOVO CALCEA,fermata,Castelnuovo Calcea,Asti,C195,no,,
07695,PALESTRO,fermata,Palestro,Pavia,C020,no,,
10360,CASTAGNOLE DELLE LANZE,stazione,Castagnole Delle Lanze,Asti,C001,no,,
10400,NEIVE,fermata,Neive,Cuneo,C206,no,,
06960,MOMBARUZZO,stazione,Mombaruzzo,Asti,C195,no,,
07830,GAMBOLO'-REMONDO',fermata,Mortara,Pavia,C021,no,,
07835,TROMELLO,fermata,Tromello,Pavia,C021,no,,
07840,GARLASCO,stazione,Garlasco,Pavia,C021,no,,
07700,ROBBIO,stazione,Robbio,Pavia,C020,no,,
07705,NICORVO,fermata,Nicorvo,Pavia,C020,no,,
07845,GROPELLO CAIROLI,fermata,Gropello Cairoli,Pavia,C021,no,,
02780,BORGO TICINO,stazione,Borgo Ticino,Novara,C022,no,,
02785,VARALLO POMBIA,fermata,Varallo Pombia,Novara,C022,no,,
02775,DORMELLETTO PAESE,fermata,Dormelletto,Novara,C022,no,,
02790,MARANO TICINO,fermata,Marano Ticino,Novara,C022,no,,
10460,MUSSOTTO,fermata,Alba,Cuneo,C206,no,,
10480,MONTICELLO D'ALBA,fermata,Monticello D'alba,Cuneo,C206,no,,
10545,POCAPAGLIA,fermata,Pocapaglia,Cuneo,C206,no,,
02825,BELLINZAGO,fermata,Bellinzago Novarese,Novara,C023,no,,
28180,CONEGLIANO,stazione,Conegliano,Treviso,F037,si,,
29740,PONTE NELLE ALPI-POLPET,stazione,Ponte Nelle Alpi,Belluno,C076,no,,
10520,S.VITTORIA,stazione,Santa Vittoria D'alba,Cuneo,C206,no,,
10565,MADONNA DEL PILONE,fermata,Cavallermaggiore,Cuneo,C206,no,,
08540,AIRASCA,stazione,Airasca,Torino,C008,no,,
08580,PISCINA DI PINEROLO,stazione,Piscina,Torino,C008,no,,
10780,VERZUOLO,stazione,Verzuolo,Cuneo,C243,si,,
10785,COSTIGLIOLE SALUZZO,fermata,Costigliole Saluzzo,Cuneo,C243,no,,
07065,SANFRE',fermata,Sanfrè,Cuneo,C015,no,,
07060,SOMMARIVA BOSCO,stazione,Sommariva Del Bosco,Cuneo,C015,no,,
72680,CAMPOBASSO,capoluogo di regione,Campobasso,Campobasso,C202,no,,P141|P246
72970,VINCHIATURO,stazione,Vinchiaturo,Campobasso,C202,no,,
74600,MONTENERO-PETACCIATO,stazione,Petacciato,Campobasso,F067,no,,
74640,TERMOLI,stazione,Termoli,Campobasso,F067,no,,0142B|0312
73160,CARPINONE,stazione,Carpinone,Isernia,C139,no,,
09180,CARPIGNANO SESIA,fermata,Carpignano Sesia,Novara,C199,no,,
09220,CASALEGGIO,stazione,Casaleggio Novara,Novara,C199,no,,
09240,NIBBIA,fermata,San Pietro Mosezzo,Novara,C199,no,,
06440,CASALE MONFERRATO,stazione,Casale Monferrato,Alessandria,C004,no,,
75000,FOGGIA,capoluogo di provincia,Foggia,Foggia,F067,no,0142A,0142A|1674|P230
58865,NOTARESCO,fermata,Mosciano Sant'angelo,Teramo,C211,no,,
58870,BELLANTE-RIPATTONE,fermata,Bellante,Teramo,C211,no,,
58875,CASTELLALTO-CANZANO,stazione,Teramo,Teramo,C211,no,,
73080,BOIANO,stazione,Bojano,Campobasso,C139,no,,
71340,LARINO,stazione,Larino,Campobasso,C230,no,,
71380,CASACALENDA-GUARDIALFIERA,stazione,Casacalenda,Campobasso,C230,no,,
73200,ISERNIA,capoluogo di provincia,Isernia,Isernia,C140,no,,P141
72791,SESTO CAMPANO,fermata,Sesto Campano,Isernia,F061,no,,
57585,PRATOLA PELIGNA SUPERIORE,fermata,Pratola Peligna,L'aquila,C231,no,,
71460,RIPABOTTONI-S.ELIA,stazione,Ripabottoni,Campobasso,C230,no,,
72600,CAMPOLIETO-MONACILIONE,stazione,Campolieto,Campobasso,C230,no,,
74680,CAMPOMARINO,stazione,Campomarino,Campobasso,F067,no,,
74920,S.SEVERO,stazione,San Severo,Foggia,F067,no,,
74720,CHIEUTI-SERRACAPRIOLA,stazione,Chieuti,Foggia,F067,no,,
75400,BISCEGLIE,stazione,Bisceglie,Bari,F069,no,,
75440,MOLFETTA,stazione,Molfetta,Bari,F069,no,,
74840,POGGIO IMPERIALE,fermata,Apricena,Foggia,F067,no,,
75520,BARI S.SPIRITO,stazione,Bari,Bari,F069,no,,0332B
75523,BARI PALESE MACCHIE,fermata,Bari,Bari,F069,no,,
75360,TRANI,stazione,Trani,Bari,F069,no,,
76740,MASSAFRA,fermata,Massafra,Taranto,C159,no,,
75480,GIOVINAZZO,stazione,Giovinazzo,Bari,F069,si,,
75525,BARI ZONA INDUSTRIALE,fermata,Bari,Bari,F069,no,,
76220,BRINDISI,capoluogo di provincia,Brindisi,Brindisi,C150,si,,P178|P227
76020,FASANO,stazione,Fasano,Brindisi,C150,no,,
76060,CISTERNINO,fermata,Fasano,Brindisi,C150,no,,
76100,OSTUNI,stazione,Ostuni,Brindisi,C150,no,,
76140,CAROVIGNO,fermata,Carovigno,Brindisi,C150,no,,
75900,POLIGNANO A MARE,stazione,Polignano A Mare,Bari,C150,no,,
75940,MONOPOLI,stazione,Monopoli,Bari,C150,no,,
75780,BARI TORRE A MARE,stazione,Bari,Bari,C150,no,,0149|0332A
75820,MOLA DI BARI,stazione,Mola Di Bari,Bari,C150,no,,
77800,ORDONA,stazione,Ordona,Foggia,C153,no,,
77840,ASCOLI SATRIANO,stazione,Ascoli Satriano,Foggia,C153,no,,
78000,MELFI,stazione,Melfi,Potenza,C154,no,,1674
78030,BARILE,fermata,Barile,Potenza,C154,no,,
78040,RIONERO-ATELLA-RIPACANDIDA,stazione,Rionero In Vulture,Potenza,C154,no,,
78080,FORENZA,stazione,Filiano,Potenza,C154,no,,
78083,FILIANO,fermata,Avigliano,Potenza,C154,no,,
77880,CANDELA-S.AGATA DI PUGLIA,stazione,Candela,Foggia,C153,no,,
78120,CASTEL LAGOPESOLE,stazione,Avigliano,Potenza,C154,no,,
78123,POSSIDENTE,fermata,Avigliano,Potenza,C154,no,,
78125,PIETRAGALLA,fermata,Avigliano,Potenza,C154,no,,
77265,TRIVIGNO,stazione,Trivigno,Potenza,C155,no,,
77267,ALBANO DI LUCANIA,fermata,Albano Di Lucania,Potenza,C155,no,,
78160,AVIGLIANO LUCANIA,stazione,Potenza,Potenza,C154,no,,
77320,GRASSANO-GARAGUSO-TRICARICO,stazione,Garaguso,Matera,C155,no,,
77360,SALANDRA-GROTTOLE,stazione,Salandra,Matera,C155,no,,
77400,FERRANDINA - SCALO MATERA,stazione,Ferrandina,Matera,C155,no,,
77440,PISTICCI,stazione,Pisticci,Matera,C155,no,,
77480,BERNALDA,stazione,Bernalda,Matera,C155,no,,
54600,PORTO D'ASCOLI,stazione,San Benedetto Del Tronto,Ascoli Piceno,F067,no,,
54640,ALBA ADRIATICA-NERETO-CONTROGUERRA,stazione,Alba Adriatica,Teramo,F067,no,,
93760,ISPICA,stazione,Ispica,Ragusa,C174,no,,
93720,POZZALLO,stazione,Pozzallo,Ragusa,C174,no,,
93400,COMISO,stazione,Comiso,Ragusa,C173,no,,
93800,ROSOLINI,stazione,Rosolini,Siracusa,C174,no,,
54320,CIVITANOVA MARCHE-MONTEGRANARO,stazione,Civitanova Marche,Macerata,F067,no,,
54360,PORTO S.ELPIDIO,stazione,Porto Sant'elpidio,Ascoli Piceno,F067,no,,
54560,S.BENEDETTO DEL TRONTO,stazione,San Benedetto Del Tronto,Ascoli Piceno,F067,no,,
78780,GROTTAGLIE,stazione,Grottaglie,Taranto,C157,no,,
75600,BARI CENTRALE,capoluogo di regione,Bari,Bari,F069,no,0149|P193|P237,
75640,MARCONI,fermata,Bari,Bari,C150,no,,
78980,MESAGNE,stazione,Mesagne,Brindisi,C157,no,,
78940,LATIANO,stazione,Latiano,Brindisi,C157,no,,
78900,ORIA,stazione,Oria,Brindisi,C157,no,,
78860,FRANCAVILLA FONTANA,stazione,Francavilla Fontana,Brindisi,C157,no,,
91740,MOZIA-BIRGI,stazione,Marsala,Trapani,C192,no,,
75300,BARLETTA,stazione,Barletta,Bari,F069,no,,I170
75060,INCORONATA,stazione,Foggia,Foggia,F069,si,,
91400,SALEMI-GIBELLINA,stazione,Salemi,Trapani,C192,no,,
53735,RIMINI MIRAMARE,fermata,Rimini,Rimini,F063,no,,
53740,RICCIONE,stazione,Riccione,Rimini,F063,no,,
40500,RIMINI,capoluogo di provincia,Rimini,Rimini,F063,no,,I071|P262B
53745,MISANO ADRIATICO,fermata,Misano Adriatico,Rimini,F063,no,,
53780,CATTOLICA-S.GIOVANNI GABICCE,stazione,Cattolica,Rimini,F063,no,,
53940,SENIGALLIA,stazione,Senigallia,Ancona,F063,no,,
53945,MARZOCCA,fermata,Senigallia,Ancona,F063,no,,
57580,RAIANO,stazione,Raiano,L'aquila,C231,no,,
53860,FANO,stazione,Fano,Pesaro E Urbino,F063,no,,
53900,MAROTTA-MONDOLFO,stazione,Mondolfo,Pesaro E Urbino,F063,no,,
53980,MONTEMARCIANO,stazione,Montemarciano,Ancona,F063,no,,
54020,FALCONARA MARITTIMA,stazione,Falconara Marittima,Ancona,F063,no,0297A,
54042,PALOMBINA,fermata,Ancona,Ancona,F063,no,,
54060,ANCONA,capoluogo di regione,Ancona,Ancona,F063,si,,I071
54120,VARANO,stazione,Ancona,Ancona,F067,no,,
54400,PORTO S.GIORGIO FERMO,stazione,Porto San Giorgio,Ascoli Piceno,F067,no,,
54760,PINETO-ATRI,stazione,Pineto,Teramo,F067,no,,
54800,SILVI,stazione,Silvi,Teramo,F067,no,,
87720,TAORMINA,stazione,Taormina,Messina,C169,no,,0249
58020,MONTECOSARO,stazione,Montecosaro,Macerata,C126,no,,
58060,MORROVALLE-MONTE S.GIUSTO,stazione,Morrovalle,Macerata,C126,no,,
55340,VASTO S.SALVO,stazione,Vasto,Chieti,F067,no,,0142A
56180,ALBACINA,stazione,Fabriano,Ancona,F065,no,,0298|I175|P147
58345,CERRETO D'ESI,fermata,Cerreto D'esi,Ancona,C126,no,,
58065,S.CLAUDIO,fermata,Corridonia,Macerata,C126,no,,
58260,S.SEVERINO MARCHE,stazione,San Severino Marche,Macerata,C126,no,,
58265,GAGLIOLE,fermata,Gagliole,Macerata,C126,no,,
58300,CASTELRAIMONDO-CAMERINO,stazione,Castelraimondo,Macerata,C126,no,,
58340,MATELICA,stazione,Matelica,Macerata,C126,no,,
58220,TOLENTINO,stazione,Tolentino,Macerata,C126,no,,
58145,URBISAGLIA-SFORZACOSTA,fermata,Macerata,Macerata,C126,no,,
58155,POLLENZA,fermata,Pollenza,Macerata,C126,no,,
58140,MACERATA,capoluogo di provincia,Macerata,Macerata,C126,no,,P147
58100,CORRIDONIA-MOGLIANO,stazione,Macerata,Macerata,C126,no,,
57675,TUORO SUL TRASIMENO,fermata,Tuoro Sul Trasimeno,Perugia,C127,no,,
57680,PASSIGNANO SUL TRASIMENO,stazione,Passignano Sul Trasimeno,Perugia,C127,no,,
57720,MAGIONE,stazione,Magione,Perugia,C127,no,,
57760,ELLERA-CORCIANO,stazione,Perugia,Perugia,C127,no,,
57840,PERUGIA PONTE S.GIOVANNI,stazione,Perugia,Perugia,C127,no,,
57800,PERUGIA,capoluogo di regione,Perugia,Perugia,C127,no,,0334|0810
57880,BASTIA,stazione,Bastia Umbra,Perugia,C127,no,,
57920,ASSISI,stazione,Assisi,Perugia,C127,no,,0334
57960,SPELLO,stazione,Spello,Perugia,C127,no,,
55820,FOLIGNO,stazione,Foligno,Perugia,F065,si,,0296|0334|0810
57420,FAGNANO-CAMPANA,stazione,Fagnano Alto,L'aquila,C231,no,,
57425,FONTECCHIO,fermata,Fontecchio,L'aquila,C231,no,,
57260,SASSA-TORNIMPARTE,stazione,L'aquila,L'aquila,C231,no,,
57300,L'AQUILA,capoluogo di regione,L'aquila,L'aquila,C231,no,,P210A|P210B
57340,PAGANICA,stazione,L'aquila,L'aquila,C231,no,,
57380,S.DEMETRIO DE' VESTINI,stazione,San Demetrio Ne' Vestini,L'aquila,C231,no,,
57500,BEFFI,stazione,Acciano,L'aquila,C231,no,,
57505,ACCIANO,fermata,Acciano,L'aquila,C231,no,,
57540,MOLINA-CASTELVECCHIO-SUBEQUO,stazione,Molina Aterno,L'aquila,C231,no,,
25180,CALDONAZZO,stazione,Caldonazzo,Trento,C232,no,,
53820,PESARO,capoluogo di provincia,Pesaro,Pesaro E Urbino,F063,no,,
87320,CONTESSE,stazione,Messina,Messina,C169,no,,
87325,TREMESTIERI,fermata,Messina,Messina,C169,no,,
87680,LETOJANNI,stazione,Letojanni,Messina,C169,no,,0249
87840,FIUMEFREDDO SICILIA,stazione,Fiumefreddo Di Sicilia,Catania,C169,no,,
87880,MASCALI,fermata,Mascali,Catania,C169,no,,
87640,S.ALESSIO SICULO-FORZA D'AGRO',fermata,Sant'alessio Siculo,Messina,C169,no,,
87920,GIARRE RIPOSTO,stazione,Giarre,Catania,C169,no,,
87960,CARRUBA,fermata,Riposto,Catania,C169,no,,
87965,GUARDIA-MANGANO-S.VENERINA,fermata,Acireale,Catania,C169,no,,
18903,S.GIULIANO PIACENTINO,fermata,Castelvetro Piacentino,Piacenza,C055,no,,
18940,VILLANOVA D'ARDA,stazione,Villanova Sull'arda,Piacenza,C055,no,,
18900,CASTELVETRO,stazione,Castelvetro Piacentino,Piacenza,C054,no,,
19200,CREMONA,capoluogo di provincia,Cremona,Cremona,C053,no,,1427|I095|I178A|I178B
65540,VELLETRI,stazione,Velletri,Roma,C135,no,,
62220,POMEZIA-S.PALOMBA,stazione,Pomezia,Roma,F057,si,,
62300,CISTERNA DI LATINA,stazione,Cisterna Di Latina,Latina,F057,no,,
62340,LATINA,capoluogo di provincia,Latina,Latina,F057,no,,
62180,TORRICOLA,stazione,Roma,Roma,N007,no,,
62380,SEZZE ROMANO,stazione,Sezze,Latina,F057,no,,
62460,MONTE S.BIAGIO - TERRACINA MARE,stazione,Monte San Biagio,Latina,F057,no,,
62500,FONDI-SPERLONGA,stazione,Fondi,Latina,F057,no,,
45460,FORTE DEI MARMI - SERRAVEZZA QUERCETA,stazione,Seravezza,Lucca,F045,no,,
45500,PIETRASANTA,stazione,Pietrasanta,Lucca,F045,no,,
45620,TORRE DEL LAGO PUCCINI,stazione,Viareggio,Lucca,F045,no,,
10440,ALBA,stazione,Alba,Cuneo,C206,no,,
11720,ARONA,stazione,Arona,Novara,F013,no,,0264A|0264B
30569,STAZIONE PER L'ALPAGO,fermata,Ponte Nelle Alpi,Belluno,C085,no,,
30573,S.CROCE DEL LAGO,stazione,Farra D'alpago,Belluno,C085,no,,
41440,FERRARA,capoluogo di provincia,Ferrara,Ferrara,F031,si,,
29620,PERAROLO DI CADORE,stazione,Perarolo Di Cadore,Belluno,C076,no,,
29580,CALALZO-PIEVE DI CADORE-CORTINA,stazione,Calalzo Di Cadore,Belluno,C076,no,,
88080,CATANIA CENTRALE,capoluogo di provincia,Catania,Catania,C169,no,,0115
88340,LENTINI,stazione,Lentini,Siracusa,C171,no,,
92380,SCORDIA,stazione,Scordia,Catania,C172,no,,
88500,AUGUSTA,stazione,Augusta,Siracusa,C171,no,,0271A|0271B|P251|P253
92460,MILITELLO,stazione,Militello In Val Di Catania,Catania,C172,no,,
88580,PRIOLO MELILLI,stazione,Priolo Gargallo,Siracusa,C171,no,,
88620,TARGIA,stazione,Siracusa,Siracusa,C171,no,,0115|0271B
92580,GRAMMICHELE,stazione,Grammichele,Catania,C172,no,,
92540,VIZZINI,stazione,Vizzini,Catania,C172,no,,
92620,CALTAGIRONE,stazione,Caltagirone,Catania,C172,no,,P232
88660,SIRACUSA,capoluogo di provincia,Siracusa,Siracusa,C171,no,,0115|0271A|0271B|0315|P074
86980,ALTAVILLA MILICIA,stazione,Altavilla Milicia,Palermo,C176,no,,
85742,TORREGROTTA,fermata,Torregrotta,Messina,C175,no,,
85780,PACE DEL MELA,stazione,Pace Del Mela,Messina,C175,si,,
85900,BARCELLONA-CASTROREALE,stazione,Barcellona Pozzo Di Gotto,Messina,C175,no,,
85940,TERME VIGLIATORE,fermata,Terme Vigliatore,Messina,C175,no,,
85725,SPADAFORA,fermata,Spadafora,Messina,C175,no,,
85860,MILAZZO,stazione,Milazzo,Messina,C175,no,,
85980,NOVARA-MONTALBANO-FURNARI,stazione,Terme Vigliatore,Messina,C175,no,,
86020,FALCONE,fermata,Falcone,Messina,C175,no,,
08940,BIELLA S.PAOLO,capoluogo di provincia,Biella,Biella,C199,no,,
08907,CANDELO,fermata,Candelo,Biella,C244,no,,
08900,SALUSSOLA,stazione,Salussola,Biella,C244,no,,
65189,S.FILIPPO NERI,fermata,Roma,Roma,N007,no,,
72360,FISCIANO,stazione,Fisciano,Salerno,C148,no,,
72400,BARONISSI,stazione,Baronissi,Salerno,C148,no,,
77100,METAPONTO,stazione,Bernalda,Matera,C155,no,,0100|0309|0310|0311A|0311B|P238|P238A|P238B
61280,ROMA S.PIETRO,stazione,Roma,Roma,N007,no,,
61200,ROMA AURELIA,stazione,Roma,Roma,N007,no,,
68515,GRICIGNANO,stazione,Gricignano Di Aversa,Caserta,A001,no,,
68545,MARCIANISE,fermata,Marcianise,Caserta,C137,no,,
68300,ALBANOVA,fermata,San Cipriano D'aversa,Caserta,F057,no,,
69700,TORRE ANNUNZIATA C.LE,stazione,Torre Annunziata,Napoli,F073,no,,
72160,MERCATO S.SEVERINO,stazione,Mercato San Severino,Salerno,C148,no,,
72840,NOCERA SUPERIORE,stazione,Nocera Superiore,Salerno,C146,no,,
72240,CODOLA,stazione,Castel San Giorgio,Salerno,C142,no,,
34220,GENOVA BOLZANETO,stazione,Genova,Genova,F019,no,,
38120,GENOVA BORZOLI - PES,stazione,Genova,Genova,N004,no,,
34360,GENOVA SAMPIERDARENA,stazione,Genova,Genova,N004,no,P234,
20900,VILLASANTA PARCO,stazione,Villasanta,Milano,C042,no,,
20860,MONZA SOBBORGHI,fermata,Monza,Milano,C042,no,,
12900,MONZA,capoluogo di provincia,Monza,Milano,N002,no,,0266
12940,SESTO S.GIOVANNI,stazione,Sesto San Giovanni,Milano,N002,no,,
97020,S.PIERO A SIEVE,stazione,San Piero A Sieve,Firenze,C112,no,,
97060,CAMPOMIGLIAIO,stazione,San Piero A Sieve,Firenze,C112,no,,
97100,VAGLIA,stazione,Vaglia,Firenze,C112,no,,
43740,CASALECCHIO GARIBALDI,stazione,Casalecchio Di Reno,Bologna,N005,no,,
54050,ANCONA TORRETTE,fermata,Ancona,Ancona,F063,no,,
57762,PERUGIA SILVESTRINI,fermata,Perugia,Perugia,C127,no,,
60433,FIDENE,fermata,Roma,Roma,N007,no,,
89270,CARINI TORRE CIACHEA,fermata,Carini,Palermo,C181,no,,
87005,CASTELDACCIA,fermata,Casteldaccia,Palermo,C176,no,,
09682,COSTIGLIOLE (MOTTA DI),fermata,Costigliole D'asti,Asti,C001,no,,
09684,ISOLA D'ASTI,fermata,Isola D'asti,Asti,C001,no,,
21320,ANZANO DEL PARCO,fermata,Anzano Del Parco,Como,C041,no,,
21323,BRENNA-ALZATE,fermata,Brenna,Como,C041,no,,
21360,CANTU',stazione,Cantù,Como,C041,no,,
06140,VILLADOSSOLA,stazione,Villadossola,Verbano-Cusio-Ossola,C029,si,,
06105,PALLANZENO,fermata,Pallanzeno,Verbano-Cusio-Ossola,C030,no,,
06103,PIEDIMULERA,fermata,Piedimulera,Verbano-Cusio-Ossola,C030,no,,
06000,GRAVELLONA TOCE,stazione,Gravellona Toce,Verbano-Cusio-Ossola,C033,no,,
05965,OMEGNA-CRUSINALLO,fermata,Omegna,Verbano-Cusio-Ossola,C033,no,,
06005,ORNAVASSO,fermata,Ornavasso,Verbano-Cusio-Ossola,C033,no,,
06100,PIEVE VERGONTE,stazione,Pieve Vergonte,Verbano-Cusio-Ossola,C030,si,,
21363,ALBATE-TRECALLO,fermata,Como,Como,C041,no,,
01400,SANTHIA',stazione,Santhià,Vercelli,F011,no,,
30523,FRATTE CENTRO,fermata,Santa Giustina In Colle,Padova,C090,no,,
28860,CITTADELLA,stazione,Cittadella,Padova,C086,si,,
30525,VILLA DEL CONTE,fermata,Villa Del Conte,Padova,C090,no,,
30545,ROSA',fermata,Rosà,Vicenza,C089,no,,
30543,ROSSANO VENETO,fermata,Rosà,Vicenza,C089,no,,
05300,RODALLO,stazione,Caluso,Torino,C002,no,,
05340,MONTANARO,stazione,Montanaro,Torino,C002,no,,
05185,MERCENASCO,fermata,Mercenasco,Torino,C002,no,,
05220,CANDIA CANAVESE,stazione,Candia Canavese,Torino,C002,no,,
05260,CALUSO,stazione,Caluso,Torino,C002,no,,
05180,STRAMBINO,stazione,Strambino,Torino,C002,no,,
05060,BORGOFRANCO,stazione,Borgofranco D'ivrea,Torino,C002,no,,
05140,IVREA,stazione,Ivrea,Torino,C002,no,,P123|P124|P257
04900,DONNAS,fermata,Donnas,Aosta,C002,no,,
04940,PONT-SAINT-MARTIN,stazione,Pont-Saint-Martin,Aosta,C002,no,,
04860,Hône-Bard,stazione,Hone,Aosta,C002,no,,
04660,NUS,stazione,Fenis,Aosta,C002,no,,
04820,Verrès,stazione,Verres,Aosta,C002,no,,
04740,Châtillon-Saint-Vincent,stazione,Chatillon,Aosta,C002,no,,
05460,BORGOMANERO,stazione,Borgomanero,Novara,C033,no,,
05925,PETTENASCO,fermata,Pettenasco,Novara,C033,no,,
05920,ORTA-MIASINO,stazione,Orta San Giulio,Novara,C033,no,,
05960,OMEGNA,stazione,Omegna,Verbano-Cusio-Ossola,C033,no,,
05885,BOLZANO NOVARESE,fermata,Bolzano Novarese,Novara,C033,no,,
05880,GOZZANO,stazione,Gozzano,Novara,C033,no,,
04580,AOSTA,capoluogo di regione,Aosta,Aosta,C002,no,,0333|P123|P257
21275,CASLETTO-ROGENO,fermata,Rogeno,Lecco,C041,no,,
21200,OGGIONO,stazione,Oggiono,Lecco,C043,no,,
21123,SALA AL BARRO-GALBIATE,fermata,Galbiate,Lecco,C043,no,,
21120,VALMADRERA,stazione,Valmadrera,Lecco,C043,no,,
21125,CIVATE,fermata,Galbiate,Lecco,C043,no,,
21277,MOIANA,fermata,Merone,Como,C041,no,,
11400,PREMOSELLO-CHIOVENDA,stazione,Premosello-Chiovenda,Verbano-Cusio-Ossola,F013,no,,
08620,PINEROLO,stazione,Pinerolo,Torino,C008,no,,
66120,MONTEFIASCONE,stazione,Montefiascone,Viterbo,C196,no,,
82760,CRUCOLI,stazione,Crucoli,Crotone,C161,no,,
88860,CANICATTI',stazione,Canicattì,Agrigento,C201,no,,
91440,CASTELVETRANO,stazione,Castelvetrano,Trapani,C192,no,,0314
81080,GIOIA TAURO,stazione,Gioia Tauro,Reggio Di Calabria,F077,no,,I107B
93920,AVOLA,stazione,Avola,Siracusa,C174,no,,
93880,NOTO,stazione,Noto,Siracusa,C174,no,,
93600,MODICA,stazione,Modica,Ragusa,C173,no,,
93640,SCICLI,stazione,Scicli,Ragusa,C174,no,,
93520,RAGUSA,capoluogo di provincia,Ragusa,Ragusa,C173,no,P201,0315
93440,DONNAFUGATA,stazione,Ragusa,Ragusa,C173,no,,
92980,CAMPOBELLO-RAVANUSA,stazione,Campobello Di Licata,Agrigento,C210,no,,
93100,LICATA,stazione,Licata,Agrigento,C210,no,,
93680,SAMPIERI,stazione,Scicli,Ragusa,C174,no,,
12980,MILANO GRECO PIRELLI,stazione,Milano,Milano,N002,no,,
32920,VILLA OPICINA,stazione,Trieste,Trieste,F035,si,1604A,1310
67640,CANCELLO,stazione,San Felice A Cancello,Caserta,F061,no,,0279A|0284
86180,GIOJOSA MAREA,stazione,Gioiosa Marea,Messina,C175,no,,
86100,PATTI-S.PIERO PATTI,stazione,Patti,Messina,C175,no,,
86060,OLIVERI-TINDARI,stazione,Oliveri,Messina,C175,no,,
96060,VILLAMASSARGIA-DOMUSNOVAS,stazione,Villamassargia,Carbonia-Iglesias,C189,no,,
94980,BONORVA,stazione,Bonorva,Sassari,C187,no,,0313B
95500,OLBIA,stazione,Olbia,Olbia-Tempio,C185,no,,0313A|0313B|1524|1670|P249
95425,SU CANALE,fermata,Monti,Olbia-Tempio,C185,no,,
95380,MONTI-TELTI,stazione,Monti,Olbia-Tempio,C185,no,,
95260,OSCHIRI,stazione,Oschiri,Olbia-Tempio,C185,no,,
95020,GIAVE,fermata,Giave,Sassari,C187,no,,
95300,BERCHIDDA,stazione,Berchidda,Olbia-Tempio,C185,no,,
95140,OZIERI-CHILIVANI,stazione,Ozieri,Sassari,C185,no,,P254
95990,PORTO TORRES MARITTIMA,fermata,Porto Torres,Sassari,C241,no,,
95960,PORTO TORRES,stazione,Porto Torres,Sassari,C241,no,,
95760,PLOAGHE,stazione,Ploaghe,Sassari,C186,no,,
95640,GOLFO ARANCI STAZIONE,stazione,Golfo Aranci,Olbia-Tempio,C237,no,P201,
94860,MACOMER,stazione,Macomer,Nuoro,C187,no,,0313B
95510,MARINELLA,fermata,Golfo Aranci,Olbia-Tempio,C237,no,,
95505,RUDALZA,fermata,Golfo Aranci,Olbia-Tempio,C237,no,,
95515,CALA SABINA,fermata,Golfo Aranci,Olbia-Tempio,C237,no,,
94500,MARRUBIU-TERRALBA-ARBOREA,stazione,Marrubiu,Oristano,C187,no,,
94380,S.GAVINO,stazione,San Gavino Monreale,Medio Campidano,C187,no,,
94460,URAS-MOGORO,stazione,Uras,Oristano,C187,no,,
94740,ABBASANTA,stazione,Abbasanta,Oristano,C187,no,,1524
94700,PAULILATINO,stazione,Paulilatino,Oristano,C187,no,,
94780,BORORE,stazione,Borore,Nuoro,C187,no,,
94620,SOLARUSSA,stazione,Solarussa,Oristano,C187,no,,
94580,ORISTANO,capoluogo di provincia,Oristano,Oristano,C187,no,,1524|1670|P254|P254A
94300,SAMASSI-SERRENTI,stazione,Samassi,Medio Campidano,C187,no,,
94260,SERRAMANNA-NURAMINIS,stazione,Serramanna,Medio Campidano,C187,no,,
94145,ASSEMINI,fermata,Assemini,Cagliari,C188,no,,
94140,CAGLIARI ELMAS,stazione,Elmas,Cagliari,C188,no,,
94220,VILLASOR,stazione,Villasor,Cagliari,C187,no,,
94180,DECIMOMANNU,stazione,Decimomannu,Cagliari,C187,no,,1670|P248
96020,SILIQUA,stazione,Siliqua,Cagliari,C189,no,,
20820,PORTO CERESIO,stazione,Porto Ceresio,Varese,C049,no,,
20785,BISUSCHIO-VIGGIU',fermata,Bisuschio,Varese,C049,no,,
20775,INDUNO,fermata,Induno Olona,Varese,C049,no,,
20780,ARCISATE,fermata,Arcisate,Varese,C049,no,,0267
55780,TREVI,stazione,Trevi,Perugia,F065,no,,
56220,GENGA-S.VITTORE TERME,stazione,Genga,Ancona,F065,no,0298,
55700,SPOLETO,stazione,Spoleto,Perugia,F065,no,,0226
66040,SIPICCIANO,stazione,Graffignano,Viterbo,C196,no,,
66043,SIPICCIANO-S.NICOLA,fermata,Graffignano,Viterbo,C196,no,,
55475,S.LIBERATO,fermata,Narni,Terni,F065,no,,
55660,BAIANO DI SPOLETO,stazione,Spoleto,Perugia,F065,no,,
56120,FABRIANO,stazione,Fabriano,Ancona,F065,no,,0296
56260,SERRA S.QUIRICO,stazione,Serra San Quirico,Ancona,F065,no,,
56345,PANTIERE DI CASTELBELLINO,fermata,Castelbellino,Ancona,F065,no,,
56340,MONTECAROTTO-CASTELBELLINO,fermata,Castelbellino,Ancona,F065,no,,
56420,CHIARAVALLE,fermata,Chiaravalle,Ancona,F065,no,,
56380,JESI,stazione,Jesi,Ancona,F065,si,,
56300,CASTELPLANIO-CUPRAMONTANA,stazione,Castelplanio,Ancona,F065,no,,
56421,CASTELFERRETTI - FALCONARA AEROPORTO DELLE MARCHE,fermata,Falconara Marittima,Ancona,F065,no,,
56040,FOSSATO DI VICO-GUBBIO,stazione,Fossato Di Vico,Perugia,F065,no,,
56000,GUALDO TADINO,stazione,Gualdo Tadino,Perugia,F065,no,,
55960,GAIFANA,stazione,Gualdo Tadino,Perugia,F065,no,,
55920,NOCERA UMBRA,stazione,Nocera Umbra,Perugia,F065,no,,
55520,NARNI-AMELIA,stazione,Narni,Terni,F065,no,,
55480,NERA MONTORO,stazione,Narni,Terni,F065,no,,
55740,CAMPELLO SUL CLITUNNO,stazione,Campello Sul Clitunno,Perugia,F065,no,,
66080,GROTTE S.STEFANO,stazione,Viterbo,Viterbo,C196,no,,
97220,FIESOLE-CALDINE,stazione,Fiesole,Firenze,C112,no,,
97223,PIAN Di MUGNONE,fermata,Fiesole,Firenze,C112,no,,
61380,ROMA TUSCOLANA,stazione,Roma,Roma,N007,no,P053,
61320,ROMA OSTIENSE,stazione,Roma,Roma,N007,no,,
21900,VERONA PORTA NUOVA,capoluogo di provincia,Verona,Verona,F023,no,P222,
14779,MILANO CENTRALE,capoluogo di regione,Milano,Milano,N002,no,P054,
15180,MILANO S.CRISTOFORO,stazione,Milano,Milano,N002,no,,0049A
36800,GENOVA PIAZZA PRINCIPE,capoluogo di regione,Genova,Genova,N004,no,,
72930,DUOMO-VIA VERNIERI,fermata,Salerno,Salerno,C146,no,,
42700,BOLOGNA CENTRALE,capoluogo di regione,Bologna,Bologna,N005,no,,
32320,GORIZIA CENTRALE,capoluogo di provincia,Gorizia,Gorizia,F039,si,,
60463,NUOVO SALARIO,fermata,Roma,Roma,N007,no,,
97263,LE CURE (IL CIONFO),fermata,Firenze,Firenze,N006,no,,
47540,FIRENZE CAMPO DI MARTE,stazione,Firenze,Firenze,N006,no,,
37145,GENOVA P.P. SOTTERRANEA,fermata,Genova,Genova,N004,no,,
96140,IGLESIAS,stazione,Iglesias,Carbonia-Iglesias,C190,no,,1670
08700,SUSA,fermata,Susa,Torino,C246,no,,
00400,BUSSOLENO,stazione,Bussoleno,Torino,F001,si,,0241B|P215
27040,PADOVA,capoluogo di provincia,Padova,Padova,F025,no,,0362A|0362B|I135|I184
27300,VENEZIA MESTRE,stazione,Venezia,Venezia,N003,no,P237,I131
30320,CAMPODARSEGO,fermata,Campodarsego,Padova,C081,no,,
30280,S.GIORGIO DELLE PERTICHE,fermata,San Giorgio Delle Pertiche,Padova,C081,no,,
63420,AVEZZANO,stazione,Avezzano,L'aquila,C131,si,,P240A
56480,PRATOLA PELIGNA,stazione,Pratola Peligna,L'aquila,C125,no,,P240A
90660,VILLALBA,stazione,Villalba,Caltanissetta,C177,no,,
90620,VALLELUNGA,stazione,Vallelunga Pratameno,Caltanissetta,C177,no,0275A,
90605,VALLEDOLMO,fermata,Sclafani Bagni,Palermo,C177,no,,
90420,CERDA,stazione,Termini Imerese,Palermo,C180,no,0275A,
90500,MONTEMAGGIORE BELSITO,stazione,Caccamo,Palermo,C180,no,,
72000,AVELLINO,capoluogo di provincia,Avellino,Avellino,C197,no,,I173
66305,RIDOTTI-COLLEPIANO,fermata,Balsorano,L'aquila,C133,no,,
66303,COMPRE S.VINCENZO,fermata,Sora,Frosinone,C133,no,,
66300,SORA,stazione,Sora,Frosinone,C133,no,,
66340,BALSORANO,stazione,Balsorano,L'aquila,C133,no,,
66345,ROCCAVIVI,fermata,San Vincenzo Valle Roveto,L'aquila,C133,no,,
63700,GORIANO-SICOLI,fermata,Goriano Sicoli,L'aquila,C131,no,,
63660,COCULLO,stazione,Cocullo,L'aquila,C131,no,,
63620,CARRITO-ORTONA,stazione,Ortona Dei Marsi,L'aquila,C131,no,,
63460,CELANO-OVINDOLI,stazione,Celano,L'aquila,C131,no,,
63340,SCURCOLA MARSICANA,stazione,Scurcola Marsicana,L'aquila,C132,no,,
63303,VILLA S.SEBASTIANO,fermata,Tagliacozzo,L'aquila,C132,no,,
63220,COLLI DI MONTE BOVE,fermata,Carsoli,L'aquila,C132,no,,
63180,CARSOLI,stazione,Carsoli,L'aquila,C132,no,,
63300,TAGLIACOZZO,stazione,Tagliacozzo,L'aquila,C132,no,,P240A|P240B
68441,S.ANTIMO-S.ARPINO,fermata,Sant'antimo,Napoli,F057,no,,
68435,FRATTAMAGGIORE-GRUMO,fermata,Frattamaggiore,Napoli,N008,no,,
68405,CASORIA,stazione,Casoria,Napoli,N008,no,,0013A
72211,LANZARA-FIMIANI,fermata,Castel San Giorgio,Salerno,C216,no,,
72171,VALLE DI MERCATO S.SEVERINO,fermata,Mercato San Severino,Salerno,C216,no,,
72200,CASTEL S.GIORGIO-ROCCAPIEMONTE,fermata,Castel San Giorgio,Salerno,C216,no,,
72120,MONTORO FORINO,stazione,Montoro Inferiore,Avellino,C215,no,,
72040,SERINO,stazione,Serino,Avellino,C215,no,,
72070,SOLOFRA,stazione,Solofra,Avellino,C215,no,,
71891,TUFO,fermata,Tufo,Avellino,C197,no,,
71960,PRATA PRATOLA,stazione,Prata Di Principato Ultra,Avellino,C197,no,,
71840,CHIANCHE CEPPALONI,stazione,Chianche,Avellino,C197,no,,
71880,ALTAVILLA IRPINA,stazione,Altavilla Irpina,Avellino,C197,no,,
44783,S.AGATA SUL SANTERNO,fermata,Sant'agata Sul Santerno,Ravenna,C105,no,,
41880,LUGO,stazione,Lugo,Ravenna,C104,si,,
44885,COTIGNOLA,fermata,Cotignola,Ravenna,C104,no,,
44680,GRANAROLO FAENTINO,stazione,Faenza,Ravenna,C103,no,,
66500,CAPISTRELLO,stazione,Capistrello,L'aquila,C133,no,,
41960,RUSSI,stazione,Russi,Ravenna,C107,si,,
71795,BENEVENTO ARCO TRAIANO,fermata,Benevento,Benevento,C197,no,,
09609,SAIRANO,fermata,Zinasco,Pavia,C028,no,,
09607,SAIRANO ZINASCO,fermata,Zinasco,Pavia,C028,no,,
09605,ZINASCO NUOVO,fermata,Zinasco,Pavia,C028,no,,
09525,FERRERA LOMELLINA,fermata,Ferrera Erbognone,Pavia,C028,no,,
09600,SANNAZZARO,stazione,Sannazzaro De' Burgondi,Pavia,C028,si,,
65815,VILLA BONELLI,fermata,Roma,Roma,N007,no,,
65840,MAGLIANA,fermata,Roma,Roma,N007,no,,
65843,MURATELLA,fermata,Roma,Roma,N007,no,,
63060,ROVIANO,stazione,Roviano,Roma,C132,no,,
63020,VALLE DELL'ANIENE-MANDELA-SAMBUCI,stazione,Vicovaro,Roma,C132,no,,
63140,ORICOLA-PERETO,fermata,Oricola,L'aquila,C132,no,,
63100,ARSOLI,fermata,Arsoli,Roma,C132,no,,
62983,VICOVARO,fermata,Vicovaro,Roma,C132,no,,
66220,ARPINO,stazione,Arpino,Frosinone,C133,no,,
66187,SANTOPADRE,fermata,Arpino,Frosinone,C133,no,,
66183,FONTANA LIRI INFERIORE,fermata,Fontana Liri,Frosinone,C133,no,,
66180,ARCE,stazione,Arce,Frosinone,C133,no,,
66185,FONTANA LIRI,fermata,Fontana Liri,Frosinone,C133,no,,
66260,ISOLA LIRI,fermata,Isola Del Liri,Frosinone,C133,no,,
66177,COLFELICE,fermata,Colfelice,Frosinone,C133,no,,
53290,RIGOLI,stazione,San Giuliano Terme,Pisa,C117,no,,
53345,S.GIULIANO TERME,stazione,San Giuliano Terme,Pisa,C117,no,,
24980,TERLANO-ANDRIANO,stazione,Terlano,Bolzano,C068,no,,
24985,SETTEQUERCE,fermata,Terlano,Bolzano,C068,no,,
24860,MERANO-MAIA BASSA,stazione,Merano,Bolzano,C068,no,,
24900,LANA POSTAL,stazione,Postal,Bolzano,C068,no,,
24940,VILPIANO-NALLES,stazione,Terlano,Bolzano,C068,no,,
09603,PIEVE ALBIGNOLA,fermata,Pieve Albignola,Pavia,C028,no,,
09520,LOMELLO,stazione,Lomello,Pavia,C028,no,,
09517,MEDE,fermata,Mede,Pavia,C028,no,,
16400,TREVIGLIO OVEST,fermata,Treviglio,Bergamo,C050,no,,
13220,TREVIGLIO,stazione,Treviglio,Bergamo,F023,no,,0325
24740,VANDOIES,stazione,Vandoies,Bolzano,C067,no,,
24780,RIO DI PUSTERIA,stazione,Rodengo,Bolzano,C067,no,,
24540,VILLABASSA-BRAIES-VAL DI BRAIES,stazione,Villabassa,Bolzano,C067,no,,
24500,DOBBIACO,stazione,Dobbiaco,Bolzano,C067,no,,
24620,VALDAORA-ANTERSELVA,stazione,Valdaora,Bolzano,C067,no,,
24580,MONGUELFO,stazione,Monguelfo,Bolzano,C067,no,,
24460,S.CANDIDO,stazione,San Candido,Bolzano,C067,no,,
25020,PONTE D'ADIGE,stazione,Bolzano,Bolzano,C068,no,,
05740,CALTIGNAGA,stazione,Caltignaga,Novara,C034,no,,
06740,CANDIA LOMELLINA,fermata,Candia Lomellina,Pavia,C218,no,,
05820,CRESSA-FONTANETO,fermata,Cressa,Novara,C034,no,,
05790,SUNO,fermata,Suno,Novara,C034,no,,
05785,VAPRIO D'AGOGNA,fermata,Vaprio D'agogna,Novara,C034,no,,
05780,MOMO,stazione,Momo,Novara,C034,no,,
58755,MONTEPRANDONE,fermata,Monteprandone,Ascoli Piceno,C124,no,,
66463,CANISTRO,fermata,Canistro,L'aquila,C133,no,,
66460,CIVITELLA ROVETO,stazione,Civitella Roveto,L'aquila,C133,no,,
66420,CIVITA D'ANTINO-MORINO,stazione,Civita D'antino,L'aquila,C133,no,,
66385,MORREA-CASTRONOVO-RENDINARA,fermata,San Vincenzo Valle Roveto,L'aquila,C133,no,,
66380,S.VINCENZO VALLE ROVETO,fermata,San Vincenzo Valle Roveto,L'aquila,C133,no,,
58745,SPINETOLI COLLI,fermata,Spinetoli,Ascoli Piceno,C124,no,,
58740,OFFIDA CASTEL DI LAMA,stazione,Ascoli Piceno,Ascoli Piceno,C124,no,,
58705,S.FILIPPO,fermata,Ascoli Piceno,Ascoli Piceno,C124,no,,
58710,MARINO DEL TRONTO-FOLIGNATO,fermata,Ascoli Piceno,Ascoli Piceno,C124,no,,
58715,MALTIGNANO,fermata,Ascoli Piceno,Ascoli Piceno,C124,no,,
66467,CUPONE,fermata,Capistrello,L'aquila,C133,no,,
66465,PESCOCANALE,fermata,Capistrello,L'aquila,C133,no,,
44740,CONSELICE,stazione,Conselice,Ravenna,C105,no,,
44750,S.PATRIZIO,fermata,Conselice,Ravenna,C105,no,,
43180,LAVEZZOLA,stazione,Conselice,Ravenna,C100,no,,
77020,CASTELLANETA MARINA,stazione,Castellaneta,Taranto,C156,no,,
77060,GINOSA,stazione,Ginosa,Taranto,C156,no,,
76980,PALAGIANO-CHIATONA,stazione,Massafra,Taranto,C156,no,,
58700,ASCOLI PICENO,capoluogo di provincia,Ascoli Piceno,Ascoli Piceno,C124,no,,
56760,CHIETI,capoluogo di provincia,Chieti,Chieti,C125,si,,0307A
56720,MANOPPELLO,stazione,Manoppello,Pescara,C125,no,,P240A
56680,ALANNO,fermata,Alanno,Pescara,C125,no,,
56640,SCAFA S.VALENTINO-CARAMANICO TERME,stazione,Scafa,Pescara,C125,no,,
56605,PIANO D'ORTA BOLOGNANO,fermata,Scafa,Pescara,C125,no,,
56600,TORRE DEI PASSERI,stazione,Torre De' Passeri,Pescara,C125,no,,
56560,BUSSI,stazione,Bussi Sul Tirino,Pescara,C125,no,,
56520,POPOLI-VITTORITO,stazione,Popoli,Pescara,C125,no,,
24820,MERANO,stazione,Merano,Bolzano,C068,no,,P136|P188
62900,MARCELLINA PALOMBARA,stazione,Marcellina,Roma,C132,no,,
62940,TIVOLI,stazione,Tivoli,Roma,C132,no,,0260
62860,GUIDONIA-MONTECELIO-S.ANGELO,stazione,Guidonia Montecelio,Roma,N007,no,,
62980,CASTEL MADAMA,stazione,Castel Madama,Roma,C132,no,,
62820,BAGNI DI TIVOLI,stazione,Tivoli,Roma,N007,no,,0260
22560,FORTEZZA,stazione,Fortezza,Bolzano,F027,no,A004,0292A
24700,CASTELDARNE,stazione,Chienes,Bolzano,C067,no,,
44780,MASSALOMBARDA,stazione,Massa Lombarda,Ravenna,C105,no,,
90940,LEONFORTE PIRATO,stazione,Leonforte,Enna,C178,no,,
90980,DITTAINO,stazione,Assoro,Enna,C178,no,0275A,0275A
90900,ENNA,capoluogo di provincia,Enna,Enna,C178,no,,
91100,CATENANUOVA-CENTURIPE,stazione,Catenanuova,Enna,C178,no,,
90860,VILLAROSA,stazione,Villarosa,Enna,C178,no,,
72241,NOCERA INFERIORE MERCATO,fermata,Nocera Inferiore,Salerno,C145,no,,
24924,GARGAZZONE,stazione,Gargazzone,Bolzano,C068,no,,
63920,ROMA TERMINI,capoluogo di regione,Roma,Roma,N007,no,,
62660,ROMA PRENESTINA,stazione,Roma,Roma,N007,no,,
41656,FUNO CENTERGROSS,fermata,Argelato,Bologna,N005,no,,
50260,AULLA LUNIGIANA,stazione,Aulla,Massa-Carrara,F047,no,,
16554,MILANO LANCETTI,stazione,Milano,Milano,N002,no,,
12270,MILANO PORTA GARIBALDI,stazione,Milano,Milano,N002,no,,
25025,BOLZANO CASANOVA,fermata,Bolzano,Bolzano,C068,no,,
12860,LISSONE-MUGGIO',fermata,Lissone,Milano,N002,no,,
59520,ROMA TIBURTINA,stazione,Roma,Roma,N007,no,,
41660,CASTELMAGGIORE,stazione,Castel Maggiore,Bologna,N005,no,,
34020,RIGOROSO,fermata,Arquata Scrivia,Alessandria,F019,no,,
34030,PIETRABISSARA,fermata,Isola Del Cantone,Genova,F019,no,,
34040,ISOLA DEL CANTONE,fermata,Isola Del Cantone,Genova,F019,no,,
34000,ARQUATA SCRIVIA,stazione,Arquata Scrivia,Alessandria,F003,si,,
03200,VALENZA,stazione,Valenza,Alessandria,C006,no,,
10900,BUSCA,stazione,Busca,Cuneo,C243,si,,
04540,CENGIO,stazione,Cengio,Savona,C014,no,,
03160,TORREBERETTI,stazione,Torre Beretti E Castellaro,Pavia,C026,no,,
01520,VERCELLI,capoluogo di provincia,Vercelli,Vercelli,F011,si,,
40465,RIMINIFIERA,fermata,Rimini,Rimini,F063,no,,
02440,TORINO PORTA NUOVA,capoluogo di regione,Torino,Torino,N001,no,P217,
01820,TORINO LINGOTTO,stazione,Torino,Torino,N001,no,,
01860,MONCALIERI,stazione,Moncalieri,Torino,N001,no,,
01900,TROFARELLO,stazione,Trofarello,Torino,N001,no,,
51527,PRATO PORTA AL SERRAGLIO,fermata,Prato,Prato,C118,no,,
44920,PRATO CENTRALE,capoluogo di provincia,Prato,Prato,F043,si,,
89317,ORSA,fermata,Cinisi,Palermo,C181,no,,
89320,PALERMO AEROPORTO,stazione,Cinisi,Palermo,C181,no,,
81385,REGGIO DI CALABRIA LIDO,fermata,Reggio Di Calabria,Reggio Di Calabria,F077,no,,
13940,CODOGNO,stazione,Codogno,Lodi,F041,no,,1427|I178A|I178B
13773,S.ZENONE AL LAMBRO,fermata,San Zenone Al Lambro,Milano,F041,no,,
13780,TAVAZZANO,stazione,Tavazzano Con Villavesco,Lodi,F041,si,,I181
13820,LODI,capoluogo di provincia,Lodi,Lodi,F041,no,,
13860,SECUGNAGO,stazione,Secugnago,Lodi,F041,no,,
13943,S.STEFANO LODIGIANO,fermata,Santo Stefano Lodigiano,Lodi,F041,no,,
38880,REGGIO EMILIA,capoluogo di provincia,Reggio Nell'emilia,Reggio Nell'emilia,F041,no,,
38920,RUBIERA,stazione,Rubiera,Reggio Nell'emilia,F041,si,,
38460,PIACENZA,capoluogo di provincia,Piacenza,Piacenza,F021,si,,
38500,PONTENURE,stazione,Pontenure,Piacenza,F041,no,,
38700,CASTELGUELFO,stazione,Fontevivo,Parma,F041,si,,
38800,S.ILARIO D'ENZA,stazione,Sant'ilario D'enza,Reggio Nell'emilia,F041,si,,
40120,IMOLA,stazione,Imola,Bologna,F063,no,,
40080,CASTEL S.PIETRO TERME,stazione,Castel San Pietro Terme,Bologna,F063,no,P112,
41840,SOLAROLO,stazione,Solarolo,Ravenna,C106,no,,
41870,BARBIANO,fermata,Cotignola,Ravenna,C106,no,,
12305,CORBETTA-S.STEFANO TICINO,fermata,Santo Stefano Ticino,Milano,F011,no,,
12300,MAGENTA,stazione,Magenta,Milano,F011,no,,
12340,VITTUONE-ARLUNO,stazione,Vittuone,Milano,F011,si,,
01760,TRECATE,stazione,Trecate,Novara,F011,si,,
41920,BAGNACAVALLO,stazione,Bagnacavallo,Ravenna,C107,no,,
38960,MODENA,capoluogo di provincia,Modena,Modena,F041,si,,0243
39000,CASTELFRANCO EMILIA,stazione,Castelfranco Emilia,Modena,F041,no,,
40008,OZZANO DELL' EMILIA,fermata,Ozzano Dell'emilia,Bologna,F063,no,,
40040,VARIGNANA,fermata,Castel San Pietro Terme,Bologna,F063,no,,
12420,MILANO CERTOSA,stazione,Milano,Milano,N002,no,P054,
03120,SARTIRANA,fermata,Sartirana Lomellina,Pavia,C026,no,,
03205,VALMADONNA,fermata,Alessandria,Alessandria,C007,no,,
03000,BORGO LAVEZZARO,stazione,Borgolavezzaro,Novara,C025,no,,
03005,ALBONESE,fermata,Albonese,Pavia,C025,no,,
02960,VESPOLATE,stazione,Vespolate,Novara,C025,no,,
03067,OLEVANO,fermata,Olevano Di Lomellina,Pavia,C026,no,,
03080,VALLE LOMELLINA,stazione,Valle Lomellina,Pavia,C026,no,,
21580,PONTE S.MARCO-CALCINATO,fermata,Calcinato,Brescia,F023,no,,
21620,LONATO,stazione,Lonato Del Garda,Brescia,F023,si,,
13580,BRESCIA,capoluogo di provincia,Brescia,Brescia,F023,si,,0325|0361|I182|P256
21660,DESENZANO-SIRMIONE,stazione,Desenzano Del Garda,Brescia,F023,no,,
21740,PESCHIERA DEL GARDA,stazione,Peschiera Del Garda,Verona,F023,no,,
13500,OSPITALETTO-TRAVAGLIATO,stazione,Ospitaletto,Brescia,F023,si,,
22400,COLLE ISARCO,stazione,Brennero,Bolzano,F027,no,,
22440,VIPITENO VAL DI VIZZE,stazione,Val Di Vizze,Bolzano,F027,no,,
22860,BOLZANO,capoluogo di provincia,Bolzano,Bolzano,F027,si,P136,0292C|P136|P188
23080,MEZZOCORONA,stazione,Mezzocorona,Trento,F027,no,,
23120,LAVIS,fermata,Lavis,Trento,F027,no,,
22920,BRONZOLO,stazione,Bronzolo,Bolzano,F027,no,,
22960,ORA,fermata,Ora,Bolzano,F027,no,,
23300,ROVERETO,stazione,Rovereto,Trento,F027,no,,0337B
23340,MORI,fermata,Rovereto,Trento,F027,no,,
23380,ALA,stazione,Ala,Trento,F027,no,,
23385,AVIO,fermata,Avio,Trento,F027,no,,
23387,BORGHETTO SULL'ADIGE,fermata,Avio,Trento,F027,no,,
23420,PERI,stazione,Dolcè,Verona,F027,no,,
23460,P.C. DOLCE',fermata,Dolcè,Verona,F027,no,,
13260,VIDALENGO,fermata,Caravaggio,Bergamo,F023,no,,
13300,MORENGO-BARIANO,fermata,Bariano,Bergamo,F023,no,,
13380,CALCIO,fermata,Cividate Al Piano,Bergamo,F023,no,,
13340,ROMANO,stazione,Romano Di Lombardia,Bergamo,F023,no,,
13420,CHIARI,fermata,Chiari,Brescia,F023,no,,
23500,DOMEGLIARA,stazione,Sant'ambrogio Di Valpolicella,Verona,F027,si,,
23160,TRENTO,capoluogo di regione,Trento,Trento,F027,no,,0337A|P128
13060,PIOLTELLO-LIMITO,stazione,Pioltello,Milano,N002,no,,
22865,LAIVES,fermata,Laives,Bolzano,F027,no,,
22620,BRESSANONE,stazione,Bressanone,Bolzano,F027,no,,I172
14160,CERTOSA DI PAVIA,stazione,Giussago,Pavia,F005,no,,
14300,SAN MARTINO SICCOMARIO-CAVA MANARA,stazione,Cava Manara,Pavia,F005,si,,
14380,PIZZALE LUNGAVILLA,stazione,Pizzale,Pavia,F005,no,,
16740,VOGHERA,stazione,Voghera,Pavia,F005,no,,0286A|0286B
13700,MILANO ROGOREDO,stazione,Milano,Milano,N002,no,,0335
14080,LOCATE TRIULZI,stazione,Locate Di Triulzi,Milano,F005,no,,
35700,ALBISOLA,fermata,Albisola Superiore,Savona,F007,no,,
35820,ARENZANO,fermata,Arenzano,Genova,F007,no,,
35780,COGOLETO,stazione,Cogoleto,Genova,F007,no,,
35740,VARAZZE,stazione,Varazze,Savona,F007,no,,
35940,GENOVA SESTRI PONENTE AEROPORTO,stazione,Genova,Genova,N004,si,,
35945,GENOVA CORNIGLIANO,fermata,Genova,Genova,N004,no,P129,
34780,VALLECROSIA,fermata,Camporosso,Imperia,F009,no,,
34820,BORDIGHERA,stazione,Bordighera,Imperia,F009,no,,
35240,LAIGUEGLIA,fermata,Laigueglia,Savona,F009,no,,
35300,ALASSIO,stazione,Alassio,Savona,F009,no,,
35380,CERIALE,fermata,Ceriale,Savona,F009,no,,
35340,ALBENGA,stazione,Albenga,Savona,F009,no,,
35400,BORGHETTO S.SPIRITO,fermata,Borghetto Santo Spirito,Savona,F009,no,,
35460,PIETRA LIGURE,stazione,Pietra Ligure,Savona,F009,no,,
35420,LOANO,stazione,Loano,Savona,F009,no,,
35540,FINALE LIGURE MARINA,stazione,Finale Ligure,Savona,F009,no,,
35500,BORGIO VEREZZI,fermata,Borgio Verezzi,Savona,F009,no,,
35585,QUILIANO-VADO LIGURE,fermata,Quiliano,Savona,F009,no,,
35580,SPOTORNO-NOLI,stazione,Spotorno,Savona,F009,no,,
34900,SAN REMO,fermata,Sanremo,Imperia,F009,no,,
35860,GENOVA VOLTRI,stazione,Genova,Genova,N004,no,P234,
35900,GENOVA PEGLI,fermata,Genova,Genova,N004,no,,
16840,BRONI,stazione,Broni,Pavia,F021,no,,
16800,S.GIULETTA,fermata,Santa Giuletta,Pavia,F021,no,,
16780,CASTEGGIO,fermata,Casteggio,Pavia,F021,no,,
16880,STRADELLA,stazione,Stradella,Pavia,F021,no,,
16920,ARENA PO,stazione,Arena Po,Pavia,F021,si,,
16940,CASTEL S.GIOVANNI,stazione,Castel San Giovanni,Piacenza,F021,no,,
16960,SARMATO,fermata,Sarmato,Piacenza,F021,no,,
17020,S.NICOLO',stazione,Rottofreno,Piacenza,F021,no,,
16700,PONTECURONE,fermata,Pontecurone,Alessandria,F005,no,,
16600,TORTONA,stazione,Tortona,Alessandria,F005,si,0286A,0286A|0286B
01080,BRANDIZZO,stazione,Brandizzo,Torino,F011,no,,
00360,P.C. MEANA,fermata,Meana Di Susa,Torino,F001,no,,
01200,TORRAZZA PIEMONTE,stazione,Torrazza Piemonte,Torino,F011,no,,
00160,BARDONECCHIA,stazione,Bardonecchia,Torino,F001,no,,
00165,BEAULARD,fermata,Oulx,Torino,F001,no,,
00240,SALBERTRAND,stazione,Salbertrand,Torino,F001,no,,
00200,OULX-CESANA-CLAVIERE-SESTRIERE,stazione,Oulx,Torino,F001,no,,
00320,CHIOMONTE,stazione,Chiomonte,Torino,F001,no,,
00460,BORGONE,stazione,Borgone Susa,Torino,F001,no,,
00500,S.ANTONINO-VAIE,stazione,Sant'antonino Di Susa,Torino,F001,no,,
00540,CONDOVE-CHIUSA S.MICHELE,stazione,Chiusa Di San Michele,Torino,F001,no,,
00405,BRUZOLO DI SUSA,fermata,Bruzolo,Torino,F001,no,,
00580,S.AMBROGIO,fermata,Sant'ambrogio Di Torino,Torino,F001,no,,
00620,AVIGLIANA,stazione,Avigliana,Torino,F001,si,,0241A|0241B|P215
00660,ALPIGNANO,fermata,Alpignano,Torino,N001,no,,
00625,ROSTA,fermata,Rosta,Torino,F001,no,,
00700,COLLEGNO,stazione,Collegno,Torino,N001,no,,
00885,TORINO PORTA SUSA,stazione,Torino,Torino,N001,no,P217,0052
01215,S.ANTONINO DI SALUGGIA,fermata,Saluggia,Vercelli,F011,no,,
01210,SALUGGIA,fermata,Saluggia,Vercelli,F011,no,,
01040,SETTIMO TORINESE,stazione,Settimo Torinese,Torino,N001,si,,0241B
01280,LIVORNO FERRARIS,stazione,Livorno Ferraris,Vercelli,F011,no,,
01285,BIANZE',stazione,Bianzè,Vercelli,A003,no,,
01600,BORGO VERCELLI,fermata,Borgo Vercelli,Vercelli,F011,no,,
01440,S.GERMANO VERCELLESE,fermata,San Germano Vercellese,Vercelli,F011,no,,
01360,TRONZANO,fermata,Tronzano Vercellese,Vercelli,F011,no,,
02200,CASTELLO D'ANNONE,fermata,Castello Di Annone,Asti,F003,no,,
02100,S.DAMIANO D'ASTI,fermata,Asti,Asti,F003,no,,
01940,CAMBIANO-SANTENA,stazione,Cambiano,Torino,F003,si,,
01980,PESSIONE,fermata,Chieri,Torino,F003,no,,
02025,S.PAOLO SOLBRITO,fermata,San Paolo Solbrito,Asti,F003,no,,
02060,VILLAFRANCA-CANTARANA,stazione,Villafranca D'asti,Asti,F003,si,,
02020,VILLANOVA D'ASTI,stazione,Villanova D'asti,Asti,F003,si,,
02065,BALDICHIERI-TIGLIOLE,fermata,Tigliole,Asti,F003,no,,
02205,ROCCHETTA TANARO-CERRO,fermata,Cerro Tanaro,Asti,F003,no,,
02280,SOLERO,stazione,Solero,Alessandria,F003,no,,
02240,FELIZZANO,stazione,Felizzano,Alessandria,F003,si,,
11360,VOGOGNA OSSOLA (linea Domo-Mi),fermata,Vogogna,Verbano-Cusio-Ossola,F013,no,,
11480,MERGOZZO,stazione,Mergozzo,Verbano-Cusio-Ossola,F013,no,,
11600,STRESA,stazione,Stresa,Verbano-Cusio-Ossola,F013,no,,
11640,BELGIRATE,stazione,Belgirate,Verbano-Cusio-Ossola,F013,no,,
11520,VERBANIA-PALLANZA,capoluogo di provincia,Verbania,Verbano-Cusio-Ossola,F013,no,,
11725,DORMELLETTO,fermata,Dormelletto,Novara,F013,no,,
11840,VERGIATE,fermata,Vergiate,Varese,F013,no,,
11880,SOMMA LOMBARDO,stazione,Somma Lombardo,Varese,F013,no,,
11920,CASORATE SEMPIONE,stazione,Casorate Sempione,Varese,F013,no,,
12085,CANEGRATE,fermata,Canegrate,Milano,N002,no,,
12120,PARABIAGO,stazione,Parabiago,Milano,N002,no,,0294
12040,BUSTO ARSIZIO,stazione,Busto Arsizio,Varese,N002,si,,
12080,LEGNANO,stazione,Legnano,Milano,N002,no,,
12160,VANZAGO-POGLIANO,fermata,Vanzago,Milano,N002,no,,
11440,CUZZAGO (Linea Domo-Mi),fermata,Premosello-Chiovenda,Verbano-Cusio-Ossola,F013,no,,
12380,RHO,stazione,Rho,Milano,N002,si,,
13065,VIGNATE,fermata,Vignate,Milano,F023,no,,
18680,CASTELLEONE,stazione,Castelleone,Cremona,C057,no,,
18720,SORESINA,stazione,Soresina,Cremona,C057,no,,
18760,CASALBUTTANO,stazione,Casalbuttano Ed Uniti,Cremona,C057,no,,
18579,CAPRALBA,fermata,Capralba,Cremona,C057,no,,
18600,CASALETTO VAPRIO,stazione,Casaletto Vaprio,Cremona,C057,si,,
18560,CARAVAGGIO,stazione,Caravaggio,Bergamo,C057,no,,
18640,CREMA,stazione,Crema,Cremona,C057,si,P054,
18800,OLMENETA,stazione,Olmeneta,Cremona,C052,no,,I095
18643,MADIGNANO,fermata,Madignano,Cremona,C057,no,,
19660,MANERBIO,stazione,Manerbio,Brescia,C052,no,,
19700,VEROLANUOVA,stazione,Verolanuova,Brescia,C052,no,,
19620,BAGNOLO MELLA,stazione,Bagnolo Mella,Brescia,C052,si,,
19740,ROBECCO-PONTEVICO,stazione,Robecco D'oglio,Cremona,C052,no,,
48740,S.MINIATO-FUCECCHIO,fermata,San Miniato,Pisa,F049,no,,
48780,S.ROMANO-MONTOPOLI-S.CROCE,stazione,Montopoli In Val D'arno,Pisa,F049,no,,
47625,SIECI,fermata,Pontassieve,Firenze,F053,no,,
47620,COMPIOBBI,stazione,Fiesole,Firenze,F053,no,,
47665,S.ELLERO,fermata,Pelago,Firenze,F053,no,,
47700,RIGNANO SULL'ARNO,stazione,Rignano Sull'arno,Firenze,F053,no,,
47740,INCISA,stazione,Incisa In Val D'arno,Firenze,F053,no,,
47780,FIGLINE VALDARNO,stazione,Figline Valdarno,Firenze,F053,no,,
48940,NAVACCHIO,stazione,Cascina,Pisa,F049,no,,
48860,CASCINA,stazione,Cascina,Pisa,F049,no,,
48820,PONTEDERA-CASCIANA TERME,stazione,Pontedera,Pisa,F049,no,,
48863,S.FREDIANO A SETTIMO,fermata,Cascina,Pisa,F049,no,,
45040,FIRENZE RIFREDI,stazione,Firenze,Firenze,N006,no,,I185
49040,FIRENZE STATUTO,stazione,Firenze,Firenze,N006,no,,I185
19340,TORRE DE' PICENARDI,stazione,Torre De' Picenardi,Cremona,C062,no,,
19300,GAZZO-PIEVE S.GIACOMO,stazione,Pieve San Giacomo,Cremona,C062,no,,
19077,MALEO,fermata,Maleo,Lodi,C061,no,,
19160,CAVA TIGOZZI,stazione,Sesto Ed Uniti,Cremona,C061,si,,1427|I178B
19500,CASTELLUCCHIO,stazione,Castellucchio,Mantova,C063,no,,
19120,ACQUANEGRA CREMONESE,stazione,Acquanegra Cremonese,Cremona,C061,si,,
19080,PIZZIGHETTONE,stazione,Maleo,Lodi,C061,no,,
19083,PONTE D'ADDA,fermata,Pizzighettone,Cremona,C061,no,,
24060,CASTEL D'ARIO,stazione,Castel D'ario,Mantova,C073,no,,
24020,GAZZO DI BIGARELLO,stazione,Bigarello,Mantova,C073,no,,
23980,MANTOVA FRASSINE,stazione,Mantova,Mantova,C073,si,,
24065,BONFERRARO,fermata,Sorgà,Verona,C073,no,,
19260,VILLETTA MALAGNINO,stazione,Malagnino,Cremona,C062,no,,
19460,MARCARIA,stazione,Marcaria,Mantova,C063,si,,
19420,BOZZOLO,stazione,Bozzolo,Mantova,C063,no,,
19465,OSPITALETTO MANTOVANO,fermata,Marcaria,Mantova,C063,no,,
19463,S.MICHELE IN BOSCO,fermata,Marcaria,Mantova,C063,no,,
39480,POGGIO RUSCO,stazione,Poggio Rusco,Mantova,F029,si,,P142B
39560,MIRANDOLA,fermata,Mirandola,Modena,F029,no,,
16583,S.GIULIANO PIEMONTE,fermata,Alessandria,Alessandria,F021,no,,
16580,SPINETTA,stazione,Alessandria,Alessandria,F021,si,,
21980,S.MARTINO BUON ALBERGO,fermata,San Martino Buon Albergo,Verona,F025,no,,
22020,PC CALDIERO,fermata,Caldiero,Verona,F025,no,,
22060,S.BONIFACIO,stazione,San Bonifacio,Verona,F025,no,,
21940,VERONA PORTA VESCOVO,stazione,Verona,Verona,F023,si,,
22140,MONTEBELLO,fermata,Montebello Vicentino,Vicenza,F025,no,,
22100,LONIGO,fermata,Lonigo,Vicenza,F025,no,,
26990,MESTRINO,fermata,Villafranca Padovana,Padova,F025,no,,
27200,MIRA-MIRANO,fermata,Mira,Venezia,N003,no,,
27160,DOLO,stazione,Mirano,Venezia,F033,no,,
26980,GRISIGNANO DI ZOCCO,stazione,Grisignano Di Zocco,Vicenza,F025,si,,
22220,VICENZA,capoluogo di provincia,Vicenza,Vicenza,F025,si,,0362A|0362B|I135
26940,LERINO,fermata,Torri Di Quartesolo,Vicenza,F025,no,,
30640,TRIESTE CENTRALE,capoluogo di regione,Trieste,Trieste,F035,no,,
27640,GAGGIO PORTA EST,fermata,Marcon,Venezia,F035,no,,
27660,VENEZIA CARPENEDO,fermata,Venezia,Venezia,N003,no,,
27410,LISON,fermata,Portogruaro,Venezia,F035,no,,
27460,CEGGIA,fermata,Ceggia,Venezia,F035,no,,
27500,S.DONA' DI PIAVE JESOLO,stazione,San Donà Di Piave,Venezia,F035,no,,
27420,S.STINO DI LIVENZA,stazione,Santo Stino Di Livenza,Venezia,F035,si,,
27540,FOSSALTA DI PIAVE,fermata,Musile Di Piave,Venezia,F035,no,,
27580,MEOLO,fermata,Meolo,Venezia,F035,no,,
27620,QUARTO D'ALTINO,stazione,Quarto D'altino,Venezia,F035,no,,
30805,SISTIANA-VISOGLIANO,fermata,Duino-Aurisina,Trieste,F035,no,,
30840,MONFALCONE,stazione,Monfalcone,Gorizia,F035,si,,
31120,S.GIORGIO DI NOGARO,stazione,San Giorgio Di Nogaro,Udine,F035,si,,
31860,CARNIA,stazione,Venzone,Udine,F037,no,,
31870,VENZONE,fermata,Venzone,Udine,F037,no,,
32350,SAGRADO,fermata,Sagrado,Gorizia,F039,no,,
32240,CORMONS,stazione,Cormons,Gorizia,F039,no,,
32200,S.GIOVANNI AL NATISONE,stazione,San Giovanni Al Natisone,Udine,F039,no,,
31940,TARCENTO,stazione,Tarcento,Udine,F037,no,,
31980,TRICESIMO-S.PELAGIO,fermata,Tricesimo,Udine,F037,no,,
31905,ARTEGNA,fermata,Artegna,Udine,F037,no,,
28820,CARMIGNANO DI BRENTA,fermata,Carmignano Di Brenta,Padova,C086,no,,
28740,S.PIETRO IN GU',stazione,San Pietro In Gu,Padova,C086,si,,
28840,FONTANIVA,fermata,Fontaniva,Padova,C086,no,,
99110,GORGO AL MONTICANO,fermata,Gorgo Al Monticano,Treviso,C084,no,,
99100,ODERZO,stazione,Oderzo,Treviso,C084,no,,
99140,MOTTA DI LIVENZA,stazione,Motta Di Livenza,Treviso,C084,no,,
99150,ANNONE VENETO,fermata,Annone Veneto,Venezia,C084,no,,
99020,S.BIAGIO DI CALLALTA,stazione,San Biagio Di Callalta,Treviso,C084,no,,
99010,OLMI,fermata,San Biagio Di Callalta,Treviso,C084,no,,
99030,FAGARE',fermata,San Biagio Di Callalta,Treviso,C084,no,,
28340,TREVISO CENTRALE,capoluogo di provincia,Treviso,Treviso,F037,si,,
99060,PONTE DI PIAVE,stazione,Ponte Di Piave,Treviso,C084,no,,
28980,ALBAREDO,fermata,Vedelago,Treviso,C088,no,,
29020,ISTRANA,stazione,Istrana,Treviso,C088,no,,
28900,S.MARTINO DI LUPARI,fermata,San Martino Di Lupari,Padova,C087,no,,
28880,GALLIERA VENETA-TOMBOLO,fermata,Tombolo,Padova,C087,no,,
29370,SALZANO-ROBEGANO,fermata,Salzano,Venezia,C092,no,,
29400,MAERNE DI MARTELLAGO,stazione,Spinea,Venezia,N003,no,,
29290,RESANA,fermata,Resana,Treviso,C092,no,,
29320,PIOMBINO DESE,stazione,Piombino Dese,Padova,C092,no,,
29360,NOALE-SCORZE',stazione,Noale,Venezia,C092,no,,
43020,MONTESANTO,stazione,Voghiera,Ferrara,C099,no,,
43060,PORTOMAGGIORE,stazione,Portomaggiore,Ferrara,C099,no,,
43100,ARGENTA,stazione,Argenta,Ferrara,C100,no,,
43120,S.BIAGIO,fermata,Argenta,Ferrara,C100,no,,
43220,VOLTANA,stazione,Lugo,Ravenna,C101,no,,
43260,ALFONSINE,stazione,Alfonsine,Ravenna,C101,no,,
43285,GLORIE,fermata,Ravenna,Ravenna,C101,no,,
43340,MEZZANO,stazione,Ravenna,Ravenna,C101,no,,
41010,ABANO,fermata,Abano Terme,Padova,F031,no,,
41040,TERME EUGANEE-ABANO-MONTEGROTTO,stazione,Montegrotto Terme,Padova,F031,no,,
41100,BATTAGLIA TERME,fermata,Battaglia Terme,Padova,F031,no,,
42980,GAIBANELLA,stazione,Ferrara,Ferrara,C099,no,,
41200,STANGHELLA,fermata,Stanghella,Padova,F031,no,,
41160,S.ELENA-ESTE,stazione,Este,Padova,F031,no,,
40760,GRIZZANA,stazione,Grizzana Morandi,Bologna,F043,no,,
40800,S.BENEDETTO SAMBRO-CASTIGLIONE P.,stazione,San Benedetto Val Di Sambro,Bologna,F043,no,,
40880,VERNIO-MONTEPIANO,stazione,Vernio,Prato,F043,no,,
40920,VAIANO,stazione,Vaiano,Prato,F043,no,,
40680,PIANORO,stazione,Pianoro,Bologna,F043,no,,
40720,MONZUNO-VADO,stazione,Monzuno,Bologna,F043,no,,
75700,BARI PARCO SUD,fermata,Bari,Bari,C150,no,,0149
23040,SALORNO,fermata,Salorno,Bolzano,F027,no,,
23000,EGNA-TERMENO,stazione,Termeno Sulla Strada Del Vino,Bolzano,F027,no,,
23005,MAGRE'-CORTACCIA,fermata,Magrè Sulla Strada Del Vino,Bolzano,F027,no,,
23345,SERRAVALLE ALL'ADIGE,fermata,Ala,Trento,F027,no,,
48582,LE PIAGGE,fermata,Firenze,Firenze,F049,no,,
48583,S.DONNINO-BADIA,fermata,Campi Bisenzio,Firenze,F049,no,,
54920,PESCARA PORTA NUOVA,fermata,Pescara,Pescara,F067,no,,
17000,ROTTOFRENO,fermata,Rottofreno,Piacenza,F021,no,,
68551,RECALE,fermata,Recale,Caserta,C137,no,,
36305,ZOAGLI,fermata,Zoagli,Genova,F045,no,,
36340,CHIAVARI,stazione,Chiavari,Genova,F045,no,,
53280,RIPAFRATTA,fermata,San Giuliano Terme,Pisa,C117,no,,
54750,SCERNE DI PINETO,fermata,Pineto,Teramo,F067,no,,
58880,TERAMO,capoluogo di provincia,Teramo,Teramo,C211,no,,
36380,LAVAGNA,fermata,Lavagna,Genova,F045,no,,
36385,CAVI,fermata,Lavagna,Genova,F045,no,,
56425,FALCONARA STADIO,fermata,Falconara Marittima,Ancona,F065,no,,
58142,MACERATA FONTESCODELLA,fermata,Macerata,Macerata,C126,no,,
43720,BOLOGNA BORGO PANIGALE,fermata,Bologna,Bologna,N005,no,,
43730,CASTELDEBOLE,fermata,Bologna,Bologna,N005,no,,
13640,MILANO LAMBRATE,stazione,Milano,Milano,N002,no,P054,
13054,SEGRATE,fermata,Segrate,Milano,N002,no,,
16552,MILANO PORTA GARIBALDI (SOTTERRANEA),fermata,Milano,Milano,N002,no,P054,
16550,MILANO REPUBBLICA,fermata,Milano,Milano,N002,no,,
16547,MILANO PORTA VENEZIA,fermata,Milano,Milano,N002,no,,
16546,MILANO DATEO,fermata,Milano,Milano,N002,no,,
16538,MILANO PORTA VITTORIA,stazione,Milano,Milano,N002,no,,
43845,PIAN DI VENOLA,fermata,Marzabotto,Bologna,N005,no,,
60467,ROMA NOMENTANA L.L.,fermata,Roma,Roma,N007,no,,
09900,CHIERI,stazione,Chieri,Torino,C248,no,,
86140,S.GIORGIO,fermata,Gioiosa Marea,Messina,C175,no,,
54440,PEDASO,stazione,Pedaso,Ascoli Piceno,F067,no,,
54520,GROTTAMMARE,fermata,Grottammare,Ascoli Piceno,F067,no,,
54480,CUPRAMARITTIMA,stazione,Cupra Marittima,Ascoli Piceno,F067,no,,
59980,ATTIGLIANO BOMARZO,stazione,Attigliano,Terni,F053,no,,
45222,ARCOLA,fermata,Arcola,La Spezia,F045,no,,
45260,SARZANA,stazione,Sarzana,La Spezia,F045,no,,
61740,SGURGOLA,fermata,Sgurgola,Frosinone,F061,no,,
78165,POTENZA MACCHIA ROMANA,fermata,Potenza,Potenza,C154,no,,
78200,POTENZA SUPERIORE,stazione,Potenza,Potenza,C154,no,,
84405,REGGIO DI CALABRIA BOCALE,fermata,Reggio Di Calabria,Reggio Di Calabria,C162,no,,
54980,FRANCAVILLA AL MARE,stazione,Francavilla Al Mare,Chieti,F067,no,,
55020,TOLLO-CANOSA SANNITA,fermata,Ortona,Chieti,F067,no,,
55260,PORTO DI VASTO,stazione,Vasto,Chieti,F067,no,,P087B
39680,CREVALCORE,stazione,Crevalcore,Bologna,F029,no,,
39760,S.GIOVANNI IN PERSICETO,fermata,San Giovanni In Persiceto,Bologna,F029,no,,
39790,OSTERIA NUOVA,fermata,Sala Bolognese,Bologna,F029,no,,
36150,SORI,fermata,Sori,Genova,F045,no,,
36155,MULINETTI,fermata,Recco,Genova,F045,no,,
36180,RECCO,stazione,Recco,Genova,F045,no,,
13740,MELEGNANO,stazione,Melegnano,Milano,F041,no,,
01000,TORINO STURA,stazione,Torino,Torino,N001,no,,
55207,S.VITO LANCIANO,stazione,San Vito Chietino,Chieti,F067,no,,
55217,FOSSACESIA-TORINO DI SANGRO,stazione,Fossacesia,Chieti,F067,si,,
55060,ORTONA,stazione,Ortona,Chieti,F067,no,,0142A
56812,PESCARA S.MARCO,fermata,Pescara,Pescara,C125,no,,
29496,S.GIOVANNI DI CASARSA,fermata,Casarsa Della Delizia,Pordenone,C205,no,,
29348,TREBASELEGHE,fermata,Trebaseleghe,Padova,C092,no,,
22480,CAMPO DI TRENS,fermata,Campo Di Trens,Bolzano,F027,no,,
51526,PRATO BORGONUOVO,fermata,Prato,Prato,C118,no,,
37110,GENOVA VIA DI FRANCIA,fermata,Genova,Genova,N004,no,,
34210,GENOVA S.BIAGIO,fermata,Genova,Genova,F019,no,,
48660,MONTELUPO-CAPRAIA,fermata,Montelupo Fiorentino,Firenze,F049,no,,
65890,PARCO LEONARDO,fermata,Fiumicino,Roma,N007,no,,
65960,FIUMICINO AEROPORTO,stazione,Fiumicino,Roma,N007,no,,I138A
61900,CEPRANO-FALVATERRA,stazione,Ceprano,Frosinone,F061,no,,
61903,ISOLETTA-S.GIOVANNI INCARICO,fermata,Arce,Frosinone,F061,no,,
02955,GARBAGNA,fermata,Garbagna Novarese,Novara,C025,no,,
41280,ARQUA',fermata,Arquà Polesine,Rovigo,F031,no,,
41320,POLESELLA,stazione,Polesella,Rovigo,F031,si,,
48980,FIRENZE SANTA MARIA NOVELLA,capoluogo di regione,Firenze,Firenze,N006,no,,
25090,TRENTO S.CHIARA,fermata,Trento,Trento,C232,no,,
84370,MOTTA S.G.,fermata,Motta San Giovanni,Reggio Di Calabria,C162,no,,
49305,LASTRA A SIGNA,fermata,Signa,Firenze,F049,no,,
31040,CERVIGNANO-AQUILEIA-GRADO,stazione,Cervignano Del Friuli,Udine,F035,no,,
55220,CASALBORDINO-POLLUTRI,fermata,Casalbordino,Chieti,F067,no,,
77580,S.PIETRO VERNOTICO,fermata,San Pietro Vernotico,Brindisi,C151,no,,
77620,SQUINZANO,stazione,Squinzano,Lecce,C151,no,,
77660,TREPUZZI,fermata,Trepuzzi,Lecce,C151,no,,
73280,ROCCA RAVINDOLA,stazione,Montaquila,Isernia,C141,no,,
38080,GENOVA GRANARA,fermata,Genova,Genova,C098,no,,
38090,GENOVA COSTA,fermata,Genova,Genova,C098,no,,
95920,SASSARI,capoluogo di provincia,Sassari,Sassari,C186,no,,0313A|0313B|1524
27350,LATISANA-LIGNANO-BIBIONE,stazione,Latisana,Udine,F035,no,,
52400,CERTALDO,stazione,Certaldo,Firenze,C121,no,,
52440,BARBERINO VAL D'ELSA,fermata,Barberino Val D'elsa,Firenze,C121,no,,
52480,POGGIBONSI-S.GIMIGNANO,stazione,Poggibonsi,Siena,C121,no,,
22660,CHIUSA,fermata,Chiusa,Bolzano,F027,no,,
22700,PONTE GARDENA-LAION,stazione,Laion,Bolzano,F027,no,,
15140,MILANO SCALO ROMANA,fermata,Milano,Milano,N002,no,,
15170,MILANO ROMOLO,fermata,Milano,Milano,N002,no,,
65884,FIERA DI ROMA,fermata,Roma,Roma,N007,no,,
62664,SERENISSIMA,fermata,Roma,Roma,N007,no,,
62668,PALMIRO TOGLIATTI,fermata,Roma,Roma,N007,no,,
62700,TOR SAPIENZA,fermata,Roma,Roma,N007,no,,
62702,LA RUSTICA CITTA',fermata,Roma,Roma,N007,no,,
62703,LA RUSTICA UIR,fermata,Roma,Roma,N007,no,,
41400,PONTELAGOSCURO,fermata,Ferrara,Ferrara,F031,no,,
41360,OCCHIOBELLO,stazione,Occhiobello,Rovigo,F031,no,,
65345,QUATTRO VENTI,fermata,Roma,Roma,N007,no,,
65810,ROMA TRASTEVERE,fermata,Roma,Roma,N007,no,,
52360,CASTELFIORENTINO,fermata,Castelfiorentino,Firenze,C121,no,,
72510,FRATTE VILLA COMUNALE,fermata,Salerno,Salerno,C148,no,,
08610,PINEROLO OLIMPICA,fermata,Pinerolo,Torino,C008,no,,
39600,S.FELICE SUL PANARO,stazione,San Felice Sul Panaro,Modena,F029,no,,
39630,CAMPOSANTO,fermata,Camposanto,Modena,F029,no,,
65269,VALLE AURELIA,fermata,Roma,Roma,N007,no,,0258_A
28350,S.TROVASO,fermata,Preganziol,Treviso,F037,no,,
54930,PESCARA TRIBUNALE,fermata,Pescara,Pescara,F067,no,,
13737,S.GIULIANO MILANESE,fermata,San Giuliano Milanese,Milano,F041,no,,
13728,S.DONATO MILANESE,fermata,San Donato Milanese,Milano,F041,no,,
13733,BORGOLOMBARDO,fermata,San Giuliano Milanese,Milano,F041,no,,
25093,TRENTO BARTOLAMEO,fermata,Trento,Trento,C232,no,,
62780,LUNGHEZZA,fermata,Roma,Roma,N007,no,,0260
57763,PERUGIA CAPITINI,stazione,Perugia,Perugia,C127,no,,0810
57764,PERUGIA UNIVERSITA',fermata,Perugia,Perugia,C127,no,,
39842,CALDERARA-BARGELLINO,fermata,Calderara Di Reno,Bologna,N005,no,,
93970,FONTANE BIANCHE,fermata,Siracusa,Siracusa,C174,no,,
04220,TRINITA'-BENE VAGIENNA,fermata,Trinità,Cuneo,C012,no,,
29412,SPINEA,fermata,Spinea,Venezia,N003,no,,
13140,CASSANO D'ADDA,stazione,Cassano D'adda,Milano,F023,no,,
16523,BARBIANELLO,fermata,Barbianello,Pavia,F021,no,,
42000,GODO,fermata,Russi,Ravenna,C108,no,,
27320,VENEZIA PORTO MARGHERA,fermata,Venezia,Venezia,N003,no,,
41720,BOLOGNA CORTICELLA,fermata,Bologna,Bologna,N005,no,,
97262,FIRENZE S.MARCO VECCHIO (IL CIONFO),fermata,Firenze,Firenze,N006,no,,
39970,SAN LAZZARO DI SAVENA,fermata,San Lazzaro Di Savena,Bologna,N005,no,,
16410,ARCENE,fermata,Arcene,Bergamo,C051,no,,
16440,VERDELLO-DALMINE,stazione,Verdellino,Bergamo,C051,si,,
16450,LEVATE,fermata,Levate,Bergamo,C051,no,,
16455,STEZZANO,fermata,Stezzano,Bergamo,C051,no,,
35705,CELLE,fermata,Celle Ligure,Savona,F007,no,,
16200,OLGIATE-CALCO-BRIVIO,fermata,Olgiate Molgora,Lecco,C045,no,,
16240,CERNUSCO-MERATE,fermata,Cernusco Lombardone,Lecco,C045,no,,
16250,OSNAGO,fermata,Osnago,Lecco,C045,no,,
23705,BUTTAPIETRA,stazione,Buttapietra,Verona,F029,no,,
23745,OSTIGLIA,fermata,Ostiglia,Mantova,F029,no,,
24660,BRUNICO,stazione,Brunico,Bolzano,C067,no,,
24670,S.LORENZO,fermata,San Lorenzo Di Sebato,Bolzano,C067,no,,0077|0279B
44430,VAIO-OSPEDALE,fermata,Fidenza,Parma,C242,no,,
44440,SALSOMAGGIORE TERME,fermata,Salsomaggiore Terme,Parma,C242,no,,
94123,CAGLIARI S.GILLA,fermata,Cagliari,Cagliari,C188,no,,
94100,CAGLIARI,capoluogo di regione,Cagliari,Cagliari,C188,no,,1524|P197|P254|P254A
87310,FIUMARA GAZZI,fermata,Messina,Messina,C169,no,,
87350,MILI MARINA,fermata,Messina,Messina,C169,no,,
87360,GALATI,stazione,Messina,Messina,C169,no,,
87375,SAN PAOLO,fermata,Messina,Messina,C169,no,,
87400,GIAMPILIERI,stazione,Messina,Messina,C169,no,,0249
87370,PONTE SCHIAVO,fermata,Messina,Messina,C169,no,,
87365,PONTE SANTO STEFANO,fermata,Messina,Messina,C169,no,,
70612,TRACCIA,fermata,Napoli,Napoli,N008,no,,P212
26047,REGGIO EMILIA AV MEDIOPADANA,stazione,Reggio Nell'emilia,Reggio Nell'emilia,A005,no,,
70580,NAPOLI CENTRALE,capoluogo di regione,Napoli,Napoli,N008,no,P134,
68240,NAPOLI PIAZZA GARIBALDI,fermata,Napoli,Napoli,N008,no,,
62710,SALONE,fermata,Roma,Roma,N007,no,,
87440,SCALETTA ZANCLEA,fermata,Scaletta Zanclea,Messina,C169,no,,
11645,LESA,fermata,Lesa,Novara,F013,no,,
11680,MEINA,stazione,Meina,Novara,F013,no,,
12350,PREGNANA MILANESE,fermata,Pregnana Milanese,Milano,F011,no,,
13102,MELZO,fermata,Melzo,Milano,F023,no,,
13103,POZZUOLO MARTESANA,fermata,Pozzuolo Martesana,Milano,F023,no,,
13105,TRECELLA,fermata,Pozzuolo Martesana,Milano,F023,no,,
64058,VAL D'ALA,fermata,Roma,Roma,N007,no,,0258_A
94147,ASSEMINI S.LUCIA,fermata,Assemini,Cagliari,C188,no,,
94143,ASSEMINI CARMINE,fermata,Assemini,Cagliari,C188,no,,
78205,POTENZA UNIVERSITA',fermata,Potenza,Potenza,C154,no,,
14120,VILLAMAGGIORE,fermata,Lacchiarella,Milano,F005,no,,
02320,ALESSANDRIA,stazione,Alessandria,Alessandria,F003,no,,
01680,NOVARA,stazione,Novara,Novara,A003,no,0223A|P221,0223A|0223B
00735,GRUGLIASCO,fermata,Collegno,Torino,N001,no,,
90325,GIACHERY (SAMPOLO),fermata,Palermo,Palermo,C184,no,,
41350,CANARO,fermata,Canaro,Rovigo,F031,no,,
85440,CATANZARO,capoluogo di regione,Catanzaro,Catanzaro,C163,no,,1659|P245
63540,COLLARMELE,stazione,Collarmele,L'aquila,C131,no,,
63580,PESCINA,fermata,Pescina,L'aquila,C131,no,,
48620,SIGNA,fermata,Signa,Firenze,F049,no,,
40300,FORLIMPOPOLI-BERTINORO,fermata,Forlimpopoli,Forlì-Cesena,F063,no,,
12385,RHO FIERA,fermata,Rho,Milano,N002,no,,
20523,TREZZANO SUL NAVIGLIO,fermata,Trezzano Sul Naviglio,Milano,C058,no,,
20522,CESANO BOSCONE,fermata,Cesano Boscone,Milano,C058,no,,
20520,CORSICO,fermata,Corsico,Milano,C058,no,,
20560,GAGGIANO,fermata,Gaggiano,Milano,C058,no,,
20597,ALBAIRATE-VERMEZZO,stazione,Albairate,Milano,C058,no,,
63463,AIELLI,fermata,Aielli,L'aquila,C131,no,,
63500,CERCHIO,fermata,Cerchio,L'aquila,C131,no,,
25710,LEVATA,fermata,Curtatone,Mantova,C071,no,,
25720,ROMANORE,stazione,Borgoforte,Mantova,C071,no,,
62540,ITRI,fermata,Itri,Latina,F057,no,,
24650,PERCA-PLAN DE CORONES,fermata,Perca,Bolzano,C067,no,,
28410,VENEZIA MESTRE OSPEDALE,fermata,Venezia,Venezia,N003,no,,
87100,FICARAZZI,fermata,Ficarazzi,Palermo,C176,no,,
54130,CAMERANO ASPIO,fermata,Camerano,Ancona,F067,no,,
54160,OSIMO-CASTELFIDARDO,fermata,Osimo,Ancona,F067,no,,
58748,SPINETOLI VILLA S.PIO X,fermata,Spinetoli,Ascoli Piceno,C124,no,,
16555,MILANO VILLAPIZZONE,fermata,Milano,Milano,N002,no,,
31540,PONTEBBA,stazione,Pontebba,Udine,F037,no,,
31460,UGOVIZZA VALBRUNA,stazione,Tarvisio,Udine,F037,no,,
21780,CASTELNUOVO DEL GARDA,fermata,Castelnuovo Del Garda,Verona,F023,no,,
30730,MIRAMARE,fermata,Trieste,Trieste,F035,no,,
80320,DIAMANTE-BUONVICINO,stazione,Diamante,Cosenza,F075,no,,
84360,SALINE DI REGGIO,stazione,Montebello Ionico,Reggio Di Calabria,C162,no,,
32160,BUTTRIO,fermata,Buttrio,Udine,F037,no,,
32170,MANZANO,fermata,Manzano,Udine,F039,no,,
11560,BAVENO,fermata,Baveno,Verbano-Cusio-Ossola,F013,no,,
33840,FRUGAROLO-BOSCOMARENGO,fermata,Frugarolo,Alessandria,F003,no,,
08393,OLIVETTA-S.MICHELE,fermata,Olivetta San Michele,Imperia,C010,no,,
68265,NAPOLI GIANTURCO,stazione,Napoli,Napoli,N008,no,,
27120,VIGONZA-PIANIGA,fermata,Vigonza,Padova,F033,no,,
45684,PISA/BIN. PISA SAN ROSSORE (TIRRENICA),fermata,Pisa,Pisa,F045,no,,
35885,GENOVA PRA,fermata,Genova,Genova,N004,no,,
28300,LANCENIGO,fermata,Villorba,Treviso,F037,no,,
46816,FIRENZE ROVEZZANO,fermata,Firenze,Firenze,N006,no,,
39040,SAMOGGIA,fermata,Anzola Dell'emilia,Bologna,F041,no,,
39045,ANZOLA DELL'EMILIA,fermata,Anzola Dell'emilia,Bologna,F041,no,,
26775,ANCONETTA,fermata,Vicenza,Vicenza,C069,no,,
22180,ALTAVILLA-TAVERNELLE,stazione,Altavilla Vicentina,Vicenza,F025,no,,
40640,BOLOGNA S.RUFFILLO,stazione,Bologna,Bologna,N005,no,,
40665,RASTIGNANO,fermata,Pianoro,Bologna,F043,no,,
40670,MUSIANO-PIAN DI MACINA,fermata,Pianoro,Bologna,F043,no,,
52040,GHIVIZZANO-COREGLIA,fermata,Coreglia Antelminelli,Lucca,C119,no,,
25927,QUATTRO VILLE,fermata,Modena,Modena,C072,no,,
77700,LECCE,capoluogo di provincia,Lecce,Lecce,C151,no,,I071|P072
59940,ALVIANO,fermata,Alviano,Terni,F053,no,,
96103,CARBONIA SERBARIU,fermata,Carbonia,Carbonia-Iglesias,C191,no,,
38540,CADEO,fermata,Cadeo,Piacenza,F041,no,,
38580,FIORENZUOLA,stazione,Fiorenzuola D'arda,Piacenza,F041,si,,
37285,BRAGNO,fermata,Cairo Montenotte,Savona,C096,no,,
37320,FERRANIA,fermata,Cairo Montenotte,Savona,C096,no,,
80360,BELVEDERE MARITTIMO,fermata,Belvedere Marittimo,Cosenza,F075,no,,
02403,TORINO REBAUDENGO FOSSATA,stazione,Torino,Torino,N001,no,,
63260,SANTE MARIE,fermata,Sante Marie,L'aquila,C132,no,,
84482,REGGIO C. AEROPORTO,fermata,Reggio Di Calabria,Reggio Di Calabria,C162,no,,
84325,ANNA',fermata,Melito Di Porto Salvo,Reggio Di Calabria,C162,no,,
25683,BORGOCHIESANUOVA,fermata,Mantova,Mantova,C071,no,,
45340,CARRARA-AVENZA,fermata,Carrara,Massa-Carrara,F045,no,,
45263,LUNI,fermata,Castelnuovo Magra,La Spezia,F045,no,,
44960,SESTO FIORENTINO,fermata,Sesto Fiorentino,Firenze,F043,no,,
51543,ZAMBRA,fermata,Sesto Fiorentino,Firenze,F043,no,,
51539,IL NETO,fermata,Sesto Fiorentino,Firenze,F043,no,,
51537,PRATIGNONE,fermata,Calenzano,Firenze,F043,no,,
51533,CALENZANO,fermata,Calenzano,Firenze,F043,no,,
27385,VENEZIA S.LUCIA,capoluogo di regione,Venezia,Venezia,N003,no,P075,
25302,BORGO VALSUGANA EST,fermata,Borgo Valsugana,Trento,C232,no,,
45000,FIRENZE CASTELLO,stazione,Firenze,Firenze,N006,no,,
54200,LORETO,stazione,Loreto,Ancona,F067,no,,
54240,PORTO RECANATI,fermata,Porto Recanati,Macerata,F067,no,,
54280,POTENZA PICENA-MONTELUPONE,fermata,Potenza Picena,Macerata,F067,no,,
75220,TRINITAPOLI-S.FERDINANDO DI PUGLIA,stazione,Trinitapoli,Foggia,F069,no,,
30460,PAESE-CASTAGNOLE,fermata,Paese,Treviso,C083,no,,
29060,PAESE,fermata,Paese,Treviso,C088,no,,
31420,TARVISIO BOSCOVERDE,stazione,Tarvisio,Udine,F037,no,,
22300,BRENNERO,stazione,Brennero,Bolzano,F027,no,,0292A|0292B|0292C|0337|0337A|0337B|A004|I085
40603,BOLOGNA MAZZINI,fermata,Bologna,Bologna,N005,no,,
94127,ELMAS AEROPORTO,fermata,Cagliari,Cagliari,C188,no,,
14082,PIEVE EMANUELE,fermata,Pieve Emanuele,Milano,F005,no,,0335
74347,NAPOLI AFRAGOLA,stazione,Afragola,Napoli,A001,no,0284,
24655,BRUNICO NORD,fermata,Brunico,Bolzano,C067,no,,
25028,BOLZANO SUD,fermata,Bolzano,Bolzano,C068,no,,
26099,BOLOGNA CENTRALE AV,stazione,Bologna,Bologna,A005,no,,
87138,PALERMO ROCCELLA,fermata,Palermo,Palermo,C176,no,,
58750,MONSAMPOLO DEL TRONTO,fermata,Monsampolo Del Tronto,Ascoli Piceno,C124,no,,
58742,COLLI DEL TRONTO,fermata,Colli Del Tronto,Ascoli Piceno,C124,no,,
16536,MI. FORLANINI,fermata,Milano,Milano,N002,no,P054,
39958,BOLOGNA S.VITALE,fermata,Bologna,Bologna,N005,no,,
27085,BUSA DI VIGONZA,fermata,Vigonza,Padova,F033,no,,
56770,CHIETI-MADONNA DELLE PIANE,fermata,Chieti,Chieti,C125,no,,
89089,PALERMO GUADAGNA,fermata,Palermo,Palermo,C181,no,,
89099,PALERMO LOLLI,fermata,Palermo,Palermo,C181,no,P235,
62713,PONTE DI NONA,fermata,Roma,Roma,N007,no,,
78990,BRINDISI PERRINO,fermata,Brindisi,Brindisi,C157,no,,
78985,BRINDISI CITTADELLA DELLA RICERCA,fermata,Brindisi,Brindisi,C157,no,,
81350,REGGIO DI CALABRIA PENTIMELE,fermata,Reggio Di Calabria,Reggio Di Calabria,F077,no,,
58878,NEPEZZANO-PIANO D'ACCIO,fermata,Teramo,Teramo,C211,no,,
75710,BARI TORRE QUETTA,fermata,Bari,Bari,C150,no,,
60175,VIGNA CLARA,fermata,Roma,Roma,N007,no,,0258_A
35139,DIANO,fermata,Diano Marina,Imperia,F009,no,,
35220,ANDORA,stazione,Andora,Savona,F009,no,,0077|0289
34940,TAGGIA-ARMA,stazione,Taggia,Imperia,F009,no,,
34955,IMPERIA,stazione,Imperia,Imperia,F009,no,,
30925,TRIESTE AIRPORT,fermata,Cervignano Del Friuli,Udine,F035,no,,
20757,CANTELLO G.,fermata,Varese,Varese,C049,no,,
18245,BERGAMO OSPEDALE,fermata,Bergamo,Bergamo,C048,no,,
57290,L'AQUILA SASSA N.S.I.,fermata,L'aquila,L'aquila,C231,no,,
57350,L' AQUILA S.GREGORIO,fermata,L'aquila,L'aquila,C231,no,,
57295,L'AQUILA CAMPO DI PILE,fermata,L'aquila,L'aquila,C231,no,,
57330,BAZZANO,fermata,L'aquila,L'aquila,C231,no,,
60429,SETTEBAGNI,fermata,Roma,Roma,N007,no,,
88051,CATANIA OGNINA,fermata,Catania,Catania,C169,no,,0115
88062,PICANELLO,fermata,Catania,Catania,C169,no,,
88070,EUROPA,fermata,Catania,Catania,C169,no,,
89145,PALERMO LA MALFA,fermata,Palermo,Palermo,C181,no,,
89182,PALERMO SFERRACAVALLO,fermata,Palermo,Palermo,C181,no,,
76291,BARI VILLAGGIO DEL LAVORATORE,fermata,Bari,Bari,C158,no,,
76300,MODUGNO,fermata,Modugno,Bari,C158,no,,
58130,MACERATA UNIVERSITA',fermata,Macerata,Macerata,C126,no,,
88185,CATANIA AEROPORTO FONTANAROSSA,fermata,Catania,Catania,C170,no,0270,
12545,COMO CAMERLATA,fermata,Como,Como,F017,no,,
95470,OLBIA TERRANOVA,stazione,Sassari,Sassari,C185,no,,
89260,CAPACI,fermata,Capaci,Palermo,C181,no,,
90315,FEDERICO,fermata,Palermo,Palermo,C184,no,,
90317,FIERA,fermata,Palermo,Palermo,C184,no,,
54602,MARTINSICURO,fermata,Martinsicuro,Teramo,F067,no,,
15168,MILANO TIBALDI,fermata,Milano,Milano,N002,no,,
09241,AGOGNATE,fermata,Novara,Novara,C199,no,,
77113,BARI S.RITA,stazione,Bari,Bari,,no,,
77116,BARI LOSETO,fermata,Bari,Bari,,no,,
77119,BITRITTO,stazione,Bari,Bari,,no,,P259
89110,PALERMO DE GASPERI,fermata,Palermo,Palermo,C181,no,,
90312,PALERMO LIBERTA',fermata,Palermo,Palermo,C184,no,,
56495,SULMONA S.RUFINA,fermata,Sulmona,L'aquila,C125,no,,
28415,VENEZIA MESTRE GAZZERA,fermata,Venezia,Venezia,N003,no,,
27675,VENEZIA MESTRE OLIMPIA,fermata,Venezia,Venezia,,no,,
23250,CALLIANO,fermata,Calliano,Trento,,no,,
58185,TOLENTINO CAMPUS,fermata,Macerata,Macerata,,no,,
07109,TORINO GROSSETO,fermata,Torino,Torino,C262,no,,
07112,RIGOLA STADIO - PES,fermata,Torino,Torino,C262,no,,
07115,VENARIA REALE,stazione,Torino,Torino,C262,no,,
07121,BORGARO,stazione,Torino,Torino,C262,no,,
07127,CASELLE TORINESE,fermata,Torino,Torino,C262,no,,
07130,TORINO AEROPORTO,stazione,Torino,Torino,C262,no,,
07136,S. MAURIZIO C.SE,stazione,Torino,Torino,C262,no,,
07142,CIRIE',stazione,Torino,Torino,C262,no,,
07148,NOLE,stazione,Torino,Torino,C262,no,,
07154,VILLANOVA GROSSO,fermata,Torino,Torino,C262,no,,
07157,MATHI,stazione,Torino,Torino,C262,no,,
07163,BALANGERO,stazione,Torino,Torino,C262,no,,
07169,LANZO TORINESE,fermata,Torino,Torino,C262,no,,
07172,GERMAGNANO,stazione,Torino,Torino,C262,no,,
07224,VOLPIANO,stazione,Torino,Torino,C262,no,,
07232,S. BENIGNO,stazione,Torino,Torino,C262,no,,
07240,BOSCONERO,stazione,Torino,Torino,C260,no,,
07248,FELETTO,stazione,Torino,Torino,C260,no,,
07256,RIVAROLO,stazione,Torino,Torino,C260,no,,
