{"type":"FeatureCollection","fonte":"RFI, localita' di servizio (SHAPE_LOCALITA, servizio ArcGIS pubblico)","servizio":"https://services3.arcgis.com/GS5pg5GvYXCMCEen/arcgis/rest/services/SHAPE_LOCALITA/FeatureServer","scaricato":"2026-09-28","features":[{"type":"Feature","id":1,"geometry":{"type":"Point","coordinates":[10.80827,43.35962]},"properties":{"OBJECTID":1,"CODIMP":"53700","NOME":"VOLTERRA-SALINE-POMARANCE","IMPIANTO":"LR","COMUNE":"Volterra","PROVINCIA":"Pisa","REGIONE":"Toscana","CODLINEACOMM":"K207","LINEACOMM":"CECINA - VOLTERRA","DOIT":"FI","SERVIZIO_MERCI":"0","SERVIZIO_VIAGGIATORI":"SI","CAP_REG":"0","CAP_P":"0","DIRAMAZ":"0","CAUSA_CHIUSURA":null}},{"type":"Feature","id":2,"geometry":{"type":"Point","coordinates":[10.74056,43.33569]},"properties":{"OBJECTID":2,"CODIMP":"53665","NOME":"PONTE GINORI","IMPIANTO":"F","COMUNE":"Montecatini Val Di Cecina","PROVINCIA":"Pisa","REGIONE":"Toscana","CODLINEACOMM":"K207","LINEACOMM":"CECINA - VOLTERRA","DOIT":"FI","SERVIZIO_MERCI":"0","SERVIZIO_VIAGGIATORI":"SI","CAP_REG":"0","CAP_P":"0","DIRAMAZ":"0","CAUSA_CHIUSURA":null}},{"type":"Feature","id":4,"geometry":{"type":"Point","coordinates":[14.76998,41.14202]},"properties":{"OBJECTID":4,"CODIMP":"68945","NOME":"BENEVENTO","IMPIANTO":"S","COMUNE":"Benevento","PROVINCIA":"Benevento","REGIONE":"Campania","CODLINEACOMM":"J071","LINEACOMM":"CASERTA - FOGGIA","DOIT":"NA","SERVIZIO_MERCI":"0","SERVIZIO_VIAGGIATORI":"SI","CAP_REG":"0","CAP_P":"1","DIRAMAZ":"1","CAUSA_CHIUSURA":null}},{"type":"Feature","id":5,"geometry":{"type":"Point","coordinates":[14.87026,40.64115]},"properties":{"OBJECTID":5,"CODIMP":"70000","NOME":"PONTECAGNANO","IMPIANTO":"S","COMUNE":"Pontecagnano Faiano","PROVINCIA":"Salerno","REGIONE":"Campania","CODLINEACOMM":"J075","LINEACOMM":"SALERNO - PAOLA","DOIT":"NA","SERVIZIO_MERCI":"1","SERVIZIO_VIAGGIATORI":"SI","CAP_REG":"0","CAP_P":"0","DIRAMAZ":"0","CAUSA_CHIUSURA":null}},{"type":"Feature","id":6,"geometry":{"type":"Point","coordinates":[14.94461,40.61755]},"properties":{"OBJECTID":6,"CODIMP":"70040","NOME":"MONTECORVINO","IMPIANTO":"F","COMUNE":"Bellizzi","PROVINCIA":"Salerno","REGIONE":"Campania","CODLINEACOMM":"J075","LINEACOMM":"SALERNO - PAOLA","DOIT":"NA","SERVIZIO_MERCI":"0","SERVIZIO_VIAGGIATORI":"SI","CAP_REG":"0","CAP_P":"0","DIRAMAZ":"0","CAUSA_CHIUSURA":null}},{"type":"Feature","id":8,"geometry":{"type":"Point","coordinates":[16.4569,39.74999]},"properties":{"OBJECTID":8,"CODIMP":"82420","NOME":"SIBARI","IMPIANTO":"S","COMUNE":"Cassano Allo Ionio","PROVINCIA":"Cosenza","REGIONE":"Calabria","CODLINEACOMM":"K160","LINEACOMM":"METAPONTO - SIBARI","DOIT":"RC","SERVIZIO_MERCI":"0","SERVIZIO_VIAGGIATORI":"SI","CAP_REG":"0","CAP_P":"0","DIRAMAZ":"1","CAUSA_CHIUSURA":null}},{"type":"Feature","id":10,"geometry":{"type":"Point","coordinates":[13.24202,46.05587]},"properties":{"OBJECTID":10,"CODIMP":"32060","NOME":"UDINE","IMPIANTO":"S","COMUNE":"Udine","PROVINCIA":"Udine","REGIONE":"Friuli-Venezia Giulia","CODLINEACOMM":"J037","LINEACOMM":"TARVISIO BOSCOVERDE - MOGLIANO [VENEZIA]","DOIT":"TS","SERVIZIO_MERCI":"1","SERVIZIO_VIAGGIATORI":"SI","CAP_REG":"0","CAP_P":"1","DIRAMAZ":"1","CAUSA_CHIUSURA":null}},{"type":"Feature","id":13,"geometry":{"type":"Point","coordinates":[16.13986,38.71472]},"properties":{"OBJECTID":13,"CODIMP":"80960","NOME":"VIBO VALENTIA-PIZZO","IMPIANTO":"S","COMUNE":"Vibo Valentia","PROVINCIA":"Vibo Valentia","REGIONE":"Calabria","CODLINEACOMM":"J077","LINEACOMM":"PAOLA - REGGIO CALABRIA CENTRALE (compresa Eccellente - Rosarno)","DOIT":"RC","SERVIZIO_MERCI":"0","SERVIZIO_VIAGGIATORI":"SI","CAP_REG":"0","CAP_P":"1","DIRAMAZ":"0","CAUSA_CHIUSURA":null}},{"type":"Feature","id":14,"geometry":{"type":"Point","coordinates":[12.65121,42.57073]},"properties":{"OBJECTID":14,"CODIMP":"55560","NOME":"TERNI","IMPIANTO":"S","COMUNE":"Terni","PROVINCIA":"Terni","REGIONE":"Umbria","CODLINEACOMM":"J065","LINEACOMM":"ANCONA - ORTE (compresa Ancona - Ancona Marittima)","DOIT":"AN","SERVIZIO_MERCI":"1","SERVIZIO_VIAGGIATORI":"SI","CAP_REG":"0","CAP_P":"1","DIRAMAZ":"1","CAUSA_CHIUSURA":null}},{"type":"Feature","id":16,"geometry":{"type":"Point","coordinates":[7.81949,44.72216]},"properties":{"OBJECTID":16,"CODIMP":"07070","NOME":"BANDITO","IMPIANTO":"F","COMUNE":"Bra","PROVINCIA":"Cuneo","REGIONE":"Piemonte","CODLINEACOMM":"K015","LINEACOMM":"CARMAGNOLA - BRA'","DOIT":"TO","SERVIZIO_MERCI":"0","SERVIZIO_VIAGGIATORI":"SI","CAP_REG":"0","CAP_P":"0","DIRAMAZ":"0","CAUSA_CHIUSURA":null}},{"type":"Feature","id":17,"geometry":{"type":"Point","coordinates":[7.84869,44.69364]},"properties":{"OBJECTID":17,"CODIMP":"07100","NOME":"BRA","IMPIANTO":"S","COMUNE":"Bra","PROVINCIA":"Cuneo","REGIONE":"Piemonte","CODLINEACOMM":"K015","LINEACOMM":"CARMAGNOLA - BRA'","DOIT":"TO","SERVIZIO_MERCI":"1","SERVIZIO_VIAGGIATORI":"SI","CAP_REG":"0","CAP_P":"0","DIRAMAZ":"1","CAUSA_CHIUSURA":null}},{"type":"Feature","id":20,"geometry":{"type":"Point","coordinates":[8.31742,45.53737]},"properties":{"OBJECTID":20,"CODIMP":"09140","NOME":"ROVASENDA","IMPIANTO":"S","COMUNE":"Rovasenda","PROVINCIA":"Vercelli","REGIONE":"Piemonte","CODLINEACOMM":"K199","LINEACOMM":"BIELLA - NOVARA (Compresa Novara Boschetto)","DOIT":"TO","SERVIZIO_MERCI":"0","SERVIZIO_VIAGGIATORI":"SI","CAP_REG":"0","CAP_P":"0","DIRAMAZ":"0","CAUSA_CHIUSURA":null}},{"type":"Feature","id":24,"geometry":{"type":"Point","coordinates":[8.176,45.5643]},"properties":{"OBJECTID":24,"CODIMP":"09060","NOME":"COSSATO","IMPIANTO":"S","COMUNE":"Cossato","PROVINCIA":"Biella","REGIONE":"Piemonte","CODLINEACOMM":"K199","LINEACOMM":"BIELLA - NOVARA (Compresa Novara Boschetto)","DOIT":"TO","SERVIZIO_MERCI":"0","SERVIZIO_VIAGGIATORI":"SI","CAP_REG":"0","CAP_P":"0","DIRAMAZ":"0","CAUSA_CHIUSURA":null}},{"type":"Feature","id":26,"geometry":{"type":"Point","coordinates":[16.98459,40.60674]},"properties":{"OBJECTID":26,"CODIMP":"76660","NOME":"PALAGIANELLO","IMPIANTO":"S","COMUNE":"Palagianello","PROVINCIA":"Taranto","REGIONE":"Puglia","CODLINEACOMM":"K159","LINEACOMM":"GIOIA DEL COLLE - TARANTO","DOIT":"BA","SERVIZIO_MERCI":"0","SERVIZIO_VIAGGIATORI":"SI","CAP_REG":"0","CAP_P":"0","DIRAMAZ":"0","CAUSA_CHIUSURA":null}},{"type":"Feature","id":29,"geometry":{"type":"Point","coordinates":[10.58221,43.33956]},"properties":{"OBJECTID":29,"CODIMP":"53610","NOME":"RIPARBELLA","IMPIANTO":"F","COMUNE":"Riparbella","PROVINCIA":"Pisa","REGIONE":"Toscana","CODLINEACOMM":"K207","LINEACOMM":"CECINA - VOLTERRA","DOIT":"FI","SERVIZIO_MERCI":"0","SERVIZIO_VIAGGIATORI":"SI","CAP_REG":"0","CAP_P":"0","DIRAMAZ":"0","CAUSA_CHIUSURA":null}},{"type":"Feature","id":30,"geometry":{"type":"Point","coordinates":[10.663,43.32867]},"properties":{"OBJECTID":30,"CODIMP":"53660","NOME":"CASINO DI TERRA","IMPIANTO":"F","COMUNE":"Guardistallo","PROVINCIA":"Pisa","REGIONE":"Toscana","CODLINEACOMM":"K207","LINEACOMM":"CECINA - VOLTERRA","DOIT":"FI","SERVIZIO_MERCI":"0","SERVIZIO_VIAGGIATORI":"SI","CAP_REG":"0","CAP_P":"0","DIRAMAZ":"0","CAUSA_CHIUSURA":null}},{"type":"Feature","id":33,"geometry":{"type":"Point","coordinates":[10.51425,43.31038]},"properties":{"OBJECTID":33,"CODIMP":"46320","NOME":"CECINA","IMPIANTO":"S","COMUNE":"Cecina","PROVINCIA":"Livorno","REGIONE":"Toscana","CODLINEACOMM":"J051","LINEACOMM":"PISA - MACCARESE [ROMA] (compresa via Vada Collesalvetti)","DOIT":"FI","SERVIZIO_MERCI":"0","SERVIZIO_VIAGGIATORI":"SI","CAP_REG":"0","CAP_P":"0","DIRAMAZ":"1","CAUSA_CHIUSURA":null}},{"type":"Feature","id":35,"geometry":{"type":"Point","coordinates":[16.24436,39.35555]},"properties":{"OBJECTID":35,"CODIMP":"85140","NOME":"CASTIGLIONE COSENTINO","IMPIANTO":"S","COMUNE":"Rende","PROVINCIA":"Cosenza","REGIONE":"Calabria","CODLINEACOMM":"K164","LINEACOMM":"PAOLA - CASTIGLIONE COSENTINO","DOIT":"RC","SERVIZIO_MERCI":"0","SERVIZIO_VIAGGIATORI":"SI","CAP_REG":"0","CAP_P":"0","DIRAMAZ":"1","CAUSA_CHIUSURA":null}},{"type":"Feature","id":36,"geometry":{"type":"Point","coordinates":[16.01145,39.40981]},"properties":{"OBJECTID":36,"CODIMP":"80480","NOME":"FUSCALDO","IMPIANTO":"S","COMUNE":"Fuscaldo","PROVINCIA":"Cosenza","REGIONE":"Calabria","CODLINEACOMM":"J075","LINEACOMM":"SALERNO - PAOLA","DOIT":"RC","SERVIZIO_MERCI":"0","SERVIZIO_VIAGGIATORI":"SI","CAP_REG":"0","CAP_P":"0","DIRAMAZ":"0","CAUSA_CHIUSURA":null}},{"type":"Feature","id":37,"geometry":{"type":"Point","coordinates":[16.03307,39.35957]},"properties":{"OBJECTID":37,"CODIMP":"80520","NOME":"PAOLA","IMPIANTO":"S","COMUNE":"Paola","PROVINCIA":"Cosenza","REGIONE":"Calabria","CODLINEACOMM":"J075","LINEACOMM":"SALERNO - PAOLA","DOIT":"RC","SERVIZIO_MERCI":"0","SERVIZIO_VIAGGIATORI":"SI","CAP_REG":"0","CAP_P":"0","DIRAMAZ":"1","CAUSA_CHIUSURA":null}},{"type":"Feature","id":38,"geometry":{"type":"Point","coordinates":[16.04552,39.31333]},"properties":{"OBJECTID":38,"CODIMP":"80580","NOME":"S.LUCIDO MARINA","IMPIANTO":"S","COMUNE":"San Lucido","PROVINCIA":"Cosenza","REGIONE":"Calabria","CODLINEACOMM":"J077","LINEACOMM":"PAOLA - REGGIO CALABRIA CENTRALE (compresa Eccellente - Rosarno)","DOIT":"RC","SERVIZIO_MERCI":"0","SERVIZIO_VIAGGIATORI":"SI","CAP_REG":"0","CAP_P":"0","DIRAMAZ":"1","CAUSA_CHIUSURA":null}},{"type":"Feature","id":42,"geometry":{"type":"Point","coordinates":[16.20875,39.60535]},"properties":{"OBJECTID":42,"CODIMP":"84900","NOME":"S.MARCO-ROGGIANO","IMPIANTO":"S","COMUNE":"San Marco Argentano","PROVINCIA":"Cosenza","REGIONE":"Calabria","CODLINEACOMM":"K168","LINEACOMM":"SIBARI - CASTIGLIONE COSENTINO","DOIT":"RC","SERVIZIO_MERCI":"0","SERVIZIO_VIAGGIATORI":"SI","CAP_REG":"0","CAP_P":"0","DIRAMAZ":"0","CAUSA_CHIUSURA":null}},{"type":"Feature","id":43,"geometry":{"type":"Point","coordinates":[13.96575,42.75177]},"properties":{"OBJECTID":43,"CODIMP":"54680","NOME":"GIULIANOVA","IMPIANTO":"S","COMUNE":"Giulianova","PROVINCIA":"Teramo","REGIONE":"Abruzzo","CODLINEACOMM":"J067","LINEACOMM":"ANCONA - FOGGIA","DOIT":"AN","SERVIZIO_MERCI":"0","SERVIZIO_VIAGGIATORI":"SI","CAP_REG":"0","CAP_P":"0","DIRAMAZ":"1","CAUSA_CHIUSURA":null}},{"type":"Feature","id":44,"geometry":{"type":"Point","coordinates":[14.01535,42.67796]},"properties":{"OBJECTID":44,"CODIMP":"54720","NOME":"ROSETO DEGLI ABRUZZI","IMPIANTO":"S","COMUNE":"Roseto Degli Abruzzi","PROVINCIA":"Teramo","REGIONE":"Abruzzo","CODLINEACOMM":"J067","LINEACOMM":"ANCONA - FOGGIA","DOIT":"AN","SERVIZIO_MERCI":"0","SERVIZIO_VIAGGIATORI":"SI","CAP_REG":"0","CAP_P":"0","DIRAMAZ":"0","CAUSA_CHIUSURA":null}},{"type":"Feature","id":45,"geometry":{"type":"Point","coordinates":[13.93901,42.80466]},"properties":{"OBJECTID":45,"CODIMP":"54650","NOME":"TORTORETO LIDO","IMPIANTO":"F","COMUNE":"Tortoreto","PROVINCIA":"Teramo","REGIONE":"Abruzzo","CODLINEACOMM":"J067","LINEACOMM":"ANCONA - FOGGIA","DOIT":"AN","SERVIZIO_MERCI":"0","SERVIZIO_VIAGGIATORI":"SI","CAP_REG":"0","CAP_P":"0","DIRAMAZ":"0","CAUSA_CHIUSURA":null}},{"type":"Feature","id":46,"geometry":{"type":"Point","coordinates":[16.26093,39.31851]},"properties":{"OBJECTID":46,"CODIMP":"85180","NOME":"COSENZA","IMPIANTO":"S","COMUNE":"Cosenza","PROVINCIA":"Cosenza","REGIONE":"Calabria","CODLINEACOMM":"K167","LINEACOMM":"CASTIGLIONE COSENTINO - COSENZA","DOIT":"RC","SERVIZIO_MERCI":"0","SERVIZIO_VIAGGIATORI":"SI","CAP_REG":"0","CAP_P":"1","DIRAMAZ":"0","CAUSA_CHIUSURA":null}},{"type":"Feature","id":48,"geometry":{"type":"Point","coordinates":[14.74483,38.15809]},"properties":{"OBJECTID":48,"CODIMP":"86260","NOME":"CAPO D'ORLANDO-NASO","IMPIANTO":"S","COMUNE":"Capo D'orlando","PROVINCIA":"Messina","REGIONE":"Sicilia","CODLINEACOMM":"K175","LINEACOMM":"MESSINA - FIUMETORTO","DOIT":"PA","SERVIZIO_MERCI":"0","SERVIZIO_VIAGGIATORI":"SI","CAP_REG":"0","CAP_P":"0","DIRAMAZ":"0","CAUSA_CHIUSURA":null}},{"type":"Feature","id":49,"geometry":{"type":"Point","coordinates":[14.70307,38.11711]},"properties":{"OBJECTID":49,"CODIMP":"86300","NOME":"ZAPPULLA","IMPIANTO":"S","COMUNE":"Torrenova","PROVINCIA":"Messina","REGIONE":"Sicilia","CODLINEACOMM":"K175","LINEACOMM":"MESSINA - FIUMETORTO","DOIT":"PA","SERVIZIO_MERCI":"0","SERVIZIO_VIAGGIATORI":"SI","CAP_REG":"0","CAP_P":"0","DIRAMAZ":"0","CAUSA_CHIUSURA":null}},{"type":"Feature","id":50,"geometry":{"type":"Point","coordinates":[14.83016,38.15935]},"properties":{"OBJECTID":50,"CODIMP":"86220","NOME":"BROLO-FICARRA","IMPIANTO":"S","COMUNE":"Brolo","PROVINCIA":"Messina","REGIONE":"Sicilia","CODLINEACOMM":"K175","LINEACOMM":"MESSINA - FIUMETORTO","DOIT":"PA","SERVIZIO_MERCI":"0","SERVIZIO_VIAGGIATORI":"SI","CAP_REG":"0","CAP_P":"0","DIRAMAZ":"0","CAUSA_CHIUSURA":null}},{"type":"Feature","id":51,"geometry":{"type":"Point","coordinates":[14.67589,38.09434]},"properties":{"OBJECTID":51,"CODIMP":"86340","NOME":"S.MARCO D'ALUNZIO-TORRENOVA","IMPIANTO":"F","COMUNE":"Torrenova","PROVINCIA":"Messina","REGIONE":"Sicilia","CODLINEACOMM":"K175","LINEACOMM":"MESSINA - FIUMETORTO","DOIT":"PA","SERVIZIO_MERCI":"0","SERVIZIO_VIAGGIATORI":"SI","CAP_REG":"0","CAP_P":"0","DIRAMAZ":"0","CAUSA_CHIUSURA":null}},{"type":"Feature","id":52,"geometry":{"type":"Point","coordinates":[14.64061,38.07369]},"properties":{"OBJECTID":52,"CODIMP":"86380","NOME":"S.AGATA DI MILITELLO","IMPIANTO":"S","COMUNE":"Sant'agata Di Militello","PROVINCIA":"Messina","REGIONE":"Sicilia","CODLINEACOMM":"K175","LINEACOMM":"MESSINA - FIUMETORTO","DOIT":"PA","SERVIZIO_MERCI":"0","SERVIZIO_VIAGGIATORI":"SI","CAP_REG":"0","CAP_P":"0","DIRAMAZ":"0","CAUSA_CHIUSURA":null}},{"type":"Feature","id":53,"geometry":{"type":"Point","coordinates":[14.58758,38.0586]},"properties":{"OBJECTID":53,"CODIMP":"86420","NOME":"ACQUEDOLCI-S.FRATELLO","IMPIANTO":"S","COMUNE":"Acquedolci","PROVINCIA":"Messina","REGIONE":"Sicilia","CODLINEACOMM":"K175","LINEACOMM":"MESSINA - FIUMETORTO","DOIT":"PA","SERVIZIO_MERCI":"0","SERVIZIO_VIAGGIATORI":"SI","CAP_REG":"0","CAP_P":"0","DIRAMAZ":"0","CAUSA_CHIUSURA":null}},{"type":"Feature","id":54,"geometry":{"type":"Point","coordinates":[14.17594,38.01815]},"properties":{"OBJECTID":54,"CODIMP":"86620","NOME":"POLLINA-S.MAURO CASTELVERDE","IMPIANTO":"S","COMUNE":"Pollina","PROVINCIA":"Palermo","REGIONE":"Sicilia","CODLINEACOMM":"K175","LINEACOMM":"MESSINA - FIUMETORTO","DOIT":"PA","SERVIZIO_MERCI":"0","SERVIZIO_VIAGGIATORI":"SI","CAP_REG":"0","CAP_P":"0","DIRAMAZ":"0","CAUSA_CHIUSURA":null}},{"type":"Feature","id":55,"geometry":{"type":"Point","coordinates":[14.25668,38.00814]},"properties":{"OBJECTID":55,"CODIMP":"86580","NOME":"TUSA","IMPIANTO":"S","COMUNE":"Tusa","PROVINCIA":"Messina","REGIONE":"Sicilia","CODLINEACOMM":"K175","LINEACOMM":"MESSINA - FIUMETORTO","DOIT":"PA","SERVIZIO_MERCI":"0","SERVIZIO_VIAGGIATORI":"SI","CAP_REG":"0","CAP_P":"0","DIRAMAZ":"0","CAUSA_CHIUSURA":null}},{"type":"Feature","id":56,"geometry":{"type":"Point","coordinates":[14.44374,38.03462]},"properties":{"OBJECTID":56,"CODIMP":"86500","NOME":"CARONIA","IMPIANTO":"S","COMUNE":"Caronia","PROVINCIA":"Messina","REGIONE":"Sicilia","CODLINEACOMM":"K175","LINEACOMM":"MESSINA - FIUMETORTO","DOIT":"PA","SERVIZIO_MERCI":"0","SERVIZIO_VIAGGIATORI":"SI","CAP_REG":"0","CAP_P":"0","DIRAMAZ":"0","CAUSA_CHIUSURA":null}},{"type":"Feature","id":57,"geometry":{"type":"Point","coordinates":[14.35176,38.01766]},"properties":{"OBJECTID":57,"CODIMP":"86540","NOME":"S.STEFANO DI CAMASTRA-MISTRETTA","IMPIANTO":"S","COMUNE":"Santo Stefano Di Camastra","PROVINCIA":"Messina","REGIONE":"Sicilia","CODLINEACOMM":"K175","LINEACOMM":"MESSINA - FIUMETORTO","DOIT":"PA","SERVIZIO_MERCI":"0","SERVIZIO_VIAGGIATORI":"SI","CAP_REG":"0","CAP_P":"0","DIRAMAZ":"0","CAUSA_CHIUSURA":null}},{"type":"Feature","id":58,"geometry":{"type":"Point","coordinates":[13.92862,38.01181]},"properties":{"OBJECTID":58,"CODIMP":"86740","NOME":"LASCARI-GRATTERI","IMPIANTO":"F","COMUNE":"Lascari","PROVINCIA":"Palermo","REGIONE":"Sicilia","CODLINEACOMM":"K175","LINEACOMM":"MESSINA - FIUMETORTO","DOIT":"PA","SERVIZIO_MERCI":"0","SERVIZIO_VIAGGIATORI":"SI","CAP_REG":"0","CAP_P":"0","DIRAMAZ":"0","CAUSA_CHIUSURA":null}},{"type":"Feature","id":59,"geometry":{"type":"Point","coordinates":[13.87654,37.99275]},"properties":{"OBJECTID":59,"CODIMP":"86780","NOME":"CAMPOFELICE","IMPIANTO":"S","COMUNE":"Campofelice Di Roccella","PROVINCIA":"Palermo","REGIONE":"Sicilia","CODLINEACOMM":"K175","LINEACOMM":"MESSINA - FIUMETORTO","DOIT":"PA","SERVIZIO_MERCI":"0","SERVIZIO_VIAGGIATORI":"SI","CAP_REG":"0","CAP_P":"0","DIRAMAZ":"0","CAUSA_CHIUSURA":null}},{"type":"Feature","id":61,"geometry":{"type":"Point","coordinates":[13.61274,38.01596]},"properties":{"OBJECTID":61,"CODIMP":"86965","NOME":"S.NICOLA (TONNARA)","IMPIANTO":"F","COMUNE":"Trabia","PROVINCIA":"Palermo","REGIONE":"Sicilia","CODLINEACOMM":"K176","LINEACOMM":"FIUMETORTO - PALERMO","DOIT":"PA","SERVIZIO_MERCI":"0","SERVIZIO_VIAGGIATORI":"SI","CAP_REG":"0","CAP_P":"0","DIRAMAZ":"0","CAUSA_CHIUSURA":null}},{"type":"Feature","id":62,"geometry":{"type":"Point","coordinates":[13.65566,37.99655]},"properties":{"OBJECTID":62,"CODIMP":"86940","NOME":"TRABIA","IMPIANTO":"F","COMUNE":"Trabia","PROVINCIA":"Palermo","REGIONE":"Sicilia","CODLINEACOMM":"K176","LINEACOMM":"FIUMETORTO - PALERMO","DOIT":"PA","SERVIZIO_MERCI":"0","SERVIZIO_VIAGGIATORI":"SI","CAP_REG":"0","CAP_P":"0","DIRAMAZ":"0","CAUSA_CHIUSURA":null}},{"type":"Feature","id":63,"geometry":{"type":"Point","coordinates":[13.70362,37.98028]},"properties":{"OBJECTID":63,"CODIMP":"86900","NOME":"TERMINI IMERESE","IMPIANTO":"S","COMUNE":"Termini Imerese","PROVINCIA":"Palermo","REGIONE":"Sicilia","CODLINEACOMM":"K176","LINEACOMM":"FIUMETORTO - PALERMO","DOIT":"PA","SERVIZIO_MERCI":"0","SERVIZIO_VIAGGIATORI":"SI","CAP_REG":"0","CAP_P":"0","DIRAMAZ":"0","CAUSA_CHIUSURA":null}},{"type":"Feature","id":64,"geometry":{"type":"Point","coordinates":[13.50721,38.09004]},"properties":{"OBJECTID":64,"CODIMP":"87060","NOME":"BAGHERIA","IMPIANTO":"S","COMUNE":"Bagheria","PROVINCIA":"Palermo","REGIONE":"Sicilia","CODLINEACOMM":"K176","LINEACOMM":"FIUMETORTO - PALERMO","DOIT":"PA","SERVIZIO_MERCI":"0","SERVIZIO_VIAGGIATORI":"SI","CAP_REG":"0","CAP_P":"0","DIRAMAZ":"0","CAUSA_CHIUSURA":null}},{"type":"Feature","id":65,"geometry":{"type":"Point","coordinates":[13.53062,38.08274]},"properties":{"OBJECTID":65,"CODIMP":"87020","NOME":"S.FLAVIA-SOLUNTO-PORTICELLO","IMPIANTO":"F","COMUNE":"Santa Flavia","PROVINCIA":"Palermo","REGIONE":"Sicilia","CODLINEACOMM":"K176","LINEACOMM":"FIUMETORTO - PALERMO","DOIT":"PA","SERVIZIO_MERCI":"0","SERVIZIO_VIAGGIATORI":"SI","CAP_REG":"0","CAP_P":"0","DIRAMAZ":"0","CAUSA_CHIUSURA":null}},{"type":"Feature","id":66,"geometry":{"type":"Point","coordinates":[14.01952,38.033]},"properties":{"OBJECTID":66,"CODIMP":"86700","NOME":"CEFALU'","IMPIANTO":"S","COMUNE":"Cefalù","PROVINCIA":"Palermo","REGIONE":"Sicilia","CODLINEACOMM":"K175","LINEACOMM":"MESSINA - FIUMETORTO","DOIT":"PA","SERVIZIO_MERCI":"0","SERVIZIO_VIAGGIATORI":"SI","CAP_REG":"0","CAP_P":"0","DIRAMAZ":"0","CAUSA_CHIUSURA":null}},{"type":"Feature","id":67,"geometry":{"type":"Point","coordinates":[13.3625,38.10224]},"properties":{"OBJECTID":67,"CODIMP":"89090","NOME":"PALERMO VESPRI","IMPIANTO":"F","COMUNE":"Palermo","PROVINCIA":"Palermo","REGIONE":"Sicilia","CODLINEACOMM":"K181","LINEACOMM":"PALERMO CENTRALE/BRANCACCIO CARINI - PUNTA RAISI","DOIT":"PA","SERVIZIO_MERCI":"0","SERVIZIO_VIAGGIATORI":"SI","CAP_REG":"0","CAP_P":"0","DIRAMAZ":"0","CAUSA_CHIUSURA":null}},{"type":"Feature","id":69,"geometry":{"type":"Point","coordinates":[13.25019,38.19481]},"properties":{"OBJECTID":69,"CODIMP":"89220","NOME":"ISOLA DELLE FEMMINE","IMPIANTO":"S","COMUNE":"Isola Delle Femmine","PROVINCIA":"Palermo","REGIONE":"Sicilia","CODLINEACOMM":"K181","LINEACOMM":"PALERMO CENTRALE/BRANCACCIO CARINI - PUNTA RAISI","DOIT":"PA","SERVIZIO_MERCI":"0","SERVIZIO_VIAGGIATORI":"SI","CAP_REG":"0","CAP_P":"0","DIRAMAZ":"0","CAUSA_CHIUSURA":null}},{"type":"Feature","id":70,"geometry":{"type":"Point","coordinates":[13.2883,38.19032]},"properties":{"OBJECTID":70,"CODIMP":"89180","NOME":"PALERMO TOMMASO NATALE","IMPIANTO":"F","COMUNE":"Palermo","PROVINCIA":"Palermo","REGIONE":"Sicilia","CODLINEACOMM":"K181","LINEACOMM":"PALERMO CENTRALE/BRANCACCIO CARINI - PUNTA RAISI","DOIT":"PA","SERVIZIO_MERCI":"0","SERVIZIO_VIAGGIATORI":"SI","CAP_REG":"0","CAP_P":"0","DIRAMAZ":"0","CAUSA_CHIUSURA":null}},{"type":"Feature","id":71,"geometry":{"type":"Point","coordinates":[13.31709,38.16245]},"properties":{"OBJECTID":71,"CODIMP":"89140","NOME":"PALERMO S.LORENZO","IMPIANTO":"S","COMUNE":"Palermo","PROVINCIA":"Palermo","REGIONE":"Sicilia","CODLINEACOMM":"K181","LINEACOMM":"PALERMO CENTRALE/BRANCACCIO CARINI - PUNTA RAISI","DOIT":"PA","SERVIZIO_MERCI":"0","SERVIZIO_VIAGGIATORI":"SI","CAP_REG":"0","CAP_P":"0","DIRAMAZ":"0","CAUSA_CHIUSURA":null}},{"type":"Feature","id":72,"geometry":{"type":"Point","coordinates":[13.32187,38.15549]},"properties":{"OBJECTID":72,"CODIMP":"89125","NOME":"PALERMO FRANCIA","IMPIANTO":"F","COMUNE":"Palermo","PROVINCIA":"Palermo","REGIONE":"Sicilia","CODLINEACOMM":"K181","LINEACOMM":"PALERMO CENTRALE/BRANCACCIO CARINI - PUNTA RAISI","DOIT":"PA","SERVIZIO_MERCI":"0","SERVIZIO_VIAGGIATORI":"SI","CAP_REG":"0","CAP_P":"0","DIRAMAZ":"0","CAUSA_CHIUSURA":null}},{"type":"Feature","id":73,"geometry":{"type":"Point","coordinates":[13.29768,38.17421]},"properties":{"OBJECTID":73,"CODIMP":"89165","NOME":"PALERMO CARDILLO","IMPIANTO":"F","COMUNE":"Palermo","PROVINCIA":"Palermo","REGIONE":"Sicilia","CODLINEACOMM":"K181","LINEACOMM":"PALERMO CENTRALE/BRANCACCIO CARINI - PUNTA RAISI","DOIT":"PA","SERVIZIO_MERCI":"0","SERVIZIO_VIAGGIATORI":"SI","CAP_REG":"0","CAP_P":"0","DIRAMAZ":"0","CAUSA_CHIUSURA":null}},{"type":"Feature","id":74,"geometry":{"type":"Point","coordinates":[13.35455,38.1089]},"properties":{"OBJECTID":74,"CODIMP":"89096","NOME":"PALAZZO REALE-ORLEANS","IMPIANTO":"S","COMUNE":"Palermo","PROVINCIA":"Palermo","REGIONE":"Sicilia","CODLINEACOMM":"K181","LINEACOMM":"PALERMO CENTRALE/BRANCACCIO CARINI - PUNTA RAISI","DOIT":"PA","SERVIZIO_MERCI":"0","SERVIZIO_VIAGGIATORI":"SI","CAP_REG":"0","CAP_P":"0","DIRAMAZ":"0","CAUSA_CHIUSURA":null}},{"type":"Feature","id":75,"geometry":{"type":"Point","coordinates":[12.91592,37.97904]},"properties":{"OBJECTID":75,"CODIMP":"89540","NOME":"ALCAMO DIRAMAZIONE","IMPIANTO":"S","COMUNE":"Calatafimi Segesta","PROVINCIA":"Trapani","REGIONE":"Sicilia","CODLINEACOMM":"K192","LINEACOMM":"ALCAMO DIRAMAZIONE - CASTELVETRANO - TRAPANI","DOIT":"PA","SERVIZIO_MERCI":"0","SERVIZIO_VIAGGIATORI":"SI","CAP_REG":"0","CAP_P":"0","DIRAMAZ":"1","CAUSA_CHIUSURA":null}},{"type":"Feature","id":77,"geometry":{"type":"Point","coordinates":[13.14255,38.16929]},"properties":{"OBJECTID":77,"CODIMP":"89310","NOME":"PIRAINETO","IMPIANTO":"S","COMUNE":"Carini","PROVINCIA":"Palermo","REGIONE":"Sicilia","CODLINEACOMM":"K181","LINEACOMM":"PALERMO CENTRALE/BRANCACCIO CARINI - PUNTA RAISI","DOIT":"PA","SERVIZIO_MERCI":"0","SERVIZIO_VIAGGIATORI":"SI","CAP_REG":"0","CAP_P":"0","DIRAMAZ":"1","CAUSA_CHIUSURA":null}},{"type":"Feature","id":78,"geometry":{"type":"Point","coordinates":[13.18662,38.14784]},"properties":{"OBJECTID":78,"CODIMP":"89300","NOME":"CARINI","IMPIANTO":"S","COMUNE":"Carini","PROVINCIA":"Palermo","REGIONE":"Sicilia","CODLINEACOMM":"K181","LINEACOMM":"PALERMO CENTRALE/BRANCACCIO CARINI - PUNTA RAISI","DOIT":"PA","SERVIZIO_MERCI":"0","SERVIZIO_VIAGGIATORI":"SI","CAP_REG":"0","CAP_P":"0","DIRAMAZ":"0","CAUSA_CHIUSURA":null}},{"type":"Feature","id":79,"geometry":{"type":"Point","coordinates":[13.03687,38.06524]},"properties":{"OBJECTID":79,"CODIMP":"89420","NOME":"TRAPPETO","IMPIANTO":"S","COMUNE":"Trappeto","PROVINCIA":"Palermo","REGIONE":"Sicilia","CODLINEACOMM":"K204","LINEACOMM":"CARINI - ALCAMO DIRAMAZIONE - TRAPANI (via Milo)","DOIT":"PA","SERVIZIO_MERCI":"0","SERVIZIO_VIAGGIATORI":"SI","CAP_REG":"0","CAP_P":"0","DIRAMAZ":"0","CAUSA_CHIUSURA":null}},{"type":"Feature","id":80,"geometry":{"type":"Point","coordinates":[13.10896,38.05872]},"properties":{"OBJECTID":80,"CODIMP":"89380","NOME":"PARTINICO","IMPIANTO":"S","COMUNE":"Partinico","PROVINCIA":"Palermo","REGIONE":"Sicilia","CODLINEACOMM":"K204","LINEACOMM":"CARINI - ALCAMO DIRAMAZIONE - TRAPANI (via Milo)","DOIT":"PA","SERVIZIO_MERCI":"0","SERVIZIO_VIAGGIATORI":"SI","CAP_REG":"0","CAP_P":"0","DIRAMAZ":"0","CAUSA_CHIUSURA":null}},{"type":"Feature","id":81,"geometry":{"type":"Point","coordinates":[13.09667,38.15546]},"properties":{"OBJECTID":81,"CODIMP":"89340","NOME":"CINISI-TERRASINI","IMPIANTO":"S","COMUNE":"Cinisi","PROVINCIA":"Palermo","REGIONE":"Sicilia","CODLINEACOMM":"K204","LINEACOMM":"CARINI - ALCAMO DIRAMAZIONE - TRAPANI (via Milo)","DOIT":"PA","SERVIZIO_MERCI":"0","SERVIZIO_VIAGGIATORI":"SI","CAP_REG":"0","CAP_P":"0","DIRAMAZ":"0","CAUSA_CHIUSURA":null}},{"type":"Feature","id":82,"geometry":{"type":"Point","coordinates":[12.91221,38.02445]},"properties":{"OBJECTID":82,"CODIMP":"89500","NOME":"CASTELLAMMARE DEL GOLFO","IMPIANTO":"S","COMUNE":"Alcamo","PROVINCIA":"Trapani","REGIONE":"Sicilia","CODLINEACOMM":"K204","LINEACOMM":"CARINI - ALCAMO DIRAMAZIONE - TRAPANI (via Milo)","DOIT":"PA","SERVIZIO_MERCI":"0","SERVIZIO_VIAGGIATORI":"SI","CAP_REG":"0","CAP_P":"0","DIRAMAZ":"0","CAUSA_CHIUSURA":null}},{"type":"Feature","id":83,"geometry":{"type":"Point","coordinates":[13.00738,38.05351]},"properties":{"OBJECTID":83,"CODIMP":"89460","NOME":"BALESTRATE","IMPIANTO":"S","COMUNE":"Balestrate","PROVINCIA":"Palermo","REGIONE":"Sicilia","CODLINEACOMM":"K204","LINEACOMM":"CARINI - ALCAMO DIRAMAZIONE - TRAPANI (via Milo)","DOIT":"PA","SERVIZIO_MERCI":"0","SERVIZIO_VIAGGIATORI":"SI","CAP_REG":"0","CAP_P":"0","DIRAMAZ":"0","CAUSA_CHIUSURA":null}},{"type":"Feature","id":86,"geometry":{"type":"Point","coordinates":[12.51881,38.01724]},"properties":{"OBJECTID":86,"CODIMP":"89820","NOME":"TRAPANI","IMPIANTO":"S","COMUNE":"Trapani","PROVINCIA":"Trapani","REGIONE":"Sicilia","CODLINEACOMM":"K192","LINEACOMM":"ALCAMO DIRAMAZIONE - CASTELVETRANO - TRAPANI","DOIT":"PA","SERVIZIO_MERCI":"0","SERVIZIO_VIAGGIATORI":"SI","CAP_REG":"0","CAP_P":"1","DIRAMAZ":"0","CAUSA_CHIUSURA":null}},{"type":"Feature","id":89,"geometry":{"type":"Point","coordinates":[13.88328,37.43195]},"properties":{"OBJECTID":89,"CODIMP":"88820","NOME":"SERRADIFALCO","IMPIANTO":"S","COMUNE":"Caltanissetta","PROVINCIA":"Caltanissetta","REGIONE":"Sicilia","CODLINEACOMM":"K201","LINEACOMM":"CALTANISETTA XIRBI - CANICATTI' - ARAGONA","DOIT":"PA","SERVIZIO_MERCI":"0","SERVIZIO_VIAGGIATORI":"SI","CAP_REG":"0","CAP_P":"0","DIRAMAZ":"0","CAUSA_CHIUSURA":null}},{"type":"Feature","id":90,"geometry":{"type":"Point","coordinates":[14.05738,37.48844]},"properties":{"OBJECTID":90,"CODIMP":"88740","NOME":"CALTANISSETTA CENTRALE","IMPIANTO":"S","COMUNE":"Caltanissetta","PROVINCIA":"Caltanissetta","REGIONE":"Sicilia","CODLINEACOMM":"K201","LINEACOMM":"CALTANISETTA XIRBI - CANICATTI' - ARAGONA","DOIT":"PA","SERVIZIO_MERCI":"0","SERVIZIO_VIAGGIATORI":"SI","CAP_REG":"0","CAP_P":"1","DIRAMAZ":"0","CAUSA_CHIUSURA":null}},{"type":"Feature","id":91,"geometry":{"type":"Point","coordinates":[14.05689,37.53644]},"properties":{"OBJECTID":91,"CODIMP":"90780","NOME":"CALTANISSETTA XIRBI","IMPIANTO":"S","COMUNE":"Caltanissetta","PROVINCIA":"Caltanissetta","REGIONE":"Sicilia","CODLINEACOMM":"K177","LINEACOMM":"CALTANISETTA XIRBI - ROCCAPALUMBA A.","DOIT":"PA","SERVIZIO_MERCI":"0","SERVIZIO_VIAGGIATORI":"SI","CAP_REG":"0","CAP_P":"0","DIRAMAZ":"1","CAUSA_CHIUSURA":null}},{"type":"Feature","id":92,"geometry":{"type":"Point","coordinates":[13.34157,38.1324]},"properties":{"OBJECTID":92,"CODIMP":"89100","NOME":"PALERMO NOTARBARTOLO","IMPIANTO":"S","COMUNE":"Palermo","PROVINCIA":"Palermo","REGIONE":"Sicilia","CODLINEACOMM":"K181","LINEACOMM":"PALERMO CENTRALE/BRANCACCIO CARINI - PUNTA RAISI","DOIT":"PA","SERVIZIO_MERCI":"0","SERVIZIO_VIAGGIATORI":"SI","CAP_REG":"0","CAP_P":"0","DIRAMAZ":"1","CAUSA_CHIUSURA":null}},{"type":"Feature","id":94,"geometry":{"type":"Point","coordinates":[13.72751,37.40621]},"properties":{"OBJECTID":94,"CODIMP":"88940","NOME":"RACALMUTO","IMPIANTO":"S","COMUNE":"Racalmuto","PROVINCIA":"Agrigento","REGIONE":"Sicilia","CODLINEACOMM":"K201","LINEACOMM":"CALTANISETTA XIRBI - CANICATTI' - ARAGONA","DOIT":"PA","SERVIZIO_MERCI":"0","SERVIZIO_VIAGGIATORI":"SI","CAP_REG":"0","CAP_P":"0","DIRAMAZ":"0","CAUSA_CHIUSURA":null}},{"type":"Feature","id":96,"geometry":{"type":"Point","coordinates":[13.70271,37.40999]},"properties":{"OBJECTID":96,"CODIMP":"88980","NOME":"GROTTE","IMPIANTO":"S","COMUNE":"Grotte","PROVINCIA":"Agrigento","REGIONE":"Sicilia","CODLINEACOMM":"K201","LINEACOMM":"CALTANISETTA XIRBI - CANICATTI' - ARAGONA","DOIT":"PA","SERVIZIO_MERCI":"0","SERVIZIO_VIAGGIATORI":"SI","CAP_REG":"0","CAP_P":"0","DIRAMAZ":"0","CAUSA_CHIUSURA":null}},{"type":"Feature","id":98,"geometry":{"type":"Point","coordinates":[13.67378,37.65391]},"properties":{"OBJECTID":98,"CODIMP":"89980","NOME":"CAMMARATA-S.GIOVANNI GEMINI","IMPIANTO":"S","COMUNE":"Cammarata","PROVINCIA":"Agrigento","REGIONE":"Sicilia","CODLINEACOMM":"K182","LINEACOMM":"ROCCAPALUMBA A. - ARAGONA CALDARE","DOIT":"PA","SERVIZIO_MERCI":"0","SERVIZIO_VIAGGIATORI":"SI","CAP_REG":"0","CAP_P":"0","DIRAMAZ":"0","CAUSA_CHIUSURA":null}},{"type":"Feature","id":99,"geometry":{"type":"Point","coordinates":[13.67492,37.5704]},"properties":{"OBJECTID":99,"CODIMP":"90020","NOME":"ACQUAVIVA-CASTELTERMINI","IMPIANTO":"S","COMUNE":"Acquaviva Platani","PROVINCIA":"Caltanissetta","REGIONE":"Sicilia","CODLINEACOMM":"K182","LINEACOMM":"ROCCAPALUMBA A. - ARAGONA CALDARE","DOIT":"PA","SERVIZIO_MERCI":"0","SERVIZIO_VIAGGIATORI":"SI","CAP_REG":"0","CAP_P":"0","DIRAMAZ":"0","CAUSA_CHIUSURA":null}},{"type":"Feature","id":100,"geometry":{"type":"Point","coordinates":[13.67362,37.79389]},"properties":{"OBJECTID":100,"CODIMP":"90540","NOME":"ROCCAPALUMBA-ALIA","IMPIANTO":"S","COMUNE":"Roccapalumba","PROVINCIA":"Palermo","REGIONE":"Sicilia","CODLINEACOMM":"K177","LINEACOMM":"CALTANISETTA XIRBI - ROCCAPALUMBA A.","DOIT":"PA","SERVIZIO_MERCI":"0","SERVIZIO_VIAGGIATORI":"SI","CAP_REG":"0","CAP_P":"0","DIRAMAZ":"0","CAUSA_CHIUSURA":null}},{"type":"Feature","id":101,"geometry":{"type":"Point","coordinates":[13.63683,37.38125]},"properties":{"OBJECTID":101,"CODIMP":"90140","NOME":"ARAGONA-CALDARE","IMPIANTO":"S","COMUNE":"Aragona","PROVINCIA":"Agrigento","REGIONE":"Sicilia","CODLINEACOMM":"K182","LINEACOMM":"ROCCAPALUMBA A. - ARAGONA CALDARE","DOIT":"PA","SERVIZIO_MERCI":"0","SERVIZIO_VIAGGIATORI":"SI","CAP_REG":"0","CAP_P":"0","DIRAMAZ":"1","CAUSA_CHIUSURA":null}},{"type":"Feature","id":102,"geometry":{"type":"Point","coordinates":[13.58809,37.31929]},"properties":{"OBJECTID":102,"CODIMP":"90180","NOME":"AGRIGENTO BASSA","IMPIANTO":"S","COMUNE":"Agrigento","PROVINCIA":"Agrigento","REGIONE":"Sicilia","CODLINEACOMM":"K183","LINEACOMM":"ARAGONA CALDARE - AGRIGENTO","DOIT":"PA","SERVIZIO_MERCI":"0","SERVIZIO_VIAGGIATORI":"SI","CAP_REG":"0","CAP_P":"0","DIRAMAZ":"1","CAUSA_CHIUSURA":null}},{"type":"Feature","id":104,"geometry":{"type":"Point","coordinates":[13.5844,37.3092]},"properties":{"OBJECTID":104,"CODIMP":"90220","NOME":"AGRIGENTO CENTRALE","IMPIANTO":"S","COMUNE":"Agrigento","PROVINCIA":"Agrigento","REGIONE":"Sicilia","CODLINEACOMM":"K183","LINEACOMM":"ARAGONA CALDARE - AGRIGENTO","DOIT":"PA","SERVIZIO_MERCI":"0","SERVIZIO_VIAGGIATORI":"SI","CAP_REG":"0","CAP_P":"1","DIRAMAZ":"0","CAUSA_CHIUSURA":null}},{"type":"Feature","id":105,"geometry":{"type":"Point","coordinates":[13.68677,37.51025]},"properties":{"OBJECTID":105,"CODIMP":"90060","NOME":"CAMPOFRANCO","IMPIANTO":"S","COMUNE":"Casteltermini","PROVINCIA":"Agrigento","REGIONE":"Sicilia","CODLINEACOMM":"K182","LINEACOMM":"ROCCAPALUMBA A. - ARAGONA CALDARE","DOIT":"PA","SERVIZIO_MERCI":"0","SERVIZIO_VIAGGIATORI":"SI","CAP_REG":"0","CAP_P":"0","DIRAMAZ":"0","CAUSA_CHIUSURA":null}},{"type":"Feature","id":109,"geometry":{"type":"Point","coordinates":[14.48399,40.70255]},"properties":{"OBJECTID":109,"CODIMP":"74040","NOME":"CASTELLAMMARE DI STABIA","IMPIANTO":"S","COMUNE":"Castellammare Di Stabia","PROVINCIA":"Napoli","REGIONE":"Campania","CODLINEACOMM":"K247","LINEACOMM":"TORRE A.CENTRALE - GRAGNANO","DOIT":"NA","SERVIZIO_MERCI":"0","SERVIZIO_VIAGGIATORI":"SI","CAP_REG":"0","CAP_P":"0","DIRAMAZ":"0","CAUSA_CHIUSURA":null}},{"type":"Feature","id":110,"geometry":{"type":"Point","coordinates":[14.525,40.92356]},"properties":{"OBJECTID":110,"CODIMP":"70880","NOME":"NOLA","IMPIANTO":"S","COMUNE":"Nola","PROVINCIA":"Napoli","REGIONE":"Campania","CODLINEACOMM":"K143","LINEACOMM":"CANCELLO - SARNO","DOIT":"NA","SERVIZIO_MERCI":"0","SERVIZIO_VIAGGIATORI":"SI","CAP_REG":"0","CAP_P":"0","DIRAMAZ":"0","CAUSA_CHIUSURA":null}},{"type":"Feature","id":111,"geometry":{"type":"Point","coordinates":[14.54039,40.86414]},"properties":{"OBJECTID":111,"CODIMP":"70920","NOME":"PALMA-S.GENNARO","IMPIANTO":"S","COMUNE":"San Gennaro Vesuviano","PROVINCIA":"Napoli","REGIONE":"Campania","CODLINEACOMM":"K143","LINEACOMM":"CANCELLO - SARNO","DOIT":"NA","SERVIZIO_MERCI":"0","SERVIZIO_VIAGGIATORI":"SI","CAP_REG":"0","CAP_P":"0","DIRAMAZ":"0","CAUSA_CHIUSURA":null}},{"type":"Feature","id":112,"geometry":{"type":"Point","coordinates":[14.61242,40.81313]},"properties":{"OBJECTID":112,"CODIMP":"70960","NOME":"SARNO","IMPIANTO":"S","COMUNE":"Sarno","PROVINCIA":"Salerno","REGIONE":"Campania","CODLINEACOMM":"K142","LINEACOMM":"SARNO - CODOLA","DOIT":"NA","SERVIZIO_MERCI":"0","SERVIZIO_VIAGGIATORI":"SI","CAP_REG":"0","CAP_P":"0","DIRAMAZ":"1","CAUSA_CHIUSURA":null}},{"type":"Feature","id":113,"geometry":{"type":"Point","coordinates":[14.47188,40.73383]},"properties":{"OBJECTID":113,"CODIMP":"74031","NOME":"ROVIGLIANO","IMPIANTO":"F","COMUNE":"Torre Annunziata","PROVINCIA":"Napoli","REGIONE":"Campania","CODLINEACOMM":"K247","LINEACOMM":"TORRE A.CENTRALE - GRAGNANO","DOIT":"NA","SERVIZIO_MERCI":"0","SERVIZIO_VIAGGIATORI":"SI","CAP_REG":"0","CAP_P":"0","DIRAMAZ":"0","CAUSA_CHIUSURA":null}},{"type":"Feature","id":114,"geometry":{"type":"Point","coordinates":[15.23532,40.63034]},"properties":{"OBJECTID":114,"CODIMP":"70220","NOME":"CONTURSI TERME","IMPIANTO":"S","COMUNE":"Contursi Terme","PROVINCIA":"Salerno","REGIONE":"Campania","CODLINEACOMM":"K136","LINEACOMM":"BATTIPAGLIA - POTENZA CENTRALE","DOIT":"NA","SERVIZIO_MERCI":"0","SERVIZIO_VIAGGIATORI":"SI","CAP_REG":"0","CAP_P":"0","DIRAMAZ":"0","CAUSA_CHIUSURA":null}},{"type":"Feature","id":115,"geometry":{"type":"Point","coordinates":[15.11398,40.59578]},"properties":{"OBJECTID":115,"CODIMP":"70180","NOME":"CAMPAGNA-SERRE-PERSANO","IMPIANTO":"S","COMUNE":"Campagna","PROVINCIA":"Salerno","REGIONE":"Campania","CODLINEACOMM":"K136","LINEACOMM":"BATTIPAGLIA - POTENZA CENTRALE","DOIT":"NA","SERVIZIO_MERCI":"0","SERVIZIO_VIAGGIATORI":"SI","CAP_REG":"0","CAP_P":"0","DIRAMAZ":"0","CAUSA_CHIUSURA":null}},{"type":"Feature","id":116,"geometry":{"type":"Point","coordinates":[15.29089,40.60568]},"properties":{"OBJECTID":116,"CODIMP":"70260","NOME":"SICIGNANO","IMPIANTO":"S","COMUNE":"Sicignano Degli Alburni","PROVINCIA":"Salerno","REGIONE":"Campania","CODLINEACOMM":"K136","LINEACOMM":"BATTIPAGLIA - POTENZA CENTRALE","DOIT":"NA","SERVIZIO_MERCI":"0","SERVIZIO_VIAGGIATORI":"SI","CAP_REG":"0","CAP_P":"0","DIRAMAZ":"1","CAUSA_CHIUSURA":null}},{"type":"Feature","id":117,"geometry":{"type":"Point","coordinates":[15.37402,40.601]},"properties":{"OBJECTID":117,"CODIMP":"70300","NOME":"BUCCINO-S.GREGORIO MAGNO","IMPIANTO":"S","COMUNE":"Buccino","PROVINCIA":"Salerno","REGIONE":"Campania","CODLINEACOMM":"K136","LINEACOMM":"BATTIPAGLIA - POTENZA CENTRALE","DOIT":"NA","SERVIZIO_MERCI":"0","SERVIZIO_VIAGGIATORI":"SI","CAP_REG":"0","CAP_P":"0","DIRAMAZ":"0","CAUSA_CHIUSURA":null}},{"type":"Feature","id":120,"geometry":{"type":"Point","coordinates":[9.27986,45.74632]},"properties":{"OBJECTID":120,"CODIMP":"20985","NOME":"CASSAGO-NIBIONNO-BULCIAGO","IMPIANTO":"F","COMUNE":"Bulciago","PROVINCIA":"Lecco","REGIONE":"Lombardia","CODLINEACOMM":"K042","LINEACOMM":"MONZA - MOLTENO","DOIT":"MI","SERVIZIO_MERCI":"0","SERVIZIO_VIAGGIATORI":"SI","CAP_REG":"0","CAP_P":"0","DIRAMAZ":"0","CAUSA_CHIUSURA":null}},{"type":"Feature","id":121,"geometry":{"type":"Point","coordinates":[9.27987,45.72838]},"properties":{"OBJECTID":121,"CODIMP":"20983","NOME":"RENATE-VEDUGGIO","IMPIANTO":"F","COMUNE":"Renate","PROVINCIA":"Milano","REGIONE":"Lombardia","CODLINEACOMM":"K042","LINEACOMM":"MONZA - MOLTENO","DOIT":"MI","SERVIZIO_MERCI":"0","SERVIZIO_VIAGGIATORI":"SI","CAP_REG":"0","CAP_P":"0","DIRAMAZ":"0","CAUSA_CHIUSURA":null}},{"type":"Feature","id":122,"geometry":{"type":"Point","coordinates":[13.36751,38.10933]},"properties":{"OBJECTID":122,"CODIMP":"87180","NOME":"PALERMO CENTRALE","IMPIANTO":"S","COMUNE":"Palermo","PROVINCIA":"Palermo","REGIONE":"Sicilia","CODLINEACOMM":"K176","LINEACOMM":"FIUMETORTO - PALERMO","DOIT":"PA","SERVIZIO_MERCI":"0","SERVIZIO_VIAGGIATORI":"SI","CAP_REG":"1","CAP_P":"1","DIRAMAZ":"0","CAUSA_CHIUSURA":null}},{"type":"Feature","id":123,"geometry":{"type":"Point","coordinates":[13.3925,38.09328]},"properties":{"OBJECTID":123,"CODIMP":"87140","NOME":"PALERMO C.LE BINARI BRANCACCIO","IMPIANTO":"LS","COMUNE":"Palermo","PROVINCIA":"Palermo","REGIONE":"Sicilia","CODLINEACOMM":"K176","LINEACOMM":"FIUMETORTO - PALERMO","DOIT":"PA","SERVIZIO_MERCI":"1","SERVIZIO_VIAGGIATORI":"SI","CAP_REG":"0","CAP_P":"0","DIRAMAZ":"1","CAUSA_CHIUSURA":null}},{"type":"Feature","id":124,"geometry":{"type":"Point","coordinates":[9.28291,45.7029]},"properties":{"OBJECTID":124,"CODIMP":"20980","NOME":"BESANA","IMPIANTO":"S","COMUNE":"Besana In Brianza","PROVINCIA":"Milano","REGIONE":"Lombardia","CODLINEACOMM":"K042","LINEACOMM":"MONZA - MOLTENO","DOIT":"MI","SERVIZIO_MERCI":"0","SERVIZIO_VIAGGIATORI":"SI","CAP_REG":"0","CAP_P":"0","DIRAMAZ":"0","CAUSA_CHIUSURA":null}},{"type":"Feature","id":125,"geometry":{"type":"Point","coordinates":[9.26159,45.6905]},"properties":{"OBJECTID":125,"CODIMP":"20945","NOME":"VILLA RAVERIO","IMPIANTO":"F","COMUNE":"Besana In Brianza","PROVINCIA":"Milano","REGIONE":"Lombardia","CODLINEACOMM":"K042","LINEACOMM":"MONZA - MOLTENO","DOIT":"MI","SERVIZIO_MERCI":"0","SERVIZIO_VIAGGIATORI":"SI","CAP_REG":"0","CAP_P":"0","DIRAMAZ":"0","CAUSA_CHIUSURA":null}},{"type":"Feature","id":127,"geometry":{"type":"Point","coordinates":[15.39138,37.97309]},"properties":{"OBJECTID":127,"CODIMP":"87560","NOME":"ROCCALUMERA-MANDANICI","IMPIANTO":"S","COMUNE":"Roccalumera","PROVINCIA":"Messina","REGIONE":"Sicilia","CODLINEACOMM":"K169","LINEACOMM":"MESSINA CENTRALE - CATANIA CENTRALE","DOIT":"PA","SERVIZIO_MERCI":"0","SERVIZIO_VIAGGIATORI":"SI","CAP_REG":"0","CAP_P":"0","DIRAMAZ":"0","CAUSA_CHIUSURA":null}},{"type":"Feature","id":128,"geometry":{"type":"Point","coordinates":[15.38,37.96186]},"properties":{"OBJECTID":128,"CODIMP":"87565","NOME":"FURCI","IMPIANTO":"F","COMUNE":"Furci Siculo","PROVINCIA":"Messina","REGIONE":"Sicilia","CODLINEACOMM":"K169","LINEACOMM":"MESSINA CENTRALE - CATANIA CENTRALE","DOIT":"PA","SERVIZIO_MERCI":"0","SERVIZIO_VIAGGIATORI":"SI","CAP_REG":"0","CAP_P":"0","DIRAMAZ":"0","CAUSA_CHIUSURA":null}},{"type":"Feature","id":130,"geometry":{"type":"Point","coordinates":[14.98323,40.60591]},"properties":{"OBJECTID":130,"CODIMP":"70080","NOME":"BATTIPAGLIA","IMPIANTO":"S","COMUNE":"Battipaglia","PROVINCIA":"Salerno","REGIONE":"Campania","CODLINEACOMM":"J075","LINEACOMM":"SALERNO - PAOLA","DOIT":"NA","SERVIZIO_MERCI":"0","SERVIZIO_VIAGGIATORI":"SI","CAP_REG":"0","CAP_P":"0","DIRAMAZ":"1","CAUSA_CHIUSURA":null}},{"type":"Feature","id":132,"geometry":{"type":"Point","coordinates":[15.56126,38.18511]},"properties":{"OBJECTID":132,"CODIMP":"85480","NOME":"MESSINA CENTRALE","IMPIANTO":"S","COMUNE":"Messina","PROVINCIA":"Messina","REGIONE":"Sicilia","CODLINEACOMM":"K169","LINEACOMM":"MESSINA CENTRALE - CATANIA CENTRALE","DOIT":"PA","SERVIZIO_MERCI":"0","SERVIZIO_VIAGGIATORI":"SI","CAP_REG":"0","CAP_P":"1","DIRAMAZ":"1","CAUSA_CHIUSURA":null}},{"type":"Feature","id":133,"geometry":{"type":"Point","coordinates":[15.36766,37.94643]},"properties":{"OBJECTID":133,"CODIMP":"87600","NOME":"S.TERESA DI RIVA","IMPIANTO":"S","COMUNE":"Santa Teresa Di Riva","PROVINCIA":"Messina","REGIONE":"Sicilia","CODLINEACOMM":"K169","LINEACOMM":"MESSINA CENTRALE - CATANIA CENTRALE","DOIT":"PA","SERVIZIO_MERCI":"0","SERVIZIO_VIAGGIATORI":"SI","CAP_REG":"0","CAP_P":"0","DIRAMAZ":"0","CAUSA_CHIUSURA":null}},{"type":"Feature","id":134,"geometry":{"type":"Point","coordinates":[15.00204,40.35164]},"properties":{"OBJECTID":134,"CODIMP":"79700","NOME":"AGROPOLI-CASTELLABATE","IMPIANTO":"S","COMUNE":"Agropoli","PROVINCIA":"Salerno","REGIONE":"Campania","CODLINEACOMM":"J075","LINEACOMM":"SALERNO - PAOLA","DOIT":"RC","SERVIZIO_MERCI":"0","SERVIZIO_VIAGGIATORI":"SI","CAP_REG":"0","CAP_P":"0","DIRAMAZ":"0","CAUSA_CHIUSURA":null}},{"type":"Feature","id":136,"geometry":{"type":"Point","coordinates":[15.01353,40.45464]},"properties":{"OBJECTID":136,"CODIMP":"79660","NOME":"CAPACCIO-ROCCADASPIDE","IMPIANTO":"S","COMUNE":"Capaccio","PROVINCIA":"Salerno","REGIONE":"Campania","CODLINEACOMM":"J075","LINEACOMM":"SALERNO - PAOLA","DOIT":"RC","SERVIZIO_MERCI":"0","SERVIZIO_VIAGGIATORI":"SI","CAP_REG":"0","CAP_P":"0","DIRAMAZ":"0","CAUSA_CHIUSURA":null}},{"type":"Feature","id":137,"geometry":{"type":"Point","coordinates":[15.0149,40.42181]},"properties":{"OBJECTID":137,"CODIMP":"79665","NOME":"PAESTUM","IMPIANTO":"F","COMUNE":"Capaccio","PROVINCIA":"Salerno","REGIONE":"Campania","CODLINEACOMM":"J075","LINEACOMM":"SALERNO - PAOLA","DOIT":"RC","SERVIZIO_MERCI":"0","SERVIZIO_VIAGGIATORI":"SI","CAP_REG":"0","CAP_P":"0","DIRAMAZ":"0","CAUSA_CHIUSURA":null}},{"type":"Feature","id":139,"geometry":{"type":"Point","coordinates":[15.13439,40.25281]},"properties":{"OBJECTID":139,"CODIMP":"79820","NOME":"OMIGNANO-SALENTO","IMPIANTO":"S","COMUNE":"Omignano","PROVINCIA":"Salerno","REGIONE":"Campania","CODLINEACOMM":"J075","LINEACOMM":"SALERNO - PAOLA","DOIT":"RC","SERVIZIO_MERCI":"0","SERVIZIO_VIAGGIATORI":"SI","CAP_REG":"0","CAP_P":"0","DIRAMAZ":"0","CAUSA_CHIUSURA":null}},{"type":"Feature","id":140,"geometry":{"type":"Point","coordinates":[15.15803,40.22973]},"properties":{"OBJECTID":140,"CODIMP":"79860","NOME":"VALLO DELLA LUCANIA-CASTELNUOVO","IMPIANTO":"S","COMUNE":"Casal Velino","PROVINCIA":"Salerno","REGIONE":"Campania","CODLINEACOMM":"J075","LINEACOMM":"SALERNO - PAOLA","DOIT":"RC","SERVIZIO_MERCI":"0","SERVIZIO_VIAGGIATORI":"SI","CAP_REG":"0","CAP_P":"0","DIRAMAZ":"0","CAUSA_CHIUSURA":null}},{"type":"Feature","id":141,"geometry":{"type":"Point","coordinates":[15.17261,40.14108]},"properties":{"OBJECTID":141,"CODIMP":"79900","NOME":"ASCEA","IMPIANTO":"S","COMUNE":"Ascea","PROVINCIA":"Salerno","REGIONE":"Campania","CODLINEACOMM":"J075","LINEACOMM":"SALERNO - PAOLA","DOIT":"RC","SERVIZIO_MERCI":"0","SERVIZIO_VIAGGIATORI":"SI","CAP_REG":"0","CAP_P":"0","DIRAMAZ":"0","CAUSA_CHIUSURA":null}},{"type":"Feature","id":142,"geometry":{"type":"Point","coordinates":[15.24359,40.09166]},"properties":{"OBJECTID":142,"CODIMP":"79940","NOME":"PISCIOTTA-PALINURO","IMPIANTO":"S","COMUNE":"Pisciotta","PROVINCIA":"Salerno","REGIONE":"Campania","CODLINEACOMM":"J075","LINEACOMM":"SALERNO - PAOLA","DOIT":"RC","SERVIZIO_MERCI":"0","SERVIZIO_VIAGGIATORI":"SI","CAP_REG":"0","CAP_P":"0","DIRAMAZ":"0","CAUSA_CHIUSURA":null}},{"type":"Feature","id":143,"geometry":{"type":"Point","coordinates":[15.39461,40.10314]},"properties":{"OBJECTID":143,"CODIMP":"80020","NOME":"CELLE BULGHERIA-ROCCAGLORIOSA","IMPIANTO":"S","COMUNE":"Celle Di Bulgheria","PROVINCIA":"Salerno","REGIONE":"Campania","CODLINEACOMM":"J075","LINEACOMM":"SALERNO - PAOLA","DOIT":"RC","SERVIZIO_MERCI":"0","SERVIZIO_VIAGGIATORI":"SI","CAP_REG":"0","CAP_P":"0","DIRAMAZ":"0","CAUSA_CHIUSURA":null}},{"type":"Feature","id":144,"geometry":{"type":"Point","coordinates":[15.34673,40.0908]},"properties":{"OBJECTID":144,"CODIMP":"79985","NOME":"CENTOLA-PALINURO-MARINA DI CAMEROTA","IMPIANTO":"F","COMUNE":"Centola","PROVINCIA":"Salerno","REGIONE":"Campania","CODLINEACOMM":"J075","LINEACOMM":"SALERNO - PAOLA","DOIT":"RC","SERVIZIO_MERCI":"0","SERVIZIO_VIAGGIATORI":"SI","CAP_REG":"0","CAP_P":"0","DIRAMAZ":"0","CAUSA_CHIUSURA":null}},{"type":"Feature","id":146,"geometry":{"type":"Point","coordinates":[15.48118,40.09914]},"properties":{"OBJECTID":146,"CODIMP":"80025","NOME":"TORRE ORSAIA","IMPIANTO":"F","COMUNE":"Torre Orsaia","PROVINCIA":"Salerno","REGIONE":"Campania","CODLINEACOMM":"J075","LINEACOMM":"SALERNO - PAOLA","DOIT":"RC","SERVIZIO_MERCI":"0","SERVIZIO_VIAGGIATORI":"SI","CAP_REG":"0","CAP_P":"0","DIRAMAZ":"0","CAUSA_CHIUSURA":null}},{"type":"Feature","id":147,"geometry":{"type":"Point","coordinates":[15.52841,40.0766]},"properties":{"OBJECTID":147,"CODIMP":"80060","NOME":"POLICASTRO-BUSENTINO","IMPIANTO":"S","COMUNE":"Santa Marina","PROVINCIA":"Salerno","REGIONE":"Campania","CODLINEACOMM":"J075","LINEACOMM":"SALERNO - PAOLA","DOIT":"RC","SERVIZIO_MERCI":"0","SERVIZIO_VIAGGIATORI":"SI","CAP_REG":"0","CAP_P":"0","DIRAMAZ":"0","CAUSA_CHIUSURA":null}},{"type":"Feature","id":148,"geometry":{"type":"Point","coordinates":[15.67183,40.03565]},"properties":{"OBJECTID":148,"CODIMP":"80105","NOME":"ACQUAFREDDA","IMPIANTO":"F","COMUNE":"Maratea","PROVINCIA":"Potenza","REGIONE":"Basilicata","CODLINEACOMM":"J075","LINEACOMM":"SALERNO - PAOLA","DOIT":"RC","SERVIZIO_MERCI":"0","SERVIZIO_VIAGGIATORI":"SI","CAP_REG":"0","CAP_P":"0","DIRAMAZ":"0","CAUSA_CHIUSURA":null}},{"type":"Feature","id":149,"geometry":{"type":"Point","coordinates":[15.70973,39.99514]},"properties":{"OBJECTID":149,"CODIMP":"80160","NOME":"MARATEA","IMPIANTO":"S","COMUNE":"Maratea","PROVINCIA":"Potenza","REGIONE":"Basilicata","CODLINEACOMM":"J075","LINEACOMM":"SALERNO - PAOLA","DOIT":"RC","SERVIZIO_MERCI":"0","SERVIZIO_VIAGGIATORI":"SI","CAP_REG":"0","CAP_P":"0","DIRAMAZ":"0","CAUSA_CHIUSURA":null}},{"type":"Feature","id":150,"geometry":{"type":"Point","coordinates":[15.62718,40.07813]},"properties":{"OBJECTID":150,"CODIMP":"80100","NOME":"SAPRI","IMPIANTO":"S","COMUNE":"Sapri","PROVINCIA":"Salerno","REGIONE":"Campania","CODLINEACOMM":"J075","LINEACOMM":"SALERNO - PAOLA","DOIT":"RC","SERVIZIO_MERCI":"0","SERVIZIO_VIAGGIATORI":"SI","CAP_REG":"0","CAP_P":"0","DIRAMAZ":"0","CAUSA_CHIUSURA":null}},{"type":"Feature","id":151,"geometry":{"type":"Point","coordinates":[15.80137,39.80842]},"properties":{"OBJECTID":151,"CODIMP":"80240","NOME":"SCALEA-S.DOMENICO-TALAO","IMPIANTO":"S","COMUNE":"Scalea","PROVINCIA":"Cosenza","REGIONE":"Calabria","CODLINEACOMM":"J075","LINEACOMM":"SALERNO - PAOLA","DOIT":"RC","SERVIZIO_MERCI":"0","SERVIZIO_VIAGGIATORI":"SI","CAP_REG":"0","CAP_P":"0","DIRAMAZ":"0","CAUSA_CHIUSURA":null}},{"type":"Feature","id":152,"geometry":{"type":"Point","coordinates":[15.82264,39.76709]},"properties":{"OBJECTID":152,"CODIMP":"80280","NOME":"MARCELLINA-VERBICARO-ORSOMARSO","IMPIANTO":"S","COMUNE":"Santa Maria Del Cedro","PROVINCIA":"Cosenza","REGIONE":"Calabria","CODLINEACOMM":"J075","LINEACOMM":"SALERNO - PAOLA","DOIT":"RC","SERVIZIO_MERCI":"0","SERVIZIO_VIAGGIATORI":"SI","CAP_REG":"0","CAP_P":"0","DIRAMAZ":"0","CAUSA_CHIUSURA":null}},{"type":"Feature","id":153,"geometry":{"type":"Point","coordinates":[15.73593,39.95963]},"properties":{"OBJECTID":153,"CODIMP":"80165","NOME":"MARINA DI MARATEA","IMPIANTO":"F","COMUNE":"Maratea","PROVINCIA":"Potenza","REGIONE":"Basilicata","CODLINEACOMM":"J075","LINEACOMM":"SALERNO - PAOLA","DOIT":"RC","SERVIZIO_MERCI":"0","SERVIZIO_VIAGGIATORI":"SI","CAP_REG":"0","CAP_P":"0","DIRAMAZ":"0","CAUSA_CHIUSURA":null}},{"type":"Feature","id":154,"geometry":{"type":"Point","coordinates":[15.82105,39.73985]},"properties":{"OBJECTID":154,"CODIMP":"80285","NOME":"GRISOLIA-S.MARIA","IMPIANTO":"F","COMUNE":"Grisolia","PROVINCIA":"Cosenza","REGIONE":"Calabria","CODLINEACOMM":"J075","LINEACOMM":"SALERNO - PAOLA","DOIT":"RC","SERVIZIO_MERCI":"0","SERVIZIO_VIAGGIATORI":"SI","CAP_REG":"0","CAP_P":"0","DIRAMAZ":"0","CAUSA_CHIUSURA":null}},{"type":"Feature","id":155,"geometry":{"type":"Point","coordinates":[15.87403,39.55847]},"properties":{"OBJECTID":155,"CODIMP":"80400","NOME":"CAPO BONIFATI","IMPIANTO":"S","COMUNE":"Bonifati","PROVINCIA":"Cosenza","REGIONE":"Calabria","CODLINEACOMM":"J075","LINEACOMM":"SALERNO - PAOLA","DOIT":"RC","SERVIZIO_MERCI":"0","SERVIZIO_VIAGGIATORI":"SI","CAP_REG":"0","CAP_P":"0","DIRAMAZ":"0","CAUSA_CHIUSURA":null}},{"type":"Feature","id":156,"geometry":{"type":"Point","coordinates":[15.93924,39.51267]},"properties":{"OBJECTID":156,"CODIMP":"80440","NOME":"CETRARO","IMPIANTO":"S","COMUNE":"Cetraro","PROVINCIA":"Cosenza","REGIONE":"Calabria","CODLINEACOMM":"J075","LINEACOMM":"SALERNO - PAOLA","DOIT":"RC","SERVIZIO_MERCI":"0","SERVIZIO_VIAGGIATORI":"SI","CAP_REG":"0","CAP_P":"0","DIRAMAZ":"0","CAUSA_CHIUSURA":null}},{"type":"Feature","id":157,"geometry":{"type":"Point","coordinates":[15.7806,39.90095]},"properties":{"OBJECTID":157,"CODIMP":"80200","NOME":"PRAJA-AJETA-TORTORA","IMPIANTO":"S","COMUNE":"Praia A Mare","PROVINCIA":"Cosenza","REGIONE":"Calabria","CODLINEACOMM":"J075","LINEACOMM":"SALERNO - PAOLA","DOIT":"RC","SERVIZIO_MERCI":"0","SERVIZIO_VIAGGIATORI":"SI","CAP_REG":"0","CAP_P":"0","DIRAMAZ":"0","CAUSA_CHIUSURA":null}},{"type":"Feature","id":158,"geometry":{"type":"Point","coordinates":[15.95597,39.48661]},"properties":{"OBJECTID":158,"CODIMP":"80445","NOME":"ACQUAPPESA","IMPIANTO":"F","COMUNE":"Acquappesa","PROVINCIA":"Cosenza","REGIONE":"Calabria","CODLINEACOMM":"J075","LINEACOMM":"SALERNO - PAOLA","DOIT":"RC","SERVIZIO_MERCI":"0","SERVIZIO_VIAGGIATORI":"SI","CAP_REG":"0","CAP_P":"0","DIRAMAZ":"0","CAUSA_CHIUSURA":null}},{"type":"Feature","id":161,"geometry":{"type":"Point","coordinates":[15.97922,39.46439]},"properties":{"OBJECTID":161,"CODIMP":"80450","NOME":"GUARDIA PIEMONTESE TERME","IMPIANTO":"F","COMUNE":"Guardia Piemontese","PROVINCIA":"Cosenza","REGIONE":"Calabria","CODLINEACOMM":"J075","LINEACOMM":"SALERNO - PAOLA","DOIT":"RC","SERVIZIO_MERCI":"0","SERVIZIO_VIAGGIATORI":"SI","CAP_REG":"0","CAP_P":"0","DIRAMAZ":"0","CAUSA_CHIUSURA":null}},{"type":"Feature","id":167,"geometry":{"type":"Point","coordinates":[12.29458,45.98988]},"properties":{"OBJECTID":167,"CODIMP":"30580","NOME":"VITTORIO VENETO","IMPIANTO":"S","COMUNE":"Vittorio Veneto","PROVINCIA":"Treviso","REGIONE":"Veneto","CODLINEACOMM":"K085","LINEACOMM":"PONTE NELLE ALPI - CONEGLIANO","DOIT":"VE","SERVIZIO_MERCI":"0","SERVIZIO_VIAGGIATORI":"SI","CAP_REG":"0","CAP_P":"0","DIRAMAZ":"0","CAUSA_CHIUSURA":null}},{"type":"Feature","id":168,"geometry":{"type":"Point","coordinates":[12.30045,45.97632]},"properties":{"OBJECTID":168,"CODIMP":"30585","NOME":"SOFFRATTA","IMPIANTO":"F","COMUNE":"Vittorio Veneto","PROVINCIA":"Treviso","REGIONE":"Veneto","CODLINEACOMM":"K085","LINEACOMM":"PONTE NELLE ALPI - CONEGLIANO","DOIT":"VE","SERVIZIO_MERCI":"0","SERVIZIO_VIAGGIATORI":"SI","CAP_REG":"0","CAP_P":"0","DIRAMAZ":"0","CAUSA_CHIUSURA":null}},{"type":"Feature","id":172,"geometry":{"type":"Point","coordinates":[16.06843,39.13448]},"properties":{"OBJECTID":172,"CODIMP":"80660","NOME":"AMANTEA","IMPIANTO":"S","COMUNE":"Amantea","PROVINCIA":"Cosenza","REGIONE":"Calabria","CODLINEACOMM":"J077","LINEACOMM":"PAOLA - REGGIO CALABRIA CENTRALE (compresa Eccellente - Rosarno)","DOIT":"RC","SERVIZIO_MERCI":"0","SERVIZIO_VIAGGIATORI":"SI","CAP_REG":"0","CAP_P":"0","DIRAMAZ":"0","CAUSA_CHIUSURA":null}},{"type":"Feature","id":175,"geometry":{"type":"Point","coordinates":[16.25555,38.92148]},"properties":{"OBJECTID":175,"CODIMP":"80820","NOME":"LAMEZIA TERME CENTRALE","IMPIANTO":"S","COMUNE":"Lamezia Terme","PROVINCIA":"Catanzaro","REGIONE":"Calabria","CODLINEACOMM":"J077","LINEACOMM":"PAOLA - REGGIO CALABRIA CENTRALE (compresa Eccellente - Rosarno)","DOIT":"RC","SERVIZIO_MERCI":"1","SERVIZIO_VIAGGIATORI":"SI","CAP_REG":"0","CAP_P":"0","DIRAMAZ":"1","CAUSA_CHIUSURA":null}},{"type":"Feature","id":176,"geometry":{"type":"Point","coordinates":[16.06001,38.57722]},"properties":{"OBJECTID":176,"CODIMP":"81000","NOME":"MILETO","IMPIANTO":"S","COMUNE":"Mileto","PROVINCIA":"Vibo Valentia","REGIONE":"Calabria","CODLINEACOMM":"J077","LINEACOMM":"PAOLA - REGGIO CALABRIA CENTRALE (compresa Eccellente - Rosarno)","DOIT":"RC","SERVIZIO_MERCI":"0","SERVIZIO_VIAGGIATORI":"SI","CAP_REG":"0","CAP_P":"0","DIRAMAZ":"0","CAUSA_CHIUSURA":null}},{"type":"Feature","id":177,"geometry":{"type":"Point","coordinates":[15.97012,38.48873]},"properties":{"OBJECTID":177,"CODIMP":"81040","NOME":"ROSARNO","IMPIANTO":"S","COMUNE":"Rosarno","PROVINCIA":"Reggio Di Calabria","REGIONE":"Calabria","CODLINEACOMM":"J077","LINEACOMM":"PAOLA - REGGIO CALABRIA CENTRALE (compresa Eccellente - Rosarno)","DOIT":"RC","SERVIZIO_MERCI":"0","SERVIZIO_VIAGGIATORI":"SI","CAP_REG":"0","CAP_P":"0","DIRAMAZ":"1","CAUSA_CHIUSURA":null}},{"type":"Feature","id":178,"geometry":{"type":"Point","coordinates":[15.7566,38.25888]},"properties":{"OBJECTID":178,"CODIMP":"81165","NOME":"FAVAZZINA","IMPIANTO":"F","COMUNE":"Scilla","PROVINCIA":"Reggio Di Calabria","REGIONE":"Calabria","CODLINEACOMM":"J077","LINEACOMM":"PAOLA - REGGIO CALABRIA CENTRALE (compresa Eccellente - Rosarno)","DOIT":"RC","SERVIZIO_MERCI":"0","SERVIZIO_VIAGGIATORI":"SI","CAP_REG":"0","CAP_P":"0","DIRAMAZ":"0","CAUSA_CHIUSURA":null}},{"type":"Feature","id":179,"geometry":{"type":"Point","coordinates":[15.71087,38.25134]},"properties":{"OBJECTID":179,"CODIMP":"81200","NOME":"SCILLA","IMPIANTO":"F","COMUNE":"Scilla","PROVINCIA":"Reggio Di Calabria","REGIONE":"Calabria","CODLINEACOMM":"J077","LINEACOMM":"PAOLA - REGGIO CALABRIA CENTRALE (compresa Eccellente - Rosarno)","DOIT":"RC","SERVIZIO_MERCI":"0","SERVIZIO_VIAGGIATORI":"SI","CAP_REG":"0","CAP_P":"0","DIRAMAZ":"0","CAUSA_CHIUSURA":null}},{"type":"Feature","id":180,"geometry":{"type":"Point","coordinates":[15.8003,38.28283]},"properties":{"OBJECTID":180,"CODIMP":"81160","NOME":"BAGNARA","IMPIANTO":"S","COMUNE":"Bagnara Calabra","PROVINCIA":"Reggio Di Calabria","REGIONE":"Calabria","CODLINEACOMM":"J077","LINEACOMM":"PAOLA - REGGIO CALABRIA CENTRALE (compresa Eccellente - Rosarno)","DOIT":"RC","SERVIZIO_MERCI":"0","SERVIZIO_VIAGGIATORI":"SI","CAP_REG":"0","CAP_P":"0","DIRAMAZ":"0","CAUSA_CHIUSURA":null}},{"type":"Feature","id":181,"geometry":{"type":"Point","coordinates":[15.65322,38.23423]},"properties":{"OBJECTID":181,"CODIMP":"81240","NOME":"VILLA S.GIOVANNI CANNITELLO","IMPIANTO":"S","COMUNE":"Villa San Giovanni","PROVINCIA":"Reggio Di Calabria","REGIONE":"Calabria","CODLINEACOMM":"J077","LINEACOMM":"PAOLA - REGGIO CALABRIA CENTRALE (compresa Eccellente - Rosarno)","DOIT":"RC","SERVIZIO_MERCI":"0","SERVIZIO_VIAGGIATORI":"SI","CAP_REG":"0","CAP_P":"0","DIRAMAZ":"0","CAUSA_CHIUSURA":null}},{"type":"Feature","id":182,"geometry":{"type":"Point","coordinates":[15.84436,38.36505]},"properties":{"OBJECTID":182,"CODIMP":"81120","NOME":"PALMI","IMPIANTO":"S","COMUNE":"Palmi","PROVINCIA":"Reggio Di Calabria","REGIONE":"Calabria","CODLINEACOMM":"J077","LINEACOMM":"PAOLA - REGGIO CALABRIA CENTRALE (compresa Eccellente - Rosarno)","DOIT":"RC","SERVIZIO_MERCI":"0","SERVIZIO_VIAGGIATORI":"SI","CAP_REG":"0","CAP_P":"0","DIRAMAZ":"0","CAUSA_CHIUSURA":null}},{"type":"Feature","id":183,"geometry":{"type":"Point","coordinates":[15.63432,38.21677]},"properties":{"OBJECTID":183,"CODIMP":"81280","NOME":"VILLA S.GIOVANNI","IMPIANTO":"S","COMUNE":"Villa San Giovanni","PROVINCIA":"Reggio Di Calabria","REGIONE":"Calabria","CODLINEACOMM":"J077","LINEACOMM":"PAOLA - REGGIO CALABRIA CENTRALE (compresa Eccellente - Rosarno)","DOIT":"RC","SERVIZIO_MERCI":"0","SERVIZIO_VIAGGIATORI":"SI","CAP_REG":"0","CAP_P":"0","DIRAMAZ":"1","CAUSA_CHIUSURA":null}},{"type":"Feature","id":184,"geometry":{"type":"Point","coordinates":[15.64119,38.18594]},"properties":{"OBJECTID":184,"CODIMP":"81290","NOME":"REGGIO DI CALABRIA CATONA","IMPIANTO":"F","COMUNE":"Reggio Di Calabria","PROVINCIA":"Reggio Di Calabria","REGIONE":"Calabria","CODLINEACOMM":"J077","LINEACOMM":"PAOLA - REGGIO CALABRIA CENTRALE (compresa Eccellente - Rosarno)","DOIT":"RC","SERVIZIO_MERCI":"0","SERVIZIO_VIAGGIATORI":"SI","CAP_REG":"0","CAP_P":"0","DIRAMAZ":"0","CAUSA_CHIUSURA":null}},{"type":"Feature","id":185,"geometry":{"type":"Point","coordinates":[15.65069,38.16538]},"properties":{"OBJECTID":185,"CODIMP":"81340","NOME":"REGGIO DI CALABRIA GALLICO","IMPIANTO":"S","COMUNE":"Reggio Di Calabria","PROVINCIA":"Reggio Di Calabria","REGIONE":"Calabria","CODLINEACOMM":"J077","LINEACOMM":"PAOLA - REGGIO CALABRIA CENTRALE (compresa Eccellente - Rosarno)","DOIT":"RC","SERVIZIO_MERCI":"0","SERVIZIO_VIAGGIATORI":"SI","CAP_REG":"0","CAP_P":"0","DIRAMAZ":"0","CAUSA_CHIUSURA":null}},{"type":"Feature","id":186,"geometry":{"type":"Point","coordinates":[15.65879,38.15089]},"properties":{"OBJECTID":186,"CODIMP":"81345","NOME":"REGGIO DI CALABRIA ARCHI","IMPIANTO":"F","COMUNE":"Reggio Di Calabria","PROVINCIA":"Reggio Di Calabria","REGIONE":"Calabria","CODLINEACOMM":"J077","LINEACOMM":"PAOLA - REGGIO CALABRIA CENTRALE (compresa Eccellente - Rosarno)","DOIT":"RC","SERVIZIO_MERCI":"0","SERVIZIO_VIAGGIATORI":"SI","CAP_REG":"0","CAP_P":"0","DIRAMAZ":"0","CAUSA_CHIUSURA":null}},{"type":"Feature","id":187,"geometry":{"type":"Point","coordinates":[15.65257,38.12718]},"properties":{"OBJECTID":187,"CODIMP":"81380","NOME":"REGGIO DI CALABRIA S.CATERINA","IMPIANTO":"F","COMUNE":"Reggio Di Calabria","PROVINCIA":"Reggio Di Calabria","REGIONE":"Calabria","CODLINEACOMM":"J077","LINEACOMM":"PAOLA - REGGIO CALABRIA CENTRALE (compresa Eccellente - Rosarno)","DOIT":"RC","SERVIZIO_MERCI":"0","SERVIZIO_VIAGGIATORI":"SI","CAP_REG":"0","CAP_P":"0","DIRAMAZ":"0","CAUSA_CHIUSURA":null}},{"type":"Feature","id":190,"geometry":{"type":"Point","coordinates":[16.12017,38.71386]},"properties":{"OBJECTID":190,"CODIMP":"81560","NOME":"VIBO MARINA","IMPIANTO":"S","COMUNE":"Vibo Valentia","PROVINCIA":"Vibo Valentia","REGIONE":"Calabria","CODLINEACOMM":"J077","LINEACOMM":"PAOLA - REGGIO CALABRIA CENTRALE (compresa Eccellente - Rosarno)","DOIT":"RC","SERVIZIO_MERCI":"0","SERVIZIO_VIAGGIATORI":"SI","CAP_REG":"0","CAP_P":"0","DIRAMAZ":"0","CAUSA_CHIUSURA":null}},{"type":"Feature","id":192,"geometry":{"type":"Point","coordinates":[16.15059,38.72646]},"properties":{"OBJECTID":192,"CODIMP":"81520","NOME":"PIZZO","IMPIANTO":"S","COMUNE":"Pizzo","PROVINCIA":"Vibo Valentia","REGIONE":"Calabria","CODLINEACOMM":"J077","LINEACOMM":"PAOLA - REGGIO CALABRIA CENTRALE (compresa Eccellente - Rosarno)","DOIT":"RC","SERVIZIO_MERCI":"0","SERVIZIO_VIAGGIATORI":"SI","CAP_REG":"0","CAP_P":"0","DIRAMAZ":"0","CAUSA_CHIUSURA":null}},{"type":"Feature","id":193,"geometry":{"type":"Point","coordinates":[16.02574,38.72558]},"properties":{"OBJECTID":193,"CODIMP":"81640","NOME":"BRIATICO","IMPIANTO":"S","COMUNE":"Briatico","PROVINCIA":"Vibo Valentia","REGIONE":"Calabria","CODLINEACOMM":"J077","LINEACOMM":"PAOLA - REGGIO CALABRIA CENTRALE (compresa Eccellente - Rosarno)","DOIT":"RC","SERVIZIO_MERCI":"0","SERVIZIO_VIAGGIATORI":"SI","CAP_REG":"0","CAP_P":"0","DIRAMAZ":"0","CAUSA_CHIUSURA":null}},{"type":"Feature","id":194,"geometry":{"type":"Point","coordinates":[15.97618,38.71288]},"properties":{"OBJECTID":194,"CODIMP":"81680","NOME":"ZAMBRONE","IMPIANTO":"F","COMUNE":"Zambrone","PROVINCIA":"Vibo Valentia","REGIONE":"Calabria","CODLINEACOMM":"J077","LINEACOMM":"PAOLA - REGGIO CALABRIA CENTRALE (compresa Eccellente - Rosarno)","DOIT":"RC","SERVIZIO_MERCI":"0","SERVIZIO_VIAGGIATORI":"SI","CAP_REG":"0","CAP_P":"0","DIRAMAZ":"0","CAUSA_CHIUSURA":null}},{"type":"Feature","id":195,"geometry":{"type":"Point","coordinates":[15.92502,38.68347]},"properties":{"OBJECTID":195,"CODIMP":"81720","NOME":"PARGHELIA","IMPIANTO":"S","COMUNE":"Parghelia","PROVINCIA":"Vibo Valentia","REGIONE":"Calabria","CODLINEACOMM":"J077","LINEACOMM":"PAOLA - REGGIO CALABRIA CENTRALE (compresa Eccellente - Rosarno)","DOIT":"RC","SERVIZIO_MERCI":"0","SERVIZIO_VIAGGIATORI":"SI","CAP_REG":"0","CAP_P":"0","DIRAMAZ":"0","CAUSA_CHIUSURA":null}},{"type":"Feature","id":196,"geometry":{"type":"Point","coordinates":[16.68879,40.20742]},"properties":{"OBJECTID":196,"CODIMP":"82100","NOME":"POLICORO-TURSI","IMPIANTO":"S","COMUNE":"Policoro","PROVINCIA":"Matera","REGIONE":"Basilicata","CODLINEACOMM":"K160","LINEACOMM":"METAPONTO - SIBARI","DOIT":"RC","SERVIZIO_MERCI":"0","SERVIZIO_VIAGGIATORI":"SI","CAP_REG":"0","CAP_P":"0","DIRAMAZ":"0","CAUSA_CHIUSURA":null}},{"type":"Feature","id":199,"geometry":{"type":"Point","coordinates":[15.93372,38.54946]},"properties":{"OBJECTID":199,"CODIMP":"81920","NOME":"NICOTERA","IMPIANTO":"S","COMUNE":"Nicotera","PROVINCIA":"Vibo Valentia","REGIONE":"Calabria","CODLINEACOMM":"J077","LINEACOMM":"PAOLA - REGGIO CALABRIA CENTRALE (compresa Eccellente - Rosarno)","DOIT":"RC","SERVIZIO_MERCI":"0","SERVIZIO_VIAGGIATORI":"SI","CAP_REG":"0","CAP_P":"0","DIRAMAZ":"0","CAUSA_CHIUSURA":null}},{"type":"Feature","id":201,"geometry":{"type":"Point","coordinates":[15.8598,38.6639]},"properties":{"OBJECTID":201,"CODIMP":"81800","NOME":"S.DOMENICA","IMPIANTO":"F","COMUNE":"Ricadi","PROVINCIA":"Vibo Valentia","REGIONE":"Calabria","CODLINEACOMM":"J077","LINEACOMM":"PAOLA - REGGIO CALABRIA CENTRALE (compresa Eccellente - Rosarno)","DOIT":"RC","SERVIZIO_MERCI":"0","SERVIZIO_VIAGGIATORI":"SI","CAP_REG":"0","CAP_P":"0","DIRAMAZ":"0","CAUSA_CHIUSURA":null}},{"type":"Feature","id":202,"geometry":{"type":"Point","coordinates":[15.83982,38.63081]},"properties":{"OBJECTID":202,"CODIMP":"81840","NOME":"RICADI CAPO VATICANO","IMPIANTO":"S","COMUNE":"Ricadi","PROVINCIA":"Vibo Valentia","REGIONE":"Calabria","CODLINEACOMM":"J077","LINEACOMM":"PAOLA - REGGIO CALABRIA CENTRALE (compresa Eccellente - Rosarno)","DOIT":"RC","SERVIZIO_MERCI":"0","SERVIZIO_VIAGGIATORI":"SI","CAP_REG":"0","CAP_P":"0","DIRAMAZ":"0","CAUSA_CHIUSURA":null}},{"type":"Feature","id":203,"geometry":{"type":"Point","coordinates":[15.89455,38.67243]},"properties":{"OBJECTID":203,"CODIMP":"81760","NOME":"TROPEA","IMPIANTO":"S","COMUNE":"Tropea","PROVINCIA":"Vibo Valentia","REGIONE":"Calabria","CODLINEACOMM":"J077","LINEACOMM":"PAOLA - REGGIO CALABRIA CENTRALE (compresa Eccellente - Rosarno)","DOIT":"RC","SERVIZIO_MERCI":"0","SERVIZIO_VIAGGIATORI":"SI","CAP_REG":"0","CAP_P":"0","DIRAMAZ":"0","CAUSA_CHIUSURA":null}},{"type":"Feature","id":208,"geometry":{"type":"Point","coordinates":[15.89701,38.58045]},"properties":{"OBJECTID":208,"CODIMP":"81880","NOME":"JOPPOLO","IMPIANTO":"F","COMUNE":"Joppolo","PROVINCIA":"Vibo Valentia","REGIONE":"Calabria","CODLINEACOMM":"J077","LINEACOMM":"PAOLA - REGGIO CALABRIA CENTRALE (compresa Eccellente - Rosarno)","DOIT":"RC","SERVIZIO_MERCI":"0","SERVIZIO_VIAGGIATORI":"SI","CAP_REG":"0","CAP_P":"0","DIRAMAZ":"0","CAUSA_CHIUSURA":null}},{"type":"Feature","id":209,"geometry":{"type":"Point","coordinates":[16.53214,39.86568]},"properties":{"OBJECTID":209,"CODIMP":"82340","NOME":"TREBISACCE","IMPIANTO":"S","COMUNE":"Trebisacce","PROVINCIA":"Cosenza","REGIONE":"Calabria","CODLINEACOMM":"K160","LINEACOMM":"METAPONTO - SIBARI","DOIT":"RC","SERVIZIO_MERCI":"0","SERVIZIO_VIAGGIATORI":"SI","CAP_REG":"0","CAP_P":"0","DIRAMAZ":"0","CAUSA_CHIUSURA":null}},{"type":"Feature","id":211,"geometry":{"type":"Point","coordinates":[11.9579,43.00256]},"properties":{"OBJECTID":211,"CODIMP":"48500","NOME":"CHIUSI-CHIANCIANO TERME","IMPIANTO":"S","COMUNE":"Chiusi","PROVINCIA":"Siena","REGIONE":"Toscana","CODLINEACOMM":"J053","LINEACOMM":"[FIRENZE] FIRENZE ROVEZZANO - FARA SABINA [ROMA] (Linea Lenta)","DOIT":"FI","SERVIZIO_MERCI":"0","SERVIZIO_VIAGGIATORI":"SI","CAP_REG":"0","CAP_P":"0","DIRAMAZ":"1","CAUSA_CHIUSURA":null}},{"type":"Feature","id":212,"geometry":{"type":"Point","coordinates":[11.52705,43.5661]},"properties":{"OBJECTID":212,"CODIMP":"47820","NOME":"S.GIOVANNI VALDARNO","IMPIANTO":"S","COMUNE":"San Giovanni Valdarno","PROVINCIA":"Arezzo","REGIONE":"Toscana","CODLINEACOMM":"J053","LINEACOMM":"[FIRENZE] FIRENZE ROVEZZANO - FARA SABINA [ROMA] (Linea Lenta)","DOIT":"FI","SERVIZIO_MERCI":"1","SERVIZIO_VIAGGIATORI":"SI","CAP_REG":"0","CAP_P":"0","DIRAMAZ":"0","CAUSA_CHIUSURA":null}},{"type":"Feature","id":213,"geometry":{"type":"Point","coordinates":[11.564,43.52526]},"properties":{"OBJECTID":213,"CODIMP":"47860","NOME":"MONTEVARCHI-TERRANUOVA","IMPIANTO":"S","COMUNE":"Montevarchi","PROVINCIA":"Arezzo","REGIONE":"Toscana","CODLINEACOMM":"J053","LINEACOMM":"[FIRENZE] FIRENZE ROVEZZANO - FARA SABINA [ROMA] (Linea Lenta)","DOIT":"FI","SERVIZIO_MERCI":"0","SERVIZIO_VIAGGIATORI":"SI","CAP_REG":"0","CAP_P":"0","DIRAMAZ":"0","CAUSA_CHIUSURA":null}},{"type":"Feature","id":215,"geometry":{"type":"Point","coordinates":[16.64083,39.60313]},"properties":{"OBJECTID":215,"CODIMP":"82560","NOME":"ROSSANO","IMPIANTO":"S","COMUNE":"Rossano","PROVINCIA":"Cosenza","REGIONE":"Calabria","CODLINEACOMM":"K161","LINEACOMM":"SIBARI - CATANZARO LIDO","DOIT":"RC","SERVIZIO_MERCI":"0","SERVIZIO_VIAGGIATORI":"SI","CAP_REG":"0","CAP_P":"0","DIRAMAZ":"0","CAUSA_CHIUSURA":null}},{"type":"Feature","id":216,"geometry":{"type":"Point","coordinates":[16.51492,39.62835]},"properties":{"OBJECTID":216,"CODIMP":"82520","NOME":"CORIGLIANO CALABRO","IMPIANTO":"S","COMUNE":"Corigliano Calabro","PROVINCIA":"Cosenza","REGIONE":"Calabria","CODLINEACOMM":"K161","LINEACOMM":"SIBARI - CATANZARO LIDO","DOIT":"RC","SERVIZIO_MERCI":"0","SERVIZIO_VIAGGIATORI":"SI","CAP_REG":"0","CAP_P":"0","DIRAMAZ":"0","CAUSA_CHIUSURA":null}},{"type":"Feature","id":217,"geometry":{"type":"Point","coordinates":[16.77733,39.60499]},"properties":{"OBJECTID":217,"CODIMP":"82600","NOME":"MIRTO-CROSIA","IMPIANTO":"S","COMUNE":"Crosia","PROVINCIA":"Cosenza","REGIONE":"Calabria","CODLINEACOMM":"K161","LINEACOMM":"SIBARI - CATANZARO LIDO","DOIT":"RC","SERVIZIO_MERCI":"0","SERVIZIO_VIAGGIATORI":"SI","CAP_REG":"0","CAP_P":"0","DIRAMAZ":"0","CAUSA_CHIUSURA":null}},{"type":"Feature","id":218,"geometry":{"type":"Point","coordinates":[16.81933,39.57915]},"properties":{"OBJECTID":218,"CODIMP":"82640","NOME":"CALOPEZZATI","IMPIANTO":"S","COMUNE":"Calopezzati","PROVINCIA":"Cosenza","REGIONE":"Calabria","CODLINEACOMM":"K161","LINEACOMM":"SIBARI - CATANZARO LIDO","DOIT":"RC","SERVIZIO_MERCI":"0","SERVIZIO_VIAGGIATORI":"SI","CAP_REG":"0","CAP_P":"0","DIRAMAZ":"0","CAUSA_CHIUSURA":null}},{"type":"Feature","id":220,"geometry":{"type":"Point","coordinates":[16.8931,39.52556]},"properties":{"OBJECTID":220,"CODIMP":"82680","NOME":"MANDATORICCIO-CAMPANA","IMPIANTO":"S","COMUNE":"Mandatoriccio","PROVINCIA":"Cosenza","REGIONE":"Calabria","CODLINEACOMM":"K161","LINEACOMM":"SIBARI - CATANZARO LIDO","DOIT":"RC","SERVIZIO_MERCI":"0","SERVIZIO_VIAGGIATORI":"SI","CAP_REG":"0","CAP_P":"0","DIRAMAZ":"0","CAUSA_CHIUSURA":null}},{"type":"Feature","id":221,"geometry":{"type":"Point","coordinates":[16.95198,39.49701]},"properties":{"OBJECTID":221,"CODIMP":"82720","NOME":"CARIATI","IMPIANTO":"S","COMUNE":"Cariati","PROVINCIA":"Cosenza","REGIONE":"Calabria","CODLINEACOMM":"K161","LINEACOMM":"SIBARI - CATANZARO LIDO","DOIT":"RC","SERVIZIO_MERCI":"0","SERVIZIO_VIAGGIATORI":"SI","CAP_REG":"0","CAP_P":"0","DIRAMAZ":"0","CAUSA_CHIUSURA":null}},{"type":"Feature","id":222,"geometry":{"type":"Point","coordinates":[11.43176,43.20918]},"properties":{"OBJECTID":222,"CODIMP":"53480","NOME":"MONTERONI D'ARBIA","IMPIANTO":"S","COMUNE":"Monteroni D'arbia","PROVINCIA":"Siena","REGIONE":"Toscana","CODLINEACOMM":"K228","LINEACOMM":"SIENA - MONTE ANTICO - MONTEPESCALI","DOIT":"FI","SERVIZIO_MERCI":"0","SERVIZIO_VIAGGIATORI":"SI","CAP_REG":"0","CAP_P":"0","DIRAMAZ":"0","CAUSA_CHIUSURA":null}},{"type":"Feature","id":223,"geometry":{"type":"Point","coordinates":[11.48378,43.1356]},"properties":{"OBJECTID":223,"CODIMP":"53520","NOME":"BUONCONVENTO","IMPIANTO":"S","COMUNE":"Buonconvento","PROVINCIA":"Siena","REGIONE":"Toscana","CODLINEACOMM":"K228","LINEACOMM":"SIENA - MONTE ANTICO - MONTEPESCALI","DOIT":"FI","SERVIZIO_MERCI":"0","SERVIZIO_VIAGGIATORI":"SI","CAP_REG":"0","CAP_P":"0","DIRAMAZ":"0","CAUSA_CHIUSURA":null}},{"type":"Feature","id":224,"geometry":{"type":"Point","coordinates":[11.41967,43.23014]},"properties":{"OBJECTID":224,"CODIMP":"53445","NOME":"PONTE A TRESSA","IMPIANTO":"F","COMUNE":"Monteroni D'arbia","PROVINCIA":"Siena","REGIONE":"Toscana","CODLINEACOMM":"K228","LINEACOMM":"SIENA - MONTE ANTICO - MONTEPESCALI","DOIT":"FI","SERVIZIO_MERCI":"0","SERVIZIO_VIAGGIATORI":"SI","CAP_REG":"0","CAP_P":"0","DIRAMAZ":"0","CAUSA_CHIUSURA":null}},{"type":"Feature","id":226,"geometry":{"type":"Point","coordinates":[17.10839,39.08463]},"properties":{"OBJECTID":226,"CODIMP":"82960","NOME":"CROTONE","IMPIANTO":"S","COMUNE":"Crotone","PROVINCIA":"Crotone","REGIONE":"Calabria","CODLINEACOMM":"K161","LINEACOMM":"SIBARI - CATANZARO LIDO","DOIT":"RC","SERVIZIO_MERCI":"0","SERVIZIO_VIAGGIATORI":"SI","CAP_REG":"0","CAP_P":"1","DIRAMAZ":"0","CAUSA_CHIUSURA":null}},{"type":"Feature","id":227,"geometry":{"type":"Point","coordinates":[17.10823,39.22827]},"properties":{"OBJECTID":227,"CODIMP":"82880","NOME":"STRONGOLI","IMPIANTO":"S","COMUNE":"Strongoli","PROVINCIA":"Crotone","REGIONE":"Calabria","CODLINEACOMM":"K161","LINEACOMM":"SIBARI - CATANZARO LIDO","DOIT":"RC","SERVIZIO_MERCI":"0","SERVIZIO_VIAGGIATORI":"SI","CAP_REG":"0","CAP_P":"0","DIRAMAZ":"0","CAUSA_CHIUSURA":null}},{"type":"Feature","id":228,"geometry":{"type":"Point","coordinates":[17.10837,39.30452]},"properties":{"OBJECTID":228,"CODIMP":"82840","NOME":"TORRE MELISSA","IMPIANTO":"S","COMUNE":"Melissa","PROVINCIA":"Crotone","REGIONE":"Calabria","CODLINEACOMM":"K161","LINEACOMM":"SIBARI - CATANZARO LIDO","DOIT":"RC","SERVIZIO_MERCI":"0","SERVIZIO_VIAGGIATORI":"SI","CAP_REG":"0","CAP_P":"0","DIRAMAZ":"0","CAUSA_CHIUSURA":null}},{"type":"Feature","id":229,"geometry":{"type":"Point","coordinates":[17.11696,39.36883]},"properties":{"OBJECTID":229,"CODIMP":"82800","NOME":"CIRO'","IMPIANTO":"S","COMUNE":"Cirò Marina","PROVINCIA":"Crotone","REGIONE":"Calabria","CODLINEACOMM":"K161","LINEACOMM":"SIBARI - CATANZARO LIDO","DOIT":"RC","SERVIZIO_MERCI":"0","SERVIZIO_VIAGGIATORI":"SI","CAP_REG":"0","CAP_P":"0","DIRAMAZ":"0","CAUSA_CHIUSURA":null}},{"type":"Feature","id":230,"geometry":{"type":"Point","coordinates":[11.40041,43.11408]},"properties":{"OBJECTID":230,"CODIMP":"53523","NOME":"MURLO","IMPIANTO":"F","COMUNE":"Murlo","PROVINCIA":"Siena","REGIONE":"Toscana","CODLINEACOMM":"K228","LINEACOMM":"SIENA - MONTE ANTICO - MONTEPESCALI","DOIT":"FI","SERVIZIO_MERCI":"0","SERVIZIO_VIAGGIATORI":"SI","CAP_REG":"0","CAP_P":"0","DIRAMAZ":"0","CAUSA_CHIUSURA":null}},{"type":"Feature","id":232,"geometry":{"type":"Point","coordinates":[16.21048,39.49468]},"properties":{"OBJECTID":232,"CODIMP":"84980","NOME":"TORANO-LATTARICO","IMPIANTO":"S","COMUNE":"Bisignano","PROVINCIA":"Cosenza","REGIONE":"Calabria","CODLINEACOMM":"K168","LINEACOMM":"SIBARI - CASTIGLIONE COSENTINO","DOIT":"RC","SERVIZIO_MERCI":"0","SERVIZIO_VIAGGIATORI":"SI","CAP_REG":"0","CAP_P":"0","DIRAMAZ":"0","CAUSA_CHIUSURA":null}},{"type":"Feature","id":234,"geometry":{"type":"Point","coordinates":[16.81353,38.9221]},"properties":{"OBJECTID":234,"CODIMP":"83200","NOME":"CROPANI","IMPIANTO":"S","COMUNE":"Cropani","PROVINCIA":"Catanzaro","REGIONE":"Calabria","CODLINEACOMM":"K161","LINEACOMM":"SIBARI - CATANZARO LIDO","DOIT":"RC","SERVIZIO_MERCI":"0","SERVIZIO_VIAGGIATORI":"SI","CAP_REG":"0","CAP_P":"0","DIRAMAZ":"0","CAUSA_CHIUSURA":null}},{"type":"Feature","id":236,"geometry":{"type":"Point","coordinates":[16.96378,39.02606]},"properties":{"OBJECTID":236,"CODIMP":"83040","NOME":"CUTRO","IMPIANTO":"S","COMUNE":"Cutro","PROVINCIA":"Crotone","REGIONE":"Calabria","CODLINEACOMM":"K161","LINEACOMM":"SIBARI - CATANZARO LIDO","DOIT":"RC","SERVIZIO_MERCI":"0","SERVIZIO_VIAGGIATORI":"SI","CAP_REG":"0","CAP_P":"0","DIRAMAZ":"0","CAUSA_CHIUSURA":null}},{"type":"Feature","id":239,"geometry":{"type":"Point","coordinates":[16.54191,38.72868]},"properties":{"OBJECTID":239,"CODIMP":"83360","NOME":"MONTEPAONE-MONTAURO","IMPIANTO":"F","COMUNE":"Montepaone","PROVINCIA":"Catanzaro","REGIONE":"Calabria","CODLINEACOMM":"K162","LINEACOMM":"CATANZARO LIDO - REGGIO CALABRIA CENTRALE","DOIT":"RC","SERVIZIO_MERCI":"0","SERVIZIO_VIAGGIATORI":"SI","CAP_REG":"0","CAP_P":"0","DIRAMAZ":"0","CAUSA_CHIUSURA":null}},{"type":"Feature","id":240,"geometry":{"type":"Point","coordinates":[16.54939,38.68447]},"properties":{"OBJECTID":240,"CODIMP":"83400","NOME":"SOVERATO","IMPIANTO":"S","COMUNE":"Soverato","PROVINCIA":"Catanzaro","REGIONE":"Calabria","CODLINEACOMM":"K162","LINEACOMM":"CATANZARO LIDO - REGGIO CALABRIA CENTRALE","DOIT":"RC","SERVIZIO_MERCI":"0","SERVIZIO_VIAGGIATORI":"SI","CAP_REG":"0","CAP_P":"0","DIRAMAZ":"0","CAUSA_CHIUSURA":null}},{"type":"Feature","id":241,"geometry":{"type":"Point","coordinates":[16.8574,38.93407]},"properties":{"OBJECTID":241,"CODIMP":"83160","NOME":"BOTRICELLO","IMPIANTO":"S","COMUNE":"Botricello","PROVINCIA":"Catanzaro","REGIONE":"Calabria","CODLINEACOMM":"K161","LINEACOMM":"SIBARI - CATANZARO LIDO","DOIT":"RC","SERVIZIO_MERCI":"0","SERVIZIO_VIAGGIATORI":"SI","CAP_REG":"0","CAP_P":"0","DIRAMAZ":"0","CAUSA_CHIUSURA":null}},{"type":"Feature","id":244,"geometry":{"type":"Point","coordinates":[16.61295,38.82192]},"properties":{"OBJECTID":244,"CODIMP":"83280","NOME":"CATANZARO LIDO","IMPIANTO":"S","COMUNE":"Catanzaro","PROVINCIA":"Catanzaro","REGIONE":"Calabria","CODLINEACOMM":"K161","LINEACOMM":"SIBARI - CATANZARO LIDO","DOIT":"RC","SERVIZIO_MERCI":"0","SERVIZIO_VIAGGIATORI":"SI","CAP_REG":"0","CAP_P":"0","DIRAMAZ":"1","CAUSA_CHIUSURA":null}},{"type":"Feature","id":246,"geometry":{"type":"Point","coordinates":[16.56762,38.5724]},"properties":{"OBJECTID":246,"CODIMP":"83480","NOME":"BADOLATO","IMPIANTO":"S","COMUNE":"Badolato","PROVINCIA":"Catanzaro","REGIONE":"Calabria","CODLINEACOMM":"K162","LINEACOMM":"CATANZARO LIDO - REGGIO CALABRIA CENTRALE","DOIT":"RC","SERVIZIO_MERCI":"0","SERVIZIO_VIAGGIATORI":"SI","CAP_REG":"0","CAP_P":"0","DIRAMAZ":"0","CAUSA_CHIUSURA":null}},{"type":"Feature","id":247,"geometry":{"type":"Point","coordinates":[16.57107,38.53059]},"properties":{"OBJECTID":247,"CODIMP":"83520","NOME":"S.CATERINA DELLO JONIO","IMPIANTO":"S","COMUNE":"Santa Caterina Dello Ionio","PROVINCIA":"Catanzaro","REGIONE":"Calabria","CODLINEACOMM":"K162","LINEACOMM":"CATANZARO LIDO - REGGIO CALABRIA CENTRALE","DOIT":"RC","SERVIZIO_MERCI":"0","SERVIZIO_VIAGGIATORI":"SI","CAP_REG":"0","CAP_P":"0","DIRAMAZ":"0","CAUSA_CHIUSURA":null}},{"type":"Feature","id":249,"geometry":{"type":"Point","coordinates":[16.46724,38.34393]},"properties":{"OBJECTID":249,"CODIMP":"83680","NOME":"CAULONIA","IMPIANTO":"S","COMUNE":"Caulonia","PROVINCIA":"Reggio Di Calabria","REGIONE":"Calabria","CODLINEACOMM":"K162","LINEACOMM":"CATANZARO LIDO - REGGIO CALABRIA CENTRALE","DOIT":"RC","SERVIZIO_MERCI":"0","SERVIZIO_VIAGGIATORI":"SI","CAP_REG":"0","CAP_P":"0","DIRAMAZ":"0","CAUSA_CHIUSURA":null}},{"type":"Feature","id":250,"geometry":{"type":"Point","coordinates":[16.57889,38.4804]},"properties":{"OBJECTID":250,"CODIMP":"83560","NOME":"GUARDAVALLE","IMPIANTO":"S","COMUNE":"Guardavalle","PROVINCIA":"Catanzaro","REGIONE":"Calabria","CODLINEACOMM":"K162","LINEACOMM":"CATANZARO LIDO - REGGIO CALABRIA CENTRALE","DOIT":"RC","SERVIZIO_MERCI":"0","SERVIZIO_VIAGGIATORI":"SI","CAP_REG":"0","CAP_P":"0","DIRAMAZ":"0","CAUSA_CHIUSURA":null}},{"type":"Feature","id":251,"geometry":{"type":"Point","coordinates":[16.32001,38.96691]},"properties":{"OBJECTID":251,"CODIMP":"85280","NOME":"LAMEZIA TERME NICASTRO","IMPIANTO":"S","COMUNE":"Lamezia Terme","PROVINCIA":"Catanzaro","REGIONE":"Calabria","CODLINEACOMM":"K163","LINEACOMM":"CATANZARO LIDO - LAMEZIA TERME","DOIT":"RC","SERVIZIO_MERCI":"0","SERVIZIO_VIAGGIATORI":"SI","CAP_REG":"0","CAP_P":"0","DIRAMAZ":"0","CAUSA_CHIUSURA":null}},{"type":"Feature","id":253,"geometry":{"type":"Point","coordinates":[16.57441,38.43773]},"properties":{"OBJECTID":253,"CODIMP":"83600","NOME":"MONASTERACE-STILO","IMPIANTO":"S","COMUNE":"Monasterace","PROVINCIA":"Reggio Di Calabria","REGIONE":"Calabria","CODLINEACOMM":"K162","LINEACOMM":"CATANZARO LIDO - REGGIO CALABRIA CENTRALE","DOIT":"RC","SERVIZIO_MERCI":"0","SERVIZIO_VIAGGIATORI":"SI","CAP_REG":"0","CAP_P":"0","DIRAMAZ":"0","CAUSA_CHIUSURA":null}},{"type":"Feature","id":254,"geometry":{"type":"Point","coordinates":[16.40688,38.32218]},"properties":{"OBJECTID":254,"CODIMP":"83720","NOME":"ROCCELLA JONICA","IMPIANTO":"S","COMUNE":"Roccella Jonica","PROVINCIA":"Reggio Di Calabria","REGIONE":"Calabria","CODLINEACOMM":"K162","LINEACOMM":"CATANZARO LIDO - REGGIO CALABRIA CENTRALE","DOIT":"RC","SERVIZIO_MERCI":"0","SERVIZIO_VIAGGIATORI":"SI","CAP_REG":"0","CAP_P":"0","DIRAMAZ":"0","CAUSA_CHIUSURA":null}},{"type":"Feature","id":256,"geometry":{"type":"Point","coordinates":[16.28494,38.96005]},"properties":{"OBJECTID":256,"CODIMP":"85240","NOME":"LAMEZIA TERME SAMBIASE","IMPIANTO":"F","COMUNE":"Lamezia Terme","PROVINCIA":"Catanzaro","REGIONE":"Calabria","CODLINEACOMM":"K163","LINEACOMM":"CATANZARO LIDO - LAMEZIA TERME","DOIT":"RC","SERVIZIO_MERCI":"0","SERVIZIO_VIAGGIATORI":"SI","CAP_REG":"0","CAP_P":"0","DIRAMAZ":"0","CAUSA_CHIUSURA":null}},{"type":"Feature","id":258,"geometry":{"type":"Point","coordinates":[16.33247,38.30095]},"properties":{"OBJECTID":258,"CODIMP":"83760","NOME":"GIOIOSA JONICA","IMPIANTO":"S","COMUNE":"Marina Di Gioiosa Jonica","PROVINCIA":"Reggio Di Calabria","REGIONE":"Calabria","CODLINEACOMM":"K162","LINEACOMM":"CATANZARO LIDO - REGGIO CALABRIA CENTRALE","DOIT":"RC","SERVIZIO_MERCI":"0","SERVIZIO_VIAGGIATORI":"SI","CAP_REG":"0","CAP_P":"0","DIRAMAZ":"0","CAUSA_CHIUSURA":null}},{"type":"Feature","id":259,"geometry":{"type":"Point","coordinates":[16.30197,38.27094]},"properties":{"OBJECTID":259,"CODIMP":"83800","NOME":"SIDERNO","IMPIANTO":"S","COMUNE":"Siderno","PROVINCIA":"Reggio Di Calabria","REGIONE":"Calabria","CODLINEACOMM":"K162","LINEACOMM":"CATANZARO LIDO - REGGIO CALABRIA CENTRALE","DOIT":"RC","SERVIZIO_MERCI":"0","SERVIZIO_VIAGGIATORI":"SI","CAP_REG":"0","CAP_P":"0","DIRAMAZ":"0","CAUSA_CHIUSURA":null}},{"type":"Feature","id":260,"geometry":{"type":"Point","coordinates":[16.26476,38.2333]},"properties":{"OBJECTID":260,"CODIMP":"83840","NOME":"LOCRI","IMPIANTO":"S","COMUNE":"Locri","PROVINCIA":"Reggio Di Calabria","REGIONE":"Calabria","CODLINEACOMM":"K162","LINEACOMM":"CATANZARO LIDO - REGGIO CALABRIA CENTRALE","DOIT":"RC","SERVIZIO_MERCI":"0","SERVIZIO_VIAGGIATORI":"SI","CAP_REG":"0","CAP_P":"0","DIRAMAZ":"0","CAUSA_CHIUSURA":null}},{"type":"Feature","id":261,"geometry":{"type":"Point","coordinates":[16.20728,38.17584]},"properties":{"OBJECTID":261,"CODIMP":"83880","NOME":"ARDORE","IMPIANTO":"S","COMUNE":"Ardore","PROVINCIA":"Reggio Di Calabria","REGIONE":"Calabria","CODLINEACOMM":"K162","LINEACOMM":"CATANZARO LIDO - REGGIO CALABRIA CENTRALE","DOIT":"RC","SERVIZIO_MERCI":"0","SERVIZIO_VIAGGIATORI":"SI","CAP_REG":"0","CAP_P":"0","DIRAMAZ":"0","CAUSA_CHIUSURA":null}},{"type":"Feature","id":262,"geometry":{"type":"Point","coordinates":[16.18056,38.14923]},"properties":{"OBJECTID":262,"CODIMP":"83920","NOME":"BOVALINO","IMPIANTO":"S","COMUNE":"Bovalino","PROVINCIA":"Reggio Di Calabria","REGIONE":"Calabria","CODLINEACOMM":"K162","LINEACOMM":"CATANZARO LIDO - REGGIO CALABRIA CENTRALE","DOIT":"RC","SERVIZIO_MERCI":"0","SERVIZIO_VIAGGIATORI":"SI","CAP_REG":"0","CAP_P":"0","DIRAMAZ":"0","CAUSA_CHIUSURA":null}},{"type":"Feature","id":263,"geometry":{"type":"Point","coordinates":[16.15332,38.08921]},"properties":{"OBJECTID":263,"CODIMP":"83960","NOME":"BIANCO","IMPIANTO":"S","COMUNE":"Bianco","PROVINCIA":"Reggio Di Calabria","REGIONE":"Calabria","CODLINEACOMM":"K162","LINEACOMM":"CATANZARO LIDO - REGGIO CALABRIA CENTRALE","DOIT":"RC","SERVIZIO_MERCI":"0","SERVIZIO_VIAGGIATORI":"SI","CAP_REG":"0","CAP_P":"0","DIRAMAZ":"0","CAUSA_CHIUSURA":null}},{"type":"Feature","id":264,"geometry":{"type":"Point","coordinates":[16.14425,38.0539]},"properties":{"OBJECTID":264,"CODIMP":"84000","NOME":"AFRICO NUOVO","IMPIANTO":"F","COMUNE":"Africo","PROVINCIA":"Reggio Di Calabria","REGIONE":"Calabria","CODLINEACOMM":"K162","LINEACOMM":"CATANZARO LIDO - REGGIO CALABRIA CENTRALE","DOIT":"RC","SERVIZIO_MERCI":"0","SERVIZIO_VIAGGIATORI":"SI","CAP_REG":"0","CAP_P":"0","DIRAMAZ":"0","CAUSA_CHIUSURA":null}},{"type":"Feature","id":265,"geometry":{"type":"Point","coordinates":[15.43516,38.01409]},"properties":{"OBJECTID":265,"CODIMP":"87480","NOME":"ALI' TERME","IMPIANTO":"S","COMUNE":"Alì Terme","PROVINCIA":"Messina","REGIONE":"Sicilia","CODLINEACOMM":"K169","LINEACOMM":"MESSINA CENTRALE - CATANIA CENTRALE","DOIT":"PA","SERVIZIO_MERCI":"0","SERVIZIO_VIAGGIATORI":"SI","CAP_REG":"0","CAP_P":"0","DIRAMAZ":"0","CAUSA_CHIUSURA":null}},{"type":"Feature","id":266,"geometry":{"type":"Point","coordinates":[15.41231,37.99708]},"properties":{"OBJECTID":266,"CODIMP":"87520","NOME":"NIZZA DI SICILIA","IMPIANTO":"F","COMUNE":"Nizza Di Sicilia","PROVINCIA":"Messina","REGIONE":"Sicilia","CODLINEACOMM":"K169","LINEACOMM":"MESSINA CENTRALE - CATANIA CENTRALE","DOIT":"PA","SERVIZIO_MERCI":"0","SERVIZIO_VIAGGIATORI":"SI","CAP_REG":"0","CAP_P":"0","DIRAMAZ":"0","CAUSA_CHIUSURA":null}},{"type":"Feature","id":267,"geometry":{"type":"Point","coordinates":[15.92387,37.93041]},"properties":{"OBJECTID":267,"CODIMP":"84200","NOME":"BOVA MARINA","IMPIANTO":"S","COMUNE":"Bova Marina","PROVINCIA":"Reggio Di Calabria","REGIONE":"Calabria","CODLINEACOMM":"K162","LINEACOMM":"CATANZARO LIDO - REGGIO CALABRIA CENTRALE","DOIT":"RC","SERVIZIO_MERCI":"0","SERVIZIO_VIAGGIATORI":"SI","CAP_REG":"0","CAP_P":"0","DIRAMAZ":"0","CAUSA_CHIUSURA":null}},{"type":"Feature","id":268,"geometry":{"type":"Point","coordinates":[15.98637,37.91895]},"properties":{"OBJECTID":268,"CODIMP":"84160","NOME":"PALIZZI","IMPIANTO":"S","COMUNE":"Palizzi","PROVINCIA":"Reggio Di Calabria","REGIONE":"Calabria","CODLINEACOMM":"K162","LINEACOMM":"CATANZARO LIDO - REGGIO CALABRIA CENTRALE","DOIT":"RC","SERVIZIO_MERCI":"0","SERVIZIO_VIAGGIATORI":"SI","CAP_REG":"0","CAP_P":"0","DIRAMAZ":"0","CAUSA_CHIUSURA":null}},{"type":"Feature","id":270,"geometry":{"type":"Point","coordinates":[16.13445,38.01644]},"properties":{"OBJECTID":270,"CODIMP":"84040","NOME":"FERRUZZANO","IMPIANTO":"S","COMUNE":"Ferruzzano","PROVINCIA":"Reggio Di Calabria","REGIONE":"Calabria","CODLINEACOMM":"K162","LINEACOMM":"CATANZARO LIDO - REGGIO CALABRIA CENTRALE","DOIT":"RC","SERVIZIO_MERCI":"0","SERVIZIO_VIAGGIATORI":"SI","CAP_REG":"0","CAP_P":"0","DIRAMAZ":"0","CAUSA_CHIUSURA":null}},{"type":"Feature","id":271,"geometry":{"type":"Point","coordinates":[16.10327,37.96562]},"properties":{"OBJECTID":271,"CODIMP":"84080","NOME":"BRANCALEONE","IMPIANTO":"S","COMUNE":"Brancaleone","PROVINCIA":"Reggio Di Calabria","REGIONE":"Calabria","CODLINEACOMM":"K162","LINEACOMM":"CATANZARO LIDO - REGGIO CALABRIA CENTRALE","DOIT":"RC","SERVIZIO_MERCI":"0","SERVIZIO_VIAGGIATORI":"SI","CAP_REG":"0","CAP_P":"0","DIRAMAZ":"0","CAUSA_CHIUSURA":null}},{"type":"Feature","id":272,"geometry":{"type":"Point","coordinates":[15.87492,37.92775]},"properties":{"OBJECTID":272,"CODIMP":"84240","NOME":"CONDOFURI","IMPIANTO":"S","COMUNE":"Condofuri","PROVINCIA":"Reggio Di Calabria","REGIONE":"Calabria","CODLINEACOMM":"K162","LINEACOMM":"CATANZARO LIDO - REGGIO CALABRIA CENTRALE","DOIT":"RC","SERVIZIO_MERCI":"0","SERVIZIO_VIAGGIATORI":"SI","CAP_REG":"0","CAP_P":"0","DIRAMAZ":"0","CAUSA_CHIUSURA":null}},{"type":"Feature","id":273,"geometry":{"type":"Point","coordinates":[15.82634,37.91998]},"properties":{"OBJECTID":273,"CODIMP":"84280","NOME":"MARINA DI S.LORENZO","IMPIANTO":"S","COMUNE":"San Lorenzo","PROVINCIA":"Reggio Di Calabria","REGIONE":"Calabria","CODLINEACOMM":"K162","LINEACOMM":"CATANZARO LIDO - REGGIO CALABRIA CENTRALE","DOIT":"RC","SERVIZIO_MERCI":"0","SERVIZIO_VIAGGIATORI":"SI","CAP_REG":"0","CAP_P":"0","DIRAMAZ":"0","CAUSA_CHIUSURA":null}},{"type":"Feature","id":274,"geometry":{"type":"Point","coordinates":[15.78079,37.91688]},"properties":{"OBJECTID":274,"CODIMP":"84320","NOME":"MELITO DI PORTO SALVO","IMPIANTO":"S","COMUNE":"Melito Di Porto Salvo","PROVINCIA":"Reggio Di Calabria","REGIONE":"Calabria","CODLINEACOMM":"K162","LINEACOMM":"CATANZARO LIDO - REGGIO CALABRIA CENTRALE","DOIT":"RC","SERVIZIO_MERCI":"0","SERVIZIO_VIAGGIATORI":"SI","CAP_REG":"0","CAP_P":"0","DIRAMAZ":"0","CAUSA_CHIUSURA":null}},{"type":"Feature","id":275,"geometry":{"type":"Point","coordinates":[15.65203,38.06141]},"properties":{"OBJECTID":275,"CODIMP":"84480","NOME":"REGGIO DI CALABRIA S.GREGORIO","IMPIANTO":"S","COMUNE":"Reggio Di Calabria","PROVINCIA":"Reggio Di Calabria","REGIONE":"Calabria","CODLINEACOMM":"K162","LINEACOMM":"CATANZARO LIDO - REGGIO CALABRIA CENTRALE","DOIT":"RC","SERVIZIO_MERCI":"0","SERVIZIO_VIAGGIATORI":"SI","CAP_REG":"0","CAP_P":"0","DIRAMAZ":"0","CAUSA_CHIUSURA":null}},{"type":"Feature","id":276,"geometry":{"type":"Point","coordinates":[15.65004,38.02575]},"properties":{"OBJECTID":276,"CODIMP":"84440","NOME":"REGGIO DI CALABRIA PELLARO","IMPIANTO":"S","COMUNE":"Reggio Di Calabria","PROVINCIA":"Reggio Di Calabria","REGIONE":"Calabria","CODLINEACOMM":"K162","LINEACOMM":"CATANZARO LIDO - REGGIO CALABRIA CENTRALE","DOIT":"RC","SERVIZIO_MERCI":"0","SERVIZIO_VIAGGIATORI":"SI","CAP_REG":"0","CAP_P":"0","DIRAMAZ":"0","CAUSA_CHIUSURA":null}},{"type":"Feature","id":277,"geometry":{"type":"Point","coordinates":[15.63582,38.10402]},"properties":{"OBJECTID":277,"CODIMP":"81420","NOME":"REGGIO DI CALABRIA CENTRALE","IMPIANTO":"S","COMUNE":"Reggio Di Calabria","PROVINCIA":"Reggio Di Calabria","REGIONE":"Calabria","CODLINEACOMM":"J077","LINEACOMM":"PAOLA - REGGIO CALABRIA CENTRALE (compresa Eccellente - Rosarno)","DOIT":"RC","SERVIZIO_MERCI":"0","SERVIZIO_VIAGGIATORI":"SI","CAP_REG":"0","CAP_P":"1","DIRAMAZ":"0","CAUSA_CHIUSURA":null}},{"type":"Feature","id":278,"geometry":{"type":"Point","coordinates":[15.6342,38.08325]},"properties":{"OBJECTID":278,"CODIMP":"84485","NOME":"REGGIO DI CALABRIA OMECA","IMPIANTO":"F","COMUNE":"Reggio Di Calabria","PROVINCIA":"Reggio Di Calabria","REGIONE":"Calabria","CODLINEACOMM":"K162","LINEACOMM":"CATANZARO LIDO - REGGIO CALABRIA CENTRALE","DOIT":"RC","SERVIZIO_MERCI":"0","SERVIZIO_VIAGGIATORI":"SI","CAP_REG":"0","CAP_P":"0","DIRAMAZ":"0","CAUSA_CHIUSURA":null}},{"type":"Feature","id":279,"geometry":{"type":"Point","coordinates":[14.25941,37.07289]},"properties":{"OBJECTID":279,"CODIMP":"93240","NOME":"GELA","IMPIANTO":"S","COMUNE":"Gela","PROVINCIA":"Caltanissetta","REGIONE":"Sicilia","CODLINEACOMM":"K172","LINEACOMM":"LENTINI DIRAMAZIONE - GELA","DOIT":"PA","SERVIZIO_MERCI":"0","SERVIZIO_VIAGGIATORI":"SI","CAP_REG":"0","CAP_P":"0","DIRAMAZ":"1","CAUSA_CHIUSURA":null}},{"type":"Feature","id":283,"geometry":{"type":"Point","coordinates":[14.029,41.06349]},"properties":{"OBJECTID":283,"CODIMP":"67980","NOME":"CANCELLO ARNONE","IMPIANTO":"F","COMUNE":"Cancello Ed Arnone","PROVINCIA":"Caserta","REGIONE":"Campania","CODLINEACOMM":"J057","LINEACOMM":"[ROMA] TORRICOLA - FRATTAMAGGIORE [NAPOLI] (via Formia)","DOIT":"NA","SERVIZIO_MERCI":"0","SERVIZIO_VIAGGIATORI":"SI","CAP_REG":"0","CAP_P":"0","DIRAMAZ":"0","CAUSA_CHIUSURA":null}},{"type":"Feature","id":284,"geometry":{"type":"Point","coordinates":[14.06753,41.00507]},"properties":{"OBJECTID":284,"CODIMP":"68020","NOME":"VILLA LITERNO","IMPIANTO":"S","COMUNE":"Villa Literno","PROVINCIA":"Caserta","REGIONE":"Campania","CODLINEACOMM":"J057","LINEACOMM":"[ROMA] TORRICOLA - FRATTAMAGGIORE [NAPOLI] (via Formia)","DOIT":"NA","SERVIZIO_MERCI":"0","SERVIZIO_VIAGGIATORI":"SI","CAP_REG":"0","CAP_P":"0","DIRAMAZ":"1","CAUSA_CHIUSURA":null}},{"type":"Feature","id":285,"geometry":{"type":"Point","coordinates":[13.97179,41.12364]},"properties":{"OBJECTID":285,"CODIMP":"67940","NOME":"FALCIANO-MONDRAGONE-CARINOLA","IMPIANTO":"S","COMUNE":"Falciano Del Massico","PROVINCIA":"Caserta","REGIONE":"Campania","CODLINEACOMM":"J057","LINEACOMM":"[ROMA] TORRICOLA - FRATTAMAGGIORE [NAPOLI] (via Formia)","DOIT":"NA","SERVIZIO_MERCI":"0","SERVIZIO_VIAGGIATORI":"SI","CAP_REG":"0","CAP_P":"0","DIRAMAZ":"0","CAUSA_CHIUSURA":null}},{"type":"Feature","id":286,"geometry":{"type":"Point","coordinates":[14.04872,41.48308]},"properties":{"OBJECTID":286,"CODIMP":"72740","NOME":"VENAFRO","IMPIANTO":"S","COMUNE":"Venafro","PROVINCIA":"Isernia","REGIONE":"Molise","CODLINEACOMM":"J061","LINEACOMM":"[ROMA] CIAMPINO - ACERRA [NAPOLI] (via Cassino) (Comprese linee Rocca d'Evandro - Venafro/Vairano e","DOIT":"NA","SERVIZIO_MERCI":"0","SERVIZIO_VIAGGIATORI":"SI","CAP_REG":"0","CAP_P":"0","DIRAMAZ":"1","CAUSA_CHIUSURA":null}},{"type":"Feature","id":287,"geometry":{"type":"Point","coordinates":[13.87568,41.19614]},"properties":{"OBJECTID":287,"CODIMP":"67900","NOME":"SESSA AURUNCA-ROCCAMONFINA","IMPIANTO":"S","COMUNE":"Sessa Aurunca","PROVINCIA":"Caserta","REGIONE":"Campania","CODLINEACOMM":"J057","LINEACOMM":"[ROMA] TORRICOLA - FRATTAMAGGIORE [NAPOLI] (via Formia)","DOIT":"NA","SERVIZIO_MERCI":"0","SERVIZIO_VIAGGIATORI":"SI","CAP_REG":"0","CAP_P":"0","DIRAMAZ":"0","CAUSA_CHIUSURA":null}},{"type":"Feature","id":288,"geometry":{"type":"Point","coordinates":[14.32057,40.82254]},"properties":{"OBJECTID":288,"CODIMP":"69541","NOME":"PIETRARSA-S.GIORGIO A CREMANO","IMPIANTO":"F","COMUNE":"Napoli","PROVINCIA":"Napoli","REGIONE":"Campania","CODLINEACOMM":"R008","LINEACOMM":"NODO DI NAPOLI","DOIT":"NA","SERVIZIO_MERCI":"0","SERVIZIO_VIAGGIATORI":"SI","CAP_REG":"0","CAP_P":"0","DIRAMAZ":"0","CAUSA_CHIUSURA":null}},{"type":"Feature","id":289,"geometry":{"type":"Point","coordinates":[14.3358,40.81002]},"properties":{"OBJECTID":289,"CODIMP":"69580","NOME":"PORTICI-ERCOLANO","IMPIANTO":"S","COMUNE":"Portici","PROVINCIA":"Napoli","REGIONE":"Campania","CODLINEACOMM":"R008","LINEACOMM":"NODO DI NAPOLI","DOIT":"NA","SERVIZIO_MERCI":"0","SERVIZIO_VIAGGIATORI":"SI","CAP_REG":"0","CAP_P":"0","DIRAMAZ":"0","CAUSA_CHIUSURA":null}},{"type":"Feature","id":290,"geometry":{"type":"Point","coordinates":[14.17197,40.99222]},"properties":{"OBJECTID":290,"CODIMP":"68340","NOME":"S.MARCELLINO-FRIGNANO","IMPIANTO":"S","COMUNE":"San Marcellino","PROVINCIA":"Caserta","REGIONE":"Campania","CODLINEACOMM":"J057","LINEACOMM":"[ROMA] TORRICOLA - FRATTAMAGGIORE [NAPOLI] (via Formia)","DOIT":"NA","SERVIZIO_MERCI":"0","SERVIZIO_VIAGGIATORI":"SI","CAP_REG":"0","CAP_P":"0","DIRAMAZ":"1","CAUSA_CHIUSURA":null}},{"type":"Feature","id":291,"geometry":{"type":"Point","coordinates":[14.21857,40.97344]},"properties":{"OBJECTID":291,"CODIMP":"68485","NOME":"AVERSA","IMPIANTO":"S","COMUNE":"Aversa","PROVINCIA":"Caserta","REGIONE":"Campania","CODLINEACOMM":"J057","LINEACOMM":"[ROMA] TORRICOLA - FRATTAMAGGIORE [NAPOLI] (via Formia)","DOIT":"NA","SERVIZIO_MERCI":"0","SERVIZIO_VIAGGIATORI":"SI","CAP_REG":"0","CAP_P":"0","DIRAMAZ":"1","CAUSA_CHIUSURA":null}},{"type":"Feature","id":292,"geometry":{"type":"Point","coordinates":[14.36315,40.78774]},"properties":{"OBJECTID":292,"CODIMP":"69620","NOME":"TORRE DEL GRECO","IMPIANTO":"S","COMUNE":"Torre Del Greco","PROVINCIA":"Napoli","REGIONE":"Campania","CODLINEACOMM":"J073","LINEACOMM":"[NAPOLI] PORTICI - SALERNO","DOIT":"NA","SERVIZIO_MERCI":"0","SERVIZIO_VIAGGIATORI":"SI","CAP_REG":"0","CAP_P":"0","DIRAMAZ":"0","CAUSA_CHIUSURA":null}},{"type":"Feature","id":293,"geometry":{"type":"Point","coordinates":[14.3078,40.83138]},"properties":{"OBJECTID":293,"CODIMP":"69540","NOME":"NAPOLI S.GIOVANNI BARRA","IMPIANTO":"S","COMUNE":"Napoli","PROVINCIA":"Napoli","REGIONE":"Campania","CODLINEACOMM":"R008","LINEACOMM":"NODO DI NAPOLI","DOIT":"NA","SERVIZIO_MERCI":"0","SERVIZIO_VIAGGIATORI":"SI","CAP_REG":"0","CAP_P":"0","DIRAMAZ":"0","CAUSA_CHIUSURA":null}},{"type":"Feature","id":294,"geometry":{"type":"Point","coordinates":[14.57536,40.74652]},"properties":{"OBJECTID":294,"CODIMP":"69820","NOME":"ANGRI","IMPIANTO":"S","COMUNE":"Angri","PROVINCIA":"Salerno","REGIONE":"Campania","CODLINEACOMM":"J073","LINEACOMM":"[NAPOLI] PORTICI - SALERNO","DOIT":"NA","SERVIZIO_MERCI":"0","SERVIZIO_VIAGGIATORI":"SI","CAP_REG":"0","CAP_P":"0","DIRAMAZ":"0","CAUSA_CHIUSURA":null}},{"type":"Feature","id":295,"geometry":{"type":"Point","coordinates":[14.52324,40.74614]},"properties":{"OBJECTID":295,"CODIMP":"69780","NOME":"SCAFATI","IMPIANTO":"S","COMUNE":"Scafati","PROVINCIA":"Salerno","REGIONE":"Campania","CODLINEACOMM":"J073","LINEACOMM":"[NAPOLI] PORTICI - SALERNO","DOIT":"NA","SERVIZIO_MERCI":"0","SERVIZIO_VIAGGIATORI":"SI","CAP_REG":"0","CAP_P":"0","DIRAMAZ":"0","CAUSA_CHIUSURA":null}},{"type":"Feature","id":296,"geometry":{"type":"Point","coordinates":[14.77281,40.67525]},"properties":{"OBJECTID":296,"CODIMP":"69940","NOME":"SALERNO","IMPIANTO":"S","COMUNE":"Salerno","PROVINCIA":"Salerno","REGIONE":"Campania","CODLINEACOMM":"J073","LINEACOMM":"[NAPOLI] PORTICI - SALERNO","DOIT":"NA","SERVIZIO_MERCI":"0","SERVIZIO_VIAGGIATORI":"SI","CAP_REG":"0","CAP_P":"1","DIRAMAZ":"1","CAUSA_CHIUSURA":null}},{"type":"Feature","id":297,"geometry":{"type":"Point","coordinates":[14.40764,40.75556]},"properties":{"OBJECTID":297,"CODIMP":"69660","NOME":"S.MARIA LA BRUNA","IMPIANTO":"S","COMUNE":"Torre Del Greco","PROVINCIA":"Napoli","REGIONE":"Campania","CODLINEACOMM":"J073","LINEACOMM":"[NAPOLI] PORTICI - SALERNO","DOIT":"NA","SERVIZIO_MERCI":"0","SERVIZIO_VIAGGIATORI":"SI","CAP_REG":"0","CAP_P":"0","DIRAMAZ":"0","CAUSA_CHIUSURA":null}},{"type":"Feature","id":298,"geometry":{"type":"Point","coordinates":[14.5011,40.74603]},"properties":{"OBJECTID":298,"CODIMP":"69740","NOME":"POMPEI","IMPIANTO":"S","COMUNE":"Pompei","PROVINCIA":"Napoli","REGIONE":"Campania","CODLINEACOMM":"J073","LINEACOMM":"[NAPOLI] PORTICI - SALERNO","DOIT":"NA","SERVIZIO_MERCI":"0","SERVIZIO_VIAGGIATORI":"SI","CAP_REG":"0","CAP_P":"0","DIRAMAZ":"0","CAUSA_CHIUSURA":null}},{"type":"Feature","id":299,"geometry":{"type":"Point","coordinates":[14.44862,40.75419]},"properties":{"OBJECTID":299,"CODIMP":"69665","NOME":"TORRE ANNUNZIATA CITTA'","IMPIANTO":"F","COMUNE":"Torre Annunziata","PROVINCIA":"Napoli","REGIONE":"Campania","CODLINEACOMM":"J073","LINEACOMM":"[NAPOLI] PORTICI - SALERNO","DOIT":"NA","SERVIZIO_MERCI":"0","SERVIZIO_VIAGGIATORI":"SI","CAP_REG":"0","CAP_P":"0","DIRAMAZ":"0","CAUSA_CHIUSURA":null}},{"type":"Feature","id":300,"geometry":{"type":"Point","coordinates":[14.61699,40.74665]},"properties":{"OBJECTID":300,"CODIMP":"69845","NOME":"PAGANI","IMPIANTO":"S","COMUNE":"Pagani","PROVINCIA":"Salerno","REGIONE":"Campania","CODLINEACOMM":"J073","LINEACOMM":"[NAPOLI] PORTICI - SALERNO","DOIT":"NA","SERVIZIO_MERCI":"0","SERVIZIO_VIAGGIATORI":"SI","CAP_REG":"0","CAP_P":"0","DIRAMAZ":"0","CAUSA_CHIUSURA":null}},{"type":"Feature","id":301,"geometry":{"type":"Point","coordinates":[14.70845,40.70378]},"properties":{"OBJECTID":301,"CODIMP":"72880","NOME":"CAVA DEI TIRRENI","IMPIANTO":"S","COMUNE":"Cava De' Tirreni","PROVINCIA":"Salerno","REGIONE":"Campania","CODLINEACOMM":"K146","LINEACOMM":"NOCERA INFERIORE - SALERNO (via Cava T.)","DOIT":"NA","SERVIZIO_MERCI":"0","SERVIZIO_VIAGGIATORI":"SI","CAP_REG":"0","CAP_P":"0","DIRAMAZ":"0","CAUSA_CHIUSURA":null}},{"type":"Feature","id":302,"geometry":{"type":"Point","coordinates":[14.72682,40.67511]},"properties":{"OBJECTID":302,"CODIMP":"72920","NOME":"VIETRI SUL MARE","IMPIANTO":"F","COMUNE":"Vietri Sul Mare","PROVINCIA":"Salerno","REGIONE":"Campania","CODLINEACOMM":"K146","LINEACOMM":"NOCERA INFERIORE - SALERNO (via Cava T.)","DOIT":"NA","SERVIZIO_MERCI":"0","SERVIZIO_VIAGGIATORI":"SI","CAP_REG":"0","CAP_P":"0","DIRAMAZ":"0","CAUSA_CHIUSURA":null}},{"type":"Feature","id":303,"geometry":{"type":"Point","coordinates":[14.63534,40.74543]},"properties":{"OBJECTID":303,"CODIMP":"69860","NOME":"NOCERA INFERIORE","IMPIANTO":"S","COMUNE":"Nocera Inferiore","PROVINCIA":"Salerno","REGIONE":"Campania","CODLINEACOMM":"J073","LINEACOMM":"[NAPOLI] PORTICI - SALERNO","DOIT":"NA","SERVIZIO_MERCI":"0","SERVIZIO_VIAGGIATORI":"SI","CAP_REG":"0","CAP_P":"0","DIRAMAZ":"1","CAUSA_CHIUSURA":null}},{"type":"Feature","id":304,"geometry":{"type":"Point","coordinates":[13.98666,41.4077]},"properties":{"OBJECTID":304,"CODIMP":"67241","NOME":"MIGNANO DI MONTE LUNGO","IMPIANTO":"F","COMUNE":"Mignano Monte Lungo","PROVINCIA":"Caserta","REGIONE":"Campania","CODLINEACOMM":"J061","LINEACOMM":"[ROMA] CIAMPINO - ACERRA [NAPOLI] (via Cassino) (Comprese linee Rocca d'Evandro - Venafro/Vairano e","DOIT":"NA","SERVIZIO_MERCI":"0","SERVIZIO_VIAGGIATORI":"SI","CAP_REG":"0","CAP_P":"0","DIRAMAZ":"0","CAUSA_CHIUSURA":null}},{"type":"Feature","id":305,"geometry":{"type":"Point","coordinates":[14.04514,41.35898]},"properties":{"OBJECTID":305,"CODIMP":"67260","NOME":"TORA-PRESENZANO","IMPIANTO":"S","COMUNE":"Presenzano","PROVINCIA":"Caserta","REGIONE":"Campania","CODLINEACOMM":"J061","LINEACOMM":"[ROMA] CIAMPINO - ACERRA [NAPOLI] (via Cassino) (Comprese linee Rocca d'Evandro - Venafro/Vairano e","DOIT":"NA","SERVIZIO_MERCI":"0","SERVIZIO_VIAGGIATORI":"SI","CAP_REG":"0","CAP_P":"0","DIRAMAZ":"0","CAUSA_CHIUSURA":null}},{"type":"Feature","id":306,"geometry":{"type":"Point","coordinates":[9.93534,45.57671]},"properties":{"OBJECTID":306,"CODIMP":"18423","NOME":"COLOGNE","IMPIANTO":"F","COMUNE":"Cologne","PROVINCIA":"Brescia","REGIONE":"Lombardia","CODLINEACOMM":"K048","LINEACOMM":"PONTE S.PIETRO - ROVATO","DOIT":"MI","SERVIZIO_MERCI":"0","SERVIZIO_VIAGGIATORI":"SI","CAP_REG":"0","CAP_P":"0","DIRAMAZ":"0","CAUSA_CHIUSURA":null}},{"type":"Feature","id":307,"geometry":{"type":"Point","coordinates":[9.97767,45.56104]},"properties":{"OBJECTID":307,"CODIMP":"18460","NOME":"COCCAGLIO","IMPIANTO":"S","COMUNE":"Coccaglio","PROVINCIA":"Brescia","REGIONE":"Lombardia","CODLINEACOMM":"K048","LINEACOMM":"PONTE S.PIETRO - ROVATO","DOIT":"MI","SERVIZIO_MERCI":"0","SERVIZIO_VIAGGIATORI":"SI","CAP_REG":"0","CAP_P":"0","DIRAMAZ":"0","CAUSA_CHIUSURA":null}},{"type":"Feature","id":308,"geometry":{"type":"Point","coordinates":[9.84695,45.65053]},"properties":{"OBJECTID":308,"CODIMP":"18343","NOME":"CHIUDUNO","IMPIANTO":"F","COMUNE":"Chiuduno","PROVINCIA":"Bergamo","REGIONE":"Lombardia","CODLINEACOMM":"K048","LINEACOMM":"PONTE S.PIETRO - ROVATO","DOIT":"MI","SERVIZIO_MERCI":"0","SERVIZIO_VIAGGIATORI":"SI","CAP_REG":"0","CAP_P":"0","DIRAMAZ":"0","CAUSA_CHIUSURA":null}},{"type":"Feature","id":309,"geometry":{"type":"Point","coordinates":[9.8628,45.63418]},"properties":{"OBJECTID":309,"CODIMP":"18380","NOME":"GRUMELLO DEL MONTE","IMPIANTO":"S","COMUNE":"Grumello Del Monte","PROVINCIA":"Bergamo","REGIONE":"Lombardia","CODLINEACOMM":"K048","LINEACOMM":"PONTE S.PIETRO - ROVATO","DOIT":"MI","SERVIZIO_MERCI":"0","SERVIZIO_VIAGGIATORI":"SI","CAP_REG":"0","CAP_P":"0","DIRAMAZ":"0","CAUSA_CHIUSURA":null}},{"type":"Feature","id":310,"geometry":{"type":"Point","coordinates":[14.07707,41.23192]},"properties":{"OBJECTID":310,"CODIMP":"67340","NOME":"TEANO","IMPIANTO":"S","COMUNE":"Teano","PROVINCIA":"Caserta","REGIONE":"Campania","CODLINEACOMM":"J061","LINEACOMM":"[ROMA] CIAMPINO - ACERRA [NAPOLI] (via Cassino) (Comprese linee Rocca d'Evandro - Venafro/Vairano e","DOIT":"NA","SERVIZIO_MERCI":"0","SERVIZIO_VIAGGIATORI":"SI","CAP_REG":"0","CAP_P":"0","DIRAMAZ":"0","CAUSA_CHIUSURA":null}},{"type":"Feature","id":311,"geometry":{"type":"Point","coordinates":[14.09295,41.18582]},"properties":{"OBJECTID":311,"CODIMP":"67380","NOME":"SPARANISE","IMPIANTO":"S","COMUNE":"Sparanise","PROVINCIA":"Caserta","REGIONE":"Campania","CODLINEACOMM":"J061","LINEACOMM":"[ROMA] CIAMPINO - ACERRA [NAPOLI] (via Cassino) (Comprese linee Rocca d'Evandro - Venafro/Vairano e","DOIT":"NA","SERVIZIO_MERCI":"0","SERVIZIO_VIAGGIATORI":"SI","CAP_REG":"0","CAP_P":"0","DIRAMAZ":"0","CAUSA_CHIUSURA":null}},{"type":"Feature","id":312,"geometry":{"type":"Point","coordinates":[14.16054,41.17396]},"properties":{"OBJECTID":312,"CODIMP":"67420","NOME":"PIGNATARO MAGGIORE","IMPIANTO":"S","COMUNE":"Pignataro Maggiore","PROVINCIA":"Caserta","REGIONE":"Campania","CODLINEACOMM":"J061","LINEACOMM":"[ROMA] CIAMPINO - ACERRA [NAPOLI] (via Cassino) (Comprese linee Rocca d'Evandro - Venafro/Vairano e","DOIT":"NA","SERVIZIO_MERCI":"0","SERVIZIO_VIAGGIATORI":"SI","CAP_REG":"0","CAP_P":"0","DIRAMAZ":"0","CAUSA_CHIUSURA":null}},{"type":"Feature","id":313,"geometry":{"type":"Point","coordinates":[14.12494,41.26529]},"properties":{"OBJECTID":313,"CODIMP":"67321","NOME":"RIARDO-PIETRAMELARA","IMPIANTO":"F","COMUNE":"Riardo","PROVINCIA":"Caserta","REGIONE":"Campania","CODLINEACOMM":"J061","LINEACOMM":"[ROMA] CIAMPINO - ACERRA [NAPOLI] (via Cassino) (Comprese linee Rocca d'Evandro - Venafro/Vairano e","DOIT":"NA","SERVIZIO_MERCI":"0","SERVIZIO_VIAGGIATORI":"SI","CAP_REG":"0","CAP_P":"0","DIRAMAZ":"0","CAUSA_CHIUSURA":null}},{"type":"Feature","id":314,"geometry":{"type":"Point","coordinates":[14.10401,41.31756]},"properties":{"OBJECTID":314,"CODIMP":"67300","NOME":"VAIRANO-CAIANELLO","IMPIANTO":"S","COMUNE":"Vairano Patenora","PROVINCIA":"Caserta","REGIONE":"Campania","CODLINEACOMM":"J061","LINEACOMM":"[ROMA] CIAMPINO - ACERRA [NAPOLI] (via Cassino) (Comprese linee Rocca d'Evandro - Venafro/Vairano e","DOIT":"NA","SERVIZIO_MERCI":"0","SERVIZIO_VIAGGIATORI":"SI","CAP_REG":"0","CAP_P":"0","DIRAMAZ":"1","CAUSA_CHIUSURA":null}},{"type":"Feature","id":315,"geometry":{"type":"Point","coordinates":[14.21034,41.10142]},"properties":{"OBJECTID":315,"CODIMP":"67460","NOME":"CAPUA","IMPIANTO":"S","COMUNE":"Capua","PROVINCIA":"Caserta","REGIONE":"Campania","CODLINEACOMM":"J061","LINEACOMM":"[ROMA] CIAMPINO - ACERRA [NAPOLI] (via Cassino) (Comprese linee Rocca d'Evandro - Venafro/Vairano e","DOIT":"NA","SERVIZIO_MERCI":"0","SERVIZIO_VIAGGIATORI":"SI","CAP_REG":"0","CAP_P":"0","DIRAMAZ":"0","CAUSA_CHIUSURA":null}},{"type":"Feature","id":316,"geometry":{"type":"Point","coordinates":[14.25407,41.07364]},"properties":{"OBJECTID":316,"CODIMP":"67500","NOME":"S.MARIA CAPUA VETERE","IMPIANTO":"S","COMUNE":"Santa Maria Capua Vetere","PROVINCIA":"Caserta","REGIONE":"Campania","CODLINEACOMM":"J061","LINEACOMM":"[ROMA] CIAMPINO - ACERRA [NAPOLI] (via Cassino) (Comprese linee Rocca d'Evandro - Venafro/Vairano e","DOIT":"NA","SERVIZIO_MERCI":"0","SERVIZIO_VIAGGIATORI":"SI","CAP_REG":"0","CAP_P":"0","DIRAMAZ":"0","CAUSA_CHIUSURA":null}},{"type":"Feature","id":317,"geometry":{"type":"Point","coordinates":[14.32845,41.06877]},"properties":{"OBJECTID":317,"CODIMP":"67540","NOME":"CASERTA","IMPIANTO":"S","COMUNE":"Caserta","PROVINCIA":"Caserta","REGIONE":"Campania","CODLINEACOMM":"J061","LINEACOMM":"[ROMA] CIAMPINO - ACERRA [NAPOLI] (via Cassino) (Comprese linee Rocca d'Evandro - Venafro/Vairano e","DOIT":"NA","SERVIZIO_MERCI":"0","SERVIZIO_VIAGGIATORI":"SI","CAP_REG":"0","CAP_P":"1","DIRAMAZ":"1","CAUSA_CHIUSURA":null}},{"type":"Feature","id":318,"geometry":{"type":"Point","coordinates":[14.38049,41.03607]},"properties":{"OBJECTID":318,"CODIMP":"67600","NOME":"MADDALONI INFERIORE","IMPIANTO":"F","COMUNE":"Maddaloni","PROVINCIA":"Caserta","REGIONE":"Campania","CODLINEACOMM":"J061","LINEACOMM":"[ROMA] CIAMPINO - ACERRA [NAPOLI] (via Cassino) (Comprese linee Rocca d'Evandro - Venafro/Vairano e","DOIT":"NA","SERVIZIO_MERCI":"0","SERVIZIO_VIAGGIATORI":"SI","CAP_REG":"0","CAP_P":"0","DIRAMAZ":"0","CAUSA_CHIUSURA":null}},{"type":"Feature","id":319,"geometry":{"type":"Point","coordinates":[14.37223,40.93918]},"properties":{"OBJECTID":319,"CODIMP":"67680","NOME":"ACERRA","IMPIANTO":"S","COMUNE":"Acerra","PROVINCIA":"Napoli","REGIONE":"Campania","CODLINEACOMM":"R008","LINEACOMM":"NODO DI NAPOLI","DOIT":"NA","SERVIZIO_MERCI":"1","SERVIZIO_VIAGGIATORI":"SI","CAP_REG":"0","CAP_P":"0","DIRAMAZ":"0","CAUSA_CHIUSURA":null}},{"type":"Feature","id":320,"geometry":{"type":"Point","coordinates":[14.35295,40.91568]},"properties":{"OBJECTID":320,"CODIMP":"67720","NOME":"CASALNUOVO","IMPIANTO":"S","COMUNE":"Casalnuovo Di Napoli","PROVINCIA":"Napoli","REGIONE":"Campania","CODLINEACOMM":"R008","LINEACOMM":"NODO DI NAPOLI","DOIT":"NA","SERVIZIO_MERCI":"0","SERVIZIO_VIAGGIATORI":"SI","CAP_REG":"0","CAP_P":"0","DIRAMAZ":"0","CAUSA_CHIUSURA":null}},{"type":"Feature","id":322,"geometry":{"type":"Point","coordinates":[14.57141,41.21064]},"properties":{"OBJECTID":322,"CODIMP":"68780","NOME":"SOLOPACA","IMPIANTO":"S","COMUNE":"Solopaca","PROVINCIA":"Benevento","REGIONE":"Campania","CODLINEACOMM":"J071","LINEACOMM":"CASERTA - FOGGIA","DOIT":"NA","SERVIZIO_MERCI":"0","SERVIZIO_VIAGGIATORI":"SI","CAP_REG":"0","CAP_P":"0","DIRAMAZ":"0","CAUSA_CHIUSURA":null}},{"type":"Feature","id":323,"geometry":{"type":"Point","coordinates":[14.52616,41.21182]},"properties":{"OBJECTID":323,"CODIMP":"68740","NOME":"TELESE-CERRETO","IMPIANTO":"S","COMUNE":"Telese Terme","PROVINCIA":"Benevento","REGIONE":"Campania","CODLINEACOMM":"J071","LINEACOMM":"CASERTA - FOGGIA","DOIT":"NA","SERVIZIO_MERCI":"0","SERVIZIO_VIAGGIATORI":"SI","CAP_REG":"0","CAP_P":"0","DIRAMAZ":"0","CAUSA_CHIUSURA":null}},{"type":"Feature","id":324,"geometry":{"type":"Point","coordinates":[14.47927,41.19287]},"properties":{"OBJECTID":324,"CODIMP":"68700","NOME":"AMOROSI-MELIZZANO","IMPIANTO":"S","COMUNE":"Melizzano","PROVINCIA":"Benevento","REGIONE":"Campania","CODLINEACOMM":"J071","LINEACOMM":"CASERTA - FOGGIA","DOIT":"NA","SERVIZIO_MERCI":"0","SERVIZIO_VIAGGIATORI":"SI","CAP_REG":"0","CAP_P":"0","DIRAMAZ":"0","CAUSA_CHIUSURA":null}},{"type":"Feature","id":325,"geometry":{"type":"Point","coordinates":[14.45898,41.13609]},"properties":{"OBJECTID":325,"CODIMP":"68660","NOME":"FRASSO-DUGENTA","IMPIANTO":"S","COMUNE":"Dugenta","PROVINCIA":"Benevento","REGIONE":"Campania","CODLINEACOMM":"J071","LINEACOMM":"CASERTA - FOGGIA","DOIT":"NA","SERVIZIO_MERCI":"0","SERVIZIO_VIAGGIATORI":"SI","CAP_REG":"0","CAP_P":"0","DIRAMAZ":"0","CAUSA_CHIUSURA":null}},{"type":"Feature","id":326,"geometry":{"type":"Point","coordinates":[14.41822,41.07621]},"properties":{"OBJECTID":326,"CODIMP":"68620","NOME":"VALLE MADDALONI PES","IMPIANTO":"F","COMUNE":"Valle Di Maddaloni","PROVINCIA":"Caserta","REGIONE":"Campania","CODLINEACOMM":"J071","LINEACOMM":"CASERTA - FOGGIA","DOIT":"NA","SERVIZIO_MERCI":"0","SERVIZIO_VIAGGIATORI":"SI","CAP_REG":"0","CAP_P":"0","DIRAMAZ":"0","CAUSA_CHIUSURA":null}},{"type":"Feature","id":329,"geometry":{"type":"Point","coordinates":[14.69645,41.21428]},"properties":{"OBJECTID":329,"CODIMP":"68860","NOME":"PONTE CASALDUNI","IMPIANTO":"S","COMUNE":"Ponte","PROVINCIA":"Benevento","REGIONE":"Campania","CODLINEACOMM":"J071","LINEACOMM":"CASERTA - FOGGIA","DOIT":"NA","SERVIZIO_MERCI":"0","SERVIZIO_VIAGGIATORI":"SI","CAP_REG":"0","CAP_P":"0","DIRAMAZ":"0","CAUSA_CHIUSURA":null}},{"type":"Feature","id":333,"geometry":{"type":"Point","coordinates":[14.64841,41.21986]},"properties":{"OBJECTID":333,"CODIMP":"68820","NOME":"S.LORENZO MAGGIORE","IMPIANTO":"S","COMUNE":"Ponte","PROVINCIA":"Benevento","REGIONE":"Campania","CODLINEACOMM":"J071","LINEACOMM":"CASERTA - FOGGIA","DOIT":"NA","SERVIZIO_MERCI":"0","SERVIZIO_VIAGGIATORI":"SI","CAP_REG":"0","CAP_P":"0","DIRAMAZ":"0","CAUSA_CHIUSURA":null}},{"type":"Feature","id":335,"geometry":{"type":"Point","coordinates":[15.1175,41.18199]},"properties":{"OBJECTID":335,"CODIMP":"69160","NOME":"ARIANO IRPINO","IMPIANTO":"S","COMUNE":"Ariano Irpino","PROVINCIA":"Avellino","REGIONE":"Campania","CODLINEACOMM":"J071","LINEACOMM":"CASERTA - FOGGIA","DOIT":"NA","SERVIZIO_MERCI":"0","SERVIZIO_VIAGGIATORI":"SI","CAP_REG":"0","CAP_P":"0","DIRAMAZ":"0","CAUSA_CHIUSURA":null}},{"type":"Feature","id":338,"geometry":{"type":"Point","coordinates":[15.1671,41.2307]},"properties":{"OBJECTID":338,"CODIMP":"69240","NOME":"SAVIGNANO GRECI","IMPIANTO":"S","COMUNE":"Savignano Irpino","PROVINCIA":"Avellino","REGIONE":"Campania","CODLINEACOMM":"J071","LINEACOMM":"CASERTA - FOGGIA","DOIT":"NA","SERVIZIO_MERCI":"0","SERVIZIO_VIAGGIATORI":"SI","CAP_REG":"0","CAP_P":"0","DIRAMAZ":"0","CAUSA_CHIUSURA":null}},{"type":"Feature","id":339,"geometry":{"type":"Point","coordinates":[15.23512,41.23547]},"properties":{"OBJECTID":339,"CODIMP":"69280","NOME":"MONTAGUTO-PANNI","IMPIANTO":"S","COMUNE":"Savignano Irpino","PROVINCIA":"Avellino","REGIONE":"Campania","CODLINEACOMM":"J071","LINEACOMM":"CASERTA - FOGGIA","DOIT":"NA","SERVIZIO_MERCI":"0","SERVIZIO_VIAGGIATORI":"SI","CAP_REG":"0","CAP_P":"0","DIRAMAZ":"0","CAUSA_CHIUSURA":null}},{"type":"Feature","id":340,"geometry":{"type":"Point","coordinates":[15.36924,41.27846]},"properties":{"OBJECTID":340,"CODIMP":"69360","NOME":"BOVINO-DELICETO","IMPIANTO":"S","COMUNE":"Bovino","PROVINCIA":"Foggia","REGIONE":"Puglia","CODLINEACOMM":"J071","LINEACOMM":"CASERTA - FOGGIA","DOIT":"NA","SERVIZIO_MERCI":"0","SERVIZIO_VIAGGIATORI":"SI","CAP_REG":"0","CAP_P":"0","DIRAMAZ":"0","CAUSA_CHIUSURA":null}},{"type":"Feature","id":341,"geometry":{"type":"Point","coordinates":[15.27764,41.242]},"properties":{"OBJECTID":341,"CODIMP":"69320","NOME":"ORSARA DI PUGLIA","IMPIANTO":"S","COMUNE":"Orsara Di Puglia","PROVINCIA":"Foggia","REGIONE":"Campania","CODLINEACOMM":"J071","LINEACOMM":"CASERTA - FOGGIA","DOIT":"NA","SERVIZIO_MERCI":"0","SERVIZIO_VIAGGIATORI":"SI","CAP_REG":"0","CAP_P":"0","DIRAMAZ":"0","CAUSA_CHIUSURA":null}},{"type":"Feature","id":342,"geometry":{"type":"Point","coordinates":[8.78255,44.79748]},"properties":{"OBJECTID":342,"CODIMP":"37480","NOME":"POZZOLO FORMIGARO","IMPIANTO":"S","COMUNE":"Pozzolo Formigaro","PROVINCIA":"Alessandria","REGIONE":"Piemonte","CODLINEACOMM":"J005","LINEACOMM":"[MILANO] MILANO ROGOREDO - ARQUATA (compresa via Novi L. e via Bressana B. - Arena Po)","DOIT":"GE","SERVIZIO_MERCI":"0","SERVIZIO_VIAGGIATORI":"SI","CAP_REG":"0","CAP_P":"0","DIRAMAZ":"0","CAUSA_CHIUSURA":null}},{"type":"Feature","id":343,"geometry":{"type":"Point","coordinates":[13.90856,42.71041]},"properties":{"OBJECTID":343,"CODIMP":"58860","NOME":"MOSCIANO S.ANGELO","IMPIANTO":"F","COMUNE":"Mosciano Sant'angelo","PROVINCIA":"Teramo","REGIONE":"Abruzzo","CODLINEACOMM":"K211","LINEACOMM":"GIULIANOVA - TERAMO","DOIT":"AN","SERVIZIO_MERCI":"0","SERVIZIO_VIAGGIATORI":"SI","CAP_REG":"0","CAP_P":"0","DIRAMAZ":"0","CAUSA_CHIUSURA":null}},{"type":"Feature","id":345,"geometry":{"type":"Point","coordinates":[15.5505,41.07916]},"properties":{"OBJECTID":345,"CODIMP":"77920","NOME":"ROCCHETTA S.ANTONIO-LACEDONIA","IMPIANTO":"S","COMUNE":"Rocchetta Sant'antonio","PROVINCIA":"Foggia","REGIONE":"Puglia","CODLINEACOMM":"K153","LINEACOMM":"CERVARO - ROCCHETTA S.A.","DOIT":"BA","SERVIZIO_MERCI":"0","SERVIZIO_VIAGGIATORI":"SI","CAP_REG":"0","CAP_P":"0","DIRAMAZ":"1","CAUSA_CHIUSURA":null}},{"type":"Feature","id":347,"geometry":{"type":"Point","coordinates":[9.07236,45.80902]},"properties":{"OBJECTID":347,"CODIMP":"12540","NOME":"COMO S.GIOVANNI","IMPIANTO":"S","COMUNE":"Como","PROVINCIA":"Como","REGIONE":"Lombardia","CODLINEACOMM":"J017","LINEACOMM":"CHIASSO - SEREGNO [MILANO] (compresa via MONTEOLIMPINO 2)","DOIT":"MI","SERVIZIO_MERCI":"0","SERVIZIO_VIAGGIATORI":"SI","CAP_REG":"0","CAP_P":"1","DIRAMAZ":"0","CAUSA_CHIUSURA":null}},{"type":"Feature","id":349,"geometry":{"type":"Point","coordinates":[9.10722,45.69717]},"properties":{"OBJECTID":349,"CODIMP":"12700","NOME":"CARIMATE","IMPIANTO":"S","COMUNE":"Carimate","PROVINCIA":"Como","REGIONE":"Lombardia","CODLINEACOMM":"J017","LINEACOMM":"CHIASSO - SEREGNO [MILANO] (compresa via MONTEOLIMPINO 2)","DOIT":"MI","SERVIZIO_MERCI":"1","SERVIZIO_VIAGGIATORI":"SI","CAP_REG":"0","CAP_P":"0","DIRAMAZ":"0","CAUSA_CHIUSURA":null}},{"type":"Feature","id":350,"geometry":{"type":"Point","coordinates":[9.13349,45.6685]},"properties":{"OBJECTID":350,"CODIMP":"12740","NOME":"CAMNAGO-LENTATE","IMPIANTO":"S","COMUNE":"Lentate Sul Seveso","PROVINCIA":"Milano","REGIONE":"Lombardia","CODLINEACOMM":"J017","LINEACOMM":"CHIASSO - SEREGNO [MILANO] (compresa via MONTEOLIMPINO 2)","DOIT":"MI","SERVIZIO_MERCI":"0","SERVIZIO_VIAGGIATORI":"SI","CAP_REG":"0","CAP_P":"0","DIRAMAZ":"0","CAUSA_CHIUSURA":null}},{"type":"Feature","id":351,"geometry":{"type":"Point","coordinates":[9.08224,45.74089]},"properties":{"OBJECTID":351,"CODIMP":"12623","NOME":"CUCCIAGO","IMPIANTO":"F","COMUNE":"Fino Mornasco","PROVINCIA":"Como","REGIONE":"Lombardia","CODLINEACOMM":"J017","LINEACOMM":"CHIASSO - SEREGNO [MILANO] (compresa via MONTEOLIMPINO 2)","DOIT":"MI","SERVIZIO_MERCI":"0","SERVIZIO_VIAGGIATORI":"SI","CAP_REG":"0","CAP_P":"0","DIRAMAZ":"0","CAUSA_CHIUSURA":null}},{"type":"Feature","id":352,"geometry":{"type":"Point","coordinates":[9.09931,45.71631]},"properties":{"OBJECTID":352,"CODIMP":"12660","NOME":"CANTU'-CERMENATE","IMPIANTO":"F","COMUNE":"Cantù","PROVINCIA":"Como","REGIONE":"Lombardia","CODLINEACOMM":"J017","LINEACOMM":"CHIASSO - SEREGNO [MILANO] (compresa via MONTEOLIMPINO 2)","DOIT":"MI","SERVIZIO_MERCI":"0","SERVIZIO_VIAGGIATORI":"SI","CAP_REG":"0","CAP_P":"0","DIRAMAZ":"0","CAUSA_CHIUSURA":null}},{"type":"Feature","id":353,"geometry":{"type":"Point","coordinates":[9.03721,45.15706]},"properties":{"OBJECTID":353,"CODIMP":"07850","NOME":"VILLANOVA D'ARDENGHI","IMPIANTO":"F","COMUNE":"Villanova D'ardenghi","PROVINCIA":"Pavia","REGIONE":"Lombardia","CODLINEACOMM":"K021","LINEACOMM":"MORTARA - PAVIA","DOIT":"TO","SERVIZIO_MERCI":"0","SERVIZIO_VIAGGIATORI":"SI","CAP_REG":"0","CAP_P":"0","DIRAMAZ":"0","CAUSA_CHIUSURA":null}},{"type":"Feature","id":354,"geometry":{"type":"Point","coordinates":[9.07143,45.14714]},"properties":{"OBJECTID":354,"CODIMP":"07920","NOME":"CAVA CARBONARA","IMPIANTO":"S","COMUNE":"Sommo","PROVINCIA":"Pavia","REGIONE":"Lombardia","CODLINEACOMM":"K021","LINEACOMM":"MORTARA - PAVIA","DOIT":"TO","SERVIZIO_MERCI":"0","SERVIZIO_VIAGGIATORI":"SI","CAP_REG":"0","CAP_P":"0","DIRAMAZ":"1","CAUSA_CHIUSURA":null}},{"type":"Feature","id":355,"geometry":{"type":"Point","coordinates":[9.3352,45.89594]},"properties":{"OBJECTID":355,"CODIMP":"17900","NOME":"ABBADIA LARIANA","IMPIANTO":"S","COMUNE":"Abbadia Lariana","PROVINCIA":"Lecco","REGIONE":"Lombardia","CODLINEACOMM":"K040","LINEACOMM":"COLICO - LECCO","DOIT":"MI","SERVIZIO_MERCI":"0","SERVIZIO_VIAGGIATORI":"SI","CAP_REG":"0","CAP_P":"0","DIRAMAZ":"0","CAUSA_CHIUSURA":null}},{"type":"Feature","id":356,"geometry":{"type":"Point","coordinates":[9.39368,45.85655]},"properties":{"OBJECTID":356,"CODIMP":"16020","NOME":"LECCO","IMPIANTO":"S","COMUNE":"Lecco","PROVINCIA":"Lecco","REGIONE":"Lombardia","CODLINEACOMM":"K040","LINEACOMM":"COLICO - LECCO","DOIT":"MI","SERVIZIO_MERCI":"0","SERVIZIO_VIAGGIATORI":"SI","CAP_REG":"0","CAP_P":"1","DIRAMAZ":"1","CAUSA_CHIUSURA":null}},{"type":"Feature","id":357,"geometry":{"type":"Point","coordinates":[9.14471,45.18892]},"properties":{"OBJECTID":357,"CODIMP":"14200","NOME":"PAVIA","IMPIANTO":"S","COMUNE":"Pavia","PROVINCIA":"Pavia","REGIONE":"Lombardia","CODLINEACOMM":"J005","LINEACOMM":"[MILANO] MILANO ROGOREDO - ARQUATA (compresa via Novi L. e via Bressana B. - Arena Po)","DOIT":"MI","SERVIZIO_MERCI":"0","SERVIZIO_VIAGGIATORI":"SI","CAP_REG":"0","CAP_P":"1","DIRAMAZ":"1","CAUSA_CHIUSURA":null}},{"type":"Feature","id":358,"geometry":{"type":"Point","coordinates":[9.16736,45.18407]},"properties":{"OBJECTID":358,"CODIMP":"20297","NOME":"PAVIA PORTA GARIBALDI","IMPIANTO":"F","COMUNE":"Pavia","PROVINCIA":"Pavia","REGIONE":"Lombardia","CODLINEACOMM":"K060","LINEACOMM":"PAVIA - CASALPUSTERLENGO","DOIT":"MI","SERVIZIO_MERCI":"0","SERVIZIO_VIAGGIATORI":"SI","CAP_REG":"0","CAP_P":"0","DIRAMAZ":"0","CAUSA_CHIUSURA":null}},{"type":"Feature","id":360,"geometry":{"type":"Point","coordinates":[14.10377,40.93514]},"properties":{"OBJECTID":360,"CODIMP":"68060","NOME":"GIUGLIANO-QUALIANO","IMPIANTO":"S","COMUNE":"Giugliano In Campania","PROVINCIA":"Napoli","REGIONE":"Campania","CODLINEACOMM":"J059","LINEACOMM":"VILLA LITERNO - POZZUOLI [NAPOLI]","DOIT":"NA","SERVIZIO_MERCI":"0","SERVIZIO_VIAGGIATORI":"SI","CAP_REG":"0","CAP_P":"0","DIRAMAZ":"0","CAUSA_CHIUSURA":null}},{"type":"Feature","id":361,"geometry":{"type":"Point","coordinates":[14.1228,40.8712]},"properties":{"OBJECTID":361,"CODIMP":"68071","NOME":"QUARTO DI MARANO","IMPIANTO":"F","COMUNE":"Pozzuoli","PROVINCIA":"Napoli","REGIONE":"Campania","CODLINEACOMM":"J059","LINEACOMM":"VILLA LITERNO - POZZUOLI [NAPOLI]","DOIT":"NA","SERVIZIO_MERCI":"0","SERVIZIO_VIAGGIATORI":"SI","CAP_REG":"0","CAP_P":"0","DIRAMAZ":"0","CAUSA_CHIUSURA":null}},{"type":"Feature","id":362,"geometry":{"type":"Point","coordinates":[14.18568,40.81941]},"properties":{"OBJECTID":362,"CODIMP":"68121","NOME":"CAVALLEGGERI AOSTA","IMPIANTO":"F","COMUNE":"Napoli","PROVINCIA":"Napoli","REGIONE":"Campania","CODLINEACOMM":"R008","LINEACOMM":"NODO DI NAPOLI","DOIT":"NA","SERVIZIO_MERCI":"0","SERVIZIO_VIAGGIATORI":"SI","CAP_REG":"0","CAP_P":"0","DIRAMAZ":"0","CAUSA_CHIUSURA":null}},{"type":"Feature","id":363,"geometry":{"type":"Point","coordinates":[14.16669,40.81956]},"properties":{"OBJECTID":363,"CODIMP":"68111","NOME":"BAGNOLI-AGNANO TERME","IMPIANTO":"F","COMUNE":"Napoli","PROVINCIA":"Napoli","REGIONE":"Campania","CODLINEACOMM":"R008","LINEACOMM":"NODO DI NAPOLI","DOIT":"NA","SERVIZIO_MERCI":"0","SERVIZIO_VIAGGIATORI":"SI","CAP_REG":"0","CAP_P":"0","DIRAMAZ":"0","CAUSA_CHIUSURA":null}},{"type":"Feature","id":364,"geometry":{"type":"Point","coordinates":[14.25517,40.85536]},"properties":{"OBJECTID":364,"CODIMP":"68231","NOME":"NAPOLI PIAZZA CAVOUR","IMPIANTO":"F","COMUNE":"Napoli","PROVINCIA":"Napoli","REGIONE":"Campania","CODLINEACOMM":"R008","LINEACOMM":"NODO DI NAPOLI","DOIT":"NA","SERVIZIO_MERCI":"0","SERVIZIO_VIAGGIATORI":"SI","CAP_REG":"0","CAP_P":"0","DIRAMAZ":"0","CAUSA_CHIUSURA":null}},{"type":"Feature","id":365,"geometry":{"type":"Point","coordinates":[14.24402,40.84793]},"properties":{"OBJECTID":365,"CODIMP":"68221","NOME":"NAPOLI MONTESANTO","IMPIANTO":"F","COMUNE":"Napoli","PROVINCIA":"Napoli","REGIONE":"Campania","CODLINEACOMM":"R008","LINEACOMM":"NODO DI NAPOLI","DOIT":"NA","SERVIZIO_MERCI":"0","SERVIZIO_VIAGGIATORI":"SI","CAP_REG":"0","CAP_P":"0","DIRAMAZ":"0","CAUSA_CHIUSURA":null}},{"type":"Feature","id":366,"geometry":{"type":"Point","coordinates":[14.23296,40.83862]},"properties":{"OBJECTID":366,"CODIMP":"68211","NOME":"NAPOLI PIAZZA AMEDEO","IMPIANTO":"F","COMUNE":"Napoli","PROVINCIA":"Napoli","REGIONE":"Campania","CODLINEACOMM":"R008","LINEACOMM":"NODO DI NAPOLI","DOIT":"NA","SERVIZIO_MERCI":"0","SERVIZIO_VIAGGIATORI":"SI","CAP_REG":"0","CAP_P":"0","DIRAMAZ":"0","CAUSA_CHIUSURA":null}},{"type":"Feature","id":367,"geometry":{"type":"Point","coordinates":[14.19465,40.82257]},"properties":{"OBJECTID":367,"CODIMP":"68140","NOME":"NAPOLI CAMPI FLEGREI","IMPIANTO":"S","COMUNE":"Napoli","PROVINCIA":"Napoli","REGIONE":"Campania","CODLINEACOMM":"R008","LINEACOMM":"NODO DI NAPOLI","DOIT":"NA","SERVIZIO_MERCI":"0","SERVIZIO_VIAGGIATORI":"SI","CAP_REG":"0","CAP_P":"0","DIRAMAZ":"0","CAUSA_CHIUSURA":null}},{"type":"Feature","id":369,"geometry":{"type":"Point","coordinates":[14.19911,40.82408]},"properties":{"OBJECTID":369,"CODIMP":"68161","NOME":"NAPOLI PIAZZA LEOPARDI","IMPIANTO":"F","COMUNE":"Napoli","PROVINCIA":"Napoli","REGIONE":"Campania","CODLINEACOMM":"R008","LINEACOMM":"NODO DI NAPOLI","DOIT":"NA","SERVIZIO_MERCI":"0","SERVIZIO_VIAGGIATORI":"SI","CAP_REG":"0","CAP_P":"0","DIRAMAZ":"0","CAUSA_CHIUSURA":null}},{"type":"Feature","id":370,"geometry":{"type":"Point","coordinates":[14.12616,40.8277]},"properties":{"OBJECTID":370,"CODIMP":"68100","NOME":"POZZUOLI SOLFATARA","IMPIANTO":"S","COMUNE":"Pozzuoli","PROVINCIA":"Napoli","REGIONE":"Campania","CODLINEACOMM":"R008","LINEACOMM":"NODO DI NAPOLI","DOIT":"NA","SERVIZIO_MERCI":"0","SERVIZIO_VIAGGIATORI":"SI","CAP_REG":"0","CAP_P":"0","DIRAMAZ":"0","CAUSA_CHIUSURA":null}},{"type":"Feature","id":371,"geometry":{"type":"Point","coordinates":[15.05237,40.61117]},"properties":{"OBJECTID":371,"CODIMP":"70140","NOME":"EBOLI","IMPIANTO":"S","COMUNE":"Eboli","PROVINCIA":"Salerno","REGIONE":"Campania","CODLINEACOMM":"K136","LINEACOMM":"BATTIPAGLIA - POTENZA CENTRALE","DOIT":"NA","SERVIZIO_MERCI":"0","SERVIZIO_VIAGGIATORI":"SI","CAP_REG":"0","CAP_P":"0","DIRAMAZ":"0","CAUSA_CHIUSURA":null}},{"type":"Feature","id":372,"geometry":{"type":"Point","coordinates":[14.21865,40.83165]},"properties":{"OBJECTID":372,"CODIMP":"68200","NOME":"NAPOLI MERGELLINA","IMPIANTO":"F","COMUNE":"Napoli","PROVINCIA":"Napoli","REGIONE":"Campania","CODLINEACOMM":"R008","LINEACOMM":"NODO DI NAPOLI","DOIT":"NA","SERVIZIO_MERCI":"0","SERVIZIO_VIAGGIATORI":"SI","CAP_REG":"0","CAP_P":"0","DIRAMAZ":"0","CAUSA_CHIUSURA":null}},{"type":"Feature","id":373,"geometry":{"type":"Point","coordinates":[9.30171,45.78102]},"properties":{"OBJECTID":373,"CODIMP":"21240","NOME":"MOLTENO","IMPIANTO":"S","COMUNE":"Molteno","PROVINCIA":"Lecco","REGIONE":"Lombardia","CODLINEACOMM":"K041","LINEACOMM":"CHIASSO - MOLTENO","DOIT":"MI","SERVIZIO_MERCI":"0","SERVIZIO_VIAGGIATORI":"SI","CAP_REG":"0","CAP_P":"0","DIRAMAZ":"1","CAUSA_CHIUSURA":null}},{"type":"Feature","id":374,"geometry":{"type":"Point","coordinates":[9.28526,45.76351]},"properties":{"OBJECTID":374,"CODIMP":"21060","NOME":"COSTA MASNAGA","IMPIANTO":"S","COMUNE":"Costa Masnaga","PROVINCIA":"Lecco","REGIONE":"Lombardia","CODLINEACOMM":"K042","LINEACOMM":"MONZA - MOLTENO","DOIT":"MI","SERVIZIO_MERCI":"0","SERVIZIO_VIAGGIATORI":"SI","CAP_REG":"0","CAP_P":"0","DIRAMAZ":"0","CAUSA_CHIUSURA":null}},{"type":"Feature","id":375,"geometry":{"type":"Point","coordinates":[9.39745,46.27551]},"properties":{"OBJECTID":375,"CODIMP":"21405","NOME":"S.CASSIANO VALCHIAVENNA","IMPIANTO":"F","COMUNE":"Prata Camportaccio","PROVINCIA":"Sondrio","REGIONE":"Lombardia","CODLINEACOMM":"K038","LINEACOMM":"CHIAVENNA - COLICO","DOIT":"MI","SERVIZIO_MERCI":"0","SERVIZIO_VIAGGIATORI":"SI","CAP_REG":"0","CAP_P":"0","DIRAMAZ":"0","CAUSA_CHIUSURA":null}},{"type":"Feature","id":376,"geometry":{"type":"Point","coordinates":[9.42362,46.24651]},"properties":{"OBJECTID":376,"CODIMP":"21407","NOME":"SAMOLACO","IMPIANTO":"F","COMUNE":"Samolaco","PROVINCIA":"Sondrio","REGIONE":"Lombardia","CODLINEACOMM":"K038","LINEACOMM":"CHIAVENNA - COLICO","DOIT":"MI","SERVIZIO_MERCI":"0","SERVIZIO_VIAGGIATORI":"SI","CAP_REG":"0","CAP_P":"0","DIRAMAZ":"0","CAUSA_CHIUSURA":null}},{"type":"Feature","id":377,"geometry":{"type":"Point","coordinates":[15.54292,40.70102]},"properties":{"OBJECTID":377,"CODIMP":"70420","NOME":"BELLA MURO","IMPIANTO":"S","COMUNE":"Bella","PROVINCIA":"Potenza","REGIONE":"Basilicata","CODLINEACOMM":"K136","LINEACOMM":"BATTIPAGLIA - POTENZA CENTRALE","DOIT":"NA","SERVIZIO_MERCI":"0","SERVIZIO_VIAGGIATORI":"SI","CAP_REG":"0","CAP_P":"0","DIRAMAZ":"0","CAUSA_CHIUSURA":null}},{"type":"Feature","id":378,"geometry":{"type":"Point","coordinates":[15.49529,40.65011]},"properties":{"OBJECTID":378,"CODIMP":"70380","NOME":"BALVANO-RICIGLIANO","IMPIANTO":"F","COMUNE":"Balvano","PROVINCIA":"Potenza","REGIONE":"Basilicata","CODLINEACOMM":"K136","LINEACOMM":"BATTIPAGLIA - POTENZA CENTRALE","DOIT":"NA","SERVIZIO_MERCI":"0","SERVIZIO_VIAGGIATORI":"SI","CAP_REG":"0","CAP_P":"0","DIRAMAZ":"0","CAUSA_CHIUSURA":null}},{"type":"Feature","id":379,"geometry":{"type":"Point","coordinates":[15.44763,40.61016]},"properties":{"OBJECTID":379,"CODIMP":"70340","NOME":"ROMAGNANO-VIETRI-SALVITELLA","IMPIANTO":"S","COMUNE":"Romagnano Al Monte","PROVINCIA":"Salerno","REGIONE":"Campania","CODLINEACOMM":"K136","LINEACOMM":"BATTIPAGLIA - POTENZA CENTRALE","DOIT":"NA","SERVIZIO_MERCI":"0","SERVIZIO_VIAGGIATORI":"SI","CAP_REG":"0","CAP_P":"0","DIRAMAZ":"0","CAUSA_CHIUSURA":null}},{"type":"Feature","id":380,"geometry":{"type":"Point","coordinates":[15.56919,40.69533]},"properties":{"OBJECTID":380,"CODIMP":"70460","NOME":"BARAGIANO-RUOTI","IMPIANTO":"S","COMUNE":"Baragiano","PROVINCIA":"Potenza","REGIONE":"Basilicata","CODLINEACOMM":"K136","LINEACOMM":"BATTIPAGLIA - POTENZA CENTRALE","DOIT":"NA","SERVIZIO_MERCI":"0","SERVIZIO_VIAGGIATORI":"SI","CAP_REG":"0","CAP_P":"0","DIRAMAZ":"0","CAUSA_CHIUSURA":null}},{"type":"Feature","id":381,"geometry":{"type":"Point","coordinates":[15.62379,40.67915]},"properties":{"OBJECTID":381,"CODIMP":"70471","NOME":"FRANCIOSA","IMPIANTO":"F","COMUNE":"Baragiano","PROVINCIA":"Potenza","REGIONE":"Basilicata","CODLINEACOMM":"K136","LINEACOMM":"BATTIPAGLIA - POTENZA CENTRALE","DOIT":"NA","SERVIZIO_MERCI":"0","SERVIZIO_VIAGGIATORI":"SI","CAP_REG":"0","CAP_P":"0","DIRAMAZ":"0","CAUSA_CHIUSURA":null}},{"type":"Feature","id":382,"geometry":{"type":"Point","coordinates":[15.64159,40.64024]},"properties":{"OBJECTID":382,"CODIMP":"70500","NOME":"PICERNO","IMPIANTO":"S","COMUNE":"Picerno","PROVINCIA":"Potenza","REGIONE":"Basilicata","CODLINEACOMM":"K136","LINEACOMM":"BATTIPAGLIA - POTENZA CENTRALE","DOIT":"NA","SERVIZIO_MERCI":"0","SERVIZIO_VIAGGIATORI":"SI","CAP_REG":"0","CAP_P":"0","DIRAMAZ":"0","CAUSA_CHIUSURA":null}},{"type":"Feature","id":383,"geometry":{"type":"Point","coordinates":[9.40716,46.32134]},"properties":{"OBJECTID":383,"CODIMP":"21400","NOME":"CHIAVENNA","IMPIANTO":"S","COMUNE":"Chiavenna","PROVINCIA":"Sondrio","REGIONE":"Lombardia","CODLINEACOMM":"K038","LINEACOMM":"CHIAVENNA - COLICO","DOIT":"MI","SERVIZIO_MERCI":"0","SERVIZIO_VIAGGIATORI":"SI","CAP_REG":"0","CAP_P":"0","DIRAMAZ":"0","CAUSA_CHIUSURA":null}},{"type":"Feature","id":384,"geometry":{"type":"Point","coordinates":[9.39682,46.30772]},"properties":{"OBJECTID":384,"CODIMP":"21403","NOME":"PRATA CAMPORTACCIO","IMPIANTO":"F","COMUNE":"Prata Camportaccio","PROVINCIA":"Sondrio","REGIONE":"Lombardia","CODLINEACOMM":"K038","LINEACOMM":"CHIAVENNA - COLICO","DOIT":"MI","SERVIZIO_MERCI":"0","SERVIZIO_VIAGGIATORI":"SI","CAP_REG":"0","CAP_P":"0","DIRAMAZ":"0","CAUSA_CHIUSURA":null}},{"type":"Feature","id":385,"geometry":{"type":"Point","coordinates":[9.44661,46.21667]},"properties":{"OBJECTID":385,"CODIMP":"21480","NOME":"NOVATE MEZZOLA","IMPIANTO":"S","COMUNE":"Novate Mezzola","PROVINCIA":"Sondrio","REGIONE":"Lombardia","CODLINEACOMM":"K038","LINEACOMM":"CHIAVENNA - COLICO","DOIT":"MI","SERVIZIO_MERCI":"1","SERVIZIO_VIAGGIATORI":"SI","CAP_REG":"0","CAP_P":"0","DIRAMAZ":"0","CAUSA_CHIUSURA":null}},{"type":"Feature","id":386,"geometry":{"type":"Point","coordinates":[9.45845,46.20291]},"properties":{"OBJECTID":386,"CODIMP":"21483","NOME":"VERCEIA","IMPIANTO":"F","COMUNE":"Verceia","PROVINCIA":"Sondrio","REGIONE":"Lombardia","CODLINEACOMM":"K038","LINEACOMM":"CHIAVENNA - COLICO","DOIT":"MI","SERVIZIO_MERCI":"0","SERVIZIO_VIAGGIATORI":"SI","CAP_REG":"0","CAP_P":"0","DIRAMAZ":"0","CAUSA_CHIUSURA":null}},{"type":"Feature","id":387,"geometry":{"type":"Point","coordinates":[15.80679,40.62958]},"properties":{"OBJECTID":387,"CODIMP":"77160","NOME":"POTENZA CENTRALE","IMPIANTO":"S","COMUNE":"Potenza","PROVINCIA":"Potenza","REGIONE":"Basilicata","CODLINEACOMM":"K136","LINEACOMM":"BATTIPAGLIA - POTENZA CENTRALE","DOIT":"BA","SERVIZIO_MERCI":"0","SERVIZIO_VIAGGIATORI":"SI","CAP_REG":"1","CAP_P":"1","DIRAMAZ":"1","CAUSA_CHIUSURA":null}},{"type":"Feature","id":388,"geometry":{"type":"Point","coordinates":[15.69818,40.60743]},"properties":{"OBJECTID":388,"CODIMP":"70540","NOME":"TITO","IMPIANTO":"S","COMUNE":"Tito","PROVINCIA":"Potenza","REGIONE":"Basilicata","CODLINEACOMM":"K136","LINEACOMM":"BATTIPAGLIA - POTENZA CENTRALE","DOIT":"NA","SERVIZIO_MERCI":"0","SERVIZIO_VIAGGIATORI":"SI","CAP_REG":"0","CAP_P":"0","DIRAMAZ":"0","CAUSA_CHIUSURA":null}},{"type":"Feature","id":390,"geometry":{"type":"Point","coordinates":[14.77008,40.72182]},"properties":{"OBJECTID":390,"CODIMP":"72440","NOME":"PELLEZZANO","IMPIANTO":"S","COMUNE":"Pellezzano","PROVINCIA":"Salerno","REGIONE":"Campania","CODLINEACOMM":"K148","LINEACOMM":"MERCATO S.SEVERINO - SALERNO","DOIT":"NA","SERVIZIO_MERCI":"0","SERVIZIO_VIAGGIATORI":"SI","CAP_REG":"0","CAP_P":"0","DIRAMAZ":"0","CAUSA_CHIUSURA":null}},{"type":"Feature","id":391,"geometry":{"type":"Point","coordinates":[14.77808,40.6962]},"properties":{"OBJECTID":391,"CODIMP":"72480","NOME":"FRATTE","IMPIANTO":"S","COMUNE":"Salerno","PROVINCIA":"Salerno","REGIONE":"Campania","CODLINEACOMM":"K148","LINEACOMM":"MERCATO S.SEVERINO - SALERNO","DOIT":"NA","SERVIZIO_MERCI":"0","SERVIZIO_VIAGGIATORI":"SI","CAP_REG":"0","CAP_P":"0","DIRAMAZ":"0","CAUSA_CHIUSURA":null}},{"type":"Feature","id":392,"geometry":{"type":"Point","coordinates":[9.43221,46.17288]},"properties":{"OBJECTID":392,"CODIMP":"21485","NOME":"DUBINO","IMPIANTO":"S","COMUNE":"Dubino","PROVINCIA":"Sondrio","REGIONE":"Lombardia","CODLINEACOMM":"K038","LINEACOMM":"CHIAVENNA - COLICO","DOIT":"MI","SERVIZIO_MERCI":"0","SERVIZIO_VIAGGIATORI":"SI","CAP_REG":"0","CAP_P":"0","DIRAMAZ":"0","CAUSA_CHIUSURA":null}},{"type":"Feature","id":393,"geometry":{"type":"Point","coordinates":[14.77626,40.68304]},"properties":{"OBJECTID":393,"CODIMP":"72520","NOME":"SALERNO IRNO","IMPIANTO":"F","COMUNE":"Salerno","PROVINCIA":"Salerno","REGIONE":"Campania","CODLINEACOMM":"K148","LINEACOMM":"MERCATO S.SEVERINO - SALERNO","DOIT":"NA","SERVIZIO_MERCI":"0","SERVIZIO_VIAGGIATORI":"SI","CAP_REG":"0","CAP_P":"0","DIRAMAZ":"0","CAUSA_CHIUSURA":null}},{"type":"Feature","id":395,"geometry":{"type":"Point","coordinates":[11.59511,42.33473]},"properties":{"OBJECTID":395,"CODIMP":"60800","NOME":"MONTALTO DI CASTRO","IMPIANTO":"S","COMUNE":"Montalto Di Castro","PROVINCIA":"Viterbo","REGIONE":"Lazio","CODLINEACOMM":"J051","LINEACOMM":"PISA - MACCARESE [ROMA] (compresa via Vada Collesalvetti)","DOIT":"RM","SERVIZIO_MERCI":"0","SERVIZIO_VIAGGIATORI":"SI","CAP_REG":"0","CAP_P":"0","DIRAMAZ":"0","CAUSA_CHIUSURA":null}},{"type":"Feature","id":396,"geometry":{"type":"Point","coordinates":[11.72703,42.23957]},"properties":{"OBJECTID":396,"CODIMP":"60840","NOME":"TARQUINIA","IMPIANTO":"S","COMUNE":"Tarquinia","PROVINCIA":"Viterbo","REGIONE":"Lazio","CODLINEACOMM":"J051","LINEACOMM":"PISA - MACCARESE [ROMA] (compresa via Vada Collesalvetti)","DOIT":"RM","SERVIZIO_MERCI":"0","SERVIZIO_VIAGGIATORI":"SI","CAP_REG":"0","CAP_P":"0","DIRAMAZ":"0","CAUSA_CHIUSURA":null}},{"type":"Feature","id":397,"geometry":{"type":"Point","coordinates":[14.77204,40.73303]},"properties":{"OBJECTID":397,"CODIMP":"72411","NOME":"ACQUAMELA","IMPIANTO":"F","COMUNE":"Baronissi","PROVINCIA":"Salerno","REGIONE":"Campania","CODLINEACOMM":"K148","LINEACOMM":"MERCATO S.SEVERINO - SALERNO","DOIT":"NA","SERVIZIO_MERCI":"0","SERVIZIO_VIAGGIATORI":"SI","CAP_REG":"0","CAP_P":"0","DIRAMAZ":"0","CAUSA_CHIUSURA":null}},{"type":"Feature","id":398,"geometry":{"type":"Point","coordinates":[12.04794,41.97924]},"properties":{"OBJECTID":398,"CODIMP":"61023","NOME":"MARINA DI CERVETERI","IMPIANTO":"F","COMUNE":"Cerveteri","PROVINCIA":"Roma","REGIONE":"Lazio","CODLINEACOMM":"J051","LINEACOMM":"PISA - MACCARESE [ROMA] (compresa via Vada Collesalvetti)","DOIT":"RM","SERVIZIO_MERCI":"0","SERVIZIO_VIAGGIATORI":"SI","CAP_REG":"0","CAP_P":"0","DIRAMAZ":"0","CAUSA_CHIUSURA":null}},{"type":"Feature","id":399,"geometry":{"type":"Point","coordinates":[12.08169,41.95361]},"properties":{"OBJECTID":399,"CODIMP":"61060","NOME":"LADISPOLI-CERVETERI","IMPIANTO":"S","COMUNE":"Ladispoli","PROVINCIA":"Roma","REGIONE":"Lazio","CODLINEACOMM":"J051","LINEACOMM":"PISA - MACCARESE [ROMA] (compresa via Vada Collesalvetti)","DOIT":"RM","SERVIZIO_MERCI":"0","SERVIZIO_VIAGGIATORI":"SI","CAP_REG":"0","CAP_P":"0","DIRAMAZ":"0","CAUSA_CHIUSURA":null}},{"type":"Feature","id":400,"geometry":{"type":"Point","coordinates":[11.86313,42.036]},"properties":{"OBJECTID":400,"CODIMP":"60940","NOME":"S.MARINELLA","IMPIANTO":"S","COMUNE":"Santa Marinella","PROVINCIA":"Roma","REGIONE":"Lazio","CODLINEACOMM":"J051","LINEACOMM":"PISA - MACCARESE [ROMA] (compresa via Vada Collesalvetti)","DOIT":"RM","SERVIZIO_MERCI":"0","SERVIZIO_VIAGGIATORI":"SI","CAP_REG":"0","CAP_P":"0","DIRAMAZ":"0","CAUSA_CHIUSURA":null}},{"type":"Feature","id":401,"geometry":{"type":"Point","coordinates":[11.96909,42.02076]},"properties":{"OBJECTID":401,"CODIMP":"60980","NOME":"S.SEVERA","IMPIANTO":"S","COMUNE":"Santa Marinella","PROVINCIA":"Roma","REGIONE":"Lazio","CODLINEACOMM":"J051","LINEACOMM":"PISA - MACCARESE [ROMA] (compresa via Vada Collesalvetti)","DOIT":"RM","SERVIZIO_MERCI":"0","SERVIZIO_VIAGGIATORI":"SI","CAP_REG":"0","CAP_P":"0","DIRAMAZ":"0","CAUSA_CHIUSURA":null}},{"type":"Feature","id":403,"geometry":{"type":"Point","coordinates":[11.79817,42.08839]},"properties":{"OBJECTID":403,"CODIMP":"60880","NOME":"CIVITAVECCHIA","IMPIANTO":"S","COMUNE":"Civitavecchia","PROVINCIA":"Roma","REGIONE":"Lazio","CODLINEACOMM":"J051","LINEACOMM":"PISA - MACCARESE [ROMA] (compresa via Vada Collesalvetti)","DOIT":"RM","SERVIZIO_MERCI":"1","SERVIZIO_VIAGGIATORI":"SI","CAP_REG":"0","CAP_P":"0","DIRAMAZ":"0","CAUSA_CHIUSURA":null}},{"type":"Feature","id":404,"geometry":{"type":"Point","coordinates":[12.18312,41.92443]},"properties":{"OBJECTID":404,"CODIMP":"61100","NOME":"TORRE IN PIETRA-PALIDORO","IMPIANTO":"F","COMUNE":"Fiumicino","PROVINCIA":"Roma","REGIONE":"Lazio","CODLINEACOMM":"J051","LINEACOMM":"PISA - MACCARESE [ROMA] (compresa via Vada Collesalvetti)","DOIT":"RM","SERVIZIO_MERCI":"0","SERVIZIO_VIAGGIATORI":"SI","CAP_REG":"0","CAP_P":"0","DIRAMAZ":"0","CAUSA_CHIUSURA":null}},{"type":"Feature","id":405,"geometry":{"type":"Point","coordinates":[12.23696,41.87948]},"properties":{"OBJECTID":405,"CODIMP":"61140","NOME":"MACCARESE-FREGENE","IMPIANTO":"S","COMUNE":"Fiumicino","PROVINCIA":"Roma","REGIONE":"Lazio","CODLINEACOMM":"R007","LINEACOMM":"NODO DI ROMA","DOIT":"RM","SERVIZIO_MERCI":"0","SERVIZIO_VIAGGIATORI":"SI","CAP_REG":"0","CAP_P":"0","DIRAMAZ":"1","CAUSA_CHIUSURA":null}},{"type":"Feature","id":406,"geometry":{"type":"Point","coordinates":[12.34475,41.81846]},"properties":{"OBJECTID":406,"CODIMP":"65880","NOME":"PONTE GALERIA","IMPIANTO":"S","COMUNE":"Roma","PROVINCIA":"Roma","REGIONE":"Lazio","CODLINEACOMM":"R007","LINEACOMM":"NODO DI ROMA","DOIT":"RM","SERVIZIO_MERCI":"0","SERVIZIO_VIAGGIATORI":"SI","CAP_REG":"0","CAP_P":"0","DIRAMAZ":"1","CAUSA_CHIUSURA":null}},{"type":"Feature","id":407,"geometry":{"type":"Point","coordinates":[12.1105,42.41208]},"properties":{"OBJECTID":407,"CODIMP":"64700","NOME":"VITERBO PORTA ROMANA","IMPIANTO":"S","COMUNE":"Viterbo","PROVINCIA":"Viterbo","REGIONE":"Lazio","CODLINEACOMM":"K129","LINEACOMM":"VITERBO - CESANO","DOIT":"RM","SERVIZIO_MERCI":"0","SERVIZIO_VIAGGIATORI":"SI","CAP_REG":"0","CAP_P":"0","DIRAMAZ":"0","CAUSA_CHIUSURA":null}},{"type":"Feature","id":409,"geometry":{"type":"Point","coordinates":[12.10621,42.42534]},"properties":{"OBJECTID":409,"CODIMP":"64640","NOME":"VITERBO PORTA FIORENTINA","IMPIANTO":"S","COMUNE":"Viterbo","PROVINCIA":"Viterbo","REGIONE":"Lazio","CODLINEACOMM":"K129","LINEACOMM":"VITERBO - CESANO","DOIT":"RM","SERVIZIO_MERCI":"0","SERVIZIO_VIAGGIATORI":"SI","CAP_REG":"0","CAP_P":"1","DIRAMAZ":"0","CAUSA_CHIUSURA":null}},{"type":"Feature","id":410,"geometry":{"type":"Point","coordinates":[12.08914,42.30473]},"properties":{"OBJECTID":410,"CODIMP":"64780","NOME":"VETRALLA","IMPIANTO":"S","COMUNE":"Vetralla","PROVINCIA":"Viterbo","REGIONE":"Lazio","CODLINEACOMM":"K129","LINEACOMM":"VITERBO - CESANO","DOIT":"RM","SERVIZIO_MERCI":"0","SERVIZIO_VIAGGIATORI":"SI","CAP_REG":"0","CAP_P":"0","DIRAMAZ":"0","CAUSA_CHIUSURA":null}},{"type":"Feature","id":412,"geometry":{"type":"Point","coordinates":[12.1572,42.2453]},"properties":{"OBJECTID":412,"CODIMP":"64860","NOME":"CAPRANICA-SUTRI","IMPIANTO":"S","COMUNE":"Capranica","PROVINCIA":"Viterbo","REGIONE":"Lazio","CODLINEACOMM":"K129","LINEACOMM":"VITERBO - CESANO","DOIT":"RM","SERVIZIO_MERCI":"0","SERVIZIO_VIAGGIATORI":"SI","CAP_REG":"0","CAP_P":"0","DIRAMAZ":"1","CAUSA_CHIUSURA":null}},{"type":"Feature","id":414,"geometry":{"type":"Point","coordinates":[12.08617,42.33163]},"properties":{"OBJECTID":414,"CODIMP":"64745","NOME":"TRE CROCI","IMPIANTO":"F","COMUNE":"Vetralla","PROVINCIA":"Viterbo","REGIONE":"Lazio","CODLINEACOMM":"K129","LINEACOMM":"VITERBO - CESANO","DOIT":"RM","SERVIZIO_MERCI":"0","SERVIZIO_VIAGGIATORI":"SI","CAP_REG":"0","CAP_P":"0","DIRAMAZ":"0","CAUSA_CHIUSURA":null}},{"type":"Feature","id":415,"geometry":{"type":"Point","coordinates":[12.21073,42.07697]},"properties":{"OBJECTID":415,"CODIMP":"65023","NOME":"VIGNA DI VALLE","IMPIANTO":"F","COMUNE":"Bracciano","PROVINCIA":"Roma","REGIONE":"Lazio","CODLINEACOMM":"K129","LINEACOMM":"VITERBO - CESANO","DOIT":"RM","SERVIZIO_MERCI":"0","SERVIZIO_VIAGGIATORI":"SI","CAP_REG":"0","CAP_P":"0","DIRAMAZ":"0","CAUSA_CHIUSURA":null}},{"type":"Feature","id":417,"geometry":{"type":"Point","coordinates":[12.13851,42.16693]},"properties":{"OBJECTID":417,"CODIMP":"64940","NOME":"ORIOLO","IMPIANTO":"S","COMUNE":"Oriolo Romano","PROVINCIA":"Viterbo","REGIONE":"Lazio","CODLINEACOMM":"K129","LINEACOMM":"VITERBO - CESANO","DOIT":"RM","SERVIZIO_MERCI":"0","SERVIZIO_VIAGGIATORI":"SI","CAP_REG":"0","CAP_P":"0","DIRAMAZ":"0","CAUSA_CHIUSURA":null}},{"type":"Feature","id":418,"geometry":{"type":"Point","coordinates":[12.13494,42.12835]},"properties":{"OBJECTID":418,"CODIMP":"64980","NOME":"MANZIANA-CANALE MONTERANO","IMPIANTO":"S","COMUNE":"Manziana","PROVINCIA":"Roma","REGIONE":"Lazio","CODLINEACOMM":"K129","LINEACOMM":"VITERBO - CESANO","DOIT":"RM","SERVIZIO_MERCI":"0","SERVIZIO_VIAGGIATORI":"SI","CAP_REG":"0","CAP_P":"0","DIRAMAZ":"0","CAUSA_CHIUSURA":null}},{"type":"Feature","id":419,"geometry":{"type":"Point","coordinates":[12.17304,42.10377]},"properties":{"OBJECTID":419,"CODIMP":"65020","NOME":"BRACCIANO","IMPIANTO":"S","COMUNE":"Bracciano","PROVINCIA":"Roma","REGIONE":"Lazio","CODLINEACOMM":"K129","LINEACOMM":"VITERBO - CESANO","DOIT":"RM","SERVIZIO_MERCI":"0","SERVIZIO_VIAGGIATORI":"SI","CAP_REG":"0","CAP_P":"0","DIRAMAZ":"0","CAUSA_CHIUSURA":null}},{"type":"Feature","id":420,"geometry":{"type":"Point","coordinates":[12.30499,42.06824]},"properties":{"OBJECTID":420,"CODIMP":"65100","NOME":"ANGUILLARA","IMPIANTO":"S","COMUNE":"Anguillara Sabazia","PROVINCIA":"Roma","REGIONE":"Lazio","CODLINEACOMM":"K129","LINEACOMM":"VITERBO - CESANO","DOIT":"RM","SERVIZIO_MERCI":"0","SERVIZIO_VIAGGIATORI":"SI","CAP_REG":"0","CAP_P":"0","DIRAMAZ":"0","CAUSA_CHIUSURA":null}},{"type":"Feature","id":421,"geometry":{"type":"Point","coordinates":[12.32667,42.06194]},"properties":{"OBJECTID":421,"CODIMP":"65140","NOME":"CESANO DI ROMA","IMPIANTO":"S","COMUNE":"Roma","PROVINCIA":"Roma","REGIONE":"Lazio","CODLINEACOMM":"R007","LINEACOMM":"NODO DI ROMA","DOIT":"RM","SERVIZIO_MERCI":"0","SERVIZIO_VIAGGIATORI":"SI","CAP_REG":"0","CAP_P":"0","DIRAMAZ":"0","CAUSA_CHIUSURA":null}},{"type":"Feature","id":422,"geometry":{"type":"Point","coordinates":[12.42174,41.93919]},"properties":{"OBJECTID":422,"CODIMP":"65260","NOME":"MONTE MARIO","IMPIANTO":"F","COMUNE":"Roma","PROVINCIA":"Roma","REGIONE":"Lazio","CODLINEACOMM":"R007","LINEACOMM":"NODO DI ROMA","DOIT":"RM","SERVIZIO_MERCI":"0","SERVIZIO_VIAGGIATORI":"SI","CAP_REG":"0","CAP_P":"0","DIRAMAZ":"0","CAUSA_CHIUSURA":null}},{"type":"Feature","id":423,"geometry":{"type":"Point","coordinates":[12.4278,41.92792]},"properties":{"OBJECTID":423,"CODIMP":"65263","NOME":"GEMELLI","IMPIANTO":"F","COMUNE":"Roma","PROVINCIA":"Roma","REGIONE":"Lazio","CODLINEACOMM":"R007","LINEACOMM":"NODO DI ROMA","DOIT":"RM","SERVIZIO_MERCI":"0","SERVIZIO_VIAGGIATORI":"SI","CAP_REG":"0","CAP_P":"0","DIRAMAZ":"0","CAUSA_CHIUSURA":null}},{"type":"Feature","id":424,"geometry":{"type":"Point","coordinates":[12.38126,42.00185]},"properties":{"OBJECTID":424,"CODIMP":"65180","NOME":"LA STORTA","IMPIANTO":"S","COMUNE":"Roma","PROVINCIA":"Roma","REGIONE":"Lazio","CODLINEACOMM":"R007","LINEACOMM":"NODO DI ROMA","DOIT":"RM","SERVIZIO_MERCI":"0","SERVIZIO_VIAGGIATORI":"SI","CAP_REG":"0","CAP_P":"0","DIRAMAZ":"0","CAUSA_CHIUSURA":null}},{"type":"Feature","id":425,"geometry":{"type":"Point","coordinates":[12.40347,41.98535]},"properties":{"OBJECTID":425,"CODIMP":"65183","NOME":"LA GIUSTINIANA","IMPIANTO":"F","COMUNE":"Roma","PROVINCIA":"Roma","REGIONE":"Lazio","CODLINEACOMM":"R007","LINEACOMM":"NODO DI ROMA","DOIT":"RM","SERVIZIO_MERCI":"0","SERVIZIO_VIAGGIATORI":"SI","CAP_REG":"0","CAP_P":"0","DIRAMAZ":"0","CAUSA_CHIUSURA":null}},{"type":"Feature","id":426,"geometry":{"type":"Point","coordinates":[12.43656,41.91891]},"properties":{"OBJECTID":426,"CODIMP":"65265","NOME":"ROMA BALDUINA","IMPIANTO":"F","COMUNE":"Roma","PROVINCIA":"Roma","REGIONE":"Lazio","CODLINEACOMM":"R007","LINEACOMM":"NODO DI ROMA","DOIT":"RM","SERVIZIO_MERCI":"0","SERVIZIO_VIAGGIATORI":"SI","CAP_REG":"0","CAP_P":"0","DIRAMAZ":"0","CAUSA_CHIUSURA":null}},{"type":"Feature","id":428,"geometry":{"type":"Point","coordinates":[12.409,42.43738]},"properties":{"OBJECTID":428,"CODIMP":"60120","NOME":"ORTE","IMPIANTO":"S","COMUNE":"Orte","PROVINCIA":"Viterbo","REGIONE":"Lazio","CODLINEACOMM":"J053","LINEACOMM":"[FIRENZE] FIRENZE ROVEZZANO - FARA SABINA [ROMA] (Linea Lenta)","DOIT":"RM","SERVIZIO_MERCI":"0","SERVIZIO_VIAGGIATORI":"SI","CAP_REG":"0","CAP_P":"0","DIRAMAZ":"1","CAUSA_CHIUSURA":null}},{"type":"Feature","id":429,"geometry":{"type":"Point","coordinates":[12.56889,41.83083]},"properties":{"OBJECTID":429,"CODIMP":"61460","NOME":"CAPANNELLE","IMPIANTO":"F","COMUNE":"Roma","PROVINCIA":"Roma","REGIONE":"Lazio","CODLINEACOMM":"R007","LINEACOMM":"NODO DI ROMA","DOIT":"RM","SERVIZIO_MERCI":"0","SERVIZIO_VIAGGIATORI":"SI","CAP_REG":"0","CAP_P":"0","DIRAMAZ":"0","CAUSA_CHIUSURA":null}},{"type":"Feature","id":430,"geometry":{"type":"Point","coordinates":[12.59956,41.80455]},"properties":{"OBJECTID":430,"CODIMP":"61500","NOME":"CIAMPINO","IMPIANTO":"S","COMUNE":"Ciampino","PROVINCIA":"Roma","REGIONE":"Lazio","CODLINEACOMM":"R007","LINEACOMM":"NODO DI ROMA","DOIT":"RM","SERVIZIO_MERCI":"0","SERVIZIO_VIAGGIATORI":"SI","CAP_REG":"0","CAP_P":"0","DIRAMAZ":"1","CAUSA_CHIUSURA":null}},{"type":"Feature","id":431,"geometry":{"type":"Point","coordinates":[12.75601,41.83868]},"properties":{"OBJECTID":431,"CODIMP":"61543","NOME":"COLONNA GALLERIA","IMPIANTO":"F","COMUNE":"Colonna","PROVINCIA":"Roma","REGIONE":"Lazio","CODLINEACOMM":"J061","LINEACOMM":"[ROMA] CIAMPINO - ACERRA [NAPOLI] (via Cassino) (Comprese linee Rocca d'Evandro - Venafro/Vairano e","DOIT":"RM","SERVIZIO_MERCI":"0","SERVIZIO_VIAGGIATORI":"SI","CAP_REG":"0","CAP_P":"0","DIRAMAZ":"0","CAUSA_CHIUSURA":null}},{"type":"Feature","id":432,"geometry":{"type":"Point","coordinates":[12.72833,41.83286]},"properties":{"OBJECTID":432,"CODIMP":"61540","NOME":"COLLE MATTIA","IMPIANTO":"S","COMUNE":"Roma","PROVINCIA":"Roma","REGIONE":"Lazio","CODLINEACOMM":"J061","LINEACOMM":"[ROMA] CIAMPINO - ACERRA [NAPOLI] (via Cassino) (Comprese linee Rocca d'Evandro - Venafro/Vairano e","DOIT":"RM","SERVIZIO_MERCI":"0","SERVIZIO_VIAGGIATORI":"SI","CAP_REG":"0","CAP_P":"0","DIRAMAZ":"0","CAUSA_CHIUSURA":null}},{"type":"Feature","id":433,"geometry":{"type":"Point","coordinates":[12.9237,41.7744]},"properties":{"OBJECTID":433,"CODIMP":"61620","NOME":"VALMONTONE","IMPIANTO":"F","COMUNE":"Valmontone","PROVINCIA":"Roma","REGIONE":"Lazio","CODLINEACOMM":"J061","LINEACOMM":"[ROMA] CIAMPINO - ACERRA [NAPOLI] (via Cassino) (Comprese linee Rocca d'Evandro - Venafro/Vairano e","DOIT":"RM","SERVIZIO_MERCI":"0","SERVIZIO_VIAGGIATORI":"SI","CAP_REG":"0","CAP_P":"0","DIRAMAZ":"0","CAUSA_CHIUSURA":null}},{"type":"Feature","id":434,"geometry":{"type":"Point","coordinates":[13.00299,41.74017]},"properties":{"OBJECTID":434,"CODIMP":"61660","NOME":"COLLEFERRO-SEGNI-PALIANO","IMPIANTO":"S","COMUNE":"Colleferro","PROVINCIA":"Roma","REGIONE":"Lazio","CODLINEACOMM":"J061","LINEACOMM":"[ROMA] CIAMPINO - ACERRA [NAPOLI] (via Cassino) (Comprese linee Rocca d'Evandro - Venafro/Vairano e","DOIT":"RM","SERVIZIO_MERCI":"0","SERVIZIO_VIAGGIATORI":"SI","CAP_REG":"0","CAP_P":"0","DIRAMAZ":"0","CAUSA_CHIUSURA":null}},{"type":"Feature","id":435,"geometry":{"type":"Point","coordinates":[13.09597,41.71047]},"properties":{"OBJECTID":435,"CODIMP":"61700","NOME":"ANAGNI-FIUGGI","IMPIANTO":"S","COMUNE":"Anagni","PROVINCIA":"Frosinone","REGIONE":"Lazio","CODLINEACOMM":"J061","LINEACOMM":"[ROMA] CIAMPINO - ACERRA [NAPOLI] (via Cassino) (Comprese linee Rocca d'Evandro - Venafro/Vairano e","DOIT":"RM","SERVIZIO_MERCI":"1","SERVIZIO_VIAGGIATORI":"SI","CAP_REG":"0","CAP_P":"0","DIRAMAZ":"0","CAUSA_CHIUSURA":null}},{"type":"Feature","id":436,"geometry":{"type":"Point","coordinates":[12.82693,41.82203]},"properties":{"OBJECTID":436,"CODIMP":"61580","NOME":"ZAGAROLO","IMPIANTO":"S","COMUNE":"Zagarolo","PROVINCIA":"Roma","REGIONE":"Lazio","CODLINEACOMM":"J061","LINEACOMM":"[ROMA] CIAMPINO - ACERRA [NAPOLI] (via Cassino) (Comprese linee Rocca d'Evandro - Venafro/Vairano e","DOIT":"RM","SERVIZIO_MERCI":"0","SERVIZIO_VIAGGIATORI":"SI","CAP_REG":"0","CAP_P":"0","DIRAMAZ":"0","CAUSA_CHIUSURA":null}},{"type":"Feature","id":437,"geometry":{"type":"Point","coordinates":[12.8898,41.78318]},"properties":{"OBJECTID":437,"CODIMP":"61583","NOME":"LABICO","IMPIANTO":"F","COMUNE":"Labico","PROVINCIA":"Roma","REGIONE":"Lazio","CODLINEACOMM":"J061","LINEACOMM":"[ROMA] CIAMPINO - ACERRA [NAPOLI] (via Cassino) (Comprese linee Rocca d'Evandro - Venafro/Vairano e","DOIT":"RM","SERVIZIO_MERCI":"0","SERVIZIO_VIAGGIATORI":"SI","CAP_REG":"0","CAP_P":"0","DIRAMAZ":"0","CAUSA_CHIUSURA":null}},{"type":"Feature","id":438,"geometry":{"type":"Point","coordinates":[12.61645,41.7944]},"properties":{"OBJECTID":438,"CODIMP":"65415","NOME":"ACQUA ACETOSA","IMPIANTO":"F","COMUNE":"Ciampino","PROVINCIA":"Roma","REGIONE":"Lazio","CODLINEACOMM":"K134","LINEACOMM":"CIAMPINO - ALBANO LAZIALE","DOIT":"RM","SERVIZIO_MERCI":"0","SERVIZIO_VIAGGIATORI":"SI","CAP_REG":"0","CAP_P":"0","DIRAMAZ":"0","CAUSA_CHIUSURA":null}},{"type":"Feature","id":439,"geometry":{"type":"Point","coordinates":[13.33642,41.57369]},"properties":{"OBJECTID":439,"CODIMP":"61860","NOME":"CECCANO","IMPIANTO":"S","COMUNE":"Ceccano","PROVINCIA":"Frosinone","REGIONE":"Lazio","CODLINEACOMM":"J061","LINEACOMM":"[ROMA] CIAMPINO - ACERRA [NAPOLI] (via Cassino) (Comprese linee Rocca d'Evandro - Venafro/Vairano e","DOIT":"RM","SERVIZIO_MERCI":"0","SERVIZIO_VIAGGIATORI":"SI","CAP_REG":"0","CAP_P":"0","DIRAMAZ":"0","CAUSA_CHIUSURA":null}},{"type":"Feature","id":440,"geometry":{"type":"Point","coordinates":[13.41074,41.53313]},"properties":{"OBJECTID":440,"CODIMP":"61863","NOME":"CASTRO-POFI-VALLECORSA","IMPIANTO":"F","COMUNE":"Castro Dei Volsci","PROVINCIA":"Frosinone","REGIONE":"Lazio","CODLINEACOMM":"J061","LINEACOMM":"[ROMA] CIAMPINO - ACERRA [NAPOLI] (via Cassino) (Comprese linee Rocca d'Evandro - Venafro/Vairano e","DOIT":"RM","SERVIZIO_MERCI":"0","SERVIZIO_VIAGGIATORI":"SI","CAP_REG":"0","CAP_P":"0","DIRAMAZ":"0","CAUSA_CHIUSURA":null}},{"type":"Feature","id":441,"geometry":{"type":"Point","coordinates":[13.32873,41.62544]},"properties":{"OBJECTID":441,"CODIMP":"61820","NOME":"FROSINONE","IMPIANTO":"S","COMUNE":"Frosinone","PROVINCIA":"Frosinone","REGIONE":"Lazio","CODLINEACOMM":"J061","LINEACOMM":"[ROMA] CIAMPINO - ACERRA [NAPOLI] (via Cassino) (Comprese linee Rocca d'Evandro - Venafro/Vairano e","DOIT":"RM","SERVIZIO_MERCI":"1","SERVIZIO_VIAGGIATORI":"SI","CAP_REG":"0","CAP_P":"1","DIRAMAZ":"0","CAUSA_CHIUSURA":null}},{"type":"Feature","id":442,"geometry":{"type":"Point","coordinates":[13.19456,41.66713]},"properties":{"OBJECTID":442,"CODIMP":"61780","NOME":"MOROLO","IMPIANTO":"S","COMUNE":"Morolo","PROVINCIA":"Frosinone","REGIONE":"Lazio","CODLINEACOMM":"J061","LINEACOMM":"[ROMA] CIAMPINO - ACERRA [NAPOLI] (via Cassino) (Comprese linee Rocca d'Evandro - Venafro/Vairano e","DOIT":"RM","SERVIZIO_MERCI":"0","SERVIZIO_VIAGGIATORI":"SI","CAP_REG":"0","CAP_P":"0","DIRAMAZ":"0","CAUSA_CHIUSURA":null}},{"type":"Feature","id":443,"geometry":{"type":"Point","coordinates":[13.24697,41.65651]},"properties":{"OBJECTID":443,"CODIMP":"61783","NOME":"FERENTINO-SUPINO","IMPIANTO":"F","COMUNE":"Ferentino","PROVINCIA":"Frosinone","REGIONE":"Lazio","CODLINEACOMM":"J061","LINEACOMM":"[ROMA] CIAMPINO - ACERRA [NAPOLI] (via Cassino) (Comprese linee Rocca d'Evandro - Venafro/Vairano e","DOIT":"RM","SERVIZIO_MERCI":"0","SERVIZIO_VIAGGIATORI":"SI","CAP_REG":"0","CAP_P":"0","DIRAMAZ":"0","CAUSA_CHIUSURA":null}},{"type":"Feature","id":444,"geometry":{"type":"Point","coordinates":[13.64581,41.52649]},"properties":{"OBJECTID":444,"CODIMP":"61940","NOME":"ROCCASECCA","IMPIANTO":"S","COMUNE":"Roccasecca","PROVINCIA":"Frosinone","REGIONE":"Lazio","CODLINEACOMM":"J061","LINEACOMM":"[ROMA] CIAMPINO - ACERRA [NAPOLI] (via Cassino) (Comprese linee Rocca d'Evandro - Venafro/Vairano e","DOIT":"RM","SERVIZIO_MERCI":"0","SERVIZIO_VIAGGIATORI":"SI","CAP_REG":"0","CAP_P":"0","DIRAMAZ":"1","CAUSA_CHIUSURA":null}},{"type":"Feature","id":445,"geometry":{"type":"Point","coordinates":[13.73132,41.49578]},"properties":{"OBJECTID":445,"CODIMP":"62020","NOME":"PIEDIMONTE-VILLA S.LUCIA-AQUINO","IMPIANTO":"S","COMUNE":"Aquino","PROVINCIA":"Frosinone","REGIONE":"Lazio","CODLINEACOMM":"J061","LINEACOMM":"[ROMA] CIAMPINO - ACERRA [NAPOLI] (via Cassino) (Comprese linee Rocca d'Evandro - Venafro/Vairano e","DOIT":"RM","SERVIZIO_MERCI":"1","SERVIZIO_VIAGGIATORI":"SI","CAP_REG":"0","CAP_P":"0","DIRAMAZ":"0","CAUSA_CHIUSURA":null}},{"type":"Feature","id":446,"geometry":{"type":"Point","coordinates":[13.83212,41.48442]},"properties":{"OBJECTID":446,"CODIMP":"62060","NOME":"CASSINO","IMPIANTO":"S","COMUNE":"Cassino","PROVINCIA":"Frosinone","REGIONE":"Lazio","CODLINEACOMM":"J061","LINEACOMM":"[ROMA] CIAMPINO - ACERRA [NAPOLI] (via Cassino) (Comprese linee Rocca d'Evandro - Venafro/Vairano e","DOIT":"RM","SERVIZIO_MERCI":"0","SERVIZIO_VIAGGIATORI":"SI","CAP_REG":"0","CAP_P":"0","DIRAMAZ":"0","CAUSA_CHIUSURA":null}},{"type":"Feature","id":447,"geometry":{"type":"Point","coordinates":[12.656,41.76907]},"properties":{"OBJECTID":447,"CODIMP":"65420","NOME":"MARINO LAZIALE","IMPIANTO":"S","COMUNE":"Marino","PROVINCIA":"Roma","REGIONE":"Lazio","CODLINEACOMM":"K134","LINEACOMM":"CIAMPINO - ALBANO LAZIALE","DOIT":"RM","SERVIZIO_MERCI":"0","SERVIZIO_VIAGGIATORI":"SI","CAP_REG":"0","CAP_P":"0","DIRAMAZ":"0","CAUSA_CHIUSURA":null}},{"type":"Feature","id":448,"geometry":{"type":"Point","coordinates":[12.65227,41.74705]},"properties":{"OBJECTID":448,"CODIMP":"65423","NOME":"CASTEL GANDOLFO","IMPIANTO":"F","COMUNE":"Castel Gandolfo","PROVINCIA":"Roma","REGIONE":"Lazio","CODLINEACOMM":"K134","LINEACOMM":"CIAMPINO - ALBANO LAZIALE","DOIT":"RM","SERVIZIO_MERCI":"0","SERVIZIO_VIAGGIATORI":"SI","CAP_REG":"0","CAP_P":"0","DIRAMAZ":"0","CAUSA_CHIUSURA":null}},{"type":"Feature","id":449,"geometry":{"type":"Point","coordinates":[12.62583,41.78388]},"properties":{"OBJECTID":449,"CODIMP":"65417","NOME":"SASSONE","IMPIANTO":"F","COMUNE":"Ciampino","PROVINCIA":"Roma","REGIONE":"Lazio","CODLINEACOMM":"K134","LINEACOMM":"CIAMPINO - ALBANO LAZIALE","DOIT":"RM","SERVIZIO_MERCI":"0","SERVIZIO_VIAGGIATORI":"SI","CAP_REG":"0","CAP_P":"0","DIRAMAZ":"0","CAUSA_CHIUSURA":null}},{"type":"Feature","id":450,"geometry":{"type":"Point","coordinates":[12.63481,41.77951]},"properties":{"OBJECTID":450,"CODIMP":"65419","NOME":"PANTANELLA","IMPIANTO":"F","COMUNE":"Marino","PROVINCIA":"Roma","REGIONE":"Lazio","CODLINEACOMM":"K134","LINEACOMM":"CIAMPINO - ALBANO LAZIALE","DOIT":"RM","SERVIZIO_MERCI":"0","SERVIZIO_VIAGGIATORI":"SI","CAP_REG":"0","CAP_P":"0","DIRAMAZ":"0","CAUSA_CHIUSURA":null}},{"type":"Feature","id":451,"geometry":{"type":"Point","coordinates":[12.64947,41.73834]},"properties":{"OBJECTID":451,"CODIMP":"65425","NOME":"VILLETTA","IMPIANTO":"F","COMUNE":"Castel Gandolfo","PROVINCIA":"Roma","REGIONE":"Lazio","CODLINEACOMM":"K134","LINEACOMM":"CIAMPINO - ALBANO LAZIALE","DOIT":"RM","SERVIZIO_MERCI":"0","SERVIZIO_VIAGGIATORI":"SI","CAP_REG":"0","CAP_P":"0","DIRAMAZ":"0","CAUSA_CHIUSURA":null}},{"type":"Feature","id":452,"geometry":{"type":"Point","coordinates":[12.60431,41.78843]},"properties":{"OBJECTID":452,"CODIMP":"65475","NOME":"CASABIANCA","IMPIANTO":"F","COMUNE":"Ciampino","PROVINCIA":"Roma","REGIONE":"Lazio","CODLINEACOMM":"K135","LINEACOMM":"CIAMPINO - VELLETRI","DOIT":"RM","SERVIZIO_MERCI":"0","SERVIZIO_VIAGGIATORI":"SI","CAP_REG":"0","CAP_P":"0","DIRAMAZ":"0","CAUSA_CHIUSURA":null}},{"type":"Feature","id":453,"geometry":{"type":"Point","coordinates":[12.60623,41.77452]},"properties":{"OBJECTID":453,"CODIMP":"65477","NOME":"S.MARIA DELLE MOLE","IMPIANTO":"F","COMUNE":"Marino","PROVINCIA":"Roma","REGIONE":"Lazio","CODLINEACOMM":"K135","LINEACOMM":"CIAMPINO - VELLETRI","DOIT":"RM","SERVIZIO_MERCI":"0","SERVIZIO_VIAGGIATORI":"SI","CAP_REG":"0","CAP_P":"0","DIRAMAZ":"0","CAUSA_CHIUSURA":null}},{"type":"Feature","id":454,"geometry":{"type":"Point","coordinates":[12.62176,41.7107]},"properties":{"OBJECTID":454,"CODIMP":"65483","NOME":"CANCELLIERA","IMPIANTO":"F","COMUNE":"Ariccia","PROVINCIA":"Roma","REGIONE":"Lazio","CODLINEACOMM":"K135","LINEACOMM":"CIAMPINO - VELLETRI","DOIT":"RM","SERVIZIO_MERCI":"0","SERVIZIO_VIAGGIATORI":"SI","CAP_REG":"0","CAP_P":"0","DIRAMAZ":"0","CAUSA_CHIUSURA":null}},{"type":"Feature","id":455,"geometry":{"type":"Point","coordinates":[12.651,41.69214]},"properties":{"OBJECTID":455,"CODIMP":"65500","NOME":"CECCHINA","IMPIANTO":"S","COMUNE":"Albano Laziale","PROVINCIA":"Roma","REGIONE":"Lazio","CODLINEACOMM":"K135","LINEACOMM":"CIAMPINO - VELLETRI","DOIT":"RM","SERVIZIO_MERCI":"0","SERVIZIO_VIAGGIATORI":"SI","CAP_REG":"0","CAP_P":"0","DIRAMAZ":"0","CAUSA_CHIUSURA":null}},{"type":"Feature","id":456,"geometry":{"type":"Point","coordinates":[12.61117,41.724]},"properties":{"OBJECTID":456,"CODIMP":"65480","NOME":"PAVONA","IMPIANTO":"S","COMUNE":"Albano Laziale","PROVINCIA":"Roma","REGIONE":"Lazio","CODLINEACOMM":"K135","LINEACOMM":"CIAMPINO - VELLETRI","DOIT":"RM","SERVIZIO_MERCI":"0","SERVIZIO_VIAGGIATORI":"SI","CAP_REG":"0","CAP_P":"0","DIRAMAZ":"0","CAUSA_CHIUSURA":null}},{"type":"Feature","id":457,"geometry":{"type":"Point","coordinates":[12.65806,41.72643]},"properties":{"OBJECTID":457,"CODIMP":"65460","NOME":"ALBANO LAZIALE","IMPIANTO":"S","COMUNE":"Albano Laziale","PROVINCIA":"Roma","REGIONE":"Lazio","CODLINEACOMM":"K134","LINEACOMM":"CIAMPINO - ALBANO LAZIALE","DOIT":"RM","SERVIZIO_MERCI":"0","SERVIZIO_VIAGGIATORI":"SI","CAP_REG":"0","CAP_P":"0","DIRAMAZ":"0","CAUSA_CHIUSURA":null}},{"type":"Feature","id":458,"geometry":{"type":"Point","coordinates":[12.67796,41.80699]},"properties":{"OBJECTID":458,"CODIMP":"65380","NOME":"FRASCATI","IMPIANTO":"LR","COMUNE":"Frascati","PROVINCIA":"Roma","REGIONE":"Lazio","CODLINEACOMM":"K235","LINEACOMM":"CIAMPINO - FRASCATI","DOIT":"RM","SERVIZIO_MERCI":"0","SERVIZIO_VIAGGIATORI":"SI","CAP_REG":"0","CAP_P":"0","DIRAMAZ":"0","CAUSA_CHIUSURA":null}},{"type":"Feature","id":459,"geometry":{"type":"Point","coordinates":[12.64835,41.64251]},"properties":{"OBJECTID":459,"CODIMP":"62260","NOME":"CAMPOLEONE","IMPIANTO":"S","COMUNE":"Aprilia","PROVINCIA":"Latina","REGIONE":"Lazio","CODLINEACOMM":"J057","LINEACOMM":"[ROMA] TORRICOLA - FRATTAMAGGIORE [NAPOLI] (via Formia)","DOIT":"RM","SERVIZIO_MERCI":"0","SERVIZIO_VIAGGIATORI":"SI","CAP_REG":"0","CAP_P":"0","DIRAMAZ":"1","CAUSA_CHIUSURA":null}},{"type":"Feature","id":460,"geometry":{"type":"Point","coordinates":[12.63913,41.5925]},"properties":{"OBJECTID":460,"CODIMP":"65580","NOME":"APRILIA","IMPIANTO":"S","COMUNE":"Aprilia","PROVINCIA":"Latina","REGIONE":"Lazio","CODLINEACOMM":"K130","LINEACOMM":"CAMPOLEONE - NETTUNO","DOIT":"RM","SERVIZIO_MERCI":"0","SERVIZIO_VIAGGIATORI":"SI","CAP_REG":"0","CAP_P":"0","DIRAMAZ":"0","CAUSA_CHIUSURA":null}},{"type":"Feature","id":461,"geometry":{"type":"Point","coordinates":[12.63513,41.55223]},"properties":{"OBJECTID":461,"CODIMP":"65620","NOME":"CAMPO DI CARNE","IMPIANTO":"S","COMUNE":"Aprilia","PROVINCIA":"Latina","REGIONE":"Lazio","CODLINEACOMM":"K130","LINEACOMM":"CAMPOLEONE - NETTUNO","DOIT":"RM","SERVIZIO_MERCI":"0","SERVIZIO_VIAGGIATORI":"SI","CAP_REG":"0","CAP_P":"0","DIRAMAZ":"0","CAUSA_CHIUSURA":null}},{"type":"Feature","id":462,"geometry":{"type":"Point","coordinates":[12.62948,41.51362]},"properties":{"OBJECTID":462,"CODIMP":"65660","NOME":"PADIGLIONE","IMPIANTO":"S","COMUNE":"Anzio","PROVINCIA":"Roma","REGIONE":"Lazio","CODLINEACOMM":"K130","LINEACOMM":"CAMPOLEONE - NETTUNO","DOIT":"RM","SERVIZIO_MERCI":"0","SERVIZIO_VIAGGIATORI":"SI","CAP_REG":"0","CAP_P":"0","DIRAMAZ":"0","CAUSA_CHIUSURA":null}},{"type":"Feature","id":463,"geometry":{"type":"Point","coordinates":[12.62593,41.50071]},"properties":{"OBJECTID":463,"CODIMP":"65663","NOME":"LIDO DI LAVINIO","IMPIANTO":"F","COMUNE":"Anzio","PROVINCIA":"Roma","REGIONE":"Lazio","CODLINEACOMM":"K130","LINEACOMM":"CAMPOLEONE - NETTUNO","DOIT":"RM","SERVIZIO_MERCI":"0","SERVIZIO_VIAGGIATORI":"SI","CAP_REG":"0","CAP_P":"0","DIRAMAZ":"0","CAUSA_CHIUSURA":null}},{"type":"Feature","id":464,"geometry":{"type":"Point","coordinates":[12.6171,41.48444]},"properties":{"OBJECTID":464,"CODIMP":"65665","NOME":"VILLA CLAUDIA","IMPIANTO":"F","COMUNE":"Anzio","PROVINCIA":"Roma","REGIONE":"Lazio","CODLINEACOMM":"K130","LINEACOMM":"CAMPOLEONE - NETTUNO","DOIT":"RM","SERVIZIO_MERCI":"0","SERVIZIO_VIAGGIATORI":"SI","CAP_REG":"0","CAP_P":"0","DIRAMAZ":"0","CAUSA_CHIUSURA":null}},{"type":"Feature","id":465,"geometry":{"type":"Point","coordinates":[12.66213,41.45967]},"properties":{"OBJECTID":465,"CODIMP":"65740","NOME":"NETTUNO","IMPIANTO":"S","COMUNE":"Nettuno","PROVINCIA":"Roma","REGIONE":"Lazio","CODLINEACOMM":"K130","LINEACOMM":"CAMPOLEONE - NETTUNO","DOIT":"RM","SERVIZIO_MERCI":"0","SERVIZIO_VIAGGIATORI":"SI","CAP_REG":"0","CAP_P":"0","DIRAMAZ":"0","CAUSA_CHIUSURA":null}},{"type":"Feature","id":466,"geometry":{"type":"Point","coordinates":[12.63321,41.45331]},"properties":{"OBJECTID":466,"CODIMP":"65705","NOME":"ANZIO","IMPIANTO":"F","COMUNE":"Anzio","PROVINCIA":"Roma","REGIONE":"Lazio","CODLINEACOMM":"K130","LINEACOMM":"CAMPOLEONE - NETTUNO","DOIT":"RM","SERVIZIO_MERCI":"0","SERVIZIO_VIAGGIATORI":"SI","CAP_REG":"0","CAP_P":"0","DIRAMAZ":"0","CAUSA_CHIUSURA":null}},{"type":"Feature","id":467,"geometry":{"type":"Point","coordinates":[12.61231,41.47087]},"properties":{"OBJECTID":467,"CODIMP":"65700","NOME":"MARECHIARO","IMPIANTO":"S","COMUNE":"Anzio","PROVINCIA":"Roma","REGIONE":"Lazio","CODLINEACOMM":"K130","LINEACOMM":"CAMPOLEONE - NETTUNO","DOIT":"RM","SERVIZIO_MERCI":"0","SERVIZIO_VIAGGIATORI":"SI","CAP_REG":"0","CAP_P":"0","DIRAMAZ":"0","CAUSA_CHIUSURA":null}},{"type":"Feature","id":468,"geometry":{"type":"Point","coordinates":[12.43974,42.38101]},"properties":{"OBJECTID":468,"CODIMP":"60200","NOME":"GALLESE IN TEVERINA","IMPIANTO":"F","COMUNE":"Gallese","PROVINCIA":"Viterbo","REGIONE":"Lazio","CODLINEACOMM":"J053","LINEACOMM":"[FIRENZE] FIRENZE ROVEZZANO - FARA SABINA [ROMA] (Linea Lenta)","DOIT":"RM","SERVIZIO_MERCI":"0","SERVIZIO_VIAGGIATORI":"SI","CAP_REG":"0","CAP_P":"0","DIRAMAZ":"0","CAUSA_CHIUSURA":null}},{"type":"Feature","id":469,"geometry":{"type":"Point","coordinates":[12.45383,42.3467]},"properties":{"OBJECTID":469,"CODIMP":"60240","NOME":"CIVITA CASTELLANA-MAGLIANO","IMPIANTO":"S","COMUNE":"Civita Castellana","PROVINCIA":"Viterbo","REGIONE":"Lazio","CODLINEACOMM":"J053","LINEACOMM":"[FIRENZE] FIRENZE ROVEZZANO - FARA SABINA [ROMA] (Linea Lenta)","DOIT":"RM","SERVIZIO_MERCI":"0","SERVIZIO_VIAGGIATORI":"SI","CAP_REG":"0","CAP_P":"0","DIRAMAZ":"0","CAUSA_CHIUSURA":null}},{"type":"Feature","id":470,"geometry":{"type":"Point","coordinates":[12.61744,41.46]},"properties":{"OBJECTID":470,"CODIMP":"65703","NOME":"ANZIO COLONIA","IMPIANTO":"F","COMUNE":"Anzio","PROVINCIA":"Roma","REGIONE":"Lazio","CODLINEACOMM":"K130","LINEACOMM":"CAMPOLEONE - NETTUNO","DOIT":"RM","SERVIZIO_MERCI":"0","SERVIZIO_VIAGGIATORI":"SI","CAP_REG":"0","CAP_P":"0","DIRAMAZ":"0","CAUSA_CHIUSURA":null}},{"type":"Feature","id":471,"geometry":{"type":"Point","coordinates":[12.52055,42.29819]},"properties":{"OBJECTID":471,"CODIMP":"60243","NOME":"COLLEVECCHIO-POGGIO SOMMAVILLA","IMPIANTO":"F","COMUNE":"Collevecchio","PROVINCIA":"Rieti","REGIONE":"Lazio","CODLINEACOMM":"J053","LINEACOMM":"[FIRENZE] FIRENZE ROVEZZANO - FARA SABINA [ROMA] (Linea Lenta)","DOIT":"RM","SERVIZIO_MERCI":"0","SERVIZIO_VIAGGIATORI":"SI","CAP_REG":"0","CAP_P":"0","DIRAMAZ":"0","CAUSA_CHIUSURA":null}},{"type":"Feature","id":472,"geometry":{"type":"Point","coordinates":[12.56864,42.28991]},"properties":{"OBJECTID":472,"CODIMP":"60280","NOME":"STIMIGLIANO","IMPIANTO":"F","COMUNE":"Stimigliano","PROVINCIA":"Rieti","REGIONE":"Lazio","CODLINEACOMM":"J053","LINEACOMM":"[FIRENZE] FIRENZE ROVEZZANO - FARA SABINA [ROMA] (Linea Lenta)","DOIT":"RM","SERVIZIO_MERCI":"0","SERVIZIO_VIAGGIATORI":"SI","CAP_REG":"0","CAP_P":"0","DIRAMAZ":"0","CAUSA_CHIUSURA":null}},{"type":"Feature","id":473,"geometry":{"type":"Point","coordinates":[12.60752,42.27448]},"properties":{"OBJECTID":473,"CODIMP":"60283","NOME":"GAVIGNANO SABINO","IMPIANTO":"F","COMUNE":"Forano","PROVINCIA":"Rieti","REGIONE":"Lazio","CODLINEACOMM":"J053","LINEACOMM":"[FIRENZE] FIRENZE ROVEZZANO - FARA SABINA [ROMA] (Linea Lenta)","DOIT":"RM","SERVIZIO_MERCI":"0","SERVIZIO_VIAGGIATORI":"SI","CAP_REG":"0","CAP_P":"0","DIRAMAZ":"0","CAUSA_CHIUSURA":null}},{"type":"Feature","id":474,"geometry":{"type":"Point","coordinates":[12.63305,42.24229]},"properties":{"OBJECTID":474,"CODIMP":"60320","NOME":"POGGIO MIRTETO","IMPIANTO":"S","COMUNE":"Poggio Mirteto","PROVINCIA":"Rieti","REGIONE":"Lazio","CODLINEACOMM":"J053","LINEACOMM":"[FIRENZE] FIRENZE ROVEZZANO - FARA SABINA [ROMA] (Linea Lenta)","DOIT":"RM","SERVIZIO_MERCI":"0","SERVIZIO_VIAGGIATORI":"SI","CAP_REG":"0","CAP_P":"0","DIRAMAZ":"0","CAUSA_CHIUSURA":null}},{"type":"Feature","id":475,"geometry":{"type":"Point","coordinates":[12.40903,41.96849]},"properties":{"OBJECTID":475,"CODIMP":"65185","NOME":"IPOGEO DEGLI OTTAVI","IMPIANTO":"F","COMUNE":"Roma","PROVINCIA":"Roma","REGIONE":"Lazio","CODLINEACOMM":"R007","LINEACOMM":"NODO DI ROMA","DOIT":"RM","SERVIZIO_MERCI":"0","SERVIZIO_VIAGGIATORI":"SI","CAP_REG":"0","CAP_P":"0","DIRAMAZ":"0","CAUSA_CHIUSURA":null}},{"type":"Feature","id":477,"geometry":{"type":"Point","coordinates":[12.63294,42.10526]},"properties":{"OBJECTID":477,"CODIMP":"60363","NOME":"PIANABELLA DI MONTELIBRETTI","IMPIANTO":"F","COMUNE":"Montelibretti","PROVINCIA":"Roma","REGIONE":"Lazio","CODLINEACOMM":"R007","LINEACOMM":"NODO DI ROMA","DOIT":"RM","SERVIZIO_MERCI":"0","SERVIZIO_VIAGGIATORI":"SI","CAP_REG":"0","CAP_P":"0","DIRAMAZ":"0","CAUSA_CHIUSURA":null}},{"type":"Feature","id":478,"geometry":{"type":"Point","coordinates":[12.59576,42.0642]},"properties":{"OBJECTID":478,"CODIMP":"60400","NOME":"MONTEROTONDO","IMPIANTO":"S","COMUNE":"Monterotondo","PROVINCIA":"Roma","REGIONE":"Lazio","CODLINEACOMM":"R007","LINEACOMM":"NODO DI ROMA","DOIT":"RM","SERVIZIO_MERCI":"0","SERVIZIO_VIAGGIATORI":"SI","CAP_REG":"0","CAP_P":"0","DIRAMAZ":"0","CAUSA_CHIUSURA":null}},{"type":"Feature","id":479,"geometry":{"type":"Point","coordinates":[12.64832,42.15565]},"properties":{"OBJECTID":479,"CODIMP":"60360","NOME":"FARA SABINA","IMPIANTO":"S","COMUNE":"Fara In Sabina","PROVINCIA":"Rieti","REGIONE":"Lazio","CODLINEACOMM":"R007","LINEACOMM":"NODO DI ROMA","DOIT":"RM","SERVIZIO_MERCI":"0","SERVIZIO_VIAGGIATORI":"SI","CAP_REG":"0","CAP_P":"0","DIRAMAZ":"0","CAUSA_CHIUSURA":null}},{"type":"Feature","id":480,"geometry":{"type":"Point","coordinates":[12.40947,41.96108]},"properties":{"OBJECTID":480,"CODIMP":"65187","NOME":"OTTAVIA","IMPIANTO":"F","COMUNE":"Roma","PROVINCIA":"Roma","REGIONE":"Lazio","CODLINEACOMM":"R007","LINEACOMM":"NODO DI ROMA","DOIT":"RM","SERVIZIO_MERCI":"0","SERVIZIO_VIAGGIATORI":"SI","CAP_REG":"0","CAP_P":"0","DIRAMAZ":"0","CAUSA_CHIUSURA":null}},{"type":"Feature","id":481,"geometry":{"type":"Point","coordinates":[12.36388,42.01549]},"properties":{"OBJECTID":481,"CODIMP":"65143","NOME":"OLGIATA","IMPIANTO":"F","COMUNE":"Roma","PROVINCIA":"Roma","REGIONE":"Lazio","CODLINEACOMM":"R007","LINEACOMM":"NODO DI ROMA","DOIT":"RM","SERVIZIO_MERCI":"0","SERVIZIO_VIAGGIATORI":"SI","CAP_REG":"0","CAP_P":"0","DIRAMAZ":"0","CAUSA_CHIUSURA":null}},{"type":"Feature","id":482,"geometry":{"type":"Point","coordinates":[12.66617,41.82334]},"properties":{"OBJECTID":482,"CODIMP":"61503","NOME":"TOR VERGATA","IMPIANTO":"F","COMUNE":"Frascati","PROVINCIA":"Roma","REGIONE":"Lazio","CODLINEACOMM":"J061","LINEACOMM":"[ROMA] CIAMPINO - ACERRA [NAPOLI] (via Cassino) (Comprese linee Rocca d'Evandro - Venafro/Vairano e","DOIT":"RM","SERVIZIO_MERCI":"0","SERVIZIO_VIAGGIATORI":"SI","CAP_REG":"0","CAP_P":"0","DIRAMAZ":"0","CAUSA_CHIUSURA":null}},{"type":"Feature","id":483,"geometry":{"type":"Point","coordinates":[12.75511,41.67604]},"properties":{"OBJECTID":483,"CODIMP":"65525","NOME":"S.EUROSIA","IMPIANTO":"F","COMUNE":"Velletri","PROVINCIA":"Roma","REGIONE":"Lazio","CODLINEACOMM":"K135","LINEACOMM":"CIAMPINO - VELLETRI","DOIT":"RM","SERVIZIO_MERCI":"0","SERVIZIO_VIAGGIATORI":"SI","CAP_REG":"0","CAP_P":"0","DIRAMAZ":"0","CAUSA_CHIUSURA":null}},{"type":"Feature","id":484,"geometry":{"type":"Point","coordinates":[12.72432,41.67469]},"properties":{"OBJECTID":484,"CODIMP":"65523","NOME":"S.GENNARO","IMPIANTO":"F","COMUNE":"Genzano Di Roma","PROVINCIA":"Roma","REGIONE":"Lazio","CODLINEACOMM":"K135","LINEACOMM":"CIAMPINO - VELLETRI","DOIT":"RM","SERVIZIO_MERCI":"0","SERVIZIO_VIAGGIATORI":"SI","CAP_REG":"0","CAP_P":"0","DIRAMAZ":"0","CAUSA_CHIUSURA":null}},{"type":"Feature","id":485,"geometry":{"type":"Point","coordinates":[12.43839,41.90945]},"properties":{"OBJECTID":485,"CODIMP":"65267","NOME":"APPIANO PROBA PETRONIA","IMPIANTO":"F","COMUNE":"Roma","PROVINCIA":"Roma","REGIONE":"Lazio","CODLINEACOMM":"R007","LINEACOMM":"NODO DI ROMA","DOIT":"RM","SERVIZIO_MERCI":"0","SERVIZIO_VIAGGIATORI":"SI","CAP_REG":"0","CAP_P":"0","DIRAMAZ":"0","CAUSA_CHIUSURA":null}},{"type":"Feature","id":486,"geometry":{"type":"Point","coordinates":[12.69089,41.67232]},"properties":{"OBJECTID":486,"CODIMP":"65520","NOME":"LANUVIO","IMPIANTO":"S","COMUNE":"Lanuvio","PROVINCIA":"Roma","REGIONE":"Lazio","CODLINEACOMM":"K135","LINEACOMM":"CIAMPINO - VELLETRI","DOIT":"RM","SERVIZIO_MERCI":"0","SERVIZIO_VIAGGIATORI":"SI","CAP_REG":"0","CAP_P":"0","DIRAMAZ":"0","CAUSA_CHIUSURA":null}},{"type":"Feature","id":489,"geometry":{"type":"Point","coordinates":[13.72066,41.25773]},"properties":{"OBJECTID":489,"CODIMP":"67860","NOME":"MINTURNO-SCAURI","IMPIANTO":"S","COMUNE":"Minturno","PROVINCIA":"Latina","REGIONE":"Lazio","CODLINEACOMM":"J057","LINEACOMM":"[ROMA] TORRICOLA - FRATTAMAGGIORE [NAPOLI] (via Formia)","DOIT":"NA","SERVIZIO_MERCI":"0","SERVIZIO_VIAGGIATORI":"SI","CAP_REG":"0","CAP_P":"0","DIRAMAZ":"0","CAUSA_CHIUSURA":null}},{"type":"Feature","id":490,"geometry":{"type":"Point","coordinates":[13.60599,41.25888]},"properties":{"OBJECTID":490,"CODIMP":"62580","NOME":"FORMIA-GAETA","IMPIANTO":"S","COMUNE":"Formia","PROVINCIA":"Latina","REGIONE":"Lazio","CODLINEACOMM":"J057","LINEACOMM":"[ROMA] TORRICOLA - FRATTAMAGGIORE [NAPOLI] (via Formia)","DOIT":"RM","SERVIZIO_MERCI":"0","SERVIZIO_VIAGGIATORI":"SI","CAP_REG":"0","CAP_P":"0","DIRAMAZ":"0","CAUSA_CHIUSURA":null}},{"type":"Feature","id":491,"geometry":{"type":"Point","coordinates":[13.86631,41.44648]},"properties":{"OBJECTID":491,"CODIMP":"67201","NOME":"FONTANAROSA-CERVARO","IMPIANTO":"F","COMUNE":"Cervaro","PROVINCIA":"Frosinone","REGIONE":"Lazio","CODLINEACOMM":"J061","LINEACOMM":"[ROMA] CIAMPINO - ACERRA [NAPOLI] (via Cassino) (Comprese linee Rocca d'Evandro - Venafro/Vairano e","DOIT":"NA","SERVIZIO_MERCI":"0","SERVIZIO_VIAGGIATORI":"SI","CAP_REG":"0","CAP_P":"0","DIRAMAZ":"0","CAUSA_CHIUSURA":null}},{"type":"Feature","id":492,"geometry":{"type":"Point","coordinates":[13.91158,41.43885]},"properties":{"OBJECTID":492,"CODIMP":"67220","NOME":"ROCCA D'EVANDRO-S.VITTORE","IMPIANTO":"S","COMUNE":"San Vittore Del Lazio","PROVINCIA":"Frosinone","REGIONE":"Lazio","CODLINEACOMM":"J061","LINEACOMM":"[ROMA] CIAMPINO - ACERRA [NAPOLI] (via Cassino) (Comprese linee Rocca d'Evandro - Venafro/Vairano e","DOIT":"NA","SERVIZIO_MERCI":"0","SERVIZIO_VIAGGIATORI":"SI","CAP_REG":"0","CAP_P":"0","DIRAMAZ":"1","CAUSA_CHIUSURA":null}},{"type":"Feature","id":493,"geometry":{"type":"Point","coordinates":[13.18641,41.42196]},"properties":{"OBJECTID":493,"CODIMP":"62420","NOME":"PRIVERNO-FOSSANOVA","IMPIANTO":"S","COMUNE":"Pontinia","PROVINCIA":"Latina","REGIONE":"Lazio","CODLINEACOMM":"J057","LINEACOMM":"[ROMA] TORRICOLA - FRATTAMAGGIORE [NAPOLI] (via Formia)","DOIT":"RM","SERVIZIO_MERCI":"0","SERVIZIO_VIAGGIATORI":"SI","CAP_REG":"0","CAP_P":"0","DIRAMAZ":"1","CAUSA_CHIUSURA":null}},{"type":"Feature","id":495,"geometry":{"type":"Point","coordinates":[12.71523,42.5476]},"properties":{"OBJECTID":495,"CODIMP":"56860","NOME":"MARMORE","IMPIANTO":"S","COMUNE":"Terni","PROVINCIA":"Terni","REGIONE":"Umbria","CODLINEACOMM":"K231","LINEACOMM":"TERNI - SULMONA","DOIT":"AN","SERVIZIO_MERCI":"0","SERVIZIO_VIAGGIATORI":"SI","CAP_REG":"0","CAP_P":"0","DIRAMAZ":"0","CAUSA_CHIUSURA":null}},{"type":"Feature","id":496,"geometry":{"type":"Point","coordinates":[12.74623,42.50624]},"properties":{"OBJECTID":496,"CODIMP":"56865","NOME":"LABRO-MOGGIO","IMPIANTO":"F","COMUNE":"Colli Sul Velino","PROVINCIA":"Rieti","REGIONE":"Lazio","CODLINEACOMM":"K231","LINEACOMM":"TERNI - SULMONA","DOIT":"AN","SERVIZIO_MERCI":"0","SERVIZIO_VIAGGIATORI":"SI","CAP_REG":"0","CAP_P":"0","DIRAMAZ":"0","CAUSA_CHIUSURA":null}},{"type":"Feature","id":497,"geometry":{"type":"Point","coordinates":[12.77701,42.46297]},"properties":{"OBJECTID":497,"CODIMP":"56900","NOME":"GRECCIO","IMPIANTO":"S","COMUNE":"Greccio","PROVINCIA":"Rieti","REGIONE":"Lazio","CODLINEACOMM":"K231","LINEACOMM":"TERNI - SULMONA","DOIT":"AN","SERVIZIO_MERCI":"0","SERVIZIO_VIAGGIATORI":"SI","CAP_REG":"0","CAP_P":"0","DIRAMAZ":"0","CAUSA_CHIUSURA":null}},{"type":"Feature","id":498,"geometry":{"type":"Point","coordinates":[12.77915,42.41217]},"properties":{"OBJECTID":498,"CODIMP":"56940","NOME":"CONTIGLIANO","IMPIANTO":"S","COMUNE":"Contigliano","PROVINCIA":"Rieti","REGIONE":"Lazio","CODLINEACOMM":"K231","LINEACOMM":"TERNI - SULMONA","DOIT":"AN","SERVIZIO_MERCI":"0","SERVIZIO_VIAGGIATORI":"SI","CAP_REG":"0","CAP_P":"0","DIRAMAZ":"0","CAUSA_CHIUSURA":null}},{"type":"Feature","id":499,"geometry":{"type":"Point","coordinates":[12.79543,42.39591]},"properties":{"OBJECTID":499,"CODIMP":"56945","NOME":"POGGIO FIDONI","IMPIANTO":"F","COMUNE":"Rieti","PROVINCIA":"Rieti","REGIONE":"Lazio","CODLINEACOMM":"K231","LINEACOMM":"TERNI - SULMONA","DOIT":"AN","SERVIZIO_MERCI":"0","SERVIZIO_VIAGGIATORI":"SI","CAP_REG":"0","CAP_P":"0","DIRAMAZ":"0","CAUSA_CHIUSURA":null}},{"type":"Feature","id":500,"geometry":{"type":"Point","coordinates":[12.94269,42.38787]},"properties":{"OBJECTID":500,"CODIMP":"57020","NOME":"CITTADUCALE","IMPIANTO":"S","COMUNE":"Cittaducale","PROVINCIA":"Rieti","REGIONE":"Lazio","CODLINEACOMM":"K231","LINEACOMM":"TERNI - SULMONA","DOIT":"AN","SERVIZIO_MERCI":"0","SERVIZIO_VIAGGIATORI":"SI","CAP_REG":"0","CAP_P":"0","DIRAMAZ":"0","CAUSA_CHIUSURA":null}},{"type":"Feature","id":501,"geometry":{"type":"Point","coordinates":[12.86261,42.40603]},"properties":{"OBJECTID":501,"CODIMP":"56980","NOME":"RIETI","IMPIANTO":"S","COMUNE":"Rieti","PROVINCIA":"Rieti","REGIONE":"Lazio","CODLINEACOMM":"K231","LINEACOMM":"TERNI - SULMONA","DOIT":"AN","SERVIZIO_MERCI":"0","SERVIZIO_VIAGGIATORI":"SI","CAP_REG":"0","CAP_P":"1","DIRAMAZ":"0","CAUSA_CHIUSURA":null}},{"type":"Feature","id":502,"geometry":{"type":"Point","coordinates":[13.07096,42.40995]},"properties":{"OBJECTID":502,"CODIMP":"57100","NOME":"ANTRODOCO-BORGO VELINO","IMPIANTO":"S","COMUNE":"Antrodoco","PROVINCIA":"Rieti","REGIONE":"Lazio","CODLINEACOMM":"K231","LINEACOMM":"TERNI - SULMONA","DOIT":"AN","SERVIZIO_MERCI":"0","SERVIZIO_VIAGGIATORI":"SI","CAP_REG":"0","CAP_P":"0","DIRAMAZ":"0","CAUSA_CHIUSURA":null}},{"type":"Feature","id":503,"geometry":{"type":"Point","coordinates":[13.02917,42.39168]},"properties":{"OBJECTID":503,"CODIMP":"57065","NOME":"CANETRA","IMPIANTO":"F","COMUNE":"Castel Sant'angelo","PROVINCIA":"Rieti","REGIONE":"Lazio","CODLINEACOMM":"K231","LINEACOMM":"TERNI - SULMONA","DOIT":"AN","SERVIZIO_MERCI":"0","SERVIZIO_VIAGGIATORI":"SI","CAP_REG":"0","CAP_P":"0","DIRAMAZ":"0","CAUSA_CHIUSURA":null}},{"type":"Feature","id":504,"geometry":{"type":"Point","coordinates":[12.99698,42.36438]},"properties":{"OBJECTID":504,"CODIMP":"57030","NOME":"SORGENTI DEL PESCHIERA","IMPIANTO":"F","COMUNE":"Cittaducale","PROVINCIA":"Rieti","REGIONE":"Lazio","CODLINEACOMM":"K231","LINEACOMM":"TERNI - SULMONA","DOIT":"AN","SERVIZIO_MERCI":"0","SERVIZIO_VIAGGIATORI":"SI","CAP_REG":"0","CAP_P":"0","DIRAMAZ":"0","CAUSA_CHIUSURA":null}},{"type":"Feature","id":505,"geometry":{"type":"Point","coordinates":[13.01762,42.37976]},"properties":{"OBJECTID":505,"CODIMP":"57060","NOME":"CASTEL S.ANGELO","IMPIANTO":"S","COMUNE":"Castel Sant'angelo","PROVINCIA":"Rieti","REGIONE":"Lazio","CODLINEACOMM":"K231","LINEACOMM":"TERNI - SULMONA","DOIT":"AN","SERVIZIO_MERCI":"0","SERVIZIO_VIAGGIATORI":"SI","CAP_REG":"0","CAP_P":"0","DIRAMAZ":"0","CAUSA_CHIUSURA":null}},{"type":"Feature","id":506,"geometry":{"type":"Point","coordinates":[13.14394,42.38827]},"properties":{"OBJECTID":506,"CODIMP":"57140","NOME":"ROCCA DI CORNO","IMPIANTO":"S","COMUNE":"Antrodoco","PROVINCIA":"Rieti","REGIONE":"Lazio","CODLINEACOMM":"K231","LINEACOMM":"TERNI - SULMONA","DOIT":"AN","SERVIZIO_MERCI":"0","SERVIZIO_VIAGGIATORI":"SI","CAP_REG":"0","CAP_P":"0","DIRAMAZ":"0","CAUSA_CHIUSURA":null}},{"type":"Feature","id":507,"geometry":{"type":"Point","coordinates":[13.18988,42.36056]},"properties":{"OBJECTID":507,"CODIMP":"57180","NOME":"SELLA DI CORNO","IMPIANTO":"S","COMUNE":"Scoppito","PROVINCIA":"L'aquila","REGIONE":"Abruzzo","CODLINEACOMM":"K231","LINEACOMM":"TERNI - SULMONA","DOIT":"AN","SERVIZIO_MERCI":"0","SERVIZIO_VIAGGIATORI":"SI","CAP_REG":"0","CAP_P":"0","DIRAMAZ":"0","CAUSA_CHIUSURA":null}},{"type":"Feature","id":508,"geometry":{"type":"Point","coordinates":[13.0762,42.41549]},"properties":{"OBJECTID":508,"CODIMP":"57105","NOME":"ANTRODOCO CENTRO","IMPIANTO":"F","COMUNE":"Antrodoco","PROVINCIA":"Rieti","REGIONE":"Lazio","CODLINEACOMM":"K231","LINEACOMM":"TERNI - SULMONA","DOIT":"AN","SERVIZIO_MERCI":"0","SERVIZIO_VIAGGIATORI":"SI","CAP_REG":"0","CAP_P":"0","DIRAMAZ":"0","CAUSA_CHIUSURA":null}},{"type":"Feature","id":509,"geometry":{"type":"Point","coordinates":[13.09583,42.39809]},"properties":{"OBJECTID":509,"CODIMP":"57115","NOME":"ROCCA DI FONDI","IMPIANTO":"S","COMUNE":"Antrodoco","PROVINCIA":"Rieti","REGIONE":"Lazio","CODLINEACOMM":"K231","LINEACOMM":"TERNI - SULMONA","DOIT":"AN","SERVIZIO_MERCI":"0","SERVIZIO_VIAGGIATORI":"SI","CAP_REG":"0","CAP_P":"0","DIRAMAZ":"0","CAUSA_CHIUSURA":null}},{"type":"Feature","id":510,"geometry":{"type":"Point","coordinates":[13.90715,42.06094]},"properties":{"OBJECTID":510,"CODIMP":"56450","NOME":"SULMONA","IMPIANTO":"S","COMUNE":"Sulmona","PROVINCIA":"L'aquila","REGIONE":"Abruzzo","CODLINEACOMM":"K125","LINEACOMM":"PESCARA - SULMONA","DOIT":"AN","SERVIZIO_MERCI":"0","SERVIZIO_VIAGGIATORI":"SI","CAP_REG":"0","CAP_P":"0","DIRAMAZ":"1","CAUSA_CHIUSURA":null}},{"type":"Feature","id":513,"geometry":{"type":"Point","coordinates":[10.39821,43.70803]},"properties":{"OBJECTID":513,"CODIMP":"45760","NOME":"PISA / BIN. PISA CENTRALE","IMPIANTO":"S","COMUNE":"Pisa","PROVINCIA":"Pisa","REGIONE":"Toscana","CODLINEACOMM":"J045","LINEACOMM":"[GENOVA] GENOVA NERVI - PISA","DOIT":"FI","SERVIZIO_MERCI":"1","SERVIZIO_VIAGGIATORI":"SI","CAP_REG":"0","CAP_P":"1","DIRAMAZ":"1","CAUSA_CHIUSURA":null}},{"type":"Feature","id":515,"geometry":{"type":"Point","coordinates":[8.44012,44.72273]},"properties":{"OBJECTID":515,"CODIMP":"06980","NOME":"ALICE BELCOLLE","IMPIANTO":"F","COMUNE":"Alice Bel Colle","PROVINCIA":"Alessandria","REGIONE":"Piemonte","CODLINEACOMM":"K195","LINEACOMM":"ASTI - NIZZA MONFERRATO -ACQUI TERME","DOIT":"TO","SERVIZIO_MERCI":"0","SERVIZIO_VIAGGIATORI":"SI","CAP_REG":"0","CAP_P":"0","DIRAMAZ":"0","CAUSA_CHIUSURA":null}},{"type":"Feature","id":516,"geometry":{"type":"Point","coordinates":[8.47348,44.67238]},"properties":{"OBJECTID":516,"CODIMP":"03480","NOME":"ACQUI TERME","IMPIANTO":"S","COMUNE":"Acqui Terme","PROVINCIA":"Alessandria","REGIONE":"Piemonte","CODLINEACOMM":"K017","LINEACOMM":"ACQUI TERME - OVADA","DOIT":"TO","SERVIZIO_MERCI":"0","SERVIZIO_VIAGGIATORI":"SI","CAP_REG":"0","CAP_P":"0","DIRAMAZ":"1","CAUSA_CHIUSURA":null}},{"type":"Feature","id":517,"geometry":{"type":"Point","coordinates":[12.03524,42.78512]},"properties":{"OBJECTID":517,"CODIMP":"59700","NOME":"ALLERONA CASTEL VISCARDO","IMPIANTO":"S","COMUNE":"Allerona","PROVINCIA":"Terni","REGIONE":"Umbria","CODLINEACOMM":"J053","LINEACOMM":"[FIRENZE] FIRENZE ROVEZZANO - FARA SABINA [ROMA] (Linea Lenta)","DOIT":"FI","SERVIZIO_MERCI":"0","SERVIZIO_VIAGGIATORI":"SI","CAP_REG":"0","CAP_P":"0","DIRAMAZ":"0","CAUSA_CHIUSURA":null}},{"type":"Feature","id":519,"geometry":{"type":"Point","coordinates":[9.98017,44.61411]},"properties":{"OBJECTID":519,"CODIMP":"49820","NOME":"SOLIGNANO","IMPIANTO":"F","COMUNE":"Solignano","PROVINCIA":"Parma","REGIONE":"Emilia-Romagna","CODLINEACOMM":"J047","LINEACOMM":"PARMA / FIDENZA - PONTREMOLI - VEZZANO / SARZANA","DOIT":"FI","SERVIZIO_MERCI":"0","SERVIZIO_VIAGGIATORI":"SI","CAP_REG":"0","CAP_P":"0","DIRAMAZ":"0","CAUSA_CHIUSURA":null}},{"type":"Feature","id":520,"geometry":{"type":"Point","coordinates":[9.93178,44.55599]},"properties":{"OBJECTID":520,"CODIMP":"49900","NOME":"BERCETO","IMPIANTO":"S","COMUNE":"Berceto","PROVINCIA":"Parma","REGIONE":"Emilia-Romagna","CODLINEACOMM":"J047","LINEACOMM":"PARMA / FIDENZA - PONTREMOLI - VEZZANO / SARZANA","DOIT":"FI","SERVIZIO_MERCI":"0","SERVIZIO_VIAGGIATORI":"SI","CAP_REG":"0","CAP_P":"0","DIRAMAZ":"0","CAUSA_CHIUSURA":null}},{"type":"Feature","id":522,"geometry":{"type":"Point","coordinates":[8.94758,44.4073]},"properties":{"OBJECTID":522,"CODIMP":"36000","NOME":"GENOVA BRIGNOLE","IMPIANTO":"S","COMUNE":"Genova","PROVINCIA":"Genova","REGIONE":"Liguria","CODLINEACOMM":"R004","LINEACOMM":"NODO DI GENOVA","DOIT":"GE","SERVIZIO_MERCI":"0","SERVIZIO_VIAGGIATORI":"SI","CAP_REG":"0","CAP_P":"0","DIRAMAZ":"1","CAUSA_CHIUSURA":null}},{"type":"Feature","id":523,"geometry":{"type":"Point","coordinates":[8.9815,44.39806]},"properties":{"OBJECTID":523,"CODIMP":"36020","NOME":"GENOVA STURLA","IMPIANTO":"F","COMUNE":"Genova","PROVINCIA":"Genova","REGIONE":"Liguria","CODLINEACOMM":"R004","LINEACOMM":"NODO DI GENOVA","DOIT":"GE","SERVIZIO_MERCI":"0","SERVIZIO_VIAGGIATORI":"SI","CAP_REG":"0","CAP_P":"0","DIRAMAZ":"0","CAUSA_CHIUSURA":null}},{"type":"Feature","id":524,"geometry":{"type":"Point","coordinates":[11.61763,43.48057]},"properties":{"OBJECTID":524,"CODIMP":"47943","NOME":"BUCINE","IMPIANTO":"F","COMUNE":"Bucine","PROVINCIA":"Arezzo","REGIONE":"Toscana","CODLINEACOMM":"J053","LINEACOMM":"[FIRENZE] FIRENZE ROVEZZANO - FARA SABINA [ROMA] (Linea Lenta)","DOIT":"FI","SERVIZIO_MERCI":"0","SERVIZIO_VIAGGIATORI":"SI","CAP_REG":"0","CAP_P":"0","DIRAMAZ":"0","CAUSA_CHIUSURA":null}},{"type":"Feature","id":525,"geometry":{"type":"Point","coordinates":[11.66059,43.49655]},"properties":{"OBJECTID":525,"CODIMP":"47980","NOME":"LATERINA","IMPIANTO":"S","COMUNE":"Pergine Valdarno","PROVINCIA":"Arezzo","REGIONE":"Toscana","CODLINEACOMM":"J053","LINEACOMM":"[FIRENZE] FIRENZE ROVEZZANO - FARA SABINA [ROMA] (Linea Lenta)","DOIT":"FI","SERVIZIO_MERCI":"0","SERVIZIO_VIAGGIATORI":"SI","CAP_REG":"0","CAP_P":"0","DIRAMAZ":"0","CAUSA_CHIUSURA":null}},{"type":"Feature","id":526,"geometry":{"type":"Point","coordinates":[11.71659,43.48154]},"properties":{"OBJECTID":526,"CODIMP":"48020","NOME":"PONTICINO","IMPIANTO":"S","COMUNE":"Laterina","PROVINCIA":"Arezzo","REGIONE":"Toscana","CODLINEACOMM":"J053","LINEACOMM":"[FIRENZE] FIRENZE ROVEZZANO - FARA SABINA [ROMA] (Linea Lenta)","DOIT":"FI","SERVIZIO_MERCI":"0","SERVIZIO_VIAGGIATORI":"SI","CAP_REG":"0","CAP_P":"0","DIRAMAZ":"0","CAUSA_CHIUSURA":null}},{"type":"Feature","id":528,"geometry":{"type":"Point","coordinates":[11.87421,43.46182]},"properties":{"OBJECTID":528,"CODIMP":"48140","NOME":"AREZZO","IMPIANTO":"S","COMUNE":"Arezzo","PROVINCIA":"Arezzo","REGIONE":"Toscana","CODLINEACOMM":"J053","LINEACOMM":"[FIRENZE] FIRENZE ROVEZZANO - FARA SABINA [ROMA] (Linea Lenta)","DOIT":"FI","SERVIZIO_MERCI":"0","SERVIZIO_VIAGGIATORI":"SI","CAP_REG":"0","CAP_P":"1","DIRAMAZ":"0","CAUSA_CHIUSURA":null}},{"type":"Feature","id":529,"geometry":{"type":"Point","coordinates":[10.09171,44.20276]},"properties":{"OBJECTID":529,"CODIMP":"51679","NOME":"FIVIZZANO-GASSANO","IMPIANTO":"F","COMUNE":"Fivizzano","PROVINCIA":"Massa-Carrara","REGIONE":"Toscana","CODLINEACOMM":"K119","LINEACOMM":"AULLA - LUCCA","DOIT":"FI","SERVIZIO_MERCI":"0","SERVIZIO_VIAGGIATORI":"SI","CAP_REG":"0","CAP_P":"0","DIRAMAZ":"0","CAUSA_CHIUSURA":null}},{"type":"Feature","id":530,"geometry":{"type":"Point","coordinates":[10.05956,44.20162]},"properties":{"OBJECTID":530,"CODIMP":"51677","NOME":"FIVIZZANO-ROMETTA-SOLIERA","IMPIANTO":"F","COMUNE":"Fivizzano","PROVINCIA":"Massa-Carrara","REGIONE":"Toscana","CODLINEACOMM":"K119","LINEACOMM":"AULLA - LUCCA","DOIT":"FI","SERVIZIO_MERCI":"0","SERVIZIO_VIAGGIATORI":"SI","CAP_REG":"0","CAP_P":"0","DIRAMAZ":"0","CAUSA_CHIUSURA":null}},{"type":"Feature","id":532,"geometry":{"type":"Point","coordinates":[10.10927,44.19116]},"properties":{"OBJECTID":532,"CODIMP":"51680","NOME":"GRAGNOLA","IMPIANTO":"S","COMUNE":"Fivizzano","PROVINCIA":"Massa-Carrara","REGIONE":"Toscana","CODLINEACOMM":"K119","LINEACOMM":"AULLA - LUCCA","DOIT":"FI","SERVIZIO_MERCI":"0","SERVIZIO_VIAGGIATORI":"SI","CAP_REG":"0","CAP_P":"0","DIRAMAZ":"0","CAUSA_CHIUSURA":null}},{"type":"Feature","id":533,"geometry":{"type":"Point","coordinates":[10.12386,44.16572]},"properties":{"OBJECTID":533,"CODIMP":"51720","NOME":"MONZONE MONTE DEI BIANCHI ISOLANO","IMPIANTO":"F","COMUNE":"Fivizzano","PROVINCIA":"Massa-Carrara","REGIONE":"Toscana","CODLINEACOMM":"K119","LINEACOMM":"AULLA - LUCCA","DOIT":"FI","SERVIZIO_MERCI":"0","SERVIZIO_VIAGGIATORI":"SI","CAP_REG":"0","CAP_P":"0","DIRAMAZ":"0","CAUSA_CHIUSURA":null}},{"type":"Feature","id":534,"geometry":{"type":"Point","coordinates":[10.15365,44.17037]},"properties":{"OBJECTID":534,"CODIMP":"51760","NOME":"EQUI TERME","IMPIANTO":"F","COMUNE":"Casola In Lunigiana","PROVINCIA":"Massa-Carrara","REGIONE":"Toscana","CODLINEACOMM":"K119","LINEACOMM":"AULLA - LUCCA","DOIT":"FI","SERVIZIO_MERCI":"0","SERVIZIO_VIAGGIATORI":"SI","CAP_REG":"0","CAP_P":"0","DIRAMAZ":"0","CAUSA_CHIUSURA":null}},{"type":"Feature","id":535,"geometry":{"type":"Point","coordinates":[10.19387,44.19447]},"properties":{"OBJECTID":535,"CODIMP":"51800","NOME":"MINUCCIANO-PIEVE-CASOLA","IMPIANTO":"S","COMUNE":"Minucciano","PROVINCIA":"Lucca","REGIONE":"Toscana","CODLINEACOMM":"K119","LINEACOMM":"AULLA - LUCCA","DOIT":"FI","SERVIZIO_MERCI":"1","SERVIZIO_VIAGGIATORI":"SI","CAP_REG":"0","CAP_P":"0","DIRAMAZ":"0","CAUSA_CHIUSURA":null}},{"type":"Feature","id":536,"geometry":{"type":"Point","coordinates":[10.33487,44.16153]},"properties":{"OBJECTID":536,"CODIMP":"51845","NOME":"CAMPORGIANO","IMPIANTO":"F","COMUNE":"Camporgiano","PROVINCIA":"Lucca","REGIONE":"Toscana","CODLINEACOMM":"K119","LINEACOMM":"AULLA - LUCCA","DOIT":"FI","SERVIZIO_MERCI":"0","SERVIZIO_VIAGGIATORI":"SI","CAP_REG":"0","CAP_P":"0","DIRAMAZ":"0","CAUSA_CHIUSURA":null}},{"type":"Feature","id":537,"geometry":{"type":"Point","coordinates":[10.35065,44.14863]},"properties":{"OBJECTID":537,"CODIMP":"51850","NOME":"POGGIO-CAREGGINE-VAGLI","IMPIANTO":"F","COMUNE":"Camporgiano","PROVINCIA":"Lucca","REGIONE":"Toscana","CODLINEACOMM":"K119","LINEACOMM":"AULLA - LUCCA","DOIT":"FI","SERVIZIO_MERCI":"0","SERVIZIO_VIAGGIATORI":"SI","CAP_REG":"0","CAP_P":"0","DIRAMAZ":"0","CAUSA_CHIUSURA":null}},{"type":"Feature","id":538,"geometry":{"type":"Point","coordinates":[10.29664,44.1826]},"properties":{"OBJECTID":538,"CODIMP":"51840","NOME":"PIAZZA AL SERCHIO","IMPIANTO":"S","COMUNE":"Piazza Al Serchio","PROVINCIA":"Lucca","REGIONE":"Toscana","CODLINEACOMM":"K119","LINEACOMM":"AULLA - LUCCA","DOIT":"FI","SERVIZIO_MERCI":"0","SERVIZIO_VIAGGIATORI":"SI","CAP_REG":"0","CAP_P":"0","DIRAMAZ":"0","CAUSA_CHIUSURA":null}},{"type":"Feature","id":540,"geometry":{"type":"Point","coordinates":[10.3676,44.14685]},"properties":{"OBJECTID":540,"CODIMP":"51855","NOME":"VILLETTA S.ROMANO","IMPIANTO":"F","COMUNE":"San Romano In Garfagnana","PROVINCIA":"Lucca","REGIONE":"Toscana","CODLINEACOMM":"K119","LINEACOMM":"AULLA - LUCCA","DOIT":"FI","SERVIZIO_MERCI":"0","SERVIZIO_VIAGGIATORI":"SI","CAP_REG":"0","CAP_P":"0","DIRAMAZ":"0","CAUSA_CHIUSURA":null}},{"type":"Feature","id":541,"geometry":{"type":"Point","coordinates":[10.53098,42.92495]},"properties":{"OBJECTID":541,"CODIMP":"49240","NOME":"PIOMBINO","IMPIANTO":"S","COMUNE":"Piombino","PROVINCIA":"Livorno","REGIONE":"Toscana","CODLINEACOMM":"K120","LINEACOMM":"CAMPIGLIA M.MA - PIOMBINO M.MA","DOIT":"FI","SERVIZIO_MERCI":"1","SERVIZIO_VIAGGIATORI":"SI","CAP_REG":"0","CAP_P":"0","DIRAMAZ":"0","CAUSA_CHIUSURA":null}},{"type":"Feature","id":542,"geometry":{"type":"Point","coordinates":[10.54527,42.92903]},"properties":{"OBJECTID":542,"CODIMP":"49280","NOME":"PIOMBINO MARITTIMA (PIOMBINO)","IMPIANTO":"F","COMUNE":"Piombino","PROVINCIA":"Livorno","REGIONE":"Toscana","CODLINEACOMM":"K120","LINEACOMM":"CAMPIGLIA M.MA - PIOMBINO M.MA","DOIT":"FI","SERVIZIO_MERCI":"0","SERVIZIO_VIAGGIATORI":"SI","CAP_REG":"0","CAP_P":"0","DIRAMAZ":"0","CAUSA_CHIUSURA":null}},{"type":"Feature","id":543,"geometry":{"type":"Point","coordinates":[9.8403,44.12349]},"properties":{"OBJECTID":543,"CODIMP":"45140","NOME":"LA SPEZIA MIGLIARINA","IMPIANTO":"S","COMUNE":"La Spezia","PROVINCIA":"La Spezia","REGIONE":"Liguria","CODLINEACOMM":"J045","LINEACOMM":"[GENOVA] GENOVA NERVI - PISA","DOIT":"FI","SERVIZIO_MERCI":"1","SERVIZIO_VIAGGIATORI":"SI","CAP_REG":"0","CAP_P":"0","DIRAMAZ":"1","CAUSA_CHIUSURA":null}},{"type":"Feature","id":544,"geometry":{"type":"Point","coordinates":[9.85748,44.11801]},"properties":{"OBJECTID":544,"CODIMP":"45143","NOME":"CA' DI BOSCHETTI","IMPIANTO":"F","COMUNE":"La Spezia","PROVINCIA":"La Spezia","REGIONE":"Liguria","CODLINEACOMM":"J045","LINEACOMM":"[GENOVA] GENOVA NERVI - PISA","DOIT":"FI","SERVIZIO_MERCI":"0","SERVIZIO_VIAGGIATORI":"SI","CAP_REG":"0","CAP_P":"0","DIRAMAZ":"0","CAUSA_CHIUSURA":null}},{"type":"Feature","id":545,"geometry":{"type":"Point","coordinates":[11.16455,42.56472]},"properties":{"OBJECTID":545,"CODIMP":"60600","NOME":"TALAMONE","IMPIANTO":"F","COMUNE":"Orbetello","PROVINCIA":"Grosseto","REGIONE":"Toscana","CODLINEACOMM":"J051","LINEACOMM":"PISA - MACCARESE [ROMA] (compresa via Vada Collesalvetti)","DOIT":"FI","SERVIZIO_MERCI":"0","SERVIZIO_VIAGGIATORI":"SI","CAP_REG":"0","CAP_P":"0","DIRAMAZ":"0","CAUSA_CHIUSURA":null}},{"type":"Feature","id":546,"geometry":{"type":"Point","coordinates":[11.21136,42.50227]},"properties":{"OBJECTID":546,"CODIMP":"60640","NOME":"ALBINIA","IMPIANTO":"S","COMUNE":"Orbetello","PROVINCIA":"Grosseto","REGIONE":"Toscana","CODLINEACOMM":"J051","LINEACOMM":"PISA - MACCARESE [ROMA] (compresa via Vada Collesalvetti)","DOIT":"FI","SERVIZIO_MERCI":"0","SERVIZIO_VIAGGIATORI":"SI","CAP_REG":"0","CAP_P":"0","DIRAMAZ":"0","CAUSA_CHIUSURA":null}},{"type":"Feature","id":547,"geometry":{"type":"Point","coordinates":[9.81393,44.1115]},"properties":{"OBJECTID":547,"CODIMP":"45100","NOME":"LA SPEZIA CENTRALE","IMPIANTO":"S","COMUNE":"La Spezia","PROVINCIA":"La Spezia","REGIONE":"Liguria","CODLINEACOMM":"J045","LINEACOMM":"[GENOVA] GENOVA NERVI - PISA","DOIT":"FI","SERVIZIO_MERCI":"0","SERVIZIO_VIAGGIATORI":"SI","CAP_REG":"0","CAP_P":"1","DIRAMAZ":"0","CAUSA_CHIUSURA":null}},{"type":"Feature","id":548,"geometry":{"type":"Point","coordinates":[11.24899,42.45072]},"properties":{"OBJECTID":548,"CODIMP":"60680","NOME":"ORBETELLO-MONTE ARGENTARIO","IMPIANTO":"S","COMUNE":"Orbetello","PROVINCIA":"Grosseto","REGIONE":"Toscana","CODLINEACOMM":"J051","LINEACOMM":"PISA - MACCARESE [ROMA] (compresa via Vada Collesalvetti)","DOIT":"FI","SERVIZIO_MERCI":"0","SERVIZIO_VIAGGIATORI":"SI","CAP_REG":"0","CAP_P":"0","DIRAMAZ":"0","CAUSA_CHIUSURA":null}},{"type":"Feature","id":550,"geometry":{"type":"Point","coordinates":[11.371,42.40808]},"properties":{"OBJECTID":550,"CODIMP":"60720","NOME":"CAPALBIO","IMPIANTO":"S","COMUNE":"Capalbio","PROVINCIA":"Grosseto","REGIONE":"Toscana","CODLINEACOMM":"J051","LINEACOMM":"PISA - MACCARESE [ROMA] (compresa via Vada Collesalvetti)","DOIT":"FI","SERVIZIO_MERCI":"0","SERVIZIO_VIAGGIATORI":"SI","CAP_REG":"0","CAP_P":"0","DIRAMAZ":"0","CAUSA_CHIUSURA":null}},{"type":"Feature","id":551,"geometry":{"type":"Point","coordinates":[12.12742,42.72348]},"properties":{"OBJECTID":551,"CODIMP":"59800","NOME":"ORVIETO","IMPIANTO":"S","COMUNE":"Orvieto","PROVINCIA":"Terni","REGIONE":"Umbria","CODLINEACOMM":"J053","LINEACOMM":"[FIRENZE] FIRENZE ROVEZZANO - FARA SABINA [ROMA] (Linea Lenta)","DOIT":"FI","SERVIZIO_MERCI":"0","SERVIZIO_VIAGGIATORI":"SI","CAP_REG":"0","CAP_P":"0","DIRAMAZ":"0","CAUSA_CHIUSURA":null}},{"type":"Feature","id":553,"geometry":{"type":"Point","coordinates":[11.97126,43.2612]},"properties":{"OBJECTID":553,"CODIMP":"48340","NOME":"CAMUCIA CORTONA","IMPIANTO":"S","COMUNE":"Cortona","PROVINCIA":"Arezzo","REGIONE":"Toscana","CODLINEACOMM":"J053","LINEACOMM":"[FIRENZE] FIRENZE ROVEZZANO - FARA SABINA [ROMA] (Linea Lenta)","DOIT":"FI","SERVIZIO_MERCI":"0","SERVIZIO_VIAGGIATORI":"SI","CAP_REG":"0","CAP_P":"0","DIRAMAZ":"0","CAUSA_CHIUSURA":null}},{"type":"Feature","id":554,"geometry":{"type":"Point","coordinates":[12.00792,43.21036]},"properties":{"OBJECTID":554,"CODIMP":"48380","NOME":"TERONTOLA-CORTONA","IMPIANTO":"S","COMUNE":"Cortona","PROVINCIA":"Arezzo","REGIONE":"Toscana","CODLINEACOMM":"J053","LINEACOMM":"[FIRENZE] FIRENZE ROVEZZANO - FARA SABINA [ROMA] (Linea Lenta)","DOIT":"FI","SERVIZIO_MERCI":"0","SERVIZIO_VIAGGIATORI":"SI","CAP_REG":"0","CAP_P":"0","DIRAMAZ":"1","CAUSA_CHIUSURA":null}},{"type":"Feature","id":557,"geometry":{"type":"Point","coordinates":[11.35983,42.98115]},"properties":{"OBJECTID":557,"CODIMP":"53100","NOME":"MONTE ANTICO","IMPIANTO":"S","COMUNE":"Civitella Paganico","PROVINCIA":"Grosseto","REGIONE":"Toscana","CODLINEACOMM":"K194","LINEACOMM":"ASCIANO - MONTE ANTICO","DOIT":"FI","SERVIZIO_MERCI":"0","SERVIZIO_VIAGGIATORI":"SI","CAP_REG":"0","CAP_P":"0","DIRAMAZ":"1","CAUSA_CHIUSURA":null}},{"type":"Feature","id":559,"geometry":{"type":"Point","coordinates":[11.49701,43.84121]},"properties":{"OBJECTID":559,"CODIMP":"50483","NOME":"SCOPETI","IMPIANTO":"F","COMUNE":"Rufina","PROVINCIA":"Firenze","REGIONE":"Toscana","CODLINEACOMM":"K110","LINEACOMM":"PONTASSIEVE - BORGO S.LORENZO","DOIT":"FI","SERVIZIO_MERCI":"0","SERVIZIO_VIAGGIATORI":"SI","CAP_REG":"0","CAP_P":"0","DIRAMAZ":"0","CAUSA_CHIUSURA":null}},{"type":"Feature","id":560,"geometry":{"type":"Point","coordinates":[11.48509,43.82233]},"properties":{"OBJECTID":560,"CODIMP":"50480","NOME":"RUFINA","IMPIANTO":"S","COMUNE":"Rufina","PROVINCIA":"Firenze","REGIONE":"Toscana","CODLINEACOMM":"K110","LINEACOMM":"PONTASSIEVE - BORGO S.LORENZO","DOIT":"FI","SERVIZIO_MERCI":"0","SERVIZIO_VIAGGIATORI":"SI","CAP_REG":"0","CAP_P":"0","DIRAMAZ":"0","CAUSA_CHIUSURA":null}},{"type":"Feature","id":561,"geometry":{"type":"Point","coordinates":[11.43792,43.77404]},"properties":{"OBJECTID":561,"CODIMP":"47660","NOME":"PONTASSIEVE","IMPIANTO":"S","COMUNE":"Pontassieve","PROVINCIA":"Firenze","REGIONE":"Toscana","CODLINEACOMM":"J053","LINEACOMM":"[FIRENZE] FIRENZE ROVEZZANO - FARA SABINA [ROMA] (Linea Lenta)","DOIT":"FI","SERVIZIO_MERCI":"0","SERVIZIO_VIAGGIATORI":"SI","CAP_REG":"0","CAP_P":"0","DIRAMAZ":"1","CAUSA_CHIUSURA":null}},{"type":"Feature","id":562,"geometry":{"type":"Point","coordinates":[11.91438,43.34084]},"properties":{"OBJECTID":562,"CODIMP":"48300","NOME":"CASTIGLION FIORENTINO","IMPIANTO":"S","COMUNE":"Castiglion Fiorentino","PROVINCIA":"Arezzo","REGIONE":"Toscana","CODLINEACOMM":"J053","LINEACOMM":"[FIRENZE] FIRENZE ROVEZZANO - FARA SABINA [ROMA] (Linea Lenta)","DOIT":"FI","SERVIZIO_MERCI":"0","SERVIZIO_VIAGGIATORI":"SI","CAP_REG":"0","CAP_P":"0","DIRAMAZ":"0","CAUSA_CHIUSURA":null}},{"type":"Feature","id":563,"geometry":{"type":"Point","coordinates":[11.51916,43.89358]},"properties":{"OBJECTID":563,"CODIMP":"50560","NOME":"DICOMANO","IMPIANTO":"S","COMUNE":"Dicomano","PROVINCIA":"Firenze","REGIONE":"Toscana","CODLINEACOMM":"K110","LINEACOMM":"PONTASSIEVE - BORGO S.LORENZO","DOIT":"FI","SERVIZIO_MERCI":"0","SERVIZIO_VIAGGIATORI":"SI","CAP_REG":"0","CAP_P":"0","DIRAMAZ":"0","CAUSA_CHIUSURA":null}},{"type":"Feature","id":564,"geometry":{"type":"Point","coordinates":[11.53161,43.86521]},"properties":{"OBJECTID":564,"CODIMP":"50520","NOME":"CONTEA-LONDA","IMPIANTO":"S","COMUNE":"Dicomano","PROVINCIA":"Firenze","REGIONE":"Toscana","CODLINEACOMM":"K110","LINEACOMM":"PONTASSIEVE - BORGO S.LORENZO","DOIT":"FI","SERVIZIO_MERCI":"0","SERVIZIO_VIAGGIATORI":"SI","CAP_REG":"0","CAP_P":"0","DIRAMAZ":"0","CAUSA_CHIUSURA":null}},{"type":"Feature","id":565,"geometry":{"type":"Point","coordinates":[12.03209,43.1233]},"properties":{"OBJECTID":565,"CODIMP":"48420","NOME":"CASTIGLION DEL LAGO","IMPIANTO":"S","COMUNE":"Castiglione Del Lago","PROVINCIA":"Perugia","REGIONE":"Umbria","CODLINEACOMM":"J053","LINEACOMM":"[FIRENZE] FIRENZE ROVEZZANO - FARA SABINA [ROMA] (Linea Lenta)","DOIT":"FI","SERVIZIO_MERCI":"0","SERVIZIO_VIAGGIATORI":"SI","CAP_REG":"0","CAP_P":"0","DIRAMAZ":"0","CAUSA_CHIUSURA":null}},{"type":"Feature","id":567,"geometry":{"type":"Point","coordinates":[11.45765,43.93355]},"properties":{"OBJECTID":567,"CODIMP":"50600","NOME":"VICCHIO","IMPIANTO":"S","COMUNE":"Vicchio","PROVINCIA":"Firenze","REGIONE":"Toscana","CODLINEACOMM":"K110","LINEACOMM":"PONTASSIEVE - BORGO S.LORENZO","DOIT":"FI","SERVIZIO_MERCI":"0","SERVIZIO_VIAGGIATORI":"SI","CAP_REG":"0","CAP_P":"0","DIRAMAZ":"0","CAUSA_CHIUSURA":null}},{"type":"Feature","id":568,"geometry":{"type":"Point","coordinates":[11.40009,43.95337]},"properties":{"OBJECTID":568,"CODIMP":"50603","NOME":"BORGO S.LORENZO-RIMORELLI","IMPIANTO":"F","COMUNE":"Borgo San Lorenzo","PROVINCIA":"Firenze","REGIONE":"Toscana","CODLINEACOMM":"K110","LINEACOMM":"PONTASSIEVE - BORGO S.LORENZO","DOIT":"FI","SERVIZIO_MERCI":"0","SERVIZIO_VIAGGIATORI":"SI","CAP_REG":"0","CAP_P":"0","DIRAMAZ":"0","CAUSA_CHIUSURA":null}},{"type":"Feature","id":569,"geometry":{"type":"Point","coordinates":[11.38044,43.95991]},"properties":{"OBJECTID":569,"CODIMP":"50640","NOME":"BORGO S.LORENZO","IMPIANTO":"S","COMUNE":"Borgo San Lorenzo","PROVINCIA":"Firenze","REGIONE":"Toscana","CODLINEACOMM":"K110","LINEACOMM":"PONTASSIEVE - BORGO S.LORENZO","DOIT":"FI","SERVIZIO_MERCI":"0","SERVIZIO_VIAGGIATORI":"SI","CAP_REG":"0","CAP_P":"0","DIRAMAZ":"1","CAUSA_CHIUSURA":null}},{"type":"Feature","id":570,"geometry":{"type":"Point","coordinates":[11.54845,44.04191]},"properties":{"OBJECTID":570,"CODIMP":"50710","NOME":"CRESPINO DEL LAMONE","IMPIANTO":"S","COMUNE":"Marradi","PROVINCIA":"Firenze","REGIONE":"Toscana","CODLINEACOMM":"K111","LINEACOMM":"BORGO S.LORENZO - FAENZA","DOIT":"FI","SERVIZIO_MERCI":"0","SERVIZIO_VIAGGIATORI":"SI","CAP_REG":"0","CAP_P":"0","DIRAMAZ":"0","CAUSA_CHIUSURA":null}},{"type":"Feature","id":571,"geometry":{"type":"Point","coordinates":[11.43414,44.00953]},"properties":{"OBJECTID":571,"CODIMP":"50680","NOME":"RONTA","IMPIANTO":"S","COMUNE":"Borgo San Lorenzo","PROVINCIA":"Firenze","REGIONE":"Toscana","CODLINEACOMM":"K111","LINEACOMM":"BORGO S.LORENZO - FAENZA","DOIT":"FI","SERVIZIO_MERCI":"0","SERVIZIO_VIAGGIATORI":"SI","CAP_REG":"0","CAP_P":"0","DIRAMAZ":"0","CAUSA_CHIUSURA":null}},{"type":"Feature","id":572,"geometry":{"type":"Point","coordinates":[11.64906,44.10241]},"properties":{"OBJECTID":572,"CODIMP":"50723","NOME":"POPOLANO DI MARRADI","IMPIANTO":"F","COMUNE":"Marradi","PROVINCIA":"Firenze","REGIONE":"Emilia-Romagna","CODLINEACOMM":"K111","LINEACOMM":"BORGO S.LORENZO - FAENZA","DOIT":"FI","SERVIZIO_MERCI":"0","SERVIZIO_VIAGGIATORI":"SI","CAP_REG":"0","CAP_P":"0","DIRAMAZ":"0","CAUSA_CHIUSURA":null}},{"type":"Feature","id":573,"geometry":{"type":"Point","coordinates":[11.61919,44.07981]},"properties":{"OBJECTID":573,"CODIMP":"50720","NOME":"MARRADI PALAZZUOLO SUL SENIO","IMPIANTO":"S","COMUNE":"Marradi","PROVINCIA":"Firenze","REGIONE":"Toscana","CODLINEACOMM":"K111","LINEACOMM":"BORGO S.LORENZO - FAENZA","DOIT":"FI","SERVIZIO_MERCI":"0","SERVIZIO_VIAGGIATORI":"SI","CAP_REG":"0","CAP_P":"0","DIRAMAZ":"0","CAUSA_CHIUSURA":null}},{"type":"Feature","id":574,"geometry":{"type":"Point","coordinates":[11.60226,44.06852]},"properties":{"OBJECTID":574,"CODIMP":"50713","NOME":"BIFORCO","IMPIANTO":"F","COMUNE":"Marradi","PROVINCIA":"Firenze","REGIONE":"Toscana","CODLINEACOMM":"K111","LINEACOMM":"BORGO S.LORENZO - FAENZA","DOIT":"FI","SERVIZIO_MERCI":"0","SERVIZIO_VIAGGIATORI":"SI","CAP_REG":"0","CAP_P":"0","DIRAMAZ":"0","CAUSA_CHIUSURA":null}},{"type":"Feature","id":575,"geometry":{"type":"Point","coordinates":[11.66709,44.1133]},"properties":{"OBJECTID":575,"CODIMP":"50725","NOME":"S.MARTINO IN GATTARA","IMPIANTO":"F","COMUNE":"Brisighella","PROVINCIA":"Ravenna","REGIONE":"Emilia-Romagna","CODLINEACOMM":"K111","LINEACOMM":"BORGO S.LORENZO - FAENZA","DOIT":"FI","SERVIZIO_MERCI":"0","SERVIZIO_VIAGGIATORI":"SI","CAP_REG":"0","CAP_P":"0","DIRAMAZ":"0","CAUSA_CHIUSURA":null}},{"type":"Feature","id":576,"geometry":{"type":"Point","coordinates":[11.68752,44.14377]},"properties":{"OBJECTID":576,"CODIMP":"50740","NOME":"S.CASSIANO","IMPIANTO":"S","COMUNE":"Brisighella","PROVINCIA":"Ravenna","REGIONE":"Emilia-Romagna","CODLINEACOMM":"K111","LINEACOMM":"BORGO S.LORENZO - FAENZA","DOIT":"FI","SERVIZIO_MERCI":"0","SERVIZIO_VIAGGIATORI":"SI","CAP_REG":"0","CAP_P":"0","DIRAMAZ":"0","CAUSA_CHIUSURA":null}},{"type":"Feature","id":577,"geometry":{"type":"Point","coordinates":[11.72768,44.20343]},"properties":{"OBJECTID":577,"CODIMP":"50747","NOME":"FOGNANO","IMPIANTO":"F","COMUNE":"Brisighella","PROVINCIA":"Ravenna","REGIONE":"Emilia-Romagna","CODLINEACOMM":"K111","LINEACOMM":"BORGO S.LORENZO - FAENZA","DOIT":"FI","SERVIZIO_MERCI":"0","SERVIZIO_VIAGGIATORI":"SI","CAP_REG":"0","CAP_P":"0","DIRAMAZ":"0","CAUSA_CHIUSURA":null}},{"type":"Feature","id":578,"geometry":{"type":"Point","coordinates":[11.69751,44.1836]},"properties":{"OBJECTID":578,"CODIMP":"50745","NOME":"STRADA CASALE","IMPIANTO":"F","COMUNE":"Brisighella","PROVINCIA":"Ravenna","REGIONE":"Emilia-Romagna","CODLINEACOMM":"K111","LINEACOMM":"BORGO S.LORENZO - FAENZA","DOIT":"FI","SERVIZIO_MERCI":"0","SERVIZIO_VIAGGIATORI":"SI","CAP_REG":"0","CAP_P":"0","DIRAMAZ":"0","CAUSA_CHIUSURA":null}},{"type":"Feature","id":579,"geometry":{"type":"Point","coordinates":[11.76977,44.22065]},"properties":{"OBJECTID":579,"CODIMP":"50840","NOME":"BRISIGHELLA","IMPIANTO":"S","COMUNE":"Brisighella","PROVINCIA":"Ravenna","REGIONE":"Emilia-Romagna","CODLINEACOMM":"K111","LINEACOMM":"BORGO S.LORENZO - FAENZA","DOIT":"FI","SERVIZIO_MERCI":"0","SERVIZIO_VIAGGIATORI":"SI","CAP_REG":"0","CAP_P":"0","DIRAMAZ":"0","CAUSA_CHIUSURA":null}},{"type":"Feature","id":580,"geometry":{"type":"Point","coordinates":[10.6861,43.8869]},"properties":{"OBJECTID":580,"CODIMP":"51360","NOME":"PESCIA","IMPIANTO":"S","COMUNE":"Pescia","PROVINCIA":"Pistoia","REGIONE":"Toscana","CODLINEACOMM":"K116","LINEACOMM":"LUCCA - PISTOIA","DOIT":"FI","SERVIZIO_MERCI":"0","SERVIZIO_VIAGGIATORI":"SI","CAP_REG":"0","CAP_P":"0","DIRAMAZ":"0","CAUSA_CHIUSURA":null}},{"type":"Feature","id":581,"geometry":{"type":"Point","coordinates":[10.68539,43.85089]},"properties":{"OBJECTID":581,"CODIMP":"51320","NOME":"MONTECARLO-S.SALVATORE","IMPIANTO":"S","COMUNE":"Montecarlo","PROVINCIA":"Lucca","REGIONE":"Toscana","CODLINEACOMM":"K116","LINEACOMM":"LUCCA - PISTOIA","DOIT":"FI","SERVIZIO_MERCI":"0","SERVIZIO_VIAGGIATORI":"SI","CAP_REG":"0","CAP_P":"0","DIRAMAZ":"0","CAUSA_CHIUSURA":null}},{"type":"Feature","id":582,"geometry":{"type":"Point","coordinates":[10.67278,43.81751]},"properties":{"OBJECTID":582,"CODIMP":"51280","NOME":"ALTOPASCIO","IMPIANTO":"S","COMUNE":"Altopascio","PROVINCIA":"Lucca","REGIONE":"Toscana","CODLINEACOMM":"K116","LINEACOMM":"LUCCA - PISTOIA","DOIT":"FI","SERVIZIO_MERCI":"0","SERVIZIO_VIAGGIATORI":"SI","CAP_REG":"0","CAP_P":"0","DIRAMAZ":"0","CAUSA_CHIUSURA":null}},{"type":"Feature","id":583,"geometry":{"type":"Point","coordinates":[10.61924,43.83136]},"properties":{"OBJECTID":583,"CODIMP":"51240","NOME":"PORCARI","IMPIANTO":"S","COMUNE":"Porcari","PROVINCIA":"Lucca","REGIONE":"Toscana","CODLINEACOMM":"K116","LINEACOMM":"LUCCA - PISTOIA","DOIT":"FI","SERVIZIO_MERCI":"1","SERVIZIO_VIAGGIATORI":"SI","CAP_REG":"0","CAP_P":"0","DIRAMAZ":"0","CAUSA_CHIUSURA":null}},{"type":"Feature","id":584,"geometry":{"type":"Point","coordinates":[10.57052,43.83422]},"properties":{"OBJECTID":584,"CODIMP":"51200","NOME":"TASSIGNANO CAPANNORI","IMPIANTO":"S","COMUNE":"Capannori","PROVINCIA":"Lucca","REGIONE":"Toscana","CODLINEACOMM":"K116","LINEACOMM":"LUCCA - PISTOIA","DOIT":"FI","SERVIZIO_MERCI":"0","SERVIZIO_VIAGGIATORI":"SI","CAP_REG":"0","CAP_P":"0","DIRAMAZ":"0","CAUSA_CHIUSURA":null}},{"type":"Feature","id":585,"geometry":{"type":"Point","coordinates":[10.5061,43.83727]},"properties":{"OBJECTID":585,"CODIMP":"51160","NOME":"LUCCA","IMPIANTO":"S","COMUNE":"Lucca","PROVINCIA":"Lucca","REGIONE":"Toscana","CODLINEACOMM":"K113","LINEACOMM":"VIAREGGIO - LUCCA","DOIT":"FI","SERVIZIO_MERCI":"1","SERVIZIO_VIAGGIATORI":"SI","CAP_REG":"0","CAP_P":"1","DIRAMAZ":"1","CAUSA_CHIUSURA":null}},{"type":"Feature","id":586,"geometry":{"type":"Point","coordinates":[10.77083,43.8813]},"properties":{"OBJECTID":586,"CODIMP":"51435","NOME":"MONTECATINI CENTRO","IMPIANTO":"F","COMUNE":"Montecatini Terme","PROVINCIA":"Pistoia","REGIONE":"Toscana","CODLINEACOMM":"K116","LINEACOMM":"LUCCA - PISTOIA","DOIT":"FI","SERVIZIO_MERCI":"0","SERVIZIO_VIAGGIATORI":"SI","CAP_REG":"0","CAP_P":"0","DIRAMAZ":"0","CAUSA_CHIUSURA":null}},{"type":"Feature","id":587,"geometry":{"type":"Point","coordinates":[10.78061,43.87942]},"properties":{"OBJECTID":587,"CODIMP":"51440","NOME":"MONTECATINI TERME","IMPIANTO":"S","COMUNE":"Montecatini Terme","PROVINCIA":"Pistoia","REGIONE":"Toscana","CODLINEACOMM":"K116","LINEACOMM":"LUCCA - PISTOIA","DOIT":"FI","SERVIZIO_MERCI":"0","SERVIZIO_VIAGGIATORI":"SI","CAP_REG":"0","CAP_P":"0","DIRAMAZ":"0","CAUSA_CHIUSURA":null}},{"type":"Feature","id":589,"geometry":{"type":"Point","coordinates":[10.40718,43.83004]},"properties":{"OBJECTID":589,"CODIMP":"51090","NOME":"NOZZANO","IMPIANTO":"F","COMUNE":"Lucca","PROVINCIA":"Lucca","REGIONE":"Toscana","CODLINEACOMM":"K113","LINEACOMM":"VIAREGGIO - LUCCA","DOIT":"FI","SERVIZIO_MERCI":"0","SERVIZIO_VIAGGIATORI":"SI","CAP_REG":"0","CAP_P":"0","DIRAMAZ":"0","CAUSA_CHIUSURA":null}},{"type":"Feature","id":590,"geometry":{"type":"Point","coordinates":[10.35205,43.85575]},"properties":{"OBJECTID":590,"CODIMP":"51080","NOME":"MASSAROSA-BOZZANO","IMPIANTO":"S","COMUNE":"Massarosa","PROVINCIA":"Lucca","REGIONE":"Toscana","CODLINEACOMM":"K113","LINEACOMM":"VIAREGGIO - LUCCA","DOIT":"FI","SERVIZIO_MERCI":"0","SERVIZIO_VIAGGIATORI":"SI","CAP_REG":"0","CAP_P":"0","DIRAMAZ":"0","CAUSA_CHIUSURA":null}},{"type":"Feature","id":591,"geometry":{"type":"Point","coordinates":[10.91465,43.92689]},"properties":{"OBJECTID":591,"CODIMP":"51520","NOME":"PISTOIA","IMPIANTO":"S","COMUNE":"Pistoia","PROVINCIA":"Pistoia","REGIONE":"Toscana","CODLINEACOMM":"K115","LINEACOMM":"PORRETTA TERME - PISTOIA","DOIT":"FI","SERVIZIO_MERCI":"0","SERVIZIO_VIAGGIATORI":"SI","CAP_REG":"0","CAP_P":"1","DIRAMAZ":"1","CAUSA_CHIUSURA":null}},{"type":"Feature","id":592,"geometry":{"type":"Point","coordinates":[10.8517,43.90811]},"properties":{"OBJECTID":592,"CODIMP":"51480","NOME":"SERRAVALLE PISTOIESE","IMPIANTO":"F","COMUNE":"Serravalle Pistoiese","PROVINCIA":"Pistoia","REGIONE":"Toscana","CODLINEACOMM":"K116","LINEACOMM":"LUCCA - PISTOIA","DOIT":"FI","SERVIZIO_MERCI":"0","SERVIZIO_VIAGGIATORI":"SI","CAP_REG":"0","CAP_P":"0","DIRAMAZ":"0","CAUSA_CHIUSURA":null}},{"type":"Feature","id":593,"geometry":{"type":"Point","coordinates":[10.73011,43.88081]},"properties":{"OBJECTID":593,"CODIMP":"51400","NOME":"BORGO A BUGGIANO","IMPIANTO":"S","COMUNE":"Buggiano","PROVINCIA":"Pistoia","REGIONE":"Toscana","CODLINEACOMM":"K116","LINEACOMM":"LUCCA - PISTOIA","DOIT":"FI","SERVIZIO_MERCI":"0","SERVIZIO_VIAGGIATORI":"SI","CAP_REG":"0","CAP_P":"0","DIRAMAZ":"0","CAUSA_CHIUSURA":null}},{"type":"Feature","id":594,"geometry":{"type":"Point","coordinates":[11.00833,43.91301]},"properties":{"OBJECTID":594,"CODIMP":"51525","NOME":"MONTALE-AGLIANA","IMPIANTO":"F","COMUNE":"Montale","PROVINCIA":"Pistoia","REGIONE":"Toscana","CODLINEACOMM":"K118","LINEACOMM":"PISTOIA - PRATO","DOIT":"FI","SERVIZIO_MERCI":"0","SERVIZIO_VIAGGIATORI":"SI","CAP_REG":"0","CAP_P":"0","DIRAMAZ":"0","CAUSA_CHIUSURA":null}},{"type":"Feature","id":595,"geometry":{"type":"Point","coordinates":[10.44424,44.11865]},"properties":{"OBJECTID":595,"CODIMP":"51950","NOME":"FOSCIANDORA-CESERANA","IMPIANTO":"F","COMUNE":"Fosciandora","PROVINCIA":"Lucca","REGIONE":"Toscana","CODLINEACOMM":"K119","LINEACOMM":"AULLA - LUCCA","DOIT":"FI","SERVIZIO_MERCI":"0","SERVIZIO_VIAGGIATORI":"SI","CAP_REG":"0","CAP_P":"0","DIRAMAZ":"0","CAUSA_CHIUSURA":null}},{"type":"Feature","id":596,"geometry":{"type":"Point","coordinates":[10.45509,44.09016]},"properties":{"OBJECTID":596,"CODIMP":"51955","NOME":"CASTELVECCHIO PASCOLI","IMPIANTO":"F","COMUNE":"Barga","PROVINCIA":"Lucca","REGIONE":"Toscana","CODLINEACOMM":"K119","LINEACOMM":"AULLA - LUCCA","DOIT":"FI","SERVIZIO_MERCI":"0","SERVIZIO_VIAGGIATORI":"SI","CAP_REG":"0","CAP_P":"0","DIRAMAZ":"0","CAUSA_CHIUSURA":null}},{"type":"Feature","id":597,"geometry":{"type":"Point","coordinates":[10.40908,44.11644]},"properties":{"OBJECTID":597,"CODIMP":"51920","NOME":"CASTELNUOVO GARFAGNANA","IMPIANTO":"S","COMUNE":"Castelnuovo Di Garfagnana","PROVINCIA":"Lucca","REGIONE":"Toscana","CODLINEACOMM":"K119","LINEACOMM":"AULLA - LUCCA","DOIT":"FI","SERVIZIO_MERCI":"0","SERVIZIO_VIAGGIATORI":"SI","CAP_REG":"0","CAP_P":"0","DIRAMAZ":"0","CAUSA_CHIUSURA":null}},{"type":"Feature","id":598,"geometry":{"type":"Point","coordinates":[10.45196,44.0682]},"properties":{"OBJECTID":598,"CODIMP":"51960","NOME":"BARGA-GALLICANO","IMPIANTO":"F","COMUNE":"Barga","PROVINCIA":"Lucca","REGIONE":"Toscana","CODLINEACOMM":"K119","LINEACOMM":"AULLA - LUCCA","DOIT":"FI","SERVIZIO_MERCI":"0","SERVIZIO_VIAGGIATORI":"SI","CAP_REG":"0","CAP_P":"0","DIRAMAZ":"0","CAUSA_CHIUSURA":null}},{"type":"Feature","id":599,"geometry":{"type":"Point","coordinates":[10.4732,44.04534]},"properties":{"OBJECTID":599,"CODIMP":"52000","NOME":"FORNACI DI BARGA","IMPIANTO":"S","COMUNE":"Barga","PROVINCIA":"Lucca","REGIONE":"Toscana","CODLINEACOMM":"K119","LINEACOMM":"AULLA - LUCCA","DOIT":"FI","SERVIZIO_MERCI":"0","SERVIZIO_VIAGGIATORI":"SI","CAP_REG":"0","CAP_P":"0","DIRAMAZ":"0","CAUSA_CHIUSURA":null}},{"type":"Feature","id":600,"geometry":{"type":"Point","coordinates":[10.54131,43.9773]},"properties":{"OBJECTID":600,"CODIMP":"52085","NOME":"BORGO A MOZZANO","IMPIANTO":"F","COMUNE":"Borgo A Mozzano","PROVINCIA":"Lucca","REGIONE":"Toscana","CODLINEACOMM":"K119","LINEACOMM":"AULLA - LUCCA","DOIT":"FI","SERVIZIO_MERCI":"0","SERVIZIO_VIAGGIATORI":"SI","CAP_REG":"0","CAP_P":"0","DIRAMAZ":"0","CAUSA_CHIUSURA":null}},{"type":"Feature","id":601,"geometry":{"type":"Point","coordinates":[10.50786,43.95949]},"properties":{"OBJECTID":601,"CODIMP":"52120","NOME":"DIECIMO-PESCAGLIA","IMPIANTO":"S","COMUNE":"Borgo A Mozzano","PROVINCIA":"Lucca","REGIONE":"Toscana","CODLINEACOMM":"K119","LINEACOMM":"AULLA - LUCCA","DOIT":"FI","SERVIZIO_MERCI":"1","SERVIZIO_VIAGGIATORI":"SI","CAP_REG":"0","CAP_P":"0","DIRAMAZ":"0","CAUSA_CHIUSURA":null}},{"type":"Feature","id":602,"geometry":{"type":"Point","coordinates":[10.55165,44.00354]},"properties":{"OBJECTID":602,"CODIMP":"52080","NOME":"BAGNI DI LUCCA","IMPIANTO":"S","COMUNE":"Bagni Di Lucca","PROVINCIA":"Lucca","REGIONE":"Toscana","CODLINEACOMM":"K119","LINEACOMM":"AULLA - LUCCA","DOIT":"FI","SERVIZIO_MERCI":"0","SERVIZIO_VIAGGIATORI":"SI","CAP_REG":"0","CAP_P":"0","DIRAMAZ":"0","CAUSA_CHIUSURA":null}},{"type":"Feature","id":603,"geometry":{"type":"Point","coordinates":[10.53429,43.90846]},"properties":{"OBJECTID":603,"CODIMP":"52160","NOME":"PONTE A MORIANO","IMPIANTO":"F","COMUNE":"Lucca","PROVINCIA":"Lucca","REGIONE":"Toscana","CODLINEACOMM":"K119","LINEACOMM":"AULLA - LUCCA","DOIT":"FI","SERVIZIO_MERCI":"0","SERVIZIO_VIAGGIATORI":"SI","CAP_REG":"0","CAP_P":"0","DIRAMAZ":"0","CAUSA_CHIUSURA":null}},{"type":"Feature","id":604,"geometry":{"type":"Point","coordinates":[10.53096,43.87518]},"properties":{"OBJECTID":604,"CODIMP":"52200","NOME":"S.PIETRO A VICO","IMPIANTO":"S","COMUNE":"Lucca","PROVINCIA":"Lucca","REGIONE":"Toscana","CODLINEACOMM":"K119","LINEACOMM":"AULLA - LUCCA","DOIT":"FI","SERVIZIO_MERCI":"0","SERVIZIO_VIAGGIATORI":"SI","CAP_REG":"0","CAP_P":"0","DIRAMAZ":"0","CAUSA_CHIUSURA":null}},{"type":"Feature","id":606,"geometry":{"type":"Point","coordinates":[10.33661,43.55415]},"properties":{"OBJECTID":606,"CODIMP":"46020","NOME":"LIVORNO CENTRALE","IMPIANTO":"S","COMUNE":"Livorno","PROVINCIA":"Livorno","REGIONE":"Toscana","CODLINEACOMM":"J051","LINEACOMM":"PISA - MACCARESE [ROMA] (compresa via Vada Collesalvetti)","DOIT":"FI","SERVIZIO_MERCI":"0","SERVIZIO_VIAGGIATORI":"SI","CAP_REG":"0","CAP_P":"1","DIRAMAZ":"1","CAUSA_CHIUSURA":null}},{"type":"Feature","id":607,"geometry":{"type":"Point","coordinates":[12.48049,37.74881]},"properties":{"OBJECTID":607,"CODIMP":"91630","NOME":"TERRENOVE","IMPIANTO":"F","COMUNE":"Marsala","PROVINCIA":"Trapani","REGIONE":"Sicilia","CODLINEACOMM":"K192","LINEACOMM":"ALCAMO DIRAMAZIONE - CASTELVETRANO - TRAPANI","DOIT":"PA","SERVIZIO_MERCI":"0","SERVIZIO_VIAGGIATORI":"SI","CAP_REG":"0","CAP_P":"0","DIRAMAZ":"0","CAUSA_CHIUSURA":null}},{"type":"Feature","id":608,"geometry":{"type":"Point","coordinates":[12.50932,37.72551]},"properties":{"OBJECTID":608,"CODIMP":"91620","NOME":"PETROSINO-STRASATTI","IMPIANTO":"S","COMUNE":"Marsala","PROVINCIA":"Trapani","REGIONE":"Sicilia","CODLINEACOMM":"K192","LINEACOMM":"ALCAMO DIRAMAZIONE - CASTELVETRANO - TRAPANI","DOIT":"PA","SERVIZIO_MERCI":"0","SERVIZIO_VIAGGIATORI":"SI","CAP_REG":"0","CAP_P":"0","DIRAMAZ":"0","CAUSA_CHIUSURA":null}},{"type":"Feature","id":609,"geometry":{"type":"Point","coordinates":[12.59447,37.6525]},"properties":{"OBJECTID":609,"CODIMP":"91560","NOME":"MAZARA DEL VALLO","IMPIANTO":"S","COMUNE":"Mazara Del Vallo","PROVINCIA":"Trapani","REGIONE":"Sicilia","CODLINEACOMM":"K192","LINEACOMM":"ALCAMO DIRAMAZIONE - CASTELVETRANO - TRAPANI","DOIT":"PA","SERVIZIO_MERCI":"0","SERVIZIO_VIAGGIATORI":"SI","CAP_REG":"0","CAP_P":"0","DIRAMAZ":"0","CAUSA_CHIUSURA":null}},{"type":"Feature","id":610,"geometry":{"type":"Point","coordinates":[12.55073,37.99141]},"properties":{"OBJECTID":610,"CODIMP":"91820","NOME":"PACECO","IMPIANTO":"S","COMUNE":"Paceco","PROVINCIA":"Trapani","REGIONE":"Sicilia","CODLINEACOMM":"K192","LINEACOMM":"ALCAMO DIRAMAZIONE - CASTELVETRANO - TRAPANI","DOIT":"PA","SERVIZIO_MERCI":"0","SERVIZIO_VIAGGIATORI":"SI","CAP_REG":"0","CAP_P":"0","DIRAMAZ":"0","CAUSA_CHIUSURA":null}},{"type":"Feature","id":611,"geometry":{"type":"Point","coordinates":[12.50399,37.92652]},"properties":{"OBJECTID":611,"CODIMP":"91780","NOME":"MARAUSA","IMPIANTO":"S","COMUNE":"Trapani","PROVINCIA":"Trapani","REGIONE":"Sicilia","CODLINEACOMM":"K192","LINEACOMM":"ALCAMO DIRAMAZIONE - CASTELVETRANO - TRAPANI","DOIT":"PA","SERVIZIO_MERCI":"0","SERVIZIO_VIAGGIATORI":"SI","CAP_REG":"0","CAP_P":"0","DIRAMAZ":"0","CAUSA_CHIUSURA":null}},{"type":"Feature","id":613,"geometry":{"type":"Point","coordinates":[12.73307,37.63631]},"properties":{"OBJECTID":613,"CODIMP":"91480","NOME":"CAMPOBELLO DI MAZARA","IMPIANTO":"S","COMUNE":"Campobello Di Mazara","PROVINCIA":"Trapani","REGIONE":"Sicilia","CODLINEACOMM":"K192","LINEACOMM":"ALCAMO DIRAMAZIONE - CASTELVETRANO - TRAPANI","DOIT":"PA","SERVIZIO_MERCI":"0","SERVIZIO_VIAGGIATORI":"SI","CAP_REG":"0","CAP_P":"0","DIRAMAZ":"0","CAUSA_CHIUSURA":null}},{"type":"Feature","id":614,"geometry":{"type":"Point","coordinates":[12.47693,37.83636]},"properties":{"OBJECTID":614,"CODIMP":"91700","NOME":"SPAGNUOLA","IMPIANTO":"F","COMUNE":"Marsala","PROVINCIA":"Trapani","REGIONE":"Sicilia","CODLINEACOMM":"K192","LINEACOMM":"ALCAMO DIRAMAZIONE - CASTELVETRANO - TRAPANI","DOIT":"PA","SERVIZIO_MERCI":"0","SERVIZIO_VIAGGIATORI":"SI","CAP_REG":"0","CAP_P":"0","DIRAMAZ":"0","CAUSA_CHIUSURA":null}},{"type":"Feature","id":615,"geometry":{"type":"Point","coordinates":[12.44305,37.79356]},"properties":{"OBJECTID":615,"CODIMP":"91660","NOME":"MARSALA","IMPIANTO":"S","COMUNE":"Marsala","PROVINCIA":"Trapani","REGIONE":"Sicilia","CODLINEACOMM":"K192","LINEACOMM":"ALCAMO DIRAMAZIONE - CASTELVETRANO - TRAPANI","DOIT":"PA","SERVIZIO_MERCI":"0","SERVIZIO_VIAGGIATORI":"SI","CAP_REG":"0","CAP_P":"0","DIRAMAZ":"0","CAUSA_CHIUSURA":null}},{"type":"Feature","id":616,"geometry":{"type":"Point","coordinates":[11.27716,43.38224]},"properties":{"OBJECTID":616,"CODIMP":"52545","NOME":"BADESSE","IMPIANTO":"S","COMUNE":"Monteriggioni","PROVINCIA":"Siena","REGIONE":"Toscana","CODLINEACOMM":"K121","LINEACOMM":"EMPOLI - SIENA","DOIT":"FI","SERVIZIO_MERCI":"0","SERVIZIO_VIAGGIATORI":"SI","CAP_REG":"0","CAP_P":"0","DIRAMAZ":"0","CAUSA_CHIUSURA":null}},{"type":"Feature","id":617,"geometry":{"type":"Point","coordinates":[11.32299,43.33181]},"properties":{"OBJECTID":617,"CODIMP":"52560","NOME":"SIENA","IMPIANTO":"S","COMUNE":"Siena","PROVINCIA":"Siena","REGIONE":"Toscana","CODLINEACOMM":"K121","LINEACOMM":"EMPOLI - SIENA","DOIT":"FI","SERVIZIO_MERCI":"1","SERVIZIO_VIAGGIATORI":"SI","CAP_REG":"0","CAP_P":"1","DIRAMAZ":"1","CAUSA_CHIUSURA":null}},{"type":"Feature","id":618,"geometry":{"type":"Point","coordinates":[10.37258,43.45502]},"properties":{"OBJECTID":618,"CODIMP":"46160","NOME":"QUERCIANELLA SONNINO","IMPIANTO":"S","COMUNE":"Livorno","PROVINCIA":"Livorno","REGIONE":"Toscana","CODLINEACOMM":"J051","LINEACOMM":"PISA - MACCARESE [ROMA] (compresa via Vada Collesalvetti)","DOIT":"FI","SERVIZIO_MERCI":"0","SERVIZIO_VIAGGIATORI":"SI","CAP_REG":"0","CAP_P":"0","DIRAMAZ":"0","CAUSA_CHIUSURA":null}},{"type":"Feature","id":619,"geometry":{"type":"Point","coordinates":[10.41437,43.40471]},"properties":{"OBJECTID":619,"CODIMP":"46163","NOME":"CASTIGLIONCELLO","IMPIANTO":"F","COMUNE":"Rosignano Marittimo","PROVINCIA":"Livorno","REGIONE":"Toscana","CODLINEACOMM":"J051","LINEACOMM":"PISA - MACCARESE [ROMA] (compresa via Vada Collesalvetti)","DOIT":"FI","SERVIZIO_MERCI":"0","SERVIZIO_VIAGGIATORI":"SI","CAP_REG":"0","CAP_P":"0","DIRAMAZ":"0","CAUSA_CHIUSURA":null}},{"type":"Feature","id":620,"geometry":{"type":"Point","coordinates":[10.32885,43.49258]},"properties":{"OBJECTID":620,"CODIMP":"46120","NOME":"ANTIGNANO","IMPIANTO":"F","COMUNE":"Livorno","PROVINCIA":"Livorno","REGIONE":"Toscana","CODLINEACOMM":"J051","LINEACOMM":"PISA - MACCARESE [ROMA] (compresa via Vada Collesalvetti)","DOIT":"FI","SERVIZIO_MERCI":"0","SERVIZIO_VIAGGIATORI":"SI","CAP_REG":"0","CAP_P":"0","DIRAMAZ":"0","CAUSA_CHIUSURA":null}},{"type":"Feature","id":621,"geometry":{"type":"Point","coordinates":[10.43806,43.388]},"properties":{"OBJECTID":621,"CODIMP":"46240","NOME":"ROSIGNANO","IMPIANTO":"S","COMUNE":"Rosignano Marittimo","PROVINCIA":"Livorno","REGIONE":"Toscana","CODLINEACOMM":"J051","LINEACOMM":"PISA - MACCARESE [ROMA] (compresa via Vada Collesalvetti)","DOIT":"FI","SERVIZIO_MERCI":"1","SERVIZIO_VIAGGIATORI":"SI","CAP_REG":"0","CAP_P":"0","DIRAMAZ":"0","CAUSA_CHIUSURA":null}},{"type":"Feature","id":622,"geometry":{"type":"Point","coordinates":[10.4704,43.35274]},"properties":{"OBJECTID":622,"CODIMP":"46280","NOME":"VADA","IMPIANTO":"S","COMUNE":"Rosignano Marittimo","PROVINCIA":"Livorno","REGIONE":"Toscana","CODLINEACOMM":"J051","LINEACOMM":"PISA - MACCARESE [ROMA] (compresa via Vada Collesalvetti)","DOIT":"FI","SERVIZIO_MERCI":"0","SERVIZIO_VIAGGIATORI":"SI","CAP_REG":"0","CAP_P":"0","DIRAMAZ":"1","CAUSA_CHIUSURA":null}},{"type":"Feature","id":623,"geometry":{"type":"Point","coordinates":[10.66728,42.96768]},"properties":{"OBJECTID":623,"CODIMP":"46520","NOME":"VIGNALE RIOTORTO","IMPIANTO":"F","COMUNE":"Piombino","PROVINCIA":"Livorno","REGIONE":"Toscana","CODLINEACOMM":"J051","LINEACOMM":"PISA - MACCARESE [ROMA] (compresa via Vada Collesalvetti)","DOIT":"FI","SERVIZIO_MERCI":"0","SERVIZIO_VIAGGIATORI":"SI","CAP_REG":"0","CAP_P":"0","DIRAMAZ":"0","CAUSA_CHIUSURA":null}},{"type":"Feature","id":624,"geometry":{"type":"Point","coordinates":[10.7558,42.92678]},"properties":{"OBJECTID":624,"CODIMP":"46560","NOME":"FOLLONICA","IMPIANTO":"S","COMUNE":"Follonica","PROVINCIA":"Grosseto","REGIONE":"Toscana","CODLINEACOMM":"J051","LINEACOMM":"PISA - MACCARESE [ROMA] (compresa via Vada Collesalvetti)","DOIT":"FI","SERVIZIO_MERCI":"0","SERVIZIO_VIAGGIATORI":"SI","CAP_REG":"0","CAP_P":"0","DIRAMAZ":"0","CAUSA_CHIUSURA":null}},{"type":"Feature","id":625,"geometry":{"type":"Point","coordinates":[10.58658,43.01722]},"properties":{"OBJECTID":625,"CODIMP":"46480","NOME":"CAMPIGLIA MARITTIMA","IMPIANTO":"S","COMUNE":"Campiglia Marittima","PROVINCIA":"Livorno","REGIONE":"Toscana","CODLINEACOMM":"J051","LINEACOMM":"PISA - MACCARESE [ROMA] (compresa via Vada Collesalvetti)","DOIT":"FI","SERVIZIO_MERCI":"0","SERVIZIO_VIAGGIATORI":"SI","CAP_REG":"0","CAP_P":"0","DIRAMAZ":"1","CAUSA_CHIUSURA":null}},{"type":"Feature","id":626,"geometry":{"type":"Point","coordinates":[10.53985,43.10047]},"properties":{"OBJECTID":626,"CODIMP":"46440","NOME":"S.VINCENZO","IMPIANTO":"S","COMUNE":"San Vincenzo","PROVINCIA":"Livorno","REGIONE":"Toscana","CODLINEACOMM":"J051","LINEACOMM":"PISA - MACCARESE [ROMA] (compresa via Vada Collesalvetti)","DOIT":"FI","SERVIZIO_MERCI":"1","SERVIZIO_VIAGGIATORI":"SI","CAP_REG":"0","CAP_P":"0","DIRAMAZ":"0","CAUSA_CHIUSURA":null}},{"type":"Feature","id":628,"geometry":{"type":"Point","coordinates":[10.83682,42.94211]},"properties":{"OBJECTID":628,"CODIMP":"46600","NOME":"SCARLINO","IMPIANTO":"S","COMUNE":"Scarlino","PROVINCIA":"Grosseto","REGIONE":"Toscana","CODLINEACOMM":"J051","LINEACOMM":"PISA - MACCARESE [ROMA] (compresa via Vada Collesalvetti)","DOIT":"FI","SERVIZIO_MERCI":"1","SERVIZIO_VIAGGIATORI":"SI","CAP_REG":"0","CAP_P":"0","DIRAMAZ":"0","CAUSA_CHIUSURA":null}},{"type":"Feature","id":629,"geometry":{"type":"Point","coordinates":[10.5638,43.16884]},"properties":{"OBJECTID":629,"CODIMP":"46400","NOME":"CASTAGNETO CARDUCCI-DONORATICO","IMPIANTO":"F","COMUNE":"Castagneto Carducci","PROVINCIA":"Livorno","REGIONE":"Toscana","CODLINEACOMM":"J051","LINEACOMM":"PISA - MACCARESE [ROMA] (compresa via Vada Collesalvetti)","DOIT":"FI","SERVIZIO_MERCI":"0","SERVIZIO_VIAGGIATORI":"SI","CAP_REG":"0","CAP_P":"0","DIRAMAZ":"0","CAUSA_CHIUSURA":null}},{"type":"Feature","id":630,"geometry":{"type":"Point","coordinates":[10.55057,43.24476]},"properties":{"OBJECTID":630,"CODIMP":"46360","NOME":"BOLGHERI","IMPIANTO":"S","COMUNE":"Bibbona","PROVINCIA":"Livorno","REGIONE":"Toscana","CODLINEACOMM":"J051","LINEACOMM":"PISA - MACCARESE [ROMA] (compresa via Vada Collesalvetti)","DOIT":"FI","SERVIZIO_MERCI":"0","SERVIZIO_VIAGGIATORI":"SI","CAP_REG":"0","CAP_P":"0","DIRAMAZ":"0","CAUSA_CHIUSURA":null}},{"type":"Feature","id":632,"geometry":{"type":"Point","coordinates":[11.06876,42.86962]},"properties":{"OBJECTID":632,"CODIMP":"46720","NOME":"MONTEPESCALI","IMPIANTO":"S","COMUNE":"Grosseto","PROVINCIA":"Grosseto","REGIONE":"Toscana","CODLINEACOMM":"J051","LINEACOMM":"PISA - MACCARESE [ROMA] (compresa via Vada Collesalvetti)","DOIT":"FI","SERVIZIO_MERCI":"0","SERVIZIO_VIAGGIATORI":"SI","CAP_REG":"0","CAP_P":"0","DIRAMAZ":"1","CAUSA_CHIUSURA":null}},{"type":"Feature","id":633,"geometry":{"type":"Point","coordinates":[10.93382,42.94806]},"properties":{"OBJECTID":633,"CODIMP":"46640","NOME":"GAVORRANO","IMPIANTO":"S","COMUNE":"Gavorrano","PROVINCIA":"Grosseto","REGIONE":"Toscana","CODLINEACOMM":"J051","LINEACOMM":"PISA - MACCARESE [ROMA] (compresa via Vada Collesalvetti)","DOIT":"FI","SERVIZIO_MERCI":"0","SERVIZIO_VIAGGIATORI":"SI","CAP_REG":"0","CAP_P":"0","DIRAMAZ":"0","CAUSA_CHIUSURA":null}},{"type":"Feature","id":635,"geometry":{"type":"Point","coordinates":[10.54068,42.99651]},"properties":{"OBJECTID":635,"CODIMP":"49135","NOME":"POPULONIA","IMPIANTO":"F","COMUNE":"Piombino","PROVINCIA":"Livorno","REGIONE":"Toscana","CODLINEACOMM":"K120","LINEACOMM":"CAMPIGLIA M.MA - PIOMBINO M.MA","DOIT":"FI","SERVIZIO_MERCI":"0","SERVIZIO_VIAGGIATORI":"SI","CAP_REG":"0","CAP_P":"0","DIRAMAZ":"0","CAUSA_CHIUSURA":null}},{"type":"Feature","id":636,"geometry":{"type":"Point","coordinates":[11.10652,42.76739]},"properties":{"OBJECTID":636,"CODIMP":"46760","NOME":"GROSSETO","IMPIANTO":"S","COMUNE":"Grosseto","PROVINCIA":"Grosseto","REGIONE":"Toscana","CODLINEACOMM":"J051","LINEACOMM":"PISA - MACCARESE [ROMA] (compresa via Vada Collesalvetti)","DOIT":"FI","SERVIZIO_MERCI":"0","SERVIZIO_VIAGGIATORI":"SI","CAP_REG":"0","CAP_P":"1","DIRAMAZ":"0","CAUSA_CHIUSURA":null}},{"type":"Feature","id":639,"geometry":{"type":"Point","coordinates":[10.94917,43.7158]},"properties":{"OBJECTID":639,"CODIMP":"48700","NOME":"EMPOLI","IMPIANTO":"S","COMUNE":"Empoli","PROVINCIA":"Firenze","REGIONE":"Toscana","CODLINEACOMM":"J049","LINEACOMM":"[FIRENZE] FIRENZE CASCINE - PISA","DOIT":"FI","SERVIZIO_MERCI":"0","SERVIZIO_VIAGGIATORI":"SI","CAP_REG":"0","CAP_P":"0","DIRAMAZ":"1","CAUSA_CHIUSURA":null}},{"type":"Feature","id":640,"geometry":{"type":"Point","coordinates":[10.90602,43.69448]},"properties":{"OBJECTID":640,"CODIMP":"52280","NOME":"PONTE A ELSA","IMPIANTO":"S","COMUNE":"Empoli","PROVINCIA":"Firenze","REGIONE":"Toscana","CODLINEACOMM":"K121","LINEACOMM":"EMPOLI - SIENA","DOIT":"FI","SERVIZIO_MERCI":"0","SERVIZIO_VIAGGIATORI":"SI","CAP_REG":"0","CAP_P":"0","DIRAMAZ":"0","CAUSA_CHIUSURA":null}},{"type":"Feature","id":641,"geometry":{"type":"Point","coordinates":[10.94524,43.65234]},"properties":{"OBJECTID":641,"CODIMP":"52320","NOME":"GRANAIOLO","IMPIANTO":"S","COMUNE":"Empoli","PROVINCIA":"Firenze","REGIONE":"Toscana","CODLINEACOMM":"K121","LINEACOMM":"EMPOLI - SIENA","DOIT":"FI","SERVIZIO_MERCI":"0","SERVIZIO_VIAGGIATORI":"SI","CAP_REG":"0","CAP_P":"0","DIRAMAZ":"0","CAUSA_CHIUSURA":null}},{"type":"Feature","id":642,"geometry":{"type":"Point","coordinates":[11.2124,43.40884]},"properties":{"OBJECTID":642,"CODIMP":"52520","NOME":"CASTELLINA IN CHIANTI - MONTERIGGIONI","IMPIANTO":"S","COMUNE":"Monteriggioni","PROVINCIA":"Siena","REGIONE":"Toscana","CODLINEACOMM":"K121","LINEACOMM":"EMPOLI - SIENA","DOIT":"FI","SERVIZIO_MERCI":"1","SERVIZIO_VIAGGIATORI":"SI","CAP_REG":"0","CAP_P":"0","DIRAMAZ":"0","CAUSA_CHIUSURA":null}},{"type":"Feature","id":643,"geometry":{"type":"Point","coordinates":[11.28355,42.94038]},"properties":{"OBJECTID":643,"CODIMP":"53140","NOME":"CIVITELLA PAGANICO","IMPIANTO":"F","COMUNE":"Civitella Paganico","PROVINCIA":"Grosseto","REGIONE":"Toscana","CODLINEACOMM":"K228","LINEACOMM":"SIENA - MONTE ANTICO - MONTEPESCALI","DOIT":"FI","SERVIZIO_MERCI":"0","SERVIZIO_VIAGGIATORI":"SI","CAP_REG":"0","CAP_P":"0","DIRAMAZ":"0","CAUSA_CHIUSURA":null}},{"type":"Feature","id":644,"geometry":{"type":"Point","coordinates":[11.19295,42.95772]},"properties":{"OBJECTID":644,"CODIMP":"53180","NOME":"ROCCASTRADA","IMPIANTO":"S","COMUNE":"Roccastrada","PROVINCIA":"Grosseto","REGIONE":"Toscana","CODLINEACOMM":"K228","LINEACOMM":"SIENA - MONTE ANTICO - MONTEPESCALI","DOIT":"FI","SERVIZIO_MERCI":"0","SERVIZIO_VIAGGIATORI":"SI","CAP_REG":"0","CAP_P":"0","DIRAMAZ":"0","CAUSA_CHIUSURA":null}},{"type":"Feature","id":646,"geometry":{"type":"Point","coordinates":[11.11864,42.92943]},"properties":{"OBJECTID":646,"CODIMP":"53183","NOME":"STICCIANO","IMPIANTO":"F","COMUNE":"Roccastrada","PROVINCIA":"Grosseto","REGIONE":"Toscana","CODLINEACOMM":"K228","LINEACOMM":"SIENA - MONTE ANTICO - MONTEPESCALI","DOIT":"FI","SERVIZIO_MERCI":"0","SERVIZIO_VIAGGIATORI":"SI","CAP_REG":"0","CAP_P":"0","DIRAMAZ":"0","CAUSA_CHIUSURA":null}},{"type":"Feature","id":647,"geometry":{"type":"Point","coordinates":[11.57926,43.23534]},"properties":{"OBJECTID":647,"CODIMP":"52680","NOME":"ASCIANO","IMPIANTO":"S","COMUNE":"Asciano","PROVINCIA":"Siena","REGIONE":"Toscana","CODLINEACOMM":"K122","LINEACOMM":"SIENA - ASCIANO","DOIT":"FI","SERVIZIO_MERCI":"0","SERVIZIO_VIAGGIATORI":"SI","CAP_REG":"0","CAP_P":"0","DIRAMAZ":"1","CAUSA_CHIUSURA":null}},{"type":"Feature","id":648,"geometry":{"type":"Point","coordinates":[11.56364,43.2318]},"properties":{"OBJECTID":648,"CODIMP":"52675","NOME":"ASCIANO-MONTE OLIVETO MAGGIORE","IMPIANTO":"F","COMUNE":"Asciano","PROVINCIA":"Siena","REGIONE":"Toscana","CODLINEACOMM":"K122","LINEACOMM":"SIENA - ASCIANO","DOIT":"FI","SERVIZIO_MERCI":"0","SERVIZIO_VIAGGIATORI":"SI","CAP_REG":"0","CAP_P":"0","DIRAMAZ":"0","CAUSA_CHIUSURA":null}},{"type":"Feature","id":649,"geometry":{"type":"Point","coordinates":[11.60252,43.28343]},"properties":{"OBJECTID":649,"CODIMP":"52720","NOME":"RAPOLANO TERME","IMPIANTO":"S","COMUNE":"Rapolano Terme","PROVINCIA":"Siena","REGIONE":"Toscana","CODLINEACOMM":"K123","LINEACOMM":"ASCIANO - MONTALLESE","DOIT":"FI","SERVIZIO_MERCI":"0","SERVIZIO_VIAGGIATORI":"SI","CAP_REG":"0","CAP_P":"0","DIRAMAZ":"0","CAUSA_CHIUSURA":null}},{"type":"Feature","id":651,"geometry":{"type":"Point","coordinates":[11.74488,43.21629]},"properties":{"OBJECTID":651,"CODIMP":"52800","NOME":"SINALUNGA","IMPIANTO":"S","COMUNE":"Sinalunga","PROVINCIA":"Siena","REGIONE":"Toscana","CODLINEACOMM":"K123","LINEACOMM":"ASCIANO - MONTALLESE","DOIT":"FI","SERVIZIO_MERCI":"0","SERVIZIO_VIAGGIATORI":"SI","CAP_REG":"0","CAP_P":"0","DIRAMAZ":"0","CAUSA_CHIUSURA":null}},{"type":"Feature","id":653,"geometry":{"type":"Point","coordinates":[11.48492,43.30697]},"properties":{"OBJECTID":653,"CODIMP":"52640","NOME":"CASTELNUOVO BERARDENGA","IMPIANTO":"S","COMUNE":"Asciano","PROVINCIA":"Siena","REGIONE":"Toscana","CODLINEACOMM":"K122","LINEACOMM":"SIENA - ASCIANO","DOIT":"FI","SERVIZIO_MERCI":"0","SERVIZIO_VIAGGIATORI":"SI","CAP_REG":"0","CAP_P":"0","DIRAMAZ":"0","CAUSA_CHIUSURA":null}},{"type":"Feature","id":654,"geometry":{"type":"Point","coordinates":[11.40624,43.29448]},"properties":{"OBJECTID":654,"CODIMP":"52600","NOME":"ARBIA","IMPIANTO":"S","COMUNE":"Asciano","PROVINCIA":"Siena","REGIONE":"Toscana","CODLINEACOMM":"K122","LINEACOMM":"SIENA - ASCIANO","DOIT":"FI","SERVIZIO_MERCI":"0","SERVIZIO_VIAGGIATORI":"SI","CAP_REG":"0","CAP_P":"0","DIRAMAZ":"0","CAUSA_CHIUSURA":null}},{"type":"Feature","id":655,"geometry":{"type":"Point","coordinates":[10.2123,44.75542]},"properties":{"OBJECTID":655,"CODIMP":"49700","NOME":"COLLECCHIO","IMPIANTO":"S","COMUNE":"Collecchio","PROVINCIA":"Parma","REGIONE":"Emilia-Romagna","CODLINEACOMM":"J047","LINEACOMM":"PARMA / FIDENZA - PONTREMOLI - VEZZANO / SARZANA","DOIT":"FI","SERVIZIO_MERCI":"0","SERVIZIO_VIAGGIATORI":"SI","CAP_REG":"0","CAP_P":"0","DIRAMAZ":"0","CAUSA_CHIUSURA":null}},{"type":"Feature","id":656,"geometry":{"type":"Point","coordinates":[10.14104,44.71236]},"properties":{"OBJECTID":656,"CODIMP":"49705","NOME":"OZZANO TARO","IMPIANTO":"F","COMUNE":"Collecchio","PROVINCIA":"Parma","REGIONE":"Emilia-Romagna","CODLINEACOMM":"J047","LINEACOMM":"PARMA / FIDENZA - PONTREMOLI - VEZZANO / SARZANA","DOIT":"FI","SERVIZIO_MERCI":"0","SERVIZIO_VIAGGIATORI":"SI","CAP_REG":"0","CAP_P":"0","DIRAMAZ":"0","CAUSA_CHIUSURA":null}},{"type":"Feature","id":658,"geometry":{"type":"Point","coordinates":[10.25836,44.77852]},"properties":{"OBJECTID":658,"CODIMP":"49660","NOME":"VICOFERTILE","IMPIANTO":"S","COMUNE":"Parma","PROVINCIA":"Parma","REGIONE":"Emilia-Romagna","CODLINEACOMM":"J047","LINEACOMM":"PARMA / FIDENZA - PONTREMOLI - VEZZANO / SARZANA","DOIT":"FI","SERVIZIO_MERCI":"0","SERVIZIO_VIAGGIATORI":"SI","CAP_REG":"0","CAP_P":"0","DIRAMAZ":"0","CAUSA_CHIUSURA":null}},{"type":"Feature","id":659,"geometry":{"type":"Point","coordinates":[11.78759,43.17428]},"properties":{"OBJECTID":659,"CODIMP":"52805","NOME":"TORRITA DI SIENA","IMPIANTO":"F","COMUNE":"Torrita Di Siena","PROVINCIA":"Siena","REGIONE":"Toscana","CODLINEACOMM":"K123","LINEACOMM":"ASCIANO - MONTALLESE","DOIT":"FI","SERVIZIO_MERCI":"0","SERVIZIO_VIAGGIATORI":"SI","CAP_REG":"0","CAP_P":"0","DIRAMAZ":"0","CAUSA_CHIUSURA":null}},{"type":"Feature","id":662,"geometry":{"type":"Point","coordinates":[11.85687,43.13545]},"properties":{"OBJECTID":662,"CODIMP":"52870","NOME":"MONTEPULCIANO","IMPIANTO":"S","COMUNE":"Montepulciano","PROVINCIA":"Siena","REGIONE":"Toscana","CODLINEACOMM":"K123","LINEACOMM":"ASCIANO - MONTALLESE","DOIT":"FI","SERVIZIO_MERCI":"0","SERVIZIO_VIAGGIATORI":"SI","CAP_REG":"0","CAP_P":"0","DIRAMAZ":"0","CAUSA_CHIUSURA":null}},{"type":"Feature","id":663,"geometry":{"type":"Point","coordinates":[10.10205,44.69388]},"properties":{"OBJECTID":663,"CODIMP":"49740","NOME":"FORNOVO","IMPIANTO":"S","COMUNE":"Fornovo Di Taro","PROVINCIA":"Parma","REGIONE":"Emilia-Romagna","CODLINEACOMM":"J047","LINEACOMM":"PARMA / FIDENZA - PONTREMOLI - VEZZANO / SARZANA","DOIT":"FI","SERVIZIO_MERCI":"0","SERVIZIO_VIAGGIATORI":"SI","CAP_REG":"0","CAP_P":"0","DIRAMAZ":"1","CAUSA_CHIUSURA":null}},{"type":"Feature","id":666,"geometry":{"type":"Point","coordinates":[9.84501,44.52022]},"properties":{"OBJECTID":666,"CODIMP":"49940","NOME":"OSTIA PARMENSE","IMPIANTO":"S","COMUNE":"Borgo Val Di Taro","PROVINCIA":"Parma","REGIONE":"Emilia-Romagna","CODLINEACOMM":"J047","LINEACOMM":"PARMA / FIDENZA - PONTREMOLI - VEZZANO / SARZANA","DOIT":"FI","SERVIZIO_MERCI":"0","SERVIZIO_VIAGGIATORI":"SI","CAP_REG":"0","CAP_P":"0","DIRAMAZ":"0","CAUSA_CHIUSURA":null}},{"type":"Feature","id":667,"geometry":{"type":"Point","coordinates":[9.78152,44.4866]},"properties":{"OBJECTID":667,"CODIMP":"49980","NOME":"BORGO VAL DI TARO","IMPIANTO":"S","COMUNE":"Borgo Val Di Taro","PROVINCIA":"Parma","REGIONE":"Emilia-Romagna","CODLINEACOMM":"J047","LINEACOMM":"PARMA / FIDENZA - PONTREMOLI - VEZZANO / SARZANA","DOIT":"FI","SERVIZIO_MERCI":"0","SERVIZIO_VIAGGIATORI":"SI","CAP_REG":"0","CAP_P":"0","DIRAMAZ":"0","CAUSA_CHIUSURA":null}},{"type":"Feature","id":669,"geometry":{"type":"Point","coordinates":[9.88782,44.37207]},"properties":{"OBJECTID":669,"CODIMP":"50060","NOME":"PONTREMOLI","IMPIANTO":"S","COMUNE":"Pontremoli","PROVINCIA":"Massa-Carrara","REGIONE":"Toscana","CODLINEACOMM":"J047","LINEACOMM":"PARMA / FIDENZA - PONTREMOLI - VEZZANO / SARZANA","DOIT":"FI","SERVIZIO_MERCI":"0","SERVIZIO_VIAGGIATORI":"SI","CAP_REG":"0","CAP_P":"0","DIRAMAZ":"0","CAUSA_CHIUSURA":null}},{"type":"Feature","id":671,"geometry":{"type":"Point","coordinates":[9.93338,44.33146]},"properties":{"OBJECTID":671,"CODIMP":"50140","NOME":"FILATTIERA","IMPIANTO":"S","COMUNE":"Filattiera","PROVINCIA":"Massa-Carrara","REGIONE":"Toscana","CODLINEACOMM":"J047","LINEACOMM":"PARMA / FIDENZA - PONTREMOLI - VEZZANO / SARZANA","DOIT":"FI","SERVIZIO_MERCI":"0","SERVIZIO_VIAGGIATORI":"SI","CAP_REG":"0","CAP_P":"0","DIRAMAZ":"0","CAUSA_CHIUSURA":null}},{"type":"Feature","id":672,"geometry":{"type":"Point","coordinates":[9.94812,44.29448]},"properties":{"OBJECTID":672,"CODIMP":"50180","NOME":"VILLAFRANCA-BAGNONE","IMPIANTO":"S","COMUNE":"Villafranca In Lunigiana","PROVINCIA":"Massa-Carrara","REGIONE":"Toscana","CODLINEACOMM":"J047","LINEACOMM":"PARMA / FIDENZA - PONTREMOLI - VEZZANO / SARZANA","DOIT":"FI","SERVIZIO_MERCI":"0","SERVIZIO_VIAGGIATORI":"SI","CAP_REG":"0","CAP_P":"0","DIRAMAZ":"0","CAUSA_CHIUSURA":null}},{"type":"Feature","id":673,"geometry":{"type":"Point","coordinates":[9.89626,45.60156]},"properties":{"OBJECTID":673,"CODIMP":"18420","NOME":"PALAZZOLO SULL'OGLIO","IMPIANTO":"S","COMUNE":"Palazzolo Sull'oglio","PROVINCIA":"Brescia","REGIONE":"Lombardia","CODLINEACOMM":"K048","LINEACOMM":"PONTE S.PIETRO - ROVATO","DOIT":"MI","SERVIZIO_MERCI":"0","SERVIZIO_VIAGGIATORI":"SI","CAP_REG":"0","CAP_P":"0","DIRAMAZ":"1","CAUSA_CHIUSURA":null}},{"type":"Feature","id":674,"geometry":{"type":"Point","coordinates":[9.37526,46.13809]},"properties":{"OBJECTID":674,"CODIMP":"17620","NOME":"COLICO","IMPIANTO":"S","COMUNE":"Colico","PROVINCIA":"Lecco","REGIONE":"Lombardia","CODLINEACOMM":"K038","LINEACOMM":"CHIAVENNA - COLICO","DOIT":"MI","SERVIZIO_MERCI":"0","SERVIZIO_VIAGGIATORI":"SI","CAP_REG":"0","CAP_P":"0","DIRAMAZ":"1","CAUSA_CHIUSURA":null}},{"type":"Feature","id":677,"geometry":{"type":"Point","coordinates":[10.14037,44.74935]},"properties":{"OBJECTID":677,"CODIMP":"49540","NOME":"MEDESANO","IMPIANTO":"S","COMUNE":"Medesano","PROVINCIA":"Parma","REGIONE":"Emilia-Romagna","CODLINEACOMM":"J047","LINEACOMM":"PARMA / FIDENZA - PONTREMOLI - VEZZANO / SARZANA","DOIT":"FI","SERVIZIO_MERCI":"0","SERVIZIO_VIAGGIATORI":"SI","CAP_REG":"0","CAP_P":"0","DIRAMAZ":"0","CAUSA_CHIUSURA":null}},{"type":"Feature","id":680,"geometry":{"type":"Point","coordinates":[12.04124,42.87495]},"properties":{"OBJECTID":680,"CODIMP":"59660","NOME":"FABRO-FICULLE","IMPIANTO":"S","COMUNE":"Fabro","PROVINCIA":"Terni","REGIONE":"Umbria","CODLINEACOMM":"J053","LINEACOMM":"[FIRENZE] FIRENZE ROVEZZANO - FARA SABINA [ROMA] (Linea Lenta)","DOIT":"FI","SERVIZIO_MERCI":"0","SERVIZIO_VIAGGIATORI":"SI","CAP_REG":"0","CAP_P":"0","DIRAMAZ":"0","CAUSA_CHIUSURA":null}},{"type":"Feature","id":681,"geometry":{"type":"Point","coordinates":[15.73204,41.35055]},"properties":{"OBJECTID":681,"CODIMP":"75100","NOME":"ORTANOVA","IMPIANTO":"S","COMUNE":"Orta Nova","PROVINCIA":"Foggia","REGIONE":"Puglia","CODLINEACOMM":"J069","LINEACOMM":"FOGGIA - BARI (compresa Enziteto Catino - Bari S.Spirito)","DOIT":"BA","SERVIZIO_MERCI":"0","SERVIZIO_VIAGGIATORI":"SI","CAP_REG":"0","CAP_P":"0","DIRAMAZ":"0","CAUSA_CHIUSURA":null}},{"type":"Feature","id":682,"geometry":{"type":"Point","coordinates":[15.89728,41.31578]},"properties":{"OBJECTID":682,"CODIMP":"75140","NOME":"CERIGNOLA CAMPAGNA","IMPIANTO":"S","COMUNE":"Cerignola","PROVINCIA":"Foggia","REGIONE":"Puglia","CODLINEACOMM":"J069","LINEACOMM":"FOGGIA - BARI (compresa Enziteto Catino - Bari S.Spirito)","DOIT":"BA","SERVIZIO_MERCI":"0","SERVIZIO_VIAGGIATORI":"SI","CAP_REG":"0","CAP_P":"0","DIRAMAZ":"0","CAUSA_CHIUSURA":null}},{"type":"Feature","id":684,"geometry":{"type":"Point","coordinates":[17.22403,40.48384]},"properties":{"OBJECTID":684,"CODIMP":"76880","NOME":"TARANTO","IMPIANTO":"S","COMUNE":"Taranto","PROVINCIA":"Taranto","REGIONE":"Puglia","CODLINEACOMM":"K156","LINEACOMM":"METAPONTO - TARANTO","DOIT":"BA","SERVIZIO_MERCI":"0","SERVIZIO_VIAGGIATORI":"SI","CAP_REG":"0","CAP_P":"1","DIRAMAZ":"0","CAUSA_CHIUSURA":null}},{"type":"Feature","id":685,"geometry":{"type":"Point","coordinates":[16.74364,41.04584]},"properties":{"OBJECTID":685,"CODIMP":"76340","NOME":"BITETTO-PALO DEL COLLE","IMPIANTO":"S","COMUNE":"Bitetto","PROVINCIA":"Bari","REGIONE":"Puglia","CODLINEACOMM":"K158","LINEACOMM":"BARI - GIOIA DEL COLLE","DOIT":"BA","SERVIZIO_MERCI":"0","SERVIZIO_VIAGGIATORI":"SI","CAP_REG":"0","CAP_P":"0","DIRAMAZ":"0","CAUSA_CHIUSURA":null}},{"type":"Feature","id":687,"geometry":{"type":"Point","coordinates":[10.13607,44.02383]},"properties":{"OBJECTID":687,"CODIMP":"45420","NOME":"MASSA CENTRO","IMPIANTO":"S","COMUNE":"Massa","PROVINCIA":"Massa-Carrara","REGIONE":"Toscana","CODLINEACOMM":"J045","LINEACOMM":"[GENOVA] GENOVA NERVI - PISA","DOIT":"FI","SERVIZIO_MERCI":"0","SERVIZIO_VIAGGIATORI":"SI","CAP_REG":"0","CAP_P":"1","DIRAMAZ":"0","CAUSA_CHIUSURA":null}},{"type":"Feature","id":688,"geometry":{"type":"Point","coordinates":[16.71952,41.00474]},"properties":{"OBJECTID":688,"CODIMP":"76345","NOME":"GRUMO APPULA","IMPIANTO":"F","COMUNE":"Grumo Appula","PROVINCIA":"Bari","REGIONE":"Puglia","CODLINEACOMM":"K158","LINEACOMM":"BARI - GIOIA DEL COLLE","DOIT":"BA","SERVIZIO_MERCI":"0","SERVIZIO_VIAGGIATORI":"SI","CAP_REG":"0","CAP_P":"0","DIRAMAZ":"0","CAUSA_CHIUSURA":null}},{"type":"Feature","id":690,"geometry":{"type":"Point","coordinates":[16.8398,40.89291]},"properties":{"OBJECTID":690,"CODIMP":"76460","NOME":"ACQUAVIVA DELLE FONTI","IMPIANTO":"S","COMUNE":"Acquaviva Delle Fonti","PROVINCIA":"Bari","REGIONE":"Puglia","CODLINEACOMM":"K158","LINEACOMM":"BARI - GIOIA DEL COLLE","DOIT":"BA","SERVIZIO_MERCI":"0","SERVIZIO_VIAGGIATORI":"SI","CAP_REG":"0","CAP_P":"0","DIRAMAZ":"0","CAUSA_CHIUSURA":null}},{"type":"Feature","id":691,"geometry":{"type":"Point","coordinates":[16.91654,40.7971]},"properties":{"OBJECTID":691,"CODIMP":"76500","NOME":"GIOIA DEL COLLE","IMPIANTO":"S","COMUNE":"Gioia Del Colle","PROVINCIA":"Bari","REGIONE":"Puglia","CODLINEACOMM":"K158","LINEACOMM":"BARI - GIOIA DEL COLLE","DOIT":"BA","SERVIZIO_MERCI":"0","SERVIZIO_VIAGGIATORI":"SI","CAP_REG":"0","CAP_P":"0","DIRAMAZ":"1","CAUSA_CHIUSURA":null}},{"type":"Feature","id":693,"geometry":{"type":"Point","coordinates":[16.92866,40.6195]},"properties":{"OBJECTID":693,"CODIMP":"76580","NOME":"CASTELLANETA","IMPIANTO":"F","COMUNE":"Castellaneta","PROVINCIA":"Taranto","REGIONE":"Puglia","CODLINEACOMM":"K159","LINEACOMM":"GIOIA DEL COLLE - TARANTO","DOIT":"BA","SERVIZIO_MERCI":"0","SERVIZIO_VIAGGIATORI":"SI","CAP_REG":"0","CAP_P":"0","DIRAMAZ":"0","CAUSA_CHIUSURA":null}},{"type":"Feature","id":694,"geometry":{"type":"Point","coordinates":[15.4289,38.23365]},"properties":{"OBJECTID":694,"CODIMP":"85660","NOME":"VILLAFRANCA TIRRENA-SAPONARA","IMPIANTO":"F","COMUNE":"Saponara","PROVINCIA":"Messina","REGIONE":"Sicilia","CODLINEACOMM":"K175","LINEACOMM":"MESSINA - FIUMETORTO","DOIT":"PA","SERVIZIO_MERCI":"0","SERVIZIO_VIAGGIATORI":"SI","CAP_REG":"0","CAP_P":"0","DIRAMAZ":"0","CAUSA_CHIUSURA":null}},{"type":"Feature","id":695,"geometry":{"type":"Point","coordinates":[15.40587,38.22859]},"properties":{"OBJECTID":695,"CODIMP":"85700","NOME":"ROMETTA MESSINESE","IMPIANTO":"S","COMUNE":"Rometta","PROVINCIA":"Messina","REGIONE":"Sicilia","CODLINEACOMM":"K175","LINEACOMM":"MESSINA - FIUMETORTO","DOIT":"PA","SERVIZIO_MERCI":"0","SERVIZIO_VIAGGIATORI":"SI","CAP_REG":"0","CAP_P":"0","DIRAMAZ":"0","CAUSA_CHIUSURA":null}},{"type":"Feature","id":696,"geometry":{"type":"Point","coordinates":[9.91523,44.15695]},"properties":{"OBJECTID":696,"CODIMP":"50300","NOME":"S.STEFANO DI MAGRA","IMPIANTO":"S","COMUNE":"Santo Stefano Di Magra","PROVINCIA":"La Spezia","REGIONE":"Liguria","CODLINEACOMM":"J047","LINEACOMM":"PARMA / FIDENZA - PONTREMOLI - VEZZANO / SARZANA","DOIT":"FI","SERVIZIO_MERCI":"1","SERVIZIO_VIAGGIATORI":"SI","CAP_REG":"0","CAP_P":"0","DIRAMAZ":"1","CAUSA_CHIUSURA":null}},{"type":"Feature","id":698,"geometry":{"type":"Point","coordinates":[9.07688,44.37725]},"properties":{"OBJECTID":698,"CODIMP":"36115","NOME":"PONTETTO","IMPIANTO":"F","COMUNE":"Pieve Ligure","PROVINCIA":"Genova","REGIONE":"Liguria","CODLINEACOMM":"J045","LINEACOMM":"[GENOVA] GENOVA NERVI - PISA","DOIT":"GE","SERVIZIO_MERCI":"0","SERVIZIO_VIAGGIATORI":"SI","CAP_REG":"0","CAP_P":"0","DIRAMAZ":"0","CAUSA_CHIUSURA":null}},{"type":"Feature","id":699,"geometry":{"type":"Point","coordinates":[9.09096,44.37254]},"properties":{"OBJECTID":699,"CODIMP":"36140","NOME":"PIEVE LIGURE","IMPIANTO":"F","COMUNE":"Pieve Ligure","PROVINCIA":"Genova","REGIONE":"Liguria","CODLINEACOMM":"J045","LINEACOMM":"[GENOVA] GENOVA NERVI - PISA","DOIT":"GE","SERVIZIO_MERCI":"0","SERVIZIO_VIAGGIATORI":"SI","CAP_REG":"0","CAP_P":"0","DIRAMAZ":"0","CAUSA_CHIUSURA":null}},{"type":"Feature","id":700,"geometry":{"type":"Point","coordinates":[9.15661,44.34817]},"properties":{"OBJECTID":700,"CODIMP":"36220","NOME":"CAMOGLI-S.FRUTTUOSO","IMPIANTO":"F","COMUNE":"Camogli","PROVINCIA":"Genova","REGIONE":"Liguria","CODLINEACOMM":"J045","LINEACOMM":"[GENOVA] GENOVA NERVI - PISA","DOIT":"GE","SERVIZIO_MERCI":"0","SERVIZIO_VIAGGIATORI":"SI","CAP_REG":"0","CAP_P":"0","DIRAMAZ":"0","CAUSA_CHIUSURA":null}},{"type":"Feature","id":701,"geometry":{"type":"Point","coordinates":[9.21678,44.3367]},"properties":{"OBJECTID":701,"CODIMP":"36260","NOME":"S.MARGHERITA LIGURE-PORTOFINO","IMPIANTO":"S","COMUNE":"Santa Margherita Ligure","PROVINCIA":"Genova","REGIONE":"Liguria","CODLINEACOMM":"J045","LINEACOMM":"[GENOVA] GENOVA NERVI - PISA","DOIT":"GE","SERVIZIO_MERCI":"0","SERVIZIO_VIAGGIATORI":"SI","CAP_REG":"0","CAP_P":"0","DIRAMAZ":"0","CAUSA_CHIUSURA":null}},{"type":"Feature","id":702,"geometry":{"type":"Point","coordinates":[9.23123,44.35136]},"properties":{"OBJECTID":702,"CODIMP":"36300","NOME":"RAPALLO","IMPIANTO":"F","COMUNE":"Rapallo","PROVINCIA":"Genova","REGIONE":"Liguria","CODLINEACOMM":"J045","LINEACOMM":"[GENOVA] GENOVA NERVI - PISA","DOIT":"GE","SERVIZIO_MERCI":"0","SERVIZIO_VIAGGIATORI":"SI","CAP_REG":"0","CAP_P":"0","DIRAMAZ":"0","CAUSA_CHIUSURA":null}},{"type":"Feature","id":707,"geometry":{"type":"Point","coordinates":[13.50597,45.83035]},"properties":{"OBJECTID":707,"CODIMP":"32400","NOME":"RONCHI DEI LEGIONARI NORD","IMPIANTO":"S","COMUNE":"Ronchi Dei Legionari","PROVINCIA":"Gorizia","REGIONE":"Friuli-Venezia Giulia","CODLINEACOMM":"J039","LINEACOMM":"UDINE - MONFALCONE via GORIZIA (compresa Gorizia - Nova Gorica)","DOIT":"TS","SERVIZIO_MERCI":"0","SERVIZIO_VIAGGIATORI":"SI","CAP_REG":"0","CAP_P":"0","DIRAMAZ":"1","CAUSA_CHIUSURA":null}},{"type":"Feature","id":709,"geometry":{"type":"Point","coordinates":[13.65578,45.75433]},"properties":{"OBJECTID":709,"CODIMP":"30800","NOME":"BIVIO D'AURISINA","IMPIANTO":"S","COMUNE":"Duino-Aurisina","PROVINCIA":"Trieste","REGIONE":"Friuli-Venezia Giulia","CODLINEACOMM":"J035","LINEACOMM":"[VENEZIA] VENEZIA CARPENEDO - VILLA OPICINA / TRIESTE","DOIT":"TS","SERVIZIO_MERCI":"0","SERVIZIO_VIAGGIATORI":"SI","CAP_REG":"0","CAP_P":"0","DIRAMAZ":"1","CAUSA_CHIUSURA":null}},{"type":"Feature","id":713,"geometry":{"type":"Point","coordinates":[9.37512,45.65315]},"properties":{"OBJECTID":713,"CODIMP":"16280","NOME":"CARNATE-USMATE","IMPIANTO":"S","COMUNE":"Carnate","PROVINCIA":"Milano","REGIONE":"Lombardia","CODLINEACOMM":"K045","LINEACOMM":"CALOLZIOCORTE O. - CARNATE USMATE","DOIT":"MI","SERVIZIO_MERCI":"0","SERVIZIO_VIAGGIATORI":"SI","CAP_REG":"0","CAP_P":"0","DIRAMAZ":"1","CAUSA_CHIUSURA":null}},{"type":"Feature","id":714,"geometry":{"type":"Point","coordinates":[9.30935,45.64483]},"properties":{"OBJECTID":714,"CODIMP":"18063","NOME":"LESMO","IMPIANTO":"F","COMUNE":"Lesmo","PROVINCIA":"Milano","REGIONE":"Lombardia","CODLINEACOMM":"K047","LINEACOMM":"SEREGNO - PONTE S.PIETRO","DOIT":"MI","SERVIZIO_MERCI":"0","SERVIZIO_VIAGGIATORI":"SI","CAP_REG":"0","CAP_P":"0","DIRAMAZ":"0","CAUSA_CHIUSURA":null}},{"type":"Feature","id":716,"geometry":{"type":"Point","coordinates":[14.4254,36.99665]},"properties":{"OBJECTID":716,"CODIMP":"93320","NOME":"ACATE","IMPIANTO":"S","COMUNE":"Acate","PROVINCIA":"Ragusa","REGIONE":"Sicilia","CODLINEACOMM":"K173","LINEACOMM":"GELA - MODICA","DOIT":"PA","SERVIZIO_MERCI":"0","SERVIZIO_VIAGGIATORI":"SI","CAP_REG":"0","CAP_P":"0","DIRAMAZ":"0","CAUSA_CHIUSURA":null}},{"type":"Feature","id":717,"geometry":{"type":"Point","coordinates":[9.43923,45.67838]},"properties":{"OBJECTID":717,"CODIMP":"18120","NOME":"PADERNO-ROBBIATE","IMPIANTO":"S","COMUNE":"Paderno D'adda","PROVINCIA":"Lecco","REGIONE":"Lombardia","CODLINEACOMM":"K047","LINEACOMM":"SEREGNO - PONTE S.PIETRO","DOIT":"MI","SERVIZIO_MERCI":"0","SERVIZIO_VIAGGIATORI":"SI","CAP_REG":"0","CAP_P":"0","DIRAMAZ":"0","CAUSA_CHIUSURA":null}},{"type":"Feature","id":718,"geometry":{"type":"Point","coordinates":[14.52494,36.95878]},"properties":{"OBJECTID":718,"CODIMP":"93360","NOME":"VITTORIA","IMPIANTO":"S","COMUNE":"Vittoria","PROVINCIA":"Ragusa","REGIONE":"Sicilia","CODLINEACOMM":"K173","LINEACOMM":"GELA - MODICA","DOIT":"PA","SERVIZIO_MERCI":"0","SERVIZIO_VIAGGIATORI":"SI","CAP_REG":"0","CAP_P":"0","DIRAMAZ":"0","CAUSA_CHIUSURA":null}},{"type":"Feature","id":720,"geometry":{"type":"Point","coordinates":[9.26692,45.64256]},"properties":{"OBJECTID":720,"CODIMP":"18060","NOME":"MACHERIO-SOVICO","IMPIANTO":"S","COMUNE":"Sovico","PROVINCIA":"Milano","REGIONE":"Lombardia","CODLINEACOMM":"K047","LINEACOMM":"SEREGNO - PONTE S.PIETRO","DOIT":"MI","SERVIZIO_MERCI":"0","SERVIZIO_VIAGGIATORI":"SI","CAP_REG":"0","CAP_P":"0","DIRAMAZ":"0","CAUSA_CHIUSURA":null}},{"type":"Feature","id":721,"geometry":{"type":"Point","coordinates":[10.37924,45.27857]},"properties":{"OBJECTID":721,"CODIMP":"19960","NOME":"REMEDELLO SOPRA","IMPIANTO":"S","COMUNE":"Remedello","PROVINCIA":"Brescia","REGIONE":"Lombardia","CODLINEACOMM":"K065","LINEACOMM":"S.ZENO FOLZANO - PIADENA","DOIT":"MI","SERVIZIO_MERCI":"0","SERVIZIO_VIAGGIATORI":"SI","CAP_REG":"0","CAP_P":"0","DIRAMAZ":"0","CAUSA_CHIUSURA":null}},{"type":"Feature","id":722,"geometry":{"type":"Point","coordinates":[10.38843,45.25755]},"properties":{"OBJECTID":722,"CODIMP":"19963","NOME":"REMEDELLO SOTTO","IMPIANTO":"F","COMUNE":"Remedello","PROVINCIA":"Brescia","REGIONE":"Lombardia","CODLINEACOMM":"K065","LINEACOMM":"S.ZENO FOLZANO - PIADENA","DOIT":"MI","SERVIZIO_MERCI":"0","SERVIZIO_VIAGGIATORI":"SI","CAP_REG":"0","CAP_P":"0","DIRAMAZ":"0","CAUSA_CHIUSURA":null}},{"type":"Feature","id":723,"geometry":{"type":"Point","coordinates":[10.36313,45.31539]},"properties":{"OBJECTID":723,"CODIMP":"19930","NOME":"VISANO","IMPIANTO":"S","COMUNE":"Visano","PROVINCIA":"Brescia","REGIONE":"Lombardia","CODLINEACOMM":"K065","LINEACOMM":"S.ZENO FOLZANO - PIADENA","DOIT":"MI","SERVIZIO_MERCI":"0","SERVIZIO_VIAGGIATORI":"SI","CAP_REG":"0","CAP_P":"0","DIRAMAZ":"0","CAUSA_CHIUSURA":null}},{"type":"Feature","id":724,"geometry":{"type":"Point","coordinates":[10.40233,45.22053]},"properties":{"OBJECTID":724,"CODIMP":"20000","NOME":"ASOLA","IMPIANTO":"S","COMUNE":"Asola","PROVINCIA":"Mantova","REGIONE":"Lombardia","CODLINEACOMM":"K065","LINEACOMM":"S.ZENO FOLZANO - PIADENA","DOIT":"MI","SERVIZIO_MERCI":"0","SERVIZIO_VIAGGIATORI":"SI","CAP_REG":"0","CAP_P":"0","DIRAMAZ":"0","CAUSA_CHIUSURA":null}},{"type":"Feature","id":725,"geometry":{"type":"Point","coordinates":[10.3715,45.15029]},"properties":{"OBJECTID":725,"CODIMP":"20040","NOME":"CANNETO SULL'OGLIO","IMPIANTO":"S","COMUNE":"Canneto Sull'oglio","PROVINCIA":"Mantova","REGIONE":"Lombardia","CODLINEACOMM":"K065","LINEACOMM":"S.ZENO FOLZANO - PIADENA","DOIT":"MI","SERVIZIO_MERCI":"0","SERVIZIO_VIAGGIATORI":"SI","CAP_REG":"0","CAP_P":"0","DIRAMAZ":"0","CAUSA_CHIUSURA":null}},{"type":"Feature","id":726,"geometry":{"type":"Point","coordinates":[10.36999,45.12769]},"properties":{"OBJECTID":726,"CODIMP":"19380","NOME":"PIADENA","IMPIANTO":"S","COMUNE":"Piadena","PROVINCIA":"Cremona","REGIONE":"Lombardia","CODLINEACOMM":"K062","LINEACOMM":"CREMONA - PIADENA","DOIT":"MI","SERVIZIO_MERCI":"1","SERVIZIO_VIAGGIATORI":"SI","CAP_REG":"0","CAP_P":"0","DIRAMAZ":"1","CAUSA_CHIUSURA":null}},{"type":"Feature","id":727,"geometry":{"type":"Point","coordinates":[10.37755,45.07587]},"properties":{"OBJECTID":727,"CODIMP":"20095","NOME":"S.GIOVANNI IN CROCE","IMPIANTO":"S","COMUNE":"San Giovanni In Croce","PROVINCIA":"Cremona","REGIONE":"Lombardia","CODLINEACOMM":"K066","LINEACOMM":"PIADENA - PARMA","DOIT":"MI","SERVIZIO_MERCI":"0","SERVIZIO_VIAGGIATORI":"SI","CAP_REG":"0","CAP_P":"0","DIRAMAZ":"0","CAUSA_CHIUSURA":null}},{"type":"Feature","id":728,"geometry":{"type":"Point","coordinates":[10.39885,44.96685]},"properties":{"OBJECTID":728,"CODIMP":"20103","NOME":"MEZZANI-RONDANI","IMPIANTO":"F","COMUNE":"Colorno","PROVINCIA":"Parma","REGIONE":"Emilia-Romagna","CODLINEACOMM":"K066","LINEACOMM":"PIADENA - PARMA","DOIT":"MI","SERVIZIO_MERCI":"0","SERVIZIO_VIAGGIATORI":"SI","CAP_REG":"0","CAP_P":"0","DIRAMAZ":"0","CAUSA_CHIUSURA":null}},{"type":"Feature","id":729,"geometry":{"type":"Point","coordinates":[10.38296,44.92803]},"properties":{"OBJECTID":729,"CODIMP":"20140","NOME":"COLORNO","IMPIANTO":"S","COMUNE":"Colorno","PROVINCIA":"Parma","REGIONE":"Emilia-Romagna","CODLINEACOMM":"K066","LINEACOMM":"PIADENA - PARMA","DOIT":"MI","SERVIZIO_MERCI":"0","SERVIZIO_VIAGGIATORI":"SI","CAP_REG":"0","CAP_P":"0","DIRAMAZ":"0","CAUSA_CHIUSURA":null}},{"type":"Feature","id":730,"geometry":{"type":"Point","coordinates":[10.42504,44.99322]},"properties":{"OBJECTID":730,"CODIMP":"20100","NOME":"CASALMAGGIORE","IMPIANTO":"S","COMUNE":"Casalmaggiore","PROVINCIA":"Cremona","REGIONE":"Lombardia","CODLINEACOMM":"K066","LINEACOMM":"PIADENA - PARMA","DOIT":"MI","SERVIZIO_MERCI":"0","SERVIZIO_VIAGGIATORI":"SI","CAP_REG":"0","CAP_P":"0","DIRAMAZ":"0","CAUSA_CHIUSURA":null}},{"type":"Feature","id":731,"geometry":{"type":"Point","coordinates":[10.36283,44.88576]},"properties":{"OBJECTID":731,"CODIMP":"20180","NOME":"TORRILE S.POLO","IMPIANTO":"S","COMUNE":"Torrile","PROVINCIA":"Parma","REGIONE":"Emilia-Romagna","CODLINEACOMM":"K066","LINEACOMM":"PIADENA - PARMA","DOIT":"MI","SERVIZIO_MERCI":"1","SERVIZIO_VIAGGIATORI":"SI","CAP_REG":"0","CAP_P":"0","DIRAMAZ":"0","CAUSA_CHIUSURA":null}},{"type":"Feature","id":732,"geometry":{"type":"Point","coordinates":[10.32839,44.81029]},"properties":{"OBJECTID":732,"CODIMP":"38740","NOME":"PARMA","IMPIANTO":"S","COMUNE":"Parma","PROVINCIA":"Parma","REGIONE":"Emilia-Romagna","CODLINEACOMM":"J041","LINEACOMM":"[MILANO] MILANO ROGOREDO - LAVINO [BOLOGNA]","DOIT":"BO","SERVIZIO_MERCI":"1","SERVIZIO_VIAGGIATORI":"SI","CAP_REG":"0","CAP_P":"1","DIRAMAZ":"1","CAUSA_CHIUSURA":null}},{"type":"Feature","id":733,"geometry":{"type":"Point","coordinates":[11.21394,45.19664]},"properties":{"OBJECTID":733,"CODIMP":"24160","NOME":"CEREA","IMPIANTO":"S","COMUNE":"Cerea","PROVINCIA":"Verona","REGIONE":"Veneto","CODLINEACOMM":"K074","LINEACOMM":"NOGARA - CEREA","DOIT":"VR","SERVIZIO_MERCI":"0","SERVIZIO_VIAGGIATORI":"SI","CAP_REG":"0","CAP_P":"0","DIRAMAZ":"1","CAUSA_CHIUSURA":null}},{"type":"Feature","id":734,"geometry":{"type":"Point","coordinates":[11.15249,45.18889]},"properties":{"OBJECTID":734,"CODIMP":"24120","NOME":"SANGUINETTO","IMPIANTO":"S","COMUNE":"Sanguinetto","PROVINCIA":"Verona","REGIONE":"Veneto","CODLINEACOMM":"K074","LINEACOMM":"NOGARA - CEREA","DOIT":"VR","SERVIZIO_MERCI":"0","SERVIZIO_VIAGGIATORI":"SI","CAP_REG":"0","CAP_P":"0","DIRAMAZ":"0","CAUSA_CHIUSURA":null}},{"type":"Feature","id":735,"geometry":{"type":"Point","coordinates":[11.39884,46.03625]},"properties":{"OBJECTID":735,"CODIMP":"25260","NOME":"RONCEGNO BAGNI-MARTER","IMPIANTO":"S","COMUNE":"Roncegno Terme","PROVINCIA":"Trento","REGIONE":"Trentino-Alto Adige","CODLINEACOMM":"K232","LINEACOMM":"TRENTO - PRIMOLANO","DOIT":"VR","SERVIZIO_MERCI":"0","SERVIZIO_VIAGGIATORI":"SI","CAP_REG":"0","CAP_P":"0","DIRAMAZ":"0","CAUSA_CHIUSURA":null}},{"type":"Feature","id":736,"geometry":{"type":"Point","coordinates":[11.30495,46.0058]},"properties":{"OBJECTID":736,"CODIMP":"25220","NOME":"LEVICO TERME","IMPIANTO":"S","COMUNE":"Levico Terme","PROVINCIA":"Trento","REGIONE":"Trentino-Alto Adige","CODLINEACOMM":"K232","LINEACOMM":"TRENTO - PRIMOLANO","DOIT":"VR","SERVIZIO_MERCI":"0","SERVIZIO_VIAGGIATORI":"SI","CAP_REG":"0","CAP_P":"0","DIRAMAZ":"0","CAUSA_CHIUSURA":null}},{"type":"Feature","id":737,"geometry":{"type":"Point","coordinates":[11.45399,46.05125]},"properties":{"OBJECTID":737,"CODIMP":"25300","NOME":"BORGO VALSUGANA","IMPIANTO":"S","COMUNE":"Borgo Valsugana","PROVINCIA":"Trento","REGIONE":"Trentino-Alto Adige","CODLINEACOMM":"K232","LINEACOMM":"TRENTO - PRIMOLANO","DOIT":"VR","SERVIZIO_MERCI":"0","SERVIZIO_VIAGGIATORI":"SI","CAP_REG":"0","CAP_P":"0","DIRAMAZ":"0","CAUSA_CHIUSURA":null}},{"type":"Feature","id":738,"geometry":{"type":"Point","coordinates":[11.51435,46.05108]},"properties":{"OBJECTID":738,"CODIMP":"25340","NOME":"STRIGNO","IMPIANTO":"S","COMUNE":"Villa Agnedo","PROVINCIA":"Trento","REGIONE":"Trentino-Alto Adige","CODLINEACOMM":"K232","LINEACOMM":"TRENTO - PRIMOLANO","DOIT":"VR","SERVIZIO_MERCI":"0","SERVIZIO_VIAGGIATORI":"SI","CAP_REG":"0","CAP_P":"0","DIRAMAZ":"0","CAUSA_CHIUSURA":null}},{"type":"Feature","id":739,"geometry":{"type":"Point","coordinates":[11.62501,46.01513]},"properties":{"OBJECTID":739,"CODIMP":"25380","NOME":"GRIGNO","IMPIANTO":"S","COMUNE":"Grigno","PROVINCIA":"Trento","REGIONE":"Trentino-Alto Adige","CODLINEACOMM":"K232","LINEACOMM":"TRENTO - PRIMOLANO","DOIT":"VR","SERVIZIO_MERCI":"0","SERVIZIO_VIAGGIATORI":"SI","CAP_REG":"0","CAP_P":"0","DIRAMAZ":"0","CAUSA_CHIUSURA":null}},{"type":"Feature","id":740,"geometry":{"type":"Point","coordinates":[11.66975,45.99056]},"properties":{"OBJECTID":740,"CODIMP":"25385","NOME":"TEZZE DI GRIGNO","IMPIANTO":"F","COMUNE":"Grigno","PROVINCIA":"Trento","REGIONE":"Trentino-Alto Adige","CODLINEACOMM":"K232","LINEACOMM":"TRENTO - PRIMOLANO","DOIT":"VR","SERVIZIO_MERCI":"0","SERVIZIO_VIAGGIATORI":"SI","CAP_REG":"0","CAP_P":"0","DIRAMAZ":"0","CAUSA_CHIUSURA":null}},{"type":"Feature","id":741,"geometry":{"type":"Point","coordinates":[11.70091,45.96539]},"properties":{"OBJECTID":741,"CODIMP":"29100","NOME":"PRIMOLANO","IMPIANTO":"S","COMUNE":"Cismon Del Grappa","PROVINCIA":"Vicenza","REGIONE":"Veneto","CODLINEACOMM":"K221","LINEACOMM":"PRIMOLANO - BASSANO DEL GRAPPA","DOIT":"VE","SERVIZIO_MERCI":"0","SERVIZIO_VIAGGIATORI":"SI","CAP_REG":"0","CAP_P":"0","DIRAMAZ":"0","CAUSA_CHIUSURA":null}},{"type":"Feature","id":742,"geometry":{"type":"Point","coordinates":[7.55281,43.87059]},"properties":{"OBJECTID":742,"CODIMP":"08396","NOME":"AIROLE","IMPIANTO":"F","COMUNE":"Airole","PROVINCIA":"Imperia","REGIONE":"Liguria","CODLINEACOMM":"K010","LINEACOMM":"CUNEO - VENTIMIGLIA","DOIT":"TO","SERVIZIO_MERCI":"0","SERVIZIO_VIAGGIATORI":"SI","CAP_REG":"0","CAP_P":"0","DIRAMAZ":"0","CAUSA_CHIUSURA":null}},{"type":"Feature","id":743,"geometry":{"type":"Point","coordinates":[7.5792,43.8254]},"properties":{"OBJECTID":743,"CODIMP":"08398","NOME":"BEVERA","IMPIANTO":"F","COMUNE":"Ventimiglia","PROVINCIA":"Imperia","REGIONE":"Liguria","CODLINEACOMM":"K010","LINEACOMM":"CUNEO - VENTIMIGLIA","DOIT":"TO","SERVIZIO_MERCI":"0","SERVIZIO_VIAGGIATORI":"SI","CAP_REG":"0","CAP_P":"0","DIRAMAZ":"0","CAUSA_CHIUSURA":null}},{"type":"Feature","id":744,"geometry":{"type":"Point","coordinates":[8.67418,45.95829]},"properties":{"OBJECTID":744,"CODIMP":"15560","NOME":"PORTO VALTRAVAGLIA","IMPIANTO":"S","COMUNE":"Porto Valtravaglia","PROVINCIA":"Varese","REGIONE":"Lombardia","CODLINEACOMM":"J015","LINEACOMM":"PINO TRONZANO [LUINO] - GALLARATE","DOIT":"MI","SERVIZIO_MERCI":"0","SERVIZIO_VIAGGIATORI":"SI","CAP_REG":"0","CAP_P":"0","DIRAMAZ":"0","CAUSA_CHIUSURA":null}},{"type":"Feature","id":745,"geometry":{"type":"Point","coordinates":[8.6632,45.94589]},"properties":{"OBJECTID":745,"CODIMP":"15565","NOME":"CALDE'","IMPIANTO":"F","COMUNE":"Castelveccana","PROVINCIA":"Varese","REGIONE":"Lombardia","CODLINEACOMM":"J015","LINEACOMM":"PINO TRONZANO [LUINO] - GALLARATE","DOIT":"MI","SERVIZIO_MERCI":"0","SERVIZIO_VIAGGIATORI":"SI","CAP_REG":"0","CAP_P":"0","DIRAMAZ":"0","CAUSA_CHIUSURA":null}},{"type":"Feature","id":746,"geometry":{"type":"Point","coordinates":[8.62952,45.86743]},"properties":{"OBJECTID":746,"CODIMP":"15640","NOME":"LEGGIUNO-MONVALLE","IMPIANTO":"F","COMUNE":"Leggiuno","PROVINCIA":"Varese","REGIONE":"Lombardia","CODLINEACOMM":"K036","LINEACOMM":"LUINO - LAVENO - OLEGGIO","DOIT":"MI","SERVIZIO_MERCI":"0","SERVIZIO_VIAGGIATORI":"SI","CAP_REG":"0","CAP_P":"0","DIRAMAZ":"0","CAUSA_CHIUSURA":null}},{"type":"Feature","id":747,"geometry":{"type":"Point","coordinates":[8.62137,45.81165]},"properties":{"OBJECTID":747,"CODIMP":"15680","NOME":"P.M. ISPRA","IMPIANTO":"PM","COMUNE":"Ispra","PROVINCIA":"Varese","REGIONE":"Lombardia","CODLINEACOMM":"K036","LINEACOMM":"LUINO - LAVENO - OLEGGIO","DOIT":"MI","SERVIZIO_MERCI":"0","SERVIZIO_VIAGGIATORI":"SI","CAP_REG":"0","CAP_P":"0","DIRAMAZ":"0","CAUSA_CHIUSURA":null}},{"type":"Feature","id":748,"geometry":{"type":"Point","coordinates":[8.62817,45.72631]},"properties":{"OBJECTID":748,"CODIMP":"11800","NOME":"SESTO CALENDE","IMPIANTO":"S","COMUNE":"Sesto Calende","PROVINCIA":"Varese","REGIONE":"Lombardia","CODLINEACOMM":"J013","LINEACOMM":"ISELLE [DOMODOSSOLA] - GALLARATE [MILANO] (compresa via Domo II)","DOIT":"MI","SERVIZIO_MERCI":"0","SERVIZIO_VIAGGIATORI":"SI","CAP_REG":"0","CAP_P":"0","DIRAMAZ":"1","CAUSA_CHIUSURA":null}},{"type":"Feature","id":750,"geometry":{"type":"Point","coordinates":[8.62462,45.90335]},"properties":{"OBJECTID":750,"CODIMP":"15600","NOME":"LAVENO-MOMBELLO","IMPIANTO":"S","COMUNE":"Laveno Mombello","PROVINCIA":"Varese","REGIONE":"Lombardia","CODLINEACOMM":"J015","LINEACOMM":"PINO TRONZANO [LUINO] - GALLARATE","DOIT":"MI","SERVIZIO_MERCI":"0","SERVIZIO_VIAGGIATORI":"SI","CAP_REG":"0","CAP_P":"0","DIRAMAZ":"1","CAUSA_CHIUSURA":null}},{"type":"Feature","id":751,"geometry":{"type":"Point","coordinates":[8.7375,45.99671]},"properties":{"OBJECTID":751,"CODIMP":"15520","NOME":"LUINO","IMPIANTO":"S","COMUNE":"Luino","PROVINCIA":"Varese","REGIONE":"Lombardia","CODLINEACOMM":"J015","LINEACOMM":"PINO TRONZANO [LUINO] - GALLARATE","DOIT":"MI","SERVIZIO_MERCI":"0","SERVIZIO_VIAGGIATORI":"SI","CAP_REG":"0","CAP_P":"0","DIRAMAZ":"0","CAUSA_CHIUSURA":null}},{"type":"Feature","id":752,"geometry":{"type":"Point","coordinates":[8.60602,45.77235]},"properties":{"OBJECTID":752,"CODIMP":"15720","NOME":"TAINO-ANGERA","IMPIANTO":"F","COMUNE":"Taino","PROVINCIA":"Varese","REGIONE":"Lombardia","CODLINEACOMM":"K036","LINEACOMM":"LUINO - LAVENO - OLEGGIO","DOIT":"MI","SERVIZIO_MERCI":"0","SERVIZIO_VIAGGIATORI":"SI","CAP_REG":"0","CAP_P":"0","DIRAMAZ":"0","CAUSA_CHIUSURA":null}},{"type":"Feature","id":753,"geometry":{"type":"Point","coordinates":[8.63262,45.59811]},"properties":{"OBJECTID":753,"CODIMP":"02820","NOME":"OLEGGIO","IMPIANTO":"S","COMUNE":"Oleggio","PROVINCIA":"Novara","REGIONE":"Piemonte","CODLINEACOMM":"K022","LINEACOMM":"ARONA - OLEGGIO","DOIT":"TO","SERVIZIO_MERCI":"0","SERVIZIO_VIAGGIATORI":"SI","CAP_REG":"0","CAP_P":"0","DIRAMAZ":"1","CAUSA_CHIUSURA":null}},{"type":"Feature","id":754,"geometry":{"type":"Point","coordinates":[10.16699,46.21546]},"properties":{"OBJECTID":754,"CODIMP":"17260","NOME":"TIRANO","IMPIANTO":"S","COMUNE":"Tirano","PROVINCIA":"Sondrio","REGIONE":"Lombardia","CODLINEACOMM":"K037","LINEACOMM":"TIRANO - SONDRIO","DOIT":"MI","SERVIZIO_MERCI":"1","SERVIZIO_VIAGGIATORI":"SI","CAP_REG":"0","CAP_P":"0","DIRAMAZ":"0","CAUSA_CHIUSURA":null}},{"type":"Feature","id":755,"geometry":{"type":"Point","coordinates":[10.13036,46.19624]},"properties":{"OBJECTID":755,"CODIMP":"17263","NOME":"VILLA DI TIRANO","IMPIANTO":"F","COMUNE":"Villa Di Tirano","PROVINCIA":"Sondrio","REGIONE":"Lombardia","CODLINEACOMM":"K037","LINEACOMM":"TIRANO - SONDRIO","DOIT":"MI","SERVIZIO_MERCI":"0","SERVIZIO_VIAGGIATORI":"SI","CAP_REG":"0","CAP_P":"0","DIRAMAZ":"0","CAUSA_CHIUSURA":null}},{"type":"Feature","id":756,"geometry":{"type":"Point","coordinates":[10.11253,46.17946]},"properties":{"OBJECTID":756,"CODIMP":"17265","NOME":"BIANZONE","IMPIANTO":"F","COMUNE":"Bianzone","PROVINCIA":"Sondrio","REGIONE":"Lombardia","CODLINEACOMM":"K037","LINEACOMM":"TIRANO - SONDRIO","DOIT":"MI","SERVIZIO_MERCI":"0","SERVIZIO_VIAGGIATORI":"SI","CAP_REG":"0","CAP_P":"0","DIRAMAZ":"0","CAUSA_CHIUSURA":null}},{"type":"Feature","id":757,"geometry":{"type":"Point","coordinates":[10.08378,46.16216]},"properties":{"OBJECTID":757,"CODIMP":"17300","NOME":"TRESENDA-APRICA-TEGLIO","IMPIANTO":"S","COMUNE":"Teglio","PROVINCIA":"Sondrio","REGIONE":"Lombardia","CODLINEACOMM":"K037","LINEACOMM":"TIRANO - SONDRIO","DOIT":"MI","SERVIZIO_MERCI":"0","SERVIZIO_VIAGGIATORI":"SI","CAP_REG":"0","CAP_P":"0","DIRAMAZ":"0","CAUSA_CHIUSURA":null}},{"type":"Feature","id":758,"geometry":{"type":"Point","coordinates":[10.02744,46.1598]},"properties":{"OBJECTID":758,"CODIMP":"17305","NOME":"S.GIACOMO DI TEGLIO","IMPIANTO":"F","COMUNE":"Teglio","PROVINCIA":"Sondrio","REGIONE":"Lombardia","CODLINEACOMM":"K037","LINEACOMM":"TIRANO - SONDRIO","DOIT":"MI","SERVIZIO_MERCI":"0","SERVIZIO_VIAGGIATORI":"SI","CAP_REG":"0","CAP_P":"0","DIRAMAZ":"0","CAUSA_CHIUSURA":null}},{"type":"Feature","id":759,"geometry":{"type":"Point","coordinates":[9.99235,46.16473]},"properties":{"OBJECTID":759,"CODIMP":"17307","NOME":"CHIURO","IMPIANTO":"F","COMUNE":"Chiuro","PROVINCIA":"Sondrio","REGIONE":"Lombardia","CODLINEACOMM":"K037","LINEACOMM":"TIRANO - SONDRIO","DOIT":"MI","SERVIZIO_MERCI":"0","SERVIZIO_VIAGGIATORI":"SI","CAP_REG":"0","CAP_P":"0","DIRAMAZ":"0","CAUSA_CHIUSURA":null}},{"type":"Feature","id":760,"geometry":{"type":"Point","coordinates":[9.97592,46.16271]},"properties":{"OBJECTID":760,"CODIMP":"17340","NOME":"PONTE IN VALTELLINA","IMPIANTO":"S","COMUNE":"Chiuro","PROVINCIA":"Sondrio","REGIONE":"Lombardia","CODLINEACOMM":"K037","LINEACOMM":"TIRANO - SONDRIO","DOIT":"MI","SERVIZIO_MERCI":"0","SERVIZIO_VIAGGIATORI":"SI","CAP_REG":"0","CAP_P":"0","DIRAMAZ":"0","CAUSA_CHIUSURA":null}},{"type":"Feature","id":761,"geometry":{"type":"Point","coordinates":[9.93384,46.16696]},"properties":{"OBJECTID":761,"CODIMP":"17343","NOME":"POGGIRIDENTI-TRESIVIO-PIATEDA","IMPIANTO":"F","COMUNE":"Poggiridenti","PROVINCIA":"Sondrio","REGIONE":"Lombardia","CODLINEACOMM":"K037","LINEACOMM":"TIRANO - SONDRIO","DOIT":"MI","SERVIZIO_MERCI":"0","SERVIZIO_VIAGGIATORI":"SI","CAP_REG":"0","CAP_P":"0","DIRAMAZ":"0","CAUSA_CHIUSURA":null}},{"type":"Feature","id":762,"geometry":{"type":"Point","coordinates":[9.87296,46.16714]},"properties":{"OBJECTID":762,"CODIMP":"17380","NOME":"SONDRIO","IMPIANTO":"S","COMUNE":"Sondrio","PROVINCIA":"Sondrio","REGIONE":"Lombardia","CODLINEACOMM":"K037","LINEACOMM":"TIRANO - SONDRIO","DOIT":"MI","SERVIZIO_MERCI":"0","SERVIZIO_VIAGGIATORI":"SI","CAP_REG":"0","CAP_P":"1","DIRAMAZ":"0","CAUSA_CHIUSURA":null}},{"type":"Feature","id":763,"geometry":{"type":"Point","coordinates":[9.42701,45.8017]},"properties":{"OBJECTID":763,"CODIMP":"16120","NOME":"CALOLZIOCORTE-OLGINATE","IMPIANTO":"S","COMUNE":"Calolziocorte","PROVINCIA":"Lecco","REGIONE":"Lombardia","CODLINEACOMM":"K044","LINEACOMM":"LECCO - PONTE S.PIETRO","DOIT":"MI","SERVIZIO_MERCI":"0","SERVIZIO_VIAGGIATORI":"SI","CAP_REG":"0","CAP_P":"0","DIRAMAZ":"1","CAUSA_CHIUSURA":null}},{"type":"Feature","id":764,"geometry":{"type":"Point","coordinates":[9.4221,45.75417]},"properties":{"OBJECTID":764,"CODIMP":"16160","NOME":"AIRUNO","IMPIANTO":"F","COMUNE":"Airuno","PROVINCIA":"Lecco","REGIONE":"Lombardia","CODLINEACOMM":"K045","LINEACOMM":"CALOLZIOCORTE O. - CARNATE USMATE","DOIT":"MI","SERVIZIO_MERCI":"0","SERVIZIO_VIAGGIATORI":"SI","CAP_REG":"0","CAP_P":"0","DIRAMAZ":"0","CAUSA_CHIUSURA":null}},{"type":"Feature","id":765,"geometry":{"type":"Point","coordinates":[9.65141,46.16205]},"properties":{"OBJECTID":765,"CODIMP":"17460","NOME":"ARDENNO-MASINO","IMPIANTO":"S","COMUNE":"Ardenno","PROVINCIA":"Sondrio","REGIONE":"Lombardia","CODLINEACOMM":"K039","LINEACOMM":"SONDRIO - COLICO","DOIT":"MI","SERVIZIO_MERCI":"0","SERVIZIO_VIAGGIATORI":"SI","CAP_REG":"0","CAP_P":"0","DIRAMAZ":"0","CAUSA_CHIUSURA":null}},{"type":"Feature","id":766,"geometry":{"type":"Point","coordinates":[9.59956,46.13959]},"properties":{"OBJECTID":766,"CODIMP":"17463","NOME":"TALAMONA","IMPIANTO":"F","COMUNE":"Talamona","PROVINCIA":"Sondrio","REGIONE":"Lombardia","CODLINEACOMM":"K039","LINEACOMM":"SONDRIO - COLICO","DOIT":"MI","SERVIZIO_MERCI":"0","SERVIZIO_VIAGGIATORI":"SI","CAP_REG":"0","CAP_P":"0","DIRAMAZ":"0","CAUSA_CHIUSURA":null}},{"type":"Feature","id":767,"geometry":{"type":"Point","coordinates":[9.80618,46.16174]},"properties":{"OBJECTID":767,"CODIMP":"17390","NOME":"CASTIONE ANDEVENNO","IMPIANTO":"S","COMUNE":"Castione Andevenno","PROVINCIA":"Sondrio","REGIONE":"Lombardia","CODLINEACOMM":"K039","LINEACOMM":"SONDRIO - COLICO","DOIT":"MI","SERVIZIO_MERCI":"0","SERVIZIO_VIAGGIATORI":"SI","CAP_REG":"0","CAP_P":"0","DIRAMAZ":"0","CAUSA_CHIUSURA":null}},{"type":"Feature","id":768,"geometry":{"type":"Point","coordinates":[9.74052,46.16143]},"properties":{"OBJECTID":768,"CODIMP":"17420","NOME":"S.PIETRO BERBENNO","IMPIANTO":"S","COMUNE":"Berbenno Di Valtellina","PROVINCIA":"Sondrio","REGIONE":"Lombardia","CODLINEACOMM":"K039","LINEACOMM":"SONDRIO - COLICO","DOIT":"MI","SERVIZIO_MERCI":"0","SERVIZIO_VIAGGIATORI":"SI","CAP_REG":"0","CAP_P":"0","DIRAMAZ":"0","CAUSA_CHIUSURA":null}},{"type":"Feature","id":769,"geometry":{"type":"Point","coordinates":[9.56867,46.13673]},"properties":{"OBJECTID":769,"CODIMP":"17500","NOME":"MORBEGNO","IMPIANTO":"S","COMUNE":"Morbegno","PROVINCIA":"Sondrio","REGIONE":"Lombardia","CODLINEACOMM":"K039","LINEACOMM":"SONDRIO - COLICO","DOIT":"MI","SERVIZIO_MERCI":"0","SERVIZIO_VIAGGIATORI":"SI","CAP_REG":"0","CAP_P":"0","DIRAMAZ":"0","CAUSA_CHIUSURA":null}},{"type":"Feature","id":770,"geometry":{"type":"Point","coordinates":[9.52553,46.13564]},"properties":{"OBJECTID":770,"CODIMP":"17540","NOME":"COSIO-TRAONA","IMPIANTO":"S","COMUNE":"Cosio Valtellino","PROVINCIA":"Sondrio","REGIONE":"Lombardia","CODLINEACOMM":"K039","LINEACOMM":"SONDRIO - COLICO","DOIT":"MI","SERVIZIO_MERCI":"0","SERVIZIO_VIAGGIATORI":"SI","CAP_REG":"0","CAP_P":"0","DIRAMAZ":"0","CAUSA_CHIUSURA":null}},{"type":"Feature","id":771,"geometry":{"type":"Point","coordinates":[9.3191,46.10283]},"properties":{"OBJECTID":771,"CODIMP":"17663","NOME":"DORIO","IMPIANTO":"F","COMUNE":"Dorio","PROVINCIA":"Lecco","REGIONE":"Lombardia","CODLINEACOMM":"K040","LINEACOMM":"COLICO - LECCO","DOIT":"MI","SERVIZIO_MERCI":"0","SERVIZIO_VIAGGIATORI":"SI","CAP_REG":"0","CAP_P":"0","DIRAMAZ":"0","CAUSA_CHIUSURA":null}},{"type":"Feature","id":772,"geometry":{"type":"Point","coordinates":[9.30599,46.07778]},"properties":{"OBJECTID":772,"CODIMP":"17700","NOME":"DERVIO","IMPIANTO":"S","COMUNE":"Dervio","PROVINCIA":"Lecco","REGIONE":"Lombardia","CODLINEACOMM":"K040","LINEACOMM":"COLICO - LECCO","DOIT":"MI","SERVIZIO_MERCI":"0","SERVIZIO_VIAGGIATORI":"SI","CAP_REG":"0","CAP_P":"0","DIRAMAZ":"0","CAUSA_CHIUSURA":null}},{"type":"Feature","id":773,"geometry":{"type":"Point","coordinates":[9.46121,46.13872]},"properties":{"OBJECTID":773,"CODIMP":"17580","NOME":"DELEBIO","IMPIANTO":"S","COMUNE":"Delebio","PROVINCIA":"Sondrio","REGIONE":"Lombardia","CODLINEACOMM":"K039","LINEACOMM":"SONDRIO - COLICO","DOIT":"MI","SERVIZIO_MERCI":"0","SERVIZIO_VIAGGIATORI":"SI","CAP_REG":"0","CAP_P":"0","DIRAMAZ":"0","CAUSA_CHIUSURA":null}},{"type":"Feature","id":774,"geometry":{"type":"Point","coordinates":[9.20289,45.64609]},"properties":{"OBJECTID":774,"CODIMP":"12780","NOME":"SEREGNO","IMPIANTO":"S","COMUNE":"Seregno","PROVINCIA":"Milano","REGIONE":"Lombardia","CODLINEACOMM":"R002","LINEACOMM":"NODO DI MILANO","DOIT":"MI","SERVIZIO_MERCI":"1","SERVIZIO_VIAGGIATORI":"SI","CAP_REG":"0","CAP_P":"0","DIRAMAZ":"1","CAUSA_CHIUSURA":null}},{"type":"Feature","id":775,"geometry":{"type":"Point","coordinates":[9.28643,46.01508]},"properties":{"OBJECTID":775,"CODIMP":"17780","NOME":"VARENNA-ESINO-PERLEDO","IMPIANTO":"S","COMUNE":"Perledo","PROVINCIA":"Lecco","REGIONE":"Lombardia","CODLINEACOMM":"K040","LINEACOMM":"COLICO - LECCO","DOIT":"MI","SERVIZIO_MERCI":"0","SERVIZIO_VIAGGIATORI":"SI","CAP_REG":"0","CAP_P":"0","DIRAMAZ":"0","CAUSA_CHIUSURA":null}},{"type":"Feature","id":776,"geometry":{"type":"Point","coordinates":[9.35079,46.12477]},"properties":{"OBJECTID":776,"CODIMP":"17660","NOME":"PIONA","IMPIANTO":"S","COMUNE":"Colico","PROVINCIA":"Lecco","REGIONE":"Lombardia","CODLINEACOMM":"K040","LINEACOMM":"COLICO - LECCO","DOIT":"MI","SERVIZIO_MERCI":"0","SERVIZIO_VIAGGIATORI":"SI","CAP_REG":"0","CAP_P":"0","DIRAMAZ":"0","CAUSA_CHIUSURA":null}},{"type":"Feature","id":777,"geometry":{"type":"Point","coordinates":[9.30281,46.03952]},"properties":{"OBJECTID":777,"CODIMP":"17740","NOME":"BELLANO-TARTAVALLE TERME","IMPIANTO":"S","COMUNE":"Bellano","PROVINCIA":"Lecco","REGIONE":"Lombardia","CODLINEACOMM":"K040","LINEACOMM":"COLICO - LECCO","DOIT":"MI","SERVIZIO_MERCI":"0","SERVIZIO_VIAGGIATORI":"SI","CAP_REG":"0","CAP_P":"0","DIRAMAZ":"0","CAUSA_CHIUSURA":null}},{"type":"Feature","id":778,"geometry":{"type":"Point","coordinates":[9.29289,45.99909]},"properties":{"OBJECTID":778,"CODIMP":"17783","NOME":"FIUMELATTE","IMPIANTO":"F","COMUNE":"Varenna","PROVINCIA":"Lecco","REGIONE":"Lombardia","CODLINEACOMM":"K040","LINEACOMM":"COLICO - LECCO","DOIT":"MI","SERVIZIO_MERCI":"0","SERVIZIO_VIAGGIATORI":"SI","CAP_REG":"0","CAP_P":"0","DIRAMAZ":"0","CAUSA_CHIUSURA":null}},{"type":"Feature","id":779,"geometry":{"type":"Point","coordinates":[9.30311,45.96104]},"properties":{"OBJECTID":779,"CODIMP":"17820","NOME":"LIERNA","IMPIANTO":"S","COMUNE":"Lierna","PROVINCIA":"Lecco","REGIONE":"Lombardia","CODLINEACOMM":"K040","LINEACOMM":"COLICO - LECCO","DOIT":"MI","SERVIZIO_MERCI":"0","SERVIZIO_VIAGGIATORI":"SI","CAP_REG":"0","CAP_P":"0","DIRAMAZ":"0","CAUSA_CHIUSURA":null}},{"type":"Feature","id":780,"geometry":{"type":"Point","coordinates":[9.31393,45.93809]},"properties":{"OBJECTID":780,"CODIMP":"17823","NOME":"OLCIO","IMPIANTO":"F","COMUNE":"Mandello Del Lario","PROVINCIA":"Lecco","REGIONE":"Lombardia","CODLINEACOMM":"K040","LINEACOMM":"COLICO - LECCO","DOIT":"MI","SERVIZIO_MERCI":"0","SERVIZIO_VIAGGIATORI":"SI","CAP_REG":"0","CAP_P":"0","DIRAMAZ":"0","CAUSA_CHIUSURA":null}},{"type":"Feature","id":781,"geometry":{"type":"Point","coordinates":[9.32209,45.91528]},"properties":{"OBJECTID":781,"CODIMP":"17860","NOME":"MANDELLO DEL LARIO","IMPIANTO":"S","COMUNE":"Mandello Del Lario","PROVINCIA":"Lecco","REGIONE":"Lombardia","CODLINEACOMM":"K040","LINEACOMM":"COLICO - LECCO","DOIT":"MI","SERVIZIO_MERCI":"0","SERVIZIO_VIAGGIATORI":"SI","CAP_REG":"0","CAP_P":"0","DIRAMAZ":"0","CAUSA_CHIUSURA":null}},{"type":"Feature","id":782,"geometry":{"type":"Point","coordinates":[9.26699,45.65903]},"properties":{"OBJECTID":782,"CODIMP":"20940","NOME":"TRIUGGIO-PONTE ALBIATE","IMPIANTO":"S","COMUNE":"Triuggio","PROVINCIA":"Milano","REGIONE":"Lombardia","CODLINEACOMM":"K042","LINEACOMM":"MONZA - MOLTENO","DOIT":"MI","SERVIZIO_MERCI":"0","SERVIZIO_VIAGGIATORI":"SI","CAP_REG":"0","CAP_P":"0","DIRAMAZ":"0","CAUSA_CHIUSURA":null}},{"type":"Feature","id":783,"geometry":{"type":"Point","coordinates":[9.28677,45.64562]},"properties":{"OBJECTID":783,"CODIMP":"20907","NOME":"MACHERIO-CANONICA","IMPIANTO":"F","COMUNE":"Macherio","PROVINCIA":"Milano","REGIONE":"Lombardia","CODLINEACOMM":"K042","LINEACOMM":"MONZA - MOLTENO","DOIT":"MI","SERVIZIO_MERCI":"0","SERVIZIO_VIAGGIATORI":"SI","CAP_REG":"0","CAP_P":"0","DIRAMAZ":"0","CAUSA_CHIUSURA":null}},{"type":"Feature","id":784,"geometry":{"type":"Point","coordinates":[9.41172,45.83126]},"properties":{"OBJECTID":784,"CODIMP":"16080","NOME":"LECCO MAGGIANICO","IMPIANTO":"S","COMUNE":"Lecco","PROVINCIA":"Lecco","REGIONE":"Lombardia","CODLINEACOMM":"K044","LINEACOMM":"LECCO - PONTE S.PIETRO","DOIT":"MI","SERVIZIO_MERCI":"1","SERVIZIO_VIAGGIATORI":"SI","CAP_REG":"0","CAP_P":"0","DIRAMAZ":"0","CAUSA_CHIUSURA":null}},{"type":"Feature","id":785,"geometry":{"type":"Point","coordinates":[9.42238,45.81219]},"properties":{"OBJECTID":785,"CODIMP":"16083","NOME":"VERCURAGO-S.GIROLAMO","IMPIANTO":"F","COMUNE":"Vercurago","PROVINCIA":"Lecco","REGIONE":"Lombardia","CODLINEACOMM":"K044","LINEACOMM":"LECCO - PONTE S.PIETRO","DOIT":"MI","SERVIZIO_MERCI":"0","SERVIZIO_VIAGGIATORI":"SI","CAP_REG":"0","CAP_P":"0","DIRAMAZ":"0","CAUSA_CHIUSURA":null}},{"type":"Feature","id":786,"geometry":{"type":"Point","coordinates":[9.25234,45.67653]},"properties":{"OBJECTID":786,"CODIMP":"20943","NOME":"CARATE-CALO'","IMPIANTO":"F","COMUNE":"Carate Brianza","PROVINCIA":"Milano","REGIONE":"Lombardia","CODLINEACOMM":"K042","LINEACOMM":"MONZA - MOLTENO","DOIT":"MI","SERVIZIO_MERCI":"0","SERVIZIO_VIAGGIATORI":"SI","CAP_REG":"0","CAP_P":"0","DIRAMAZ":"0","CAUSA_CHIUSURA":null}},{"type":"Feature","id":787,"geometry":{"type":"Point","coordinates":[9.29844,45.63229]},"properties":{"OBJECTID":787,"CODIMP":"20905","NOME":"BIASSONO-LESMO-PARCO","IMPIANTO":"F","COMUNE":"Biassono","PROVINCIA":"Milano","REGIONE":"Lombardia","CODLINEACOMM":"K042","LINEACOMM":"MONZA - MOLTENO","DOIT":"MI","SERVIZIO_MERCI":"0","SERVIZIO_VIAGGIATORI":"SI","CAP_REG":"0","CAP_P":"0","DIRAMAZ":"0","CAUSA_CHIUSURA":null}},{"type":"Feature","id":788,"geometry":{"type":"Point","coordinates":[9.30122,45.62149]},"properties":{"OBJECTID":788,"CODIMP":"20903","NOME":"BUTTAFAVA","IMPIANTO":"F","COMUNE":"Arcore","PROVINCIA":"Milano","REGIONE":"Lombardia","CODLINEACOMM":"K042","LINEACOMM":"MONZA - MOLTENO","DOIT":"MI","SERVIZIO_MERCI":"0","SERVIZIO_VIAGGIATORI":"SI","CAP_REG":"0","CAP_P":"0","DIRAMAZ":"0","CAUSA_CHIUSURA":null}},{"type":"Feature","id":789,"geometry":{"type":"Point","coordinates":[8.63234,44.63046]},"properties":{"OBJECTID":789,"CODIMP":"37880","NOME":"OVADA","IMPIANTO":"S","COMUNE":"Ovada","PROVINCIA":"Alessandria","REGIONE":"Piemonte","CODLINEACOMM":"K017","LINEACOMM":"ACQUI TERME - OVADA","DOIT":"GE","SERVIZIO_MERCI":"0","SERVIZIO_VIAGGIATORI":"SI","CAP_REG":"0","CAP_P":"0","DIRAMAZ":"1","CAUSA_CHIUSURA":null}},{"type":"Feature","id":790,"geometry":{"type":"Point","coordinates":[8.60994,44.62206]},"properties":{"OBJECTID":790,"CODIMP":"37850","NOME":"MOLARE","IMPIANTO":"F","COMUNE":"Ovada","PROVINCIA":"Alessandria","REGIONE":"Piemonte","CODLINEACOMM":"K017","LINEACOMM":"ACQUI TERME - OVADA","DOIT":"GE","SERVIZIO_MERCI":"0","SERVIZIO_VIAGGIATORI":"SI","CAP_REG":"0","CAP_P":"0","DIRAMAZ":"0","CAUSA_CHIUSURA":null}},{"type":"Feature","id":791,"geometry":{"type":"Point","coordinates":[8.66808,44.56704]},"properties":{"OBJECTID":791,"CODIMP":"37920","NOME":"ROSSIGLIONE","IMPIANTO":"S","COMUNE":"Rossiglione","PROVINCIA":"Genova","REGIONE":"Liguria","CODLINEACOMM":"K098","LINEACOMM":"OVADA - GENOVA BORZOLI","DOIT":"GE","SERVIZIO_MERCI":"0","SERVIZIO_VIAGGIATORI":"SI","CAP_REG":"0","CAP_P":"0","DIRAMAZ":"0","CAUSA_CHIUSURA":null}},{"type":"Feature","id":792,"geometry":{"type":"Point","coordinates":[8.50023,44.66204]},"properties":{"OBJECTID":792,"CODIMP":"37830","NOME":"VISONE","IMPIANTO":"F","COMUNE":"Visone","PROVINCIA":"Alessandria","REGIONE":"Piemonte","CODLINEACOMM":"K017","LINEACOMM":"ACQUI TERME - OVADA","DOIT":"GE","SERVIZIO_MERCI":"0","SERVIZIO_VIAGGIATORI":"SI","CAP_REG":"0","CAP_P":"0","DIRAMAZ":"0","CAUSA_CHIUSURA":null}},{"type":"Feature","id":793,"geometry":{"type":"Point","coordinates":[8.55005,44.64899]},"properties":{"OBJECTID":793,"CODIMP":"37840","NOME":"PRASCO-CREMOLINO","IMPIANTO":"S","COMUNE":"Prasco","PROVINCIA":"Alessandria","REGIONE":"Piemonte","CODLINEACOMM":"K017","LINEACOMM":"ACQUI TERME - OVADA","DOIT":"GE","SERVIZIO_MERCI":"0","SERVIZIO_VIAGGIATORI":"SI","CAP_REG":"0","CAP_P":"0","DIRAMAZ":"0","CAUSA_CHIUSURA":null}},{"type":"Feature","id":795,"geometry":{"type":"Point","coordinates":[8.73399,44.47288]},"properties":{"OBJECTID":795,"CODIMP":"38000","NOME":"MELE","IMPIANTO":"S","COMUNE":"Mele","PROVINCIA":"Genova","REGIONE":"Liguria","CODLINEACOMM":"K098","LINEACOMM":"OVADA - GENOVA BORZOLI","DOIT":"GE","SERVIZIO_MERCI":"0","SERVIZIO_VIAGGIATORI":"SI","CAP_REG":"0","CAP_P":"0","DIRAMAZ":"0","CAUSA_CHIUSURA":null}},{"type":"Feature","id":796,"geometry":{"type":"Point","coordinates":[8.77323,44.45885]},"properties":{"OBJECTID":796,"CODIMP":"38040","NOME":"GENOVA ACQUASANTA","IMPIANTO":"S","COMUNE":"Genova","PROVINCIA":"Genova","REGIONE":"Liguria","CODLINEACOMM":"K098","LINEACOMM":"OVADA - GENOVA BORZOLI","DOIT":"GE","SERVIZIO_MERCI":"0","SERVIZIO_VIAGGIATORI":"SI","CAP_REG":"0","CAP_P":"0","DIRAMAZ":"0","CAUSA_CHIUSURA":null}},{"type":"Feature","id":797,"geometry":{"type":"Point","coordinates":[8.70092,44.531]},"properties":{"OBJECTID":797,"CODIMP":"37960","NOME":"CAMPO LIGURE-MASONE","IMPIANTO":"S","COMUNE":"Campo Ligure","PROVINCIA":"Genova","REGIONE":"Liguria","CODLINEACOMM":"K098","LINEACOMM":"OVADA - GENOVA BORZOLI","DOIT":"GE","SERVIZIO_MERCI":"0","SERVIZIO_VIAGGIATORI":"SI","CAP_REG":"0","CAP_P":"0","DIRAMAZ":"0","CAUSA_CHIUSURA":null}},{"type":"Feature","id":798,"geometry":{"type":"Point","coordinates":[12.20842,44.41924]},"properties":{"OBJECTID":798,"CODIMP":"42040","NOME":"RAVENNA","IMPIANTO":"S","COMUNE":"Ravenna","PROVINCIA":"Ravenna","REGIONE":"Emilia-Romagna","CODLINEACOMM":"K101","LINEACOMM":"LAVEZZOLA - RAVENNA","DOIT":"BO","SERVIZIO_MERCI":"1","SERVIZIO_VIAGGIATORI":"SI","CAP_REG":"0","CAP_P":"1","DIRAMAZ":"1","CAUSA_CHIUSURA":null}},{"type":"Feature","id":799,"geometry":{"type":"Point","coordinates":[12.235,44.38212]},"properties":{"OBJECTID":799,"CODIMP":"43400","NOME":"CLASSE","IMPIANTO":"S","COMUNE":"Ravenna","PROVINCIA":"Ravenna","REGIONE":"Emilia-Romagna","CODLINEACOMM":"K102","LINEACOMM":"RAVENNA - RIMINI","DOIT":"BO","SERVIZIO_MERCI":"0","SERVIZIO_VIAGGIATORI":"SI","CAP_REG":"0","CAP_P":"0","DIRAMAZ":"0","CAUSA_CHIUSURA":null}},{"type":"Feature","id":800,"geometry":{"type":"Point","coordinates":[11.89166,45.45337]},"properties":{"OBJECTID":800,"CODIMP":"30360","NOME":"VIGODARZERE","IMPIANTO":"S","COMUNE":"Vigodarzere","PROVINCIA":"Padova","REGIONE":"Veneto","CODLINEACOMM":"K081","LINEACOMM":"CAMPOSANPIETRO - VIGODARZERE","DOIT":"VE","SERVIZIO_MERCI":"0","SERVIZIO_VIAGGIATORI":"SI","CAP_REG":"0","CAP_P":"0","DIRAMAZ":"0","CAUSA_CHIUSURA":null}},{"type":"Feature","id":802,"geometry":{"type":"Point","coordinates":[11.99209,45.70833]},"properties":{"OBJECTID":802,"CODIMP":"30180","NOME":"FANZOLO","IMPIANTO":"S","COMUNE":"Vedelago","PROVINCIA":"Treviso","REGIONE":"Veneto","CODLINEACOMM":"K079","LINEACOMM":"MONTEBELLUNA - CASTELFRANCO VENETO","DOIT":"VE","SERVIZIO_MERCI":"0","SERVIZIO_VIAGGIATORI":"SI","CAP_REG":"0","CAP_P":"0","DIRAMAZ":"0","CAUSA_CHIUSURA":null}},{"type":"Feature","id":803,"geometry":{"type":"Point","coordinates":[11.93433,45.66651]},"properties":{"OBJECTID":803,"CODIMP":"28940","NOME":"CASTELFRANCO VENETO","IMPIANTO":"S","COMUNE":"Castelfranco Veneto","PROVINCIA":"Treviso","REGIONE":"Veneto","CODLINEACOMM":"K079","LINEACOMM":"MONTEBELLUNA - CASTELFRANCO VENETO","DOIT":"VE","SERVIZIO_MERCI":"1","SERVIZIO_VIAGGIATORI":"SI","CAP_REG":"0","CAP_P":"0","DIRAMAZ":"1","CAUSA_CHIUSURA":null}},{"type":"Feature","id":804,"geometry":{"type":"Point","coordinates":[11.9283,45.569]},"properties":{"OBJECTID":804,"CODIMP":"30240","NOME":"CAMPOSAMPIERO","IMPIANTO":"S","COMUNE":"Camposampiero","PROVINCIA":"Padova","REGIONE":"Veneto","CODLINEACOMM":"K080","LINEACOMM":"CASTELFRANCO VENETO - CAMPOSANPIETRO","DOIT":"VE","SERVIZIO_MERCI":"0","SERVIZIO_VIAGGIATORI":"SI","CAP_REG":"0","CAP_P":"0","DIRAMAZ":"1","CAUSA_CHIUSURA":null}},{"type":"Feature","id":805,"geometry":{"type":"Point","coordinates":[12.0129,45.83392]},"properties":{"OBJECTID":805,"CODIMP":"30100","NOME":"CORNUDA","IMPIANTO":"S","COMUNE":"Cornuda","PROVINCIA":"Treviso","REGIONE":"Veneto","CODLINEACOMM":"K078","LINEACOMM":"BELLUNO - MONTEBELLUNA","DOIT":"VE","SERVIZIO_MERCI":"0","SERVIZIO_VIAGGIATORI":"SI","CAP_REG":"0","CAP_P":"0","DIRAMAZ":"0","CAUSA_CHIUSURA":null}},{"type":"Feature","id":806,"geometry":{"type":"Point","coordinates":[12.05402,45.77651]},"properties":{"OBJECTID":806,"CODIMP":"30140","NOME":"MONTEBELLUNA","IMPIANTO":"S","COMUNE":"Montebelluna","PROVINCIA":"Treviso","REGIONE":"Veneto","CODLINEACOMM":"K078","LINEACOMM":"BELLUNO - MONTEBELLUNA","DOIT":"VE","SERVIZIO_MERCI":"0","SERVIZIO_VIAGGIATORI":"SI","CAP_REG":"0","CAP_P":"0","DIRAMAZ":"1","CAUSA_CHIUSURA":null}},{"type":"Feature","id":808,"geometry":{"type":"Point","coordinates":[10.77743,44.97231]},"properties":{"OBJECTID":808,"CODIMP":"25763","NOME":"PALIDANO","IMPIANTO":"F","COMUNE":"Gonzaga","PROVINCIA":"Mantova","REGIONE":"Lombardia","CODLINEACOMM":"K072","LINEACOMM":"SUZZARA - MODENA","DOIT":"BO","SERVIZIO_MERCI":"0","SERVIZIO_VIAGGIATORI":"SI","CAP_REG":"0","CAP_P":"0","DIRAMAZ":"0","CAUSA_CHIUSURA":null}},{"type":"Feature","id":809,"geometry":{"type":"Point","coordinates":[10.81556,44.93932]},"properties":{"OBJECTID":809,"CODIMP":"25800","NOME":"GONZAGA-REGGIOLO","IMPIANTO":"S","COMUNE":"Gonzaga","PROVINCIA":"Mantova","REGIONE":"Lombardia","CODLINEACOMM":"K072","LINEACOMM":"SUZZARA - MODENA","DOIT":"BO","SERVIZIO_MERCI":"0","SERVIZIO_VIAGGIATORI":"SI","CAP_REG":"0","CAP_P":"0","DIRAMAZ":"0","CAUSA_CHIUSURA":null}},{"type":"Feature","id":810,"geometry":{"type":"Point","coordinates":[10.75616,44.99452]},"properties":{"OBJECTID":810,"CODIMP":"25760","NOME":"SUZZARA","IMPIANTO":"S","COMUNE":"Suzzara","PROVINCIA":"Mantova","REGIONE":"Lombardia","CODLINEACOMM":"K071","LINEACOMM":"MANTOVA - SUZZARA","DOIT":"BO","SERVIZIO_MERCI":"0","SERVIZIO_VIAGGIATORI":"SI","CAP_REG":"0","CAP_P":"0","DIRAMAZ":"0","CAUSA_CHIUSURA":null}},{"type":"Feature","id":811,"geometry":{"type":"Point","coordinates":[9.21852,45.62019]},"properties":{"OBJECTID":811,"CODIMP":"12820","NOME":"DESIO","IMPIANTO":"S","COMUNE":"Desio","PROVINCIA":"Milano","REGIONE":"Lombardia","CODLINEACOMM":"R002","LINEACOMM":"NODO DI MILANO","DOIT":"MI","SERVIZIO_MERCI":"1","SERVIZIO_VIAGGIATORI":"SI","CAP_REG":"0","CAP_P":"0","DIRAMAZ":"0","CAUSA_CHIUSURA":null}},{"type":"Feature","id":812,"geometry":{"type":"Point","coordinates":[9.32282,45.62357]},"properties":{"OBJECTID":812,"CODIMP":"16320","NOME":"ARCORE","IMPIANTO":"S","COMUNE":"Arcore","PROVINCIA":"Milano","REGIONE":"Lombardia","CODLINEACOMM":"K046","LINEACOMM":"CARNATE USMATE - MONZA","DOIT":"MI","SERVIZIO_MERCI":"0","SERVIZIO_VIAGGIATORI":"SI","CAP_REG":"0","CAP_P":"0","DIRAMAZ":"0","CAUSA_CHIUSURA":null}},{"type":"Feature","id":813,"geometry":{"type":"Point","coordinates":[10.89197,44.783]},"properties":{"OBJECTID":813,"CODIMP":"25880","NOME":"CARPI","IMPIANTO":"S","COMUNE":"Carpi","PROVINCIA":"Modena","REGIONE":"Emilia-Romagna","CODLINEACOMM":"K072","LINEACOMM":"SUZZARA - MODENA","DOIT":"BO","SERVIZIO_MERCI":"0","SERVIZIO_VIAGGIATORI":"SI","CAP_REG":"0","CAP_P":"0","DIRAMAZ":"0","CAUSA_CHIUSURA":null}},{"type":"Feature","id":815,"geometry":{"type":"Point","coordinates":[9.58436,45.69923]},"properties":{"OBJECTID":815,"CODIMP":"18240","NOME":"PONTE S.PIETRO","IMPIANTO":"S","COMUNE":"Ponte San Pietro","PROVINCIA":"Bergamo","REGIONE":"Lombardia","CODLINEACOMM":"K044","LINEACOMM":"LECCO - PONTE S.PIETRO","DOIT":"MI","SERVIZIO_MERCI":"0","SERVIZIO_VIAGGIATORI":"SI","CAP_REG":"0","CAP_P":"0","DIRAMAZ":"1","CAUSA_CHIUSURA":null}},{"type":"Feature","id":816,"geometry":{"type":"Point","coordinates":[9.67511,45.69034]},"properties":{"OBJECTID":816,"CODIMP":"16480","NOME":"BERGAMO","IMPIANTO":"S","COMUNE":"Bergamo","PROVINCIA":"Bergamo","REGIONE":"Lombardia","CODLINEACOMM":"K048","LINEACOMM":"PONTE S.PIETRO - ROVATO","DOIT":"MI","SERVIZIO_MERCI":"0","SERVIZIO_VIAGGIATORI":"SI","CAP_REG":"0","CAP_P":"1","DIRAMAZ":"1","CAUSA_CHIUSURA":null}},{"type":"Feature","id":817,"geometry":{"type":"Point","coordinates":[10.86791,44.88665]},"properties":{"OBJECTID":817,"CODIMP":"25840","NOME":"ROLO-NOVI-FABBRICO","IMPIANTO":"S","COMUNE":"Rolo","PROVINCIA":"Reggio Nell'emilia","REGIONE":"Emilia-Romagna","CODLINEACOMM":"K072","LINEACOMM":"SUZZARA - MODENA","DOIT":"BO","SERVIZIO_MERCI":"0","SERVIZIO_VIAGGIATORI":"SI","CAP_REG":"0","CAP_P":"0","DIRAMAZ":"0","CAUSA_CHIUSURA":null}},{"type":"Feature","id":818,"geometry":{"type":"Point","coordinates":[10.84248,44.91601]},"properties":{"OBJECTID":818,"CODIMP":"25805","NOME":"VILLANOVA DI REGGIOLO","IMPIANTO":"F","COMUNE":"Reggiolo","PROVINCIA":"Reggio Nell'emilia","REGIONE":"Emilia-Romagna","CODLINEACOMM":"K072","LINEACOMM":"SUZZARA - MODENA","DOIT":"BO","SERVIZIO_MERCI":"0","SERVIZIO_VIAGGIATORI":"SI","CAP_REG":"0","CAP_P":"0","DIRAMAZ":"0","CAUSA_CHIUSURA":null}},{"type":"Feature","id":819,"geometry":{"type":"Point","coordinates":[9.55047,45.72224]},"properties":{"OBJECTID":819,"CODIMP":"18000","NOME":"AMBIVERE-MAPELLO","IMPIANTO":"S","COMUNE":"Ambivere","PROVINCIA":"Bergamo","REGIONE":"Lombardia","CODLINEACOMM":"K044","LINEACOMM":"LECCO - PONTE S.PIETRO","DOIT":"MI","SERVIZIO_MERCI":"0","SERVIZIO_VIAGGIATORI":"SI","CAP_REG":"0","CAP_P":"0","DIRAMAZ":"0","CAUSA_CHIUSURA":null}},{"type":"Feature","id":820,"geometry":{"type":"Point","coordinates":[9.4743,45.73968]},"properties":{"OBJECTID":820,"CODIMP":"17960","NOME":"CISANO-CAPRINO BERGAMASCO","IMPIANTO":"S","COMUNE":"Cisano Bergamasco","PROVINCIA":"Bergamo","REGIONE":"Lombardia","CODLINEACOMM":"K044","LINEACOMM":"LECCO - PONTE S.PIETRO","DOIT":"MI","SERVIZIO_MERCI":"0","SERVIZIO_VIAGGIATORI":"SI","CAP_REG":"0","CAP_P":"0","DIRAMAZ":"0","CAUSA_CHIUSURA":null}},{"type":"Feature","id":821,"geometry":{"type":"Point","coordinates":[9.51166,45.73016]},"properties":{"OBJECTID":821,"CODIMP":"17963","NOME":"PONTIDA","IMPIANTO":"F","COMUNE":"Pontida","PROVINCIA":"Bergamo","REGIONE":"Lombardia","CODLINEACOMM":"K044","LINEACOMM":"LECCO - PONTE S.PIETRO","DOIT":"MI","SERVIZIO_MERCI":"0","SERVIZIO_VIAGGIATORI":"SI","CAP_REG":"0","CAP_P":"0","DIRAMAZ":"0","CAUSA_CHIUSURA":null}},{"type":"Feature","id":822,"geometry":{"type":"Point","coordinates":[9.72466,45.68323]},"properties":{"OBJECTID":822,"CODIMP":"18300","NOME":"SERIATE","IMPIANTO":"S","COMUNE":"Seriate","PROVINCIA":"Bergamo","REGIONE":"Lombardia","CODLINEACOMM":"K048","LINEACOMM":"PONTE S.PIETRO - ROVATO","DOIT":"MI","SERVIZIO_MERCI":"0","SERVIZIO_VIAGGIATORI":"SI","CAP_REG":"0","CAP_P":"0","DIRAMAZ":"0","CAUSA_CHIUSURA":null}},{"type":"Feature","id":823,"geometry":{"type":"Point","coordinates":[9.76805,45.68282]},"properties":{"OBJECTID":823,"CODIMP":"18303","NOME":"ALBANO S.ALESSANDRO","IMPIANTO":"F","COMUNE":"Albano Sant'alessandro","PROVINCIA":"Bergamo","REGIONE":"Lombardia","CODLINEACOMM":"K048","LINEACOMM":"PONTE S.PIETRO - ROVATO","DOIT":"MI","SERVIZIO_MERCI":"0","SERVIZIO_VIAGGIATORI":"SI","CAP_REG":"0","CAP_P":"0","DIRAMAZ":"0","CAUSA_CHIUSURA":null}},{"type":"Feature","id":824,"geometry":{"type":"Point","coordinates":[9.80852,45.67025]},"properties":{"OBJECTID":824,"CODIMP":"18340","NOME":"MONTELLO-GORLAGO","IMPIANTO":"S","COMUNE":"Montello","PROVINCIA":"Bergamo","REGIONE":"Lombardia","CODLINEACOMM":"K048","LINEACOMM":"PONTE S.PIETRO - ROVATO","DOIT":"MI","SERVIZIO_MERCI":"0","SERVIZIO_VIAGGIATORI":"SI","CAP_REG":"0","CAP_P":"0","DIRAMAZ":"0","CAUSA_CHIUSURA":null}},{"type":"Feature","id":825,"geometry":{"type":"Point","coordinates":[11.88328,44.29368]},"properties":{"OBJECTID":825,"CODIMP":"40200","NOME":"FAENZA","IMPIANTO":"S","COMUNE":"Faenza","PROVINCIA":"Ravenna","REGIONE":"Emilia-Romagna","CODLINEACOMM":"J063","LINEACOMM":"[BOLOGNA] MIRANDOLA O. - ANCONA (compresa Ancona - Ancona Marittima)","DOIT":"BO","SERVIZIO_MERCI":"1","SERVIZIO_VIAGGIATORI":"SI","CAP_REG":"0","CAP_P":"0","DIRAMAZ":"1","CAUSA_CHIUSURA":null}},{"type":"Feature","id":826,"geometry":{"type":"Point","coordinates":[10.00095,45.55201]},"properties":{"OBJECTID":826,"CODIMP":"13460","NOME":"ROVATO","IMPIANTO":"S","COMUNE":"Rovato","PROVINCIA":"Brescia","REGIONE":"Lombardia","CODLINEACOMM":"J023","LINEACOMM":"[MILANO] PIOLTELLO L. - BRESCIA - VERONA","DOIT":"MI","SERVIZIO_MERCI":"0","SERVIZIO_VIAGGIATORI":"SI","CAP_REG":"0","CAP_P":"0","DIRAMAZ":"1","CAUSA_CHIUSURA":null}},{"type":"Feature","id":827,"geometry":{"type":"Point","coordinates":[10.03893,44.97477]},"properties":{"OBJECTID":827,"CODIMP":"18980","NOME":"BUSSETO","IMPIANTO":"S","COMUNE":"Busseto","PROVINCIA":"Parma","REGIONE":"Emilia-Romagna","CODLINEACOMM":"K055","LINEACOMM":"CASTELVETRO - FIDENZA","DOIT":"MI","SERVIZIO_MERCI":"0","SERVIZIO_VIAGGIATORI":"SI","CAP_REG":"0","CAP_P":"0","DIRAMAZ":"0","CAUSA_CHIUSURA":null}},{"type":"Feature","id":828,"geometry":{"type":"Point","coordinates":[10.04448,44.91524]},"properties":{"OBJECTID":828,"CODIMP":"19020","NOME":"CASTIONE DEI MARCHESI","IMPIANTO":"S","COMUNE":"Fidenza","PROVINCIA":"Parma","REGIONE":"Emilia-Romagna","CODLINEACOMM":"K055","LINEACOMM":"CASTELVETRO - FIDENZA","DOIT":"MI","SERVIZIO_MERCI":"0","SERVIZIO_VIAGGIATORI":"SI","CAP_REG":"0","CAP_P":"0","DIRAMAZ":"0","CAUSA_CHIUSURA":null}},{"type":"Feature","id":829,"geometry":{"type":"Point","coordinates":[11.23377,46.03982]},"properties":{"OBJECTID":829,"CODIMP":"25143","NOME":"S.CRISTOFORO AL LAGO-ISCHIA","IMPIANTO":"F","COMUNE":"Pergine Valsugana","PROVINCIA":"Trento","REGIONE":"Trentino-Alto Adige","CODLINEACOMM":"K232","LINEACOMM":"TRENTO - PRIMOLANO","DOIT":"VR","SERVIZIO_MERCI":"0","SERVIZIO_VIAGGIATORI":"SI","CAP_REG":"0","CAP_P":"0","DIRAMAZ":"0","CAUSA_CHIUSURA":null}},{"type":"Feature","id":830,"geometry":{"type":"Point","coordinates":[11.24073,46.00746]},"properties":{"OBJECTID":830,"CODIMP":"25145","NOME":"CALCERANICA","IMPIANTO":"F","COMUNE":"Calceranica Al Lago","PROVINCIA":"Trento","REGIONE":"Trentino-Alto Adige","CODLINEACOMM":"K232","LINEACOMM":"TRENTO - PRIMOLANO","DOIT":"VR","SERVIZIO_MERCI":"0","SERVIZIO_VIAGGIATORI":"SI","CAP_REG":"0","CAP_P":"0","DIRAMAZ":"0","CAUSA_CHIUSURA":null}},{"type":"Feature","id":831,"geometry":{"type":"Point","coordinates":[10.06342,44.86781]},"properties":{"OBJECTID":831,"CODIMP":"38660","NOME":"FIDENZA","IMPIANTO":"S","COMUNE":"Fidenza","PROVINCIA":"Parma","REGIONE":"Emilia-Romagna","CODLINEACOMM":"J041","LINEACOMM":"[MILANO] MILANO ROGOREDO - LAVINO [BOLOGNA]","DOIT":"BO","SERVIZIO_MERCI":"0","SERVIZIO_VIAGGIATORI":"SI","CAP_REG":"0","CAP_P":"0","DIRAMAZ":"1","CAUSA_CHIUSURA":null}},{"type":"Feature","id":832,"geometry":{"type":"Point","coordinates":[9.47068,45.68419]},"properties":{"OBJECTID":832,"CODIMP":"18160","NOME":"CALUSCO","IMPIANTO":"S","COMUNE":"Calusco D'adda","PROVINCIA":"Bergamo","REGIONE":"Lombardia","CODLINEACOMM":"K047","LINEACOMM":"SEREGNO - PONTE S.PIETRO","DOIT":"MI","SERVIZIO_MERCI":"0","SERVIZIO_VIAGGIATORI":"SI","CAP_REG":"0","CAP_P":"0","DIRAMAZ":"0","CAUSA_CHIUSURA":null}},{"type":"Feature","id":833,"geometry":{"type":"Point","coordinates":[9.5362,45.68873]},"properties":{"OBJECTID":833,"CODIMP":"18200","NOME":"TERNO","IMPIANTO":"S","COMUNE":"Terno D'isola","PROVINCIA":"Bergamo","REGIONE":"Lombardia","CODLINEACOMM":"K047","LINEACOMM":"SEREGNO - PONTE S.PIETRO","DOIT":"MI","SERVIZIO_MERCI":"0","SERVIZIO_VIAGGIATORI":"SI","CAP_REG":"0","CAP_P":"0","DIRAMAZ":"0","CAUSA_CHIUSURA":null}},{"type":"Feature","id":834,"geometry":{"type":"Point","coordinates":[8.86201,45.3128]},"properties":{"OBJECTID":834,"CODIMP":"20640","NOME":"VIGEVANO","IMPIANTO":"S","COMUNE":"Vigevano","PROVINCIA":"Pavia","REGIONE":"Lombardia","CODLINEACOMM":"K058","LINEACOMM":"MILANO P.GENOVA - MORTARA","DOIT":"MI","SERVIZIO_MERCI":"0","SERVIZIO_VIAGGIATORI":"SI","CAP_REG":"0","CAP_P":"0","DIRAMAZ":"0","CAUSA_CHIUSURA":null}},{"type":"Feature","id":835,"geometry":{"type":"Point","coordinates":[8.78035,45.28018]},"properties":{"OBJECTID":835,"CODIMP":"20680","NOME":"PARONA LOMELLINA","IMPIANTO":"S","COMUNE":"Parona","PROVINCIA":"Pavia","REGIONE":"Lombardia","CODLINEACOMM":"K058","LINEACOMM":"MILANO P.GENOVA - MORTARA","DOIT":"MI","SERVIZIO_MERCI":"0","SERVIZIO_VIAGGIATORI":"SI","CAP_REG":"0","CAP_P":"0","DIRAMAZ":"0","CAUSA_CHIUSURA":null}},{"type":"Feature","id":836,"geometry":{"type":"Point","coordinates":[8.92134,45.40072]},"properties":{"OBJECTID":836,"CODIMP":"20600","NOME":"ABBIATEGRASSO","IMPIANTO":"S","COMUNE":"Abbiategrasso","PROVINCIA":"Milano","REGIONE":"Lombardia","CODLINEACOMM":"K058","LINEACOMM":"MILANO P.GENOVA - MORTARA","DOIT":"MI","SERVIZIO_MERCI":"0","SERVIZIO_VIAGGIATORI":"SI","CAP_REG":"0","CAP_P":"0","DIRAMAZ":"0","CAUSA_CHIUSURA":null}},{"type":"Feature","id":837,"geometry":{"type":"Point","coordinates":[8.73168,45.25226]},"properties":{"OBJECTID":837,"CODIMP":"03040","NOME":"MORTARA","IMPIANTO":"S","COMUNE":"Mortara","PROVINCIA":"Pavia","REGIONE":"Lombardia","CODLINEACOMM":"K020","LINEACOMM":"VERCELLI - MORTARA","DOIT":"TO","SERVIZIO_MERCI":"1","SERVIZIO_VIAGGIATORI":"SI","CAP_REG":"0","CAP_P":"0","DIRAMAZ":"1","CAUSA_CHIUSURA":null}},{"type":"Feature","id":838,"geometry":{"type":"Point","coordinates":[9.1703,45.0735]},"properties":{"OBJECTID":838,"CODIMP":"16520","NOME":"PINAROLO PO","IMPIANTO":"S","COMUNE":"Pinarolo Po","PROVINCIA":"Pavia","REGIONE":"Lombardia","CODLINEACOMM":"J021","LINEACOMM":"ALESSANDRIA - PIACENZA (compresa Broni - Bressana B)","DOIT":"MI","SERVIZIO_MERCI":"0","SERVIZIO_VIAGGIATORI":"SI","CAP_REG":"0","CAP_P":"0","DIRAMAZ":"0","CAUSA_CHIUSURA":null}},{"type":"Feature","id":839,"geometry":{"type":"Point","coordinates":[9.13707,45.07283]},"properties":{"OBJECTID":839,"CODIMP":"16517","NOME":"BRESSANA ARGINE","IMPIANTO":"F","COMUNE":"Bressana Bottarone","PROVINCIA":"Pavia","REGIONE":"Lombardia","CODLINEACOMM":"J021","LINEACOMM":"ALESSANDRIA - PIACENZA (compresa Broni - Bressana B)","DOIT":"MI","SERVIZIO_MERCI":"0","SERVIZIO_VIAGGIATORI":"SI","CAP_REG":"0","CAP_P":"0","DIRAMAZ":"0","CAUSA_CHIUSURA":null}},{"type":"Feature","id":840,"geometry":{"type":"Point","coordinates":[9.11064,45.08638]},"properties":{"OBJECTID":840,"CODIMP":"14340","NOME":"BRESSANA BOTTARONE","IMPIANTO":"S","COMUNE":"Bressana Bottarone","PROVINCIA":"Pavia","REGIONE":"Lombardia","CODLINEACOMM":"J005","LINEACOMM":"[MILANO] MILANO ROGOREDO - ARQUATA (compresa via Novi L. e via Bressana B. - Arena Po)","DOIT":"MI","SERVIZIO_MERCI":"0","SERVIZIO_VIAGGIATORI":"SI","CAP_REG":"0","CAP_P":"0","DIRAMAZ":"1","CAUSA_CHIUSURA":null}},{"type":"Feature","id":841,"geometry":{"type":"Point","coordinates":[9.2199,45.17842]},"properties":{"OBJECTID":841,"CODIMP":"20300","NOME":"MOTTA S.DAMIANO","IMPIANTO":"S","COMUNE":"Pavia","PROVINCIA":"Pavia","REGIONE":"Lombardia","CODLINEACOMM":"K060","LINEACOMM":"PAVIA - CASALPUSTERLENGO","DOIT":"MI","SERVIZIO_MERCI":"0","SERVIZIO_VIAGGIATORI":"SI","CAP_REG":"0","CAP_P":"0","DIRAMAZ":"0","CAUSA_CHIUSURA":null}},{"type":"Feature","id":842,"geometry":{"type":"Point","coordinates":[9.26166,45.17259]},"properties":{"OBJECTID":842,"CODIMP":"20303","NOME":"ALBUZZANO","IMPIANTO":"F","COMUNE":"Albuzzano","PROVINCIA":"Pavia","REGIONE":"Lombardia","CODLINEACOMM":"K060","LINEACOMM":"PAVIA - CASALPUSTERLENGO","DOIT":"MI","SERVIZIO_MERCI":"0","SERVIZIO_VIAGGIATORI":"SI","CAP_REG":"0","CAP_P":"0","DIRAMAZ":"0","CAUSA_CHIUSURA":null}},{"type":"Feature","id":843,"geometry":{"type":"Point","coordinates":[9.31691,45.16465]},"properties":{"OBJECTID":843,"CODIMP":"20340","NOME":"BELGIOIOSO","IMPIANTO":"S","COMUNE":"Belgioioso","PROVINCIA":"Pavia","REGIONE":"Lombardia","CODLINEACOMM":"K060","LINEACOMM":"PAVIA - CASALPUSTERLENGO","DOIT":"MI","SERVIZIO_MERCI":"0","SERVIZIO_VIAGGIATORI":"SI","CAP_REG":"0","CAP_P":"0","DIRAMAZ":"0","CAUSA_CHIUSURA":null}},{"type":"Feature","id":844,"geometry":{"type":"Point","coordinates":[9.55062,45.16686]},"properties":{"OBJECTID":844,"CODIMP":"20425","NOME":"ORIO LITTA","IMPIANTO":"F","COMUNE":"Orio Litta","PROVINCIA":"Lodi","REGIONE":"Lombardia","CODLINEACOMM":"K060","LINEACOMM":"PAVIA - CASALPUSTERLENGO","DOIT":"MI","SERVIZIO_MERCI":"0","SERVIZIO_VIAGGIATORI":"SI","CAP_REG":"0","CAP_P":"0","DIRAMAZ":"0","CAUSA_CHIUSURA":null}},{"type":"Feature","id":845,"geometry":{"type":"Point","coordinates":[9.52746,45.16446]},"properties":{"OBJECTID":845,"CODIMP":"20423","NOME":"LAMBRINIA","IMPIANTO":"F","COMUNE":"Chignolo Po","PROVINCIA":"Pavia","REGIONE":"Lombardia","CODLINEACOMM":"K060","LINEACOMM":"PAVIA - CASALPUSTERLENGO","DOIT":"MI","SERVIZIO_MERCI":"0","SERVIZIO_VIAGGIATORI":"SI","CAP_REG":"0","CAP_P":"0","DIRAMAZ":"0","CAUSA_CHIUSURA":null}},{"type":"Feature","id":846,"geometry":{"type":"Point","coordinates":[9.44999,45.16209]},"properties":{"OBJECTID":846,"CODIMP":"20385","NOME":"MIRADOLO TERME","IMPIANTO":"F","COMUNE":"Miradolo Terme","PROVINCIA":"Pavia","REGIONE":"Lombardia","CODLINEACOMM":"K060","LINEACOMM":"PAVIA - CASALPUSTERLENGO","DOIT":"MI","SERVIZIO_MERCI":"0","SERVIZIO_VIAGGIATORI":"SI","CAP_REG":"0","CAP_P":"0","DIRAMAZ":"0","CAUSA_CHIUSURA":null}},{"type":"Feature","id":847,"geometry":{"type":"Point","coordinates":[9.40104,45.16061]},"properties":{"OBJECTID":847,"CODIMP":"20383","NOME":"S.CRISTINA E BISSONE","IMPIANTO":"F","COMUNE":"Santa Cristina E Bissone","PROVINCIA":"Pavia","REGIONE":"Lombardia","CODLINEACOMM":"K060","LINEACOMM":"PAVIA - CASALPUSTERLENGO","DOIT":"MI","SERVIZIO_MERCI":"0","SERVIZIO_VIAGGIATORI":"SI","CAP_REG":"0","CAP_P":"0","DIRAMAZ":"0","CAUSA_CHIUSURA":null}},{"type":"Feature","id":848,"geometry":{"type":"Point","coordinates":[9.37551,45.15978]},"properties":{"OBJECTID":848,"CODIMP":"20380","NOME":"CORTEOLONA","IMPIANTO":"S","COMUNE":"Corteolona","PROVINCIA":"Pavia","REGIONE":"Lombardia","CODLINEACOMM":"K060","LINEACOMM":"PAVIA - CASALPUSTERLENGO","DOIT":"MI","SERVIZIO_MERCI":"0","SERVIZIO_VIAGGIATORI":"SI","CAP_REG":"0","CAP_P":"0","DIRAMAZ":"0","CAUSA_CHIUSURA":null}},{"type":"Feature","id":849,"geometry":{"type":"Point","coordinates":[9.57519,45.16941]},"properties":{"OBJECTID":849,"CODIMP":"20460","NOME":"OSPEDALETTO LODIGIANO","IMPIANTO":"S","COMUNE":"Ospedaletto Lodigiano","PROVINCIA":"Lodi","REGIONE":"Lombardia","CODLINEACOMM":"K060","LINEACOMM":"PAVIA - CASALPUSTERLENGO","DOIT":"MI","SERVIZIO_MERCI":"0","SERVIZIO_VIAGGIATORI":"SI","CAP_REG":"0","CAP_P":"0","DIRAMAZ":"0","CAUSA_CHIUSURA":null}},{"type":"Feature","id":850,"geometry":{"type":"Point","coordinates":[9.49423,45.16102]},"properties":{"OBJECTID":850,"CODIMP":"20420","NOME":"CHIGNOLO PO","IMPIANTO":"S","COMUNE":"Chignolo Po","PROVINCIA":"Pavia","REGIONE":"Lombardia","CODLINEACOMM":"K060","LINEACOMM":"PAVIA - CASALPUSTERLENGO","DOIT":"MI","SERVIZIO_MERCI":"1","SERVIZIO_VIAGGIATORI":"SI","CAP_REG":"0","CAP_P":"0","DIRAMAZ":"0","CAUSA_CHIUSURA":null}},{"type":"Feature","id":851,"geometry":{"type":"Point","coordinates":[9.65366,45.18256]},"properties":{"OBJECTID":851,"CODIMP":"13900","NOME":"CASALPUSTERLENGO","IMPIANTO":"S","COMUNE":"Casalpusterlengo","PROVINCIA":"Lodi","REGIONE":"Lombardia","CODLINEACOMM":"J041","LINEACOMM":"[MILANO] MILANO ROGOREDO - LAVINO [BOLOGNA]","DOIT":"MI","SERVIZIO_MERCI":"1","SERVIZIO_VIAGGIATORI":"SI","CAP_REG":"0","CAP_P":"0","DIRAMAZ":"1","CAUSA_CHIUSURA":null}},{"type":"Feature","id":852,"geometry":{"type":"Point","coordinates":[10.23951,45.45143]},"properties":{"OBJECTID":852,"CODIMP":"19800","NOME":"MONTIRONE","IMPIANTO":"S","COMUNE":"Montirone","PROVINCIA":"Brescia","REGIONE":"Lombardia","CODLINEACOMM":"K065","LINEACOMM":"S.ZENO FOLZANO - PIADENA","DOIT":"MI","SERVIZIO_MERCI":"1","SERVIZIO_VIAGGIATORI":"SI","CAP_REG":"0","CAP_P":"0","DIRAMAZ":"0","CAUSA_CHIUSURA":null}},{"type":"Feature","id":853,"geometry":{"type":"Point","coordinates":[10.28054,45.40952]},"properties":{"OBJECTID":853,"CODIMP":"19840","NOME":"GHEDI","IMPIANTO":"S","COMUNE":"Ghedi","PROVINCIA":"Brescia","REGIONE":"Lombardia","CODLINEACOMM":"K065","LINEACOMM":"S.ZENO FOLZANO - PIADENA","DOIT":"MI","SERVIZIO_MERCI":"1","SERVIZIO_VIAGGIATORI":"SI","CAP_REG":"0","CAP_P":"0","DIRAMAZ":"0","CAUSA_CHIUSURA":null}},{"type":"Feature","id":854,"geometry":{"type":"Point","coordinates":[10.21171,45.49164]},"properties":{"OBJECTID":854,"CODIMP":"19580","NOME":"S.ZENO FOLZANO","IMPIANTO":"S","COMUNE":"San Zeno Naviglio","PROVINCIA":"Brescia","REGIONE":"Lombardia","CODLINEACOMM":"K052","LINEACOMM":"S.ZENO FOLZANO - OLMENETA","DOIT":"MI","SERVIZIO_MERCI":"1","SERVIZIO_VIAGGIATORI":"SI","CAP_REG":"0","CAP_P":"0","DIRAMAZ":"1","CAUSA_CHIUSURA":null}},{"type":"Feature","id":855,"geometry":{"type":"Point","coordinates":[10.33182,45.37373]},"properties":{"OBJECTID":855,"CODIMP":"19880","NOME":"VIADANA BRESCIANA","IMPIANTO":"S","COMUNE":"Calvisano","PROVINCIA":"Brescia","REGIONE":"Lombardia","CODLINEACOMM":"K065","LINEACOMM":"S.ZENO FOLZANO - PIADENA","DOIT":"MI","SERVIZIO_MERCI":"0","SERVIZIO_VIAGGIATORI":"SI","CAP_REG":"0","CAP_P":"0","DIRAMAZ":"0","CAUSA_CHIUSURA":null}},{"type":"Feature","id":856,"geometry":{"type":"Point","coordinates":[10.34944,45.34665]},"properties":{"OBJECTID":856,"CODIMP":"19883","NOME":"CALVISANO","IMPIANTO":"F","COMUNE":"Calvisano","PROVINCIA":"Brescia","REGIONE":"Lombardia","CODLINEACOMM":"K065","LINEACOMM":"S.ZENO FOLZANO - PIADENA","DOIT":"MI","SERVIZIO_MERCI":"0","SERVIZIO_VIAGGIATORI":"SI","CAP_REG":"0","CAP_P":"0","DIRAMAZ":"0","CAUSA_CHIUSURA":null}},{"type":"Feature","id":857,"geometry":{"type":"Point","coordinates":[11.30474,45.18911]},"properties":{"OBJECTID":857,"CODIMP":"24200","NOME":"LEGNAGO","IMPIANTO":"S","COMUNE":"Legnago","PROVINCIA":"Verona","REGIONE":"Veneto","CODLINEACOMM":"K075","LINEACOMM":"CEREA - LEGNAGO","DOIT":"VR","SERVIZIO_MERCI":"0","SERVIZIO_VIAGGIATORI":"SI","CAP_REG":"0","CAP_P":"0","DIRAMAZ":"1","CAUSA_CHIUSURA":null}},{"type":"Feature","id":858,"geometry":{"type":"Point","coordinates":[11.12388,45.25453]},"properties":{"OBJECTID":858,"CODIMP":"26720","NOME":"BOVOLONE","IMPIANTO":"S","COMUNE":"Bovolone","PROVINCIA":"Verona","REGIONE":"Veneto","CODLINEACOMM":"K212","LINEACOMM":"ISOLA DELLA SCALA - CEREA","DOIT":"VR","SERVIZIO_MERCI":"0","SERVIZIO_VIAGGIATORI":"SI","CAP_REG":"0","CAP_P":"0","DIRAMAZ":"0","CAUSA_CHIUSURA":null}},{"type":"Feature","id":859,"geometry":{"type":"Point","coordinates":[10.91485,45.39247]},"properties":{"OBJECTID":859,"CODIMP":"25480","NOME":"DOSSOBUONO","IMPIANTO":"S","COMUNE":"Villafranca Di Verona","PROVINCIA":"Verona","REGIONE":"Veneto","CODLINEACOMM":"K070","LINEACOMM":"VERONA - MANTOVA","DOIT":"VR","SERVIZIO_MERCI":"0","SERVIZIO_VIAGGIATORI":"SI","CAP_REG":"0","CAP_P":"0","DIRAMAZ":"0","CAUSA_CHIUSURA":null}},{"type":"Feature","id":860,"geometry":{"type":"Point","coordinates":[10.84904,45.34988]},"properties":{"OBJECTID":860,"CODIMP":"25520","NOME":"VILLAFRANCA DI VERONA","IMPIANTO":"S","COMUNE":"Villafranca Di Verona","PROVINCIA":"Verona","REGIONE":"Veneto","CODLINEACOMM":"K070","LINEACOMM":"VERONA - MANTOVA","DOIT":"VR","SERVIZIO_MERCI":"0","SERVIZIO_VIAGGIATORI":"SI","CAP_REG":"0","CAP_P":"0","DIRAMAZ":"0","CAUSA_CHIUSURA":null}},{"type":"Feature","id":861,"geometry":{"type":"Point","coordinates":[10.82368,45.30677]},"properties":{"OBJECTID":861,"CODIMP":"25560","NOME":"MOZZECANE","IMPIANTO":"S","COMUNE":"Mozzecane","PROVINCIA":"Verona","REGIONE":"Veneto","CODLINEACOMM":"K070","LINEACOMM":"VERONA - MANTOVA","DOIT":"VR","SERVIZIO_MERCI":"1","SERVIZIO_VIAGGIATORI":"SI","CAP_REG":"0","CAP_P":"0","DIRAMAZ":"0","CAUSA_CHIUSURA":null}},{"type":"Feature","id":862,"geometry":{"type":"Point","coordinates":[10.78583,45.18753]},"properties":{"OBJECTID":862,"CODIMP":"25640","NOME":"S.ANTONIO MANTOVANO","IMPIANTO":"S","COMUNE":"Porto Mantovano","PROVINCIA":"Mantova","REGIONE":"Lombardia","CODLINEACOMM":"K070","LINEACOMM":"VERONA - MANTOVA","DOIT":"VR","SERVIZIO_MERCI":"0","SERVIZIO_VIAGGIATORI":"SI","CAP_REG":"0","CAP_P":"0","DIRAMAZ":"0","CAUSA_CHIUSURA":null}},{"type":"Feature","id":863,"geometry":{"type":"Point","coordinates":[10.78319,45.15883]},"properties":{"OBJECTID":863,"CODIMP":"25680","NOME":"MANTOVA","IMPIANTO":"S","COMUNE":"Mantova","PROVINCIA":"Mantova","REGIONE":"Lombardia","CODLINEACOMM":"K063","LINEACOMM":"PIADENA - MANTOVA","DOIT":"VR","SERVIZIO_MERCI":"0","SERVIZIO_VIAGGIATORI":"SI","CAP_REG":"0","CAP_P":"1","DIRAMAZ":"1","CAUSA_CHIUSURA":null}},{"type":"Feature","id":864,"geometry":{"type":"Point","coordinates":[10.79682,45.25272]},"properties":{"OBJECTID":864,"CODIMP":"25600","NOME":"ROVERBELLA","IMPIANTO":"S","COMUNE":"Roverbella","PROVINCIA":"Mantova","REGIONE":"Lombardia","CODLINEACOMM":"K070","LINEACOMM":"VERONA - MANTOVA","DOIT":"VR","SERVIZIO_MERCI":"0","SERVIZIO_VIAGGIATORI":"SI","CAP_REG":"0","CAP_P":"0","DIRAMAZ":"0","CAUSA_CHIUSURA":null}},{"type":"Feature","id":865,"geometry":{"type":"Point","coordinates":[11.01334,45.26955]},"properties":{"OBJECTID":865,"CODIMP":"23715","NOME":"ISOLA DELLA SCALA","IMPIANTO":"S","COMUNE":"Isola Della Scala","PROVINCIA":"Verona","REGIONE":"Veneto","CODLINEACOMM":"J029","LINEACOMM":"VERONA - TAVERNELLE [BOLOGNA]","DOIT":"VR","SERVIZIO_MERCI":"0","SERVIZIO_VIAGGIATORI":"SI","CAP_REG":"0","CAP_P":"0","DIRAMAZ":"1","CAUSA_CHIUSURA":null}},{"type":"Feature","id":866,"geometry":{"type":"Point","coordinates":[11.54612,45.63507]},"properties":{"OBJECTID":866,"CODIMP":"26820","NOME":"DUEVILLE","IMPIANTO":"S","COMUNE":"Dueville","PROVINCIA":"Vicenza","REGIONE":"Veneto","CODLINEACOMM":"K069","LINEACOMM":"VICENZA - SCHIO","DOIT":"VR","SERVIZIO_MERCI":"0","SERVIZIO_VIAGGIATORI":"SI","CAP_REG":"0","CAP_P":"0","DIRAMAZ":"0","CAUSA_CHIUSURA":null}},{"type":"Feature","id":867,"geometry":{"type":"Point","coordinates":[11.56984,45.59616]},"properties":{"OBJECTID":867,"CODIMP":"26780","NOME":"CAVAZZALE","IMPIANTO":"S","COMUNE":"Monticello Conte Otto","PROVINCIA":"Vicenza","REGIONE":"Veneto","CODLINEACOMM":"K069","LINEACOMM":"VICENZA - SCHIO","DOIT":"VR","SERVIZIO_MERCI":"0","SERVIZIO_VIAGGIATORI":"SI","CAP_REG":"0","CAP_P":"0","DIRAMAZ":"0","CAUSA_CHIUSURA":null}},{"type":"Feature","id":868,"geometry":{"type":"Point","coordinates":[11.47542,45.70077]},"properties":{"OBJECTID":868,"CODIMP":"26860","NOME":"THIENE","IMPIANTO":"S","COMUNE":"Thiene","PROVINCIA":"Vicenza","REGIONE":"Veneto","CODLINEACOMM":"K069","LINEACOMM":"VICENZA - SCHIO","DOIT":"VR","SERVIZIO_MERCI":"0","SERVIZIO_VIAGGIATORI":"SI","CAP_REG":"0","CAP_P":"0","DIRAMAZ":"0","CAUSA_CHIUSURA":null}},{"type":"Feature","id":869,"geometry":{"type":"Point","coordinates":[11.52429,45.65707]},"properties":{"OBJECTID":869,"CODIMP":"26825","NOME":"VILLAVERLA-MONTECCHIO","IMPIANTO":"F","COMUNE":"Montecchio Precalcino","PROVINCIA":"Vicenza","REGIONE":"Veneto","CODLINEACOMM":"K069","LINEACOMM":"VICENZA - SCHIO","DOIT":"VR","SERVIZIO_MERCI":"0","SERVIZIO_VIAGGIATORI":"SI","CAP_REG":"0","CAP_P":"0","DIRAMAZ":"0","CAUSA_CHIUSURA":null}},{"type":"Feature","id":870,"geometry":{"type":"Point","coordinates":[11.35553,45.71093]},"properties":{"OBJECTID":870,"CODIMP":"26900","NOME":"SCHIO","IMPIANTO":"S","COMUNE":"Schio","PROVINCIA":"Vicenza","REGIONE":"Veneto","CODLINEACOMM":"K069","LINEACOMM":"VICENZA - SCHIO","DOIT":"VR","SERVIZIO_MERCI":"0","SERVIZIO_VIAGGIATORI":"SI","CAP_REG":"0","CAP_P":"0","DIRAMAZ":"0","CAUSA_CHIUSURA":null}},{"type":"Feature","id":871,"geometry":{"type":"Point","coordinates":[11.42462,45.70694]},"properties":{"OBJECTID":871,"CODIMP":"26865","NOME":"MARANO VICENTINO","IMPIANTO":"F","COMUNE":"Marano Vicentino","PROVINCIA":"Vicenza","REGIONE":"Veneto","CODLINEACOMM":"K069","LINEACOMM":"VICENZA - SCHIO","DOIT":"VR","SERVIZIO_MERCI":"0","SERVIZIO_VIAGGIATORI":"SI","CAP_REG":"0","CAP_P":"0","DIRAMAZ":"0","CAUSA_CHIUSURA":null}},{"type":"Feature","id":872,"geometry":{"type":"Point","coordinates":[11.39866,45.23022]},"properties":{"OBJECTID":872,"CODIMP":"24240","NOME":"BEVILACQUA","IMPIANTO":"S","COMUNE":"Bevilacqua","PROVINCIA":"Verona","REGIONE":"Veneto","CODLINEACOMM":"K213","LINEACOMM":"LEGNAGO - MONSELICE","DOIT":"VR","SERVIZIO_MERCI":"0","SERVIZIO_VIAGGIATORI":"SI","CAP_REG":"0","CAP_P":"0","DIRAMAZ":"0","CAUSA_CHIUSURA":null}},{"type":"Feature","id":873,"geometry":{"type":"Point","coordinates":[11.36232,45.2174]},"properties":{"OBJECTID":873,"CODIMP":"24205","NOME":"BOSCHI S.ANNA","IMPIANTO":"F","COMUNE":"Boschi Sant'anna","PROVINCIA":"Verona","REGIONE":"Veneto","CODLINEACOMM":"K213","LINEACOMM":"LEGNAGO - MONSELICE","DOIT":"VR","SERVIZIO_MERCI":"0","SERVIZIO_VIAGGIATORI":"SI","CAP_REG":"0","CAP_P":"0","DIRAMAZ":"0","CAUSA_CHIUSURA":null}},{"type":"Feature","id":874,"geometry":{"type":"Point","coordinates":[11.45989,45.22832]},"properties":{"OBJECTID":874,"CODIMP":"24280","NOME":"MONTAGNANA","IMPIANTO":"S","COMUNE":"Montagnana","PROVINCIA":"Padova","REGIONE":"Veneto","CODLINEACOMM":"K213","LINEACOMM":"LEGNAGO - MONSELICE","DOIT":"VR","SERVIZIO_MERCI":"0","SERVIZIO_VIAGGIATORI":"SI","CAP_REG":"0","CAP_P":"0","DIRAMAZ":"0","CAUSA_CHIUSURA":null}},{"type":"Feature","id":875,"geometry":{"type":"Point","coordinates":[11.53511,45.22282]},"properties":{"OBJECTID":875,"CODIMP":"24320","NOME":"SALETTO","IMPIANTO":"S","COMUNE":"Saletto","PROVINCIA":"Padova","REGIONE":"Veneto","CODLINEACOMM":"K213","LINEACOMM":"LEGNAGO - MONSELICE","DOIT":"VR","SERVIZIO_MERCI":"0","SERVIZIO_VIAGGIATORI":"SI","CAP_REG":"0","CAP_P":"0","DIRAMAZ":"0","CAUSA_CHIUSURA":null}},{"type":"Feature","id":876,"geometry":{"type":"Point","coordinates":[11.60657,45.22179]},"properties":{"OBJECTID":876,"CODIMP":"24360","NOME":"OSPEDALETTO EUGANEO","IMPIANTO":"S","COMUNE":"Ospedaletto Euganeo","PROVINCIA":"Padova","REGIONE":"Veneto","CODLINEACOMM":"K213","LINEACOMM":"LEGNAGO - MONSELICE","DOIT":"VR","SERVIZIO_MERCI":"0","SERVIZIO_VIAGGIATORI":"SI","CAP_REG":"0","CAP_P":"0","DIRAMAZ":"0","CAUSA_CHIUSURA":null}},{"type":"Feature","id":877,"geometry":{"type":"Point","coordinates":[11.7479,45.2462]},"properties":{"OBJECTID":877,"CODIMP":"41120","NOME":"MONSELICE","IMPIANTO":"S","COMUNE":"Monselice","PROVINCIA":"Padova","REGIONE":"Veneto","CODLINEACOMM":"J031","LINEACOMM":"PADOVA - S.PIETRO IN CASALE [BOLOGNA]","DOIT":"VE","SERVIZIO_MERCI":"0","SERVIZIO_VIAGGIATORI":"SI","CAP_REG":"0","CAP_P":"0","DIRAMAZ":"1","CAUSA_CHIUSURA":null}},{"type":"Feature","id":878,"geometry":{"type":"Point","coordinates":[11.66294,45.22103]},"properties":{"OBJECTID":878,"CODIMP":"24400","NOME":"ESTE","IMPIANTO":"S","COMUNE":"Este","PROVINCIA":"Padova","REGIONE":"Veneto","CODLINEACOMM":"K213","LINEACOMM":"LEGNAGO - MONSELICE","DOIT":"VR","SERVIZIO_MERCI":"0","SERVIZIO_VIAGGIATORI":"SI","CAP_REG":"0","CAP_P":"0","DIRAMAZ":"0","CAUSA_CHIUSURA":null}},{"type":"Feature","id":881,"geometry":{"type":"Point","coordinates":[11.14263,46.06577]},"properties":{"OBJECTID":881,"CODIMP":"25103","NOME":"POVO-MESIANO","IMPIANTO":"F","COMUNE":"Trento","PROVINCIA":"Trento","REGIONE":"Trentino-Alto Adige","CODLINEACOMM":"K232","LINEACOMM":"TRENTO - PRIMOLANO","DOIT":"VR","SERVIZIO_MERCI":"0","SERVIZIO_VIAGGIATORI":"SI","CAP_REG":"0","CAP_P":"0","DIRAMAZ":"0","CAUSA_CHIUSURA":null}},{"type":"Feature","id":882,"geometry":{"type":"Point","coordinates":[11.13908,46.04599]},"properties":{"OBJECTID":882,"CODIMP":"25100","NOME":"VILLAZZANO","IMPIANTO":"S","COMUNE":"Trento","PROVINCIA":"Trento","REGIONE":"Trentino-Alto Adige","CODLINEACOMM":"K232","LINEACOMM":"TRENTO - PRIMOLANO","DOIT":"VR","SERVIZIO_MERCI":"0","SERVIZIO_VIAGGIATORI":"SI","CAP_REG":"0","CAP_P":"0","DIRAMAZ":"0","CAUSA_CHIUSURA":null}},{"type":"Feature","id":883,"geometry":{"type":"Point","coordinates":[11.23265,46.06256]},"properties":{"OBJECTID":883,"CODIMP":"25140","NOME":"PERGINE","IMPIANTO":"S","COMUNE":"Pergine Valsugana","PROVINCIA":"Trento","REGIONE":"Trentino-Alto Adige","CODLINEACOMM":"K232","LINEACOMM":"TRENTO - PRIMOLANO","DOIT":"VR","SERVIZIO_MERCI":"0","SERVIZIO_VIAGGIATORI":"SI","CAP_REG":"0","CAP_P":"0","DIRAMAZ":"0","CAUSA_CHIUSURA":null}},{"type":"Feature","id":885,"geometry":{"type":"Point","coordinates":[8.94946,44.61463]},"properties":{"OBJECTID":885,"CODIMP":"34080","NOME":"RONCO SCRIVIA","IMPIANTO":"S","COMUNE":"Ronco Scrivia","PROVINCIA":"Genova","REGIONE":"Liguria","CODLINEACOMM":"J019","LINEACOMM":"ARQUATA - MIGNANEGO / GENOVA RIVAROLO / GENOVA CAMPASSO [GENOVA] (compresa via Isola del Cantone)","DOIT":"GE","SERVIZIO_MERCI":"0","SERVIZIO_VIAGGIATORI":"SI","CAP_REG":"0","CAP_P":"0","DIRAMAZ":"1","CAUSA_CHIUSURA":null}},{"type":"Feature","id":886,"geometry":{"type":"Point","coordinates":[8.91923,44.531]},"properties":{"OBJECTID":886,"CODIMP":"34145","NOME":"PIANO ORIZZONTALE DEI GIOVI","IMPIANTO":"F","COMUNE":"Serra Riccò","PROVINCIA":"Genova","REGIONE":"Liguria","CODLINEACOMM":"J019","LINEACOMM":"ARQUATA - MIGNANEGO / GENOVA RIVAROLO / GENOVA CAMPASSO [GENOVA] (compresa via Isola del Cantone)","DOIT":"GE","SERVIZIO_MERCI":"0","SERVIZIO_VIAGGIATORI":"SI","CAP_REG":"0","CAP_P":"0","DIRAMAZ":"0","CAUSA_CHIUSURA":null}},{"type":"Feature","id":887,"geometry":{"type":"Point","coordinates":[8.90568,44.49428]},"properties":{"OBJECTID":887,"CODIMP":"34180","NOME":"GENOVA PONTEDECIMO","IMPIANTO":"S","COMUNE":"Genova","PROVINCIA":"Genova","REGIONE":"Liguria","CODLINEACOMM":"J019","LINEACOMM":"ARQUATA - MIGNANEGO / GENOVA RIVAROLO / GENOVA CAMPASSO [GENOVA] (compresa via Isola del Cantone)","DOIT":"GE","SERVIZIO_MERCI":"0","SERVIZIO_VIAGGIATORI":"SI","CAP_REG":"0","CAP_P":"0","DIRAMAZ":"0","CAUSA_CHIUSURA":null}},{"type":"Feature","id":888,"geometry":{"type":"Point","coordinates":[8.94364,44.57567]},"properties":{"OBJECTID":888,"CODIMP":"34140","NOME":"BUSALLA","IMPIANTO":"S","COMUNE":"Busalla","PROVINCIA":"Genova","REGIONE":"Liguria","CODLINEACOMM":"J019","LINEACOMM":"ARQUATA - MIGNANEGO / GENOVA RIVAROLO / GENOVA CAMPASSO [GENOVA] (compresa via Isola del Cantone)","DOIT":"GE","SERVIZIO_MERCI":"0","SERVIZIO_VIAGGIATORI":"SI","CAP_REG":"0","CAP_P":"0","DIRAMAZ":"0","CAUSA_CHIUSURA":null}},{"type":"Feature","id":889,"geometry":{"type":"Point","coordinates":[8.93833,44.58846]},"properties":{"OBJECTID":889,"CODIMP":"34100","NOME":"BORGO FORNARI PER VOLTAGGIO","IMPIANTO":"F","COMUNE":"Ronco Scrivia","PROVINCIA":"Genova","REGIONE":"Liguria","CODLINEACOMM":"J019","LINEACOMM":"ARQUATA - MIGNANEGO / GENOVA RIVAROLO / GENOVA CAMPASSO [GENOVA] (compresa via Isola del Cantone)","DOIT":"GE","SERVIZIO_MERCI":"0","SERVIZIO_VIAGGIATORI":"SI","CAP_REG":"0","CAP_P":"0","DIRAMAZ":"0","CAUSA_CHIUSURA":null}},{"type":"Feature","id":891,"geometry":{"type":"Point","coordinates":[8.89109,44.43604]},"properties":{"OBJECTID":891,"CODIMP":"34260","NOME":"GENOVA RIVAROLO","IMPIANTO":"S","COMUNE":"Genova","PROVINCIA":"Genova","REGIONE":"Liguria","CODLINEACOMM":"R004","LINEACOMM":"NODO DI GENOVA","DOIT":"GE","SERVIZIO_MERCI":"0","SERVIZIO_VIAGGIATORI":"SI","CAP_REG":"0","CAP_P":"0","DIRAMAZ":"0","CAUSA_CHIUSURA":null}},{"type":"Feature","id":893,"geometry":{"type":"Point","coordinates":[8.78733,44.76261]},"properties":{"OBJECTID":893,"CODIMP":"33920","NOME":"NOVI LIGURE","IMPIANTO":"S","COMUNE":"Novi Ligure","PROVINCIA":"Alessandria","REGIONE":"Piemonte","CODLINEACOMM":"J003","LINEACOMM":"[TORINO] TROFARELLO - ARQUATA","DOIT":"GE","SERVIZIO_MERCI":"0","SERVIZIO_VIAGGIATORI":"SI","CAP_REG":"0","CAP_P":"0","DIRAMAZ":"1","CAUSA_CHIUSURA":null}},{"type":"Feature","id":894,"geometry":{"type":"Point","coordinates":[8.85859,44.72401]},"properties":{"OBJECTID":894,"CODIMP":"33960","NOME":"SERRAVALLE SCRIVIA","IMPIANTO":"F","COMUNE":"Serravalle Scrivia","PROVINCIA":"Alessandria","REGIONE":"Piemonte","CODLINEACOMM":"J003","LINEACOMM":"[TORINO] TROFARELLO - ARQUATA","DOIT":"GE","SERVIZIO_MERCI":"0","SERVIZIO_VIAGGIATORI":"SI","CAP_REG":"0","CAP_P":"0","DIRAMAZ":"0","CAUSA_CHIUSURA":null}},{"type":"Feature","id":895,"geometry":{"type":"Point","coordinates":[11.0706,45.18002]},"properties":{"OBJECTID":895,"CODIMP":"23725","NOME":"NOGARA","IMPIANTO":"S","COMUNE":"Nogara","PROVINCIA":"Verona","REGIONE":"Veneto","CODLINEACOMM":"J029","LINEACOMM":"VERONA - TAVERNELLE [BOLOGNA]","DOIT":"VR","SERVIZIO_MERCI":"0","SERVIZIO_VIAGGIATORI":"SI","CAP_REG":"0","CAP_P":"0","DIRAMAZ":"1","CAUSA_CHIUSURA":null}},{"type":"Feature","id":896,"geometry":{"type":"Point","coordinates":[8.4358,44.34616]},"properties":{"OBJECTID":896,"CODIMP":"37360","NOME":"SANTUARIO","IMPIANTO":"S","COMUNE":"Savona","PROVINCIA":"Savona","REGIONE":"Liguria","CODLINEACOMM":"K097","LINEACOMM":"FERRANIA - SAVONA","DOIT":"GE","SERVIZIO_MERCI":"0","SERVIZIO_VIAGGIATORI":"SI","CAP_REG":"0","CAP_P":"0","DIRAMAZ":"0","CAUSA_CHIUSURA":null}},{"type":"Feature","id":897,"geometry":{"type":"Point","coordinates":[8.47029,44.30698]},"properties":{"OBJECTID":897,"CODIMP":"35640","NOME":"SAVONA","IMPIANTO":"S","COMUNE":"Savona","PROVINCIA":"Savona","REGIONE":"Liguria","CODLINEACOMM":"J007","LINEACOMM":"SAVONA - GENOVA VOLTRI [GENOVA]","DOIT":"GE","SERVIZIO_MERCI":"0","SERVIZIO_VIAGGIATORI":"SI","CAP_REG":"0","CAP_P":"1","DIRAMAZ":"1","CAUSA_CHIUSURA":null}},{"type":"Feature","id":898,"geometry":{"type":"Point","coordinates":[8.28867,44.37019]},"properties":{"OBJECTID":898,"CODIMP":"37280","NOME":"S.GIUSEPPE DI CAIRO","IMPIANTO":"S","COMUNE":"Cairo Montenotte","PROVINCIA":"Savona","REGIONE":"Liguria","CODLINEACOMM":"K014","LINEACOMM":"CEVA - S.GIUSEPPE DI C.","DOIT":"GE","SERVIZIO_MERCI":"1","SERVIZIO_VIAGGIATORI":"SI","CAP_REG":"0","CAP_P":"0","DIRAMAZ":"1","CAUSA_CHIUSURA":null}},{"type":"Feature","id":899,"geometry":{"type":"Point","coordinates":[8.33279,44.33625]},"properties":{"OBJECTID":899,"CODIMP":"37200","NOME":"ALTARE","IMPIANTO":"S","COMUNE":"Altare","PROVINCIA":"Savona","REGIONE":"Liguria","CODLINEACOMM":"K093","LINEACOMM":"S.GIUSEPPE DI C. - SAVONA (via Altare)","DOIT":"GE","SERVIZIO_MERCI":"0","SERVIZIO_VIAGGIATORI":"SI","CAP_REG":"0","CAP_P":"0","DIRAMAZ":"0","CAUSA_CHIUSURA":null}},{"type":"Feature","id":902,"geometry":{"type":"Point","coordinates":[9.03991,44.38116]},"properties":{"OBJECTID":902,"CODIMP":"36100","NOME":"GENOVA NERVI","IMPIANTO":"S","COMUNE":"Genova","PROVINCIA":"Genova","REGIONE":"Liguria","CODLINEACOMM":"R004","LINEACOMM":"NODO DI GENOVA","DOIT":"GE","SERVIZIO_MERCI":"0","SERVIZIO_VIAGGIATORI":"SI","CAP_REG":"0","CAP_P":"0","DIRAMAZ":"0","CAUSA_CHIUSURA":null}},{"type":"Feature","id":903,"geometry":{"type":"Point","coordinates":[9.06607,44.37913]},"properties":{"OBJECTID":903,"CODIMP":"36110","NOME":"BOGLIASCO","IMPIANTO":"F","COMUNE":"Bogliasco","PROVINCIA":"Genova","REGIONE":"Liguria","CODLINEACOMM":"J045","LINEACOMM":"[GENOVA] GENOVA NERVI - PISA","DOIT":"GE","SERVIZIO_MERCI":"0","SERVIZIO_VIAGGIATORI":"SI","CAP_REG":"0","CAP_P":"0","DIRAMAZ":"0","CAUSA_CHIUSURA":null}},{"type":"Feature","id":904,"geometry":{"type":"Point","coordinates":[8.99585,44.38855]},"properties":{"OBJECTID":904,"CODIMP":"36060","NOME":"GENOVA QUARTO DEI MILLE","IMPIANTO":"S","COMUNE":"Genova","PROVINCIA":"Genova","REGIONE":"Liguria","CODLINEACOMM":"R004","LINEACOMM":"NODO DI GENOVA","DOIT":"GE","SERVIZIO_MERCI":"0","SERVIZIO_VIAGGIATORI":"SI","CAP_REG":"0","CAP_P":"0","DIRAMAZ":"0","CAUSA_CHIUSURA":null}},{"type":"Feature","id":905,"geometry":{"type":"Point","coordinates":[9.02045,44.38511]},"properties":{"OBJECTID":905,"CODIMP":"36070","NOME":"GENOVA QUINTO AL MARE","IMPIANTO":"F","COMUNE":"Genova","PROVINCIA":"Genova","REGIONE":"Liguria","CODLINEACOMM":"R004","LINEACOMM":"NODO DI GENOVA","DOIT":"GE","SERVIZIO_MERCI":"0","SERVIZIO_VIAGGIATORI":"SI","CAP_REG":"0","CAP_P":"0","DIRAMAZ":"0","CAUSA_CHIUSURA":null}},{"type":"Feature","id":906,"geometry":{"type":"Point","coordinates":[9.39768,44.27635]},"properties":{"OBJECTID":906,"CODIMP":"36420","NOME":"SESTRI LEVANTE","IMPIANTO":"S","COMUNE":"Sestri Levante","PROVINCIA":"Genova","REGIONE":"Liguria","CODLINEACOMM":"J045","LINEACOMM":"[GENOVA] GENOVA NERVI - PISA","DOIT":"GE","SERVIZIO_MERCI":"0","SERVIZIO_VIAGGIATORI":"SI","CAP_REG":"0","CAP_P":"0","DIRAMAZ":"0","CAUSA_CHIUSURA":null}},{"type":"Feature","id":907,"geometry":{"type":"Point","coordinates":[9.42931,44.264]},"properties":{"OBJECTID":907,"CODIMP":"36460","NOME":"RIVA TRIGOSO","IMPIANTO":"S","COMUNE":"Sestri Levante","PROVINCIA":"Genova","REGIONE":"Liguria","CODLINEACOMM":"J045","LINEACOMM":"[GENOVA] GENOVA NERVI - PISA","DOIT":"GE","SERVIZIO_MERCI":"0","SERVIZIO_VIAGGIATORI":"SI","CAP_REG":"0","CAP_P":"0","DIRAMAZ":"0","CAUSA_CHIUSURA":null}},{"type":"Feature","id":908,"geometry":{"type":"Point","coordinates":[9.72743,44.11]},"properties":{"OBJECTID":908,"CODIMP":"36705","NOME":"MANAROLA","IMPIANTO":"F","COMUNE":"Riomaggiore","PROVINCIA":"La Spezia","REGIONE":"Liguria","CODLINEACOMM":"J045","LINEACOMM":"[GENOVA] GENOVA NERVI - PISA","DOIT":"GE","SERVIZIO_MERCI":"0","SERVIZIO_VIAGGIATORI":"SI","CAP_REG":"0","CAP_P":"0","DIRAMAZ":"0","CAUSA_CHIUSURA":null}},{"type":"Feature","id":909,"geometry":{"type":"Point","coordinates":[9.72914,44.10529]},"properties":{"OBJECTID":909,"CODIMP":"36740","NOME":"RIOMAGGIORE","IMPIANTO":"F","COMUNE":"Riomaggiore","PROVINCIA":"La Spezia","REGIONE":"Liguria","CODLINEACOMM":"J045","LINEACOMM":"[GENOVA] GENOVA NERVI - PISA","DOIT":"GE","SERVIZIO_MERCI":"0","SERVIZIO_VIAGGIATORI":"SI","CAP_REG":"0","CAP_P":"0","DIRAMAZ":"0","CAUSA_CHIUSURA":null}},{"type":"Feature","id":910,"geometry":{"type":"Point","coordinates":[9.48698,44.24254]},"properties":{"OBJECTID":910,"CODIMP":"36500","NOME":"MONEGLIA","IMPIANTO":"F","COMUNE":"Moneglia","PROVINCIA":"Genova","REGIONE":"Liguria","CODLINEACOMM":"J045","LINEACOMM":"[GENOVA] GENOVA NERVI - PISA","DOIT":"GE","SERVIZIO_MERCI":"0","SERVIZIO_VIAGGIATORI":"SI","CAP_REG":"0","CAP_P":"0","DIRAMAZ":"0","CAUSA_CHIUSURA":null}},{"type":"Feature","id":911,"geometry":{"type":"Point","coordinates":[9.5552,44.202]},"properties":{"OBJECTID":911,"CODIMP":"36580","NOME":"FRAMURA","IMPIANTO":"S","COMUNE":"Framura","PROVINCIA":"La Spezia","REGIONE":"Liguria","CODLINEACOMM":"J045","LINEACOMM":"[GENOVA] GENOVA NERVI - PISA","DOIT":"GE","SERVIZIO_MERCI":"0","SERVIZIO_VIAGGIATORI":"SI","CAP_REG":"0","CAP_P":"0","DIRAMAZ":"0","CAUSA_CHIUSURA":null}},{"type":"Feature","id":912,"geometry":{"type":"Point","coordinates":[9.58271,44.18496]},"properties":{"OBJECTID":912,"CODIMP":"36585","NOME":"BONASSOLA","IMPIANTO":"F","COMUNE":"Bonassola","PROVINCIA":"La Spezia","REGIONE":"Liguria","CODLINEACOMM":"J045","LINEACOMM":"[GENOVA] GENOVA NERVI - PISA","DOIT":"GE","SERVIZIO_MERCI":"0","SERVIZIO_VIAGGIATORI":"SI","CAP_REG":"0","CAP_P":"0","DIRAMAZ":"0","CAUSA_CHIUSURA":null}},{"type":"Feature","id":913,"geometry":{"type":"Point","coordinates":[9.51905,44.21739]},"properties":{"OBJECTID":913,"CODIMP":"36540","NOME":"DEIVA MARINA","IMPIANTO":"S","COMUNE":"Deiva Marina","PROVINCIA":"La Spezia","REGIONE":"Liguria","CODLINEACOMM":"J045","LINEACOMM":"[GENOVA] GENOVA NERVI - PISA","DOIT":"GE","SERVIZIO_MERCI":"0","SERVIZIO_VIAGGIATORI":"SI","CAP_REG":"0","CAP_P":"0","DIRAMAZ":"0","CAUSA_CHIUSURA":null}},{"type":"Feature","id":914,"geometry":{"type":"Point","coordinates":[9.61604,44.17425]},"properties":{"OBJECTID":914,"CODIMP":"36620","NOME":"LEVANTO","IMPIANTO":"S","COMUNE":"Levanto","PROVINCIA":"La Spezia","REGIONE":"Liguria","CODLINEACOMM":"J045","LINEACOMM":"[GENOVA] GENOVA NERVI - PISA","DOIT":"GE","SERVIZIO_MERCI":"0","SERVIZIO_VIAGGIATORI":"SI","CAP_REG":"0","CAP_P":"0","DIRAMAZ":"0","CAUSA_CHIUSURA":null}},{"type":"Feature","id":915,"geometry":{"type":"Point","coordinates":[9.64903,44.14606]},"properties":{"OBJECTID":915,"CODIMP":"36660","NOME":"MONTEROSSO","IMPIANTO":"S","COMUNE":"Monterosso Al Mare","PROVINCIA":"La Spezia","REGIONE":"Liguria","CODLINEACOMM":"J045","LINEACOMM":"[GENOVA] GENOVA NERVI - PISA","DOIT":"GE","SERVIZIO_MERCI":"0","SERVIZIO_VIAGGIATORI":"SI","CAP_REG":"0","CAP_P":"0","DIRAMAZ":"0","CAUSA_CHIUSURA":null}},{"type":"Feature","id":916,"geometry":{"type":"Point","coordinates":[9.71108,44.12003]},"properties":{"OBJECTID":916,"CODIMP":"36700","NOME":"CORNIGLIA","IMPIANTO":"S","COMUNE":"Vernazza","PROVINCIA":"La Spezia","REGIONE":"Liguria","CODLINEACOMM":"J045","LINEACOMM":"[GENOVA] GENOVA NERVI - PISA","DOIT":"GE","SERVIZIO_MERCI":"0","SERVIZIO_VIAGGIATORI":"SI","CAP_REG":"0","CAP_P":"0","DIRAMAZ":"0","CAUSA_CHIUSURA":null}},{"type":"Feature","id":917,"geometry":{"type":"Point","coordinates":[11.26921,44.42303]},"properties":{"OBJECTID":917,"CODIMP":"43775","NOME":"PONTECCHIO MARCONI","IMPIANTO":"F","COMUNE":"Sasso Marconi","PROVINCIA":"Bologna","REGIONE":"Emilia-Romagna","CODLINEACOMM":"R005","LINEACOMM":"NODO DI BOLOGNA","DOIT":"BO","SERVIZIO_MERCI":"0","SERVIZIO_VIAGGIATORI":"SI","CAP_REG":"0","CAP_P":"0","DIRAMAZ":"0","CAUSA_CHIUSURA":null}},{"type":"Feature","id":918,"geometry":{"type":"Point","coordinates":[11.25435,44.39502]},"properties":{"OBJECTID":918,"CODIMP":"43800","NOME":"SASSO MARCONI","IMPIANTO":"S","COMUNE":"Sasso Marconi","PROVINCIA":"Bologna","REGIONE":"Emilia-Romagna","CODLINEACOMM":"R005","LINEACOMM":"NODO DI BOLOGNA","DOIT":"BO","SERVIZIO_MERCI":"0","SERVIZIO_VIAGGIATORI":"SI","CAP_REG":"0","CAP_P":"0","DIRAMAZ":"0","CAUSA_CHIUSURA":null}},{"type":"Feature","id":919,"geometry":{"type":"Point","coordinates":[9.68483,44.13505]},"properties":{"OBJECTID":919,"CODIMP":"36665","NOME":"VERNAZZA","IMPIANTO":"F","COMUNE":"Vernazza","PROVINCIA":"La Spezia","REGIONE":"Liguria","CODLINEACOMM":"J045","LINEACOMM":"[GENOVA] GENOVA NERVI - PISA","DOIT":"GE","SERVIZIO_MERCI":"0","SERVIZIO_VIAGGIATORI":"SI","CAP_REG":"0","CAP_P":"0","DIRAMAZ":"0","CAUSA_CHIUSURA":null}},{"type":"Feature","id":920,"geometry":{"type":"Point","coordinates":[11.27611,44.47438]},"properties":{"OBJECTID":920,"CODIMP":"43760","NOME":"CASALECCHIO DI RENO","IMPIANTO":"F","COMUNE":"Casalecchio Di Reno","PROVINCIA":"Bologna","REGIONE":"Emilia-Romagna","CODLINEACOMM":"R005","LINEACOMM":"NODO DI BOLOGNA","DOIT":"BO","SERVIZIO_MERCI":"0","SERVIZIO_VIAGGIATORI":"SI","CAP_REG":"0","CAP_P":"0","DIRAMAZ":"0","CAUSA_CHIUSURA":null}},{"type":"Feature","id":921,"geometry":{"type":"Point","coordinates":[11.27499,44.44335]},"properties":{"OBJECTID":921,"CODIMP":"43770","NOME":"BORGONUOVO","IMPIANTO":"F","COMUNE":"Sasso Marconi","PROVINCIA":"Bologna","REGIONE":"Emilia-Romagna","CODLINEACOMM":"R005","LINEACOMM":"NODO DI BOLOGNA","DOIT":"BO","SERVIZIO_MERCI":"0","SERVIZIO_VIAGGIATORI":"SI","CAP_REG":"0","CAP_P":"0","DIRAMAZ":"0","CAUSA_CHIUSURA":null}},{"type":"Feature","id":922,"geometry":{"type":"Point","coordinates":[11.21619,44.36358]},"properties":{"OBJECTID":922,"CODIMP":"43805","NOME":"LAMA DI RENO","IMPIANTO":"F","COMUNE":"Marzabotto","PROVINCIA":"Bologna","REGIONE":"Emilia-Romagna","CODLINEACOMM":"R005","LINEACOMM":"NODO DI BOLOGNA","DOIT":"BO","SERVIZIO_MERCI":"0","SERVIZIO_VIAGGIATORI":"SI","CAP_REG":"0","CAP_P":"0","DIRAMAZ":"0","CAUSA_CHIUSURA":null}},{"type":"Feature","id":923,"geometry":{"type":"Point","coordinates":[11.1144,44.28281]},"properties":{"OBJECTID":923,"CODIMP":"43920","NOME":"VERGATO","IMPIANTO":"S","COMUNE":"Vergato","PROVINCIA":"Bologna","REGIONE":"Emilia-Romagna","CODLINEACOMM":"R005","LINEACOMM":"NODO DI BOLOGNA","DOIT":"BO","SERVIZIO_MERCI":"0","SERVIZIO_VIAGGIATORI":"SI","CAP_REG":"0","CAP_P":"0","DIRAMAZ":"0","CAUSA_CHIUSURA":null}},{"type":"Feature","id":924,"geometry":{"type":"Point","coordinates":[11.0962,44.24696]},"properties":{"OBJECTID":924,"CODIMP":"43925","NOME":"CARBONA","IMPIANTO":"F","COMUNE":"Vergato","PROVINCIA":"Bologna","REGIONE":"Emilia-Romagna","CODLINEACOMM":"R005","LINEACOMM":"NODO DI BOLOGNA","DOIT":"BO","SERVIZIO_MERCI":"0","SERVIZIO_VIAGGIATORI":"SI","CAP_REG":"0","CAP_P":"0","DIRAMAZ":"0","CAUSA_CHIUSURA":null}},{"type":"Feature","id":925,"geometry":{"type":"Point","coordinates":[10.98065,44.17775]},"properties":{"OBJECTID":925,"CODIMP":"43965","NOME":"SILLA","IMPIANTO":"F","COMUNE":"Castel Di Casio","PROVINCIA":"Bologna","REGIONE":"Emilia-Romagna","CODLINEACOMM":"R005","LINEACOMM":"NODO DI BOLOGNA","DOIT":"BO","SERVIZIO_MERCI":"0","SERVIZIO_VIAGGIATORI":"SI","CAP_REG":"0","CAP_P":"0","DIRAMAZ":"0","CAUSA_CHIUSURA":null}},{"type":"Feature","id":926,"geometry":{"type":"Point","coordinates":[10.97806,44.15585]},"properties":{"OBJECTID":926,"CODIMP":"44000","NOME":"PORRETTA TERME","IMPIANTO":"S","COMUNE":"Porretta Terme","PROVINCIA":"Bologna","REGIONE":"Emilia-Romagna","CODLINEACOMM":"R005","LINEACOMM":"NODO DI BOLOGNA","DOIT":"BO","SERVIZIO_MERCI":"0","SERVIZIO_VIAGGIATORI":"SI","CAP_REG":"0","CAP_P":"0","DIRAMAZ":"0","CAUSA_CHIUSURA":null}},{"type":"Feature","id":927,"geometry":{"type":"Point","coordinates":[11.1618,44.31084]},"properties":{"OBJECTID":927,"CODIMP":"43880","NOME":"PIOPPE DI SALVARO","IMPIANTO":"S","COMUNE":"Grizzana Morandi","PROVINCIA":"Bologna","REGIONE":"Emilia-Romagna","CODLINEACOMM":"R005","LINEACOMM":"NODO DI BOLOGNA","DOIT":"BO","SERVIZIO_MERCI":"0","SERVIZIO_VIAGGIATORI":"SI","CAP_REG":"0","CAP_P":"0","DIRAMAZ":"0","CAUSA_CHIUSURA":null}},{"type":"Feature","id":928,"geometry":{"type":"Point","coordinates":[11.05361,44.22994]},"properties":{"OBJECTID":928,"CODIMP":"43960","NOME":"RIOLA","IMPIANTO":"S","COMUNE":"Vergato","PROVINCIA":"Bologna","REGIONE":"Emilia-Romagna","CODLINEACOMM":"R005","LINEACOMM":"NODO DI BOLOGNA","DOIT":"BO","SERVIZIO_MERCI":"0","SERVIZIO_VIAGGIATORI":"SI","CAP_REG":"0","CAP_P":"0","DIRAMAZ":"0","CAUSA_CHIUSURA":null}},{"type":"Feature","id":929,"geometry":{"type":"Point","coordinates":[11.20737,44.34133]},"properties":{"OBJECTID":929,"CODIMP":"43840","NOME":"MARZABOTTO","IMPIANTO":"S","COMUNE":"Marzabotto","PROVINCIA":"Bologna","REGIONE":"Emilia-Romagna","CODLINEACOMM":"R005","LINEACOMM":"NODO DI BOLOGNA","DOIT":"BO","SERVIZIO_MERCI":"0","SERVIZIO_VIAGGIATORI":"SI","CAP_REG":"0","CAP_P":"0","DIRAMAZ":"0","CAUSA_CHIUSURA":null}},{"type":"Feature","id":930,"geometry":{"type":"Point","coordinates":[10.90693,44.05487]},"properties":{"OBJECTID":930,"CODIMP":"44080","NOME":"PRACCHIA","IMPIANTO":"S","COMUNE":"Pistoia","PROVINCIA":"Pistoia","REGIONE":"Toscana","CODLINEACOMM":"K115","LINEACOMM":"PORRETTA TERME - PISTOIA","DOIT":"BO","SERVIZIO_MERCI":"0","SERVIZIO_VIAGGIATORI":"SI","CAP_REG":"0","CAP_P":"0","DIRAMAZ":"0","CAUSA_CHIUSURA":null}},{"type":"Feature","id":931,"geometry":{"type":"Point","coordinates":[10.91482,44.02809]},"properties":{"OBJECTID":931,"CODIMP":"44090","NOME":"S.MOMME'","IMPIANTO":"F","COMUNE":"Pistoia","PROVINCIA":"Pistoia","REGIONE":"Toscana","CODLINEACOMM":"K115","LINEACOMM":"PORRETTA TERME - PISTOIA","DOIT":"BO","SERVIZIO_MERCI":"0","SERVIZIO_VIAGGIATORI":"SI","CAP_REG":"0","CAP_P":"0","DIRAMAZ":"0","CAUSA_CHIUSURA":null}},{"type":"Feature","id":932,"geometry":{"type":"Point","coordinates":[10.99077,44.12868]},"properties":{"OBJECTID":932,"CODIMP":"44005","NOME":"PONTE DELLA VENTURINA","IMPIANTO":"F","COMUNE":"Granaglione","PROVINCIA":"Bologna","REGIONE":"Emilia-Romagna","CODLINEACOMM":"K115","LINEACOMM":"PORRETTA TERME - PISTOIA","DOIT":"BO","SERVIZIO_MERCI":"0","SERVIZIO_VIAGGIATORI":"SI","CAP_REG":"0","CAP_P":"0","DIRAMAZ":"0","CAUSA_CHIUSURA":null}},{"type":"Feature","id":933,"geometry":{"type":"Point","coordinates":[10.90132,44.00988]},"properties":{"OBJECTID":933,"CODIMP":"44160","NOME":"PITECCIO","IMPIANTO":"S","COMUNE":"Pistoia","PROVINCIA":"Pistoia","REGIONE":"Toscana","CODLINEACOMM":"K115","LINEACOMM":"PORRETTA TERME - PISTOIA","DOIT":"BO","SERVIZIO_MERCI":"0","SERVIZIO_VIAGGIATORI":"SI","CAP_REG":"0","CAP_P":"0","DIRAMAZ":"0","CAUSA_CHIUSURA":null}},{"type":"Feature","id":935,"geometry":{"type":"Point","coordinates":[10.94828,44.08645]},"properties":{"OBJECTID":935,"CODIMP":"44045","NOME":"BIAGIONI-LAGACCI","IMPIANTO":"F","COMUNE":"Granaglione","PROVINCIA":"Bologna","REGIONE":"Emilia-Romagna","CODLINEACOMM":"K115","LINEACOMM":"PORRETTA TERME - PISTOIA","DOIT":"BO","SERVIZIO_MERCI":"0","SERVIZIO_VIAGGIATORI":"SI","CAP_REG":"0","CAP_P":"0","DIRAMAZ":"0","CAUSA_CHIUSURA":null}},{"type":"Feature","id":936,"geometry":{"type":"Point","coordinates":[10.9154,44.01244]},"properties":{"OBJECTID":936,"CODIMP":"44095","NOME":"CASTAGNO","IMPIANTO":"F","COMUNE":"Pistoia","PROVINCIA":"Pistoia","REGIONE":"Toscana","CODLINEACOMM":"K115","LINEACOMM":"PORRETTA TERME - PISTOIA","DOIT":"BO","SERVIZIO_MERCI":"0","SERVIZIO_VIAGGIATORI":"SI","CAP_REG":"0","CAP_P":"0","DIRAMAZ":"0","CAUSA_CHIUSURA":null}},{"type":"Feature","id":937,"geometry":{"type":"Point","coordinates":[10.9197,43.99404]},"properties":{"OBJECTID":937,"CODIMP":"44120","NOME":"CORBEZZI","IMPIANTO":"S","COMUNE":"Pistoia","PROVINCIA":"Pistoia","REGIONE":"Toscana","CODLINEACOMM":"K115","LINEACOMM":"PORRETTA TERME - PISTOIA","DOIT":"BO","SERVIZIO_MERCI":"0","SERVIZIO_VIAGGIATORI":"SI","CAP_REG":"0","CAP_P":"0","DIRAMAZ":"0","CAUSA_CHIUSURA":null}},{"type":"Feature","id":938,"geometry":{"type":"Point","coordinates":[10.96127,44.10022]},"properties":{"OBJECTID":938,"CODIMP":"44040","NOME":"MOLINO DEL PALLONE","IMPIANTO":"F","COMUNE":"Granaglione","PROVINCIA":"Bologna","REGIONE":"Emilia-Romagna","CODLINEACOMM":"K115","LINEACOMM":"PORRETTA TERME - PISTOIA","DOIT":"BO","SERVIZIO_MERCI":"0","SERVIZIO_VIAGGIATORI":"SI","CAP_REG":"0","CAP_P":"0","DIRAMAZ":"0","CAUSA_CHIUSURA":null}},{"type":"Feature","id":939,"geometry":{"type":"Point","coordinates":[10.90402,43.93662]},"properties":{"OBJECTID":939,"CODIMP":"44205","NOME":"PISTOIA OVEST","IMPIANTO":"F","COMUNE":"Pistoia","PROVINCIA":"Pistoia","REGIONE":"Toscana","CODLINEACOMM":"K115","LINEACOMM":"PORRETTA TERME - PISTOIA","DOIT":"BO","SERVIZIO_MERCI":"0","SERVIZIO_VIAGGIATORI":"SI","CAP_REG":"0","CAP_P":"0","DIRAMAZ":"0","CAUSA_CHIUSURA":null}},{"type":"Feature","id":940,"geometry":{"type":"Point","coordinates":[12.32757,44.11681]},"properties":{"OBJECTID":940,"CODIMP":"40380","NOME":"GAMBETTOLA","IMPIANTO":"F","COMUNE":"Gambettola","PROVINCIA":"Forlì-Cesena","REGIONE":"Emilia-Romagna","CODLINEACOMM":"J063","LINEACOMM":"[BOLOGNA] MIRANDOLA O. - ANCONA (compresa Ancona - Ancona Marittima)","DOIT":"BO","SERVIZIO_MERCI":"0","SERVIZIO_VIAGGIATORI":"SI","CAP_REG":"0","CAP_P":"0","DIRAMAZ":"0","CAUSA_CHIUSURA":null}},{"type":"Feature","id":941,"geometry":{"type":"Point","coordinates":[12.40422,44.09528]},"properties":{"OBJECTID":941,"CODIMP":"40420","NOME":"SAVIGNANO SUL RUBICONE","IMPIANTO":"F","COMUNE":"Savignano Sul Rubicone","PROVINCIA":"Forlì-Cesena","REGIONE":"Emilia-Romagna","CODLINEACOMM":"J063","LINEACOMM":"[BOLOGNA] MIRANDOLA O. - ANCONA (compresa Ancona - Ancona Marittima)","DOIT":"BO","SERVIZIO_MERCI":"0","SERVIZIO_VIAGGIATORI":"SI","CAP_REG":"0","CAP_P":"0","DIRAMAZ":"0","CAUSA_CHIUSURA":null}},{"type":"Feature","id":942,"geometry":{"type":"Point","coordinates":[12.24965,44.14553]},"properties":{"OBJECTID":942,"CODIMP":"40340","NOME":"CESENA","IMPIANTO":"S","COMUNE":"Cesena","PROVINCIA":"Forlì-Cesena","REGIONE":"Emilia-Romagna","CODLINEACOMM":"J063","LINEACOMM":"[BOLOGNA] MIRANDOLA O. - ANCONA (compresa Ancona - Ancona Marittima)","DOIT":"BO","SERVIZIO_MERCI":"0","SERVIZIO_VIAGGIATORI":"SI","CAP_REG":"0","CAP_P":"0","DIRAMAZ":"0","CAUSA_CHIUSURA":null}},{"type":"Feature","id":943,"geometry":{"type":"Point","coordinates":[12.45455,44.07041]},"properties":{"OBJECTID":943,"CODIMP":"40460","NOME":"SANTARCANGELO DI ROMAGNA","IMPIANTO":"S","COMUNE":"Santarcangelo Di Romagna","PROVINCIA":"Rimini","REGIONE":"Emilia-Romagna","CODLINEACOMM":"J063","LINEACOMM":"[BOLOGNA] MIRANDOLA O. - ANCONA (compresa Ancona - Ancona Marittima)","DOIT":"BO","SERVIZIO_MERCI":"0","SERVIZIO_VIAGGIATORI":"SI","CAP_REG":"0","CAP_P":"0","DIRAMAZ":"0","CAUSA_CHIUSURA":null}},{"type":"Feature","id":944,"geometry":{"type":"Point","coordinates":[12.29273,44.31464]},"properties":{"OBJECTID":944,"CODIMP":"43440","NOME":"LIDO DI CLASSE-LIDO DI SAVIO","IMPIANTO":"S","COMUNE":"Ravenna","PROVINCIA":"Ravenna","REGIONE":"Emilia-Romagna","CODLINEACOMM":"K102","LINEACOMM":"RAVENNA - RIMINI","DOIT":"BO","SERVIZIO_MERCI":"0","SERVIZIO_VIAGGIATORI":"SI","CAP_REG":"0","CAP_P":"0","DIRAMAZ":"0","CAUSA_CHIUSURA":null}},{"type":"Feature","id":945,"geometry":{"type":"Point","coordinates":[12.05488,44.22421]},"properties":{"OBJECTID":945,"CODIMP":"40260","NOME":"FORLI'","IMPIANTO":"S","COMUNE":"Forlì","PROVINCIA":"Forlì-Cesena","REGIONE":"Emilia-Romagna","CODLINEACOMM":"J063","LINEACOMM":"[BOLOGNA] MIRANDOLA O. - ANCONA (compresa Ancona - Ancona Marittima)","DOIT":"BO","SERVIZIO_MERCI":"0","SERVIZIO_VIAGGIATORI":"SI","CAP_REG":"0","CAP_P":"1","DIRAMAZ":"0","CAUSA_CHIUSURA":null}},{"type":"Feature","id":946,"geometry":{"type":"Point","coordinates":[11.80419,44.32548]},"properties":{"OBJECTID":946,"CODIMP":"40160","NOME":"CASTELBOLOGNESE - RIOLO TERME","IMPIANTO":"S","COMUNE":"Castel Bolognese","PROVINCIA":"Ravenna","REGIONE":"Emilia-Romagna","CODLINEACOMM":"J063","LINEACOMM":"[BOLOGNA] MIRANDOLA O. - ANCONA (compresa Ancona - Ancona Marittima)","DOIT":"BO","SERVIZIO_MERCI":"0","SERVIZIO_VIAGGIATORI":"SI","CAP_REG":"0","CAP_P":"0","DIRAMAZ":"1","CAUSA_CHIUSURA":null}},{"type":"Feature","id":947,"geometry":{"type":"Point","coordinates":[12.3912,44.20074]},"properties":{"OBJECTID":947,"CODIMP":"43520","NOME":"CESENATICO","IMPIANTO":"S","COMUNE":"Cesenatico","PROVINCIA":"Forlì-Cesena","REGIONE":"Emilia-Romagna","CODLINEACOMM":"K102","LINEACOMM":"RAVENNA - RIMINI","DOIT":"BO","SERVIZIO_MERCI":"0","SERVIZIO_VIAGGIATORI":"SI","CAP_REG":"0","CAP_P":"0","DIRAMAZ":"0","CAUSA_CHIUSURA":null}},{"type":"Feature","id":948,"geometry":{"type":"Point","coordinates":[12.43207,44.17077]},"properties":{"OBJECTID":948,"CODIMP":"43545","NOME":"GATTEO A MARE","IMPIANTO":"F","COMUNE":"Gatteo","PROVINCIA":"Forlì-Cesena","REGIONE":"Emilia-Romagna","CODLINEACOMM":"K102","LINEACOMM":"RAVENNA - RIMINI","DOIT":"BO","SERVIZIO_MERCI":"0","SERVIZIO_VIAGGIATORI":"SI","CAP_REG":"0","CAP_P":"0","DIRAMAZ":"0","CAUSA_CHIUSURA":null}},{"type":"Feature","id":949,"geometry":{"type":"Point","coordinates":[12.34711,44.25853]},"properties":{"OBJECTID":949,"CODIMP":"43480","NOME":"CERVIA-MILANO M.MA","IMPIANTO":"S","COMUNE":"Cervia","PROVINCIA":"Ravenna","REGIONE":"Emilia-Romagna","CODLINEACOMM":"K102","LINEACOMM":"RAVENNA - RIMINI","DOIT":"BO","SERVIZIO_MERCI":"0","SERVIZIO_VIAGGIATORI":"SI","CAP_REG":"0","CAP_P":"0","DIRAMAZ":"0","CAUSA_CHIUSURA":null}},{"type":"Feature","id":950,"geometry":{"type":"Point","coordinates":[12.46117,44.15033]},"properties":{"OBJECTID":950,"CODIMP":"43560","NOME":"BELLARIA","IMPIANTO":"S","COMUNE":"Bellaria-Igea Marina","PROVINCIA":"Rimini","REGIONE":"Emilia-Romagna","CODLINEACOMM":"K102","LINEACOMM":"RAVENNA - RIMINI","DOIT":"BO","SERVIZIO_MERCI":"0","SERVIZIO_VIAGGIATORI":"SI","CAP_REG":"0","CAP_P":"0","DIRAMAZ":"0","CAUSA_CHIUSURA":null}},{"type":"Feature","id":951,"geometry":{"type":"Point","coordinates":[12.48164,44.13206]},"properties":{"OBJECTID":951,"CODIMP":"43600","NOME":"IGEA MARINA","IMPIANTO":"S","COMUNE":"Bellaria-Igea Marina","PROVINCIA":"Rimini","REGIONE":"Emilia-Romagna","CODLINEACOMM":"K102","LINEACOMM":"RAVENNA - RIMINI","DOIT":"BO","SERVIZIO_MERCI":"0","SERVIZIO_VIAGGIATORI":"SI","CAP_REG":"0","CAP_P":"0","DIRAMAZ":"0","CAUSA_CHIUSURA":null}},{"type":"Feature","id":952,"geometry":{"type":"Point","coordinates":[12.50876,44.10708]},"properties":{"OBJECTID":952,"CODIMP":"43605","NOME":"RIMINI TORRE PEDRERA","IMPIANTO":"F","COMUNE":"Rimini","PROVINCIA":"Rimini","REGIONE":"Emilia-Romagna","CODLINEACOMM":"K102","LINEACOMM":"RAVENNA - RIMINI","DOIT":"BO","SERVIZIO_MERCI":"0","SERVIZIO_VIAGGIATORI":"SI","CAP_REG":"0","CAP_P":"0","DIRAMAZ":"0","CAUSA_CHIUSURA":null}},{"type":"Feature","id":953,"geometry":{"type":"Point","coordinates":[11.5445,44.79616]},"properties":{"OBJECTID":953,"CODIMP":"41460","NOME":"CORONELLA","IMPIANTO":"F","COMUNE":"Ferrara","PROVINCIA":"Ferrara","REGIONE":"Emilia-Romagna","CODLINEACOMM":"J031","LINEACOMM":"PADOVA - S.PIETRO IN CASALE [BOLOGNA]","DOIT":"BO","SERVIZIO_MERCI":"0","SERVIZIO_VIAGGIATORI":"SI","CAP_REG":"0","CAP_P":"0","DIRAMAZ":"0","CAUSA_CHIUSURA":null}},{"type":"Feature","id":954,"geometry":{"type":"Point","coordinates":[11.48372,44.76738]},"properties":{"OBJECTID":954,"CODIMP":"41500","NOME":"POGGIO RENATICO","IMPIANTO":"S","COMUNE":"Poggio Renatico","PROVINCIA":"Ferrara","REGIONE":"Emilia-Romagna","CODLINEACOMM":"J031","LINEACOMM":"PADOVA - S.PIETRO IN CASALE [BOLOGNA]","DOIT":"BO","SERVIZIO_MERCI":"0","SERVIZIO_VIAGGIATORI":"SI","CAP_REG":"0","CAP_P":"0","DIRAMAZ":"0","CAUSA_CHIUSURA":null}},{"type":"Feature","id":955,"geometry":{"type":"Point","coordinates":[12.53379,44.0885]},"properties":{"OBJECTID":955,"CODIMP":"43640","NOME":"RIMINI VISERBA","IMPIANTO":"S","COMUNE":"Rimini","PROVINCIA":"Rimini","REGIONE":"Emilia-Romagna","CODLINEACOMM":"K102","LINEACOMM":"RAVENNA - RIMINI","DOIT":"BO","SERVIZIO_MERCI":"0","SERVIZIO_VIAGGIATORI":"SI","CAP_REG":"0","CAP_P":"0","DIRAMAZ":"0","CAUSA_CHIUSURA":null}},{"type":"Feature","id":956,"geometry":{"type":"Point","coordinates":[11.44157,44.73783]},"properties":{"OBJECTID":956,"CODIMP":"41540","NOME":"GALLIERA","IMPIANTO":"F","COMUNE":"Galliera","PROVINCIA":"Bologna","REGIONE":"Emilia-Romagna","CODLINEACOMM":"J031","LINEACOMM":"PADOVA - S.PIETRO IN CASALE [BOLOGNA]","DOIT":"BO","SERVIZIO_MERCI":"0","SERVIZIO_VIAGGIATORI":"SI","CAP_REG":"0","CAP_P":"0","DIRAMAZ":"0","CAUSA_CHIUSURA":null}},{"type":"Feature","id":957,"geometry":{"type":"Point","coordinates":[11.40479,44.69802]},"properties":{"OBJECTID":957,"CODIMP":"41580","NOME":"S.PIETRO IN CASALE","IMPIANTO":"S","COMUNE":"San Pietro In Casale","PROVINCIA":"Bologna","REGIONE":"Emilia-Romagna","CODLINEACOMM":"R005","LINEACOMM":"NODO DI BOLOGNA","DOIT":"BO","SERVIZIO_MERCI":"0","SERVIZIO_VIAGGIATORI":"SI","CAP_REG":"0","CAP_P":"0","DIRAMAZ":"0","CAUSA_CHIUSURA":null}},{"type":"Feature","id":958,"geometry":{"type":"Point","coordinates":[11.37903,44.64673]},"properties":{"OBJECTID":958,"CODIMP":"41620","NOME":"S.GIORGIO DI PIANO","IMPIANTO":"S","COMUNE":"San Giorgio Di Piano","PROVINCIA":"Bologna","REGIONE":"Emilia-Romagna","CODLINEACOMM":"R005","LINEACOMM":"NODO DI BOLOGNA","DOIT":"BO","SERVIZIO_MERCI":"0","SERVIZIO_VIAGGIATORI":"SI","CAP_REG":"0","CAP_P":"0","DIRAMAZ":"1","CAUSA_CHIUSURA":null}},{"type":"Feature","id":961,"geometry":{"type":"Point","coordinates":[8.29672,46.1155]},"properties":{"OBJECTID":961,"CODIMP":"11180","NOME":"DOMODOSSOLA","IMPIANTO":"S","COMUNE":"Domodossola","PROVINCIA":"Verbano-Cusio-Ossola","REGIONE":"Piemonte","CODLINEACOMM":"J013","LINEACOMM":"ISELLE [DOMODOSSOLA] - GALLARATE [MILANO] (compresa via Domo II)","DOIT":"MI","SERVIZIO_MERCI":"0","SERVIZIO_VIAGGIATORI":"SI","CAP_REG":"0","CAP_P":"0","DIRAMAZ":"0","CAUSA_CHIUSURA":null}},{"type":"Feature","id":962,"geometry":{"type":"Point","coordinates":[8.82485,45.7787]},"properties":{"OBJECTID":962,"CODIMP":"15900","NOME":"GAZZADA-SCHIANNO-MORAZZONE","IMPIANTO":"F","COMUNE":"Gazzada Schianno","PROVINCIA":"Varese","REGIONE":"Lombardia","CODLINEACOMM":"K049","LINEACOMM":"PORTO CERESIO/STABIO-GALLARATE","DOIT":"MI","SERVIZIO_MERCI":"0","SERVIZIO_VIAGGIATORI":"SI","CAP_REG":"0","CAP_P":"0","DIRAMAZ":"0","CAUSA_CHIUSURA":null}},{"type":"Feature","id":963,"geometry":{"type":"Point","coordinates":[8.81034,45.74531]},"properties":{"OBJECTID":963,"CODIMP":"15905","NOME":"CASTRONNO","IMPIANTO":"F","COMUNE":"Castronno","PROVINCIA":"Varese","REGIONE":"Lombardia","CODLINEACOMM":"K049","LINEACOMM":"PORTO CERESIO/STABIO-GALLARATE","DOIT":"MI","SERVIZIO_MERCI":"0","SERVIZIO_VIAGGIATORI":"SI","CAP_REG":"0","CAP_P":"0","DIRAMAZ":"0","CAUSA_CHIUSURA":null}},{"type":"Feature","id":964,"geometry":{"type":"Point","coordinates":[8.80624,45.7242]},"properties":{"OBJECTID":964,"CODIMP":"15940","NOME":"ALBIZZATE-SOLBIATE ARNO","IMPIANTO":"S","COMUNE":"Albizzate","PROVINCIA":"Varese","REGIONE":"Lombardia","CODLINEACOMM":"K049","LINEACOMM":"PORTO CERESIO/STABIO-GALLARATE","DOIT":"MI","SERVIZIO_MERCI":"0","SERVIZIO_VIAGGIATORI":"SI","CAP_REG":"0","CAP_P":"0","DIRAMAZ":"0","CAUSA_CHIUSURA":null}},{"type":"Feature","id":965,"geometry":{"type":"Point","coordinates":[8.83313,45.81628]},"properties":{"OBJECTID":965,"CODIMP":"15860","NOME":"VARESE","IMPIANTO":"S","COMUNE":"Varese","PROVINCIA":"Varese","REGIONE":"Lombardia","CODLINEACOMM":"K049","LINEACOMM":"PORTO CERESIO/STABIO-GALLARATE","DOIT":"MI","SERVIZIO_MERCI":"0","SERVIZIO_VIAGGIATORI":"SI","CAP_REG":"0","CAP_P":"1","DIRAMAZ":"0","CAUSA_CHIUSURA":null}},{"type":"Feature","id":966,"geometry":{"type":"Point","coordinates":[8.63081,45.87454]},"properties":{"OBJECTID":966,"CODIMP":"15257","NOME":"SANGIANO","IMPIANTO":"F","COMUNE":"Sangiano","PROVINCIA":"Varese","REGIONE":"Lombardia","CODLINEACOMM":"J015","LINEACOMM":"PINO TRONZANO [LUINO] - GALLARATE","DOIT":"MI","SERVIZIO_MERCI":"0","SERVIZIO_VIAGGIATORI":"SI","CAP_REG":"0","CAP_P":"0","DIRAMAZ":"0","CAUSA_CHIUSURA":null}},{"type":"Feature","id":967,"geometry":{"type":"Point","coordinates":[8.80354,45.69822]},"properties":{"OBJECTID":967,"CODIMP":"15980","NOME":"CAVARIA-OGGIONA-IERAGO","IMPIANTO":"F","COMUNE":"Cavaria Con Premezzo","PROVINCIA":"Varese","REGIONE":"Lombardia","CODLINEACOMM":"K049","LINEACOMM":"PORTO CERESIO/STABIO-GALLARATE","DOIT":"MI","SERVIZIO_MERCI":"0","SERVIZIO_VIAGGIATORI":"SI","CAP_REG":"0","CAP_P":"0","DIRAMAZ":"0","CAUSA_CHIUSURA":null}},{"type":"Feature","id":968,"geometry":{"type":"Point","coordinates":[8.79828,45.6599]},"properties":{"OBJECTID":968,"CODIMP":"11960","NOME":"GALLARATE","IMPIANTO":"S","COMUNE":"Gallarate","PROVINCIA":"Varese","REGIONE":"Lombardia","CODLINEACOMM":"R002","LINEACOMM":"NODO DI MILANO","DOIT":"MI","SERVIZIO_MERCI":"1","SERVIZIO_VIAGGIATORI":"SI","CAP_REG":"0","CAP_P":"0","DIRAMAZ":"1","CAUSA_CHIUSURA":null}},{"type":"Feature","id":969,"geometry":{"type":"Point","coordinates":[8.69636,45.80968]},"properties":{"OBJECTID":969,"CODIMP":"15265","NOME":"TRAVEDONA-BIANDRONNO","IMPIANTO":"F","COMUNE":"Biandronno","PROVINCIA":"Varese","REGIONE":"Lombardia","CODLINEACOMM":"J015","LINEACOMM":"PINO TRONZANO [LUINO] - GALLARATE","DOIT":"MI","SERVIZIO_MERCI":"0","SERVIZIO_VIAGGIATORI":"SI","CAP_REG":"0","CAP_P":"0","DIRAMAZ":"0","CAUSA_CHIUSURA":null}},{"type":"Feature","id":970,"geometry":{"type":"Point","coordinates":[8.70041,45.78191]},"properties":{"OBJECTID":970,"CODIMP":"15300","NOME":"TERNATE-VARANO BORGHI","IMPIANTO":"S","COMUNE":"Ternate","PROVINCIA":"Varese","REGIONE":"Lombardia","CODLINEACOMM":"J015","LINEACOMM":"PINO TRONZANO [LUINO] - GALLARATE","DOIT":"MI","SERVIZIO_MERCI":"0","SERVIZIO_VIAGGIATORI":"SI","CAP_REG":"0","CAP_P":"0","DIRAMAZ":"0","CAUSA_CHIUSURA":null}},{"type":"Feature","id":971,"geometry":{"type":"Point","coordinates":[8.66304,45.84226]},"properties":{"OBJECTID":971,"CODIMP":"15260","NOME":"BESOZZO","IMPIANTO":"S","COMUNE":"Besozzo","PROVINCIA":"Varese","REGIONE":"Lombardia","CODLINEACOMM":"J015","LINEACOMM":"PINO TRONZANO [LUINO] - GALLARATE","DOIT":"MI","SERVIZIO_MERCI":"0","SERVIZIO_VIAGGIATORI":"SI","CAP_REG":"0","CAP_P":"0","DIRAMAZ":"0","CAUSA_CHIUSURA":null}},{"type":"Feature","id":972,"geometry":{"type":"Point","coordinates":[8.73423,45.72982]},"properties":{"OBJECTID":972,"CODIMP":"15340","NOME":"MORNAGO-CIMBRO","IMPIANTO":"S","COMUNE":"Mornago","PROVINCIA":"Varese","REGIONE":"Lombardia","CODLINEACOMM":"J015","LINEACOMM":"PINO TRONZANO [LUINO] - GALLARATE","DOIT":"MI","SERVIZIO_MERCI":"0","SERVIZIO_VIAGGIATORI":"SI","CAP_REG":"0","CAP_P":"0","DIRAMAZ":"0","CAUSA_CHIUSURA":null}},{"type":"Feature","id":973,"geometry":{"type":"Point","coordinates":[8.76111,45.69549]},"properties":{"OBJECTID":973,"CODIMP":"15343","NOME":"BESNATE","IMPIANTO":"F","COMUNE":"Besnate","PROVINCIA":"Varese","REGIONE":"Lombardia","CODLINEACOMM":"J015","LINEACOMM":"PINO TRONZANO [LUINO] - GALLARATE","DOIT":"MI","SERVIZIO_MERCI":"0","SERVIZIO_VIAGGIATORI":"SI","CAP_REG":"0","CAP_P":"0","DIRAMAZ":"0","CAUSA_CHIUSURA":null}},{"type":"Feature","id":975,"geometry":{"type":"Point","coordinates":[7.61022,43.79263]},"properties":{"OBJECTID":975,"CODIMP":"34760","NOME":"VENTIMIGLIA","IMPIANTO":"S","COMUNE":"Ventimiglia","PROVINCIA":"Imperia","REGIONE":"Liguria","CODLINEACOMM":"J009","LINEACOMM":"VENTIMIGLIA - SAVONA","DOIT":"GE","SERVIZIO_MERCI":"0","SERVIZIO_VIAGGIATORI":"SI","CAP_REG":"0","CAP_P":"0","DIRAMAZ":"0","CAUSA_CHIUSURA":null}},{"type":"Feature","id":976,"geometry":{"type":"Point","coordinates":[15.25111,37.82152]},"properties":{"OBJECTID":976,"CODIMP":"87760","NOME":"ALCANTARA","IMPIANTO":"S","COMUNE":"Giardini Naxos","PROVINCIA":"Messina","REGIONE":"Sicilia","CODLINEACOMM":"K169","LINEACOMM":"MESSINA CENTRALE - CATANIA CENTRALE","DOIT":"PA","SERVIZIO_MERCI":"0","SERVIZIO_VIAGGIATORI":"SI","CAP_REG":"0","CAP_P":"0","DIRAMAZ":"0","CAUSA_CHIUSURA":null}},{"type":"Feature","id":977,"geometry":{"type":"Point","coordinates":[15.22655,37.81483]},"properties":{"OBJECTID":977,"CODIMP":"87800","NOME":"CALATABIANO","IMPIANTO":"F","COMUNE":"Calatabiano","PROVINCIA":"Catania","REGIONE":"Sicilia","CODLINEACOMM":"K169","LINEACOMM":"MESSINA CENTRALE - CATANIA CENTRALE","DOIT":"PA","SERVIZIO_MERCI":"0","SERVIZIO_VIAGGIATORI":"SI","CAP_REG":"0","CAP_P":"0","DIRAMAZ":"0","CAUSA_CHIUSURA":null}},{"type":"Feature","id":978,"geometry":{"type":"Point","coordinates":[14.15256,42.51587]},"properties":{"OBJECTID":978,"CODIMP":"54840","NOME":"MONTESILVANO","IMPIANTO":"S","COMUNE":"Montesilvano","PROVINCIA":"Pescara","REGIONE":"Abruzzo","CODLINEACOMM":"J067","LINEACOMM":"ANCONA - FOGGIA","DOIT":"AN","SERVIZIO_MERCI":"0","SERVIZIO_VIAGGIATORI":"SI","CAP_REG":"0","CAP_P":"0","DIRAMAZ":"0","CAUSA_CHIUSURA":null}},{"type":"Feature","id":979,"geometry":{"type":"Point","coordinates":[14.20506,42.46789]},"properties":{"OBJECTID":979,"CODIMP":"54880","NOME":"PESCARA","IMPIANTO":"S","COMUNE":"Pescara","PROVINCIA":"Pescara","REGIONE":"Abruzzo","CODLINEACOMM":"J067","LINEACOMM":"ANCONA - FOGGIA","DOIT":"AN","SERVIZIO_MERCI":"1","SERVIZIO_VIAGGIATORI":"SI","CAP_REG":"0","CAP_P":"1","DIRAMAZ":"1","CAUSA_CHIUSURA":null}},{"type":"Feature","id":985,"geometry":{"type":"Point","coordinates":[11.78091,45.07707]},"properties":{"OBJECTID":985,"CODIMP":"41240","NOME":"ROVIGO","IMPIANTO":"S","COMUNE":"Rovigo","PROVINCIA":"Rovigo","REGIONE":"Veneto","CODLINEACOMM":"J031","LINEACOMM":"PADOVA - S.PIETRO IN CASALE [BOLOGNA]","DOIT":"VE","SERVIZIO_MERCI":"1","SERVIZIO_VIAGGIATORI":"SI","CAP_REG":"0","CAP_P":"1","DIRAMAZ":"1","CAUSA_CHIUSURA":null}},{"type":"Feature","id":986,"geometry":{"type":"Point","coordinates":[11.69652,45.04585]},"properties":{"OBJECTID":986,"CODIMP":"26600","NOME":"COSTA DI ROVIGO","IMPIANTO":"S","COMUNE":"Costa Di Rovigo","PROVINCIA":"Rovigo","REGIONE":"Veneto","CODLINEACOMM":"K214","LINEACOMM":"LEGNAGO - ROVIGO","DOIT":"VR","SERVIZIO_MERCI":"0","SERVIZIO_VIAGGIATORI":"SI","CAP_REG":"0","CAP_P":"0","DIRAMAZ":"0","CAUSA_CHIUSURA":null}},{"type":"Feature","id":987,"geometry":{"type":"Point","coordinates":[11.40395,45.11943]},"properties":{"OBJECTID":987,"CODIMP":"26440","NOME":"CASTAGNARO","IMPIANTO":"S","COMUNE":"Castagnaro","PROVINCIA":"Verona","REGIONE":"Veneto","CODLINEACOMM":"K214","LINEACOMM":"LEGNAGO - ROVIGO","DOIT":"VR","SERVIZIO_MERCI":"0","SERVIZIO_VIAGGIATORI":"SI","CAP_REG":"0","CAP_P":"0","DIRAMAZ":"0","CAUSA_CHIUSURA":null}},{"type":"Feature","id":988,"geometry":{"type":"Point","coordinates":[11.48474,45.09452]},"properties":{"OBJECTID":988,"CODIMP":"26480","NOME":"BADIA POLESINE","IMPIANTO":"S","COMUNE":"Badia Polesine","PROVINCIA":"Rovigo","REGIONE":"Veneto","CODLINEACOMM":"K214","LINEACOMM":"LEGNAGO - ROVIGO","DOIT":"VR","SERVIZIO_MERCI":"0","SERVIZIO_VIAGGIATORI":"SI","CAP_REG":"0","CAP_P":"0","DIRAMAZ":"0","CAUSA_CHIUSURA":null}},{"type":"Feature","id":989,"geometry":{"type":"Point","coordinates":[11.34875,45.15314]},"properties":{"OBJECTID":989,"CODIMP":"26400","NOME":"VILLABARTOLOMEA","IMPIANTO":"S","COMUNE":"Villa Bartolomea","PROVINCIA":"Verona","REGIONE":"Veneto","CODLINEACOMM":"K214","LINEACOMM":"LEGNAGO - ROVIGO","DOIT":"VR","SERVIZIO_MERCI":"0","SERVIZIO_VIAGGIATORI":"SI","CAP_REG":"0","CAP_P":"0","DIRAMAZ":"0","CAUSA_CHIUSURA":null}},{"type":"Feature","id":990,"geometry":{"type":"Point","coordinates":[11.64262,45.03876]},"properties":{"OBJECTID":990,"CODIMP":"26560","NOME":"FRATTA","IMPIANTO":"S","COMUNE":"Fratta Polesine","PROVINCIA":"Rovigo","REGIONE":"Veneto","CODLINEACOMM":"K214","LINEACOMM":"LEGNAGO - ROVIGO","DOIT":"VR","SERVIZIO_MERCI":"0","SERVIZIO_VIAGGIATORI":"SI","CAP_REG":"0","CAP_P":"0","DIRAMAZ":"0","CAUSA_CHIUSURA":null}},{"type":"Feature","id":991,"geometry":{"type":"Point","coordinates":[11.59168,45.08189]},"properties":{"OBJECTID":991,"CODIMP":"26520","NOME":"LENDINARA","IMPIANTO":"S","COMUNE":"Lendinara","PROVINCIA":"Rovigo","REGIONE":"Veneto","CODLINEACOMM":"K214","LINEACOMM":"LEGNAGO - ROVIGO","DOIT":"VR","SERVIZIO_MERCI":"0","SERVIZIO_VIAGGIATORI":"SI","CAP_REG":"0","CAP_P":"0","DIRAMAZ":"0","CAUSA_CHIUSURA":null}},{"type":"Feature","id":992,"geometry":{"type":"Point","coordinates":[12.05424,45.06066]},"properties":{"OBJECTID":992,"CODIMP":"44530","NOME":"ADRIA","IMPIANTO":"S","COMUNE":"Adria","PROVINCIA":"Rovigo","REGIONE":"Veneto","CODLINEACOMM":"K225","LINEACOMM":"ROVIGO - CHIOGGIA","DOIT":"VE","SERVIZIO_MERCI":"1","SERVIZIO_VIAGGIATORI":"SI","CAP_REG":"0","CAP_P":"0","DIRAMAZ":"0","CAUSA_CHIUSURA":null}},{"type":"Feature","id":993,"geometry":{"type":"Point","coordinates":[11.99536,45.06097]},"properties":{"OBJECTID":993,"CODIMP":"44490","NOME":"BARICETTA","IMPIANTO":"F","COMUNE":"Adria","PROVINCIA":"Rovigo","REGIONE":"Veneto","CODLINEACOMM":"K225","LINEACOMM":"ROVIGO - CHIOGGIA","DOIT":"VE","SERVIZIO_MERCI":"0","SERVIZIO_VIAGGIATORI":"SI","CAP_REG":"0","CAP_P":"0","DIRAMAZ":"0","CAUSA_CHIUSURA":null}},{"type":"Feature","id":994,"geometry":{"type":"Point","coordinates":[11.69134,45.83819]},"properties":{"OBJECTID":994,"CODIMP":"29150","NOME":"S.NAZARIO","IMPIANTO":"F","COMUNE":"San Nazario","PROVINCIA":"Vicenza","REGIONE":"Veneto","CODLINEACOMM":"K221","LINEACOMM":"PRIMOLANO - BASSANO DEL GRAPPA","DOIT":"VE","SERVIZIO_MERCI":"0","SERVIZIO_VIAGGIATORI":"SI","CAP_REG":"0","CAP_P":"0","DIRAMAZ":"0","CAUSA_CHIUSURA":null}},{"type":"Feature","id":995,"geometry":{"type":"Point","coordinates":[11.72135,45.81551]},"properties":{"OBJECTID":995,"CODIMP":"29155","NOME":"SOLAGNA","IMPIANTO":"F","COMUNE":"Solagna","PROVINCIA":"Vicenza","REGIONE":"Veneto","CODLINEACOMM":"K221","LINEACOMM":"PRIMOLANO - BASSANO DEL GRAPPA","DOIT":"VE","SERVIZIO_MERCI":"0","SERVIZIO_VIAGGIATORI":"SI","CAP_REG":"0","CAP_P":"0","DIRAMAZ":"0","CAUSA_CHIUSURA":null}},{"type":"Feature","id":996,"geometry":{"type":"Point","coordinates":[11.6612,45.8602]},"properties":{"OBJECTID":996,"CODIMP":"29140","NOME":"CARPANE'-VALSTAGNA","IMPIANTO":"S","COMUNE":"San Nazario","PROVINCIA":"Vicenza","REGIONE":"Veneto","CODLINEACOMM":"K221","LINEACOMM":"PRIMOLANO - BASSANO DEL GRAPPA","DOIT":"VE","SERVIZIO_MERCI":"0","SERVIZIO_VIAGGIATORI":"SI","CAP_REG":"0","CAP_P":"0","DIRAMAZ":"0","CAUSA_CHIUSURA":null}},{"type":"Feature","id":997,"geometry":{"type":"Point","coordinates":[11.69226,45.89777]},"properties":{"OBJECTID":997,"CODIMP":"29125","NOME":"S.MARINO","IMPIANTO":"F","COMUNE":"San Nazario","PROVINCIA":"Vicenza","REGIONE":"Veneto","CODLINEACOMM":"K221","LINEACOMM":"PRIMOLANO - BASSANO DEL GRAPPA","DOIT":"VE","SERVIZIO_MERCI":"0","SERVIZIO_VIAGGIATORI":"SI","CAP_REG":"0","CAP_P":"0","DIRAMAZ":"0","CAUSA_CHIUSURA":null}},{"type":"Feature","id":998,"geometry":{"type":"Point","coordinates":[11.72929,45.91973]},"properties":{"OBJECTID":998,"CODIMP":"29120","NOME":"CISMON DEL GRAPPA","IMPIANTO":"S","COMUNE":"Cismon Del Grappa","PROVINCIA":"Vicenza","REGIONE":"Veneto","CODLINEACOMM":"K221","LINEACOMM":"PRIMOLANO - BASSANO DEL GRAPPA","DOIT":"VE","SERVIZIO_MERCI":"0","SERVIZIO_VIAGGIATORI":"SI","CAP_REG":"0","CAP_P":"0","DIRAMAZ":"0","CAUSA_CHIUSURA":null}},{"type":"Feature","id":999,"geometry":{"type":"Point","coordinates":[12.26695,45.14578]},"properties":{"OBJECTID":999,"CODIMP":"44610","NOME":"S.ANNA DI CHIOGGIA","IMPIANTO":"F","COMUNE":"Chioggia","PROVINCIA":"Venezia","REGIONE":"Veneto","CODLINEACOMM":"K225","LINEACOMM":"ROVIGO - CHIOGGIA","DOIT":"VE","SERVIZIO_MERCI":"0","SERVIZIO_VIAGGIATORI":"SI","CAP_REG":"0","CAP_P":"0","DIRAMAZ":"0","CAUSA_CHIUSURA":null}},{"type":"Feature","id":1000,"geometry":{"type":"Point","coordinates":[12.24933,45.11134]},"properties":{"OBJECTID":1000,"CODIMP":"44600","NOME":"CAVANELLA D'ADIGE","IMPIANTO":"S","COMUNE":"Chioggia","PROVINCIA":"Venezia","REGIONE":"Veneto","CODLINEACOMM":"K225","LINEACOMM":"ROVIGO - CHIOGGIA","DOIT":"VE","SERVIZIO_MERCI":"0","SERVIZIO_VIAGGIATORI":"SI","CAP_REG":"0","CAP_P":"0","DIRAMAZ":"0","CAUSA_CHIUSURA":null}},{"type":"Feature","id":1001,"geometry":{"type":"Point","coordinates":[12.27525,45.21033]},"properties":{"OBJECTID":1001,"CODIMP":"44619","NOME":"CHIOGGIA","IMPIANTO":"S","COMUNE":"Chioggia","PROVINCIA":"Venezia","REGIONE":"Veneto","CODLINEACOMM":"K225","LINEACOMM":"ROVIGO - CHIOGGIA","DOIT":"VE","SERVIZIO_MERCI":"0","SERVIZIO_VIAGGIATORI":"SI","CAP_REG":"0","CAP_P":"0","DIRAMAZ":"0","CAUSA_CHIUSURA":null}},{"type":"Feature","id":1003,"geometry":{"type":"Point","coordinates":[12.23967,45.07562]},"properties":{"OBJECTID":1003,"CODIMP":"44570","NOME":"ROSOLINA","IMPIANTO":"F","COMUNE":"Rosolina","PROVINCIA":"Rovigo","REGIONE":"Veneto","CODLINEACOMM":"K225","LINEACOMM":"ROVIGO - CHIOGGIA","DOIT":"VE","SERVIZIO_MERCI":"0","SERVIZIO_VIAGGIATORI":"SI","CAP_REG":"0","CAP_P":"0","DIRAMAZ":"0","CAUSA_CHIUSURA":null}},{"type":"Feature","id":1004,"geometry":{"type":"Point","coordinates":[12.19158,45.05955]},"properties":{"OBJECTID":1004,"CODIMP":"44560","NOME":"LOREO","IMPIANTO":"S","COMUNE":"Loreo","PROVINCIA":"Rovigo","REGIONE":"Veneto","CODLINEACOMM":"K225","LINEACOMM":"ROVIGO - CHIOGGIA","DOIT":"VE","SERVIZIO_MERCI":"0","SERVIZIO_VIAGGIATORI":"SI","CAP_REG":"0","CAP_P":"0","DIRAMAZ":"0","CAUSA_CHIUSURA":null}},{"type":"Feature","id":1005,"geometry":{"type":"Point","coordinates":[11.87098,45.0507]},"properties":{"OBJECTID":1005,"CODIMP":"44475","NOME":"CEREGNANO","IMPIANTO":"F","COMUNE":"Ceregnano","PROVINCIA":"Rovigo","REGIONE":"Veneto","CODLINEACOMM":"K225","LINEACOMM":"ROVIGO - CHIOGGIA","DOIT":"VE","SERVIZIO_MERCI":"0","SERVIZIO_VIAGGIATORI":"SI","CAP_REG":"0","CAP_P":"0","DIRAMAZ":"0","CAUSA_CHIUSURA":null}},{"type":"Feature","id":1006,"geometry":{"type":"Point","coordinates":[11.91314,45.04354]},"properties":{"OBJECTID":1006,"CODIMP":"44480","NOME":"LAMA","IMPIANTO":"S","COMUNE":"Ceregnano","PROVINCIA":"Rovigo","REGIONE":"Veneto","CODLINEACOMM":"K225","LINEACOMM":"ROVIGO - CHIOGGIA","DOIT":"VE","SERVIZIO_MERCI":"0","SERVIZIO_VIAGGIATORI":"SI","CAP_REG":"0","CAP_P":"0","DIRAMAZ":"0","CAUSA_CHIUSURA":null}},{"type":"Feature","id":1007,"geometry":{"type":"Point","coordinates":[12.23139,45.60375]},"properties":{"OBJECTID":1007,"CODIMP":"28360","NOME":"PREGANZIOL","IMPIANTO":"F","COMUNE":"Preganziol","PROVINCIA":"Treviso","REGIONE":"Veneto","CODLINEACOMM":"J037","LINEACOMM":"TARVISIO BOSCOVERDE - MOGLIANO [VENEZIA]","DOIT":"VE","SERVIZIO_MERCI":"0","SERVIZIO_VIAGGIATORI":"SI","CAP_REG":"0","CAP_P":"0","DIRAMAZ":"0","CAUSA_CHIUSURA":null}},{"type":"Feature","id":1008,"geometry":{"type":"Point","coordinates":[12.23276,45.56204]},"properties":{"OBJECTID":1008,"CODIMP":"28400","NOME":"MOGLIANO VENETO","IMPIANTO":"S","COMUNE":"Mogliano Veneto","PROVINCIA":"Treviso","REGIONE":"Veneto","CODLINEACOMM":"R003","LINEACOMM":"NODO DI VENEZIA","DOIT":"VE","SERVIZIO_MERCI":"0","SERVIZIO_VIAGGIATORI":"SI","CAP_REG":"0","CAP_P":"0","DIRAMAZ":"0","CAUSA_CHIUSURA":null}},{"type":"Feature","id":1009,"geometry":{"type":"Point","coordinates":[12.25838,45.82113]},"properties":{"OBJECTID":1009,"CODIMP":"28220","NOME":"SUSEGANA","IMPIANTO":"F","COMUNE":"Susegana","PROVINCIA":"Treviso","REGIONE":"Veneto","CODLINEACOMM":"J037","LINEACOMM":"TARVISIO BOSCOVERDE - MOGLIANO [VENEZIA]","DOIT":"VE","SERVIZIO_MERCI":"0","SERVIZIO_VIAGGIATORI":"SI","CAP_REG":"0","CAP_P":"0","DIRAMAZ":"0","CAUSA_CHIUSURA":null}},{"type":"Feature","id":1010,"geometry":{"type":"Point","coordinates":[12.267,45.77771]},"properties":{"OBJECTID":1010,"CODIMP":"28260","NOME":"SPRESIANO","IMPIANTO":"S","COMUNE":"Spresiano","PROVINCIA":"Treviso","REGIONE":"Veneto","CODLINEACOMM":"J037","LINEACOMM":"TARVISIO BOSCOVERDE - MOGLIANO [VENEZIA]","DOIT":"VE","SERVIZIO_MERCI":"0","SERVIZIO_VIAGGIATORI":"SI","CAP_REG":"0","CAP_P":"0","DIRAMAZ":"0","CAUSA_CHIUSURA":null}},{"type":"Feature","id":1011,"geometry":{"type":"Point","coordinates":[12.43427,45.92814]},"properties":{"OBJECTID":1011,"CODIMP":"28130","NOME":"ORSAGO","IMPIANTO":"F","COMUNE":"Orsago","PROVINCIA":"Treviso","REGIONE":"Veneto","CODLINEACOMM":"J037","LINEACOMM":"TARVISIO BOSCOVERDE - MOGLIANO [VENEZIA]","DOIT":"VE","SERVIZIO_MERCI":"0","SERVIZIO_VIAGGIATORI":"SI","CAP_REG":"0","CAP_P":"0","DIRAMAZ":"0","CAUSA_CHIUSURA":null}},{"type":"Feature","id":1012,"geometry":{"type":"Point","coordinates":[12.38818,45.91348]},"properties":{"OBJECTID":1012,"CODIMP":"28140","NOME":"PIANZANO","IMPIANTO":"F","COMUNE":"Godega Di Sant'urbano","PROVINCIA":"Treviso","REGIONE":"Veneto","CODLINEACOMM":"J037","LINEACOMM":"TARVISIO BOSCOVERDE - MOGLIANO [VENEZIA]","DOIT":"VE","SERVIZIO_MERCI":"0","SERVIZIO_VIAGGIATORI":"SI","CAP_REG":"0","CAP_P":"0","DIRAMAZ":"0","CAUSA_CHIUSURA":null}},{"type":"Feature","id":1013,"geometry":{"type":"Point","coordinates":[12.49851,45.94849]},"properties":{"OBJECTID":1013,"CODIMP":"28100","NOME":"SACILE","IMPIANTO":"S","COMUNE":"Sacile","PROVINCIA":"Pordenone","REGIONE":"Friuli-Venezia Giulia","CODLINEACOMM":"J037","LINEACOMM":"TARVISIO BOSCOVERDE - MOGLIANO [VENEZIA]","DOIT":"TS","SERVIZIO_MERCI":"0","SERVIZIO_VIAGGIATORI":"SI","CAP_REG":"0","CAP_P":"0","DIRAMAZ":"1","CAUSA_CHIUSURA":null}},{"type":"Feature","id":1014,"geometry":{"type":"Point","coordinates":[11.79589,45.73237]},"properties":{"OBJECTID":1014,"CODIMP":"29230","NOME":"CASSOLA","IMPIANTO":"F","COMUNE":"Cassola","PROVINCIA":"Vicenza","REGIONE":"Veneto","CODLINEACOMM":"K091","LINEACOMM":"BASSANO DEL GRAPPA - CASTELFRANCO VENETO","DOIT":"VE","SERVIZIO_MERCI":"0","SERVIZIO_VIAGGIATORI":"SI","CAP_REG":"0","CAP_P":"0","DIRAMAZ":"0","CAUSA_CHIUSURA":null}},{"type":"Feature","id":1015,"geometry":{"type":"Point","coordinates":[11.8776,45.68816]},"properties":{"OBJECTID":1015,"CODIMP":"29260","NOME":"CASTELLO DI GODEGO","IMPIANTO":"S","COMUNE":"Castello Di Godego","PROVINCIA":"Treviso","REGIONE":"Veneto","CODLINEACOMM":"K091","LINEACOMM":"BASSANO DEL GRAPPA - CASTELFRANCO VENETO","DOIT":"VE","SERVIZIO_MERCI":"0","SERVIZIO_VIAGGIATORI":"SI","CAP_REG":"0","CAP_P":"0","DIRAMAZ":"0","CAUSA_CHIUSURA":null}},{"type":"Feature","id":1016,"geometry":{"type":"Point","coordinates":[11.74154,45.76677]},"properties":{"OBJECTID":1016,"CODIMP":"29220","NOME":"BASSANO DEL GRAPPA","IMPIANTO":"S","COMUNE":"Bassano Del Grappa","PROVINCIA":"Vicenza","REGIONE":"Veneto","CODLINEACOMM":"K089","LINEACOMM":"BASSANO DEL GRAPPA - CITTADELLA","DOIT":"VE","SERVIZIO_MERCI":"0","SERVIZIO_VIAGGIATORI":"SI","CAP_REG":"0","CAP_P":"0","DIRAMAZ":"1","CAUSA_CHIUSURA":null}},{"type":"Feature","id":1017,"geometry":{"type":"Point","coordinates":[8.4016,44.77717]},"properties":{"OBJECTID":1017,"CODIMP":"06945","NOME":"BAZZANA","IMPIANTO":"F","COMUNE":"Mombaruzzo","PROVINCIA":"Asti","REGIONE":"Piemonte","CODLINEACOMM":"K195","LINEACOMM":"ASTI - NIZZA MONFERRATO -ACQUI TERME","DOIT":"TO","SERVIZIO_MERCI":"0","SERVIZIO_VIAGGIATORI":"SI","CAP_REG":"0","CAP_P":"0","DIRAMAZ":"0","CAUSA_CHIUSURA":null}},{"type":"Feature","id":1018,"geometry":{"type":"Point","coordinates":[8.36118,44.77299]},"properties":{"OBJECTID":1018,"CODIMP":"06920","NOME":"NIZZA MONFERRATO","IMPIANTO":"S","COMUNE":"Nizza Monferrato","PROVINCIA":"Asti","REGIONE":"Piemonte","CODLINEACOMM":"K195","LINEACOMM":"ASTI - NIZZA MONFERRATO -ACQUI TERME","DOIT":"TO","SERVIZIO_MERCI":"0","SERVIZIO_VIAGGIATORI":"SI","CAP_REG":"0","CAP_P":"0","DIRAMAZ":"1","CAUSA_CHIUSURA":null}},{"type":"Feature","id":1019,"geometry":{"type":"Point","coordinates":[12.10314,45.74796]},"properties":{"OBJECTID":1019,"CODIMP":"30435","NOME":"TREVIGNANO-SIGNORESSA","IMPIANTO":"F","COMUNE":"Trevignano","PROVINCIA":"Treviso","REGIONE":"Veneto","CODLINEACOMM":"K083","LINEACOMM":"MONTEBELLUNA - TREVISO","DOIT":"VE","SERVIZIO_MERCI":"0","SERVIZIO_VIAGGIATORI":"SI","CAP_REG":"0","CAP_P":"0","DIRAMAZ":"0","CAUSA_CHIUSURA":null}},{"type":"Feature","id":1020,"geometry":{"type":"Point","coordinates":[12.14827,45.71593]},"properties":{"OBJECTID":1020,"CODIMP":"30440","NOME":"POSTIOMA","IMPIANTO":"S","COMUNE":"Paese","PROVINCIA":"Treviso","REGIONE":"Veneto","CODLINEACOMM":"K083","LINEACOMM":"MONTEBELLUNA - TREVISO","DOIT":"VE","SERVIZIO_MERCI":"0","SERVIZIO_VIAGGIATORI":"SI","CAP_REG":"0","CAP_P":"0","DIRAMAZ":"0","CAUSA_CHIUSURA":null}},{"type":"Feature","id":1021,"geometry":{"type":"Point","coordinates":[11.97926,46.04017]},"properties":{"OBJECTID":1021,"CODIMP":"29900","NOME":"BUSCHE-LENTIAI-MEL","IMPIANTO":"S","COMUNE":"Cesiomaggiore","PROVINCIA":"Belluno","REGIONE":"Veneto","CODLINEACOMM":"K078","LINEACOMM":"BELLUNO - MONTEBELLUNA","DOIT":"VE","SERVIZIO_MERCI":"0","SERVIZIO_VIAGGIATORI":"SI","CAP_REG":"0","CAP_P":"0","DIRAMAZ":"0","CAUSA_CHIUSURA":null}},{"type":"Feature","id":1022,"geometry":{"type":"Point","coordinates":[11.91152,46.01296]},"properties":{"OBJECTID":1022,"CODIMP":"29940","NOME":"FELTRE","IMPIANTO":"S","COMUNE":"Feltre","PROVINCIA":"Belluno","REGIONE":"Veneto","CODLINEACOMM":"K078","LINEACOMM":"BELLUNO - MONTEBELLUNA","DOIT":"VE","SERVIZIO_MERCI":"0","SERVIZIO_VIAGGIATORI":"SI","CAP_REG":"0","CAP_P":"0","DIRAMAZ":"0","CAUSA_CHIUSURA":null}},{"type":"Feature","id":1023,"geometry":{"type":"Point","coordinates":[12.04296,46.07772]},"properties":{"OBJECTID":1023,"CODIMP":"29860","NOME":"S.GIUSTINA-CESIO","IMPIANTO":"S","COMUNE":"Santa Giustina","PROVINCIA":"Belluno","REGIONE":"Veneto","CODLINEACOMM":"K078","LINEACOMM":"BELLUNO - MONTEBELLUNA","DOIT":"VE","SERVIZIO_MERCI":"0","SERVIZIO_VIAGGIATORI":"SI","CAP_REG":"0","CAP_P":"0","DIRAMAZ":"0","CAUSA_CHIUSURA":null}},{"type":"Feature","id":1025,"geometry":{"type":"Point","coordinates":[8.61317,45.47907]},"properties":{"OBJECTID":1025,"CODIMP":"02900","NOME":"VIGNALE","IMPIANTO":"S","COMUNE":"Novara","PROVINCIA":"Novara","REGIONE":"Piemonte","CODLINEACOMM":"K023","LINEACOMM":"OLEGGIO - VIGNALE","DOIT":"TO","SERVIZIO_MERCI":"0","SERVIZIO_VIAGGIATORI":"SI","CAP_REG":"0","CAP_P":"0","DIRAMAZ":"1","CAUSA_CHIUSURA":null}},{"type":"Feature","id":1026,"geometry":{"type":"Point","coordinates":[11.94457,45.90236]},"properties":{"OBJECTID":1026,"CODIMP":"30020","NOME":"ALANO-FENER-VALDOBBIADENE","IMPIANTO":"S","COMUNE":"Alano Di Piave","PROVINCIA":"Belluno","REGIONE":"Veneto","CODLINEACOMM":"K078","LINEACOMM":"BELLUNO - MONTEBELLUNA","DOIT":"VE","SERVIZIO_MERCI":"0","SERVIZIO_VIAGGIATORI":"SI","CAP_REG":"0","CAP_P":"0","DIRAMAZ":"0","CAUSA_CHIUSURA":null}},{"type":"Feature","id":1027,"geometry":{"type":"Point","coordinates":[11.96524,45.87737]},"properties":{"OBJECTID":1027,"CODIMP":"30060","NOME":"PEDEROBBA-CAVASO-POSSAGNO","IMPIANTO":"F","COMUNE":"Pederobba","PROVINCIA":"Treviso","REGIONE":"Veneto","CODLINEACOMM":"K078","LINEACOMM":"BELLUNO - MONTEBELLUNA","DOIT":"VE","SERVIZIO_MERCI":"0","SERVIZIO_VIAGGIATORI":"SI","CAP_REG":"0","CAP_P":"0","DIRAMAZ":"0","CAUSA_CHIUSURA":null}},{"type":"Feature","id":1028,"geometry":{"type":"Point","coordinates":[11.92021,45.93938]},"properties":{"OBJECTID":1028,"CODIMP":"29980","NOME":"QUERO-VAS","IMPIANTO":"S","COMUNE":"Quero","PROVINCIA":"Belluno","REGIONE":"Veneto","CODLINEACOMM":"K078","LINEACOMM":"BELLUNO - MONTEBELLUNA","DOIT":"VE","SERVIZIO_MERCI":"0","SERVIZIO_VIAGGIATORI":"SI","CAP_REG":"0","CAP_P":"0","DIRAMAZ":"0","CAUSA_CHIUSURA":null}},{"type":"Feature","id":1029,"geometry":{"type":"Point","coordinates":[12.08652,46.0955]},"properties":{"OBJECTID":1029,"CODIMP":"29820","NOME":"SEDICO-BRIBANO","IMPIANTO":"S","COMUNE":"Sedico","PROVINCIA":"Belluno","REGIONE":"Veneto","CODLINEACOMM":"K078","LINEACOMM":"BELLUNO - MONTEBELLUNA","DOIT":"VE","SERVIZIO_MERCI":"0","SERVIZIO_VIAGGIATORI":"SI","CAP_REG":"0","CAP_P":"0","DIRAMAZ":"0","CAUSA_CHIUSURA":null}},{"type":"Feature","id":1030,"geometry":{"type":"Point","coordinates":[12.30196,46.26754]},"properties":{"OBJECTID":1030,"CODIMP":"29700","NOME":"LONGARONE-ZOLDO","IMPIANTO":"S","COMUNE":"Longarone","PROVINCIA":"Belluno","REGIONE":"Veneto","CODLINEACOMM":"K076","LINEACOMM":"CALALZO PC.CORTINA - PONTE NELLE ALPI","DOIT":"VE","SERVIZIO_MERCI":"0","SERVIZIO_VIAGGIATORI":"SI","CAP_REG":"0","CAP_P":"0","DIRAMAZ":"0","CAUSA_CHIUSURA":null}},{"type":"Feature","id":1032,"geometry":{"type":"Point","coordinates":[12.20972,46.14167]},"properties":{"OBJECTID":1032,"CODIMP":"29780","NOME":"BELLUNO","IMPIANTO":"S","COMUNE":"Belluno","PROVINCIA":"Belluno","REGIONE":"Veneto","CODLINEACOMM":"K077","LINEACOMM":"PONTE NELLE ALPI - BELLUNO","DOIT":"VE","SERVIZIO_MERCI":"0","SERVIZIO_VIAGGIATORI":"SI","CAP_REG":"0","CAP_P":"1","DIRAMAZ":"0","CAUSA_CHIUSURA":null}},{"type":"Feature","id":1033,"geometry":{"type":"Point","coordinates":[12.97655,45.96577]},"properties":{"OBJECTID":1033,"CODIMP":"27900","NOME":"CODROIPO","IMPIANTO":"PC","COMUNE":"Codroipo","PROVINCIA":"Udine","REGIONE":"Friuli-Venezia Giulia","CODLINEACOMM":"J037","LINEACOMM":"TARVISIO BOSCOVERDE - MOGLIANO [VENEZIA]","DOIT":"TS","SERVIZIO_MERCI":"0","SERVIZIO_VIAGGIATORI":"SI","CAP_REG":"0","CAP_P":"0","DIRAMAZ":"0","CAUSA_CHIUSURA":null}},{"type":"Feature","id":1034,"geometry":{"type":"Point","coordinates":[12.8406,45.95307]},"properties":{"OBJECTID":1034,"CODIMP":"28020","NOME":"CASARSA","IMPIANTO":"S","COMUNE":"Casarsa Della Delizia","PROVINCIA":"Pordenone","REGIONE":"Friuli-Venezia Giulia","CODLINEACOMM":"J037","LINEACOMM":"TARVISIO BOSCOVERDE - MOGLIANO [VENEZIA]","DOIT":"TS","SERVIZIO_MERCI":"1","SERVIZIO_VIAGGIATORI":"SI","CAP_REG":"0","CAP_P":"0","DIRAMAZ":"1","CAUSA_CHIUSURA":null}},{"type":"Feature","id":1035,"geometry":{"type":"Point","coordinates":[13.10925,46.01281]},"properties":{"OBJECTID":1035,"CODIMP":"27880","NOME":"BASILIANO","IMPIANTO":"S","COMUNE":"Basiliano","PROVINCIA":"Udine","REGIONE":"Friuli-Venezia Giulia","CODLINEACOMM":"J037","LINEACOMM":"TARVISIO BOSCOVERDE - MOGLIANO [VENEZIA]","DOIT":"TS","SERVIZIO_MERCI":"1","SERVIZIO_VIAGGIATORI":"SI","CAP_REG":"0","CAP_P":"0","DIRAMAZ":"0","CAUSA_CHIUSURA":null}},{"type":"Feature","id":1036,"geometry":{"type":"Point","coordinates":[12.53766,46.03154]},"properties":{"OBJECTID":1036,"CODIMP":"33660","NOME":"BUDOIA-POLCENIGO","IMPIANTO":"S","COMUNE":"Budoia","PROVINCIA":"Pordenone","REGIONE":"Friuli-Venezia Giulia","CODLINEACOMM":"K226","LINEACOMM":"GEMONA - PINZANO - SACILE","DOIT":"TS","SERVIZIO_MERCI":"0","SERVIZIO_VIAGGIATORI":"SI","CAP_REG":"0","CAP_P":"0","DIRAMAZ":"0","CAUSA_CHIUSURA":null}},{"type":"Feature","id":1037,"geometry":{"type":"Point","coordinates":[12.51479,45.95923]},"properties":{"OBJECTID":1037,"CODIMP":"33683","NOME":"SACILE-S.LIBERALE","IMPIANTO":"F","COMUNE":"Sacile","PROVINCIA":"Pordenone","REGIONE":"Friuli-Venezia Giulia","CODLINEACOMM":"K226","LINEACOMM":"GEMONA - PINZANO - SACILE","DOIT":"TS","SERVIZIO_MERCI":"0","SERVIZIO_VIAGGIATORI":"SI","CAP_REG":"0","CAP_P":"0","DIRAMAZ":"0","CAUSA_CHIUSURA":null}},{"type":"Feature","id":1038,"geometry":{"type":"Point","coordinates":[12.71453,46.17013]},"properties":{"OBJECTID":1038,"CODIMP":"33540","NOME":"MANIAGO","IMPIANTO":"S","COMUNE":"Maniago","PROVINCIA":"Pordenone","REGIONE":"Friuli-Venezia Giulia","CODLINEACOMM":"K226","LINEACOMM":"GEMONA - PINZANO - SACILE","DOIT":"TS","SERVIZIO_MERCI":"0","SERVIZIO_VIAGGIATORI":"SI","CAP_REG":"0","CAP_P":"0","DIRAMAZ":"0","CAUSA_CHIUSURA":null}},{"type":"Feature","id":1039,"geometry":{"type":"Point","coordinates":[12.65893,46.14808]},"properties":{"OBJECTID":1039,"CODIMP":"33580","NOME":"MONTEREALE VALCELLINA","IMPIANTO":"S","COMUNE":"Montereale Valcellina","PROVINCIA":"Pordenone","REGIONE":"Friuli-Venezia Giulia","CODLINEACOMM":"K226","LINEACOMM":"GEMONA - PINZANO - SACILE","DOIT":"TS","SERVIZIO_MERCI":"0","SERVIZIO_VIAGGIATORI":"SI","CAP_REG":"0","CAP_P":"0","DIRAMAZ":"0","CAUSA_CHIUSURA":null}},{"type":"Feature","id":1040,"geometry":{"type":"Point","coordinates":[12.59069,46.06444]},"properties":{"OBJECTID":1040,"CODIMP":"33620","NOME":"AVIANO","IMPIANTO":"S","COMUNE":"Aviano","PROVINCIA":"Pordenone","REGIONE":"Friuli-Venezia Giulia","CODLINEACOMM":"K226","LINEACOMM":"GEMONA - PINZANO - SACILE","DOIT":"TS","SERVIZIO_MERCI":"0","SERVIZIO_VIAGGIATORI":"SI","CAP_REG":"0","CAP_P":"0","DIRAMAZ":"0","CAUSA_CHIUSURA":null}},{"type":"Feature","id":1047,"geometry":{"type":"Point","coordinates":[8.20816,44.89487]},"properties":{"OBJECTID":1047,"CODIMP":"02140","NOME":"ASTI","IMPIANTO":"S","COMUNE":"Asti","PROVINCIA":"Asti","REGIONE":"Piemonte","CODLINEACOMM":"J003","LINEACOMM":"[TORINO] TROFARELLO - ARQUATA","DOIT":"TO","SERVIZIO_MERCI":"0","SERVIZIO_VIAGGIATORI":"SI","CAP_REG":"0","CAP_P":"1","DIRAMAZ":"1","CAUSA_CHIUSURA":null}},{"type":"Feature","id":1048,"geometry":{"type":"Point","coordinates":[8.20744,44.84169]},"properties":{"OBJECTID":1048,"CODIMP":"06810","NOME":"MONGARDINO","IMPIANTO":"F","COMUNE":"Mongardino","PROVINCIA":"Asti","REGIONE":"Piemonte","CODLINEACOMM":"K195","LINEACOMM":"ASTI - NIZZA MONFERRATO -ACQUI TERME","DOIT":"TO","SERVIZIO_MERCI":"0","SERVIZIO_VIAGGIATORI":"SI","CAP_REG":"0","CAP_P":"0","DIRAMAZ":"0","CAUSA_CHIUSURA":null}},{"type":"Feature","id":1051,"geometry":{"type":"Point","coordinates":[13.12799,46.27432]},"properties":{"OBJECTID":1051,"CODIMP":"31900","NOME":"GEMONA DEL FRIULI","IMPIANTO":"S","COMUNE":"Gemona Del Friuli","PROVINCIA":"Udine","REGIONE":"Friuli-Venezia Giulia","CODLINEACOMM":"J037","LINEACOMM":"TARVISIO BOSCOVERDE - MOGLIANO [VENEZIA]","DOIT":"TS","SERVIZIO_MERCI":"0","SERVIZIO_VIAGGIATORI":"SI","CAP_REG":"0","CAP_P":"0","DIRAMAZ":"1","CAUSA_CHIUSURA":null}},{"type":"Feature","id":1057,"geometry":{"type":"Point","coordinates":[13.29646,45.90694]},"properties":{"OBJECTID":1057,"CODIMP":"33050","NOME":"PALMANOVA","IMPIANTO":"S","COMUNE":"Palmanova","PROVINCIA":"Udine","REGIONE":"Friuli-Venezia Giulia","CODLINEACOMM":"K094","LINEACOMM":"UDINE - PALMANOVA","DOIT":"TS","SERVIZIO_MERCI":"0","SERVIZIO_VIAGGIATORI":"SI","CAP_REG":"0","CAP_P":"0","DIRAMAZ":"0","CAUSA_CHIUSURA":null}},{"type":"Feature","id":1059,"geometry":{"type":"Point","coordinates":[13.26182,45.97495]},"properties":{"OBJECTID":1059,"CODIMP":"33030","NOME":"RISANO","IMPIANTO":"S","COMUNE":"Pavia di Udine","PROVINCIA":"Udine","REGIONE":"Friuli-Venezia Giulia","CODLINEACOMM":"K094","LINEACOMM":"UDINE - PALMANOVA","DOIT":"TS","SERVIZIO_MERCI":"0","SERVIZIO_VIAGGIATORI":"NO","CAP_REG":"0","CAP_P":"0","DIRAMAZ":"0","CAUSA_CHIUSURA":null}},{"type":"Feature","id":1061,"geometry":{"type":"Point","coordinates":[12.85895,45.80996]},"properties":{"OBJECTID":1061,"CODIMP":"29550","NOME":"TEGLIO VENETO","IMPIANTO":"F","COMUNE":"Teglio Veneto","PROVINCIA":"Venezia","REGIONE":"Veneto","CODLINEACOMM":"K205","LINEACOMM":"CASARSA - SAN VITO - PORTOGRUARO","DOIT":"TS","SERVIZIO_MERCI":"0","SERVIZIO_VIAGGIATORI":"SI","CAP_REG":"0","CAP_P":"0","DIRAMAZ":"0","CAUSA_CHIUSURA":null}},{"type":"Feature","id":1062,"geometry":{"type":"Point","coordinates":[12.83239,45.78151]},"properties":{"OBJECTID":1062,"CODIMP":"27390","NOME":"PORTOGRUARO-CAORLE","IMPIANTO":"S","COMUNE":"Portogruaro","PROVINCIA":"Venezia","REGIONE":"Veneto","CODLINEACOMM":"J035","LINEACOMM":"[VENEZIA] VENEZIA CARPENEDO - VILLA OPICINA / TRIESTE","DOIT":"VE","SERVIZIO_MERCI":"1","SERVIZIO_VIAGGIATORI":"SI","CAP_REG":"0","CAP_P":"0","DIRAMAZ":"1","CAUSA_CHIUSURA":null}},{"type":"Feature","id":1063,"geometry":{"type":"Point","coordinates":[12.8778,45.85072]},"properties":{"OBJECTID":1063,"CODIMP":"29540","NOME":"CORDOVADO SESTO","IMPIANTO":"S","COMUNE":"Sesto Al Reghena","PROVINCIA":"Pordenone","REGIONE":"Friuli-Venezia Giulia","CODLINEACOMM":"K205","LINEACOMM":"CASARSA - SAN VITO - PORTOGRUARO","DOIT":"TS","SERVIZIO_MERCI":"1","SERVIZIO_VIAGGIATORI":"SI","CAP_REG":"0","CAP_P":"0","DIRAMAZ":"0","CAUSA_CHIUSURA":null}},{"type":"Feature","id":1064,"geometry":{"type":"Point","coordinates":[12.8516,45.9125]},"properties":{"OBJECTID":1064,"CODIMP":"29500","NOME":"S.VITO AL TAGLIAMENTO","IMPIANTO":"S","COMUNE":"San Vito Al Tagliamento","PROVINCIA":"Pordenone","REGIONE":"Friuli-Venezia Giulia","CODLINEACOMM":"K205","LINEACOMM":"CASARSA - SAN VITO - PORTOGRUARO","DOIT":"TS","SERVIZIO_MERCI":"0","SERVIZIO_VIAGGIATORI":"SI","CAP_REG":"0","CAP_P":"0","DIRAMAZ":"0","CAUSA_CHIUSURA":null}},{"type":"Feature","id":1065,"geometry":{"type":"Point","coordinates":[12.57528,45.96763]},"properties":{"OBJECTID":1065,"CODIMP":"28063","NOME":"FONTANAFREDDA","IMPIANTO":"F","COMUNE":"Fontanafredda","PROVINCIA":"Pordenone","REGIONE":"Friuli-Venezia Giulia","CODLINEACOMM":"J037","LINEACOMM":"TARVISIO BOSCOVERDE - MOGLIANO [VENEZIA]","DOIT":"TS","SERVIZIO_MERCI":"0","SERVIZIO_VIAGGIATORI":"SI","CAP_REG":"0","CAP_P":"0","DIRAMAZ":"0","CAUSA_CHIUSURA":null}},{"type":"Feature","id":1066,"geometry":{"type":"Point","coordinates":[12.75749,45.9455]},"properties":{"OBJECTID":1066,"CODIMP":"28030","NOME":"CUSANO","IMPIANTO":"F","COMUNE":"Fiume Veneto","PROVINCIA":"Pordenone","REGIONE":"Friuli-Venezia Giulia","CODLINEACOMM":"J037","LINEACOMM":"TARVISIO BOSCOVERDE - MOGLIANO [VENEZIA]","DOIT":"TS","SERVIZIO_MERCI":"0","SERVIZIO_VIAGGIATORI":"SI","CAP_REG":"0","CAP_P":"0","DIRAMAZ":"0","CAUSA_CHIUSURA":null}},{"type":"Feature","id":1067,"geometry":{"type":"Point","coordinates":[12.65414,45.95636]},"properties":{"OBJECTID":1067,"CODIMP":"28060","NOME":"PORDENONE","IMPIANTO":"S","COMUNE":"Pordenone","PROVINCIA":"Pordenone","REGIONE":"Friuli-Venezia Giulia","CODLINEACOMM":"J037","LINEACOMM":"TARVISIO BOSCOVERDE - MOGLIANO [VENEZIA]","DOIT":"TS","SERVIZIO_MERCI":"1","SERVIZIO_VIAGGIATORI":"SI","CAP_REG":"0","CAP_P":"1","DIRAMAZ":"0","CAUSA_CHIUSURA":null}},{"type":"Feature","id":1069,"geometry":{"type":"Point","coordinates":[14.07929,41.85094]},"properties":{"OBJECTID":1069,"CODIMP":"66840","NOME":"ROCCARASO","IMPIANTO":"S","COMUNE":"Roccaraso","PROVINCIA":"L'Aquila","REGIONE":"Abruzzo","CODLINEACOMM":"K229","LINEACOMM":"SULMONA - CARPINONE","DOIT":"AN","SERVIZIO_MERCI":"0","SERVIZIO_VIAGGIATORI":"SI","CAP_REG":"0","CAP_P":"0","DIRAMAZ":"0","CAUSA_CHIUSURA":"B"}},{"type":"Feature","id":1070,"geometry":{"type":"Point","coordinates":[10.24768,43.91226]},"properties":{"OBJECTID":1070,"CODIMP":"45503","NOME":"CAMAIORE LIDO C.","IMPIANTO":"F","COMUNE":"Camaiore","PROVINCIA":"Lucca","REGIONE":"Toscana","CODLINEACOMM":"J045","LINEACOMM":"[GENOVA] GENOVA NERVI - PISA","DOIT":"FI","SERVIZIO_MERCI":"0","SERVIZIO_VIAGGIATORI":"SI","CAP_REG":"0","CAP_P":"0","DIRAMAZ":"0","CAUSA_CHIUSURA":null}},{"type":"Feature","id":1071,"geometry":{"type":"Point","coordinates":[10.25791,43.86604]},"properties":{"OBJECTID":1071,"CODIMP":"45540","NOME":"VIAREGGIO","IMPIANTO":"S","COMUNE":"Viareggio","PROVINCIA":"Lucca","REGIONE":"Toscana","CODLINEACOMM":"J045","LINEACOMM":"[GENOVA] GENOVA NERVI - PISA","DOIT":"FI","SERVIZIO_MERCI":"0","SERVIZIO_VIAGGIATORI":"SI","CAP_REG":"0","CAP_P":"0","DIRAMAZ":"1","CAUSA_CHIUSURA":null}},{"type":"Feature","id":1073,"geometry":{"type":"Point","coordinates":[7.9322,45.20188]},"properties":{"OBJECTID":1073,"CODIMP":"01155","NOME":"CASTELROSSO","IMPIANTO":"F","COMUNE":"Chivasso","PROVINCIA":"Torino","REGIONE":"Piemonte","CODLINEACOMM":"J011","LINEACOMM":"[TORINO] SETTIMO T. - RHO [MILANO] (compresa Novara Boschetto)","DOIT":"TO","SERVIZIO_MERCI":"0","SERVIZIO_VIAGGIATORI":"SI","CAP_REG":"0","CAP_P":"0","DIRAMAZ":"0","CAUSA_CHIUSURA":null}},{"type":"Feature","id":1074,"geometry":{"type":"Point","coordinates":[7.49863,44.6432]},"properties":{"OBJECTID":1074,"CODIMP":"10740","NOME":"SALUZZO","IMPIANTO":"S","COMUNE":"Saluzzo","PROVINCIA":"Cuneo","REGIONE":"Piemonte","CODLINEACOMM":"K243","LINEACOMM":"SALUZZO - CUNEO","DOIT":"TO","SERVIZIO_MERCI":"0","SERVIZIO_VIAGGIATORI":"SI","CAP_REG":"0","CAP_P":"0","DIRAMAZ":"0","CAUSA_CHIUSURA":null}},{"type":"Feature","id":1075,"geometry":{"type":"Point","coordinates":[7.49421,44.62097]},"properties":{"OBJECTID":1075,"CODIMP":"10745","NOME":"MANTA","IMPIANTO":"F","COMUNE":"Manta","PROVINCIA":"Cuneo","REGIONE":"Piemonte","CODLINEACOMM":"K243","LINEACOMM":"SALUZZO - CUNEO","DOIT":"TO","SERVIZIO_MERCI":"0","SERVIZIO_VIAGGIATORI":"SI","CAP_REG":"0","CAP_P":"0","DIRAMAZ":"0","CAUSA_CHIUSURA":null}},{"type":"Feature","id":1076,"geometry":{"type":"Point","coordinates":[9.88931,44.12717]},"properties":{"OBJECTID":1076,"CODIMP":"45180","NOME":"VEZZANO LIGURE","IMPIANTO":"S","COMUNE":"Vezzano Ligure","PROVINCIA":"La Spezia","REGIONE":"Liguria","CODLINEACOMM":"J045","LINEACOMM":"[GENOVA] GENOVA NERVI - PISA","DOIT":"FI","SERVIZIO_MERCI":"0","SERVIZIO_VIAGGIATORI":"SI","CAP_REG":"0","CAP_P":"0","DIRAMAZ":"1","CAUSA_CHIUSURA":null}},{"type":"Feature","id":1077,"geometry":{"type":"Point","coordinates":[15.16368,37.60066]},"properties":{"OBJECTID":1077,"CODIMP":"88000","NOME":"ACIREALE","IMPIANTO":"S","COMUNE":"Acireale","PROVINCIA":"Catania","REGIONE":"Sicilia","CODLINEACOMM":"K169","LINEACOMM":"MESSINA CENTRALE - CATANIA CENTRALE","DOIT":"PA","SERVIZIO_MERCI":"0","SERVIZIO_VIAGGIATORI":"SI","CAP_REG":"0","CAP_P":"0","DIRAMAZ":"0","CAUSA_CHIUSURA":null}},{"type":"Feature","id":1078,"geometry":{"type":"Point","coordinates":[15.12965,37.54718]},"properties":{"OBJECTID":1078,"CODIMP":"88030","NOME":"CANNIZZARO","IMPIANTO":"S","COMUNE":"Acicastello","PROVINCIA":"Catania","REGIONE":"Sicilia","CODLINEACOMM":"K169","LINEACOMM":"MESSINA CENTRALE - CATANIA CENTRALE","DOIT":"PA","SERVIZIO_MERCI":"0","SERVIZIO_VIAGGIATORI":"SI","CAP_REG":"0","CAP_P":"0","DIRAMAZ":"0","CAUSA_CHIUSURA":null}},{"type":"Feature","id":1083,"geometry":{"type":"Point","coordinates":[7.96956,45.19319]},"properties":{"OBJECTID":1083,"CODIMP":"06200","NOME":"VEROLENGO","IMPIANTO":"S","COMUNE":"Verolengo","PROVINCIA":"Torino","REGIONE":"Piemonte","CODLINEACOMM":"K005","LINEACOMM":"BIVIO CAST.ROSSO - CASALE POPOLO","DOIT":"TO","SERVIZIO_MERCI":"0","SERVIZIO_VIAGGIATORI":"SI","CAP_REG":"0","CAP_P":"0","DIRAMAZ":"0","CAUSA_CHIUSURA":null}},{"type":"Feature","id":1085,"geometry":{"type":"Point","coordinates":[8.10722,45.19438]},"properties":{"OBJECTID":1085,"CODIMP":"06240","NOME":"CRESCENTINO","IMPIANTO":"S","COMUNE":"Crescentino","PROVINCIA":"Vercelli","REGIONE":"Piemonte","CODLINEACOMM":"K005","LINEACOMM":"BIVIO CAST.ROSSO - CASALE POPOLO","DOIT":"TO","SERVIZIO_MERCI":"1","SERVIZIO_VIAGGIATORI":"SI","CAP_REG":"0","CAP_P":"0","DIRAMAZ":"0","CAUSA_CHIUSURA":null}},{"type":"Feature","id":1086,"geometry":{"type":"Point","coordinates":[8.02025,45.18991]},"properties":{"OBJECTID":1086,"CODIMP":"06227","NOME":"BORGO REVEL","IMPIANTO":"S","COMUNE":"Verolengo","PROVINCIA":"Torino","REGIONE":"Piemonte","CODLINEACOMM":"K005","LINEACOMM":"BIVIO CAST.ROSSO - CASALE POPOLO","DOIT":"TO","SERVIZIO_MERCI":"0","SERVIZIO_VIAGGIATORI":"SI","CAP_REG":"0","CAP_P":"0","DIRAMAZ":"0","CAUSA_CHIUSURA":null}},{"type":"Feature","id":1087,"geometry":{"type":"Point","coordinates":[8.29413,45.19015]},"properties":{"OBJECTID":1087,"CODIMP":"06320","NOME":"TRINO VERCELLESE","IMPIANTO":"S","COMUNE":"Trino","PROVINCIA":"Vercelli","REGIONE":"Piemonte","CODLINEACOMM":"K005","LINEACOMM":"BIVIO CAST.ROSSO - CASALE POPOLO","DOIT":"TO","SERVIZIO_MERCI":"1","SERVIZIO_VIAGGIATORI":"SI","CAP_REG":"0","CAP_P":"0","DIRAMAZ":"0","CAUSA_CHIUSURA":null}},{"type":"Feature","id":1088,"geometry":{"type":"Point","coordinates":[8.23283,45.18909]},"properties":{"OBJECTID":1088,"CODIMP":"06285","NOME":"PALAZZOLO VERCELLESE","IMPIANTO":"F","COMUNE":"Palazzolo Vercellese","PROVINCIA":"Vercelli","REGIONE":"Piemonte","CODLINEACOMM":"K005","LINEACOMM":"BIVIO CAST.ROSSO - CASALE POPOLO","DOIT":"TO","SERVIZIO_MERCI":"0","SERVIZIO_VIAGGIATORI":"SI","CAP_REG":"0","CAP_P":"0","DIRAMAZ":"0","CAUSA_CHIUSURA":null}},{"type":"Feature","id":1089,"geometry":{"type":"Point","coordinates":[8.18874,45.19132]},"properties":{"OBJECTID":1089,"CODIMP":"06280","NOME":"FONTANETTO PO","IMPIANTO":"S","COMUNE":"Fontanetto Po","PROVINCIA":"Vercelli","REGIONE":"Piemonte","CODLINEACOMM":"K005","LINEACOMM":"BIVIO CAST.ROSSO - CASALE POPOLO","DOIT":"TO","SERVIZIO_MERCI":"0","SERVIZIO_VIAGGIATORI":"SI","CAP_REG":"0","CAP_P":"0","DIRAMAZ":"0","CAUSA_CHIUSURA":null}},{"type":"Feature","id":1090,"geometry":{"type":"Point","coordinates":[8.40221,45.17406]},"properties":{"OBJECTID":1090,"CODIMP":"06365","NOME":"BALZOLA","IMPIANTO":"F","COMUNE":"Balzola","PROVINCIA":"Alessandria","REGIONE":"Piemonte","CODLINEACOMM":"K005","LINEACOMM":"BIVIO CAST.ROSSO - CASALE POPOLO","DOIT":"TO","SERVIZIO_MERCI":"0","SERVIZIO_VIAGGIATORI":"SI","CAP_REG":"0","CAP_P":"0","DIRAMAZ":"0","CAUSA_CHIUSURA":null}},{"type":"Feature","id":1092,"geometry":{"type":"Point","coordinates":[8.36621,45.17087]},"properties":{"OBJECTID":1092,"CODIMP":"06360","NOME":"MORANO SUL PO","IMPIANTO":"S","COMUNE":"Morano Sul Po","PROVINCIA":"Alessandria","REGIONE":"Piemonte","CODLINEACOMM":"K005","LINEACOMM":"BIVIO CAST.ROSSO - CASALE POPOLO","DOIT":"TO","SERVIZIO_MERCI":"0","SERVIZIO_VIAGGIATORI":"SI","CAP_REG":"0","CAP_P":"0","DIRAMAZ":"0","CAUSA_CHIUSURA":null}},{"type":"Feature","id":1093,"geometry":{"type":"Point","coordinates":[8.5207,45.08716]},"properties":{"OBJECTID":1093,"CODIMP":"06480","NOME":"BORGO S.MARTINO","IMPIANTO":"S","COMUNE":"Borgo San Martino","PROVINCIA":"Alessandria","REGIONE":"Piemonte","CODLINEACOMM":"K006","LINEACOMM":"CASALE MONFERRATO - VALENZA","DOIT":"TO","SERVIZIO_MERCI":"0","SERVIZIO_VIAGGIATORI":"SI","CAP_REG":"0","CAP_P":"0","DIRAMAZ":"0","CAUSA_CHIUSURA":null}},{"type":"Feature","id":1094,"geometry":{"type":"Point","coordinates":[8.56094,45.05621]},"properties":{"OBJECTID":1094,"CODIMP":"06520","NOME":"GIAROLE","IMPIANTO":"S","COMUNE":"Giarole","PROVINCIA":"Alessandria","REGIONE":"Piemonte","CODLINEACOMM":"K006","LINEACOMM":"CASALE MONFERRATO - VALENZA","DOIT":"TO","SERVIZIO_MERCI":"0","SERVIZIO_VIAGGIATORI":"SI","CAP_REG":"0","CAP_P":"0","DIRAMAZ":"0","CAUSA_CHIUSURA":null}},{"type":"Feature","id":1096,"geometry":{"type":"Point","coordinates":[8.53822,44.83609]},"properties":{"OBJECTID":1096,"CODIMP":"03285","NOME":"BORGORATTO","IMPIANTO":"F","COMUNE":"Borgoratto Alessandrino","PROVINCIA":"Alessandria","REGIONE":"Piemonte","CODLINEACOMM":"K018","LINEACOMM":"CANTALUPO - ACQUI TERME","DOIT":"TO","SERVIZIO_MERCI":"0","SERVIZIO_VIAGGIATORI":"SI","CAP_REG":"0","CAP_P":"0","DIRAMAZ":"0","CAUSA_CHIUSURA":null}},{"type":"Feature","id":1097,"geometry":{"type":"Point","coordinates":[7.66803,45.00048]},"properties":{"OBJECTID":1097,"CODIMP":"08420","NOME":"MONCALIERI SANGONE","IMPIANTO":"S","COMUNE":"Moncalieri","PROVINCIA":"Torino","REGIONE":"Piemonte","CODLINEACOMM":"K008","LINEACOMM":"BIVIO SANGONE - PINEROLO","DOIT":"TO","SERVIZIO_MERCI":"0","SERVIZIO_VIAGGIATORI":"SI","CAP_REG":"0","CAP_P":"0","DIRAMAZ":"0","CAUSA_CHIUSURA":null}},{"type":"Feature","id":1098,"geometry":{"type":"Point","coordinates":[7.64212,44.9914]},"properties":{"OBJECTID":1098,"CODIMP":"08445","NOME":"NICHELINO","IMPIANTO":"F","COMUNE":"Nichelino","PROVINCIA":"Torino","REGIONE":"Piemonte","CODLINEACOMM":"K008","LINEACOMM":"BIVIO SANGONE - PINEROLO","DOIT":"TO","SERVIZIO_MERCI":"0","SERVIZIO_VIAGGIATORI":"SI","CAP_REG":"0","CAP_P":"0","DIRAMAZ":"0","CAUSA_CHIUSURA":null}},{"type":"Feature","id":1099,"geometry":{"type":"Point","coordinates":[7.59902,44.96123]},"properties":{"OBJECTID":1099,"CODIMP":"08460","NOME":"CANDIOLO","IMPIANTO":"S","COMUNE":"Candiolo","PROVINCIA":"Torino","REGIONE":"Piemonte","CODLINEACOMM":"K008","LINEACOMM":"BIVIO SANGONE - PINEROLO","DOIT":"TO","SERVIZIO_MERCI":"1","SERVIZIO_VIAGGIATORI":"SI","CAP_REG":"0","CAP_P":"0","DIRAMAZ":"0","CAUSA_CHIUSURA":null}},{"type":"Feature","id":1100,"geometry":{"type":"Point","coordinates":[7.54011,44.9381]},"properties":{"OBJECTID":1100,"CODIMP":"08500","NOME":"NONE","IMPIANTO":"S","COMUNE":"None","PROVINCIA":"Torino","REGIONE":"Piemonte","CODLINEACOMM":"K008","LINEACOMM":"BIVIO SANGONE - PINEROLO","DOIT":"TO","SERVIZIO_MERCI":"0","SERVIZIO_VIAGGIATORI":"SI","CAP_REG":"0","CAP_P":"0","DIRAMAZ":"0","CAUSA_CHIUSURA":null}},{"type":"Feature","id":1105,"geometry":{"type":"Point","coordinates":[7.74962,44.92062]},"properties":{"OBJECTID":1105,"CODIMP":"03980","NOME":"VILLASTELLONE","IMPIANTO":"F","COMUNE":"Villastellone","PROVINCIA":"Torino","REGIONE":"Piemonte","CODLINEACOMM":"K011","LINEACOMM":"TROFARELLO - FOSSANO","DOIT":"TO","SERVIZIO_MERCI":"0","SERVIZIO_VIAGGIATORI":"SI","CAP_REG":"0","CAP_P":"0","DIRAMAZ":"0","CAUSA_CHIUSURA":null}},{"type":"Feature","id":1106,"geometry":{"type":"Point","coordinates":[7.72801,44.84703]},"properties":{"OBJECTID":1106,"CODIMP":"04020","NOME":"CARMAGNOLA","IMPIANTO":"S","COMUNE":"Carmagnola","PROVINCIA":"Torino","REGIONE":"Piemonte","CODLINEACOMM":"K011","LINEACOMM":"TROFARELLO - FOSSANO","DOIT":"TO","SERVIZIO_MERCI":"1","SERVIZIO_VIAGGIATORI":"SI","CAP_REG":"0","CAP_P":"0","DIRAMAZ":"1","CAUSA_CHIUSURA":null}},{"type":"Feature","id":1108,"geometry":{"type":"Point","coordinates":[7.59107,44.49631]},"properties":{"OBJECTID":1108,"CODIMP":"08060","NOME":"CENTALLO","IMPIANTO":"S","COMUNE":"Centallo","PROVINCIA":"Cuneo","REGIONE":"Piemonte","CODLINEACOMM":"K009","LINEACOMM":"FOSSANO - CUNEO","DOIT":"TO","SERVIZIO_MERCI":"0","SERVIZIO_VIAGGIATORI":"SI","CAP_REG":"0","CAP_P":"0","DIRAMAZ":"0","CAUSA_CHIUSURA":null}},{"type":"Feature","id":1111,"geometry":{"type":"Point","coordinates":[7.68572,44.77126]},"properties":{"OBJECTID":1111,"CODIMP":"04060","NOME":"RACCONIGI","IMPIANTO":"S","COMUNE":"Racconigi","PROVINCIA":"Cuneo","REGIONE":"Piemonte","CODLINEACOMM":"K011","LINEACOMM":"TROFARELLO - FOSSANO","DOIT":"TO","SERVIZIO_MERCI":"1","SERVIZIO_VIAGGIATORI":"SI","CAP_REG":"0","CAP_P":"0","DIRAMAZ":"0","CAUSA_CHIUSURA":null}},{"type":"Feature","id":1112,"geometry":{"type":"Point","coordinates":[7.71801,44.55032]},"properties":{"OBJECTID":1112,"CODIMP":"04180","NOME":"FOSSANO","IMPIANTO":"S","COMUNE":"Fossano","PROVINCIA":"Cuneo","REGIONE":"Piemonte","CODLINEACOMM":"K009","LINEACOMM":"FOSSANO - CUNEO","DOIT":"TO","SERVIZIO_MERCI":"1","SERVIZIO_VIAGGIATORI":"SI","CAP_REG":"0","CAP_P":"0","DIRAMAZ":"1","CAUSA_CHIUSURA":null}},{"type":"Feature","id":1115,"geometry":{"type":"Point","coordinates":[7.53628,44.388]},"properties":{"OBJECTID":1115,"CODIMP":"08180","NOME":"CUNEO","IMPIANTO":"S","COMUNE":"Cuneo","PROVINCIA":"Cuneo","REGIONE":"Piemonte","CODLINEACOMM":"K009","LINEACOMM":"FOSSANO - CUNEO","DOIT":"TO","SERVIZIO_MERCI":"1","SERVIZIO_VIAGGIATORI":"SI","CAP_REG":"0","CAP_P":"1","DIRAMAZ":"1","CAUSA_CHIUSURA":null}},{"type":"Feature","id":1116,"geometry":{"type":"Point","coordinates":[7.48616,44.32634]},"properties":{"OBJECTID":1116,"CODIMP":"08240","NOME":"BORGO S.DALMAZZO","IMPIANTO":"S","COMUNE":"Borgo San Dalmazzo","PROVINCIA":"Cuneo","REGIONE":"Piemonte","CODLINEACOMM":"K010","LINEACOMM":"CUNEO - VENTIMIGLIA","DOIT":"TO","SERVIZIO_MERCI":"0","SERVIZIO_VIAGGIATORI":"SI","CAP_REG":"0","CAP_P":"0","DIRAMAZ":"0","CAUSA_CHIUSURA":null}},{"type":"Feature","id":1117,"geometry":{"type":"Point","coordinates":[7.48541,44.31453]},"properties":{"OBJECTID":1117,"CODIMP":"08265","NOME":"ROCCAVIONE","IMPIANTO":"F","COMUNE":"Roccavione","PROVINCIA":"Cuneo","REGIONE":"Piemonte","CODLINEACOMM":"K010","LINEACOMM":"CUNEO - VENTIMIGLIA","DOIT":"TO","SERVIZIO_MERCI":"0","SERVIZIO_VIAGGIATORI":"SI","CAP_REG":"0","CAP_P":"0","DIRAMAZ":"0","CAUSA_CHIUSURA":null}},{"type":"Feature","id":1118,"geometry":{"type":"Point","coordinates":[7.51095,44.29658]},"properties":{"OBJECTID":1118,"CODIMP":"08280","NOME":"ROBILANTE","IMPIANTO":"S","COMUNE":"Robilante","PROVINCIA":"Cuneo","REGIONE":"Piemonte","CODLINEACOMM":"K010","LINEACOMM":"CUNEO - VENTIMIGLIA","DOIT":"TO","SERVIZIO_MERCI":"1","SERVIZIO_VIAGGIATORI":"SI","CAP_REG":"0","CAP_P":"0","DIRAMAZ":"0","CAUSA_CHIUSURA":null}},{"type":"Feature","id":1121,"geometry":{"type":"Point","coordinates":[7.81609,44.39823]},"properties":{"OBJECTID":1121,"CODIMP":"04300","NOME":"MONDOVI'","IMPIANTO":"S","COMUNE":"Mondovì","PROVINCIA":"Cuneo","REGIONE":"Piemonte","CODLINEACOMM":"K012","LINEACOMM":"FOSSANO - MONDOVI'","DOIT":"TO","SERVIZIO_MERCI":"1","SERVIZIO_VIAGGIATORI":"SI","CAP_REG":"0","CAP_P":"0","DIRAMAZ":"1","CAUSA_CHIUSURA":null}},{"type":"Feature","id":1125,"geometry":{"type":"Point","coordinates":[7.53604,44.24473]},"properties":{"OBJECTID":1125,"CODIMP":"08320","NOME":"VERNANTE","IMPIANTO":"S","COMUNE":"Vernante","PROVINCIA":"Cuneo","REGIONE":"Piemonte","CODLINEACOMM":"K010","LINEACOMM":"CUNEO - VENTIMIGLIA","DOIT":"TO","SERVIZIO_MERCI":"0","SERVIZIO_VIAGGIATORI":"SI","CAP_REG":"0","CAP_P":"0","DIRAMAZ":"0","CAUSA_CHIUSURA":null}},{"type":"Feature","id":1126,"geometry":{"type":"Point","coordinates":[7.57795,44.20389]},"properties":{"OBJECTID":1126,"CODIMP":"08360","NOME":"LIMONE","IMPIANTO":"S","COMUNE":"Limone Piemonte","PROVINCIA":"Cuneo","REGIONE":"Piemonte","CODLINEACOMM":"K010","LINEACOMM":"CUNEO - VENTIMIGLIA","DOIT":"TO","SERVIZIO_MERCI":"0","SERVIZIO_VIAGGIATORI":"SI","CAP_REG":"0","CAP_P":"0","DIRAMAZ":"0","CAUSA_CHIUSURA":null}},{"type":"Feature","id":1128,"geometry":{"type":"Point","coordinates":[7.9427,44.38598]},"properties":{"OBJECTID":1128,"CODIMP":"04380","NOME":"LESEGNO","IMPIANTO":"S","COMUNE":"Lesegno","PROVINCIA":"Cuneo","REGIONE":"Piemonte","CODLINEACOMM":"K013","LINEACOMM":"MONDOVI' - CEVA","DOIT":"TO","SERVIZIO_MERCI":"1","SERVIZIO_VIAGGIATORI":"SI","CAP_REG":"0","CAP_P":"0","DIRAMAZ":"0","CAUSA_CHIUSURA":null}},{"type":"Feature","id":1129,"geometry":{"type":"Point","coordinates":[7.89472,44.37413]},"properties":{"OBJECTID":1129,"CODIMP":"04340","NOME":"VICOFORTE-S.MICHELE","IMPIANTO":"F","COMUNE":"Vicoforte","PROVINCIA":"Cuneo","REGIONE":"Piemonte","CODLINEACOMM":"K013","LINEACOMM":"MONDOVI' - CEVA","DOIT":"TO","SERVIZIO_MERCI":"0","SERVIZIO_VIAGGIATORI":"SI","CAP_REG":"0","CAP_P":"0","DIRAMAZ":"0","CAUSA_CHIUSURA":null}},{"type":"Feature","id":1130,"geometry":{"type":"Point","coordinates":[7.77789,44.44535]},"properties":{"OBJECTID":1130,"CODIMP":"04260","NOME":"MAGLIANO-CRAVA-MOROZZO","IMPIANTO":"S","COMUNE":"Magliano Alpi","PROVINCIA":"Cuneo","REGIONE":"Piemonte","CODLINEACOMM":"K012","LINEACOMM":"FOSSANO - MONDOVI'","DOIT":"TO","SERVIZIO_MERCI":"0","SERVIZIO_VIAGGIATORI":"SI","CAP_REG":"0","CAP_P":"0","DIRAMAZ":"0","CAUSA_CHIUSURA":null}},{"type":"Feature","id":1134,"geometry":{"type":"Point","coordinates":[8.17293,44.40452]},"properties":{"OBJECTID":1134,"CODIMP":"04500","NOME":"SALICETO","IMPIANTO":"F","COMUNE":"Saliceto","PROVINCIA":"Cuneo","REGIONE":"Piemonte","CODLINEACOMM":"K014","LINEACOMM":"CEVA - S.GIUSEPPE DI C.","DOIT":"TO","SERVIZIO_MERCI":"0","SERVIZIO_VIAGGIATORI":"SI","CAP_REG":"0","CAP_P":"0","DIRAMAZ":"0","CAUSA_CHIUSURA":null}},{"type":"Feature","id":1135,"geometry":{"type":"Point","coordinates":[8.07751,44.39251]},"properties":{"OBJECTID":1135,"CODIMP":"04460","NOME":"SALE LANGHE","IMPIANTO":"S","COMUNE":"Sale Delle Langhe","PROVINCIA":"Cuneo","REGIONE":"Piemonte","CODLINEACOMM":"K014","LINEACOMM":"CEVA - S.GIUSEPPE DI C.","DOIT":"TO","SERVIZIO_MERCI":"0","SERVIZIO_VIAGGIATORI":"SI","CAP_REG":"0","CAP_P":"0","DIRAMAZ":"0","CAUSA_CHIUSURA":null}},{"type":"Feature","id":1139,"geometry":{"type":"Point","coordinates":[8.032,44.38995]},"properties":{"OBJECTID":1139,"CODIMP":"04420","NOME":"CEVA","IMPIANTO":"S","COMUNE":"Ceva","PROVINCIA":"Cuneo","REGIONE":"Piemonte","CODLINEACOMM":"K013","LINEACOMM":"MONDOVI' - CEVA","DOIT":"TO","SERVIZIO_MERCI":"0","SERVIZIO_VIAGGIATORI":"SI","CAP_REG":"0","CAP_P":"0","DIRAMAZ":"1","CAUSA_CHIUSURA":null}},{"type":"Feature","id":1140,"geometry":{"type":"Point","coordinates":[7.88971,45.19372]},"properties":{"OBJECTID":1140,"CODIMP":"01120","NOME":"CHIVASSO","IMPIANTO":"S","COMUNE":"Chivasso","PROVINCIA":"Torino","REGIONE":"Piemonte","CODLINEACOMM":"J011","LINEACOMM":"[TORINO] SETTIMO T. - RHO [MILANO] (compresa Novara Boschetto)","DOIT":"TO","SERVIZIO_MERCI":"0","SERVIZIO_VIAGGIATORI":"SI","CAP_REG":"0","CAP_P":"0","DIRAMAZ":"1","CAUSA_CHIUSURA":null}},{"type":"Feature","id":1142,"geometry":{"type":"Point","coordinates":[7.69215,44.70823]},"properties":{"OBJECTID":1142,"CODIMP":"04100","NOME":"CAVALLERMAGGIORE","IMPIANTO":"S","COMUNE":"Cavallermaggiore","PROVINCIA":"Cuneo","REGIONE":"Piemonte","CODLINEACOMM":"K011","LINEACOMM":"TROFARELLO - FOSSANO","DOIT":"TO","SERVIZIO_MERCI":"0","SERVIZIO_VIAGGIATORI":"SI","CAP_REG":"0","CAP_P":"0","DIRAMAZ":"1","CAUSA_CHIUSURA":null}},{"type":"Feature","id":1143,"geometry":{"type":"Point","coordinates":[7.6638,44.65142]},"properties":{"OBJECTID":1143,"CODIMP":"04140","NOME":"SAVIGLIANO","IMPIANTO":"S","COMUNE":"Savigliano","PROVINCIA":"Cuneo","REGIONE":"Piemonte","CODLINEACOMM":"K011","LINEACOMM":"TROFARELLO - FOSSANO","DOIT":"TO","SERVIZIO_MERCI":"0","SERVIZIO_VIAGGIATORI":"SI","CAP_REG":"0","CAP_P":"0","DIRAMAZ":"1","CAUSA_CHIUSURA":null}},{"type":"Feature","id":1154,"geometry":{"type":"Point","coordinates":[8.53365,44.7516]},"properties":{"OBJECTID":1154,"CODIMP":"03400","NOME":"CASSINE","IMPIANTO":"S","COMUNE":"Cassine","PROVINCIA":"Alessandria","REGIONE":"Piemonte","CODLINEACOMM":"K018","LINEACOMM":"CANTALUPO - ACQUI TERME","DOIT":"TO","SERVIZIO_MERCI":"0","SERVIZIO_VIAGGIATORI":"SI","CAP_REG":"0","CAP_P":"0","DIRAMAZ":"0","CAUSA_CHIUSURA":null}},{"type":"Feature","id":1156,"geometry":{"type":"Point","coordinates":[8.52556,44.69786]},"properties":{"OBJECTID":1156,"CODIMP":"03440","NOME":"STREVI","IMPIANTO":"S","COMUNE":"Strevi","PROVINCIA":"Alessandria","REGIONE":"Piemonte","CODLINEACOMM":"K018","LINEACOMM":"CANTALUPO - ACQUI TERME","DOIT":"TO","SERVIZIO_MERCI":"0","SERVIZIO_VIAGGIATORI":"SI","CAP_REG":"0","CAP_P":"0","DIRAMAZ":"0","CAUSA_CHIUSURA":null}},{"type":"Feature","id":1157,"geometry":{"type":"Point","coordinates":[8.42875,44.67202]},"properties":{"OBJECTID":1157,"CODIMP":"03520","NOME":"TERZO-MONTABONE","IMPIANTO":"S","COMUNE":"Terzo","PROVINCIA":"Alessandria","REGIONE":"Piemonte","CODLINEACOMM":"K019","LINEACOMM":"ACQUI TERME - S.GIUSEPPE DI C.","DOIT":"TO","SERVIZIO_MERCI":"0","SERVIZIO_VIAGGIATORI":"SI","CAP_REG":"0","CAP_P":"0","DIRAMAZ":"0","CAUSA_CHIUSURA":null}},{"type":"Feature","id":1158,"geometry":{"type":"Point","coordinates":[8.37209,44.65934]},"properties":{"OBJECTID":1158,"CODIMP":"03560","NOME":"BISTAGNO","IMPIANTO":"S","COMUNE":"Bistagno","PROVINCIA":"Alessandria","REGIONE":"Piemonte","CODLINEACOMM":"K019","LINEACOMM":"ACQUI TERME - S.GIUSEPPE DI C.","DOIT":"TO","SERVIZIO_MERCI":"0","SERVIZIO_VIAGGIATORI":"SI","CAP_REG":"0","CAP_P":"0","DIRAMAZ":"0","CAUSA_CHIUSURA":null}},{"type":"Feature","id":1159,"geometry":{"type":"Point","coordinates":[8.3653,44.63006]},"properties":{"OBJECTID":1159,"CODIMP":"03600","NOME":"PONTI","IMPIANTO":"S","COMUNE":"Ponti","PROVINCIA":"Alessandria","REGIONE":"Piemonte","CODLINEACOMM":"K019","LINEACOMM":"ACQUI TERME - S.GIUSEPPE DI C.","DOIT":"TO","SERVIZIO_MERCI":"0","SERVIZIO_VIAGGIATORI":"SI","CAP_REG":"0","CAP_P":"0","DIRAMAZ":"0","CAUSA_CHIUSURA":null}},{"type":"Feature","id":1160,"geometry":{"type":"Point","coordinates":[8.35222,44.60091]},"properties":{"OBJECTID":1160,"CODIMP":"03610","NOME":"MONTECHIARO-DENICE","IMPIANTO":"S","COMUNE":"Montechiaro D'acqui","PROVINCIA":"Alessandria","REGIONE":"Piemonte","CODLINEACOMM":"K019","LINEACOMM":"ACQUI TERME - S.GIUSEPPE DI C.","DOIT":"TO","SERVIZIO_MERCI":"0","SERVIZIO_VIAGGIATORI":"SI","CAP_REG":"0","CAP_P":"0","DIRAMAZ":"0","CAUSA_CHIUSURA":null}},{"type":"Feature","id":1161,"geometry":{"type":"Point","coordinates":[8.33283,44.56998]},"properties":{"OBJECTID":1161,"CODIMP":"03640","NOME":"MOMBALDONE-ROCCAVERANO","IMPIANTO":"S","COMUNE":"Mombaldone","PROVINCIA":"Asti","REGIONE":"Piemonte","CODLINEACOMM":"K019","LINEACOMM":"ACQUI TERME - S.GIUSEPPE DI C.","DOIT":"TO","SERVIZIO_MERCI":"0","SERVIZIO_VIAGGIATORI":"SI","CAP_REG":"0","CAP_P":"0","DIRAMAZ":"0","CAUSA_CHIUSURA":null}},{"type":"Feature","id":1162,"geometry":{"type":"Point","coordinates":[8.31796,44.53952]},"properties":{"OBJECTID":1162,"CODIMP":"03680","NOME":"SPIGNO","IMPIANTO":"S","COMUNE":"Spigno Monferrato","PROVINCIA":"Alessandria","REGIONE":"Piemonte","CODLINEACOMM":"K019","LINEACOMM":"ACQUI TERME - S.GIUSEPPE DI C.","DOIT":"TO","SERVIZIO_MERCI":"0","SERVIZIO_VIAGGIATORI":"SI","CAP_REG":"0","CAP_P":"0","DIRAMAZ":"0","CAUSA_CHIUSURA":null}},{"type":"Feature","id":1163,"geometry":{"type":"Point","coordinates":[8.29837,44.51945]},"properties":{"OBJECTID":1163,"CODIMP":"03685","NOME":"MERANA","IMPIANTO":"F","COMUNE":"Merana","PROVINCIA":"Alessandria","REGIONE":"Piemonte","CODLINEACOMM":"K019","LINEACOMM":"ACQUI TERME - S.GIUSEPPE DI C.","DOIT":"TO","SERVIZIO_MERCI":"0","SERVIZIO_VIAGGIATORI":"SI","CAP_REG":"0","CAP_P":"0","DIRAMAZ":"0","CAUSA_CHIUSURA":null}},{"type":"Feature","id":1164,"geometry":{"type":"Point","coordinates":[8.30884,44.48647]},"properties":{"OBJECTID":1164,"CODIMP":"03720","NOME":"PIANA","IMPIANTO":"S","COMUNE":"Piana Crixia","PROVINCIA":"Savona","REGIONE":"Liguria","CODLINEACOMM":"K019","LINEACOMM":"ACQUI TERME - S.GIUSEPPE DI C.","DOIT":"TO","SERVIZIO_MERCI":"0","SERVIZIO_VIAGGIATORI":"SI","CAP_REG":"0","CAP_P":"0","DIRAMAZ":"0","CAUSA_CHIUSURA":null}},{"type":"Feature","id":1165,"geometry":{"type":"Point","coordinates":[8.3085,44.44809]},"properties":{"OBJECTID":1165,"CODIMP":"03760","NOME":"DEGO","IMPIANTO":"S","COMUNE":"Dego","PROVINCIA":"Savona","REGIONE":"Liguria","CODLINEACOMM":"K019","LINEACOMM":"ACQUI TERME - S.GIUSEPPE DI C.","DOIT":"TO","SERVIZIO_MERCI":"0","SERVIZIO_VIAGGIATORI":"SI","CAP_REG":"0","CAP_P":"0","DIRAMAZ":"0","CAUSA_CHIUSURA":null}},{"type":"Feature","id":1166,"geometry":{"type":"Point","coordinates":[8.29539,44.42756]},"properties":{"OBJECTID":1166,"CODIMP":"03765","NOME":"ROCCHETTA CAIRO","IMPIANTO":"F","COMUNE":"Cairo Montenotte","PROVINCIA":"Savona","REGIONE":"Liguria","CODLINEACOMM":"K019","LINEACOMM":"ACQUI TERME - S.GIUSEPPE DI C.","DOIT":"TO","SERVIZIO_MERCI":"0","SERVIZIO_VIAGGIATORI":"SI","CAP_REG":"0","CAP_P":"0","DIRAMAZ":"0","CAUSA_CHIUSURA":null}},{"type":"Feature","id":1167,"geometry":{"type":"Point","coordinates":[8.2183,44.82742]},"properties":{"OBJECTID":1167,"CODIMP":"06820","NOME":"VIGLIANO D'ASTI","IMPIANTO":"F","COMUNE":"Vigliano D'asti","PROVINCIA":"Asti","REGIONE":"Piemonte","CODLINEACOMM":"K195","LINEACOMM":"ASTI - NIZZA MONFERRATO -ACQUI TERME","DOIT":"TO","SERVIZIO_MERCI":"0","SERVIZIO_VIAGGIATORI":"SI","CAP_REG":"0","CAP_P":"0","DIRAMAZ":"0","CAUSA_CHIUSURA":null}},{"type":"Feature","id":1168,"geometry":{"type":"Point","coordinates":[8.23921,44.81855]},"properties":{"OBJECTID":1168,"CODIMP":"06840","NOME":"MONTEGROSSO","IMPIANTO":"S","COMUNE":"Montegrosso D'asti","PROVINCIA":"Asti","REGIONE":"Piemonte","CODLINEACOMM":"K195","LINEACOMM":"ASTI - NIZZA MONFERRATO -ACQUI TERME","DOIT":"TO","SERVIZIO_MERCI":"0","SERVIZIO_VIAGGIATORI":"SI","CAP_REG":"0","CAP_P":"0","DIRAMAZ":"0","CAUSA_CHIUSURA":null}},{"type":"Feature","id":1169,"geometry":{"type":"Point","coordinates":[8.27882,44.39483]},"properties":{"OBJECTID":1169,"CODIMP":"03800","NOME":"CAIRO MONTENOTTE","IMPIANTO":"S","COMUNE":"Cairo Montenotte","PROVINCIA":"Savona","REGIONE":"Liguria","CODLINEACOMM":"K019","LINEACOMM":"ACQUI TERME - S.GIUSEPPE DI C.","DOIT":"TO","SERVIZIO_MERCI":"0","SERVIZIO_VIAGGIATORI":"SI","CAP_REG":"0","CAP_P":"0","DIRAMAZ":"0","CAUSA_CHIUSURA":null}},{"type":"Feature","id":1170,"geometry":{"type":"Point","coordinates":[8.26777,44.78619]},"properties":{"OBJECTID":1170,"CODIMP":"06860","NOME":"AGLIANO-CASTELNUOVO CALCEA","IMPIANTO":"F","COMUNE":"Castelnuovo Calcea","PROVINCIA":"Asti","REGIONE":"Piemonte","CODLINEACOMM":"K195","LINEACOMM":"ASTI - NIZZA MONFERRATO -ACQUI TERME","DOIT":"TO","SERVIZIO_MERCI":"0","SERVIZIO_VIAGGIATORI":"SI","CAP_REG":"0","CAP_P":"0","DIRAMAZ":"0","CAUSA_CHIUSURA":null}},{"type":"Feature","id":1172,"geometry":{"type":"Point","coordinates":[8.53455,45.30735]},"properties":{"OBJECTID":1172,"CODIMP":"07695","NOME":"PALESTRO","IMPIANTO":"F","COMUNE":"Palestro","PROVINCIA":"Pavia","REGIONE":"Lombardia","CODLINEACOMM":"K020","LINEACOMM":"VERCELLI - MORTARA","DOIT":"TO","SERVIZIO_MERCI":"0","SERVIZIO_VIAGGIATORI":"SI","CAP_REG":"0","CAP_P":"0","DIRAMAZ":"0","CAUSA_CHIUSURA":null}},{"type":"Feature","id":1174,"geometry":{"type":"Point","coordinates":[8.15288,44.74943]},"properties":{"OBJECTID":1174,"CODIMP":"10360","NOME":"CASTAGNOLE DELLE LANZE","IMPIANTO":"S","COMUNE":"Castagnole Delle Lanze","PROVINCIA":"Asti","REGIONE":"Piemonte","CODLINEACOMM":"K001","LINEACOMM":"ASTI - CASTAGNOLE","DOIT":"TO","SERVIZIO_MERCI":"0","SERVIZIO_VIAGGIATORI":"SI","CAP_REG":"0","CAP_P":"0","DIRAMAZ":"1","CAUSA_CHIUSURA":null}},{"type":"Feature","id":1175,"geometry":{"type":"Point","coordinates":[8.12111,44.72313]},"properties":{"OBJECTID":1175,"CODIMP":"10400","NOME":"NEIVE","IMPIANTO":"F","COMUNE":"Neive","PROVINCIA":"Cuneo","REGIONE":"Piemonte","CODLINEACOMM":"K206","LINEACOMM":"CAVALLERMAGGIORE - CANTALUPO","DOIT":"TO","SERVIZIO_MERCI":"0","SERVIZIO_VIAGGIATORI":"SI","CAP_REG":"0","CAP_P":"0","DIRAMAZ":"0","CAUSA_CHIUSURA":null}},{"type":"Feature","id":1176,"geometry":{"type":"Point","coordinates":[8.44104,44.76243]},"properties":{"OBJECTID":1176,"CODIMP":"06960","NOME":"MOMBARUZZO","IMPIANTO":"S","COMUNE":"Mombaruzzo","PROVINCIA":"Asti","REGIONE":"Piemonte","CODLINEACOMM":"K195","LINEACOMM":"ASTI - NIZZA MONFERRATO -ACQUI TERME","DOIT":"TO","SERVIZIO_MERCI":"0","SERVIZIO_VIAGGIATORI":"SI","CAP_REG":"0","CAP_P":"0","DIRAMAZ":"0","CAUSA_CHIUSURA":null}},{"type":"Feature","id":1177,"geometry":{"type":"Point","coordinates":[8.79761,45.23596]},"properties":{"OBJECTID":1177,"CODIMP":"07830","NOME":"GAMBOLO'-REMONDO'","IMPIANTO":"F","COMUNE":"Mortara","PROVINCIA":"Pavia","REGIONE":"Lombardia","CODLINEACOMM":"K021","LINEACOMM":"MORTARA - PAVIA","DOIT":"TO","SERVIZIO_MERCI":"0","SERVIZIO_VIAGGIATORI":"SI","CAP_REG":"0","CAP_P":"0","DIRAMAZ":"0","CAUSA_CHIUSURA":null}},{"type":"Feature","id":1178,"geometry":{"type":"Point","coordinates":[8.87218,45.21207]},"properties":{"OBJECTID":1178,"CODIMP":"07835","NOME":"TROMELLO","IMPIANTO":"F","COMUNE":"Tromello","PROVINCIA":"Pavia","REGIONE":"Lombardia","CODLINEACOMM":"K021","LINEACOMM":"MORTARA - PAVIA","DOIT":"TO","SERVIZIO_MERCI":"0","SERVIZIO_VIAGGIATORI":"SI","CAP_REG":"0","CAP_P":"0","DIRAMAZ":"0","CAUSA_CHIUSURA":null}},{"type":"Feature","id":1179,"geometry":{"type":"Point","coordinates":[8.92687,45.19903]},"properties":{"OBJECTID":1179,"CODIMP":"07840","NOME":"GARLASCO","IMPIANTO":"S","COMUNE":"Garlasco","PROVINCIA":"Pavia","REGIONE":"Lombardia","CODLINEACOMM":"K021","LINEACOMM":"MORTARA - PAVIA","DOIT":"TO","SERVIZIO_MERCI":"0","SERVIZIO_VIAGGIATORI":"SI","CAP_REG":"0","CAP_P":"0","DIRAMAZ":"0","CAUSA_CHIUSURA":null}},{"type":"Feature","id":1180,"geometry":{"type":"Point","coordinates":[8.59709,45.29363]},"properties":{"OBJECTID":1180,"CODIMP":"07700","NOME":"ROBBIO","IMPIANTO":"S","COMUNE":"Robbio","PROVINCIA":"Pavia","REGIONE":"Lombardia","CODLINEACOMM":"K020","LINEACOMM":"VERCELLI - MORTARA","DOIT":"TO","SERVIZIO_MERCI":"0","SERVIZIO_VIAGGIATORI":"SI","CAP_REG":"0","CAP_P":"0","DIRAMAZ":"0","CAUSA_CHIUSURA":null}},{"type":"Feature","id":1181,"geometry":{"type":"Point","coordinates":[8.67124,45.27554]},"properties":{"OBJECTID":1181,"CODIMP":"07705","NOME":"NICORVO","IMPIANTO":"F","COMUNE":"Nicorvo","PROVINCIA":"Pavia","REGIONE":"Lombardia","CODLINEACOMM":"K020","LINEACOMM":"VERCELLI - MORTARA","DOIT":"TO","SERVIZIO_MERCI":"0","SERVIZIO_VIAGGIATORI":"SI","CAP_REG":"0","CAP_P":"0","DIRAMAZ":"0","CAUSA_CHIUSURA":null}},{"type":"Feature","id":1182,"geometry":{"type":"Point","coordinates":[8.99166,45.17318]},"properties":{"OBJECTID":1182,"CODIMP":"07845","NOME":"GROPELLO CAIROLI","IMPIANTO":"F","COMUNE":"Gropello Cairoli","PROVINCIA":"Pavia","REGIONE":"Lombardia","CODLINEACOMM":"K021","LINEACOMM":"MORTARA - PAVIA","DOIT":"TO","SERVIZIO_MERCI":"0","SERVIZIO_VIAGGIATORI":"SI","CAP_REG":"0","CAP_P":"0","DIRAMAZ":"0","CAUSA_CHIUSURA":null}},{"type":"Feature","id":1183,"geometry":{"type":"Point","coordinates":[8.60252,45.69202]},"properties":{"OBJECTID":1183,"CODIMP":"02780","NOME":"BORGO TICINO","IMPIANTO":"S","COMUNE":"Borgo Ticino","PROVINCIA":"Novara","REGIONE":"Piemonte","CODLINEACOMM":"K022","LINEACOMM":"ARONA - OLEGGIO","DOIT":"TO","SERVIZIO_MERCI":"0","SERVIZIO_VIAGGIATORI":"SI","CAP_REG":"0","CAP_P":"0","DIRAMAZ":"0","CAUSA_CHIUSURA":null}},{"type":"Feature","id":1184,"geometry":{"type":"Point","coordinates":[8.62009,45.67011]},"properties":{"OBJECTID":1184,"CODIMP":"02785","NOME":"VARALLO POMBIA","IMPIANTO":"F","COMUNE":"Varallo Pombia","PROVINCIA":"Novara","REGIONE":"Piemonte","CODLINEACOMM":"K022","LINEACOMM":"ARONA - OLEGGIO","DOIT":"TO","SERVIZIO_MERCI":"0","SERVIZIO_VIAGGIATORI":"SI","CAP_REG":"0","CAP_P":"0","DIRAMAZ":"0","CAUSA_CHIUSURA":null}},{"type":"Feature","id":1185,"geometry":{"type":"Point","coordinates":[8.57437,45.73011]},"properties":{"OBJECTID":1185,"CODIMP":"02775","NOME":"DORMELLETTO PAESE","IMPIANTO":"F","COMUNE":"Dormelletto","PROVINCIA":"Novara","REGIONE":"Piemonte","CODLINEACOMM":"K022","LINEACOMM":"ARONA - OLEGGIO","DOIT":"TO","SERVIZIO_MERCI":"0","SERVIZIO_VIAGGIATORI":"SI","CAP_REG":"0","CAP_P":"0","DIRAMAZ":"0","CAUSA_CHIUSURA":null}},{"type":"Feature","id":1186,"geometry":{"type":"Point","coordinates":[8.62621,45.62957]},"properties":{"OBJECTID":1186,"CODIMP":"02790","NOME":"MARANO TICINO","IMPIANTO":"F","COMUNE":"Marano Ticino","PROVINCIA":"Novara","REGIONE":"Piemonte","CODLINEACOMM":"K022","LINEACOMM":"ARONA - OLEGGIO","DOIT":"TO","SERVIZIO_MERCI":"0","SERVIZIO_VIAGGIATORI":"SI","CAP_REG":"0","CAP_P":"0","DIRAMAZ":"0","CAUSA_CHIUSURA":null}},{"type":"Feature","id":1187,"geometry":{"type":"Point","coordinates":[8.01524,44.71331]},"properties":{"OBJECTID":1187,"CODIMP":"10460","NOME":"MUSSOTTO","IMPIANTO":"F","COMUNE":"Alba","PROVINCIA":"Cuneo","REGIONE":"Piemonte","CODLINEACOMM":"K206","LINEACOMM":"CAVALLERMAGGIORE - CANTALUPO","DOIT":"TO","SERVIZIO_MERCI":"0","SERVIZIO_VIAGGIATORI":"SI","CAP_REG":"0","CAP_P":"0","DIRAMAZ":"0","CAUSA_CHIUSURA":null}},{"type":"Feature","id":1188,"geometry":{"type":"Point","coordinates":[7.96505,44.70383]},"properties":{"OBJECTID":1188,"CODIMP":"10480","NOME":"MONTICELLO D'ALBA","IMPIANTO":"F","COMUNE":"Monticello D'alba","PROVINCIA":"Cuneo","REGIONE":"Piemonte","CODLINEACOMM":"K206","LINEACOMM":"CAVALLERMAGGIORE - CANTALUPO","DOIT":"TO","SERVIZIO_MERCI":"0","SERVIZIO_VIAGGIATORI":"SI","CAP_REG":"0","CAP_P":"0","DIRAMAZ":"0","CAUSA_CHIUSURA":null}},{"type":"Feature","id":1189,"geometry":{"type":"Point","coordinates":[7.89254,44.70115]},"properties":{"OBJECTID":1189,"CODIMP":"10545","NOME":"POCAPAGLIA","IMPIANTO":"F","COMUNE":"Pocapaglia","PROVINCIA":"Cuneo","REGIONE":"Piemonte","CODLINEACOMM":"K206","LINEACOMM":"CAVALLERMAGGIORE - CANTALUPO","DOIT":"TO","SERVIZIO_MERCI":"0","SERVIZIO_VIAGGIATORI":"SI","CAP_REG":"0","CAP_P":"0","DIRAMAZ":"0","CAUSA_CHIUSURA":null}},{"type":"Feature","id":1190,"geometry":{"type":"Point","coordinates":[8.62769,45.56675]},"properties":{"OBJECTID":1190,"CODIMP":"02825","NOME":"BELLINZAGO","IMPIANTO":"F","COMUNE":"Bellinzago Novarese","PROVINCIA":"Novara","REGIONE":"Piemonte","CODLINEACOMM":"K023","LINEACOMM":"OLEGGIO - VIGNALE","DOIT":"TO","SERVIZIO_MERCI":"0","SERVIZIO_VIAGGIATORI":"SI","CAP_REG":"0","CAP_P":"0","DIRAMAZ":"0","CAUSA_CHIUSURA":null}},{"type":"Feature","id":1191,"geometry":{"type":"Point","coordinates":[12.29891,45.88475]},"properties":{"OBJECTID":1191,"CODIMP":"28180","NOME":"CONEGLIANO","IMPIANTO":"S","COMUNE":"Conegliano","PROVINCIA":"Treviso","REGIONE":"Veneto","CODLINEACOMM":"J037","LINEACOMM":"TARVISIO BOSCOVERDE - MOGLIANO [VENEZIA]","DOIT":"VE","SERVIZIO_MERCI":"1","SERVIZIO_VIAGGIATORI":"SI","CAP_REG":"0","CAP_P":"0","DIRAMAZ":"0","CAUSA_CHIUSURA":null}},{"type":"Feature","id":1192,"geometry":{"type":"Point","coordinates":[12.28065,46.18185]},"properties":{"OBJECTID":1192,"CODIMP":"29740","NOME":"PONTE NELLE ALPI-POLPET","IMPIANTO":"S","COMUNE":"Ponte Nelle Alpi","PROVINCIA":"Belluno","REGIONE":"Veneto","CODLINEACOMM":"K076","LINEACOMM":"CALALZO PC.CORTINA - PONTE NELLE ALPI","DOIT":"VE","SERVIZIO_MERCI":"0","SERVIZIO_VIAGGIATORI":"SI","CAP_REG":"0","CAP_P":"0","DIRAMAZ":"1","CAUSA_CHIUSURA":null}},{"type":"Feature","id":1193,"geometry":{"type":"Point","coordinates":[7.91695,44.6957]},"properties":{"OBJECTID":1193,"CODIMP":"10520","NOME":"S.VITTORIA","IMPIANTO":"S","COMUNE":"Santa Vittoria D'alba","PROVINCIA":"Cuneo","REGIONE":"Piemonte","CODLINEACOMM":"K206","LINEACOMM":"CAVALLERMAGGIORE - CANTALUPO","DOIT":"TO","SERVIZIO_MERCI":"0","SERVIZIO_VIAGGIATORI":"SI","CAP_REG":"0","CAP_P":"0","DIRAMAZ":"0","CAUSA_CHIUSURA":null}},{"type":"Feature","id":1194,"geometry":{"type":"Point","coordinates":[7.74768,44.69543]},"properties":{"OBJECTID":1194,"CODIMP":"10565","NOME":"MADONNA DEL PILONE","IMPIANTO":"F","COMUNE":"Cavallermaggiore","PROVINCIA":"Cuneo","REGIONE":"Piemonte","CODLINEACOMM":"K206","LINEACOMM":"CAVALLERMAGGIORE - CANTALUPO","DOIT":"TO","SERVIZIO_MERCI":"0","SERVIZIO_VIAGGIATORI":"SI","CAP_REG":"0","CAP_P":"0","DIRAMAZ":"0","CAUSA_CHIUSURA":null}},{"type":"Feature","id":1199,"geometry":{"type":"Point","coordinates":[7.48358,44.92818]},"properties":{"OBJECTID":1199,"CODIMP":"08540","NOME":"AIRASCA","IMPIANTO":"S","COMUNE":"Airasca","PROVINCIA":"Torino","REGIONE":"Piemonte","CODLINEACOMM":"K008","LINEACOMM":"BIVIO SANGONE - PINEROLO","DOIT":"TO","SERVIZIO_MERCI":"0","SERVIZIO_VIAGGIATORI":"SI","CAP_REG":"0","CAP_P":"0","DIRAMAZ":"0","CAUSA_CHIUSURA":null}},{"type":"Feature","id":1200,"geometry":{"type":"Point","coordinates":[7.42553,44.92183]},"properties":{"OBJECTID":1200,"CODIMP":"08580","NOME":"PISCINA DI PINEROLO","IMPIANTO":"S","COMUNE":"Piscina","PROVINCIA":"Torino","REGIONE":"Piemonte","CODLINEACOMM":"K008","LINEACOMM":"BIVIO SANGONE - PINEROLO","DOIT":"TO","SERVIZIO_MERCI":"0","SERVIZIO_VIAGGIATORI":"SI","CAP_REG":"0","CAP_P":"0","DIRAMAZ":"0","CAUSA_CHIUSURA":null}},{"type":"Feature","id":1205,"geometry":{"type":"Point","coordinates":[7.48728,44.59885]},"properties":{"OBJECTID":1205,"CODIMP":"10780","NOME":"VERZUOLO","IMPIANTO":"S","COMUNE":"Verzuolo","PROVINCIA":"Cuneo","REGIONE":"Piemonte","CODLINEACOMM":"K243","LINEACOMM":"SALUZZO - CUNEO","DOIT":"TO","SERVIZIO_MERCI":"1","SERVIZIO_VIAGGIATORI":"SI","CAP_REG":"0","CAP_P":"0","DIRAMAZ":"0","CAUSA_CHIUSURA":null}},{"type":"Feature","id":1206,"geometry":{"type":"Point","coordinates":[7.48212,44.57028]},"properties":{"OBJECTID":1206,"CODIMP":"10785","NOME":"COSTIGLIOLE SALUZZO","IMPIANTO":"F","COMUNE":"Costigliole Saluzzo","PROVINCIA":"Cuneo","REGIONE":"Piemonte","CODLINEACOMM":"K243","LINEACOMM":"SALUZZO - CUNEO","DOIT":"TO","SERVIZIO_MERCI":"0","SERVIZIO_VIAGGIATORI":"SI","CAP_REG":"0","CAP_P":"0","DIRAMAZ":"0","CAUSA_CHIUSURA":null}},{"type":"Feature","id":1207,"geometry":{"type":"Point","coordinates":[7.79683,44.74807]},"properties":{"OBJECTID":1207,"CODIMP":"07065","NOME":"SANFRE'","IMPIANTO":"F","COMUNE":"Sanfrè","PROVINCIA":"Cuneo","REGIONE":"Piemonte","CODLINEACOMM":"K015","LINEACOMM":"CARMAGNOLA - BRA'","DOIT":"TO","SERVIZIO_MERCI":"0","SERVIZIO_VIAGGIATORI":"SI","CAP_REG":"0","CAP_P":"0","DIRAMAZ":"0","CAUSA_CHIUSURA":null}},{"type":"Feature","id":1208,"geometry":{"type":"Point","coordinates":[7.77713,44.77084]},"properties":{"OBJECTID":1208,"CODIMP":"07060","NOME":"SOMMARIVA BOSCO","IMPIANTO":"S","COMUNE":"Sommariva Del Bosco","PROVINCIA":"Cuneo","REGIONE":"Piemonte","CODLINEACOMM":"K015","LINEACOMM":"CARMAGNOLA - BRA'","DOIT":"TO","SERVIZIO_MERCI":"0","SERVIZIO_VIAGGIATORI":"SI","CAP_REG":"0","CAP_P":"0","DIRAMAZ":"0","CAUSA_CHIUSURA":null}},{"type":"Feature","id":1209,"geometry":{"type":"Point","coordinates":[14.66392,41.55825]},"properties":{"OBJECTID":1209,"CODIMP":"72680","NOME":"CAMPOBASSO","IMPIANTO":"S","COMUNE":"Campobasso","PROVINCIA":"Campobasso","REGIONE":"Molise","CODLINEACOMM":"K202","LINEACOMM":"CAMPOBASSO - BOSCO REDOLE - BENEVENTO","DOIT":"NA","SERVIZIO_MERCI":"0","SERVIZIO_VIAGGIATORI":"SI","CAP_REG":"1","CAP_P":"1","DIRAMAZ":"0","CAUSA_CHIUSURA":null}},{"type":"Feature","id":1211,"geometry":{"type":"Point","coordinates":[14.59801,41.49396]},"properties":{"OBJECTID":1211,"CODIMP":"72970","NOME":"VINCHIATURO","IMPIANTO":"S","COMUNE":"Vinchiaturo","PROVINCIA":"Campobasso","REGIONE":"Molise","CODLINEACOMM":"K202","LINEACOMM":"CAMPOBASSO - BOSCO REDOLE - BENEVENTO","DOIT":"NA","SERVIZIO_MERCI":"0","SERVIZIO_VIAGGIATORI":"SI","CAP_REG":"0","CAP_P":"0","DIRAMAZ":"0","CAUSA_CHIUSURA":null}},{"type":"Feature","id":1215,"geometry":{"type":"Point","coordinates":[14.85101,42.03339]},"properties":{"OBJECTID":1215,"CODIMP":"74600","NOME":"MONTENERO-PETACCIATO","IMPIANTO":"S","COMUNE":"Petacciato","PROVINCIA":"Campobasso","REGIONE":"Molise","CODLINEACOMM":"J067","LINEACOMM":"ANCONA - FOGGIA","DOIT":"AN","SERVIZIO_MERCI":"0","SERVIZIO_VIAGGIATORI":"SI","CAP_REG":"0","CAP_P":"0","DIRAMAZ":"0","CAUSA_CHIUSURA":null}},{"type":"Feature","id":1216,"geometry":{"type":"Point","coordinates":[14.99279,42.00073]},"properties":{"OBJECTID":1216,"CODIMP":"74640","NOME":"TERMOLI","IMPIANTO":"S","COMUNE":"Termoli","PROVINCIA":"Campobasso","REGIONE":"Molise","CODLINEACOMM":"J067","LINEACOMM":"ANCONA - FOGGIA","DOIT":"BA","SERVIZIO_MERCI":"0","SERVIZIO_VIAGGIATORI":"SI","CAP_REG":"0","CAP_P":"0","DIRAMAZ":"1","CAUSA_CHIUSURA":null}},{"type":"Feature","id":1217,"geometry":{"type":"Point","coordinates":[14.32678,41.58815]},"properties":{"OBJECTID":1217,"CODIMP":"73160","NOME":"CARPINONE","IMPIANTO":"S","COMUNE":"Carpinone","PROVINCIA":"Isernia","REGIONE":"Molise","CODLINEACOMM":"K139","LINEACOMM":"BOSCO REDOLE - CARPINONE","DOIT":"NA","SERVIZIO_MERCI":"0","SERVIZIO_VIAGGIATORI":"SI","CAP_REG":"0","CAP_P":"0","DIRAMAZ":"1","CAUSA_CHIUSURA":null}},{"type":"Feature","id":1225,"geometry":{"type":"Point","coordinates":[8.42294,45.52901]},"properties":{"OBJECTID":1225,"CODIMP":"09180","NOME":"CARPIGNANO SESIA","IMPIANTO":"F","COMUNE":"Carpignano Sesia","PROVINCIA":"Novara","REGIONE":"Piemonte","CODLINEACOMM":"K199","LINEACOMM":"BIELLA - NOVARA (Compresa Novara Boschetto)","DOIT":"TO","SERVIZIO_MERCI":"0","SERVIZIO_VIAGGIATORI":"SI","CAP_REG":"0","CAP_P":"0","DIRAMAZ":"0","CAUSA_CHIUSURA":null}},{"type":"Feature","id":1227,"geometry":{"type":"Point","coordinates":[8.4904,45.49138]},"properties":{"OBJECTID":1227,"CODIMP":"09220","NOME":"CASALEGGIO","IMPIANTO":"S","COMUNE":"Casaleggio Novara","PROVINCIA":"Novara","REGIONE":"Piemonte","CODLINEACOMM":"K199","LINEACOMM":"BIELLA - NOVARA (Compresa Novara Boschetto)","DOIT":"TO","SERVIZIO_MERCI":"0","SERVIZIO_VIAGGIATORI":"SI","CAP_REG":"0","CAP_P":"0","DIRAMAZ":"0","CAUSA_CHIUSURA":null}},{"type":"Feature","id":1228,"geometry":{"type":"Point","coordinates":[8.55803,45.48144]},"properties":{"OBJECTID":1228,"CODIMP":"09240","NOME":"NIBBIA","IMPIANTO":"F","COMUNE":"San Pietro Mosezzo","PROVINCIA":"Novara","REGIONE":"Piemonte","CODLINEACOMM":"K199","LINEACOMM":"BIELLA - NOVARA (Compresa Novara Boschetto)","DOIT":"TO","SERVIZIO_MERCI":"0","SERVIZIO_VIAGGIATORI":"SI","CAP_REG":"0","CAP_P":"0","DIRAMAZ":"0","CAUSA_CHIUSURA":null}},{"type":"Feature","id":1229,"geometry":{"type":"Point","coordinates":[8.46033,45.13401]},"properties":{"OBJECTID":1229,"CODIMP":"06440","NOME":"CASALE MONFERRATO","IMPIANTO":"S","COMUNE":"Casale Monferrato","PROVINCIA":"Alessandria","REGIONE":"Piemonte","CODLINEACOMM":"K004","LINEACOMM":"CASALE POPOLO - CASALE MONFERRATO","DOIT":"TO","SERVIZIO_MERCI":"0","SERVIZIO_VIAGGIATORI":"SI","CAP_REG":"0","CAP_P":"0","DIRAMAZ":"1","CAUSA_CHIUSURA":null}},{"type":"Feature","id":1231,"geometry":{"type":"Point","coordinates":[15.5558,41.46611]},"properties":{"OBJECTID":1231,"CODIMP":"75000","NOME":"FOGGIA","IMPIANTO":"S","COMUNE":"Foggia","PROVINCIA":"Foggia","REGIONE":"Puglia","CODLINEACOMM":"J067","LINEACOMM":"ANCONA - FOGGIA","DOIT":"BA","SERVIZIO_MERCI":"0","SERVIZIO_VIAGGIATORI":"SI","CAP_REG":"0","CAP_P":"1","DIRAMAZ":"1","CAUSA_CHIUSURA":null}},{"type":"Feature","id":1235,"geometry":{"type":"Point","coordinates":[13.87636,42.7066]},"properties":{"OBJECTID":1235,"CODIMP":"58865","NOME":"NOTARESCO","IMPIANTO":"F","COMUNE":"Mosciano Sant'angelo","PROVINCIA":"Teramo","REGIONE":"Abruzzo","CODLINEACOMM":"K211","LINEACOMM":"GIULIANOVA - TERAMO","DOIT":"AN","SERVIZIO_MERCI":"0","SERVIZIO_VIAGGIATORI":"SI","CAP_REG":"0","CAP_P":"0","DIRAMAZ":"0","CAUSA_CHIUSURA":null}},{"type":"Feature","id":1237,"geometry":{"type":"Point","coordinates":[13.83798,42.70587]},"properties":{"OBJECTID":1237,"CODIMP":"58870","NOME":"BELLANTE-RIPATTONE","IMPIANTO":"F","COMUNE":"Bellante","PROVINCIA":"Teramo","REGIONE":"Abruzzo","CODLINEACOMM":"K211","LINEACOMM":"GIULIANOVA - TERAMO","DOIT":"AN","SERVIZIO_MERCI":"0","SERVIZIO_VIAGGIATORI":"SI","CAP_REG":"0","CAP_P":"0","DIRAMAZ":"0","CAUSA_CHIUSURA":null}},{"type":"Feature","id":1238,"geometry":{"type":"Point","coordinates":[13.79304,42.69574]},"properties":{"OBJECTID":1238,"CODIMP":"58875","NOME":"CASTELLALTO-CANZANO","IMPIANTO":"S","COMUNE":"Teramo","PROVINCIA":"Teramo","REGIONE":"Abruzzo","CODLINEACOMM":"K211","LINEACOMM":"GIULIANOVA - TERAMO","DOIT":"AN","SERVIZIO_MERCI":"0","SERVIZIO_VIAGGIATORI":"SI","CAP_REG":"0","CAP_P":"0","DIRAMAZ":"0","CAUSA_CHIUSURA":null}},{"type":"Feature","id":1239,"geometry":{"type":"Point","coordinates":[14.47455,41.488]},"properties":{"OBJECTID":1239,"CODIMP":"73080","NOME":"BOIANO","IMPIANTO":"S","COMUNE":"Bojano","PROVINCIA":"Campobasso","REGIONE":"Molise","CODLINEACOMM":"K139","LINEACOMM":"BOSCO REDOLE - CARPINONE","DOIT":"NA","SERVIZIO_MERCI":"0","SERVIZIO_VIAGGIATORI":"SI","CAP_REG":"0","CAP_P":"0","DIRAMAZ":"0","CAUSA_CHIUSURA":null}},{"type":"Feature","id":1240,"geometry":{"type":"Point","coordinates":[14.91822,41.80026]},"properties":{"OBJECTID":1240,"CODIMP":"71340","NOME":"LARINO","IMPIANTO":"S","COMUNE":"Larino","PROVINCIA":"Campobasso","REGIONE":"Molise","CODLINEACOMM":"K230","LINEACOMM":"TERMOLI - CAMPOBASSO","DOIT":"NA","SERVIZIO_MERCI":"0","SERVIZIO_VIAGGIATORI":"SI","CAP_REG":"0","CAP_P":"0","DIRAMAZ":"0","CAUSA_CHIUSURA":null}},{"type":"Feature","id":1241,"geometry":{"type":"Point","coordinates":[14.8496,41.73821]},"properties":{"OBJECTID":1241,"CODIMP":"71380","NOME":"CASACALENDA-GUARDIALFIERA","IMPIANTO":"S","COMUNE":"Casacalenda","PROVINCIA":"Campobasso","REGIONE":"Molise","CODLINEACOMM":"K230","LINEACOMM":"TERMOLI - CAMPOBASSO","DOIT":"NA","SERVIZIO_MERCI":"0","SERVIZIO_VIAGGIATORI":"SI","CAP_REG":"0","CAP_P":"0","DIRAMAZ":"0","CAUSA_CHIUSURA":null}},{"type":"Feature","id":1242,"geometry":{"type":"Point","coordinates":[14.23541,41.59705]},"properties":{"OBJECTID":1242,"CODIMP":"73200","NOME":"ISERNIA","IMPIANTO":"S","COMUNE":"Isernia","PROVINCIA":"Isernia","REGIONE":"Molise","CODLINEACOMM":"K140","LINEACOMM":"CARPINONE - ISERNIA","DOIT":"NA","SERVIZIO_MERCI":"0","SERVIZIO_VIAGGIATORI":"SI","CAP_REG":"0","CAP_P":"1","DIRAMAZ":"0","CAUSA_CHIUSURA":null}},{"type":"Feature","id":1244,"geometry":{"type":"Point","coordinates":[14.0889,41.42012]},"properties":{"OBJECTID":1244,"CODIMP":"72791","NOME":"SESTO CAMPANO","IMPIANTO":"F","COMUNE":"Sesto Campano","PROVINCIA":"Isernia","REGIONE":"Molise","CODLINEACOMM":"J061","LINEACOMM":"[ROMA] CIAMPINO - ACERRA [NAPOLI] (via Cassino) (Comprese linee Rocca d'Evandro - Venafro/Vairano e","DOIT":"NA","SERVIZIO_MERCI":"0","SERVIZIO_VIAGGIATORI":"SI","CAP_REG":"0","CAP_P":"0","DIRAMAZ":"0","CAUSA_CHIUSURA":null}},{"type":"Feature","id":1245,"geometry":{"type":"Point","coordinates":[13.87222,42.08052]},"properties":{"OBJECTID":1245,"CODIMP":"57585","NOME":"PRATOLA PELIGNA SUPERIORE","IMPIANTO":"F","COMUNE":"Pratola Peligna","PROVINCIA":"L'aquila","REGIONE":"Abruzzo","CODLINEACOMM":"K231","LINEACOMM":"TERNI - SULMONA","DOIT":"AN","SERVIZIO_MERCI":"0","SERVIZIO_VIAGGIATORI":"SI","CAP_REG":"0","CAP_P":"0","DIRAMAZ":"0","CAUSA_CHIUSURA":null}},{"type":"Feature","id":1250,"geometry":{"type":"Point","coordinates":[14.84434,41.66977]},"properties":{"OBJECTID":1250,"CODIMP":"71460","NOME":"RIPABOTTONI-S.ELIA","IMPIANTO":"S","COMUNE":"Ripabottoni","PROVINCIA":"Campobasso","REGIONE":"Molise","CODLINEACOMM":"K230","LINEACOMM":"TERMOLI - CAMPOBASSO","DOIT":"NA","SERVIZIO_MERCI":"0","SERVIZIO_VIAGGIATORI":"SI","CAP_REG":"0","CAP_P":"0","DIRAMAZ":"0","CAUSA_CHIUSURA":null}},{"type":"Feature","id":1251,"geometry":{"type":"Point","coordinates":[14.76544,41.64268]},"properties":{"OBJECTID":1251,"CODIMP":"72600","NOME":"CAMPOLIETO-MONACILIONE","IMPIANTO":"S","COMUNE":"Campolieto","PROVINCIA":"Campobasso","REGIONE":"Molise","CODLINEACOMM":"K230","LINEACOMM":"TERMOLI - CAMPOBASSO","DOIT":"NA","SERVIZIO_MERCI":"0","SERVIZIO_VIAGGIATORI":"SI","CAP_REG":"0","CAP_P":"0","DIRAMAZ":"0","CAUSA_CHIUSURA":null}},{"type":"Feature","id":1260,"geometry":{"type":"Point","coordinates":[15.04241,41.95751]},"properties":{"OBJECTID":1260,"CODIMP":"74680","NOME":"CAMPOMARINO","IMPIANTO":"S","COMUNE":"Campomarino","PROVINCIA":"Campobasso","REGIONE":"Molise","CODLINEACOMM":"J067","LINEACOMM":"ANCONA - FOGGIA","DOIT":"BA","SERVIZIO_MERCI":"0","SERVIZIO_VIAGGIATORI":"SI","CAP_REG":"0","CAP_P":"0","DIRAMAZ":"0","CAUSA_CHIUSURA":null}},{"type":"Feature","id":1261,"geometry":{"type":"Point","coordinates":[15.39255,41.68462]},"properties":{"OBJECTID":1261,"CODIMP":"74920","NOME":"S.SEVERO","IMPIANTO":"S","COMUNE":"San Severo","PROVINCIA":"Foggia","REGIONE":"Puglia","CODLINEACOMM":"J067","LINEACOMM":"ANCONA - FOGGIA","DOIT":"BA","SERVIZIO_MERCI":"0","SERVIZIO_VIAGGIATORI":"SI","CAP_REG":"0","CAP_P":"0","DIRAMAZ":"0","CAUSA_CHIUSURA":null}},{"type":"Feature","id":1267,"geometry":{"type":"Point","coordinates":[15.15663,41.92207]},"properties":{"OBJECTID":1267,"CODIMP":"74720","NOME":"CHIEUTI-SERRACAPRIOLA","IMPIANTO":"S","COMUNE":"Chieuti","PROVINCIA":"Foggia","REGIONE":"Puglia","CODLINEACOMM":"J067","LINEACOMM":"ANCONA - FOGGIA","DOIT":"BA","SERVIZIO_MERCI":"0","SERVIZIO_VIAGGIATORI":"SI","CAP_REG":"0","CAP_P":"0","DIRAMAZ":"0","CAUSA_CHIUSURA":null}},{"type":"Feature","id":1270,"geometry":{"type":"Point","coordinates":[16.49946,41.23555]},"properties":{"OBJECTID":1270,"CODIMP":"75400","NOME":"BISCEGLIE","IMPIANTO":"S","COMUNE":"Bisceglie","PROVINCIA":"Bari","REGIONE":"Puglia","CODLINEACOMM":"J069","LINEACOMM":"FOGGIA - BARI (compresa Enziteto Catino - Bari S.Spirito)","DOIT":"BA","SERVIZIO_MERCI":"0","SERVIZIO_VIAGGIATORI":"SI","CAP_REG":"0","CAP_P":"0","DIRAMAZ":"0","CAUSA_CHIUSURA":null}},{"type":"Feature","id":1271,"geometry":{"type":"Point","coordinates":[16.59677,41.19612]},"properties":{"OBJECTID":1271,"CODIMP":"75440","NOME":"MOLFETTA","IMPIANTO":"S","COMUNE":"Molfetta","PROVINCIA":"Bari","REGIONE":"Puglia","CODLINEACOMM":"J069","LINEACOMM":"FOGGIA - BARI (compresa Enziteto Catino - Bari S.Spirito)","DOIT":"BA","SERVIZIO_MERCI":"0","SERVIZIO_VIAGGIATORI":"SI","CAP_REG":"0","CAP_P":"0","DIRAMAZ":"0","CAUSA_CHIUSURA":null}},{"type":"Feature","id":1273,"geometry":{"type":"Point","coordinates":[15.35081,41.80749]},"properties":{"OBJECTID":1273,"CODIMP":"74840","NOME":"POGGIO IMPERIALE","IMPIANTO":"F","COMUNE":"Apricena","PROVINCIA":"Foggia","REGIONE":"Puglia","CODLINEACOMM":"J067","LINEACOMM":"ANCONA - FOGGIA","DOIT":"BA","SERVIZIO_MERCI":"0","SERVIZIO_VIAGGIATORI":"SI","CAP_REG":"0","CAP_P":"0","DIRAMAZ":"0","CAUSA_CHIUSURA":null}},{"type":"Feature","id":1274,"geometry":{"type":"Point","coordinates":[16.7463,41.15976]},"properties":{"OBJECTID":1274,"CODIMP":"75520","NOME":"BARI S.SPIRITO","IMPIANTO":"S","COMUNE":"Bari","PROVINCIA":"Bari","REGIONE":"Puglia","CODLINEACOMM":"J069","LINEACOMM":"FOGGIA - BARI (compresa Enziteto Catino - Bari S.Spirito)","DOIT":"BA","SERVIZIO_MERCI":"0","SERVIZIO_VIAGGIATORI":"SI","CAP_REG":"0","CAP_P":"0","DIRAMAZ":"1","CAUSA_CHIUSURA":null}},{"type":"Feature","id":1275,"geometry":{"type":"Point","coordinates":[16.76688,41.1517]},"properties":{"OBJECTID":1275,"CODIMP":"75523","NOME":"BARI PALESE MACCHIE","IMPIANTO":"F","COMUNE":"Bari","PROVINCIA":"Bari","REGIONE":"Puglia","CODLINEACOMM":"J069","LINEACOMM":"FOGGIA - BARI (compresa Enziteto Catino - Bari S.Spirito)","DOIT":"BA","SERVIZIO_MERCI":"0","SERVIZIO_VIAGGIATORI":"SI","CAP_REG":"0","CAP_P":"0","DIRAMAZ":"0","CAUSA_CHIUSURA":null}},{"type":"Feature","id":1276,"geometry":{"type":"Point","coordinates":[16.41763,41.2728]},"properties":{"OBJECTID":1276,"CODIMP":"75360","NOME":"TRANI","IMPIANTO":"S","COMUNE":"Trani","PROVINCIA":"Bari","REGIONE":"Puglia","CODLINEACOMM":"J069","LINEACOMM":"FOGGIA - BARI (compresa Enziteto Catino - Bari S.Spirito)","DOIT":"BA","SERVIZIO_MERCI":"0","SERVIZIO_VIAGGIATORI":"SI","CAP_REG":"0","CAP_P":"0","DIRAMAZ":"0","CAUSA_CHIUSURA":null}},{"type":"Feature","id":1277,"geometry":{"type":"Point","coordinates":[17.10787,40.58308]},"properties":{"OBJECTID":1277,"CODIMP":"76740","NOME":"MASSAFRA","IMPIANTO":"F","COMUNE":"Massafra","PROVINCIA":"Taranto","REGIONE":"Puglia","CODLINEACOMM":"K159","LINEACOMM":"GIOIA DEL COLLE - TARANTO","DOIT":"BA","SERVIZIO_MERCI":"0","SERVIZIO_VIAGGIATORI":"SI","CAP_REG":"0","CAP_P":"0","DIRAMAZ":"0","CAUSA_CHIUSURA":null}},{"type":"Feature","id":1279,"geometry":{"type":"Point","coordinates":[16.66932,41.18108]},"properties":{"OBJECTID":1279,"CODIMP":"75480","NOME":"GIOVINAZZO","IMPIANTO":"S","COMUNE":"Giovinazzo","PROVINCIA":"Bari","REGIONE":"Puglia","CODLINEACOMM":"J069","LINEACOMM":"FOGGIA - BARI (compresa Enziteto Catino - Bari S.Spirito)","DOIT":"BA","SERVIZIO_MERCI":"1","SERVIZIO_VIAGGIATORI":"SI","CAP_REG":"0","CAP_P":"0","DIRAMAZ":"0","CAUSA_CHIUSURA":null}},{"type":"Feature","id":1283,"geometry":{"type":"Point","coordinates":[16.82651,41.12817]},"properties":{"OBJECTID":1283,"CODIMP":"75525","NOME":"BARI ZONA INDUSTRIALE","IMPIANTO":"F","COMUNE":"Bari","PROVINCIA":"Bari","REGIONE":"Puglia","CODLINEACOMM":"J069","LINEACOMM":"FOGGIA - BARI (compresa Enziteto Catino - Bari S.Spirito)","DOIT":"BA","SERVIZIO_MERCI":"0","SERVIZIO_VIAGGIATORI":"SI","CAP_REG":"0","CAP_P":"0","DIRAMAZ":"0","CAUSA_CHIUSURA":null}},{"type":"Feature","id":1284,"geometry":{"type":"Point","coordinates":[17.93894,40.63445]},"properties":{"OBJECTID":1284,"CODIMP":"76220","NOME":"BRINDISI","IMPIANTO":"S","COMUNE":"Brindisi","PROVINCIA":"Brindisi","REGIONE":"Puglia","CODLINEACOMM":"K150","LINEACOMM":"BARI - BRINDISI","DOIT":"BA","SERVIZIO_MERCI":"1","SERVIZIO_VIAGGIATORI":"SI","CAP_REG":"0","CAP_P":"1","DIRAMAZ":"1","CAUSA_CHIUSURA":null}},{"type":"Feature","id":1285,"geometry":{"type":"Point","coordinates":[17.38587,40.85186]},"properties":{"OBJECTID":1285,"CODIMP":"76020","NOME":"FASANO","IMPIANTO":"S","COMUNE":"Fasano","PROVINCIA":"Brindisi","REGIONE":"Puglia","CODLINEACOMM":"K150","LINEACOMM":"BARI - BRINDISI","DOIT":"BA","SERVIZIO_MERCI":"0","SERVIZIO_VIAGGIATORI":"SI","CAP_REG":"0","CAP_P":"0","DIRAMAZ":"0","CAUSA_CHIUSURA":null}},{"type":"Feature","id":1286,"geometry":{"type":"Point","coordinates":[17.45687,40.81676]},"properties":{"OBJECTID":1286,"CODIMP":"76060","NOME":"CISTERNINO","IMPIANTO":"F","COMUNE":"Fasano","PROVINCIA":"Brindisi","REGIONE":"Puglia","CODLINEACOMM":"K150","LINEACOMM":"BARI - BRINDISI","DOIT":"BA","SERVIZIO_MERCI":"0","SERVIZIO_VIAGGIATORI":"SI","CAP_REG":"0","CAP_P":"0","DIRAMAZ":"0","CAUSA_CHIUSURA":null}},{"type":"Feature","id":1287,"geometry":{"type":"Point","coordinates":[17.58077,40.75246]},"properties":{"OBJECTID":1287,"CODIMP":"76100","NOME":"OSTUNI","IMPIANTO":"S","COMUNE":"Ostuni","PROVINCIA":"Brindisi","REGIONE":"Puglia","CODLINEACOMM":"K150","LINEACOMM":"BARI - BRINDISI","DOIT":"BA","SERVIZIO_MERCI":"0","SERVIZIO_VIAGGIATORI":"SI","CAP_REG":"0","CAP_P":"0","DIRAMAZ":"0","CAUSA_CHIUSURA":null}},{"type":"Feature","id":1288,"geometry":{"type":"Point","coordinates":[17.68376,40.73745]},"properties":{"OBJECTID":1288,"CODIMP":"76140","NOME":"CAROVIGNO","IMPIANTO":"F","COMUNE":"Carovigno","PROVINCIA":"Brindisi","REGIONE":"Puglia","CODLINEACOMM":"K150","LINEACOMM":"BARI - BRINDISI","DOIT":"BA","SERVIZIO_MERCI":"0","SERVIZIO_VIAGGIATORI":"SI","CAP_REG":"0","CAP_P":"0","DIRAMAZ":"0","CAUSA_CHIUSURA":null}},{"type":"Feature","id":1289,"geometry":{"type":"Point","coordinates":[17.21864,40.99104]},"properties":{"OBJECTID":1289,"CODIMP":"75900","NOME":"POLIGNANO A MARE","IMPIANTO":"S","COMUNE":"Polignano A Mare","PROVINCIA":"Bari","REGIONE":"Puglia","CODLINEACOMM":"K150","LINEACOMM":"BARI - BRINDISI","DOIT":"BA","SERVIZIO_MERCI":"0","SERVIZIO_VIAGGIATORI":"SI","CAP_REG":"0","CAP_P":"0","DIRAMAZ":"0","CAUSA_CHIUSURA":null}},{"type":"Feature","id":1290,"geometry":{"type":"Point","coordinates":[17.29242,40.95212]},"properties":{"OBJECTID":1290,"CODIMP":"75940","NOME":"MONOPOLI","IMPIANTO":"S","COMUNE":"Monopoli","PROVINCIA":"Bari","REGIONE":"Puglia","CODLINEACOMM":"K150","LINEACOMM":"BARI - BRINDISI","DOIT":"BA","SERVIZIO_MERCI":"0","SERVIZIO_VIAGGIATORI":"SI","CAP_REG":"0","CAP_P":"0","DIRAMAZ":"0","CAUSA_CHIUSURA":null}},{"type":"Feature","id":1291,"geometry":{"type":"Point","coordinates":[16.99574,41.08274]},"properties":{"OBJECTID":1291,"CODIMP":"75780","NOME":"BARI TORRE A MARE","IMPIANTO":"S","COMUNE":"Bari","PROVINCIA":"Bari","REGIONE":"Puglia","CODLINEACOMM":"K150","LINEACOMM":"BARI - BRINDISI","DOIT":"BA","SERVIZIO_MERCI":"0","SERVIZIO_VIAGGIATORI":"SI","CAP_REG":"0","CAP_P":"0","DIRAMAZ":"0","CAUSA_CHIUSURA":null}},{"type":"Feature","id":1292,"geometry":{"type":"Point","coordinates":[17.08089,41.05734]},"properties":{"OBJECTID":1292,"CODIMP":"75820","NOME":"MOLA DI BARI","IMPIANTO":"S","COMUNE":"Mola Di Bari","PROVINCIA":"Bari","REGIONE":"Puglia","CODLINEACOMM":"K150","LINEACOMM":"BARI - BRINDISI","DOIT":"BA","SERVIZIO_MERCI":"0","SERVIZIO_VIAGGIATORI":"SI","CAP_REG":"0","CAP_P":"0","DIRAMAZ":"0","CAUSA_CHIUSURA":null}},{"type":"Feature","id":1294,"geometry":{"type":"Point","coordinates":[15.62056,41.31512]},"properties":{"OBJECTID":1294,"CODIMP":"77800","NOME":"ORDONA","IMPIANTO":"S","COMUNE":"Ordona","PROVINCIA":"Foggia","REGIONE":"Puglia","CODLINEACOMM":"K153","LINEACOMM":"CERVARO - ROCCHETTA S.A.","DOIT":"BA","SERVIZIO_MERCI":"0","SERVIZIO_VIAGGIATORI":"SI","CAP_REG":"0","CAP_P":"0","DIRAMAZ":"0","CAUSA_CHIUSURA":null}},{"type":"Feature","id":1295,"geometry":{"type":"Point","coordinates":[15.54782,41.21997]},"properties":{"OBJECTID":1295,"CODIMP":"77840","NOME":"ASCOLI SATRIANO","IMPIANTO":"S","COMUNE":"Ascoli Satriano","PROVINCIA":"Foggia","REGIONE":"Puglia","CODLINEACOMM":"K153","LINEACOMM":"CERVARO - ROCCHETTA S.A.","DOIT":"BA","SERVIZIO_MERCI":"0","SERVIZIO_VIAGGIATORI":"SI","CAP_REG":"0","CAP_P":"0","DIRAMAZ":"0","CAUSA_CHIUSURA":null}},{"type":"Feature","id":1296,"geometry":{"type":"Point","coordinates":[15.64688,40.98999]},"properties":{"OBJECTID":1296,"CODIMP":"78000","NOME":"MELFI","IMPIANTO":"S","COMUNE":"Melfi","PROVINCIA":"Potenza","REGIONE":"Basilicata","CODLINEACOMM":"K154","LINEACOMM":"ROCCHETTA S.A. - POTENZA","DOIT":"BA","SERVIZIO_MERCI":"0","SERVIZIO_VIAGGIATORI":"SI","CAP_REG":"0","CAP_P":"0","DIRAMAZ":"0","CAUSA_CHIUSURA":null}},{"type":"Feature","id":1297,"geometry":{"type":"Point","coordinates":[15.67094,40.94316]},"properties":{"OBJECTID":1297,"CODIMP":"78030","NOME":"BARILE","IMPIANTO":"F","COMUNE":"Barile","PROVINCIA":"Potenza","REGIONE":"Basilicata","CODLINEACOMM":"K154","LINEACOMM":"ROCCHETTA S.A. - POTENZA","DOIT":"BA","SERVIZIO_MERCI":"0","SERVIZIO_VIAGGIATORI":"SI","CAP_REG":"0","CAP_P":"0","DIRAMAZ":"0","CAUSA_CHIUSURA":null}},{"type":"Feature","id":1298,"geometry":{"type":"Point","coordinates":[15.67868,40.92218]},"properties":{"OBJECTID":1298,"CODIMP":"78040","NOME":"RIONERO-ATELLA-RIPACANDIDA","IMPIANTO":"S","COMUNE":"Rionero In Vulture","PROVINCIA":"Potenza","REGIONE":"Basilicata","CODLINEACOMM":"K154","LINEACOMM":"ROCCHETTA S.A. - POTENZA","DOIT":"BA","SERVIZIO_MERCI":"0","SERVIZIO_VIAGGIATORI":"SI","CAP_REG":"0","CAP_P":"0","DIRAMAZ":"0","CAUSA_CHIUSURA":null}},{"type":"Feature","id":1299,"geometry":{"type":"Point","coordinates":[15.72532,40.86695]},"properties":{"OBJECTID":1299,"CODIMP":"78080","NOME":"FORENZA","IMPIANTO":"S","COMUNE":"Filiano","PROVINCIA":"Potenza","REGIONE":"Basilicata","CODLINEACOMM":"K154","LINEACOMM":"ROCCHETTA S.A. - POTENZA","DOIT":"BA","SERVIZIO_MERCI":"0","SERVIZIO_VIAGGIATORI":"SI","CAP_REG":"0","CAP_P":"0","DIRAMAZ":"0","CAUSA_CHIUSURA":null}},{"type":"Feature","id":1300,"geometry":{"type":"Point","coordinates":[15.75227,40.83727]},"properties":{"OBJECTID":1300,"CODIMP":"78083","NOME":"FILIANO","IMPIANTO":"F","COMUNE":"Avigliano","PROVINCIA":"Potenza","REGIONE":"Basilicata","CODLINEACOMM":"K154","LINEACOMM":"ROCCHETTA S.A. - POTENZA","DOIT":"BA","SERVIZIO_MERCI":"0","SERVIZIO_VIAGGIATORI":"SI","CAP_REG":"0","CAP_P":"0","DIRAMAZ":"0","CAUSA_CHIUSURA":null}},{"type":"Feature","id":1302,"geometry":{"type":"Point","coordinates":[15.53315,41.15155]},"properties":{"OBJECTID":1302,"CODIMP":"77880","NOME":"CANDELA-S.AGATA DI PUGLIA","IMPIANTO":"S","COMUNE":"Candela","PROVINCIA":"Foggia","REGIONE":"Puglia","CODLINEACOMM":"K153","LINEACOMM":"CERVARO - ROCCHETTA S.A.","DOIT":"BA","SERVIZIO_MERCI":"0","SERVIZIO_VIAGGIATORI":"SI","CAP_REG":"0","CAP_P":"0","DIRAMAZ":"0","CAUSA_CHIUSURA":null}},{"type":"Feature","id":1304,"geometry":{"type":"Point","coordinates":[15.75807,40.7878]},"properties":{"OBJECTID":1304,"CODIMP":"78120","NOME":"CASTEL LAGOPESOLE","IMPIANTO":"S","COMUNE":"Avigliano","PROVINCIA":"Potenza","REGIONE":"Basilicata","CODLINEACOMM":"K154","LINEACOMM":"ROCCHETTA S.A. - POTENZA","DOIT":"BA","SERVIZIO_MERCI":"0","SERVIZIO_VIAGGIATORI":"SI","CAP_REG":"0","CAP_P":"0","DIRAMAZ":"0","CAUSA_CHIUSURA":null}},{"type":"Feature","id":1305,"geometry":{"type":"Point","coordinates":[15.77709,40.78125]},"properties":{"OBJECTID":1305,"CODIMP":"78123","NOME":"POSSIDENTE","IMPIANTO":"F","COMUNE":"Avigliano","PROVINCIA":"Potenza","REGIONE":"Basilicata","CODLINEACOMM":"K154","LINEACOMM":"ROCCHETTA S.A. - POTENZA","DOIT":"BA","SERVIZIO_MERCI":"0","SERVIZIO_VIAGGIATORI":"SI","CAP_REG":"0","CAP_P":"0","DIRAMAZ":"0","CAUSA_CHIUSURA":null}},{"type":"Feature","id":1307,"geometry":{"type":"Point","coordinates":[15.79209,40.75342]},"properties":{"OBJECTID":1307,"CODIMP":"78125","NOME":"PIETRAGALLA","IMPIANTO":"F","COMUNE":"Avigliano","PROVINCIA":"Potenza","REGIONE":"Basilicata","CODLINEACOMM":"K154","LINEACOMM":"ROCCHETTA S.A. - POTENZA","DOIT":"BA","SERVIZIO_MERCI":"0","SERVIZIO_VIAGGIATORI":"SI","CAP_REG":"0","CAP_P":"0","DIRAMAZ":"0","CAUSA_CHIUSURA":null}},{"type":"Feature","id":1308,"geometry":{"type":"Point","coordinates":[15.9978,40.58872]},"properties":{"OBJECTID":1308,"CODIMP":"77265","NOME":"TRIVIGNO","IMPIANTO":"S","COMUNE":"Trivigno","PROVINCIA":"Potenza","REGIONE":"Basilicata","CODLINEACOMM":"K155","LINEACOMM":"POTENZA - METAPONTO","DOIT":"BA","SERVIZIO_MERCI":"0","SERVIZIO_VIAGGIATORI":"SI","CAP_REG":"0","CAP_P":"0","DIRAMAZ":"0","CAUSA_CHIUSURA":null}},{"type":"Feature","id":1309,"geometry":{"type":"Point","coordinates":[16.02123,40.57482]},"properties":{"OBJECTID":1309,"CODIMP":"77267","NOME":"ALBANO DI LUCANIA","IMPIANTO":"F","COMUNE":"Albano Di Lucania","PROVINCIA":"Potenza","REGIONE":"Basilicata","CODLINEACOMM":"K155","LINEACOMM":"POTENZA - METAPONTO","DOIT":"BA","SERVIZIO_MERCI":"0","SERVIZIO_VIAGGIATORI":"SI","CAP_REG":"0","CAP_P":"0","DIRAMAZ":"0","CAUSA_CHIUSURA":null}},{"type":"Feature","id":1310,"geometry":{"type":"Point","coordinates":[15.7856,40.71478]},"properties":{"OBJECTID":1310,"CODIMP":"78160","NOME":"AVIGLIANO LUCANIA","IMPIANTO":"S","COMUNE":"Potenza","PROVINCIA":"Potenza","REGIONE":"Basilicata","CODLINEACOMM":"K154","LINEACOMM":"ROCCHETTA S.A. - POTENZA","DOIT":"BA","SERVIZIO_MERCI":"0","SERVIZIO_VIAGGIATORI":"SI","CAP_REG":"0","CAP_P":"0","DIRAMAZ":"0","CAUSA_CHIUSURA":null}},{"type":"Feature","id":1313,"geometry":{"type":"Point","coordinates":[16.24103,40.59343]},"properties":{"OBJECTID":1313,"CODIMP":"77320","NOME":"GRASSANO-GARAGUSO-TRICARICO","IMPIANTO":"S","COMUNE":"Garaguso","PROVINCIA":"Matera","REGIONE":"Basilicata","CODLINEACOMM":"K155","LINEACOMM":"POTENZA - METAPONTO","DOIT":"BA","SERVIZIO_MERCI":"0","SERVIZIO_VIAGGIATORI":"SI","CAP_REG":"0","CAP_P":"0","DIRAMAZ":"0","CAUSA_CHIUSURA":null}},{"type":"Feature","id":1314,"geometry":{"type":"Point","coordinates":[16.35153,40.58357]},"properties":{"OBJECTID":1314,"CODIMP":"77360","NOME":"SALANDRA-GROTTOLE","IMPIANTO":"S","COMUNE":"Salandra","PROVINCIA":"Matera","REGIONE":"Basilicata","CODLINEACOMM":"K155","LINEACOMM":"POTENZA - METAPONTO","DOIT":"BA","SERVIZIO_MERCI":"0","SERVIZIO_VIAGGIATORI":"SI","CAP_REG":"0","CAP_P":"0","DIRAMAZ":"0","CAUSA_CHIUSURA":null}},{"type":"Feature","id":1315,"geometry":{"type":"Point","coordinates":[16.47525,40.51668]},"properties":{"OBJECTID":1315,"CODIMP":"77400","NOME":"FERRANDINA - SCALO MATERA","IMPIANTO":"S","COMUNE":"Ferrandina","PROVINCIA":"Matera","REGIONE":"Basilicata","CODLINEACOMM":"K155","LINEACOMM":"POTENZA - METAPONTO","DOIT":"BA","SERVIZIO_MERCI":"0","SERVIZIO_VIAGGIATORI":"SI","CAP_REG":"0","CAP_P":"0","DIRAMAZ":"0","CAUSA_CHIUSURA":null}},{"type":"Feature","id":1316,"geometry":{"type":"Point","coordinates":[16.55215,40.42096]},"properties":{"OBJECTID":1316,"CODIMP":"77440","NOME":"PISTICCI","IMPIANTO":"S","COMUNE":"Pisticci","PROVINCIA":"Matera","REGIONE":"Basilicata","CODLINEACOMM":"K155","LINEACOMM":"POTENZA - METAPONTO","DOIT":"BA","SERVIZIO_MERCI":"0","SERVIZIO_VIAGGIATORI":"SI","CAP_REG":"0","CAP_P":"0","DIRAMAZ":"0","CAUSA_CHIUSURA":null}},{"type":"Feature","id":1317,"geometry":{"type":"Point","coordinates":[16.68225,40.39773]},"properties":{"OBJECTID":1317,"CODIMP":"77480","NOME":"BERNALDA","IMPIANTO":"S","COMUNE":"Bernalda","PROVINCIA":"Matera","REGIONE":"Basilicata","CODLINEACOMM":"K155","LINEACOMM":"POTENZA - METAPONTO","DOIT":"BA","SERVIZIO_MERCI":"0","SERVIZIO_VIAGGIATORI":"SI","CAP_REG":"0","CAP_P":"0","DIRAMAZ":"0","CAUSA_CHIUSURA":null}},{"type":"Feature","id":1321,"geometry":{"type":"Point","coordinates":[13.89681,42.91289]},"properties":{"OBJECTID":1321,"CODIMP":"54600","NOME":"PORTO D'ASCOLI","IMPIANTO":"S","COMUNE":"San Benedetto Del Tronto","PROVINCIA":"Ascoli Piceno","REGIONE":"Marche","CODLINEACOMM":"J067","LINEACOMM":"ANCONA - FOGGIA","DOIT":"AN","SERVIZIO_MERCI":"0","SERVIZIO_VIAGGIATORI":"SI","CAP_REG":"0","CAP_P":"0","DIRAMAZ":"1","CAUSA_CHIUSURA":null}},{"type":"Feature","id":1322,"geometry":{"type":"Point","coordinates":[13.91738,42.83398]},"properties":{"OBJECTID":1322,"CODIMP":"54640","NOME":"ALBA ADRIATICA-NERETO-CONTROGUERRA","IMPIANTO":"S","COMUNE":"Alba Adriatica","PROVINCIA":"Teramo","REGIONE":"Abruzzo","CODLINEACOMM":"J067","LINEACOMM":"ANCONA - FOGGIA","DOIT":"AN","SERVIZIO_MERCI":"0","SERVIZIO_VIAGGIATORI":"SI","CAP_REG":"0","CAP_P":"0","DIRAMAZ":"0","CAUSA_CHIUSURA":null}},{"type":"Feature","id":1323,"geometry":{"type":"Point","coordinates":[14.91428,36.7781]},"properties":{"OBJECTID":1323,"CODIMP":"93760","NOME":"ISPICA","IMPIANTO":"S","COMUNE":"Ispica","PROVINCIA":"Ragusa","REGIONE":"Sicilia","CODLINEACOMM":"K174","LINEACOMM":"MODICA - SIRACUSA","DOIT":"PA","SERVIZIO_MERCI":"0","SERVIZIO_VIAGGIATORI":"SI","CAP_REG":"0","CAP_P":"0","DIRAMAZ":"0","CAUSA_CHIUSURA":null}},{"type":"Feature","id":1324,"geometry":{"type":"Point","coordinates":[14.84868,36.73388]},"properties":{"OBJECTID":1324,"CODIMP":"93720","NOME":"POZZALLO","IMPIANTO":"S","COMUNE":"Pozzallo","PROVINCIA":"Ragusa","REGIONE":"Sicilia","CODLINEACOMM":"K174","LINEACOMM":"MODICA - SIRACUSA","DOIT":"PA","SERVIZIO_MERCI":"0","SERVIZIO_VIAGGIATORI":"SI","CAP_REG":"0","CAP_P":"0","DIRAMAZ":"0","CAUSA_CHIUSURA":null}},{"type":"Feature","id":1325,"geometry":{"type":"Point","coordinates":[14.60032,36.94724]},"properties":{"OBJECTID":1325,"CODIMP":"93400","NOME":"COMISO","IMPIANTO":"S","COMUNE":"Comiso","PROVINCIA":"Ragusa","REGIONE":"Sicilia","CODLINEACOMM":"K173","LINEACOMM":"GELA - MODICA","DOIT":"PA","SERVIZIO_MERCI":"0","SERVIZIO_VIAGGIATORI":"SI","CAP_REG":"0","CAP_P":"0","DIRAMAZ":"0","CAUSA_CHIUSURA":null}},{"type":"Feature","id":1326,"geometry":{"type":"Point","coordinates":[14.95292,36.81603]},"properties":{"OBJECTID":1326,"CODIMP":"93800","NOME":"ROSOLINI","IMPIANTO":"S","COMUNE":"Rosolini","PROVINCIA":"Siracusa","REGIONE":"Sicilia","CODLINEACOMM":"K174","LINEACOMM":"MODICA - SIRACUSA","DOIT":"PA","SERVIZIO_MERCI":"0","SERVIZIO_VIAGGIATORI":"SI","CAP_REG":"0","CAP_P":"0","DIRAMAZ":"0","CAUSA_CHIUSURA":null}},{"type":"Feature","id":1328,"geometry":{"type":"Point","coordinates":[13.7258,43.30925]},"properties":{"OBJECTID":1328,"CODIMP":"54320","NOME":"CIVITANOVA MARCHE-MONTEGRANARO","IMPIANTO":"S","COMUNE":"Civitanova Marche","PROVINCIA":"Macerata","REGIONE":"Marche","CODLINEACOMM":"J067","LINEACOMM":"ANCONA - FOGGIA","DOIT":"AN","SERVIZIO_MERCI":"0","SERVIZIO_VIAGGIATORI":"SI","CAP_REG":"0","CAP_P":"0","DIRAMAZ":"1","CAUSA_CHIUSURA":null}},{"type":"Feature","id":1329,"geometry":{"type":"Point","coordinates":[13.76075,43.25695]},"properties":{"OBJECTID":1329,"CODIMP":"54360","NOME":"PORTO S.ELPIDIO","IMPIANTO":"S","COMUNE":"Porto Sant'elpidio","PROVINCIA":"Ascoli Piceno","REGIONE":"Marche","CODLINEACOMM":"J067","LINEACOMM":"ANCONA - FOGGIA","DOIT":"AN","SERVIZIO_MERCI":"0","SERVIZIO_VIAGGIATORI":"SI","CAP_REG":"0","CAP_P":"0","DIRAMAZ":"0","CAUSA_CHIUSURA":null}},{"type":"Feature","id":1330,"geometry":{"type":"Point","coordinates":[13.88229,42.95449]},"properties":{"OBJECTID":1330,"CODIMP":"54560","NOME":"S.BENEDETTO DEL TRONTO","IMPIANTO":"S","COMUNE":"San Benedetto Del Tronto","PROVINCIA":"Ascoli Piceno","REGIONE":"Marche","CODLINEACOMM":"J067","LINEACOMM":"ANCONA - FOGGIA","DOIT":"AN","SERVIZIO_MERCI":"0","SERVIZIO_VIAGGIATORI":"SI","CAP_REG":"0","CAP_P":"0","DIRAMAZ":"0","CAUSA_CHIUSURA":null}},{"type":"Feature","id":1332,"geometry":{"type":"Point","coordinates":[17.42447,40.52911]},"properties":{"OBJECTID":1332,"CODIMP":"78780","NOME":"GROTTAGLIE","IMPIANTO":"S","COMUNE":"Grottaglie","PROVINCIA":"Taranto","REGIONE":"Puglia","CODLINEACOMM":"K157","LINEACOMM":"TARANTO - BRINDISI","DOIT":"BA","SERVIZIO_MERCI":"0","SERVIZIO_VIAGGIATORI":"SI","CAP_REG":"0","CAP_P":"0","DIRAMAZ":"0","CAUSA_CHIUSURA":null}},{"type":"Feature","id":1334,"geometry":{"type":"Point","coordinates":[16.86957,41.11785]},"properties":{"OBJECTID":1334,"CODIMP":"75600","NOME":"BARI CENTRALE","IMPIANTO":"S","COMUNE":"Bari","PROVINCIA":"Bari","REGIONE":"Puglia","CODLINEACOMM":"J069","LINEACOMM":"FOGGIA - BARI (compresa Enziteto Catino - Bari S.Spirito)","DOIT":"BA","SERVIZIO_MERCI":"0","SERVIZIO_VIAGGIATORI":"SI","CAP_REG":"1","CAP_P":"1","DIRAMAZ":"1","CAUSA_CHIUSURA":null}},{"type":"Feature","id":1335,"geometry":{"type":"Point","coordinates":[16.89964,41.1149]},"properties":{"OBJECTID":1335,"CODIMP":"75640","NOME":"MARCONI","IMPIANTO":"F","COMUNE":"Bari","PROVINCIA":"Bari","REGIONE":"Puglia","CODLINEACOMM":"K150","LINEACOMM":"BARI - BRINDISI","DOIT":"BA","SERVIZIO_MERCI":"0","SERVIZIO_VIAGGIATORI":"SI","CAP_REG":"0","CAP_P":"0","DIRAMAZ":"0","CAUSA_CHIUSURA":null}},{"type":"Feature","id":1336,"geometry":{"type":"Point","coordinates":[17.80204,40.56332]},"properties":{"OBJECTID":1336,"CODIMP":"78980","NOME":"MESAGNE","IMPIANTO":"S","COMUNE":"Mesagne","PROVINCIA":"Brindisi","REGIONE":"Puglia","CODLINEACOMM":"K157","LINEACOMM":"TARANTO - BRINDISI","DOIT":"BA","SERVIZIO_MERCI":"0","SERVIZIO_VIAGGIATORI":"SI","CAP_REG":"0","CAP_P":"0","DIRAMAZ":"0","CAUSA_CHIUSURA":null}},{"type":"Feature","id":1337,"geometry":{"type":"Point","coordinates":[17.71759,40.55819]},"properties":{"OBJECTID":1337,"CODIMP":"78940","NOME":"LATIANO","IMPIANTO":"S","COMUNE":"Latiano","PROVINCIA":"Brindisi","REGIONE":"Puglia","CODLINEACOMM":"K157","LINEACOMM":"TARANTO - BRINDISI","DOIT":"BA","SERVIZIO_MERCI":"0","SERVIZIO_VIAGGIATORI":"SI","CAP_REG":"0","CAP_P":"0","DIRAMAZ":"0","CAUSA_CHIUSURA":null}},{"type":"Feature","id":1338,"geometry":{"type":"Point","coordinates":[17.6465,40.50829]},"properties":{"OBJECTID":1338,"CODIMP":"78900","NOME":"ORIA","IMPIANTO":"S","COMUNE":"Oria","PROVINCIA":"Brindisi","REGIONE":"Puglia","CODLINEACOMM":"K157","LINEACOMM":"TARANTO - BRINDISI","DOIT":"BA","SERVIZIO_MERCI":"0","SERVIZIO_VIAGGIATORI":"SI","CAP_REG":"0","CAP_P":"0","DIRAMAZ":"0","CAUSA_CHIUSURA":null}},{"type":"Feature","id":1339,"geometry":{"type":"Point","coordinates":[17.58467,40.52326]},"properties":{"OBJECTID":1339,"CODIMP":"78860","NOME":"FRANCAVILLA FONTANA","IMPIANTO":"S","COMUNE":"Francavilla Fontana","PROVINCIA":"Brindisi","REGIONE":"Puglia","CODLINEACOMM":"K157","LINEACOMM":"TARANTO - BRINDISI","DOIT":"BA","SERVIZIO_MERCI":"0","SERVIZIO_VIAGGIATORI":"SI","CAP_REG":"0","CAP_P":"0","DIRAMAZ":"0","CAUSA_CHIUSURA":null}},{"type":"Feature","id":1341,"geometry":{"type":"Point","coordinates":[12.49889,37.88501]},"properties":{"OBJECTID":1341,"CODIMP":"91740","NOME":"MOZIA-BIRGI","IMPIANTO":"S","COMUNE":"Marsala","PROVINCIA":"Trapani","REGIONE":"Sicilia","CODLINEACOMM":"K192","LINEACOMM":"ALCAMO DIRAMAZIONE - CASTELVETRANO - TRAPANI","DOIT":"PA","SERVIZIO_MERCI":"0","SERVIZIO_VIAGGIATORI":"SI","CAP_REG":"0","CAP_P":"0","DIRAMAZ":"0","CAUSA_CHIUSURA":null}},{"type":"Feature","id":1342,"geometry":{"type":"Point","coordinates":[16.27884,41.31534]},"properties":{"OBJECTID":1342,"CODIMP":"75300","NOME":"BARLETTA","IMPIANTO":"S","COMUNE":"Barletta","PROVINCIA":"Bari","REGIONE":"Puglia","CODLINEACOMM":"J069","LINEACOMM":"FOGGIA - BARI (compresa Enziteto Catino - Bari S.Spirito)","DOIT":"BA","SERVIZIO_MERCI":"0","SERVIZIO_VIAGGIATORI":"SI","CAP_REG":"0","CAP_P":"0","DIRAMAZ":"1","CAUSA_CHIUSURA":null}},{"type":"Feature","id":1343,"geometry":{"type":"Point","coordinates":[15.65071,41.40829]},"properties":{"OBJECTID":1343,"CODIMP":"75060","NOME":"INCORONATA","IMPIANTO":"S","COMUNE":"Foggia","PROVINCIA":"Foggia","REGIONE":"Puglia","CODLINEACOMM":"J069","LINEACOMM":"FOGGIA - BARI (compresa Enziteto Catino - Bari S.Spirito)","DOIT":"BA","SERVIZIO_MERCI":"1","SERVIZIO_VIAGGIATORI":"SI","CAP_REG":"0","CAP_P":"0","DIRAMAZ":"0","CAUSA_CHIUSURA":null}},{"type":"Feature","id":1348,"geometry":{"type":"Point","coordinates":[12.86543,37.80668]},"properties":{"OBJECTID":1348,"CODIMP":"91400","NOME":"SALEMI-GIBELLINA","IMPIANTO":"S","COMUNE":"Salemi","PROVINCIA":"Trapani","REGIONE":"Sicilia","CODLINEACOMM":"K192","LINEACOMM":"ALCAMO DIRAMAZIONE - CASTELVETRANO - TRAPANI","DOIT":"PA","SERVIZIO_MERCI":"0","SERVIZIO_VIAGGIATORI":"SI","CAP_REG":"0","CAP_P":"0","DIRAMAZ":"0","CAUSA_CHIUSURA":null}},{"type":"Feature","id":1349,"geometry":{"type":"Point","coordinates":[12.61811,44.03047]},"properties":{"OBJECTID":1349,"CODIMP":"53735","NOME":"RIMINI MIRAMARE","IMPIANTO":"F","COMUNE":"Rimini","PROVINCIA":"Rimini","REGIONE":"Emilia-Romagna","CODLINEACOMM":"J063","LINEACOMM":"[BOLOGNA] MIRANDOLA O. - ANCONA (compresa Ancona - Ancona Marittima)","DOIT":"AN","SERVIZIO_MERCI":"0","SERVIZIO_VIAGGIATORI":"SI","CAP_REG":"0","CAP_P":"0","DIRAMAZ":"0","CAUSA_CHIUSURA":null}},{"type":"Feature","id":1350,"geometry":{"type":"Point","coordinates":[12.65856,43.99931]},"properties":{"OBJECTID":1350,"CODIMP":"53740","NOME":"RICCIONE","IMPIANTO":"S","COMUNE":"Riccione","PROVINCIA":"Rimini","REGIONE":"Emilia-Romagna","CODLINEACOMM":"J063","LINEACOMM":"[BOLOGNA] MIRANDOLA O. - ANCONA (compresa Ancona - Ancona Marittima)","DOIT":"AN","SERVIZIO_MERCI":"0","SERVIZIO_VIAGGIATORI":"SI","CAP_REG":"0","CAP_P":"0","DIRAMAZ":"0","CAUSA_CHIUSURA":null}},{"type":"Feature","id":1351,"geometry":{"type":"Point","coordinates":[12.5741,44.06426]},"properties":{"OBJECTID":1351,"CODIMP":"40500","NOME":"RIMINI","IMPIANTO":"S","COMUNE":"Rimini","PROVINCIA":"Rimini","REGIONE":"Emilia-Romagna","CODLINEACOMM":"J063","LINEACOMM":"[BOLOGNA] MIRANDOLA O. - ANCONA (compresa Ancona - Ancona Marittima)","DOIT":"BO","SERVIZIO_MERCI":"0","SERVIZIO_VIAGGIATORI":"SI","CAP_REG":"0","CAP_P":"1","DIRAMAZ":"1","CAUSA_CHIUSURA":null}},{"type":"Feature","id":1352,"geometry":{"type":"Point","coordinates":[12.69713,43.97758]},"properties":{"OBJECTID":1352,"CODIMP":"53745","NOME":"MISANO ADRIATICO","IMPIANTO":"F","COMUNE":"Misano Adriatico","PROVINCIA":"Rimini","REGIONE":"Emilia-Romagna","CODLINEACOMM":"J063","LINEACOMM":"[BOLOGNA] MIRANDOLA O. - ANCONA (compresa Ancona - Ancona Marittima)","DOIT":"AN","SERVIZIO_MERCI":"0","SERVIZIO_VIAGGIATORI":"SI","CAP_REG":"0","CAP_P":"0","DIRAMAZ":"0","CAUSA_CHIUSURA":null}},{"type":"Feature","id":1353,"geometry":{"type":"Point","coordinates":[12.74509,43.96002]},"properties":{"OBJECTID":1353,"CODIMP":"53780","NOME":"CATTOLICA-S.GIOVANNI GABICCE","IMPIANTO":"S","COMUNE":"Cattolica","PROVINCIA":"Rimini","REGIONE":"Emilia-Romagna","CODLINEACOMM":"J063","LINEACOMM":"[BOLOGNA] MIRANDOLA O. - ANCONA (compresa Ancona - Ancona Marittima)","DOIT":"AN","SERVIZIO_MERCI":"0","SERVIZIO_VIAGGIATORI":"SI","CAP_REG":"0","CAP_P":"0","DIRAMAZ":"0","CAUSA_CHIUSURA":null}},{"type":"Feature","id":1354,"geometry":{"type":"Point","coordinates":[13.22166,43.71637]},"properties":{"OBJECTID":1354,"CODIMP":"53940","NOME":"SENIGALLIA","IMPIANTO":"S","COMUNE":"Senigallia","PROVINCIA":"Ancona","REGIONE":"Marche","CODLINEACOMM":"J063","LINEACOMM":"[BOLOGNA] MIRANDOLA O. - ANCONA (compresa Ancona - Ancona Marittima)","DOIT":"AN","SERVIZIO_MERCI":"0","SERVIZIO_VIAGGIATORI":"SI","CAP_REG":"0","CAP_P":"0","DIRAMAZ":"0","CAUSA_CHIUSURA":null}},{"type":"Feature","id":1355,"geometry":{"type":"Point","coordinates":[13.28793,43.67745]},"properties":{"OBJECTID":1355,"CODIMP":"53945","NOME":"MARZOCCA","IMPIANTO":"F","COMUNE":"Senigallia","PROVINCIA":"Ancona","REGIONE":"Marche","CODLINEACOMM":"J063","LINEACOMM":"[BOLOGNA] MIRANDOLA O. - ANCONA (compresa Ancona - Ancona Marittima)","DOIT":"AN","SERVIZIO_MERCI":"0","SERVIZIO_VIAGGIATORI":"SI","CAP_REG":"0","CAP_P":"0","DIRAMAZ":"0","CAUSA_CHIUSURA":null}},{"type":"Feature","id":1356,"geometry":{"type":"Point","coordinates":[13.80908,42.09803]},"properties":{"OBJECTID":1356,"CODIMP":"57580","NOME":"RAIANO","IMPIANTO":"S","COMUNE":"Raiano","PROVINCIA":"L'aquila","REGIONE":"Abruzzo","CODLINEACOMM":"K231","LINEACOMM":"TERNI - SULMONA","DOIT":"AN","SERVIZIO_MERCI":"0","SERVIZIO_VIAGGIATORI":"SI","CAP_REG":"0","CAP_P":"0","DIRAMAZ":"0","CAUSA_CHIUSURA":null}},{"type":"Feature","id":1357,"geometry":{"type":"Point","coordinates":[13.02478,43.84307]},"properties":{"OBJECTID":1357,"CODIMP":"53860","NOME":"FANO","IMPIANTO":"S","COMUNE":"Fano","PROVINCIA":"Pesaro E Urbino","REGIONE":"Marche","CODLINEACOMM":"J063","LINEACOMM":"[BOLOGNA] MIRANDOLA O. - ANCONA (compresa Ancona - Ancona Marittima)","DOIT":"AN","SERVIZIO_MERCI":"0","SERVIZIO_VIAGGIATORI":"SI","CAP_REG":"0","CAP_P":"0","DIRAMAZ":"0","CAUSA_CHIUSURA":null}},{"type":"Feature","id":1358,"geometry":{"type":"Point","coordinates":[13.13728,43.76984]},"properties":{"OBJECTID":1358,"CODIMP":"53900","NOME":"MAROTTA-MONDOLFO","IMPIANTO":"S","COMUNE":"Mondolfo","PROVINCIA":"Pesaro E Urbino","REGIONE":"Marche","CODLINEACOMM":"J063","LINEACOMM":"[BOLOGNA] MIRANDOLA O. - ANCONA (compresa Ancona - Ancona Marittima)","DOIT":"AN","SERVIZIO_MERCI":"0","SERVIZIO_VIAGGIATORI":"SI","CAP_REG":"0","CAP_P":"0","DIRAMAZ":"0","CAUSA_CHIUSURA":null}},{"type":"Feature","id":1359,"geometry":{"type":"Point","coordinates":[13.34648,43.65149]},"properties":{"OBJECTID":1359,"CODIMP":"53980","NOME":"MONTEMARCIANO","IMPIANTO":"S","COMUNE":"Montemarciano","PROVINCIA":"Ancona","REGIONE":"Marche","CODLINEACOMM":"J063","LINEACOMM":"[BOLOGNA] MIRANDOLA O. - ANCONA (compresa Ancona - Ancona Marittima)","DOIT":"AN","SERVIZIO_MERCI":"0","SERVIZIO_VIAGGIATORI":"SI","CAP_REG":"0","CAP_P":"0","DIRAMAZ":"0","CAUSA_CHIUSURA":null}},{"type":"Feature","id":1360,"geometry":{"type":"Point","coordinates":[13.39738,43.63066]},"properties":{"OBJECTID":1360,"CODIMP":"54020","NOME":"FALCONARA MARITTIMA","IMPIANTO":"S","COMUNE":"Falconara Marittima","PROVINCIA":"Ancona","REGIONE":"Marche","CODLINEACOMM":"J063","LINEACOMM":"[BOLOGNA] MIRANDOLA O. - ANCONA (compresa Ancona - Ancona Marittima)","DOIT":"AN","SERVIZIO_MERCI":"0","SERVIZIO_VIAGGIATORI":"SI","CAP_REG":"0","CAP_P":"0","DIRAMAZ":"1","CAUSA_CHIUSURA":null}},{"type":"Feature","id":1361,"geometry":{"type":"Point","coordinates":[13.42972,43.6171]},"properties":{"OBJECTID":1361,"CODIMP":"54042","NOME":"PALOMBINA","IMPIANTO":"F","COMUNE":"Ancona","PROVINCIA":"Ancona","REGIONE":"Marche","CODLINEACOMM":"J063","LINEACOMM":"[BOLOGNA] MIRANDOLA O. - ANCONA (compresa Ancona - Ancona Marittima)","DOIT":"AN","SERVIZIO_MERCI":"0","SERVIZIO_VIAGGIATORI":"SI","CAP_REG":"0","CAP_P":"0","DIRAMAZ":"0","CAUSA_CHIUSURA":null}},{"type":"Feature","id":1362,"geometry":{"type":"Point","coordinates":[13.49767,43.60782]},"properties":{"OBJECTID":1362,"CODIMP":"54060","NOME":"ANCONA","IMPIANTO":"S","COMUNE":"Ancona","PROVINCIA":"Ancona","REGIONE":"Marche","CODLINEACOMM":"J063","LINEACOMM":"[BOLOGNA] MIRANDOLA O. - ANCONA (compresa Ancona - Ancona Marittima)","DOIT":"AN","SERVIZIO_MERCI":"1","SERVIZIO_VIAGGIATORI":"SI","CAP_REG":"1","CAP_P":"1","DIRAMAZ":"1","CAUSA_CHIUSURA":null}},{"type":"Feature","id":1363,"geometry":{"type":"Point","coordinates":[13.52344,43.57482]},"properties":{"OBJECTID":1363,"CODIMP":"54120","NOME":"VARANO","IMPIANTO":"S","COMUNE":"Ancona","PROVINCIA":"Ancona","REGIONE":"Marche","CODLINEACOMM":"J067","LINEACOMM":"ANCONA - FOGGIA","DOIT":"AN","SERVIZIO_MERCI":"0","SERVIZIO_VIAGGIATORI":"SI","CAP_REG":"0","CAP_P":"0","DIRAMAZ":"0","CAUSA_CHIUSURA":null}},{"type":"Feature","id":1364,"geometry":{"type":"Point","coordinates":[13.7975,43.17982]},"properties":{"OBJECTID":1364,"CODIMP":"54400","NOME":"PORTO S.GIORGIO FERMO","IMPIANTO":"S","COMUNE":"Porto San Giorgio","PROVINCIA":"Ascoli Piceno","REGIONE":"Marche","CODLINEACOMM":"J067","LINEACOMM":"ANCONA - FOGGIA","DOIT":"AN","SERVIZIO_MERCI":"0","SERVIZIO_VIAGGIATORI":"SI","CAP_REG":"0","CAP_P":"0","DIRAMAZ":"0","CAUSA_CHIUSURA":null}},{"type":"Feature","id":1365,"geometry":{"type":"Point","coordinates":[14.06908,42.60784]},"properties":{"OBJECTID":1365,"CODIMP":"54760","NOME":"PINETO-ATRI","IMPIANTO":"S","COMUNE":"Pineto","PROVINCIA":"Teramo","REGIONE":"Abruzzo","CODLINEACOMM":"J067","LINEACOMM":"ANCONA - FOGGIA","DOIT":"AN","SERVIZIO_MERCI":"0","SERVIZIO_VIAGGIATORI":"SI","CAP_REG":"0","CAP_P":"0","DIRAMAZ":"0","CAUSA_CHIUSURA":null}},{"type":"Feature","id":1366,"geometry":{"type":"Point","coordinates":[14.11037,42.55921]},"properties":{"OBJECTID":1366,"CODIMP":"54800","NOME":"SILVI","IMPIANTO":"S","COMUNE":"Silvi","PROVINCIA":"Teramo","REGIONE":"Abruzzo","CODLINEACOMM":"J067","LINEACOMM":"ANCONA - FOGGIA","DOIT":"AN","SERVIZIO_MERCI":"0","SERVIZIO_VIAGGIATORI":"SI","CAP_REG":"0","CAP_P":"0","DIRAMAZ":"0","CAUSA_CHIUSURA":null}},{"type":"Feature","id":1367,"geometry":{"type":"Point","coordinates":[15.28257,37.84557]},"properties":{"OBJECTID":1367,"CODIMP":"87720","NOME":"TAORMINA","IMPIANTO":"S","COMUNE":"Taormina","PROVINCIA":"Messina","REGIONE":"Sicilia","CODLINEACOMM":"K169","LINEACOMM":"MESSINA CENTRALE - CATANIA CENTRALE","DOIT":"PA","SERVIZIO_MERCI":"0","SERVIZIO_VIAGGIATORI":"SI","CAP_REG":"0","CAP_P":"0","DIRAMAZ":"0","CAUSA_CHIUSURA":null}},{"type":"Feature","id":1368,"geometry":{"type":"Point","coordinates":[13.64638,43.28939]},"properties":{"OBJECTID":1368,"CODIMP":"58020","NOME":"MONTECOSARO","IMPIANTO":"S","COMUNE":"Montecosaro","PROVINCIA":"Macerata","REGIONE":"Marche","CODLINEACOMM":"K126","LINEACOMM":"CIVITANOVA - ALBACINA","DOIT":"AN","SERVIZIO_MERCI":"0","SERVIZIO_VIAGGIATORI":"SI","CAP_REG":"0","CAP_P":"0","DIRAMAZ":"0","CAUSA_CHIUSURA":null}},{"type":"Feature","id":1369,"geometry":{"type":"Point","coordinates":[13.58285,43.27928]},"properties":{"OBJECTID":1369,"CODIMP":"58060","NOME":"MORROVALLE-MONTE S.GIUSTO","IMPIANTO":"S","COMUNE":"Morrovalle","PROVINCIA":"Macerata","REGIONE":"Marche","CODLINEACOMM":"K126","LINEACOMM":"CIVITANOVA - ALBACINA","DOIT":"AN","SERVIZIO_MERCI":"0","SERVIZIO_VIAGGIATORI":"SI","CAP_REG":"0","CAP_P":"0","DIRAMAZ":"0","CAUSA_CHIUSURA":null}},{"type":"Feature","id":1371,"geometry":{"type":"Point","coordinates":[14.73948,42.07994]},"properties":{"OBJECTID":1371,"CODIMP":"55340","NOME":"VASTO S.SALVO","IMPIANTO":"S","COMUNE":"Vasto","PROVINCIA":"Chieti","REGIONE":"Abruzzo","CODLINEACOMM":"J067","LINEACOMM":"ANCONA - FOGGIA","DOIT":"AN","SERVIZIO_MERCI":"0","SERVIZIO_VIAGGIATORI":"SI","CAP_REG":"0","CAP_P":"0","DIRAMAZ":"0","CAUSA_CHIUSURA":null}},{"type":"Feature","id":1372,"geometry":{"type":"Point","coordinates":[12.98651,43.34578]},"properties":{"OBJECTID":1372,"CODIMP":"56180","NOME":"ALBACINA","IMPIANTO":"S","COMUNE":"Fabriano","PROVINCIA":"Ancona","REGIONE":"Marche","CODLINEACOMM":"J065","LINEACOMM":"ANCONA - ORTE (compresa Ancona - Ancona Marittima)","DOIT":"AN","SERVIZIO_MERCI":"0","SERVIZIO_VIAGGIATORI":"SI","CAP_REG":"0","CAP_P":"0","DIRAMAZ":"1","CAUSA_CHIUSURA":null}},{"type":"Feature","id":1373,"geometry":{"type":"Point","coordinates":[12.98319,43.32215]},"properties":{"OBJECTID":1373,"CODIMP":"58345","NOME":"CERRETO D'ESI","IMPIANTO":"F","COMUNE":"Cerreto D'esi","PROVINCIA":"Ancona","REGIONE":"Marche","CODLINEACOMM":"K126","LINEACOMM":"CIVITANOVA - ALBACINA","DOIT":"AN","SERVIZIO_MERCI":"0","SERVIZIO_VIAGGIATORI":"SI","CAP_REG":"0","CAP_P":"0","DIRAMAZ":"0","CAUSA_CHIUSURA":null}},{"type":"Feature","id":1374,"geometry":{"type":"Point","coordinates":[13.53275,43.28745]},"properties":{"OBJECTID":1374,"CODIMP":"58065","NOME":"S.CLAUDIO","IMPIANTO":"F","COMUNE":"Corridonia","PROVINCIA":"Macerata","REGIONE":"Marche","CODLINEACOMM":"K126","LINEACOMM":"CIVITANOVA - ALBACINA","DOIT":"AN","SERVIZIO_MERCI":"0","SERVIZIO_VIAGGIATORI":"SI","CAP_REG":"0","CAP_P":"0","DIRAMAZ":"0","CAUSA_CHIUSURA":null}},{"type":"Feature","id":1375,"geometry":{"type":"Point","coordinates":[13.18349,43.23006]},"properties":{"OBJECTID":1375,"CODIMP":"58260","NOME":"S.SEVERINO MARCHE","IMPIANTO":"S","COMUNE":"San Severino Marche","PROVINCIA":"Macerata","REGIONE":"Marche","CODLINEACOMM":"K126","LINEACOMM":"CIVITANOVA - ALBACINA","DOIT":"AN","SERVIZIO_MERCI":"0","SERVIZIO_VIAGGIATORI":"SI","CAP_REG":"0","CAP_P":"0","DIRAMAZ":"0","CAUSA_CHIUSURA":null}},{"type":"Feature","id":1376,"geometry":{"type":"Point","coordinates":[13.07523,43.22039]},"properties":{"OBJECTID":1376,"CODIMP":"58265","NOME":"GAGLIOLE","IMPIANTO":"F","COMUNE":"Gagliole","PROVINCIA":"Macerata","REGIONE":"Marche","CODLINEACOMM":"K126","LINEACOMM":"CIVITANOVA - ALBACINA","DOIT":"AN","SERVIZIO_MERCI":"0","SERVIZIO_VIAGGIATORI":"SI","CAP_REG":"0","CAP_P":"0","DIRAMAZ":"0","CAUSA_CHIUSURA":null}},{"type":"Feature","id":1377,"geometry":{"type":"Point","coordinates":[13.05728,43.21061]},"properties":{"OBJECTID":1377,"CODIMP":"58300","NOME":"CASTELRAIMONDO-CAMERINO","IMPIANTO":"S","COMUNE":"Castelraimondo","PROVINCIA":"Macerata","REGIONE":"Marche","CODLINEACOMM":"K126","LINEACOMM":"CIVITANOVA - ALBACINA","DOIT":"AN","SERVIZIO_MERCI":"0","SERVIZIO_VIAGGIATORI":"SI","CAP_REG":"0","CAP_P":"0","DIRAMAZ":"0","CAUSA_CHIUSURA":null}},{"type":"Feature","id":1378,"geometry":{"type":"Point","coordinates":[13.01509,43.25404]},"properties":{"OBJECTID":1378,"CODIMP":"58340","NOME":"MATELICA","IMPIANTO":"S","COMUNE":"Matelica","PROVINCIA":"Macerata","REGIONE":"Marche","CODLINEACOMM":"K126","LINEACOMM":"CIVITANOVA - ALBACINA","DOIT":"AN","SERVIZIO_MERCI":"0","SERVIZIO_VIAGGIATORI":"SI","CAP_REG":"0","CAP_P":"0","DIRAMAZ":"0","CAUSA_CHIUSURA":null}},{"type":"Feature","id":1379,"geometry":{"type":"Point","coordinates":[13.2905,43.21465]},"properties":{"OBJECTID":1379,"CODIMP":"58220","NOME":"TOLENTINO","IMPIANTO":"S","COMUNE":"Tolentino","PROVINCIA":"Macerata","REGIONE":"Marche","CODLINEACOMM":"K126","LINEACOMM":"CIVITANOVA - ALBACINA","DOIT":"AN","SERVIZIO_MERCI":"0","SERVIZIO_VIAGGIATORI":"SI","CAP_REG":"0","CAP_P":"0","DIRAMAZ":"0","CAUSA_CHIUSURA":null}},{"type":"Feature","id":1380,"geometry":{"type":"Point","coordinates":[13.41693,43.25755]},"properties":{"OBJECTID":1380,"CODIMP":"58145","NOME":"URBISAGLIA-SFORZACOSTA","IMPIANTO":"F","COMUNE":"Macerata","PROVINCIA":"Macerata","REGIONE":"Marche","CODLINEACOMM":"K126","LINEACOMM":"CIVITANOVA - ALBACINA","DOIT":"AN","SERVIZIO_MERCI":"0","SERVIZIO_VIAGGIATORI":"SI","CAP_REG":"0","CAP_P":"0","DIRAMAZ":"0","CAUSA_CHIUSURA":null}},{"type":"Feature","id":1381,"geometry":{"type":"Point","coordinates":[13.36703,43.24103]},"properties":{"OBJECTID":1381,"CODIMP":"58155","NOME":"POLLENZA","IMPIANTO":"F","COMUNE":"Pollenza","PROVINCIA":"Macerata","REGIONE":"Marche","CODLINEACOMM":"K126","LINEACOMM":"CIVITANOVA - ALBACINA","DOIT":"AN","SERVIZIO_MERCI":"0","SERVIZIO_VIAGGIATORI":"SI","CAP_REG":"0","CAP_P":"0","DIRAMAZ":"0","CAUSA_CHIUSURA":null}},{"type":"Feature","id":1382,"geometry":{"type":"Point","coordinates":[13.45518,43.29319]},"properties":{"OBJECTID":1382,"CODIMP":"58140","NOME":"MACERATA","IMPIANTO":"S","COMUNE":"Macerata","PROVINCIA":"Macerata","REGIONE":"Marche","CODLINEACOMM":"K126","LINEACOMM":"CIVITANOVA - ALBACINA","DOIT":"AN","SERVIZIO_MERCI":"0","SERVIZIO_VIAGGIATORI":"SI","CAP_REG":"0","CAP_P":"1","DIRAMAZ":"0","CAUSA_CHIUSURA":null}},{"type":"Feature","id":1383,"geometry":{"type":"Point","coordinates":[13.47771,43.28171]},"properties":{"OBJECTID":1383,"CODIMP":"58100","NOME":"CORRIDONIA-MOGLIANO","IMPIANTO":"S","COMUNE":"Macerata","PROVINCIA":"Macerata","REGIONE":"Marche","CODLINEACOMM":"K126","LINEACOMM":"CIVITANOVA - ALBACINA","DOIT":"AN","SERVIZIO_MERCI":"0","SERVIZIO_VIAGGIATORI":"SI","CAP_REG":"0","CAP_P":"0","DIRAMAZ":"0","CAUSA_CHIUSURA":null}},{"type":"Feature","id":1384,"geometry":{"type":"Point","coordinates":[12.07962,43.19673]},"properties":{"OBJECTID":1384,"CODIMP":"57675","NOME":"TUORO SUL TRASIMENO","IMPIANTO":"F","COMUNE":"Tuoro Sul Trasimeno","PROVINCIA":"Perugia","REGIONE":"Umbria","CODLINEACOMM":"K127","LINEACOMM":"TERONTOLA - FOLIGNO","DOIT":"AN","SERVIZIO_MERCI":"0","SERVIZIO_VIAGGIATORI":"SI","CAP_REG":"0","CAP_P":"0","DIRAMAZ":"0","CAUSA_CHIUSURA":null}},{"type":"Feature","id":1385,"geometry":{"type":"Point","coordinates":[12.13314,43.18842]},"properties":{"OBJECTID":1385,"CODIMP":"57680","NOME":"PASSIGNANO SUL TRASIMENO","IMPIANTO":"S","COMUNE":"Passignano Sul Trasimeno","PROVINCIA":"Perugia","REGIONE":"Umbria","CODLINEACOMM":"K127","LINEACOMM":"TERONTOLA - FOLIGNO","DOIT":"AN","SERVIZIO_MERCI":"0","SERVIZIO_VIAGGIATORI":"SI","CAP_REG":"0","CAP_P":"0","DIRAMAZ":"0","CAUSA_CHIUSURA":null}},{"type":"Feature","id":1387,"geometry":{"type":"Point","coordinates":[12.20225,43.13745]},"properties":{"OBJECTID":1387,"CODIMP":"57720","NOME":"MAGIONE","IMPIANTO":"S","COMUNE":"Magione","PROVINCIA":"Perugia","REGIONE":"Umbria","CODLINEACOMM":"K127","LINEACOMM":"TERONTOLA - FOLIGNO","DOIT":"AN","SERVIZIO_MERCI":"0","SERVIZIO_VIAGGIATORI":"SI","CAP_REG":"0","CAP_P":"0","DIRAMAZ":"0","CAUSA_CHIUSURA":null}},{"type":"Feature","id":1389,"geometry":{"type":"Point","coordinates":[12.31858,43.0948]},"properties":{"OBJECTID":1389,"CODIMP":"57760","NOME":"ELLERA-CORCIANO","IMPIANTO":"S","COMUNE":"Perugia","PROVINCIA":"Perugia","REGIONE":"Umbria","CODLINEACOMM":"K127","LINEACOMM":"TERONTOLA - FOLIGNO","DOIT":"AN","SERVIZIO_MERCI":"0","SERVIZIO_VIAGGIATORI":"SI","CAP_REG":"0","CAP_P":"0","DIRAMAZ":"0","CAUSA_CHIUSURA":null}},{"type":"Feature","id":1390,"geometry":{"type":"Point","coordinates":[12.43825,43.09181]},"properties":{"OBJECTID":1390,"CODIMP":"57840","NOME":"PERUGIA PONTE S.GIOVANNI","IMPIANTO":"S","COMUNE":"Perugia","PROVINCIA":"Perugia","REGIONE":"Umbria","CODLINEACOMM":"K127","LINEACOMM":"TERONTOLA - FOLIGNO","DOIT":"AN","SERVIZIO_MERCI":"0","SERVIZIO_VIAGGIATORI":"SI","CAP_REG":"0","CAP_P":"0","DIRAMAZ":"1","CAUSA_CHIUSURA":null}},{"type":"Feature","id":1392,"geometry":{"type":"Point","coordinates":[12.37558,43.10391]},"properties":{"OBJECTID":1392,"CODIMP":"57800","NOME":"PERUGIA","IMPIANTO":"S","COMUNE":"Perugia","PROVINCIA":"Perugia","REGIONE":"Umbria","CODLINEACOMM":"K127","LINEACOMM":"TERONTOLA - FOLIGNO","DOIT":"AN","SERVIZIO_MERCI":"0","SERVIZIO_VIAGGIATORI":"SI","CAP_REG":"1","CAP_P":"1","DIRAMAZ":"0","CAUSA_CHIUSURA":null}},{"type":"Feature","id":1393,"geometry":{"type":"Point","coordinates":[12.54775,43.07143]},"properties":{"OBJECTID":1393,"CODIMP":"57880","NOME":"BASTIA","IMPIANTO":"S","COMUNE":"Bastia Umbra","PROVINCIA":"Perugia","REGIONE":"Umbria","CODLINEACOMM":"K127","LINEACOMM":"TERONTOLA - FOLIGNO","DOIT":"AN","SERVIZIO_MERCI":"0","SERVIZIO_VIAGGIATORI":"SI","CAP_REG":"0","CAP_P":"0","DIRAMAZ":"0","CAUSA_CHIUSURA":null}},{"type":"Feature","id":1394,"geometry":{"type":"Point","coordinates":[12.58531,43.05902]},"properties":{"OBJECTID":1394,"CODIMP":"57920","NOME":"ASSISI","IMPIANTO":"S","COMUNE":"Assisi","PROVINCIA":"Perugia","REGIONE":"Umbria","CODLINEACOMM":"K127","LINEACOMM":"TERONTOLA - FOLIGNO","DOIT":"AN","SERVIZIO_MERCI":"0","SERVIZIO_VIAGGIATORI":"SI","CAP_REG":"0","CAP_P":"0","DIRAMAZ":"0","CAUSA_CHIUSURA":null}},{"type":"Feature","id":1396,"geometry":{"type":"Point","coordinates":[12.6689,42.9845]},"properties":{"OBJECTID":1396,"CODIMP":"57960","NOME":"SPELLO","IMPIANTO":"S","COMUNE":"Spello","PROVINCIA":"Perugia","REGIONE":"Umbria","CODLINEACOMM":"K127","LINEACOMM":"TERONTOLA - FOLIGNO","DOIT":"AN","SERVIZIO_MERCI":"0","SERVIZIO_VIAGGIATORI":"SI","CAP_REG":"0","CAP_P":"0","DIRAMAZ":"0","CAUSA_CHIUSURA":null}},{"type":"Feature","id":1397,"geometry":{"type":"Point","coordinates":[12.71111,42.95436]},"properties":{"OBJECTID":1397,"CODIMP":"55820","NOME":"FOLIGNO","IMPIANTO":"S","COMUNE":"Foligno","PROVINCIA":"Perugia","REGIONE":"Umbria","CODLINEACOMM":"J065","LINEACOMM":"ANCONA - ORTE (compresa Ancona - Ancona Marittima)","DOIT":"AN","SERVIZIO_MERCI":"1","SERVIZIO_VIAGGIATORI":"SI","CAP_REG":"0","CAP_P":"0","DIRAMAZ":"1","CAUSA_CHIUSURA":null}},{"type":"Feature","id":1398,"geometry":{"type":"Point","coordinates":[13.56275,42.25068]},"properties":{"OBJECTID":1398,"CODIMP":"57420","NOME":"FAGNANO-CAMPANA","IMPIANTO":"S","COMUNE":"Fagnano Alto","PROVINCIA":"L'aquila","REGIONE":"Abruzzo","CODLINEACOMM":"K231","LINEACOMM":"TERNI - SULMONA","DOIT":"AN","SERVIZIO_MERCI":"0","SERVIZIO_VIAGGIATORI":"SI","CAP_REG":"0","CAP_P":"0","DIRAMAZ":"0","CAUSA_CHIUSURA":null}},{"type":"Feature","id":1399,"geometry":{"type":"Point","coordinates":[13.60445,42.22293]},"properties":{"OBJECTID":1399,"CODIMP":"57425","NOME":"FONTECCHIO","IMPIANTO":"F","COMUNE":"Fontecchio","PROVINCIA":"L'aquila","REGIONE":"Abruzzo","CODLINEACOMM":"K231","LINEACOMM":"TERNI - SULMONA","DOIT":"AN","SERVIZIO_MERCI":"0","SERVIZIO_VIAGGIATORI":"SI","CAP_REG":"0","CAP_P":"0","DIRAMAZ":"0","CAUSA_CHIUSURA":null}},{"type":"Feature","id":1400,"geometry":{"type":"Point","coordinates":[13.29534,42.36066]},"properties":{"OBJECTID":1400,"CODIMP":"57260","NOME":"SASSA-TORNIMPARTE","IMPIANTO":"S","COMUNE":"L'aquila","PROVINCIA":"L'aquila","REGIONE":"Abruzzo","CODLINEACOMM":"K231","LINEACOMM":"TERNI - SULMONA","DOIT":"AN","SERVIZIO_MERCI":"0","SERVIZIO_VIAGGIATORI":"SI","CAP_REG":"0","CAP_P":"0","DIRAMAZ":"0","CAUSA_CHIUSURA":null}},{"type":"Feature","id":1401,"geometry":{"type":"Point","coordinates":[13.38496,42.35116]},"properties":{"OBJECTID":1401,"CODIMP":"57300","NOME":"L'AQUILA","IMPIANTO":"S","COMUNE":"L'aquila","PROVINCIA":"L'aquila","REGIONE":"Abruzzo","CODLINEACOMM":"K231","LINEACOMM":"TERNI - SULMONA","DOIT":"AN","SERVIZIO_MERCI":"0","SERVIZIO_VIAGGIATORI":"SI","CAP_REG":"1","CAP_P":"1","DIRAMAZ":"0","CAUSA_CHIUSURA":null}},{"type":"Feature","id":1402,"geometry":{"type":"Point","coordinates":[13.46432,42.33486]},"properties":{"OBJECTID":1402,"CODIMP":"57340","NOME":"PAGANICA","IMPIANTO":"S","COMUNE":"L'aquila","PROVINCIA":"L'aquila","REGIONE":"Abruzzo","CODLINEACOMM":"K231","LINEACOMM":"TERNI - SULMONA","DOIT":"AN","SERVIZIO_MERCI":"0","SERVIZIO_VIAGGIATORI":"SI","CAP_REG":"0","CAP_P":"0","DIRAMAZ":"0","CAUSA_CHIUSURA":null}},{"type":"Feature","id":1403,"geometry":{"type":"Point","coordinates":[13.53655,42.29454]},"properties":{"OBJECTID":1403,"CODIMP":"57380","NOME":"S.DEMETRIO DE' VESTINI","IMPIANTO":"S","COMUNE":"San Demetrio Ne' Vestini","PROVINCIA":"L'aquila","REGIONE":"Abruzzo","CODLINEACOMM":"K231","LINEACOMM":"TERNI - SULMONA","DOIT":"AN","SERVIZIO_MERCI":"0","SERVIZIO_VIAGGIATORI":"SI","CAP_REG":"0","CAP_P":"0","DIRAMAZ":"0","CAUSA_CHIUSURA":null}},{"type":"Feature","id":1404,"geometry":{"type":"Point","coordinates":[13.66075,42.19745]},"properties":{"OBJECTID":1404,"CODIMP":"57500","NOME":"BEFFI","IMPIANTO":"S","COMUNE":"Acciano","PROVINCIA":"L'aquila","REGIONE":"Abruzzo","CODLINEACOMM":"K231","LINEACOMM":"TERNI - SULMONA","DOIT":"AN","SERVIZIO_MERCI":"0","SERVIZIO_VIAGGIATORI":"SI","CAP_REG":"0","CAP_P":"0","DIRAMAZ":"0","CAUSA_CHIUSURA":null}},{"type":"Feature","id":1405,"geometry":{"type":"Point","coordinates":[13.71134,42.1761]},"properties":{"OBJECTID":1405,"CODIMP":"57505","NOME":"ACCIANO","IMPIANTO":"F","COMUNE":"Acciano","PROVINCIA":"L'aquila","REGIONE":"Abruzzo","CODLINEACOMM":"K231","LINEACOMM":"TERNI - SULMONA","DOIT":"AN","SERVIZIO_MERCI":"0","SERVIZIO_VIAGGIATORI":"SI","CAP_REG":"0","CAP_P":"0","DIRAMAZ":"0","CAUSA_CHIUSURA":null}},{"type":"Feature","id":1407,"geometry":{"type":"Point","coordinates":[13.73964,42.14358]},"properties":{"OBJECTID":1407,"CODIMP":"57540","NOME":"MOLINA-CASTELVECCHIO-SUBEQUO","IMPIANTO":"S","COMUNE":"Molina Aterno","PROVINCIA":"L'aquila","REGIONE":"Abruzzo","CODLINEACOMM":"K231","LINEACOMM":"TERNI - SULMONA","DOIT":"AN","SERVIZIO_MERCI":"0","SERVIZIO_VIAGGIATORI":"SI","CAP_REG":"0","CAP_P":"0","DIRAMAZ":"0","CAUSA_CHIUSURA":null}},{"type":"Feature","id":1408,"geometry":{"type":"Point","coordinates":[11.26484,45.99765]},"properties":{"OBJECTID":1408,"CODIMP":"25180","NOME":"CALDONAZZO","IMPIANTO":"S","COMUNE":"Caldonazzo","PROVINCIA":"Trento","REGIONE":"Trentino-Alto Adige","CODLINEACOMM":"K232","LINEACOMM":"TRENTO - PRIMOLANO","DOIT":"VR","SERVIZIO_MERCI":"0","SERVIZIO_VIAGGIATORI":"SI","CAP_REG":"0","CAP_P":"0","DIRAMAZ":"0","CAUSA_CHIUSURA":null}},{"type":"Feature","id":1409,"geometry":{"type":"Point","coordinates":[12.90486,43.9061]},"properties":{"OBJECTID":1409,"CODIMP":"53820","NOME":"PESARO","IMPIANTO":"S","COMUNE":"Pesaro","PROVINCIA":"Pesaro E Urbino","REGIONE":"Marche","CODLINEACOMM":"J063","LINEACOMM":"[BOLOGNA] MIRANDOLA O. - ANCONA (compresa Ancona - Ancona Marittima)","DOIT":"AN","SERVIZIO_MERCI":"0","SERVIZIO_VIAGGIATORI":"SI","CAP_REG":"0","CAP_P":"1","DIRAMAZ":"0","CAUSA_CHIUSURA":null}},{"type":"Feature","id":1411,"geometry":{"type":"Point","coordinates":[15.53544,38.15038]},"properties":{"OBJECTID":1411,"CODIMP":"87320","NOME":"CONTESSE","IMPIANTO":"S","COMUNE":"Messina","PROVINCIA":"Messina","REGIONE":"Sicilia","CODLINEACOMM":"K169","LINEACOMM":"MESSINA CENTRALE - CATANIA CENTRALE","DOIT":"PA","SERVIZIO_MERCI":"0","SERVIZIO_VIAGGIATORI":"SI","CAP_REG":"0","CAP_P":"0","DIRAMAZ":"0","CAUSA_CHIUSURA":null}},{"type":"Feature","id":1412,"geometry":{"type":"Point","coordinates":[15.5268,38.1381]},"properties":{"OBJECTID":1412,"CODIMP":"87325","NOME":"TREMESTIERI","IMPIANTO":"F","COMUNE":"Messina","PROVINCIA":"Messina","REGIONE":"Sicilia","CODLINEACOMM":"K169","LINEACOMM":"MESSINA CENTRALE - CATANIA CENTRALE","DOIT":"PA","SERVIZIO_MERCI":"0","SERVIZIO_VIAGGIATORI":"SI","CAP_REG":"0","CAP_P":"0","DIRAMAZ":"0","CAUSA_CHIUSURA":null}},{"type":"Feature","id":1413,"geometry":{"type":"Point","coordinates":[15.30311,37.87772]},"properties":{"OBJECTID":1413,"CODIMP":"87680","NOME":"LETOJANNI","IMPIANTO":"S","COMUNE":"Letojanni","PROVINCIA":"Messina","REGIONE":"Sicilia","CODLINEACOMM":"K169","LINEACOMM":"MESSINA CENTRALE - CATANIA CENTRALE","DOIT":"PA","SERVIZIO_MERCI":"0","SERVIZIO_VIAGGIATORI":"SI","CAP_REG":"0","CAP_P":"0","DIRAMAZ":"0","CAUSA_CHIUSURA":null}},{"type":"Feature","id":1414,"geometry":{"type":"Point","coordinates":[15.20559,37.79539]},"properties":{"OBJECTID":1414,"CODIMP":"87840","NOME":"FIUMEFREDDO SICILIA","IMPIANTO":"S","COMUNE":"Fiumefreddo Di Sicilia","PROVINCIA":"Catania","REGIONE":"Sicilia","CODLINEACOMM":"K169","LINEACOMM":"MESSINA CENTRALE - CATANIA CENTRALE","DOIT":"PA","SERVIZIO_MERCI":"0","SERVIZIO_VIAGGIATORI":"SI","CAP_REG":"0","CAP_P":"0","DIRAMAZ":"0","CAUSA_CHIUSURA":null}},{"type":"Feature","id":1415,"geometry":{"type":"Point","coordinates":[15.19417,37.76555]},"properties":{"OBJECTID":1415,"CODIMP":"87880","NOME":"MASCALI","IMPIANTO":"F","COMUNE":"Mascali","PROVINCIA":"Catania","REGIONE":"Sicilia","CODLINEACOMM":"K169","LINEACOMM":"MESSINA CENTRALE - CATANIA CENTRALE","DOIT":"PA","SERVIZIO_MERCI":"0","SERVIZIO_VIAGGIATORI":"SI","CAP_REG":"0","CAP_P":"0","DIRAMAZ":"0","CAUSA_CHIUSURA":null}},{"type":"Feature","id":1416,"geometry":{"type":"Point","coordinates":[15.3473,37.92413]},"properties":{"OBJECTID":1416,"CODIMP":"87640","NOME":"S.ALESSIO SICULO-FORZA D'AGRO'","IMPIANTO":"F","COMUNE":"Sant'alessio Siculo","PROVINCIA":"Messina","REGIONE":"Sicilia","CODLINEACOMM":"K169","LINEACOMM":"MESSINA CENTRALE - CATANIA CENTRALE","DOIT":"PA","SERVIZIO_MERCI":"0","SERVIZIO_VIAGGIATORI":"SI","CAP_REG":"0","CAP_P":"0","DIRAMAZ":"0","CAUSA_CHIUSURA":null}},{"type":"Feature","id":1417,"geometry":{"type":"Point","coordinates":[15.19337,37.73049]},"properties":{"OBJECTID":1417,"CODIMP":"87920","NOME":"GIARRE RIPOSTO","IMPIANTO":"S","COMUNE":"Giarre","PROVINCIA":"Catania","REGIONE":"Sicilia","CODLINEACOMM":"K169","LINEACOMM":"MESSINA CENTRALE - CATANIA CENTRALE","DOIT":"PA","SERVIZIO_MERCI":"0","SERVIZIO_VIAGGIATORI":"SI","CAP_REG":"0","CAP_P":"0","DIRAMAZ":"0","CAUSA_CHIUSURA":null}},{"type":"Feature","id":1418,"geometry":{"type":"Point","coordinates":[15.19612,37.69449]},"properties":{"OBJECTID":1418,"CODIMP":"87960","NOME":"CARRUBA","IMPIANTO":"F","COMUNE":"Riposto","PROVINCIA":"Catania","REGIONE":"Sicilia","CODLINEACOMM":"K169","LINEACOMM":"MESSINA CENTRALE - CATANIA CENTRALE","DOIT":"PA","SERVIZIO_MERCI":"0","SERVIZIO_VIAGGIATORI":"SI","CAP_REG":"0","CAP_P":"0","DIRAMAZ":"0","CAUSA_CHIUSURA":null}},{"type":"Feature","id":1419,"geometry":{"type":"Point","coordinates":[15.1694,37.66194]},"properties":{"OBJECTID":1419,"CODIMP":"87965","NOME":"GUARDIA-MANGANO-S.VENERINA","IMPIANTO":"F","COMUNE":"Acireale","PROVINCIA":"Catania","REGIONE":"Sicilia","CODLINEACOMM":"K169","LINEACOMM":"MESSINA CENTRALE - CATANIA CENTRALE","DOIT":"PA","SERVIZIO_MERCI":"0","SERVIZIO_VIAGGIATORI":"SI","CAP_REG":"0","CAP_P":"0","DIRAMAZ":"0","CAUSA_CHIUSURA":null}},{"type":"Feature","id":1420,"geometry":{"type":"Point","coordinates":[9.98595,45.07071]},"properties":{"OBJECTID":1420,"CODIMP":"18903","NOME":"S.GIULIANO PIACENTINO","IMPIANTO":"F","COMUNE":"Castelvetro Piacentino","PROVINCIA":"Piacenza","REGIONE":"Emilia-Romagna","CODLINEACOMM":"K055","LINEACOMM":"CASTELVETRO - FIDENZA","DOIT":"MI","SERVIZIO_MERCI":"0","SERVIZIO_VIAGGIATORI":"SI","CAP_REG":"0","CAP_P":"0","DIRAMAZ":"0","CAUSA_CHIUSURA":null}},{"type":"Feature","id":1421,"geometry":{"type":"Point","coordinates":[9.99332,45.02837]},"properties":{"OBJECTID":1421,"CODIMP":"18940","NOME":"VILLANOVA D'ARDA","IMPIANTO":"S","COMUNE":"Villanova Sull'arda","PROVINCIA":"Piacenza","REGIONE":"Emilia-Romagna","CODLINEACOMM":"K055","LINEACOMM":"CASTELVETRO - FIDENZA","DOIT":"MI","SERVIZIO_MERCI":"0","SERVIZIO_VIAGGIATORI":"SI","CAP_REG":"0","CAP_P":"0","DIRAMAZ":"0","CAUSA_CHIUSURA":null}},{"type":"Feature","id":1422,"geometry":{"type":"Point","coordinates":[9.98221,45.10018]},"properties":{"OBJECTID":1422,"CODIMP":"18900","NOME":"CASTELVETRO","IMPIANTO":"S","COMUNE":"Castelvetro Piacentino","PROVINCIA":"Piacenza","REGIONE":"Emilia-Romagna","CODLINEACOMM":"K054","LINEACOMM":"CREMONA - CASTELVETRO","DOIT":"MI","SERVIZIO_MERCI":"0","SERVIZIO_VIAGGIATORI":"SI","CAP_REG":"0","CAP_P":"0","DIRAMAZ":"1","CAUSA_CHIUSURA":null}},{"type":"Feature","id":1423,"geometry":{"type":"Point","coordinates":[10.01798,45.1433]},"properties":{"OBJECTID":1423,"CODIMP":"19200","NOME":"CREMONA","IMPIANTO":"S","COMUNE":"Cremona","PROVINCIA":"Cremona","REGIONE":"Lombardia","CODLINEACOMM":"K053","LINEACOMM":"OLMENETA - CREMONA","DOIT":"MI","SERVIZIO_MERCI":"0","SERVIZIO_VIAGGIATORI":"SI","CAP_REG":"0","CAP_P":"1","DIRAMAZ":"1","CAUSA_CHIUSURA":null}},{"type":"Feature","id":1424,"geometry":{"type":"Point","coordinates":[12.78087,41.68253]},"properties":{"OBJECTID":1424,"CODIMP":"65540","NOME":"VELLETRI","IMPIANTO":"S","COMUNE":"Velletri","PROVINCIA":"Roma","REGIONE":"Lazio","CODLINEACOMM":"K135","LINEACOMM":"CIAMPINO - VELLETRI","DOIT":"RM","SERVIZIO_MERCI":"0","SERVIZIO_VIAGGIATORI":"SI","CAP_REG":"0","CAP_P":"0","DIRAMAZ":"0","CAUSA_CHIUSURA":null}},{"type":"Feature","id":1425,"geometry":{"type":"Point","coordinates":[12.57361,41.70628]},"properties":{"OBJECTID":1425,"CODIMP":"62220","NOME":"POMEZIA-S.PALOMBA","IMPIANTO":"S","COMUNE":"Pomezia","PROVINCIA":"Roma","REGIONE":"Lazio","CODLINEACOMM":"J057","LINEACOMM":"[ROMA] TORRICOLA - FRATTAMAGGIORE [NAPOLI] (via Formia)","DOIT":"RM","SERVIZIO_MERCI":"1","SERVIZIO_VIAGGIATORI":"SI","CAP_REG":"0","CAP_P":"0","DIRAMAZ":"0","CAUSA_CHIUSURA":null}},{"type":"Feature","id":1426,"geometry":{"type":"Point","coordinates":[12.82754,41.58662]},"properties":{"OBJECTID":1426,"CODIMP":"62300","NOME":"CISTERNA DI LATINA","IMPIANTO":"S","COMUNE":"Cisterna Di Latina","PROVINCIA":"Latina","REGIONE":"Lazio","CODLINEACOMM":"J057","LINEACOMM":"[ROMA] TORRICOLA - FRATTAMAGGIORE [NAPOLI] (via Formia)","DOIT":"RM","SERVIZIO_MERCI":"0","SERVIZIO_VIAGGIATORI":"SI","CAP_REG":"0","CAP_P":"0","DIRAMAZ":"0","CAUSA_CHIUSURA":null}},{"type":"Feature","id":1427,"geometry":{"type":"Point","coordinates":[12.9459,41.53848]},"properties":{"OBJECTID":1427,"CODIMP":"62340","NOME":"LATINA","IMPIANTO":"S","COMUNE":"Latina","PROVINCIA":"Latina","REGIONE":"Lazio","CODLINEACOMM":"J057","LINEACOMM":"[ROMA] TORRICOLA - FRATTAMAGGIORE [NAPOLI] (via Formia)","DOIT":"RM","SERVIZIO_MERCI":"0","SERVIZIO_VIAGGIATORI":"SI","CAP_REG":"0","CAP_P":"1","DIRAMAZ":"0","CAUSA_CHIUSURA":null}},{"type":"Feature","id":1428,"geometry":{"type":"Point","coordinates":[12.55772,41.80965]},"properties":{"OBJECTID":1428,"CODIMP":"62180","NOME":"TORRICOLA","IMPIANTO":"S","COMUNE":"Roma","PROVINCIA":"Roma","REGIONE":"Lazio","CODLINEACOMM":"R007","LINEACOMM":"NODO DI ROMA","DOIT":"RM","SERVIZIO_MERCI":"0","SERVIZIO_VIAGGIATORI":"SI","CAP_REG":"0","CAP_P":"0","DIRAMAZ":"0","CAUSA_CHIUSURA":null}},{"type":"Feature","id":1429,"geometry":{"type":"Point","coordinates":[13.03846,41.49565]},"properties":{"OBJECTID":1429,"CODIMP":"62380","NOME":"SEZZE ROMANO","IMPIANTO":"S","COMUNE":"Sezze","PROVINCIA":"Latina","REGIONE":"Lazio","CODLINEACOMM":"J057","LINEACOMM":"[ROMA] TORRICOLA - FRATTAMAGGIORE [NAPOLI] (via Formia)","DOIT":"RM","SERVIZIO_MERCI":"0","SERVIZIO_VIAGGIATORI":"SI","CAP_REG":"0","CAP_P":"0","DIRAMAZ":"0","CAUSA_CHIUSURA":null}},{"type":"Feature","id":1430,"geometry":{"type":"Point","coordinates":[13.34704,41.34608]},"properties":{"OBJECTID":1430,"CODIMP":"62460","NOME":"MONTE S.BIAGIO - TERRACINA MARE","IMPIANTO":"S","COMUNE":"Monte San Biagio","PROVINCIA":"Latina","REGIONE":"Lazio","CODLINEACOMM":"J057","LINEACOMM":"[ROMA] TORRICOLA - FRATTAMAGGIORE [NAPOLI] (via Formia)","DOIT":"RM","SERVIZIO_MERCI":"0","SERVIZIO_VIAGGIATORI":"SI","CAP_REG":"0","CAP_P":"0","DIRAMAZ":"0","CAUSA_CHIUSURA":null}},{"type":"Feature","id":1431,"geometry":{"type":"Point","coordinates":[13.4249,41.33778]},"properties":{"OBJECTID":1431,"CODIMP":"62500","NOME":"FONDI-SPERLONGA","IMPIANTO":"S","COMUNE":"Fondi","PROVINCIA":"Latina","REGIONE":"Lazio","CODLINEACOMM":"J057","LINEACOMM":"[ROMA] TORRICOLA - FRATTAMAGGIORE [NAPOLI] (via Formia)","DOIT":"RM","SERVIZIO_MERCI":"0","SERVIZIO_VIAGGIATORI":"SI","CAP_REG":"0","CAP_P":"0","DIRAMAZ":"0","CAUSA_CHIUSURA":null}},{"type":"Feature","id":1432,"geometry":{"type":"Point","coordinates":[10.19948,43.97783]},"properties":{"OBJECTID":1432,"CODIMP":"45460","NOME":"FORTE DEI MARMI - SERRAVEZZA QUERCETA","IMPIANTO":"S","COMUNE":"Seravezza","PROVINCIA":"Lucca","REGIONE":"Toscana","CODLINEACOMM":"J045","LINEACOMM":"[GENOVA] GENOVA NERVI - PISA","DOIT":"FI","SERVIZIO_MERCI":"0","SERVIZIO_VIAGGIATORI":"SI","CAP_REG":"0","CAP_P":"0","DIRAMAZ":"0","CAUSA_CHIUSURA":null}},{"type":"Feature","id":1433,"geometry":{"type":"Point","coordinates":[10.22975,43.95592]},"properties":{"OBJECTID":1433,"CODIMP":"45500","NOME":"PIETRASANTA","IMPIANTO":"S","COMUNE":"Pietrasanta","PROVINCIA":"Lucca","REGIONE":"Toscana","CODLINEACOMM":"J045","LINEACOMM":"[GENOVA] GENOVA NERVI - PISA","DOIT":"FI","SERVIZIO_MERCI":"0","SERVIZIO_VIAGGIATORI":"SI","CAP_REG":"0","CAP_P":"0","DIRAMAZ":"0","CAUSA_CHIUSURA":null}},{"type":"Feature","id":1434,"geometry":{"type":"Point","coordinates":[10.29032,43.8266]},"properties":{"OBJECTID":1434,"CODIMP":"45620","NOME":"TORRE DEL LAGO PUCCINI","IMPIANTO":"S","COMUNE":"Viareggio","PROVINCIA":"Lucca","REGIONE":"Toscana","CODLINEACOMM":"J045","LINEACOMM":"[GENOVA] GENOVA NERVI - PISA","DOIT":"FI","SERVIZIO_MERCI":"0","SERVIZIO_VIAGGIATORI":"SI","CAP_REG":"0","CAP_P":"0","DIRAMAZ":"0","CAUSA_CHIUSURA":null}},{"type":"Feature","id":1435,"geometry":{"type":"Point","coordinates":[8.03067,44.6978]},"properties":{"OBJECTID":1435,"CODIMP":"10440","NOME":"ALBA","IMPIANTO":"S","COMUNE":"Alba","PROVINCIA":"Cuneo","REGIONE":"Piemonte","CODLINEACOMM":"K206","LINEACOMM":"CAVALLERMAGGIORE - CANTALUPO","DOIT":"TO","SERVIZIO_MERCI":"0","SERVIZIO_VIAGGIATORI":"SI","CAP_REG":"0","CAP_P":"0","DIRAMAZ":"0","CAUSA_CHIUSURA":null}},{"type":"Feature","id":1436,"geometry":{"type":"Point","coordinates":[8.55911,45.75547]},"properties":{"OBJECTID":1436,"CODIMP":"11720","NOME":"ARONA","IMPIANTO":"S","COMUNE":"Arona","PROVINCIA":"Novara","REGIONE":"Piemonte","CODLINEACOMM":"J013","LINEACOMM":"ISELLE [DOMODOSSOLA] - GALLARATE [MILANO] (compresa via Domo II)","DOIT":"MI","SERVIZIO_MERCI":"0","SERVIZIO_VIAGGIATORI":"SI","CAP_REG":"0","CAP_P":"0","DIRAMAZ":"1","CAUSA_CHIUSURA":null}},{"type":"Feature","id":1437,"geometry":{"type":"Point","coordinates":[12.31893,46.13714]},"properties":{"OBJECTID":1437,"CODIMP":"30569","NOME":"STAZIONE PER L'ALPAGO","IMPIANTO":"F","COMUNE":"Ponte Nelle Alpi","PROVINCIA":"Belluno","REGIONE":"Veneto","CODLINEACOMM":"K085","LINEACOMM":"PONTE NELLE ALPI - CONEGLIANO","DOIT":"VE","SERVIZIO_MERCI":"0","SERVIZIO_VIAGGIATORI":"SI","CAP_REG":"0","CAP_P":"0","DIRAMAZ":"0","CAUSA_CHIUSURA":null}},{"type":"Feature","id":1438,"geometry":{"type":"Point","coordinates":[12.32664,46.09441]},"properties":{"OBJECTID":1438,"CODIMP":"30573","NOME":"S.CROCE DEL LAGO","IMPIANTO":"S","COMUNE":"Farra D'alpago","PROVINCIA":"Belluno","REGIONE":"Veneto","CODLINEACOMM":"K085","LINEACOMM":"PONTE NELLE ALPI - CONEGLIANO","DOIT":"VE","SERVIZIO_MERCI":"0","SERVIZIO_VIAGGIATORI":"SI","CAP_REG":"0","CAP_P":"0","DIRAMAZ":"0","CAUSA_CHIUSURA":null}},{"type":"Feature","id":1439,"geometry":{"type":"Point","coordinates":[11.60361,44.84313]},"properties":{"OBJECTID":1439,"CODIMP":"41440","NOME":"FERRARA","IMPIANTO":"S","COMUNE":"Ferrara","PROVINCIA":"Ferrara","REGIONE":"Emilia-Romagna","CODLINEACOMM":"J031","LINEACOMM":"PADOVA - S.PIETRO IN CASALE [BOLOGNA]","DOIT":"BO","SERVIZIO_MERCI":"1","SERVIZIO_VIAGGIATORI":"SI","CAP_REG":"0","CAP_P":"1","DIRAMAZ":"1","CAUSA_CHIUSURA":null}},{"type":"Feature","id":1440,"geometry":{"type":"Point","coordinates":[12.35251,46.38634]},"properties":{"OBJECTID":1440,"CODIMP":"29620","NOME":"PERAROLO DI CADORE","IMPIANTO":"S","COMUNE":"Perarolo Di Cadore","PROVINCIA":"Belluno","REGIONE":"Veneto","CODLINEACOMM":"K076","LINEACOMM":"CALALZO PC.CORTINA - PONTE NELLE ALPI","DOIT":"VE","SERVIZIO_MERCI":"0","SERVIZIO_VIAGGIATORI":"SI","CAP_REG":"0","CAP_P":"0","DIRAMAZ":"0","CAUSA_CHIUSURA":null}},{"type":"Feature","id":1442,"geometry":{"type":"Point","coordinates":[12.38869,46.44389]},"properties":{"OBJECTID":1442,"CODIMP":"29580","NOME":"CALALZO-PIEVE DI CADORE-CORTINA","IMPIANTO":"S","COMUNE":"Calalzo Di Cadore","PROVINCIA":"Belluno","REGIONE":"Veneto","CODLINEACOMM":"K076","LINEACOMM":"CALALZO PC.CORTINA - PONTE NELLE ALPI","DOIT":"VE","SERVIZIO_MERCI":"0","SERVIZIO_VIAGGIATORI":"SI","CAP_REG":"0","CAP_P":"0","DIRAMAZ":"0","CAUSA_CHIUSURA":null}},{"type":"Feature","id":1443,"geometry":{"type":"Point","coordinates":[15.0994,37.50636]},"properties":{"OBJECTID":1443,"CODIMP":"88080","NOME":"CATANIA CENTRALE","IMPIANTO":"S","COMUNE":"Catania","PROVINCIA":"Catania","REGIONE":"Sicilia","CODLINEACOMM":"K169","LINEACOMM":"MESSINA CENTRALE - CATANIA CENTRALE","DOIT":"PA","SERVIZIO_MERCI":"0","SERVIZIO_VIAGGIATORI":"SI","CAP_REG":"0","CAP_P":"1","DIRAMAZ":"0","CAUSA_CHIUSURA":null}},{"type":"Feature","id":1447,"geometry":{"type":"Point","coordinates":[14.99756,37.30107]},"properties":{"OBJECTID":1447,"CODIMP":"88340","NOME":"LENTINI","IMPIANTO":"S","COMUNE":"Lentini","PROVINCIA":"Siracusa","REGIONE":"Sicilia","CODLINEACOMM":"K171","LINEACOMM":"LENTINI DIRAMAZIONE - SIRACUSA","DOIT":"PA","SERVIZIO_MERCI":"0","SERVIZIO_VIAGGIATORI":"SI","CAP_REG":"0","CAP_P":"0","DIRAMAZ":"0","CAUSA_CHIUSURA":null}},{"type":"Feature","id":1449,"geometry":{"type":"Point","coordinates":[14.8512,37.29474]},"properties":{"OBJECTID":1449,"CODIMP":"92380","NOME":"SCORDIA","IMPIANTO":"S","COMUNE":"Scordia","PROVINCIA":"Catania","REGIONE":"Sicilia","CODLINEACOMM":"K172","LINEACOMM":"LENTINI DIRAMAZIONE - GELA","DOIT":"PA","SERVIZIO_MERCI":"0","SERVIZIO_VIAGGIATORI":"SI","CAP_REG":"0","CAP_P":"0","DIRAMAZ":"0","CAUSA_CHIUSURA":null}},{"type":"Feature","id":1452,"geometry":{"type":"Point","coordinates":[15.21861,37.24349]},"properties":{"OBJECTID":1452,"CODIMP":"88500","NOME":"AUGUSTA","IMPIANTO":"S","COMUNE":"Augusta","PROVINCIA":"Siracusa","REGIONE":"Sicilia","CODLINEACOMM":"K171","LINEACOMM":"LENTINI DIRAMAZIONE - SIRACUSA","DOIT":"PA","SERVIZIO_MERCI":"0","SERVIZIO_VIAGGIATORI":"SI","CAP_REG":"0","CAP_P":"0","DIRAMAZ":"0","CAUSA_CHIUSURA":null}},{"type":"Feature","id":1453,"geometry":{"type":"Point","coordinates":[14.78315,37.27734]},"properties":{"OBJECTID":1453,"CODIMP":"92460","NOME":"MILITELLO","IMPIANTO":"S","COMUNE":"Militello In Val Di Catania","PROVINCIA":"Catania","REGIONE":"Sicilia","CODLINEACOMM":"K172","LINEACOMM":"LENTINI DIRAMAZIONE - GELA","DOIT":"PA","SERVIZIO_MERCI":"0","SERVIZIO_VIAGGIATORI":"SI","CAP_REG":"0","CAP_P":"0","DIRAMAZ":"0","CAUSA_CHIUSURA":null}},{"type":"Feature","id":1454,"geometry":{"type":"Point","coordinates":[15.19702,37.1581]},"properties":{"OBJECTID":1454,"CODIMP":"88580","NOME":"PRIOLO MELILLI","IMPIANTO":"S","COMUNE":"Priolo Gargallo","PROVINCIA":"Siracusa","REGIONE":"Sicilia","CODLINEACOMM":"K171","LINEACOMM":"LENTINI DIRAMAZIONE - SIRACUSA","DOIT":"PA","SERVIZIO_MERCI":"0","SERVIZIO_VIAGGIATORI":"SI","CAP_REG":"0","CAP_P":"0","DIRAMAZ":"0","CAUSA_CHIUSURA":null}},{"type":"Feature","id":1455,"geometry":{"type":"Point","coordinates":[15.2459,37.10957]},"properties":{"OBJECTID":1455,"CODIMP":"88620","NOME":"TARGIA","IMPIANTO":"S","COMUNE":"Siracusa","PROVINCIA":"Siracusa","REGIONE":"Sicilia","CODLINEACOMM":"K171","LINEACOMM":"LENTINI DIRAMAZIONE - SIRACUSA","DOIT":"PA","SERVIZIO_MERCI":"0","SERVIZIO_VIAGGIATORI":"SI","CAP_REG":"0","CAP_P":"0","DIRAMAZ":"0","CAUSA_CHIUSURA":null}},{"type":"Feature","id":1456,"geometry":{"type":"Point","coordinates":[14.64124,37.20948]},"properties":{"OBJECTID":1456,"CODIMP":"92580","NOME":"GRAMMICHELE","IMPIANTO":"S","COMUNE":"Grammichele","PROVINCIA":"Catania","REGIONE":"Sicilia","CODLINEACOMM":"K172","LINEACOMM":"LENTINI DIRAMAZIONE - GELA","DOIT":"PA","SERVIZIO_MERCI":"0","SERVIZIO_VIAGGIATORI":"SI","CAP_REG":"0","CAP_P":"0","DIRAMAZ":"0","CAUSA_CHIUSURA":null}},{"type":"Feature","id":1457,"geometry":{"type":"Point","coordinates":[14.72944,37.18271]},"properties":{"OBJECTID":1457,"CODIMP":"92540","NOME":"VIZZINI","IMPIANTO":"S","COMUNE":"Vizzini","PROVINCIA":"Catania","REGIONE":"Sicilia","CODLINEACOMM":"K172","LINEACOMM":"LENTINI DIRAMAZIONE - GELA","DOIT":"PA","SERVIZIO_MERCI":"0","SERVIZIO_VIAGGIATORI":"SI","CAP_REG":"0","CAP_P":"0","DIRAMAZ":"0","CAUSA_CHIUSURA":null}},{"type":"Feature","id":1458,"geometry":{"type":"Point","coordinates":[14.52115,37.22543]},"properties":{"OBJECTID":1458,"CODIMP":"92620","NOME":"CALTAGIRONE","IMPIANTO":"S","COMUNE":"Caltagirone","PROVINCIA":"Catania","REGIONE":"Sicilia","CODLINEACOMM":"K172","LINEACOMM":"LENTINI DIRAMAZIONE - GELA","DOIT":"PA","SERVIZIO_MERCI":"0","SERVIZIO_VIAGGIATORI":"SI","CAP_REG":"0","CAP_P":"0","DIRAMAZ":"0","CAUSA_CHIUSURA":null}},{"type":"Feature","id":1461,"geometry":{"type":"Point","coordinates":[15.2808,37.06897]},"properties":{"OBJECTID":1461,"CODIMP":"88660","NOME":"SIRACUSA","IMPIANTO":"S","COMUNE":"Siracusa","PROVINCIA":"Siracusa","REGIONE":"Sicilia","CODLINEACOMM":"K171","LINEACOMM":"LENTINI DIRAMAZIONE - SIRACUSA","DOIT":"PA","SERVIZIO_MERCI":"0","SERVIZIO_VIAGGIATORI":"SI","CAP_REG":"0","CAP_P":"1","DIRAMAZ":"0","CAUSA_CHIUSURA":null}},{"type":"Feature","id":1462,"geometry":{"type":"Point","coordinates":[13.55442,38.04854]},"properties":{"OBJECTID":1462,"CODIMP":"86980","NOME":"ALTAVILLA MILICIA","IMPIANTO":"S","COMUNE":"Altavilla Milicia","PROVINCIA":"Palermo","REGIONE":"Sicilia","CODLINEACOMM":"K176","LINEACOMM":"FIUMETORTO - PALERMO","DOIT":"PA","SERVIZIO_MERCI":"0","SERVIZIO_VIAGGIATORI":"SI","CAP_REG":"0","CAP_P":"0","DIRAMAZ":"0","CAUSA_CHIUSURA":null}},{"type":"Feature","id":1463,"geometry":{"type":"Point","coordinates":[15.35167,38.20672]},"properties":{"OBJECTID":1463,"CODIMP":"85742","NOME":"TORREGROTTA","IMPIANTO":"F","COMUNE":"Torregrotta","PROVINCIA":"Messina","REGIONE":"Sicilia","CODLINEACOMM":"K175","LINEACOMM":"MESSINA - FIUMETORTO","DOIT":"PA","SERVIZIO_MERCI":"0","SERVIZIO_VIAGGIATORI":"SI","CAP_REG":"0","CAP_P":"0","DIRAMAZ":"0","CAUSA_CHIUSURA":null}},{"type":"Feature","id":1464,"geometry":{"type":"Point","coordinates":[15.31266,38.2026]},"properties":{"OBJECTID":1464,"CODIMP":"85780","NOME":"PACE DEL MELA","IMPIANTO":"S","COMUNE":"Pace Del Mela","PROVINCIA":"Messina","REGIONE":"Sicilia","CODLINEACOMM":"K175","LINEACOMM":"MESSINA - FIUMETORTO","DOIT":"PA","SERVIZIO_MERCI":"1","SERVIZIO_VIAGGIATORI":"SI","CAP_REG":"0","CAP_P":"0","DIRAMAZ":"0","CAUSA_CHIUSURA":null}},{"type":"Feature","id":1465,"geometry":{"type":"Point","coordinates":[15.20468,38.15619]},"properties":{"OBJECTID":1465,"CODIMP":"85900","NOME":"BARCELLONA-CASTROREALE","IMPIANTO":"S","COMUNE":"Barcellona Pozzo Di Gotto","PROVINCIA":"Messina","REGIONE":"Sicilia","CODLINEACOMM":"K175","LINEACOMM":"MESSINA - FIUMETORTO","DOIT":"PA","SERVIZIO_MERCI":"0","SERVIZIO_VIAGGIATORI":"SI","CAP_REG":"0","CAP_P":"0","DIRAMAZ":"0","CAUSA_CHIUSURA":null}},{"type":"Feature","id":1466,"geometry":{"type":"Point","coordinates":[15.16467,38.13363]},"properties":{"OBJECTID":1466,"CODIMP":"85940","NOME":"TERME VIGLIATORE","IMPIANTO":"F","COMUNE":"Terme Vigliatore","PROVINCIA":"Messina","REGIONE":"Sicilia","CODLINEACOMM":"K175","LINEACOMM":"MESSINA - FIUMETORTO","DOIT":"PA","SERVIZIO_MERCI":"0","SERVIZIO_VIAGGIATORI":"SI","CAP_REG":"0","CAP_P":"0","DIRAMAZ":"0","CAUSA_CHIUSURA":null}},{"type":"Feature","id":1467,"geometry":{"type":"Point","coordinates":[15.38359,38.21934]},"properties":{"OBJECTID":1467,"CODIMP":"85725","NOME":"SPADAFORA","IMPIANTO":"F","COMUNE":"Spadafora","PROVINCIA":"Messina","REGIONE":"Sicilia","CODLINEACOMM":"K175","LINEACOMM":"MESSINA - FIUMETORTO","DOIT":"PA","SERVIZIO_MERCI":"0","SERVIZIO_VIAGGIATORI":"SI","CAP_REG":"0","CAP_P":"0","DIRAMAZ":"0","CAUSA_CHIUSURA":null}},{"type":"Feature","id":1468,"geometry":{"type":"Point","coordinates":[15.25796,38.19765]},"properties":{"OBJECTID":1468,"CODIMP":"85860","NOME":"MILAZZO","IMPIANTO":"S","COMUNE":"Milazzo","PROVINCIA":"Messina","REGIONE":"Sicilia","CODLINEACOMM":"K175","LINEACOMM":"MESSINA - FIUMETORTO","DOIT":"PA","SERVIZIO_MERCI":"0","SERVIZIO_VIAGGIATORI":"SI","CAP_REG":"0","CAP_P":"0","DIRAMAZ":"0","CAUSA_CHIUSURA":null}},{"type":"Feature","id":1469,"geometry":{"type":"Point","coordinates":[15.13068,38.12166]},"properties":{"OBJECTID":1469,"CODIMP":"85980","NOME":"NOVARA-MONTALBANO-FURNARI","IMPIANTO":"S","COMUNE":"Terme Vigliatore","PROVINCIA":"Messina","REGIONE":"Sicilia","CODLINEACOMM":"K175","LINEACOMM":"MESSINA - FIUMETORTO","DOIT":"PA","SERVIZIO_MERCI":"0","SERVIZIO_VIAGGIATORI":"SI","CAP_REG":"0","CAP_P":"0","DIRAMAZ":"0","CAUSA_CHIUSURA":null}},{"type":"Feature","id":1470,"geometry":{"type":"Point","coordinates":[15.08045,38.11971]},"properties":{"OBJECTID":1470,"CODIMP":"86020","NOME":"FALCONE","IMPIANTO":"F","COMUNE":"Falcone","PROVINCIA":"Messina","REGIONE":"Sicilia","CODLINEACOMM":"K175","LINEACOMM":"MESSINA - FIUMETORTO","DOIT":"PA","SERVIZIO_MERCI":"0","SERVIZIO_VIAGGIATORI":"SI","CAP_REG":"0","CAP_P":"0","DIRAMAZ":"0","CAUSA_CHIUSURA":null}},{"type":"Feature","id":1471,"geometry":{"type":"Point","coordinates":[8.06759,45.55741]},"properties":{"OBJECTID":1471,"CODIMP":"08940","NOME":"BIELLA S.PAOLO","IMPIANTO":"S","COMUNE":"Biella","PROVINCIA":"Biella","REGIONE":"Piemonte","CODLINEACOMM":"K199","LINEACOMM":"BIELLA - NOVARA (Compresa Novara Boschetto)","DOIT":"TO","SERVIZIO_MERCI":"0","SERVIZIO_VIAGGIATORI":"SI","CAP_REG":"0","CAP_P":"1","DIRAMAZ":"0","CAUSA_CHIUSURA":null}},{"type":"Feature","id":1472,"geometry":{"type":"Point","coordinates":[8.10014,45.54752]},"properties":{"OBJECTID":1472,"CODIMP":"08907","NOME":"CANDELO","IMPIANTO":"F","COMUNE":"Candelo","PROVINCIA":"Biella","REGIONE":"Piemonte","CODLINEACOMM":"K244","LINEACOMM":"SANTHIA' - BIELLA S.PAOLO","DOIT":"TO","SERVIZIO_MERCI":"0","SERVIZIO_VIAGGIATORI":"SI","CAP_REG":"0","CAP_P":"0","DIRAMAZ":"0","CAUSA_CHIUSURA":null}},{"type":"Feature","id":1474,"geometry":{"type":"Point","coordinates":[8.11523,45.44446]},"properties":{"OBJECTID":1474,"CODIMP":"08900","NOME":"SALUSSOLA","IMPIANTO":"S","COMUNE":"Salussola","PROVINCIA":"Biella","REGIONE":"Piemonte","CODLINEACOMM":"K244","LINEACOMM":"SANTHIA' - BIELLA S.PAOLO","DOIT":"TO","SERVIZIO_MERCI":"0","SERVIZIO_VIAGGIATORI":"SI","CAP_REG":"0","CAP_P":"0","DIRAMAZ":"0","CAUSA_CHIUSURA":null}},{"type":"Feature","id":1477,"geometry":{"type":"Point","coordinates":[12.41243,41.95036]},"properties":{"OBJECTID":1477,"CODIMP":"65189","NOME":"S.FILIPPO NERI","IMPIANTO":"F","COMUNE":"Roma","PROVINCIA":"Roma","REGIONE":"Lazio","CODLINEACOMM":"R007","LINEACOMM":"NODO DI ROMA","DOIT":"RM","SERVIZIO_MERCI":"0","SERVIZIO_VIAGGIATORI":"SI","CAP_REG":"0","CAP_P":"0","DIRAMAZ":"0","CAUSA_CHIUSURA":null}},{"type":"Feature","id":1478,"geometry":{"type":"Point","coordinates":[14.77517,40.76007]},"properties":{"OBJECTID":1478,"CODIMP":"72360","NOME":"FISCIANO","IMPIANTO":"S","COMUNE":"Fisciano","PROVINCIA":"Salerno","REGIONE":"Campania","CODLINEACOMM":"K148","LINEACOMM":"MERCATO S.SEVERINO - SALERNO","DOIT":"NA","SERVIZIO_MERCI":"0","SERVIZIO_VIAGGIATORI":"SI","CAP_REG":"0","CAP_P":"0","DIRAMAZ":"0","CAUSA_CHIUSURA":null}},{"type":"Feature","id":1479,"geometry":{"type":"Point","coordinates":[14.77358,40.7425]},"properties":{"OBJECTID":1479,"CODIMP":"72400","NOME":"BARONISSI","IMPIANTO":"S","COMUNE":"Baronissi","PROVINCIA":"Salerno","REGIONE":"Campania","CODLINEACOMM":"K148","LINEACOMM":"MERCATO S.SEVERINO - SALERNO","DOIT":"NA","SERVIZIO_MERCI":"0","SERVIZIO_VIAGGIATORI":"SI","CAP_REG":"0","CAP_P":"0","DIRAMAZ":"0","CAUSA_CHIUSURA":null}},{"type":"Feature","id":1480,"geometry":{"type":"Point","coordinates":[16.81515,40.36861]},"properties":{"OBJECTID":1480,"CODIMP":"77100","NOME":"METAPONTO","IMPIANTO":"S","COMUNE":"Bernalda","PROVINCIA":"Matera","REGIONE":"Basilicata","CODLINEACOMM":"K155","LINEACOMM":"POTENZA - METAPONTO","DOIT":"BA","SERVIZIO_MERCI":"0","SERVIZIO_VIAGGIATORI":"SI","CAP_REG":"0","CAP_P":"0","DIRAMAZ":"1","CAUSA_CHIUSURA":null}},{"type":"Feature","id":1483,"geometry":{"type":"Point","coordinates":[12.45451,41.89625]},"properties":{"OBJECTID":1483,"CODIMP":"61280","NOME":"ROMA S.PIETRO","IMPIANTO":"S","COMUNE":"Roma","PROVINCIA":"Roma","REGIONE":"Lazio","CODLINEACOMM":"R007","LINEACOMM":"NODO DI ROMA","DOIT":"RM","SERVIZIO_MERCI":"0","SERVIZIO_VIAGGIATORI":"SI","CAP_REG":"0","CAP_P":"0","DIRAMAZ":"1","CAUSA_CHIUSURA":null}},{"type":"Feature","id":1484,"geometry":{"type":"Point","coordinates":[12.39528,41.88354]},"properties":{"OBJECTID":1484,"CODIMP":"61200","NOME":"ROMA AURELIA","IMPIANTO":"S","COMUNE":"Roma","PROVINCIA":"Roma","REGIONE":"Lazio","CODLINEACOMM":"R007","LINEACOMM":"NODO DI ROMA","DOIT":"RM","SERVIZIO_MERCI":"0","SERVIZIO_VIAGGIATORI":"SI","CAP_REG":"0","CAP_P":"0","DIRAMAZ":"0","CAUSA_CHIUSURA":null}},{"type":"Feature","id":1485,"geometry":{"type":"Point","coordinates":[14.24164,40.99885]},"properties":{"OBJECTID":1485,"CODIMP":"68515","NOME":"GRICIGNANO","IMPIANTO":"S","COMUNE":"Gricignano Di Aversa","PROVINCIA":"Caserta","REGIONE":"Campania","CODLINEACOMM":"A001","LINEACOMM":"[ROMA] ROMA Tiburtina/Prenestina - Dev. Est. NA C.LE [NAPOLI] (Comprese interconnessioni)","DOIT":"NA","SERVIZIO_MERCI":"0","SERVIZIO_VIAGGIATORI":"SI","CAP_REG":"0","CAP_P":"0","DIRAMAZ":"1","CAUSA_CHIUSURA":null}},{"type":"Feature","id":1486,"geometry":{"type":"Point","coordinates":[14.28765,41.03607]},"properties":{"OBJECTID":1486,"CODIMP":"68545","NOME":"MARCIANISE","IMPIANTO":"F","COMUNE":"Marcianise","PROVINCIA":"Caserta","REGIONE":"Campania","CODLINEACOMM":"K137","LINEACOMM":"AVERSA - CASERTA","DOIT":"NA","SERVIZIO_MERCI":"0","SERVIZIO_VIAGGIATORI":"SI","CAP_REG":"0","CAP_P":"0","DIRAMAZ":"0","CAUSA_CHIUSURA":null}},{"type":"Feature","id":1487,"geometry":{"type":"Point","coordinates":[14.12859,40.99623]},"properties":{"OBJECTID":1487,"CODIMP":"68300","NOME":"ALBANOVA","IMPIANTO":"F","COMUNE":"San Cipriano D'aversa","PROVINCIA":"Caserta","REGIONE":"Campania","CODLINEACOMM":"J057","LINEACOMM":"[ROMA] TORRICOLA - FRATTAMAGGIORE [NAPOLI] (via Formia)","DOIT":"NA","SERVIZIO_MERCI":"0","SERVIZIO_VIAGGIATORI":"SI","CAP_REG":"0","CAP_P":"0","DIRAMAZ":"0","CAUSA_CHIUSURA":null}},{"type":"Feature","id":1488,"geometry":{"type":"Point","coordinates":[14.46372,40.74733]},"properties":{"OBJECTID":1488,"CODIMP":"69700","NOME":"TORRE ANNUNZIATA C.LE","IMPIANTO":"S","COMUNE":"Torre Annunziata","PROVINCIA":"Napoli","REGIONE":"Campania","CODLINEACOMM":"J073","LINEACOMM":"[NAPOLI] PORTICI - SALERNO","DOIT":"NA","SERVIZIO_MERCI":"0","SERVIZIO_VIAGGIATORI":"SI","CAP_REG":"0","CAP_P":"0","DIRAMAZ":"1","CAUSA_CHIUSURA":null}},{"type":"Feature","id":1489,"geometry":{"type":"Point","coordinates":[14.75974,40.78321]},"properties":{"OBJECTID":1489,"CODIMP":"72160","NOME":"MERCATO S.SEVERINO","IMPIANTO":"S","COMUNE":"Mercato San Severino","PROVINCIA":"Salerno","REGIONE":"Campania","CODLINEACOMM":"K148","LINEACOMM":"MERCATO S.SEVERINO - SALERNO","DOIT":"NA","SERVIZIO_MERCI":"0","SERVIZIO_VIAGGIATORI":"SI","CAP_REG":"0","CAP_P":"0","DIRAMAZ":"1","CAUSA_CHIUSURA":null}},{"type":"Feature","id":1491,"geometry":{"type":"Point","coordinates":[14.67247,40.74292]},"properties":{"OBJECTID":1491,"CODIMP":"72840","NOME":"NOCERA SUPERIORE","IMPIANTO":"S","COMUNE":"Nocera Superiore","PROVINCIA":"Salerno","REGIONE":"Campania","CODLINEACOMM":"K146","LINEACOMM":"NOCERA INFERIORE - SALERNO (via Cava T.)","DOIT":"NA","SERVIZIO_MERCI":"0","SERVIZIO_VIAGGIATORI":"SI","CAP_REG":"0","CAP_P":"0","DIRAMAZ":"0","CAUSA_CHIUSURA":null}},{"type":"Feature","id":1493,"geometry":{"type":"Point","coordinates":[14.66561,40.7678]},"properties":{"OBJECTID":1493,"CODIMP":"72240","NOME":"CODOLA","IMPIANTO":"S","COMUNE":"Castel San Giorgio","PROVINCIA":"Salerno","REGIONE":"Campania","CODLINEACOMM":"K142","LINEACOMM":"SARNO - CODOLA","DOIT":"NA","SERVIZIO_MERCI":"0","SERVIZIO_VIAGGIATORI":"SI","CAP_REG":"0","CAP_P":"0","DIRAMAZ":"1","CAUSA_CHIUSURA":null}},{"type":"Feature","id":1496,"geometry":{"type":"Point","coordinates":[8.90023,44.4593]},"properties":{"OBJECTID":1496,"CODIMP":"34220","NOME":"GENOVA BOLZANETO","IMPIANTO":"S","COMUNE":"Genova","PROVINCIA":"Genova","REGIONE":"Liguria","CODLINEACOMM":"J019","LINEACOMM":"ARQUATA - MIGNANEGO / GENOVA RIVAROLO / GENOVA CAMPASSO [GENOVA] (compresa via Isola del Cantone)","DOIT":"GE","SERVIZIO_MERCI":"0","SERVIZIO_VIAGGIATORI":"SI","CAP_REG":"0","CAP_P":"0","DIRAMAZ":"0","CAUSA_CHIUSURA":null}},{"type":"Feature","id":1497,"geometry":{"type":"Point","coordinates":[8.86302,44.43449]},"properties":{"OBJECTID":1497,"CODIMP":"38120","NOME":"GENOVA BORZOLI - PES","IMPIANTO":"S","COMUNE":"Genova","PROVINCIA":"Genova","REGIONE":"Liguria","CODLINEACOMM":"R004","LINEACOMM":"NODO DI GENOVA","DOIT":"GE","SERVIZIO_MERCI":"0","SERVIZIO_VIAGGIATORI":"SI","CAP_REG":"0","CAP_P":"0","DIRAMAZ":"1","CAUSA_CHIUSURA":null}},{"type":"Feature","id":1498,"geometry":{"type":"Point","coordinates":[8.88765,44.41267]},"properties":{"OBJECTID":1498,"CODIMP":"34360","NOME":"GENOVA SAMPIERDARENA","IMPIANTO":"S","COMUNE":"Genova","PROVINCIA":"Genova","REGIONE":"Liguria","CODLINEACOMM":"R004","LINEACOMM":"NODO DI GENOVA","DOIT":"GE","SERVIZIO_MERCI":"0","SERVIZIO_VIAGGIATORI":"SI","CAP_REG":"0","CAP_P":"0","DIRAMAZ":"1","CAUSA_CHIUSURA":null}},{"type":"Feature","id":1501,"geometry":{"type":"Point","coordinates":[9.30512,45.60344]},"properties":{"OBJECTID":1501,"CODIMP":"20900","NOME":"VILLASANTA PARCO","IMPIANTO":"S","COMUNE":"Villasanta","PROVINCIA":"Milano","REGIONE":"Lombardia","CODLINEACOMM":"K042","LINEACOMM":"MONZA - MOLTENO","DOIT":"MI","SERVIZIO_MERCI":"0","SERVIZIO_VIAGGIATORI":"SI","CAP_REG":"0","CAP_P":"0","DIRAMAZ":"0","CAUSA_CHIUSURA":null}},{"type":"Feature","id":1502,"geometry":{"type":"Point","coordinates":[9.28449,45.58204]},"properties":{"OBJECTID":1502,"CODIMP":"20860","NOME":"MONZA SOBBORGHI","IMPIANTO":"F","COMUNE":"Monza","PROVINCIA":"Milano","REGIONE":"Lombardia","CODLINEACOMM":"K042","LINEACOMM":"MONZA - MOLTENO","DOIT":"MI","SERVIZIO_MERCI":"0","SERVIZIO_VIAGGIATORI":"SI","CAP_REG":"0","CAP_P":"0","DIRAMAZ":"0","CAUSA_CHIUSURA":null}},{"type":"Feature","id":1503,"geometry":{"type":"Point","coordinates":[9.27328,45.57787]},"properties":{"OBJECTID":1503,"CODIMP":"12900","NOME":"MONZA","IMPIANTO":"S","COMUNE":"Monza","PROVINCIA":"Milano","REGIONE":"Lombardia","CODLINEACOMM":"R002","LINEACOMM":"NODO DI MILANO","DOIT":"MI","SERVIZIO_MERCI":"0","SERVIZIO_VIAGGIATORI":"SI","CAP_REG":"0","CAP_P":"1","DIRAMAZ":"1","CAUSA_CHIUSURA":null}},{"type":"Feature","id":1504,"geometry":{"type":"Point","coordinates":[9.23929,45.54117]},"properties":{"OBJECTID":1504,"CODIMP":"12940","NOME":"SESTO S.GIOVANNI","IMPIANTO":"S","COMUNE":"Sesto San Giovanni","PROVINCIA":"Milano","REGIONE":"Lombardia","CODLINEACOMM":"R002","LINEACOMM":"NODO DI MILANO","DOIT":"MI","SERVIZIO_MERCI":"0","SERVIZIO_VIAGGIATORI":"SI","CAP_REG":"0","CAP_P":"0","DIRAMAZ":"1","CAUSA_CHIUSURA":null}},{"type":"Feature","id":1505,"geometry":{"type":"Point","coordinates":[11.32352,43.95855]},"properties":{"OBJECTID":1505,"CODIMP":"97020","NOME":"S.PIERO A SIEVE","IMPIANTO":"S","COMUNE":"San Piero A Sieve","PROVINCIA":"Firenze","REGIONE":"Toscana","CODLINEACOMM":"K112","LINEACOMM":"FIRENZE S.MARCO VECCHIO - BORGO S.LORENZO","DOIT":"FI","SERVIZIO_MERCI":"0","SERVIZIO_VIAGGIATORI":"SI","CAP_REG":"0","CAP_P":"0","DIRAMAZ":"0","CAUSA_CHIUSURA":null}},{"type":"Feature","id":1506,"geometry":{"type":"Point","coordinates":[11.30501,43.93782]},"properties":{"OBJECTID":1506,"CODIMP":"97060","NOME":"CAMPOMIGLIAIO","IMPIANTO":"S","COMUNE":"San Piero A Sieve","PROVINCIA":"Firenze","REGIONE":"Toscana","CODLINEACOMM":"K112","LINEACOMM":"FIRENZE S.MARCO VECCHIO - BORGO S.LORENZO","DOIT":"FI","SERVIZIO_MERCI":"0","SERVIZIO_VIAGGIATORI":"SI","CAP_REG":"0","CAP_P":"0","DIRAMAZ":"0","CAUSA_CHIUSURA":null}},{"type":"Feature","id":1507,"geometry":{"type":"Point","coordinates":[11.28289,43.90801]},"properties":{"OBJECTID":1507,"CODIMP":"97100","NOME":"VAGLIA","IMPIANTO":"S","COMUNE":"Vaglia","PROVINCIA":"Firenze","REGIONE":"Toscana","CODLINEACOMM":"K112","LINEACOMM":"FIRENZE S.MARCO VECCHIO - BORGO S.LORENZO","DOIT":"FI","SERVIZIO_MERCI":"0","SERVIZIO_VIAGGIATORI":"SI","CAP_REG":"0","CAP_P":"0","DIRAMAZ":"0","CAUSA_CHIUSURA":null}},{"type":"Feature","id":1508,"geometry":{"type":"Point","coordinates":[11.27278,44.48291]},"properties":{"OBJECTID":1508,"CODIMP":"43740","NOME":"CASALECCHIO GARIBALDI","IMPIANTO":"S","COMUNE":"Casalecchio Di Reno","PROVINCIA":"Bologna","REGIONE":"Emilia-Romagna","CODLINEACOMM":"R005","LINEACOMM":"NODO DI BOLOGNA","DOIT":"BO","SERVIZIO_MERCI":"0","SERVIZIO_VIAGGIATORI":"SI","CAP_REG":"0","CAP_P":"0","DIRAMAZ":"0","CAUSA_CHIUSURA":null}},{"type":"Feature","id":1509,"geometry":{"type":"Point","coordinates":[13.45411,43.61052]},"properties":{"OBJECTID":1509,"CODIMP":"54050","NOME":"ANCONA TORRETTE","IMPIANTO":"F","COMUNE":"Ancona","PROVINCIA":"Ancona","REGIONE":"Marche","CODLINEACOMM":"J063","LINEACOMM":"[BOLOGNA] MIRANDOLA O. - ANCONA (compresa Ancona - Ancona Marittima)","DOIT":"AN","SERVIZIO_MERCI":"0","SERVIZIO_VIAGGIATORI":"SI","CAP_REG":"0","CAP_P":"0","DIRAMAZ":"0","CAUSA_CHIUSURA":null}},{"type":"Feature","id":1510,"geometry":{"type":"Point","coordinates":[12.34964,43.08059]},"properties":{"OBJECTID":1510,"CODIMP":"57762","NOME":"PERUGIA SILVESTRINI","IMPIANTO":"F","COMUNE":"Perugia","PROVINCIA":"Perugia","REGIONE":"Umbria","CODLINEACOMM":"K127","LINEACOMM":"TERONTOLA - FOLIGNO","DOIT":"AN","SERVIZIO_MERCI":"0","SERVIZIO_VIAGGIATORI":"SI","CAP_REG":"0","CAP_P":"0","DIRAMAZ":"0","CAUSA_CHIUSURA":null}},{"type":"Feature","id":1512,"geometry":{"type":"Point","coordinates":[12.50853,41.98]},"properties":{"OBJECTID":1512,"CODIMP":"60433","NOME":"FIDENE","IMPIANTO":"F","COMUNE":"Roma","PROVINCIA":"Roma","REGIONE":"Lazio","CODLINEACOMM":"R007","LINEACOMM":"NODO DI ROMA","DOIT":"RM","SERVIZIO_MERCI":"0","SERVIZIO_VIAGGIATORI":"SI","CAP_REG":"0","CAP_P":"0","DIRAMAZ":"0","CAUSA_CHIUSURA":null}},{"type":"Feature","id":1514,"geometry":{"type":"Point","coordinates":[13.21818,38.1635]},"properties":{"OBJECTID":1514,"CODIMP":"89270","NOME":"CARINI TORRE CIACHEA","IMPIANTO":"F","COMUNE":"Carini","PROVINCIA":"Palermo","REGIONE":"Sicilia","CODLINEACOMM":"K181","LINEACOMM":"PALERMO CENTRALE/BRANCACCIO CARINI - PUNTA RAISI","DOIT":"PA","SERVIZIO_MERCI":"0","SERVIZIO_VIAGGIATORI":"SI","CAP_REG":"0","CAP_P":"0","DIRAMAZ":"0","CAUSA_CHIUSURA":null}},{"type":"Feature","id":1515,"geometry":{"type":"Point","coordinates":[13.53798,38.05976]},"properties":{"OBJECTID":1515,"CODIMP":"87005","NOME":"CASTELDACCIA","IMPIANTO":"F","COMUNE":"Casteldaccia","PROVINCIA":"Palermo","REGIONE":"Sicilia","CODLINEACOMM":"K176","LINEACOMM":"FIUMETORTO - PALERMO","DOIT":"PA","SERVIZIO_MERCI":"0","SERVIZIO_VIAGGIATORI":"SI","CAP_REG":"0","CAP_P":"0","DIRAMAZ":"0","CAUSA_CHIUSURA":null}},{"type":"Feature","id":1516,"geometry":{"type":"Point","coordinates":[8.14576,44.80764]},"properties":{"OBJECTID":1516,"CODIMP":"09682","NOME":"COSTIGLIOLE (MOTTA DI)","IMPIANTO":"F","COMUNE":"Costigliole D'asti","PROVINCIA":"Asti","REGIONE":"Piemonte","CODLINEACOMM":"K001","LINEACOMM":"ASTI - CASTAGNOLE","DOIT":"TO","SERVIZIO_MERCI":"0","SERVIZIO_VIAGGIATORI":"SI","CAP_REG":"0","CAP_P":"0","DIRAMAZ":"0","CAUSA_CHIUSURA":null}},{"type":"Feature","id":1517,"geometry":{"type":"Point","coordinates":[8.17516,44.83069]},"properties":{"OBJECTID":1517,"CODIMP":"09684","NOME":"ISOLA D'ASTI","IMPIANTO":"F","COMUNE":"Isola D'asti","PROVINCIA":"Asti","REGIONE":"Piemonte","CODLINEACOMM":"K001","LINEACOMM":"ASTI - CASTAGNOLE","DOIT":"TO","SERVIZIO_MERCI":"0","SERVIZIO_VIAGGIATORI":"SI","CAP_REG":"0","CAP_P":"0","DIRAMAZ":"0","CAUSA_CHIUSURA":null}},{"type":"Feature","id":1519,"geometry":{"type":"Point","coordinates":[9.20271,45.76504]},"properties":{"OBJECTID":1519,"CODIMP":"21320","NOME":"ANZANO DEL PARCO","IMPIANTO":"F","COMUNE":"Anzano Del Parco","PROVINCIA":"Como","REGIONE":"Lombardia","CODLINEACOMM":"K041","LINEACOMM":"CHIASSO - MOLTENO","DOIT":"MI","SERVIZIO_MERCI":"0","SERVIZIO_VIAGGIATORI":"SI","CAP_REG":"0","CAP_P":"0","DIRAMAZ":"0","CAUSA_CHIUSURA":null}},{"type":"Feature","id":1520,"geometry":{"type":"Point","coordinates":[9.18335,45.75412]},"properties":{"OBJECTID":1520,"CODIMP":"21323","NOME":"BRENNA-ALZATE","IMPIANTO":"F","COMUNE":"Brenna","PROVINCIA":"Como","REGIONE":"Lombardia","CODLINEACOMM":"K041","LINEACOMM":"CHIASSO - MOLTENO","DOIT":"MI","SERVIZIO_MERCI":"0","SERVIZIO_VIAGGIATORI":"SI","CAP_REG":"0","CAP_P":"0","DIRAMAZ":"0","CAUSA_CHIUSURA":null}},{"type":"Feature","id":1521,"geometry":{"type":"Point","coordinates":[9.13035,45.7524]},"properties":{"OBJECTID":1521,"CODIMP":"21360","NOME":"CANTU'","IMPIANTO":"S","COMUNE":"Cantù","PROVINCIA":"Como","REGIONE":"Lombardia","CODLINEACOMM":"K041","LINEACOMM":"CHIASSO - MOLTENO","DOIT":"MI","SERVIZIO_MERCI":"0","SERVIZIO_VIAGGIATORI":"SI","CAP_REG":"0","CAP_P":"0","DIRAMAZ":"0","CAUSA_CHIUSURA":null}},{"type":"Feature","id":1524,"geometry":{"type":"Point","coordinates":[8.26471,46.06422]},"properties":{"OBJECTID":1524,"CODIMP":"06140","NOME":"VILLADOSSOLA","IMPIANTO":"S","COMUNE":"Villadossola","PROVINCIA":"Verbano-Cusio-Ossola","REGIONE":"Piemonte","CODLINEACOMM":"K029","LINEACOMM":"DOMODOSSOLA - VILLADOSSOLA","DOIT":"TO","SERVIZIO_MERCI":"1","SERVIZIO_VIAGGIATORI":"SI","CAP_REG":"0","CAP_P":"0","DIRAMAZ":"0","CAUSA_CHIUSURA":null}},{"type":"Feature","id":1525,"geometry":{"type":"Point","coordinates":[8.26069,46.04361]},"properties":{"OBJECTID":1525,"CODIMP":"06105","NOME":"PALLANZENO","IMPIANTO":"F","COMUNE":"Pallanzeno","PROVINCIA":"Verbano-Cusio-Ossola","REGIONE":"Piemonte","CODLINEACOMM":"K030","LINEACOMM":"VILLADOSSOLA - VOGOGNA OSSOLA","DOIT":"TO","SERVIZIO_MERCI":"0","SERVIZIO_VIAGGIATORI":"SI","CAP_REG":"0","CAP_P":"0","DIRAMAZ":"0","CAUSA_CHIUSURA":null}},{"type":"Feature","id":1526,"geometry":{"type":"Point","coordinates":[8.26127,46.02442]},"properties":{"OBJECTID":1526,"CODIMP":"06103","NOME":"PIEDIMULERA","IMPIANTO":"F","COMUNE":"Piedimulera","PROVINCIA":"Verbano-Cusio-Ossola","REGIONE":"Piemonte","CODLINEACOMM":"K030","LINEACOMM":"VILLADOSSOLA - VOGOGNA OSSOLA","DOIT":"TO","SERVIZIO_MERCI":"0","SERVIZIO_VIAGGIATORI":"SI","CAP_REG":"0","CAP_P":"0","DIRAMAZ":"0","CAUSA_CHIUSURA":null}},{"type":"Feature","id":1527,"geometry":{"type":"Point","coordinates":[8.42839,45.93413]},"properties":{"OBJECTID":1527,"CODIMP":"06000","NOME":"GRAVELLONA TOCE","IMPIANTO":"S","COMUNE":"Gravellona Toce","PROVINCIA":"Verbano-Cusio-Ossola","REGIONE":"Piemonte","CODLINEACOMM":"K033","LINEACOMM":"CUZZAGO (NO) - BORGOMANERO","DOIT":"TO","SERVIZIO_MERCI":"0","SERVIZIO_VIAGGIATORI":"SI","CAP_REG":"0","CAP_P":"0","DIRAMAZ":"0","CAUSA_CHIUSURA":null}},{"type":"Feature","id":1528,"geometry":{"type":"Point","coordinates":[8.41397,45.89821]},"properties":{"OBJECTID":1528,"CODIMP":"05965","NOME":"OMEGNA-CRUSINALLO","IMPIANTO":"F","COMUNE":"Omegna","PROVINCIA":"Verbano-Cusio-Ossola","REGIONE":"Piemonte","CODLINEACOMM":"K033","LINEACOMM":"CUZZAGO (NO) - BORGOMANERO","DOIT":"TO","SERVIZIO_MERCI":"0","SERVIZIO_VIAGGIATORI":"SI","CAP_REG":"0","CAP_P":"0","DIRAMAZ":"0","CAUSA_CHIUSURA":null}},{"type":"Feature","id":1529,"geometry":{"type":"Point","coordinates":[8.41593,45.97037]},"properties":{"OBJECTID":1529,"CODIMP":"06005","NOME":"ORNAVASSO","IMPIANTO":"F","COMUNE":"Ornavasso","PROVINCIA":"Verbano-Cusio-Ossola","REGIONE":"Piemonte","CODLINEACOMM":"K033","LINEACOMM":"CUZZAGO (NO) - BORGOMANERO","DOIT":"TO","SERVIZIO_MERCI":"0","SERVIZIO_VIAGGIATORI":"SI","CAP_REG":"0","CAP_P":"0","DIRAMAZ":"0","CAUSA_CHIUSURA":null}},{"type":"Feature","id":1530,"geometry":{"type":"Point","coordinates":[8.27634,46.00986]},"properties":{"OBJECTID":1530,"CODIMP":"06100","NOME":"PIEVE VERGONTE","IMPIANTO":"S","COMUNE":"Pieve Vergonte","PROVINCIA":"Verbano-Cusio-Ossola","REGIONE":"Piemonte","CODLINEACOMM":"K030","LINEACOMM":"VILLADOSSOLA - VOGOGNA OSSOLA","DOIT":"TO","SERVIZIO_MERCI":"1","SERVIZIO_VIAGGIATORI":"SI","CAP_REG":"0","CAP_P":"0","DIRAMAZ":"0","CAUSA_CHIUSURA":null}},{"type":"Feature","id":1531,"geometry":{"type":"Point","coordinates":[9.09579,45.77747]},"properties":{"OBJECTID":1531,"CODIMP":"21363","NOME":"ALBATE-TRECALLO","IMPIANTO":"F","COMUNE":"Como","PROVINCIA":"Como","REGIONE":"Lombardia","CODLINEACOMM":"K041","LINEACOMM":"CHIASSO - MOLTENO","DOIT":"MI","SERVIZIO_MERCI":"0","SERVIZIO_VIAGGIATORI":"SI","CAP_REG":"0","CAP_P":"0","DIRAMAZ":"0","CAUSA_CHIUSURA":null}},{"type":"Feature","id":1535,"geometry":{"type":"Point","coordinates":[8.18014,45.36381]},"properties":{"OBJECTID":1535,"CODIMP":"01400","NOME":"SANTHIA'","IMPIANTO":"S","COMUNE":"Santhià","PROVINCIA":"Vercelli","REGIONE":"Piemonte","CODLINEACOMM":"J011","LINEACOMM":"[TORINO] SETTIMO T. - RHO [MILANO] (compresa Novara Boschetto)","DOIT":"TO","SERVIZIO_MERCI":"0","SERVIZIO_VIAGGIATORI":"SI","CAP_REG":"0","CAP_P":"0","DIRAMAZ":"1","CAUSA_CHIUSURA":null}},{"type":"Feature","id":1537,"geometry":{"type":"Point","coordinates":[11.90665,45.58593]},"properties":{"OBJECTID":1537,"CODIMP":"30523","NOME":"FRATTE CENTRO","IMPIANTO":"F","COMUNE":"Santa Giustina In Colle","PROVINCIA":"Padova","REGIONE":"Veneto","CODLINEACOMM":"K090","LINEACOMM":"CITTADELLA - CAMPOSANPIETRO","DOIT":"VE","SERVIZIO_MERCI":"0","SERVIZIO_VIAGGIATORI":"SI","CAP_REG":"0","CAP_P":"0","DIRAMAZ":"0","CAUSA_CHIUSURA":null}},{"type":"Feature","id":1538,"geometry":{"type":"Point","coordinates":[11.78988,45.64394]},"properties":{"OBJECTID":1538,"CODIMP":"28860","NOME":"CITTADELLA","IMPIANTO":"S","COMUNE":"Cittadella","PROVINCIA":"Padova","REGIONE":"Veneto","CODLINEACOMM":"K086","LINEACOMM":"VICENZA - CITTADELLA","DOIT":"VE","SERVIZIO_MERCI":"1","SERVIZIO_VIAGGIATORI":"SI","CAP_REG":"0","CAP_P":"0","DIRAMAZ":"1","CAUSA_CHIUSURA":null}},{"type":"Feature","id":1539,"geometry":{"type":"Point","coordinates":[11.85253,45.60778]},"properties":{"OBJECTID":1539,"CODIMP":"30525","NOME":"VILLA DEL CONTE","IMPIANTO":"F","COMUNE":"Villa Del Conte","PROVINCIA":"Padova","REGIONE":"Veneto","CODLINEACOMM":"K090","LINEACOMM":"CITTADELLA - CAMPOSANPIETRO","DOIT":"VE","SERVIZIO_MERCI":"0","SERVIZIO_VIAGGIATORI":"SI","CAP_REG":"0","CAP_P":"0","DIRAMAZ":"0","CAUSA_CHIUSURA":null}},{"type":"Feature","id":1540,"geometry":{"type":"Point","coordinates":[11.77582,45.72062]},"properties":{"OBJECTID":1540,"CODIMP":"30545","NOME":"ROSA'","IMPIANTO":"F","COMUNE":"Rosà","PROVINCIA":"Vicenza","REGIONE":"Veneto","CODLINEACOMM":"K089","LINEACOMM":"BASSANO DEL GRAPPA - CITTADELLA","DOIT":"VE","SERVIZIO_MERCI":"0","SERVIZIO_VIAGGIATORI":"SI","CAP_REG":"0","CAP_P":"0","DIRAMAZ":"0","CAUSA_CHIUSURA":null}},{"type":"Feature","id":1541,"geometry":{"type":"Point","coordinates":[11.78483,45.70212]},"properties":{"OBJECTID":1541,"CODIMP":"30543","NOME":"ROSSANO VENETO","IMPIANTO":"F","COMUNE":"Rosà","PROVINCIA":"Vicenza","REGIONE":"Veneto","CODLINEACOMM":"K089","LINEACOMM":"BASSANO DEL GRAPPA - CITTADELLA","DOIT":"VE","SERVIZIO_MERCI":"0","SERVIZIO_VIAGGIATORI":"SI","CAP_REG":"0","CAP_P":"0","DIRAMAZ":"0","CAUSA_CHIUSURA":null}},{"type":"Feature","id":1542,"geometry":{"type":"Point","coordinates":[7.87807,45.27879]},"properties":{"OBJECTID":1542,"CODIMP":"05300","NOME":"RODALLO","IMPIANTO":"S","COMUNE":"Caluso","PROVINCIA":"Torino","REGIONE":"Piemonte","CODLINEACOMM":"K002","LINEACOMM":"CHIVASSO - AOSTA","DOIT":"TO","SERVIZIO_MERCI":"0","SERVIZIO_VIAGGIATORI":"SI","CAP_REG":"0","CAP_P":"0","DIRAMAZ":"0","CAUSA_CHIUSURA":null}},{"type":"Feature","id":1543,"geometry":{"type":"Point","coordinates":[7.85837,45.23276]},"properties":{"OBJECTID":1543,"CODIMP":"05340","NOME":"MONTANARO","IMPIANTO":"S","COMUNE":"Montanaro","PROVINCIA":"Torino","REGIONE":"Piemonte","CODLINEACOMM":"K002","LINEACOMM":"CHIVASSO - AOSTA","DOIT":"TO","SERVIZIO_MERCI":"0","SERVIZIO_VIAGGIATORI":"SI","CAP_REG":"0","CAP_P":"0","DIRAMAZ":"0","CAUSA_CHIUSURA":null}},{"type":"Feature","id":1544,"geometry":{"type":"Point","coordinates":[7.88644,45.35352]},"properties":{"OBJECTID":1544,"CODIMP":"05185","NOME":"MERCENASCO","IMPIANTO":"F","COMUNE":"Mercenasco","PROVINCIA":"Torino","REGIONE":"Piemonte","CODLINEACOMM":"K002","LINEACOMM":"CHIVASSO - AOSTA","DOIT":"TO","SERVIZIO_MERCI":"0","SERVIZIO_VIAGGIATORI":"SI","CAP_REG":"0","CAP_P":"0","DIRAMAZ":"0","CAUSA_CHIUSURA":null}},{"type":"Feature","id":1545,"geometry":{"type":"Point","coordinates":[7.89186,45.3299]},"properties":{"OBJECTID":1545,"CODIMP":"05220","NOME":"CANDIA CANAVESE","IMPIANTO":"S","COMUNE":"Candia Canavese","PROVINCIA":"Torino","REGIONE":"Piemonte","CODLINEACOMM":"K002","LINEACOMM":"CHIVASSO - AOSTA","DOIT":"TO","SERVIZIO_MERCI":"0","SERVIZIO_VIAGGIATORI":"SI","CAP_REG":"0","CAP_P":"0","DIRAMAZ":"0","CAUSA_CHIUSURA":null}},{"type":"Feature","id":1546,"geometry":{"type":"Point","coordinates":[7.90261,45.30327]},"properties":{"OBJECTID":1546,"CODIMP":"05260","NOME":"CALUSO","IMPIANTO":"S","COMUNE":"Caluso","PROVINCIA":"Torino","REGIONE":"Piemonte","CODLINEACOMM":"K002","LINEACOMM":"CHIVASSO - AOSTA","DOIT":"TO","SERVIZIO_MERCI":"0","SERVIZIO_VIAGGIATORI":"SI","CAP_REG":"0","CAP_P":"0","DIRAMAZ":"0","CAUSA_CHIUSURA":null}},{"type":"Feature","id":1547,"geometry":{"type":"Point","coordinates":[7.888,45.38259]},"properties":{"OBJECTID":1547,"CODIMP":"05180","NOME":"STRAMBINO","IMPIANTO":"S","COMUNE":"Strambino","PROVINCIA":"Torino","REGIONE":"Piemonte","CODLINEACOMM":"K002","LINEACOMM":"CHIVASSO - AOSTA","DOIT":"TO","SERVIZIO_MERCI":"0","SERVIZIO_VIAGGIATORI":"SI","CAP_REG":"0","CAP_P":"0","DIRAMAZ":"0","CAUSA_CHIUSURA":null}},{"type":"Feature","id":1548,"geometry":{"type":"Point","coordinates":[7.85466,45.51485]},"properties":{"OBJECTID":1548,"CODIMP":"05060","NOME":"BORGOFRANCO","IMPIANTO":"S","COMUNE":"Borgofranco D'ivrea","PROVINCIA":"Torino","REGIONE":"Piemonte","CODLINEACOMM":"K002","LINEACOMM":"CHIVASSO - AOSTA","DOIT":"TO","SERVIZIO_MERCI":"0","SERVIZIO_VIAGGIATORI":"SI","CAP_REG":"0","CAP_P":"0","DIRAMAZ":"0","CAUSA_CHIUSURA":null}},{"type":"Feature","id":1550,"geometry":{"type":"Point","coordinates":[7.8764,45.46162]},"properties":{"OBJECTID":1550,"CODIMP":"05140","NOME":"IVREA","IMPIANTO":"S","COMUNE":"Ivrea","PROVINCIA":"Torino","REGIONE":"Piemonte","CODLINEACOMM":"K002","LINEACOMM":"CHIVASSO - AOSTA","DOIT":"TO","SERVIZIO_MERCI":"0","SERVIZIO_VIAGGIATORI":"SI","CAP_REG":"0","CAP_P":"0","DIRAMAZ":"0","CAUSA_CHIUSURA":null}},{"type":"Feature","id":1552,"geometry":{"type":"Point","coordinates":[7.76961,45.60279]},"properties":{"OBJECTID":1552,"CODIMP":"04900","NOME":"DONNAS","IMPIANTO":"F","COMUNE":"Donnas","PROVINCIA":"Aosta","REGIONE":"Valle d'Aosta","CODLINEACOMM":"K002","LINEACOMM":"CHIVASSO - AOSTA","DOIT":"TO","SERVIZIO_MERCI":"0","SERVIZIO_VIAGGIATORI":"SI","CAP_REG":"0","CAP_P":"0","DIRAMAZ":"0","CAUSA_CHIUSURA":null}},{"type":"Feature","id":1553,"geometry":{"type":"Point","coordinates":[7.79506,45.58992]},"properties":{"OBJECTID":1553,"CODIMP":"04940","NOME":"PONT-SAINT-MARTIN","IMPIANTO":"S","COMUNE":"Pont-Saint-Martin","PROVINCIA":"Aosta","REGIONE":"Valle d'Aosta","CODLINEACOMM":"K002","LINEACOMM":"CHIVASSO - AOSTA","DOIT":"TO","SERVIZIO_MERCI":"0","SERVIZIO_VIAGGIATORI":"SI","CAP_REG":"0","CAP_P":"0","DIRAMAZ":"0","CAUSA_CHIUSURA":null}},{"type":"Feature","id":1554,"geometry":{"type":"Point","coordinates":[7.74139,45.61399]},"properties":{"OBJECTID":1554,"CODIMP":"04860","NOME":"Hône-Bard","IMPIANTO":"S","COMUNE":"Hone","PROVINCIA":"Aosta","REGIONE":"Valle d'Aosta","CODLINEACOMM":"K002","LINEACOMM":"CHIVASSO - AOSTA","DOIT":"TO","SERVIZIO_MERCI":"0","SERVIZIO_VIAGGIATORI":"SI","CAP_REG":"0","CAP_P":"0","DIRAMAZ":"0","CAUSA_CHIUSURA":null}},{"type":"Feature","id":1556,"geometry":{"type":"Point","coordinates":[7.47124,45.73887]},"properties":{"OBJECTID":1556,"CODIMP":"04660","NOME":"NUS","IMPIANTO":"S","COMUNE":"Fenis","PROVINCIA":"Aosta","REGIONE":"Valle d'Aosta","CODLINEACOMM":"K002","LINEACOMM":"CHIVASSO - AOSTA","DOIT":"TO","SERVIZIO_MERCI":"0","SERVIZIO_VIAGGIATORI":"SI","CAP_REG":"0","CAP_P":"0","DIRAMAZ":"0","CAUSA_CHIUSURA":null}},{"type":"Feature","id":1557,"geometry":{"type":"Point","coordinates":[7.69005,45.6599]},"properties":{"OBJECTID":1557,"CODIMP":"04820","NOME":"Verrès","IMPIANTO":"S","COMUNE":"Verres","PROVINCIA":"Aosta","REGIONE":"Valle d'Aosta","CODLINEACOMM":"K002","LINEACOMM":"CHIVASSO - AOSTA","DOIT":"TO","SERVIZIO_MERCI":"0","SERVIZIO_VIAGGIATORI":"SI","CAP_REG":"0","CAP_P":"0","DIRAMAZ":"0","CAUSA_CHIUSURA":null}},{"type":"Feature","id":1559,"geometry":{"type":"Point","coordinates":[7.61935,45.74348]},"properties":{"OBJECTID":1559,"CODIMP":"04740","NOME":"Châtillon-Saint-Vincent","IMPIANTO":"S","COMUNE":"Chatillon","PROVINCIA":"Aosta","REGIONE":"Valle d'Aosta","CODLINEACOMM":"K002","LINEACOMM":"CHIVASSO - AOSTA","DOIT":"TO","SERVIZIO_MERCI":"0","SERVIZIO_VIAGGIATORI":"SI","CAP_REG":"0","CAP_P":"0","DIRAMAZ":"0","CAUSA_CHIUSURA":null}},{"type":"Feature","id":1561,"geometry":{"type":"Point","coordinates":[8.46813,45.70113]},"properties":{"OBJECTID":1561,"CODIMP":"05460","NOME":"BORGOMANERO","IMPIANTO":"S","COMUNE":"Borgomanero","PROVINCIA":"Novara","REGIONE":"Piemonte","CODLINEACOMM":"K033","LINEACOMM":"CUZZAGO (NO) - BORGOMANERO","DOIT":"TO","SERVIZIO_MERCI":"0","SERVIZIO_VIAGGIATORI":"SI","CAP_REG":"0","CAP_P":"0","DIRAMAZ":"1","CAUSA_CHIUSURA":null}},{"type":"Feature","id":1562,"geometry":{"type":"Point","coordinates":[8.40684,45.82057]},"properties":{"OBJECTID":1562,"CODIMP":"05925","NOME":"PETTENASCO","IMPIANTO":"F","COMUNE":"Pettenasco","PROVINCIA":"Novara","REGIONE":"Piemonte","CODLINEACOMM":"K033","LINEACOMM":"CUZZAGO (NO) - BORGOMANERO","DOIT":"TO","SERVIZIO_MERCI":"0","SERVIZIO_VIAGGIATORI":"SI","CAP_REG":"0","CAP_P":"0","DIRAMAZ":"0","CAUSA_CHIUSURA":null}},{"type":"Feature","id":1563,"geometry":{"type":"Point","coordinates":[8.42126,45.79594]},"properties":{"OBJECTID":1563,"CODIMP":"05920","NOME":"ORTA-MIASINO","IMPIANTO":"S","COMUNE":"Orta San Giulio","PROVINCIA":"Novara","REGIONE":"Piemonte","CODLINEACOMM":"K033","LINEACOMM":"CUZZAGO (NO) - BORGOMANERO","DOIT":"TO","SERVIZIO_MERCI":"0","SERVIZIO_VIAGGIATORI":"SI","CAP_REG":"0","CAP_P":"0","DIRAMAZ":"0","CAUSA_CHIUSURA":null}},{"type":"Feature","id":1564,"geometry":{"type":"Point","coordinates":[8.41333,45.87187]},"properties":{"OBJECTID":1564,"CODIMP":"05960","NOME":"OMEGNA","IMPIANTO":"S","COMUNE":"Omegna","PROVINCIA":"Verbano-Cusio-Ossola","REGIONE":"Piemonte","CODLINEACOMM":"K033","LINEACOMM":"CUZZAGO (NO) - BORGOMANERO","DOIT":"TO","SERVIZIO_MERCI":"0","SERVIZIO_VIAGGIATORI":"SI","CAP_REG":"0","CAP_P":"0","DIRAMAZ":"0","CAUSA_CHIUSURA":null}},{"type":"Feature","id":1565,"geometry":{"type":"Point","coordinates":[8.44079,45.75943]},"properties":{"OBJECTID":1565,"CODIMP":"05885","NOME":"BOLZANO NOVARESE","IMPIANTO":"F","COMUNE":"Bolzano Novarese","PROVINCIA":"Novara","REGIONE":"Piemonte","CODLINEACOMM":"K033","LINEACOMM":"CUZZAGO (NO) - BORGOMANERO","DOIT":"TO","SERVIZIO_MERCI":"0","SERVIZIO_VIAGGIATORI":"SI","CAP_REG":"0","CAP_P":"0","DIRAMAZ":"0","CAUSA_CHIUSURA":null}},{"type":"Feature","id":1566,"geometry":{"type":"Point","coordinates":[8.44089,45.74444]},"properties":{"OBJECTID":1566,"CODIMP":"05880","NOME":"GOZZANO","IMPIANTO":"S","COMUNE":"Gozzano","PROVINCIA":"Novara","REGIONE":"Piemonte","CODLINEACOMM":"K033","LINEACOMM":"CUZZAGO (NO) - BORGOMANERO","DOIT":"TO","SERVIZIO_MERCI":"0","SERVIZIO_VIAGGIATORI":"SI","CAP_REG":"0","CAP_P":"0","DIRAMAZ":"0","CAUSA_CHIUSURA":null}},{"type":"Feature","id":1572,"geometry":{"type":"Point","coordinates":[7.32247,45.73415]},"properties":{"OBJECTID":1572,"CODIMP":"04580","NOME":"AOSTA","IMPIANTO":"S","COMUNE":"Aosta","PROVINCIA":"Aosta","REGIONE":"Valle d'Aosta","CODLINEACOMM":"K002","LINEACOMM":"CHIVASSO - AOSTA","DOIT":"TO","SERVIZIO_MERCI":"0","SERVIZIO_VIAGGIATORI":"SI","CAP_REG":"1","CAP_P":"1","DIRAMAZ":"0","CAUSA_CHIUSURA":null}},{"type":"Feature","id":1573,"geometry":{"type":"Point","coordinates":[9.27541,45.7861]},"properties":{"OBJECTID":1573,"CODIMP":"21275","NOME":"CASLETTO-ROGENO","IMPIANTO":"F","COMUNE":"Rogeno","PROVINCIA":"Lecco","REGIONE":"Lombardia","CODLINEACOMM":"K041","LINEACOMM":"CHIASSO - MOLTENO","DOIT":"MI","SERVIZIO_MERCI":"0","SERVIZIO_VIAGGIATORI":"SI","CAP_REG":"0","CAP_P":"0","DIRAMAZ":"0","CAUSA_CHIUSURA":null}},{"type":"Feature","id":1574,"geometry":{"type":"Point","coordinates":[9.33751,45.78907]},"properties":{"OBJECTID":1574,"CODIMP":"21200","NOME":"OGGIONO","IMPIANTO":"S","COMUNE":"Oggiono","PROVINCIA":"Lecco","REGIONE":"Lombardia","CODLINEACOMM":"K043","LINEACOMM":"MOLTENO - LECCO","DOIT":"MI","SERVIZIO_MERCI":"0","SERVIZIO_VIAGGIATORI":"SI","CAP_REG":"0","CAP_P":"0","DIRAMAZ":"0","CAUSA_CHIUSURA":null}},{"type":"Feature","id":1575,"geometry":{"type":"Point","coordinates":[9.35925,45.82117]},"properties":{"OBJECTID":1575,"CODIMP":"21123","NOME":"SALA AL BARRO-GALBIATE","IMPIANTO":"F","COMUNE":"Galbiate","PROVINCIA":"Lecco","REGIONE":"Lombardia","CODLINEACOMM":"K043","LINEACOMM":"MOLTENO - LECCO","DOIT":"MI","SERVIZIO_MERCI":"0","SERVIZIO_VIAGGIATORI":"SI","CAP_REG":"0","CAP_P":"0","DIRAMAZ":"0","CAUSA_CHIUSURA":null}},{"type":"Feature","id":1576,"geometry":{"type":"Point","coordinates":[9.36822,45.84652]},"properties":{"OBJECTID":1576,"CODIMP":"21120","NOME":"VALMADRERA","IMPIANTO":"S","COMUNE":"Valmadrera","PROVINCIA":"Lecco","REGIONE":"Lombardia","CODLINEACOMM":"K043","LINEACOMM":"MOLTENO - LECCO","DOIT":"MI","SERVIZIO_MERCI":"0","SERVIZIO_VIAGGIATORI":"SI","CAP_REG":"0","CAP_P":"0","DIRAMAZ":"0","CAUSA_CHIUSURA":null}},{"type":"Feature","id":1577,"geometry":{"type":"Point","coordinates":[9.35291,45.83137]},"properties":{"OBJECTID":1577,"CODIMP":"21125","NOME":"CIVATE","IMPIANTO":"F","COMUNE":"Galbiate","PROVINCIA":"Lecco","REGIONE":"Lombardia","CODLINEACOMM":"K043","LINEACOMM":"MOLTENO - LECCO","DOIT":"MI","SERVIZIO_MERCI":"0","SERVIZIO_VIAGGIATORI":"SI","CAP_REG":"0","CAP_P":"0","DIRAMAZ":"0","CAUSA_CHIUSURA":null}},{"type":"Feature","id":1578,"geometry":{"type":"Point","coordinates":[9.25564,45.78716]},"properties":{"OBJECTID":1578,"CODIMP":"21277","NOME":"MOIANA","IMPIANTO":"F","COMUNE":"Merone","PROVINCIA":"Como","REGIONE":"Lombardia","CODLINEACOMM":"K041","LINEACOMM":"CHIASSO - MOLTENO","DOIT":"MI","SERVIZIO_MERCI":"0","SERVIZIO_VIAGGIATORI":"SI","CAP_REG":"0","CAP_P":"0","DIRAMAZ":"0","CAUSA_CHIUSURA":null}},{"type":"Feature","id":1581,"geometry":{"type":"Point","coordinates":[8.32669,46.00226]},"properties":{"OBJECTID":1581,"CODIMP":"11400","NOME":"PREMOSELLO-CHIOVENDA","IMPIANTO":"S","COMUNE":"Premosello-Chiovenda","PROVINCIA":"Verbano-Cusio-Ossola","REGIONE":"Piemonte","CODLINEACOMM":"J013","LINEACOMM":"ISELLE [DOMODOSSOLA] - GALLARATE [MILANO] (compresa via Domo II)","DOIT":"MI","SERVIZIO_MERCI":"0","SERVIZIO_VIAGGIATORI":"SI","CAP_REG":"0","CAP_P":"0","DIRAMAZ":"1","CAUSA_CHIUSURA":null}},{"type":"Feature","id":1582,"geometry":{"type":"Point","coordinates":[7.33745,44.88776]},"properties":{"OBJECTID":1582,"CODIMP":"08620","NOME":"PINEROLO","IMPIANTO":"S","COMUNE":"Pinerolo","PROVINCIA":"Torino","REGIONE":"Piemonte","CODLINEACOMM":"K008","LINEACOMM":"BIVIO SANGONE - PINEROLO","DOIT":"TO","SERVIZIO_MERCI":"0","SERVIZIO_VIAGGIATORI":"SI","CAP_REG":"0","CAP_P":"0","DIRAMAZ":"0","CAUSA_CHIUSURA":null}},{"type":"Feature","id":1584,"geometry":{"type":"Point","coordinates":[12.05045,42.52037]},"properties":{"OBJECTID":1584,"CODIMP":"66120","NOME":"MONTEFIASCONE","IMPIANTO":"S","COMUNE":"Montefiascone","PROVINCIA":"Viterbo","REGIONE":"Lazio","CODLINEACOMM":"K196","LINEACOMM":"VITERBO PORTA FIORENTINA - ATTIGLIANO","DOIT":"RM","SERVIZIO_MERCI":"0","SERVIZIO_VIAGGIATORI":"SI","CAP_REG":"0","CAP_P":"0","DIRAMAZ":"0","CAUSA_CHIUSURA":null}},{"type":"Feature","id":1585,"geometry":{"type":"Point","coordinates":[14.11205,41.77793]},"properties":{"OBJECTID":1585,"CODIMP":"66960","NOME":"CASTEL DI SANGRO","IMPIANTO":"S","COMUNE":"Castel di Sangro","PROVINCIA":"L'Aquila","REGIONE":"Abruzzo","CODLINEACOMM":"K229","LINEACOMM":"SULMONA - CARPINONE","DOIT":"AN","SERVIZIO_MERCI":"0","SERVIZIO_VIAGGIATORI":"SI","CAP_REG":"0","CAP_P":"0","DIRAMAZ":"0","CAUSA_CHIUSURA":"B"}},{"type":"Feature","id":1588,"geometry":{"type":"Point","coordinates":[17.04069,39.44971]},"properties":{"OBJECTID":1588,"CODIMP":"82760","NOME":"CRUCOLI","IMPIANTO":"S","COMUNE":"Crucoli","PROVINCIA":"Crotone","REGIONE":"Calabria","CODLINEACOMM":"K161","LINEACOMM":"SIBARI - CATANZARO LIDO","DOIT":"RC","SERVIZIO_MERCI":"0","SERVIZIO_VIAGGIATORI":"SI","CAP_REG":"0","CAP_P":"0","DIRAMAZ":"0","CAUSA_CHIUSURA":null}},{"type":"Feature","id":1589,"geometry":{"type":"Point","coordinates":[13.85533,37.35993]},"properties":{"OBJECTID":1589,"CODIMP":"88860","NOME":"CANICATTI'","IMPIANTO":"S","COMUNE":"Canicattì","PROVINCIA":"Agrigento","REGIONE":"Sicilia","CODLINEACOMM":"K201","LINEACOMM":"CALTANISETTA XIRBI - CANICATTI' - ARAGONA","DOIT":"PA","SERVIZIO_MERCI":"0","SERVIZIO_VIAGGIATORI":"SI","CAP_REG":"0","CAP_P":"0","DIRAMAZ":"1","CAUSA_CHIUSURA":null}},{"type":"Feature","id":1590,"geometry":{"type":"Point","coordinates":[12.79946,37.68503]},"properties":{"OBJECTID":1590,"CODIMP":"91440","NOME":"CASTELVETRANO","IMPIANTO":"S","COMUNE":"Castelvetrano","PROVINCIA":"Trapani","REGIONE":"Sicilia","CODLINEACOMM":"K192","LINEACOMM":"ALCAMO DIRAMAZIONE - CASTELVETRANO - TRAPANI","DOIT":"PA","SERVIZIO_MERCI":"0","SERVIZIO_VIAGGIATORI":"SI","CAP_REG":"0","CAP_P":"0","DIRAMAZ":"0","CAUSA_CHIUSURA":null}},{"type":"Feature","id":1592,"geometry":{"type":"Point","coordinates":[15.89749,38.42358]},"properties":{"OBJECTID":1592,"CODIMP":"81080","NOME":"GIOIA TAURO","IMPIANTO":"S","COMUNE":"Gioia Tauro","PROVINCIA":"Reggio Di Calabria","REGIONE":"Calabria","CODLINEACOMM":"J077","LINEACOMM":"PAOLA - REGGIO CALABRIA CENTRALE (compresa Eccellente - Rosarno)","DOIT":"RC","SERVIZIO_MERCI":"0","SERVIZIO_VIAGGIATORI":"SI","CAP_REG":"0","CAP_P":"0","DIRAMAZ":"0","CAUSA_CHIUSURA":null}},{"type":"Feature","id":1594,"geometry":{"type":"Point","coordinates":[15.1257,36.90749]},"properties":{"OBJECTID":1594,"CODIMP":"93920","NOME":"AVOLA","IMPIANTO":"S","COMUNE":"Avola","PROVINCIA":"Siracusa","REGIONE":"Sicilia","CODLINEACOMM":"K174","LINEACOMM":"MODICA - SIRACUSA","DOIT":"PA","SERVIZIO_MERCI":"0","SERVIZIO_VIAGGIATORI":"SI","CAP_REG":"0","CAP_P":"0","DIRAMAZ":"0","CAUSA_CHIUSURA":null}},{"type":"Feature","id":1595,"geometry":{"type":"Point","coordinates":[15.07449,36.88253]},"properties":{"OBJECTID":1595,"CODIMP":"93880","NOME":"NOTO","IMPIANTO":"S","COMUNE":"Noto","PROVINCIA":"Siracusa","REGIONE":"Sicilia","CODLINEACOMM":"K174","LINEACOMM":"MODICA - SIRACUSA","DOIT":"PA","SERVIZIO_MERCI":"0","SERVIZIO_VIAGGIATORI":"SI","CAP_REG":"0","CAP_P":"0","DIRAMAZ":"0","CAUSA_CHIUSURA":null}},{"type":"Feature","id":1596,"geometry":{"type":"Point","coordinates":[14.75421,36.85296]},"properties":{"OBJECTID":1596,"CODIMP":"93600","NOME":"MODICA","IMPIANTO":"S","COMUNE":"Modica","PROVINCIA":"Ragusa","REGIONE":"Sicilia","CODLINEACOMM":"K173","LINEACOMM":"GELA - MODICA","DOIT":"PA","SERVIZIO_MERCI":"0","SERVIZIO_VIAGGIATORI":"SI","CAP_REG":"0","CAP_P":"0","DIRAMAZ":"0","CAUSA_CHIUSURA":null}},{"type":"Feature","id":1597,"geometry":{"type":"Point","coordinates":[14.69872,36.79]},"properties":{"OBJECTID":1597,"CODIMP":"93640","NOME":"SCICLI","IMPIANTO":"S","COMUNE":"Scicli","PROVINCIA":"Ragusa","REGIONE":"Sicilia","CODLINEACOMM":"K174","LINEACOMM":"MODICA - SIRACUSA","DOIT":"PA","SERVIZIO_MERCI":"0","SERVIZIO_VIAGGIATORI":"SI","CAP_REG":"0","CAP_P":"0","DIRAMAZ":"0","CAUSA_CHIUSURA":null}},{"type":"Feature","id":1599,"geometry":{"type":"Point","coordinates":[14.72564,36.91933]},"properties":{"OBJECTID":1599,"CODIMP":"93520","NOME":"RAGUSA","IMPIANTO":"S","COMUNE":"Ragusa","PROVINCIA":"Ragusa","REGIONE":"Sicilia","CODLINEACOMM":"K173","LINEACOMM":"GELA - MODICA","DOIT":"PA","SERVIZIO_MERCI":"0","SERVIZIO_VIAGGIATORI":"SI","CAP_REG":"0","CAP_P":"1","DIRAMAZ":"0","CAUSA_CHIUSURA":null}},{"type":"Feature","id":1601,"geometry":{"type":"Point","coordinates":[14.56893,36.88212]},"properties":{"OBJECTID":1601,"CODIMP":"93440","NOME":"DONNAFUGATA","IMPIANTO":"S","COMUNE":"Ragusa","PROVINCIA":"Ragusa","REGIONE":"Sicilia","CODLINEACOMM":"K173","LINEACOMM":"GELA - MODICA","DOIT":"PA","SERVIZIO_MERCI":"0","SERVIZIO_VIAGGIATORI":"SI","CAP_REG":"0","CAP_P":"0","DIRAMAZ":"0","CAUSA_CHIUSURA":null}},{"type":"Feature","id":1603,"geometry":{"type":"Point","coordinates":[13.94618,37.26578]},"properties":{"OBJECTID":1603,"CODIMP":"92980","NOME":"CAMPOBELLO-RAVANUSA","IMPIANTO":"S","COMUNE":"Campobello Di Licata","PROVINCIA":"Agrigento","REGIONE":"Sicilia","CODLINEACOMM":"K210","LINEACOMM":"CANICATTI' - GELA","DOIT":"PA","SERVIZIO_MERCI":"0","SERVIZIO_VIAGGIATORI":"SI","CAP_REG":"0","CAP_P":"0","DIRAMAZ":"0","CAUSA_CHIUSURA":null}},{"type":"Feature","id":1606,"geometry":{"type":"Point","coordinates":[13.93806,37.10607]},"properties":{"OBJECTID":1606,"CODIMP":"93100","NOME":"LICATA","IMPIANTO":"S","COMUNE":"Licata","PROVINCIA":"Agrigento","REGIONE":"Sicilia","CODLINEACOMM":"K210","LINEACOMM":"CANICATTI' - GELA","DOIT":"PA","SERVIZIO_MERCI":"0","SERVIZIO_VIAGGIATORI":"SI","CAP_REG":"0","CAP_P":"0","DIRAMAZ":"0","CAUSA_CHIUSURA":null}},{"type":"Feature","id":1608,"geometry":{"type":"Point","coordinates":[14.74454,36.73194]},"properties":{"OBJECTID":1608,"CODIMP":"93680","NOME":"SAMPIERI","IMPIANTO":"S","COMUNE":"Scicli","PROVINCIA":"Ragusa","REGIONE":"Sicilia","CODLINEACOMM":"K174","LINEACOMM":"MODICA - SIRACUSA","DOIT":"PA","SERVIZIO_MERCI":"0","SERVIZIO_VIAGGIATORI":"SI","CAP_REG":"0","CAP_P":"0","DIRAMAZ":"0","CAUSA_CHIUSURA":null}},{"type":"Feature","id":1609,"geometry":{"type":"Point","coordinates":[9.2145,45.5128]},"properties":{"OBJECTID":1609,"CODIMP":"12980","NOME":"MILANO GRECO PIRELLI","IMPIANTO":"S","COMUNE":"Milano","PROVINCIA":"Milano","REGIONE":"Lombardia","CODLINEACOMM":"R002","LINEACOMM":"NODO DI MILANO","DOIT":"MI","SERVIZIO_MERCI":"0","SERVIZIO_VIAGGIATORI":"SI","CAP_REG":"0","CAP_P":"0","DIRAMAZ":"1","CAUSA_CHIUSURA":null}},{"type":"Feature","id":1611,"geometry":{"type":"Point","coordinates":[13.79115,45.69447]},"properties":{"OBJECTID":1611,"CODIMP":"32920","NOME":"VILLA OPICINA","IMPIANTO":"S","COMUNE":"Trieste","PROVINCIA":"Trieste","REGIONE":"Friuli-Venezia Giulia","CODLINEACOMM":"J035","LINEACOMM":"[VENEZIA] VENEZIA CARPENEDO - VILLA OPICINA / TRIESTE","DOIT":"TS","SERVIZIO_MERCI":"1","SERVIZIO_VIAGGIATORI":"SI","CAP_REG":"0","CAP_P":"0","DIRAMAZ":"0","CAUSA_CHIUSURA":null}},{"type":"Feature","id":1613,"geometry":{"type":"Point","coordinates":[14.41899,40.99292]},"properties":{"OBJECTID":1613,"CODIMP":"67640","NOME":"CANCELLO","IMPIANTO":"S","COMUNE":"San Felice A Cancello","PROVINCIA":"Caserta","REGIONE":"Campania","CODLINEACOMM":"J061","LINEACOMM":"[ROMA] CIAMPINO - ACERRA [NAPOLI] (via Cassino) (Comprese linee Rocca d'Evandro - Venafro/Vairano e","DOIT":"NA","SERVIZIO_MERCI":"0","SERVIZIO_VIAGGIATORI":"SI","CAP_REG":"0","CAP_P":"0","DIRAMAZ":"1","CAUSA_CHIUSURA":null}},{"type":"Feature","id":1615,"geometry":{"type":"Point","coordinates":[14.89478,38.17529]},"properties":{"OBJECTID":1615,"CODIMP":"86180","NOME":"GIOJOSA MAREA","IMPIANTO":"S","COMUNE":"Gioiosa Marea","PROVINCIA":"Messina","REGIONE":"Sicilia","CODLINEACOMM":"K175","LINEACOMM":"MESSINA - FIUMETORTO","DOIT":"PA","SERVIZIO_MERCI":"0","SERVIZIO_VIAGGIATORI":"SI","CAP_REG":"0","CAP_P":"0","DIRAMAZ":"0","CAUSA_CHIUSURA":null}},{"type":"Feature","id":1616,"geometry":{"type":"Point","coordinates":[14.97531,38.14705]},"properties":{"OBJECTID":1616,"CODIMP":"86100","NOME":"PATTI-S.PIERO PATTI","IMPIANTO":"S","COMUNE":"Patti","PROVINCIA":"Messina","REGIONE":"Sicilia","CODLINEACOMM":"K175","LINEACOMM":"MESSINA - FIUMETORTO","DOIT":"PA","SERVIZIO_MERCI":"0","SERVIZIO_VIAGGIATORI":"SI","CAP_REG":"0","CAP_P":"0","DIRAMAZ":"1","CAUSA_CHIUSURA":null}},{"type":"Feature","id":1617,"geometry":{"type":"Point","coordinates":[15.05655,38.12848]},"properties":{"OBJECTID":1617,"CODIMP":"86060","NOME":"OLIVERI-TINDARI","IMPIANTO":"S","COMUNE":"Oliveri","PROVINCIA":"Messina","REGIONE":"Sicilia","CODLINEACOMM":"K175","LINEACOMM":"MESSINA - FIUMETORTO","DOIT":"PA","SERVIZIO_MERCI":"0","SERVIZIO_VIAGGIATORI":"SI","CAP_REG":"0","CAP_P":"0","DIRAMAZ":"0","CAUSA_CHIUSURA":null}},{"type":"Feature","id":1619,"geometry":{"type":"Point","coordinates":[8.64202,39.29494]},"properties":{"OBJECTID":1619,"CODIMP":"96060","NOME":"VILLAMASSARGIA-DOMUSNOVAS","IMPIANTO":"S","COMUNE":"Villamassargia","PROVINCIA":"Carbonia-Iglesias","REGIONE":"Sardegna","CODLINEACOMM":"K189","LINEACOMM":"VILLAMASSARGIA - DECIMOMANNU","DOIT":"CA","SERVIZIO_MERCI":"0","SERVIZIO_VIAGGIATORI":"SI","CAP_REG":"0","CAP_P":"0","DIRAMAZ":"1","CAUSA_CHIUSURA":null}},{"type":"Feature","id":1621,"geometry":{"type":"Point","coordinates":[8.76074,40.41789]},"properties":{"OBJECTID":1621,"CODIMP":"94980","NOME":"BONORVA","IMPIANTO":"S","COMUNE":"Bonorva","PROVINCIA":"Sassari","REGIONE":"Sardegna","CODLINEACOMM":"K187","LINEACOMM":"CHILIVANI - DECIMOMANNU","DOIT":"CA","SERVIZIO_MERCI":"0","SERVIZIO_VIAGGIATORI":"SI","CAP_REG":"0","CAP_P":"0","DIRAMAZ":"0","CAUSA_CHIUSURA":null}},{"type":"Feature","id":1623,"geometry":{"type":"Point","coordinates":[9.49832,40.92471]},"properties":{"OBJECTID":1623,"CODIMP":"95500","NOME":"OLBIA","IMPIANTO":"S","COMUNE":"Olbia","PROVINCIA":"Olbia-Tempio","REGIONE":"Sardegna","CODLINEACOMM":"K185","LINEACOMM":"OLBIA - CHILIVANI","DOIT":"CA","SERVIZIO_MERCI":"0","SERVIZIO_VIAGGIATORI":"SI","CAP_REG":"0","CAP_P":"0","DIRAMAZ":"1","CAUSA_CHIUSURA":null}},{"type":"Feature","id":1625,"geometry":{"type":"Point","coordinates":[9.40425,40.8385]},"properties":{"OBJECTID":1625,"CODIMP":"95425","NOME":"SU CANALE","IMPIANTO":"F","COMUNE":"Monti","PROVINCIA":"Olbia-Tempio","REGIONE":"Sardegna","CODLINEACOMM":"K185","LINEACOMM":"OLBIA - CHILIVANI","DOIT":"CA","SERVIZIO_MERCI":"0","SERVIZIO_VIAGGIATORI":"SI","CAP_REG":"0","CAP_P":"0","DIRAMAZ":"0","CAUSA_CHIUSURA":null}},{"type":"Feature","id":1629,"geometry":{"type":"Point","coordinates":[9.32284,40.82975]},"properties":{"OBJECTID":1629,"CODIMP":"95380","NOME":"MONTI-TELTI","IMPIANTO":"S","COMUNE":"Monti","PROVINCIA":"Olbia-Tempio","REGIONE":"Sardegna","CODLINEACOMM":"K185","LINEACOMM":"OLBIA - CHILIVANI","DOIT":"CA","SERVIZIO_MERCI":"0","SERVIZIO_VIAGGIATORI":"SI","CAP_REG":"0","CAP_P":"0","DIRAMAZ":"0","CAUSA_CHIUSURA":null}},{"type":"Feature","id":1630,"geometry":{"type":"Point","coordinates":[9.10779,40.71339]},"properties":{"OBJECTID":1630,"CODIMP":"95260","NOME":"OSCHIRI","IMPIANTO":"S","COMUNE":"Oschiri","PROVINCIA":"Olbia-Tempio","REGIONE":"Sardegna","CODLINEACOMM":"K185","LINEACOMM":"OLBIA - CHILIVANI","DOIT":"CA","SERVIZIO_MERCI":"0","SERVIZIO_VIAGGIATORI":"SI","CAP_REG":"0","CAP_P":"0","DIRAMAZ":"0","CAUSA_CHIUSURA":null}},{"type":"Feature","id":1632,"geometry":{"type":"Point","coordinates":[8.72942,40.456]},"properties":{"OBJECTID":1632,"CODIMP":"95020","NOME":"GIAVE","IMPIANTO":"F","COMUNE":"Giave","PROVINCIA":"Sassari","REGIONE":"Sardegna","CODLINEACOMM":"K187","LINEACOMM":"CHILIVANI - DECIMOMANNU","DOIT":"CA","SERVIZIO_MERCI":"0","SERVIZIO_VIAGGIATORI":"SI","CAP_REG":"0","CAP_P":"0","DIRAMAZ":"0","CAUSA_CHIUSURA":null}},{"type":"Feature","id":1633,"geometry":{"type":"Point","coordinates":[9.18134,40.77217]},"properties":{"OBJECTID":1633,"CODIMP":"95300","NOME":"BERCHIDDA","IMPIANTO":"S","COMUNE":"Berchidda","PROVINCIA":"Olbia-Tempio","REGIONE":"Sardegna","CODLINEACOMM":"K185","LINEACOMM":"OLBIA - CHILIVANI","DOIT":"CA","SERVIZIO_MERCI":"0","SERVIZIO_VIAGGIATORI":"SI","CAP_REG":"0","CAP_P":"0","DIRAMAZ":"0","CAUSA_CHIUSURA":null}},{"type":"Feature","id":1634,"geometry":{"type":"Point","coordinates":[8.93378,40.60962]},"properties":{"OBJECTID":1634,"CODIMP":"95140","NOME":"OZIERI-CHILIVANI","IMPIANTO":"S","COMUNE":"Ozieri","PROVINCIA":"Sassari","REGIONE":"Sardegna","CODLINEACOMM":"K185","LINEACOMM":"OLBIA - CHILIVANI","DOIT":"CA","SERVIZIO_MERCI":"0","SERVIZIO_VIAGGIATORI":"SI","CAP_REG":"0","CAP_P":"0","DIRAMAZ":"1","CAUSA_CHIUSURA":null}},{"type":"Feature","id":1638,"geometry":{"type":"Point","coordinates":[8.39733,40.83803]},"properties":{"OBJECTID":1638,"CODIMP":"95990","NOME":"PORTO TORRES MARITTIMA","IMPIANTO":"F","COMUNE":"Porto Torres","PROVINCIA":"Sassari","REGIONE":"Sardegna","CODLINEACOMM":"K241","LINEACOMM":"PORTO TORRES - SASSARI","DOIT":"CA","SERVIZIO_MERCI":"0","SERVIZIO_VIAGGIATORI":"SI","CAP_REG":"0","CAP_P":"0","DIRAMAZ":"0","CAUSA_CHIUSURA":null}},{"type":"Feature","id":1639,"geometry":{"type":"Point","coordinates":[8.39645,40.83316]},"properties":{"OBJECTID":1639,"CODIMP":"95960","NOME":"PORTO TORRES","IMPIANTO":"S","COMUNE":"Porto Torres","PROVINCIA":"Sassari","REGIONE":"Sardegna","CODLINEACOMM":"K241","LINEACOMM":"PORTO TORRES - SASSARI","DOIT":"CA","SERVIZIO_MERCI":"0","SERVIZIO_VIAGGIATORI":"SI","CAP_REG":"0","CAP_P":"0","DIRAMAZ":"0","CAUSA_CHIUSURA":null}},{"type":"Feature","id":1640,"geometry":{"type":"Point","coordinates":[8.72811,40.66144]},"properties":{"OBJECTID":1640,"CODIMP":"95760","NOME":"PLOAGHE","IMPIANTO":"S","COMUNE":"Ploaghe","PROVINCIA":"Sassari","REGIONE":"Sardegna","CODLINEACOMM":"K186","LINEACOMM":"SASSARI - CHILIVANI","DOIT":"CA","SERVIZIO_MERCI":"0","SERVIZIO_VIAGGIATORI":"SI","CAP_REG":"0","CAP_P":"0","DIRAMAZ":"0","CAUSA_CHIUSURA":null}},{"type":"Feature","id":1645,"geometry":{"type":"Point","coordinates":[9.62771,40.99483]},"properties":{"OBJECTID":1645,"CODIMP":"95640","NOME":"GOLFO ARANCI STAZIONE","IMPIANTO":"S","COMUNE":"Golfo Aranci","PROVINCIA":"Olbia-Tempio","REGIONE":"Sardegna","CODLINEACOMM":"K237","LINEACOMM":"GOLFO ARANCI MARITTIMA - OLBIA","DOIT":"CA","SERVIZIO_MERCI":"0","SERVIZIO_VIAGGIATORI":"SI","CAP_REG":"0","CAP_P":"0","DIRAMAZ":"0","CAUSA_CHIUSURA":null}},{"type":"Feature","id":1647,"geometry":{"type":"Point","coordinates":[8.77231,40.26803]},"properties":{"OBJECTID":1647,"CODIMP":"94860","NOME":"MACOMER","IMPIANTO":"S","COMUNE":"Macomer","PROVINCIA":"Nuoro","REGIONE":"Sardegna","CODLINEACOMM":"K187","LINEACOMM":"CHILIVANI - DECIMOMANNU","DOIT":"CA","SERVIZIO_MERCI":"0","SERVIZIO_VIAGGIATORI":"SI","CAP_REG":"0","CAP_P":"0","DIRAMAZ":"0","CAUSA_CHIUSURA":null}},{"type":"Feature","id":1648,"geometry":{"type":"Point","coordinates":[9.55364,40.99925]},"properties":{"OBJECTID":1648,"CODIMP":"95510","NOME":"MARINELLA","IMPIANTO":"F","COMUNE":"Golfo Aranci","PROVINCIA":"Olbia-Tempio","REGIONE":"Sardegna","CODLINEACOMM":"K237","LINEACOMM":"GOLFO ARANCI MARITTIMA - OLBIA","DOIT":"CA","SERVIZIO_MERCI":"0","SERVIZIO_VIAGGIATORI":"SI","CAP_REG":"0","CAP_P":"0","DIRAMAZ":"0","CAUSA_CHIUSURA":null}},{"type":"Feature","id":1649,"geometry":{"type":"Point","coordinates":[9.53125,40.9942]},"properties":{"OBJECTID":1649,"CODIMP":"95505","NOME":"RUDALZA","IMPIANTO":"F","COMUNE":"Golfo Aranci","PROVINCIA":"Olbia-Tempio","REGIONE":"Sardegna","CODLINEACOMM":"K237","LINEACOMM":"GOLFO ARANCI MARITTIMA - OLBIA","DOIT":"CA","SERVIZIO_MERCI":"0","SERVIZIO_VIAGGIATORI":"SI","CAP_REG":"0","CAP_P":"0","DIRAMAZ":"0","CAUSA_CHIUSURA":null}},{"type":"Feature","id":1650,"geometry":{"type":"Point","coordinates":[9.58813,41.01113]},"properties":{"OBJECTID":1650,"CODIMP":"95515","NOME":"CALA SABINA","IMPIANTO":"F","COMUNE":"Golfo Aranci","PROVINCIA":"Olbia-Tempio","REGIONE":"Sardegna","CODLINEACOMM":"K237","LINEACOMM":"GOLFO ARANCI MARITTIMA - OLBIA","DOIT":"CA","SERVIZIO_MERCI":"0","SERVIZIO_VIAGGIATORI":"SI","CAP_REG":"0","CAP_P":"0","DIRAMAZ":"0","CAUSA_CHIUSURA":null}},{"type":"Feature","id":1651,"geometry":{"type":"Point","coordinates":[8.64149,39.81089]},"properties":{"OBJECTID":1651,"CODIMP":"94540","NOME":"S.ANNA","IMPIANTO":"S","COMUNE":"Marrubbiu","PROVINCIA":"Oristano","REGIONE":"Sardegna","CODLINEACOMM":"K187","LINEACOMM":"CHILIVANI - DECIMOMANNU","DOIT":"CA","SERVIZIO_MERCI":"0","SERVIZIO_VIAGGIATORI":"NO","CAP_REG":"0","CAP_P":"0","DIRAMAZ":"0","CAUSA_CHIUSURA":null}},{"type":"Feature","id":1652,"geometry":{"type":"Point","coordinates":[8.64118,39.75305]},"properties":{"OBJECTID":1652,"CODIMP":"94500","NOME":"MARRUBIU-TERRALBA-ARBOREA","IMPIANTO":"S","COMUNE":"Marrubiu","PROVINCIA":"Oristano","REGIONE":"Sardegna","CODLINEACOMM":"K187","LINEACOMM":"CHILIVANI - DECIMOMANNU","DOIT":"CA","SERVIZIO_MERCI":"0","SERVIZIO_VIAGGIATORI":"SI","CAP_REG":"0","CAP_P":"0","DIRAMAZ":"0","CAUSA_CHIUSURA":null}},{"type":"Feature","id":1654,"geometry":{"type":"Point","coordinates":[8.80079,39.5578]},"properties":{"OBJECTID":1654,"CODIMP":"94380","NOME":"S.GAVINO","IMPIANTO":"S","COMUNE":"San Gavino Monreale","PROVINCIA":"Medio Campidano","REGIONE":"Sardegna","CODLINEACOMM":"K187","LINEACOMM":"CHILIVANI - DECIMOMANNU","DOIT":"CA","SERVIZIO_MERCI":"0","SERVIZIO_VIAGGIATORI":"SI","CAP_REG":"0","CAP_P":"0","DIRAMAZ":"0","CAUSA_CHIUSURA":null}},{"type":"Feature","id":1655,"geometry":{"type":"Point","coordinates":[8.69649,39.69276]},"properties":{"OBJECTID":1655,"CODIMP":"94460","NOME":"URAS-MOGORO","IMPIANTO":"S","COMUNE":"Uras","PROVINCIA":"Oristano","REGIONE":"Sardegna","CODLINEACOMM":"K187","LINEACOMM":"CHILIVANI - DECIMOMANNU","DOIT":"CA","SERVIZIO_MERCI":"0","SERVIZIO_VIAGGIATORI":"SI","CAP_REG":"0","CAP_P":"0","DIRAMAZ":"0","CAUSA_CHIUSURA":null}},{"type":"Feature","id":1657,"geometry":{"type":"Point","coordinates":[8.81777,40.12893]},"properties":{"OBJECTID":1657,"CODIMP":"94740","NOME":"ABBASANTA","IMPIANTO":"S","COMUNE":"Abbasanta","PROVINCIA":"Oristano","REGIONE":"Sardegna","CODLINEACOMM":"K187","LINEACOMM":"CHILIVANI - DECIMOMANNU","DOIT":"CA","SERVIZIO_MERCI":"0","SERVIZIO_VIAGGIATORI":"SI","CAP_REG":"0","CAP_P":"0","DIRAMAZ":"0","CAUSA_CHIUSURA":null}},{"type":"Feature","id":1658,"geometry":{"type":"Point","coordinates":[8.77584,40.0775]},"properties":{"OBJECTID":1658,"CODIMP":"94700","NOME":"PAULILATINO","IMPIANTO":"S","COMUNE":"Paulilatino","PROVINCIA":"Oristano","REGIONE":"Sardegna","CODLINEACOMM":"K187","LINEACOMM":"CHILIVANI - DECIMOMANNU","DOIT":"CA","SERVIZIO_MERCI":"0","SERVIZIO_VIAGGIATORI":"SI","CAP_REG":"0","CAP_P":"0","DIRAMAZ":"0","CAUSA_CHIUSURA":null}},{"type":"Feature","id":1659,"geometry":{"type":"Point","coordinates":[8.80957,40.21912]},"properties":{"OBJECTID":1659,"CODIMP":"94780","NOME":"BORORE","IMPIANTO":"S","COMUNE":"Borore","PROVINCIA":"Nuoro","REGIONE":"Sardegna","CODLINEACOMM":"K187","LINEACOMM":"CHILIVANI - DECIMOMANNU","DOIT":"CA","SERVIZIO_MERCI":"0","SERVIZIO_VIAGGIATORI":"SI","CAP_REG":"0","CAP_P":"0","DIRAMAZ":"0","CAUSA_CHIUSURA":null}},{"type":"Feature","id":1660,"geometry":{"type":"Point","coordinates":[8.67985,39.95265]},"properties":{"OBJECTID":1660,"CODIMP":"94620","NOME":"SOLARUSSA","IMPIANTO":"S","COMUNE":"Solarussa","PROVINCIA":"Oristano","REGIONE":"Sardegna","CODLINEACOMM":"K187","LINEACOMM":"CHILIVANI - DECIMOMANNU","DOIT":"CA","SERVIZIO_MERCI":"0","SERVIZIO_VIAGGIATORI":"SI","CAP_REG":"0","CAP_P":"0","DIRAMAZ":"0","CAUSA_CHIUSURA":null}},{"type":"Feature","id":1661,"geometry":{"type":"Point","coordinates":[8.60401,39.90216]},"properties":{"OBJECTID":1661,"CODIMP":"94580","NOME":"ORISTANO","IMPIANTO":"S","COMUNE":"Oristano","PROVINCIA":"Oristano","REGIONE":"Sardegna","CODLINEACOMM":"K187","LINEACOMM":"CHILIVANI - DECIMOMANNU","DOIT":"CA","SERVIZIO_MERCI":"0","SERVIZIO_VIAGGIATORI":"SI","CAP_REG":"0","CAP_P":"1","DIRAMAZ":"0","CAUSA_CHIUSURA":null}},{"type":"Feature","id":1662,"geometry":{"type":"Point","coordinates":[8.89907,39.48321]},"properties":{"OBJECTID":1662,"CODIMP":"94300","NOME":"SAMASSI-SERRENTI","IMPIANTO":"S","COMUNE":"Samassi","PROVINCIA":"Medio Campidano","REGIONE":"Sardegna","CODLINEACOMM":"K187","LINEACOMM":"CHILIVANI - DECIMOMANNU","DOIT":"CA","SERVIZIO_MERCI":"0","SERVIZIO_VIAGGIATORI":"SI","CAP_REG":"0","CAP_P":"0","DIRAMAZ":"0","CAUSA_CHIUSURA":null}},{"type":"Feature","id":1663,"geometry":{"type":"Point","coordinates":[8.91661,39.42626]},"properties":{"OBJECTID":1663,"CODIMP":"94260","NOME":"SERRAMANNA-NURAMINIS","IMPIANTO":"S","COMUNE":"Serramanna","PROVINCIA":"Medio Campidano","REGIONE":"Sardegna","CODLINEACOMM":"K187","LINEACOMM":"CHILIVANI - DECIMOMANNU","DOIT":"CA","SERVIZIO_MERCI":"0","SERVIZIO_VIAGGIATORI":"SI","CAP_REG":"0","CAP_P":"0","DIRAMAZ":"0","CAUSA_CHIUSURA":null}},{"type":"Feature","id":1664,"geometry":{"type":"Point","coordinates":[8.99807,39.28772]},"properties":{"OBJECTID":1664,"CODIMP":"94145","NOME":"ASSEMINI","IMPIANTO":"F","COMUNE":"Assemini","PROVINCIA":"Cagliari","REGIONE":"Sardegna","CODLINEACOMM":"K188","LINEACOMM":"DECIMOMANNU - CAGLIARI","DOIT":"CA","SERVIZIO_MERCI":"0","SERVIZIO_VIAGGIATORI":"SI","CAP_REG":"0","CAP_P":"0","DIRAMAZ":"0","CAUSA_CHIUSURA":null}},{"type":"Feature","id":1665,"geometry":{"type":"Point","coordinates":[9.04553,39.26433]},"properties":{"OBJECTID":1665,"CODIMP":"94140","NOME":"CAGLIARI ELMAS","IMPIANTO":"S","COMUNE":"Elmas","PROVINCIA":"Cagliari","REGIONE":"Sardegna","CODLINEACOMM":"K188","LINEACOMM":"DECIMOMANNU - CAGLIARI","DOIT":"CA","SERVIZIO_MERCI":"0","SERVIZIO_VIAGGIATORI":"SI","CAP_REG":"0","CAP_P":"0","DIRAMAZ":"0","CAUSA_CHIUSURA":null}},{"type":"Feature","id":1666,"geometry":{"type":"Point","coordinates":[8.93594,39.38158]},"properties":{"OBJECTID":1666,"CODIMP":"94220","NOME":"VILLASOR","IMPIANTO":"S","COMUNE":"Villasor","PROVINCIA":"Cagliari","REGIONE":"Sardegna","CODLINEACOMM":"K187","LINEACOMM":"CHILIVANI - DECIMOMANNU","DOIT":"CA","SERVIZIO_MERCI":"0","SERVIZIO_VIAGGIATORI":"SI","CAP_REG":"0","CAP_P":"0","DIRAMAZ":"0","CAUSA_CHIUSURA":null}},{"type":"Feature","id":1667,"geometry":{"type":"Point","coordinates":[8.96584,39.30473]},"properties":{"OBJECTID":1667,"CODIMP":"94180","NOME":"DECIMOMANNU","IMPIANTO":"S","COMUNE":"Decimomannu","PROVINCIA":"Cagliari","REGIONE":"Sardegna","CODLINEACOMM":"K187","LINEACOMM":"CHILIVANI - DECIMOMANNU","DOIT":"CA","SERVIZIO_MERCI":"0","SERVIZIO_VIAGGIATORI":"SI","CAP_REG":"0","CAP_P":"0","DIRAMAZ":"1","CAUSA_CHIUSURA":null}},{"type":"Feature","id":1669,"geometry":{"type":"Point","coordinates":[8.81311,39.29714]},"properties":{"OBJECTID":1669,"CODIMP":"96020","NOME":"SILIQUA","IMPIANTO":"S","COMUNE":"Siliqua","PROVINCIA":"Cagliari","REGIONE":"Sardegna","CODLINEACOMM":"K189","LINEACOMM":"VILLAMASSARGIA - DECIMOMANNU","DOIT":"CA","SERVIZIO_MERCI":"0","SERVIZIO_VIAGGIATORI":"SI","CAP_REG":"0","CAP_P":"0","DIRAMAZ":"0","CAUSA_CHIUSURA":null}},{"type":"Feature","id":1670,"geometry":{"type":"Point","coordinates":[8.90039,45.90375]},"properties":{"OBJECTID":1670,"CODIMP":"20820","NOME":"PORTO CERESIO","IMPIANTO":"S","COMUNE":"Porto Ceresio","PROVINCIA":"Varese","REGIONE":"Lombardia","CODLINEACOMM":"K049","LINEACOMM":"PORTO CERESIO/STABIO-GALLARATE","DOIT":"MI","SERVIZIO_MERCI":"0","SERVIZIO_VIAGGIATORI":"SI","CAP_REG":"0","CAP_P":"0","DIRAMAZ":"0","CAUSA_CHIUSURA":null}},{"type":"Feature","id":1671,"geometry":{"type":"Point","coordinates":[8.88758,45.87073]},"properties":{"OBJECTID":1671,"CODIMP":"20785","NOME":"BISUSCHIO-VIGGIU'","IMPIANTO":"F","COMUNE":"Bisuschio","PROVINCIA":"Varese","REGIONE":"Lombardia","CODLINEACOMM":"K049","LINEACOMM":"PORTO CERESIO/STABIO-GALLARATE","DOIT":"MI","SERVIZIO_MERCI":"0","SERVIZIO_VIAGGIATORI":"SI","CAP_REG":"0","CAP_P":"0","DIRAMAZ":"0","CAUSA_CHIUSURA":null}},{"type":"Feature","id":1672,"geometry":{"type":"Point","coordinates":[8.83839,45.84651]},"properties":{"OBJECTID":1672,"CODIMP":"20775","NOME":"INDUNO","IMPIANTO":"F","COMUNE":"Induno Olona","PROVINCIA":"Varese","REGIONE":"Lombardia","CODLINEACOMM":"K049","LINEACOMM":"PORTO CERESIO/STABIO-GALLARATE","DOIT":"MI","SERVIZIO_MERCI":"0","SERVIZIO_VIAGGIATORI":"SI","CAP_REG":"0","CAP_P":"0","DIRAMAZ":"0","CAUSA_CHIUSURA":null}},{"type":"Feature","id":1673,"geometry":{"type":"Point","coordinates":[8.86245,45.85865]},"properties":{"OBJECTID":1673,"CODIMP":"20780","NOME":"ARCISATE","IMPIANTO":"F","COMUNE":"Arcisate","PROVINCIA":"Varese","REGIONE":"Lombardia","CODLINEACOMM":"K049","LINEACOMM":"PORTO CERESIO/STABIO-GALLARATE","DOIT":"MI","SERVIZIO_MERCI":"0","SERVIZIO_VIAGGIATORI":"SI","CAP_REG":"0","CAP_P":"0","DIRAMAZ":"0","CAUSA_CHIUSURA":null}},{"type":"Feature","id":1675,"geometry":{"type":"Point","coordinates":[12.73372,42.8763]},"properties":{"OBJECTID":1675,"CODIMP":"55780","NOME":"TREVI","IMPIANTO":"S","COMUNE":"Trevi","PROVINCIA":"Perugia","REGIONE":"Umbria","CODLINEACOMM":"J065","LINEACOMM":"ANCONA - ORTE (compresa Ancona - Ancona Marittima)","DOIT":"AN","SERVIZIO_MERCI":"0","SERVIZIO_VIAGGIATORI":"SI","CAP_REG":"0","CAP_P":"0","DIRAMAZ":"0","CAUSA_CHIUSURA":null}},{"type":"Feature","id":1676,"geometry":{"type":"Point","coordinates":[12.97718,43.40311]},"properties":{"OBJECTID":1676,"CODIMP":"56220","NOME":"GENGA-S.VITTORE TERME","IMPIANTO":"S","COMUNE":"Genga","PROVINCIA":"Ancona","REGIONE":"Marche","CODLINEACOMM":"J065","LINEACOMM":"ANCONA - ORTE (compresa Ancona - Ancona Marittima)","DOIT":"AN","SERVIZIO_MERCI":"0","SERVIZIO_VIAGGIATORI":"SI","CAP_REG":"0","CAP_P":"0","DIRAMAZ":"0","CAUSA_CHIUSURA":null}},{"type":"Feature","id":1677,"geometry":{"type":"Point","coordinates":[12.73615,42.74823]},"properties":{"OBJECTID":1677,"CODIMP":"55700","NOME":"SPOLETO","IMPIANTO":"S","COMUNE":"Spoleto","PROVINCIA":"Perugia","REGIONE":"Umbria","CODLINEACOMM":"J065","LINEACOMM":"ANCONA - ORTE (compresa Ancona - Ancona Marittima)","DOIT":"AN","SERVIZIO_MERCI":"0","SERVIZIO_VIAGGIATORI":"SI","CAP_REG":"0","CAP_P":"0","DIRAMAZ":"0","CAUSA_CHIUSURA":null}},{"type":"Feature","id":1678,"geometry":{"type":"Point","coordinates":[12.25432,42.5466]},"properties":{"OBJECTID":1678,"CODIMP":"66040","NOME":"SIPICCIANO","IMPIANTO":"S","COMUNE":"Graffignano","PROVINCIA":"Viterbo","REGIONE":"Lazio","CODLINEACOMM":"K196","LINEACOMM":"VITERBO PORTA FIORENTINA - ATTIGLIANO","DOIT":"RM","SERVIZIO_MERCI":"0","SERVIZIO_VIAGGIATORI":"SI","CAP_REG":"0","CAP_P":"0","DIRAMAZ":"0","CAUSA_CHIUSURA":null}},{"type":"Feature","id":1679,"geometry":{"type":"Point","coordinates":[12.2345,42.54514]},"properties":{"OBJECTID":1679,"CODIMP":"66043","NOME":"SIPICCIANO-S.NICOLA","IMPIANTO":"F","COMUNE":"Graffignano","PROVINCIA":"Viterbo","REGIONE":"Lazio","CODLINEACOMM":"K196","LINEACOMM":"VITERBO PORTA FIORENTINA - ATTIGLIANO","DOIT":"RM","SERVIZIO_MERCI":"0","SERVIZIO_VIAGGIATORI":"SI","CAP_REG":"0","CAP_P":"0","DIRAMAZ":"0","CAUSA_CHIUSURA":null}},{"type":"Feature","id":1680,"geometry":{"type":"Point","coordinates":[12.44302,42.47895]},"properties":{"OBJECTID":1680,"CODIMP":"55475","NOME":"S.LIBERATO","IMPIANTO":"F","COMUNE":"Narni","PROVINCIA":"Terni","REGIONE":"Umbria","CODLINEACOMM":"J065","LINEACOMM":"ANCONA - ORTE (compresa Ancona - Ancona Marittima)","DOIT":"AN","SERVIZIO_MERCI":"0","SERVIZIO_VIAGGIATORI":"SI","CAP_REG":"0","CAP_P":"0","DIRAMAZ":"0","CAUSA_CHIUSURA":null}},{"type":"Feature","id":1682,"geometry":{"type":"Point","coordinates":[12.66362,42.72634]},"properties":{"OBJECTID":1682,"CODIMP":"55660","NOME":"BAIANO DI SPOLETO","IMPIANTO":"S","COMUNE":"Spoleto","PROVINCIA":"Perugia","REGIONE":"Umbria","CODLINEACOMM":"J065","LINEACOMM":"ANCONA - ORTE (compresa Ancona - Ancona Marittima)","DOIT":"AN","SERVIZIO_MERCI":"0","SERVIZIO_VIAGGIATORI":"SI","CAP_REG":"0","CAP_P":"0","DIRAMAZ":"0","CAUSA_CHIUSURA":null}},{"type":"Feature","id":1683,"geometry":{"type":"Point","coordinates":[12.90535,43.34553]},"properties":{"OBJECTID":1683,"CODIMP":"56120","NOME":"FABRIANO","IMPIANTO":"S","COMUNE":"Fabriano","PROVINCIA":"Ancona","REGIONE":"Marche","CODLINEACOMM":"J065","LINEACOMM":"ANCONA - ORTE (compresa Ancona - Ancona Marittima)","DOIT":"AN","SERVIZIO_MERCI":"0","SERVIZIO_VIAGGIATORI":"SI","CAP_REG":"0","CAP_P":"0","DIRAMAZ":"1","CAUSA_CHIUSURA":null}},{"type":"Feature","id":1691,"geometry":{"type":"Point","coordinates":[13.02741,43.44497]},"properties":{"OBJECTID":1691,"CODIMP":"56260","NOME":"SERRA S.QUIRICO","IMPIANTO":"S","COMUNE":"Serra San Quirico","PROVINCIA":"Ancona","REGIONE":"Marche","CODLINEACOMM":"J065","LINEACOMM":"ANCONA - ORTE (compresa Ancona - Ancona Marittima)","DOIT":"AN","SERVIZIO_MERCI":"0","SERVIZIO_VIAGGIATORI":"SI","CAP_REG":"0","CAP_P":"0","DIRAMAZ":"0","CAUSA_CHIUSURA":null}},{"type":"Feature","id":1692,"geometry":{"type":"Point","coordinates":[13.18312,43.50104]},"properties":{"OBJECTID":1692,"CODIMP":"56345","NOME":"PANTIERE DI CASTELBELLINO","IMPIANTO":"F","COMUNE":"Castelbellino","PROVINCIA":"Ancona","REGIONE":"Marche","CODLINEACOMM":"J065","LINEACOMM":"ANCONA - ORTE (compresa Ancona - Ancona Marittima)","DOIT":"AN","SERVIZIO_MERCI":"0","SERVIZIO_VIAGGIATORI":"SI","CAP_REG":"0","CAP_P":"0","DIRAMAZ":"0","CAUSA_CHIUSURA":null}},{"type":"Feature","id":1693,"geometry":{"type":"Point","coordinates":[13.14811,43.50009]},"properties":{"OBJECTID":1693,"CODIMP":"56340","NOME":"MONTECAROTTO-CASTELBELLINO","IMPIANTO":"F","COMUNE":"Castelbellino","PROVINCIA":"Ancona","REGIONE":"Marche","CODLINEACOMM":"J065","LINEACOMM":"ANCONA - ORTE (compresa Ancona - Ancona Marittima)","DOIT":"AN","SERVIZIO_MERCI":"0","SERVIZIO_VIAGGIATORI":"SI","CAP_REG":"0","CAP_P":"0","DIRAMAZ":"0","CAUSA_CHIUSURA":null}},{"type":"Feature","id":1694,"geometry":{"type":"Point","coordinates":[13.32766,43.59559]},"properties":{"OBJECTID":1694,"CODIMP":"56420","NOME":"CHIARAVALLE","IMPIANTO":"F","COMUNE":"Chiaravalle","PROVINCIA":"Ancona","REGIONE":"Marche","CODLINEACOMM":"J065","LINEACOMM":"ANCONA - ORTE (compresa Ancona - Ancona Marittima)","DOIT":"AN","SERVIZIO_MERCI":"0","SERVIZIO_VIAGGIATORI":"SI","CAP_REG":"0","CAP_P":"0","DIRAMAZ":"0","CAUSA_CHIUSURA":null}},{"type":"Feature","id":1695,"geometry":{"type":"Point","coordinates":[13.25132,43.52025]},"properties":{"OBJECTID":1695,"CODIMP":"56380","NOME":"JESI","IMPIANTO":"S","COMUNE":"Jesi","PROVINCIA":"Ancona","REGIONE":"Marche","CODLINEACOMM":"J065","LINEACOMM":"ANCONA - ORTE (compresa Ancona - Ancona Marittima)","DOIT":"AN","SERVIZIO_MERCI":"1","SERVIZIO_VIAGGIATORI":"SI","CAP_REG":"0","CAP_P":"0","DIRAMAZ":"0","CAUSA_CHIUSURA":null}},{"type":"Feature","id":1696,"geometry":{"type":"Point","coordinates":[13.08473,43.4815]},"properties":{"OBJECTID":1696,"CODIMP":"56300","NOME":"CASTELPLANIO-CUPRAMONTANA","IMPIANTO":"S","COMUNE":"Castelplanio","PROVINCIA":"Ancona","REGIONE":"Marche","CODLINEACOMM":"J065","LINEACOMM":"ANCONA - ORTE (compresa Ancona - Ancona Marittima)","DOIT":"AN","SERVIZIO_MERCI":"0","SERVIZIO_VIAGGIATORI":"SI","CAP_REG":"0","CAP_P":"0","DIRAMAZ":"0","CAUSA_CHIUSURA":null}},{"type":"Feature","id":1697,"geometry":{"type":"Point","coordinates":[13.35753,43.6074]},"properties":{"OBJECTID":1697,"CODIMP":"56421","NOME":"CASTELFERRETTI - FALCONARA AEROPORTO DELLE MARCHE","IMPIANTO":"F","COMUNE":"Falconara Marittima","PROVINCIA":"Ancona","REGIONE":"Marche","CODLINEACOMM":"J065","LINEACOMM":"ANCONA - ORTE (compresa Ancona - Ancona Marittima)","DOIT":"AN","SERVIZIO_MERCI":"0","SERVIZIO_VIAGGIATORI":"SI","CAP_REG":"0","CAP_P":"0","DIRAMAZ":"0","CAUSA_CHIUSURA":null}},{"type":"Feature","id":1700,"geometry":{"type":"Point","coordinates":[12.75726,43.28389]},"properties":{"OBJECTID":1700,"CODIMP":"56040","NOME":"FOSSATO DI VICO-GUBBIO","IMPIANTO":"S","COMUNE":"Fossato Di Vico","PROVINCIA":"Perugia","REGIONE":"Umbria","CODLINEACOMM":"J065","LINEACOMM":"ANCONA - ORTE (compresa Ancona - Ancona Marittima)","DOIT":"AN","SERVIZIO_MERCI":"0","SERVIZIO_VIAGGIATORI":"SI","CAP_REG":"0","CAP_P":"0","DIRAMAZ":"0","CAUSA_CHIUSURA":null}},{"type":"Feature","id":1701,"geometry":{"type":"Point","coordinates":[12.76721,43.23357]},"properties":{"OBJECTID":1701,"CODIMP":"56000","NOME":"GUALDO TADINO","IMPIANTO":"S","COMUNE":"Gualdo Tadino","PROVINCIA":"Perugia","REGIONE":"Umbria","CODLINEACOMM":"J065","LINEACOMM":"ANCONA - ORTE (compresa Ancona - Ancona Marittima)","DOIT":"AN","SERVIZIO_MERCI":"0","SERVIZIO_VIAGGIATORI":"SI","CAP_REG":"0","CAP_P":"0","DIRAMAZ":"0","CAUSA_CHIUSURA":null}},{"type":"Feature","id":1702,"geometry":{"type":"Point","coordinates":[12.78415,43.18193]},"properties":{"OBJECTID":1702,"CODIMP":"55960","NOME":"GAIFANA","IMPIANTO":"S","COMUNE":"Gualdo Tadino","PROVINCIA":"Perugia","REGIONE":"Umbria","CODLINEACOMM":"J065","LINEACOMM":"ANCONA - ORTE (compresa Ancona - Ancona Marittima)","DOIT":"AN","SERVIZIO_MERCI":"0","SERVIZIO_VIAGGIATORI":"SI","CAP_REG":"0","CAP_P":"0","DIRAMAZ":"0","CAUSA_CHIUSURA":null}},{"type":"Feature","id":1704,"geometry":{"type":"Point","coordinates":[12.76722,43.10076]},"properties":{"OBJECTID":1704,"CODIMP":"55920","NOME":"NOCERA UMBRA","IMPIANTO":"S","COMUNE":"Nocera Umbra","PROVINCIA":"Perugia","REGIONE":"Umbria","CODLINEACOMM":"J065","LINEACOMM":"ANCONA - ORTE (compresa Ancona - Ancona Marittima)","DOIT":"AN","SERVIZIO_MERCI":"0","SERVIZIO_VIAGGIATORI":"SI","CAP_REG":"0","CAP_P":"0","DIRAMAZ":"0","CAUSA_CHIUSURA":null}},{"type":"Feature","id":1707,"geometry":{"type":"Point","coordinates":[12.51959,42.53138]},"properties":{"OBJECTID":1707,"CODIMP":"55520","NOME":"NARNI-AMELIA","IMPIANTO":"S","COMUNE":"Narni","PROVINCIA":"Terni","REGIONE":"Umbria","CODLINEACOMM":"J065","LINEACOMM":"ANCONA - ORTE (compresa Ancona - Ancona Marittima)","DOIT":"AN","SERVIZIO_MERCI":"0","SERVIZIO_VIAGGIATORI":"SI","CAP_REG":"0","CAP_P":"0","DIRAMAZ":"0","CAUSA_CHIUSURA":null}},{"type":"Feature","id":1708,"geometry":{"type":"Point","coordinates":[12.47659,42.49795]},"properties":{"OBJECTID":1708,"CODIMP":"55480","NOME":"NERA MONTORO","IMPIANTO":"S","COMUNE":"Narni","PROVINCIA":"Terni","REGIONE":"Umbria","CODLINEACOMM":"J065","LINEACOMM":"ANCONA - ORTE (compresa Ancona - Ancona Marittima)","DOIT":"AN","SERVIZIO_MERCI":"0","SERVIZIO_VIAGGIATORI":"SI","CAP_REG":"0","CAP_P":"0","DIRAMAZ":"0","CAUSA_CHIUSURA":null}},{"type":"Feature","id":1709,"geometry":{"type":"Point","coordinates":[12.76125,42.82291]},"properties":{"OBJECTID":1709,"CODIMP":"55740","NOME":"CAMPELLO SUL CLITUNNO","IMPIANTO":"S","COMUNE":"Campello Sul Clitunno","PROVINCIA":"Perugia","REGIONE":"Umbria","CODLINEACOMM":"J065","LINEACOMM":"ANCONA - ORTE (compresa Ancona - Ancona Marittima)","DOIT":"AN","SERVIZIO_MERCI":"0","SERVIZIO_VIAGGIATORI":"SI","CAP_REG":"0","CAP_P":"0","DIRAMAZ":"0","CAUSA_CHIUSURA":null}},{"type":"Feature","id":1710,"geometry":{"type":"Point","coordinates":[12.16938,42.51522]},"properties":{"OBJECTID":1710,"CODIMP":"66080","NOME":"GROTTE S.STEFANO","IMPIANTO":"S","COMUNE":"Viterbo","PROVINCIA":"Viterbo","REGIONE":"Lazio","CODLINEACOMM":"K196","LINEACOMM":"VITERBO PORTA FIORENTINA - ATTIGLIANO","DOIT":"RM","SERVIZIO_MERCI":"0","SERVIZIO_VIAGGIATORI":"SI","CAP_REG":"0","CAP_P":"0","DIRAMAZ":"0","CAUSA_CHIUSURA":null}},{"type":"Feature","id":1711,"geometry":{"type":"Point","coordinates":[11.30768,43.83029]},"properties":{"OBJECTID":1711,"CODIMP":"97220","NOME":"FIESOLE-CALDINE","IMPIANTO":"S","COMUNE":"Fiesole","PROVINCIA":"Firenze","REGIONE":"Toscana","CODLINEACOMM":"K112","LINEACOMM":"FIRENZE S.MARCO VECCHIO - BORGO S.LORENZO","DOIT":"FI","SERVIZIO_MERCI":"0","SERVIZIO_VIAGGIATORI":"SI","CAP_REG":"0","CAP_P":"0","DIRAMAZ":"0","CAUSA_CHIUSURA":null}},{"type":"Feature","id":1712,"geometry":{"type":"Point","coordinates":[11.29154,43.81465]},"properties":{"OBJECTID":1712,"CODIMP":"97223","NOME":"PIAN Di MUGNONE","IMPIANTO":"F","COMUNE":"Fiesole","PROVINCIA":"Firenze","REGIONE":"Toscana","CODLINEACOMM":"K112","LINEACOMM":"FIRENZE S.MARCO VECCHIO - BORGO S.LORENZO","DOIT":"FI","SERVIZIO_MERCI":"0","SERVIZIO_VIAGGIATORI":"SI","CAP_REG":"0","CAP_P":"0","DIRAMAZ":"0","CAUSA_CHIUSURA":null}},{"type":"Feature","id":1713,"geometry":{"type":"Point","coordinates":[12.52378,41.8793]},"properties":{"OBJECTID":1713,"CODIMP":"61380","NOME":"ROMA TUSCOLANA","IMPIANTO":"S","COMUNE":"Roma","PROVINCIA":"Roma","REGIONE":"Lazio","CODLINEACOMM":"R007","LINEACOMM":"NODO DI ROMA","DOIT":"RM","SERVIZIO_MERCI":"0","SERVIZIO_VIAGGIATORI":"SI","CAP_REG":"0","CAP_P":"0","DIRAMAZ":"1","CAUSA_CHIUSURA":null}},{"type":"Feature","id":1714,"geometry":{"type":"Point","coordinates":[12.48498,41.87239]},"properties":{"OBJECTID":1714,"CODIMP":"61320","NOME":"ROMA OSTIENSE","IMPIANTO":"S","COMUNE":"Roma","PROVINCIA":"Roma","REGIONE":"Lazio","CODLINEACOMM":"R007","LINEACOMM":"NODO DI ROMA","DOIT":"RM","SERVIZIO_MERCI":"0","SERVIZIO_VIAGGIATORI":"SI","CAP_REG":"0","CAP_P":"0","DIRAMAZ":"1","CAUSA_CHIUSURA":null}},{"type":"Feature","id":1717,"geometry":{"type":"Point","coordinates":[10.9824,45.42868]},"properties":{"OBJECTID":1717,"CODIMP":"21900","NOME":"VERONA PORTA NUOVA","IMPIANTO":"S","COMUNE":"Verona","PROVINCIA":"Verona","REGIONE":"Veneto","CODLINEACOMM":"J023","LINEACOMM":"[MILANO] PIOLTELLO L. - BRESCIA - VERONA","DOIT":"VR","SERVIZIO_MERCI":"0","SERVIZIO_VIAGGIATORI":"SI","CAP_REG":"0","CAP_P":"1","DIRAMAZ":"1","CAUSA_CHIUSURA":null}},{"type":"Feature","id":1720,"geometry":{"type":"Point","coordinates":[9.20487,45.48628]},"properties":{"OBJECTID":1720,"CODIMP":"14779","NOME":"MILANO CENTRALE","IMPIANTO":"S","COMUNE":"Milano","PROVINCIA":"Milano","REGIONE":"Lombardia","CODLINEACOMM":"R002","LINEACOMM":"NODO DI MILANO","DOIT":"MI","SERVIZIO_MERCI":"0","SERVIZIO_VIAGGIATORI":"SI","CAP_REG":"1","CAP_P":"1","DIRAMAZ":"1","CAUSA_CHIUSURA":null}},{"type":"Feature","id":1723,"geometry":{"type":"Point","coordinates":[9.13029,45.44248]},"properties":{"OBJECTID":1723,"CODIMP":"15180","NOME":"MILANO S.CRISTOFORO","IMPIANTO":"S","COMUNE":"Milano","PROVINCIA":"Milano","REGIONE":"Lombardia","CODLINEACOMM":"R002","LINEACOMM":"NODO DI MILANO","DOIT":"MI","SERVIZIO_MERCI":"0","SERVIZIO_VIAGGIATORI":"SI","CAP_REG":"0","CAP_P":"0","DIRAMAZ":"1","CAUSA_CHIUSURA":null}},{"type":"Feature","id":1724,"geometry":{"type":"Point","coordinates":[8.92209,44.4176]},"properties":{"OBJECTID":1724,"CODIMP":"36800","NOME":"GENOVA PIAZZA PRINCIPE","IMPIANTO":"S","COMUNE":"Genova","PROVINCIA":"Genova","REGIONE":"Liguria","CODLINEACOMM":"R004","LINEACOMM":"NODO DI GENOVA","DOIT":"GE","SERVIZIO_MERCI":"0","SERVIZIO_VIAGGIATORI":"SI","CAP_REG":"1","CAP_P":"1","DIRAMAZ":"1","CAUSA_CHIUSURA":null}},{"type":"Feature","id":1725,"geometry":{"type":"Point","coordinates":[14.76275,40.68133]},"properties":{"OBJECTID":1725,"CODIMP":"72930","NOME":"DUOMO-VIA VERNIERI","IMPIANTO":"F","COMUNE":"Salerno","PROVINCIA":"Salerno","REGIONE":"Campania","CODLINEACOMM":"K146","LINEACOMM":"NOCERA INFERIORE - SALERNO (via Cava T.)","DOIT":"NA","SERVIZIO_MERCI":"0","SERVIZIO_VIAGGIATORI":"SI","CAP_REG":"0","CAP_P":"0","DIRAMAZ":"0","CAUSA_CHIUSURA":null}},{"type":"Feature","id":1729,"geometry":{"type":"Point","coordinates":[11.34229,44.50635]},"properties":{"OBJECTID":1729,"CODIMP":"42700","NOME":"BOLOGNA CENTRALE","IMPIANTO":"S","COMUNE":"Bologna","PROVINCIA":"Bologna","REGIONE":"Emilia-Romagna","CODLINEACOMM":"R005","LINEACOMM":"NODO DI BOLOGNA","DOIT":"BO","SERVIZIO_MERCI":"0","SERVIZIO_VIAGGIATORI":"SI","CAP_REG":"1","CAP_P":"1","DIRAMAZ":"1","CAUSA_CHIUSURA":null}},{"type":"Feature","id":1731,"geometry":{"type":"Point","coordinates":[13.60684,45.93312]},"properties":{"OBJECTID":1731,"CODIMP":"32320","NOME":"GORIZIA CENTRALE","IMPIANTO":"S","COMUNE":"Gorizia","PROVINCIA":"Gorizia","REGIONE":"Friuli-Venezia Giulia","CODLINEACOMM":"J039","LINEACOMM":"UDINE - MONFALCONE via GORIZIA (compresa Gorizia - Nova Gorica)","DOIT":"TS","SERVIZIO_MERCI":"1","SERVIZIO_VIAGGIATORI":"SI","CAP_REG":"0","CAP_P":"1","DIRAMAZ":"1","CAUSA_CHIUSURA":null}},{"type":"Feature","id":1738,"geometry":{"type":"Point","coordinates":[12.51014,41.95343]},"properties":{"OBJECTID":1738,"CODIMP":"60463","NOME":"NUOVO SALARIO","IMPIANTO":"F","COMUNE":"Roma","PROVINCIA":"Roma","REGIONE":"Lazio","CODLINEACOMM":"R007","LINEACOMM":"NODO DI ROMA","DOIT":"RM","SERVIZIO_MERCI":"0","SERVIZIO_VIAGGIATORI":"SI","CAP_REG":"0","CAP_P":"0","DIRAMAZ":"0","CAUSA_CHIUSURA":null}},{"type":"Feature","id":1739,"geometry":{"type":"Point","coordinates":[11.26837,43.78647]},"properties":{"OBJECTID":1739,"CODIMP":"97263","NOME":"LE CURE (IL CIONFO)","IMPIANTO":"F","COMUNE":"Firenze","PROVINCIA":"Firenze","REGIONE":"Toscana","CODLINEACOMM":"R006","LINEACOMM":"NODO DI FIRENZE","DOIT":"FI","SERVIZIO_MERCI":"0","SERVIZIO_VIAGGIATORI":"SI","CAP_REG":"0","CAP_P":"0","DIRAMAZ":"0","CAUSA_CHIUSURA":null}},{"type":"Feature","id":1740,"geometry":{"type":"Point","coordinates":[11.2768,43.77741]},"properties":{"OBJECTID":1740,"CODIMP":"47540","NOME":"FIRENZE CAMPO DI MARTE","IMPIANTO":"S","COMUNE":"Firenze","PROVINCIA":"Firenze","REGIONE":"Toscana","CODLINEACOMM":"R006","LINEACOMM":"NODO DI FIRENZE","DOIT":"FI","SERVIZIO_MERCI":"0","SERVIZIO_VIAGGIATORI":"SI","CAP_REG":"0","CAP_P":"0","DIRAMAZ":"1","CAUSA_CHIUSURA":null}},{"type":"Feature","id":1742,"geometry":{"type":"Point","coordinates":[8.91789,44.41505]},"properties":{"OBJECTID":1742,"CODIMP":"37145","NOME":"GENOVA P.P. SOTTERRANEA","IMPIANTO":"F","COMUNE":"Genova","PROVINCIA":"Genova","REGIONE":"Liguria","CODLINEACOMM":"R004","LINEACOMM":"NODO DI GENOVA","DOIT":"GE","SERVIZIO_MERCI":"0","SERVIZIO_VIAGGIATORI":"SI","CAP_REG":"0","CAP_P":"0","DIRAMAZ":"0","CAUSA_CHIUSURA":null}},{"type":"Feature","id":1744,"geometry":{"type":"Point","coordinates":[8.53983,39.3107]},"properties":{"OBJECTID":1744,"CODIMP":"96140","NOME":"IGLESIAS","IMPIANTO":"S","COMUNE":"Iglesias","PROVINCIA":"Carbonia-Iglesias","REGIONE":"Sardegna","CODLINEACOMM":"K190","LINEACOMM":"IGLESIAS - VILLAMASSARGIA","DOIT":"CA","SERVIZIO_MERCI":"0","SERVIZIO_VIAGGIATORI":"SI","CAP_REG":"0","CAP_P":"0","DIRAMAZ":"0","CAUSA_CHIUSURA":null}},{"type":"Feature","id":1745,"geometry":{"type":"Point","coordinates":[7.05236,45.1387]},"properties":{"OBJECTID":1745,"CODIMP":"08700","NOME":"SUSA","IMPIANTO":"LR","COMUNE":"Susa","PROVINCIA":"Torino","REGIONE":"Piemonte","CODLINEACOMM":"K246","LINEACOMM":"SUSA - BUSSOLENO","DOIT":"TO","SERVIZIO_MERCI":"0","SERVIZIO_VIAGGIATORI":"SI","CAP_REG":"0","CAP_P":"0","DIRAMAZ":"0","CAUSA_CHIUSURA":null}},{"type":"Feature","id":1746,"geometry":{"type":"Point","coordinates":[7.14487,45.13971]},"properties":{"OBJECTID":1746,"CODIMP":"00400","NOME":"BUSSOLENO","IMPIANTO":"S","COMUNE":"Bussoleno","PROVINCIA":"Torino","REGIONE":"Piemonte","CODLINEACOMM":"J001","LINEACOMM":"MODANE / MODANE FX - ALPIGNANO [TORINO]","DOIT":"TO","SERVIZIO_MERCI":"1","SERVIZIO_VIAGGIATORI":"SI","CAP_REG":"0","CAP_P":"0","DIRAMAZ":"1","CAUSA_CHIUSURA":null}},{"type":"Feature","id":1749,"geometry":{"type":"Point","coordinates":[11.88081,45.41793]},"properties":{"OBJECTID":1749,"CODIMP":"27040","NOME":"PADOVA","IMPIANTO":"S","COMUNE":"Padova","PROVINCIA":"Padova","REGIONE":"Veneto","CODLINEACOMM":"J025","LINEACOMM":"VERONA - PADOVA","DOIT":"VE","SERVIZIO_MERCI":"0","SERVIZIO_VIAGGIATORI":"SI","CAP_REG":"0","CAP_P":"1","DIRAMAZ":"1","CAUSA_CHIUSURA":null}},{"type":"Feature","id":1753,"geometry":{"type":"Point","coordinates":[12.23242,45.48186]},"properties":{"OBJECTID":1753,"CODIMP":"27300","NOME":"VENEZIA MESTRE","IMPIANTO":"S","COMUNE":"Venezia","PROVINCIA":"Venezia","REGIONE":"Veneto","CODLINEACOMM":"R003","LINEACOMM":"NODO DI VENEZIA","DOIT":"VE","SERVIZIO_MERCI":"0","SERVIZIO_VIAGGIATORI":"SI","CAP_REG":"0","CAP_P":"0","DIRAMAZ":"1","CAUSA_CHIUSURA":null}},{"type":"Feature","id":1755,"geometry":{"type":"Point","coordinates":[11.90091,45.5058]},"properties":{"OBJECTID":1755,"CODIMP":"30320","NOME":"CAMPODARSEGO","IMPIANTO":"F","COMUNE":"Campodarsego","PROVINCIA":"Padova","REGIONE":"Veneto","CODLINEACOMM":"K081","LINEACOMM":"CAMPOSANPIETRO - VIGODARZERE","DOIT":"VE","SERVIZIO_MERCI":"0","SERVIZIO_VIAGGIATORI":"SI","CAP_REG":"0","CAP_P":"0","DIRAMAZ":"0","CAUSA_CHIUSURA":null}},{"type":"Feature","id":1756,"geometry":{"type":"Point","coordinates":[11.91748,45.54261]},"properties":{"OBJECTID":1756,"CODIMP":"30280","NOME":"S.GIORGIO DELLE PERTICHE","IMPIANTO":"F","COMUNE":"San Giorgio Delle Pertiche","PROVINCIA":"Padova","REGIONE":"Veneto","CODLINEACOMM":"K081","LINEACOMM":"CAMPOSANPIETRO - VIGODARZERE","DOIT":"VE","SERVIZIO_MERCI":"0","SERVIZIO_VIAGGIATORI":"SI","CAP_REG":"0","CAP_P":"0","DIRAMAZ":"0","CAUSA_CHIUSURA":null}},{"type":"Feature","id":1760,"geometry":{"type":"Point","coordinates":[13.42645,42.0396]},"properties":{"OBJECTID":1760,"CODIMP":"63420","NOME":"AVEZZANO","IMPIANTO":"S","COMUNE":"Avezzano","PROVINCIA":"L'aquila","REGIONE":"Abruzzo","CODLINEACOMM":"K131","LINEACOMM":"SULMONA - AVEZZANO","DOIT":"RM","SERVIZIO_MERCI":"1","SERVIZIO_VIAGGIATORI":"SI","CAP_REG":"0","CAP_P":"0","DIRAMAZ":"1","CAUSA_CHIUSURA":null}},{"type":"Feature","id":1765,"geometry":{"type":"Point","coordinates":[13.87634,42.10252]},"properties":{"OBJECTID":1765,"CODIMP":"56480","NOME":"PRATOLA PELIGNA","IMPIANTO":"S","COMUNE":"Pratola Peligna","PROVINCIA":"L'aquila","REGIONE":"Abruzzo","CODLINEACOMM":"K125","LINEACOMM":"PESCARA - SULMONA","DOIT":"AN","SERVIZIO_MERCI":"0","SERVIZIO_VIAGGIATORI":"SI","CAP_REG":"0","CAP_P":"0","DIRAMAZ":"0","CAUSA_CHIUSURA":null}},{"type":"Feature","id":1768,"geometry":{"type":"Point","coordinates":[13.88514,37.66867]},"properties":{"OBJECTID":1768,"CODIMP":"90660","NOME":"VILLALBA","IMPIANTO":"S","COMUNE":"Villalba","PROVINCIA":"Caltanissetta","REGIONE":"Sicilia","CODLINEACOMM":"K177","LINEACOMM":"CALTANISETTA XIRBI - ROCCAPALUMBA A.","DOIT":"PA","SERVIZIO_MERCI":"0","SERVIZIO_VIAGGIATORI":"SI","CAP_REG":"0","CAP_P":"0","DIRAMAZ":"0","CAUSA_CHIUSURA":null}},{"type":"Feature","id":1769,"geometry":{"type":"Point","coordinates":[13.84642,37.69169]},"properties":{"OBJECTID":1769,"CODIMP":"90620","NOME":"VALLELUNGA","IMPIANTO":"S","COMUNE":"Vallelunga Pratameno","PROVINCIA":"Caltanissetta","REGIONE":"Sicilia","CODLINEACOMM":"K177","LINEACOMM":"CALTANISETTA XIRBI - ROCCAPALUMBA A.","DOIT":"PA","SERVIZIO_MERCI":"0","SERVIZIO_VIAGGIATORI":"SI","CAP_REG":"0","CAP_P":"0","DIRAMAZ":"0","CAUSA_CHIUSURA":null}},{"type":"Feature","id":1770,"geometry":{"type":"Point","coordinates":[13.75602,37.70922]},"properties":{"OBJECTID":1770,"CODIMP":"90605","NOME":"VALLEDOLMO","IMPIANTO":"F","COMUNE":"Sclafani Bagni","PROVINCIA":"Palermo","REGIONE":"Sicilia","CODLINEACOMM":"K177","LINEACOMM":"CALTANISETTA XIRBI - ROCCAPALUMBA A.","DOIT":"PA","SERVIZIO_MERCI":"0","SERVIZIO_VIAGGIATORI":"SI","CAP_REG":"0","CAP_P":"0","DIRAMAZ":"0","CAUSA_CHIUSURA":null}},{"type":"Feature","id":1772,"geometry":{"type":"Point","coordinates":[13.78447,37.95411]},"properties":{"OBJECTID":1772,"CODIMP":"90420","NOME":"CERDA","IMPIANTO":"S","COMUNE":"Termini Imerese","PROVINCIA":"Palermo","REGIONE":"Sicilia","CODLINEACOMM":"K180","LINEACOMM":"FIUMETORTO - ROCCAPALUMBA A.","DOIT":"PA","SERVIZIO_MERCI":"0","SERVIZIO_VIAGGIATORI":"SI","CAP_REG":"0","CAP_P":"0","DIRAMAZ":"0","CAUSA_CHIUSURA":null}},{"type":"Feature","id":1774,"geometry":{"type":"Point","coordinates":[13.69318,37.85918]},"properties":{"OBJECTID":1774,"CODIMP":"90500","NOME":"MONTEMAGGIORE BELSITO","IMPIANTO":"S","COMUNE":"Caccamo","PROVINCIA":"Palermo","REGIONE":"Sicilia","CODLINEACOMM":"K180","LINEACOMM":"FIUMETORTO - ROCCAPALUMBA A.","DOIT":"PA","SERVIZIO_MERCI":"0","SERVIZIO_VIAGGIATORI":"SI","CAP_REG":"0","CAP_P":"0","DIRAMAZ":"0","CAUSA_CHIUSURA":null}},{"type":"Feature","id":1794,"geometry":{"type":"Point","coordinates":[14.82062,40.92166]},"properties":{"OBJECTID":1794,"CODIMP":"72000","NOME":"AVELLINO","IMPIANTO":"S","COMUNE":"Avellino","PROVINCIA":"Avellino","REGIONE":"Campania","CODLINEACOMM":"K197","LINEACOMM":"AVELLINO - BENEVENTO","DOIT":"NA","SERVIZIO_MERCI":"0","SERVIZIO_VIAGGIATORI":"SI","CAP_REG":"0","CAP_P":"1","DIRAMAZ":"1","CAUSA_CHIUSURA":null}},{"type":"Feature","id":1804,"geometry":{"type":"Point","coordinates":[13.57788,41.7901]},"properties":{"OBJECTID":1804,"CODIMP":"66305","NOME":"RIDOTTI-COLLEPIANO","IMPIANTO":"F","COMUNE":"Balsorano","PROVINCIA":"L'aquila","REGIONE":"Abruzzo","CODLINEACOMM":"K133","LINEACOMM":"AVEZZANO - ROCCASECCA","DOIT":"RM","SERVIZIO_MERCI":"0","SERVIZIO_VIAGGIATORI":"SI","CAP_REG":"0","CAP_P":"0","DIRAMAZ":"0","CAUSA_CHIUSURA":null}},{"type":"Feature","id":1805,"geometry":{"type":"Point","coordinates":[13.60697,41.75779]},"properties":{"OBJECTID":1805,"CODIMP":"66303","NOME":"COMPRE S.VINCENZO","IMPIANTO":"F","COMUNE":"Sora","PROVINCIA":"Frosinone","REGIONE":"Lazio","CODLINEACOMM":"K133","LINEACOMM":"AVEZZANO - ROCCASECCA","DOIT":"RM","SERVIZIO_MERCI":"0","SERVIZIO_VIAGGIATORI":"SI","CAP_REG":"0","CAP_P":"0","DIRAMAZ":"0","CAUSA_CHIUSURA":null}},{"type":"Feature","id":1806,"geometry":{"type":"Point","coordinates":[13.6186,41.71672]},"properties":{"OBJECTID":1806,"CODIMP":"66300","NOME":"SORA","IMPIANTO":"S","COMUNE":"Sora","PROVINCIA":"Frosinone","REGIONE":"Lazio","CODLINEACOMM":"K133","LINEACOMM":"AVEZZANO - ROCCASECCA","DOIT":"RM","SERVIZIO_MERCI":"0","SERVIZIO_VIAGGIATORI":"SI","CAP_REG":"0","CAP_P":"0","DIRAMAZ":"0","CAUSA_CHIUSURA":null}},{"type":"Feature","id":1807,"geometry":{"type":"Point","coordinates":[13.55655,41.80953]},"properties":{"OBJECTID":1807,"CODIMP":"66340","NOME":"BALSORANO","IMPIANTO":"S","COMUNE":"Balsorano","PROVINCIA":"L'aquila","REGIONE":"Abruzzo","CODLINEACOMM":"K133","LINEACOMM":"AVEZZANO - ROCCASECCA","DOIT":"RM","SERVIZIO_MERCI":"0","SERVIZIO_VIAGGIATORI":"SI","CAP_REG":"0","CAP_P":"0","DIRAMAZ":"0","CAUSA_CHIUSURA":null}},{"type":"Feature","id":1810,"geometry":{"type":"Point","coordinates":[13.5446,41.8181]},"properties":{"OBJECTID":1810,"CODIMP":"66345","NOME":"ROCCAVIVI","IMPIANTO":"F","COMUNE":"San Vincenzo Valle Roveto","PROVINCIA":"L'aquila","REGIONE":"Abruzzo","CODLINEACOMM":"K133","LINEACOMM":"AVEZZANO - ROCCASECCA","DOIT":"RM","SERVIZIO_MERCI":"0","SERVIZIO_VIAGGIATORI":"SI","CAP_REG":"0","CAP_P":"0","DIRAMAZ":"0","CAUSA_CHIUSURA":null}},{"type":"Feature","id":1811,"geometry":{"type":"Point","coordinates":[13.78286,42.0828]},"properties":{"OBJECTID":1811,"CODIMP":"63700","NOME":"GORIANO-SICOLI","IMPIANTO":"F","COMUNE":"Goriano Sicoli","PROVINCIA":"L'aquila","REGIONE":"Abruzzo","CODLINEACOMM":"K131","LINEACOMM":"SULMONA - AVEZZANO","DOIT":"RM","SERVIZIO_MERCI":"0","SERVIZIO_VIAGGIATORI":"SI","CAP_REG":"0","CAP_P":"0","DIRAMAZ":"0","CAUSA_CHIUSURA":null}},{"type":"Feature","id":1812,"geometry":{"type":"Point","coordinates":[13.77663,42.04083]},"properties":{"OBJECTID":1812,"CODIMP":"63660","NOME":"COCULLO","IMPIANTO":"S","COMUNE":"Cocullo","PROVINCIA":"L'aquila","REGIONE":"Abruzzo","CODLINEACOMM":"K131","LINEACOMM":"SULMONA - AVEZZANO","DOIT":"RM","SERVIZIO_MERCI":"0","SERVIZIO_VIAGGIATORI":"SI","CAP_REG":"0","CAP_P":"0","DIRAMAZ":"0","CAUSA_CHIUSURA":null}},{"type":"Feature","id":1816,"geometry":{"type":"Point","coordinates":[13.72018,42.02662]},"properties":{"OBJECTID":1816,"CODIMP":"63620","NOME":"CARRITO-ORTONA","IMPIANTO":"S","COMUNE":"Ortona Dei Marsi","PROVINCIA":"L'aquila","REGIONE":"Abruzzo","CODLINEACOMM":"K131","LINEACOMM":"SULMONA - AVEZZANO","DOIT":"RM","SERVIZIO_MERCI":"0","SERVIZIO_VIAGGIATORI":"SI","CAP_REG":"0","CAP_P":"0","DIRAMAZ":"0","CAUSA_CHIUSURA":null}},{"type":"Feature","id":1817,"geometry":{"type":"Point","coordinates":[13.5434,42.07711]},"properties":{"OBJECTID":1817,"CODIMP":"63460","NOME":"CELANO-OVINDOLI","IMPIANTO":"S","COMUNE":"Celano","PROVINCIA":"L'aquila","REGIONE":"Abruzzo","CODLINEACOMM":"K131","LINEACOMM":"SULMONA - AVEZZANO","DOIT":"RM","SERVIZIO_MERCI":"0","SERVIZIO_VIAGGIATORI":"SI","CAP_REG":"0","CAP_P":"0","DIRAMAZ":"0","CAUSA_CHIUSURA":null}},{"type":"Feature","id":1818,"geometry":{"type":"Point","coordinates":[13.34437,42.05324]},"properties":{"OBJECTID":1818,"CODIMP":"63340","NOME":"SCURCOLA MARSICANA","IMPIANTO":"S","COMUNE":"Scurcola Marsicana","PROVINCIA":"L'aquila","REGIONE":"Abruzzo","CODLINEACOMM":"K132","LINEACOMM":"AVEZZANO - GUIDONIA","DOIT":"RM","SERVIZIO_MERCI":"0","SERVIZIO_VIAGGIATORI":"SI","CAP_REG":"0","CAP_P":"0","DIRAMAZ":"0","CAUSA_CHIUSURA":null}},{"type":"Feature","id":1819,"geometry":{"type":"Point","coordinates":[13.30828,42.04943]},"properties":{"OBJECTID":1819,"CODIMP":"63303","NOME":"VILLA S.SEBASTIANO","IMPIANTO":"F","COMUNE":"Tagliacozzo","PROVINCIA":"L'aquila","REGIONE":"Abruzzo","CODLINEACOMM":"K132","LINEACOMM":"AVEZZANO - GUIDONIA","DOIT":"RM","SERVIZIO_MERCI":"0","SERVIZIO_VIAGGIATORI":"SI","CAP_REG":"0","CAP_P":"0","DIRAMAZ":"0","CAUSA_CHIUSURA":null}},{"type":"Feature","id":1820,"geometry":{"type":"Point","coordinates":[13.15058,42.0972]},"properties":{"OBJECTID":1820,"CODIMP":"63220","NOME":"COLLI DI MONTE BOVE","IMPIANTO":"F","COMUNE":"Carsoli","PROVINCIA":"L'aquila","REGIONE":"Abruzzo","CODLINEACOMM":"K132","LINEACOMM":"AVEZZANO - GUIDONIA","DOIT":"RM","SERVIZIO_MERCI":"0","SERVIZIO_VIAGGIATORI":"SI","CAP_REG":"0","CAP_P":"0","DIRAMAZ":"0","CAUSA_CHIUSURA":null}},{"type":"Feature","id":1821,"geometry":{"type":"Point","coordinates":[13.08039,42.09588]},"properties":{"OBJECTID":1821,"CODIMP":"63180","NOME":"CARSOLI","IMPIANTO":"S","COMUNE":"Carsoli","PROVINCIA":"L'aquila","REGIONE":"Abruzzo","CODLINEACOMM":"K132","LINEACOMM":"AVEZZANO - GUIDONIA","DOIT":"RM","SERVIZIO_MERCI":"0","SERVIZIO_VIAGGIATORI":"SI","CAP_REG":"0","CAP_P":"0","DIRAMAZ":"0","CAUSA_CHIUSURA":null}},{"type":"Feature","id":1822,"geometry":{"type":"Point","coordinates":[13.25567,42.07081]},"properties":{"OBJECTID":1822,"CODIMP":"63300","NOME":"TAGLIACOZZO","IMPIANTO":"S","COMUNE":"Tagliacozzo","PROVINCIA":"L'aquila","REGIONE":"Abruzzo","CODLINEACOMM":"K132","LINEACOMM":"AVEZZANO - GUIDONIA","DOIT":"RM","SERVIZIO_MERCI":"0","SERVIZIO_VIAGGIATORI":"SI","CAP_REG":"0","CAP_P":"0","DIRAMAZ":"0","CAUSA_CHIUSURA":null}},{"type":"Feature","id":1823,"geometry":{"type":"Point","coordinates":[14.2474,40.9493]},"properties":{"OBJECTID":1823,"CODIMP":"68441","NOME":"S.ANTIMO-S.ARPINO","IMPIANTO":"F","COMUNE":"Sant'antimo","PROVINCIA":"Napoli","REGIONE":"Campania","CODLINEACOMM":"J057","LINEACOMM":"[ROMA] TORRICOLA - FRATTAMAGGIORE [NAPOLI] (via Formia)","DOIT":"NA","SERVIZIO_MERCI":"0","SERVIZIO_VIAGGIATORI":"SI","CAP_REG":"0","CAP_P":"0","DIRAMAZ":"0","CAUSA_CHIUSURA":null}},{"type":"Feature","id":1824,"geometry":{"type":"Point","coordinates":[14.26367,40.94014]},"properties":{"OBJECTID":1824,"CODIMP":"68435","NOME":"FRATTAMAGGIORE-GRUMO","IMPIANTO":"F","COMUNE":"Frattamaggiore","PROVINCIA":"Napoli","REGIONE":"Campania","CODLINEACOMM":"R008","LINEACOMM":"NODO DI NAPOLI","DOIT":"NA","SERVIZIO_MERCI":"0","SERVIZIO_VIAGGIATORI":"SI","CAP_REG":"0","CAP_P":"0","DIRAMAZ":"0","CAUSA_CHIUSURA":null}},{"type":"Feature","id":1825,"geometry":{"type":"Point","coordinates":[14.29873,40.90788]},"properties":{"OBJECTID":1825,"CODIMP":"68405","NOME":"CASORIA","IMPIANTO":"S","COMUNE":"Casoria","PROVINCIA":"Napoli","REGIONE":"Campania","CODLINEACOMM":"R008","LINEACOMM":"NODO DI NAPOLI","DOIT":"NA","SERVIZIO_MERCI":"0","SERVIZIO_VIAGGIATORI":"SI","CAP_REG":"0","CAP_P":"0","DIRAMAZ":"0","CAUSA_CHIUSURA":null}},{"type":"Feature","id":1826,"geometry":{"type":"Point","coordinates":[14.68114,40.7698]},"properties":{"OBJECTID":1826,"CODIMP":"72211","NOME":"LANZARA-FIMIANI","IMPIANTO":"F","COMUNE":"Castel San Giorgio","PROVINCIA":"Salerno","REGIONE":"Campania","CODLINEACOMM":"K216","LINEACOMM":"CODOLA - MERCATO SAN SEVERINO","DOIT":"NA","SERVIZIO_MERCI":"0","SERVIZIO_VIAGGIATORI":"SI","CAP_REG":"0","CAP_P":"0","DIRAMAZ":"0","CAUSA_CHIUSURA":null}},{"type":"Feature","id":1827,"geometry":{"type":"Point","coordinates":[14.72235,40.77648]},"properties":{"OBJECTID":1827,"CODIMP":"72171","NOME":"VALLE DI MERCATO S.SEVERINO","IMPIANTO":"F","COMUNE":"Mercato San Severino","PROVINCIA":"Salerno","REGIONE":"Campania","CODLINEACOMM":"K216","LINEACOMM":"CODOLA - MERCATO SAN SEVERINO","DOIT":"NA","SERVIZIO_MERCI":"0","SERVIZIO_VIAGGIATORI":"SI","CAP_REG":"0","CAP_P":"0","DIRAMAZ":"0","CAUSA_CHIUSURA":null}},{"type":"Feature","id":1828,"geometry":{"type":"Point","coordinates":[14.69503,40.77157]},"properties":{"OBJECTID":1828,"CODIMP":"72200","NOME":"CASTEL S.GIORGIO-ROCCAPIEMONTE","IMPIANTO":"F","COMUNE":"Castel San Giorgio","PROVINCIA":"Salerno","REGIONE":"Campania","CODLINEACOMM":"K216","LINEACOMM":"CODOLA - MERCATO SAN SEVERINO","DOIT":"NA","SERVIZIO_MERCI":"0","SERVIZIO_VIAGGIATORI":"SI","CAP_REG":"0","CAP_P":"0","DIRAMAZ":"0","CAUSA_CHIUSURA":null}},{"type":"Feature","id":1829,"geometry":{"type":"Point","coordinates":[14.75737,40.82011]},"properties":{"OBJECTID":1829,"CODIMP":"72120","NOME":"MONTORO FORINO","IMPIANTO":"S","COMUNE":"Montoro Inferiore","PROVINCIA":"Avellino","REGIONE":"Campania","CODLINEACOMM":"K215","LINEACOMM":"MERCATO SAN SEVERINO - AVELLINO","DOIT":"NA","SERVIZIO_MERCI":"0","SERVIZIO_VIAGGIATORI":"SI","CAP_REG":"0","CAP_P":"0","DIRAMAZ":"0","CAUSA_CHIUSURA":null}},{"type":"Feature","id":1832,"geometry":{"type":"Point","coordinates":[14.86017,40.85895]},"properties":{"OBJECTID":1832,"CODIMP":"72040","NOME":"SERINO","IMPIANTO":"S","COMUNE":"Serino","PROVINCIA":"Avellino","REGIONE":"Campania","CODLINEACOMM":"K215","LINEACOMM":"MERCATO SAN SEVERINO - AVELLINO","DOIT":"NA","SERVIZIO_MERCI":"0","SERVIZIO_VIAGGIATORI":"SI","CAP_REG":"0","CAP_P":"0","DIRAMAZ":"0","CAUSA_CHIUSURA":null}},{"type":"Feature","id":1833,"geometry":{"type":"Point","coordinates":[14.84396,40.83462]},"properties":{"OBJECTID":1833,"CODIMP":"72070","NOME":"SOLOFRA","IMPIANTO":"S","COMUNE":"Solofra","PROVINCIA":"Avellino","REGIONE":"Campania","CODLINEACOMM":"K215","LINEACOMM":"MERCATO SAN SEVERINO - AVELLINO","DOIT":"NA","SERVIZIO_MERCI":"0","SERVIZIO_VIAGGIATORI":"SI","CAP_REG":"0","CAP_P":"0","DIRAMAZ":"0","CAUSA_CHIUSURA":null}},{"type":"Feature","id":1834,"geometry":{"type":"Point","coordinates":[14.81595,41.01397]},"properties":{"OBJECTID":1834,"CODIMP":"71891","NOME":"TUFO","IMPIANTO":"F","COMUNE":"Tufo","PROVINCIA":"Avellino","REGIONE":"Campania","CODLINEACOMM":"K197","LINEACOMM":"AVELLINO - BENEVENTO","DOIT":"NA","SERVIZIO_MERCI":"0","SERVIZIO_VIAGGIATORI":"SI","CAP_REG":"0","CAP_P":"0","DIRAMAZ":"0","CAUSA_CHIUSURA":null}},{"type":"Feature","id":1835,"geometry":{"type":"Point","coordinates":[14.84265,40.98862]},"properties":{"OBJECTID":1835,"CODIMP":"71960","NOME":"PRATA PRATOLA","IMPIANTO":"S","COMUNE":"Prata Di Principato Ultra","PROVINCIA":"Avellino","REGIONE":"Campania","CODLINEACOMM":"K197","LINEACOMM":"AVELLINO - BENEVENTO","DOIT":"NA","SERVIZIO_MERCI":"0","SERVIZIO_VIAGGIATORI":"SI","CAP_REG":"0","CAP_P":"0","DIRAMAZ":"0","CAUSA_CHIUSURA":null}},{"type":"Feature","id":1837,"geometry":{"type":"Point","coordinates":[14.7776,41.05024]},"properties":{"OBJECTID":1837,"CODIMP":"71840","NOME":"CHIANCHE CEPPALONI","IMPIANTO":"S","COMUNE":"Chianche","PROVINCIA":"Avellino","REGIONE":"Campania","CODLINEACOMM":"K197","LINEACOMM":"AVELLINO - BENEVENTO","DOIT":"NA","SERVIZIO_MERCI":"0","SERVIZIO_VIAGGIATORI":"SI","CAP_REG":"0","CAP_P":"0","DIRAMAZ":"0","CAUSA_CHIUSURA":null}},{"type":"Feature","id":1838,"geometry":{"type":"Point","coordinates":[14.78282,41.01537]},"properties":{"OBJECTID":1838,"CODIMP":"71880","NOME":"ALTAVILLA IRPINA","IMPIANTO":"S","COMUNE":"Altavilla Irpina","PROVINCIA":"Avellino","REGIONE":"Campania","CODLINEACOMM":"K197","LINEACOMM":"AVELLINO - BENEVENTO","DOIT":"NA","SERVIZIO_MERCI":"0","SERVIZIO_VIAGGIATORI":"SI","CAP_REG":"0","CAP_P":"0","DIRAMAZ":"0","CAUSA_CHIUSURA":null}},{"type":"Feature","id":1840,"geometry":{"type":"Point","coordinates":[11.85887,44.43687]},"properties":{"OBJECTID":1840,"CODIMP":"44783","NOME":"S.AGATA SUL SANTERNO","IMPIANTO":"F","COMUNE":"Sant'agata Sul Santerno","PROVINCIA":"Ravenna","REGIONE":"Emilia-Romagna","CODLINEACOMM":"K105","LINEACOMM":"LUGO - LAVEZZOLA","DOIT":"BO","SERVIZIO_MERCI":"0","SERVIZIO_VIAGGIATORI":"SI","CAP_REG":"0","CAP_P":"0","DIRAMAZ":"0","CAUSA_CHIUSURA":null}},{"type":"Feature","id":1841,"geometry":{"type":"Point","coordinates":[11.91474,44.41419]},"properties":{"OBJECTID":1841,"CODIMP":"41880","NOME":"LUGO","IMPIANTO":"S","COMUNE":"Lugo","PROVINCIA":"Ravenna","REGIONE":"Emilia-Romagna","CODLINEACOMM":"K104","LINEACOMM":"GRANAROLO - LUGO","DOIT":"BO","SERVIZIO_MERCI":"1","SERVIZIO_VIAGGIATORI":"SI","CAP_REG":"0","CAP_P":"0","DIRAMAZ":"1","CAUSA_CHIUSURA":null}},{"type":"Feature","id":1842,"geometry":{"type":"Point","coordinates":[11.93805,44.38716]},"properties":{"OBJECTID":1842,"CODIMP":"44885","NOME":"COTIGNOLA","IMPIANTO":"F","COMUNE":"Cotignola","PROVINCIA":"Ravenna","REGIONE":"Emilia-Romagna","CODLINEACOMM":"K104","LINEACOMM":"GRANAROLO - LUGO","DOIT":"BO","SERVIZIO_MERCI":"0","SERVIZIO_VIAGGIATORI":"SI","CAP_REG":"0","CAP_P":"0","DIRAMAZ":"0","CAUSA_CHIUSURA":null}},{"type":"Feature","id":1843,"geometry":{"type":"Point","coordinates":[11.93746,44.35745]},"properties":{"OBJECTID":1843,"CODIMP":"44680","NOME":"GRANAROLO FAENTINO","IMPIANTO":"S","COMUNE":"Faenza","PROVINCIA":"Ravenna","REGIONE":"Emilia-Romagna","CODLINEACOMM":"K103","LINEACOMM":"FAENZA - GRANAROLO","DOIT":"BO","SERVIZIO_MERCI":"0","SERVIZIO_VIAGGIATORI":"SI","CAP_REG":"0","CAP_P":"0","DIRAMAZ":"1","CAUSA_CHIUSURA":null}},{"type":"Feature","id":1844,"geometry":{"type":"Point","coordinates":[13.39927,41.97061]},"properties":{"OBJECTID":1844,"CODIMP":"66500","NOME":"CAPISTRELLO","IMPIANTO":"S","COMUNE":"Capistrello","PROVINCIA":"L'aquila","REGIONE":"Abruzzo","CODLINEACOMM":"K133","LINEACOMM":"AVEZZANO - ROCCASECCA","DOIT":"RM","SERVIZIO_MERCI":"0","SERVIZIO_VIAGGIATORI":"SI","CAP_REG":"0","CAP_P":"0","DIRAMAZ":"0","CAUSA_CHIUSURA":null}},{"type":"Feature","id":1845,"geometry":{"type":"Point","coordinates":[12.03165,44.3791]},"properties":{"OBJECTID":1845,"CODIMP":"41960","NOME":"RUSSI","IMPIANTO":"S","COMUNE":"Russi","PROVINCIA":"Ravenna","REGIONE":"Emilia-Romagna","CODLINEACOMM":"K107","LINEACOMM":"RUSSI - LUGO","DOIT":"BO","SERVIZIO_MERCI":"1","SERVIZIO_VIAGGIATORI":"SI","CAP_REG":"0","CAP_P":"0","DIRAMAZ":"1","CAUSA_CHIUSURA":null}},{"type":"Feature","id":1846,"geometry":{"type":"Point","coordinates":[14.77765,41.13695]},"properties":{"OBJECTID":1846,"CODIMP":"71795","NOME":"BENEVENTO ARCO TRAIANO","IMPIANTO":"F","COMUNE":"Benevento","PROVINCIA":"Benevento","REGIONE":"Campania","CODLINEACOMM":"K197","LINEACOMM":"AVELLINO - BENEVENTO","DOIT":"NA","SERVIZIO_MERCI":"0","SERVIZIO_VIAGGIATORI":"SI","CAP_REG":"0","CAP_P":"0","DIRAMAZ":"0","CAUSA_CHIUSURA":null}},{"type":"Feature","id":1847,"geometry":{"type":"Point","coordinates":[9.0469,45.13894]},"properties":{"OBJECTID":1847,"CODIMP":"09609","NOME":"SAIRANO","IMPIANTO":"F","COMUNE":"Zinasco","PROVINCIA":"Pavia","REGIONE":"Lombardia","CODLINEACOMM":"K028","LINEACOMM":"CAVA CARBONARA - TORREBERETTI","DOIT":"TO","SERVIZIO_MERCI":"0","SERVIZIO_VIAGGIATORI":"SI","CAP_REG":"0","CAP_P":"0","DIRAMAZ":"0","CAUSA_CHIUSURA":null}},{"type":"Feature","id":1848,"geometry":{"type":"Point","coordinates":[9.03019,45.13388]},"properties":{"OBJECTID":1848,"CODIMP":"09607","NOME":"SAIRANO ZINASCO","IMPIANTO":"F","COMUNE":"Zinasco","PROVINCIA":"Pavia","REGIONE":"Lombardia","CODLINEACOMM":"K028","LINEACOMM":"CAVA CARBONARA - TORREBERETTI","DOIT":"TO","SERVIZIO_MERCI":"0","SERVIZIO_VIAGGIATORI":"SI","CAP_REG":"0","CAP_P":"0","DIRAMAZ":"0","CAUSA_CHIUSURA":null}},{"type":"Feature","id":1849,"geometry":{"type":"Point","coordinates":[8.9997,45.12464]},"properties":{"OBJECTID":1849,"CODIMP":"09605","NOME":"ZINASCO NUOVO","IMPIANTO":"F","COMUNE":"Zinasco","PROVINCIA":"Pavia","REGIONE":"Lombardia","CODLINEACOMM":"K028","LINEACOMM":"CAVA CARBONARA - TORREBERETTI","DOIT":"TO","SERVIZIO_MERCI":"0","SERVIZIO_VIAGGIATORI":"SI","CAP_REG":"0","CAP_P":"0","DIRAMAZ":"0","CAUSA_CHIUSURA":null}},{"type":"Feature","id":1850,"geometry":{"type":"Point","coordinates":[8.86284,45.11189]},"properties":{"OBJECTID":1850,"CODIMP":"09525","NOME":"FERRERA LOMELLINA","IMPIANTO":"F","COMUNE":"Ferrera Erbognone","PROVINCIA":"Pavia","REGIONE":"Lombardia","CODLINEACOMM":"K028","LINEACOMM":"CAVA CARBONARA - TORREBERETTI","DOIT":"TO","SERVIZIO_MERCI":"0","SERVIZIO_VIAGGIATORI":"SI","CAP_REG":"0","CAP_P":"0","DIRAMAZ":"0","CAUSA_CHIUSURA":null}},{"type":"Feature","id":1851,"geometry":{"type":"Point","coordinates":[8.90518,45.10563]},"properties":{"OBJECTID":1851,"CODIMP":"09600","NOME":"SANNAZZARO","IMPIANTO":"S","COMUNE":"Sannazzaro De' Burgondi","PROVINCIA":"Pavia","REGIONE":"Lombardia","CODLINEACOMM":"K028","LINEACOMM":"CAVA CARBONARA - TORREBERETTI","DOIT":"TO","SERVIZIO_MERCI":"1","SERVIZIO_VIAGGIATORI":"SI","CAP_REG":"0","CAP_P":"0","DIRAMAZ":"0","CAUSA_CHIUSURA":null}},{"type":"Feature","id":1852,"geometry":{"type":"Point","coordinates":[12.45576,41.85118]},"properties":{"OBJECTID":1852,"CODIMP":"65815","NOME":"VILLA BONELLI","IMPIANTO":"F","COMUNE":"Roma","PROVINCIA":"Roma","REGIONE":"Lazio","CODLINEACOMM":"R007","LINEACOMM":"NODO DI ROMA","DOIT":"RM","SERVIZIO_MERCI":"0","SERVIZIO_VIAGGIATORI":"SI","CAP_REG":"0","CAP_P":"0","DIRAMAZ":"0","CAUSA_CHIUSURA":null}},{"type":"Feature","id":1853,"geometry":{"type":"Point","coordinates":[12.43103,41.83434]},"properties":{"OBJECTID":1853,"CODIMP":"65840","NOME":"MAGLIANA","IMPIANTO":"F","COMUNE":"Roma","PROVINCIA":"Roma","REGIONE":"Lazio","CODLINEACOMM":"R007","LINEACOMM":"NODO DI ROMA","DOIT":"RM","SERVIZIO_MERCI":"0","SERVIZIO_VIAGGIATORI":"SI","CAP_REG":"0","CAP_P":"0","DIRAMAZ":"0","CAUSA_CHIUSURA":null}},{"type":"Feature","id":1854,"geometry":{"type":"Point","coordinates":[12.4127,41.82629]},"properties":{"OBJECTID":1854,"CODIMP":"65843","NOME":"MURATELLA","IMPIANTO":"F","COMUNE":"Roma","PROVINCIA":"Roma","REGIONE":"Lazio","CODLINEACOMM":"R007","LINEACOMM":"NODO DI ROMA","DOIT":"RM","SERVIZIO_MERCI":"0","SERVIZIO_VIAGGIATORI":"SI","CAP_REG":"0","CAP_P":"0","DIRAMAZ":"0","CAUSA_CHIUSURA":null}},{"type":"Feature","id":1855,"geometry":{"type":"Point","coordinates":[12.99113,42.02658]},"properties":{"OBJECTID":1855,"CODIMP":"63060","NOME":"ROVIANO","IMPIANTO":"S","COMUNE":"Roviano","PROVINCIA":"Roma","REGIONE":"Lazio","CODLINEACOMM":"K132","LINEACOMM":"AVEZZANO - GUIDONIA","DOIT":"RM","SERVIZIO_MERCI":"0","SERVIZIO_VIAGGIATORI":"SI","CAP_REG":"0","CAP_P":"0","DIRAMAZ":"0","CAUSA_CHIUSURA":null}},{"type":"Feature","id":1856,"geometry":{"type":"Point","coordinates":[12.92198,42.01631]},"properties":{"OBJECTID":1856,"CODIMP":"63020","NOME":"VALLE DELL'ANIENE-MANDELA-SAMBUCI","IMPIANTO":"S","COMUNE":"Vicovaro","PROVINCIA":"Roma","REGIONE":"Lazio","CODLINEACOMM":"K132","LINEACOMM":"AVEZZANO - GUIDONIA","DOIT":"RM","SERVIZIO_MERCI":"0","SERVIZIO_VIAGGIATORI":"SI","CAP_REG":"0","CAP_P":"0","DIRAMAZ":"0","CAUSA_CHIUSURA":null}},{"type":"Feature","id":1857,"geometry":{"type":"Point","coordinates":[13.04421,42.06794]},"properties":{"OBJECTID":1857,"CODIMP":"63140","NOME":"ORICOLA-PERETO","IMPIANTO":"F","COMUNE":"Oricola","PROVINCIA":"L'aquila","REGIONE":"Abruzzo","CODLINEACOMM":"K132","LINEACOMM":"AVEZZANO - GUIDONIA","DOIT":"RM","SERVIZIO_MERCI":"0","SERVIZIO_VIAGGIATORI":"SI","CAP_REG":"0","CAP_P":"0","DIRAMAZ":"0","CAUSA_CHIUSURA":null}},{"type":"Feature","id":1859,"geometry":{"type":"Point","coordinates":[13.01306,42.04596]},"properties":{"OBJECTID":1859,"CODIMP":"63100","NOME":"ARSOLI","IMPIANTO":"F","COMUNE":"Arsoli","PROVINCIA":"Roma","REGIONE":"Lazio","CODLINEACOMM":"K132","LINEACOMM":"AVEZZANO - GUIDONIA","DOIT":"RM","SERVIZIO_MERCI":"0","SERVIZIO_VIAGGIATORI":"SI","CAP_REG":"0","CAP_P":"0","DIRAMAZ":"0","CAUSA_CHIUSURA":null}},{"type":"Feature","id":1860,"geometry":{"type":"Point","coordinates":[12.8883,42.01029]},"properties":{"OBJECTID":1860,"CODIMP":"62983","NOME":"VICOVARO","IMPIANTO":"F","COMUNE":"Vicovaro","PROVINCIA":"Roma","REGIONE":"Lazio","CODLINEACOMM":"K132","LINEACOMM":"AVEZZANO - GUIDONIA","DOIT":"RM","SERVIZIO_MERCI":"0","SERVIZIO_VIAGGIATORI":"SI","CAP_REG":"0","CAP_P":"0","DIRAMAZ":"0","CAUSA_CHIUSURA":null}},{"type":"Feature","id":1861,"geometry":{"type":"Point","coordinates":[13.59959,41.64841]},"properties":{"OBJECTID":1861,"CODIMP":"66220","NOME":"ARPINO","IMPIANTO":"S","COMUNE":"Arpino","PROVINCIA":"Frosinone","REGIONE":"Lazio","CODLINEACOMM":"K133","LINEACOMM":"AVEZZANO - ROCCASECCA","DOIT":"RM","SERVIZIO_MERCI":"0","SERVIZIO_VIAGGIATORI":"SI","CAP_REG":"0","CAP_P":"0","DIRAMAZ":"0","CAUSA_CHIUSURA":null}},{"type":"Feature","id":1862,"geometry":{"type":"Point","coordinates":[13.59315,41.62689]},"properties":{"OBJECTID":1862,"CODIMP":"66187","NOME":"SANTOPADRE","IMPIANTO":"F","COMUNE":"Arpino","PROVINCIA":"Frosinone","REGIONE":"Lazio","CODLINEACOMM":"K133","LINEACOMM":"AVEZZANO - ROCCASECCA","DOIT":"RM","SERVIZIO_MERCI":"0","SERVIZIO_VIAGGIATORI":"SI","CAP_REG":"0","CAP_P":"0","DIRAMAZ":"0","CAUSA_CHIUSURA":null}},{"type":"Feature","id":1863,"geometry":{"type":"Point","coordinates":[13.5567,41.60986]},"properties":{"OBJECTID":1863,"CODIMP":"66183","NOME":"FONTANA LIRI INFERIORE","IMPIANTO":"F","COMUNE":"Fontana Liri","PROVINCIA":"Frosinone","REGIONE":"Lazio","CODLINEACOMM":"K133","LINEACOMM":"AVEZZANO - ROCCASECCA","DOIT":"RM","SERVIZIO_MERCI":"0","SERVIZIO_VIAGGIATORI":"SI","CAP_REG":"0","CAP_P":"0","DIRAMAZ":"0","CAUSA_CHIUSURA":null}},{"type":"Feature","id":1864,"geometry":{"type":"Point","coordinates":[13.57185,41.58381]},"properties":{"OBJECTID":1864,"CODIMP":"66180","NOME":"ARCE","IMPIANTO":"S","COMUNE":"Arce","PROVINCIA":"Frosinone","REGIONE":"Lazio","CODLINEACOMM":"K133","LINEACOMM":"AVEZZANO - ROCCASECCA","DOIT":"RM","SERVIZIO_MERCI":"0","SERVIZIO_VIAGGIATORI":"SI","CAP_REG":"0","CAP_P":"0","DIRAMAZ":"0","CAUSA_CHIUSURA":null}},{"type":"Feature","id":1865,"geometry":{"type":"Point","coordinates":[13.56183,41.61837]},"properties":{"OBJECTID":1865,"CODIMP":"66185","NOME":"FONTANA LIRI","IMPIANTO":"F","COMUNE":"Fontana Liri","PROVINCIA":"Frosinone","REGIONE":"Lazio","CODLINEACOMM":"K133","LINEACOMM":"AVEZZANO - ROCCASECCA","DOIT":"RM","SERVIZIO_MERCI":"0","SERVIZIO_VIAGGIATORI":"SI","CAP_REG":"0","CAP_P":"0","DIRAMAZ":"0","CAUSA_CHIUSURA":null}},{"type":"Feature","id":1866,"geometry":{"type":"Point","coordinates":[13.58108,41.68182]},"properties":{"OBJECTID":1866,"CODIMP":"66260","NOME":"ISOLA LIRI","IMPIANTO":"F","COMUNE":"Isola Del Liri","PROVINCIA":"Frosinone","REGIONE":"Lazio","CODLINEACOMM":"K133","LINEACOMM":"AVEZZANO - ROCCASECCA","DOIT":"RM","SERVIZIO_MERCI":"0","SERVIZIO_VIAGGIATORI":"SI","CAP_REG":"0","CAP_P":"0","DIRAMAZ":"0","CAUSA_CHIUSURA":null}},{"type":"Feature","id":1867,"geometry":{"type":"Point","coordinates":[13.60164,41.5559]},"properties":{"OBJECTID":1867,"CODIMP":"66177","NOME":"COLFELICE","IMPIANTO":"F","COMUNE":"Colfelice","PROVINCIA":"Frosinone","REGIONE":"Lazio","CODLINEACOMM":"K133","LINEACOMM":"AVEZZANO - ROCCASECCA","DOIT":"RM","SERVIZIO_MERCI":"0","SERVIZIO_VIAGGIATORI":"SI","CAP_REG":"0","CAP_P":"0","DIRAMAZ":"0","CAUSA_CHIUSURA":null}},{"type":"Feature","id":1868,"geometry":{"type":"Point","coordinates":[10.41968,43.78978]},"properties":{"OBJECTID":1868,"CODIMP":"53290","NOME":"RIGOLI","IMPIANTO":"S","COMUNE":"San Giuliano Terme","PROVINCIA":"Pisa","REGIONE":"Toscana","CODLINEACOMM":"K117","LINEACOMM":"PISA - LUCCA","DOIT":"FI","SERVIZIO_MERCI":"0","SERVIZIO_VIAGGIATORI":"SI","CAP_REG":"0","CAP_P":"0","DIRAMAZ":"0","CAUSA_CHIUSURA":null}},{"type":"Feature","id":1869,"geometry":{"type":"Point","coordinates":[10.43692,43.76499]},"properties":{"OBJECTID":1869,"CODIMP":"53345","NOME":"S.GIULIANO TERME","IMPIANTO":"S","COMUNE":"San Giuliano Terme","PROVINCIA":"Pisa","REGIONE":"Toscana","CODLINEACOMM":"K117","LINEACOMM":"PISA - LUCCA","DOIT":"FI","SERVIZIO_MERCI":"0","SERVIZIO_VIAGGIATORI":"SI","CAP_REG":"0","CAP_P":"0","DIRAMAZ":"0","CAUSA_CHIUSURA":null}},{"type":"Feature","id":1871,"geometry":{"type":"Point","coordinates":[11.24841,46.52859]},"properties":{"OBJECTID":1871,"CODIMP":"24980","NOME":"TERLANO-ANDRIANO","IMPIANTO":"S","COMUNE":"Terlano","PROVINCIA":"Bolzano","REGIONE":"Trentino-Alto Adige","CODLINEACOMM":"K068","LINEACOMM":"BOLZANO - MERANO","DOIT":"VR","SERVIZIO_MERCI":"0","SERVIZIO_VIAGGIATORI":"SI","CAP_REG":"0","CAP_P":"0","DIRAMAZ":"0","CAUSA_CHIUSURA":null}},{"type":"Feature","id":1872,"geometry":{"type":"Point","coordinates":[11.26481,46.50852]},"properties":{"OBJECTID":1872,"CODIMP":"24985","NOME":"SETTEQUERCE","IMPIANTO":"F","COMUNE":"Terlano","PROVINCIA":"Bolzano","REGIONE":"Trentino-Alto Adige","CODLINEACOMM":"K068","LINEACOMM":"BOLZANO - MERANO","DOIT":"VR","SERVIZIO_MERCI":"0","SERVIZIO_VIAGGIATORI":"SI","CAP_REG":"0","CAP_P":"0","DIRAMAZ":"0","CAUSA_CHIUSURA":null}},{"type":"Feature","id":1873,"geometry":{"type":"Point","coordinates":[11.14796,46.65628]},"properties":{"OBJECTID":1873,"CODIMP":"24860","NOME":"MERANO-MAIA BASSA","IMPIANTO":"S","COMUNE":"Merano","PROVINCIA":"Bolzano","REGIONE":"Trentino-Alto Adige","CODLINEACOMM":"K068","LINEACOMM":"BOLZANO - MERANO","DOIT":"VR","SERVIZIO_MERCI":"0","SERVIZIO_VIAGGIATORI":"SI","CAP_REG":"0","CAP_P":"0","DIRAMAZ":"0","CAUSA_CHIUSURA":null}},{"type":"Feature","id":1874,"geometry":{"type":"Point","coordinates":[11.18227,46.60815]},"properties":{"OBJECTID":1874,"CODIMP":"24900","NOME":"LANA POSTAL","IMPIANTO":"S","COMUNE":"Postal","PROVINCIA":"Bolzano","REGIONE":"Trentino-Alto Adige","CODLINEACOMM":"K068","LINEACOMM":"BOLZANO - MERANO","DOIT":"VR","SERVIZIO_MERCI":"0","SERVIZIO_VIAGGIATORI":"SI","CAP_REG":"0","CAP_P":"0","DIRAMAZ":"0","CAUSA_CHIUSURA":null}},{"type":"Feature","id":1875,"geometry":{"type":"Point","coordinates":[11.22016,46.55433]},"properties":{"OBJECTID":1875,"CODIMP":"24940","NOME":"VILPIANO-NALLES","IMPIANTO":"S","COMUNE":"Terlano","PROVINCIA":"Bolzano","REGIONE":"Trentino-Alto Adige","CODLINEACOMM":"K068","LINEACOMM":"BOLZANO - MERANO","DOIT":"VR","SERVIZIO_MERCI":"0","SERVIZIO_VIAGGIATORI":"SI","CAP_REG":"0","CAP_P":"0","DIRAMAZ":"0","CAUSA_CHIUSURA":null}},{"type":"Feature","id":1876,"geometry":{"type":"Point","coordinates":[8.95976,45.11633]},"properties":{"OBJECTID":1876,"CODIMP":"09603","NOME":"PIEVE ALBIGNOLA","IMPIANTO":"F","COMUNE":"Pieve Albignola","PROVINCIA":"Pavia","REGIONE":"Lombardia","CODLINEACOMM":"K028","LINEACOMM":"CAVA CARBONARA - TORREBERETTI","DOIT":"TO","SERVIZIO_MERCI":"0","SERVIZIO_VIAGGIATORI":"SI","CAP_REG":"0","CAP_P":"0","DIRAMAZ":"0","CAUSA_CHIUSURA":null}},{"type":"Feature","id":1877,"geometry":{"type":"Point","coordinates":[8.79915,45.11736]},"properties":{"OBJECTID":1877,"CODIMP":"09520","NOME":"LOMELLO","IMPIANTO":"S","COMUNE":"Lomello","PROVINCIA":"Pavia","REGIONE":"Lombardia","CODLINEACOMM":"K028","LINEACOMM":"CAVA CARBONARA - TORREBERETTI","DOIT":"TO","SERVIZIO_MERCI":"0","SERVIZIO_VIAGGIATORI":"SI","CAP_REG":"0","CAP_P":"0","DIRAMAZ":"0","CAUSA_CHIUSURA":null}},{"type":"Feature","id":1878,"geometry":{"type":"Point","coordinates":[8.74263,45.0951]},"properties":{"OBJECTID":1878,"CODIMP":"09517","NOME":"MEDE","IMPIANTO":"F","COMUNE":"Mede","PROVINCIA":"Pavia","REGIONE":"Lombardia","CODLINEACOMM":"K028","LINEACOMM":"CAVA CARBONARA - TORREBERETTI","DOIT":"TO","SERVIZIO_MERCI":"0","SERVIZIO_VIAGGIATORI":"SI","CAP_REG":"0","CAP_P":"0","DIRAMAZ":"0","CAUSA_CHIUSURA":null}},{"type":"Feature","id":1879,"geometry":{"type":"Point","coordinates":[9.58031,45.52185]},"properties":{"OBJECTID":1879,"CODIMP":"16400","NOME":"TREVIGLIO OVEST","IMPIANTO":"F","COMUNE":"Treviglio","PROVINCIA":"Bergamo","REGIONE":"Lombardia","CODLINEACOMM":"K050","LINEACOMM":"BIVIO BERGAMO - TREVIGLIO OVEST","DOIT":"MI","SERVIZIO_MERCI":"0","SERVIZIO_VIAGGIATORI":"SI","CAP_REG":"0","CAP_P":"0","DIRAMAZ":"1","CAUSA_CHIUSURA":null}},{"type":"Feature","id":1880,"geometry":{"type":"Point","coordinates":[9.58795,45.51514]},"properties":{"OBJECTID":1880,"CODIMP":"13220","NOME":"TREVIGLIO","IMPIANTO":"S","COMUNE":"Treviglio","PROVINCIA":"Bergamo","REGIONE":"Lombardia","CODLINEACOMM":"J023","LINEACOMM":"[MILANO] PIOLTELLO L. - BRESCIA - VERONA","DOIT":"MI","SERVIZIO_MERCI":"0","SERVIZIO_VIAGGIATORI":"SI","CAP_REG":"0","CAP_P":"0","DIRAMAZ":"1","CAUSA_CHIUSURA":null}},{"type":"Feature","id":1883,"geometry":{"type":"Point","coordinates":[11.7231,46.81489]},"properties":{"OBJECTID":1883,"CODIMP":"24740","NOME":"VANDOIES","IMPIANTO":"S","COMUNE":"Vandoies","PROVINCIA":"Bolzano","REGIONE":"Trentino-Alto Adige","CODLINEACOMM":"K067","LINEACOMM":"FORTEZZA - [S.CANDIDO] PRATO ALLA DRAVA","DOIT":"VR","SERVIZIO_MERCI":"0","SERVIZIO_VIAGGIATORI":"SI","CAP_REG":"0","CAP_P":"0","DIRAMAZ":"0","CAUSA_CHIUSURA":null}},{"type":"Feature","id":1884,"geometry":{"type":"Point","coordinates":[11.67004,46.79719]},"properties":{"OBJECTID":1884,"CODIMP":"24780","NOME":"RIO DI PUSTERIA","IMPIANTO":"S","COMUNE":"Rodengo","PROVINCIA":"Bolzano","REGIONE":"Trentino-Alto Adige","CODLINEACOMM":"K067","LINEACOMM":"FORTEZZA - [S.CANDIDO] PRATO ALLA DRAVA","DOIT":"VR","SERVIZIO_MERCI":"0","SERVIZIO_VIAGGIATORI":"SI","CAP_REG":"0","CAP_P":"0","DIRAMAZ":"0","CAUSA_CHIUSURA":null}},{"type":"Feature","id":1885,"geometry":{"type":"Point","coordinates":[12.16705,46.73656]},"properties":{"OBJECTID":1885,"CODIMP":"24540","NOME":"VILLABASSA-BRAIES-VAL DI BRAIES","IMPIANTO":"S","COMUNE":"Villabassa","PROVINCIA":"Bolzano","REGIONE":"Trentino-Alto Adige","CODLINEACOMM":"K067","LINEACOMM":"FORTEZZA - [S.CANDIDO] PRATO ALLA DRAVA","DOIT":"VR","SERVIZIO_MERCI":"0","SERVIZIO_VIAGGIATORI":"SI","CAP_REG":"0","CAP_P":"0","DIRAMAZ":"0","CAUSA_CHIUSURA":null}},{"type":"Feature","id":1886,"geometry":{"type":"Point","coordinates":[12.22514,46.72512]},"properties":{"OBJECTID":1886,"CODIMP":"24500","NOME":"DOBBIACO","IMPIANTO":"S","COMUNE":"Dobbiaco","PROVINCIA":"Bolzano","REGIONE":"Trentino-Alto Adige","CODLINEACOMM":"K067","LINEACOMM":"FORTEZZA - [S.CANDIDO] PRATO ALLA DRAVA","DOIT":"VR","SERVIZIO_MERCI":"0","SERVIZIO_VIAGGIATORI":"SI","CAP_REG":"0","CAP_P":"0","DIRAMAZ":"0","CAUSA_CHIUSURA":null}},{"type":"Feature","id":1887,"geometry":{"type":"Point","coordinates":[12.029,46.76929]},"properties":{"OBJECTID":1887,"CODIMP":"24620","NOME":"VALDAORA-ANTERSELVA","IMPIANTO":"S","COMUNE":"Valdaora","PROVINCIA":"Bolzano","REGIONE":"Trentino-Alto Adige","CODLINEACOMM":"K067","LINEACOMM":"FORTEZZA - [S.CANDIDO] PRATO ALLA DRAVA","DOIT":"VR","SERVIZIO_MERCI":"0","SERVIZIO_VIAGGIATORI":"SI","CAP_REG":"0","CAP_P":"0","DIRAMAZ":"0","CAUSA_CHIUSURA":null}},{"type":"Feature","id":1888,"geometry":{"type":"Point","coordinates":[12.10728,46.75284]},"properties":{"OBJECTID":1888,"CODIMP":"24580","NOME":"MONGUELFO","IMPIANTO":"S","COMUNE":"Monguelfo","PROVINCIA":"Bolzano","REGIONE":"Trentino-Alto Adige","CODLINEACOMM":"K067","LINEACOMM":"FORTEZZA - [S.CANDIDO] PRATO ALLA DRAVA","DOIT":"VR","SERVIZIO_MERCI":"0","SERVIZIO_VIAGGIATORI":"SI","CAP_REG":"0","CAP_P":"0","DIRAMAZ":"0","CAUSA_CHIUSURA":null}},{"type":"Feature","id":1889,"geometry":{"type":"Point","coordinates":[12.27193,46.73279]},"properties":{"OBJECTID":1889,"CODIMP":"24460","NOME":"S.CANDIDO","IMPIANTO":"S","COMUNE":"San Candido","PROVINCIA":"Bolzano","REGIONE":"Trentino-Alto Adige","CODLINEACOMM":"K067","LINEACOMM":"FORTEZZA - [S.CANDIDO] PRATO ALLA DRAVA","DOIT":"VR","SERVIZIO_MERCI":"0","SERVIZIO_VIAGGIATORI":"SI","CAP_REG":"0","CAP_P":"0","DIRAMAZ":"0","CAUSA_CHIUSURA":null}},{"type":"Feature","id":1890,"geometry":{"type":"Point","coordinates":[11.29774,46.48551]},"properties":{"OBJECTID":1890,"CODIMP":"25020","NOME":"PONTE D'ADIGE","IMPIANTO":"S","COMUNE":"Bolzano","PROVINCIA":"Bolzano","REGIONE":"Trentino-Alto Adige","CODLINEACOMM":"K068","LINEACOMM":"BOLZANO - MERANO","DOIT":"VR","SERVIZIO_MERCI":"0","SERVIZIO_VIAGGIATORI":"SI","CAP_REG":"0","CAP_P":"0","DIRAMAZ":"0","CAUSA_CHIUSURA":null}},{"type":"Feature","id":1891,"geometry":{"type":"Point","coordinates":[8.59165,45.51925]},"properties":{"OBJECTID":1891,"CODIMP":"05740","NOME":"CALTIGNAGA","IMPIANTO":"S","COMUNE":"Caltignaga","PROVINCIA":"Novara","REGIONE":"Piemonte","CODLINEACOMM":"K034","LINEACOMM":"BORGOMANERO - VIGNALE","DOIT":"TO","SERVIZIO_MERCI":"0","SERVIZIO_VIAGGIATORI":"SI","CAP_REG":"0","CAP_P":"0","DIRAMAZ":"0","CAUSA_CHIUSURA":null}},{"type":"Feature","id":1898,"geometry":{"type":"Point","coordinates":[8.59319,45.17999]},"properties":{"OBJECTID":1898,"CODIMP":"06740","NOME":"CANDIA LOMELLINA","IMPIANTO":"F","COMUNE":"Candia Lomellina","PROVINCIA":"Pavia","REGIONE":"Lombardia","CODLINEACOMM":"K218","LINEACOMM":"MORTARA - CASALE - ASTI","DOIT":"TO","SERVIZIO_MERCI":"0","SERVIZIO_VIAGGIATORI":"SI","CAP_REG":"0","CAP_P":"0","DIRAMAZ":"0","CAUSA_CHIUSURA":null}},{"type":"Feature","id":1899,"geometry":{"type":"Point","coordinates":[8.49847,45.64641]},"properties":{"OBJECTID":1899,"CODIMP":"05820","NOME":"CRESSA-FONTANETO","IMPIANTO":"F","COMUNE":"Cressa","PROVINCIA":"Novara","REGIONE":"Piemonte","CODLINEACOMM":"K034","LINEACOMM":"BORGOMANERO - VIGNALE","DOIT":"TO","SERVIZIO_MERCI":"0","SERVIZIO_VIAGGIATORI":"SI","CAP_REG":"0","CAP_P":"0","DIRAMAZ":"0","CAUSA_CHIUSURA":null}},{"type":"Feature","id":1900,"geometry":{"type":"Point","coordinates":[8.51939,45.62052]},"properties":{"OBJECTID":1900,"CODIMP":"05790","NOME":"SUNO","IMPIANTO":"F","COMUNE":"Suno","PROVINCIA":"Novara","REGIONE":"Piemonte","CODLINEACOMM":"K034","LINEACOMM":"BORGOMANERO - VIGNALE","DOIT":"TO","SERVIZIO_MERCI":"0","SERVIZIO_VIAGGIATORI":"SI","CAP_REG":"0","CAP_P":"0","DIRAMAZ":"0","CAUSA_CHIUSURA":null}},{"type":"Feature","id":1901,"geometry":{"type":"Point","coordinates":[8.5369,45.59917]},"properties":{"OBJECTID":1901,"CODIMP":"05785","NOME":"VAPRIO D'AGOGNA","IMPIANTO":"F","COMUNE":"Vaprio D'agogna","PROVINCIA":"Novara","REGIONE":"Piemonte","CODLINEACOMM":"K034","LINEACOMM":"BORGOMANERO - VIGNALE","DOIT":"TO","SERVIZIO_MERCI":"0","SERVIZIO_VIAGGIATORI":"SI","CAP_REG":"0","CAP_P":"0","DIRAMAZ":"0","CAUSA_CHIUSURA":null}},{"type":"Feature","id":1902,"geometry":{"type":"Point","coordinates":[8.55692,45.57472]},"properties":{"OBJECTID":1902,"CODIMP":"05780","NOME":"MOMO","IMPIANTO":"S","COMUNE":"Momo","PROVINCIA":"Novara","REGIONE":"Piemonte","CODLINEACOMM":"K034","LINEACOMM":"BORGOMANERO - VIGNALE","DOIT":"TO","SERVIZIO_MERCI":"0","SERVIZIO_VIAGGIATORI":"SI","CAP_REG":"0","CAP_P":"0","DIRAMAZ":"0","CAUSA_CHIUSURA":null}},{"type":"Feature","id":1903,"geometry":{"type":"Point","coordinates":[13.84999,42.89428]},"properties":{"OBJECTID":1903,"CODIMP":"58755","NOME":"MONTEPRANDONE","IMPIANTO":"F","COMUNE":"Monteprandone","PROVINCIA":"Ascoli Piceno","REGIONE":"Marche","CODLINEACOMM":"K124","LINEACOMM":"PORTO D'ASCOLI - ASCOLI PICENO","DOIT":"AN","SERVIZIO_MERCI":"0","SERVIZIO_VIAGGIATORI":"SI","CAP_REG":"0","CAP_P":"0","DIRAMAZ":"0","CAUSA_CHIUSURA":null}},{"type":"Feature","id":1907,"geometry":{"type":"Point","coordinates":[13.41217,41.94113]},"properties":{"OBJECTID":1907,"CODIMP":"66463","NOME":"CANISTRO","IMPIANTO":"F","COMUNE":"Canistro","PROVINCIA":"L'aquila","REGIONE":"Abruzzo","CODLINEACOMM":"K133","LINEACOMM":"AVEZZANO - ROCCASECCA","DOIT":"RM","SERVIZIO_MERCI":"0","SERVIZIO_VIAGGIATORI":"SI","CAP_REG":"0","CAP_P":"0","DIRAMAZ":"0","CAUSA_CHIUSURA":null}},{"type":"Feature","id":1908,"geometry":{"type":"Point","coordinates":[13.42489,41.91652]},"properties":{"OBJECTID":1908,"CODIMP":"66460","NOME":"CIVITELLA ROVETO","IMPIANTO":"S","COMUNE":"Civitella Roveto","PROVINCIA":"L'aquila","REGIONE":"Abruzzo","CODLINEACOMM":"K133","LINEACOMM":"AVEZZANO - ROCCASECCA","DOIT":"RM","SERVIZIO_MERCI":"0","SERVIZIO_VIAGGIATORI":"SI","CAP_REG":"0","CAP_P":"0","DIRAMAZ":"0","CAUSA_CHIUSURA":null}},{"type":"Feature","id":1909,"geometry":{"type":"Point","coordinates":[13.45887,41.87074]},"properties":{"OBJECTID":1909,"CODIMP":"66420","NOME":"CIVITA D'ANTINO-MORINO","IMPIANTO":"S","COMUNE":"Civita D'antino","PROVINCIA":"L'aquila","REGIONE":"Abruzzo","CODLINEACOMM":"K133","LINEACOMM":"AVEZZANO - ROCCASECCA","DOIT":"RM","SERVIZIO_MERCI":"0","SERVIZIO_VIAGGIATORI":"SI","CAP_REG":"0","CAP_P":"0","DIRAMAZ":"0","CAUSA_CHIUSURA":null}},{"type":"Feature","id":1910,"geometry":{"type":"Point","coordinates":[13.48811,41.85209]},"properties":{"OBJECTID":1910,"CODIMP":"66385","NOME":"MORREA-CASTRONOVO-RENDINARA","IMPIANTO":"F","COMUNE":"San Vincenzo Valle Roveto","PROVINCIA":"L'aquila","REGIONE":"Abruzzo","CODLINEACOMM":"K133","LINEACOMM":"AVEZZANO - ROCCASECCA","DOIT":"RM","SERVIZIO_MERCI":"0","SERVIZIO_VIAGGIATORI":"SI","CAP_REG":"0","CAP_P":"0","DIRAMAZ":"0","CAUSA_CHIUSURA":null}},{"type":"Feature","id":1911,"geometry":{"type":"Point","coordinates":[13.52615,41.83309]},"properties":{"OBJECTID":1911,"CODIMP":"66380","NOME":"S.VINCENZO VALLE ROVETO","IMPIANTO":"F","COMUNE":"San Vincenzo Valle Roveto","PROVINCIA":"L'aquila","REGIONE":"Abruzzo","CODLINEACOMM":"K133","LINEACOMM":"AVEZZANO - ROCCASECCA","DOIT":"RM","SERVIZIO_MERCI":"0","SERVIZIO_VIAGGIATORI":"SI","CAP_REG":"0","CAP_P":"0","DIRAMAZ":"0","CAUSA_CHIUSURA":null}},{"type":"Feature","id":1912,"geometry":{"type":"Point","coordinates":[13.76281,42.87042]},"properties":{"OBJECTID":1912,"CODIMP":"58745","NOME":"SPINETOLI COLLI","IMPIANTO":"F","COMUNE":"Spinetoli","PROVINCIA":"Ascoli Piceno","REGIONE":"Marche","CODLINEACOMM":"K124","LINEACOMM":"PORTO D'ASCOLI - ASCOLI PICENO","DOIT":"AN","SERVIZIO_MERCI":"0","SERVIZIO_VIAGGIATORI":"SI","CAP_REG":"0","CAP_P":"0","DIRAMAZ":"0","CAUSA_CHIUSURA":null}},{"type":"Feature","id":1913,"geometry":{"type":"Point","coordinates":[13.72029,42.86217]},"properties":{"OBJECTID":1913,"CODIMP":"58740","NOME":"OFFIDA CASTEL DI LAMA","IMPIANTO":"S","COMUNE":"Ascoli Piceno","PROVINCIA":"Ascoli Piceno","REGIONE":"Marche","CODLINEACOMM":"K124","LINEACOMM":"PORTO D'ASCOLI - ASCOLI PICENO","DOIT":"AN","SERVIZIO_MERCI":"0","SERVIZIO_VIAGGIATORI":"SI","CAP_REG":"0","CAP_P":"0","DIRAMAZ":"0","CAUSA_CHIUSURA":null}},{"type":"Feature","id":1914,"geometry":{"type":"Point","coordinates":[13.59995,42.84989]},"properties":{"OBJECTID":1914,"CODIMP":"58705","NOME":"S.FILIPPO","IMPIANTO":"F","COMUNE":"Ascoli Piceno","PROVINCIA":"Ascoli Piceno","REGIONE":"Marche","CODLINEACOMM":"K124","LINEACOMM":"PORTO D'ASCOLI - ASCOLI PICENO","DOIT":"AN","SERVIZIO_MERCI":"0","SERVIZIO_VIAGGIATORI":"SI","CAP_REG":"0","CAP_P":"0","DIRAMAZ":"0","CAUSA_CHIUSURA":null}},{"type":"Feature","id":1915,"geometry":{"type":"Point","coordinates":[13.63299,42.84444]},"properties":{"OBJECTID":1915,"CODIMP":"58710","NOME":"MARINO DEL TRONTO-FOLIGNATO","IMPIANTO":"F","COMUNE":"Ascoli Piceno","PROVINCIA":"Ascoli Piceno","REGIONE":"Marche","CODLINEACOMM":"K124","LINEACOMM":"PORTO D'ASCOLI - ASCOLI PICENO","DOIT":"AN","SERVIZIO_MERCI":"0","SERVIZIO_VIAGGIATORI":"SI","CAP_REG":"0","CAP_P":"0","DIRAMAZ":"0","CAUSA_CHIUSURA":null}},{"type":"Feature","id":1916,"geometry":{"type":"Point","coordinates":[13.66474,42.84501]},"properties":{"OBJECTID":1916,"CODIMP":"58715","NOME":"MALTIGNANO","IMPIANTO":"F","COMUNE":"Ascoli Piceno","PROVINCIA":"Ascoli Piceno","REGIONE":"Marche","CODLINEACOMM":"K124","LINEACOMM":"PORTO D'ASCOLI - ASCOLI PICENO","DOIT":"AN","SERVIZIO_MERCI":"0","SERVIZIO_VIAGGIATORI":"SI","CAP_REG":"0","CAP_P":"0","DIRAMAZ":"0","CAUSA_CHIUSURA":null}},{"type":"Feature","id":1917,"geometry":{"type":"Point","coordinates":[13.37749,41.96474]},"properties":{"OBJECTID":1917,"CODIMP":"66467","NOME":"CUPONE","IMPIANTO":"F","COMUNE":"Capistrello","PROVINCIA":"L'aquila","REGIONE":"Abruzzo","CODLINEACOMM":"K133","LINEACOMM":"AVEZZANO - ROCCASECCA","DOIT":"RM","SERVIZIO_MERCI":"0","SERVIZIO_VIAGGIATORI":"SI","CAP_REG":"0","CAP_P":"0","DIRAMAZ":"0","CAUSA_CHIUSURA":null}},{"type":"Feature","id":1918,"geometry":{"type":"Point","coordinates":[13.39163,41.959]},"properties":{"OBJECTID":1918,"CODIMP":"66465","NOME":"PESCOCANALE","IMPIANTO":"F","COMUNE":"Capistrello","PROVINCIA":"L'aquila","REGIONE":"Abruzzo","CODLINEACOMM":"K133","LINEACOMM":"AVEZZANO - ROCCASECCA","DOIT":"RM","SERVIZIO_MERCI":"0","SERVIZIO_VIAGGIATORI":"SI","CAP_REG":"0","CAP_P":"0","DIRAMAZ":"0","CAUSA_CHIUSURA":null}},{"type":"Feature","id":1919,"geometry":{"type":"Point","coordinates":[11.83196,44.51107]},"properties":{"OBJECTID":1919,"CODIMP":"44740","NOME":"CONSELICE","IMPIANTO":"S","COMUNE":"Conselice","PROVINCIA":"Ravenna","REGIONE":"Emilia-Romagna","CODLINEACOMM":"K105","LINEACOMM":"LUGO - LAVEZZOLA","DOIT":"BO","SERVIZIO_MERCI":"0","SERVIZIO_VIAGGIATORI":"SI","CAP_REG":"0","CAP_P":"0","DIRAMAZ":"0","CAUSA_CHIUSURA":null}},{"type":"Feature","id":1920,"geometry":{"type":"Point","coordinates":[11.82595,44.49033]},"properties":{"OBJECTID":1920,"CODIMP":"44750","NOME":"S.PATRIZIO","IMPIANTO":"F","COMUNE":"Conselice","PROVINCIA":"Ravenna","REGIONE":"Emilia-Romagna","CODLINEACOMM":"K105","LINEACOMM":"LUGO - LAVEZZOLA","DOIT":"BO","SERVIZIO_MERCI":"0","SERVIZIO_VIAGGIATORI":"SI","CAP_REG":"0","CAP_P":"0","DIRAMAZ":"0","CAUSA_CHIUSURA":null}},{"type":"Feature","id":1921,"geometry":{"type":"Point","coordinates":[11.88017,44.55968]},"properties":{"OBJECTID":1921,"CODIMP":"43180","NOME":"LAVEZZOLA","IMPIANTO":"S","COMUNE":"Conselice","PROVINCIA":"Ravenna","REGIONE":"Emilia-Romagna","CODLINEACOMM":"K100","LINEACOMM":"PORTOMAGGIORE - LAVEZZOLA","DOIT":"BO","SERVIZIO_MERCI":"0","SERVIZIO_VIAGGIATORI":"SI","CAP_REG":"0","CAP_P":"0","DIRAMAZ":"1","CAUSA_CHIUSURA":null}},{"type":"Feature","id":1922,"geometry":{"type":"Point","coordinates":[16.9654,40.48123]},"properties":{"OBJECTID":1922,"CODIMP":"77020","NOME":"CASTELLANETA MARINA","IMPIANTO":"S","COMUNE":"Castellaneta","PROVINCIA":"Taranto","REGIONE":"Puglia","CODLINEACOMM":"K156","LINEACOMM":"METAPONTO - TARANTO","DOIT":"BA","SERVIZIO_MERCI":"0","SERVIZIO_VIAGGIATORI":"SI","CAP_REG":"0","CAP_P":"0","DIRAMAZ":"0","CAUSA_CHIUSURA":null}},{"type":"Feature","id":1923,"geometry":{"type":"Point","coordinates":[16.89094,40.42932]},"properties":{"OBJECTID":1923,"CODIMP":"77060","NOME":"GINOSA","IMPIANTO":"S","COMUNE":"Ginosa","PROVINCIA":"Taranto","REGIONE":"Puglia","CODLINEACOMM":"K156","LINEACOMM":"METAPONTO - TARANTO","DOIT":"BA","SERVIZIO_MERCI":"0","SERVIZIO_VIAGGIATORI":"SI","CAP_REG":"0","CAP_P":"0","DIRAMAZ":"0","CAUSA_CHIUSURA":null}},{"type":"Feature","id":1924,"geometry":{"type":"Point","coordinates":[17.05918,40.51712]},"properties":{"OBJECTID":1924,"CODIMP":"76980","NOME":"PALAGIANO-CHIATONA","IMPIANTO":"S","COMUNE":"Massafra","PROVINCIA":"Taranto","REGIONE":"Puglia","CODLINEACOMM":"K156","LINEACOMM":"METAPONTO - TARANTO","DOIT":"BA","SERVIZIO_MERCI":"0","SERVIZIO_VIAGGIATORI":"SI","CAP_REG":"0","CAP_P":"0","DIRAMAZ":"0","CAUSA_CHIUSURA":null}},{"type":"Feature","id":1927,"geometry":{"type":"Point","coordinates":[13.58794,42.85557]},"properties":{"OBJECTID":1927,"CODIMP":"58700","NOME":"ASCOLI PICENO","IMPIANTO":"S","COMUNE":"Ascoli Piceno","PROVINCIA":"Ascoli Piceno","REGIONE":"Marche","CODLINEACOMM":"K124","LINEACOMM":"PORTO D'ASCOLI - ASCOLI PICENO","DOIT":"AN","SERVIZIO_MERCI":"0","SERVIZIO_VIAGGIATORI":"SI","CAP_REG":"0","CAP_P":"1","DIRAMAZ":"0","CAUSA_CHIUSURA":null}},{"type":"Feature","id":1929,"geometry":{"type":"Point","coordinates":[14.13815,42.35701]},"properties":{"OBJECTID":1929,"CODIMP":"56760","NOME":"CHIETI","IMPIANTO":"S","COMUNE":"Chieti","PROVINCIA":"Chieti","REGIONE":"Abruzzo","CODLINEACOMM":"K125","LINEACOMM":"PESCARA - SULMONA","DOIT":"AN","SERVIZIO_MERCI":"1","SERVIZIO_VIAGGIATORI":"SI","CAP_REG":"0","CAP_P":"1","DIRAMAZ":"0","CAUSA_CHIUSURA":null}},{"type":"Feature","id":1930,"geometry":{"type":"Point","coordinates":[14.06105,42.30595]},"properties":{"OBJECTID":1930,"CODIMP":"56720","NOME":"MANOPPELLO","IMPIANTO":"S","COMUNE":"Manoppello","PROVINCIA":"Pescara","REGIONE":"Abruzzo","CODLINEACOMM":"K125","LINEACOMM":"PESCARA - SULMONA","DOIT":"AN","SERVIZIO_MERCI":"0","SERVIZIO_VIAGGIATORI":"SI","CAP_REG":"0","CAP_P":"0","DIRAMAZ":"0","CAUSA_CHIUSURA":null}},{"type":"Feature","id":1931,"geometry":{"type":"Point","coordinates":[14.01959,42.28729]},"properties":{"OBJECTID":1931,"CODIMP":"56680","NOME":"ALANNO","IMPIANTO":"F","COMUNE":"Alanno","PROVINCIA":"Pescara","REGIONE":"Abruzzo","CODLINEACOMM":"K125","LINEACOMM":"PESCARA - SULMONA","DOIT":"AN","SERVIZIO_MERCI":"0","SERVIZIO_VIAGGIATORI":"SI","CAP_REG":"0","CAP_P":"0","DIRAMAZ":"0","CAUSA_CHIUSURA":null}},{"type":"Feature","id":1932,"geometry":{"type":"Point","coordinates":[13.99851,42.26744]},"properties":{"OBJECTID":1932,"CODIMP":"56640","NOME":"SCAFA S.VALENTINO-CARAMANICO TERME","IMPIANTO":"S","COMUNE":"Scafa","PROVINCIA":"Pescara","REGIONE":"Abruzzo","CODLINEACOMM":"K125","LINEACOMM":"PESCARA - SULMONA","DOIT":"AN","SERVIZIO_MERCI":"0","SERVIZIO_VIAGGIATORI":"SI","CAP_REG":"0","CAP_P":"0","DIRAMAZ":"0","CAUSA_CHIUSURA":null}},{"type":"Feature","id":1933,"geometry":{"type":"Point","coordinates":[13.95151,42.25456]},"properties":{"OBJECTID":1933,"CODIMP":"56605","NOME":"PIANO D'ORTA BOLOGNANO","IMPIANTO":"F","COMUNE":"Scafa","PROVINCIA":"Pescara","REGIONE":"Abruzzo","CODLINEACOMM":"K125","LINEACOMM":"PESCARA - SULMONA","DOIT":"AN","SERVIZIO_MERCI":"0","SERVIZIO_VIAGGIATORI":"SI","CAP_REG":"0","CAP_P":"0","DIRAMAZ":"0","CAUSA_CHIUSURA":null}},{"type":"Feature","id":1934,"geometry":{"type":"Point","coordinates":[13.93753,42.24412]},"properties":{"OBJECTID":1934,"CODIMP":"56600","NOME":"TORRE DEI PASSERI","IMPIANTO":"S","COMUNE":"Torre De' Passeri","PROVINCIA":"Pescara","REGIONE":"Abruzzo","CODLINEACOMM":"K125","LINEACOMM":"PESCARA - SULMONA","DOIT":"AN","SERVIZIO_MERCI":"0","SERVIZIO_VIAGGIATORI":"SI","CAP_REG":"0","CAP_P":"0","DIRAMAZ":"0","CAUSA_CHIUSURA":null}},{"type":"Feature","id":1936,"geometry":{"type":"Point","coordinates":[13.84908,42.19425]},"properties":{"OBJECTID":1936,"CODIMP":"56560","NOME":"BUSSI","IMPIANTO":"S","COMUNE":"Bussi Sul Tirino","PROVINCIA":"Pescara","REGIONE":"Abruzzo","CODLINEACOMM":"K125","LINEACOMM":"PESCARA - SULMONA","DOIT":"AN","SERVIZIO_MERCI":"0","SERVIZIO_VIAGGIATORI":"SI","CAP_REG":"0","CAP_P":"0","DIRAMAZ":"0","CAUSA_CHIUSURA":null}},{"type":"Feature","id":1937,"geometry":{"type":"Point","coordinates":[13.82615,42.17246]},"properties":{"OBJECTID":1937,"CODIMP":"56520","NOME":"POPOLI-VITTORITO","IMPIANTO":"S","COMUNE":"Popoli","PROVINCIA":"Pescara","REGIONE":"Abruzzo","CODLINEACOMM":"K125","LINEACOMM":"PESCARA - SULMONA","DOIT":"AN","SERVIZIO_MERCI":"0","SERVIZIO_VIAGGIATORI":"SI","CAP_REG":"0","CAP_P":"0","DIRAMAZ":"0","CAUSA_CHIUSURA":null}},{"type":"Feature","id":1938,"geometry":{"type":"Point","coordinates":[11.14901,46.67313]},"properties":{"OBJECTID":1938,"CODIMP":"24820","NOME":"MERANO","IMPIANTO":"S","COMUNE":"Merano","PROVINCIA":"Bolzano","REGIONE":"Trentino-Alto Adige","CODLINEACOMM":"K068","LINEACOMM":"BOLZANO - MERANO","DOIT":"VR","SERVIZIO_MERCI":"0","SERVIZIO_VIAGGIATORI":"SI","CAP_REG":"0","CAP_P":"0","DIRAMAZ":"0","CAUSA_CHIUSURA":null}},{"type":"Feature","id":1939,"geometry":{"type":"Point","coordinates":[12.79134,41.99972]},"properties":{"OBJECTID":1939,"CODIMP":"62900","NOME":"MARCELLINA PALOMBARA","IMPIANTO":"S","COMUNE":"Marcellina","PROVINCIA":"Roma","REGIONE":"Lazio","CODLINEACOMM":"K132","LINEACOMM":"AVEZZANO - GUIDONIA","DOIT":"RM","SERVIZIO_MERCI":"0","SERVIZIO_VIAGGIATORI":"SI","CAP_REG":"0","CAP_P":"0","DIRAMAZ":"0","CAUSA_CHIUSURA":null}},{"type":"Feature","id":1940,"geometry":{"type":"Point","coordinates":[12.80505,41.96196]},"properties":{"OBJECTID":1940,"CODIMP":"62940","NOME":"TIVOLI","IMPIANTO":"S","COMUNE":"Tivoli","PROVINCIA":"Roma","REGIONE":"Lazio","CODLINEACOMM":"K132","LINEACOMM":"AVEZZANO - GUIDONIA","DOIT":"RM","SERVIZIO_MERCI":"0","SERVIZIO_VIAGGIATORI":"SI","CAP_REG":"0","CAP_P":"0","DIRAMAZ":"0","CAUSA_CHIUSURA":null}},{"type":"Feature","id":1941,"geometry":{"type":"Point","coordinates":[12.72569,41.99351]},"properties":{"OBJECTID":1941,"CODIMP":"62860","NOME":"GUIDONIA-MONTECELIO-S.ANGELO","IMPIANTO":"S","COMUNE":"Guidonia Montecelio","PROVINCIA":"Roma","REGIONE":"Lazio","CODLINEACOMM":"R007","LINEACOMM":"NODO DI ROMA","DOIT":"RM","SERVIZIO_MERCI":"0","SERVIZIO_VIAGGIATORI":"SI","CAP_REG":"0","CAP_P":"0","DIRAMAZ":"0","CAUSA_CHIUSURA":null}},{"type":"Feature","id":1942,"geometry":{"type":"Point","coordinates":[12.86494,41.9885]},"properties":{"OBJECTID":1942,"CODIMP":"62980","NOME":"CASTEL MADAMA","IMPIANTO":"S","COMUNE":"Castel Madama","PROVINCIA":"Roma","REGIONE":"Lazio","CODLINEACOMM":"K132","LINEACOMM":"AVEZZANO - GUIDONIA","DOIT":"RM","SERVIZIO_MERCI":"0","SERVIZIO_VIAGGIATORI":"SI","CAP_REG":"0","CAP_P":"0","DIRAMAZ":"0","CAUSA_CHIUSURA":null}},{"type":"Feature","id":1943,"geometry":{"type":"Point","coordinates":[12.72221,41.9497]},"properties":{"OBJECTID":1943,"CODIMP":"62820","NOME":"BAGNI DI TIVOLI","IMPIANTO":"S","COMUNE":"Tivoli","PROVINCIA":"Roma","REGIONE":"Lazio","CODLINEACOMM":"R007","LINEACOMM":"NODO DI ROMA","DOIT":"RM","SERVIZIO_MERCI":"0","SERVIZIO_VIAGGIATORI":"SI","CAP_REG":"0","CAP_P":"0","DIRAMAZ":"0","CAUSA_CHIUSURA":null}},{"type":"Feature","id":1944,"geometry":{"type":"Point","coordinates":[11.60994,46.78891]},"properties":{"OBJECTID":1944,"CODIMP":"22560","NOME":"FORTEZZA","IMPIANTO":"S","COMUNE":"Fortezza","PROVINCIA":"Bolzano","REGIONE":"Trentino-Alto Adige","CODLINEACOMM":"J027","LINEACOMM":"BRENNERO - VERONA","DOIT":"VR","SERVIZIO_MERCI":"0","SERVIZIO_VIAGGIATORI":"SI","CAP_REG":"0","CAP_P":"0","DIRAMAZ":"1","CAUSA_CHIUSURA":null}},{"type":"Feature","id":1945,"geometry":{"type":"Point","coordinates":[11.84424,46.79778]},"properties":{"OBJECTID":1945,"CODIMP":"24700","NOME":"CASTELDARNE","IMPIANTO":"S","COMUNE":"Chienes","PROVINCIA":"Bolzano","REGIONE":"Trentino-Alto Adige","CODLINEACOMM":"K067","LINEACOMM":"FORTEZZA - [S.CANDIDO] PRATO ALLA DRAVA","DOIT":"VR","SERVIZIO_MERCI":"0","SERVIZIO_VIAGGIATORI":"SI","CAP_REG":"0","CAP_P":"0","DIRAMAZ":"0","CAUSA_CHIUSURA":null}},{"type":"Feature","id":1946,"geometry":{"type":"Point","coordinates":[11.82808,44.44903]},"properties":{"OBJECTID":1946,"CODIMP":"44780","NOME":"MASSALOMBARDA","IMPIANTO":"S","COMUNE":"Massa Lombarda","PROVINCIA":"Ravenna","REGIONE":"Emilia-Romagna","CODLINEACOMM":"K105","LINEACOMM":"LUGO - LAVEZZOLA","DOIT":"BO","SERVIZIO_MERCI":"0","SERVIZIO_VIAGGIATORI":"SI","CAP_REG":"0","CAP_P":"0","DIRAMAZ":"0","CAUSA_CHIUSURA":null}},{"type":"Feature","id":1949,"geometry":{"type":"Point","coordinates":[14.37605,37.60645]},"properties":{"OBJECTID":1949,"CODIMP":"90940","NOME":"LEONFORTE PIRATO","IMPIANTO":"S","COMUNE":"Leonforte","PROVINCIA":"Enna","REGIONE":"Sicilia","CODLINEACOMM":"K178","LINEACOMM":"CALTANISETTA XIRBI - BICOCCA","DOIT":"PA","SERVIZIO_MERCI":"0","SERVIZIO_VIAGGIATORI":"SI","CAP_REG":"0","CAP_P":"0","DIRAMAZ":"0","CAUSA_CHIUSURA":null}},{"type":"Feature","id":1950,"geometry":{"type":"Point","coordinates":[14.46242,37.56475]},"properties":{"OBJECTID":1950,"CODIMP":"90980","NOME":"DITTAINO","IMPIANTO":"S","COMUNE":"Assoro","PROVINCIA":"Enna","REGIONE":"Sicilia","CODLINEACOMM":"K178","LINEACOMM":"CALTANISETTA XIRBI - BICOCCA","DOIT":"PA","SERVIZIO_MERCI":"0","SERVIZIO_VIAGGIATORI":"SI","CAP_REG":"0","CAP_P":"0","DIRAMAZ":"0","CAUSA_CHIUSURA":null}},{"type":"Feature","id":1951,"geometry":{"type":"Point","coordinates":[14.28956,37.58128]},"properties":{"OBJECTID":1951,"CODIMP":"90900","NOME":"ENNA","IMPIANTO":"S","COMUNE":"Enna","PROVINCIA":"Enna","REGIONE":"Sicilia","CODLINEACOMM":"K178","LINEACOMM":"CALTANISETTA XIRBI - BICOCCA","DOIT":"PA","SERVIZIO_MERCI":"0","SERVIZIO_VIAGGIATORI":"SI","CAP_REG":"0","CAP_P":"1","DIRAMAZ":"0","CAUSA_CHIUSURA":null}},{"type":"Feature","id":1953,"geometry":{"type":"Point","coordinates":[14.68825,37.56217]},"properties":{"OBJECTID":1953,"CODIMP":"91100","NOME":"CATENANUOVA-CENTURIPE","IMPIANTO":"S","COMUNE":"Catenanuova","PROVINCIA":"Enna","REGIONE":"Sicilia","CODLINEACOMM":"K178","LINEACOMM":"CALTANISETTA XIRBI - BICOCCA","DOIT":"PA","SERVIZIO_MERCI":"0","SERVIZIO_VIAGGIATORI":"SI","CAP_REG":"0","CAP_P":"0","DIRAMAZ":"0","CAUSA_CHIUSURA":null}},{"type":"Feature","id":1956,"geometry":{"type":"Point","coordinates":[14.20045,37.56736]},"properties":{"OBJECTID":1956,"CODIMP":"90860","NOME":"VILLAROSA","IMPIANTO":"S","COMUNE":"Villarosa","PROVINCIA":"Enna","REGIONE":"Sicilia","CODLINEACOMM":"K178","LINEACOMM":"CALTANISETTA XIRBI - BICOCCA","DOIT":"PA","SERVIZIO_MERCI":"0","SERVIZIO_VIAGGIATORI":"SI","CAP_REG":"0","CAP_P":"0","DIRAMAZ":"0","CAUSA_CHIUSURA":null}},{"type":"Feature","id":1963,"geometry":{"type":"Point","coordinates":[14.64911,40.74578]},"properties":{"OBJECTID":1963,"CODIMP":"72241","NOME":"NOCERA INFERIORE MERCATO","IMPIANTO":"F","COMUNE":"Nocera Inferiore","PROVINCIA":"Salerno","REGIONE":"Campania","CODLINEACOMM":"K145","LINEACOMM":"NOCERA INFERIORE - CODOLA","DOIT":"NA","SERVIZIO_MERCI":"0","SERVIZIO_VIAGGIATORI":"SI","CAP_REG":"0","CAP_P":"0","DIRAMAZ":"0","CAUSA_CHIUSURA":null}},{"type":"Feature","id":1964,"geometry":{"type":"Point","coordinates":[11.1974,46.57617]},"properties":{"OBJECTID":1964,"CODIMP":"24924","NOME":"GARGAZZONE","IMPIANTO":"S","COMUNE":"Gargazzone","PROVINCIA":"Bolzano","REGIONE":"Trentino-Alto Adige","CODLINEACOMM":"K068","LINEACOMM":"BOLZANO - MERANO","DOIT":"VR","SERVIZIO_MERCI":"0","SERVIZIO_VIAGGIATORI":"SI","CAP_REG":"0","CAP_P":"0","DIRAMAZ":"0","CAUSA_CHIUSURA":null}},{"type":"Feature","id":1974,"geometry":{"type":"Point","coordinates":[16.07495,41.0819]},"properties":{"OBJECTID":1974,"CODIMP":"79260","NOME":"MINERVINO MURGE","IMPIANTO":"F","COMUNE":"Minervino Murge","PROVINCIA":"Bari","REGIONE":"Puglia","CODLINEACOMM":"K198","LINEACOMM":"BARLETTA - SPINAZZOLA","DOIT":"BA","SERVIZIO_MERCI":"0","SERVIZIO_VIAGGIATORI":"NO","CAP_REG":"0","CAP_P":"0","DIRAMAZ":"0","CAUSA_CHIUSURA":null}},{"type":"Feature","id":1977,"geometry":{"type":"Point","coordinates":[12.50222,41.90094]},"properties":{"OBJECTID":1977,"CODIMP":"63920","NOME":"ROMA TERMINI","IMPIANTO":"S","COMUNE":"Roma","PROVINCIA":"Roma","REGIONE":"Lazio","CODLINEACOMM":"R007","LINEACOMM":"NODO DI ROMA","DOIT":"RM","SERVIZIO_MERCI":"0","SERVIZIO_VIAGGIATORI":"SI","CAP_REG":"1","CAP_P":"1","DIRAMAZ":"1","CAUSA_CHIUSURA":null}},{"type":"Feature","id":1978,"geometry":{"type":"Point","coordinates":[12.54581,41.89767]},"properties":{"OBJECTID":1978,"CODIMP":"62660","NOME":"ROMA PRENESTINA","IMPIANTO":"S","COMUNE":"Roma","PROVINCIA":"Roma","REGIONE":"Lazio","CODLINEACOMM":"R007","LINEACOMM":"NODO DI ROMA","DOIT":"RM","SERVIZIO_MERCI":"0","SERVIZIO_VIAGGIATORI":"SI","CAP_REG":"0","CAP_P":"0","DIRAMAZ":"1","CAUSA_CHIUSURA":null}},{"type":"Feature","id":1979,"geometry":{"type":"Point","coordinates":[11.37074,44.59293]},"properties":{"OBJECTID":1979,"CODIMP":"41656","NOME":"FUNO CENTERGROSS","IMPIANTO":"F","COMUNE":"Argelato","PROVINCIA":"Bologna","REGIONE":"Emilia-Romagna","CODLINEACOMM":"R005","LINEACOMM":"NODO DI BOLOGNA","DOIT":"BO","SERVIZIO_MERCI":"0","SERVIZIO_VIAGGIATORI":"SI","CAP_REG":"0","CAP_P":"0","DIRAMAZ":"0","CAUSA_CHIUSURA":null}},{"type":"Feature","id":1982,"geometry":{"type":"Point","coordinates":[9.97065,44.20975]},"properties":{"OBJECTID":1982,"CODIMP":"50260","NOME":"AULLA LUNIGIANA","IMPIANTO":"S","COMUNE":"Aulla","PROVINCIA":"Massa-Carrara","REGIONE":"Toscana","CODLINEACOMM":"J047","LINEACOMM":"PARMA / FIDENZA - PONTREMOLI - VEZZANO / SARZANA","DOIT":"FI","SERVIZIO_MERCI":"0","SERVIZIO_VIAGGIATORI":"SI","CAP_REG":"0","CAP_P":"0","DIRAMAZ":"1","CAUSA_CHIUSURA":null}},{"type":"Feature","id":1984,"geometry":{"type":"Point","coordinates":[9.17735,45.49347]},"properties":{"OBJECTID":1984,"CODIMP":"16554","NOME":"MILANO LANCETTI","IMPIANTO":"S","COMUNE":"Milano","PROVINCIA":"Milano","REGIONE":"Lombardia","CODLINEACOMM":"R002","LINEACOMM":"NODO DI MILANO","DOIT":"MI","SERVIZIO_MERCI":"0","SERVIZIO_VIAGGIATORI":"SI","CAP_REG":"0","CAP_P":"0","DIRAMAZ":"1","CAUSA_CHIUSURA":null}},{"type":"Feature","id":1986,"geometry":{"type":"Point","coordinates":[9.18642,45.48535]},"properties":{"OBJECTID":1986,"CODIMP":"12270","NOME":"MILANO PORTA GARIBALDI","IMPIANTO":"S","COMUNE":"Milano","PROVINCIA":"Milano","REGIONE":"Lombardia","CODLINEACOMM":"R002","LINEACOMM":"NODO DI MILANO","DOIT":"MI","SERVIZIO_MERCI":"0","SERVIZIO_VIAGGIATORI":"SI","CAP_REG":"0","CAP_P":"0","DIRAMAZ":"1","CAUSA_CHIUSURA":null}},{"type":"Feature","id":1989,"geometry":{"type":"Point","coordinates":[11.31621,46.47954]},"properties":{"OBJECTID":1989,"CODIMP":"25025","NOME":"BOLZANO CASANOVA","IMPIANTO":"F","COMUNE":"Bolzano","PROVINCIA":"Bolzano","REGIONE":"Trentino-Alto Adige","CODLINEACOMM":"K068","LINEACOMM":"BOLZANO - MERANO","DOIT":"VR","SERVIZIO_MERCI":"0","SERVIZIO_VIAGGIATORI":"SI","CAP_REG":"0","CAP_P":"0","DIRAMAZ":"0","CAUSA_CHIUSURA":null}},{"type":"Feature","id":1991,"geometry":{"type":"Point","coordinates":[9.2354,45.606]},"properties":{"OBJECTID":1991,"CODIMP":"12860","NOME":"LISSONE-MUGGIO'","IMPIANTO":"F","COMUNE":"Lissone","PROVINCIA":"Milano","REGIONE":"Lombardia","CODLINEACOMM":"R002","LINEACOMM":"NODO DI MILANO","DOIT":"MI","SERVIZIO_MERCI":"0","SERVIZIO_VIAGGIATORI":"SI","CAP_REG":"0","CAP_P":"0","DIRAMAZ":"0","CAUSA_CHIUSURA":null}},{"type":"Feature","id":1992,"geometry":{"type":"Point","coordinates":[12.53108,41.91174]},"properties":{"OBJECTID":1992,"CODIMP":"59520","NOME":"ROMA TIBURTINA","IMPIANTO":"S","COMUNE":"Roma","PROVINCIA":"Roma","REGIONE":"Lazio","CODLINEACOMM":"R007","LINEACOMM":"NODO DI ROMA","DOIT":"RM","SERVIZIO_MERCI":"0","SERVIZIO_VIAGGIATORI":"SI","CAP_REG":"0","CAP_P":"0","DIRAMAZ":"1","CAUSA_CHIUSURA":null}},{"type":"Feature","id":1994,"geometry":{"type":"Point","coordinates":[11.36662,44.57562]},"properties":{"OBJECTID":1994,"CODIMP":"41660","NOME":"CASTELMAGGIORE","IMPIANTO":"S","COMUNE":"Castel Maggiore","PROVINCIA":"Bologna","REGIONE":"Emilia-Romagna","CODLINEACOMM":"R005","LINEACOMM":"NODO DI BOLOGNA","DOIT":"BO","SERVIZIO_MERCI":"0","SERVIZIO_VIAGGIATORI":"SI","CAP_REG":"0","CAP_P":"0","DIRAMAZ":"1","CAUSA_CHIUSURA":null}},{"type":"Feature","id":1996,"geometry":{"type":"Point","coordinates":[8.89653,44.67066]},"properties":{"OBJECTID":1996,"CODIMP":"34020","NOME":"RIGOROSO","IMPIANTO":"F","COMUNE":"Arquata Scrivia","PROVINCIA":"Alessandria","REGIONE":"Piemonte","CODLINEACOMM":"J019","LINEACOMM":"ARQUATA - MIGNANEGO / GENOVA RIVAROLO / GENOVA CAMPASSO [GENOVA] (compresa via Isola del Cantone)","DOIT":"GE","SERVIZIO_MERCI":"0","SERVIZIO_VIAGGIATORI":"SI","CAP_REG":"0","CAP_P":"0","DIRAMAZ":"0","CAUSA_CHIUSURA":null}},{"type":"Feature","id":1997,"geometry":{"type":"Point","coordinates":[8.92701,44.65873]},"properties":{"OBJECTID":1997,"CODIMP":"34030","NOME":"PIETRABISSARA","IMPIANTO":"F","COMUNE":"Isola Del Cantone","PROVINCIA":"Genova","REGIONE":"Liguria","CODLINEACOMM":"J019","LINEACOMM":"ARQUATA - MIGNANEGO / GENOVA RIVAROLO / GENOVA CAMPASSO [GENOVA] (compresa via Isola del Cantone)","DOIT":"GE","SERVIZIO_MERCI":"0","SERVIZIO_VIAGGIATORI":"SI","CAP_REG":"0","CAP_P":"0","DIRAMAZ":"0","CAUSA_CHIUSURA":null}},{"type":"Feature","id":1998,"geometry":{"type":"Point","coordinates":[8.95762,44.64667]},"properties":{"OBJECTID":1998,"CODIMP":"34040","NOME":"ISOLA DEL CANTONE","IMPIANTO":"F","COMUNE":"Isola Del Cantone","PROVINCIA":"Genova","REGIONE":"Liguria","CODLINEACOMM":"J019","LINEACOMM":"ARQUATA - MIGNANEGO / GENOVA RIVAROLO / GENOVA CAMPASSO [GENOVA] (compresa via Isola del Cantone)","DOIT":"GE","SERVIZIO_MERCI":"0","SERVIZIO_VIAGGIATORI":"SI","CAP_REG":"0","CAP_P":"0","DIRAMAZ":"0","CAUSA_CHIUSURA":null}},{"type":"Feature","id":1999,"geometry":{"type":"Point","coordinates":[8.88538,44.69262]},"properties":{"OBJECTID":1999,"CODIMP":"34000","NOME":"ARQUATA SCRIVIA","IMPIANTO":"S","COMUNE":"Arquata Scrivia","PROVINCIA":"Alessandria","REGIONE":"Piemonte","CODLINEACOMM":"J003","LINEACOMM":"[TORINO] TROFARELLO - ARQUATA","DOIT":"GE","SERVIZIO_MERCI":"1","SERVIZIO_VIAGGIATORI":"SI","CAP_REG":"0","CAP_P":"0","DIRAMAZ":"1","CAUSA_CHIUSURA":null}},{"type":"Feature","id":2000,"geometry":{"type":"Point","coordinates":[8.62584,45.02361]},"properties":{"OBJECTID":2000,"CODIMP":"03200","NOME":"VALENZA","IMPIANTO":"S","COMUNE":"Valenza","PROVINCIA":"Alessandria","REGIONE":"Piemonte","CODLINEACOMM":"K006","LINEACOMM":"CASALE MONFERRATO - VALENZA","DOIT":"TO","SERVIZIO_MERCI":"0","SERVIZIO_VIAGGIATORI":"SI","CAP_REG":"0","CAP_P":"0","DIRAMAZ":"1","CAUSA_CHIUSURA":null}},{"type":"Feature","id":2001,"geometry":{"type":"Point","coordinates":[7.48163,44.52067]},"properties":{"OBJECTID":2001,"CODIMP":"10900","NOME":"BUSCA","IMPIANTO":"S","COMUNE":"Busca","PROVINCIA":"Cuneo","REGIONE":"Piemonte","CODLINEACOMM":"K243","LINEACOMM":"SALUZZO - CUNEO","DOIT":"TO","SERVIZIO_MERCI":"1","SERVIZIO_VIAGGIATORI":"SI","CAP_REG":"0","CAP_P":"0","DIRAMAZ":"0","CAUSA_CHIUSURA":null}},{"type":"Feature","id":2002,"geometry":{"type":"Point","coordinates":[8.19186,44.39088]},"properties":{"OBJECTID":2002,"CODIMP":"04540","NOME":"CENGIO","IMPIANTO":"S","COMUNE":"Cengio","PROVINCIA":"Savona","REGIONE":"Liguria","CODLINEACOMM":"K014","LINEACOMM":"CEVA - S.GIUSEPPE DI C.","DOIT":"TO","SERVIZIO_MERCI":"0","SERVIZIO_VIAGGIATORI":"SI","CAP_REG":"0","CAP_P":"0","DIRAMAZ":"0","CAUSA_CHIUSURA":null}},{"type":"Feature","id":2004,"geometry":{"type":"Point","coordinates":[8.66047,45.06062]},"properties":{"OBJECTID":2004,"CODIMP":"03160","NOME":"TORREBERETTI","IMPIANTO":"S","COMUNE":"Torre Beretti E Castellaro","PROVINCIA":"Pavia","REGIONE":"Lombardia","CODLINEACOMM":"K026","LINEACOMM":"MORTARA - TORREBERETTI","DOIT":"TO","SERVIZIO_MERCI":"0","SERVIZIO_VIAGGIATORI":"SI","CAP_REG":"0","CAP_P":"0","DIRAMAZ":"1","CAUSA_CHIUSURA":null}},{"type":"Feature","id":2005,"geometry":{"type":"Point","coordinates":[8.41607,45.32998]},"properties":{"OBJECTID":2005,"CODIMP":"01520","NOME":"VERCELLI","IMPIANTO":"S","COMUNE":"Vercelli","PROVINCIA":"Vercelli","REGIONE":"Piemonte","CODLINEACOMM":"J011","LINEACOMM":"[TORINO] SETTIMO T. - RHO [MILANO] (compresa Novara Boschetto)","DOIT":"TO","SERVIZIO_MERCI":"1","SERVIZIO_VIAGGIATORI":"SI","CAP_REG":"0","CAP_P":"1","DIRAMAZ":"1","CAUSA_CHIUSURA":null}},{"type":"Feature","id":2011,"geometry":{"type":"Point","coordinates":[12.51582,44.07073]},"properties":{"OBJECTID":2011,"CODIMP":"40465","NOME":"RIMINIFIERA","IMPIANTO":"F","COMUNE":"Rimini","PROVINCIA":"Rimini","REGIONE":"Emilia-Romagna","CODLINEACOMM":"J063","LINEACOMM":"[BOLOGNA] MIRANDOLA O. - ANCONA (compresa Ancona - Ancona Marittima)","DOIT":"BO","SERVIZIO_MERCI":"0","SERVIZIO_VIAGGIATORI":"SI","CAP_REG":"0","CAP_P":"0","DIRAMAZ":"0","CAUSA_CHIUSURA":null}},{"type":"Feature","id":2014,"geometry":{"type":"Point","coordinates":[7.67751,45.06105]},"properties":{"OBJECTID":2014,"CODIMP":"02440","NOME":"TORINO PORTA NUOVA","IMPIANTO":"S","COMUNE":"Torino","PROVINCIA":"Torino","REGIONE":"Piemonte","CODLINEACOMM":"R001","LINEACOMM":"NODO DI TORINO","DOIT":"TO","SERVIZIO_MERCI":"0","SERVIZIO_VIAGGIATORI":"SI","CAP_REG":"1","CAP_P":"1","DIRAMAZ":"1","CAUSA_CHIUSURA":null}},{"type":"Feature","id":2017,"geometry":{"type":"Point","coordinates":[7.65751,45.02669]},"properties":{"OBJECTID":2017,"CODIMP":"01820","NOME":"TORINO LINGOTTO","IMPIANTO":"S","COMUNE":"Torino","PROVINCIA":"Torino","REGIONE":"Piemonte","CODLINEACOMM":"R001","LINEACOMM":"NODO DI TORINO","DOIT":"TO","SERVIZIO_MERCI":"0","SERVIZIO_VIAGGIATORI":"SI","CAP_REG":"0","CAP_P":"0","DIRAMAZ":"1","CAUSA_CHIUSURA":null}},{"type":"Feature","id":2018,"geometry":{"type":"Point","coordinates":[7.67803,44.99819]},"properties":{"OBJECTID":2018,"CODIMP":"01860","NOME":"MONCALIERI","IMPIANTO":"S","COMUNE":"Moncalieri","PROVINCIA":"Torino","REGIONE":"Piemonte","CODLINEACOMM":"R001","LINEACOMM":"NODO DI TORINO","DOIT":"TO","SERVIZIO_MERCI":"0","SERVIZIO_VIAGGIATORI":"SI","CAP_REG":"0","CAP_P":"0","DIRAMAZ":"1","CAUSA_CHIUSURA":null}},{"type":"Feature","id":2019,"geometry":{"type":"Point","coordinates":[7.73524,44.98055]},"properties":{"OBJECTID":2019,"CODIMP":"01900","NOME":"TROFARELLO","IMPIANTO":"S","COMUNE":"Trofarello","PROVINCIA":"Torino","REGIONE":"Piemonte","CODLINEACOMM":"R001","LINEACOMM":"NODO DI TORINO","DOIT":"TO","SERVIZIO_MERCI":"0","SERVIZIO_VIAGGIATORI":"SI","CAP_REG":"0","CAP_P":"0","DIRAMAZ":"1","CAUSA_CHIUSURA":null}},{"type":"Feature","id":2021,"geometry":{"type":"Point","coordinates":[11.09741,43.88472]},"properties":{"OBJECTID":2021,"CODIMP":"51527","NOME":"PRATO PORTA AL SERRAGLIO","IMPIANTO":"F","COMUNE":"Prato","PROVINCIA":"Prato","REGIONE":"Toscana","CODLINEACOMM":"K118","LINEACOMM":"PISTOIA - PRATO","DOIT":"FI","SERVIZIO_MERCI":"0","SERVIZIO_VIAGGIATORI":"SI","CAP_REG":"0","CAP_P":"0","DIRAMAZ":"0","CAUSA_CHIUSURA":null}},{"type":"Feature","id":2022,"geometry":{"type":"Point","coordinates":[11.10943,43.87877]},"properties":{"OBJECTID":2022,"CODIMP":"44920","NOME":"PRATO CENTRALE","IMPIANTO":"S","COMUNE":"Prato","PROVINCIA":"Prato","REGIONE":"Toscana","CODLINEACOMM":"J043","LINEACOMM":"[BOLOGNA] BOLOGNA S.RUFFILLO - FIRENZE CASTELLO [FIRENZE]","DOIT":"FI","SERVIZIO_MERCI":"1","SERVIZIO_VIAGGIATORI":"SI","CAP_REG":"0","CAP_P":"1","DIRAMAZ":"1","CAUSA_CHIUSURA":null}},{"type":"Feature","id":2028,"geometry":{"type":"Point","coordinates":[13.12482,38.18796]},"properties":{"OBJECTID":2028,"CODIMP":"89317","NOME":"ORSA","IMPIANTO":"F","COMUNE":"Cinisi","PROVINCIA":"Palermo","REGIONE":"Sicilia","CODLINEACOMM":"K181","LINEACOMM":"PALERMO CENTRALE/BRANCACCIO CARINI - PUNTA RAISI","DOIT":"PA","SERVIZIO_MERCI":"0","SERVIZIO_VIAGGIATORI":"SI","CAP_REG":"0","CAP_P":"0","DIRAMAZ":"0","CAUSA_CHIUSURA":null}},{"type":"Feature","id":2029,"geometry":{"type":"Point","coordinates":[13.11006,38.18904]},"properties":{"OBJECTID":2029,"CODIMP":"89320","NOME":"PALERMO AEROPORTO","IMPIANTO":"S","COMUNE":"Cinisi","PROVINCIA":"Palermo","REGIONE":"Sicilia","CODLINEACOMM":"K181","LINEACOMM":"PALERMO CENTRALE/BRANCACCIO CARINI - PUNTA RAISI","DOIT":"PA","SERVIZIO_MERCI":"0","SERVIZIO_VIAGGIATORI":"SI","CAP_REG":"0","CAP_P":"0","DIRAMAZ":"0","CAUSA_CHIUSURA":null}},{"type":"Feature","id":2031,"geometry":{"type":"Point","coordinates":[15.64945,38.11626]},"properties":{"OBJECTID":2031,"CODIMP":"81385","NOME":"REGGIO DI CALABRIA LIDO","IMPIANTO":"F","COMUNE":"Reggio Di Calabria","PROVINCIA":"Reggio Di Calabria","REGIONE":"Calabria","CODLINEACOMM":"J077","LINEACOMM":"PAOLA - REGGIO CALABRIA CENTRALE (compresa Eccellente - Rosarno)","DOIT":"RC","SERVIZIO_MERCI":"0","SERVIZIO_VIAGGIATORI":"SI","CAP_REG":"0","CAP_P":"0","DIRAMAZ":"0","CAUSA_CHIUSURA":null}},{"type":"Feature","id":2037,"geometry":{"type":"Point","coordinates":[9.70141,45.15498]},"properties":{"OBJECTID":2037,"CODIMP":"13940","NOME":"CODOGNO","IMPIANTO":"S","COMUNE":"Codogno","PROVINCIA":"Lodi","REGIONE":"Lombardia","CODLINEACOMM":"J041","LINEACOMM":"[MILANO] MILANO ROGOREDO - LAVINO [BOLOGNA]","DOIT":"MI","SERVIZIO_MERCI":"0","SERVIZIO_VIAGGIATORI":"SI","CAP_REG":"0","CAP_P":"0","DIRAMAZ":"1","CAUSA_CHIUSURA":null}},{"type":"Feature","id":2038,"geometry":{"type":"Point","coordinates":[9.36129,45.3379]},"properties":{"OBJECTID":2038,"CODIMP":"13773","NOME":"S.ZENONE AL LAMBRO","IMPIANTO":"F","COMUNE":"San Zenone Al Lambro","PROVINCIA":"Milano","REGIONE":"Lombardia","CODLINEACOMM":"J041","LINEACOMM":"[MILANO] MILANO ROGOREDO - LAVINO [BOLOGNA]","DOIT":"MI","SERVIZIO_MERCI":"0","SERVIZIO_VIAGGIATORI":"SI","CAP_REG":"0","CAP_P":"0","DIRAMAZ":"0","CAUSA_CHIUSURA":null}},{"type":"Feature","id":2039,"geometry":{"type":"Point","coordinates":[9.40278,45.32637]},"properties":{"OBJECTID":2039,"CODIMP":"13780","NOME":"TAVAZZANO","IMPIANTO":"S","COMUNE":"Tavazzano Con Villavesco","PROVINCIA":"Lodi","REGIONE":"Lombardia","CODLINEACOMM":"J041","LINEACOMM":"[MILANO] MILANO ROGOREDO - LAVINO [BOLOGNA]","DOIT":"MI","SERVIZIO_MERCI":"1","SERVIZIO_VIAGGIATORI":"SI","CAP_REG":"0","CAP_P":"0","DIRAMAZ":"1","CAUSA_CHIUSURA":null}},{"type":"Feature","id":2040,"geometry":{"type":"Point","coordinates":[9.49761,45.30904]},"properties":{"OBJECTID":2040,"CODIMP":"13820","NOME":"LODI","IMPIANTO":"S","COMUNE":"Lodi","PROVINCIA":"Lodi","REGIONE":"Lombardia","CODLINEACOMM":"J041","LINEACOMM":"[MILANO] MILANO ROGOREDO - LAVINO [BOLOGNA]","DOIT":"MI","SERVIZIO_MERCI":"0","SERVIZIO_VIAGGIATORI":"SI","CAP_REG":"0","CAP_P":"1","DIRAMAZ":"0","CAUSA_CHIUSURA":null}},{"type":"Feature","id":2041,"geometry":{"type":"Point","coordinates":[9.58687,45.22333]},"properties":{"OBJECTID":2041,"CODIMP":"13860","NOME":"SECUGNAGO","IMPIANTO":"S","COMUNE":"Secugnago","PROVINCIA":"Lodi","REGIONE":"Lombardia","CODLINEACOMM":"J041","LINEACOMM":"[MILANO] MILANO ROGOREDO - LAVINO [BOLOGNA]","DOIT":"MI","SERVIZIO_MERCI":"0","SERVIZIO_VIAGGIATORI":"SI","CAP_REG":"0","CAP_P":"0","DIRAMAZ":"0","CAUSA_CHIUSURA":null}},{"type":"Feature","id":2042,"geometry":{"type":"Point","coordinates":[9.72364,45.12217]},"properties":{"OBJECTID":2042,"CODIMP":"13943","NOME":"S.STEFANO LODIGIANO","IMPIANTO":"F","COMUNE":"Santo Stefano Lodigiano","PROVINCIA":"Lodi","REGIONE":"Lombardia","CODLINEACOMM":"J041","LINEACOMM":"[MILANO] MILANO ROGOREDO - LAVINO [BOLOGNA]","DOIT":"MI","SERVIZIO_MERCI":"0","SERVIZIO_VIAGGIATORI":"SI","CAP_REG":"0","CAP_P":"0","DIRAMAZ":"0","CAUSA_CHIUSURA":null}},{"type":"Feature","id":2043,"geometry":{"type":"Point","coordinates":[10.64311,44.69788]},"properties":{"OBJECTID":2043,"CODIMP":"38880","NOME":"REGGIO EMILIA","IMPIANTO":"S","COMUNE":"Reggio Nell'emilia","PROVINCIA":"Reggio Nell'emilia","REGIONE":"Emilia-Romagna","CODLINEACOMM":"J041","LINEACOMM":"[MILANO] MILANO ROGOREDO - LAVINO [BOLOGNA]","DOIT":"BO","SERVIZIO_MERCI":"0","SERVIZIO_VIAGGIATORI":"SI","CAP_REG":"0","CAP_P":"1","DIRAMAZ":"0","CAUSA_CHIUSURA":null}},{"type":"Feature","id":2044,"geometry":{"type":"Point","coordinates":[10.78028,44.65627]},"properties":{"OBJECTID":2044,"CODIMP":"38920","NOME":"RUBIERA","IMPIANTO":"S","COMUNE":"Rubiera","PROVINCIA":"Reggio Nell'emilia","REGIONE":"Emilia-Romagna","CODLINEACOMM":"J041","LINEACOMM":"[MILANO] MILANO ROGOREDO - LAVINO [BOLOGNA]","DOIT":"BO","SERVIZIO_MERCI":"1","SERVIZIO_VIAGGIATORI":"SI","CAP_REG":"0","CAP_P":"0","DIRAMAZ":"0","CAUSA_CHIUSURA":null}},{"type":"Feature","id":2045,"geometry":{"type":"Point","coordinates":[9.70636,45.05232]},"properties":{"OBJECTID":2045,"CODIMP":"38460","NOME":"PIACENZA","IMPIANTO":"S","COMUNE":"Piacenza","PROVINCIA":"Piacenza","REGIONE":"Emilia-Romagna","CODLINEACOMM":"J021","LINEACOMM":"ALESSANDRIA - PIACENZA (compresa Broni - Bressana B)","DOIT":"BO","SERVIZIO_MERCI":"1","SERVIZIO_VIAGGIATORI":"SI","CAP_REG":"0","CAP_P":"1","DIRAMAZ":"1","CAUSA_CHIUSURA":null}},{"type":"Feature","id":2046,"geometry":{"type":"Point","coordinates":[9.79213,45.00177]},"properties":{"OBJECTID":2046,"CODIMP":"38500","NOME":"PONTENURE","IMPIANTO":"S","COMUNE":"Pontenure","PROVINCIA":"Piacenza","REGIONE":"Emilia-Romagna","CODLINEACOMM":"J041","LINEACOMM":"[MILANO] MILANO ROGOREDO - LAVINO [BOLOGNA]","DOIT":"BO","SERVIZIO_MERCI":"0","SERVIZIO_VIAGGIATORI":"SI","CAP_REG":"0","CAP_P":"0","DIRAMAZ":"0","CAUSA_CHIUSURA":null}},{"type":"Feature","id":2047,"geometry":{"type":"Point","coordinates":[10.17673,44.83651]},"properties":{"OBJECTID":2047,"CODIMP":"38700","NOME":"CASTELGUELFO","IMPIANTO":"S","COMUNE":"Fontevivo","PROVINCIA":"Parma","REGIONE":"Emilia-Romagna","CODLINEACOMM":"J041","LINEACOMM":"[MILANO] MILANO ROGOREDO - LAVINO [BOLOGNA]","DOIT":"BO","SERVIZIO_MERCI":"1","SERVIZIO_VIAGGIATORI":"SI","CAP_REG":"0","CAP_P":"0","DIRAMAZ":"0","CAUSA_CHIUSURA":null}},{"type":"Feature","id":2048,"geometry":{"type":"Point","coordinates":[10.45049,44.76588]},"properties":{"OBJECTID":2048,"CODIMP":"38800","NOME":"S.ILARIO D'ENZA","IMPIANTO":"S","COMUNE":"Sant'ilario D'enza","PROVINCIA":"Reggio Nell'emilia","REGIONE":"Emilia-Romagna","CODLINEACOMM":"J041","LINEACOMM":"[MILANO] MILANO ROGOREDO - LAVINO [BOLOGNA]","DOIT":"BO","SERVIZIO_MERCI":"1","SERVIZIO_VIAGGIATORI":"SI","CAP_REG":"0","CAP_P":"0","DIRAMAZ":"0","CAUSA_CHIUSURA":null}},{"type":"Feature","id":2049,"geometry":{"type":"Point","coordinates":[11.71874,44.3595]},"properties":{"OBJECTID":2049,"CODIMP":"40120","NOME":"IMOLA","IMPIANTO":"S","COMUNE":"Imola","PROVINCIA":"Bologna","REGIONE":"Emilia-Romagna","CODLINEACOMM":"J063","LINEACOMM":"[BOLOGNA] MIRANDOLA O. - ANCONA (compresa Ancona - Ancona Marittima)","DOIT":"BO","SERVIZIO_MERCI":"0","SERVIZIO_VIAGGIATORI":"SI","CAP_REG":"0","CAP_P":"0","DIRAMAZ":"0","CAUSA_CHIUSURA":null}},{"type":"Feature","id":2050,"geometry":{"type":"Point","coordinates":[11.59769,44.40746]},"properties":{"OBJECTID":2050,"CODIMP":"40080","NOME":"CASTEL S.PIETRO TERME","IMPIANTO":"S","COMUNE":"Castel San Pietro Terme","PROVINCIA":"Bologna","REGIONE":"Emilia-Romagna","CODLINEACOMM":"J063","LINEACOMM":"[BOLOGNA] MIRANDOLA O. - ANCONA (compresa Ancona - Ancona Marittima)","DOIT":"BO","SERVIZIO_MERCI":"0","SERVIZIO_VIAGGIATORI":"SI","CAP_REG":"0","CAP_P":"0","DIRAMAZ":"0","CAUSA_CHIUSURA":null}},{"type":"Feature","id":2051,"geometry":{"type":"Point","coordinates":[11.8492,44.35651]},"properties":{"OBJECTID":2051,"CODIMP":"41840","NOME":"SOLAROLO","IMPIANTO":"S","COMUNE":"Solarolo","PROVINCIA":"Ravenna","REGIONE":"Emilia-Romagna","CODLINEACOMM":"K106","LINEACOMM":"LUGO - CASTELBOLOGNESE","DOIT":"BO","SERVIZIO_MERCI":"0","SERVIZIO_VIAGGIATORI":"SI","CAP_REG":"0","CAP_P":"0","DIRAMAZ":"0","CAUSA_CHIUSURA":null}},{"type":"Feature","id":2052,"geometry":{"type":"Point","coordinates":[11.8781,44.38734]},"properties":{"OBJECTID":2052,"CODIMP":"41870","NOME":"BARBIANO","IMPIANTO":"F","COMUNE":"Cotignola","PROVINCIA":"Ravenna","REGIONE":"Emilia-Romagna","CODLINEACOMM":"K106","LINEACOMM":"LUGO - CASTELBOLOGNESE","DOIT":"BO","SERVIZIO_MERCI":"0","SERVIZIO_VIAGGIATORI":"SI","CAP_REG":"0","CAP_P":"0","DIRAMAZ":"0","CAUSA_CHIUSURA":null}},{"type":"Feature","id":2054,"geometry":{"type":"Point","coordinates":[8.9175,45.48091]},"properties":{"OBJECTID":2054,"CODIMP":"12305","NOME":"CORBETTA-S.STEFANO TICINO","IMPIANTO":"F","COMUNE":"Santo Stefano Ticino","PROVINCIA":"Milano","REGIONE":"Lombardia","CODLINEACOMM":"J011","LINEACOMM":"[TORINO] SETTIMO T. - RHO [MILANO] (compresa Novara Boschetto)","DOIT":"MI","SERVIZIO_MERCI":"0","SERVIZIO_VIAGGIATORI":"SI","CAP_REG":"0","CAP_P":"0","DIRAMAZ":"0","CAUSA_CHIUSURA":null}},{"type":"Feature","id":2055,"geometry":{"type":"Point","coordinates":[8.88067,45.46828]},"properties":{"OBJECTID":2055,"CODIMP":"12300","NOME":"MAGENTA","IMPIANTO":"S","COMUNE":"Magenta","PROVINCIA":"Milano","REGIONE":"Lombardia","CODLINEACOMM":"J011","LINEACOMM":"[TORINO] SETTIMO T. - RHO [MILANO] (compresa Novara Boschetto)","DOIT":"MI","SERVIZIO_MERCI":"0","SERVIZIO_VIAGGIATORI":"SI","CAP_REG":"0","CAP_P":"0","DIRAMAZ":"0","CAUSA_CHIUSURA":null}},{"type":"Feature","id":2056,"geometry":{"type":"Point","coordinates":[8.94734,45.49114]},"properties":{"OBJECTID":2056,"CODIMP":"12340","NOME":"VITTUONE-ARLUNO","IMPIANTO":"S","COMUNE":"Vittuone","PROVINCIA":"Milano","REGIONE":"Lombardia","CODLINEACOMM":"J011","LINEACOMM":"[TORINO] SETTIMO T. - RHO [MILANO] (compresa Novara Boschetto)","DOIT":"MI","SERVIZIO_MERCI":"1","SERVIZIO_VIAGGIATORI":"SI","CAP_REG":"0","CAP_P":"0","DIRAMAZ":"0","CAUSA_CHIUSURA":null}},{"type":"Feature","id":2057,"geometry":{"type":"Point","coordinates":[8.73959,45.42867]},"properties":{"OBJECTID":2057,"CODIMP":"01760","NOME":"TRECATE","IMPIANTO":"S","COMUNE":"Trecate","PROVINCIA":"Novara","REGIONE":"Piemonte","CODLINEACOMM":"J011","LINEACOMM":"[TORINO] SETTIMO T. - RHO [MILANO] (compresa Novara Boschetto)","DOIT":"TO","SERVIZIO_MERCI":"1","SERVIZIO_VIAGGIATORI":"SI","CAP_REG":"0","CAP_P":"0","DIRAMAZ":"0","CAUSA_CHIUSURA":null}},{"type":"Feature","id":2058,"geometry":{"type":"Point","coordinates":[11.96942,44.41223]},"properties":{"OBJECTID":2058,"CODIMP":"41920","NOME":"BAGNACAVALLO","IMPIANTO":"S","COMUNE":"Bagnacavallo","PROVINCIA":"Ravenna","REGIONE":"Emilia-Romagna","CODLINEACOMM":"K107","LINEACOMM":"RUSSI - LUGO","DOIT":"BO","SERVIZIO_MERCI":"0","SERVIZIO_VIAGGIATORI":"SI","CAP_REG":"0","CAP_P":"0","DIRAMAZ":"0","CAUSA_CHIUSURA":null}},{"type":"Feature","id":2059,"geometry":{"type":"Point","coordinates":[10.9304,44.65454]},"properties":{"OBJECTID":2059,"CODIMP":"38960","NOME":"MODENA","IMPIANTO":"S","COMUNE":"Modena","PROVINCIA":"Modena","REGIONE":"Emilia-Romagna","CODLINEACOMM":"J041","LINEACOMM":"[MILANO] MILANO ROGOREDO - LAVINO [BOLOGNA]","DOIT":"BO","SERVIZIO_MERCI":"1","SERVIZIO_VIAGGIATORI":"SI","CAP_REG":"0","CAP_P":"1","DIRAMAZ":"1","CAUSA_CHIUSURA":null}},{"type":"Feature","id":2060,"geometry":{"type":"Point","coordinates":[11.05643,44.59747]},"properties":{"OBJECTID":2060,"CODIMP":"39000","NOME":"CASTELFRANCO EMILIA","IMPIANTO":"S","COMUNE":"Castelfranco Emilia","PROVINCIA":"Modena","REGIONE":"Emilia-Romagna","CODLINEACOMM":"J041","LINEACOMM":"[MILANO] MILANO ROGOREDO - LAVINO [BOLOGNA]","DOIT":"BO","SERVIZIO_MERCI":"0","SERVIZIO_VIAGGIATORI":"SI","CAP_REG":"0","CAP_P":"0","DIRAMAZ":"0","CAUSA_CHIUSURA":null}},{"type":"Feature","id":2062,"geometry":{"type":"Point","coordinates":[11.48643,44.45131]},"properties":{"OBJECTID":2062,"CODIMP":"40008","NOME":"OZZANO DELL' EMILIA","IMPIANTO":"F","COMUNE":"Ozzano Dell'emilia","PROVINCIA":"Bologna","REGIONE":"Emilia-Romagna","CODLINEACOMM":"J063","LINEACOMM":"[BOLOGNA] MIRANDOLA O. - ANCONA (compresa Ancona - Ancona Marittima)","DOIT":"BO","SERVIZIO_MERCI":"0","SERVIZIO_VIAGGIATORI":"SI","CAP_REG":"0","CAP_P":"0","DIRAMAZ":"0","CAUSA_CHIUSURA":null}},{"type":"Feature","id":2063,"geometry":{"type":"Point","coordinates":[11.52309,44.43688]},"properties":{"OBJECTID":2063,"CODIMP":"40040","NOME":"VARIGNANA","IMPIANTO":"F","COMUNE":"Castel San Pietro Terme","PROVINCIA":"Bologna","REGIONE":"Emilia-Romagna","CODLINEACOMM":"J063","LINEACOMM":"[BOLOGNA] MIRANDOLA O. - ANCONA (compresa Ancona - Ancona Marittima)","DOIT":"BO","SERVIZIO_MERCI":"0","SERVIZIO_VIAGGIATORI":"SI","CAP_REG":"0","CAP_P":"0","DIRAMAZ":"0","CAUSA_CHIUSURA":null}},{"type":"Feature","id":2069,"geometry":{"type":"Point","coordinates":[9.13394,45.50701]},"properties":{"OBJECTID":2069,"CODIMP":"12420","NOME":"MILANO CERTOSA","IMPIANTO":"S","COMUNE":"Milano","PROVINCIA":"Milano","REGIONE":"Lombardia","CODLINEACOMM":"R002","LINEACOMM":"NODO DI MILANO","DOIT":"MI","SERVIZIO_MERCI":"0","SERVIZIO_VIAGGIATORI":"SI","CAP_REG":"0","CAP_P":"0","DIRAMAZ":"1","CAUSA_CHIUSURA":null}},{"type":"Feature","id":2070,"geometry":{"type":"Point","coordinates":[8.67016,45.11181]},"properties":{"OBJECTID":2070,"CODIMP":"03120","NOME":"SARTIRANA","IMPIANTO":"F","COMUNE":"Sartirana Lomellina","PROVINCIA":"Pavia","REGIONE":"Lombardia","CODLINEACOMM":"K026","LINEACOMM":"MORTARA - TORREBERETTI","DOIT":"TO","SERVIZIO_MERCI":"0","SERVIZIO_VIAGGIATORI":"SI","CAP_REG":"0","CAP_P":"0","DIRAMAZ":"0","CAUSA_CHIUSURA":null}},{"type":"Feature","id":2071,"geometry":{"type":"Point","coordinates":[8.61071,44.97267]},"properties":{"OBJECTID":2071,"CODIMP":"03205","NOME":"VALMADONNA","IMPIANTO":"F","COMUNE":"Alessandria","PROVINCIA":"Alessandria","REGIONE":"Piemonte","CODLINEACOMM":"K007","LINEACOMM":"VALENZA - ALESSANDRIA","DOIT":"TO","SERVIZIO_MERCI":"0","SERVIZIO_VIAGGIATORI":"SI","CAP_REG":"0","CAP_P":"0","DIRAMAZ":"0","CAUSA_CHIUSURA":null}},{"type":"Feature","id":2072,"geometry":{"type":"Point","coordinates":[8.70327,45.31887]},"properties":{"OBJECTID":2072,"CODIMP":"03000","NOME":"BORGO LAVEZZARO","IMPIANTO":"S","COMUNE":"Borgolavezzaro","PROVINCIA":"Novara","REGIONE":"Piemonte","CODLINEACOMM":"K025","LINEACOMM":"NOVARA - MORTARA (compresa Novara Boschetto)","DOIT":"TO","SERVIZIO_MERCI":"0","SERVIZIO_VIAGGIATORI":"SI","CAP_REG":"0","CAP_P":"0","DIRAMAZ":"0","CAUSA_CHIUSURA":null}},{"type":"Feature","id":2073,"geometry":{"type":"Point","coordinates":[8.71464,45.29787]},"properties":{"OBJECTID":2073,"CODIMP":"03005","NOME":"ALBONESE","IMPIANTO":"F","COMUNE":"Albonese","PROVINCIA":"Pavia","REGIONE":"Lombardia","CODLINEACOMM":"K025","LINEACOMM":"NOVARA - MORTARA (compresa Novara Boschetto)","DOIT":"TO","SERVIZIO_MERCI":"0","SERVIZIO_VIAGGIATORI":"SI","CAP_REG":"0","CAP_P":"0","DIRAMAZ":"0","CAUSA_CHIUSURA":null}},{"type":"Feature","id":2074,"geometry":{"type":"Point","coordinates":[8.67198,45.3516]},"properties":{"OBJECTID":2074,"CODIMP":"02960","NOME":"VESPOLATE","IMPIANTO":"S","COMUNE":"Vespolate","PROVINCIA":"Novara","REGIONE":"Piemonte","CODLINEACOMM":"K025","LINEACOMM":"NOVARA - MORTARA (compresa Novara Boschetto)","DOIT":"TO","SERVIZIO_MERCI":"0","SERVIZIO_VIAGGIATORI":"SI","CAP_REG":"0","CAP_P":"0","DIRAMAZ":"0","CAUSA_CHIUSURA":null}},{"type":"Feature","id":2075,"geometry":{"type":"Point","coordinates":[8.71185,45.2122]},"properties":{"OBJECTID":2075,"CODIMP":"03067","NOME":"OLEVANO","IMPIANTO":"F","COMUNE":"Olevano Di Lomellina","PROVINCIA":"Pavia","REGIONE":"Lombardia","CODLINEACOMM":"K026","LINEACOMM":"MORTARA - TORREBERETTI","DOIT":"TO","SERVIZIO_MERCI":"0","SERVIZIO_VIAGGIATORI":"SI","CAP_REG":"0","CAP_P":"0","DIRAMAZ":"0","CAUSA_CHIUSURA":null}},{"type":"Feature","id":2076,"geometry":{"type":"Point","coordinates":[8.68591,45.15067]},"properties":{"OBJECTID":2076,"CODIMP":"03080","NOME":"VALLE LOMELLINA","IMPIANTO":"S","COMUNE":"Valle Lomellina","PROVINCIA":"Pavia","REGIONE":"Lombardia","CODLINEACOMM":"K026","LINEACOMM":"MORTARA - TORREBERETTI","DOIT":"TO","SERVIZIO_MERCI":"0","SERVIZIO_VIAGGIATORI":"SI","CAP_REG":"0","CAP_P":"0","DIRAMAZ":"0","CAUSA_CHIUSURA":null}},{"type":"Feature","id":2077,"geometry":{"type":"Point","coordinates":[10.40904,45.47387]},"properties":{"OBJECTID":2077,"CODIMP":"21580","NOME":"PONTE S.MARCO-CALCINATO","IMPIANTO":"F","COMUNE":"Calcinato","PROVINCIA":"Brescia","REGIONE":"Lombardia","CODLINEACOMM":"J023","LINEACOMM":"[MILANO] PIOLTELLO L. - BRESCIA - VERONA","DOIT":"VR","SERVIZIO_MERCI":"0","SERVIZIO_VIAGGIATORI":"SI","CAP_REG":"0","CAP_P":"0","DIRAMAZ":"0","CAUSA_CHIUSURA":null}},{"type":"Feature","id":2078,"geometry":{"type":"Point","coordinates":[10.48674,45.45728]},"properties":{"OBJECTID":2078,"CODIMP":"21620","NOME":"LONATO","IMPIANTO":"S","COMUNE":"Lonato Del Garda","PROVINCIA":"Brescia","REGIONE":"Lombardia","CODLINEACOMM":"J023","LINEACOMM":"[MILANO] PIOLTELLO L. - BRESCIA - VERONA","DOIT":"VR","SERVIZIO_MERCI":"1","SERVIZIO_VIAGGIATORI":"SI","CAP_REG":"0","CAP_P":"0","DIRAMAZ":"0","CAUSA_CHIUSURA":null}},{"type":"Feature","id":2080,"geometry":{"type":"Point","coordinates":[10.21286,45.53239]},"properties":{"OBJECTID":2080,"CODIMP":"13580","NOME":"BRESCIA","IMPIANTO":"S","COMUNE":"Brescia","PROVINCIA":"Brescia","REGIONE":"Lombardia","CODLINEACOMM":"J023","LINEACOMM":"[MILANO] PIOLTELLO L. - BRESCIA - VERONA","DOIT":"MI","SERVIZIO_MERCI":"1","SERVIZIO_VIAGGIATORI":"SI","CAP_REG":"0","CAP_P":"1","DIRAMAZ":"1","CAUSA_CHIUSURA":null}},{"type":"Feature","id":2081,"geometry":{"type":"Point","coordinates":[10.53635,45.46276]},"properties":{"OBJECTID":2081,"CODIMP":"21660","NOME":"DESENZANO-SIRMIONE","IMPIANTO":"S","COMUNE":"Desenzano Del Garda","PROVINCIA":"Brescia","REGIONE":"Lombardia","CODLINEACOMM":"J023","LINEACOMM":"[MILANO] PIOLTELLO L. - BRESCIA - VERONA","DOIT":"VR","SERVIZIO_MERCI":"0","SERVIZIO_VIAGGIATORI":"SI","CAP_REG":"0","CAP_P":"0","DIRAMAZ":"0","CAUSA_CHIUSURA":null}},{"type":"Feature","id":2082,"geometry":{"type":"Point","coordinates":[10.70253,45.43858]},"properties":{"OBJECTID":2082,"CODIMP":"21740","NOME":"PESCHIERA DEL GARDA","IMPIANTO":"S","COMUNE":"Peschiera Del Garda","PROVINCIA":"Verona","REGIONE":"Veneto","CODLINEACOMM":"J023","LINEACOMM":"[MILANO] PIOLTELLO L. - BRESCIA - VERONA","DOIT":"VR","SERVIZIO_MERCI":"0","SERVIZIO_VIAGGIATORI":"SI","CAP_REG":"0","CAP_P":"0","DIRAMAZ":"0","CAUSA_CHIUSURA":null}},{"type":"Feature","id":2083,"geometry":{"type":"Point","coordinates":[10.07439,45.54613]},"properties":{"OBJECTID":2083,"CODIMP":"13500","NOME":"OSPITALETTO-TRAVAGLIATO","IMPIANTO":"S","COMUNE":"Ospitaletto","PROVINCIA":"Brescia","REGIONE":"Lombardia","CODLINEACOMM":"J023","LINEACOMM":"[MILANO] PIOLTELLO L. - BRESCIA - VERONA","DOIT":"MI","SERVIZIO_MERCI":"1","SERVIZIO_VIAGGIATORI":"SI","CAP_REG":"0","CAP_P":"0","DIRAMAZ":"0","CAUSA_CHIUSURA":null}},{"type":"Feature","id":2084,"geometry":{"type":"Point","coordinates":[11.44135,46.93802]},"properties":{"OBJECTID":2084,"CODIMP":"22400","NOME":"COLLE ISARCO","IMPIANTO":"S","COMUNE":"Brennero","PROVINCIA":"Bolzano","REGIONE":"Trentino-Alto Adige","CODLINEACOMM":"J027","LINEACOMM":"BRENNERO - VERONA","DOIT":"VR","SERVIZIO_MERCI":"0","SERVIZIO_VIAGGIATORI":"SI","CAP_REG":"0","CAP_P":"0","DIRAMAZ":"0","CAUSA_CHIUSURA":null}},{"type":"Feature","id":2085,"geometry":{"type":"Point","coordinates":[11.44022,46.8958]},"properties":{"OBJECTID":2085,"CODIMP":"22440","NOME":"VIPITENO VAL DI VIZZE","IMPIANTO":"S","COMUNE":"Val Di Vizze","PROVINCIA":"Bolzano","REGIONE":"Trentino-Alto Adige","CODLINEACOMM":"J027","LINEACOMM":"BRENNERO - VERONA","DOIT":"VR","SERVIZIO_MERCI":"0","SERVIZIO_VIAGGIATORI":"SI","CAP_REG":"0","CAP_P":"0","DIRAMAZ":"0","CAUSA_CHIUSURA":null}},{"type":"Feature","id":2087,"geometry":{"type":"Point","coordinates":[11.35858,46.49642]},"properties":{"OBJECTID":2087,"CODIMP":"22860","NOME":"BOLZANO","IMPIANTO":"S","COMUNE":"Bolzano","PROVINCIA":"Bolzano","REGIONE":"Trentino-Alto Adige","CODLINEACOMM":"J027","LINEACOMM":"BRENNERO - VERONA","DOIT":"VR","SERVIZIO_MERCI":"1","SERVIZIO_VIAGGIATORI":"SI","CAP_REG":"0","CAP_P":"1","DIRAMAZ":"0","CAUSA_CHIUSURA":null}},{"type":"Feature","id":2088,"geometry":{"type":"Point","coordinates":[11.12862,46.20733]},"properties":{"OBJECTID":2088,"CODIMP":"23080","NOME":"MEZZOCORONA","IMPIANTO":"S","COMUNE":"Mezzocorona","PROVINCIA":"Trento","REGIONE":"Trentino-Alto Adige","CODLINEACOMM":"J027","LINEACOMM":"BRENNERO - VERONA","DOIT":"VR","SERVIZIO_MERCI":"0","SERVIZIO_VIAGGIATORI":"SI","CAP_REG":"0","CAP_P":"0","DIRAMAZ":"0","CAUSA_CHIUSURA":null}},{"type":"Feature","id":2089,"geometry":{"type":"Point","coordinates":[11.09601,46.14838]},"properties":{"OBJECTID":2089,"CODIMP":"23120","NOME":"LAVIS","IMPIANTO":"F","COMUNE":"Lavis","PROVINCIA":"Trento","REGIONE":"Trentino-Alto Adige","CODLINEACOMM":"J027","LINEACOMM":"BRENNERO - VERONA","DOIT":"VR","SERVIZIO_MERCI":"0","SERVIZIO_VIAGGIATORI":"SI","CAP_REG":"0","CAP_P":"0","DIRAMAZ":"0","CAUSA_CHIUSURA":null}},{"type":"Feature","id":2090,"geometry":{"type":"Point","coordinates":[11.31586,46.40512]},"properties":{"OBJECTID":2090,"CODIMP":"22920","NOME":"BRONZOLO","IMPIANTO":"S","COMUNE":"Bronzolo","PROVINCIA":"Bolzano","REGIONE":"Trentino-Alto Adige","CODLINEACOMM":"J027","LINEACOMM":"BRENNERO - VERONA","DOIT":"VR","SERVIZIO_MERCI":"0","SERVIZIO_VIAGGIATORI":"SI","CAP_REG":"0","CAP_P":"0","DIRAMAZ":"0","CAUSA_CHIUSURA":null}},{"type":"Feature","id":2091,"geometry":{"type":"Point","coordinates":[11.2968,46.36099]},"properties":{"OBJECTID":2091,"CODIMP":"22960","NOME":"ORA","IMPIANTO":"F","COMUNE":"Ora","PROVINCIA":"Bolzano","REGIONE":"Trentino-Alto Adige","CODLINEACOMM":"J027","LINEACOMM":"BRENNERO - VERONA","DOIT":"VR","SERVIZIO_MERCI":"0","SERVIZIO_VIAGGIATORI":"SI","CAP_REG":"0","CAP_P":"0","DIRAMAZ":"0","CAUSA_CHIUSURA":null}},{"type":"Feature","id":2092,"geometry":{"type":"Point","coordinates":[11.03354,45.89106]},"properties":{"OBJECTID":2092,"CODIMP":"23300","NOME":"ROVERETO","IMPIANTO":"S","COMUNE":"Rovereto","PROVINCIA":"Trento","REGIONE":"Trentino-Alto Adige","CODLINEACOMM":"J027","LINEACOMM":"BRENNERO - VERONA","DOIT":"VR","SERVIZIO_MERCI":"0","SERVIZIO_VIAGGIATORI":"SI","CAP_REG":"0","CAP_P":"0","DIRAMAZ":"0","CAUSA_CHIUSURA":null}},{"type":"Feature","id":2093,"geometry":{"type":"Point","coordinates":[11.00267,45.86129]},"properties":{"OBJECTID":2093,"CODIMP":"23340","NOME":"MORI","IMPIANTO":"F","COMUNE":"Rovereto","PROVINCIA":"Trento","REGIONE":"Trentino-Alto Adige","CODLINEACOMM":"J027","LINEACOMM":"BRENNERO - VERONA","DOIT":"VR","SERVIZIO_MERCI":"0","SERVIZIO_VIAGGIATORI":"SI","CAP_REG":"0","CAP_P":"0","DIRAMAZ":"0","CAUSA_CHIUSURA":null}},{"type":"Feature","id":2094,"geometry":{"type":"Point","coordinates":[10.9968,45.76016]},"properties":{"OBJECTID":2094,"CODIMP":"23380","NOME":"ALA","IMPIANTO":"S","COMUNE":"Ala","PROVINCIA":"Trento","REGIONE":"Trentino-Alto Adige","CODLINEACOMM":"J027","LINEACOMM":"BRENNERO - VERONA","DOIT":"VR","SERVIZIO_MERCI":"0","SERVIZIO_VIAGGIATORI":"SI","CAP_REG":"0","CAP_P":"0","DIRAMAZ":"0","CAUSA_CHIUSURA":null}},{"type":"Feature","id":2095,"geometry":{"type":"Point","coordinates":[10.95587,45.73397]},"properties":{"OBJECTID":2095,"CODIMP":"23385","NOME":"AVIO","IMPIANTO":"F","COMUNE":"Avio","PROVINCIA":"Trento","REGIONE":"Trentino-Alto Adige","CODLINEACOMM":"J027","LINEACOMM":"BRENNERO - VERONA","DOIT":"VR","SERVIZIO_MERCI":"0","SERVIZIO_VIAGGIATORI":"SI","CAP_REG":"0","CAP_P":"0","DIRAMAZ":"0","CAUSA_CHIUSURA":null}},{"type":"Feature","id":2096,"geometry":{"type":"Point","coordinates":[10.9271,45.69679]},"properties":{"OBJECTID":2096,"CODIMP":"23387","NOME":"BORGHETTO SULL'ADIGE","IMPIANTO":"F","COMUNE":"Avio","PROVINCIA":"Trento","REGIONE":"Trentino-Alto Adige","CODLINEACOMM":"J027","LINEACOMM":"BRENNERO - VERONA","DOIT":"VR","SERVIZIO_MERCI":"0","SERVIZIO_VIAGGIATORI":"SI","CAP_REG":"0","CAP_P":"0","DIRAMAZ":"0","CAUSA_CHIUSURA":null}},{"type":"Feature","id":2097,"geometry":{"type":"Point","coordinates":[10.90033,45.65848]},"properties":{"OBJECTID":2097,"CODIMP":"23420","NOME":"PERI","IMPIANTO":"S","COMUNE":"Dolcè","PROVINCIA":"Verona","REGIONE":"Veneto","CODLINEACOMM":"J027","LINEACOMM":"BRENNERO - VERONA","DOIT":"VR","SERVIZIO_MERCI":"0","SERVIZIO_VIAGGIATORI":"SI","CAP_REG":"0","CAP_P":"0","DIRAMAZ":"0","CAUSA_CHIUSURA":null}},{"type":"Feature","id":2098,"geometry":{"type":"Point","coordinates":[10.85062,45.60159]},"properties":{"OBJECTID":2098,"CODIMP":"23460","NOME":"P.C. DOLCE'","IMPIANTO":"PC","COMUNE":"Dolcè","PROVINCIA":"Verona","REGIONE":"Veneto","CODLINEACOMM":"J027","LINEACOMM":"BRENNERO - VERONA","DOIT":"VR","SERVIZIO_MERCI":"0","SERVIZIO_VIAGGIATORI":"SI","CAP_REG":"0","CAP_P":"0","DIRAMAZ":"0","CAUSA_CHIUSURA":null}},{"type":"Feature","id":2099,"geometry":{"type":"Point","coordinates":[9.63971,45.51794]},"properties":{"OBJECTID":2099,"CODIMP":"13260","NOME":"VIDALENGO","IMPIANTO":"F","COMUNE":"Caravaggio","PROVINCIA":"Bergamo","REGIONE":"Lombardia","CODLINEACOMM":"J023","LINEACOMM":"[MILANO] PIOLTELLO L. - BRESCIA - VERONA","DOIT":"MI","SERVIZIO_MERCI":"0","SERVIZIO_VIAGGIATORI":"SI","CAP_REG":"0","CAP_P":"0","DIRAMAZ":"0","CAUSA_CHIUSURA":null}},{"type":"Feature","id":2100,"geometry":{"type":"Point","coordinates":[9.70314,45.52171]},"properties":{"OBJECTID":2100,"CODIMP":"13300","NOME":"MORENGO-BARIANO","IMPIANTO":"F","COMUNE":"Bariano","PROVINCIA":"Bergamo","REGIONE":"Lombardia","CODLINEACOMM":"J023","LINEACOMM":"[MILANO] PIOLTELLO L. - BRESCIA - VERONA","DOIT":"MI","SERVIZIO_MERCI":"0","SERVIZIO_VIAGGIATORI":"SI","CAP_REG":"0","CAP_P":"0","DIRAMAZ":"0","CAUSA_CHIUSURA":null}},{"type":"Feature","id":2101,"geometry":{"type":"Point","coordinates":[9.84137,45.53302]},"properties":{"OBJECTID":2101,"CODIMP":"13380","NOME":"CALCIO","IMPIANTO":"F","COMUNE":"Cividate Al Piano","PROVINCIA":"Bergamo","REGIONE":"Lombardia","CODLINEACOMM":"J023","LINEACOMM":"[MILANO] PIOLTELLO L. - BRESCIA - VERONA","DOIT":"MI","SERVIZIO_MERCI":"0","SERVIZIO_VIAGGIATORI":"SI","CAP_REG":"0","CAP_P":"0","DIRAMAZ":"0","CAUSA_CHIUSURA":null}},{"type":"Feature","id":2102,"geometry":{"type":"Point","coordinates":[9.75343,45.52392]},"properties":{"OBJECTID":2102,"CODIMP":"13340","NOME":"ROMANO","IMPIANTO":"S","COMUNE":"Romano Di Lombardia","PROVINCIA":"Bergamo","REGIONE":"Lombardia","CODLINEACOMM":"J023","LINEACOMM":"[MILANO] PIOLTELLO L. - BRESCIA - VERONA","DOIT":"MI","SERVIZIO_MERCI":"0","SERVIZIO_VIAGGIATORI":"SI","CAP_REG":"0","CAP_P":"0","DIRAMAZ":"0","CAUSA_CHIUSURA":null}},{"type":"Feature","id":2103,"geometry":{"type":"Point","coordinates":[9.92651,45.54019]},"properties":{"OBJECTID":2103,"CODIMP":"13420","NOME":"CHIARI","IMPIANTO":"F","COMUNE":"Chiari","PROVINCIA":"Brescia","REGIONE":"Lombardia","CODLINEACOMM":"J023","LINEACOMM":"[MILANO] PIOLTELLO L. - BRESCIA - VERONA","DOIT":"MI","SERVIZIO_MERCI":"0","SERVIZIO_VIAGGIATORI":"SI","CAP_REG":"0","CAP_P":"0","DIRAMAZ":"0","CAUSA_CHIUSURA":null}},{"type":"Feature","id":2105,"geometry":{"type":"Point","coordinates":[10.82043,45.52242]},"properties":{"OBJECTID":2105,"CODIMP":"23500","NOME":"DOMEGLIARA","IMPIANTO":"S","COMUNE":"Sant'ambrogio Di Valpolicella","PROVINCIA":"Verona","REGIONE":"Veneto","CODLINEACOMM":"J027","LINEACOMM":"BRENNERO - VERONA","DOIT":"VR","SERVIZIO_MERCI":"1","SERVIZIO_VIAGGIATORI":"SI","CAP_REG":"0","CAP_P":"0","DIRAMAZ":"0","CAUSA_CHIUSURA":null}},{"type":"Feature","id":2110,"geometry":{"type":"Point","coordinates":[11.11897,46.07248]},"properties":{"OBJECTID":2110,"CODIMP":"23160","NOME":"TRENTO","IMPIANTO":"S","COMUNE":"Trento","PROVINCIA":"Trento","REGIONE":"Trentino-Alto Adige","CODLINEACOMM":"J027","LINEACOMM":"BRENNERO - VERONA","DOIT":"VR","SERVIZIO_MERCI":"0","SERVIZIO_VIAGGIATORI":"SI","CAP_REG":"1","CAP_P":"1","DIRAMAZ":"1","CAUSA_CHIUSURA":null}},{"type":"Feature","id":2113,"geometry":{"type":"Point","coordinates":[9.32935,45.48591]},"properties":{"OBJECTID":2113,"CODIMP":"13060","NOME":"PIOLTELLO-LIMITO","IMPIANTO":"S","COMUNE":"Pioltello","PROVINCIA":"Milano","REGIONE":"Lombardia","CODLINEACOMM":"R002","LINEACOMM":"NODO DI MILANO","DOIT":"MI","SERVIZIO_MERCI":"0","SERVIZIO_VIAGGIATORI":"SI","CAP_REG":"0","CAP_P":"0","DIRAMAZ":"1","CAUSA_CHIUSURA":null}},{"type":"Feature","id":2115,"geometry":{"type":"Point","coordinates":[11.32355,46.43416]},"properties":{"OBJECTID":2115,"CODIMP":"22865","NOME":"LAIVES","IMPIANTO":"F","COMUNE":"Laives","PROVINCIA":"Bolzano","REGIONE":"Trentino-Alto Adige","CODLINEACOMM":"J027","LINEACOMM":"BRENNERO - VERONA","DOIT":"VR","SERVIZIO_MERCI":"0","SERVIZIO_VIAGGIATORI":"SI","CAP_REG":"0","CAP_P":"0","DIRAMAZ":"0","CAUSA_CHIUSURA":null}},{"type":"Feature","id":2116,"geometry":{"type":"Point","coordinates":[11.6497,46.71016]},"properties":{"OBJECTID":2116,"CODIMP":"22620","NOME":"BRESSANONE","IMPIANTO":"S","COMUNE":"Bressanone","PROVINCIA":"Bolzano","REGIONE":"Trentino-Alto Adige","CODLINEACOMM":"J027","LINEACOMM":"BRENNERO - VERONA","DOIT":"VR","SERVIZIO_MERCI":"0","SERVIZIO_VIAGGIATORI":"SI","CAP_REG":"0","CAP_P":"0","DIRAMAZ":"0","CAUSA_CHIUSURA":null}},{"type":"Feature","id":2117,"geometry":{"type":"Point","coordinates":[9.15449,45.25701]},"properties":{"OBJECTID":2117,"CODIMP":"14160","NOME":"CERTOSA DI PAVIA","IMPIANTO":"S","COMUNE":"Giussago","PROVINCIA":"Pavia","REGIONE":"Lombardia","CODLINEACOMM":"J005","LINEACOMM":"[MILANO] MILANO ROGOREDO - ARQUATA (compresa via Novi L. e via Bressana B. - Arena Po)","DOIT":"MI","SERVIZIO_MERCI":"0","SERVIZIO_VIAGGIATORI":"SI","CAP_REG":"0","CAP_P":"0","DIRAMAZ":"0","CAUSA_CHIUSURA":null}},{"type":"Feature","id":2118,"geometry":{"type":"Point","coordinates":[9.11536,45.14495]},"properties":{"OBJECTID":2118,"CODIMP":"14300","NOME":"SAN MARTINO SICCOMARIO-CAVA MANARA","IMPIANTO":"S","COMUNE":"Cava Manara","PROVINCIA":"Pavia","REGIONE":"Lombardia","CODLINEACOMM":"J005","LINEACOMM":"[MILANO] MILANO ROGOREDO - ARQUATA (compresa via Novi L. e via Bressana B. - Arena Po)","DOIT":"MI","SERVIZIO_MERCI":"1","SERVIZIO_VIAGGIATORI":"SI","CAP_REG":"0","CAP_P":"0","DIRAMAZ":"0","CAUSA_CHIUSURA":null}},{"type":"Feature","id":2119,"geometry":{"type":"Point","coordinates":[9.06901,45.04992]},"properties":{"OBJECTID":2119,"CODIMP":"14380","NOME":"PIZZALE LUNGAVILLA","IMPIANTO":"S","COMUNE":"Pizzale","PROVINCIA":"Pavia","REGIONE":"Lombardia","CODLINEACOMM":"J005","LINEACOMM":"[MILANO] MILANO ROGOREDO - ARQUATA (compresa via Novi L. e via Bressana B. - Arena Po)","DOIT":"MI","SERVIZIO_MERCI":"0","SERVIZIO_VIAGGIATORI":"SI","CAP_REG":"0","CAP_P":"0","DIRAMAZ":"0","CAUSA_CHIUSURA":null}},{"type":"Feature","id":2120,"geometry":{"type":"Point","coordinates":[9.00797,44.99788]},"properties":{"OBJECTID":2120,"CODIMP":"16740","NOME":"VOGHERA","IMPIANTO":"S","COMUNE":"Voghera","PROVINCIA":"Pavia","REGIONE":"Lombardia","CODLINEACOMM":"J005","LINEACOMM":"[MILANO] MILANO ROGOREDO - ARQUATA (compresa via Novi L. e via Bressana B. - Arena Po)","DOIT":"MI","SERVIZIO_MERCI":"0","SERVIZIO_VIAGGIATORI":"SI","CAP_REG":"0","CAP_P":"0","DIRAMAZ":"1","CAUSA_CHIUSURA":null}},{"type":"Feature","id":2121,"geometry":{"type":"Point","coordinates":[9.23873,45.43485]},"properties":{"OBJECTID":2121,"CODIMP":"13700","NOME":"MILANO ROGOREDO","IMPIANTO":"S","COMUNE":"Milano","PROVINCIA":"Milano","REGIONE":"Lombardia","CODLINEACOMM":"R002","LINEACOMM":"NODO DI MILANO","DOIT":"MI","SERVIZIO_MERCI":"0","SERVIZIO_VIAGGIATORI":"SI","CAP_REG":"0","CAP_P":"0","DIRAMAZ":"1","CAUSA_CHIUSURA":null}},{"type":"Feature","id":2122,"geometry":{"type":"Point","coordinates":[9.22143,45.35981]},"properties":{"OBJECTID":2122,"CODIMP":"14080","NOME":"LOCATE TRIULZI","IMPIANTO":"S","COMUNE":"Locate Di Triulzi","PROVINCIA":"Milano","REGIONE":"Lombardia","CODLINEACOMM":"J005","LINEACOMM":"[MILANO] MILANO ROGOREDO - ARQUATA (compresa via Novi L. e via Bressana B. - Arena Po)","DOIT":"MI","SERVIZIO_MERCI":"0","SERVIZIO_VIAGGIATORI":"SI","CAP_REG":"0","CAP_P":"0","DIRAMAZ":"0","CAUSA_CHIUSURA":null}},{"type":"Feature","id":2123,"geometry":{"type":"Point","coordinates":[8.51213,44.33477]},"properties":{"OBJECTID":2123,"CODIMP":"35700","NOME":"ALBISOLA","IMPIANTO":"F","COMUNE":"Albisola Superiore","PROVINCIA":"Savona","REGIONE":"Liguria","CODLINEACOMM":"J007","LINEACOMM":"SAVONA - GENOVA VOLTRI [GENOVA]","DOIT":"GE","SERVIZIO_MERCI":"0","SERVIZIO_VIAGGIATORI":"SI","CAP_REG":"0","CAP_P":"0","DIRAMAZ":"0","CAUSA_CHIUSURA":null}},{"type":"Feature","id":2124,"geometry":{"type":"Point","coordinates":[8.67835,44.40318]},"properties":{"OBJECTID":2124,"CODIMP":"35820","NOME":"ARENZANO","IMPIANTO":"F","COMUNE":"Arenzano","PROVINCIA":"Genova","REGIONE":"Liguria","CODLINEACOMM":"J007","LINEACOMM":"SAVONA - GENOVA VOLTRI [GENOVA]","DOIT":"GE","SERVIZIO_MERCI":"0","SERVIZIO_VIAGGIATORI":"SI","CAP_REG":"0","CAP_P":"0","DIRAMAZ":"0","CAUSA_CHIUSURA":null}},{"type":"Feature","id":2125,"geometry":{"type":"Point","coordinates":[8.64394,44.38985]},"properties":{"OBJECTID":2125,"CODIMP":"35780","NOME":"COGOLETO","IMPIANTO":"S","COMUNE":"Cogoleto","PROVINCIA":"Genova","REGIONE":"Liguria","CODLINEACOMM":"J007","LINEACOMM":"SAVONA - GENOVA VOLTRI [GENOVA]","DOIT":"GE","SERVIZIO_MERCI":"0","SERVIZIO_VIAGGIATORI":"SI","CAP_REG":"0","CAP_P":"0","DIRAMAZ":"0","CAUSA_CHIUSURA":null}},{"type":"Feature","id":2126,"geometry":{"type":"Point","coordinates":[8.56671,44.35693]},"properties":{"OBJECTID":2126,"CODIMP":"35740","NOME":"VARAZZE","IMPIANTO":"S","COMUNE":"Varazze","PROVINCIA":"Savona","REGIONE":"Liguria","CODLINEACOMM":"J007","LINEACOMM":"SAVONA - GENOVA VOLTRI [GENOVA]","DOIT":"GE","SERVIZIO_MERCI":"0","SERVIZIO_VIAGGIATORI":"SI","CAP_REG":"0","CAP_P":"0","DIRAMAZ":"0","CAUSA_CHIUSURA":null}},{"type":"Feature","id":2127,"geometry":{"type":"Point","coordinates":[8.84775,44.42246]},"properties":{"OBJECTID":2127,"CODIMP":"35940","NOME":"GENOVA SESTRI PONENTE AEROPORTO","IMPIANTO":"S","COMUNE":"Genova","PROVINCIA":"Genova","REGIONE":"Liguria","CODLINEACOMM":"R004","LINEACOMM":"NODO DI GENOVA","DOIT":"GE","SERVIZIO_MERCI":"1","SERVIZIO_VIAGGIATORI":"SI","CAP_REG":"0","CAP_P":"0","DIRAMAZ":"0","CAUSA_CHIUSURA":null}},{"type":"Feature","id":2128,"geometry":{"type":"Point","coordinates":[8.86507,44.41484]},"properties":{"OBJECTID":2128,"CODIMP":"35945","NOME":"GENOVA CORNIGLIANO","IMPIANTO":"F","COMUNE":"Genova","PROVINCIA":"Genova","REGIONE":"Liguria","CODLINEACOMM":"R004","LINEACOMM":"NODO DI GENOVA","DOIT":"GE","SERVIZIO_MERCI":"0","SERVIZIO_VIAGGIATORI":"SI","CAP_REG":"0","CAP_P":"0","DIRAMAZ":"0","CAUSA_CHIUSURA":null}},{"type":"Feature","id":2129,"geometry":{"type":"Point","coordinates":[7.63497,43.78768]},"properties":{"OBJECTID":2129,"CODIMP":"34780","NOME":"VALLECROSIA","IMPIANTO":"F","COMUNE":"Camporosso","PROVINCIA":"Imperia","REGIONE":"Liguria","CODLINEACOMM":"J009","LINEACOMM":"VENTIMIGLIA - SAVONA","DOIT":"GE","SERVIZIO_MERCI":"0","SERVIZIO_VIAGGIATORI":"SI","CAP_REG":"0","CAP_P":"0","DIRAMAZ":"0","CAUSA_CHIUSURA":null}},{"type":"Feature","id":2130,"geometry":{"type":"Point","coordinates":[7.66347,43.77838]},"properties":{"OBJECTID":2130,"CODIMP":"34820","NOME":"BORDIGHERA","IMPIANTO":"S","COMUNE":"Bordighera","PROVINCIA":"Imperia","REGIONE":"Liguria","CODLINEACOMM":"J009","LINEACOMM":"VENTIMIGLIA - SAVONA","DOIT":"GE","SERVIZIO_MERCI":"0","SERVIZIO_VIAGGIATORI":"SI","CAP_REG":"0","CAP_P":"0","DIRAMAZ":"0","CAUSA_CHIUSURA":null}},{"type":"Feature","id":2131,"geometry":{"type":"Point","coordinates":[8.15868,43.98125]},"properties":{"OBJECTID":2131,"CODIMP":"35240","NOME":"LAIGUEGLIA","IMPIANTO":"F","COMUNE":"Laigueglia","PROVINCIA":"Savona","REGIONE":"Liguria","CODLINEACOMM":"J009","LINEACOMM":"VENTIMIGLIA - SAVONA","DOIT":"GE","SERVIZIO_MERCI":"0","SERVIZIO_VIAGGIATORI":"SI","CAP_REG":"0","CAP_P":"0","DIRAMAZ":"0","CAUSA_CHIUSURA":null}},{"type":"Feature","id":2132,"geometry":{"type":"Point","coordinates":[8.17116,44.00798]},"properties":{"OBJECTID":2132,"CODIMP":"35300","NOME":"ALASSIO","IMPIANTO":"S","COMUNE":"Alassio","PROVINCIA":"Savona","REGIONE":"Liguria","CODLINEACOMM":"J009","LINEACOMM":"VENTIMIGLIA - SAVONA","DOIT":"GE","SERVIZIO_MERCI":"0","SERVIZIO_VIAGGIATORI":"SI","CAP_REG":"0","CAP_P":"0","DIRAMAZ":"0","CAUSA_CHIUSURA":null}},{"type":"Feature","id":2133,"geometry":{"type":"Point","coordinates":[8.23426,44.09902]},"properties":{"OBJECTID":2133,"CODIMP":"35380","NOME":"CERIALE","IMPIANTO":"F","COMUNE":"Ceriale","PROVINCIA":"Savona","REGIONE":"Liguria","CODLINEACOMM":"J009","LINEACOMM":"VENTIMIGLIA - SAVONA","DOIT":"GE","SERVIZIO_MERCI":"0","SERVIZIO_VIAGGIATORI":"SI","CAP_REG":"0","CAP_P":"0","DIRAMAZ":"0","CAUSA_CHIUSURA":null}},{"type":"Feature","id":2134,"geometry":{"type":"Point","coordinates":[8.22171,44.04732]},"properties":{"OBJECTID":2134,"CODIMP":"35340","NOME":"ALBENGA","IMPIANTO":"S","COMUNE":"Albenga","PROVINCIA":"Savona","REGIONE":"Liguria","CODLINEACOMM":"J009","LINEACOMM":"VENTIMIGLIA - SAVONA","DOIT":"GE","SERVIZIO_MERCI":"0","SERVIZIO_VIAGGIATORI":"SI","CAP_REG":"0","CAP_P":"0","DIRAMAZ":"0","CAUSA_CHIUSURA":null}},{"type":"Feature","id":2135,"geometry":{"type":"Point","coordinates":[8.24238,44.1091]},"properties":{"OBJECTID":2135,"CODIMP":"35400","NOME":"BORGHETTO S.SPIRITO","IMPIANTO":"F","COMUNE":"Borghetto Santo Spirito","PROVINCIA":"Savona","REGIONE":"Liguria","CODLINEACOMM":"J009","LINEACOMM":"VENTIMIGLIA - SAVONA","DOIT":"GE","SERVIZIO_MERCI":"0","SERVIZIO_VIAGGIATORI":"SI","CAP_REG":"0","CAP_P":"0","DIRAMAZ":"0","CAUSA_CHIUSURA":null}},{"type":"Feature","id":2137,"geometry":{"type":"Point","coordinates":[8.27744,44.14543]},"properties":{"OBJECTID":2137,"CODIMP":"35460","NOME":"PIETRA LIGURE","IMPIANTO":"S","COMUNE":"Pietra Ligure","PROVINCIA":"Savona","REGIONE":"Liguria","CODLINEACOMM":"J009","LINEACOMM":"VENTIMIGLIA - SAVONA","DOIT":"GE","SERVIZIO_MERCI":"0","SERVIZIO_VIAGGIATORI":"SI","CAP_REG":"0","CAP_P":"0","DIRAMAZ":"0","CAUSA_CHIUSURA":null}},{"type":"Feature","id":2138,"geometry":{"type":"Point","coordinates":[8.25456,44.12252]},"properties":{"OBJECTID":2138,"CODIMP":"35420","NOME":"LOANO","IMPIANTO":"S","COMUNE":"Loano","PROVINCIA":"Savona","REGIONE":"Liguria","CODLINEACOMM":"J009","LINEACOMM":"VENTIMIGLIA - SAVONA","DOIT":"GE","SERVIZIO_MERCI":"0","SERVIZIO_VIAGGIATORI":"SI","CAP_REG":"0","CAP_P":"0","DIRAMAZ":"0","CAUSA_CHIUSURA":null}},{"type":"Feature","id":2139,"geometry":{"type":"Point","coordinates":[8.34037,44.16921]},"properties":{"OBJECTID":2139,"CODIMP":"35540","NOME":"FINALE LIGURE MARINA","IMPIANTO":"S","COMUNE":"Finale Ligure","PROVINCIA":"Savona","REGIONE":"Liguria","CODLINEACOMM":"J009","LINEACOMM":"VENTIMIGLIA - SAVONA","DOIT":"GE","SERVIZIO_MERCI":"0","SERVIZIO_VIAGGIATORI":"SI","CAP_REG":"0","CAP_P":"0","DIRAMAZ":"0","CAUSA_CHIUSURA":null}},{"type":"Feature","id":2140,"geometry":{"type":"Point","coordinates":[8.30912,44.15782]},"properties":{"OBJECTID":2140,"CODIMP":"35500","NOME":"BORGIO VEREZZI","IMPIANTO":"F","COMUNE":"Borgio Verezzi","PROVINCIA":"Savona","REGIONE":"Liguria","CODLINEACOMM":"J009","LINEACOMM":"VENTIMIGLIA - SAVONA","DOIT":"GE","SERVIZIO_MERCI":"0","SERVIZIO_VIAGGIATORI":"SI","CAP_REG":"0","CAP_P":"0","DIRAMAZ":"0","CAUSA_CHIUSURA":null}},{"type":"Feature","id":2141,"geometry":{"type":"Point","coordinates":[8.4356,44.28002]},"properties":{"OBJECTID":2141,"CODIMP":"35585","NOME":"QUILIANO-VADO LIGURE","IMPIANTO":"F","COMUNE":"Quiliano","PROVINCIA":"Savona","REGIONE":"Liguria","CODLINEACOMM":"J009","LINEACOMM":"VENTIMIGLIA - SAVONA","DOIT":"GE","SERVIZIO_MERCI":"0","SERVIZIO_VIAGGIATORI":"SI","CAP_REG":"0","CAP_P":"0","DIRAMAZ":"0","CAUSA_CHIUSURA":null}},{"type":"Feature","id":2142,"geometry":{"type":"Point","coordinates":[8.41097,44.22662]},"properties":{"OBJECTID":2142,"CODIMP":"35580","NOME":"SPOTORNO-NOLI","IMPIANTO":"S","COMUNE":"Spotorno","PROVINCIA":"Savona","REGIONE":"Liguria","CODLINEACOMM":"J009","LINEACOMM":"VENTIMIGLIA - SAVONA","DOIT":"GE","SERVIZIO_MERCI":"0","SERVIZIO_VIAGGIATORI":"SI","CAP_REG":"0","CAP_P":"0","DIRAMAZ":"0","CAUSA_CHIUSURA":null}},{"type":"Feature","id":2143,"geometry":{"type":"Point","coordinates":[7.77691,43.82417]},"properties":{"OBJECTID":2143,"CODIMP":"34900","NOME":"SAN REMO","IMPIANTO":"F","COMUNE":"Sanremo","PROVINCIA":"Imperia","REGIONE":"Liguria","CODLINEACOMM":"J009","LINEACOMM":"VENTIMIGLIA - SAVONA","DOIT":"GE","SERVIZIO_MERCI":"0","SERVIZIO_VIAGGIATORI":"SI","CAP_REG":"0","CAP_P":"0","DIRAMAZ":"0","CAUSA_CHIUSURA":null}},{"type":"Feature","id":2145,"geometry":{"type":"Point","coordinates":[8.75823,44.42848]},"properties":{"OBJECTID":2145,"CODIMP":"35860","NOME":"GENOVA VOLTRI","IMPIANTO":"S","COMUNE":"Genova","PROVINCIA":"Genova","REGIONE":"Liguria","CODLINEACOMM":"R004","LINEACOMM":"NODO DI GENOVA","DOIT":"GE","SERVIZIO_MERCI":"0","SERVIZIO_VIAGGIATORI":"SI","CAP_REG":"0","CAP_P":"0","DIRAMAZ":"1","CAUSA_CHIUSURA":null}},{"type":"Feature","id":2146,"geometry":{"type":"Point","coordinates":[8.8168,44.42632]},"properties":{"OBJECTID":2146,"CODIMP":"35900","NOME":"GENOVA PEGLI","IMPIANTO":"F","COMUNE":"Genova","PROVINCIA":"Genova","REGIONE":"Liguria","CODLINEACOMM":"R004","LINEACOMM":"NODO DI GENOVA","DOIT":"GE","SERVIZIO_MERCI":"0","SERVIZIO_VIAGGIATORI":"SI","CAP_REG":"0","CAP_P":"0","DIRAMAZ":"0","CAUSA_CHIUSURA":null}},{"type":"Feature","id":2147,"geometry":{"type":"Point","coordinates":[9.25879,45.06635]},"properties":{"OBJECTID":2147,"CODIMP":"16840","NOME":"BRONI","IMPIANTO":"S","COMUNE":"Broni","PROVINCIA":"Pavia","REGIONE":"Lombardia","CODLINEACOMM":"J021","LINEACOMM":"ALESSANDRIA - PIACENZA (compresa Broni - Bressana B)","DOIT":"MI","SERVIZIO_MERCI":"0","SERVIZIO_VIAGGIATORI":"SI","CAP_REG":"0","CAP_P":"0","DIRAMAZ":"1","CAUSA_CHIUSURA":null}},{"type":"Feature","id":2148,"geometry":{"type":"Point","coordinates":[9.17928,45.0358]},"properties":{"OBJECTID":2148,"CODIMP":"16800","NOME":"S.GIULETTA","IMPIANTO":"F","COMUNE":"Santa Giuletta","PROVINCIA":"Pavia","REGIONE":"Lombardia","CODLINEACOMM":"J021","LINEACOMM":"ALESSANDRIA - PIACENZA (compresa Broni - Bressana B)","DOIT":"MI","SERVIZIO_MERCI":"0","SERVIZIO_VIAGGIATORI":"SI","CAP_REG":"0","CAP_P":"0","DIRAMAZ":"0","CAUSA_CHIUSURA":null}},{"type":"Feature","id":2149,"geometry":{"type":"Point","coordinates":[9.12462,45.01745]},"properties":{"OBJECTID":2149,"CODIMP":"16780","NOME":"CASTEGGIO","IMPIANTO":"F","COMUNE":"Casteggio","PROVINCIA":"Pavia","REGIONE":"Lombardia","CODLINEACOMM":"J021","LINEACOMM":"ALESSANDRIA - PIACENZA (compresa Broni - Bressana B)","DOIT":"MI","SERVIZIO_MERCI":"0","SERVIZIO_VIAGGIATORI":"SI","CAP_REG":"0","CAP_P":"0","DIRAMAZ":"0","CAUSA_CHIUSURA":null}},{"type":"Feature","id":2150,"geometry":{"type":"Point","coordinates":[9.3009,45.07955]},"properties":{"OBJECTID":2150,"CODIMP":"16880","NOME":"STRADELLA","IMPIANTO":"S","COMUNE":"Stradella","PROVINCIA":"Pavia","REGIONE":"Lombardia","CODLINEACOMM":"J021","LINEACOMM":"ALESSANDRIA - PIACENZA (compresa Broni - Bressana B)","DOIT":"MI","SERVIZIO_MERCI":"0","SERVIZIO_VIAGGIATORI":"SI","CAP_REG":"0","CAP_P":"0","DIRAMAZ":"0","CAUSA_CHIUSURA":null}},{"type":"Feature","id":2151,"geometry":{"type":"Point","coordinates":[9.36042,45.08215]},"properties":{"OBJECTID":2151,"CODIMP":"16920","NOME":"ARENA PO","IMPIANTO":"S","COMUNE":"Arena Po","PROVINCIA":"Pavia","REGIONE":"Lombardia","CODLINEACOMM":"J021","LINEACOMM":"ALESSANDRIA - PIACENZA (compresa Broni - Bressana B)","DOIT":"MI","SERVIZIO_MERCI":"1","SERVIZIO_VIAGGIATORI":"SI","CAP_REG":"0","CAP_P":"0","DIRAMAZ":"0","CAUSA_CHIUSURA":null}},{"type":"Feature","id":2152,"geometry":{"type":"Point","coordinates":[9.43689,45.06336]},"properties":{"OBJECTID":2152,"CODIMP":"16940","NOME":"CASTEL S.GIOVANNI","IMPIANTO":"S","COMUNE":"Castel San Giovanni","PROVINCIA":"Piacenza","REGIONE":"Emilia-Romagna","CODLINEACOMM":"J021","LINEACOMM":"ALESSANDRIA - PIACENZA (compresa Broni - Bressana B)","DOIT":"MI","SERVIZIO_MERCI":"0","SERVIZIO_VIAGGIATORI":"SI","CAP_REG":"0","CAP_P":"0","DIRAMAZ":"0","CAUSA_CHIUSURA":null}},{"type":"Feature","id":2153,"geometry":{"type":"Point","coordinates":[9.49115,45.06313]},"properties":{"OBJECTID":2153,"CODIMP":"16960","NOME":"SARMATO","IMPIANTO":"F","COMUNE":"Sarmato","PROVINCIA":"Piacenza","REGIONE":"Emilia-Romagna","CODLINEACOMM":"J021","LINEACOMM":"ALESSANDRIA - PIACENZA (compresa Broni - Bressana B)","DOIT":"MI","SERVIZIO_MERCI":"0","SERVIZIO_VIAGGIATORI":"SI","CAP_REG":"0","CAP_P":"0","DIRAMAZ":"0","CAUSA_CHIUSURA":null}},{"type":"Feature","id":2154,"geometry":{"type":"Point","coordinates":[9.60647,45.05893]},"properties":{"OBJECTID":2154,"CODIMP":"17020","NOME":"S.NICOLO'","IMPIANTO":"S","COMUNE":"Rottofreno","PROVINCIA":"Piacenza","REGIONE":"Emilia-Romagna","CODLINEACOMM":"J021","LINEACOMM":"ALESSANDRIA - PIACENZA (compresa Broni - Bressana B)","DOIT":"MI","SERVIZIO_MERCI":"0","SERVIZIO_VIAGGIATORI":"SI","CAP_REG":"0","CAP_P":"0","DIRAMAZ":"0","CAUSA_CHIUSURA":null}},{"type":"Feature","id":2156,"geometry":{"type":"Point","coordinates":[8.92976,44.96209]},"properties":{"OBJECTID":2156,"CODIMP":"16700","NOME":"PONTECURONE","IMPIANTO":"F","COMUNE":"Pontecurone","PROVINCIA":"Alessandria","REGIONE":"Piemonte","CODLINEACOMM":"J005","LINEACOMM":"[MILANO] MILANO ROGOREDO - ARQUATA (compresa via Novi L. e via Bressana B. - Arena Po)","DOIT":"MI","SERVIZIO_MERCI":"0","SERVIZIO_VIAGGIATORI":"SI","CAP_REG":"0","CAP_P":"0","DIRAMAZ":"0","CAUSA_CHIUSURA":null}},{"type":"Feature","id":2157,"geometry":{"type":"Point","coordinates":[8.86181,44.90021]},"properties":{"OBJECTID":2157,"CODIMP":"16600","NOME":"TORTONA","IMPIANTO":"S","COMUNE":"Tortona","PROVINCIA":"Alessandria","REGIONE":"Piemonte","CODLINEACOMM":"J005","LINEACOMM":"[MILANO] MILANO ROGOREDO - ARQUATA (compresa via Novi L. e via Bressana B. - Arena Po)","DOIT":"MI","SERVIZIO_MERCI":"1","SERVIZIO_VIAGGIATORI":"SI","CAP_REG":"0","CAP_P":"0","DIRAMAZ":"1","CAUSA_CHIUSURA":null}},{"type":"Feature","id":2158,"geometry":{"type":"Point","coordinates":[7.84126,45.179]},"properties":{"OBJECTID":2158,"CODIMP":"01080","NOME":"BRANDIZZO","IMPIANTO":"S","COMUNE":"Brandizzo","PROVINCIA":"Torino","REGIONE":"Piemonte","CODLINEACOMM":"J011","LINEACOMM":"[TORINO] SETTIMO T. - RHO [MILANO] (compresa Novara Boschetto)","DOIT":"TO","SERVIZIO_MERCI":"0","SERVIZIO_VIAGGIATORI":"SI","CAP_REG":"0","CAP_P":"0","DIRAMAZ":"0","CAUSA_CHIUSURA":null}},{"type":"Feature","id":2159,"geometry":{"type":"Point","coordinates":[7.05979,45.12457]},"properties":{"OBJECTID":2159,"CODIMP":"00360","NOME":"P.C. MEANA","IMPIANTO":"PC","COMUNE":"Meana Di Susa","PROVINCIA":"Torino","REGIONE":"Piemonte","CODLINEACOMM":"J001","LINEACOMM":"MODANE / MODANE FX - ALPIGNANO [TORINO]","DOIT":"TO","SERVIZIO_MERCI":"0","SERVIZIO_VIAGGIATORI":"SI","CAP_REG":"0","CAP_P":"0","DIRAMAZ":"0","CAUSA_CHIUSURA":null}},{"type":"Feature","id":2160,"geometry":{"type":"Point","coordinates":[7.97029,45.21194]},"properties":{"OBJECTID":2160,"CODIMP":"01200","NOME":"TORRAZZA PIEMONTE","IMPIANTO":"S","COMUNE":"Torrazza Piemonte","PROVINCIA":"Torino","REGIONE":"Piemonte","CODLINEACOMM":"J011","LINEACOMM":"[TORINO] SETTIMO T. - RHO [MILANO] (compresa Novara Boschetto)","DOIT":"TO","SERVIZIO_MERCI":"0","SERVIZIO_VIAGGIATORI":"SI","CAP_REG":"0","CAP_P":"0","DIRAMAZ":"0","CAUSA_CHIUSURA":null}},{"type":"Feature","id":2161,"geometry":{"type":"Point","coordinates":[6.71001,45.07653]},"properties":{"OBJECTID":2161,"CODIMP":"00160","NOME":"BARDONECCHIA","IMPIANTO":"S","COMUNE":"Bardonecchia","PROVINCIA":"Torino","REGIONE":"Piemonte","CODLINEACOMM":"J001","LINEACOMM":"MODANE / MODANE FX - ALPIGNANO [TORINO]","DOIT":"TO","SERVIZIO_MERCI":"0","SERVIZIO_VIAGGIATORI":"SI","CAP_REG":"0","CAP_P":"0","DIRAMAZ":"0","CAUSA_CHIUSURA":null}},{"type":"Feature","id":2162,"geometry":{"type":"Point","coordinates":[6.75977,45.04658]},"properties":{"OBJECTID":2162,"CODIMP":"00165","NOME":"BEAULARD","IMPIANTO":"F","COMUNE":"Oulx","PROVINCIA":"Torino","REGIONE":"Piemonte","CODLINEACOMM":"J001","LINEACOMM":"MODANE / MODANE FX - ALPIGNANO [TORINO]","DOIT":"TO","SERVIZIO_MERCI":"0","SERVIZIO_VIAGGIATORI":"SI","CAP_REG":"0","CAP_P":"0","DIRAMAZ":"0","CAUSA_CHIUSURA":null}},{"type":"Feature","id":2165,"geometry":{"type":"Point","coordinates":[6.88764,45.07351]},"properties":{"OBJECTID":2165,"CODIMP":"00240","NOME":"SALBERTRAND","IMPIANTO":"S","COMUNE":"Salbertrand","PROVINCIA":"Torino","REGIONE":"Piemonte","CODLINEACOMM":"J001","LINEACOMM":"MODANE / MODANE FX - ALPIGNANO [TORINO]","DOIT":"TO","SERVIZIO_MERCI":"0","SERVIZIO_VIAGGIATORI":"SI","CAP_REG":"0","CAP_P":"0","DIRAMAZ":"0","CAUSA_CHIUSURA":null}},{"type":"Feature","id":2166,"geometry":{"type":"Point","coordinates":[6.83148,45.03888]},"properties":{"OBJECTID":2166,"CODIMP":"00200","NOME":"OULX-CESANA-CLAVIERE-SESTRIERE","IMPIANTO":"S","COMUNE":"Oulx","PROVINCIA":"Torino","REGIONE":"Piemonte","CODLINEACOMM":"J001","LINEACOMM":"MODANE / MODANE FX - ALPIGNANO [TORINO]","DOIT":"TO","SERVIZIO_MERCI":"0","SERVIZIO_VIAGGIATORI":"SI","CAP_REG":"0","CAP_P":"0","DIRAMAZ":"0","CAUSA_CHIUSURA":null}},{"type":"Feature","id":2167,"geometry":{"type":"Point","coordinates":[6.98876,45.11996]},"properties":{"OBJECTID":2167,"CODIMP":"00320","NOME":"CHIOMONTE","IMPIANTO":"S","COMUNE":"Chiomonte","PROVINCIA":"Torino","REGIONE":"Piemonte","CODLINEACOMM":"J001","LINEACOMM":"MODANE / MODANE FX - ALPIGNANO [TORINO]","DOIT":"TO","SERVIZIO_MERCI":"0","SERVIZIO_VIAGGIATORI":"SI","CAP_REG":"0","CAP_P":"0","DIRAMAZ":"0","CAUSA_CHIUSURA":null}},{"type":"Feature","id":2169,"geometry":{"type":"Point","coordinates":[7.23609,45.12327]},"properties":{"OBJECTID":2169,"CODIMP":"00460","NOME":"BORGONE","IMPIANTO":"S","COMUNE":"Borgone Susa","PROVINCIA":"Torino","REGIONE":"Piemonte","CODLINEACOMM":"J001","LINEACOMM":"MODANE / MODANE FX - ALPIGNANO [TORINO]","DOIT":"TO","SERVIZIO_MERCI":"0","SERVIZIO_VIAGGIATORI":"SI","CAP_REG":"0","CAP_P":"0","DIRAMAZ":"0","CAUSA_CHIUSURA":null}},{"type":"Feature","id":2170,"geometry":{"type":"Point","coordinates":[7.27597,45.10955]},"properties":{"OBJECTID":2170,"CODIMP":"00500","NOME":"S.ANTONINO-VAIE","IMPIANTO":"S","COMUNE":"Sant'antonino Di Susa","PROVINCIA":"Torino","REGIONE":"Piemonte","CODLINEACOMM":"J001","LINEACOMM":"MODANE / MODANE FX - ALPIGNANO [TORINO]","DOIT":"TO","SERVIZIO_MERCI":"0","SERVIZIO_VIAGGIATORI":"SI","CAP_REG":"0","CAP_P":"0","DIRAMAZ":"0","CAUSA_CHIUSURA":null}},{"type":"Feature","id":2171,"geometry":{"type":"Point","coordinates":[7.31707,45.10677]},"properties":{"OBJECTID":2171,"CODIMP":"00540","NOME":"CONDOVE-CHIUSA S.MICHELE","IMPIANTO":"S","COMUNE":"Chiusa Di San Michele","PROVINCIA":"Torino","REGIONE":"Piemonte","CODLINEACOMM":"J001","LINEACOMM":"MODANE / MODANE FX - ALPIGNANO [TORINO]","DOIT":"TO","SERVIZIO_MERCI":"0","SERVIZIO_VIAGGIATORI":"SI","CAP_REG":"0","CAP_P":"0","DIRAMAZ":"0","CAUSA_CHIUSURA":null}},{"type":"Feature","id":2172,"geometry":{"type":"Point","coordinates":[7.20154,45.13111]},"properties":{"OBJECTID":2172,"CODIMP":"00405","NOME":"BRUZOLO DI SUSA","IMPIANTO":"F","COMUNE":"Bruzolo","PROVINCIA":"Torino","REGIONE":"Piemonte","CODLINEACOMM":"J001","LINEACOMM":"MODANE / MODANE FX - ALPIGNANO [TORINO]","DOIT":"TO","SERVIZIO_MERCI":"0","SERVIZIO_VIAGGIATORI":"SI","CAP_REG":"0","CAP_P":"0","DIRAMAZ":"0","CAUSA_CHIUSURA":null}},{"type":"Feature","id":2173,"geometry":{"type":"Point","coordinates":[7.36097,45.10124]},"properties":{"OBJECTID":2173,"CODIMP":"00580","NOME":"S.AMBROGIO","IMPIANTO":"F","COMUNE":"Sant'ambrogio Di Torino","PROVINCIA":"Torino","REGIONE":"Piemonte","CODLINEACOMM":"J001","LINEACOMM":"MODANE / MODANE FX - ALPIGNANO [TORINO]","DOIT":"TO","SERVIZIO_MERCI":"0","SERVIZIO_VIAGGIATORI":"SI","CAP_REG":"0","CAP_P":"0","DIRAMAZ":"0","CAUSA_CHIUSURA":null}},{"type":"Feature","id":2174,"geometry":{"type":"Point","coordinates":[7.40113,45.08536]},"properties":{"OBJECTID":2174,"CODIMP":"00620","NOME":"AVIGLIANA","IMPIANTO":"S","COMUNE":"Avigliana","PROVINCIA":"Torino","REGIONE":"Piemonte","CODLINEACOMM":"J001","LINEACOMM":"MODANE / MODANE FX - ALPIGNANO [TORINO]","DOIT":"TO","SERVIZIO_MERCI":"1","SERVIZIO_VIAGGIATORI":"SI","CAP_REG":"0","CAP_P":"0","DIRAMAZ":"0","CAUSA_CHIUSURA":null}},{"type":"Feature","id":2175,"geometry":{"type":"Point","coordinates":[7.52379,45.09116]},"properties":{"OBJECTID":2175,"CODIMP":"00660","NOME":"ALPIGNANO","IMPIANTO":"F","COMUNE":"Alpignano","PROVINCIA":"Torino","REGIONE":"Piemonte","CODLINEACOMM":"R001","LINEACOMM":"NODO DI TORINO","DOIT":"TO","SERVIZIO_MERCI":"0","SERVIZIO_VIAGGIATORI":"SI","CAP_REG":"0","CAP_P":"0","DIRAMAZ":"0","CAUSA_CHIUSURA":null}},{"type":"Feature","id":2176,"geometry":{"type":"Point","coordinates":[7.46401,45.07848]},"properties":{"OBJECTID":2176,"CODIMP":"00625","NOME":"ROSTA","IMPIANTO":"F","COMUNE":"Rosta","PROVINCIA":"Torino","REGIONE":"Piemonte","CODLINEACOMM":"J001","LINEACOMM":"MODANE / MODANE FX - ALPIGNANO [TORINO]","DOIT":"TO","SERVIZIO_MERCI":"0","SERVIZIO_VIAGGIATORI":"SI","CAP_REG":"0","CAP_P":"0","DIRAMAZ":"0","CAUSA_CHIUSURA":null}},{"type":"Feature","id":2177,"geometry":{"type":"Point","coordinates":[7.57418,45.07893]},"properties":{"OBJECTID":2177,"CODIMP":"00700","NOME":"COLLEGNO","IMPIANTO":"S","COMUNE":"Collegno","PROVINCIA":"Torino","REGIONE":"Piemonte","CODLINEACOMM":"R001","LINEACOMM":"NODO DI TORINO","DOIT":"TO","SERVIZIO_MERCI":"0","SERVIZIO_VIAGGIATORI":"SI","CAP_REG":"0","CAP_P":"0","DIRAMAZ":"0","CAUSA_CHIUSURA":null}},{"type":"Feature","id":2180,"geometry":{"type":"Point","coordinates":[7.66729,45.07418]},"properties":{"OBJECTID":2180,"CODIMP":"00885","NOME":"TORINO PORTA SUSA","IMPIANTO":"S","COMUNE":"Torino","PROVINCIA":"Torino","REGIONE":"Piemonte","CODLINEACOMM":"R001","LINEACOMM":"NODO DI TORINO","DOIT":"TO","SERVIZIO_MERCI":"0","SERVIZIO_VIAGGIATORI":"SI","CAP_REG":"0","CAP_P":"0","DIRAMAZ":"1","CAUSA_CHIUSURA":null}},{"type":"Feature","id":2181,"geometry":{"type":"Point","coordinates":[8.03977,45.25405]},"properties":{"OBJECTID":2181,"CODIMP":"01215","NOME":"S.ANTONINO DI SALUGGIA","IMPIANTO":"F","COMUNE":"Saluggia","PROVINCIA":"Vercelli","REGIONE":"Piemonte","CODLINEACOMM":"J011","LINEACOMM":"[TORINO] SETTIMO T. - RHO [MILANO] (compresa Novara Boschetto)","DOIT":"TO","SERVIZIO_MERCI":"0","SERVIZIO_VIAGGIATORI":"SI","CAP_REG":"0","CAP_P":"0","DIRAMAZ":"0","CAUSA_CHIUSURA":null}},{"type":"Feature","id":2182,"geometry":{"type":"Point","coordinates":[8.01716,45.23451]},"properties":{"OBJECTID":2182,"CODIMP":"01210","NOME":"SALUGGIA","IMPIANTO":"F","COMUNE":"Saluggia","PROVINCIA":"Vercelli","REGIONE":"Piemonte","CODLINEACOMM":"J011","LINEACOMM":"[TORINO] SETTIMO T. - RHO [MILANO] (compresa Novara Boschetto)","DOIT":"TO","SERVIZIO_MERCI":"0","SERVIZIO_VIAGGIATORI":"SI","CAP_REG":"0","CAP_P":"0","DIRAMAZ":"0","CAUSA_CHIUSURA":null}},{"type":"Feature","id":2183,"geometry":{"type":"Point","coordinates":[7.76937,45.13992]},"properties":{"OBJECTID":2183,"CODIMP":"01040","NOME":"SETTIMO TORINESE","IMPIANTO":"S","COMUNE":"Settimo Torinese","PROVINCIA":"Torino","REGIONE":"Piemonte","CODLINEACOMM":"R001","LINEACOMM":"NODO DI TORINO","DOIT":"TO","SERVIZIO_MERCI":"1","SERVIZIO_VIAGGIATORI":"SI","CAP_REG":"0","CAP_P":"0","DIRAMAZ":"1","CAUSA_CHIUSURA":null}},{"type":"Feature","id":2184,"geometry":{"type":"Point","coordinates":[8.07353,45.28348]},"properties":{"OBJECTID":2184,"CODIMP":"01280","NOME":"LIVORNO FERRARIS","IMPIANTO":"S","COMUNE":"Livorno Ferraris","PROVINCIA":"Vercelli","REGIONE":"Piemonte","CODLINEACOMM":"J011","LINEACOMM":"[TORINO] SETTIMO T. - RHO [MILANO] (compresa Novara Boschetto)","DOIT":"TO","SERVIZIO_MERCI":"0","SERVIZIO_VIAGGIATORI":"SI","CAP_REG":"0","CAP_P":"0","DIRAMAZ":"0","CAUSA_CHIUSURA":null}},{"type":"Feature","id":2185,"geometry":{"type":"Point","coordinates":[8.11556,45.30957]},"properties":{"OBJECTID":2185,"CODIMP":"01285","NOME":"BIANZE'","IMPIANTO":"S","COMUNE":"Bianzè","PROVINCIA":"Vercelli","REGIONE":"Piemonte","CODLINEACOMM":"A003","LINEACOMM":"[TORINO] Origine TO-MI AV - MILANO Certosa [MILANO] (Comprese interconnessioni)","DOIT":"TO","SERVIZIO_MERCI":"0","SERVIZIO_VIAGGIATORI":"SI","CAP_REG":"0","CAP_P":"0","DIRAMAZ":"1","CAUSA_CHIUSURA":null}},{"type":"Feature","id":2187,"geometry":{"type":"Point","coordinates":[8.46152,45.35933]},"properties":{"OBJECTID":2187,"CODIMP":"01600","NOME":"BORGO VERCELLI","IMPIANTO":"F","COMUNE":"Borgo Vercelli","PROVINCIA":"Vercelli","REGIONE":"Piemonte","CODLINEACOMM":"J011","LINEACOMM":"[TORINO] SETTIMO T. - RHO [MILANO] (compresa Novara Boschetto)","DOIT":"TO","SERVIZIO_MERCI":"0","SERVIZIO_VIAGGIATORI":"SI","CAP_REG":"0","CAP_P":"0","DIRAMAZ":"0","CAUSA_CHIUSURA":null}},{"type":"Feature","id":2189,"geometry":{"type":"Point","coordinates":[8.25,45.35368]},"properties":{"OBJECTID":2189,"CODIMP":"01440","NOME":"S.GERMANO VERCELLESE","IMPIANTO":"F","COMUNE":"San Germano Vercellese","PROVINCIA":"Vercelli","REGIONE":"Piemonte","CODLINEACOMM":"J011","LINEACOMM":"[TORINO] SETTIMO T. - RHO [MILANO] (compresa Novara Boschetto)","DOIT":"TO","SERVIZIO_MERCI":"0","SERVIZIO_VIAGGIATORI":"SI","CAP_REG":"0","CAP_P":"0","DIRAMAZ":"0","CAUSA_CHIUSURA":null}},{"type":"Feature","id":2190,"geometry":{"type":"Point","coordinates":[8.16843,45.34301]},"properties":{"OBJECTID":2190,"CODIMP":"01360","NOME":"TRONZANO","IMPIANTO":"F","COMUNE":"Tronzano Vercellese","PROVINCIA":"Vercelli","REGIONE":"Piemonte","CODLINEACOMM":"J011","LINEACOMM":"[TORINO] SETTIMO T. - RHO [MILANO] (compresa Novara Boschetto)","DOIT":"TO","SERVIZIO_MERCI":"0","SERVIZIO_VIAGGIATORI":"SI","CAP_REG":"0","CAP_P":"0","DIRAMAZ":"0","CAUSA_CHIUSURA":null}},{"type":"Feature","id":2191,"geometry":{"type":"Point","coordinates":[8.31276,44.87883]},"properties":{"OBJECTID":2191,"CODIMP":"02200","NOME":"CASTELLO D'ANNONE","IMPIANTO":"F","COMUNE":"Castello Di Annone","PROVINCIA":"Asti","REGIONE":"Piemonte","CODLINEACOMM":"J003","LINEACOMM":"[TORINO] TROFARELLO - ARQUATA","DOIT":"TO","SERVIZIO_MERCI":"0","SERVIZIO_VIAGGIATORI":"SI","CAP_REG":"0","CAP_P":"0","DIRAMAZ":"0","CAUSA_CHIUSURA":null}},{"type":"Feature","id":2192,"geometry":{"type":"Point","coordinates":[8.12599,44.879]},"properties":{"OBJECTID":2192,"CODIMP":"02100","NOME":"S.DAMIANO D'ASTI","IMPIANTO":"F","COMUNE":"Asti","PROVINCIA":"Asti","REGIONE":"Piemonte","CODLINEACOMM":"J003","LINEACOMM":"[TORINO] TROFARELLO - ARQUATA","DOIT":"TO","SERVIZIO_MERCI":"0","SERVIZIO_VIAGGIATORI":"SI","CAP_REG":"0","CAP_P":"0","DIRAMAZ":"0","CAUSA_CHIUSURA":null}},{"type":"Feature","id":2193,"geometry":{"type":"Point","coordinates":[7.77326,44.96658]},"properties":{"OBJECTID":2193,"CODIMP":"01940","NOME":"CAMBIANO-SANTENA","IMPIANTO":"S","COMUNE":"Cambiano","PROVINCIA":"Torino","REGIONE":"Piemonte","CODLINEACOMM":"J003","LINEACOMM":"[TORINO] TROFARELLO - ARQUATA","DOIT":"TO","SERVIZIO_MERCI":"1","SERVIZIO_VIAGGIATORI":"SI","CAP_REG":"0","CAP_P":"0","DIRAMAZ":"0","CAUSA_CHIUSURA":null}},{"type":"Feature","id":2194,"geometry":{"type":"Point","coordinates":[7.84136,44.96522]},"properties":{"OBJECTID":2194,"CODIMP":"01980","NOME":"PESSIONE","IMPIANTO":"F","COMUNE":"Chieri","PROVINCIA":"Torino","REGIONE":"Piemonte","CODLINEACOMM":"J003","LINEACOMM":"[TORINO] TROFARELLO - ARQUATA","DOIT":"TO","SERVIZIO_MERCI":"0","SERVIZIO_VIAGGIATORI":"SI","CAP_REG":"0","CAP_P":"0","DIRAMAZ":"0","CAUSA_CHIUSURA":null}},{"type":"Feature","id":2195,"geometry":{"type":"Point","coordinates":[7.97582,44.95183]},"properties":{"OBJECTID":2195,"CODIMP":"02025","NOME":"S.PAOLO SOLBRITO","IMPIANTO":"F","COMUNE":"San Paolo Solbrito","PROVINCIA":"Asti","REGIONE":"Piemonte","CODLINEACOMM":"J003","LINEACOMM":"[TORINO] TROFARELLO - ARQUATA","DOIT":"TO","SERVIZIO_MERCI":"0","SERVIZIO_VIAGGIATORI":"SI","CAP_REG":"0","CAP_P":"0","DIRAMAZ":"0","CAUSA_CHIUSURA":null}},{"type":"Feature","id":2196,"geometry":{"type":"Point","coordinates":[8.04374,44.909]},"properties":{"OBJECTID":2196,"CODIMP":"02060","NOME":"VILLAFRANCA-CANTARANA","IMPIANTO":"S","COMUNE":"Villafranca D'asti","PROVINCIA":"Asti","REGIONE":"Piemonte","CODLINEACOMM":"J003","LINEACOMM":"[TORINO] TROFARELLO - ARQUATA","DOIT":"TO","SERVIZIO_MERCI":"1","SERVIZIO_VIAGGIATORI":"SI","CAP_REG":"0","CAP_P":"0","DIRAMAZ":"0","CAUSA_CHIUSURA":null}},{"type":"Feature","id":2197,"geometry":{"type":"Point","coordinates":[7.94718,44.96324]},"properties":{"OBJECTID":2197,"CODIMP":"02020","NOME":"VILLANOVA D'ASTI","IMPIANTO":"S","COMUNE":"Villanova D'asti","PROVINCIA":"Asti","REGIONE":"Piemonte","CODLINEACOMM":"J003","LINEACOMM":"[TORINO] TROFARELLO - ARQUATA","DOIT":"TO","SERVIZIO_MERCI":"1","SERVIZIO_VIAGGIATORI":"SI","CAP_REG":"0","CAP_P":"0","DIRAMAZ":"0","CAUSA_CHIUSURA":null}},{"type":"Feature","id":2198,"geometry":{"type":"Point","coordinates":[8.09124,44.89928]},"properties":{"OBJECTID":2198,"CODIMP":"02065","NOME":"BALDICHIERI-TIGLIOLE","IMPIANTO":"F","COMUNE":"Tigliole","PROVINCIA":"Asti","REGIONE":"Piemonte","CODLINEACOMM":"J003","LINEACOMM":"[TORINO] TROFARELLO - ARQUATA","DOIT":"TO","SERVIZIO_MERCI":"0","SERVIZIO_VIAGGIATORI":"SI","CAP_REG":"0","CAP_P":"0","DIRAMAZ":"0","CAUSA_CHIUSURA":null}},{"type":"Feature","id":2199,"geometry":{"type":"Point","coordinates":[8.35144,44.87566]},"properties":{"OBJECTID":2199,"CODIMP":"02205","NOME":"ROCCHETTA TANARO-CERRO","IMPIANTO":"F","COMUNE":"Cerro Tanaro","PROVINCIA":"Asti","REGIONE":"Piemonte","CODLINEACOMM":"J003","LINEACOMM":"[TORINO] TROFARELLO - ARQUATA","DOIT":"TO","SERVIZIO_MERCI":"0","SERVIZIO_VIAGGIATORI":"SI","CAP_REG":"0","CAP_P":"0","DIRAMAZ":"0","CAUSA_CHIUSURA":null}},{"type":"Feature","id":2200,"geometry":{"type":"Point","coordinates":[8.51047,44.91597]},"properties":{"OBJECTID":2200,"CODIMP":"02280","NOME":"SOLERO","IMPIANTO":"S","COMUNE":"Solero","PROVINCIA":"Alessandria","REGIONE":"Piemonte","CODLINEACOMM":"J003","LINEACOMM":"[TORINO] TROFARELLO - ARQUATA","DOIT":"TO","SERVIZIO_MERCI":"0","SERVIZIO_VIAGGIATORI":"SI","CAP_REG":"0","CAP_P":"0","DIRAMAZ":"0","CAUSA_CHIUSURA":null}},{"type":"Feature","id":2201,"geometry":{"type":"Point","coordinates":[8.4372,44.89345]},"properties":{"OBJECTID":2201,"CODIMP":"02240","NOME":"FELIZZANO","IMPIANTO":"S","COMUNE":"Felizzano","PROVINCIA":"Alessandria","REGIONE":"Piemonte","CODLINEACOMM":"J003","LINEACOMM":"[TORINO] TROFARELLO - ARQUATA","DOIT":"TO","SERVIZIO_MERCI":"1","SERVIZIO_VIAGGIATORI":"SI","CAP_REG":"0","CAP_P":"0","DIRAMAZ":"0","CAUSA_CHIUSURA":null}},{"type":"Feature","id":2202,"geometry":{"type":"Point","coordinates":[8.2947,46.00596]},"properties":{"OBJECTID":2202,"CODIMP":"11360","NOME":"VOGOGNA OSSOLA (linea Domo-Mi)","IMPIANTO":"F","COMUNE":"Vogogna","PROVINCIA":"Verbano-Cusio-Ossola","REGIONE":"Piemonte","CODLINEACOMM":"J013","LINEACOMM":"ISELLE [DOMODOSSOLA] - GALLARATE [MILANO] (compresa via Domo II)","DOIT":"MI","SERVIZIO_MERCI":"0","SERVIZIO_VIAGGIATORI":"SI","CAP_REG":"0","CAP_P":"0","DIRAMAZ":"0","CAUSA_CHIUSURA":null}},{"type":"Feature","id":2203,"geometry":{"type":"Point","coordinates":[8.44092,45.96137]},"properties":{"OBJECTID":2203,"CODIMP":"11480","NOME":"MERGOZZO","IMPIANTO":"S","COMUNE":"Mergozzo","PROVINCIA":"Verbano-Cusio-Ossola","REGIONE":"Piemonte","CODLINEACOMM":"J013","LINEACOMM":"ISELLE [DOMODOSSOLA] - GALLARATE [MILANO] (compresa via Domo II)","DOIT":"MI","SERVIZIO_MERCI":"0","SERVIZIO_VIAGGIATORI":"SI","CAP_REG":"0","CAP_P":"0","DIRAMAZ":"0","CAUSA_CHIUSURA":null}},{"type":"Feature","id":2204,"geometry":{"type":"Point","coordinates":[8.53149,45.88456]},"properties":{"OBJECTID":2204,"CODIMP":"11600","NOME":"STRESA","IMPIANTO":"S","COMUNE":"Stresa","PROVINCIA":"Verbano-Cusio-Ossola","REGIONE":"Piemonte","CODLINEACOMM":"J013","LINEACOMM":"ISELLE [DOMODOSSOLA] - GALLARATE [MILANO] (compresa via Domo II)","DOIT":"MI","SERVIZIO_MERCI":"0","SERVIZIO_VIAGGIATORI":"SI","CAP_REG":"0","CAP_P":"0","DIRAMAZ":"0","CAUSA_CHIUSURA":null}},{"type":"Feature","id":2205,"geometry":{"type":"Point","coordinates":[8.57086,45.84341]},"properties":{"OBJECTID":2205,"CODIMP":"11640","NOME":"BELGIRATE","IMPIANTO":"S","COMUNE":"Belgirate","PROVINCIA":"Verbano-Cusio-Ossola","REGIONE":"Piemonte","CODLINEACOMM":"J013","LINEACOMM":"ISELLE [DOMODOSSOLA] - GALLARATE [MILANO] (compresa via Domo II)","DOIT":"MI","SERVIZIO_MERCI":"0","SERVIZIO_VIAGGIATORI":"SI","CAP_REG":"0","CAP_P":"0","DIRAMAZ":"0","CAUSA_CHIUSURA":null}},{"type":"Feature","id":2206,"geometry":{"type":"Point","coordinates":[8.47228,45.9439]},"properties":{"OBJECTID":2206,"CODIMP":"11520","NOME":"VERBANIA-PALLANZA","IMPIANTO":"S","COMUNE":"Verbania","PROVINCIA":"Verbano-Cusio-Ossola","REGIONE":"Piemonte","CODLINEACOMM":"J013","LINEACOMM":"ISELLE [DOMODOSSOLA] - GALLARATE [MILANO] (compresa via Domo II)","DOIT":"MI","SERVIZIO_MERCI":"0","SERVIZIO_VIAGGIATORI":"SI","CAP_REG":"0","CAP_P":"1","DIRAMAZ":"0","CAUSA_CHIUSURA":null}},{"type":"Feature","id":2207,"geometry":{"type":"Point","coordinates":[8.58194,45.72338]},"properties":{"OBJECTID":2207,"CODIMP":"11725","NOME":"DORMELLETTO","IMPIANTO":"F","COMUNE":"Dormelletto","PROVINCIA":"Novara","REGIONE":"Piemonte","CODLINEACOMM":"J013","LINEACOMM":"ISELLE [DOMODOSSOLA] - GALLARATE [MILANO] (compresa via Domo II)","DOIT":"MI","SERVIZIO_MERCI":"0","SERVIZIO_VIAGGIATORI":"SI","CAP_REG":"0","CAP_P":"0","DIRAMAZ":"0","CAUSA_CHIUSURA":null}},{"type":"Feature","id":2208,"geometry":{"type":"Point","coordinates":[8.69323,45.7172]},"properties":{"OBJECTID":2208,"CODIMP":"11840","NOME":"VERGIATE","IMPIANTO":"F","COMUNE":"Vergiate","PROVINCIA":"Varese","REGIONE":"Lombardia","CODLINEACOMM":"J013","LINEACOMM":"ISELLE [DOMODOSSOLA] - GALLARATE [MILANO] (compresa via Domo II)","DOIT":"MI","SERVIZIO_MERCI":"0","SERVIZIO_VIAGGIATORI":"SI","CAP_REG":"0","CAP_P":"0","DIRAMAZ":"0","CAUSA_CHIUSURA":null}},{"type":"Feature","id":2209,"geometry":{"type":"Point","coordinates":[8.71303,45.6865]},"properties":{"OBJECTID":2209,"CODIMP":"11880","NOME":"SOMMA LOMBARDO","IMPIANTO":"S","COMUNE":"Somma Lombardo","PROVINCIA":"Varese","REGIONE":"Lombardia","CODLINEACOMM":"J013","LINEACOMM":"ISELLE [DOMODOSSOLA] - GALLARATE [MILANO] (compresa via Domo II)","DOIT":"MI","SERVIZIO_MERCI":"0","SERVIZIO_VIAGGIATORI":"SI","CAP_REG":"0","CAP_P":"0","DIRAMAZ":"0","CAUSA_CHIUSURA":null}},{"type":"Feature","id":2210,"geometry":{"type":"Point","coordinates":[8.74399,45.67515]},"properties":{"OBJECTID":2210,"CODIMP":"11920","NOME":"CASORATE SEMPIONE","IMPIANTO":"S","COMUNE":"Casorate Sempione","PROVINCIA":"Varese","REGIONE":"Lombardia","CODLINEACOMM":"J013","LINEACOMM":"ISELLE [DOMODOSSOLA] - GALLARATE [MILANO] (compresa via Domo II)","DOIT":"MI","SERVIZIO_MERCI":"0","SERVIZIO_VIAGGIATORI":"SI","CAP_REG":"0","CAP_P":"0","DIRAMAZ":"0","CAUSA_CHIUSURA":null}},{"type":"Feature","id":2211,"geometry":{"type":"Point","coordinates":[8.92663,45.56931]},"properties":{"OBJECTID":2211,"CODIMP":"12085","NOME":"CANEGRATE","IMPIANTO":"F","COMUNE":"Canegrate","PROVINCIA":"Milano","REGIONE":"Lombardia","CODLINEACOMM":"R002","LINEACOMM":"NODO DI MILANO","DOIT":"MI","SERVIZIO_MERCI":"0","SERVIZIO_VIAGGIATORI":"SI","CAP_REG":"0","CAP_P":"0","DIRAMAZ":"0","CAUSA_CHIUSURA":null}},{"type":"Feature","id":2212,"geometry":{"type":"Point","coordinates":[8.94636,45.55252]},"properties":{"OBJECTID":2212,"CODIMP":"12120","NOME":"PARABIAGO","IMPIANTO":"S","COMUNE":"Parabiago","PROVINCIA":"Milano","REGIONE":"Lombardia","CODLINEACOMM":"R002","LINEACOMM":"NODO DI MILANO","DOIT":"MI","SERVIZIO_MERCI":"0","SERVIZIO_VIAGGIATORI":"SI","CAP_REG":"0","CAP_P":"0","DIRAMAZ":"0","CAUSA_CHIUSURA":null}},{"type":"Feature","id":2213,"geometry":{"type":"Point","coordinates":[8.86506,45.61624]},"properties":{"OBJECTID":2213,"CODIMP":"12040","NOME":"BUSTO ARSIZIO","IMPIANTO":"S","COMUNE":"Busto Arsizio","PROVINCIA":"Varese","REGIONE":"Lombardia","CODLINEACOMM":"R002","LINEACOMM":"NODO DI MILANO","DOIT":"MI","SERVIZIO_MERCI":"1","SERVIZIO_VIAGGIATORI":"SI","CAP_REG":"0","CAP_P":"0","DIRAMAZ":"0","CAUSA_CHIUSURA":null}},{"type":"Feature","id":2214,"geometry":{"type":"Point","coordinates":[8.91067,45.59374]},"properties":{"OBJECTID":2214,"CODIMP":"12080","NOME":"LEGNANO","IMPIANTO":"S","COMUNE":"Legnano","PROVINCIA":"Milano","REGIONE":"Lombardia","CODLINEACOMM":"R002","LINEACOMM":"NODO DI MILANO","DOIT":"MI","SERVIZIO_MERCI":"0","SERVIZIO_VIAGGIATORI":"SI","CAP_REG":"0","CAP_P":"0","DIRAMAZ":"0","CAUSA_CHIUSURA":null}},{"type":"Feature","id":2215,"geometry":{"type":"Point","coordinates":[8.99557,45.5253]},"properties":{"OBJECTID":2215,"CODIMP":"12160","NOME":"VANZAGO-POGLIANO","IMPIANTO":"F","COMUNE":"Vanzago","PROVINCIA":"Milano","REGIONE":"Lombardia","CODLINEACOMM":"R002","LINEACOMM":"NODO DI MILANO","DOIT":"MI","SERVIZIO_MERCI":"0","SERVIZIO_VIAGGIATORI":"SI","CAP_REG":"0","CAP_P":"0","DIRAMAZ":"0","CAUSA_CHIUSURA":null}},{"type":"Feature","id":2216,"geometry":{"type":"Point","coordinates":[8.37402,45.99376]},"properties":{"OBJECTID":2216,"CODIMP":"11440","NOME":"CUZZAGO (Linea Domo-Mi)","IMPIANTO":"F","COMUNE":"Premosello-Chiovenda","PROVINCIA":"Verbano-Cusio-Ossola","REGIONE":"Piemonte","CODLINEACOMM":"J013","LINEACOMM":"ISELLE [DOMODOSSOLA] - GALLARATE [MILANO] (compresa via Domo II)","DOIT":"MI","SERVIZIO_MERCI":"0","SERVIZIO_VIAGGIATORI":"SI","CAP_REG":"0","CAP_P":"0","DIRAMAZ":"0","CAUSA_CHIUSURA":null}},{"type":"Feature","id":2217,"geometry":{"type":"Point","coordinates":[9.04358,45.52393]},"properties":{"OBJECTID":2217,"CODIMP":"12380","NOME":"RHO","IMPIANTO":"S","COMUNE":"Rho","PROVINCIA":"Milano","REGIONE":"Lombardia","CODLINEACOMM":"R002","LINEACOMM":"NODO DI MILANO","DOIT":"MI","SERVIZIO_MERCI":"1","SERVIZIO_VIAGGIATORI":"SI","CAP_REG":"0","CAP_P":"0","DIRAMAZ":"1","CAUSA_CHIUSURA":null}},{"type":"Feature","id":2218,"geometry":{"type":"Point","coordinates":[9.37411,45.49403]},"properties":{"OBJECTID":2218,"CODIMP":"13065","NOME":"VIGNATE","IMPIANTO":"F","COMUNE":"Vignate","PROVINCIA":"Milano","REGIONE":"Lombardia","CODLINEACOMM":"J023","LINEACOMM":"[MILANO] PIOLTELLO L. - BRESCIA - VERONA","DOIT":"MI","SERVIZIO_MERCI":"0","SERVIZIO_VIAGGIATORI":"SI","CAP_REG":"0","CAP_P":"0","DIRAMAZ":"0","CAUSA_CHIUSURA":null}},{"type":"Feature","id":2220,"geometry":{"type":"Point","coordinates":[9.76782,45.30191]},"properties":{"OBJECTID":2220,"CODIMP":"18680","NOME":"CASTELLEONE","IMPIANTO":"S","COMUNE":"Castelleone","PROVINCIA":"Cremona","REGIONE":"Lombardia","CODLINEACOMM":"K057","LINEACOMM":"TREVIGLIO - OLMENETA","DOIT":"MI","SERVIZIO_MERCI":"0","SERVIZIO_VIAGGIATORI":"SI","CAP_REG":"0","CAP_P":"0","DIRAMAZ":"0","CAUSA_CHIUSURA":null}},{"type":"Feature","id":2221,"geometry":{"type":"Point","coordinates":[9.85666,45.28317]},"properties":{"OBJECTID":2221,"CODIMP":"18720","NOME":"SORESINA","IMPIANTO":"S","COMUNE":"Soresina","PROVINCIA":"Cremona","REGIONE":"Lombardia","CODLINEACOMM":"K057","LINEACOMM":"TREVIGLIO - OLMENETA","DOIT":"MI","SERVIZIO_MERCI":"0","SERVIZIO_VIAGGIATORI":"SI","CAP_REG":"0","CAP_P":"0","DIRAMAZ":"0","CAUSA_CHIUSURA":null}},{"type":"Feature","id":2222,"geometry":{"type":"Point","coordinates":[9.96239,45.25548]},"properties":{"OBJECTID":2222,"CODIMP":"18760","NOME":"CASALBUTTANO","IMPIANTO":"S","COMUNE":"Casalbuttano Ed Uniti","PROVINCIA":"Cremona","REGIONE":"Lombardia","CODLINEACOMM":"K057","LINEACOMM":"TREVIGLIO - OLMENETA","DOIT":"MI","SERVIZIO_MERCI":"0","SERVIZIO_VIAGGIATORI":"SI","CAP_REG":"0","CAP_P":"0","DIRAMAZ":"0","CAUSA_CHIUSURA":null}},{"type":"Feature","id":2223,"geometry":{"type":"Point","coordinates":[9.64005,45.44395]},"properties":{"OBJECTID":2223,"CODIMP":"18579","NOME":"CAPRALBA","IMPIANTO":"F","COMUNE":"Capralba","PROVINCIA":"Cremona","REGIONE":"Lombardia","CODLINEACOMM":"K057","LINEACOMM":"TREVIGLIO - OLMENETA","DOIT":"MI","SERVIZIO_MERCI":"0","SERVIZIO_VIAGGIATORI":"SI","CAP_REG":"0","CAP_P":"0","DIRAMAZ":"0","CAUSA_CHIUSURA":null}},{"type":"Feature","id":2224,"geometry":{"type":"Point","coordinates":[9.63177,45.40873]},"properties":{"OBJECTID":2224,"CODIMP":"18600","NOME":"CASALETTO VAPRIO","IMPIANTO":"S","COMUNE":"Casaletto Vaprio","PROVINCIA":"Cremona","REGIONE":"Lombardia","CODLINEACOMM":"K057","LINEACOMM":"TREVIGLIO - OLMENETA","DOIT":"MI","SERVIZIO_MERCI":"1","SERVIZIO_VIAGGIATORI":"SI","CAP_REG":"0","CAP_P":"0","DIRAMAZ":"0","CAUSA_CHIUSURA":null}},{"type":"Feature","id":2225,"geometry":{"type":"Point","coordinates":[9.63775,45.49124]},"properties":{"OBJECTID":2225,"CODIMP":"18560","NOME":"CARAVAGGIO","IMPIANTO":"S","COMUNE":"Caravaggio","PROVINCIA":"Bergamo","REGIONE":"Lombardia","CODLINEACOMM":"K057","LINEACOMM":"TREVIGLIO - OLMENETA","DOIT":"MI","SERVIZIO_MERCI":"0","SERVIZIO_VIAGGIATORI":"SI","CAP_REG":"0","CAP_P":"0","DIRAMAZ":"0","CAUSA_CHIUSURA":null}},{"type":"Feature","id":2226,"geometry":{"type":"Point","coordinates":[9.69424,45.36694]},"properties":{"OBJECTID":2226,"CODIMP":"18640","NOME":"CREMA","IMPIANTO":"S","COMUNE":"Crema","PROVINCIA":"Cremona","REGIONE":"Lombardia","CODLINEACOMM":"K057","LINEACOMM":"TREVIGLIO - OLMENETA","DOIT":"MI","SERVIZIO_MERCI":"1","SERVIZIO_VIAGGIATORI":"SI","CAP_REG":"0","CAP_P":"0","DIRAMAZ":"0","CAUSA_CHIUSURA":null}},{"type":"Feature","id":2227,"geometry":{"type":"Point","coordinates":[10.03197,45.23118]},"properties":{"OBJECTID":2227,"CODIMP":"18800","NOME":"OLMENETA","IMPIANTO":"S","COMUNE":"Olmeneta","PROVINCIA":"Cremona","REGIONE":"Lombardia","CODLINEACOMM":"K052","LINEACOMM":"S.ZENO FOLZANO - OLMENETA","DOIT":"MI","SERVIZIO_MERCI":"0","SERVIZIO_VIAGGIATORI":"SI","CAP_REG":"0","CAP_P":"0","DIRAMAZ":"1","CAUSA_CHIUSURA":null}},{"type":"Feature","id":2228,"geometry":{"type":"Point","coordinates":[9.73021,45.34391]},"properties":{"OBJECTID":2228,"CODIMP":"18643","NOME":"MADIGNANO","IMPIANTO":"F","COMUNE":"Madignano","PROVINCIA":"Cremona","REGIONE":"Lombardia","CODLINEACOMM":"K057","LINEACOMM":"TREVIGLIO - OLMENETA","DOIT":"MI","SERVIZIO_MERCI":"0","SERVIZIO_VIAGGIATORI":"SI","CAP_REG":"0","CAP_P":"0","DIRAMAZ":"0","CAUSA_CHIUSURA":null}},{"type":"Feature","id":2229,"geometry":{"type":"Point","coordinates":[10.13237,45.35729]},"properties":{"OBJECTID":2229,"CODIMP":"19660","NOME":"MANERBIO","IMPIANTO":"S","COMUNE":"Manerbio","PROVINCIA":"Brescia","REGIONE":"Lombardia","CODLINEACOMM":"K052","LINEACOMM":"S.ZENO FOLZANO - OLMENETA","DOIT":"MI","SERVIZIO_MERCI":"0","SERVIZIO_VIAGGIATORI":"SI","CAP_REG":"0","CAP_P":"0","DIRAMAZ":"0","CAUSA_CHIUSURA":null}},{"type":"Feature","id":2230,"geometry":{"type":"Point","coordinates":[10.08391,45.32506]},"properties":{"OBJECTID":2230,"CODIMP":"19700","NOME":"VEROLANUOVA","IMPIANTO":"S","COMUNE":"Verolanuova","PROVINCIA":"Brescia","REGIONE":"Lombardia","CODLINEACOMM":"K052","LINEACOMM":"S.ZENO FOLZANO - OLMENETA","DOIT":"MI","SERVIZIO_MERCI":"0","SERVIZIO_VIAGGIATORI":"SI","CAP_REG":"0","CAP_P":"0","DIRAMAZ":"0","CAUSA_CHIUSURA":null}},{"type":"Feature","id":2231,"geometry":{"type":"Point","coordinates":[10.18364,45.42861]},"properties":{"OBJECTID":2231,"CODIMP":"19620","NOME":"BAGNOLO MELLA","IMPIANTO":"S","COMUNE":"Bagnolo Mella","PROVINCIA":"Brescia","REGIONE":"Lombardia","CODLINEACOMM":"K052","LINEACOMM":"S.ZENO FOLZANO - OLMENETA","DOIT":"MI","SERVIZIO_MERCI":"1","SERVIZIO_VIAGGIATORI":"SI","CAP_REG":"0","CAP_P":"0","DIRAMAZ":"0","CAUSA_CHIUSURA":null}},{"type":"Feature","id":2232,"geometry":{"type":"Point","coordinates":[10.07862,45.2663]},"properties":{"OBJECTID":2232,"CODIMP":"19740","NOME":"ROBECCO-PONTEVICO","IMPIANTO":"S","COMUNE":"Robecco D'oglio","PROVINCIA":"Cremona","REGIONE":"Lombardia","CODLINEACOMM":"K052","LINEACOMM":"S.ZENO FOLZANO - OLMENETA","DOIT":"MI","SERVIZIO_MERCI":"0","SERVIZIO_VIAGGIATORI":"SI","CAP_REG":"0","CAP_P":"0","DIRAMAZ":"0","CAUSA_CHIUSURA":null}},{"type":"Feature","id":2235,"geometry":{"type":"Point","coordinates":[10.83162,43.70147]},"properties":{"OBJECTID":2235,"CODIMP":"48740","NOME":"S.MINIATO-FUCECCHIO","IMPIANTO":"F","COMUNE":"San Miniato","PROVINCIA":"Pisa","REGIONE":"Toscana","CODLINEACOMM":"J049","LINEACOMM":"[FIRENZE] FIRENZE CASCINE - PISA","DOIT":"FI","SERVIZIO_MERCI":"0","SERVIZIO_VIAGGIATORI":"SI","CAP_REG":"0","CAP_P":"0","DIRAMAZ":"0","CAUSA_CHIUSURA":null}},{"type":"Feature","id":2236,"geometry":{"type":"Point","coordinates":[10.76017,43.69067]},"properties":{"OBJECTID":2236,"CODIMP":"48780","NOME":"S.ROMANO-MONTOPOLI-S.CROCE","IMPIANTO":"S","COMUNE":"Montopoli In Val D'arno","PROVINCIA":"Pisa","REGIONE":"Toscana","CODLINEACOMM":"J049","LINEACOMM":"[FIRENZE] FIRENZE CASCINE - PISA","DOIT":"FI","SERVIZIO_MERCI":"0","SERVIZIO_VIAGGIATORI":"SI","CAP_REG":"0","CAP_P":"0","DIRAMAZ":"0","CAUSA_CHIUSURA":null}},{"type":"Feature","id":2237,"geometry":{"type":"Point","coordinates":[11.39462,43.79098]},"properties":{"OBJECTID":2237,"CODIMP":"47625","NOME":"SIECI","IMPIANTO":"F","COMUNE":"Pontassieve","PROVINCIA":"Firenze","REGIONE":"Toscana","CODLINEACOMM":"J053","LINEACOMM":"[FIRENZE] FIRENZE ROVEZZANO - FARA SABINA [ROMA] (Linea Lenta)","DOIT":"FI","SERVIZIO_MERCI":"0","SERVIZIO_VIAGGIATORI":"SI","CAP_REG":"0","CAP_P":"0","DIRAMAZ":"0","CAUSA_CHIUSURA":null}},{"type":"Feature","id":2238,"geometry":{"type":"Point","coordinates":[11.35871,43.78261]},"properties":{"OBJECTID":2238,"CODIMP":"47620","NOME":"COMPIOBBI","IMPIANTO":"S","COMUNE":"Fiesole","PROVINCIA":"Firenze","REGIONE":"Toscana","CODLINEACOMM":"J053","LINEACOMM":"[FIRENZE] FIRENZE ROVEZZANO - FARA SABINA [ROMA] (Linea Lenta)","DOIT":"FI","SERVIZIO_MERCI":"0","SERVIZIO_VIAGGIATORI":"SI","CAP_REG":"0","CAP_P":"0","DIRAMAZ":"0","CAUSA_CHIUSURA":null}},{"type":"Feature","id":2239,"geometry":{"type":"Point","coordinates":[11.46964,43.74223]},"properties":{"OBJECTID":2239,"CODIMP":"47665","NOME":"S.ELLERO","IMPIANTO":"F","COMUNE":"Pelago","PROVINCIA":"Firenze","REGIONE":"Toscana","CODLINEACOMM":"J053","LINEACOMM":"[FIRENZE] FIRENZE ROVEZZANO - FARA SABINA [ROMA] (Linea Lenta)","DOIT":"FI","SERVIZIO_MERCI":"0","SERVIZIO_VIAGGIATORI":"SI","CAP_REG":"0","CAP_P":"0","DIRAMAZ":"0","CAUSA_CHIUSURA":null}},{"type":"Feature","id":2240,"geometry":{"type":"Point","coordinates":[11.4524,43.72093]},"properties":{"OBJECTID":2240,"CODIMP":"47700","NOME":"RIGNANO SULL'ARNO","IMPIANTO":"S","COMUNE":"Rignano Sull'arno","PROVINCIA":"Firenze","REGIONE":"Toscana","CODLINEACOMM":"J053","LINEACOMM":"[FIRENZE] FIRENZE ROVEZZANO - FARA SABINA [ROMA] (Linea Lenta)","DOIT":"FI","SERVIZIO_MERCI":"0","SERVIZIO_VIAGGIATORI":"SI","CAP_REG":"0","CAP_P":"0","DIRAMAZ":"0","CAUSA_CHIUSURA":null}},{"type":"Feature","id":2241,"geometry":{"type":"Point","coordinates":[11.45274,43.65664]},"properties":{"OBJECTID":2241,"CODIMP":"47740","NOME":"INCISA","IMPIANTO":"S","COMUNE":"Incisa In Val D'arno","PROVINCIA":"Firenze","REGIONE":"Toscana","CODLINEACOMM":"J053","LINEACOMM":"[FIRENZE] FIRENZE ROVEZZANO - FARA SABINA [ROMA] (Linea Lenta)","DOIT":"FI","SERVIZIO_MERCI":"0","SERVIZIO_VIAGGIATORI":"SI","CAP_REG":"0","CAP_P":"0","DIRAMAZ":"0","CAUSA_CHIUSURA":null}},{"type":"Feature","id":2242,"geometry":{"type":"Point","coordinates":[11.47366,43.62169]},"properties":{"OBJECTID":2242,"CODIMP":"47780","NOME":"FIGLINE VALDARNO","IMPIANTO":"S","COMUNE":"Figline Valdarno","PROVINCIA":"Firenze","REGIONE":"Toscana","CODLINEACOMM":"J053","LINEACOMM":"[FIRENZE] FIRENZE ROVEZZANO - FARA SABINA [ROMA] (Linea Lenta)","DOIT":"FI","SERVIZIO_MERCI":"0","SERVIZIO_VIAGGIATORI":"SI","CAP_REG":"0","CAP_P":"0","DIRAMAZ":"0","CAUSA_CHIUSURA":null}},{"type":"Feature","id":2243,"geometry":{"type":"Point","coordinates":[10.48683,43.68603]},"properties":{"OBJECTID":2243,"CODIMP":"48940","NOME":"NAVACCHIO","IMPIANTO":"S","COMUNE":"Cascina","PROVINCIA":"Pisa","REGIONE":"Toscana","CODLINEACOMM":"J049","LINEACOMM":"[FIRENZE] FIRENZE CASCINE - PISA","DOIT":"FI","SERVIZIO_MERCI":"0","SERVIZIO_VIAGGIATORI":"SI","CAP_REG":"0","CAP_P":"0","DIRAMAZ":"0","CAUSA_CHIUSURA":null}},{"type":"Feature","id":2244,"geometry":{"type":"Point","coordinates":[10.54525,43.67463]},"properties":{"OBJECTID":2244,"CODIMP":"48860","NOME":"CASCINA","IMPIANTO":"S","COMUNE":"Cascina","PROVINCIA":"Pisa","REGIONE":"Toscana","CODLINEACOMM":"J049","LINEACOMM":"[FIRENZE] FIRENZE CASCINE - PISA","DOIT":"FI","SERVIZIO_MERCI":"0","SERVIZIO_VIAGGIATORI":"SI","CAP_REG":"0","CAP_P":"0","DIRAMAZ":"0","CAUSA_CHIUSURA":null}},{"type":"Feature","id":2245,"geometry":{"type":"Point","coordinates":[10.6288,43.66223]},"properties":{"OBJECTID":2245,"CODIMP":"48820","NOME":"PONTEDERA-CASCIANA TERME","IMPIANTO":"S","COMUNE":"Pontedera","PROVINCIA":"Pisa","REGIONE":"Toscana","CODLINEACOMM":"J049","LINEACOMM":"[FIRENZE] FIRENZE CASCINE - PISA","DOIT":"FI","SERVIZIO_MERCI":"0","SERVIZIO_VIAGGIATORI":"SI","CAP_REG":"0","CAP_P":"0","DIRAMAZ":"0","CAUSA_CHIUSURA":null}},{"type":"Feature","id":2246,"geometry":{"type":"Point","coordinates":[10.51728,43.6806]},"properties":{"OBJECTID":2246,"CODIMP":"48863","NOME":"S.FREDIANO A SETTIMO","IMPIANTO":"F","COMUNE":"Cascina","PROVINCIA":"Pisa","REGIONE":"Toscana","CODLINEACOMM":"J049","LINEACOMM":"[FIRENZE] FIRENZE CASCINE - PISA","DOIT":"FI","SERVIZIO_MERCI":"0","SERVIZIO_VIAGGIATORI":"SI","CAP_REG":"0","CAP_P":"0","DIRAMAZ":"0","CAUSA_CHIUSURA":null}},{"type":"Feature","id":2247,"geometry":{"type":"Point","coordinates":[11.23516,43.80198]},"properties":{"OBJECTID":2247,"CODIMP":"45040","NOME":"FIRENZE RIFREDI","IMPIANTO":"S","COMUNE":"Firenze","PROVINCIA":"Firenze","REGIONE":"Toscana","CODLINEACOMM":"R006","LINEACOMM":"NODO DI FIRENZE","DOIT":"FI","SERVIZIO_MERCI":"0","SERVIZIO_VIAGGIATORI":"SI","CAP_REG":"0","CAP_P":"0","DIRAMAZ":"1","CAUSA_CHIUSURA":null}},{"type":"Feature","id":2248,"geometry":{"type":"Point","coordinates":[11.24998,43.7874]},"properties":{"OBJECTID":2248,"CODIMP":"49040","NOME":"FIRENZE STATUTO","IMPIANTO":"S","COMUNE":"Firenze","PROVINCIA":"Firenze","REGIONE":"Toscana","CODLINEACOMM":"R006","LINEACOMM":"NODO DI FIRENZE","DOIT":"FI","SERVIZIO_MERCI":"0","SERVIZIO_VIAGGIATORI":"SI","CAP_REG":"0","CAP_P":"0","DIRAMAZ":"0","CAUSA_CHIUSURA":null}},{"type":"Feature","id":2250,"geometry":{"type":"Point","coordinates":[10.28687,45.13728]},"properties":{"OBJECTID":2250,"CODIMP":"19340","NOME":"TORRE DE' PICENARDI","IMPIANTO":"S","COMUNE":"Torre De' Picenardi","PROVINCIA":"Cremona","REGIONE":"Lombardia","CODLINEACOMM":"K062","LINEACOMM":"CREMONA - PIADENA","DOIT":"MI","SERVIZIO_MERCI":"0","SERVIZIO_VIAGGIATORI":"SI","CAP_REG":"0","CAP_P":"0","DIRAMAZ":"0","CAUSA_CHIUSURA":null}},{"type":"Feature","id":2251,"geometry":{"type":"Point","coordinates":[10.18994,45.13724]},"properties":{"OBJECTID":2251,"CODIMP":"19300","NOME":"GAZZO-PIEVE S.GIACOMO","IMPIANTO":"S","COMUNE":"Pieve San Giacomo","PROVINCIA":"Cremona","REGIONE":"Lombardia","CODLINEACOMM":"K062","LINEACOMM":"CREMONA - PIADENA","DOIT":"MI","SERVIZIO_MERCI":"0","SERVIZIO_VIAGGIATORI":"SI","CAP_REG":"0","CAP_P":"0","DIRAMAZ":"0","CAUSA_CHIUSURA":null}},{"type":"Feature","id":2252,"geometry":{"type":"Point","coordinates":[9.75523,45.1702]},"properties":{"OBJECTID":2252,"CODIMP":"19077","NOME":"MALEO","IMPIANTO":"F","COMUNE":"Maleo","PROVINCIA":"Lodi","REGIONE":"Lombardia","CODLINEACOMM":"K061","LINEACOMM":"CODOGNO - CREMONA","DOIT":"MI","SERVIZIO_MERCI":"0","SERVIZIO_VIAGGIATORI":"SI","CAP_REG":"0","CAP_P":"0","DIRAMAZ":"0","CAUSA_CHIUSURA":null}},{"type":"Feature","id":2253,"geometry":{"type":"Point","coordinates":[9.95585,45.1569]},"properties":{"OBJECTID":2253,"CODIMP":"19160","NOME":"CAVA TIGOZZI","IMPIANTO":"S","COMUNE":"Sesto Ed Uniti","PROVINCIA":"Cremona","REGIONE":"Lombardia","CODLINEACOMM":"K061","LINEACOMM":"CODOGNO - CREMONA","DOIT":"MI","SERVIZIO_MERCI":"1","SERVIZIO_VIAGGIATORI":"SI","CAP_REG":"0","CAP_P":"0","DIRAMAZ":"0","CAUSA_CHIUSURA":null}},{"type":"Feature","id":2254,"geometry":{"type":"Point","coordinates":[10.64751,45.14437]},"properties":{"OBJECTID":2254,"CODIMP":"19500","NOME":"CASTELLUCCHIO","IMPIANTO":"S","COMUNE":"Castellucchio","PROVINCIA":"Mantova","REGIONE":"Lombardia","CODLINEACOMM":"K063","LINEACOMM":"PIADENA - MANTOVA","DOIT":"MI","SERVIZIO_MERCI":"0","SERVIZIO_VIAGGIATORI":"SI","CAP_REG":"0","CAP_P":"0","DIRAMAZ":"0","CAUSA_CHIUSURA":null}},{"type":"Feature","id":2255,"geometry":{"type":"Point","coordinates":[9.88848,45.17218]},"properties":{"OBJECTID":2255,"CODIMP":"19120","NOME":"ACQUANEGRA CREMONESE","IMPIANTO":"S","COMUNE":"Acquanegra Cremonese","PROVINCIA":"Cremona","REGIONE":"Lombardia","CODLINEACOMM":"K061","LINEACOMM":"CODOGNO - CREMONA","DOIT":"MI","SERVIZIO_MERCI":"1","SERVIZIO_VIAGGIATORI":"SI","CAP_REG":"0","CAP_P":"0","DIRAMAZ":"0","CAUSA_CHIUSURA":null}},{"type":"Feature","id":2256,"geometry":{"type":"Point","coordinates":[9.77717,45.18186]},"properties":{"OBJECTID":2256,"CODIMP":"19080","NOME":"PIZZIGHETTONE","IMPIANTO":"S","COMUNE":"Maleo","PROVINCIA":"Lodi","REGIONE":"Lombardia","CODLINEACOMM":"K061","LINEACOMM":"CODOGNO - CREMONA","DOIT":"MI","SERVIZIO_MERCI":"0","SERVIZIO_VIAGGIATORI":"SI","CAP_REG":"0","CAP_P":"0","DIRAMAZ":"0","CAUSA_CHIUSURA":null}},{"type":"Feature","id":2257,"geometry":{"type":"Point","coordinates":[9.79077,45.18444]},"properties":{"OBJECTID":2257,"CODIMP":"19083","NOME":"PONTE D'ADDA","IMPIANTO":"F","COMUNE":"Pizzighettone","PROVINCIA":"Cremona","REGIONE":"Lombardia","CODLINEACOMM":"K061","LINEACOMM":"CODOGNO - CREMONA","DOIT":"MI","SERVIZIO_MERCI":"0","SERVIZIO_VIAGGIATORI":"SI","CAP_REG":"0","CAP_P":"0","DIRAMAZ":"0","CAUSA_CHIUSURA":null}},{"type":"Feature","id":2258,"geometry":{"type":"Point","coordinates":[10.97533,45.18348]},"properties":{"OBJECTID":2258,"CODIMP":"24060","NOME":"CASTEL D'ARIO","IMPIANTO":"S","COMUNE":"Castel D'ario","PROVINCIA":"Mantova","REGIONE":"Lombardia","CODLINEACOMM":"K073","LINEACOMM":"MANTOVA - NOGARA","DOIT":"VR","SERVIZIO_MERCI":"0","SERVIZIO_VIAGGIATORI":"SI","CAP_REG":"0","CAP_P":"0","DIRAMAZ":"0","CAUSA_CHIUSURA":null}},{"type":"Feature","id":2259,"geometry":{"type":"Point","coordinates":[10.89403,45.17673]},"properties":{"OBJECTID":2259,"CODIMP":"24020","NOME":"GAZZO DI BIGARELLO","IMPIANTO":"S","COMUNE":"Bigarello","PROVINCIA":"Mantova","REGIONE":"Lombardia","CODLINEACOMM":"K073","LINEACOMM":"MANTOVA - NOGARA","DOIT":"VR","SERVIZIO_MERCI":"0","SERVIZIO_VIAGGIATORI":"SI","CAP_REG":"0","CAP_P":"0","DIRAMAZ":"0","CAUSA_CHIUSURA":null}},{"type":"Feature","id":2260,"geometry":{"type":"Point","coordinates":[10.83103,45.15057]},"properties":{"OBJECTID":2260,"CODIMP":"23980","NOME":"MANTOVA FRASSINE","IMPIANTO":"S","COMUNE":"Mantova","PROVINCIA":"Mantova","REGIONE":"Lombardia","CODLINEACOMM":"K073","LINEACOMM":"MANTOVA - NOGARA","DOIT":"VR","SERVIZIO_MERCI":"1","SERVIZIO_VIAGGIATORI":"SI","CAP_REG":"0","CAP_P":"0","DIRAMAZ":"0","CAUSA_CHIUSURA":null}},{"type":"Feature","id":2261,"geometry":{"type":"Point","coordinates":[11.00927,45.18573]},"properties":{"OBJECTID":2261,"CODIMP":"24065","NOME":"BONFERRARO","IMPIANTO":"F","COMUNE":"Sorgà","PROVINCIA":"Verona","REGIONE":"Veneto","CODLINEACOMM":"K073","LINEACOMM":"MANTOVA - NOGARA","DOIT":"VR","SERVIZIO_MERCI":"0","SERVIZIO_VIAGGIATORI":"SI","CAP_REG":"0","CAP_P":"0","DIRAMAZ":"0","CAUSA_CHIUSURA":null}},{"type":"Feature","id":2264,"geometry":{"type":"Point","coordinates":[10.11197,45.1371]},"properties":{"OBJECTID":2264,"CODIMP":"19260","NOME":"VILLETTA MALAGNINO","IMPIANTO":"S","COMUNE":"Malagnino","PROVINCIA":"Cremona","REGIONE":"Lombardia","CODLINEACOMM":"K062","LINEACOMM":"CREMONA - PIADENA","DOIT":"MI","SERVIZIO_MERCI":"0","SERVIZIO_VIAGGIATORI":"SI","CAP_REG":"0","CAP_P":"0","DIRAMAZ":"0","CAUSA_CHIUSURA":null}},{"type":"Feature","id":2265,"geometry":{"type":"Point","coordinates":[10.53367,45.1246]},"properties":{"OBJECTID":2265,"CODIMP":"19460","NOME":"MARCARIA","IMPIANTO":"S","COMUNE":"Marcaria","PROVINCIA":"Mantova","REGIONE":"Lombardia","CODLINEACOMM":"K063","LINEACOMM":"PIADENA - MANTOVA","DOIT":"MI","SERVIZIO_MERCI":"1","SERVIZIO_VIAGGIATORI":"SI","CAP_REG":"0","CAP_P":"0","DIRAMAZ":"0","CAUSA_CHIUSURA":null}},{"type":"Feature","id":2266,"geometry":{"type":"Point","coordinates":[10.47269,45.10733]},"properties":{"OBJECTID":2266,"CODIMP":"19420","NOME":"BOZZOLO","IMPIANTO":"S","COMUNE":"Bozzolo","PROVINCIA":"Mantova","REGIONE":"Lombardia","CODLINEACOMM":"K063","LINEACOMM":"PIADENA - MANTOVA","DOIT":"MI","SERVIZIO_MERCI":"0","SERVIZIO_VIAGGIATORI":"SI","CAP_REG":"0","CAP_P":"0","DIRAMAZ":"0","CAUSA_CHIUSURA":null}},{"type":"Feature","id":2267,"geometry":{"type":"Point","coordinates":[10.60443,45.12982]},"properties":{"OBJECTID":2267,"CODIMP":"19465","NOME":"OSPITALETTO MANTOVANO","IMPIANTO":"F","COMUNE":"Marcaria","PROVINCIA":"Mantova","REGIONE":"Lombardia","CODLINEACOMM":"K063","LINEACOMM":"PIADENA - MANTOVA","DOIT":"MI","SERVIZIO_MERCI":"0","SERVIZIO_VIAGGIATORI":"SI","CAP_REG":"0","CAP_P":"0","DIRAMAZ":"0","CAUSA_CHIUSURA":null}},{"type":"Feature","id":2268,"geometry":{"type":"Point","coordinates":[10.57331,45.12249]},"properties":{"OBJECTID":2268,"CODIMP":"19463","NOME":"S.MICHELE IN BOSCO","IMPIANTO":"F","COMUNE":"Marcaria","PROVINCIA":"Mantova","REGIONE":"Lombardia","CODLINEACOMM":"K063","LINEACOMM":"PIADENA - MANTOVA","DOIT":"MI","SERVIZIO_MERCI":"0","SERVIZIO_VIAGGIATORI":"SI","CAP_REG":"0","CAP_P":"0","DIRAMAZ":"0","CAUSA_CHIUSURA":null}},{"type":"Feature","id":2269,"geometry":{"type":"Point","coordinates":[11.12464,44.98194]},"properties":{"OBJECTID":2269,"CODIMP":"39480","NOME":"POGGIO RUSCO","IMPIANTO":"S","COMUNE":"Poggio Rusco","PROVINCIA":"Mantova","REGIONE":"Lombardia","CODLINEACOMM":"J029","LINEACOMM":"VERONA - TAVERNELLE [BOLOGNA]","DOIT":"BO","SERVIZIO_MERCI":"1","SERVIZIO_VIAGGIATORI":"SI","CAP_REG":"0","CAP_P":"0","DIRAMAZ":"0","CAUSA_CHIUSURA":null}},{"type":"Feature","id":2270,"geometry":{"type":"Point","coordinates":[11.11171,44.89172]},"properties":{"OBJECTID":2270,"CODIMP":"39560","NOME":"MIRANDOLA","IMPIANTO":"F","COMUNE":"Mirandola","PROVINCIA":"Modena","REGIONE":"Emilia-Romagna","CODLINEACOMM":"J029","LINEACOMM":"VERONA - TAVERNELLE [BOLOGNA]","DOIT":"BO","SERVIZIO_MERCI":"0","SERVIZIO_VIAGGIATORI":"SI","CAP_REG":"0","CAP_P":"0","DIRAMAZ":"0","CAUSA_CHIUSURA":null}},{"type":"Feature","id":2271,"geometry":{"type":"Point","coordinates":[8.76097,44.89063]},"properties":{"OBJECTID":2271,"CODIMP":"16583","NOME":"S.GIULIANO PIEMONTE","IMPIANTO":"F","COMUNE":"Alessandria","PROVINCIA":"Alessandria","REGIONE":"Piemonte","CODLINEACOMM":"J021","LINEACOMM":"ALESSANDRIA - PIACENZA (compresa Broni - Bressana B)","DOIT":"MI","SERVIZIO_MERCI":"0","SERVIZIO_VIAGGIATORI":"SI","CAP_REG":"0","CAP_P":"0","DIRAMAZ":"0","CAUSA_CHIUSURA":null}},{"type":"Feature","id":2272,"geometry":{"type":"Point","coordinates":[8.68318,44.88246]},"properties":{"OBJECTID":2272,"CODIMP":"16580","NOME":"SPINETTA","IMPIANTO":"S","COMUNE":"Alessandria","PROVINCIA":"Alessandria","REGIONE":"Piemonte","CODLINEACOMM":"J021","LINEACOMM":"ALESSANDRIA - PIACENZA (compresa Broni - Bressana B)","DOIT":"MI","SERVIZIO_MERCI":"1","SERVIZIO_VIAGGIATORI":"SI","CAP_REG":"0","CAP_P":"0","DIRAMAZ":"0","CAUSA_CHIUSURA":null}},{"type":"Feature","id":2273,"geometry":{"type":"Point","coordinates":[11.08918,45.42164]},"properties":{"OBJECTID":2273,"CODIMP":"21980","NOME":"S.MARTINO BUON ALBERGO","IMPIANTO":"F","COMUNE":"San Martino Buon Albergo","PROVINCIA":"Verona","REGIONE":"Veneto","CODLINEACOMM":"J025","LINEACOMM":"VERONA - PADOVA","DOIT":"VR","SERVIZIO_MERCI":"0","SERVIZIO_VIAGGIATORI":"SI","CAP_REG":"0","CAP_P":"0","DIRAMAZ":"0","CAUSA_CHIUSURA":null}},{"type":"Feature","id":2274,"geometry":{"type":"Point","coordinates":[11.16978,45.41415]},"properties":{"OBJECTID":2274,"CODIMP":"22020","NOME":"PC CALDIERO","IMPIANTO":"PC","COMUNE":"Caldiero","PROVINCIA":"Verona","REGIONE":"Veneto","CODLINEACOMM":"J025","LINEACOMM":"VERONA - PADOVA","DOIT":"VR","SERVIZIO_MERCI":"0","SERVIZIO_VIAGGIATORI":"SI","CAP_REG":"0","CAP_P":"0","DIRAMAZ":"0","CAUSA_CHIUSURA":null}},{"type":"Feature","id":2275,"geometry":{"type":"Point","coordinates":[11.27407,45.40284]},"properties":{"OBJECTID":2275,"CODIMP":"22060","NOME":"S.BONIFACIO","IMPIANTO":"S","COMUNE":"San Bonifacio","PROVINCIA":"Verona","REGIONE":"Veneto","CODLINEACOMM":"J025","LINEACOMM":"VERONA - PADOVA","DOIT":"VR","SERVIZIO_MERCI":"0","SERVIZIO_VIAGGIATORI":"SI","CAP_REG":"0","CAP_P":"0","DIRAMAZ":"0","CAUSA_CHIUSURA":null}},{"type":"Feature","id":2276,"geometry":{"type":"Point","coordinates":[11.01887,45.43563]},"properties":{"OBJECTID":2276,"CODIMP":"21940","NOME":"VERONA PORTA VESCOVO","IMPIANTO":"S","COMUNE":"Verona","PROVINCIA":"Verona","REGIONE":"Veneto","CODLINEACOMM":"J023","LINEACOMM":"[MILANO] PIOLTELLO L. - BRESCIA - VERONA","DOIT":"VR","SERVIZIO_MERCI":"1","SERVIZIO_VIAGGIATORI":"SI","CAP_REG":"0","CAP_P":"0","DIRAMAZ":"0","CAUSA_CHIUSURA":null}},{"type":"Feature","id":2277,"geometry":{"type":"Point","coordinates":[11.39083,45.45259]},"properties":{"OBJECTID":2277,"CODIMP":"22140","NOME":"MONTEBELLO","IMPIANTO":"F","COMUNE":"Montebello Vicentino","PROVINCIA":"Vicenza","REGIONE":"Veneto","CODLINEACOMM":"J025","LINEACOMM":"VERONA - PADOVA","DOIT":"VR","SERVIZIO_MERCI":"0","SERVIZIO_VIAGGIATORI":"SI","CAP_REG":"0","CAP_P":"0","DIRAMAZ":"0","CAUSA_CHIUSURA":null}},{"type":"Feature","id":2278,"geometry":{"type":"Point","coordinates":[11.34504,45.41335]},"properties":{"OBJECTID":2278,"CODIMP":"22100","NOME":"LONIGO","IMPIANTO":"F","COMUNE":"Lonigo","PROVINCIA":"Vicenza","REGIONE":"Veneto","CODLINEACOMM":"J025","LINEACOMM":"VERONA - PADOVA","DOIT":"VR","SERVIZIO_MERCI":"0","SERVIZIO_VIAGGIATORI":"SI","CAP_REG":"0","CAP_P":"0","DIRAMAZ":"0","CAUSA_CHIUSURA":null}},{"type":"Feature","id":2279,"geometry":{"type":"Point","coordinates":[11.77388,45.45796]},"properties":{"OBJECTID":2279,"CODIMP":"26990","NOME":"MESTRINO","IMPIANTO":"F","COMUNE":"Villafranca Padovana","PROVINCIA":"Padova","REGIONE":"Veneto","CODLINEACOMM":"J025","LINEACOMM":"VERONA - PADOVA","DOIT":"VE","SERVIZIO_MERCI":"0","SERVIZIO_VIAGGIATORI":"SI","CAP_REG":"0","CAP_P":"0","DIRAMAZ":"0","CAUSA_CHIUSURA":null}},{"type":"Feature","id":2280,"geometry":{"type":"Point","coordinates":[12.11899,45.46293]},"properties":{"OBJECTID":2280,"CODIMP":"27200","NOME":"MIRA-MIRANO","IMPIANTO":"F","COMUNE":"Mira","PROVINCIA":"Venezia","REGIONE":"Veneto","CODLINEACOMM":"R003","LINEACOMM":"NODO DI VENEZIA","DOIT":"VE","SERVIZIO_MERCI":"0","SERVIZIO_VIAGGIATORI":"SI","CAP_REG":"0","CAP_P":"0","DIRAMAZ":"0","CAUSA_CHIUSURA":null}},{"type":"Feature","id":2281,"geometry":{"type":"Point","coordinates":[12.07181,45.45346]},"properties":{"OBJECTID":2281,"CODIMP":"27160","NOME":"DOLO","IMPIANTO":"S","COMUNE":"Mirano","PROVINCIA":"Venezia","REGIONE":"Veneto","CODLINEACOMM":"J033","LINEACOMM":"PADOVA - MIRA M. [VENEZIA]","DOIT":"VE","SERVIZIO_MERCI":"0","SERVIZIO_VIAGGIATORI":"SI","CAP_REG":"0","CAP_P":"0","DIRAMAZ":"0","CAUSA_CHIUSURA":null}},{"type":"Feature","id":2282,"geometry":{"type":"Point","coordinates":[11.71078,45.48646]},"properties":{"OBJECTID":2282,"CODIMP":"26980","NOME":"GRISIGNANO DI ZOCCO","IMPIANTO":"S","COMUNE":"Grisignano Di Zocco","PROVINCIA":"Vicenza","REGIONE":"Veneto","CODLINEACOMM":"J025","LINEACOMM":"VERONA - PADOVA","DOIT":"VE","SERVIZIO_MERCI":"1","SERVIZIO_VIAGGIATORI":"SI","CAP_REG":"0","CAP_P":"0","DIRAMAZ":"0","CAUSA_CHIUSURA":null}},{"type":"Feature","id":2283,"geometry":{"type":"Point","coordinates":[11.54078,45.54118]},"properties":{"OBJECTID":2283,"CODIMP":"22220","NOME":"VICENZA","IMPIANTO":"S","COMUNE":"Vicenza","PROVINCIA":"Vicenza","REGIONE":"Veneto","CODLINEACOMM":"J025","LINEACOMM":"VERONA - PADOVA","DOIT":"VR","SERVIZIO_MERCI":"1","SERVIZIO_VIAGGIATORI":"SI","CAP_REG":"0","CAP_P":"1","DIRAMAZ":"1","CAUSA_CHIUSURA":null}},{"type":"Feature","id":2284,"geometry":{"type":"Point","coordinates":[11.63569,45.5188]},"properties":{"OBJECTID":2284,"CODIMP":"26940","NOME":"LERINO","IMPIANTO":"F","COMUNE":"Torri Di Quartesolo","PROVINCIA":"Vicenza","REGIONE":"Veneto","CODLINEACOMM":"J025","LINEACOMM":"VERONA - PADOVA","DOIT":"VE","SERVIZIO_MERCI":"0","SERVIZIO_VIAGGIATORI":"SI","CAP_REG":"0","CAP_P":"0","DIRAMAZ":"0","CAUSA_CHIUSURA":null}},{"type":"Feature","id":2285,"geometry":{"type":"Point","coordinates":[13.77188,45.65753]},"properties":{"OBJECTID":2285,"CODIMP":"30640","NOME":"TRIESTE CENTRALE","IMPIANTO":"S","COMUNE":"Trieste","PROVINCIA":"Trieste","REGIONE":"Friuli-Venezia Giulia","CODLINEACOMM":"J035","LINEACOMM":"[VENEZIA] VENEZIA CARPENEDO - VILLA OPICINA / TRIESTE","DOIT":"TS","SERVIZIO_MERCI":"0","SERVIZIO_VIAGGIATORI":"SI","CAP_REG":"1","CAP_P":"1","DIRAMAZ":"0","CAUSA_CHIUSURA":null}},{"type":"Feature","id":2286,"geometry":{"type":"Point","coordinates":[12.32603,45.55207]},"properties":{"OBJECTID":2286,"CODIMP":"27640","NOME":"GAGGIO PORTA EST","IMPIANTO":"F","COMUNE":"Marcon","PROVINCIA":"Venezia","REGIONE":"Veneto","CODLINEACOMM":"J035","LINEACOMM":"[VENEZIA] VENEZIA CARPENEDO - VILLA OPICINA / TRIESTE","DOIT":"VE","SERVIZIO_MERCI":"0","SERVIZIO_VIAGGIATORI":"SI","CAP_REG":"0","CAP_P":"0","DIRAMAZ":"0","CAUSA_CHIUSURA":null}},{"type":"Feature","id":2287,"geometry":{"type":"Point","coordinates":[12.24762,45.50677]},"properties":{"OBJECTID":2287,"CODIMP":"27660","NOME":"VENEZIA CARPENEDO","IMPIANTO":"F","COMUNE":"Venezia","PROVINCIA":"Venezia","REGIONE":"Veneto","CODLINEACOMM":"R003","LINEACOMM":"NODO DI VENEZIA","DOIT":"VE","SERVIZIO_MERCI":"0","SERVIZIO_VIAGGIATORI":"SI","CAP_REG":"0","CAP_P":"0","DIRAMAZ":"0","CAUSA_CHIUSURA":null}},{"type":"Feature","id":2288,"geometry":{"type":"Point","coordinates":[12.75943,45.75202]},"properties":{"OBJECTID":2288,"CODIMP":"27410","NOME":"LISON","IMPIANTO":"F","COMUNE":"Portogruaro","PROVINCIA":"Venezia","REGIONE":"Veneto","CODLINEACOMM":"J035","LINEACOMM":"[VENEZIA] VENEZIA CARPENEDO - VILLA OPICINA / TRIESTE","DOIT":"VE","SERVIZIO_MERCI":"0","SERVIZIO_VIAGGIATORI":"SI","CAP_REG":"0","CAP_P":"0","DIRAMAZ":"0","CAUSA_CHIUSURA":null}},{"type":"Feature","id":2289,"geometry":{"type":"Point","coordinates":[12.634,45.68847]},"properties":{"OBJECTID":2289,"CODIMP":"27460","NOME":"CEGGIA","IMPIANTO":"F","COMUNE":"Ceggia","PROVINCIA":"Venezia","REGIONE":"Veneto","CODLINEACOMM":"J035","LINEACOMM":"[VENEZIA] VENEZIA CARPENEDO - VILLA OPICINA / TRIESTE","DOIT":"VE","SERVIZIO_MERCI":"0","SERVIZIO_VIAGGIATORI":"SI","CAP_REG":"0","CAP_P":"0","DIRAMAZ":"0","CAUSA_CHIUSURA":null}},{"type":"Feature","id":2290,"geometry":{"type":"Point","coordinates":[12.5598,45.63991]},"properties":{"OBJECTID":2290,"CODIMP":"27500","NOME":"S.DONA' DI PIAVE JESOLO","IMPIANTO":"S","COMUNE":"San Donà Di Piave","PROVINCIA":"Venezia","REGIONE":"Veneto","CODLINEACOMM":"J035","LINEACOMM":"[VENEZIA] VENEZIA CARPENEDO - VILLA OPICINA / TRIESTE","DOIT":"VE","SERVIZIO_MERCI":"0","SERVIZIO_VIAGGIATORI":"SI","CAP_REG":"0","CAP_P":"0","DIRAMAZ":"0","CAUSA_CHIUSURA":null}},{"type":"Feature","id":2291,"geometry":{"type":"Point","coordinates":[12.68279,45.72117]},"properties":{"OBJECTID":2291,"CODIMP":"27420","NOME":"S.STINO DI LIVENZA","IMPIANTO":"S","COMUNE":"Santo Stino Di Livenza","PROVINCIA":"Venezia","REGIONE":"Veneto","CODLINEACOMM":"J035","LINEACOMM":"[VENEZIA] VENEZIA CARPENEDO - VILLA OPICINA / TRIESTE","DOIT":"VE","SERVIZIO_MERCI":"1","SERVIZIO_VIAGGIATORI":"SI","CAP_REG":"0","CAP_P":"0","DIRAMAZ":"0","CAUSA_CHIUSURA":null}},{"type":"Feature","id":2292,"geometry":{"type":"Point","coordinates":[12.5004,45.62429]},"properties":{"OBJECTID":2292,"CODIMP":"27540","NOME":"FOSSALTA DI PIAVE","IMPIANTO":"F","COMUNE":"Musile Di Piave","PROVINCIA":"Venezia","REGIONE":"Veneto","CODLINEACOMM":"J035","LINEACOMM":"[VENEZIA] VENEZIA CARPENEDO - VILLA OPICINA / TRIESTE","DOIT":"VE","SERVIZIO_MERCI":"0","SERVIZIO_VIAGGIATORI":"SI","CAP_REG":"0","CAP_P":"0","DIRAMAZ":"0","CAUSA_CHIUSURA":null}},{"type":"Feature","id":2293,"geometry":{"type":"Point","coordinates":[12.45399,45.61326]},"properties":{"OBJECTID":2293,"CODIMP":"27580","NOME":"MEOLO","IMPIANTO":"F","COMUNE":"Meolo","PROVINCIA":"Venezia","REGIONE":"Veneto","CODLINEACOMM":"J035","LINEACOMM":"[VENEZIA] VENEZIA CARPENEDO - VILLA OPICINA / TRIESTE","DOIT":"VE","SERVIZIO_MERCI":"0","SERVIZIO_VIAGGIATORI":"SI","CAP_REG":"0","CAP_P":"0","DIRAMAZ":"0","CAUSA_CHIUSURA":null}},{"type":"Feature","id":2294,"geometry":{"type":"Point","coordinates":[12.36505,45.57466]},"properties":{"OBJECTID":2294,"CODIMP":"27620","NOME":"QUARTO D'ALTINO","IMPIANTO":"S","COMUNE":"Quarto D'altino","PROVINCIA":"Venezia","REGIONE":"Veneto","CODLINEACOMM":"J035","LINEACOMM":"[VENEZIA] VENEZIA CARPENEDO - VILLA OPICINA / TRIESTE","DOIT":"VE","SERVIZIO_MERCI":"0","SERVIZIO_VIAGGIATORI":"SI","CAP_REG":"0","CAP_P":"0","DIRAMAZ":"0","CAUSA_CHIUSURA":null}},{"type":"Feature","id":2295,"geometry":{"type":"Point","coordinates":[13.64584,45.77498]},"properties":{"OBJECTID":2295,"CODIMP":"30805","NOME":"SISTIANA-VISOGLIANO","IMPIANTO":"F","COMUNE":"Duino-Aurisina","PROVINCIA":"Trieste","REGIONE":"Friuli-Venezia Giulia","CODLINEACOMM":"J035","LINEACOMM":"[VENEZIA] VENEZIA CARPENEDO - VILLA OPICINA / TRIESTE","DOIT":"TS","SERVIZIO_MERCI":"0","SERVIZIO_VIAGGIATORI":"SI","CAP_REG":"0","CAP_P":"0","DIRAMAZ":"0","CAUSA_CHIUSURA":null}},{"type":"Feature","id":2296,"geometry":{"type":"Point","coordinates":[13.54294,45.80775]},"properties":{"OBJECTID":2296,"CODIMP":"30840","NOME":"MONFALCONE","IMPIANTO":"S","COMUNE":"Monfalcone","PROVINCIA":"Gorizia","REGIONE":"Friuli-Venezia Giulia","CODLINEACOMM":"J035","LINEACOMM":"[VENEZIA] VENEZIA CARPENEDO - VILLA OPICINA / TRIESTE","DOIT":"TS","SERVIZIO_MERCI":"1","SERVIZIO_VIAGGIATORI":"SI","CAP_REG":"0","CAP_P":"0","DIRAMAZ":"0","CAUSA_CHIUSURA":null}},{"type":"Feature","id":2297,"geometry":{"type":"Point","coordinates":[13.21033,45.82924]},"properties":{"OBJECTID":2297,"CODIMP":"31120","NOME":"S.GIORGIO DI NOGARO","IMPIANTO":"S","COMUNE":"San Giorgio Di Nogaro","PROVINCIA":"Udine","REGIONE":"Friuli-Venezia Giulia","CODLINEACOMM":"J035","LINEACOMM":"[VENEZIA] VENEZIA CARPENEDO - VILLA OPICINA / TRIESTE","DOIT":"TS","SERVIZIO_MERCI":"1","SERVIZIO_VIAGGIATORI":"SI","CAP_REG":"0","CAP_P":"0","DIRAMAZ":"0","CAUSA_CHIUSURA":null}},{"type":"Feature","id":2300,"geometry":{"type":"Point","coordinates":[13.13286,46.3737]},"properties":{"OBJECTID":2300,"CODIMP":"31860","NOME":"CARNIA","IMPIANTO":"S","COMUNE":"Venzone","PROVINCIA":"Udine","REGIONE":"Friuli-Venezia Giulia","CODLINEACOMM":"J037","LINEACOMM":"TARVISIO BOSCOVERDE - MOGLIANO [VENEZIA]","DOIT":"TS","SERVIZIO_MERCI":"0","SERVIZIO_VIAGGIATORI":"SI","CAP_REG":"0","CAP_P":"0","DIRAMAZ":"0","CAUSA_CHIUSURA":null}},{"type":"Feature","id":2301,"geometry":{"type":"Point","coordinates":[13.13551,46.33195]},"properties":{"OBJECTID":2301,"CODIMP":"31870","NOME":"VENZONE","IMPIANTO":"F","COMUNE":"Venzone","PROVINCIA":"Udine","REGIONE":"Friuli-Venezia Giulia","CODLINEACOMM":"J037","LINEACOMM":"TARVISIO BOSCOVERDE - MOGLIANO [VENEZIA]","DOIT":"TS","SERVIZIO_MERCI":"0","SERVIZIO_VIAGGIATORI":"SI","CAP_REG":"0","CAP_P":"0","DIRAMAZ":"0","CAUSA_CHIUSURA":null}},{"type":"Feature","id":2303,"geometry":{"type":"Point","coordinates":[13.48401,45.8727]},"properties":{"OBJECTID":2303,"CODIMP":"32350","NOME":"SAGRADO","IMPIANTO":"F","COMUNE":"Sagrado","PROVINCIA":"Gorizia","REGIONE":"Friuli-Venezia Giulia","CODLINEACOMM":"J039","LINEACOMM":"UDINE - MONFALCONE via GORIZIA (compresa Gorizia - Nova Gorica)","DOIT":"TS","SERVIZIO_MERCI":"0","SERVIZIO_VIAGGIATORI":"SI","CAP_REG":"0","CAP_P":"0","DIRAMAZ":"0","CAUSA_CHIUSURA":null}},{"type":"Feature","id":2306,"geometry":{"type":"Point","coordinates":[13.46157,45.95759]},"properties":{"OBJECTID":2306,"CODIMP":"32240","NOME":"CORMONS","IMPIANTO":"S","COMUNE":"Cormons","PROVINCIA":"Gorizia","REGIONE":"Friuli-Venezia Giulia","CODLINEACOMM":"J039","LINEACOMM":"UDINE - MONFALCONE via GORIZIA (compresa Gorizia - Nova Gorica)","DOIT":"TS","SERVIZIO_MERCI":"0","SERVIZIO_VIAGGIATORI":"SI","CAP_REG":"0","CAP_P":"0","DIRAMAZ":"0","CAUSA_CHIUSURA":null}},{"type":"Feature","id":2307,"geometry":{"type":"Point","coordinates":[13.39745,45.97619]},"properties":{"OBJECTID":2307,"CODIMP":"32200","NOME":"S.GIOVANNI AL NATISONE","IMPIANTO":"S","COMUNE":"San Giovanni Al Natisone","PROVINCIA":"Udine","REGIONE":"Friuli-Venezia Giulia","CODLINEACOMM":"J039","LINEACOMM":"UDINE - MONFALCONE via GORIZIA (compresa Gorizia - Nova Gorica)","DOIT":"TS","SERVIZIO_MERCI":"0","SERVIZIO_VIAGGIATORI":"SI","CAP_REG":"0","CAP_P":"0","DIRAMAZ":"0","CAUSA_CHIUSURA":null}},{"type":"Feature","id":2308,"geometry":{"type":"Point","coordinates":[13.19622,46.20921]},"properties":{"OBJECTID":2308,"CODIMP":"31940","NOME":"TARCENTO","IMPIANTO":"S","COMUNE":"Tarcento","PROVINCIA":"Udine","REGIONE":"Friuli-Venezia Giulia","CODLINEACOMM":"J037","LINEACOMM":"TARVISIO BOSCOVERDE - MOGLIANO [VENEZIA]","DOIT":"TS","SERVIZIO_MERCI":"0","SERVIZIO_VIAGGIATORI":"SI","CAP_REG":"0","CAP_P":"0","DIRAMAZ":"0","CAUSA_CHIUSURA":null}},{"type":"Feature","id":2309,"geometry":{"type":"Point","coordinates":[13.23483,46.15927]},"properties":{"OBJECTID":2309,"CODIMP":"31980","NOME":"TRICESIMO-S.PELAGIO","IMPIANTO":"F","COMUNE":"Tricesimo","PROVINCIA":"Udine","REGIONE":"Friuli-Venezia Giulia","CODLINEACOMM":"J037","LINEACOMM":"TARVISIO BOSCOVERDE - MOGLIANO [VENEZIA]","DOIT":"TS","SERVIZIO_MERCI":"0","SERVIZIO_VIAGGIATORI":"SI","CAP_REG":"0","CAP_P":"0","DIRAMAZ":"0","CAUSA_CHIUSURA":null}},{"type":"Feature","id":2310,"geometry":{"type":"Point","coordinates":[13.16233,46.23123]},"properties":{"OBJECTID":2310,"CODIMP":"31905","NOME":"ARTEGNA","IMPIANTO":"F","COMUNE":"Artegna","PROVINCIA":"Udine","REGIONE":"Friuli-Venezia Giulia","CODLINEACOMM":"J037","LINEACOMM":"TARVISIO BOSCOVERDE - MOGLIANO [VENEZIA]","DOIT":"TS","SERVIZIO_MERCI":"0","SERVIZIO_VIAGGIATORI":"SI","CAP_REG":"0","CAP_P":"0","DIRAMAZ":"0","CAUSA_CHIUSURA":null}},{"type":"Feature","id":2311,"geometry":{"type":"Point","coordinates":[11.7149,45.62143]},"properties":{"OBJECTID":2311,"CODIMP":"28820","NOME":"CARMIGNANO DI BRENTA","IMPIANTO":"F","COMUNE":"Carmignano Di Brenta","PROVINCIA":"Padova","REGIONE":"Veneto","CODLINEACOMM":"K086","LINEACOMM":"VICENZA - CITTADELLA","DOIT":"VE","SERVIZIO_MERCI":"0","SERVIZIO_VIAGGIATORI":"SI","CAP_REG":"0","CAP_P":"0","DIRAMAZ":"0","CAUSA_CHIUSURA":null}},{"type":"Feature","id":2312,"geometry":{"type":"Point","coordinates":[11.67317,45.60511]},"properties":{"OBJECTID":2312,"CODIMP":"28740","NOME":"S.PIETRO IN GU'","IMPIANTO":"S","COMUNE":"San Pietro In Gu","PROVINCIA":"Padova","REGIONE":"Veneto","CODLINEACOMM":"K086","LINEACOMM":"VICENZA - CITTADELLA","DOIT":"VE","SERVIZIO_MERCI":"1","SERVIZIO_VIAGGIATORI":"SI","CAP_REG":"0","CAP_P":"0","DIRAMAZ":"0","CAUSA_CHIUSURA":null}},{"type":"Feature","id":2313,"geometry":{"type":"Point","coordinates":[11.74905,45.6348]},"properties":{"OBJECTID":2313,"CODIMP":"28840","NOME":"FONTANIVA","IMPIANTO":"F","COMUNE":"Fontaniva","PROVINCIA":"Padova","REGIONE":"Veneto","CODLINEACOMM":"K086","LINEACOMM":"VICENZA - CITTADELLA","DOIT":"VE","SERVIZIO_MERCI":"0","SERVIZIO_VIAGGIATORI":"SI","CAP_REG":"0","CAP_P":"0","DIRAMAZ":"0","CAUSA_CHIUSURA":null}},{"type":"Feature","id":2314,"geometry":{"type":"Point","coordinates":[12.55375,45.78452]},"properties":{"OBJECTID":2314,"CODIMP":"99110","NOME":"GORGO AL MONTICANO","IMPIANTO":"F","COMUNE":"Gorgo Al Monticano","PROVINCIA":"Treviso","REGIONE":"Veneto","CODLINEACOMM":"K084","LINEACOMM":"TREVISO - PORTOGRUARO","DOIT":"VE","SERVIZIO_MERCI":"0","SERVIZIO_VIAGGIATORI":"SI","CAP_REG":"0","CAP_P":"0","DIRAMAZ":"0","CAUSA_CHIUSURA":null}},{"type":"Feature","id":2315,"geometry":{"type":"Point","coordinates":[12.49292,45.77556]},"properties":{"OBJECTID":2315,"CODIMP":"99100","NOME":"ODERZO","IMPIANTO":"S","COMUNE":"Oderzo","PROVINCIA":"Treviso","REGIONE":"Veneto","CODLINEACOMM":"K084","LINEACOMM":"TREVISO - PORTOGRUARO","DOIT":"VE","SERVIZIO_MERCI":"0","SERVIZIO_VIAGGIATORI":"SI","CAP_REG":"0","CAP_P":"0","DIRAMAZ":"0","CAUSA_CHIUSURA":null}},{"type":"Feature","id":2317,"geometry":{"type":"Point","coordinates":[12.60684,45.77832]},"properties":{"OBJECTID":2317,"CODIMP":"99140","NOME":"MOTTA DI LIVENZA","IMPIANTO":"S","COMUNE":"Motta Di Livenza","PROVINCIA":"Treviso","REGIONE":"Veneto","CODLINEACOMM":"K084","LINEACOMM":"TREVISO - PORTOGRUARO","DOIT":"VE","SERVIZIO_MERCI":"0","SERVIZIO_VIAGGIATORI":"SI","CAP_REG":"0","CAP_P":"0","DIRAMAZ":"0","CAUSA_CHIUSURA":null}},{"type":"Feature","id":2318,"geometry":{"type":"Point","coordinates":[12.67786,45.77422]},"properties":{"OBJECTID":2318,"CODIMP":"99150","NOME":"ANNONE VENETO","IMPIANTO":"F","COMUNE":"Annone Veneto","PROVINCIA":"Venezia","REGIONE":"Veneto","CODLINEACOMM":"K084","LINEACOMM":"TREVISO - PORTOGRUARO","DOIT":"VE","SERVIZIO_MERCI":"0","SERVIZIO_VIAGGIATORI":"SI","CAP_REG":"0","CAP_P":"0","DIRAMAZ":"0","CAUSA_CHIUSURA":null}},{"type":"Feature","id":2319,"geometry":{"type":"Point","coordinates":[12.37562,45.68857]},"properties":{"OBJECTID":2319,"CODIMP":"99020","NOME":"S.BIAGIO DI CALLALTA","IMPIANTO":"S","COMUNE":"San Biagio Di Callalta","PROVINCIA":"Treviso","REGIONE":"Veneto","CODLINEACOMM":"K084","LINEACOMM":"TREVISO - PORTOGRUARO","DOIT":"VE","SERVIZIO_MERCI":"0","SERVIZIO_VIAGGIATORI":"SI","CAP_REG":"0","CAP_P":"0","DIRAMAZ":"0","CAUSA_CHIUSURA":null}},{"type":"Feature","id":2320,"geometry":{"type":"Point","coordinates":[12.33811,45.67954]},"properties":{"OBJECTID":2320,"CODIMP":"99010","NOME":"OLMI","IMPIANTO":"F","COMUNE":"San Biagio Di Callalta","PROVINCIA":"Treviso","REGIONE":"Veneto","CODLINEACOMM":"K084","LINEACOMM":"TREVISO - PORTOGRUARO","DOIT":"VE","SERVIZIO_MERCI":"0","SERVIZIO_VIAGGIATORI":"SI","CAP_REG":"0","CAP_P":"0","DIRAMAZ":"0","CAUSA_CHIUSURA":null}},{"type":"Feature","id":2321,"geometry":{"type":"Point","coordinates":[12.44302,45.70914]},"properties":{"OBJECTID":2321,"CODIMP":"99030","NOME":"FAGARE'","IMPIANTO":"F","COMUNE":"San Biagio Di Callalta","PROVINCIA":"Treviso","REGIONE":"Veneto","CODLINEACOMM":"K084","LINEACOMM":"TREVISO - PORTOGRUARO","DOIT":"VE","SERVIZIO_MERCI":"0","SERVIZIO_VIAGGIATORI":"SI","CAP_REG":"0","CAP_P":"0","DIRAMAZ":"0","CAUSA_CHIUSURA":null}},{"type":"Feature","id":2322,"geometry":{"type":"Point","coordinates":[12.24646,45.65974]},"properties":{"OBJECTID":2322,"CODIMP":"28340","NOME":"TREVISO CENTRALE","IMPIANTO":"S","COMUNE":"Treviso","PROVINCIA":"Treviso","REGIONE":"Veneto","CODLINEACOMM":"J037","LINEACOMM":"TARVISIO BOSCOVERDE - MOGLIANO [VENEZIA]","DOIT":"VE","SERVIZIO_MERCI":"1","SERVIZIO_VIAGGIATORI":"SI","CAP_REG":"0","CAP_P":"1","DIRAMAZ":"1","CAUSA_CHIUSURA":null}},{"type":"Feature","id":2323,"geometry":{"type":"Point","coordinates":[12.46152,45.71945]},"properties":{"OBJECTID":2323,"CODIMP":"99060","NOME":"PONTE DI PIAVE","IMPIANTO":"S","COMUNE":"Ponte Di Piave","PROVINCIA":"Treviso","REGIONE":"Veneto","CODLINEACOMM":"K084","LINEACOMM":"TREVISO - PORTOGRUARO","DOIT":"VE","SERVIZIO_MERCI":"0","SERVIZIO_VIAGGIATORI":"SI","CAP_REG":"0","CAP_P":"0","DIRAMAZ":"0","CAUSA_CHIUSURA":null}},{"type":"Feature","id":2324,"geometry":{"type":"Point","coordinates":[12.01512,45.67034]},"properties":{"OBJECTID":2324,"CODIMP":"28980","NOME":"ALBAREDO","IMPIANTO":"F","COMUNE":"Vedelago","PROVINCIA":"Treviso","REGIONE":"Veneto","CODLINEACOMM":"K088","LINEACOMM":"CASTELFRANCO VENETO - TREVISO","DOIT":"VE","SERVIZIO_MERCI":"0","SERVIZIO_VIAGGIATORI":"SI","CAP_REG":"0","CAP_P":"0","DIRAMAZ":"0","CAUSA_CHIUSURA":null}},{"type":"Feature","id":2325,"geometry":{"type":"Point","coordinates":[12.1028,45.67661]},"properties":{"OBJECTID":2325,"CODIMP":"29020","NOME":"ISTRANA","IMPIANTO":"S","COMUNE":"Istrana","PROVINCIA":"Treviso","REGIONE":"Veneto","CODLINEACOMM":"K088","LINEACOMM":"CASTELFRANCO VENETO - TREVISO","DOIT":"VE","SERVIZIO_MERCI":"0","SERVIZIO_VIAGGIATORI":"SI","CAP_REG":"0","CAP_P":"0","DIRAMAZ":"0","CAUSA_CHIUSURA":null}},{"type":"Feature","id":2326,"geometry":{"type":"Point","coordinates":[11.85724,45.656]},"properties":{"OBJECTID":2326,"CODIMP":"28900","NOME":"S.MARTINO DI LUPARI","IMPIANTO":"F","COMUNE":"San Martino Di Lupari","PROVINCIA":"Padova","REGIONE":"Veneto","CODLINEACOMM":"K087","LINEACOMM":"CITTADELLA - CASTELFRANCO VENETO","DOIT":"VE","SERVIZIO_MERCI":"0","SERVIZIO_VIAGGIATORI":"SI","CAP_REG":"0","CAP_P":"0","DIRAMAZ":"0","CAUSA_CHIUSURA":null}},{"type":"Feature","id":2327,"geometry":{"type":"Point","coordinates":[11.82809,45.65298]},"properties":{"OBJECTID":2327,"CODIMP":"28880","NOME":"GALLIERA VENETA-TOMBOLO","IMPIANTO":"F","COMUNE":"Tombolo","PROVINCIA":"Padova","REGIONE":"Veneto","CODLINEACOMM":"K087","LINEACOMM":"CITTADELLA - CASTELFRANCO VENETO","DOIT":"VE","SERVIZIO_MERCI":"0","SERVIZIO_VIAGGIATORI":"SI","CAP_REG":"0","CAP_P":"0","DIRAMAZ":"0","CAUSA_CHIUSURA":null}},{"type":"Feature","id":2328,"geometry":{"type":"Point","coordinates":[12.1115,45.53546]},"properties":{"OBJECTID":2328,"CODIMP":"29370","NOME":"SALZANO-ROBEGANO","IMPIANTO":"F","COMUNE":"Salzano","PROVINCIA":"Venezia","REGIONE":"Veneto","CODLINEACOMM":"K092","LINEACOMM":"CASTELFRANCO VENETO - MAERNE DI MARTELLAGO","DOIT":"VE","SERVIZIO_MERCI":"0","SERVIZIO_VIAGGIATORI":"SI","CAP_REG":"0","CAP_P":"0","DIRAMAZ":"0","CAUSA_CHIUSURA":null}},{"type":"Feature","id":2329,"geometry":{"type":"Point","coordinates":[12.15065,45.51488]},"properties":{"OBJECTID":2329,"CODIMP":"29400","NOME":"MAERNE DI MARTELLAGO","IMPIANTO":"S","COMUNE":"Spinea","PROVINCIA":"Venezia","REGIONE":"Veneto","CODLINEACOMM":"R003","LINEACOMM":"NODO DI VENEZIA","DOIT":"VE","SERVIZIO_MERCI":"0","SERVIZIO_VIAGGIATORI":"SI","CAP_REG":"0","CAP_P":"0","DIRAMAZ":"0","CAUSA_CHIUSURA":null}},{"type":"Feature","id":2330,"geometry":{"type":"Point","coordinates":[11.96426,45.63416]},"properties":{"OBJECTID":2330,"CODIMP":"29290","NOME":"RESANA","IMPIANTO":"F","COMUNE":"Resana","PROVINCIA":"Treviso","REGIONE":"Veneto","CODLINEACOMM":"K092","LINEACOMM":"CASTELFRANCO VENETO - MAERNE DI MARTELLAGO","DOIT":"VE","SERVIZIO_MERCI":"0","SERVIZIO_VIAGGIATORI":"SI","CAP_REG":"0","CAP_P":"0","DIRAMAZ":"0","CAUSA_CHIUSURA":null}},{"type":"Feature","id":2331,"geometry":{"type":"Point","coordinates":[12.00059,45.60952]},"properties":{"OBJECTID":2331,"CODIMP":"29320","NOME":"PIOMBINO DESE","IMPIANTO":"S","COMUNE":"Piombino Dese","PROVINCIA":"Padova","REGIONE":"Veneto","CODLINEACOMM":"K092","LINEACOMM":"CASTELFRANCO VENETO - MAERNE DI MARTELLAGO","DOIT":"VE","SERVIZIO_MERCI":"0","SERVIZIO_VIAGGIATORI":"SI","CAP_REG":"0","CAP_P":"0","DIRAMAZ":"0","CAUSA_CHIUSURA":null}},{"type":"Feature","id":2332,"geometry":{"type":"Point","coordinates":[12.0749,45.55391]},"properties":{"OBJECTID":2332,"CODIMP":"29360","NOME":"NOALE-SCORZE'","IMPIANTO":"S","COMUNE":"Noale","PROVINCIA":"Venezia","REGIONE":"Veneto","CODLINEACOMM":"K092","LINEACOMM":"CASTELFRANCO VENETO - MAERNE DI MARTELLAGO","DOIT":"VE","SERVIZIO_MERCI":"0","SERVIZIO_VIAGGIATORI":"SI","CAP_REG":"0","CAP_P":"0","DIRAMAZ":"0","CAUSA_CHIUSURA":null}},{"type":"Feature","id":2333,"geometry":{"type":"Point","coordinates":[11.73653,44.73304]},"properties":{"OBJECTID":2333,"CODIMP":"43020","NOME":"MONTESANTO","IMPIANTO":"S","COMUNE":"Voghiera","PROVINCIA":"Ferrara","REGIONE":"Emilia-Romagna","CODLINEACOMM":"K099","LINEACOMM":"FERRARA - PORTOMAGGIORE","DOIT":"BO","SERVIZIO_MERCI":"0","SERVIZIO_VIAGGIATORI":"SI","CAP_REG":"0","CAP_P":"0","DIRAMAZ":"0","CAUSA_CHIUSURA":null}},{"type":"Feature","id":2334,"geometry":{"type":"Point","coordinates":[11.7998,44.69678]},"properties":{"OBJECTID":2334,"CODIMP":"43060","NOME":"PORTOMAGGIORE","IMPIANTO":"S","COMUNE":"Portomaggiore","PROVINCIA":"Ferrara","REGIONE":"Emilia-Romagna","CODLINEACOMM":"K099","LINEACOMM":"FERRARA - PORTOMAGGIORE","DOIT":"BO","SERVIZIO_MERCI":"0","SERVIZIO_VIAGGIATORI":"SI","CAP_REG":"0","CAP_P":"0","DIRAMAZ":"0","CAUSA_CHIUSURA":null}},{"type":"Feature","id":2335,"geometry":{"type":"Point","coordinates":[11.84128,44.61695]},"properties":{"OBJECTID":2335,"CODIMP":"43100","NOME":"ARGENTA","IMPIANTO":"S","COMUNE":"Argenta","PROVINCIA":"Ferrara","REGIONE":"Emilia-Romagna","CODLINEACOMM":"K100","LINEACOMM":"PORTOMAGGIORE - LAVEZZOLA","DOIT":"BO","SERVIZIO_MERCI":"0","SERVIZIO_VIAGGIATORI":"SI","CAP_REG":"0","CAP_P":"0","DIRAMAZ":"0","CAUSA_CHIUSURA":null}},{"type":"Feature","id":2336,"geometry":{"type":"Point","coordinates":[11.87055,44.5946]},"properties":{"OBJECTID":2336,"CODIMP":"43120","NOME":"S.BIAGIO","IMPIANTO":"F","COMUNE":"Argenta","PROVINCIA":"Ferrara","REGIONE":"Emilia-Romagna","CODLINEACOMM":"K100","LINEACOMM":"PORTOMAGGIORE - LAVEZZOLA","DOIT":"BO","SERVIZIO_MERCI":"0","SERVIZIO_VIAGGIATORI":"SI","CAP_REG":"0","CAP_P":"0","DIRAMAZ":"0","CAUSA_CHIUSURA":null}},{"type":"Feature","id":2337,"geometry":{"type":"Point","coordinates":[11.93606,44.54045]},"properties":{"OBJECTID":2337,"CODIMP":"43220","NOME":"VOLTANA","IMPIANTO":"S","COMUNE":"Lugo","PROVINCIA":"Ravenna","REGIONE":"Emilia-Romagna","CODLINEACOMM":"K101","LINEACOMM":"LAVEZZOLA - RAVENNA","DOIT":"BO","SERVIZIO_MERCI":"0","SERVIZIO_VIAGGIATORI":"SI","CAP_REG":"0","CAP_P":"0","DIRAMAZ":"0","CAUSA_CHIUSURA":null}},{"type":"Feature","id":2338,"geometry":{"type":"Point","coordinates":[12.03917,44.51245]},"properties":{"OBJECTID":2338,"CODIMP":"43260","NOME":"ALFONSINE","IMPIANTO":"S","COMUNE":"Alfonsine","PROVINCIA":"Ravenna","REGIONE":"Emilia-Romagna","CODLINEACOMM":"K101","LINEACOMM":"LAVEZZOLA - RAVENNA","DOIT":"BO","SERVIZIO_MERCI":"0","SERVIZIO_VIAGGIATORI":"SI","CAP_REG":"0","CAP_P":"0","DIRAMAZ":"0","CAUSA_CHIUSURA":null}},{"type":"Feature","id":2339,"geometry":{"type":"Point","coordinates":[12.07575,44.48342]},"properties":{"OBJECTID":2339,"CODIMP":"43285","NOME":"GLORIE","IMPIANTO":"F","COMUNE":"Ravenna","PROVINCIA":"Ravenna","REGIONE":"Emilia-Romagna","CODLINEACOMM":"K101","LINEACOMM":"LAVEZZOLA - RAVENNA","DOIT":"BO","SERVIZIO_MERCI":"0","SERVIZIO_VIAGGIATORI":"SI","CAP_REG":"0","CAP_P":"0","DIRAMAZ":"0","CAUSA_CHIUSURA":null}},{"type":"Feature","id":2340,"geometry":{"type":"Point","coordinates":[12.09852,44.46309]},"properties":{"OBJECTID":2340,"CODIMP":"43340","NOME":"MEZZANO","IMPIANTO":"S","COMUNE":"Ravenna","PROVINCIA":"Ravenna","REGIONE":"Emilia-Romagna","CODLINEACOMM":"K101","LINEACOMM":"LAVEZZOLA - RAVENNA","DOIT":"BO","SERVIZIO_MERCI":"0","SERVIZIO_VIAGGIATORI":"SI","CAP_REG":"0","CAP_P":"0","DIRAMAZ":"0","CAUSA_CHIUSURA":null}},{"type":"Feature","id":2341,"geometry":{"type":"Point","coordinates":[11.81154,45.35533]},"properties":{"OBJECTID":2341,"CODIMP":"41010","NOME":"ABANO","IMPIANTO":"F","COMUNE":"Abano Terme","PROVINCIA":"Padova","REGIONE":"Veneto","CODLINEACOMM":"J031","LINEACOMM":"PADOVA - S.PIETRO IN CASALE [BOLOGNA]","DOIT":"VE","SERVIZIO_MERCI":"0","SERVIZIO_VIAGGIATORI":"SI","CAP_REG":"0","CAP_P":"0","DIRAMAZ":"0","CAUSA_CHIUSURA":null}},{"type":"Feature","id":2342,"geometry":{"type":"Point","coordinates":[11.79649,45.3274]},"properties":{"OBJECTID":2342,"CODIMP":"41040","NOME":"TERME EUGANEE-ABANO-MONTEGROTTO","IMPIANTO":"S","COMUNE":"Montegrotto Terme","PROVINCIA":"Padova","REGIONE":"Veneto","CODLINEACOMM":"J031","LINEACOMM":"PADOVA - S.PIETRO IN CASALE [BOLOGNA]","DOIT":"VE","SERVIZIO_MERCI":"0","SERVIZIO_VIAGGIATORI":"SI","CAP_REG":"0","CAP_P":"0","DIRAMAZ":"0","CAUSA_CHIUSURA":null}},{"type":"Feature","id":2343,"geometry":{"type":"Point","coordinates":[11.7784,45.29155]},"properties":{"OBJECTID":2343,"CODIMP":"41100","NOME":"BATTAGLIA TERME","IMPIANTO":"F","COMUNE":"Battaglia Terme","PROVINCIA":"Padova","REGIONE":"Veneto","CODLINEACOMM":"J031","LINEACOMM":"PADOVA - S.PIETRO IN CASALE [BOLOGNA]","DOIT":"VE","SERVIZIO_MERCI":"0","SERVIZIO_VIAGGIATORI":"SI","CAP_REG":"0","CAP_P":"0","DIRAMAZ":"0","CAUSA_CHIUSURA":null}},{"type":"Feature","id":2344,"geometry":{"type":"Point","coordinates":[11.67135,44.77819]},"properties":{"OBJECTID":2344,"CODIMP":"42980","NOME":"GAIBANELLA","IMPIANTO":"S","COMUNE":"Ferrara","PROVINCIA":"Ferrara","REGIONE":"Emilia-Romagna","CODLINEACOMM":"K099","LINEACOMM":"FERRARA - PORTOMAGGIORE","DOIT":"BO","SERVIZIO_MERCI":"0","SERVIZIO_VIAGGIATORI":"SI","CAP_REG":"0","CAP_P":"0","DIRAMAZ":"0","CAUSA_CHIUSURA":null}},{"type":"Feature","id":2345,"geometry":{"type":"Point","coordinates":[11.74912,45.13217]},"properties":{"OBJECTID":2345,"CODIMP":"41200","NOME":"STANGHELLA","IMPIANTO":"F","COMUNE":"Stanghella","PROVINCIA":"Padova","REGIONE":"Veneto","CODLINEACOMM":"J031","LINEACOMM":"PADOVA - S.PIETRO IN CASALE [BOLOGNA]","DOIT":"VE","SERVIZIO_MERCI":"0","SERVIZIO_VIAGGIATORI":"SI","CAP_REG":"0","CAP_P":"0","DIRAMAZ":"0","CAUSA_CHIUSURA":null}},{"type":"Feature","id":2346,"geometry":{"type":"Point","coordinates":[11.7129,45.19929]},"properties":{"OBJECTID":2346,"CODIMP":"41160","NOME":"S.ELENA-ESTE","IMPIANTO":"S","COMUNE":"Este","PROVINCIA":"Padova","REGIONE":"Veneto","CODLINEACOMM":"J031","LINEACOMM":"PADOVA - S.PIETRO IN CASALE [BOLOGNA]","DOIT":"VE","SERVIZIO_MERCI":"0","SERVIZIO_VIAGGIATORI":"SI","CAP_REG":"0","CAP_P":"0","DIRAMAZ":"0","CAUSA_CHIUSURA":null}},{"type":"Feature","id":2347,"geometry":{"type":"Point","coordinates":[11.18121,44.25838]},"properties":{"OBJECTID":2347,"CODIMP":"40760","NOME":"GRIZZANA","IMPIANTO":"S","COMUNE":"Grizzana Morandi","PROVINCIA":"Bologna","REGIONE":"Emilia-Romagna","CODLINEACOMM":"J043","LINEACOMM":"[BOLOGNA] BOLOGNA S.RUFFILLO - FIRENZE CASTELLO [FIRENZE]","DOIT":"BO","SERVIZIO_MERCI":"0","SERVIZIO_VIAGGIATORI":"SI","CAP_REG":"0","CAP_P":"0","DIRAMAZ":"0","CAUSA_CHIUSURA":null}},{"type":"Feature","id":2348,"geometry":{"type":"Point","coordinates":[11.18934,44.21635]},"properties":{"OBJECTID":2348,"CODIMP":"40800","NOME":"S.BENEDETTO SAMBRO-CASTIGLIONE P.","IMPIANTO":"S","COMUNE":"San Benedetto Val Di Sambro","PROVINCIA":"Bologna","REGIONE":"Emilia-Romagna","CODLINEACOMM":"J043","LINEACOMM":"[BOLOGNA] BOLOGNA S.RUFFILLO - FIRENZE CASTELLO [FIRENZE]","DOIT":"BO","SERVIZIO_MERCI":"0","SERVIZIO_VIAGGIATORI":"SI","CAP_REG":"0","CAP_P":"0","DIRAMAZ":"0","CAUSA_CHIUSURA":null}},{"type":"Feature","id":2350,"geometry":{"type":"Point","coordinates":[11.15236,44.04408]},"properties":{"OBJECTID":2350,"CODIMP":"40880","NOME":"VERNIO-MONTEPIANO","IMPIANTO":"S","COMUNE":"Vernio","PROVINCIA":"Prato","REGIONE":"Toscana","CODLINEACOMM":"J043","LINEACOMM":"[BOLOGNA] BOLOGNA S.RUFFILLO - FIRENZE CASTELLO [FIRENZE]","DOIT":"BO","SERVIZIO_MERCI":"0","SERVIZIO_VIAGGIATORI":"SI","CAP_REG":"0","CAP_P":"0","DIRAMAZ":"0","CAUSA_CHIUSURA":null}},{"type":"Feature","id":2351,"geometry":{"type":"Point","coordinates":[11.1308,43.96186]},"properties":{"OBJECTID":2351,"CODIMP":"40920","NOME":"VAIANO","IMPIANTO":"S","COMUNE":"Vaiano","PROVINCIA":"Prato","REGIONE":"Toscana","CODLINEACOMM":"J043","LINEACOMM":"[BOLOGNA] BOLOGNA S.RUFFILLO - FIRENZE CASTELLO [FIRENZE]","DOIT":"BO","SERVIZIO_MERCI":"0","SERVIZIO_VIAGGIATORI":"SI","CAP_REG":"0","CAP_P":"0","DIRAMAZ":"0","CAUSA_CHIUSURA":null}},{"type":"Feature","id":2352,"geometry":{"type":"Point","coordinates":[11.34069,44.38067]},"properties":{"OBJECTID":2352,"CODIMP":"40680","NOME":"PIANORO","IMPIANTO":"S","COMUNE":"Pianoro","PROVINCIA":"Bologna","REGIONE":"Emilia-Romagna","CODLINEACOMM":"J043","LINEACOMM":"[BOLOGNA] BOLOGNA S.RUFFILLO - FIRENZE CASTELLO [FIRENZE]","DOIT":"BO","SERVIZIO_MERCI":"0","SERVIZIO_VIAGGIATORI":"SI","CAP_REG":"0","CAP_P":"0","DIRAMAZ":"0","CAUSA_CHIUSURA":null}},{"type":"Feature","id":2353,"geometry":{"type":"Point","coordinates":[11.2621,44.32236]},"properties":{"OBJECTID":2353,"CODIMP":"40720","NOME":"MONZUNO-VADO","IMPIANTO":"S","COMUNE":"Monzuno","PROVINCIA":"Bologna","REGIONE":"Emilia-Romagna","CODLINEACOMM":"J043","LINEACOMM":"[BOLOGNA] BOLOGNA S.RUFFILLO - FIRENZE CASTELLO [FIRENZE]","DOIT":"BO","SERVIZIO_MERCI":"0","SERVIZIO_VIAGGIATORI":"SI","CAP_REG":"0","CAP_P":"0","DIRAMAZ":"0","CAUSA_CHIUSURA":null}},{"type":"Feature","id":2355,"geometry":{"type":"Point","coordinates":[16.9147,41.11193]},"properties":{"OBJECTID":2355,"CODIMP":"75700","NOME":"BARI PARCO SUD","IMPIANTO":"F","COMUNE":"Bari","PROVINCIA":"Bari","REGIONE":"Puglia","CODLINEACOMM":"K150","LINEACOMM":"BARI - BRINDISI","DOIT":"BA","SERVIZIO_MERCI":"0","SERVIZIO_VIAGGIATORI":"SI","CAP_REG":"0","CAP_P":"0","DIRAMAZ":"0","CAUSA_CHIUSURA":null}},{"type":"Feature","id":2357,"geometry":{"type":"Point","coordinates":[11.2027,46.24592]},"properties":{"OBJECTID":2357,"CODIMP":"23040","NOME":"SALORNO","IMPIANTO":"F","COMUNE":"Salorno","PROVINCIA":"Bolzano","REGIONE":"Trentino-Alto Adige","CODLINEACOMM":"J027","LINEACOMM":"BRENNERO - VERONA","DOIT":"VR","SERVIZIO_MERCI":"0","SERVIZIO_VIAGGIATORI":"SI","CAP_REG":"0","CAP_P":"0","DIRAMAZ":"0","CAUSA_CHIUSURA":null}},{"type":"Feature","id":2358,"geometry":{"type":"Point","coordinates":[11.25719,46.31949]},"properties":{"OBJECTID":2358,"CODIMP":"23000","NOME":"EGNA-TERMENO","IMPIANTO":"S","COMUNE":"Termeno Sulla Strada Del Vino","PROVINCIA":"Bolzano","REGIONE":"Trentino-Alto Adige","CODLINEACOMM":"J027","LINEACOMM":"BRENNERO - VERONA","DOIT":"VR","SERVIZIO_MERCI":"0","SERVIZIO_VIAGGIATORI":"SI","CAP_REG":"0","CAP_P":"0","DIRAMAZ":"0","CAUSA_CHIUSURA":null}},{"type":"Feature","id":2359,"geometry":{"type":"Point","coordinates":[11.23267,46.28805]},"properties":{"OBJECTID":2359,"CODIMP":"23005","NOME":"MAGRE'-CORTACCIA","IMPIANTO":"F","COMUNE":"Magrè Sulla Strada Del Vino","PROVINCIA":"Bolzano","REGIONE":"Trentino-Alto Adige","CODLINEACOMM":"J027","LINEACOMM":"BRENNERO - VERONA","DOIT":"VR","SERVIZIO_MERCI":"0","SERVIZIO_VIAGGIATORI":"SI","CAP_REG":"0","CAP_P":"0","DIRAMAZ":"0","CAUSA_CHIUSURA":null}},{"type":"Feature","id":2360,"geometry":{"type":"Point","coordinates":[11.01497,45.80826]},"properties":{"OBJECTID":2360,"CODIMP":"23345","NOME":"SERRAVALLE ALL'ADIGE","IMPIANTO":"F","COMUNE":"Ala","PROVINCIA":"Trento","REGIONE":"Trentino-Alto Adige","CODLINEACOMM":"J027","LINEACOMM":"BRENNERO - VERONA","DOIT":"VR","SERVIZIO_MERCI":"0","SERVIZIO_VIAGGIATORI":"SI","CAP_REG":"0","CAP_P":"0","DIRAMAZ":"0","CAUSA_CHIUSURA":null}},{"type":"Feature","id":2361,"geometry":{"type":"Point","coordinates":[11.17295,43.78978]},"properties":{"OBJECTID":2361,"CODIMP":"48582","NOME":"LE PIAGGE","IMPIANTO":"F","COMUNE":"Firenze","PROVINCIA":"Firenze","REGIONE":"Toscana","CODLINEACOMM":"J049","LINEACOMM":"[FIRENZE] FIRENZE CASCINE - PISA","DOIT":"FI","SERVIZIO_MERCI":"0","SERVIZIO_VIAGGIATORI":"SI","CAP_REG":"0","CAP_P":"0","DIRAMAZ":"0","CAUSA_CHIUSURA":null}},{"type":"Feature","id":2362,"geometry":{"type":"Point","coordinates":[11.14219,43.78552]},"properties":{"OBJECTID":2362,"CODIMP":"48583","NOME":"S.DONNINO-BADIA","IMPIANTO":"F","COMUNE":"Campi Bisenzio","PROVINCIA":"Firenze","REGIONE":"Toscana","CODLINEACOMM":"J049","LINEACOMM":"[FIRENZE] FIRENZE CASCINE - PISA","DOIT":"FI","SERVIZIO_MERCI":"0","SERVIZIO_VIAGGIATORI":"SI","CAP_REG":"0","CAP_P":"0","DIRAMAZ":"0","CAUSA_CHIUSURA":null}},{"type":"Feature","id":2363,"geometry":{"type":"Point","coordinates":[14.21154,42.45814]},"properties":{"OBJECTID":2363,"CODIMP":"54920","NOME":"PESCARA PORTA NUOVA","IMPIANTO":"F","COMUNE":"Pescara","PROVINCIA":"Pescara","REGIONE":"Abruzzo","CODLINEACOMM":"J067","LINEACOMM":"ANCONA - FOGGIA","DOIT":"AN","SERVIZIO_MERCI":"0","SERVIZIO_VIAGGIATORI":"SI","CAP_REG":"0","CAP_P":"0","DIRAMAZ":"1","CAUSA_CHIUSURA":null}},{"type":"Feature","id":2364,"geometry":{"type":"Point","coordinates":[9.54915,45.06063]},"properties":{"OBJECTID":2364,"CODIMP":"17000","NOME":"ROTTOFRENO","IMPIANTO":"F","COMUNE":"Rottofreno","PROVINCIA":"Piacenza","REGIONE":"Emilia-Romagna","CODLINEACOMM":"J021","LINEACOMM":"ALESSANDRIA - PIACENZA (compresa Broni - Bressana B)","DOIT":"MI","SERVIZIO_MERCI":"0","SERVIZIO_VIAGGIATORI":"SI","CAP_REG":"0","CAP_P":"0","DIRAMAZ":"0","CAUSA_CHIUSURA":null}},{"type":"Feature","id":2365,"geometry":{"type":"Point","coordinates":[14.30322,41.06246]},"properties":{"OBJECTID":2365,"CODIMP":"68551","NOME":"RECALE","IMPIANTO":"F","COMUNE":"Recale","PROVINCIA":"Caserta","REGIONE":"Campania","CODLINEACOMM":"K137","LINEACOMM":"AVERSA - CASERTA","DOIT":"NA","SERVIZIO_MERCI":"0","SERVIZIO_VIAGGIATORI":"SI","CAP_REG":"0","CAP_P":"0","DIRAMAZ":"0","CAUSA_CHIUSURA":null}},{"type":"Feature","id":2366,"geometry":{"type":"Point","coordinates":[9.26902,44.33546]},"properties":{"OBJECTID":2366,"CODIMP":"36305","NOME":"ZOAGLI","IMPIANTO":"F","COMUNE":"Zoagli","PROVINCIA":"Genova","REGIONE":"Liguria","CODLINEACOMM":"J045","LINEACOMM":"[GENOVA] GENOVA NERVI - PISA","DOIT":"GE","SERVIZIO_MERCI":"0","SERVIZIO_VIAGGIATORI":"SI","CAP_REG":"0","CAP_P":"0","DIRAMAZ":"0","CAUSA_CHIUSURA":null}},{"type":"Feature","id":2367,"geometry":{"type":"Point","coordinates":[9.32242,44.31516]},"properties":{"OBJECTID":2367,"CODIMP":"36340","NOME":"CHIAVARI","IMPIANTO":"S","COMUNE":"Chiavari","PROVINCIA":"Genova","REGIONE":"Liguria","CODLINEACOMM":"J045","LINEACOMM":"[GENOVA] GENOVA NERVI - PISA","DOIT":"GE","SERVIZIO_MERCI":"0","SERVIZIO_VIAGGIATORI":"SI","CAP_REG":"0","CAP_P":"0","DIRAMAZ":"0","CAUSA_CHIUSURA":null}},{"type":"Feature","id":2368,"geometry":{"type":"Point","coordinates":[10.41576,43.8218]},"properties":{"OBJECTID":2368,"CODIMP":"53280","NOME":"RIPAFRATTA","IMPIANTO":"F","COMUNE":"San Giuliano Terme","PROVINCIA":"Pisa","REGIONE":"Toscana","CODLINEACOMM":"K117","LINEACOMM":"PISA - LUCCA","DOIT":"FI","SERVIZIO_MERCI":"0","SERVIZIO_VIAGGIATORI":"SI","CAP_REG":"0","CAP_P":"0","DIRAMAZ":"0","CAUSA_CHIUSURA":null}},{"type":"Feature","id":2369,"geometry":{"type":"Point","coordinates":[14.04387,42.63943]},"properties":{"OBJECTID":2369,"CODIMP":"54750","NOME":"SCERNE DI PINETO","IMPIANTO":"F","COMUNE":"Pineto","PROVINCIA":"Teramo","REGIONE":"Abruzzo","CODLINEACOMM":"J067","LINEACOMM":"ANCONA - FOGGIA","DOIT":"AN","SERVIZIO_MERCI":"0","SERVIZIO_VIAGGIATORI":"SI","CAP_REG":"0","CAP_P":"0","DIRAMAZ":"0","CAUSA_CHIUSURA":null}},{"type":"Feature","id":2370,"geometry":{"type":"Point","coordinates":[13.71589,42.66065]},"properties":{"OBJECTID":2370,"CODIMP":"58880","NOME":"TERAMO","IMPIANTO":"S","COMUNE":"Teramo","PROVINCIA":"Teramo","REGIONE":"Abruzzo","CODLINEACOMM":"K211","LINEACOMM":"GIULIANOVA - TERAMO","DOIT":"AN","SERVIZIO_MERCI":"0","SERVIZIO_VIAGGIATORI":"SI","CAP_REG":"0","CAP_P":"1","DIRAMAZ":"0","CAUSA_CHIUSURA":null}},{"type":"Feature","id":2371,"geometry":{"type":"Point","coordinates":[9.34635,44.30567]},"properties":{"OBJECTID":2371,"CODIMP":"36380","NOME":"LAVAGNA","IMPIANTO":"F","COMUNE":"Lavagna","PROVINCIA":"Genova","REGIONE":"Liguria","CODLINEACOMM":"J045","LINEACOMM":"[GENOVA] GENOVA NERVI - PISA","DOIT":"GE","SERVIZIO_MERCI":"0","SERVIZIO_VIAGGIATORI":"SI","CAP_REG":"0","CAP_P":"0","DIRAMAZ":"0","CAUSA_CHIUSURA":null}},{"type":"Feature","id":2372,"geometry":{"type":"Point","coordinates":[9.37247,44.29354]},"properties":{"OBJECTID":2372,"CODIMP":"36385","NOME":"CAVI","IMPIANTO":"F","COMUNE":"Lavagna","PROVINCIA":"Genova","REGIONE":"Liguria","CODLINEACOMM":"J045","LINEACOMM":"[GENOVA] GENOVA NERVI - PISA","DOIT":"GE","SERVIZIO_MERCI":"0","SERVIZIO_VIAGGIATORI":"SI","CAP_REG":"0","CAP_P":"0","DIRAMAZ":"0","CAUSA_CHIUSURA":null}},{"type":"Feature","id":2373,"geometry":{"type":"Point","coordinates":[13.3825,43.62728]},"properties":{"OBJECTID":2373,"CODIMP":"56425","NOME":"FALCONARA STADIO","IMPIANTO":"F","COMUNE":"Falconara Marittima","PROVINCIA":"Ancona","REGIONE":"Marche","CODLINEACOMM":"J065","LINEACOMM":"ANCONA - ORTE (compresa Ancona - Ancona Marittima)","DOIT":"AN","SERVIZIO_MERCI":"0","SERVIZIO_VIAGGIATORI":"SI","CAP_REG":"0","CAP_P":"0","DIRAMAZ":"0","CAUSA_CHIUSURA":null}},{"type":"Feature","id":2374,"geometry":{"type":"Point","coordinates":[13.44019,43.29126]},"properties":{"OBJECTID":2374,"CODIMP":"58142","NOME":"MACERATA FONTESCODELLA","IMPIANTO":"F","COMUNE":"Macerata","PROVINCIA":"Macerata","REGIONE":"Marche","CODLINEACOMM":"K126","LINEACOMM":"CIVITANOVA - ALBACINA","DOIT":"AN","SERVIZIO_MERCI":"0","SERVIZIO_VIAGGIATORI":"SI","CAP_REG":"0","CAP_P":"0","DIRAMAZ":"0","CAUSA_CHIUSURA":null}},{"type":"Feature","id":2375,"geometry":{"type":"Point","coordinates":[11.28475,44.51511]},"properties":{"OBJECTID":2375,"CODIMP":"43720","NOME":"BOLOGNA BORGO PANIGALE","IMPIANTO":"F","COMUNE":"Bologna","PROVINCIA":"Bologna","REGIONE":"Emilia-Romagna","CODLINEACOMM":"R005","LINEACOMM":"NODO DI BOLOGNA","DOIT":"BO","SERVIZIO_MERCI":"0","SERVIZIO_VIAGGIATORI":"SI","CAP_REG":"0","CAP_P":"0","DIRAMAZ":"0","CAUSA_CHIUSURA":null}},{"type":"Feature","id":2376,"geometry":{"type":"Point","coordinates":[11.27473,44.50385]},"properties":{"OBJECTID":2376,"CODIMP":"43730","NOME":"CASTELDEBOLE","IMPIANTO":"F","COMUNE":"Bologna","PROVINCIA":"Bologna","REGIONE":"Emilia-Romagna","CODLINEACOMM":"R005","LINEACOMM":"NODO DI BOLOGNA","DOIT":"BO","SERVIZIO_MERCI":"0","SERVIZIO_VIAGGIATORI":"SI","CAP_REG":"0","CAP_P":"0","DIRAMAZ":"0","CAUSA_CHIUSURA":null}},{"type":"Feature","id":2377,"geometry":{"type":"Point","coordinates":[9.23736,45.48501]},"properties":{"OBJECTID":2377,"CODIMP":"13640","NOME":"MILANO LAMBRATE","IMPIANTO":"S","COMUNE":"Milano","PROVINCIA":"Milano","REGIONE":"Lombardia","CODLINEACOMM":"R002","LINEACOMM":"NODO DI MILANO","DOIT":"MI","SERVIZIO_MERCI":"0","SERVIZIO_VIAGGIATORI":"SI","CAP_REG":"0","CAP_P":"0","DIRAMAZ":"1","CAUSA_CHIUSURA":null}},{"type":"Feature","id":2379,"geometry":{"type":"Point","coordinates":[9.29142,45.47959]},"properties":{"OBJECTID":2379,"CODIMP":"13054","NOME":"SEGRATE","IMPIANTO":"F","COMUNE":"Segrate","PROVINCIA":"Milano","REGIONE":"Lombardia","CODLINEACOMM":"R002","LINEACOMM":"NODO DI MILANO","DOIT":"MI","SERVIZIO_MERCI":"0","SERVIZIO_VIAGGIATORI":"SI","CAP_REG":"0","CAP_P":"0","DIRAMAZ":"0","CAUSA_CHIUSURA":null}},{"type":"Feature","id":2380,"geometry":{"type":"Point","coordinates":[9.18595,45.48435]},"properties":{"OBJECTID":2380,"CODIMP":"16552","NOME":"MILANO PORTA GARIBALDI (SOTTERRANEA)","IMPIANTO":"F","COMUNE":"Milano","PROVINCIA":"Milano","REGIONE":"Lombardia","CODLINEACOMM":"R002","LINEACOMM":"NODO DI MILANO","DOIT":"MI","SERVIZIO_MERCI":"0","SERVIZIO_VIAGGIATORI":"SI","CAP_REG":"0","CAP_P":"0","DIRAMAZ":"0","CAUSA_CHIUSURA":null}},{"type":"Feature","id":2381,"geometry":{"type":"Point","coordinates":[9.19882,45.48037]},"properties":{"OBJECTID":2381,"CODIMP":"16550","NOME":"MILANO REPUBBLICA","IMPIANTO":"F","COMUNE":"Milano","PROVINCIA":"Milano","REGIONE":"Lombardia","CODLINEACOMM":"R002","LINEACOMM":"NODO DI MILANO","DOIT":"MI","SERVIZIO_MERCI":"0","SERVIZIO_VIAGGIATORI":"SI","CAP_REG":"0","CAP_P":"0","DIRAMAZ":"0","CAUSA_CHIUSURA":null}},{"type":"Feature","id":2382,"geometry":{"type":"Point","coordinates":[9.20702,45.4766]},"properties":{"OBJECTID":2382,"CODIMP":"16547","NOME":"MILANO PORTA VENEZIA","IMPIANTO":"F","COMUNE":"Milano","PROVINCIA":"Milano","REGIONE":"Lombardia","CODLINEACOMM":"R002","LINEACOMM":"NODO DI MILANO","DOIT":"MI","SERVIZIO_MERCI":"0","SERVIZIO_VIAGGIATORI":"SI","CAP_REG":"0","CAP_P":"0","DIRAMAZ":"0","CAUSA_CHIUSURA":null}},{"type":"Feature","id":2383,"geometry":{"type":"Point","coordinates":[9.21731,45.46767]},"properties":{"OBJECTID":2383,"CODIMP":"16546","NOME":"MILANO DATEO","IMPIANTO":"F","COMUNE":"Milano","PROVINCIA":"Milano","REGIONE":"Lombardia","CODLINEACOMM":"R002","LINEACOMM":"NODO DI MILANO","DOIT":"MI","SERVIZIO_MERCI":"0","SERVIZIO_VIAGGIATORI":"SI","CAP_REG":"0","CAP_P":"0","DIRAMAZ":"0","CAUSA_CHIUSURA":null}},{"type":"Feature","id":2384,"geometry":{"type":"Point","coordinates":[9.22519,45.45948]},"properties":{"OBJECTID":2384,"CODIMP":"16538","NOME":"MILANO PORTA VITTORIA","IMPIANTO":"S","COMUNE":"Milano","PROVINCIA":"Milano","REGIONE":"Lombardia","CODLINEACOMM":"R002","LINEACOMM":"NODO DI MILANO","DOIT":"MI","SERVIZIO_MERCI":"0","SERVIZIO_VIAGGIATORI":"SI","CAP_REG":"0","CAP_P":"0","DIRAMAZ":"1","CAUSA_CHIUSURA":null}},{"type":"Feature","id":2385,"geometry":{"type":"Point","coordinates":[11.1903,44.33323]},"properties":{"OBJECTID":2385,"CODIMP":"43845","NOME":"PIAN DI VENOLA","IMPIANTO":"F","COMUNE":"Marzabotto","PROVINCIA":"Bologna","REGIONE":"Emilia-Romagna","CODLINEACOMM":"R005","LINEACOMM":"NODO DI BOLOGNA","DOIT":"BO","SERVIZIO_MERCI":"0","SERVIZIO_VIAGGIATORI":"SI","CAP_REG":"0","CAP_P":"0","DIRAMAZ":"0","CAUSA_CHIUSURA":null}},{"type":"Feature","id":2386,"geometry":{"type":"Point","coordinates":[12.52222,41.93327]},"properties":{"OBJECTID":2386,"CODIMP":"60467","NOME":"ROMA NOMENTANA L.L.","IMPIANTO":"F","COMUNE":"Roma","PROVINCIA":"Roma","REGIONE":"Lazio","CODLINEACOMM":"R007","LINEACOMM":"NODO DI ROMA","DOIT":"RM","SERVIZIO_MERCI":"0","SERVIZIO_VIAGGIATORI":"SI","CAP_REG":"0","CAP_P":"0","DIRAMAZ":"0","CAUSA_CHIUSURA":null}},{"type":"Feature","id":2387,"geometry":{"type":"Point","coordinates":[7.82712,45.0071]},"properties":{"OBJECTID":2387,"CODIMP":"09900","NOME":"CHIERI","IMPIANTO":"S","COMUNE":"Chieri","PROVINCIA":"Torino","REGIONE":"Piemonte","CODLINEACOMM":"K248","LINEACOMM":"TROFARELLO - CHIERI","DOIT":"TO","SERVIZIO_MERCI":"0","SERVIZIO_VIAGGIATORI":"SI","CAP_REG":"0","CAP_P":"0","DIRAMAZ":"0","CAUSA_CHIUSURA":null}},{"type":"Feature","id":2388,"geometry":{"type":"Point","coordinates":[14.94412,38.1741]},"properties":{"OBJECTID":2388,"CODIMP":"86140","NOME":"S.GIORGIO","IMPIANTO":"F","COMUNE":"Gioiosa Marea","PROVINCIA":"Messina","REGIONE":"Sicilia","CODLINEACOMM":"K175","LINEACOMM":"MESSINA - FIUMETORTO","DOIT":"PA","SERVIZIO_MERCI":"0","SERVIZIO_VIAGGIATORI":"SI","CAP_REG":"0","CAP_P":"0","DIRAMAZ":"0","CAUSA_CHIUSURA":null}},{"type":"Feature","id":2391,"geometry":{"type":"Point","coordinates":[13.84491,43.09479]},"properties":{"OBJECTID":2391,"CODIMP":"54440","NOME":"PEDASO","IMPIANTO":"S","COMUNE":"Pedaso","PROVINCIA":"Ascoli Piceno","REGIONE":"Marche","CODLINEACOMM":"J067","LINEACOMM":"ANCONA - FOGGIA","DOIT":"AN","SERVIZIO_MERCI":"0","SERVIZIO_VIAGGIATORI":"SI","CAP_REG":"0","CAP_P":"0","DIRAMAZ":"0","CAUSA_CHIUSURA":null}},{"type":"Feature","id":2392,"geometry":{"type":"Point","coordinates":[13.87027,42.99391]},"properties":{"OBJECTID":2392,"CODIMP":"54520","NOME":"GROTTAMMARE","IMPIANTO":"F","COMUNE":"Grottammare","PROVINCIA":"Ascoli Piceno","REGIONE":"Marche","CODLINEACOMM":"J067","LINEACOMM":"ANCONA - FOGGIA","DOIT":"AN","SERVIZIO_MERCI":"0","SERVIZIO_VIAGGIATORI":"SI","CAP_REG":"0","CAP_P":"0","DIRAMAZ":"0","CAUSA_CHIUSURA":null}},{"type":"Feature","id":2393,"geometry":{"type":"Point","coordinates":[13.86082,43.02359]},"properties":{"OBJECTID":2393,"CODIMP":"54480","NOME":"CUPRAMARITTIMA","IMPIANTO":"S","COMUNE":"Cupra Marittima","PROVINCIA":"Ascoli Piceno","REGIONE":"Marche","CODLINEACOMM":"J067","LINEACOMM":"ANCONA - FOGGIA","DOIT":"AN","SERVIZIO_MERCI":"0","SERVIZIO_VIAGGIATORI":"SI","CAP_REG":"0","CAP_P":"0","DIRAMAZ":"0","CAUSA_CHIUSURA":null}},{"type":"Feature","id":2394,"geometry":{"type":"Point","coordinates":[12.29477,42.51816]},"properties":{"OBJECTID":2394,"CODIMP":"59980","NOME":"ATTIGLIANO BOMARZO","IMPIANTO":"S","COMUNE":"Attigliano","PROVINCIA":"Terni","REGIONE":"Umbria","CODLINEACOMM":"J053","LINEACOMM":"[FIRENZE] FIRENZE ROVEZZANO - FARA SABINA [ROMA] (Linea Lenta)","DOIT":"RM","SERVIZIO_MERCI":"0","SERVIZIO_VIAGGIATORI":"SI","CAP_REG":"0","CAP_P":"0","DIRAMAZ":"1","CAUSA_CHIUSURA":null}},{"type":"Feature","id":2395,"geometry":{"type":"Point","coordinates":[9.92273,44.11252]},"properties":{"OBJECTID":2395,"CODIMP":"45222","NOME":"ARCOLA","IMPIANTO":"F","COMUNE":"Arcola","PROVINCIA":"La Spezia","REGIONE":"Liguria","CODLINEACOMM":"J045","LINEACOMM":"[GENOVA] GENOVA NERVI - PISA","DOIT":"FI","SERVIZIO_MERCI":"0","SERVIZIO_VIAGGIATORI":"SI","CAP_REG":"0","CAP_P":"0","DIRAMAZ":"0","CAUSA_CHIUSURA":null}},{"type":"Feature","id":2396,"geometry":{"type":"Point","coordinates":[9.96068,44.10896]},"properties":{"OBJECTID":2396,"CODIMP":"45260","NOME":"SARZANA","IMPIANTO":"S","COMUNE":"Sarzana","PROVINCIA":"La Spezia","REGIONE":"Liguria","CODLINEACOMM":"J045","LINEACOMM":"[GENOVA] GENOVA NERVI - PISA","DOIT":"FI","SERVIZIO_MERCI":"0","SERVIZIO_VIAGGIATORI":"SI","CAP_REG":"0","CAP_P":"0","DIRAMAZ":"1","CAUSA_CHIUSURA":null}},{"type":"Feature","id":2397,"geometry":{"type":"Point","coordinates":[13.14594,41.68708]},"properties":{"OBJECTID":2397,"CODIMP":"61740","NOME":"SGURGOLA","IMPIANTO":"F","COMUNE":"Sgurgola","PROVINCIA":"Frosinone","REGIONE":"Lazio","CODLINEACOMM":"J061","LINEACOMM":"[ROMA] CIAMPINO - ACERRA [NAPOLI] (via Cassino) (Comprese linee Rocca d'Evandro - Venafro/Vairano e","DOIT":"RM","SERVIZIO_MERCI":"0","SERVIZIO_VIAGGIATORI":"SI","CAP_REG":"0","CAP_P":"0","DIRAMAZ":"0","CAUSA_CHIUSURA":null}},{"type":"Feature","id":2399,"geometry":{"type":"Point","coordinates":[15.80256,40.65205]},"properties":{"OBJECTID":2399,"CODIMP":"78165","NOME":"POTENZA MACCHIA ROMANA","IMPIANTO":"F","COMUNE":"Potenza","PROVINCIA":"Potenza","REGIONE":"Basilicata","CODLINEACOMM":"K154","LINEACOMM":"ROCCHETTA S.A. - POTENZA","DOIT":"BA","SERVIZIO_MERCI":"0","SERVIZIO_VIAGGIATORI":"SI","CAP_REG":"0","CAP_P":"0","DIRAMAZ":"0","CAUSA_CHIUSURA":null}},{"type":"Feature","id":2400,"geometry":{"type":"Point","coordinates":[15.80095,40.64598]},"properties":{"OBJECTID":2400,"CODIMP":"78200","NOME":"POTENZA SUPERIORE","IMPIANTO":"S","COMUNE":"Potenza","PROVINCIA":"Potenza","REGIONE":"Basilicata","CODLINEACOMM":"K154","LINEACOMM":"ROCCHETTA S.A. - POTENZA","DOIT":"BA","SERVIZIO_MERCI":"0","SERVIZIO_VIAGGIATORI":"SI","CAP_REG":"0","CAP_P":"0","DIRAMAZ":"0","CAUSA_CHIUSURA":null}},{"type":"Feature","id":2402,"geometry":{"type":"Point","coordinates":[15.63903,38.00458]},"properties":{"OBJECTID":2402,"CODIMP":"84405","NOME":"REGGIO DI CALABRIA BOCALE","IMPIANTO":"F","COMUNE":"Reggio Di Calabria","PROVINCIA":"Reggio Di Calabria","REGIONE":"Calabria","CODLINEACOMM":"K162","LINEACOMM":"CATANZARO LIDO - REGGIO CALABRIA CENTRALE","DOIT":"RC","SERVIZIO_MERCI":"0","SERVIZIO_VIAGGIATORI":"SI","CAP_REG":"0","CAP_P":"0","DIRAMAZ":"0","CAUSA_CHIUSURA":null}},{"type":"Feature","id":2403,"geometry":{"type":"Point","coordinates":[14.28806,42.42142]},"properties":{"OBJECTID":2403,"CODIMP":"54980","NOME":"FRANCAVILLA AL MARE","IMPIANTO":"S","COMUNE":"Francavilla Al Mare","PROVINCIA":"Chieti","REGIONE":"Abruzzo","CODLINEACOMM":"J067","LINEACOMM":"ANCONA - FOGGIA","DOIT":"AN","SERVIZIO_MERCI":"0","SERVIZIO_VIAGGIATORI":"SI","CAP_REG":"0","CAP_P":"0","DIRAMAZ":"0","CAUSA_CHIUSURA":null}},{"type":"Feature","id":2404,"geometry":{"type":"Point","coordinates":[14.33998,42.39431]},"properties":{"OBJECTID":2404,"CODIMP":"55020","NOME":"TOLLO-CANOSA SANNITA","IMPIANTO":"F","COMUNE":"Ortona","PROVINCIA":"Chieti","REGIONE":"Abruzzo","CODLINEACOMM":"J067","LINEACOMM":"ANCONA - FOGGIA","DOIT":"AN","SERVIZIO_MERCI":"0","SERVIZIO_VIAGGIATORI":"SI","CAP_REG":"0","CAP_P":"0","DIRAMAZ":"0","CAUSA_CHIUSURA":null}},{"type":"Feature","id":2405,"geometry":{"type":"Point","coordinates":[14.70582,42.16381]},"properties":{"OBJECTID":2405,"CODIMP":"55260","NOME":"PORTO DI VASTO","IMPIANTO":"S","COMUNE":"Vasto","PROVINCIA":"Chieti","REGIONE":"Abruzzo","CODLINEACOMM":"J067","LINEACOMM":"ANCONA - FOGGIA","DOIT":"AN","SERVIZIO_MERCI":"0","SERVIZIO_VIAGGIATORI":"SI","CAP_REG":"0","CAP_P":"0","DIRAMAZ":"0","CAUSA_CHIUSURA":null}},{"type":"Feature","id":2407,"geometry":{"type":"Point","coordinates":[11.15264,44.71924]},"properties":{"OBJECTID":2407,"CODIMP":"39680","NOME":"CREVALCORE","IMPIANTO":"S","COMUNE":"Crevalcore","PROVINCIA":"Bologna","REGIONE":"Emilia-Romagna","CODLINEACOMM":"J029","LINEACOMM":"VERONA - TAVERNELLE [BOLOGNA]","DOIT":"BO","SERVIZIO_MERCI":"0","SERVIZIO_VIAGGIATORI":"SI","CAP_REG":"0","CAP_P":"0","DIRAMAZ":"0","CAUSA_CHIUSURA":null}},{"type":"Feature","id":2409,"geometry":{"type":"Point","coordinates":[11.18946,44.64324]},"properties":{"OBJECTID":2409,"CODIMP":"39760","NOME":"S.GIOVANNI IN PERSICETO","IMPIANTO":"F","COMUNE":"San Giovanni In Persiceto","PROVINCIA":"Bologna","REGIONE":"Emilia-Romagna","CODLINEACOMM":"J029","LINEACOMM":"VERONA - TAVERNELLE [BOLOGNA]","DOIT":"BO","SERVIZIO_MERCI":"0","SERVIZIO_VIAGGIATORI":"SI","CAP_REG":"0","CAP_P":"0","DIRAMAZ":"0","CAUSA_CHIUSURA":null}},{"type":"Feature","id":2410,"geometry":{"type":"Point","coordinates":[11.23665,44.58359]},"properties":{"OBJECTID":2410,"CODIMP":"39790","NOME":"OSTERIA NUOVA","IMPIANTO":"F","COMUNE":"Sala Bolognese","PROVINCIA":"Bologna","REGIONE":"Emilia-Romagna","CODLINEACOMM":"J029","LINEACOMM":"VERONA - TAVERNELLE [BOLOGNA]","DOIT":"BO","SERVIZIO_MERCI":"0","SERVIZIO_VIAGGIATORI":"SI","CAP_REG":"0","CAP_P":"0","DIRAMAZ":"0","CAUSA_CHIUSURA":null}},{"type":"Feature","id":2411,"geometry":{"type":"Point","coordinates":[9.10593,44.36973]},"properties":{"OBJECTID":2411,"CODIMP":"36150","NOME":"SORI","IMPIANTO":"F","COMUNE":"Sori","PROVINCIA":"Genova","REGIONE":"Liguria","CODLINEACOMM":"J045","LINEACOMM":"[GENOVA] GENOVA NERVI - PISA","DOIT":"GE","SERVIZIO_MERCI":"0","SERVIZIO_VIAGGIATORI":"SI","CAP_REG":"0","CAP_P":"0","DIRAMAZ":"0","CAUSA_CHIUSURA":null}},{"type":"Feature","id":2412,"geometry":{"type":"Point","coordinates":[9.1295,44.36253]},"properties":{"OBJECTID":2412,"CODIMP":"36155","NOME":"MULINETTI","IMPIANTO":"F","COMUNE":"Recco","PROVINCIA":"Genova","REGIONE":"Liguria","CODLINEACOMM":"J045","LINEACOMM":"[GENOVA] GENOVA NERVI - PISA","DOIT":"GE","SERVIZIO_MERCI":"0","SERVIZIO_VIAGGIATORI":"SI","CAP_REG":"0","CAP_P":"0","DIRAMAZ":"0","CAUSA_CHIUSURA":null}},{"type":"Feature","id":2413,"geometry":{"type":"Point","coordinates":[9.14669,44.36119]},"properties":{"OBJECTID":2413,"CODIMP":"36180","NOME":"RECCO","IMPIANTO":"S","COMUNE":"Recco","PROVINCIA":"Genova","REGIONE":"Liguria","CODLINEACOMM":"J045","LINEACOMM":"[GENOVA] GENOVA NERVI - PISA","DOIT":"GE","SERVIZIO_MERCI":"0","SERVIZIO_VIAGGIATORI":"SI","CAP_REG":"0","CAP_P":"0","DIRAMAZ":"0","CAUSA_CHIUSURA":null}},{"type":"Feature","id":2414,"geometry":{"type":"Point","coordinates":[9.3193,45.35641]},"properties":{"OBJECTID":2414,"CODIMP":"13740","NOME":"MELEGNANO","IMPIANTO":"S","COMUNE":"Melegnano","PROVINCIA":"Milano","REGIONE":"Lombardia","CODLINEACOMM":"J041","LINEACOMM":"[MILANO] MILANO ROGOREDO - LAVINO [BOLOGNA]","DOIT":"MI","SERVIZIO_MERCI":"0","SERVIZIO_VIAGGIATORI":"SI","CAP_REG":"0","CAP_P":"0","DIRAMAZ":"0","CAUSA_CHIUSURA":null}},{"type":"Feature","id":2417,"geometry":{"type":"Point","coordinates":[7.71325,45.12201]},"properties":{"OBJECTID":2417,"CODIMP":"01000","NOME":"TORINO STURA","IMPIANTO":"S","COMUNE":"Torino","PROVINCIA":"Torino","REGIONE":"Piemonte","CODLINEACOMM":"R001","LINEACOMM":"NODO DI TORINO","DOIT":"TO","SERVIZIO_MERCI":"0","SERVIZIO_VIAGGIATORI":"SI","CAP_REG":"0","CAP_P":"0","DIRAMAZ":"1","CAUSA_CHIUSURA":null}},{"type":"Feature","id":2418,"geometry":{"type":"Point","coordinates":[14.44009,42.30569]},"properties":{"OBJECTID":2418,"CODIMP":"55207","NOME":"S.VITO LANCIANO","IMPIANTO":"S","COMUNE":"San Vito Chietino","PROVINCIA":"Chieti","REGIONE":"Abruzzo","CODLINEACOMM":"J067","LINEACOMM":"ANCONA - FOGGIA","DOIT":"AN","SERVIZIO_MERCI":"0","SERVIZIO_VIAGGIATORI":"SI","CAP_REG":"0","CAP_P":"0","DIRAMAZ":"0","CAUSA_CHIUSURA":null}},{"type":"Feature","id":2419,"geometry":{"type":"Point","coordinates":[14.52202,42.23719]},"properties":{"OBJECTID":2419,"CODIMP":"55217","NOME":"FOSSACESIA-TORINO DI SANGRO","IMPIANTO":"S","COMUNE":"Fossacesia","PROVINCIA":"Chieti","REGIONE":"Abruzzo","CODLINEACOMM":"J067","LINEACOMM":"ANCONA - FOGGIA","DOIT":"AN","SERVIZIO_MERCI":"1","SERVIZIO_VIAGGIATORI":"SI","CAP_REG":"0","CAP_P":"0","DIRAMAZ":"0","CAUSA_CHIUSURA":null}},{"type":"Feature","id":2420,"geometry":{"type":"Point","coordinates":[14.4077,42.3543]},"properties":{"OBJECTID":2420,"CODIMP":"55060","NOME":"ORTONA","IMPIANTO":"S","COMUNE":"Ortona","PROVINCIA":"Chieti","REGIONE":"Abruzzo","CODLINEACOMM":"J067","LINEACOMM":"ANCONA - FOGGIA","DOIT":"AN","SERVIZIO_MERCI":"0","SERVIZIO_VIAGGIATORI":"SI","CAP_REG":"0","CAP_P":"0","DIRAMAZ":"0","CAUSA_CHIUSURA":null}},{"type":"Feature","id":2421,"geometry":{"type":"Point","coordinates":[14.1969,42.43566]},"properties":{"OBJECTID":2421,"CODIMP":"56812","NOME":"PESCARA S.MARCO","IMPIANTO":"F","COMUNE":"Pescara","PROVINCIA":"Pescara","REGIONE":"Abruzzo","CODLINEACOMM":"K125","LINEACOMM":"PESCARA - SULMONA","DOIT":"AN","SERVIZIO_MERCI":"0","SERVIZIO_VIAGGIATORI":"SI","CAP_REG":"0","CAP_P":"0","DIRAMAZ":"0","CAUSA_CHIUSURA":null}},{"type":"Feature","id":2422,"geometry":{"type":"Point","coordinates":[12.83655,45.94082]},"properties":{"OBJECTID":2422,"CODIMP":"29496","NOME":"S.GIOVANNI DI CASARSA","IMPIANTO":"F","COMUNE":"Casarsa Della Delizia","PROVINCIA":"Pordenone","REGIONE":"Friuli-Venezia Giulia","CODLINEACOMM":"K205","LINEACOMM":"CASARSA - SAN VITO - PORTOGRUARO","DOIT":"TS","SERVIZIO_MERCI":"0","SERVIZIO_VIAGGIATORI":"SI","CAP_REG":"0","CAP_P":"0","DIRAMAZ":"0","CAUSA_CHIUSURA":null}},{"type":"Feature","id":2423,"geometry":{"type":"Point","coordinates":[12.0372,45.58115]},"properties":{"OBJECTID":2423,"CODIMP":"29348","NOME":"TREBASELEGHE","IMPIANTO":"F","COMUNE":"Trebaseleghe","PROVINCIA":"Padova","REGIONE":"Veneto","CODLINEACOMM":"K092","LINEACOMM":"CASTELFRANCO VENETO - MAERNE DI MARTELLAGO","DOIT":"VE","SERVIZIO_MERCI":"0","SERVIZIO_VIAGGIATORI":"SI","CAP_REG":"0","CAP_P":"0","DIRAMAZ":"0","CAUSA_CHIUSURA":null}},{"type":"Feature","id":2424,"geometry":{"type":"Point","coordinates":[11.48825,46.86914]},"properties":{"OBJECTID":2424,"CODIMP":"22480","NOME":"CAMPO DI TRENS","IMPIANTO":"F","COMUNE":"Campo Di Trens","PROVINCIA":"Bolzano","REGIONE":"Trentino-Alto Adige","CODLINEACOMM":"J027","LINEACOMM":"BRENNERO - VERONA","DOIT":"VR","SERVIZIO_MERCI":"0","SERVIZIO_VIAGGIATORI":"SI","CAP_REG":"0","CAP_P":"0","DIRAMAZ":"0","CAUSA_CHIUSURA":null}},{"type":"Feature","id":2426,"geometry":{"type":"Point","coordinates":[11.06998,43.89232]},"properties":{"OBJECTID":2426,"CODIMP":"51526","NOME":"PRATO BORGONUOVO","IMPIANTO":"F","COMUNE":"Prato","PROVINCIA":"Prato","REGIONE":"Toscana","CODLINEACOMM":"K118","LINEACOMM":"PISTOIA - PRATO","DOIT":"FI","SERVIZIO_MERCI":"0","SERVIZIO_VIAGGIATORI":"SI","CAP_REG":"0","CAP_P":"0","DIRAMAZ":"0","CAUSA_CHIUSURA":null}},{"type":"Feature","id":2429,"geometry":{"type":"Point","coordinates":[8.89636,44.40912]},"properties":{"OBJECTID":2429,"CODIMP":"37110","NOME":"GENOVA VIA DI FRANCIA","IMPIANTO":"F","COMUNE":"Genova","PROVINCIA":"Genova","REGIONE":"Liguria","CODLINEACOMM":"R004","LINEACOMM":"NODO DI GENOVA","DOIT":"GE","SERVIZIO_MERCI":"0","SERVIZIO_VIAGGIATORI":"SI","CAP_REG":"0","CAP_P":"0","DIRAMAZ":"0","CAUSA_CHIUSURA":null}},{"type":"Feature","id":2430,"geometry":{"type":"Point","coordinates":[8.89996,44.48223]},"properties":{"OBJECTID":2430,"CODIMP":"34210","NOME":"GENOVA S.BIAGIO","IMPIANTO":"F","COMUNE":"Genova","PROVINCIA":"Genova","REGIONE":"Liguria","CODLINEACOMM":"J019","LINEACOMM":"ARQUATA - MIGNANEGO / GENOVA RIVAROLO / GENOVA CAMPASSO [GENOVA] (compresa via Isola del Cantone)","DOIT":"GE","SERVIZIO_MERCI":"0","SERVIZIO_VIAGGIATORI":"SI","CAP_REG":"0","CAP_P":"0","DIRAMAZ":"0","CAUSA_CHIUSURA":null}},{"type":"Feature","id":2431,"geometry":{"type":"Point","coordinates":[11.01901,43.73345]},"properties":{"OBJECTID":2431,"CODIMP":"48660","NOME":"MONTELUPO-CAPRAIA","IMPIANTO":"F","COMUNE":"Montelupo Fiorentino","PROVINCIA":"Firenze","REGIONE":"Toscana","CODLINEACOMM":"J049","LINEACOMM":"[FIRENZE] FIRENZE CASCINE - PISA","DOIT":"FI","SERVIZIO_MERCI":"0","SERVIZIO_VIAGGIATORI":"SI","CAP_REG":"0","CAP_P":"0","DIRAMAZ":"0","CAUSA_CHIUSURA":null}},{"type":"Feature","id":2433,"geometry":{"type":"Point","coordinates":[12.29663,41.80007]},"properties":{"OBJECTID":2433,"CODIMP":"65890","NOME":"PARCO LEONARDO","IMPIANTO":"F","COMUNE":"Fiumicino","PROVINCIA":"Roma","REGIONE":"Lazio","CODLINEACOMM":"R007","LINEACOMM":"NODO DI ROMA","DOIT":"RM","SERVIZIO_MERCI":"0","SERVIZIO_VIAGGIATORI":"SI","CAP_REG":"0","CAP_P":"0","DIRAMAZ":"0","CAUSA_CHIUSURA":null}},{"type":"Feature","id":2434,"geometry":{"type":"Point","coordinates":[12.25174,41.79378]},"properties":{"OBJECTID":2434,"CODIMP":"65960","NOME":"FIUMICINO AEROPORTO","IMPIANTO":"S","COMUNE":"Fiumicino","PROVINCIA":"Roma","REGIONE":"Lazio","CODLINEACOMM":"R007","LINEACOMM":"NODO DI ROMA","DOIT":"RM","SERVIZIO_MERCI":"0","SERVIZIO_VIAGGIATORI":"SI","CAP_REG":"0","CAP_P":"0","DIRAMAZ":"0","CAUSA_CHIUSURA":null}},{"type":"Feature","id":2441,"geometry":{"type":"Point","coordinates":[13.52332,41.52453]},"properties":{"OBJECTID":2441,"CODIMP":"61900","NOME":"CEPRANO-FALVATERRA","IMPIANTO":"S","COMUNE":"Ceprano","PROVINCIA":"Frosinone","REGIONE":"Lazio","CODLINEACOMM":"J061","LINEACOMM":"[ROMA] CIAMPINO - ACERRA [NAPOLI] (via Cassino) (Comprese linee Rocca d'Evandro - Venafro/Vairano e","DOIT":"RM","SERVIZIO_MERCI":"0","SERVIZIO_VIAGGIATORI":"SI","CAP_REG":"0","CAP_P":"0","DIRAMAZ":"0","CAUSA_CHIUSURA":null}},{"type":"Feature","id":2442,"geometry":{"type":"Point","coordinates":[13.54687,41.52881]},"properties":{"OBJECTID":2442,"CODIMP":"61903","NOME":"ISOLETTA-S.GIOVANNI INCARICO","IMPIANTO":"F","COMUNE":"Arce","PROVINCIA":"Frosinone","REGIONE":"Lazio","CODLINEACOMM":"J061","LINEACOMM":"[ROMA] CIAMPINO - ACERRA [NAPOLI] (via Cassino) (Comprese linee Rocca d'Evandro - Venafro/Vairano e","DOIT":"RM","SERVIZIO_MERCI":"0","SERVIZIO_VIAGGIATORI":"SI","CAP_REG":"0","CAP_P":"0","DIRAMAZ":"0","CAUSA_CHIUSURA":null}},{"type":"Feature","id":2455,"geometry":{"type":"Point","coordinates":[8.66631,45.38563]},"properties":{"OBJECTID":2455,"CODIMP":"02955","NOME":"GARBAGNA","IMPIANTO":"F","COMUNE":"Garbagna Novarese","PROVINCIA":"Novara","REGIONE":"Piemonte","CODLINEACOMM":"K025","LINEACOMM":"NOVARA - MORTARA (compresa Novara Boschetto)","DOIT":"TO","SERVIZIO_MERCI":"0","SERVIZIO_VIAGGIATORI":"SI","CAP_REG":"0","CAP_P":"0","DIRAMAZ":"0","CAUSA_CHIUSURA":null}},{"type":"Feature","id":2459,"geometry":{"type":"Point","coordinates":[11.74837,45.00626]},"properties":{"OBJECTID":2459,"CODIMP":"41280","NOME":"ARQUA'","IMPIANTO":"F","COMUNE":"Arquà Polesine","PROVINCIA":"Rovigo","REGIONE":"Veneto","CODLINEACOMM":"J031","LINEACOMM":"PADOVA - S.PIETRO IN CASALE [BOLOGNA]","DOIT":"VE","SERVIZIO_MERCI":"0","SERVIZIO_VIAGGIATORI":"SI","CAP_REG":"0","CAP_P":"0","DIRAMAZ":"0","CAUSA_CHIUSURA":null}},{"type":"Feature","id":2460,"geometry":{"type":"Point","coordinates":[11.73851,44.96112]},"properties":{"OBJECTID":2460,"CODIMP":"41320","NOME":"POLESELLA","IMPIANTO":"S","COMUNE":"Polesella","PROVINCIA":"Rovigo","REGIONE":"Veneto","CODLINEACOMM":"J031","LINEACOMM":"PADOVA - S.PIETRO IN CASALE [BOLOGNA]","DOIT":"VE","SERVIZIO_MERCI":"1","SERVIZIO_VIAGGIATORI":"SI","CAP_REG":"0","CAP_P":"0","DIRAMAZ":"0","CAUSA_CHIUSURA":null}},{"type":"Feature","id":2461,"geometry":{"type":"Point","coordinates":[11.24756,43.77685]},"properties":{"OBJECTID":2461,"CODIMP":"48980","NOME":"FIRENZE SANTA MARIA NOVELLA","IMPIANTO":"S","COMUNE":"Firenze","PROVINCIA":"Firenze","REGIONE":"Toscana","CODLINEACOMM":"R006","LINEACOMM":"NODO DI FIRENZE","DOIT":"FI","SERVIZIO_MERCI":"0","SERVIZIO_VIAGGIATORI":"SI","CAP_REG":"1","CAP_P":"1","DIRAMAZ":"1","CAUSA_CHIUSURA":null}},{"type":"Feature","id":2462,"geometry":{"type":"Point","coordinates":[11.13539,46.05433]},"properties":{"OBJECTID":2462,"CODIMP":"25090","NOME":"TRENTO S.CHIARA","IMPIANTO":"F","COMUNE":"Trento","PROVINCIA":"Trento","REGIONE":"Trentino-Alto Adige","CODLINEACOMM":"K232","LINEACOMM":"TRENTO - PRIMOLANO","DOIT":"VR","SERVIZIO_MERCI":"0","SERVIZIO_VIAGGIATORI":"SI","CAP_REG":"0","CAP_P":"0","DIRAMAZ":"0","CAUSA_CHIUSURA":null}},{"type":"Feature","id":2463,"geometry":{"type":"Point","coordinates":[15.65955,37.97788]},"properties":{"OBJECTID":2463,"CODIMP":"84370","NOME":"MOTTA S.G.","IMPIANTO":"F","COMUNE":"Motta San Giovanni","PROVINCIA":"Reggio Di Calabria","REGIONE":"Calabria","CODLINEACOMM":"K162","LINEACOMM":"CATANZARO LIDO - REGGIO CALABRIA CENTRALE","DOIT":"RC","SERVIZIO_MERCI":"0","SERVIZIO_VIAGGIATORI":"SI","CAP_REG":"0","CAP_P":"0","DIRAMAZ":"0","CAUSA_CHIUSURA":null}},{"type":"Feature","id":2464,"geometry":{"type":"Point","coordinates":[11.09908,43.76487]},"properties":{"OBJECTID":2464,"CODIMP":"49305","NOME":"LASTRA A SIGNA","IMPIANTO":"F","COMUNE":"Signa","PROVINCIA":"Firenze","REGIONE":"Toscana","CODLINEACOMM":"J049","LINEACOMM":"[FIRENZE] FIRENZE CASCINE - PISA","DOIT":"FI","SERVIZIO_MERCI":"0","SERVIZIO_VIAGGIATORI":"SI","CAP_REG":"0","CAP_P":"0","DIRAMAZ":"0","CAUSA_CHIUSURA":null}},{"type":"Feature","id":2465,"geometry":{"type":"Point","coordinates":[13.34287,45.82402]},"properties":{"OBJECTID":2465,"CODIMP":"31040","NOME":"CERVIGNANO-AQUILEIA-GRADO","IMPIANTO":"S","COMUNE":"Cervignano Del Friuli","PROVINCIA":"Udine","REGIONE":"Friuli-Venezia Giulia","CODLINEACOMM":"J035","LINEACOMM":"[VENEZIA] VENEZIA CARPENEDO - VILLA OPICINA / TRIESTE","DOIT":"TS","SERVIZIO_MERCI":"0","SERVIZIO_VIAGGIATORI":"SI","CAP_REG":"0","CAP_P":"0","DIRAMAZ":"1","CAUSA_CHIUSURA":null}},{"type":"Feature","id":2466,"geometry":{"type":"Point","coordinates":[14.63304,42.19376]},"properties":{"OBJECTID":2466,"CODIMP":"55220","NOME":"CASALBORDINO-POLLUTRI","IMPIANTO":"F","COMUNE":"Casalbordino","PROVINCIA":"Chieti","REGIONE":"Abruzzo","CODLINEACOMM":"J067","LINEACOMM":"ANCONA - FOGGIA","DOIT":"AN","SERVIZIO_MERCI":"0","SERVIZIO_VIAGGIATORI":"SI","CAP_REG":"0","CAP_P":"0","DIRAMAZ":"0","CAUSA_CHIUSURA":null}},{"type":"Feature","id":2467,"geometry":{"type":"Point","coordinates":[18.00068,40.48913]},"properties":{"OBJECTID":2467,"CODIMP":"77580","NOME":"S.PIETRO VERNOTICO","IMPIANTO":"F","COMUNE":"San Pietro Vernotico","PROVINCIA":"Brindisi","REGIONE":"Puglia","CODLINEACOMM":"K151","LINEACOMM":"BRINDISI - LECCE","DOIT":"BA","SERVIZIO_MERCI":"0","SERVIZIO_VIAGGIATORI":"SI","CAP_REG":"0","CAP_P":"0","DIRAMAZ":"0","CAUSA_CHIUSURA":null}},{"type":"Feature","id":2468,"geometry":{"type":"Point","coordinates":[18.04605,40.43938]},"properties":{"OBJECTID":2468,"CODIMP":"77620","NOME":"SQUINZANO","IMPIANTO":"S","COMUNE":"Squinzano","PROVINCIA":"Lecce","REGIONE":"Puglia","CODLINEACOMM":"K151","LINEACOMM":"BRINDISI - LECCE","DOIT":"BA","SERVIZIO_MERCI":"0","SERVIZIO_VIAGGIATORI":"SI","CAP_REG":"0","CAP_P":"0","DIRAMAZ":"0","CAUSA_CHIUSURA":null}},{"type":"Feature","id":2469,"geometry":{"type":"Point","coordinates":[18.07686,40.40975]},"properties":{"OBJECTID":2469,"CODIMP":"77660","NOME":"TREPUZZI","IMPIANTO":"F","COMUNE":"Trepuzzi","PROVINCIA":"Lecce","REGIONE":"Puglia","CODLINEACOMM":"K151","LINEACOMM":"BRINDISI - LECCE","DOIT":"BA","SERVIZIO_MERCI":"0","SERVIZIO_VIAGGIATORI":"SI","CAP_REG":"0","CAP_P":"0","DIRAMAZ":"0","CAUSA_CHIUSURA":null}},{"type":"Feature","id":2470,"geometry":{"type":"Point","coordinates":[14.12296,41.52115]},"properties":{"OBJECTID":2470,"CODIMP":"73280","NOME":"ROCCA RAVINDOLA","IMPIANTO":"S","COMUNE":"Montaquila","PROVINCIA":"Isernia","REGIONE":"Molise","CODLINEACOMM":"K141","LINEACOMM":"ISERNIA - VAIRANO","DOIT":"NA","SERVIZIO_MERCI":"0","SERVIZIO_VIAGGIATORI":"SI","CAP_REG":"0","CAP_P":"0","DIRAMAZ":"0","CAUSA_CHIUSURA":null}},{"type":"Feature","id":2471,"geometry":{"type":"Point","coordinates":[8.82349,44.44214]},"properties":{"OBJECTID":2471,"CODIMP":"38080","NOME":"GENOVA GRANARA","IMPIANTO":"F","COMUNE":"Genova","PROVINCIA":"Genova","REGIONE":"Liguria","CODLINEACOMM":"K098","LINEACOMM":"OVADA - GENOVA BORZOLI","DOIT":"GE","SERVIZIO_MERCI":"0","SERVIZIO_VIAGGIATORI":"SI","CAP_REG":"0","CAP_P":"0","DIRAMAZ":"0","CAUSA_CHIUSURA":null}},{"type":"Feature","id":2472,"geometry":{"type":"Point","coordinates":[8.84556,44.43362]},"properties":{"OBJECTID":2472,"CODIMP":"38090","NOME":"GENOVA COSTA","IMPIANTO":"F","COMUNE":"Genova","PROVINCIA":"Genova","REGIONE":"Liguria","CODLINEACOMM":"K098","LINEACOMM":"OVADA - GENOVA BORZOLI","DOIT":"GE","SERVIZIO_MERCI":"0","SERVIZIO_VIAGGIATORI":"SI","CAP_REG":"0","CAP_P":"0","DIRAMAZ":"0","CAUSA_CHIUSURA":null}},{"type":"Feature","id":2474,"geometry":{"type":"Point","coordinates":[8.55419,40.72963]},"properties":{"OBJECTID":2474,"CODIMP":"95920","NOME":"SASSARI","IMPIANTO":"S","COMUNE":"Sassari","PROVINCIA":"Sassari","REGIONE":"Sardegna","CODLINEACOMM":"K186","LINEACOMM":"SASSARI - CHILIVANI","DOIT":"CA","SERVIZIO_MERCI":"0","SERVIZIO_VIAGGIATORI":"SI","CAP_REG":"0","CAP_P":"1","DIRAMAZ":"0","CAUSA_CHIUSURA":null}},{"type":"Feature","id":2477,"geometry":{"type":"Point","coordinates":[13.00111,45.7778]},"properties":{"OBJECTID":2477,"CODIMP":"27350","NOME":"LATISANA-LIGNANO-BIBIONE","IMPIANTO":"S","COMUNE":"Latisana","PROVINCIA":"Udine","REGIONE":"Friuli-Venezia Giulia","CODLINEACOMM":"J035","LINEACOMM":"[VENEZIA] VENEZIA CARPENEDO - VILLA OPICINA / TRIESTE","DOIT":"TS","SERVIZIO_MERCI":"0","SERVIZIO_VIAGGIATORI":"SI","CAP_REG":"0","CAP_P":"0","DIRAMAZ":"0","CAUSA_CHIUSURA":null}},{"type":"Feature","id":2478,"geometry":{"type":"Point","coordinates":[11.03774,43.54722]},"properties":{"OBJECTID":2478,"CODIMP":"52400","NOME":"CERTALDO","IMPIANTO":"S","COMUNE":"Certaldo","PROVINCIA":"Firenze","REGIONE":"Toscana","CODLINEACOMM":"K121","LINEACOMM":"EMPOLI - SIENA","DOIT":"FI","SERVIZIO_MERCI":"0","SERVIZIO_VIAGGIATORI":"SI","CAP_REG":"0","CAP_P":"0","DIRAMAZ":"0","CAUSA_CHIUSURA":null}},{"type":"Feature","id":2479,"geometry":{"type":"Point","coordinates":[11.11112,43.49941]},"properties":{"OBJECTID":2479,"CODIMP":"52440","NOME":"BARBERINO VAL D'ELSA","IMPIANTO":"F","COMUNE":"Barberino Val D'elsa","PROVINCIA":"Firenze","REGIONE":"Toscana","CODLINEACOMM":"K121","LINEACOMM":"EMPOLI - SIENA","DOIT":"FI","SERVIZIO_MERCI":"0","SERVIZIO_VIAGGIATORI":"SI","CAP_REG":"0","CAP_P":"0","DIRAMAZ":"0","CAUSA_CHIUSURA":null}},{"type":"Feature","id":2480,"geometry":{"type":"Point","coordinates":[11.14947,43.46818]},"properties":{"OBJECTID":2480,"CODIMP":"52480","NOME":"POGGIBONSI-S.GIMIGNANO","IMPIANTO":"S","COMUNE":"Poggibonsi","PROVINCIA":"Siena","REGIONE":"Toscana","CODLINEACOMM":"K121","LINEACOMM":"EMPOLI - SIENA","DOIT":"FI","SERVIZIO_MERCI":"0","SERVIZIO_VIAGGIATORI":"SI","CAP_REG":"0","CAP_P":"0","DIRAMAZ":"0","CAUSA_CHIUSURA":null}},{"type":"Feature","id":2483,"geometry":{"type":"Point","coordinates":[11.5727,46.64268]},"properties":{"OBJECTID":2483,"CODIMP":"22660","NOME":"CHIUSA","IMPIANTO":"F","COMUNE":"Chiusa","PROVINCIA":"Bolzano","REGIONE":"Trentino-Alto Adige","CODLINEACOMM":"J027","LINEACOMM":"BRENNERO - VERONA","DOIT":"VR","SERVIZIO_MERCI":"0","SERVIZIO_VIAGGIATORI":"SI","CAP_REG":"0","CAP_P":"0","DIRAMAZ":"0","CAUSA_CHIUSURA":null}},{"type":"Feature","id":2484,"geometry":{"type":"Point","coordinates":[11.53253,46.60127]},"properties":{"OBJECTID":2484,"CODIMP":"22700","NOME":"PONTE GARDENA-LAION","IMPIANTO":"S","COMUNE":"Laion","PROVINCIA":"Bolzano","REGIONE":"Trentino-Alto Adige","CODLINEACOMM":"J027","LINEACOMM":"BRENNERO - VERONA","DOIT":"VR","SERVIZIO_MERCI":"0","SERVIZIO_VIAGGIATORI":"SI","CAP_REG":"0","CAP_P":"0","DIRAMAZ":"0","CAUSA_CHIUSURA":null}},{"type":"Feature","id":2485,"geometry":{"type":"Point","coordinates":[9.21316,45.44592]},"properties":{"OBJECTID":2485,"CODIMP":"15140","NOME":"MILANO SCALO ROMANA","IMPIANTO":"F","COMUNE":"Milano","PROVINCIA":"Milano","REGIONE":"Lombardia","CODLINEACOMM":"R002","LINEACOMM":"NODO DI MILANO","DOIT":"MI","SERVIZIO_MERCI":"0","SERVIZIO_VIAGGIATORI":"SI","CAP_REG":"0","CAP_P":"0","DIRAMAZ":"0","CAUSA_CHIUSURA":null}},{"type":"Feature","id":2486,"geometry":{"type":"Point","coordinates":[9.15927,45.44588]},"properties":{"OBJECTID":2486,"CODIMP":"15170","NOME":"MILANO ROMOLO","IMPIANTO":"F","COMUNE":"Milano","PROVINCIA":"Milano","REGIONE":"Lombardia","CODLINEACOMM":"R002","LINEACOMM":"NODO DI MILANO","DOIT":"MI","SERVIZIO_MERCI":"0","SERVIZIO_VIAGGIATORI":"SI","CAP_REG":"0","CAP_P":"0","DIRAMAZ":"0","CAUSA_CHIUSURA":null}},{"type":"Feature","id":2488,"geometry":{"type":"Point","coordinates":[12.31885,41.80996]},"properties":{"OBJECTID":2488,"CODIMP":"65884","NOME":"FIERA DI ROMA","IMPIANTO":"F","COMUNE":"Roma","PROVINCIA":"Roma","REGIONE":"Lazio","CODLINEACOMM":"R007","LINEACOMM":"NODO DI ROMA","DOIT":"RM","SERVIZIO_MERCI":"0","SERVIZIO_VIAGGIATORI":"SI","CAP_REG":"0","CAP_P":"0","DIRAMAZ":"0","CAUSA_CHIUSURA":null}},{"type":"Feature","id":2489,"geometry":{"type":"Point","coordinates":[12.55807,41.90008]},"properties":{"OBJECTID":2489,"CODIMP":"62664","NOME":"SERENISSIMA","IMPIANTO":"F","COMUNE":"Roma","PROVINCIA":"Roma","REGIONE":"Lazio","CODLINEACOMM":"R007","LINEACOMM":"NODO DI ROMA","DOIT":"RM","SERVIZIO_MERCI":"0","SERVIZIO_VIAGGIATORI":"SI","CAP_REG":"0","CAP_P":"0","DIRAMAZ":"0","CAUSA_CHIUSURA":null}},{"type":"Feature","id":2490,"geometry":{"type":"Point","coordinates":[12.57467,41.90333]},"properties":{"OBJECTID":2490,"CODIMP":"62668","NOME":"PALMIRO TOGLIATTI","IMPIANTO":"F","COMUNE":"Roma","PROVINCIA":"Roma","REGIONE":"Lazio","CODLINEACOMM":"R007","LINEACOMM":"NODO DI ROMA","DOIT":"RM","SERVIZIO_MERCI":"0","SERVIZIO_VIAGGIATORI":"SI","CAP_REG":"0","CAP_P":"0","DIRAMAZ":"0","CAUSA_CHIUSURA":null}},{"type":"Feature","id":2491,"geometry":{"type":"Point","coordinates":[12.59449,41.90721]},"properties":{"OBJECTID":2491,"CODIMP":"62700","NOME":"TOR SAPIENZA","IMPIANTO":"F","COMUNE":"Roma","PROVINCIA":"Roma","REGIONE":"Lazio","CODLINEACOMM":"R007","LINEACOMM":"NODO DI ROMA","DOIT":"RM","SERVIZIO_MERCI":"0","SERVIZIO_VIAGGIATORI":"SI","CAP_REG":"0","CAP_P":"0","DIRAMAZ":"0","CAUSA_CHIUSURA":null}},{"type":"Feature","id":2492,"geometry":{"type":"Point","coordinates":[12.60733,41.90972]},"properties":{"OBJECTID":2492,"CODIMP":"62702","NOME":"LA RUSTICA CITTA'","IMPIANTO":"F","COMUNE":"Roma","PROVINCIA":"Roma","REGIONE":"Lazio","CODLINEACOMM":"R007","LINEACOMM":"NODO DI ROMA","DOIT":"RM","SERVIZIO_MERCI":"0","SERVIZIO_VIAGGIATORI":"SI","CAP_REG":"0","CAP_P":"0","DIRAMAZ":"0","CAUSA_CHIUSURA":null}},{"type":"Feature","id":2493,"geometry":{"type":"Point","coordinates":[12.62174,41.91264]},"properties":{"OBJECTID":2493,"CODIMP":"62703","NOME":"LA RUSTICA UIR","IMPIANTO":"F","COMUNE":"Roma","PROVINCIA":"Roma","REGIONE":"Lazio","CODLINEACOMM":"R007","LINEACOMM":"NODO DI ROMA","DOIT":"RM","SERVIZIO_MERCI":"0","SERVIZIO_VIAGGIATORI":"SI","CAP_REG":"0","CAP_P":"0","DIRAMAZ":"0","CAUSA_CHIUSURA":null}},{"type":"Feature","id":2495,"geometry":{"type":"Point","coordinates":[11.61254,44.87329]},"properties":{"OBJECTID":2495,"CODIMP":"41400","NOME":"PONTELAGOSCURO","IMPIANTO":"F","COMUNE":"Ferrara","PROVINCIA":"Ferrara","REGIONE":"Emilia-Romagna","CODLINEACOMM":"J031","LINEACOMM":"PADOVA - S.PIETRO IN CASALE [BOLOGNA]","DOIT":"BO","SERVIZIO_MERCI":"0","SERVIZIO_VIAGGIATORI":"SI","CAP_REG":"0","CAP_P":"0","DIRAMAZ":"0","CAUSA_CHIUSURA":null}},{"type":"Feature","id":2496,"geometry":{"type":"Point","coordinates":[11.62122,44.89947]},"properties":{"OBJECTID":2496,"CODIMP":"41360","NOME":"OCCHIOBELLO","IMPIANTO":"S","COMUNE":"Occhiobello","PROVINCIA":"Rovigo","REGIONE":"Veneto","CODLINEACOMM":"J031","LINEACOMM":"PADOVA - S.PIETRO IN CASALE [BOLOGNA]","DOIT":"BO","SERVIZIO_MERCI":"0","SERVIZIO_VIAGGIATORI":"SI","CAP_REG":"0","CAP_P":"0","DIRAMAZ":"0","CAUSA_CHIUSURA":null}},{"type":"Feature","id":2497,"geometry":{"type":"Point","coordinates":[12.45856,41.87947]},"properties":{"OBJECTID":2497,"CODIMP":"65345","NOME":"QUATTRO VENTI","IMPIANTO":"F","COMUNE":"Roma","PROVINCIA":"Roma","REGIONE":"Lazio","CODLINEACOMM":"R007","LINEACOMM":"NODO DI ROMA","DOIT":"RM","SERVIZIO_MERCI":"0","SERVIZIO_VIAGGIATORI":"SI","CAP_REG":"0","CAP_P":"0","DIRAMAZ":"0","CAUSA_CHIUSURA":null}},{"type":"Feature","id":2498,"geometry":{"type":"Point","coordinates":[12.46615,41.87225]},"properties":{"OBJECTID":2498,"CODIMP":"65810","NOME":"ROMA TRASTEVERE","IMPIANTO":"F","COMUNE":"Roma","PROVINCIA":"Roma","REGIONE":"Lazio","CODLINEACOMM":"R007","LINEACOMM":"NODO DI ROMA","DOIT":"RM","SERVIZIO_MERCI":"0","SERVIZIO_VIAGGIATORI":"SI","CAP_REG":"0","CAP_P":"0","DIRAMAZ":"1","CAUSA_CHIUSURA":null}},{"type":"Feature","id":2499,"geometry":{"type":"Point","coordinates":[10.96807,43.60552]},"properties":{"OBJECTID":2499,"CODIMP":"52360","NOME":"CASTELFIORENTINO","IMPIANTO":"F","COMUNE":"Castelfiorentino","PROVINCIA":"Firenze","REGIONE":"Toscana","CODLINEACOMM":"K121","LINEACOMM":"EMPOLI - SIENA","DOIT":"FI","SERVIZIO_MERCI":"0","SERVIZIO_VIAGGIATORI":"SI","CAP_REG":"0","CAP_P":"0","DIRAMAZ":"0","CAUSA_CHIUSURA":null}},{"type":"Feature","id":2500,"geometry":{"type":"Point","coordinates":[14.77873,40.69474]},"properties":{"OBJECTID":2500,"CODIMP":"72510","NOME":"FRATTE VILLA COMUNALE","IMPIANTO":"F","COMUNE":"Salerno","PROVINCIA":"Salerno","REGIONE":"Campania","CODLINEACOMM":"K148","LINEACOMM":"MERCATO S.SEVERINO - SALERNO","DOIT":"NA","SERVIZIO_MERCI":"0","SERVIZIO_VIAGGIATORI":"SI","CAP_REG":"0","CAP_P":"0","DIRAMAZ":"0","CAUSA_CHIUSURA":null}},{"type":"Feature","id":2501,"geometry":{"type":"Point","coordinates":[7.34984,44.89229]},"properties":{"OBJECTID":2501,"CODIMP":"08610","NOME":"PINEROLO OLIMPICA","IMPIANTO":"F","COMUNE":"Pinerolo","PROVINCIA":"Torino","REGIONE":"Piemonte","CODLINEACOMM":"K008","LINEACOMM":"BIVIO SANGONE - PINEROLO","DOIT":"TO","SERVIZIO_MERCI":"0","SERVIZIO_VIAGGIATORI":"SI","CAP_REG":"0","CAP_P":"0","DIRAMAZ":"0","CAUSA_CHIUSURA":null}},{"type":"Feature","id":2504,"geometry":{"type":"Point","coordinates":[11.14026,44.83461]},"properties":{"OBJECTID":2504,"CODIMP":"39600","NOME":"S.FELICE SUL PANARO","IMPIANTO":"S","COMUNE":"San Felice Sul Panaro","PROVINCIA":"Modena","REGIONE":"Emilia-Romagna","CODLINEACOMM":"J029","LINEACOMM":"VERONA - TAVERNELLE [BOLOGNA]","DOIT":"BO","SERVIZIO_MERCI":"0","SERVIZIO_VIAGGIATORI":"SI","CAP_REG":"0","CAP_P":"0","DIRAMAZ":"0","CAUSA_CHIUSURA":null}},{"type":"Feature","id":2505,"geometry":{"type":"Point","coordinates":[11.1436,44.78761]},"properties":{"OBJECTID":2505,"CODIMP":"39630","NOME":"CAMPOSANTO","IMPIANTO":"F","COMUNE":"Camposanto","PROVINCIA":"Modena","REGIONE":"Emilia-Romagna","CODLINEACOMM":"J029","LINEACOMM":"VERONA - TAVERNELLE [BOLOGNA]","DOIT":"BO","SERVIZIO_MERCI":"0","SERVIZIO_VIAGGIATORI":"SI","CAP_REG":"0","CAP_P":"0","DIRAMAZ":"0","CAUSA_CHIUSURA":null}},{"type":"Feature","id":2509,"geometry":{"type":"Point","coordinates":[12.44218,41.90297]},"properties":{"OBJECTID":2509,"CODIMP":"65269","NOME":"VALLE AURELIA","IMPIANTO":"F","COMUNE":"Roma","PROVINCIA":"Roma","REGIONE":"Lazio","CODLINEACOMM":"R007","LINEACOMM":"NODO DI ROMA","DOIT":"RM","SERVIZIO_MERCI":"0","SERVIZIO_VIAGGIATORI":"SI","CAP_REG":"0","CAP_P":"0","DIRAMAZ":"0","CAUSA_CHIUSURA":null}},{"type":"Feature","id":2512,"geometry":{"type":"Point","coordinates":[12.23264,45.62831]},"properties":{"OBJECTID":2512,"CODIMP":"28350","NOME":"S.TROVASO","IMPIANTO":"F","COMUNE":"Preganziol","PROVINCIA":"Treviso","REGIONE":"Veneto","CODLINEACOMM":"J037","LINEACOMM":"TARVISIO BOSCOVERDE - MOGLIANO [VENEZIA]","DOIT":"VE","SERVIZIO_MERCI":"0","SERVIZIO_VIAGGIATORI":"SI","CAP_REG":"0","CAP_P":"0","DIRAMAZ":"0","CAUSA_CHIUSURA":null}},{"type":"Feature","id":2513,"geometry":{"type":"Point","coordinates":[14.21988,42.44907]},"properties":{"OBJECTID":2513,"CODIMP":"54930","NOME":"PESCARA TRIBUNALE","IMPIANTO":"F","COMUNE":"Pescara","PROVINCIA":"Pescara","REGIONE":"Abruzzo","CODLINEACOMM":"J067","LINEACOMM":"ANCONA - FOGGIA","DOIT":"AN","SERVIZIO_MERCI":"0","SERVIZIO_VIAGGIATORI":"SI","CAP_REG":"0","CAP_P":"0","DIRAMAZ":"0","CAUSA_CHIUSURA":null}},{"type":"Feature","id":2517,"geometry":{"type":"Point","coordinates":[9.28645,45.39131]},"properties":{"OBJECTID":2517,"CODIMP":"13737","NOME":"S.GIULIANO MILANESE","IMPIANTO":"F","COMUNE":"San Giuliano Milanese","PROVINCIA":"Milano","REGIONE":"Lombardia","CODLINEACOMM":"J041","LINEACOMM":"[MILANO] MILANO ROGOREDO - LAVINO [BOLOGNA]","DOIT":"MI","SERVIZIO_MERCI":"0","SERVIZIO_VIAGGIATORI":"SI","CAP_REG":"0","CAP_P":"0","DIRAMAZ":"0","CAUSA_CHIUSURA":null}},{"type":"Feature","id":2518,"geometry":{"type":"Point","coordinates":[9.2539,45.41794]},"properties":{"OBJECTID":2518,"CODIMP":"13728","NOME":"S.DONATO MILANESE","IMPIANTO":"F","COMUNE":"San Donato Milanese","PROVINCIA":"Milano","REGIONE":"Lombardia","CODLINEACOMM":"J041","LINEACOMM":"[MILANO] MILANO ROGOREDO - LAVINO [BOLOGNA]","DOIT":"MI","SERVIZIO_MERCI":"0","SERVIZIO_VIAGGIATORI":"SI","CAP_REG":"0","CAP_P":"0","DIRAMAZ":"0","CAUSA_CHIUSURA":null}},{"type":"Feature","id":2519,"geometry":{"type":"Point","coordinates":[9.27101,45.40386]},"properties":{"OBJECTID":2519,"CODIMP":"13733","NOME":"BORGOLOMBARDO","IMPIANTO":"F","COMUNE":"San Giuliano Milanese","PROVINCIA":"Milano","REGIONE":"Lombardia","CODLINEACOMM":"J041","LINEACOMM":"[MILANO] MILANO ROGOREDO - LAVINO [BOLOGNA]","DOIT":"MI","SERVIZIO_MERCI":"0","SERVIZIO_VIAGGIATORI":"SI","CAP_REG":"0","CAP_P":"0","DIRAMAZ":"0","CAUSA_CHIUSURA":null}},{"type":"Feature","id":2520,"geometry":{"type":"Point","coordinates":[11.1353,46.04758]},"properties":{"OBJECTID":2520,"CODIMP":"25093","NOME":"TRENTO BARTOLAMEO","IMPIANTO":"F","COMUNE":"Trento","PROVINCIA":"Trento","REGIONE":"Trentino-Alto Adige","CODLINEACOMM":"K232","LINEACOMM":"TRENTO - PRIMOLANO","DOIT":"VR","SERVIZIO_MERCI":"0","SERVIZIO_VIAGGIATORI":"SI","CAP_REG":"0","CAP_P":"0","DIRAMAZ":"0","CAUSA_CHIUSURA":null}},{"type":"Feature","id":2522,"geometry":{"type":"Point","coordinates":[12.66722,41.92336]},"properties":{"OBJECTID":2522,"CODIMP":"62780","NOME":"LUNGHEZZA","IMPIANTO":"F","COMUNE":"Roma","PROVINCIA":"Roma","REGIONE":"Lazio","CODLINEACOMM":"R007","LINEACOMM":"NODO DI ROMA","DOIT":"RM","SERVIZIO_MERCI":"0","SERVIZIO_VIAGGIATORI":"SI","CAP_REG":"0","CAP_P":"0","DIRAMAZ":"0","CAUSA_CHIUSURA":null}},{"type":"Feature","id":2524,"geometry":{"type":"Point","coordinates":[12.35591,43.10203]},"properties":{"OBJECTID":2524,"CODIMP":"57763","NOME":"PERUGIA CAPITINI","IMPIANTO":"S","COMUNE":"Perugia","PROVINCIA":"Perugia","REGIONE":"Umbria","CODLINEACOMM":"K127","LINEACOMM":"TERONTOLA - FOLIGNO","DOIT":"AN","SERVIZIO_MERCI":"0","SERVIZIO_VIAGGIATORI":"SI","CAP_REG":"0","CAP_P":"0","DIRAMAZ":"0","CAUSA_CHIUSURA":null}},{"type":"Feature","id":2525,"geometry":{"type":"Point","coordinates":[12.35759,43.11715]},"properties":{"OBJECTID":2525,"CODIMP":"57764","NOME":"PERUGIA UNIVERSITA'","IMPIANTO":"F","COMUNE":"Perugia","PROVINCIA":"Perugia","REGIONE":"Umbria","CODLINEACOMM":"K127","LINEACOMM":"TERONTOLA - FOLIGNO","DOIT":"AN","SERVIZIO_MERCI":"0","SERVIZIO_VIAGGIATORI":"SI","CAP_REG":"0","CAP_P":"0","DIRAMAZ":"0","CAUSA_CHIUSURA":null}},{"type":"Feature","id":2526,"geometry":{"type":"Point","coordinates":[11.26708,44.54466]},"properties":{"OBJECTID":2526,"CODIMP":"39842","NOME":"CALDERARA-BARGELLINO","IMPIANTO":"F","COMUNE":"Calderara Di Reno","PROVINCIA":"Bologna","REGIONE":"Emilia-Romagna","CODLINEACOMM":"R005","LINEACOMM":"NODO DI BOLOGNA","DOIT":"BO","SERVIZIO_MERCI":"0","SERVIZIO_VIAGGIATORI":"SI","CAP_REG":"0","CAP_P":"0","DIRAMAZ":"0","CAUSA_CHIUSURA":null}},{"type":"Feature","id":2527,"geometry":{"type":"Point","coordinates":[15.21929,36.96996]},"properties":{"OBJECTID":2527,"CODIMP":"93970","NOME":"FONTANE BIANCHE","IMPIANTO":"F","COMUNE":"Siracusa","PROVINCIA":"Siracusa","REGIONE":"Sicilia","CODLINEACOMM":"K174","LINEACOMM":"MODICA - SIRACUSA","DOIT":"PA","SERVIZIO_MERCI":"0","SERVIZIO_VIAGGIATORI":"SI","CAP_REG":"0","CAP_P":"0","DIRAMAZ":"0","CAUSA_CHIUSURA":null}},{"type":"Feature","id":2529,"geometry":{"type":"Point","coordinates":[7.75269,44.50475]},"properties":{"OBJECTID":2529,"CODIMP":"04220","NOME":"TRINITA'-BENE VAGIENNA","IMPIANTO":"F","COMUNE":"Trinità","PROVINCIA":"Cuneo","REGIONE":"Piemonte","CODLINEACOMM":"K012","LINEACOMM":"FOSSANO - MONDOVI'","DOIT":"TO","SERVIZIO_MERCI":"0","SERVIZIO_VIAGGIATORI":"SI","CAP_REG":"0","CAP_P":"0","DIRAMAZ":"0","CAUSA_CHIUSURA":null}},{"type":"Feature","id":2531,"geometry":{"type":"Point","coordinates":[12.17545,45.48883]},"properties":{"OBJECTID":2531,"CODIMP":"29412","NOME":"SPINEA","IMPIANTO":"F","COMUNE":"Spinea","PROVINCIA":"Venezia","REGIONE":"Veneto","CODLINEACOMM":"R003","LINEACOMM":"NODO DI VENEZIA","DOIT":"VE","SERVIZIO_MERCI":"0","SERVIZIO_VIAGGIATORI":"SI","CAP_REG":"0","CAP_P":"0","DIRAMAZ":"0","CAUSA_CHIUSURA":null}},{"type":"Feature","id":2532,"geometry":{"type":"Point","coordinates":[9.51278,45.51445]},"properties":{"OBJECTID":2532,"CODIMP":"13140","NOME":"CASSANO D'ADDA","IMPIANTO":"S","COMUNE":"Cassano D'adda","PROVINCIA":"Milano","REGIONE":"Lombardia","CODLINEACOMM":"J023","LINEACOMM":"[MILANO] PIOLTELLO L. - BRESCIA - VERONA","DOIT":"MI","SERVIZIO_MERCI":"0","SERVIZIO_VIAGGIATORI":"SI","CAP_REG":"0","CAP_P":"0","DIRAMAZ":"0","CAUSA_CHIUSURA":null}},{"type":"Feature","id":2534,"geometry":{"type":"Point","coordinates":[9.2042,45.07271]},"properties":{"OBJECTID":2534,"CODIMP":"16523","NOME":"BARBIANELLO","IMPIANTO":"F","COMUNE":"Barbianello","PROVINCIA":"Pavia","REGIONE":"Lombardia","CODLINEACOMM":"J021","LINEACOMM":"ALESSANDRIA - PIACENZA (compresa Broni - Bressana B)","DOIT":"MI","SERVIZIO_MERCI":"0","SERVIZIO_VIAGGIATORI":"SI","CAP_REG":"0","CAP_P":"0","DIRAMAZ":"0","CAUSA_CHIUSURA":null}},{"type":"Feature","id":2537,"geometry":{"type":"Point","coordinates":[12.07182,44.38845]},"properties":{"OBJECTID":2537,"CODIMP":"42000","NOME":"GODO","IMPIANTO":"F","COMUNE":"Russi","PROVINCIA":"Ravenna","REGIONE":"Emilia-Romagna","CODLINEACOMM":"K108","LINEACOMM":"RAVENNA - RUSSI","DOIT":"BO","SERVIZIO_MERCI":"0","SERVIZIO_VIAGGIATORI":"SI","CAP_REG":"0","CAP_P":"0","DIRAMAZ":"0","CAUSA_CHIUSURA":null}},{"type":"Feature","id":2539,"geometry":{"type":"Point","coordinates":[12.25654,45.47217]},"properties":{"OBJECTID":2539,"CODIMP":"27320","NOME":"VENEZIA PORTO MARGHERA","IMPIANTO":"F","COMUNE":"Venezia","PROVINCIA":"Venezia","REGIONE":"Veneto","CODLINEACOMM":"R003","LINEACOMM":"NODO DI VENEZIA","DOIT":"VE","SERVIZIO_MERCI":"0","SERVIZIO_VIAGGIATORI":"SI","CAP_REG":"0","CAP_P":"0","DIRAMAZ":"0","CAUSA_CHIUSURA":null}},{"type":"Feature","id":2541,"geometry":{"type":"Point","coordinates":[11.35378,44.55211]},"properties":{"OBJECTID":2541,"CODIMP":"41720","NOME":"BOLOGNA CORTICELLA","IMPIANTO":"F","COMUNE":"Bologna","PROVINCIA":"Bologna","REGIONE":"Emilia-Romagna","CODLINEACOMM":"R005","LINEACOMM":"NODO DI BOLOGNA","DOIT":"BO","SERVIZIO_MERCI":"0","SERVIZIO_VIAGGIATORI":"SI","CAP_REG":"0","CAP_P":"0","DIRAMAZ":"0","CAUSA_CHIUSURA":null}},{"type":"Feature","id":2544,"geometry":{"type":"Point","coordinates":[11.26731,43.79066]},"properties":{"OBJECTID":2544,"CODIMP":"97262","NOME":"FIRENZE S.MARCO VECCHIO (IL CIONFO)","IMPIANTO":"F","COMUNE":"Firenze","PROVINCIA":"Firenze","REGIONE":"Toscana","CODLINEACOMM":"R006","LINEACOMM":"NODO DI FIRENZE","DOIT":"FI","SERVIZIO_MERCI":"0","SERVIZIO_VIAGGIATORI":"SI","CAP_REG":"0","CAP_P":"0","DIRAMAZ":"1","CAUSA_CHIUSURA":null}},{"type":"Feature","id":2546,"geometry":{"type":"Point","coordinates":[11.41563,44.47927]},"properties":{"OBJECTID":2546,"CODIMP":"39970","NOME":"SAN LAZZARO DI SAVENA","IMPIANTO":"F","COMUNE":"San Lazzaro Di Savena","PROVINCIA":"Bologna","REGIONE":"Emilia-Romagna","CODLINEACOMM":"R005","LINEACOMM":"NODO DI BOLOGNA","DOIT":"BO","SERVIZIO_MERCI":"0","SERVIZIO_VIAGGIATORI":"SI","CAP_REG":"0","CAP_P":"0","DIRAMAZ":"0","CAUSA_CHIUSURA":null}},{"type":"Feature","id":2547,"geometry":{"type":"Point","coordinates":[9.60656,45.57756]},"properties":{"OBJECTID":2547,"CODIMP":"16410","NOME":"ARCENE","IMPIANTO":"F","COMUNE":"Arcene","PROVINCIA":"Bergamo","REGIONE":"Lombardia","CODLINEACOMM":"K051","LINEACOMM":"BERGAMO - TREVIGLIO OVEST/TREVIGLIO","DOIT":"MI","SERVIZIO_MERCI":"0","SERVIZIO_VIAGGIATORI":"SI","CAP_REG":"0","CAP_P":"0","DIRAMAZ":"0","CAUSA_CHIUSURA":null}},{"type":"Feature","id":2548,"geometry":{"type":"Point","coordinates":[9.61983,45.60579]},"properties":{"OBJECTID":2548,"CODIMP":"16440","NOME":"VERDELLO-DALMINE","IMPIANTO":"S","COMUNE":"Verdellino","PROVINCIA":"Bergamo","REGIONE":"Lombardia","CODLINEACOMM":"K051","LINEACOMM":"BERGAMO - TREVIGLIO OVEST/TREVIGLIO","DOIT":"MI","SERVIZIO_MERCI":"1","SERVIZIO_VIAGGIATORI":"SI","CAP_REG":"0","CAP_P":"0","DIRAMAZ":"0","CAUSA_CHIUSURA":null}},{"type":"Feature","id":2549,"geometry":{"type":"Point","coordinates":[9.62785,45.6229]},"properties":{"OBJECTID":2549,"CODIMP":"16450","NOME":"LEVATE","IMPIANTO":"F","COMUNE":"Levate","PROVINCIA":"Bergamo","REGIONE":"Lombardia","CODLINEACOMM":"K051","LINEACOMM":"BERGAMO - TREVIGLIO OVEST/TREVIGLIO","DOIT":"MI","SERVIZIO_MERCI":"0","SERVIZIO_VIAGGIATORI":"SI","CAP_REG":"0","CAP_P":"0","DIRAMAZ":"0","CAUSA_CHIUSURA":null}},{"type":"Feature","id":2550,"geometry":{"type":"Point","coordinates":[9.64463,45.6584]},"properties":{"OBJECTID":2550,"CODIMP":"16455","NOME":"STEZZANO","IMPIANTO":"F","COMUNE":"Stezzano","PROVINCIA":"Bergamo","REGIONE":"Lombardia","CODLINEACOMM":"K051","LINEACOMM":"BERGAMO - TREVIGLIO OVEST/TREVIGLIO","DOIT":"MI","SERVIZIO_MERCI":"0","SERVIZIO_VIAGGIATORI":"SI","CAP_REG":"0","CAP_P":"0","DIRAMAZ":"0","CAUSA_CHIUSURA":null}},{"type":"Feature","id":2551,"geometry":{"type":"Point","coordinates":[8.54266,44.34255]},"properties":{"OBJECTID":2551,"CODIMP":"35705","NOME":"CELLE","IMPIANTO":"F","COMUNE":"Celle Ligure","PROVINCIA":"Savona","REGIONE":"Liguria","CODLINEACOMM":"J007","LINEACOMM":"SAVONA - GENOVA VOLTRI [GENOVA]","DOIT":"GE","SERVIZIO_MERCI":"0","SERVIZIO_VIAGGIATORI":"SI","CAP_REG":"0","CAP_P":"0","DIRAMAZ":"0","CAUSA_CHIUSURA":null}},{"type":"Feature","id":2553,"geometry":{"type":"Point","coordinates":[9.4038,45.72924]},"properties":{"OBJECTID":2553,"CODIMP":"16200","NOME":"OLGIATE-CALCO-BRIVIO","IMPIANTO":"F","COMUNE":"Olgiate Molgora","PROVINCIA":"Lecco","REGIONE":"Lombardia","CODLINEACOMM":"K045","LINEACOMM":"CALOLZIOCORTE O. - CARNATE USMATE","DOIT":"MI","SERVIZIO_MERCI":"0","SERVIZIO_VIAGGIATORI":"SI","CAP_REG":"0","CAP_P":"0","DIRAMAZ":"0","CAUSA_CHIUSURA":null}},{"type":"Feature","id":2554,"geometry":{"type":"Point","coordinates":[9.39683,45.69518]},"properties":{"OBJECTID":2554,"CODIMP":"16240","NOME":"CERNUSCO-MERATE","IMPIANTO":"F","COMUNE":"Cernusco Lombardone","PROVINCIA":"Lecco","REGIONE":"Lombardia","CODLINEACOMM":"K045","LINEACOMM":"CALOLZIOCORTE O. - CARNATE USMATE","DOIT":"MI","SERVIZIO_MERCI":"0","SERVIZIO_VIAGGIATORI":"SI","CAP_REG":"0","CAP_P":"0","DIRAMAZ":"0","CAUSA_CHIUSURA":null}},{"type":"Feature","id":2555,"geometry":{"type":"Point","coordinates":[9.38702,45.67861]},"properties":{"OBJECTID":2555,"CODIMP":"16250","NOME":"OSNAGO","IMPIANTO":"F","COMUNE":"Osnago","PROVINCIA":"Lecco","REGIONE":"Lombardia","CODLINEACOMM":"K045","LINEACOMM":"CALOLZIOCORTE O. - CARNATE USMATE","DOIT":"MI","SERVIZIO_MERCI":"0","SERVIZIO_VIAGGIATORI":"SI","CAP_REG":"0","CAP_P":"0","DIRAMAZ":"0","CAUSA_CHIUSURA":null}},{"type":"Feature","id":2556,"geometry":{"type":"Point","coordinates":[10.98808,45.33887]},"properties":{"OBJECTID":2556,"CODIMP":"23705","NOME":"BUTTAPIETRA","IMPIANTO":"S","COMUNE":"Buttapietra","PROVINCIA":"Verona","REGIONE":"Veneto","CODLINEACOMM":"J029","LINEACOMM":"VERONA - TAVERNELLE [BOLOGNA]","DOIT":"VR","SERVIZIO_MERCI":"0","SERVIZIO_VIAGGIATORI":"SI","CAP_REG":"0","CAP_P":"0","DIRAMAZ":"0","CAUSA_CHIUSURA":null}},{"type":"Feature","id":2558,"geometry":{"type":"Point","coordinates":[11.13948,45.07908]},"properties":{"OBJECTID":2558,"CODIMP":"23745","NOME":"OSTIGLIA","IMPIANTO":"F","COMUNE":"Ostiglia","PROVINCIA":"Mantova","REGIONE":"Lombardia","CODLINEACOMM":"J029","LINEACOMM":"VERONA - TAVERNELLE [BOLOGNA]","DOIT":"VR","SERVIZIO_MERCI":"0","SERVIZIO_VIAGGIATORI":"SI","CAP_REG":"0","CAP_P":"0","DIRAMAZ":"0","CAUSA_CHIUSURA":null}},{"type":"Feature","id":2559,"geometry":{"type":"Point","coordinates":[11.93001,46.79498]},"properties":{"OBJECTID":2559,"CODIMP":"24660","NOME":"BRUNICO","IMPIANTO":"S","COMUNE":"Brunico","PROVINCIA":"Bolzano","REGIONE":"Trentino-Alto Adige","CODLINEACOMM":"K067","LINEACOMM":"FORTEZZA - [S.CANDIDO] PRATO ALLA DRAVA","DOIT":"VR","SERVIZIO_MERCI":"0","SERVIZIO_VIAGGIATORI":"SI","CAP_REG":"0","CAP_P":"0","DIRAMAZ":"0","CAUSA_CHIUSURA":null}},{"type":"Feature","id":2560,"geometry":{"type":"Point","coordinates":[11.90996,46.78238]},"properties":{"OBJECTID":2560,"CODIMP":"24670","NOME":"S.LORENZO","IMPIANTO":"F","COMUNE":"San Lorenzo Di Sebato","PROVINCIA":"Bolzano","REGIONE":"Trentino-Alto Adige","CODLINEACOMM":"K067","LINEACOMM":"FORTEZZA - [S.CANDIDO] PRATO ALLA DRAVA","DOIT":"VR","SERVIZIO_MERCI":"0","SERVIZIO_VIAGGIATORI":"SI","CAP_REG":"0","CAP_P":"0","DIRAMAZ":"0","CAUSA_CHIUSURA":null}},{"type":"Feature","id":2561,"geometry":{"type":"Point","coordinates":[10.03031,44.8451]},"properties":{"OBJECTID":2561,"CODIMP":"44430","NOME":"VAIO-OSPEDALE","IMPIANTO":"F","COMUNE":"Fidenza","PROVINCIA":"Parma","REGIONE":"Emilia-Romagna","CODLINEACOMM":"K242","LINEACOMM":"SALSOMAGGIORE T. - FIDENZA","DOIT":"BO","SERVIZIO_MERCI":"0","SERVIZIO_VIAGGIATORI":"SI","CAP_REG":"0","CAP_P":"0","DIRAMAZ":"0","CAUSA_CHIUSURA":null}},{"type":"Feature","id":2562,"geometry":{"type":"Point","coordinates":[9.98816,44.81874]},"properties":{"OBJECTID":2562,"CODIMP":"44440","NOME":"SALSOMAGGIORE TERME","IMPIANTO":"LR","COMUNE":"Salsomaggiore Terme","PROVINCIA":"Parma","REGIONE":"Emilia-Romagna","CODLINEACOMM":"K242","LINEACOMM":"SALSOMAGGIORE T. - FIDENZA","DOIT":"BO","SERVIZIO_MERCI":"0","SERVIZIO_VIAGGIATORI":"SI","CAP_REG":"0","CAP_P":"0","DIRAMAZ":"0","CAUSA_CHIUSURA":null}},{"type":"Feature","id":2563,"geometry":{"type":"Point","coordinates":[9.09752,39.2266]},"properties":{"OBJECTID":2563,"CODIMP":"94123","NOME":"CAGLIARI S.GILLA","IMPIANTO":"F","COMUNE":"Cagliari","PROVINCIA":"Cagliari","REGIONE":"Sardegna","CODLINEACOMM":"K188","LINEACOMM":"DECIMOMANNU - CAGLIARI","DOIT":"CA","SERVIZIO_MERCI":"0","SERVIZIO_VIAGGIATORI":"SI","CAP_REG":"0","CAP_P":"0","DIRAMAZ":"0","CAUSA_CHIUSURA":null}},{"type":"Feature","id":2564,"geometry":{"type":"Point","coordinates":[9.10802,39.21621]},"properties":{"OBJECTID":2564,"CODIMP":"94100","NOME":"CAGLIARI","IMPIANTO":"S","COMUNE":"Cagliari","PROVINCIA":"Cagliari","REGIONE":"Sardegna","CODLINEACOMM":"K188","LINEACOMM":"DECIMOMANNU - CAGLIARI","DOIT":"CA","SERVIZIO_MERCI":"0","SERVIZIO_VIAGGIATORI":"SI","CAP_REG":"1","CAP_P":"1","DIRAMAZ":"0","CAUSA_CHIUSURA":null}},{"type":"Feature","id":2565,"geometry":{"type":"Point","coordinates":[15.54388,38.16103]},"properties":{"OBJECTID":2565,"CODIMP":"87310","NOME":"FIUMARA GAZZI","IMPIANTO":"F","COMUNE":"Messina","PROVINCIA":"Messina","REGIONE":"Sicilia","CODLINEACOMM":"K169","LINEACOMM":"MESSINA CENTRALE - CATANIA CENTRALE","DOIT":"PA","SERVIZIO_MERCI":"0","SERVIZIO_VIAGGIATORI":"SI","CAP_REG":"0","CAP_P":"0","DIRAMAZ":"0","CAUSA_CHIUSURA":null}},{"type":"Feature","id":2566,"geometry":{"type":"Point","coordinates":[15.51797,38.12439]},"properties":{"OBJECTID":2566,"CODIMP":"87350","NOME":"MILI MARINA","IMPIANTO":"F","COMUNE":"Messina","PROVINCIA":"Messina","REGIONE":"Sicilia","CODLINEACOMM":"K169","LINEACOMM":"MESSINA CENTRALE - CATANIA CENTRALE","DOIT":"PA","SERVIZIO_MERCI":"0","SERVIZIO_VIAGGIATORI":"SI","CAP_REG":"0","CAP_P":"0","DIRAMAZ":"0","CAUSA_CHIUSURA":null}},{"type":"Feature","id":2567,"geometry":{"type":"Point","coordinates":[15.50525,38.10454]},"properties":{"OBJECTID":2567,"CODIMP":"87360","NOME":"GALATI","IMPIANTO":"S","COMUNE":"Messina","PROVINCIA":"Messina","REGIONE":"Sicilia","CODLINEACOMM":"K169","LINEACOMM":"MESSINA CENTRALE - CATANIA CENTRALE","DOIT":"PA","SERVIZIO_MERCI":"0","SERVIZIO_VIAGGIATORI":"SI","CAP_REG":"0","CAP_P":"0","DIRAMAZ":"0","CAUSA_CHIUSURA":null}},{"type":"Feature","id":2568,"geometry":{"type":"Point","coordinates":[15.48858,38.07161]},"properties":{"OBJECTID":2568,"CODIMP":"87375","NOME":"SAN PAOLO","IMPIANTO":"F","COMUNE":"Messina","PROVINCIA":"Messina","REGIONE":"Sicilia","CODLINEACOMM":"K169","LINEACOMM":"MESSINA CENTRALE - CATANIA CENTRALE","DOIT":"PA","SERVIZIO_MERCI":"0","SERVIZIO_VIAGGIATORI":"SI","CAP_REG":"0","CAP_P":"0","DIRAMAZ":"0","CAUSA_CHIUSURA":null}},{"type":"Feature","id":2569,"geometry":{"type":"Point","coordinates":[15.47917,38.06321]},"properties":{"OBJECTID":2569,"CODIMP":"87400","NOME":"GIAMPILIERI","IMPIANTO":"S","COMUNE":"Messina","PROVINCIA":"Messina","REGIONE":"Sicilia","CODLINEACOMM":"K169","LINEACOMM":"MESSINA CENTRALE - CATANIA CENTRALE","DOIT":"PA","SERVIZIO_MERCI":"0","SERVIZIO_VIAGGIATORI":"SI","CAP_REG":"0","CAP_P":"0","DIRAMAZ":"0","CAUSA_CHIUSURA":null}},{"type":"Feature","id":2570,"geometry":{"type":"Point","coordinates":[15.49448,38.08156]},"properties":{"OBJECTID":2570,"CODIMP":"87370","NOME":"PONTE SCHIAVO","IMPIANTO":"F","COMUNE":"Messina","PROVINCIA":"Messina","REGIONE":"Sicilia","CODLINEACOMM":"K169","LINEACOMM":"MESSINA CENTRALE - CATANIA CENTRALE","DOIT":"PA","SERVIZIO_MERCI":"0","SERVIZIO_VIAGGIATORI":"SI","CAP_REG":"0","CAP_P":"0","DIRAMAZ":"0","CAUSA_CHIUSURA":null}},{"type":"Feature","id":2571,"geometry":{"type":"Point","coordinates":[15.50271,38.09611]},"properties":{"OBJECTID":2571,"CODIMP":"87365","NOME":"PONTE SANTO STEFANO","IMPIANTO":"F","COMUNE":"Messina","PROVINCIA":"Messina","REGIONE":"Sicilia","CODLINEACOMM":"K169","LINEACOMM":"MESSINA CENTRALE - CATANIA CENTRALE","DOIT":"PA","SERVIZIO_MERCI":"0","SERVIZIO_VIAGGIATORI":"SI","CAP_REG":"0","CAP_P":"0","DIRAMAZ":"0","CAUSA_CHIUSURA":null}},{"type":"Feature","id":2575,"geometry":{"type":"Point","coordinates":[14.29576,40.85748]},"properties":{"OBJECTID":2575,"CODIMP":"70612","NOME":"TRACCIA","IMPIANTO":"F","COMUNE":"Napoli","PROVINCIA":"Napoli","REGIONE":"Campania","CODLINEACOMM":"R008","LINEACOMM":"NODO DI NAPOLI","DOIT":"NA","SERVIZIO_MERCI":"0","SERVIZIO_VIAGGIATORI":"SI","CAP_REG":"0","CAP_P":"0","DIRAMAZ":"0","CAUSA_CHIUSURA":null}},{"type":"Feature","id":2582,"geometry":{"type":"Point","coordinates":[10.65489,44.72437]},"properties":{"OBJECTID":2582,"CODIMP":"26047","NOME":"REGGIO EMILIA AV MEDIOPADANA","IMPIANTO":"S","COMUNE":"Reggio Nell'emilia","PROVINCIA":"Reggio Nell'emilia","REGIONE":"Emilia-Romagna","CODLINEACOMM":"A005","LINEACOMM":"[MILANO] MILANO ROGOREDO - BOLOGNA C.le (Comprese interconnessioni)","DOIT":"BO","SERVIZIO_MERCI":"0","SERVIZIO_VIAGGIATORI":"SI","CAP_REG":"0","CAP_P":"0","DIRAMAZ":"0","CAUSA_CHIUSURA":null}},{"type":"Feature","id":2588,"geometry":{"type":"Point","coordinates":[14.27299,40.85284]},"properties":{"OBJECTID":2588,"CODIMP":"70580","NOME":"NAPOLI CENTRALE","IMPIANTO":"S","COMUNE":"Napoli","PROVINCIA":"Napoli","REGIONE":"Campania","CODLINEACOMM":"R008","LINEACOMM":"NODO DI NAPOLI","DOIT":"NA","SERVIZIO_MERCI":"0","SERVIZIO_VIAGGIATORI":"SI","CAP_REG":"1","CAP_P":"1","DIRAMAZ":"1","CAUSA_CHIUSURA":null}},{"type":"Feature","id":2589,"geometry":{"type":"Point","coordinates":[14.27139,40.85211]},"properties":{"OBJECTID":2589,"CODIMP":"68240","NOME":"NAPOLI PIAZZA GARIBALDI","IMPIANTO":"F","COMUNE":"Napoli","PROVINCIA":"Napoli","REGIONE":"Campania","CODLINEACOMM":"R008","LINEACOMM":"NODO DI NAPOLI","DOIT":"NA","SERVIZIO_MERCI":"0","SERVIZIO_VIAGGIATORI":"SI","CAP_REG":"0","CAP_P":"0","DIRAMAZ":"0","CAUSA_CHIUSURA":null}},{"type":"Feature","id":2593,"geometry":{"type":"Point","coordinates":[12.6399,41.91598]},"properties":{"OBJECTID":2593,"CODIMP":"62710","NOME":"SALONE","IMPIANTO":"F","COMUNE":"Roma","PROVINCIA":"Roma","REGIONE":"Lazio","CODLINEACOMM":"R007","LINEACOMM":"NODO DI ROMA","DOIT":"RM","SERVIZIO_MERCI":"0","SERVIZIO_VIAGGIATORI":"SI","CAP_REG":"0","CAP_P":"0","DIRAMAZ":"0","CAUSA_CHIUSURA":null}},{"type":"Feature","id":2594,"geometry":{"type":"Point","coordinates":[15.46536,38.04649]},"properties":{"OBJECTID":2594,"CODIMP":"87440","NOME":"SCALETTA ZANCLEA","IMPIANTO":"F","COMUNE":"Scaletta Zanclea","PROVINCIA":"Messina","REGIONE":"Sicilia","CODLINEACOMM":"K169","LINEACOMM":"MESSINA CENTRALE - CATANIA CENTRALE","DOIT":"PA","SERVIZIO_MERCI":"0","SERVIZIO_VIAGGIATORI":"SI","CAP_REG":"0","CAP_P":"0","DIRAMAZ":"0","CAUSA_CHIUSURA":null}},{"type":"Feature","id":2595,"geometry":{"type":"Point","coordinates":[8.56651,45.83312]},"properties":{"OBJECTID":2595,"CODIMP":"11645","NOME":"LESA","IMPIANTO":"F","COMUNE":"Lesa","PROVINCIA":"Novara","REGIONE":"Piemonte","CODLINEACOMM":"J013","LINEACOMM":"ISELLE [DOMODOSSOLA] - GALLARATE [MILANO] (compresa via Domo II)","DOIT":"MI","SERVIZIO_MERCI":"0","SERVIZIO_VIAGGIATORI":"SI","CAP_REG":"0","CAP_P":"0","DIRAMAZ":"0","CAUSA_CHIUSURA":null}},{"type":"Feature","id":2596,"geometry":{"type":"Point","coordinates":[8.53548,45.79447]},"properties":{"OBJECTID":2596,"CODIMP":"11680","NOME":"MEINA","IMPIANTO":"S","COMUNE":"Meina","PROVINCIA":"Novara","REGIONE":"Piemonte","CODLINEACOMM":"J013","LINEACOMM":"ISELLE [DOMODOSSOLA] - GALLARATE [MILANO] (compresa via Domo II)","DOIT":"MI","SERVIZIO_MERCI":"0","SERVIZIO_VIAGGIATORI":"SI","CAP_REG":"0","CAP_P":"0","DIRAMAZ":"0","CAUSA_CHIUSURA":null}},{"type":"Feature","id":2598,"geometry":{"type":"Point","coordinates":[8.98357,45.50355]},"properties":{"OBJECTID":2598,"CODIMP":"12350","NOME":"PREGNANA MILANESE","IMPIANTO":"F","COMUNE":"Pregnana Milanese","PROVINCIA":"Milano","REGIONE":"Lombardia","CODLINEACOMM":"J011","LINEACOMM":"[TORINO] SETTIMO T. - RHO [MILANO] (compresa Novara Boschetto)","DOIT":"MI","SERVIZIO_MERCI":"0","SERVIZIO_VIAGGIATORI":"SI","CAP_REG":"0","CAP_P":"0","DIRAMAZ":"0","CAUSA_CHIUSURA":null}},{"type":"Feature","id":2599,"geometry":{"type":"Point","coordinates":[9.4333,45.50454]},"properties":{"OBJECTID":2599,"CODIMP":"13102","NOME":"MELZO","IMPIANTO":"F","COMUNE":"Melzo","PROVINCIA":"Milano","REGIONE":"Lombardia","CODLINEACOMM":"J023","LINEACOMM":"[MILANO] PIOLTELLO L. - BRESCIA - VERONA","DOIT":"MI","SERVIZIO_MERCI":"0","SERVIZIO_VIAGGIATORI":"SI","CAP_REG":"0","CAP_P":"0","DIRAMAZ":"0","CAUSA_CHIUSURA":null}},{"type":"Feature","id":2600,"geometry":{"type":"Point","coordinates":[9.46518,45.51013]},"properties":{"OBJECTID":2600,"CODIMP":"13103","NOME":"POZZUOLO MARTESANA","IMPIANTO":"F","COMUNE":"Pozzuolo Martesana","PROVINCIA":"Milano","REGIONE":"Lombardia","CODLINEACOMM":"J023","LINEACOMM":"[MILANO] PIOLTELLO L. - BRESCIA - VERONA","DOIT":"MI","SERVIZIO_MERCI":"0","SERVIZIO_VIAGGIATORI":"SI","CAP_REG":"0","CAP_P":"0","DIRAMAZ":"0","CAUSA_CHIUSURA":null}},{"type":"Feature","id":2601,"geometry":{"type":"Point","coordinates":[9.48762,45.51407]},"properties":{"OBJECTID":2601,"CODIMP":"13105","NOME":"TRECELLA","IMPIANTO":"F","COMUNE":"Pozzuolo Martesana","PROVINCIA":"Milano","REGIONE":"Lombardia","CODLINEACOMM":"J023","LINEACOMM":"[MILANO] PIOLTELLO L. - BRESCIA - VERONA","DOIT":"MI","SERVIZIO_MERCI":"0","SERVIZIO_VIAGGIATORI":"SI","CAP_REG":"0","CAP_P":"0","DIRAMAZ":"0","CAUSA_CHIUSURA":null}},{"type":"Feature","id":2602,"geometry":{"type":"Point","coordinates":[12.52185,41.93864]},"properties":{"OBJECTID":2602,"CODIMP":"64058","NOME":"VAL D'ALA","IMPIANTO":"F","COMUNE":"Roma","PROVINCIA":"Roma","REGIONE":"Lazio","CODLINEACOMM":"R007","LINEACOMM":"NODO DI ROMA","DOIT":"RM","SERVIZIO_MERCI":"0","SERVIZIO_VIAGGIATORI":"SI","CAP_REG":"0","CAP_P":"0","DIRAMAZ":"0","CAUSA_CHIUSURA":null}},{"type":"Feature","id":2604,"geometry":{"type":"Point","coordinates":[8.98943,39.29108]},"properties":{"OBJECTID":2604,"CODIMP":"94147","NOME":"ASSEMINI S.LUCIA","IMPIANTO":"F","COMUNE":"Assemini","PROVINCIA":"Cagliari","REGIONE":"Sardegna","CODLINEACOMM":"K188","LINEACOMM":"DECIMOMANNU - CAGLIARI","DOIT":"CA","SERVIZIO_MERCI":"0","SERVIZIO_VIAGGIATORI":"SI","CAP_REG":"0","CAP_P":"0","DIRAMAZ":"0","CAUSA_CHIUSURA":null}},{"type":"Feature","id":2605,"geometry":{"type":"Point","coordinates":[9.01411,39.28179]},"properties":{"OBJECTID":2605,"CODIMP":"94143","NOME":"ASSEMINI CARMINE","IMPIANTO":"F","COMUNE":"Assemini","PROVINCIA":"Cagliari","REGIONE":"Sardegna","CODLINEACOMM":"K188","LINEACOMM":"DECIMOMANNU - CAGLIARI","DOIT":"CA","SERVIZIO_MERCI":"0","SERVIZIO_VIAGGIATORI":"SI","CAP_REG":"0","CAP_P":"0","DIRAMAZ":"0","CAUSA_CHIUSURA":null}},{"type":"Feature","id":2606,"geometry":{"type":"Point","coordinates":[15.81179,40.64338]},"properties":{"OBJECTID":2606,"CODIMP":"78205","NOME":"POTENZA UNIVERSITA'","IMPIANTO":"F","COMUNE":"Potenza","PROVINCIA":"Potenza","REGIONE":"Basilicata","CODLINEACOMM":"K154","LINEACOMM":"ROCCHETTA S.A. - POTENZA","DOIT":"BA","SERVIZIO_MERCI":"0","SERVIZIO_VIAGGIATORI":"SI","CAP_REG":"0","CAP_P":"0","DIRAMAZ":"0","CAUSA_CHIUSURA":null}},{"type":"Feature","id":2607,"geometry":{"type":"Point","coordinates":[9.1907,45.32053]},"properties":{"OBJECTID":2607,"CODIMP":"14120","NOME":"VILLAMAGGIORE","IMPIANTO":"F","COMUNE":"Lacchiarella","PROVINCIA":"Milano","REGIONE":"Lombardia","CODLINEACOMM":"J005","LINEACOMM":"[MILANO] MILANO ROGOREDO - ARQUATA (compresa via Novi L. e via Bressana B. - Arena Po)","DOIT":"MI","SERVIZIO_MERCI":"0","SERVIZIO_VIAGGIATORI":"SI","CAP_REG":"0","CAP_P":"0","DIRAMAZ":"0","CAUSA_CHIUSURA":null}},{"type":"Feature","id":2608,"geometry":{"type":"Point","coordinates":[8.60659,44.90917]},"properties":{"OBJECTID":2608,"CODIMP":"02320","NOME":"ALESSANDRIA","IMPIANTO":"S","COMUNE":"Alessandria","PROVINCIA":"Alessandria","REGIONE":"Piemonte","CODLINEACOMM":"J003","LINEACOMM":"[TORINO] TROFARELLO - ARQUATA","DOIT":"TO","SERVIZIO_MERCI":"0","SERVIZIO_VIAGGIATORI":"SI","CAP_REG":"0","CAP_P":"0","DIRAMAZ":"1","CAUSA_CHIUSURA":null}},{"type":"Feature","id":2610,"geometry":{"type":"Point","coordinates":[8.62519,45.45116]},"properties":{"OBJECTID":2610,"CODIMP":"01680","NOME":"NOVARA","IMPIANTO":"S","COMUNE":"Novara","PROVINCIA":"Novara","REGIONE":"Piemonte","CODLINEACOMM":"A003","LINEACOMM":"[TORINO] Origine TO-MI AV - MILANO Certosa [MILANO] (Comprese interconnessioni)","DOIT":"TO","SERVIZIO_MERCI":"0","SERVIZIO_VIAGGIATORI":"SI","CAP_REG":"0","CAP_P":"0","DIRAMAZ":"1","CAUSA_CHIUSURA":null}},{"type":"Feature","id":2611,"geometry":{"type":"Point","coordinates":[7.59821,45.06864]},"properties":{"OBJECTID":2611,"CODIMP":"00735","NOME":"GRUGLIASCO","IMPIANTO":"F","COMUNE":"Collegno","PROVINCIA":"Torino","REGIONE":"Piemonte","CODLINEACOMM":"R001","LINEACOMM":"NODO DI TORINO","DOIT":"TO","SERVIZIO_MERCI":"0","SERVIZIO_VIAGGIATORI":"SI","CAP_REG":"0","CAP_P":"0","DIRAMAZ":"0","CAUSA_CHIUSURA":null}},{"type":"Feature","id":2612,"geometry":{"type":"Point","coordinates":[13.358,38.13548]},"properties":{"OBJECTID":2612,"CODIMP":"90325","NOME":"GIACHERY (SAMPOLO)","IMPIANTO":"F","COMUNE":"Palermo","PROVINCIA":"Palermo","REGIONE":"Sicilia","CODLINEACOMM":"K184","LINEACOMM":"PALERMO CENTRALE - GIACHERY","DOIT":"PA","SERVIZIO_MERCI":"0","SERVIZIO_VIAGGIATORI":"SI","CAP_REG":"0","CAP_P":"0","DIRAMAZ":"0","CAUSA_CHIUSURA":null}},{"type":"Feature","id":2613,"geometry":{"type":"Point","coordinates":[11.67524,44.92309]},"properties":{"OBJECTID":2613,"CODIMP":"41350","NOME":"CANARO","IMPIANTO":"F","COMUNE":"Canaro","PROVINCIA":"Rovigo","REGIONE":"Veneto","CODLINEACOMM":"J031","LINEACOMM":"PADOVA - S.PIETRO IN CASALE [BOLOGNA]","DOIT":"VE","SERVIZIO_MERCI":"0","SERVIZIO_VIAGGIATORI":"SI","CAP_REG":"0","CAP_P":"0","DIRAMAZ":"0","CAUSA_CHIUSURA":null}},{"type":"Feature","id":2614,"geometry":{"type":"Point","coordinates":[16.56269,38.86547]},"properties":{"OBJECTID":2614,"CODIMP":"85440","NOME":"CATANZARO","IMPIANTO":"S","COMUNE":"Catanzaro","PROVINCIA":"Catanzaro","REGIONE":"Calabria","CODLINEACOMM":"K163","LINEACOMM":"CATANZARO LIDO - LAMEZIA TERME","DOIT":"RC","SERVIZIO_MERCI":"0","SERVIZIO_VIAGGIATORI":"SI","CAP_REG":"1","CAP_P":"1","DIRAMAZ":"0","CAUSA_CHIUSURA":null}},{"type":"Feature","id":2615,"geometry":{"type":"Point","coordinates":[13.6292,42.06048]},"properties":{"OBJECTID":2615,"CODIMP":"63540","NOME":"COLLARMELE","IMPIANTO":"S","COMUNE":"Collarmele","PROVINCIA":"L'aquila","REGIONE":"Abruzzo","CODLINEACOMM":"K131","LINEACOMM":"SULMONA - AVEZZANO","DOIT":"RM","SERVIZIO_MERCI":"0","SERVIZIO_VIAGGIATORI":"SI","CAP_REG":"0","CAP_P":"0","DIRAMAZ":"0","CAUSA_CHIUSURA":null}},{"type":"Feature","id":2616,"geometry":{"type":"Point","coordinates":[13.66898,42.03767]},"properties":{"OBJECTID":2616,"CODIMP":"63580","NOME":"PESCINA","IMPIANTO":"F","COMUNE":"Pescina","PROVINCIA":"L'aquila","REGIONE":"Abruzzo","CODLINEACOMM":"K131","LINEACOMM":"SULMONA - AVEZZANO","DOIT":"RM","SERVIZIO_MERCI":"0","SERVIZIO_VIAGGIATORI":"SI","CAP_REG":"0","CAP_P":"0","DIRAMAZ":"0","CAUSA_CHIUSURA":null}},{"type":"Feature","id":2617,"geometry":{"type":"Point","coordinates":[11.09598,43.77553]},"properties":{"OBJECTID":2617,"CODIMP":"48620","NOME":"SIGNA","IMPIANTO":"F","COMUNE":"Signa","PROVINCIA":"Firenze","REGIONE":"Toscana","CODLINEACOMM":"J049","LINEACOMM":"[FIRENZE] FIRENZE CASCINE - PISA","DOIT":"FI","SERVIZIO_MERCI":"0","SERVIZIO_VIAGGIATORI":"SI","CAP_REG":"0","CAP_P":"0","DIRAMAZ":"0","CAUSA_CHIUSURA":null}},{"type":"Feature","id":2620,"geometry":{"type":"Point","coordinates":[12.12814,44.19425]},"properties":{"OBJECTID":2620,"CODIMP":"40300","NOME":"FORLIMPOPOLI-BERTINORO","IMPIANTO":"F","COMUNE":"Forlimpopoli","PROVINCIA":"Forlì-Cesena","REGIONE":"Emilia-Romagna","CODLINEACOMM":"J063","LINEACOMM":"[BOLOGNA] MIRANDOLA O. - ANCONA (compresa Ancona - Ancona Marittima)","DOIT":"BO","SERVIZIO_MERCI":"0","SERVIZIO_VIAGGIATORI":"SI","CAP_REG":"0","CAP_P":"0","DIRAMAZ":"0","CAUSA_CHIUSURA":null}},{"type":"Feature","id":2622,"geometry":{"type":"Point","coordinates":[9.08838,45.52124]},"properties":{"OBJECTID":2622,"CODIMP":"12385","NOME":"RHO FIERA","IMPIANTO":"F","COMUNE":"Rho","PROVINCIA":"Milano","REGIONE":"Lombardia","CODLINEACOMM":"R002","LINEACOMM":"NODO DI MILANO","DOIT":"MI","SERVIZIO_MERCI":"0","SERVIZIO_VIAGGIATORI":"SI","CAP_REG":"0","CAP_P":"0","DIRAMAZ":"1","CAUSA_CHIUSURA":null}},{"type":"Feature","id":2623,"geometry":{"type":"Point","coordinates":[9.07123,45.42228]},"properties":{"OBJECTID":2623,"CODIMP":"20523","NOME":"TREZZANO SUL NAVIGLIO","IMPIANTO":"F","COMUNE":"Trezzano Sul Naviglio","PROVINCIA":"Milano","REGIONE":"Lombardia","CODLINEACOMM":"K058","LINEACOMM":"MILANO P.GENOVA - MORTARA","DOIT":"MI","SERVIZIO_MERCI":"0","SERVIZIO_VIAGGIATORI":"SI","CAP_REG":"0","CAP_P":"0","DIRAMAZ":"0","CAUSA_CHIUSURA":null}},{"type":"Feature","id":2625,"geometry":{"type":"Point","coordinates":[9.0912,45.43027]},"properties":{"OBJECTID":2625,"CODIMP":"20522","NOME":"CESANO BOSCONE","IMPIANTO":"F","COMUNE":"Cesano Boscone","PROVINCIA":"Milano","REGIONE":"Lombardia","CODLINEACOMM":"K058","LINEACOMM":"MILANO P.GENOVA - MORTARA","DOIT":"MI","SERVIZIO_MERCI":"0","SERVIZIO_VIAGGIATORI":"SI","CAP_REG":"0","CAP_P":"0","DIRAMAZ":"0","CAUSA_CHIUSURA":null}},{"type":"Feature","id":2626,"geometry":{"type":"Point","coordinates":[9.10518,45.43477]},"properties":{"OBJECTID":2626,"CODIMP":"20520","NOME":"CORSICO","IMPIANTO":"F","COMUNE":"Corsico","PROVINCIA":"Milano","REGIONE":"Lombardia","CODLINEACOMM":"K058","LINEACOMM":"MILANO P.GENOVA - MORTARA","DOIT":"MI","SERVIZIO_MERCI":"0","SERVIZIO_VIAGGIATORI":"SI","CAP_REG":"0","CAP_P":"0","DIRAMAZ":"0","CAUSA_CHIUSURA":null}},{"type":"Feature","id":2627,"geometry":{"type":"Point","coordinates":[9.03115,45.40891]},"properties":{"OBJECTID":2627,"CODIMP":"20560","NOME":"GAGGIANO","IMPIANTO":"F","COMUNE":"Gaggiano","PROVINCIA":"Milano","REGIONE":"Lombardia","CODLINEACOMM":"K058","LINEACOMM":"MILANO P.GENOVA - MORTARA","DOIT":"MI","SERVIZIO_MERCI":"0","SERVIZIO_VIAGGIATORI":"SI","CAP_REG":"0","CAP_P":"0","DIRAMAZ":"0","CAUSA_CHIUSURA":null}},{"type":"Feature","id":2628,"geometry":{"type":"Point","coordinates":[8.95737,45.40443]},"properties":{"OBJECTID":2628,"CODIMP":"20597","NOME":"ALBAIRATE-VERMEZZO","IMPIANTO":"S","COMUNE":"Albairate","PROVINCIA":"Milano","REGIONE":"Lombardia","CODLINEACOMM":"K058","LINEACOMM":"MILANO P.GENOVA - MORTARA","DOIT":"MI","SERVIZIO_MERCI":"0","SERVIZIO_VIAGGIATORI":"SI","CAP_REG":"0","CAP_P":"0","DIRAMAZ":"0","CAUSA_CHIUSURA":null}},{"type":"Feature","id":2629,"geometry":{"type":"Point","coordinates":[13.58158,42.06206]},"properties":{"OBJECTID":2629,"CODIMP":"63463","NOME":"AIELLI","IMPIANTO":"F","COMUNE":"Aielli","PROVINCIA":"L'aquila","REGIONE":"Abruzzo","CODLINEACOMM":"K131","LINEACOMM":"SULMONA - AVEZZANO","DOIT":"RM","SERVIZIO_MERCI":"0","SERVIZIO_VIAGGIATORI":"SI","CAP_REG":"0","CAP_P":"0","DIRAMAZ":"0","CAUSA_CHIUSURA":null}},{"type":"Feature","id":2630,"geometry":{"type":"Point","coordinates":[13.59798,42.06119]},"properties":{"OBJECTID":2630,"CODIMP":"63500","NOME":"CERCHIO","IMPIANTO":"F","COMUNE":"Cerchio","PROVINCIA":"L'aquila","REGIONE":"Abruzzo","CODLINEACOMM":"K131","LINEACOMM":"SULMONA - AVEZZANO","DOIT":"RM","SERVIZIO_MERCI":"0","SERVIZIO_VIAGGIATORI":"SI","CAP_REG":"0","CAP_P":"0","DIRAMAZ":"0","CAUSA_CHIUSURA":null}},{"type":"Feature","id":2631,"geometry":{"type":"Point","coordinates":[10.76052,45.12355]},"properties":{"OBJECTID":2631,"CODIMP":"25710","NOME":"LEVATA","IMPIANTO":"F","COMUNE":"Curtatone","PROVINCIA":"Mantova","REGIONE":"Lombardia","CODLINEACOMM":"K071","LINEACOMM":"MANTOVA - SUZZARA","DOIT":"VR","SERVIZIO_MERCI":"0","SERVIZIO_VIAGGIATORI":"SI","CAP_REG":"0","CAP_P":"0","DIRAMAZ":"0","CAUSA_CHIUSURA":null}},{"type":"Feature","id":2632,"geometry":{"type":"Point","coordinates":[10.75102,45.06391]},"properties":{"OBJECTID":2632,"CODIMP":"25720","NOME":"ROMANORE","IMPIANTO":"S","COMUNE":"Borgoforte","PROVINCIA":"Mantova","REGIONE":"Lombardia","CODLINEACOMM":"K071","LINEACOMM":"MANTOVA - SUZZARA","DOIT":"VR","SERVIZIO_MERCI":"0","SERVIZIO_VIAGGIATORI":"SI","CAP_REG":"0","CAP_P":"0","DIRAMAZ":"0","CAUSA_CHIUSURA":null}},{"type":"Feature","id":2633,"geometry":{"type":"Point","coordinates":[13.54555,41.27144]},"properties":{"OBJECTID":2633,"CODIMP":"62540","NOME":"ITRI","IMPIANTO":"F","COMUNE":"Itri","PROVINCIA":"Latina","REGIONE":"Lazio","CODLINEACOMM":"J057","LINEACOMM":"[ROMA] TORRICOLA - FRATTAMAGGIORE [NAPOLI] (via Formia)","DOIT":"RM","SERVIZIO_MERCI":"0","SERVIZIO_VIAGGIATORI":"SI","CAP_REG":"0","CAP_P":"0","DIRAMAZ":"0","CAUSA_CHIUSURA":null}},{"type":"Feature","id":2634,"geometry":{"type":"Point","coordinates":[11.97442,46.79101]},"properties":{"OBJECTID":2634,"CODIMP":"24650","NOME":"PERCA-PLAN DE CORONES","IMPIANTO":"F","COMUNE":"Perca","PROVINCIA":"Bolzano","REGIONE":"Trentino-Alto Adige","CODLINEACOMM":"K067","LINEACOMM":"FORTEZZA - [S.CANDIDO] PRATO ALLA DRAVA","DOIT":"VR","SERVIZIO_MERCI":"0","SERVIZIO_VIAGGIATORI":"SI","CAP_REG":"0","CAP_P":"0","DIRAMAZ":"0","CAUSA_CHIUSURA":null}},{"type":"Feature","id":2638,"geometry":{"type":"Point","coordinates":[12.22683,45.51905]},"properties":{"OBJECTID":2638,"CODIMP":"28410","NOME":"VENEZIA MESTRE OSPEDALE","IMPIANTO":"F","COMUNE":"Venezia","PROVINCIA":"Venezia","REGIONE":"Veneto","CODLINEACOMM":"R003","LINEACOMM":"NODO DI VENEZIA","DOIT":"VE","SERVIZIO_MERCI":"0","SERVIZIO_VIAGGIATORI":"SI","CAP_REG":"0","CAP_P":"0","DIRAMAZ":"0","CAUSA_CHIUSURA":null}},{"type":"Feature","id":2639,"geometry":{"type":"Point","coordinates":[13.46112,38.08668]},"properties":{"OBJECTID":2639,"CODIMP":"87100","NOME":"FICARAZZI","IMPIANTO":"F","COMUNE":"Ficarazzi","PROVINCIA":"Palermo","REGIONE":"Sicilia","CODLINEACOMM":"K176","LINEACOMM":"FIUMETORTO - PALERMO","DOIT":"PA","SERVIZIO_MERCI":"0","SERVIZIO_VIAGGIATORI":"SI","CAP_REG":"0","CAP_P":"0","DIRAMAZ":"0","CAUSA_CHIUSURA":null}},{"type":"Feature","id":2640,"geometry":{"type":"Point","coordinates":[13.51649,43.53721]},"properties":{"OBJECTID":2640,"CODIMP":"54130","NOME":"CAMERANO ASPIO","IMPIANTO":"F","COMUNE":"Camerano","PROVINCIA":"Ancona","REGIONE":"Marche","CODLINEACOMM":"J067","LINEACOMM":"ANCONA - FOGGIA","DOIT":"AN","SERVIZIO_MERCI":"0","SERVIZIO_VIAGGIATORI":"SI","CAP_REG":"0","CAP_P":"0","DIRAMAZ":"0","CAUSA_CHIUSURA":null}},{"type":"Feature","id":2641,"geometry":{"type":"Point","coordinates":[13.54727,43.49713]},"properties":{"OBJECTID":2641,"CODIMP":"54160","NOME":"OSIMO-CASTELFIDARDO","IMPIANTO":"F","COMUNE":"Osimo","PROVINCIA":"Ancona","REGIONE":"Marche","CODLINEACOMM":"J067","LINEACOMM":"ANCONA - FOGGIA","DOIT":"AN","SERVIZIO_MERCI":"0","SERVIZIO_VIAGGIATORI":"SI","CAP_REG":"0","CAP_P":"0","DIRAMAZ":"0","CAUSA_CHIUSURA":null}},{"type":"Feature","id":2642,"geometry":{"type":"Point","coordinates":[13.79128,42.87794]},"properties":{"OBJECTID":2642,"CODIMP":"58748","NOME":"SPINETOLI VILLA S.PIO X","IMPIANTO":"F","COMUNE":"Spinetoli","PROVINCIA":"Ascoli Piceno","REGIONE":"Marche","CODLINEACOMM":"K124","LINEACOMM":"PORTO D'ASCOLI - ASCOLI PICENO","DOIT":"AN","SERVIZIO_MERCI":"0","SERVIZIO_VIAGGIATORI":"SI","CAP_REG":"0","CAP_P":"0","DIRAMAZ":"0","CAUSA_CHIUSURA":null}},{"type":"Feature","id":2643,"geometry":{"type":"Point","coordinates":[9.15025,45.5023]},"properties":{"OBJECTID":2643,"CODIMP":"16555","NOME":"MILANO VILLAPIZZONE","IMPIANTO":"F","COMUNE":"Milano","PROVINCIA":"Milano","REGIONE":"Lombardia","CODLINEACOMM":"R002","LINEACOMM":"NODO DI MILANO","DOIT":"MI","SERVIZIO_MERCI":"0","SERVIZIO_VIAGGIATORI":"SI","CAP_REG":"0","CAP_P":"0","DIRAMAZ":"1","CAUSA_CHIUSURA":null}},{"type":"Feature","id":2644,"geometry":{"type":"Point","coordinates":[13.3208,46.51066]},"properties":{"OBJECTID":2644,"CODIMP":"31540","NOME":"PONTEBBA","IMPIANTO":"S","COMUNE":"Pontebba","PROVINCIA":"Udine","REGIONE":"Friuli-Venezia Giulia","CODLINEACOMM":"J037","LINEACOMM":"TARVISIO BOSCOVERDE - MOGLIANO [VENEZIA]","DOIT":"TS","SERVIZIO_MERCI":"0","SERVIZIO_VIAGGIATORI":"SI","CAP_REG":"0","CAP_P":"0","DIRAMAZ":"0","CAUSA_CHIUSURA":null}},{"type":"Feature","id":2645,"geometry":{"type":"Point","coordinates":[13.49453,46.50319]},"properties":{"OBJECTID":2645,"CODIMP":"31460","NOME":"UGOVIZZA VALBRUNA","IMPIANTO":"S","COMUNE":"Tarvisio","PROVINCIA":"Udine","REGIONE":"Friuli-Venezia Giulia","CODLINEACOMM":"J037","LINEACOMM":"TARVISIO BOSCOVERDE - MOGLIANO [VENEZIA]","DOIT":"TS","SERVIZIO_MERCI":"0","SERVIZIO_VIAGGIATORI":"SI","CAP_REG":"0","CAP_P":"0","DIRAMAZ":"0","CAUSA_CHIUSURA":null}},{"type":"Feature","id":2646,"geometry":{"type":"Point","coordinates":[10.7583,45.43092]},"properties":{"OBJECTID":2646,"CODIMP":"21780","NOME":"CASTELNUOVO DEL GARDA","IMPIANTO":"F","COMUNE":"Castelnuovo Del Garda","PROVINCIA":"Verona","REGIONE":"Veneto","CODLINEACOMM":"J023","LINEACOMM":"[MILANO] PIOLTELLO L. - BRESCIA - VERONA","DOIT":"VR","SERVIZIO_MERCI":"0","SERVIZIO_VIAGGIATORI":"SI","CAP_REG":"0","CAP_P":"0","DIRAMAZ":"0","CAUSA_CHIUSURA":null}},{"type":"Feature","id":2647,"geometry":{"type":"Point","coordinates":[13.71963,45.70498]},"properties":{"OBJECTID":2647,"CODIMP":"30730","NOME":"MIRAMARE","IMPIANTO":"F","COMUNE":"Trieste","PROVINCIA":"Trieste","REGIONE":"Friuli-Venezia Giulia","CODLINEACOMM":"J035","LINEACOMM":"[VENEZIA] VENEZIA CARPENEDO - VILLA OPICINA / TRIESTE","DOIT":"TS","SERVIZIO_MERCI":"0","SERVIZIO_VIAGGIATORI":"SI","CAP_REG":"0","CAP_P":"0","DIRAMAZ":"0","CAUSA_CHIUSURA":null}},{"type":"Feature","id":2653,"geometry":{"type":"Point","coordinates":[15.82426,39.67713]},"properties":{"OBJECTID":2653,"CODIMP":"80320","NOME":"DIAMANTE-BUONVICINO","IMPIANTO":"S","COMUNE":"Diamante","PROVINCIA":"Cosenza","REGIONE":"Calabria","CODLINEACOMM":"J075","LINEACOMM":"SALERNO - PAOLA","DOIT":"RC","SERVIZIO_MERCI":"0","SERVIZIO_VIAGGIATORI":"SI","CAP_REG":"0","CAP_P":"0","DIRAMAZ":"0","CAUSA_CHIUSURA":null}},{"type":"Feature","id":2654,"geometry":{"type":"Point","coordinates":[15.71064,37.93882]},"properties":{"OBJECTID":2654,"CODIMP":"84360","NOME":"SALINE DI REGGIO","IMPIANTO":"S","COMUNE":"Montebello Ionico","PROVINCIA":"Reggio Di Calabria","REGIONE":"Calabria","CODLINEACOMM":"K162","LINEACOMM":"CATANZARO LIDO - REGGIO CALABRIA CENTRALE","DOIT":"RC","SERVIZIO_MERCI":"0","SERVIZIO_VIAGGIATORI":"SI","CAP_REG":"0","CAP_P":"0","DIRAMAZ":"0","CAUSA_CHIUSURA":null}},{"type":"Feature","id":2657,"geometry":{"type":"Point","coordinates":[13.32904,46.01274]},"properties":{"OBJECTID":2657,"CODIMP":"32160","NOME":"BUTTRIO","IMPIANTO":"F","COMUNE":"Buttrio","PROVINCIA":"Udine","REGIONE":"Friuli-Venezia Giulia","CODLINEACOMM":"J037","LINEACOMM":"TARVISIO BOSCOVERDE - MOGLIANO [VENEZIA]","DOIT":"TS","SERVIZIO_MERCI":"0","SERVIZIO_VIAGGIATORI":"SI","CAP_REG":"0","CAP_P":"0","DIRAMAZ":"0","CAUSA_CHIUSURA":null}},{"type":"Feature","id":2658,"geometry":{"type":"Point","coordinates":[13.37502,45.98818]},"properties":{"OBJECTID":2658,"CODIMP":"32170","NOME":"MANZANO","IMPIANTO":"F","COMUNE":"Manzano","PROVINCIA":"Udine","REGIONE":"Friuli-Venezia Giulia","CODLINEACOMM":"J039","LINEACOMM":"UDINE - MONFALCONE via GORIZIA (compresa Gorizia - Nova Gorica)","DOIT":"TS","SERVIZIO_MERCI":"0","SERVIZIO_VIAGGIATORI":"SI","CAP_REG":"0","CAP_P":"0","DIRAMAZ":"0","CAUSA_CHIUSURA":null}},{"type":"Feature","id":2660,"geometry":{"type":"Point","coordinates":[8.50216,45.90918]},"properties":{"OBJECTID":2660,"CODIMP":"11560","NOME":"BAVENO","IMPIANTO":"F","COMUNE":"Baveno","PROVINCIA":"Verbano-Cusio-Ossola","REGIONE":"Piemonte","CODLINEACOMM":"J013","LINEACOMM":"ISELLE [DOMODOSSOLA] - GALLARATE [MILANO] (compresa via Domo II)","DOIT":"MI","SERVIZIO_MERCI":"0","SERVIZIO_VIAGGIATORI":"SI","CAP_REG":"0","CAP_P":"0","DIRAMAZ":"0","CAUSA_CHIUSURA":null}},{"type":"Feature","id":2668,"geometry":{"type":"Point","coordinates":[8.68276,44.84177]},"properties":{"OBJECTID":2668,"CODIMP":"33840","NOME":"FRUGAROLO-BOSCOMARENGO","IMPIANTO":"F","COMUNE":"Frugarolo","PROVINCIA":"Alessandria","REGIONE":"Piemonte","CODLINEACOMM":"J003","LINEACOMM":"[TORINO] TROFARELLO - ARQUATA","DOIT":"GE","SERVIZIO_MERCI":"0","SERVIZIO_VIAGGIATORI":"SI","CAP_REG":"0","CAP_P":"0","DIRAMAZ":"0","CAUSA_CHIUSURA":null}},{"type":"Feature","id":2671,"geometry":{"type":"Point","coordinates":[7.53511,43.87844]},"properties":{"OBJECTID":2671,"CODIMP":"08393","NOME":"OLIVETTA-S.MICHELE","IMPIANTO":"F","COMUNE":"Olivetta San Michele","PROVINCIA":"Imperia","REGIONE":"Liguria","CODLINEACOMM":"K010","LINEACOMM":"CUNEO - VENTIMIGLIA","DOIT":"TO","SERVIZIO_MERCI":"0","SERVIZIO_VIAGGIATORI":"SI","CAP_REG":"0","CAP_P":"0","DIRAMAZ":"0","CAUSA_CHIUSURA":null}},{"type":"Feature","id":2683,"geometry":{"type":"Point","coordinates":[14.28742,40.854]},"properties":{"OBJECTID":2683,"CODIMP":"68265","NOME":"NAPOLI GIANTURCO","IMPIANTO":"S","COMUNE":"Napoli","PROVINCIA":"Napoli","REGIONE":"Campania","CODLINEACOMM":"R008","LINEACOMM":"NODO DI NAPOLI","DOIT":"NA","SERVIZIO_MERCI":"0","SERVIZIO_VIAGGIATORI":"SI","CAP_REG":"0","CAP_P":"0","DIRAMAZ":"1","CAUSA_CHIUSURA":null}},{"type":"Feature","id":2686,"geometry":{"type":"Point","coordinates":[12.01816,45.44281]},"properties":{"OBJECTID":2686,"CODIMP":"27120","NOME":"VIGONZA-PIANIGA","IMPIANTO":"F","COMUNE":"Vigonza","PROVINCIA":"Padova","REGIONE":"Veneto","CODLINEACOMM":"J033","LINEACOMM":"PADOVA - MIRA M. [VENEZIA]","DOIT":"VE","SERVIZIO_MERCI":"0","SERVIZIO_VIAGGIATORI":"SI","CAP_REG":"0","CAP_P":"0","DIRAMAZ":"0","CAUSA_CHIUSURA":null}},{"type":"Feature","id":2690,"geometry":{"type":"Point","coordinates":[10.38704,43.72457]},"properties":{"OBJECTID":2690,"CODIMP":"45684","NOME":"PISA/BIN. PISA SAN ROSSORE (TIRRENICA)","IMPIANTO":"F","COMUNE":"Pisa","PROVINCIA":"Pisa","REGIONE":"Toscana","CODLINEACOMM":"J045","LINEACOMM":"[GENOVA] GENOVA NERVI - PISA","DOIT":"FI","SERVIZIO_MERCI":"0","SERVIZIO_VIAGGIATORI":"SI","CAP_REG":"0","CAP_P":"0","DIRAMAZ":"0","CAUSA_CHIUSURA":null}},{"type":"Feature","id":2701,"geometry":{"type":"Point","coordinates":[8.78901,44.4254]},"properties":{"OBJECTID":2701,"CODIMP":"35885","NOME":"GENOVA PRA","IMPIANTO":"F","COMUNE":"Genova","PROVINCIA":"Genova","REGIONE":"Liguria","CODLINEACOMM":"R004","LINEACOMM":"NODO DI GENOVA","DOIT":"GE","SERVIZIO_MERCI":"0","SERVIZIO_VIAGGIATORI":"SI","CAP_REG":"0","CAP_P":"0","DIRAMAZ":"0","CAUSA_CHIUSURA":null}},{"type":"Feature","id":2708,"geometry":{"type":"Point","coordinates":[12.26567,45.71016]},"properties":{"OBJECTID":2708,"CODIMP":"28300","NOME":"LANCENIGO","IMPIANTO":"F","COMUNE":"Villorba","PROVINCIA":"Treviso","REGIONE":"Veneto","CODLINEACOMM":"J037","LINEACOMM":"TARVISIO BOSCOVERDE - MOGLIANO [VENEZIA]","DOIT":"VE","SERVIZIO_MERCI":"0","SERVIZIO_VIAGGIATORI":"SI","CAP_REG":"0","CAP_P":"0","DIRAMAZ":"0","CAUSA_CHIUSURA":null}},{"type":"Feature","id":2716,"geometry":{"type":"Point","coordinates":[11.30806,43.76884]},"properties":{"OBJECTID":2716,"CODIMP":"46816","NOME":"FIRENZE ROVEZZANO","IMPIANTO":"F","COMUNE":"Firenze","PROVINCIA":"Firenze","REGIONE":"Toscana","CODLINEACOMM":"R006","LINEACOMM":"NODO DI FIRENZE","DOIT":"FI","SERVIZIO_MERCI":"0","SERVIZIO_VIAGGIATORI":"SI","CAP_REG":"0","CAP_P":"0","DIRAMAZ":"1","CAUSA_CHIUSURA":null}},{"type":"Feature","id":2724,"geometry":{"type":"Point","coordinates":[11.14624,44.56739]},"properties":{"OBJECTID":2724,"CODIMP":"39040","NOME":"SAMOGGIA","IMPIANTO":"F","COMUNE":"Anzola Dell'emilia","PROVINCIA":"Bologna","REGIONE":"Emilia-Romagna","CODLINEACOMM":"J041","LINEACOMM":"[MILANO] MILANO ROGOREDO - LAVINO [BOLOGNA]","DOIT":"BO","SERVIZIO_MERCI":"0","SERVIZIO_VIAGGIATORI":"SI","CAP_REG":"0","CAP_P":"0","DIRAMAZ":"0","CAUSA_CHIUSURA":null}},{"type":"Feature","id":2725,"geometry":{"type":"Point","coordinates":[11.19574,44.55133]},"properties":{"OBJECTID":2725,"CODIMP":"39045","NOME":"ANZOLA DELL'EMILIA","IMPIANTO":"F","COMUNE":"Anzola Dell'emilia","PROVINCIA":"Bologna","REGIONE":"Emilia-Romagna","CODLINEACOMM":"J041","LINEACOMM":"[MILANO] MILANO ROGOREDO - LAVINO [BOLOGNA]","DOIT":"BO","SERVIZIO_MERCI":"0","SERVIZIO_VIAGGIATORI":"SI","CAP_REG":"0","CAP_P":"0","DIRAMAZ":"0","CAUSA_CHIUSURA":null}},{"type":"Feature","id":2726,"geometry":{"type":"Point","coordinates":[11.56788,45.56533]},"properties":{"OBJECTID":2726,"CODIMP":"26775","NOME":"ANCONETTA","IMPIANTO":"F","COMUNE":"Vicenza","PROVINCIA":"Vicenza","REGIONE":"Veneto","CODLINEACOMM":"K069","LINEACOMM":"VICENZA - SCHIO","DOIT":"VR","SERVIZIO_MERCI":"0","SERVIZIO_VIAGGIATORI":"SI","CAP_REG":"0","CAP_P":"0","DIRAMAZ":"0","CAUSA_CHIUSURA":null}},{"type":"Feature","id":2729,"geometry":{"type":"Point","coordinates":[11.45473,45.51188]},"properties":{"OBJECTID":2729,"CODIMP":"22180","NOME":"ALTAVILLA-TAVERNELLE","IMPIANTO":"S","COMUNE":"Altavilla Vicentina","PROVINCIA":"Vicenza","REGIONE":"Veneto","CODLINEACOMM":"J025","LINEACOMM":"VERONA - PADOVA","DOIT":"VR","SERVIZIO_MERCI":"0","SERVIZIO_VIAGGIATORI":"SI","CAP_REG":"0","CAP_P":"0","DIRAMAZ":"0","CAUSA_CHIUSURA":null}},{"type":"Feature","id":2730,"geometry":{"type":"Point","coordinates":[11.37298,44.46274]},"properties":{"OBJECTID":2730,"CODIMP":"40640","NOME":"BOLOGNA S.RUFFILLO","IMPIANTO":"S","COMUNE":"Bologna","PROVINCIA":"Bologna","REGIONE":"Emilia-Romagna","CODLINEACOMM":"R005","LINEACOMM":"NODO DI BOLOGNA","DOIT":"BO","SERVIZIO_MERCI":"0","SERVIZIO_VIAGGIATORI":"SI","CAP_REG":"0","CAP_P":"0","DIRAMAZ":"0","CAUSA_CHIUSURA":null}},{"type":"Feature","id":2732,"geometry":{"type":"Point","coordinates":[11.36037,44.44683]},"properties":{"OBJECTID":2732,"CODIMP":"40665","NOME":"RASTIGNANO","IMPIANTO":"F","COMUNE":"Pianoro","PROVINCIA":"Bologna","REGIONE":"Emilia-Romagna","CODLINEACOMM":"J043","LINEACOMM":"[BOLOGNA] BOLOGNA S.RUFFILLO - FIRENZE CASTELLO [FIRENZE]","DOIT":"BO","SERVIZIO_MERCI":"0","SERVIZIO_VIAGGIATORI":"SI","CAP_REG":"0","CAP_P":"0","DIRAMAZ":"0","CAUSA_CHIUSURA":null}},{"type":"Feature","id":2733,"geometry":{"type":"Point","coordinates":[11.34371,44.4006]},"properties":{"OBJECTID":2733,"CODIMP":"40670","NOME":"MUSIANO-PIAN DI MACINA","IMPIANTO":"F","COMUNE":"Pianoro","PROVINCIA":"Bologna","REGIONE":"Emilia-Romagna","CODLINEACOMM":"J043","LINEACOMM":"[BOLOGNA] BOLOGNA S.RUFFILLO - FIRENZE CASTELLO [FIRENZE]","DOIT":"BO","SERVIZIO_MERCI":"0","SERVIZIO_VIAGGIATORI":"SI","CAP_REG":"0","CAP_P":"0","DIRAMAZ":"0","CAUSA_CHIUSURA":null}},{"type":"Feature","id":2749,"geometry":{"type":"Point","coordinates":[10.51021,44.02767]},"properties":{"OBJECTID":2749,"CODIMP":"52040","NOME":"GHIVIZZANO-COREGLIA","IMPIANTO":"F","COMUNE":"Coreglia Antelminelli","PROVINCIA":"Lucca","REGIONE":"Toscana","CODLINEACOMM":"K119","LINEACOMM":"AULLA - LUCCA","DOIT":"FI","SERVIZIO_MERCI":"0","SERVIZIO_VIAGGIATORI":"SI","CAP_REG":"0","CAP_P":"0","DIRAMAZ":"0","CAUSA_CHIUSURA":null}},{"type":"Feature","id":2750,"geometry":{"type":"Point","coordinates":[10.91195,44.69115]},"properties":{"OBJECTID":2750,"CODIMP":"25927","NOME":"QUATTRO VILLE","IMPIANTO":"F","COMUNE":"Modena","PROVINCIA":"Modena","REGIONE":"Emilia-Romagna","CODLINEACOMM":"K072","LINEACOMM":"SUZZARA - MODENA","DOIT":"BO","SERVIZIO_MERCI":"0","SERVIZIO_VIAGGIATORI":"SI","CAP_REG":"0","CAP_P":"0","DIRAMAZ":"1","CAUSA_CHIUSURA":null}},{"type":"Feature","id":2754,"geometry":{"type":"Point","coordinates":[18.16572,40.34575]},"properties":{"OBJECTID":2754,"CODIMP":"77700","NOME":"LECCE","IMPIANTO":"S","COMUNE":"Lecce","PROVINCIA":"Lecce","REGIONE":"Puglia","CODLINEACOMM":"K151","LINEACOMM":"BRINDISI - LECCE","DOIT":"BA","SERVIZIO_MERCI":"0","SERVIZIO_VIAGGIATORI":"SI","CAP_REG":"0","CAP_P":"1","DIRAMAZ":"0","CAUSA_CHIUSURA":null}},{"type":"Feature","id":2758,"geometry":{"type":"Point","coordinates":[12.25959,42.59201]},"properties":{"OBJECTID":2758,"CODIMP":"59940","NOME":"ALVIANO","IMPIANTO":"F","COMUNE":"Alviano","PROVINCIA":"Terni","REGIONE":"Umbria","CODLINEACOMM":"J053","LINEACOMM":"[FIRENZE] FIRENZE ROVEZZANO - FARA SABINA [ROMA] (Linea Lenta)","DOIT":"FI","SERVIZIO_MERCI":"0","SERVIZIO_VIAGGIATORI":"SI","CAP_REG":"0","CAP_P":"0","DIRAMAZ":"0","CAUSA_CHIUSURA":null}},{"type":"Feature","id":2763,"geometry":{"type":"Point","coordinates":[8.51536,39.16237]},"properties":{"OBJECTID":2763,"CODIMP":"96103","NOME":"CARBONIA SERBARIU","IMPIANTO":"F","COMUNE":"Carbonia","PROVINCIA":"Carbonia-Iglesias","REGIONE":"Sardegna","CODLINEACOMM":"K191","LINEACOMM":"CARBONIA - VILLAMASSARGIA","DOIT":"CA","SERVIZIO_MERCI":"0","SERVIZIO_VIAGGIATORI":"SI","CAP_REG":"0","CAP_P":"0","DIRAMAZ":"0","CAUSA_CHIUSURA":null}},{"type":"Feature","id":2768,"geometry":{"type":"Point","coordinates":[9.85321,44.96737]},"properties":{"OBJECTID":2768,"CODIMP":"38540","NOME":"CADEO","IMPIANTO":"F","COMUNE":"Cadeo","PROVINCIA":"Piacenza","REGIONE":"Emilia-Romagna","CODLINEACOMM":"J041","LINEACOMM":"[MILANO] MILANO ROGOREDO - LAVINO [BOLOGNA]","DOIT":"BO","SERVIZIO_MERCI":"0","SERVIZIO_VIAGGIATORI":"SI","CAP_REG":"0","CAP_P":"0","DIRAMAZ":"0","CAUSA_CHIUSURA":null}},{"type":"Feature","id":2769,"geometry":{"type":"Point","coordinates":[9.91743,44.9288]},"properties":{"OBJECTID":2769,"CODIMP":"38580","NOME":"FIORENZUOLA","IMPIANTO":"S","COMUNE":"Fiorenzuola D'arda","PROVINCIA":"Piacenza","REGIONE":"Emilia-Romagna","CODLINEACOMM":"J041","LINEACOMM":"[MILANO] MILANO ROGOREDO - LAVINO [BOLOGNA]","DOIT":"BO","SERVIZIO_MERCI":"1","SERVIZIO_VIAGGIATORI":"SI","CAP_REG":"0","CAP_P":"0","DIRAMAZ":"0","CAUSA_CHIUSURA":null}},{"type":"Feature","id":2770,"geometry":{"type":"Point","coordinates":[8.30451,44.37177]},"properties":{"OBJECTID":2770,"CODIMP":"37285","NOME":"BRAGNO","IMPIANTO":"F","COMUNE":"Cairo Montenotte","PROVINCIA":"Savona","REGIONE":"Liguria","CODLINEACOMM":"K096","LINEACOMM":"S.GIUSEPPE DI C. - FERRANIA","DOIT":"GE","SERVIZIO_MERCI":"0","SERVIZIO_VIAGGIATORI":"SI","CAP_REG":"0","CAP_P":"0","DIRAMAZ":"0","CAUSA_CHIUSURA":null}},{"type":"Feature","id":2771,"geometry":{"type":"Point","coordinates":[8.32892,44.36522]},"properties":{"OBJECTID":2771,"CODIMP":"37320","NOME":"FERRANIA","IMPIANTO":"F","COMUNE":"Cairo Montenotte","PROVINCIA":"Savona","REGIONE":"Liguria","CODLINEACOMM":"K096","LINEACOMM":"S.GIUSEPPE DI C. - FERRANIA","DOIT":"GE","SERVIZIO_MERCI":"0","SERVIZIO_VIAGGIATORI":"SI","CAP_REG":"0","CAP_P":"0","DIRAMAZ":"0","CAUSA_CHIUSURA":null}},{"type":"Feature","id":2772,"geometry":{"type":"Point","coordinates":[15.85302,39.61667]},"properties":{"OBJECTID":2772,"CODIMP":"80360","NOME":"BELVEDERE MARITTIMO","IMPIANTO":"F","COMUNE":"Belvedere Marittimo","PROVINCIA":"Cosenza","REGIONE":"Calabria","CODLINEACOMM":"J075","LINEACOMM":"SALERNO - PAOLA","DOIT":"RC","SERVIZIO_MERCI":"0","SERVIZIO_VIAGGIATORI":"SI","CAP_REG":"0","CAP_P":"0","DIRAMAZ":"0","CAUSA_CHIUSURA":null}},{"type":"Feature","id":2774,"geometry":{"type":"Point","coordinates":[7.68663,45.09926]},"properties":{"OBJECTID":2774,"CODIMP":"02403","NOME":"TORINO REBAUDENGO FOSSATA","IMPIANTO":"S","COMUNE":"Torino","PROVINCIA":"Torino","REGIONE":"Piemonte","CODLINEACOMM":"R001","LINEACOMM":"NODO DI TORINO","DOIT":"TO","SERVIZIO_MERCI":"0","SERVIZIO_VIAGGIATORI":"SI","CAP_REG":"0","CAP_P":"0","DIRAMAZ":"1","CAUSA_CHIUSURA":null}},{"type":"Feature","id":2777,"geometry":{"type":"Point","coordinates":[13.21697,42.09709]},"properties":{"OBJECTID":2777,"CODIMP":"63260","NOME":"SANTE MARIE","IMPIANTO":"F","COMUNE":"Sante Marie","PROVINCIA":"L'aquila","REGIONE":"Abruzzo","CODLINEACOMM":"K132","LINEACOMM":"AVEZZANO - GUIDONIA","DOIT":"RM","SERVIZIO_MERCI":"0","SERVIZIO_VIAGGIATORI":"SI","CAP_REG":"0","CAP_P":"0","DIRAMAZ":"0","CAUSA_CHIUSURA":null}},{"type":"Feature","id":2778,"geometry":{"type":"Point","coordinates":[15.64862,38.06944]},"properties":{"OBJECTID":2778,"CODIMP":"84482","NOME":"REGGIO C. AEROPORTO","IMPIANTO":"F","COMUNE":"Reggio Di Calabria","PROVINCIA":"Reggio Di Calabria","REGIONE":"Calabria","CODLINEACOMM":"K162","LINEACOMM":"CATANZARO LIDO - REGGIO CALABRIA CENTRALE","DOIT":"RC","SERVIZIO_MERCI":"0","SERVIZIO_VIAGGIATORI":"SI","CAP_REG":"0","CAP_P":"0","DIRAMAZ":"0","CAUSA_CHIUSURA":null}},{"type":"Feature","id":2779,"geometry":{"type":"Point","coordinates":[15.74891,37.92519]},"properties":{"OBJECTID":2779,"CODIMP":"84325","NOME":"ANNA'","IMPIANTO":"F","COMUNE":"Melito Di Porto Salvo","PROVINCIA":"Reggio Di Calabria","REGIONE":"Calabria","CODLINEACOMM":"K162","LINEACOMM":"CATANZARO LIDO - REGGIO CALABRIA CENTRALE","DOIT":"RC","SERVIZIO_MERCI":"0","SERVIZIO_VIAGGIATORI":"SI","CAP_REG":"0","CAP_P":"0","DIRAMAZ":"0","CAUSA_CHIUSURA":null}},{"type":"Feature","id":2780,"geometry":{"type":"Point","coordinates":[10.76577,45.14066]},"properties":{"OBJECTID":2780,"CODIMP":"25683","NOME":"BORGOCHIESANUOVA","IMPIANTO":"F","COMUNE":"Mantova","PROVINCIA":"Mantova","REGIONE":"Lombardia","CODLINEACOMM":"K071","LINEACOMM":"MANTOVA - SUZZARA","DOIT":"VR","SERVIZIO_MERCI":"0","SERVIZIO_VIAGGIATORI":"SI","CAP_REG":"0","CAP_P":"0","DIRAMAZ":"0","CAUSA_CHIUSURA":null}},{"type":"Feature","id":2781,"geometry":{"type":"Point","coordinates":[10.06296,44.05133]},"properties":{"OBJECTID":2781,"CODIMP":"45340","NOME":"CARRARA-AVENZA","IMPIANTO":"F","COMUNE":"Carrara","PROVINCIA":"Massa-Carrara","REGIONE":"Toscana","CODLINEACOMM":"J045","LINEACOMM":"[GENOVA] GENOVA NERVI - PISA","DOIT":"FI","SERVIZIO_MERCI":"0","SERVIZIO_VIAGGIATORI":"SI","CAP_REG":"0","CAP_P":"0","DIRAMAZ":"0","CAUSA_CHIUSURA":null}},{"type":"Feature","id":2782,"geometry":{"type":"Point","coordinates":[10.01582,44.07486]},"properties":{"OBJECTID":2782,"CODIMP":"45263","NOME":"LUNI","IMPIANTO":"F","COMUNE":"Castelnuovo Magra","PROVINCIA":"La Spezia","REGIONE":"Liguria","CODLINEACOMM":"J045","LINEACOMM":"[GENOVA] GENOVA NERVI - PISA","DOIT":"FI","SERVIZIO_MERCI":"0","SERVIZIO_VIAGGIATORI":"SI","CAP_REG":"0","CAP_P":"0","DIRAMAZ":"0","CAUSA_CHIUSURA":null}},{"type":"Feature","id":2783,"geometry":{"type":"Point","coordinates":[11.19186,43.83328]},"properties":{"OBJECTID":2783,"CODIMP":"44960","NOME":"SESTO FIORENTINO","IMPIANTO":"F","COMUNE":"Sesto Fiorentino","PROVINCIA":"Firenze","REGIONE":"Toscana","CODLINEACOMM":"J043","LINEACOMM":"[BOLOGNA] BOLOGNA S.RUFFILLO - FIRENZE CASTELLO [FIRENZE]","DOIT":"FI","SERVIZIO_MERCI":"0","SERVIZIO_VIAGGIATORI":"SI","CAP_REG":"0","CAP_P":"0","DIRAMAZ":"0","CAUSA_CHIUSURA":null}},{"type":"Feature","id":2784,"geometry":{"type":"Point","coordinates":[11.20613,43.82569]},"properties":{"OBJECTID":2784,"CODIMP":"51543","NOME":"ZAMBRA","IMPIANTO":"F","COMUNE":"Sesto Fiorentino","PROVINCIA":"Firenze","REGIONE":"Toscana","CODLINEACOMM":"J043","LINEACOMM":"[BOLOGNA] BOLOGNA S.RUFFILLO - FIRENZE CASTELLO [FIRENZE]","DOIT":"FI","SERVIZIO_MERCI":"0","SERVIZIO_VIAGGIATORI":"SI","CAP_REG":"0","CAP_P":"0","DIRAMAZ":"0","CAUSA_CHIUSURA":null}},{"type":"Feature","id":2785,"geometry":{"type":"Point","coordinates":[11.18278,43.83965]},"properties":{"OBJECTID":2785,"CODIMP":"51539","NOME":"IL NETO","IMPIANTO":"F","COMUNE":"Sesto Fiorentino","PROVINCIA":"Firenze","REGIONE":"Toscana","CODLINEACOMM":"J043","LINEACOMM":"[BOLOGNA] BOLOGNA S.RUFFILLO - FIRENZE CASTELLO [FIRENZE]","DOIT":"FI","SERVIZIO_MERCI":"0","SERVIZIO_VIAGGIATORI":"SI","CAP_REG":"0","CAP_P":"0","DIRAMAZ":"0","CAUSA_CHIUSURA":null}},{"type":"Feature","id":2786,"geometry":{"type":"Point","coordinates":[11.16193,43.84922]},"properties":{"OBJECTID":2786,"CODIMP":"51537","NOME":"PRATIGNONE","IMPIANTO":"F","COMUNE":"Calenzano","PROVINCIA":"Firenze","REGIONE":"Toscana","CODLINEACOMM":"J043","LINEACOMM":"[BOLOGNA] BOLOGNA S.RUFFILLO - FIRENZE CASTELLO [FIRENZE]","DOIT":"FI","SERVIZIO_MERCI":"0","SERVIZIO_VIAGGIATORI":"SI","CAP_REG":"0","CAP_P":"0","DIRAMAZ":"0","CAUSA_CHIUSURA":null}},{"type":"Feature","id":2787,"geometry":{"type":"Point","coordinates":[11.14529,43.85641]},"properties":{"OBJECTID":2787,"CODIMP":"51533","NOME":"CALENZANO","IMPIANTO":"F","COMUNE":"Calenzano","PROVINCIA":"Firenze","REGIONE":"Toscana","CODLINEACOMM":"J043","LINEACOMM":"[BOLOGNA] BOLOGNA S.RUFFILLO - FIRENZE CASTELLO [FIRENZE]","DOIT":"FI","SERVIZIO_MERCI":"0","SERVIZIO_VIAGGIATORI":"SI","CAP_REG":"0","CAP_P":"0","DIRAMAZ":"0","CAUSA_CHIUSURA":null}},{"type":"Feature","id":2790,"geometry":{"type":"Point","coordinates":[12.32112,45.44136]},"properties":{"OBJECTID":2790,"CODIMP":"27385","NOME":"VENEZIA S.LUCIA","IMPIANTO":"S","COMUNE":"Venezia","PROVINCIA":"Venezia","REGIONE":"Veneto","CODLINEACOMM":"R003","LINEACOMM":"NODO DI VENEZIA","DOIT":"VE","SERVIZIO_MERCI":"0","SERVIZIO_VIAGGIATORI":"SI","CAP_REG":"1","CAP_P":"1","DIRAMAZ":"0","CAUSA_CHIUSURA":null}},{"type":"Feature","id":2791,"geometry":{"type":"Point","coordinates":[11.46423,46.05254]},"properties":{"OBJECTID":2791,"CODIMP":"25302","NOME":"BORGO VALSUGANA EST","IMPIANTO":"F","COMUNE":"Borgo Valsugana","PROVINCIA":"Trento","REGIONE":"Trentino-Alto Adige","CODLINEACOMM":"K232","LINEACOMM":"TRENTO - PRIMOLANO","DOIT":"VR","SERVIZIO_MERCI":"0","SERVIZIO_VIAGGIATORI":"SI","CAP_REG":"0","CAP_P":"0","DIRAMAZ":"0","CAUSA_CHIUSURA":null}},{"type":"Feature","id":2798,"geometry":{"type":"Point","coordinates":[11.21861,43.81949]},"properties":{"OBJECTID":2798,"CODIMP":"45000","NOME":"FIRENZE CASTELLO","IMPIANTO":"S","COMUNE":"Firenze","PROVINCIA":"Firenze","REGIONE":"Toscana","CODLINEACOMM":"R006","LINEACOMM":"NODO DI FIRENZE","DOIT":"FI","SERVIZIO_MERCI":"0","SERVIZIO_VIAGGIATORI":"SI","CAP_REG":"0","CAP_P":"0","DIRAMAZ":"1","CAUSA_CHIUSURA":null}},{"type":"Feature","id":2799,"geometry":{"type":"Point","coordinates":[13.62046,43.44847]},"properties":{"OBJECTID":2799,"CODIMP":"54200","NOME":"LORETO","IMPIANTO":"S","COMUNE":"Loreto","PROVINCIA":"Ancona","REGIONE":"Marche","CODLINEACOMM":"J067","LINEACOMM":"ANCONA - FOGGIA","DOIT":"AN","SERVIZIO_MERCI":"0","SERVIZIO_VIAGGIATORI":"SI","CAP_REG":"0","CAP_P":"0","DIRAMAZ":"0","CAUSA_CHIUSURA":null}},{"type":"Feature","id":2800,"geometry":{"type":"Point","coordinates":[13.66147,43.43382]},"properties":{"OBJECTID":2800,"CODIMP":"54240","NOME":"PORTO RECANATI","IMPIANTO":"F","COMUNE":"Porto Recanati","PROVINCIA":"Macerata","REGIONE":"Marche","CODLINEACOMM":"J067","LINEACOMM":"ANCONA - FOGGIA","DOIT":"AN","SERVIZIO_MERCI":"0","SERVIZIO_VIAGGIATORI":"SI","CAP_REG":"0","CAP_P":"0","DIRAMAZ":"0","CAUSA_CHIUSURA":null}},{"type":"Feature","id":2801,"geometry":{"type":"Point","coordinates":[13.69814,43.36027]},"properties":{"OBJECTID":2801,"CODIMP":"54280","NOME":"POTENZA PICENA-MONTELUPONE","IMPIANTO":"F","COMUNE":"Potenza Picena","PROVINCIA":"Macerata","REGIONE":"Marche","CODLINEACOMM":"J067","LINEACOMM":"ANCONA - FOGGIA","DOIT":"AN","SERVIZIO_MERCI":"0","SERVIZIO_VIAGGIATORI":"SI","CAP_REG":"0","CAP_P":"0","DIRAMAZ":"0","CAUSA_CHIUSURA":null}},{"type":"Feature","id":2802,"geometry":{"type":"Point","coordinates":[16.09082,41.34979]},"properties":{"OBJECTID":2802,"CODIMP":"75220","NOME":"TRINITAPOLI-S.FERDINANDO DI PUGLIA","IMPIANTO":"S","COMUNE":"Trinitapoli","PROVINCIA":"Foggia","REGIONE":"Puglia","CODLINEACOMM":"J069","LINEACOMM":"FOGGIA - BARI (compresa Enziteto Catino - Bari S.Spirito)","DOIT":"BA","SERVIZIO_MERCI":"0","SERVIZIO_VIAGGIATORI":"SI","CAP_REG":"0","CAP_P":"0","DIRAMAZ":"0","CAUSA_CHIUSURA":null}},{"type":"Feature","id":2803,"geometry":{"type":"Point","coordinates":[12.18237,45.69108]},"properties":{"OBJECTID":2803,"CODIMP":"30460","NOME":"PAESE-CASTAGNOLE","IMPIANTO":"F","COMUNE":"Paese","PROVINCIA":"Treviso","REGIONE":"Veneto","CODLINEACOMM":"K083","LINEACOMM":"MONTEBELLUNA - TREVISO","DOIT":"VE","SERVIZIO_MERCI":"0","SERVIZIO_VIAGGIATORI":"SI","CAP_REG":"0","CAP_P":"0","DIRAMAZ":"0","CAUSA_CHIUSURA":null}},{"type":"Feature","id":2804,"geometry":{"type":"Point","coordinates":[12.16169,45.66928]},"properties":{"OBJECTID":2804,"CODIMP":"29060","NOME":"PAESE","IMPIANTO":"F","COMUNE":"Paese","PROVINCIA":"Treviso","REGIONE":"Veneto","CODLINEACOMM":"K088","LINEACOMM":"CASTELFRANCO VENETO - TREVISO","DOIT":"VE","SERVIZIO_MERCI":"0","SERVIZIO_VIAGGIATORI":"SI","CAP_REG":"0","CAP_P":"0","DIRAMAZ":"0","CAUSA_CHIUSURA":null}},{"type":"Feature","id":2805,"geometry":{"type":"Point","coordinates":[13.60732,46.50649]},"properties":{"OBJECTID":2805,"CODIMP":"31420","NOME":"TARVISIO BOSCOVERDE","IMPIANTO":"S","COMUNE":"Tarvisio","PROVINCIA":"Udine","REGIONE":"Friuli-Venezia Giulia","CODLINEACOMM":"J037","LINEACOMM":"TARVISIO BOSCOVERDE - MOGLIANO [VENEZIA]","DOIT":"TS","SERVIZIO_MERCI":"0","SERVIZIO_VIAGGIATORI":"SI","CAP_REG":"0","CAP_P":"0","DIRAMAZ":"0","CAUSA_CHIUSURA":null}},{"type":"Feature","id":2811,"geometry":{"type":"Point","coordinates":[11.50741,47.00458]},"properties":{"OBJECTID":2811,"CODIMP":"22300","NOME":"BRENNERO","IMPIANTO":"S","COMUNE":"Brennero","PROVINCIA":"Bolzano","REGIONE":"Trentino-Alto Adige","CODLINEACOMM":"J027","LINEACOMM":"BRENNERO - VERONA","DOIT":"VR","SERVIZIO_MERCI":"0","SERVIZIO_VIAGGIATORI":"SI","CAP_REG":"0","CAP_P":"0","DIRAMAZ":"0","CAUSA_CHIUSURA":null}},{"type":"Feature","id":2812,"geometry":{"type":"Point","coordinates":[11.3763,44.48098]},"properties":{"OBJECTID":2812,"CODIMP":"40603","NOME":"BOLOGNA MAZZINI","IMPIANTO":"F","COMUNE":"Bologna","PROVINCIA":"Bologna","REGIONE":"Emilia-Romagna","CODLINEACOMM":"R005","LINEACOMM":"NODO DI BOLOGNA","DOIT":"BO","SERVIZIO_MERCI":"0","SERVIZIO_VIAGGIATORI":"SI","CAP_REG":"0","CAP_P":"0","DIRAMAZ":"0","CAUSA_CHIUSURA":null}},{"type":"Feature","id":2813,"geometry":{"type":"Point","coordinates":[9.06336,39.25714]},"properties":{"OBJECTID":2813,"CODIMP":"94127","NOME":"ELMAS AEROPORTO","IMPIANTO":"F","COMUNE":"Cagliari","PROVINCIA":"Cagliari","REGIONE":"Sardegna","CODLINEACOMM":"K188","LINEACOMM":"DECIMOMANNU - CAGLIARI","DOIT":"CA","SERVIZIO_MERCI":"0","SERVIZIO_VIAGGIATORI":"SI","CAP_REG":"0","CAP_P":"0","DIRAMAZ":"0","CAUSA_CHIUSURA":null}},{"type":"Feature","id":2814,"geometry":{"type":"Point","coordinates":[9.20484,45.34111]},"properties":{"OBJECTID":2814,"CODIMP":"14082","NOME":"PIEVE EMANUELE","IMPIANTO":"F","COMUNE":"Pieve Emanuele","PROVINCIA":"Milano","REGIONE":"Lombardia","CODLINEACOMM":"J005","LINEACOMM":"[MILANO] MILANO ROGOREDO - ARQUATA (compresa via Novi L. e via Bressana B. - Arena Po)","DOIT":"MI","SERVIZIO_MERCI":"0","SERVIZIO_VIAGGIATORI":"SI","CAP_REG":"0","CAP_P":"0","DIRAMAZ":"0","CAUSA_CHIUSURA":null}},{"type":"Feature","id":2817,"geometry":{"type":"Point","coordinates":[14.33321,40.93543]},"properties":{"OBJECTID":2817,"CODIMP":"74347","NOME":"NAPOLI AFRAGOLA","IMPIANTO":"S","COMUNE":"Afragola","PROVINCIA":"Napoli","REGIONE":"Campania","CODLINEACOMM":"A001","LINEACOMM":"[ROMA] ROMA Tiburtina/Prenestina - Dev. Est. NA C.LE [NAPOLI] (Comprese interconnessioni)","DOIT":"NA","SERVIZIO_MERCI":"0","SERVIZIO_VIAGGIATORI":"SI","CAP_REG":"0","CAP_P":"0","DIRAMAZ":"0","CAUSA_CHIUSURA":null}},{"type":"Feature","id":2819,"geometry":{"type":"Point","coordinates":[11.94428,46.80221]},"properties":{"OBJECTID":2819,"CODIMP":"24655","NOME":"BRUNICO NORD","IMPIANTO":"F","COMUNE":"Brunico","PROVINCIA":"Bolzano","REGIONE":"Trentino-Alto Adige","CODLINEACOMM":"K067","LINEACOMM":"FORTEZZA - [S.CANDIDO] PRATO ALLA DRAVA","DOIT":"VR","SERVIZIO_MERCI":"0","SERVIZIO_VIAGGIATORI":"SI","CAP_REG":"0","CAP_P":"0","DIRAMAZ":"0","CAUSA_CHIUSURA":null}},{"type":"Feature","id":2820,"geometry":{"type":"Point","coordinates":[11.32728,46.4732]},"properties":{"OBJECTID":2820,"CODIMP":"25028","NOME":"BOLZANO SUD","IMPIANTO":"F","COMUNE":"Bolzano","PROVINCIA":"Bolzano","REGIONE":"Trentino-Alto Adige","CODLINEACOMM":"K068","LINEACOMM":"BOLZANO - MERANO","DOIT":"VR","SERVIZIO_MERCI":"0","SERVIZIO_VIAGGIATORI":"SI","CAP_REG":"0","CAP_P":"0","DIRAMAZ":"0","CAUSA_CHIUSURA":null}},{"type":"Feature","id":2826,"geometry":{"type":"Point","coordinates":[11.34374,44.50695]},"properties":{"OBJECTID":2826,"CODIMP":"26099","NOME":"BOLOGNA CENTRALE AV","IMPIANTO":"S","COMUNE":"Bologna","PROVINCIA":"Bologna","REGIONE":"Emilia-Romagna","CODLINEACOMM":"A005","LINEACOMM":"[MILANO] MILANO ROGOREDO - BOLOGNA C.le (Comprese interconnessioni)","DOIT":"BO","SERVIZIO_MERCI":"0","SERVIZIO_VIAGGIATORI":"SI","CAP_REG":"0","CAP_P":"0","DIRAMAZ":"0","CAUSA_CHIUSURA":null}},{"type":"Feature","id":2869,"geometry":{"type":"Point","coordinates":[13.40736,38.08754]},"properties":{"OBJECTID":2869,"CODIMP":"87138","NOME":"PALERMO ROCCELLA","IMPIANTO":"F","COMUNE":"Palermo","PROVINCIA":"Palermo","REGIONE":"Sicilia","CODLINEACOMM":"K176","LINEACOMM":"FIUMETORTO - PALERMO","DOIT":"PA","SERVIZIO_MERCI":"0","SERVIZIO_VIAGGIATORI":"SI","CAP_REG":"0","CAP_P":"0","DIRAMAZ":"0","CAUSA_CHIUSURA":null}},{"type":"Feature","id":2870,"geometry":{"type":"Point","coordinates":[13.81746,42.88538]},"properties":{"OBJECTID":2870,"CODIMP":"58750","NOME":"MONSAMPOLO DEL TRONTO","IMPIANTO":"F","COMUNE":"Monsampolo Del Tronto","PROVINCIA":"Ascoli Piceno","REGIONE":"Marche","CODLINEACOMM":"K124","LINEACOMM":"PORTO D'ASCOLI - ASCOLI PICENO","DOIT":"AN","SERVIZIO_MERCI":"0","SERVIZIO_VIAGGIATORI":"SI","CAP_REG":"0","CAP_P":"0","DIRAMAZ":"0","CAUSA_CHIUSURA":null}},{"type":"Feature","id":2871,"geometry":{"type":"Point","coordinates":[13.74847,42.86715]},"properties":{"OBJECTID":2871,"CODIMP":"58742","NOME":"COLLI DEL TRONTO","IMPIANTO":"F","COMUNE":"Colli Del Tronto","PROVINCIA":"Ascoli Piceno","REGIONE":"Marche","CODLINEACOMM":"K124","LINEACOMM":"PORTO D'ASCOLI - ASCOLI PICENO","DOIT":"AN","SERVIZIO_MERCI":"0","SERVIZIO_VIAGGIATORI":"SI","CAP_REG":"0","CAP_P":"0","DIRAMAZ":"0","CAUSA_CHIUSURA":null}},{"type":"Feature","id":2872,"geometry":{"type":"Point","coordinates":[9.23733,45.46239]},"properties":{"OBJECTID":2872,"CODIMP":"16536","NOME":"MI. FORLANINI","IMPIANTO":"F","COMUNE":"Milano","PROVINCIA":"Milano","REGIONE":"Lombardia","CODLINEACOMM":"R002","LINEACOMM":"NODO DI MILANO","DOIT":"MI","SERVIZIO_MERCI":"0","SERVIZIO_VIAGGIATORI":"SI","CAP_REG":"0","CAP_P":"0","DIRAMAZ":"0","CAUSA_CHIUSURA":null}},{"type":"Feature","id":2875,"geometry":{"type":"Point","coordinates":[11.37266,44.49605]},"properties":{"OBJECTID":2875,"CODIMP":"39958","NOME":"BOLOGNA S.VITALE","IMPIANTO":"F","COMUNE":"Bologna","PROVINCIA":"Bologna","REGIONE":"Emilia-Romagna","CODLINEACOMM":"R005","LINEACOMM":"NODO DI BOLOGNA","DOIT":"BO","SERVIZIO_MERCI":"0","SERVIZIO_VIAGGIATORI":"SI","CAP_REG":"0","CAP_P":"0","DIRAMAZ":"0","CAUSA_CHIUSURA":null}},{"type":"Feature","id":2876,"geometry":{"type":"Point","coordinates":[11.9512,45.42986]},"properties":{"OBJECTID":2876,"CODIMP":"27085","NOME":"BUSA DI VIGONZA","IMPIANTO":"F","COMUNE":"Vigonza","PROVINCIA":"Padova","REGIONE":"Veneto","CODLINEACOMM":"J033","LINEACOMM":"PADOVA - MIRA M. [VENEZIA]","DOIT":"VE","SERVIZIO_MERCI":"0","SERVIZIO_VIAGGIATORI":"SI","CAP_REG":"0","CAP_P":"0","DIRAMAZ":"0","CAUSA_CHIUSURA":null}},{"type":"Feature","id":2878,"geometry":{"type":"Point","coordinates":[14.14298,42.37278]},"properties":{"OBJECTID":2878,"CODIMP":"56770","NOME":"CHIETI-MADONNA DELLE PIANE","IMPIANTO":"F","COMUNE":"Chieti","PROVINCIA":"Chieti","REGIONE":"Abruzzo","CODLINEACOMM":"K125","LINEACOMM":"PESCARA - SULMONA","DOIT":"AN","SERVIZIO_MERCI":"0","SERVIZIO_VIAGGIATORI":"SI","CAP_REG":"0","CAP_P":"0","DIRAMAZ":"0","CAUSA_CHIUSURA":null}},{"type":"Feature","id":2879,"geometry":{"type":"Point","coordinates":[13.36987,38.09843]},"properties":{"OBJECTID":2879,"CODIMP":"89089","NOME":"PALERMO GUADAGNA","IMPIANTO":"F","COMUNE":"Palermo","PROVINCIA":"Palermo","REGIONE":"Sicilia","CODLINEACOMM":"K181","LINEACOMM":"PALERMO CENTRALE/BRANCACCIO CARINI - PUNTA RAISI","DOIT":"PA","SERVIZIO_MERCI":"0","SERVIZIO_VIAGGIATORI":"SI","CAP_REG":"0","CAP_P":"0","DIRAMAZ":"0","CAUSA_CHIUSURA":null}},{"type":"Feature","id":2880,"geometry":{"type":"Point","coordinates":[13.34639,38.12375]},"properties":{"OBJECTID":2880,"CODIMP":"89099","NOME":"PALERMO LOLLI","IMPIANTO":"F","COMUNE":"Palermo","PROVINCIA":"Palermo","REGIONE":"Sicilia","CODLINEACOMM":"K181","LINEACOMM":"PALERMO CENTRALE/BRANCACCIO CARINI - PUNTA RAISI","DOIT":"PA","SERVIZIO_MERCI":"0","SERVIZIO_VIAGGIATORI":"SI","CAP_REG":"0","CAP_P":"0","DIRAMAZ":"0","CAUSA_CHIUSURA":null}},{"type":"Feature","id":2881,"geometry":{"type":"Point","coordinates":[12.65298,41.91852]},"properties":{"OBJECTID":2881,"CODIMP":"62713","NOME":"PONTE DI NONA","IMPIANTO":"F","COMUNE":"Roma","PROVINCIA":"Roma","REGIONE":"Lazio","CODLINEACOMM":"R007","LINEACOMM":"NODO DI ROMA","DOIT":"RM","SERVIZIO_MERCI":"0","SERVIZIO_VIAGGIATORI":"SI","CAP_REG":"0","CAP_P":"0","DIRAMAZ":"0","CAUSA_CHIUSURA":null}},{"type":"Feature","id":2882,"geometry":{"type":"Point","coordinates":[17.91476,40.62851]},"properties":{"OBJECTID":2882,"CODIMP":"78990","NOME":"BRINDISI PERRINO","IMPIANTO":"F","COMUNE":"Brindisi","PROVINCIA":"Brindisi","REGIONE":"Puglia","CODLINEACOMM":"K157","LINEACOMM":"TARANTO - BRINDISI","DOIT":"BA","SERVIZIO_MERCI":"0","SERVIZIO_VIAGGIATORI":"SI","CAP_REG":"0","CAP_P":"0","DIRAMAZ":"0","CAUSA_CHIUSURA":null}},{"type":"Feature","id":2883,"geometry":{"type":"Point","coordinates":[17.84847,40.58957]},"properties":{"OBJECTID":2883,"CODIMP":"78985","NOME":"BRINDISI CITTADELLA DELLA RICERCA","IMPIANTO":"F","COMUNE":"Brindisi","PROVINCIA":"Brindisi","REGIONE":"Puglia","CODLINEACOMM":"K157","LINEACOMM":"TARANTO - BRINDISI","DOIT":"BA","SERVIZIO_MERCI":"0","SERVIZIO_VIAGGIATORI":"SI","CAP_REG":"0","CAP_P":"0","DIRAMAZ":"0","CAUSA_CHIUSURA":null}},{"type":"Feature","id":2884,"geometry":{"type":"Point","coordinates":[15.65773,38.14249]},"properties":{"OBJECTID":2884,"CODIMP":"81350","NOME":"REGGIO DI CALABRIA PENTIMELE","IMPIANTO":"F","COMUNE":"Reggio Di Calabria","PROVINCIA":"Reggio Di Calabria","REGIONE":"Calabria","CODLINEACOMM":"J077","LINEACOMM":"PAOLA - REGGIO CALABRIA CENTRALE (compresa Eccellente - Rosarno)","DOIT":"RC","SERVIZIO_MERCI":"0","SERVIZIO_VIAGGIATORI":"SI","CAP_REG":"0","CAP_P":"0","DIRAMAZ":"0","CAUSA_CHIUSURA":null}},{"type":"Feature","id":2886,"geometry":{"type":"Point","coordinates":[13.75709,42.68251]},"properties":{"OBJECTID":2886,"CODIMP":"58878","NOME":"NEPEZZANO-PIANO D'ACCIO","IMPIANTO":"F","COMUNE":"Teramo","PROVINCIA":"Teramo","REGIONE":"Abruzzo","CODLINEACOMM":"K211","LINEACOMM":"GIULIANOVA - TERAMO","DOIT":"AN","SERVIZIO_MERCI":"0","SERVIZIO_VIAGGIATORI":"SI","CAP_REG":"0","CAP_P":"0","DIRAMAZ":"0","CAUSA_CHIUSURA":null}},{"type":"Feature","id":2890,"geometry":{"type":"Point","coordinates":[16.93152,41.10778]},"properties":{"OBJECTID":2890,"CODIMP":"75710","NOME":"BARI TORRE QUETTA","IMPIANTO":"F","COMUNE":"Bari","PROVINCIA":"Bari","REGIONE":"Puglia","CODLINEACOMM":"K150","LINEACOMM":"BARI - BRINDISI","DOIT":"BA","SERVIZIO_MERCI":"0","SERVIZIO_VIAGGIATORI":"SI","CAP_REG":"0","CAP_P":"0","DIRAMAZ":"0","CAUSA_CHIUSURA":null}},{"type":"Feature","id":2894,"geometry":{"type":"Point","coordinates":[12.47239,41.94967]},"properties":{"OBJECTID":2894,"CODIMP":"60175","NOME":"VIGNA CLARA","IMPIANTO":"LR","COMUNE":"Roma","PROVINCIA":"Roma","REGIONE":"Lazio","CODLINEACOMM":"R007","LINEACOMM":"NODO DI ROMA","DOIT":"RM","SERVIZIO_MERCI":"0","SERVIZIO_VIAGGIATORI":"SI","CAP_REG":"0","CAP_P":"0","DIRAMAZ":"0","CAUSA_CHIUSURA":null}},{"type":"Feature","id":2900,"geometry":{"type":"Point","coordinates":[8.07159,43.92434]},"properties":{"OBJECTID":2900,"CODIMP":"35139","NOME":"DIANO","IMPIANTO":"F","COMUNE":"Diano Marina","PROVINCIA":"Imperia","REGIONE":"Liguria","CODLINEACOMM":"J009","LINEACOMM":"VENTIMIGLIA - SAVONA","DOIT":"GE","SERVIZIO_MERCI":"0","SERVIZIO_VIAGGIATORI":"SI","CAP_REG":"0","CAP_P":"0","DIRAMAZ":"0","CAUSA_CHIUSURA":null}},{"type":"Feature","id":2901,"geometry":{"type":"Point","coordinates":[8.13836,43.96004]},"properties":{"OBJECTID":2901,"CODIMP":"35220","NOME":"ANDORA","IMPIANTO":"S","COMUNE":"Andora","PROVINCIA":"Savona","REGIONE":"Liguria","CODLINEACOMM":"J009","LINEACOMM":"VENTIMIGLIA - SAVONA","DOIT":"GE","SERVIZIO_MERCI":"0","SERVIZIO_VIAGGIATORI":"SI","CAP_REG":"0","CAP_P":"0","DIRAMAZ":"0","CAUSA_CHIUSURA":null}},{"type":"Feature","id":2902,"geometry":{"type":"Point","coordinates":[7.8553,43.84461]},"properties":{"OBJECTID":2902,"CODIMP":"34940","NOME":"TAGGIA-ARMA","IMPIANTO":"S","COMUNE":"Taggia","PROVINCIA":"Imperia","REGIONE":"Liguria","CODLINEACOMM":"J009","LINEACOMM":"VENTIMIGLIA - SAVONA","DOIT":"GE","SERVIZIO_MERCI":"0","SERVIZIO_VIAGGIATORI":"SI","CAP_REG":"0","CAP_P":"0","DIRAMAZ":"0","CAUSA_CHIUSURA":null}},{"type":"Feature","id":2903,"geometry":{"type":"Point","coordinates":[8.03123,43.89732]},"properties":{"OBJECTID":2903,"CODIMP":"34955","NOME":"IMPERIA","IMPIANTO":"S","COMUNE":"Imperia","PROVINCIA":"Imperia","REGIONE":"Liguria","CODLINEACOMM":"J009","LINEACOMM":"VENTIMIGLIA - SAVONA","DOIT":"GE","SERVIZIO_MERCI":"0","SERVIZIO_VIAGGIATORI":"SI","CAP_REG":"0","CAP_P":"0","DIRAMAZ":"0","CAUSA_CHIUSURA":null}},{"type":"Feature","id":2904,"geometry":{"type":"Point","coordinates":[13.48514,45.81743]},"properties":{"OBJECTID":2904,"CODIMP":"30925","NOME":"TRIESTE AIRPORT","IMPIANTO":"F","COMUNE":"Cervignano Del Friuli","PROVINCIA":"Udine","REGIONE":"Friuli-Venezia Giulia","CODLINEACOMM":"J035","LINEACOMM":"[VENEZIA] VENEZIA CARPENEDO - VILLA OPICINA / TRIESTE","DOIT":"TS","SERVIZIO_MERCI":"0","SERVIZIO_VIAGGIATORI":"SI","CAP_REG":"0","CAP_P":"0","DIRAMAZ":"0","CAUSA_CHIUSURA":null}},{"type":"Feature","id":2911,"geometry":{"type":"Point","coordinates":[8.90697,45.83772]},"properties":{"OBJECTID":2911,"CODIMP":"20757","NOME":"CANTELLO G.","IMPIANTO":"F","COMUNE":"Varese","PROVINCIA":"Varese","REGIONE":"Lombardia","CODLINEACOMM":"K049","LINEACOMM":"PORTO CERESIO/STABIO-GALLARATE","DOIT":"MI","SERVIZIO_MERCI":"0","SERVIZIO_VIAGGIATORI":"SI","CAP_REG":"0","CAP_P":"0","DIRAMAZ":"0","CAUSA_CHIUSURA":null}},{"type":"Feature","id":2912,"geometry":{"type":"Point","coordinates":[9.6389,45.68828]},"properties":{"OBJECTID":2912,"CODIMP":"18245","NOME":"BERGAMO OSPEDALE","IMPIANTO":"F","COMUNE":"Bergamo","PROVINCIA":"Bergamo","REGIONE":"Lombardia","CODLINEACOMM":"K048","LINEACOMM":"PONTE S.PIETRO - ROVATO","DOIT":"MI","SERVIZIO_MERCI":"0","SERVIZIO_VIAGGIATORI":"SI","CAP_REG":"0","CAP_P":"0","DIRAMAZ":"0","CAUSA_CHIUSURA":null}},{"type":"Feature","id":2915,"geometry":{"type":"Point","coordinates":[13.31266,42.36391]},"properties":{"OBJECTID":2915,"CODIMP":"57290","NOME":"L'AQUILA SASSA N.S.I.","IMPIANTO":"F","COMUNE":"L'aquila","PROVINCIA":"L'aquila","REGIONE":"Abruzzo","CODLINEACOMM":"K231","LINEACOMM":"TERNI - SULMONA","DOIT":"AN","SERVIZIO_MERCI":"0","SERVIZIO_VIAGGIATORI":"SI","CAP_REG":"0","CAP_P":"0","DIRAMAZ":"0","CAUSA_CHIUSURA":null}},{"type":"Feature","id":2916,"geometry":{"type":"Point","coordinates":[13.49118,42.32708]},"properties":{"OBJECTID":2916,"CODIMP":"57350","NOME":"L' AQUILA S.GREGORIO","IMPIANTO":"F","COMUNE":"L'aquila","PROVINCIA":"L'aquila","REGIONE":"Abruzzo","CODLINEACOMM":"K231","LINEACOMM":"TERNI - SULMONA","DOIT":"AN","SERVIZIO_MERCI":"0","SERVIZIO_VIAGGIATORI":"SI","CAP_REG":"0","CAP_P":"0","DIRAMAZ":"0","CAUSA_CHIUSURA":null}},{"type":"Feature","id":2917,"geometry":{"type":"Point","coordinates":[13.34576,42.3552]},"properties":{"OBJECTID":2917,"CODIMP":"57295","NOME":"L'AQUILA CAMPO DI PILE","IMPIANTO":"F","COMUNE":"L'aquila","PROVINCIA":"L'aquila","REGIONE":"Abruzzo","CODLINEACOMM":"K231","LINEACOMM":"TERNI - SULMONA","DOIT":"AN","SERVIZIO_MERCI":"0","SERVIZIO_VIAGGIATORI":"SI","CAP_REG":"0","CAP_P":"0","DIRAMAZ":"0","CAUSA_CHIUSURA":null}},{"type":"Feature","id":2918,"geometry":{"type":"Point","coordinates":[13.44251,42.33474]},"properties":{"OBJECTID":2918,"CODIMP":"57330","NOME":"BAZZANO","IMPIANTO":"F","COMUNE":"L'aquila","PROVINCIA":"L'aquila","REGIONE":"Abruzzo","CODLINEACOMM":"K231","LINEACOMM":"TERNI - SULMONA","DOIT":"AN","SERVIZIO_MERCI":"0","SERVIZIO_VIAGGIATORI":"SI","CAP_REG":"0","CAP_P":"0","DIRAMAZ":"0","CAUSA_CHIUSURA":null}},{"type":"Feature","id":2920,"geometry":{"type":"Point","coordinates":[12.5204,42.00787]},"properties":{"OBJECTID":2920,"CODIMP":"60429","NOME":"SETTEBAGNI","IMPIANTO":"F","COMUNE":"Roma","PROVINCIA":"Roma","REGIONE":"Lazio","CODLINEACOMM":"R007","LINEACOMM":"NODO DI ROMA","DOIT":"RM","SERVIZIO_MERCI":"0","SERVIZIO_VIAGGIATORI":"SI","CAP_REG":"0","CAP_P":"0","DIRAMAZ":"0","CAUSA_CHIUSURA":null}},{"type":"Feature","id":2924,"geometry":{"type":"Point","coordinates":[15.10866,37.52721]},"properties":{"OBJECTID":2924,"CODIMP":"88051","NOME":"CATANIA OGNINA","IMPIANTO":"F","COMUNE":"Catania","PROVINCIA":"Catania","REGIONE":"Sicilia","CODLINEACOMM":"K169","LINEACOMM":"MESSINA CENTRALE - CATANIA CENTRALE","DOIT":"PA","SERVIZIO_MERCI":"0","SERVIZIO_VIAGGIATORI":"SI","CAP_REG":"0","CAP_P":"0","DIRAMAZ":"0","CAUSA_CHIUSURA":null}},{"type":"Feature","id":2925,"geometry":{"type":"Point","coordinates":[15.10704,37.52137]},"properties":{"OBJECTID":2925,"CODIMP":"88062","NOME":"PICANELLO","IMPIANTO":"F","COMUNE":"Catania","PROVINCIA":"Catania","REGIONE":"Sicilia","CODLINEACOMM":"K169","LINEACOMM":"MESSINA CENTRALE - CATANIA CENTRALE","DOIT":"PA","SERVIZIO_MERCI":"0","SERVIZIO_VIAGGIATORI":"SI","CAP_REG":"0","CAP_P":"0","DIRAMAZ":"0","CAUSA_CHIUSURA":null}},{"type":"Feature","id":2926,"geometry":{"type":"Point","coordinates":[15.10529,37.5151]},"properties":{"OBJECTID":2926,"CODIMP":"88070","NOME":"EUROPA","IMPIANTO":"F","COMUNE":"Catania","PROVINCIA":"Catania","REGIONE":"Sicilia","CODLINEACOMM":"K169","LINEACOMM":"MESSINA CENTRALE - CATANIA CENTRALE","DOIT":"PA","SERVIZIO_MERCI":"0","SERVIZIO_VIAGGIATORI":"SI","CAP_REG":"0","CAP_P":"0","DIRAMAZ":"0","CAUSA_CHIUSURA":null}},{"type":"Feature","id":2927,"geometry":{"type":"Point","coordinates":[13.30946,38.16717]},"properties":{"OBJECTID":2927,"CODIMP":"89145","NOME":"PALERMO LA MALFA","IMPIANTO":"F","COMUNE":"Palermo","PROVINCIA":"Palermo","REGIONE":"Sicilia","CODLINEACOMM":"K181","LINEACOMM":"PALERMO CENTRALE/BRANCACCIO CARINI - PUNTA RAISI","DOIT":"PA","SERVIZIO_MERCI":"0","SERVIZIO_VIAGGIATORI":"SI","CAP_REG":"0","CAP_P":"0","DIRAMAZ":"0","CAUSA_CHIUSURA":null}},{"type":"Feature","id":2928,"geometry":{"type":"Point","coordinates":[13.27527,38.19537]},"properties":{"OBJECTID":2928,"CODIMP":"89182","NOME":"PALERMO SFERRACAVALLO","IMPIANTO":"F","COMUNE":"Palermo","PROVINCIA":"Palermo","REGIONE":"Sicilia","CODLINEACOMM":"K181","LINEACOMM":"PALERMO CENTRALE/BRANCACCIO CARINI - PUNTA RAISI","DOIT":"PA","SERVIZIO_MERCI":"0","SERVIZIO_VIAGGIATORI":"SI","CAP_REG":"0","CAP_P":"0","DIRAMAZ":"0","CAUSA_CHIUSURA":null}},{"type":"Feature","id":2932,"geometry":{"type":"Point","coordinates":[16.82276,41.10416]},"properties":{"OBJECTID":2932,"CODIMP":"76291","NOME":"BARI VILLAGGIO DEL LAVORATORE","IMPIANTO":"F","COMUNE":"Bari","PROVINCIA":"Bari","REGIONE":"Puglia","CODLINEACOMM":"K158","LINEACOMM":"BARI - GIOIA DEL COLLE","DOIT":"BA","SERVIZIO_MERCI":"0","SERVIZIO_VIAGGIATORI":"SI","CAP_REG":"0","CAP_P":"0","DIRAMAZ":"0","CAUSA_CHIUSURA":null}},{"type":"Feature","id":2935,"geometry":{"type":"Point","coordinates":[16.78537,41.07179]},"properties":{"OBJECTID":2935,"CODIMP":"76300","NOME":"MODUGNO","IMPIANTO":"F","COMUNE":"Modugno","PROVINCIA":"Bari","REGIONE":"Puglia","CODLINEACOMM":"K158","LINEACOMM":"BARI - GIOIA DEL COLLE","DOIT":"BA","SERVIZIO_MERCI":"0","SERVIZIO_VIAGGIATORI":"SI","CAP_REG":"0","CAP_P":"0","DIRAMAZ":"0","CAUSA_CHIUSURA":null}},{"type":"Feature","id":2937,"geometry":{"type":"Point","coordinates":[13.46109,43.27666]},"properties":{"OBJECTID":2937,"CODIMP":"58130","NOME":"MACERATA UNIVERSITA'","IMPIANTO":"F","COMUNE":"Macerata","PROVINCIA":"Macerata","REGIONE":"Marche","CODLINEACOMM":"K126","LINEACOMM":"CIVITANOVA - ALBACINA","DOIT":"AN","SERVIZIO_MERCI":"0","SERVIZIO_VIAGGIATORI":"SI","CAP_REG":"0","CAP_P":"0","DIRAMAZ":"0","CAUSA_CHIUSURA":null}},{"type":"Feature","id":2940,"geometry":{"type":"Point","coordinates":[15.05895,37.47342]},"properties":{"OBJECTID":2940,"CODIMP":"88185","NOME":"CATANIA AEROPORTO FONTANAROSSA","IMPIANTO":"F","COMUNE":"Catania","PROVINCIA":"Catania","REGIONE":"Sicilia","CODLINEACOMM":"K170","LINEACOMM":"CATANIA CENTRALE - LENTINI DIRAMAZIONE","DOIT":"PA","SERVIZIO_MERCI":"0","SERVIZIO_VIAGGIATORI":"SI","CAP_REG":"0","CAP_P":"0","DIRAMAZ":"0","CAUSA_CHIUSURA":null}},{"type":"Feature","id":2944,"geometry":{"type":"Point","coordinates":[9.08031,45.7838]},"properties":{"OBJECTID":2944,"CODIMP":"12545","NOME":"COMO CAMERLATA","IMPIANTO":"F","COMUNE":"Como","PROVINCIA":"Como","REGIONE":"Lombardia","CODLINEACOMM":"J017","LINEACOMM":"CHIASSO - SEREGNO [MILANO] (compresa via MONTEOLIMPINO 2)","DOIT":"MI","SERVIZIO_MERCI":"0","SERVIZIO_VIAGGIATORI":"SI","CAP_REG":"0","CAP_P":"0","DIRAMAZ":"0","CAUSA_CHIUSURA":null}},{"type":"Feature","id":2945,"geometry":{"type":"Point","coordinates":[9.49459,40.92248]},"properties":{"OBJECTID":2945,"CODIMP":"95470","NOME":"OLBIA TERRANOVA","IMPIANTO":"S","COMUNE":"Sassari","PROVINCIA":"Sassari","REGIONE":"Sardegna","CODLINEACOMM":"K185","LINEACOMM":"OLBIA - CHILIVANI","DOIT":"CA","SERVIZIO_MERCI":"0","SERVIZIO_VIAGGIATORI":"SI","CAP_REG":"0","CAP_P":"0","DIRAMAZ":"0","CAUSA_CHIUSURA":null}},{"type":"Feature","id":2947,"geometry":{"type":"Point","coordinates":[13.23836,38.17699]},"properties":{"OBJECTID":2947,"CODIMP":"89260","NOME":"CAPACI","IMPIANTO":"F","COMUNE":"Capaci","PROVINCIA":"Palermo","REGIONE":"Sicilia","CODLINEACOMM":"K181","LINEACOMM":"PALERMO CENTRALE/BRANCACCIO CARINI - PUNTA RAISI","DOIT":"PA","SERVIZIO_MERCI":"0","SERVIZIO_VIAGGIATORI":"SI","CAP_REG":"0","CAP_P":"0","DIRAMAZ":"0","CAUSA_CHIUSURA":null}},{"type":"Feature","id":2948,"geometry":{"type":"Point","coordinates":[13.34929,38.14529]},"properties":{"OBJECTID":2948,"CODIMP":"90315","NOME":"FEDERICO","IMPIANTO":"F","COMUNE":"Palermo","PROVINCIA":"Palermo","REGIONE":"Sicilia","CODLINEACOMM":"K184","LINEACOMM":"PALERMO CENTRALE - GIACHERY","DOIT":"PA","SERVIZIO_MERCI":"0","SERVIZIO_VIAGGIATORI":"SI","CAP_REG":"0","CAP_P":"0","DIRAMAZ":"0","CAUSA_CHIUSURA":null}},{"type":"Feature","id":2949,"geometry":{"type":"Point","coordinates":[13.35345,38.14144]},"properties":{"OBJECTID":2949,"CODIMP":"90317","NOME":"FIERA","IMPIANTO":"F","COMUNE":"Palermo","PROVINCIA":"Palermo","REGIONE":"Sicilia","CODLINEACOMM":"K184","LINEACOMM":"PALERMO CENTRALE - GIACHERY","DOIT":"PA","SERVIZIO_MERCI":"0","SERVIZIO_VIAGGIATORI":"SI","CAP_REG":"0","CAP_P":"0","DIRAMAZ":"0","CAUSA_CHIUSURA":null}},{"type":"Feature","id":2950,"geometry":{"type":"Point","coordinates":[13.90412,42.88625]},"properties":{"OBJECTID":2950,"CODIMP":"54602","NOME":"MARTINSICURO","IMPIANTO":"F","COMUNE":"Martinsicuro","PROVINCIA":"Teramo","REGIONE":"Abruzzo","CODLINEACOMM":"J067","LINEACOMM":"ANCONA - FOGGIA","DOIT":"AN","SERVIZIO_MERCI":"0","SERVIZIO_VIAGGIATORI":"SI","CAP_REG":"0","CAP_P":"0","DIRAMAZ":"0","CAUSA_CHIUSURA":null}},{"type":"Feature","id":2953,"geometry":{"type":"Point","coordinates":[9.17622,45.44291]},"properties":{"OBJECTID":2953,"CODIMP":"15168","NOME":"MILANO TIBALDI","IMPIANTO":"F","COMUNE":"Milano","PROVINCIA":"Milano","REGIONE":"Lombardia","CODLINEACOMM":"R002","LINEACOMM":"NODO DI MILANO","DOIT":"MI","SERVIZIO_MERCI":"0","SERVIZIO_VIAGGIATORI":"SI","CAP_REG":"0","CAP_P":"0","DIRAMAZ":"0","CAUSA_CHIUSURA":null}},{"type":"Feature","id":2960,"geometry":{"type":"Point","coordinates":[8.57996,45.47177]},"properties":{"OBJECTID":2960,"CODIMP":"09241","NOME":"AGOGNATE","IMPIANTO":"F","COMUNE":"Novara","PROVINCIA":"Novara","REGIONE":"Piemonte","CODLINEACOMM":"K199","LINEACOMM":"BIELLA - NOVARA (Compresa Novara Boschetto)","DOIT":"TO","SERVIZIO_MERCI":"0","SERVIZIO_VIAGGIATORI":"SI","CAP_REG":"0","CAP_P":"0","DIRAMAZ":"0","CAUSA_CHIUSURA":null}},{"type":"Feature","id":2965,"geometry":{"type":"Point","coordinates":[16.8516,41.07295]},"properties":{"OBJECTID":2965,"CODIMP":"77113","NOME":"BARI S.RITA","IMPIANTO":"S","COMUNE":"Bari","PROVINCIA":"Bari","REGIONE":"Puglia","CODLINEACOMM":null,"LINEACOMM":null,"DOIT":"BA","SERVIZIO_MERCI":"0","SERVIZIO_VIAGGIATORI":"SI","CAP_REG":"0","CAP_P":"0","DIRAMAZ":"0","CAUSA_CHIUSURA":null}},{"type":"Feature","id":2966,"geometry":{"type":"Point","coordinates":[16.84726,41.04397]},"properties":{"OBJECTID":2966,"CODIMP":"77116","NOME":"BARI LOSETO","IMPIANTO":"F","COMUNE":"Bari","PROVINCIA":"Bari","REGIONE":"Puglia","CODLINEACOMM":null,"LINEACOMM":null,"DOIT":"BA","SERVIZIO_MERCI":"0","SERVIZIO_VIAGGIATORI":"SI","CAP_REG":"0","CAP_P":"0","DIRAMAZ":"0","CAUSA_CHIUSURA":null}},{"type":"Feature","id":2967,"geometry":{"type":"Point","coordinates":[16.83302,41.04387]},"properties":{"OBJECTID":2967,"CODIMP":"77119","NOME":"BITRITTO","IMPIANTO":"S","COMUNE":"Bari","PROVINCIA":"Bari","REGIONE":"Puglia","CODLINEACOMM":null,"LINEACOMM":null,"DOIT":"BA","SERVIZIO_MERCI":"0","SERVIZIO_VIAGGIATORI":"SI","CAP_REG":"0","CAP_P":"0","DIRAMAZ":"0","CAUSA_CHIUSURA":null}},{"type":"Feature","id":2970,"geometry":{"type":"Point","coordinates":[13.32857,38.14806]},"properties":{"OBJECTID":2970,"CODIMP":"89110","NOME":"PALERMO DE GASPERI","IMPIANTO":"F","COMUNE":"Palermo","PROVINCIA":"Palermo","REGIONE":"Sicilia","CODLINEACOMM":"K181","LINEACOMM":"PALERMO CENTRALE/BRANCACCIO CARINI - PUNTA RAISI","DOIT":"PA","SERVIZIO_MERCI":"0","SERVIZIO_VIAGGIATORI":"SI","CAP_REG":"0","CAP_P":"0","DIRAMAZ":"0","CAUSA_CHIUSURA":null}},{"type":"Feature","id":2992,"geometry":{"type":"Point","coordinates":[13.34191,38.1435]},"properties":{"OBJECTID":2992,"CODIMP":"90312","NOME":"PALERMO LIBERTA'","IMPIANTO":"F","COMUNE":"Palermo","PROVINCIA":"Palermo","REGIONE":"Sicilia","CODLINEACOMM":"K184","LINEACOMM":"PALERMO CENTRALE - GIACHERY","DOIT":"PA","SERVIZIO_MERCI":"0","SERVIZIO_VIAGGIATORI":"SI","CAP_REG":"0","CAP_P":"0","DIRAMAZ":"0","CAUSA_CHIUSURA":null}},{"type":"Feature","id":2995,"geometry":{"type":"Point","coordinates":[13.89784,42.06776]},"properties":{"OBJECTID":2995,"CODIMP":"56495","NOME":"SULMONA S.RUFINA","IMPIANTO":"F","COMUNE":"Sulmona","PROVINCIA":"L'aquila","REGIONE":"Abruzzo","CODLINEACOMM":"K125","LINEACOMM":"PESCARA - SULMONA","DOIT":"AN","SERVIZIO_MERCI":"0","SERVIZIO_VIAGGIATORI":"SI","CAP_REG":"0","CAP_P":"0","DIRAMAZ":"0","CAUSA_CHIUSURA":null}},{"type":"Feature","id":2996,"geometry":{"type":"Point","coordinates":[12.22301,45.49541]},"properties":{"OBJECTID":2996,"CODIMP":"28415","NOME":"VENEZIA MESTRE GAZZERA","IMPIANTO":"F","COMUNE":"Venezia","PROVINCIA":"Venezia","REGIONE":"Veneto","CODLINEACOMM":"R003","LINEACOMM":"NODO DI VENEZIA","DOIT":"VE","SERVIZIO_MERCI":"0","SERVIZIO_VIAGGIATORI":"SI","CAP_REG":"0","CAP_P":"0","DIRAMAZ":"0","CAUSA_CHIUSURA":null}},{"type":"Feature","id":3000,"geometry":{"type":"Point","coordinates":[12.22995,45.49468]},"properties":{"OBJECTID":3000,"CODIMP":"27675","NOME":"VENEZIA MESTRE OLIMPIA","IMPIANTO":"F","COMUNE":"Venezia","PROVINCIA":"Venezia","REGIONE":"Veneto","CODLINEACOMM":null,"LINEACOMM":null,"DOIT":"VE","SERVIZIO_MERCI":"0","SERVIZIO_VIAGGIATORI":"SI","CAP_REG":"0","CAP_P":"0","DIRAMAZ":"0","CAUSA_CHIUSURA":null}},{"type":"Feature","id":3001,"geometry":{"type":"Point","coordinates":[11.09475,45.93722]},"properties":{"OBJECTID":3001,"CODIMP":"23250","NOME":"CALLIANO","IMPIANTO":"F","COMUNE":"Calliano","PROVINCIA":"Trento","REGIONE":"Trentino-Alto Adige","CODLINEACOMM":null,"LINEACOMM":null,"DOIT":"VR","SERVIZIO_MERCI":"0","SERVIZIO_VIAGGIATORI":"SI","CAP_REG":"0","CAP_P":"0","DIRAMAZ":"0","CAUSA_CHIUSURA":null}},{"type":"Feature","id":3016,"geometry":{"type":"Point","coordinates":[13.30942,43.21949]},"properties":{"OBJECTID":3016,"CODIMP":"58185","NOME":"TOLENTINO CAMPUS","IMPIANTO":"F","COMUNE":"Macerata","PROVINCIA":"Macerata","REGIONE":"Marche","CODLINEACOMM":null,"LINEACOMM":null,"DOIT":"AN","SERVIZIO_MERCI":"0","SERVIZIO_VIAGGIATORI":"SI","CAP_REG":"0","CAP_P":"0","DIRAMAZ":"0","CAUSA_CHIUSURA":null}},{"type":"Feature","id":3070,"geometry":{"type":"Point","coordinates":[7.66713,45.10514]},"properties":{"OBJECTID":3070,"CODIMP":"07109","NOME":"TORINO GROSSETO","IMPIANTO":"F","COMUNE":"Torino","PROVINCIA":"Torino","REGIONE":"Piemonte","CODLINEACOMM":"K262","LINEACOMM":"Torino Rebaudengo - Ceres","DOIT":"TO","SERVIZIO_MERCI":"0","SERVIZIO_VIAGGIATORI":"SI","CAP_REG":"0","CAP_P":"0","DIRAMAZ":"0","CAUSA_CHIUSURA":null}},{"type":"Feature","id":3071,"geometry":{"type":"Point","coordinates":[7.64782,45.11797]},"properties":{"OBJECTID":3071,"CODIMP":"07112","NOME":"RIGOLA STADIO - PES","IMPIANTO":"F","COMUNE":"Torino","PROVINCIA":"Torino","REGIONE":"Piemonte","CODLINEACOMM":"K262","LINEACOMM":"Torino Rebaudengo - Ceres","DOIT":"TO","SERVIZIO_MERCI":"0","SERVIZIO_VIAGGIATORI":"SI","CAP_REG":"0","CAP_P":"0","DIRAMAZ":"0","CAUSA_CHIUSURA":null}},{"type":"Feature","id":3072,"geometry":{"type":"Point","coordinates":[7.63481,45.13204]},"properties":{"OBJECTID":3072,"CODIMP":"07115","NOME":"VENARIA REALE","IMPIANTO":"S","COMUNE":"Torino","PROVINCIA":"Torino","REGIONE":"Piemonte","CODLINEACOMM":"K262","LINEACOMM":"Torino Rebaudengo - Ceres","DOIT":"TO","SERVIZIO_MERCI":"0","SERVIZIO_VIAGGIATORI":"SI","CAP_REG":"0","CAP_P":"0","DIRAMAZ":"0","CAUSA_CHIUSURA":null}},{"type":"Feature","id":3073,"geometry":{"type":"Point","coordinates":[7.64875,45.1533]},"properties":{"OBJECTID":3073,"CODIMP":"07121","NOME":"BORGARO","IMPIANTO":"S","COMUNE":"Torino","PROVINCIA":"Torino","REGIONE":"Piemonte","CODLINEACOMM":"K262","LINEACOMM":"Torino Rebaudengo - Ceres","DOIT":"TO","SERVIZIO_MERCI":"0","SERVIZIO_VIAGGIATORI":"SI","CAP_REG":"0","CAP_P":"0","DIRAMAZ":"0","CAUSA_CHIUSURA":null}},{"type":"Feature","id":3074,"geometry":{"type":"Point","coordinates":[7.64452,45.17609]},"properties":{"OBJECTID":3074,"CODIMP":"07127","NOME":"CASELLE TORINESE","IMPIANTO":"F","COMUNE":"Torino","PROVINCIA":"Torino","REGIONE":"Piemonte","CODLINEACOMM":"K262","LINEACOMM":"Torino Rebaudengo - Ceres","DOIT":"TO","SERVIZIO_MERCI":"0","SERVIZIO_VIAGGIATORI":"SI","CAP_REG":"0","CAP_P":"0","DIRAMAZ":"0","CAUSA_CHIUSURA":null}},{"type":"Feature","id":3075,"geometry":{"type":"Point","coordinates":[7.64169,45.19159]},"properties":{"OBJECTID":3075,"CODIMP":"07130","NOME":"TORINO AEROPORTO","IMPIANTO":"S","COMUNE":"Torino","PROVINCIA":"Torino","REGIONE":"Piemonte","CODLINEACOMM":"K262","LINEACOMM":"Torino Rebaudengo - Ceres","DOIT":"TO","SERVIZIO_MERCI":"0","SERVIZIO_VIAGGIATORI":"SI","CAP_REG":"0","CAP_P":"0","DIRAMAZ":"0","CAUSA_CHIUSURA":null}},{"type":"Feature","id":3076,"geometry":{"type":"Point","coordinates":[7.63036,45.21651]},"properties":{"OBJECTID":3076,"CODIMP":"07136","NOME":"S. MAURIZIO C.SE","IMPIANTO":"S","COMUNE":"Torino","PROVINCIA":"Torino","REGIONE":"Piemonte","CODLINEACOMM":"K262","LINEACOMM":"Torino Rebaudengo - Ceres","DOIT":"TO","SERVIZIO_MERCI":"0","SERVIZIO_VIAGGIATORI":"SI","CAP_REG":"0","CAP_P":"0","DIRAMAZ":"0","CAUSA_CHIUSURA":null}},{"type":"Feature","id":3077,"geometry":{"type":"Point","coordinates":[7.60236,45.23016]},"properties":{"OBJECTID":3077,"CODIMP":"07142","NOME":"CIRIE'","IMPIANTO":"S","COMUNE":"Torino","PROVINCIA":"Torino","REGIONE":"Piemonte","CODLINEACOMM":"K262","LINEACOMM":"Torino Rebaudengo - Ceres","DOIT":"TO","SERVIZIO_MERCI":"0","SERVIZIO_VIAGGIATORI":"SI","CAP_REG":"0","CAP_P":"0","DIRAMAZ":"0","CAUSA_CHIUSURA":null}},{"type":"Feature","id":3078,"geometry":{"type":"Point","coordinates":[7.57156,45.24139]},"properties":{"OBJECTID":3078,"CODIMP":"07148","NOME":"NOLE","IMPIANTO":"S","COMUNE":"Torino","PROVINCIA":"Torino","REGIONE":"Piemonte","CODLINEACOMM":"K262","LINEACOMM":"Torino Rebaudengo - Ceres","DOIT":"TO","SERVIZIO_MERCI":"0","SERVIZIO_VIAGGIATORI":"SI","CAP_REG":"0","CAP_P":"0","DIRAMAZ":"0","CAUSA_CHIUSURA":null}},{"type":"Feature","id":3079,"geometry":{"type":"Point","coordinates":[7.55617,45.24844]},"properties":{"OBJECTID":3079,"CODIMP":"07154","NOME":"VILLANOVA GROSSO","IMPIANTO":"F","COMUNE":"Torino","PROVINCIA":"Torino","REGIONE":"Piemonte","CODLINEACOMM":"K262","LINEACOMM":"Torino Rebaudengo - Ceres","DOIT":"TO","SERVIZIO_MERCI":"0","SERVIZIO_VIAGGIATORI":"SI","CAP_REG":"0","CAP_P":"0","DIRAMAZ":"0","CAUSA_CHIUSURA":null}},{"type":"Feature","id":3080,"geometry":{"type":"Point","coordinates":[7.54099,45.25559]},"properties":{"OBJECTID":3080,"CODIMP":"07157","NOME":"MATHI","IMPIANTO":"S","COMUNE":"Torino","PROVINCIA":"Torino","REGIONE":"Piemonte","CODLINEACOMM":"K262","LINEACOMM":"Torino Rebaudengo - Ceres","DOIT":"TO","SERVIZIO_MERCI":"0","SERVIZIO_VIAGGIATORI":"SI","CAP_REG":"0","CAP_P":"0","DIRAMAZ":"0","CAUSA_CHIUSURA":null}},{"type":"Feature","id":3081,"geometry":{"type":"Point","coordinates":[7.51946,45.26569]},"properties":{"OBJECTID":3081,"CODIMP":"07163","NOME":"BALANGERO","IMPIANTO":"S","COMUNE":"Torino","PROVINCIA":"Torino","REGIONE":"Piemonte","CODLINEACOMM":"K262","LINEACOMM":"Torino Rebaudengo - Ceres","DOIT":"TO","SERVIZIO_MERCI":"0","SERVIZIO_VIAGGIATORI":"SI","CAP_REG":"0","CAP_P":"0","DIRAMAZ":"0","CAUSA_CHIUSURA":null}},{"type":"Feature","id":3082,"geometry":{"type":"Point","coordinates":[7.48072,45.2729]},"properties":{"OBJECTID":3082,"CODIMP":"07169","NOME":"LANZO TORINESE","IMPIANTO":"F","COMUNE":"Torino","PROVINCIA":"Torino","REGIONE":"Piemonte","CODLINEACOMM":"K262","LINEACOMM":"Torino Rebaudengo - Ceres","DOIT":"TO","SERVIZIO_MERCI":"0","SERVIZIO_VIAGGIATORI":"SI","CAP_REG":"0","CAP_P":"0","DIRAMAZ":"0","CAUSA_CHIUSURA":null}},{"type":"Feature","id":3083,"geometry":{"type":"Point","coordinates":[7.46983,45.26231]},"properties":{"OBJECTID":3083,"CODIMP":"07172","NOME":"GERMAGNANO","IMPIANTO":"S","COMUNE":"Torino","PROVINCIA":"Torino","REGIONE":"Piemonte","CODLINEACOMM":"K262","LINEACOMM":"Torino Rebaudengo - Ceres","DOIT":"TO","SERVIZIO_MERCI":"0","SERVIZIO_VIAGGIATORI":"SI","CAP_REG":"0","CAP_P":"0","DIRAMAZ":"0","CAUSA_CHIUSURA":null}},{"type":"Feature","id":3090,"geometry":{"type":"Point","coordinates":[7.77979,45.20047]},"properties":{"OBJECTID":3090,"CODIMP":"07224","NOME":"VOLPIANO","IMPIANTO":"S","COMUNE":"Torino","PROVINCIA":"Torino","REGIONE":"Piemonte","CODLINEACOMM":"K262","LINEACOMM":"Torino Rebaudengo - Ceres","DOIT":"TO","SERVIZIO_MERCI":"0","SERVIZIO_VIAGGIATORI":"SI","CAP_REG":"0","CAP_P":"0","DIRAMAZ":"0","CAUSA_CHIUSURA":null}},{"type":"Feature","id":3091,"geometry":{"type":"Point","coordinates":[7.78211,45.21846]},"properties":{"OBJECTID":3091,"CODIMP":"07232","NOME":"S. BENIGNO","IMPIANTO":"S","COMUNE":"Torino","PROVINCIA":"Torino","REGIONE":"Piemonte","CODLINEACOMM":"K262","LINEACOMM":"Torino Rebaudengo - Ceres","DOIT":"TO","SERVIZIO_MERCI":"0","SERVIZIO_VIAGGIATORI":"SI","CAP_REG":"0","CAP_P":"0","DIRAMAZ":"0","CAUSA_CHIUSURA":null}},{"type":"Feature","id":3092,"geometry":{"type":"Point","coordinates":[7.76189,45.2675]},"properties":{"OBJECTID":3092,"CODIMP":"07240","NOME":"BOSCONERO","IMPIANTO":"S","COMUNE":"Torino","PROVINCIA":"Torino","REGIONE":"Piemonte","CODLINEACOMM":"K260","LINEACOMM":"Settimo T. - Rivarolo C.","DOIT":"TO","SERVIZIO_MERCI":"0","SERVIZIO_VIAGGIATORI":"SI","CAP_REG":"0","CAP_P":"0","DIRAMAZ":"0","CAUSA_CHIUSURA":null}},{"type":"Feature","id":3093,"geometry":{"type":"Point","coordinates":[7.74371,45.3037]},"properties":{"OBJECTID":3093,"CODIMP":"07248","NOME":"FELETTO","IMPIANTO":"S","COMUNE":"Torino","PROVINCIA":"Torino","REGIONE":"Piemonte","CODLINEACOMM":"K260","LINEACOMM":"Settimo T. - Rivarolo C.","DOIT":"TO","SERVIZIO_MERCI":"0","SERVIZIO_VIAGGIATORI":"SI","CAP_REG":"0","CAP_P":"0","DIRAMAZ":"0","CAUSA_CHIUSURA":null}},{"type":"Feature","id":3094,"geometry":{"type":"Point","coordinates":[7.7263,45.32851]},"properties":{"OBJECTID":3094,"CODIMP":"07256","NOME":"RIVAROLO","IMPIANTO":"S","COMUNE":"Torino","PROVINCIA":"Torino","REGIONE":"Piemonte","CODLINEACOMM":"K260","LINEACOMM":"Settimo T. - Rivarolo C.","DOIT":"TO","SERVIZIO_MERCI":"0","SERVIZIO_VIAGGIATORI":"SI","CAP_REG":"0","CAP_P":"0","DIRAMAZ":"0","CAUSA_CHIUSURA":null}}]}