codice_impianto_iniziale,impianto_iniziale,codice_impianto_finale,impianto_finale,linea_registro,km,binari,trazione,rete,regime_circolazione,sistema_comando,protezione_marcia,gsm_r,sagoma,massa_assiale,doit,causa_chiusura,interventi_dichiarati_rfi
77265,TRIVIGNO,77267,ALBANO DI LUCANIA,C155,2.53,1,TE,CS,BCA,CTC,SCMT,SI,PC25,C3,BA,,
12040,BUSTO ARSIZIO,12080,LEGNANO,N002,4.57,2,TE,N,BAB-CC,DC,SCMT,SI,PC80,D4L,MI,,
47125,SEGN.CONF.AR.SUD,48220,2° BIVIO AREZZO SUD,F055,0.56,2,TE,F,BRA,SCCACCM,ERTMS_L2,SI,PC22,D4L,FI,,
65843,MURATELLA,65840,MAGLIANA,N007,2.22,2,TE,N,BCABM,DC,SCMT,SI,PC32,C3,RM,,
76100,OSTUNI,76140,CAROVIGNO,C150,8.98,2,TE,CS,BCAB,SCC,SCMT,SI,PC45,D4L,BA,,P223
24360,OSPEDALETTO EUGANEO,24400,ESTE,C213,4.44,1,TE,CST,BCA,CTC,SCMT,SI,PC80,D4L,VR,,
46400,CASTAGNETO CARDUCCI-DONORATICO,46440,S.VINCENZO,F051,7.78,2,TE,F,BAB-CC,SCC,SCMT,SI,PC80,D4,FI,,
21123,SALA AL BARRO-GALBIATE,21125,CIVATE,C043,1.26,1,TD,CS,BCA,DC,SCMT,NO,FS,D4L,MI,,P198
34007,BIVIO P.C. SCAVALCAMENTO,37597,DEV.ESTR.ARQUATA,F019,0.5,1,TE,F,BA-CC,SCC,SCMT,SI,PC22,D4L,GE,,
45000,FIRENZE CASTELLO,48565,DEVIATOIO OLMATELLO (FIRENZE RIFREDI),N006,1.85,2,TE,N,BAB-CC,SCCACCM,SCMT,SI,PC80,D4,FI,,
70688,AULETTA,70694,PERTOSA,,5.79,1,TD,CS,ALT,DU,,,n.c.,,NA,B,
22220,VICENZA,28728,DEV.ESTR. VICENZA,C086,1.49,2,TE,CS,BCAB,CTC,SCMT,SI,PC80,D4,VR,,
83200,CROPANI,83227,SELLIA MARINA,C161,4.68,1,TD,CS,BCA,CTC,SCMT,SI,PC32,C3L,RC,,P245
26940,LERINO,26980,GRISIGNANO DI ZOCCO,F025,6.88,2,TE,F,BAB-CC,SCCACCM,ERTMS_L2_SOVR,SI,PC80,D4,VE,,
16400,TREVIGLIO OVEST,16410,ARCENE,C051,6.21,2,TE,CS,BAB-CC,SCCACCM,SCMT,NO,PC80,D4L,MI,,
64745,TRE CROCI,64780,VETRALLA,C129,3.11,1,TE,CS,BCA,CTC,SCMT,NO,FS,C3L,RM,,
21660,DESENZANO-SIRMIONE,21740,PESCHIERA DEL GARDA,F023,14.2,2,TE,F,BAB-CC,SCCACCM,SCMT,SI,PC80,D4,VR,,
54120,VARANO,54123,ANCONA STADIO,F067,0.97,2,TE,F,BAB-CC,SCC,SCMT,SI,PC80,D4,AN,,
14820,MILANO SMISTAMENTO,14940,P.M. TRECCA,N002,3.74,2,TE,N,BAB-CC,SCCACCM,SCMT,SI,PC80,D4,MI,,
67720,CASALNUOVO,67760,DOPPIO BIVIO CASSINO,N008,7.24,2,TE,N,BAB-CC,SCC,SCMT,SI,PC45,C3L,NA,,
08394,P.M. KM.11.959,08396,AIROLE,C010,0.59,1,TD,CS,BCA,CTC,SCMT,NO,FS,C3L,TO,,
97100,VAGLIA,97180,P.M. MONTORSOLI,C112,8.34,1,TD,CS,BCA,CTC,SSC,SI,FS,D4L,FI,,
46240,ROSIGNANO,46280,VADA,F051,4.72,2,TE,F,BAB-CC,SCC,SCMT,SI,PC22,D4,FI,,
08900,SALUSSOLA,08903,VERGNASCO,C244,5.64,1,TE,CSP,BCA,DL,SCMT,NO,FS,C3L,TO,,
81120,PALMI,81160,BAGNARA,F077,10.44,2,TE,F,BAB-CC,CTC,SCMT,SI,PC32,D4L,RC,,
30440,POSTIOMA,30460,PAESE-CASTAGNOLE,C083,3.84,1,TE,CS,BCA,CTC,SCMT,NO,FS,C3L,VE,,
01680,NOVARA,11130,NOVARA BOSCHETTO,C025,0.33,1,TE,F,ALT,DL,SCMT,SI,PC80,D4,TO,,
68700,AMOROSI-MELIZZANO,68740,TELESE-CERRETO,F071,4.83,1,TE,F,BCA,CTC,SCMT,SI,PC22,C3L,NA,,0099A|0099B|0279A|0279B|0281|0284
30020,ALANO-FENER-VALDOBBIADENE,30060,PEDEROBBA-CAVASO-POSSAGNO,C078,3.49,1,TE,CS,BCA,CTC,SCMT,NO,FS,C3L,VE,,
36100,GENOVA NERVI,36110,BOGLIASCO,F045,2.13,2,TE,F,BAB-CC,SCC,SCMT,SI,PC22,D4L,GE,,
23985,FASCIO VALDARO,24020,GAZZO DI BIGARELLO,C073,3.88,1,TE,CS,BCA,CTC,SCMT,SI,PC80,D4L,VR,,
86980,ALTAVILLA MILICIA,87005,CASTELDACCIA,C176,2.08,2,TE,CS,BAB-CC,SCC,SCMT,SI,PC22,C3,PA,,
96020,SILIQUA,96015,VILLASPECIOSA-UTA,C189,11.22,1,TD,CS,BCA,CTC,SCMT,NO,FS,D4L,CA,,P248
76020,FASANO,76060,CISTERNINO,C150,7.16,2,TE,CS,BCAB,SCC,SCMT,SI,PC45,D4L,BA,,P223
88500,AUGUSTA,88580,PRIOLO MELILLI,C171,13.28,1,TE,CS,BCA,SCC,SCMT,SI,PC22,C3L,PA,,
20297,PAVIA PORTA GARIBALDI,20300,MOTTA S.DAMIANO,C060,4.25,1,TD,CS,BCA,CTC,SCMT,NO,PC22,C3L,MI,,
41240,ROVIGO,41280,ARQUA',F031,8.3,2,TE,F,BAB-CC,DC,SCMT,SI,PC80,D4,VE,,P223
91020,RADDUSA-AGIRA,91060,LIBERTINIA,C178,7.21,1,TE,CS,BCA,CTC,SCMT,NO,FS,C3L,PA,,0275A
33920,NOVI LIGURE,37480,POZZOLO FORMIGARO,F005,4.27,2,TE,F,BAB-CC,SCCACCM,SCMT,SI,PC32,D4L,GE,,
02498,DEV.ESTR. TO ORBASSANO,02500,TORINO ORBASSANO FASCIO ARRIVI,N001,0.1,2,TE,N,BAB-CF,SCCACCM,SCMT,SI,PC80,D4,TO,,
78860,FRANCAVILLA FONTANA,78900,ORIA,C157,5.53,1,TE,CS,BCA,CTC,SCMT,SI,PC45,C3,BA,,
62300,CISTERNA DI LATINA,62340,LATINA,F057,11.24,2,TE,F,BAB-CC,SCCACCM,SCMT,SI,PC30,C3,RM,,P224
55660,BAIANO DI SPOLETO,55700,SPOLETO,F065,6.78,1,TE,F,BCA,CTC,SCMT,SI,PC45,D4L,AN,,
68060,GIUGLIANO-QUALIANO,68071,QUARTO DI MARANO,F059,7.41,2,,,,,SCMT,,n.c.,,NA,,
33421,PINZANO,33460,TRAVESIO,C226,6.43,1,TD,CST,BCA,CTC,SSC,NO,FS,C3L,TS,B,P199
65660,PADIGLIONE,65663,LIDO DI LAVINIO,C130,1.47,1,TE,CS,BCA,SCCACCM,SCMT,NO,FS,C3L,RM,,
27010,GS MONTA',27040,PADOVA,F025,1.85,2,TE,F,BAB-CC,SCCACCM,ERTMS_L2_SOVR,SI,PC80,D4,VE,,
30710,TRIESTE C.LE GR SC. BARCOLA,32490,TRIESTE C.LE GR SC. ROIANO,F035,0.74,2,TE,F,BAB-CF,DC,SCMT,SI,PC80,D4,TS,,
27300,VENEZIA MESTRE,27320,VENEZIA PORTO MARGHERA,N003,2.28,2,TE,N,BAB-CC,SCCACCM,SCMT,SI,PC22,D4L,VE,,
12980,MILANO GRECO PIRELLI,14779,MILANO CENTRALE,N002,3.35,2,TE,N,BA-CC,SCCACCM,SCMT,SI,PC45,D4,MI,,
60363,PIANABELLA DI MONTELIBRETTI,60400,MONTEROTONDO,N007,5.52,2,TE,N,BAB-CC,SCCACCM,SCMT,SI,PC45,D4L,RM,,
78123,POSSIDENTE,78125,PIETRAGALLA,C154,3.42,1,TD,CS,BCA,CTC,SSC,SI,FS,C3L,BA,,1674
01560,P.C. BIVIO SESIA,07695,PALESTRO,C020,8.07,1,TD,CS,BCA,CTC,SCMT,NO,FS,C3,TO,,
10545,POCAPAGLIA,07100,BRA,C206,4.74,1,TE,CST,BCA,DL,SCMT,NO,FS,C3L,TO,,
29408,BIVIO P.C. SPINEA,29412,SPINEA,N003,0.21,2,TE,N,BAB-CF,SCC,SCMT,SI,PC80,D4L,VE,,
43775,PONTECCHIO MARCONI,43800,SASSO MARCONI,N005,3.41,1,TE,N,BCA,CTCACCM,SCMT,SI,FS,C3L,BO,,
59320,1° BIVIO ORTE SUD,59360,P.C. GALLESE,F055,3.82,2,TE,F,BAB-CC,CTC,SCMT,SI,PC45,D4L,RM,,
30614,CERVIGNANO SMISTAMENTO,33081,DEV.ESTREMO LATO TORVISCOSA,F035,1.48,1,TE,CS,BA-CF,DC,SCMT,SI,PC80,D4,TS,,
54060,ANCONA,54120,VARANO,F067,5.5,2,TE,F,BAB-CC,SCC,SCMT,SI,PC80,D4,AN,,
12900,MONZA,12940,SESTO S.GIOVANNI,N002,4.87,2,TE,N,BAB-CC,SCCACCM,SCMT,SI,PC80,D4,MI,,
14080,LOCATE TRIULZI,14082,PIEVE EMANUELE,F005,2.63,2,TE,F,BAB-CC,DC,SCMT,SI,PC45,D4,MI,,0335|P133
89089,PALERMO GUADAGNA,89090,PALERMO VESPRI,C176,1.01,2,TE,CS,BA-CF,DC,SCMT,SI,FS,C3L,PA,,0036
73771,PISCIOLO,73760,MONTEVERDE,C223,5.77,1,TD,CST,BCA,CTC,SSC,NO,FS,<A,NA,B,
84200,BOVA MARINA,84240,CONDOFURI,C162,4.34,1,TD,CS,BCA,CTC,SCMT,SI,PC32,C3L,RC,,P245
71491,S.GIULIANO DEL SANNIO,71500,SEPINO,C202,3.77,1,TD,CST,BCA,CTC,SSC,NO,FS,C3L,NA,B,
88780,S.CATALDO,88820,SERRADIFALCO,C201,12.36,1,TE,CST,BCA,CTC,SCMT,SI,FS,C3L,PA,,
57675,TUORO SUL TRASIMENO,57680,PASSIGNANO SUL TRASIMENO,C127,4.55,1,TE,CS,BCA,CTC,SCMT,NO,FS,C3L,AN,,0334
75220,TRINITAPOLI-S.FERDINANDO DI PUGLIA,75300,BARLETTA,F069,16.23,2,TE,F,BAB-CC,SCC,SCMT,SI,PC80,D4,BA,,P223
22560,FORTEZZA,24780,RIO DI PUSTERIA,C067,8.1,1,TE,CS,BCA,CTC,SCMT,NO,PC80,D4L,VR,,
30920,RONCHI DEI LEGIONARI SUD,32400,RONCHI DEI LEGIONARI NORD,F039,2.11,1,TE,F,BA-CF,SCCACCM,SCMT,SI,PC80,D4,TS,,
73491,CASSANO IRPINO,73480,MONTEMARANO,C223,3.76,1,TD,CST,BCA,CTC,SSC,NO,FS,<A,NA,B,
25100,VILLAZZANO,25103,POVO-MESIANO,C232,2.45,1,TD,CST,BCA,CTC,SCMT,NO,FS,C3,VR,,0337A|P128
40600,BIVIO CROCIALI,42320,DOPPIO BIVIO RIMESSE,N005,1.14,2,TE,N,BAB-CC,CTC,SCMT,SI,PC22,D4,BO,,
56120,FABRIANO,56150,P.M. KM 228,F065,4.3,2,TE,F,BCAB,CTC,SCMT,SI,PC45,D4L,AN,,0298|I175|P239
72171,VALLE DI MERCATO S.SEVERINO,72160,MERCATO S.SEVERINO,C216,3.37,1,TE,CST,BCA,CTC,SCMT,SI,FS,C3L,NA,,I173
65500,CECCHINA,65520,LANUVIO,C135,4.19,1,TE,CS,BCA,CTC,SCMT,SI,FS,C3L,RM,,
30925,TRIESTE AIRPORT,31040,CERVIGNANO-AQUILEIA-GRADO,F035,11.49,2,TE,F,BAB-CC,DC,SCMT,SI,PC80,D4L,TS,,0365A
35340,ALBENGA,35380,CERIALE,F009,5.92,2,TE,F,BCA,DC,SCMT,SI,PC22,D4,GE,,
63500,CERCHIO,63463,AIELLI,C131,1.63,1,TE,CS,BEM,DC,SCMT,SI,PC22,C3L,RM,,A2001B|A2004E
97263,LE CURE (IL CIONFO),97262,FIRENZE S.MARCO VECCHIO (IL CIONFO),N006,0.46,1,TD,N,BCA,SCCACCM,SCMT,SI,FS,D4L,FI,,
89460,BALESTRATE,89500,CASTELLAMMARE DEL GOLFO,C204,9.16,1,TD,CST,BCA,CTC,SCMT,NO,FS,C3L,PA,,P236
49500,NOCETO,49540,MEDESANO,F047,7.45,1,TE,F,BA-CF,CTC,SCMT,SI,PC22,D4,FI,,
21900,VERONA PORTA NUOVA,23870,DIRAMAZIONE VR SC-VR PN,F027,1.23,2,TE,F,BAB-CF,SCC,SCMT,SI,PC80,D4,VR,,P222
27818,DEV.ESTR.VENEZIA,27820,VENEZIA MARITTIMA,N003,1.33,2,TE,N,ALT,DL,NO,NO,FS,C3L,VE,,
02320,ALESSANDRIA,02318,PONTE TANARO ALESSANDRIA,C007,0.66,2,TE,CS,BCAB,DL,SCMT,SI,PC45,D4L,TO,,
58300,CASTELRAIMONDO-CAMERINO,58340,MATELICA,C126,7.13,1,TD,CS,BCA,CTC,SCMT,NO,FS,C3L,AN,,P147
65884,FIERA DI ROMA,65880,PONTE GALERIA,N007,2.34,2,TE,N,BCABM,DC,SCMT,SI,FS,C3,RM,,
06008,VOGOGNA OSSOLA (linea Domo-No),11400,PREMOSELLO-CHIOVENDA,C031,2.62,1,TE,CS,BCA,CTC,SCMT,SI,PC80,D4L,TO,,
86340,S.MARCO D'ALUNZIO-TORRENOVA,86380,S.AGATA DI MILITELLO,C175,3.94,1,TE,CS,BCA,SCC,SCMT,SI,PC22,C3,PA,,
77100,METAPONTO,77480,BERNALDA,C155,12.44,1,TE,CS,BCA,CTC,SCMT,SI,PC25,C3,BA,,
50520,CONTEA-LONDA,50560,DICOMANO,C110,3.45,1,TD,CS,BCA,CTC,SSC,SI,FS,B2,FI,,P200
90320,PALERMO SAMPOLO,90325,GIACHERY (SAMPOLO),C184,0.54,1,TE,CS,BCA,DPC,SCMT,SI,FS,C3L,PA,,P235
26062,BIVIO CASTELFRANCO EST,26067,P.M. ANZOLA,A005,5.37,2,TE,F,BRA,SCCACCM,ERTMS_L2,SI,PC80,D4,BO,,
62580,FORMIA-GAETA,67860,MINTURNO-SCAURI,F057,10.05,2,TE,F,BA-CC,DC,SCMT,SI,PC45,C3,NA,,P224
63580,PESCINA,63540,COLLARMELE,C131,4.93,1,TE,CS,BEM,DC,SCMT,SI,PC22,C3L,RM,,A2001B|A2004E
33500,MEDUNO,33510,FANNA-CAVASSO,C226,3.21,1,TD,CST,BCA,CTC,SSC,NO,FS,C3L,TS,B,P199
88300,LENTINI DIRAMAZIONE,88340,LENTINI,C171,5.65,1,TE,CS,BCA,SCC,SCMT,SI,PC22,C3L,PA,,0271A
48580,P.M. FIRENZE CASCINE,48582,LE PIAGGE,F049,1.98,2,TE,F,BAB-CC,CTC,SCMT,SI,PC80,D4,FI,,P076
17127,SEGN. CONFINE KM 28,17128,PM BRESCIA OVEST,A009,38.32,2,TE25,F,BRA,SCCACCM,ERTMS_L2,SI,PC80,D4,MI,,
80165,MARINA DI MARATEA,80200,PRAJA-AJETA-TORTORA,F075,7.6,2,TE,F,BAB-CC,CTC,SCMT,SI,PC32,D4L,RC,,P140
01000,TORINO STURA,01012,BIVIO SETTIMO TORINESE,N001,3.1,2,TE,N,BAB-CC,SCCACCM,SCMT,SI,PC80,D4,TO,,
16583,S.GIULIANO PIEMONTE,16605,DEV. TORTONA,F021,6.33,2,TE,F,BCA,DC,SCMT,SI,PC45,D4L,MI,,
59360,P.C. GALLESE,59440,P.C. CAPENA,F055,28.91,2,TE,F,BAB-CC,CTC,SCMT,SI,PC45,D4L,RM,,
13530,BRESCIA BIN.EST.,17142,BRESCIA FM,,2.06,2,TE,F,BAB-CC,SCCACCM,SCMT,SI,PC80,D4,MI,,
72090,BORGO,72120,MONTORO FORINO,C215,4.65,1,TD,CST,BCA,CTC,SCMT,SI,FS,<A,NA,,I173
18200,TERNO,18240,PONTE S.PIETRO,C047,4.06,1,TE,CS,BCA,DC,SCMT,NO,PC22,C3L,MI,,
28728,DEV.ESTR. VICENZA,26775,ANCONETTA,C069,2.8,1,TD,CS,BCA,CTC,SCMT,NO,FS,C3L,VR,,
28020,CASARSA,28030,CUSANO,F037,6.49,2,TE,F,BCAB,SCC,SCMT,SI,PC80,D4L,TS,,
61460,CAPANNELLE,61500,CIAMPINO,N007,3.94,2,TE,N,BAB-CC,DC,SCMT,SI,PC32,D4,RM,,P053
30320,CAMPODARSEGO,30360,VIGODARZERE,C081,5.89,2,TE,CS,BAB-CF,SCC,SCMT,SI,PC80,D4L,VE,,
17193,"SEGN. CONFINE KM 121,700",17194,P.C. MARCALLO,A003,18.97,2,TE25,F,BRA,SCCACCM,ERTMS_L2,SI,PC80,D4,MI,,
95140,OZIERI-CHILIVANI,96152,DEV.CHIL.LATO P.T. (BRETELLA),C186,1.98,1,TD,CS,BCA,CTC,SCMT,NO,PC45,C3,CA,,
40500,RIMINI,43640,RIMINI VISERBA,C102,4.21,1,TE,CS,BCA,CTC,SCMT,SI,PC32,D4L,BO,,
87565,FURCI,87600,S.TERESA DI RIVA,C169,2.23,1,TE,CS,BCA,SCC,SCMT,SI,PC22,C3,PA,,
69540,NAPOLI S.GIOVANNI BARRA,69541,PIETRARSA-S.GIORGIO A CREMANO,N008,1.57,2,TE,N,BA-CC,DC,SCMT,SI,PC25,D4L,NA,,
61580,ZAGAROLO,61583,LABICO,F061,7.62,2,TE,F,BAB-CC,SCCACCM,SCMT,SI,PC32,D4,RM,,
80240,SCALEA-S.DOMENICO-TALAO,80280,MARCELLINA-VERBICARO-ORSOMARSO,F075,5.13,2,TE,F,BAB-CC,CTC,SCMT,SI,PC32,D4L,RC,,
13948,P.M. PIACENZA OVEST,38460,PIACENZA,F041,3.9,2,TE,F,BAB-CC,DC,SCMT,SI,PC45,D4,MI,,
14660,QUADRIVIO P.C. TURRO,14779,MILANO CENTRALE,N002,2.08,2,TE,N,BAB-CF,SCCACCM,SCMT,SI,PC45,D4,MI,,
72840,NOCERA SUPERIORE,72880,CAVA DEI TIRRENI,C146,5.51,2,TE,CS,BCA,DC,SCMT,SI,PC22,D4,NA,,
05220,CANDIA CANAVESE,05185,MERCENASCO,C002,2.73,1,TE,CS,BCA,CTC,SCMT,NO,FS,C3L,TO,,P123
85060,P.M. MONTALTO-ROSE,85100,BIVIO S.ANTONELLO,C168,1.2,1,TE,CS,BCA,CTC,SCMT,SI,PC45,C3,RC,,
28145,D.E. CONEGLIANO,28180,CONEGLIANO,F037,1.88,2,TE,F,BCAB,SCC,SCMT,SI,PC80,D4L,VE,,
07520,PIANFEI,07540,MARGARITA,C217,2.6,1,TD,CST,BCA,CTC,SCMT,NO,PC45,A,TO,B,
90700,MARIANOPOLI,90740,MIMIANI-S.CATALDO,C177,11.03,1,TE,CS,BCA,CTC,SCMT,SI,FS,C3L,PA,,0275A
26027,1° BIVIO FIDENZA OVEST,26036,P.C. FONTANELLATO,A005,10.6,2,TE25,F,BRA,SCCACCM,ERTMS_L2,SI,PC80,D4,BO,,
54680,GIULIANOVA,54720,ROSETO DEGLI ABRUZZI,F067,9.3,2,TE,F,BAB-CC,SCC,SCMT,SI,PC80,D4,AN,,
12505,CHIASSO,12620,BIVIO PC/ ROSALES,F017,8.71,2,TE,F,BAB-CC,DC,ERTMS_L2_SOVR,SI,PC80,D4,MI,,
11720,ARONA,11725,DORMELLETTO,F013,4.03,2,TE,F,BAB-CC,DC,SCMT,SI,PC50,D4L,MI,,
32160,BUTTRIO,32170,MANZANO,F039,4.47,2,TE,F,BCA,DC,SCMT,SI,PC80,D4L,TS,,
38255,S.GIACOMO,38280,ROCCAGRIMALDA,C193,1.5,1,TE,CST,BCA,SCC,SCMT,SI,PC45,D4,GE,,
18643,MADIGNANO,18680,CASTELLEONE,C057,5.5,1,TE,CS,BCA,CTC,SCMT,NO,PC45,C3L,MI,,
62668,PALMIRO TOGLIATTI,62664,SERENISSIMA,N007,1.41,2,TE,N,BAB-CC,SCC,SCMT,SI,PC22,C3L,RM,,
60200,GALLESE IN TEVERINA,60240,CIVITA CASTELLANA-MAGLIANO,F053,4.1,2,TE,F,BAB-CC,SCCACCM,SCMT,SI,PC45,D4L,RM,,
51680,GRAGNOLA,51720,MONZONE MONTE DEI BIANCHI ISOLANO,C119,3.47,1,TD,CS,BCA,CTC,SCMT,NO,FS,D4,FI,,
11320,BIVIO P.C. VALLE,17231,DOMO 2,F013,2.85,2,TE,F,BAB-CC,DC,SCMT,SI,PC80,D4,MI,,
68211,NAPOLI PIAZZA AMEDEO,68221,NAPOLI MONTESANTO,N008,1.5,2,TE,N,BA-CC,SCC,SCMT,SI,PC22,C3,NA,,
73560,NUSCO,73551,BAGNOLI IRPINO,C223,5.67,1,TD,CST,BCA,CTC,SSC,NO,FS,<A,NA,B,
16780,CASTEGGIO,16800,S.GIULETTA,F021,4.76,2,TE,F,BCAB,SCCACCM,SCMT,SI,PC45,D4L,MI,,
76420,SANNICANDRO,76460,ACQUAVIVA DELLE FONTI,C158,11.22,2,TE,CS,BCAB,SCC,SCMT,SI,PC45,D4L,BA,,
32060,UDINE,32100,UDINE PARCO,F039,1.67,2,TE,F,BA-CF,DC,SCMT,SI,PC80,D4L,TS,,
24065,BONFERRARO,23725,NOGARA,C073,4.96,1,TE,CS,BCA,CTC,SCMT,SI,PC80,D4L,VR,,
10230,INCISA SCAPACCINO,06920,NIZZA MONFERRATO,C206,3.89,1,TD,CST,BCA,DL,SSC,NO,FS,C3L,TO,B,
92820,PRIOLO SOTTANO,93240,GELA,C172,10.96,1,TD,CS,BCA,CTC,SSC,NO,PC22,C3,PA,B,P232
86860,FIUMETORTO,90420,CERDA,C180,1.82,1,TE,CS,BCA,CTC,SCMT,SI,FS,C3L,PA,,
24020,GAZZO DI BIGARELLO,24060,CASTEL D'ARIO,C073,6.5,1,TE,CS,BCA,CTC,SCMT,SI,PC80,D4L,VR,,
04820,Verrès,04860,Hône-Bard,C002,6.67,1,TD,CS,BCA,CTC,SCMT,NO,FS,C3L,TO,,P123
80520,PAOLA,80580,S.LUCIDO MARINA,F077,5.27,2,TE,F,BAB-CC,CTC,SCMT,SI,PC45,D4L,RC,,
08755,LA SALLE,08760,MORGEX,C003,2.75,1,TD,CS,ALT,SPO,SSC,NO,FS,A,TO,B,
47536,DEVIATOIO FAENTINA (FIRENZE CAMPO DI MARTE),47540,FIRENZE CAMPO DI MARTE,N006,1.65,2,TE,N,BAB-CC,SCCACCM,SCMT,SI,PC22,C3,FI,,A5000_1
49540,MEDESANO,49545,FELEGARA-S.ANDREA BAGNI,F047,3.4,1,TE,F,BA-CF,CTC,SCMT,SI,PC22,D4,FI,,
52560,SIENA,52600,ARBIA,C122,9.71,1,TD,CS,BCA,CTC,SCMT,NO,FS,D4L,FI,,
86460,TORRE DEL LAURO,86500,CARONIA,C175,7.02,1,TE,CS,BCA,SCC,SCMT,SI,PC22,C3,PA,,
89087,DEV.U.PALERMO EX BIVIO ORETO,89089,PALERMO GUADAGNA,C176,0.05,2,TE,CS,BA-CF,DC,SCMT,SI,FS,C3L,PA,,
25480,DOSSOBUONO,25520,VILLAFRANCA DI VERONA,C070,7.0,1,TE,CS,BCA,CTC,SCMT,NO,PC45,D4L,VR,,
48780,S.ROMANO-MONTOPOLI-S.CROCE,48820,PONTEDERA-CASCIANA TERME,F049,12.11,2,TE,F,BAB-CC,SCC,SCMT,SI,PC80,D4,FI,,
18560,CARAVAGGIO,18579,CAPRALBA,C057,5.77,1,TE,CS,BCA,CTC,SCMT,NO,PC45,C3L,MI,,
62140,ROMA CASILINA,63920,ROMA TERMINI,N007,4.26,2,TE,N,BAB-CC,DC,SCMT,SI,PC32,C3,RM,,
19463,S.MICHELE IN BOSCO,19465,OSPITALETTO MANTOVANO,C063,2.62,1,TE,CS,BCA,CTC,SCMT,SI,PC45,D4,MI,,I178A
62180,TORRICOLA,62220,POMEZIA-S.PALOMBA,F057,11.76,2,TE,F,BAB-CC,SCCACCM,SCMT,SI,PC32,C3,RM,,
90820,IMERA,90860,VILLAROSA,C178,8.6,1,TE,CS,BCA,CTC,SCMT,NO,FS,C3L,PA,,0275A
07920,CAVA CARBONARA,09609,SAIRANO,C028,2.14,1,TD,CS,BCA,CTC,SCMT,NO,FS,D4L,TO,,
50713,BIFORCO,50720,MARRADI PALAZZUOLO SUL SENIO,C111,2.11,1,TD,CS,BCA,CTC,SSC,SI,FS,<A,FI,,P200
96020,SILIQUA,96060,VILLAMASSARGIA-DOMUSNOVAS,C189,15.07,1,TD,CS,BCA,CTC,SCMT,NO,FS,D4L,CA,,
51955,CASTELVECCHIO PASCOLI,51960,BARGA-GALLICANO,C119,2.82,1,TD,CS,BCA,CTC,SCMT,NO,FS,C3L,FI,,
26091,BIVIO VENEZIA,26099,BOLOGNA CENTRALE AV,A005,1.99,2,TE,F,BRA,SCCACCM,ERTMS_L2,SI,PC80,D4,BO,,
26091,BIVIO VENEZIA,26250,SEGN.CONF.B.VENEZIA,,4.1,2,TE,F,BRA,SCC,ERTMS_L2,SI,PC80,D4,BO,,
07515,POGLIOLA,07520,PIANFEI,C217,3.13,1,TD,CST,BCA,CTC,SCMT,NO,PC45,A,TO,B,
08180,CUNEO,08240,BORGO S.DALMAZZO,C010,8.58,1,TE,CS,BCA,CTC,SCMT,NO,PC32,C3L,TO,,
72880,CAVA DEI TIRRENI,72920,VIETRI SUL MARE,C146,3.87,2,TE,CS,BCA,DC,SCMT,SI,PC22,D4,NA,,
51760,EQUI TERME,51800,MINUCCIANO-PIEVE-CASOLA,C119,4.36,1,TD,CS,BCA,CTC,SCMT,NO,FS,D4,FI,,
00740,BIVIO PRONDA,00780,TORINO S.PAOLO,N001,2.55,2,TE,N,BAB-CC,SCCACCM,SCMT,SI,PC45,D4,TO,,
36220,CAMOGLI-S.FRUTTUOSO,36260,S.MARGHERITA LIGURE-PORTOFINO,F045,5.07,2,TE,F,BAB-CC,SCC,SCMT,SI,PC22,D4L,GE,,
46640,GAVORRANO,46680,GIUNCARICO,F051,8.06,2,TE,F,BAB-CC,SCC,SCMT,SI,PC80,D4,FI,,
50723,POPOLANO DI MARRADI,50725,S.MARTINO IN GATTARA,C111,3.12,1,TD,CS,BCA,CTC,SSC,SI,FS,<A,FI,,P200
75600,BARI CENTRALE,75640,MARCONI,C150,1.53,2,TE,CS,BAB-CC,SCC,SCMT,SI,PC45,D4L,BA,,P262A
16552,MILANO PORTA GARIBALDI (SOTTERRANEA),16550,MILANO REPUBBLICA,N002,1.09,2,TE,N,BA-CC,CTC,SCMT,SI,PC22,D4,MI,,
23715,ISOLA DELLA SCALA,23725,NOGARA,F029,11.13,2,TE,F,BAB-CC,SCC,SCMT,SI,PC80,D4,VR,,P224
69500,DOPPIO BIVIO MARITTIMA,69540,NAPOLI S.GIOVANNI BARRA,N008,2.19,2,TE,N,BAB-CC,SCC,SCMT,SI,PC25,D4L,NA,,
34680,BIVIO P.C. FEGINO,34710,BIVIO P.C. BERSAGLIO,N004,2.05,2,TE,N,BAB-CC,SCC,SCMT,SI,PC22,D4L,GE,,P221
05580,ROVASENDA ALTA,05620,BURONZO,C227,8.27,1,TD,CST,BCA,CTC,SSC,NO,FS,<A,TO,B,
51920,CASTELNUOVO GARFAGNANA,51950,FOSCIANDORA-CESERANA,C119,3.13,1,TD,CS,BCA,CTC,SCMT,NO,FS,C3L,FI,,
57180,SELLA DI CORNO,57260,SASSA-TORNIMPARTE,C231,11.29,1,TD,CST,BCA,CTC,SSC,NO,FS,<A,AN,,P210A
85940,TERME VIGLIATORE,85950,BIVIO TERME VIGLIATORE,C175,0.74,2,TE,CS,BAB-CC,SCC,SCMT,SI,PC22,C3,PA,,
09460,CHIUSANO-COSSOMBRATO,09480,SETTIME-CINAGLIO-MOMBARONE,C209,2.48,1,TD,CST,BCA,DL,SSC,SI,FS,C3,TO,B,
17463,TALAMONA,17500,MORBEGNO,C039,2.62,1,TE,CS,BCA,CTC,SCMT,NO,PC22,C3L,MI,,
09242,P.M. AGOGNATE,09241,AGOGNATE,C199,0.79,1,TD,CST,BCA,DL,SSC,NO,FS,B2L,TO,,
34760,VENTIMIGLIA,34780,VALLECROSIA,F009,2.16,2,TE,F,BAB-CC,DC,ERTMS_L1_SOVR,SI,PC22,D4,GE,,
44960,SESTO FIORENTINO,45000,FIRENZE CASTELLO,F043,2.62,2,TE,F,BA-CC,DC,SCMT,SI,PC80,D4,FI,,P076
60240,CIVITA CASTELLANA-MAGLIANO,60243,COLLEVECCHIO-POGGIO SOMMAVILLA,F053,8.93,2,TE,F,BAB-CC,SCCACCM,SCMT,SI,PC45,D4L,RM,,
64940,ORIOLO,64980,MANZIANA-CANALE MONTERANO,C129,4.94,1,TE,CS,BCA,CTC,SCMT,NO,FS,C3L,RM,,
23725,NOGARA,23735,P.C. OSTIGLIA NORD,F029,10.95,2,TE,F,BAB-CC,SCCACCM,SCMT,SI,PC80,D4,VR,,P224
88220,BICOCCA,91220,MOTTA S.ANASTASIA,C178,0.0,2,TE,CS,BCAB,CTC,SCMT,NO,FS,D4,PA,,
88220,BICOCCA,88300,LENTINI DIRAMAZIONE,C170,15.46,1,TE,CS,BCA,SCC,SCMT,SI,PC22,C3,PA,,0271A
97223,PIAN Di MUGNONE,97220,FIESOLE-CALDINE,C112,1.79,1,TD,CS,BCA,CTC,SSC,SI,FS,D4L,FI,,
30362,GS ALTICHIERO,41000,PADOVA CAMPO MARTE,C082,2.44,2,TE,CS,BAB-CF,SCC,SCMT,SI,PC80,D4,VE,,
70420,BELLA MURO,70460,BARAGIANO-RUOTI,C136,2.4,1,TE,CS,BCA,CTC,SCMT,SI,PC22,C3L,NA,,
33050,PALMANOVA,33055,SEVEGLIANO,C095,2.25,1,TE,CS,BCA,DC,SCMT,SI,PC80,D4L,TS,,
45730,PISA DEV. NAVICELLI,45760,PISA / BIN. PISA CENTRALE,F045,0.73,2,TE,F,BAB-CC,SCC,SCMT,SI,PC32,D4,FI,,
15940,ALBIZZATE-SOLBIATE ARNO,15980,CAVARIA-OGGIONA-IERAGO,C049,2.88,2,TE,CS,BCAB,CTC,SCMT,SI,PC22,C3L,MI,,
47740,INCISA,47742,DEV.INGR.FIGLINE,F053,3.17,2,TE,F,BAB-CC,CTC,SCMT,SI,PC22,D4L,FI,,
71420,BONEFRO-S.CROCE,71460,RIPABOTTONI-S.ELIA,C230,5.59,1,TD,CST,BCA,CTC,SSC,NO,FS,C3L,NA,,
64820,VICO MATRINO,64860,CAPRANICA-SUTRI,C129,5.13,1,TE,CS,BCA,CTC,SCMT,NO,FS,C3L,RM,,
08610,PINEROLO OLIMPICA,08620,PINEROLO,C008,0.95,1,TE,CS,BCA,DL,SCMT,NO,FS,C3L,TO,,
34080,RONCO SCRIVIA,34100,BORGO FORNARI PER VOLTAGGIO,F019,3.67,2,TE,F,BAB-CC,SCC,SCMT,SI,PC22,D4L,GE,,P221
83360,MONTEPAONE-MONTAURO,83400,SOVERATO,C162,5.56,1,TD,CS,BCA,CTC,SCMT,SI,PC32,C3L,RC,,P245
67600,MADDALONI INFERIORE,68589,DEV.EST.LATO CASERTA,F061,2.92,2,TE,F,BAB-CC,SCCACCM,SCMT,SI,PC45,C3,NA,,
85742,TORREGROTTA,85780,PACE DEL MELA,C175,3.49,2,TE,CS,BAB-CC,SCC,SCMT,SI,PC22,C3,PA,,
73611,LIONI-VALLE DELLE VITI,73600,LIONI,C223,3.97,1,TD,CST,BCA,CTC,SSC,NO,FS,<A,NA,B,
34210,GENOVA S.BIAGIO,34220,GENOVA BOLZANETO,F019,2.62,2,TE,F,BAB-CC,SCC,SCMT,SI,PC22,D4L,GE,,P221
76660,PALAGIANELLO,76700,PALAGIANO-MOTTOLA,C159,6.97,2,TE,CS,BCAB,SCC,SCMT,SI,PC45,D4L,BA,,
26825,VILLAVERLA-MONTECCHIO,26860,THIENE,C069,6.04,1,TD,CS,BCA,CTC,SCMT,NO,FS,C3L,VR,,
38040,GENOVA ACQUASANTA,38080,GENOVA GRANARA,C098,6.19,1,TE,CS,BCA,SCC,SCMT,SI,PC45,D4L,GE,,P198
25340,STRIGNO,25380,GRIGNO,C232,9.6,1,TD,CST,BCA,CTC,SCMT,NO,FS,C3,VR,,
25560,MOZZECANE,25600,ROVERBELLA,C070,6.41,1,TE,CS,BCA,CTC,SCMT,NO,PC45,D4L,VR,,
39760,S.GIOVANNI IN PERSICETO,39790,OSTERIA NUOVA,F029,7.44,2,TE,F,BAB-CC,CTC,SCMT,SI,PC80,D4,BO,,P224
11360,VOGOGNA OSSOLA (linea Domo-Mi),11400,PREMOSELLO-CHIOVENDA,F013,2.6,2,TE,F,BAB-CC,DC,SCMT,SI,PC80,D4,MI,,
51110,BIVIO MONTUOLO,51160,LUCCA,C113,6.41,1,TE,CS,BCA,CTC,SCMT,SI,FS,D4,FI,,
01980,PESSIONE,02020,VILLANOVA D'ASTI,F003,8.35,2,TE,F,BAB-CC,DC,SCMT,SI,PC32,D4,TO,,P131
65520,LANUVIO,65523,S.GENNARO,C135,3.4,1,TE,CS,BCA,CTC,SCMT,SI,FS,C3L,RM,,
61783,FERENTINO-SUPINO,61820,FROSINONE,F061,8.25,2,TE,F,BAB-CC,DC,SCMT,SI,PC32,D4,RM,,
40460,SANTARCANGELO DI ROMAGNA,40465,RIMINIFIERA,F063,5.7,2,TE,F,BAB-CC,SCCACCM,SCMT,SI,PC80,D4,BO,,P223
41500,POGGIO RENATICO,41540,GALLIERA,F031,4.69,2,TE,F,BAB-CC,DC,SCMT,SI,PC80,D4,BO,,P223
95840,SCALA DI GIOCCA,95800,CAMPOMELA,C186,4.41,1,TD,CS,BCA,CTC,SCMT,NO,PC45,C3,CA,,
36500,MONEGLIA,36540,DEIVA MARINA,F045,3.81,2,TE,F,BAB-CC,SCC,SCMT,SI,PC22,D4L,GE,,
80445,ACQUAPPESA,80450,GUARDIA PIEMONTESE TERME,F075,3.24,2,TE,F,BAB-CC,CTC,SCMT,SI,PC32,D4L,RC,,
56480,PRATOLA PELIGNA,56520,POPOLI-VITTORITO,C125,9.65,1,TE,CS,BCA,CTC,SCMT,SI,PC22,C3L,AN,,
26865,MARANO VICENTINO,26900,SCHIO,C069,5.29,1,TD,CS,BCA,CTC,SCMT,NO,FS,C3L,VR,,
73520,MONTELLA,73491,CASSANO IRPINO,C223,3.11,1,TD,CST,BCA,CTC,SSC,NO,FS,<A,NA,B,
26215,CARDINI PDE,26220,VAGLIA PDE,A007,2.36,2,TE25,F,BRA,SCCACCM,ERTMS_L2,SI,PC80,D4,BO,,
86220,BROLO-FICARRA,86260,CAPO D'ORLANDO-NASO,C175,7.86,1,TE,CS,BCA,SCC,SCMT,SI,PC22,C3,PA,,
00885,TORINO PORTA SUSA,02403,TORINO REBAUDENGO FOSSATA,N001,3.51,2,TE,N,BAB-CC,SCCACCM,SCMT,SI,PC80,D4,TO,,P080
95100,MORES-ITTIREDDU,95060,TORRALBA,C187,13.14,1,TD,CS,BCA,CTC,SCMT,NO,PC30,C3L,CA,,
46821,DEV. EST. P.M. ROVEZZANO D.D.,47616,P.M. ROVEZZANO L.L.,F055,0.76,1,TE,F,BAB-CC,SCCACCM,SCMT,SI,PC22,D4L,FI,,
81520,PIZZO,81560,VIBO MARINA,F077,3.12,1,TE,F,BCA,CTC,SCMT,SI,FS,C3,RC,,
00120,P.C. FREJUS,00160,BARDONECCHIA,F001,7.35,2,TE,F,BAB-CC,CTC,SCMT,SI,PC45,D4,TO,,
89100,PALERMO NOTARBARTOLO,90312,PALERMO LIBERTA',C184,0.0,1,TE,CS,BCA,DC,SCMT,SI,FS,C3L,PA,,
27050,PADOVA FASCIO SECONDARIO,27085,BUSA DI VIGONZA,F033,4.55,2,TE,F,BAB-CC,SCC,SCMT,SI,PC80,D4,VE,,
62900,MARCELLINA PALOMBARA,62860,GUIDONIA-MONTECELIO-S.ANGELO,C132,7.78,1,TE,CS,BCA,DC,SCMT,SI,PC22,C3L,RM,,
43920,VERGATO,43925,CARBONA,N005,4.35,1,TE,N,BCA,CTCACCM,SCMT,SI,FS,C3L,BO,,
67205,DEV. DIR. ROCCA D'EVANDRO AC/AV,74232,"SEGN. CONFINE KM 3,326",A001,1.05,2,TE,F,BAB-CC,SCC,SCMT,SI,PC80,D4,NA,,
93480,GENISI,93520,RAGUSA,C173,11.95,1,TD,CS,BCA,CTC,SSC,NO,FS,B2,PA,,
13640,MILANO LAMBRATE,14779,MILANO CENTRALE,N002,3.78,2,TE,N,BAB-CC,SCCACCM,SCMT,SI,PC45,D4,MI,,
16020,LECCO,16080,LECCO MAGGIANICO,C044,3.22,2,TE,CS,BAB-CF,DC,SCMT,NO,PC30,C3L,MI,,
03440,STREVI,03480,ACQUI TERME,C018,6.1,1,TE,CS,BCA,CTC,SCMT,NO,PC32,D4L,TO,,
35945,GENOVA CORNIGLIANO,36823,DEV.I.GE SAMP.SMIST.TO,N004,1.37,2,TE,N,BAB-CC,SCC,SCMT,SI,PC45,D4L,GE,,P129
61543,COLONNA GALLERIA,61580,ZAGAROLO,F061,6.59,2,TE,F,BAB-CC,SCCACCM,SCMT,SI,PC32,D4,RM,,
45460,FORTE DEI MARMI - SERRAVEZZA QUERCETA,45500,PIETRASANTA,F045,3.45,2,TE,F,BAB-CC,SCC,SCMT,SI,PC32,D4,FI,,
35940,GENOVA SESTRI PONENTE AEROPORTO,35945,GENOVA CORNIGLIANO,N004,1.68,2,TE,N,BAB-CC,SCC,SCMT,SI,PC45,D4L,GE,,P129
86060,OLIVERI-TINDARI,86100,PATTI-S.PIERO PATTI,C175,8.62,1,TE,CS,BCA,SCC,SCMT,SI,PC22,C3,PA,,
57760,ELLERA-CORCIANO,57762,PERUGIA SILVESTRINI,C127,3.29,1,TE,CS,BCA,CTC,SCMT,NO,FS,C3L,AN,,0334
05960,OMEGNA,05925,PETTENASCO,C033,6.22,1,TE,CS,BCA,CTC,SCMT,SI,PC80,D4L,TO,,
57725,MONTE MELINO,57760,ELLERA-CORCIANO,C127,5.81,1,TE,CS,BCA,CTC,SCMT,NO,FS,C3L,AN,,0334
80320,DIAMANTE-BUONVICINO,80360,BELVEDERE MARITTIMO,F075,7.4,2,TE,F,BAB-CC,CTC,SCMT,SI,PC32,D4L,RC,,
53665,PONTE GINORI,53700,VOLTERRA-SALINE-POMARANCE,C207,6.49,1,TD,CST,ALT,SPO,SSC,NO,FS,C3L,FI,,
44090,S.MOMME',44095,CASTAGNO,C115,2.0,1,TE,CS,BCA,CTC,SCMT,NO,FS,C3L,BO,,
74031,ROVIGLIANO,74040,CASTELLAMMARE DI STABIA,C247,3.82,2,TE,CSP,BA-CF,DL,SCMT,NO,FS,C3L,NA,,
70960,SARNO,71220,BIVIO SARNO,C144,6.53,2,TE,F,BAB-CC,SCC,SCMT,NO,PC32,D4L,NA,,
93720,POZZALLO,93760,ISPICA,C174,8.41,1,TD,CS,BCA,SCCACCM,SSC,SI,FS,B2,PA,,
48700,EMPOLI,52280,PONTE A ELSA,C121,4.71,1,TD,CS,BCA,CTC,SCMT,SI,FS,D4,FI,,
36305,ZOAGLI,36340,CHIAVARI,F045,4.85,2,TE,F,BAB-CC,SCC,SCMT,SI,PC22,D4L,GE,,
61500,CIAMPINO,61503,TOR VERGATA,F061,6.65,2,TE,F,BAB-CC,SCCACCM,SCMT,SI,PC32,D4,RM,,
27191,G.S. MESTRE,27300,VENEZIA MESTRE,N003,1.51,1,TD,N,BCA,CTC,NO,SI,FS,D4,VE,,
36665,VERNAZZA,36700,CORNIGLIA,F045,3.23,2,TE,F,BAB-CC,SCC,SCMT,SI,PC22,D4L,GE,,
10985,BIBIANA,10990,LUSERNA S.GIOVANNI,C219,3.31,1,TE,CST,ALT,SPO,SCMT,NO,FS,C3L,TO,B,
09241,AGOGNATE,09240,NIBBIA,C199,10.17,1,TD,CST,BCA,DL,SSC,NO,FS,B2L,TO,,
02320,ALESSANDRIA,02370,ALESSANDRIA SMISTAMENTO,F021,1.41,2,TE,F,ALT,DL,SCMT,SI,PC45,D4,TO,,
83280,CATANZARO LIDO,85440,CATANZARO,C163,7.53,1,TD,CS,BCA,SCCACCM,SCMT,SI,PC45,C3,RC,,P245
72510,FRATTE VILLA COMUNALE,72520,SALERNO IRNO,C148,1.58,1,TE,CS,BCA,CTC,SCMT,SI,FS,A,NA,,I173
91520,S.NICOLA DI MAZARA,91560,MAZARA DEL VALLO,C192,8.78,1,TD,CST,BCA,CTC,SCMT,NO,FS,C3L,PA,,
44960,SESTO FIORENTINO,51543,ZAMBRA,F043,1.4,2,TE,F,BAB-CC,DC,SCMT,SI,PC80,D4,FI,,
35820,ARENZANO,35825,GENOVA VESIMA,F007,3.25,2,TE,F,BAB-CC,DC,SCMT,SI,PC32,D4,GE,,
34020,RIGOROSO,34030,PIETRABISSARA,F019,2.69,2,TE,F,BAB-CC,SCC,SCMT,SI,PC22,D4L,GE,,
17783,FIUMELATTE,17820,LIERNA,C040,4.52,1,TE,CS,BCA,CTC,SCMT,NO,PC22,C3L,MI,,
62713,PONTE DI NONA,62710,SALONE,N007,1.56,2,TE,N,BAB-CC,SCC,SCMT,SI,PC22,C3L,RM,,
84360,SALINE DI REGGIO,84370,MOTTA S.G.,C162,6.43,2,TE,CS,BCAB,CTC,SCMT,SI,PC32,C3,RC,,
55560,TERNI,56843,TERNI COSPEA,C231,3.58,1,TD,CST,BCA,CTC,SSC,NO,FS,C3L,AN,,P210A
78990,BRINDISI PERRINO,76220,BRINDISI,C157,2.54,1,TE,CS,BCA,CTC,SCMT,SI,PC45,C3,BA,,P223
37320,FERRANIA,37360,SANTUARIO,C096,10.62,1,TE,CS,BCA,SCC,SCMT,SI,PC32,C3L,GE,,
21125,CIVATE,21120,VALMADRERA,C043,2.13,1,TD,CS,BCA,DC,SCMT,NO,FS,D4L,MI,,P198
07830,GAMBOLO'-REMONDO',07835,TROMELLO,C021,6.25,1,TD,CS,BCA,CTC,SCMT,NO,FS,C3,TO,,
26081,"SEGN. CONFINE KM 2,610",39080,P.M. LAVINO,A005,1.5,2,TE,F,BAB-CC,SCCACCM,SCMT,SI,PC80,D4,BO,,
56980,RIETI,57020,CITTADUCALE,C231,9.1,1,TD,CST,BCA,CTC,SSC,NO,FS,<A,AN,,P210A
29155,SOLAGNA,29220,BASSANO DEL GRAPPA,C221,6.21,1,TD,CST,BCA,CTC,SCMT,NO,FS,C3L,VE,,
89380,PARTINICO,89420,TRAPPETO,C204,8.08,1,TD,CST,BCA,CTC,SCMT,NO,FS,C3L,PA,,P236
11240,BIVIO P.C. TOCE,17231,DOMO 2,F013,1.91,1,TE,F,BCA,DC,SCMT,SI,PC80,D4,MI,,
82960,CROTONE,83000,ISOLA CAPO RIZZUTO,C161,6.35,1,TD,CS,BCA,CTC,SCMT,SI,PC32,C3L,RC,,P245
03560,BISTAGNO,03600,PONTI,C019,4.15,1,TE,CS,BCA,CTC,SCMT,NO,PC32,C3,TO,,
95920,SASSARI,95880,TISSI-USINI,C186,7.57,1,TD,CS,BCA,CTC,SCMT,NO,PC45,C3,CA,,
43740,CASALECCHIO GARIBALDI,43760,CASALECCHIO DI RENO,N005,1.03,1,TE,N,BCA,CTCACCM,SCMT,SI,FS,C3L,BO,,
65415,ACQUA ACETOSA,65417,SASSONE,C134,1.44,1,TE,CS,BCA,CTC,SCMT,SI,FS,A,RM,,
39740,P.C. PERSICETO NORD,39760,S.GIOVANNI IN PERSICETO,F029,0.67,2,TE,F,BAB-CC,CTC,SCMT,SI,PC80,D4,BO,,
53523,MURLO,53100,MONTE ANTICO,C228,18.31,1,TD,CST,BCA,CTC,SCMT,SI,FS,C3L,FI,,
21275,CASLETTO-ROGENO,21240,MOLTENO,C041,2.19,1,TD,CS,BCA,DL,SCMT,NO,PC22,D4L,MI,,P198
76780,BELLAVISTA,76887,P.M.CAGIONI,C156,6.15,1,TE,CS,BCA,CTC,SCMT,SI,PC45,D4,BA,,
00500,S.ANTONINO-VAIE,00540,CONDOVE-CHIUSA S.MICHELE,F001,3.25,2,TE,F,BAB-CC,DC,SCMT,SI,PC45,D4,TO,,P215
13530,BRESCIA BIN.EST.,13580,BRESCIA,F023,4.08,2,TE,F,BAB-CC,SCCACCM,SCMT,SI,PC80,D4,MI,,
91740,MOZIA-BIRGI,91780,MARAUSA,C192,5.01,1,TD,CST,BCA,CTC,SCMT,NO,FS,C3L,PA,,
35700,ALBISOLA,35705,CELLE,F007,2.75,2,TE,F,BAB-CC,DC,SCMT,SI,PC32,D4,GE,,
77285,CALCIANO,77320,GRASSANO-GARAGUSO-TRICARICO,C155,3.35,1,TE,CS,BCA,CTC,SCMT,SI,PC25,C3,BA,,
47540,FIRENZE CAMPO DI MARTE,46816,FIRENZE ROVEZZANO,N006,3.06,2,TE,N,BAB-CC,SCCACCM,SCMT,SI,PC22,D4L,FI,,
88740,CALTANISSETTA CENTRALE,90780,CALTANISSETTA XIRBI,C201,6.33,1,TE,CST,BCA,CTC,SCMT,SI,FS,C3L,PA,,
81160,BAGNARA,81165,FAVAZZINA,F077,4.9,2,TE,F,BAB-CC,CTC,SCMT,SI,PC32,D4L,RC,,
99140,MOTTA DI LIVENZA,99150,ANNONE VENETO,C084,5.62,1,TE,CS,BCA,CTCACCM,SCMT,SI,PC80,D4L,VE,,
28730,LISIERA,28740,S.PIETRO IN GU',C086,5.7,2,TE,CS,BCAB,SCC,SCMT,SI,PC80,D4L,VE,,
56470,DEV.ESTR.LATO PESCARA,56495,SULMONA S.RUFINA,,0.0,1,TD,CS,ALT,DL,SCMT,SI,FS,C3L,AN,,
95060,TORRALBA,95020,GIAVE,C187,5.64,1,TD,CS,BCA,CTC,SCMT,NO,PC30,C3L,CA,,
35400,BORGHETTO S.SPIRITO,35420,LOANO,F009,1.79,2,TE,F,BCA,DC,SCMT,SI,PC22,D4,GE,,
29940,FELTRE,29980,QUERO-VAS,C078,11.65,1,TE,CS,BCA,CTC,SCMT,NO,FS,C3L,VE,,
86420,ACQUEDOLCI-S.FRATELLO,86460,TORRE DEL LAURO,C175,6.42,1,TE,CS,BCA,SCC,SCMT,SI,PC22,C3,PA,,
26520,LENDINARA,26560,FRATTA,C214,6.36,1,TD,CST,BCA,CTC,SCMT,NO,PC45,D4L,VR,,
21860,BIVIO P.C. FENILONE,23920,VERONA QUADRANTE EUROPA,F029,1.08,2,TE,F,BAB-CF,SCC,SCMT,SI,PC80,D4,VR,,
28030,CUSANO,28060,PORDENONE,F037,8.62,2,TE,F,BCAB,SCC,SCMT,SI,PC80,D4L,TS,,
26019,2° BIVIO PIACENZA EST,38460,PIACENZA,C056,4.59,2,TE,F,BAB-CF,DL,SCMT,SI,PC45,D4,BO,,
64900,BASSANO ROMANO,64940,ORIOLO,C129,5.39,1,TE,CS,BCA,CTC,SCMT,NO,FS,C3L,RM,,
75050,DEV. BINARIO IM LATO BA,75060,INCORONATA,F069,7.18,2,TE,F,BAB-CC,SCC,SCMT,SI,PC80,D4,BA,,P223
27320,VENEZIA PORTO MARGHERA,27818,DEV.ESTR.VENEZIA,N003,4.65,2,TE,N,BAB-CC,SCCACCM,SCMT,SI,PC22,D4L,VE,,
26195,FIRENZUOLA PDE,26200,SIEVE PDE,A007,4.24,2,TE25,F,BRA,SCCACCM,ERTMS_L2,SI,PC80,D4,BO,,
34850,BIVIO POLCEVERA,38120,GENOVA BORZOLI - PES,N004,2.04,1,TE,N,BA-CC,SCC,SCMT,SI,PC45,D4,GE,,P198
16554,MILANO LANCETTI,16552,MILANO PORTA GARIBALDI (SOTTERRANEA),N002,1.32,2,TE,N,BA-CC,CTC,SCMT,SI,PC22,D4,MI,,
80060,POLICASTRO-BUSENTINO,80100,SAPRI,F075,8.75,2,TE,F,BAB-CC,CTC,SCMT,SI,PC32,D4L,RC,,
61380,ROMA TUSCOLANA,63920,ROMA TERMINI,N007,3.08,2,TE,N,BAB-CC,DC,SCMT,SI,PC32,C3,RM,,
70080,BATTIPAGLIA,70140,EBOLI,C136,6.24,1,TE,CS,BCA,CTC,SCMT,SI,PC22,C3L,NA,,I107A|P238A
66725,CAMPO DI GIOVE-MONTE MAIELLA,66730,PALENA,C229,9.22,1,TD,CST,ALT,DU,SSC,NO,FS,C3L,AN,B,
33037,S.MARIA LA LONGA,33050,PALMANOVA,C094,3.0,1,TE,CS,BCA,DC,SCMT,SI,PC80,D4L,TS,,
30580,VITTORIO VENETO,30585,SOFFRATTA,C085,1.49,1,TE,CS,BCA,CTC,SCMT,NO,FS,D4,VE,,
61740,SGURGOLA,61744,BIVIO P.C. SGURGOLA,F061,0.51,2,TE,F,BA-CC,DC,SCMT,SI,PC32,D4,RM,,
80620,LONGOBARDI,80625,BELMONTE CALABRO,F077,5.25,2,TE,F,BAB-CC,CTC,SCMT,SI,PC45,D4L,RC,,
85280,LAMEZIA TERME NICASTRO,85320,FEROLETO ANTICO-PIANOPOLI,C163,5.7,1,TD,CS,BCA,SCCACCM,SCMT,SI,FS,C3L,RC,,P245
74680,CAMPOMARINO,74720,CHIEUTI-SERRACAPRIOLA,F067,10.45,1,TE,F,BCA,SCC,SCMT,SI,PC80,D4,BA,,P223
13740,MELEGNANO,13773,S.ZENONE AL LAMBRO,F041,4.0,2,TE,F,BAB-CC,DC,SCMT,SI,PC80,D4,MI,,
01860,MONCALIERI,01900,TROFARELLO,N001,5.02,2,TE,N,BAB-CC,SCCACCM,SCMT,SI,PC45,D4,TO,,
69280,MONTAGUTO-PANNI,69320,ORSARA DI PUGLIA,F071,3.85,1,TE,F,BCA,CTC,SCMT,SI,PC22,C3L,NA,,
28130,ORSAGO,28140,PIANZANO,F037,3.95,2,TE,F,BCAB,SCC,SCMT,SI,PC80,D4L,VE,,
10400,NEIVE,10440,ALBA,C206,9.41,1,TD,CST,BCA,DL,SCMT,NO,FS,C3L,TO,,
94780,BORORE,94860,MACOMER,C187,12.79,1,TD,CS,BCA,CTC,SCMT,NO,PC30,C3L,CA,,
01200,TORRAZZA PIEMONTE,01210,SALUGGIA,F011,4.46,2,TE,F,BAB-CC,DC,SCMT,SI,PC80,D4,TO,,
26200,SIEVE PDE,26205,P.M. S.PIERO A SIEVE,A007,0.28,2,TE25,F,BRA,SCCACCM,ERTMS_L2,SI,PC80,D4,BO,,
73120,CANTALUPO DEL SANNIO,73160,CARPINONE,C139,9.1,1,TD,CS,BCA,CTC,SCMT,NO,FS,C3L,NA,,P246
28180,CONEGLIANO,28220,SUSEGANA,F037,7.82,2,TE,F,BCAB,SCC,SCMT,SI,PC80,D4L,VE,,
20785,BISUSCHIO-VIGGIU',20782,P.M.BEVERA,C049,2.23,1,TE,CS,BCA,CTC,SCMT,SI,FS,C3L,MI,,
21480,NOVATE MEZZOLA,21483,VERCEIA,C038,2.21,1,TE,CS,BCA,CTC,SCMT,NO,PC22,C3L,MI,,
70676,GALDO,70682,PETINA,,3.15,1,TD,CS,ALT,DU,,,n.c.,,NA,B,
01600,BORGO VERCELLI,01640,PONZANA,F011,6.89,2,TE,F,BAB-CC,DC,SCMT,SI,PC80,D4,TO,,
53945,MARZOCCA,53980,MONTEMARCIANO,F063,5.53,2,TE,F,BAB-CC,SCCACCM,SCMT,SI,PC80,D4L,AN,,
09380,CAVAGNOLO-BRUSASCO,09390,BROZOLO,C209,3.92,1,TD,CST,BCA,DL,SSC,SI,FS,C3,TO,B,
48660,MONTELUPO-CAPRAIA,48700,EMPOLI,F049,6.22,2,TE,F,BAB-CC,CTC,SCMT,SI,PC80,D4,FI,,P076
78420,SPINAZZOLA,78460,POGGIORSINI,C224,18.44,1,TD,CST,ALT,DU,SSC,NO,FS,C3,BA,B,
08385,FONTAN-SAORGE,08390,BREIL SUR ROYA,C010,6.89,1,TD,CS,BCA,CTC,SCMT,NO,FS,C3L,TO,,
08735,SAINT-PIERRE,08737,VILLENEUVE,C003,1.68,1,TD,CS,BCA,DL,SSC,NO,FS,A,TO,B,
75100,ORTANOVA,75140,CERIGNOLA CAMPAGNA,F069,14.63,2,TE,F,BAB-CC,SCC,SCMT,SI,PC80,D4,BA,,P223
29500,S.VITO AL TAGLIAMENTO,29540,CORDOVADO SESTO,C205,7.32,1,TD,CST,BCA,CTC,SCMT,SI,PC45,C3L,TS,,P199
01210,SALUGGIA,01215,S.ANTONINO DI SALUGGIA,F011,2.79,2,TE,F,BAB-CC,DC,SCMT,SI,PC80,D4,TO,,
39840,BIVIO TAVERNELLE,42120,BIVIO CALDERARA,N005,2.54,2,TE,N,BAB-CC,CTCACCM,SCMT,SI,PC80,D4,BO,,
42040,RAVENNA,43340,MEZZANO,C101,10.59,1,TE,CS,BCA,CTC,SCMT,SI,PC32,D4L,BO,,
57065,CANETRA,57100,ANTRODOCO-BORGO VELINO,C231,4.09,1,TD,CST,BCA,CTC,SSC,NO,FS,<A,AN,,P210A
86500,CARONIA,86540,S.STEFANO DI CAMASTRA-MISTRETTA,C175,8.82,1,TE,CS,BCA,SCC,SCMT,SI,PC22,C3,PA,,
38943,MARZAGLIA,38948,P.M. FRETO,F041,5.19,2,TE,F,BAB-CC,SCCACCM,SCMT,SI,PC45,D4,BO,,P224
45040,FIRENZE RIFREDI,49040,FIRENZE STATUTO,N006,2.03,2,TE,N,BAB-CC,CTCACCM,SCMT,SI,PC22,D4,FI,,P076
45684,PISA/BIN. PISA SAN ROSSORE (TIRRENICA),45686,DEV. LA SPEZIA / LUCCA,F045,0.46,2,TE,F,BAB-CC,SCC,SCMT,SI,PC32,D4,FI,,
79175,CANNE DELLA BATTAGLIA,75300,BARLETTA,C198,11.78,1,TD,CST,ALT,SPO,SCMT,SI,FS,C3L,BA,,
72970,VINCHIATURO,73000,BOSCO REDOLE,C202,5.52,1,TD,CST,BCA,CTC,SCMT,NO,FS,C3L,NA,,P246
22020,PC CALDIERO,22060,S.BONIFACIO,F025,8.35,2,TE,F,BAB-CC,SCCACCM,SCMT,SI,PC80,D4,VR,,
90620,VALLELUNGA,90660,VILLALBA,C177,4.9,1,TE,CS,BCA,CTC,SCMT,SI,FS,C3L,PA,,0275A
42000,GODO,42040,RAVENNA,C108,12.94,1,TE,CS,BCA,CTC,SCMT,SI,PC32,D4L,BO,,
86260,CAPO D'ORLANDO-NASO,86300,ZAPPULLA,C175,5.92,1,TE,CS,BCA,SCC,SCMT,SI,PC22,C3,PA,,
02065,BALDICHIERI-TIGLIOLE,02100,S.DAMIANO D'ASTI,F003,3.73,2,TE,F,BAB-CC,DC,SCMT,SI,PC32,D4,TO,,P131
84000,AFRICO NUOVO,84040,FERRUZZANO,C162,4.32,1,TD,CS,BCA,CTC,SCMT,SI,PC32,C3L,RC,,P245
27580,MEOLO,27540,FOSSALTA DI PIAVE,F035,3.83,2,TE,F,BCAB,SCC,SCMT,SI,PC80,D4L,VE,,0365A
62600,CORCHIANO,62605,FABRICA DI ROMA,,4.21,1,,CS,ALT,DU,,,n.c.,,RM,B,
27420,S.STINO DI LIVENZA,27410,LISON,F035,6.88,2,TE,F,BCAB,SCC,SCMT,SI,PC80,D4L,VE,,0365A
32020,P.M. VAT,33153,UDINE PARCO DEV. LAIPACCO,F037,6.17,1,TE,CS,BCA,DC,SCMT,SI,PC80,D4,TS,,
51440,MONTECATINI TERME,51450,PES MONTECATINI,C116,7.37,2,TE,CS,BAB-CC,CTCACCM,SCMT,SI,FS,D4,FI,,
25800,GONZAGA-REGGIOLO,25805,VILLANOVA DI REGGIOLO,C072,3.32,1,TE,CS,BCA,CTC,SCMT,NO,PC45,D4L,BO,,
58860,MOSCIANO S.ANGELO,54680,GIULIANOVA,C211,7.79,1,TE,CST,BCA,CTC,SCMT,NO,FS,C3L,AN,,
39970,SAN LAZZARO DI SAVENA,40000,P.M. MIRANDOLA-OZZANO,N005,4.36,2,TE,N,BAB-CC,CTC,SCMT,SI,PC80,D4,BO,,P223|P262A
60400,MONTEROTONDO,60429,SETTEBAGNI,N007,9.2,2,TE,N,BAB-CC,SCCACCM,SCMT,SI,PC45,D4L,RM,,
89140,PALERMO S.LORENZO,89145,PALERMO LA MALFA,C181,0.86,2,TE,CS,BCAB,SCC,SCMT,SI,FS,C3,PA,,0036
41360,OCCHIOBELLO,41400,PONTELAGOSCURO,F031,3.36,2,TE,F,BAB-CC,DC,SCMT,SI,PC80,D4,BO,,P223
94420,PABILLONIS,94460,URAS-MOGORO,C187,9.88,1,TD,CS,BCA,CTC,SCMT,NO,PC30,D4,CA,,P254A
05220,CANDIA CANAVESE,05260,CALUSO,C002,3.5,1,TE,CS,BCA,CTC,SCMT,NO,FS,C3L,TO,,P123
54360,PORTO S.ELPIDIO,54400,PORTO S.GIORGIO FERMO,F067,9.1,2,TE,F,BAB-CC,SCC,SCMT,SI,PC80,D4,AN,,
58065,S.CLAUDIO,58100,CORRIDONIA-MOGLIANO,C126,4.7,1,TD,CS,BCA,CTC,SCMT,NO,FS,C3L,AN,,P147
29140,CARPANE'-VALSTAGNA,29150,S.NAZARIO,C221,3.5,1,TD,CST,BCA,CTC,SCMT,NO,FS,C3L,VE,,
19380,PIADENA,19420,BOZZOLO,C063,8.51,1,TE,CS,BCA,CTC,SCMT,SI,PC45,D4,MI,,I178A
11880,SOMMA LOMBARDO,11920,CASORATE SEMPIONE,F013,2.73,2,TE,F,BA-CC,DC,SCMT,SI,PC80,D4L,MI,,
28940,CASTELFRANCO VENETO,29290,RESANA,C092,4.85,1,TE,CS,BCA,SCC,SCMT,NO,PC80,D4L,VE,,
13052,BIVIO LAMBRO,13640,MILANO LAMBRATE,N002,2.44,2,TE,N,BAB-CC,SCCACCM,SCMT,SI,PC80,D4,MI,,
26004,"SEGN. CONFINE KM 190,229",26007,P.M. LIVRAGA,A005,23.98,2,TE25,F,BRA,SCCACCM,ERTMS_L2,SI,PC80,D4,BO,,
35740,VARAZZE,35780,COGOLETO,F007,7.26,2,TE,F,BAB-CC,DC,SCMT,SI,PC32,D4,GE,,
51720,MONZONE MONTE DEI BIANCHI ISOLANO,51760,EQUI TERME,C119,2.56,1,TD,CS,BCA,CTC,SCMT,NO,FS,D4,FI,,
73571,CAMPO DI NUSCO,73560,NUSCO,C223,3.19,1,TD,CST,BCA,CTC,SSC,NO,FS,<A,NA,B,
53745,MISANO ADRIATICO,53780,CATTOLICA-S.GIOVANNI GABICCE,F063,4.36,2,TE,F,BAB-CC,SCCACCM,SCMT,SI,PC80,D4L,AN,,
13380,CALCIO,13420,CHIARI,F023,6.76,2,TE,F,BAB-CC,SCCACCM,SCMT,SI,PC80,D4,MI,,
20520,CORSICO,20522,CESANO BOSCONE,C058,1.5,2,TE,CS,BAB-CC,CTC,SCMT,SI,FS,C3L,MI,,
56720,MANOPPELLO,56725,INTERPORTO D'ABRUZZO,C125,5.18,1,TE,CS,BCA,CTC,SCMT,SI,PC80,C3L,AN,,P240A|P240B
89310,PIRAINETO,89340,CINISI-TERRASINI,C204,6.3,1,TE,CST,BCA,CTC,SCMT,NO,FS,C3L,PA,,
33355,CORNINO,33381,FORGARIA-BAGNI ANDUINS,C226,4.2,1,TD,CST,BCA,CTC,SSC,NO,FS,B2,TS,B,P199
33835,AL CAVALCAVIA,33840,FRUGAROLO-BOSCOMARENGO,F003,8.98,2,TE,F,BA-CC,DC,SCMT,SI,PC32,D4L,GE,,
40500,RIMINI,53735,RIMINI MIRAMARE,F063,5.24,2,TE,F,BAB-CC,SCCACCM,SCMT,SI,PC80,D4L,AN,,
50740,S.CASSIANO,50745,STRADA CASALE,C111,4.7,1,TD,CS,BCA,CTC,SSC,SI,FS,<A,FI,,P200
60680,ORBETELLO-MONTE ARGENTARIO,60720,CAPALBIO,F051,12.28,2,TE,F,BAB-CC,SCC,SCMT,SI,PC32,D4,FI,,
80160,MARATEA,80165,MARINA DI MARATEA,F075,4.58,2,TE,F,BAB-CC,CTC,SCMT,SI,PC32,D4L,RC,,P140
49495,BORGHETTO PARMENSE,49500,NOCETO,F047,3.92,1,TE,F,BA-CF,CTC,SCMT,SI,PC22,D4,FI,,
92500,MINEO,92540,VIZZINI,C172,8.97,1,TD,CS,BCA,CTC,SCMT,SI,PC22,C3L,PA,,
61320,ROMA OSTIENSE,65810,ROMA TRASTEVERE,N007,1.53,2,TE,N,BAB-CC,SCCACCM,SCMT,SI,PC32,C3,RM,,
28403,BIVIO MAROCCO,28410,VENEZIA MESTRE OSPEDALE,N003,1.85,2,TE,N,BAB-CC,SCC,SCMT,SI,PC80,D4L,VE,,
94260,SERRAMANNA-NURAMINIS,94300,SAMASSI-SERRENTI,C187,6.5,2,TD,CS,BCAB,CTCACCM,SCMT,NO,PC30,D4,CA,,P254A
08737,VILLENEUVE,08740,ARVIER,C003,4.35,1,TD,CS,BCA,DL,SSC,NO,FS,A,TO,B,
05420,COMIGNAGO,05460,BORGOMANERO,C227,9.19,1,TD,CST,BCA,CTC,SSC,NO,FS,C3L,TO,B,
92420,FILDIDONNA,92460,MILITELLO,C172,6.7,1,TD,CS,BCA,CTC,SCMT,SI,PC22,C3L,PA,,
35500,BORGIO VEREZZI,35540,FINALE LIGURE MARINA,F009,2.87,1,TE,F,BCA,DC,SCMT,SI,PC22,D4,GE,,
27040,PADOVA,30362,GS ALTICHIERO,C082,1.64,2,TE,CS,BAB-CF,SCC,SCMT,SI,PC80,D4,VE,,
17823,OLCIO,17860,MANDELLO DEL LARIO,C040,2.85,1,TE,CS,BCA,CTC,SCMT,NO,PC22,C3L,MI,,
60110,DEV. INTERC. AV,62660,ROMA PRENESTINA,N007,2.06,2,TE,N,BAB-CC,SCC,SCMT,SI,PC80,D4,RM,,
32111,UDINE PARCO DEV. PRADAMANO,33153,UDINE PARCO DEV. LAIPACCO,F037,0.75,1,TE,CS,BCA,DC,SCMT,SI,PC80,D4,TS,,
09160,GHISLARENGO,09180,CARPIGNANO SESIA,C199,3.44,1,TD,CST,BCA,DL,SSC,NO,FS,B2L,TO,,
80280,MARCELLINA-VERBICARO-ORSOMARSO,80285,GRISOLIA-S.MARIA,F075,3.06,2,TE,F,BAB-CC,CTC,SCMT,SI,PC32,D4L,RC,,
33081,DEV.ESTREMO LATO TORVISCOSA,33083,DEV.ESTREMO LATO CERVIGNANO A.G.,F035,0.43,1,TE,F,BA-CF,DC,SCMT,SI,PC80,D4,TS,,
13640,MILANO LAMBRATE,14660,QUADRIVIO P.C. TURRO,N002,2.04,2,TE,N,BAB-CC,SCCACCM,SCMT,SI,PC80,D4,MI,,
67340,TEANO,67380,SPARANISE,F061,7.3,2,TE,F,BAB-CC,DC,SCMT,SI,PC45,C3,NA,,
87140,PALERMO C.LE BINARI BRANCACCIO,89323,PALERMO MAREDOLCE,C176,0.97,2,TE,CS,BA-CF,DC,SCMT,SI,FS,C3L,PA,,0036
08750,DERBY,08755,LA SALLE,C003,2.78,1,TD,CS,ALT,SPO,SSC,NO,FS,A,TO,B,
86100,PATTI-S.PIERO PATTI,86050,P.C. TINDARI,C175,0.0,2,,,,,SCMT,,n.c.,,PA,,
27300,VENEZIA MESTRE,27785,VENEZIA MARGHERA SCALO,N003,2.23,1,TE,N,BCA,DC,SCMT,SI,PC80,D4,VE,,
34247,BIVIO RIVAROLO,36940,GENOVA CAMPASSO,F019,1.68,1,TE,F,BA-CF,SCC,SCMT,SI,FS,C3,GE,,
31860,CARNIA,31870,VENZONE,F037,4.77,2,TE,F,BAB-CC,SCC,SCMT,SI,PC80,D4,TS,,
82340,TREBISACCE,82345,VILLAPIANA LIDO,C160,7.13,1,TE,CS,BCA,CTC,SCMT,SI,PC45,C3,RC,,
42700,BOLOGNA CENTRALE,39958,BOLOGNA S.VITALE,N005,2.72,2,TE,N,BAB-CC,CTC,SCMT,SI,PC22,D4,BO,,P223
82300,AMENDOLARA-ORIOLO,82340,TREBISACCE,C160,9.71,1,TE,CS,BCA,CTC,SCMT,SI,PC45,C3,RC,,
59940,ALVIANO,59980,ATTIGLIANO BOMARZO,F053,9.02,2,TE,F,BAB-CC,CTC,SCMT,SI,PC22,D4L,FI,,
65890,PARCO LEONARDO,65884,FIERA DI ROMA,N007,2.28,2,TE,N,BCABM,DC,SCMT,SI,FS,C3,RM,,
53280,RIPAFRATTA,51110,BIVIO MONTUOLO,C117,1.6,1,TE,CS,BCA,CTC,SCMT,SI,FS,D4L,FI,,
46320,CECINA,46360,BOLGHERI,F051,7.87,2,TE,F,BAB-CC,SCC,SCMT,SI,PC80,D4,FI,,
28678,DEV.EST.PADOVA,28680,PADOVA INTERPORTO,F031,2.68,1,TE,F,BCA,DC,SCMT,SI,PC80,D4,VE,,
63020,VALLE DELL'ANIENE-MANDELA-SAMBUCI,62983,VICOVARO,C132,3.11,1,TE,CS,BCA,SCCACCM,SCMT,SI,PC22,C3L,RM,,
46840,P.C. S.DONATO,46880,1° BIVIO VALDARNO NORD,F055,5.65,2,TE,F,BRA,SCCACCM,ERTMS_L2,SI,PC22,D4L,FI,,
15900,GAZZADA-SCHIANNO-MORAZZONE,15905,CASTRONNO,C049,4.0,2,TE,CS,BCAB,CTC,SCMT,SI,PC22,C3L,MI,,
13100,MELZO SCALO,17125,BIVIO CASIRATE,F023,8.68,2,TE,F,BAB-CC,SCCACCM,SCMT,SI,PC80,D4,MI,,
41620,S.GIORGIO DI PIANO,42470,BOLOGNA INTERPORTO,N005,4.94,1,TE,N,ALT,DC,SCMT,SI,PC80,D4,BO,,
68545,MARCIANISE,68551,RECALE,C137,3.22,2,TE,CS,BAB-CC,SCC,SCMT,SI,PC32,C3L,NA,,
52520,CASTELLINA IN CHIANTI - MONTERIGGIONI,52545,BADESSE,C121,6.28,1,TD,CS,BCA,CTC,SCMT,SI,FS,D4,FI,,P101
78700,NASISI,78740,MONTEIASI-MONTEMESOLA,C157,8.98,1,TE,CS,BCA,CTC,SCMT,SI,PC45,C3,BA,,
12385,RHO FIERA,12420,MILANO CERTOSA,N002,4.09,2,TE,N,BAB-CC,SCCACCM,SCMT,SI,PC80,D4,MI,,
70721,PADULA,70727,MONTESANO,,5.77,1,TD,CS,ALT,DU,,,n.c.,,NA,B,
58665,SASSOFERRATO-ARCEVIA,58650,MELANO-MARISCHIO,C239,12.5,1,TD,CSP,ALT,SPO,SSC,NO,FS,C3L,AN,B,
89096,PALAZZO REALE-ORLEANS,89099,PALERMO LOLLI,C176,2.79,1,TE,CS,BA-CF,DC,SCMT,SI,FS,C3L,PA,,0036
42700,BOLOGNA CENTRALE,39958,BOLOGNA S.VITALE,N005,2.63,2,TE,N,BAB-CC,CTC,SCMT,SI,PC45,D4,BO,,P261
41280,ARQUA',41320,POLESELLA,F031,5.28,2,TE,F,BAB-CC,DC,SCMT,SI,PC80,D4,VE,,P223
40160,CASTELBOLOGNESE - RIOLO TERME,41840,SOLAROLO,C106,5.52,1,TE,CS,BCA,CTC,SCMT,SI,PC80,D4L,BO,,
27900,CODROIPO,28020,CASARSA,F037,10.76,2,TE,F,BCAB,SCC,SCMT,SI,PC80,D4L,TS,,
55475,S.LIBERATO,60120,ORTE,F065,5.84,2,TE,F,BCAB,DC,SCMT,SI,PC45,D4L,AN,,
96100,CARBONIA STATO,96087,MONTE ARCAU,C191,10.95,1,TD,CS,BCA,CTC,SSC,NO,FS,D4L,CA,,P254B
36620,LEVANTO,36660,MONTEROSSO,F045,4.31,2,TE,F,BAB-CC,SCC,SCMT,SI,PC22,D4L,GE,,
65423,CASTEL GANDOLFO,65425,VILLETTA,C134,1.01,1,TE,CS,BCA,CTC,SCMT,SI,FS,A,RM,,
22700,PONTE GARDENA-LAION,22780,PRATO TIRES,F027,14.44,2,TE,F,BAB-CC,SCC,SCMT,SI,PC80,D4L,VR,,P224
24660,BRUNICO,24655,BRUNICO NORD,C067,0.9,1,TE,CS,BCA,CTC,SCMT,NO,PC80,D4L,VR,,
94540,S.ANNA,94580,ORISTANO,C187,10.67,1,TD,CS,BCA,CTC,SCMT,NO,PC30,D4,CA,,P254A
75000,FOGGIA,79035,AMENDOLA,C236,16.35,1,TD,CSP,ALT,SPO,SCMT,NO,PC45,D4,BA,,
12980,MILANO GRECO PIRELLI,14825,PIAZZALETTO LOCOMOTIVE,N002,3.35,2,,,,,SCMT,,n.c.,,MI,,
95460,ENAS,95470,OLBIA TERRANOVA,C185,9.58,1,TD,CS,BCA,CTC,SCMT,NO,PC30,C3L,CA,,
90020,ACQUAVIVA-CASTELTERMINI,90060,CAMPOFRANCO,C182,7.58,1,TE,CS,BCA,CTC,SCMT,SI,FS,A,PA,,P247
42200,DOPPIO BIVIO P.C. BEVERARA,42240,BIVIO ARCOVEGGIO,N005,1.57,2,TE,N,BAB-CC,CTCACCM,SCMT,SI,PC80,D4,BO,,
40160,CASTELBOLOGNESE - RIOLO TERME,40200,FAENZA,F063,7.23,2,TE,F,BAB-CC,SCCACCM,SCMT,SI,PC80,D4,BO,,P223
59004,SEGN.CONF. PM PIEVE,59000,1° BIVIO CHIUSI SUD,,0.79,2,TE,F,BRA,SCCACCM,ERTMS_L2,SI,PC22,D4L,FI,,
12505,CHIASSO,12540,COMO S.GIOVANNI,F017,4.15,2,TE,F,BAB-CC,DC,ERTMS_L1_SOVR,SI,PC22,D4,MI,,
34820,BORDIGHERA,34900,SAN REMO,F009,11.52,2,TE,F,BAB-CC,SCCACCM,SCMT,SI,PC22,D4,GE,,
26135,P.M. IDICE,26140,MONTE BIBELE PDE,A007,1.25,2,TE25,F,BRA,SCCACCM,ERTMS_L2,SI,PC80,D4,BO,,
34600,MIGNANEGO,34640,GENOVA S.QUIRICO,N004,6.97,2,TE,N,BAB-CC,SCC,SCMT,SI,PC22,D4L,GE,,
23040,SALORNO,23080,MEZZOCORONA,F027,7.37,2,TE,F,BAB-CC,SCC,SCMT,SI,PC80,D4,VR,,P224
27880,BASILIANO,27900,CODROIPO,F037,11.53,2,TE,F,BCAB,SCC,SCMT,SI,PC80,D4L,TS,,
88180,CATANIA ACQUICELLA,88185,CATANIA AEROPORTO FONTANAROSSA,C170,2.31,2,TE,CS,BAB-CF,DC,SCMT,SI,PC22,C3,PA,,0270
52675,ASCIANO-MONTE OLIVETO MAGGIORE,52680,ASCIANO,C122,2.2,1,TD,CS,BCA,CTC,SCMT,NO,FS,D4L,FI,,
20240,CAORSO,20237,MONTICELLI D'ONGINA,C056,7.41,1,TE,CS,BCA,CTC,SCMT,NO,PC45,D4L,MI,,
62710,SALONE,62703,LA RUSTICA UIR,N007,1.25,2,TE,N,BAB-CC,SCC,SCMT,SI,PC22,C3L,RM,,
20940,TRIUGGIO-PONTE ALBIATE,20943,CARATE-CALO',C042,2.38,1,TD,CS,BEM,DC,SCMT,NO,FS,C3,MI,,
21904,DEV. ESTREMO VR,23860,VERONA PORTA NUOVA SCALO,F025,1.01,2,TE,F,BAB-CF,SCC,SCMT,SI,PC80,D4,VR,,P222
76020,FASANO,75940,MONOPOLI,C150,0.0,2,TE,CS,BCAB,SCC,SCMT,SI,PC45,D4L,BA,,P223
08740,ARVIER,08745,AVISE,C003,3.23,1,TD,CS,ALT,SPO,SSC,NO,FS,A,TO,B,
87560,ROCCALUMERA-MANDANICI,87565,FURCI,C169,1.51,1,TE,CS,BCA,SCC,SCMT,SI,PC22,C3,PA,,
92740,NISCEMI,92820,PRIOLO SOTTANO,C172,13.28,1,TD,CS,BCA,CTC,SSC,NO,PC22,C3,PA,B,P232
85400,SETTINGIANO,85440,CATANZARO,C163,6.32,1,TD,CS,BCA,SCCACCM,SCMT,SI,PC45,C3,RC,,P245
30435,TREVIGNANO-SIGNORESSA,30440,POSTIOMA,C083,5.0,1,TE,CS,BCA,CTC,SCMT,NO,FS,C3L,VE,,
16536,MI. FORLANINI,14940,P.M. TRECCA,N002,0.66,2,TE,N,BAB-CC,SCCACCM,SCMT,SI,PC80,D4,MI,,
02280,SOLERO,02318,PONTE TANARO ALESSANDRIA,F003,7.58,2,TE,F,BAB-CC,DC,SCMT,SI,PC32,D4,TO,,P131
07070,BANDITO,07100,BRA,C015,4.36,1,TE,CS,BCA,DL,SCMT,NO,PC32,C3L,TO,,
13150,P.M. BIVIO ADDA,13220,TREVIGLIO,F023,2.74,2,TE,F,BAB-CC,SCCACCM,SCMT,SI,PC80,D4,MI,,
34000,ARQUATA SCRIVIA,37597,DEV.ESTR.ARQUATA,F019,1.02,2,TE,F,BAB-CC,SCC,SCMT,SI,PC22,D4L,GE,,
72740,VENAFRO,72745,DEV.EST. VENAFRO SUD,F061,1.74,1,TE,F,BCA,DC,SCMT,NO,PC45,C3L,NA,,
16450,LEVATE,16455,STEZZANO,C051,3.79,2,TE,CS,BAB-CC,SCCACCM,SCMT,NO,PC80,D4L,MI,,
82680,MANDATORICCIO-CAMPANA,82720,CARIATI,C161,6.04,1,TD,CS,BCA,CTC,SCMT,SI,PC32,C3L,RC,,P245
76887,P.M.CAGIONI,76980,PALAGIANO-CHIATONA,C156,8.14,1,TE,CS,BCA,CTC,SCMT,SI,PC45,C3L,BA,,
19960,REMEDELLO SOPRA,19963,REMEDELLO SOTTO,C065,2.45,1,TD,CS,BCA,CTC,SCMT,NO,PC22,C3L,MI,,
65815,VILLA BONELLI,65810,ROMA TRASTEVERE,N007,3.25,2,TE,N,BCABM,DC,SCMT,SI,PC32,C3,RM,,
65663,LIDO DI LAVINIO,65665,VILLA CLAUDIA,C130,1.95,1,TE,CS,BCA,SCCACCM,SCMT,NO,FS,C3L,RM,,
73080,BOIANO,73060,S.POLO MATESE,C139,4.26,1,TD,CS,BCA,CTC,SCMT,NO,FS,C3L,NA,,P246
35860,GENOVA VOLTRI,35862,GENOVA VOLTRI FM,N004,1.34,1,TE,N,BA-CC,SCCACCM,SCMT,SI,PC45,D4,GE,,
32020,P.M. VAT,32060,UDINE,F037,4.49,1,TE,F,BCA,DC,SCMT,SI,PC80,D4,TS,,
04740,Châtillon-Saint-Vincent,04780,MONTJOVET,C002,7.41,1,TD,CS,BCA,CTC,SCMT,NO,FS,C3L,TO,,P123
75640,MARCONI,75700,BARI PARCO SUD,C150,0.86,2,TE,CS,BAB-CC,SCC,SCMT,SI,PC45,D4L,BA,,
86710,P.P. OGLIASTRILLO,86740,LASCARI-GRATTERI,C175,5.3,2,TE,CS,BAB-CC,SCC,SCMT,SI,PC22,C3,PA,,
90900,ENNA,90940,LEONFORTE PIRATO,C178,11.11,1,TE,CS,BCA,CTC,SCMT,NO,FS,C3L,PA,,0275A
09600,SANNAZZARO,09525,FERRERA LOMELLINA,C028,3.54,1,TD,CS,BCA,CTC,SCMT,NO,FS,D4L,TO,,
00280,EXILLES,00320,CHIOMONTE,F001,5.97,2,TE,F,BAB-CC,DC,SCMT,SI,PC45,D4,TO,,
20380,CORTEOLONA,20383,S.CRISTINA E BISSONE,C060,2.02,1,TD,CS,BCA,CTC,SCMT,NO,PC22,C3L,MI,,
46320,CECINA,53610,RIPARBELLA,C207,8.53,1,TD,CST,ALT,SPO,SSC,NO,FS,C3L,FI,,
11600,STRESA,11560,BAVENO,F013,3.81,2,TE,F,BA-CC,DC,SCMT,SI,PC50,D4,MI,,
01400,SANTHIA',08900,SALUSSOLA,C244,11.17,1,TE,CSP,BCA,DL,SCMT,NO,FS,C3L,TO,,
03120,SARTIRANA,03160,TORREBERETTI,C026,5.83,2,TE,CS,BCA,DL,SCMT,SI,PC45,D4L,TO,,
30611,DEV.RACCORDO PARTENZE,30614,CERVIGNANO SMISTAMENTO,C095,1.63,1,TE,CS,BCA,DC,SCMT,SI,PC80,D4,TS,,
53980,MONTEMARCIANO,54020,FALCONARA MARITTIMA,F063,4.74,2,TE,F,BAB-CC,SCCACCM,SCMT,SI,PC80,D4L,AN,,0297A
08540,AIRASCA,08580,PISCINA DI PINEROLO,C008,4.63,1,TE,CS,BCA,DL,SCMT,NO,FS,C3L,TO,,
02860,P.M. CAMERI,02900,VIGNALE,C023,8.57,1,TE,CS,BCA,DL,SCMT,SI,PC80,D4L,TO,,
87060,BAGHERIA,87100,FICARAZZI,C176,3.94,2,TE,CS,BAB-CC,SCC,SCMT,SI,PC22,C3,PA,,
41960,RUSSI,44680,GRANAROLO FAENTINO,C109,8.14,1,TE,CS,BCA,CTC,SCMT,SI,PC80,D4L,BO,,
96152,DEV.CHIL.LATO P.T. (BRETELLA),96154,DEV.CHIL.LATO MACOM. (BRETELLA),C186,1.7,1,TD,CS,BCA,CTC,SCMT,NO,PC45,C3L,CA,,
06820,VIGLIANO D'ASTI,06840,MONTEGROSSO,C195,1.93,1,TE,CST,BCA,DL,SCMT,SI,FS,C3L,TO,,
38400,P.P. CORVI (posto passaggio doppio/semplice),38418,PES DORIA,N004,0.0,2,TE,N,BAB-CC,SCCACCM,SCMT,SI,PC45,D4,GE,,
03205,VALMADONNA,03207,"CIPPO KM 0/88,522",C007,6.57,2,TE,CS,BCAB,DL,SCMT,SI,PC45,D4L,TO,,
91060,LIBERTINIA,91070,SPARAGOGNA,C178,5.09,1,TE,CS,BCA,CTC,SCMT,NO,FS,C3L,PA,,0275A
23345,SERRAVALLE ALL'ADIGE,23380,ALA,F027,6.18,2,TE,F,BAB-CC,SCC,SCMT,SI,PC80,D4,VR,,P224
65960,FIUMICINO AEROPORTO,65890,PARCO LEONARDO,N007,4.57,2,TE,N,BCABM,DC,SCMT,SI,FS,C3,RM,,
28728,DEV.ESTR. VICENZA,28730,LISIERA,C086,6.0,2,TE,CS,BCAB,SCC,SCMT,SI,PC80,D4L,VE,,
78030,BARILE,78040,RIONERO-ATELLA-RIPACANDIDA,C154,2.6,1,TD,CS,BCA,CTC,SCMT,SI,FS,C3L,BA,,1674
26036,P.C. FONTANELLATO,26037,1° BIVIO PARMA EST,A005,23.1,2,TE25,F,BRA,SCCACCM,ERTMS_L2,SI,PC80,D4,BO,,
21200,OGGIONO,21123,SALA AL BARRO-GALBIATE,C043,4.59,1,TD,CS,BCA,DC,SCMT,NO,FS,D4L,MI,,P198
37360,SANTUARIO,37362,"CIPPO KM 0/1,493",C097,5.66,1,TE,CS,BCA,SCC,SCMT,SI,PC32,C3L,GE,,
72731,S.PIETRO INFINE,72735,DEV.EST. VENAFRO NORD,F061,8.71,1,TE,F,BCA,DC,SCMT,NO,PC45,D4L,NA,,
27460,CEGGIA,27420,S.STINO DI LIVENZA,F035,5.27,2,TE,F,BCAB,SCC,SCMT,SI,PC80,D4L,VE,,0365A
38090,GENOVA COSTA,38094,DEV.ESTR.GENOVA BORZOLI,C098,1.14,1,TE,CS,BCA,SCC,SCMT,SI,PC45,D4L,GE,,
16020,LECCO,17900,ABBADIA LARIANA,C040,6.99,1,TE,CS,BCA,CTC,SCMT,NO,PC22,C3L,MI,,
02240,FELIZZANO,02280,SOLERO,F003,6.3,2,TE,F,BAB-CC,SCCACCM,SCMT,SI,PC32,D4,TO,,P131
06200,VEROLENGO,06227,BORGO REVEL,C005,3.85,1,TE,CS,BCA,CTC,SCMT,NO,PC45,C3,TO,,
69940,SALERNO,72280,TORRIONE,C147,1.66,1,TE,CS,BCA,DL,SCMT,SI,FS,C3,NA,,
11600,STRESA,11640,BELGIRATE,F013,6.18,2,TE,F,BA-CC,DC,SCMT,SI,PC50,D4,MI,,
31420,TARVISIO BOSCOVERDE,31460,UGOVIZZA VALBRUNA,F037,9.54,2,TE,F,BAB-CC,SCC,SCMT,SI,PC80,D4,TS,,
27010,GS MONTA',41000,PADOVA CAMPO MARTE,F025,1.94,1,TE,F,BA-CF,SCC,SCMT,SI,PC80,D4,VE,,
49780,P.C. CITERNA-TARO,49820,SOLIGNANO,F047,5.25,2,TE,F,BCAB,CTC,SCMT,SI,PC22,C3L,FI,,
23160,TRENTO,25090,TRENTO S.CHIARA,C232,3.46,1,TD,CST,BCA,CTC,SCMT,NO,FS,C3,VR,,P128
60460,ROMA SMISTAMENTO,64061,P.M. VAL D'ALA ROMA SMISTAMENTO,N007,2.11,2,TE,N,ALT,DC,SCMT,SI,PC32,C3L,RM,,
22400,COLLE ISARCO,22440,VIPITENO VAL DI VIZZE,F027,5.8,2,TE,F,BAB-CC,SCC,SCMT,SI,PC80,D4L,VR,,P224
86860,FIUMETORTO,86900,TERMINI IMERESE,C176,6.8,2,TE,CS,BAB-CC,SCC,SCMT,SI,PC22,C3,PA,,
54400,PORTO S.GIORGIO FERMO,54440,PEDASO,F067,10.24,2,TE,F,BAB-CC,SCC,SCMT,SI,PC80,D4,AN,,
16538,MILANO PORTA VITTORIA,16536,MI. FORLANINI,N002,1.42,2,TE,N,BA-CC,SCCACCM,SCMT,SI,PC22,D4,MI,,
72360,FISCIANO,72400,BARONISSI,C148,1.75,1,TE,CS,BCA,CTC,SCMT,SI,FS,A,NA,,I173
25680,MANTOVA,25683,BORGOCHIESANUOVA,C071,2.49,1,TE,CS,BCA,CTC,SCMT,NO,PC45,D4L,VR,,
82880,STRONGOLI,82920,GABELLA GRANDE,C161,9.11,1,TD,CS,BCA,CTC,SCMT,SI,PC32,C3L,RC,,P245
46960,1° BIVIO VALDARNO SUD,46880,1° BIVIO VALDARNO NORD,F055,20.05,2,TE,F,BRA,SCCACCM,ERTMS_L2,SI,PC22,D4L,FI,,
13580,BRESCIA,21540,REZZATO,F023,8.57,2,TE,F,BAB-CC,SCCACCM,SCMT,SI,PC80,D4,VR,,
83160,BOTRICELLO,83200,CROPANI,C161,4.04,1,TD,CS,BCA,CTC,SCMT,SI,PC32,C3L,RC,,P245
52545,BADESSE,52560,SIENA,C121,7.96,1,TD,CS,BCA,CTC,SCMT,SI,FS,D4,FI,,P101
30805,SISTIANA-VISOGLIANO,30800,BIVIO D'AURISINA,F035,2.73,2,TE,F,BAB-CF,SCCACCM,SCMT,SI,PC80,D4L,TS,,0365A
01012,BIVIO SETTIMO TORINESE,01040,SETTIMO TORINESE,N001,1.75,2,TE,N,BAB-CC,SCCACCM,SCMT,SI,PC80,D4,TO,,
60560,ALBERESE,60600,TALAMONE,F051,8.79,2,TE,F,BAB-CC,SCC,SCMT,SI,PC80,D4,FI,,
30460,PAESE-CASTAGNOLE,28340,TREVISO CENTRALE,C083,6.25,1,TE,CS,BCA,CTC,SCMT,NO,FS,C3L,VE,,
89140,PALERMO S.LORENZO,89125,PALERMO FRANCIA,C181,0.85,2,TE,CS,BCAB,SCC,SCMT,SI,FS,C3,PA,,0036
16020,LECCO,21120,VALMADRERA,C043,3.73,1,TD,CS,BCA,DC,SCMT,NO,FS,D4L,MI,,P198
41350,CANARO,41360,OCCHIOBELLO,F031,4.72,2,TE,F,BAB-CC,DC,SCMT,SI,PC80,D4,VE,,P223
51090,NOZZANO,51110,BIVIO MONTUOLO,C113,1.74,1,TE,CS,BCA,CTC,SCMT,SI,FS,D4,FI,,
35640,SAVONA,37670,SAVONA P. DORIA,F007,1.46,2,TE,F,BA-CF,DC,SCMT,SI,PC22,D4,GE,,
41660,CASTELMAGGIORE,41720,BOLOGNA CORTICELLA,N005,2.96,2,TE,N,BAB-CC,CTCACCM,SCMT,SI,PC80,D4,BO,,
26236,"SEGN. CONFINE KM 5,611",45000,FIRENZE CASTELLO,A007,0.24,2,TE,F,BAB-CC,SCCACCM,SCMT,SI,PC80,D4,BO,,
28860,CITTADELLA,30525,VILLA DEL CONTE,C090,6.72,1,TE,CS,BCA,SCC,SCMT,NO,FS,C3L,VE,,
27500,S.DONA' DI PIAVE JESOLO,27460,CEGGIA,F035,7.9,2,TE,F,BCAB,SCC,SCMT,SI,PC80,D4L,VE,,0365A
48820,PONTEDERA-CASCIANA TERME,48860,CASCINA,F049,6.89,2,TE,F,BAB-CC,SCC,SCMT,SI,PC80,D4,FI,,
13700,MILANO ROGOREDO,15138,MILANO ROGOREDO DEV.U.,N002,1.93,2,TE,N,BAB-CC,CTC,SCMT,SI,PC45,C3L,MI,,
80440,CETRARO,80445,ACQUAPPESA,F075,3.25,2,TE,F,BAB-CC,CTC,SCMT,SI,PC32,D4L,RC,,
81800,S.DOMENICA,81840,RICADI CAPO VATICANO,F077,4.17,1,TE,F,BCA,CTC,SCMT,SI,FS,C3,RC,,
55260,PORTO DI VASTO,55340,VASTO S.SALVO,F067,11.43,2,TE,F,BCAB,SCC,SCMT,SI,PC45,D4,AN,,P223
08398,BEVERA,34760,VENTIMIGLIA,C010,4.96,1,TD,CS,BCA,CTC,SCMT,NO,FS,C3L,TO,,
20425,ORIO LITTA,20460,OSPEDALETTO LODIGIANO,C060,1.96,1,TD,CS,BCA,CTC,SCMT,NO,PC22,C3L,MI,,
41720,BOLOGNA CORTICELLA,41755,BIVIO NAVILE,N005,1.52,2,TE,N,BA-CC,CTC,SCMT,SI,PC45,D4,BO,,
58705,S.FILIPPO,58700,ASCOLI PICENO,C124,1.2,1,TE,CS,BCA,CTC,SCMT,NO,FS,D4L,AN,,
86140,S.GIORGIO,86180,GIOJOSA MAREA,C175,5.58,1,TE,CS,BCA,SCC,SCMT,SI,PC22,C3,PA,,
07100,BRA,10565,MADONNA DEL PILONE,C206,8.06,1,TD,CST,BCA,DL,SCMT,NO,PC45,C3L,TO,,
78040,RIONERO-ATELLA-RIPACANDIDA,78080,FORENZA,C154,8.33,1,TD,CS,BCA,CTC,SCMT,SI,FS,C3L,BA,,1674
52320,GRANAIOLO,52360,CASTELFIORENTINO,C121,5.71,2,TD,CS,BCAB,CTC,SCMT,SI,FS,D4,FI,,P101
76830,DEV.IM LATO BN/PZ,76840,P.M. CERVARO,F071,4.97,2,TE,F,BCA,DC,SCMT,SI,PC45,C3,BA,,1674
34321,QUADRIVIO TORBELLA,36820,GENOVA SAMPIERDARENA SMIST.TO,N004,1.33,2,TE,N,BAB-CF,SCC,SCMT,SI,PC45,D4,GE,,
72241,NOCERA INFERIORE MERCATO,72240,CODOLA,C145,3.08,1,TE,CS,BCA,CTC,SCMT,SI,FS,C3L,NA,,
59604,DEV.INT.LL/DDcpv,59660,FABRO-FICULLE,,0.0,2,TE,F,BAB-CC,CTC,SCMT,SI,PC22,D4L,FI,,
15136,MILANO ROGOREDO DEV.I,15137,MILANO ROGOREDO BIN.EST.,N002,0.58,2,TE,N,BAB-CC,CTC,SCMT,SI,PC45,C3L,MI,,
69580,PORTICI-ERCOLANO,69620,TORRE DEL GRECO,F073,3.47,2,TE,F,BAB-CC,DC,SCMT,SI,PC25,D4L,NA,,
63620,CARRITO-ORTONA,63660,COCULLO,C131,5.6,1,TE,CS,BEM,DC,SCMT,SI,PC22,C3L,RM,,A2001B|A2004E
19020,CASTIONE DEI MARCHESI,26029,2° BIVIO PP FIDENZA OVEST,C055,2.34,1,TE,CS,BCA,CTC,SCMT,NO,PC45,D4L,MI,,
78000,MELFI,78030,BARILE,C154,6.66,1,TD,CS,BCA,CTC,SCMT,SI,FS,C3L,BA,,1674
69131,CASTELFRANCO,69160,ARIANO IRPINO,F071,6.85,1,TE,F,BCA,CTC,SCMT,SI,PC22,C3L,NA,,
93970,FONTANE BIANCHE,94000,S.TERESA LONGARINI,C174,5.53,1,TD,CS,BCA,SCCACCM,SSC,SI,FS,B2,PA,,
44560,LOREO,44570,ROSOLINA,C225,4.23,1,TD,CST,BCA,DPC,SSC,NO,PC80,C3,VE,,
26037,1° BIVIO PARMA EST,26043,P.M. CAMPEGINE,A005,12.74,2,TE25,F,BRA,SCCACCM,ERTMS_L2,SI,PC80,D4,BO,,
21550,BIVIO MAZZANO,21540,REZZATO,F023,8.53,2,TE,F,BAB-CC,SCCACCM,SCMT,SI,PC80,D4,VR,,
01010,ORIGINE LINEA AV,01012,BIVIO SETTIMO TORINESE,N001,1.72,2,TE,N,BAB-CC,SCCACCM,SCMT,SI,PC80,D4,TO,,
13060,PIOLTELLO-LIMITO,13065,VIGNATE,F023,3.89,2,TE,F,BAB-CC,SCCACCM,SCMT,SI,PC80,D4,MI,,
14380,PIZZALE LUNGAVILLA,16740,VOGHERA,F005,7.37,2,TE,F,BAB-CC,SCCACCM,ERTMS_L2_SOVR,SI,PC45,D4,MI,,P133
08382,SAINT DALMAS DE TENDE,08385,FONTAN-SAORGE,C010,12.7,1,TD,CS,BCA,CTC,SCMT,NO,FS,C3L,TO,,
47943,BUCINE,47980,LATERINA,F053,4.81,2,TE,F,BAB-CC,CTC,SCMT,SI,PC22,D4L,FI,,
16960,SARMATO,17000,ROTTOFRENO,F021,4.61,2,TE,F,BCAB,SCCACCM,SCMT,SI,PC45,D4L,MI,,
44885,COTIGNOLA,41880,LUGO,C104,4.19,1,TD,CS,BCA,CTC,SCMT,SI,PC32,D4L,BO,,
06400,CASALE POPOLO,06640,PERTENGO,C233,8.16,1,TD,CST,BCA,CTC,SSC,NO,FS,C3,TO,A,
51450,PES MONTECATINI,51465,PDE SERRAVALLE,C116,7.37,2,TE,CS,BAB-CC,CTCACCM,SCMT,SI,FS,D4,FI,,
89820,TRAPANI,91820,PACECO,C192,4.59,1,TD,CST,BCA,CTC,SCMT,NO,FS,C3L,PA,,
18420,PALAZZOLO SULL'OGLIO,18517,CAPRIOLO,C234,6.35,1,TD,CSP,ALT,SPO,NO,NO,PC22,C3,MI,,
13860,SECUGNAGO,13900,CASALPUSTERLENGO,F041,6.94,2,TE,F,BAB-CC,DC,SCMT,SI,PC80,D4,MI,,
46560,FOLLONICA,46600,SCARLINO,F051,6.87,2,TE,F,BAB-CC,SCC,SCMT,SI,PC80,D4,FI,,
90500,MONTEMAGGIORE BELSITO,90540,ROCCAPALUMBA-ALIA,C180,8.65,1,TE,CS,BCA,CTC,SCMT,SI,FS,C3L,PA,,
79700,AGROPOLI-CASTELLABATE,79740,TORCHIARA,F075,5.63,2,TE,F,BAB-CC,CTC,SCMT,SI,PC32,D4L,RC,,
01440,S.GERMANO VERCELLESE,01480,OLCENENGO,F011,4.9,2,TE,F,BAB-CC,DC,SCMT,SI,PC80,D4,TO,,
72720,BARANELLO,72685,DUCA D'AOSTA,C202,7.26,1,TD,CST,BCA,CTC,SCMT,NO,FS,C3L,NA,,P246
09607,SAIRANO ZINASCO,09605,ZINASCO NUOVO,C028,2.6,1,TD,CS,BCA,CTC,SCMT,NO,FS,D4L,TO,,
06007,CUZZAGO (Linea Domo-No),11400,PREMOSELLO-CHIOVENDA,C032,3.79,1,TE,CS,BCA,CTC,SCMT,SI,PC80,D4L,TO,,
65269,VALLE AURELIA,65268,DEV.DIR.V.CLARA,N007,1.28,2,TE,N,BAB-CC,SCCACCM,SCMT,SI,FS,C3L,RM,,
57540,MOLINA-CASTELVECCHIO-SUBEQUO,57580,RAIANO,C231,8.22,1,TD,CST,BCA,CTC,SSC,NO,FS,C3L,AN,,P210A
08370,TENDE,08375,LA BRIGUE,C010,4.04,1,TD,CS,BCA,CTC,SCMT,NO,FS,C3L,TO,,
12980,MILANO GRECO PIRELLI,16355,BIVIO P.C. MIRABELLO,N002,1.9,2,TE,N,BAB-CC,SCCACCM,SCMT,SI,PC45,C3L,MI,,P054
13105,TRECELLA,13140,CASSANO D'ADDA,F023,2.57,2,TE,F,BAB-CC,SCCACCM,SCMT,SI,PC80,D4,MI,,
91660,MARSALA,91700,SPAGNUOLA,C192,6.26,1,TD,CST,BCA,CTC,SCMT,NO,FS,C3L,PA,,
92620,CALTAGIRONE,92660,PIANO CARBONE,C172,8.59,1,TD,CS,BCA,CTC,SSC,NO,PC22,C3,PA,B,P232
09682,COSTIGLIOLE (MOTTA DI),10360,CASTAGNOLE DELLE LANZE,C001,7.93,1,TD,CS,BCA,DL,SCMT,NO,FS,C3,TO,,
48610,BIVIO P.C. RENAI,49305,LASTRA A SIGNA,F049,2.98,2,TE,F,BAB-CC,CTC,SCMT,SI,PC80,D4,FI,,P076
04300,MONDOVI',07510,ROCCADEBALDI,C217,3.96,1,TD,CST,BCA,CTC,SCMT,NO,PC45,A,TO,B,
10255,COSTIGLIOLE D'ASTI,10360,CASTAGNOLE DELLE LANZE,C206,4.35,1,TD,CST,BCA,DL,SSC,NO,FS,C3L,TO,B,
02820,OLEGGIO,02825,BELLINZAGO,C023,3.5,1,TE,CS,BCA,DL,SCMT,SI,PC80,D4L,TO,,
80740,NOCERA TIRINESE,80745,FALERNA,F077,5.73,2,TE,F,BAB-CC,CTC,SCMT,SI,PC45,D4L,RC,,P140
88980,GROTTE,89020,COMITINI-ZOLFARE,C201,4.78,1,TE,CST,BA-CF,CTC,SCMT,SI,FS,B2L,PA,,
91140,SFERRO,91220,MOTTA S.ANASTASIA,C178,0.0,2,TE,CS,BCAB,CTC,SCMT,NO,FS,D4,PA,,
07700,ROBBIO,07705,NICORVO,C020,6.17,1,TD,CS,BCA,CTC,SCMT,NO,FS,C3,TO,,
58675,BELLISIO SOLFARE,58670,MONTEROSSO MARCHE,C239,6.98,1,TD,CSP,ALT,SPO,SSC,NO,FS,C3L,AN,B,
97260,IL CIONFO,97262,FIRENZE S.MARCO VECCHIO (IL CIONFO),C112,0.48,1,TD,N,BA-CF,SCCACCM,SCMT,SI,FS,D4L,FI,,
18840,P.M. KM 5,19200,CREMONA,C053,5.42,1,TE,CS,BCA,CTC,SCMT,NO,PC45,C3L,MI,,
18680,CASTELLEONE,18720,SORESINA,C057,7.52,1,TE,CS,BCA,CTC,SCMT,NO,PC45,C3L,MI,,
40283,VILLA SELVA,40300,FORLIMPOPOLI-BERTINORO,F063,2.0,2,TE,F,BAB-CC,SCCACCM,SCMT,SI,PC80,D4,BO,,P223
08060,CENTALLO,08100,S.BENIGNO DI CUNEO,C009,4.21,1,TE,CS,BCA,CTC,SCMT,NO,PC45,C3L,TO,,
58740,OFFIDA CASTEL DI LAMA,58715,MALTIGNANO,C124,5.13,1,TE,CS,BCA,CTC,SCMT,NO,FS,D4L,AN,,
28980,ALBAREDO,29020,ISTRANA,C088,6.93,2,TE,CS,BCAB,SCC,SCMT,SI,PC80,D4L,VE,,
56150,P.M. KM 228,56180,ALBACINA,F065,3.96,1,TE,F,BCA,CTC,SCMT,SI,PC45,D4L,AN,,0298|I175|P239
32840,AURISINA,32920,VILLA OPICINA,F035,12.12,2,TE,F,BCAB,DC,SCMT,SI,PC80,D4L,TS,,1604A
66183,FONTANA LIRI INFERIORE,66180,ARCE,C133,3.42,1,TD,CS,BCA,CTC,SSC,NO,FS,<A,RM,,
74170,P.C. CECCANO,74190,P.M. S.GIOVANNI,A001,23.58,2,TE25,F,BRA,SCC,ERTMS_L2,SI,PC80,D4,RM,,P224
20759,CONFINE CH/IT STABIO,20762,STABIO,,2.97,2,TE,CS,BCAB,DL,NO,SI,FS,D4,MI,,
69385,PM BOVINO,69440,PONTE ALBANITO,F071,12.07,2,TE,F,BAB-CC,CTCACCM,SCMT,SI,PC22,C3L,NA,,
56420,CHIARAVALLE,56421,CASTELFERRETTI - FALCONARA AEROPORTO DELLE MARCHE,F065,2.78,2,TE,F,BAB-CC,CTC,SCMT,SI,PC80,D4L,AN,,
15180,MILANO S.CRISTOFORO,15200,MILANO PORTA GENOVA,C058,3.38,1,TE,CS,BCA,CTC,SCMT,SI,PC22,B2,MI,,
41440,FERRARA,41460,CORONELLA,F031,7.18,2,TE,F,BAB-CC,DC,SCMT,SI,PC80,D4,BO,,P223
69940,SALERNO,72520,SALERNO IRNO,C148,1.41,1,TE,CS,BCA,CTC,SCMT,SI,FS,A,NA,,I173
08760,MORGEX,08820,PRE'-SAINT-DIDIER,C003,3.53,1,TD,CS,ALT,SPO,SSC,NO,FS,A,TO,B,
03005,ALBONESE,03040,MORTARA,C025,5.34,2,TE,CS,BCA,DL,SCMTSSC,SI,PC80,D4L,TO,,
33879,BIVIO CAB. B (NOVI S.BOVO),33880,NOVI S.BOVO,F003,0.45,1,TE,F,BA-CC,DC,SCMT,SI,PC32,D4L,GE,,
17125,BIVIO CASIRATE,17127,SEGN. CONFINE KM 28,A009,1.25,2,TE,F,BAB-CC,SCCACCM,SCMT,SI,PC80,D4,MI,,
06360,MORANO SUL PO,06365,BALZOLA,C005,2.79,1,TE,CS,BCA,CTC,SCMT,NO,PC45,C3,TO,,
76060,CISTERNINO,76100,OSTUNI,C150,12.75,2,TE,CS,BCAB,SCC,SCMT,SI,PC45,D4L,BA,,P223
14779,MILANO CENTRALE,14825,PIAZZALETTO LOCOMOTIVE,N002,3.35,2,TE,N,BA-CC,SCCACCM,SCMT,SI,PC45,D4,MI,,
55520,NARNI-AMELIA,55560,TERNI,F065,12.71,2,TE,F,BCAB,DC,SCMT,SI,PC45,D4L,AN,,
45220,BIVIO P.C. ARCOLA,45222,ARCOLA,F045,1.07,2,TE,F,BAB-CC,SCC,SCMT,SI,PC32,D4,FI,,
36150,SORI,36155,MULINETTI,F045,2.14,2,TE,F,BAB-CC,SCC,SCMT,SI,PC22,D4L,GE,,
71203,P.M. CASORIA,71208,DEV.DIR. P.M. CASORIA,F073,3.37,2,TE,F,BAB-CC,SCC,SCMT,SI,PC80,D4,NA,,
41656,FUNO CENTERGROSS,41660,CASTELMAGGIORE,N005,1.88,2,TE,N,BAB-CC,DC,SCMT,SI,PC80,D4,BO,,P223
10565,MADONNA DEL PILONE,04100,CAVALLERMAGGIORE,C206,4.84,1,TD,CST,BCA,DL,SCMT,NO,PC45,C3L,TO,,
87180,PALERMO CENTRALE,89087,DEV.U.PALERMO EX BIVIO ORETO,C176,1.75,2,TE,CS,ALT,DC,SCMT,SI,FS,C3L,PA,,0036
47125,SEGN.CONF.AR.SUD,47120,1° BIVIO AREZZO SUD,,0.99,2,TE,F,BRA,SCCACCM,ERTMS_L2,SI,PC22,D4L,FI,,
33030,RISANO,33035,S.STEFANO UDINESE,C094,2.57,1,TE,CS,BCA,DC,SCMT,SI,PC80,D4L,TS,,
71460,RIPABOTTONI-S.ELIA,72600,CAMPOLIETO-MONACILIONE,C230,8.26,1,TD,CST,BCA,CTC,SSC,NO,FS,C3L,NA,,
91780,MARAUSA,91820,PACECO,C192,9.1,1,TD,CST,BCA,CTC,SCMT,NO,FS,C3L,PA,,
46816,FIRENZE ROVEZZANO,46819,P.M. ROVEZZANO D.D.,N006,0.7,2,TE,N,BAB-CC,SCCACCM,SCMT,SI,PC22,D4L,FI,,
10205,OVIGLIO,10210,CARENTINO,C206,4.04,1,TD,CST,BCA,DL,SSC,NO,FS,C3L,TO,B,
16554,MILANO LANCETTI,16560,MILANO NORD BOVISA,N002,1.91,2,TE,N,BA-CC,CTC,SCMT,SI,PC22,D4,MI,,
61060,LADISPOLI-CERVETERI,61063,PALO LAZIALE,F051,2.35,2,TE,F,BAB-CC,SCC,SCMT,SI,PC32,D4L,RM,,
70000,PONTECAGNANO,70040,MONTECORVINO,F075,6.8,2,TE,F,BAB-CC,SCC,SCMT,SI,PC32,D4L,NA,,I177
32240,CORMONS,32250,CAPRIVA,F039,4.87,2,TE,F,BCA,DC,SCMT,SI,PC80,D4L,TS,,
62664,SERENISSIMA,62660,ROMA PRENESTINA,N007,1.03,2,TE,N,BAB-CC,SCC,SCMT,SI,PC22,C3L,RM,,
55620,GIUNCANO,55660,BAIANO DI SPOLETO,F065,0.0,1,TE,F,BCA,CTC,SCMT,SI,PC45,D4L,AN,,
69040,APICE-S.ARCANGELO-BONITO,69080,CORSANO,F071,5.07,1,TE,F,BCA,CTC,SCMT,SI,PC22,C3L,NA,,
26067,P.M. ANZOLA,26081,"SEGN. CONFINE KM 2,610",A005,2.61,2,TE,F,BRA,SCCACCM,ERTMS_L2,SI,PC80,D4,BO,,
44610,S.ANNA DI CHIOGGIA,44619,CHIOGGIA,C225,7.4,1,TD,CST,BCA,DPC,SSC,NO,PC80,C3,VE,,
84980,TORANO-LATTARICO,85060,P.M. MONTALTO-ROSE,C168,10.72,1,TE,CS,BCA,CTC,SCMT,SI,PC45,C3,RC,,
01640,PONZANA,01670,DEV.ESTR. NOVARA LATO TORINO,F011,9.66,2,TE,F,BAB-CC,DC,SCMT,SI,PC80,D4,TO,,
28260,SPRESIANO,28300,LANCENIGO,F037,7.52,2,TE,F,BCAB,SCC,SCMT,SI,PC80,D4L,VE,,
21280,MERONE,21277,MOIANA,C041,1.52,1,TD,CS,BCA,DL,SCMT,NO,PC22,D4L,MI,,P198
79660,CAPACCIO-ROCCADASPIDE,79665,PAESTUM,F075,3.64,2,TE,F,BAB-CC,CTC,SCMT,SI,PC32,D4L,RC,,
32320,GORIZIA CENTRALE,32350,SAGRADO,F039,13.14,2,TE,F,BCA,DC,SCMT,SI,PC80,D4L,TS,,
72720,BARANELLO,72970,VINCHIATURO,C202,4.28,1,TD,CST,BCA,CTC,SCMT,NO,FS,C3L,NA,,P246
45760,PISA / BIN. PISA CENTRALE,48940,NAVACCHIO,F049,7.64,2,TE,F,BAB-CC,SCC,SCMT,SI,PC80,D4,FI,,
64700,VITERBO PORTA ROMANA,64740,S.MARTINO AL CIMINO,C129,3.62,1,TE,CS,BCA,CTC,SCMT,NO,FS,C3L,RM,,
61380,ROMA TUSCOLANA,64083,DEV.EST.TUSCOLANA(LATO TIB.),N007,3.76,2,TE,N,BA-CC,DC,SCMT,SI,PC32,D4,RM,,P053
88051,CATANIA OGNINA,88062,PICANELLO,C169,0.92,2,TE,CS,BAB-CC,SCC,SCMT,SI,PC22,C3,PA,,
78900,ORIA,78940,LATIANO,C157,8.42,1,TE,CS,BCA,SCCACCM,SCMT,SI,PC45,C3,BA,,
09605,ZINASCO NUOVO,09603,PIEVE ALBIGNOLA,C028,3.32,1,TD,CS,BCA,CTC,SCMT,NO,FS,D4L,TO,,
56770,CHIETI-MADONNA DELLE PIANE,56760,CHIETI,C125,1.8,1,TE,CS,BCA,CTC,SCMT,SI,PC80,C3L,AN,,
37450,BIVIO POZZOLO F.,37440,RIVALTA SCRIVIA,F005,2.35,1,TE,F,BA-CC,SCCACCM,SCMT,SI,PC32,D4L,GE,,
45222,ARCOLA,45260,SARZANA,F045,4.15,2,TE,F,BAB-CC,SCC,SCMT,SI,PC32,D4,FI,,
74300,1° BIVIO CASERTA NORD,74330,1° BIVIO P.C. GRICIGNANO,A001,18.89,2,TE25,F,BRA,SCC,ERTMS_L2,SI,PC80,D4,NA,,P224
15520,LUINO,15560,PORTO VALTRAVAGLIA,F015,6.84,1,TE,F,BCA,CTC,SCMT,SI,PC80,D4L,MI,,
65665,VILLA CLAUDIA,65700,MARECHIARO,C130,1.31,1,TE,CS,BCA,SCCACCM,SCMT,NO,FS,C3L,RM,,
85950,BIVIO TERME VIGLIATORE,85980,NOVARA-MONTALBANO-FURNARI,C175,3.39,2,TE,CS,BCAB,SCC,SCMT,SI,PC22,C3,PA,,
89300,CARINI,89310,PIRAINETO,C181,5.09,2,TE,CS,BCAB,SCC,SCMT,SI,FS,C3L,PA,,
01900,TROFARELLO,09900,CHIERI,C248,8.56,1,TE,CSP,BCA,SCCACCM,SCMT,NO,FS,C3L,TO,,
42265,BOLOGNA FIERE,42400,BOLOGNA S.DONATO,N005,1.38,2,TE,N,BAB-CC,CTCACCM,SCMT,SI,PC80,D4,BO,,
13140,CASSANO D'ADDA,13150,P.M. BIVIO ADDA,F023,3.25,2,TE,F,BAB-CC,SCCACCM,SCMT,SI,PC80,D4,MI,,
70733,CASALBUONO,70739,CASALETTO,,6.75,1,TD,CS,ALT,DU,,,n.c.,,NA,B,I107A|P238A
56940,CONTIGLIANO,56945,POGGIO FIDONI,C231,2.26,1,TD,CST,BCA,CTC,SSC,NO,FS,C3L,AN,,P210A
26600,COSTA DI ROVIGO,41240,ROVIGO,C214,7.92,1,TD,CST,BCA,CTC,SCMT,NO,PC45,D4L,VR,,
09307,BRIONA,02900,VIGNALE,C035,12.8,1,TD,CS,BCA,DL,SSC,NO,FS,D4L,TO,,
72735,DEV.EST. VENAFRO NORD,72745,DEV.EST. VENAFRO SUD,F061,1.84,1,TE,F,BCA,DC,SCMT,NO,PC45,D4L,NA,,
13820,LODI,13860,SECUGNAGO,F041,11.91,2,TE,F,BAB-CC,DC,SCMT,SI,PC80,D4,MI,,
21363,ALBATE-TRECALLO,21360,CANTU',C041,3.97,1,TD,CS,BCA,DL,SCMT,NO,PC22,D4L,MI,,P198
73480,MONTEMARANO,73461,CASTELFRANCI,C223,4.14,1,TD,CST,BCA,CTC,SSC,NO,FS,<A,NA,B,
66185,FONTANA LIRI,66183,FONTANA LIRI INFERIORE,C133,1.09,1,TD,CS,BCA,CTC,SSC,NO,FS,<A,RM,,
66080,GROTTE S.STEFANO,66120,MONTEFIASCONE,C196,10.38,1,TE,CST,BCA,CTC,SCMT,NO,FS,C3L,RM,,
65703,ANZIO COLONIA,65705,ANZIO,C130,1.74,1,TE,CS,BCA,SCCACCM,SCMT,NO,FS,C3L,RM,,
53610,RIPARBELLA,53660,CASINO DI TERRA,C207,7.81,1,TD,CST,ALT,SPO,SSC,NO,FS,C3L,FI,,
20775,INDUNO,20766,P.P. INDUNO OLONA,C049,0.79,2,TE,CS,BCAB,CTC,SCMT,SI,FS,D4,MI,,
81680,ZAMBRONE,81720,PARGHELIA,F077,5.96,1,TE,F,BCA,CTC,SCMT,SI,FS,C3,RC,,
75520,BARI S.SPIRITO,75523,BARI PALESE MACCHIE,F069,1.98,2,TE,F,BAB-CC,SCC,SCMT,SI,PC80,D4,BA,,P223
59280,1° BIVIO ORTE NORD,59320,1° BIVIO ORTE SUD,F055,9.54,2,TE,F,BAB-CC,CTC,SCMT,SI,PC22,D4L,RM,,
91360,GALLITELLO,91400,SALEMI-GIBELLINA,C192,10.44,1,TD,CST,BCA,CTC,SCMT,NO,FS,C3L,PA,,
51520,PISTOIA,51525,MONTALE-AGLIANA,C118,8.02,2,TE,CS,BAB-CC,DC,SCMT,SI,FS,D4,FI,,
46160,QUERCIANELLA SONNINO,46163,CASTIGLIONCELLO,F051,6.87,2,TE,F,BAB-CC,SCC,SCMT,SI,PC22,D4,FI,,
08280,ROBILANTE,08320,VERNANTE,C010,6.42,1,TE,CS,BCA,CTC,SCMT,NO,FS,C3L,TO,,
73731,AQUILONIA,73720,MONTICCHIO,C223,1.83,1,TD,CST,BCA,CTC,SSC,NO,FS,<A,NA,B,
53290,RIGOLI,53345,S.GIULIANO TERME,C117,3.12,1,TE,CS,BCA,CTC,SCMT,SI,FS,D4L,FI,,
08362,CONFINE ITA-FRA (LIMONE),08365,VIEVOLA,C010,4.61,1,TD,CS,BCA,CTC,SCMT,NO,FS,C3L,TO,,
64980,MANZIANA-CANALE MONTERANO,65020,BRACCIANO,C129,4.71,1,TE,CS,BCA,CTC,SCMT,NO,FS,C3L,RM,,
33460,TRAVESIO,33500,MEDUNO,C226,5.99,1,TD,CST,BCA,CTC,SSC,NO,FS,C3L,TS,B,P199
45000,FIRENZE CASTELLO,45040,FIRENZE RIFREDI,N006,2.6,2,TE,N,BAB-CC,SCCACCM,SCMT,SI,PC80,D4,FI,,
84440,REGGIO DI CALABRIA PELLARO,84480,REGGIO DI CALABRIA S.GREGORIO,C162,4.15,2,TE,CS,BCAB,CTC,SCMT,SI,PC32,C3,RC,,
54130,CAMERANO ASPIO,54160,OSIMO-CASTELFIDARDO,F067,4.46,2,TE,F,BAB-CC,SCC,SCMT,SI,PC80,D4,AN,,
76570,P.M. GROTTALUPARA,76580,CASTELLANETA,C159,8.93,2,TE,CS,BCAB,SCC,SCMT,SI,PC45,D4L,BA,,
61903,ISOLETTA-S.GIOVANNI INCARICO,61940,ROCCASECCA,F061,8.38,2,TE,F,BAB-CC,DC,SCMT,SI,PC32,D4,RM,,
45620,TORRE DEL LAGO PUCCINI,45680,PISA FM CAMPALDO,F045,13.08,2,TE,F,BAB-CC,SCC,SCMT,SI,PC32,D4,FI,,
66720,CAMPO DI GIOVE,66725,CAMPO DI GIOVE-MONTE MAIELLA,C229,3.32,1,TD,CST,ALT,DU,SSC,NO,FS,C3L,AN,B,
38540,CADEO,38580,FIORENZUOLA,F041,6.65,2,TE,F,BAB-CC,DC,SCMT,SI,PC45,D4,BO,,
63700,GORIANO-SICOLI,63660,COCULLO,C131,5.99,1,TE,CS,BCA,DC,SCMT,SI,PC22,C3L,RM,,A2001B|A2004E
38400,P.P. CORVI (posto passaggio doppio/semplice),38386,PM SPINOLA RAGGI - PES,,3.66,2,TE,N,BAB-CC,SCCACCM,SCMT,SI,PC45,D4,GE,,P234
95510,MARINELLA,95505,RUDALZA,C237,2.19,1,TD,CS,BCA,CTC,SCMT,NO,PC30,C3L,CA,,
47665,S.ELLERO,47700,RIGNANO SULL'ARNO,F053,3.12,2,TE,F,BAB-CC,CTC,SCMT,SI,PC22,D4L,FI,,
24820,MERANO,24860,MERANO-MAIA BASSA,C068,2.12,1,TE,CS,BCA,CTC,SCMT,NO,FS,C3,VR,,
71208,DEV.DIR. P.M. CASORIA,71210,P.C. VESUVIO,F073,9.95,2,TE,F,BAB-CC,SCCACCM,SCMT,SI,PC80,D4,NA,,
56600,TORRE DEI PASSERI,56565,TOCCO-CASTIGLIONE,C125,4.71,1,TE,CS,BCA,CTC,SCMT,SI,PC22,C3L,AN,,
85980,NOVARA-MONTALBANO-FURNARI,86020,FALCONE,C175,4.95,1,TE,CS,BCA,SCC,SCMT,SI,PC22,C3,PA,,
09500,SERRAVALLE D'ASTI,02140,ASTI,C209,8.65,1,TD,CST,BCA,DL,SSC,SI,FS,C3,TO,B,
30360,VIGODARZERE,30362,GS ALTICHIERO,C082,3.31,2,TE,CS,BAB-CF,SCC,SCMT,SI,PC80,D4L,VE,,I184
61863,CASTRO-POFI-VALLECORSA,61900,CEPRANO-FALVATERRA,F061,9.98,2,TE,F,BAB-CC,DC,SCMT,SI,PC32,D4,RM,,
93640,SCICLI,93680,SAMPIERI,C174,10.28,1,TD,CS,BCA,SCCACCM,SSC,SI,FS,B2,PA,,
99010,OLMI,99020,S.BIAGIO DI CALLALTA,C084,3.86,1,TE,CS,BCA,CTCACCM,SCMT,SI,PC80,D4L,VE,,
05920,ORTA-MIASINO,05885,BOLZANO NOVARESE,C033,4.52,1,TE,CS,BCA,CTC,SCMT,SI,PC80,D4L,TO,,
77320,GRASSANO-GARAGUSO-TRICARICO,77360,SALANDRA-GROTTOLE,C155,9.64,1,TE,CS,BCA,CTC,SCMT,SI,PC25,C3,BA,,
33880,NOVI S.BOVO,33920,NOVI LIGURE,F003,1.6,2,TE,F,ALT,DC,SCMT,SI,PC32,D4L,GE,,
74720,CHIEUTI-SERRACAPRIOLA,74760,P.M. RIPALTA,F067,8.48,1,TE,F,BCA,SCC,SCMT,SI,PC80,D4,BA,,0142B|P223
95960,PORTO TORRES,95935,S.GIOVANNI,C241,12.47,1,TD,CS,BCA,CTC,SCMT,NO,FS,C3,CA,,
83720,ROCCELLA JONICA,83760,GIOIOSA JONICA,C162,7.12,1,TD,CS,BCA,CTC,SCMT,SI,PC32,C3L,RC,,P245
41200,STANGHELLA,41240,ROVIGO,F031,6.74,2,TE,F,BAB-CC,DC,SCMT,SI,PC80,D4L,VE,,P223
01820,TORINO LINGOTTO,01860,MONCALIERI,N001,3.69,2,TE,N,BAB-CC,SCCACCM,SCMT,SI,PC45,D4,TO,,
26039,2° BIVIO PC PARMA EST,38740,PARMA,A005,4.56,2,TE,F,BAB-CF,DL,SCMT,SI,PC80,D4,BO,,
03800,CAIRO MONTENOTTE,37280,S.GIUSEPPE DI CAIRO,C019,2.71,1,TE,CS,BCA,CTC,SCMT,NO,PC32,C3,TO,,
81040,ROSARNO,81962,S.FERDINANDO,F077,4.81,1,TE,F,BCA,CTC,SCMT,SI,PC45,D4,RC,,
01670,DEV.ESTR. NOVARA LATO TORINO,02900,VIGNALE,C024,2.94,2,TE,CS,BA-CF,DL,SCMT,SI,PC80,D4L,TO,,
45040,FIRENZE RIFREDI,48980,FIRENZE SANTA MARIA NOVELLA,N006,2.77,1,TE,N,BA-CC,DC,SCMT,SI,PC22,C3,FI,,
11110,BIVIO NOVARA OVEST,17194,P.C. MARCALLO,A003,18.64,2,TE25,F,BRA,SCCACCM,ERTMS_L2,SI,PC80,D4,MI,,
04100,CAVALLERMAGGIORE,04140,SAVIGLIANO,C011,6.76,2,TE,CS,BCA,DC,SCMT,NO,PC45,D4L,TO,,
00320,CHIOMONTE,00360,P.C. MEANA,F001,6.57,2,TE,F,BAB-CC,DC,SCMT,SI,PC45,D4,TO,,
33100,NOVA GORICA,33104,VRTOJBA DEV.MARK,F039,3.07,1,TD,F,BCA,DC,NO,NO,FS,C2,TS,,
67241,MIGNANO DI MONTE LUNGO,67260,TORA-PRESENZANO,F061,7.55,2,TE,F,BAB-CC,DC,SCMT,SI,PC45,C3,NA,,
35862,GENOVA VOLTRI FM,35972,GR SC GE VOLTRI,N004,0.66,1,TE,N,BA-CC,SCCACCM,SCMT,SI,PC45,D4,GE,,
38740,PARMA,49660,VICOFERTILE,F047,7.3,1,TE,F,BA-CF,CTC,SCMT,SI,PC22,D4L,FI,,0276A
34007,BIVIO P.C. SCAVALCAMENTO,34080,RONCO SCRIVIA,F019,8.97,2,TE,F,BAB-CC,SCC,SCMT,SI,PC22,D4L,GE,,
83280,CATANZARO LIDO,83320,SQUILLACE,C162,6.25,1,TD,CS,BCA,CTC,SCMT,SI,PC32,C3L,RC,,P245
99020,S.BIAGIO DI CALLALTA,99030,FAGARE',C084,5.25,1,TE,CS,BCA,CTCACCM,SCMT,SI,PC80,D4L,VE,,
04460,SALE LANGHE,04500,SALICETO,C014,7.97,1,TE,CS,BCA,DC,SCMT,NO,PC32,C3,TO,,
81760,TROPEA,81800,S.DOMENICA,F077,3.28,1,TE,F,BCA,CTC,SCMT,SI,FS,C3,RC,,
36260,S.MARGHERITA LIGURE-PORTOFINO,36300,RAPALLO,F045,2.38,2,TE,F,BAB-CC,SCC,SCMT,SI,PC22,D4L,GE,,
75140,CERIGNOLA CAMPAGNA,75220,TRINITAPOLI-S.FERDINANDO DI PUGLIA,F069,17.4,2,TE,F,BAB-CC,SCC,SCMT,SI,PC80,D4,BA,,P223
39600,S.FELICE SUL PANARO,39630,CAMPOSANTO,F029,5.12,2,TE,F,BAB-CC,CTCACCM,SCMT,SI,PC80,D4,BO,,P224
43605,RIMINI TORRE PEDRERA,43640,RIMINI VISERBA,C102,3.03,1,TE,CS,BCA,CTC,SCMT,SI,PC32,D4L,BO,,
11920,CASORATE SEMPIONE,11960,GALLARATE,,4.75,2,TE,F,BA-CC,DC,SCMT,SI,PC80,D4L,MI,,
24985,SETTEQUERCE,24980,TERLANO-ANDRIANO,C068,2.9,1,TE,CS,BCA,CTC,SCMT,NO,FS,C3,VR,,
80960,VIBO VALENTIA-PIZZO,81000,MILETO,F077,18.47,2,TE,F,BAB-CC,CTC,SCMT,SI,PC45,D4L,RC,,P140
80200,PRAJA-AJETA-TORTORA,80240,SCALEA-S.DOMENICO-TALAO,F075,10.89,2,TE,F,BAB-CC,CTC,SCMT,SI,PC32,D4L,RC,,P140
19200,CREMONA,19260,VILLETTA MALAGNINO,C062,7.5,1,TE,CS,BCA,CTC,SCMT,SI,PC45,D4L,MI,,
31460,UGOVIZZA VALBRUNA,31540,PONTEBBA,F037,16.67,2,TE,F,BAB-CC,SCC,SCMT,SI,PC80,D4,TS,,
25145,CALCERANICA,25180,CALDONAZZO,C232,2.44,1,TD,CST,BCA,CTC,SCMT,NO,FS,C3,VR,,P128
20180,TORRILE S.POLO,38740,PARMA,C066,10.12,1,TD,CS,BCA,CTC,SCMT,NO,PC22,C3L,MI,,
83480,BADOLATO,83520,S.CATERINA DELLO JONIO,C162,4.68,1,TD,CS,BCA,CTC,SCMT,SI,PC32,C3L,RC,,P245
20983,RENATE-VEDUGGIO,20985,CASSAGO-NIBIONNO-BULCIAGO,C042,2.16,1,TD,CS,BEM,DC,SCMT,NO,FS,C3L,MI,,
84120,CAPO SPARTIVENTO,84160,PALIZZI,C162,6.54,1,TD,CS,BCA,CTC,SCMT,SI,PC32,C3L,RC,,P245
76980,PALAGIANO-CHIATONA,77020,CASTELLANETA MARINA,C156,8.96,1,TE,CS,BCA,CTC,SCMT,SI,PC45,C3L,BA,,
87880,MASCALI,87920,GIARRE RIPOSTO,C169,3.35,2,TE,CS,BA-CC,SCC,SCMT,SI,PC22,C3,PA,,
15860,VARESE,15900,GAZZADA-SCHIANNO-MORAZZONE,C049,4.43,2,TE,CS,BCAB,CTC,SCMT,SI,PC22,C3L,MI,,
43805,LAMA DI RENO,43840,MARZABOTTO,N005,2.62,1,TE,N,BCA,CTCACCM,SCMT,SI,FS,C3L,BO,,
06480,BORGO S.MARTINO,06520,GIAROLE,C006,4.68,1,TE,CS,BCA,CTC,SCMT,NO,PC45,C3,TO,,
80025,TORRE ORSAIA,80060,POLICASTRO-BUSENTINO,F075,5.1,2,TE,F,BAB-CC,CTC,SCMT,SI,PC32,D4L,RC,,
63140,ORICOLA-PERETO,63103,RIOFREDDO,C132,2.16,1,TE,CS,BCA,SCCACCM,SCMT,SI,PC22,C3L,RM,,
64058,VAL D'ALA,64059,ROMA NOMENTANA L.M.,N007,1.13,2,TE,N,BAB-CC,SCCACCM,SCMT,SI,PC32,C3L,RM,,
77680,SURBO,77700,LECCE,C151,3.57,2,TE,CS,BAB-CC,SCCACCM,SCMT,SI,PC45,D4L,BA,,
71203,P.M. CASORIA,74352,"SEGN. CONFINE KM 214,76",A001,0.58,2,TE,F,BAB-CC,SCC,SCMT,SI,PC80,D4,NA,,P224
15560,PORTO VALTRAVAGLIA,15565,CALDE',F015,1.78,1,TE,F,BCA,CTC,SCMT,SI,PC80,D4L,MI,,
44045,BIAGIONI-LAGACCI,44040,MOLINO DEL PALLONE,C115,2.05,1,TE,CS,BCA,CTC,SCMT,NO,FS,C3L,BO,,
05485,CUREGGIO,05500,ROMAGNANO SESIA,C227,10.5,1,TD,CST,BCA,CTC,SSC,NO,FS,C3L,TO,B,
73551,BAGNOLI IRPINO,73520,MONTELLA,C223,4.81,1,TD,CST,BCA,CTC,SSC,NO,FS,<A,NA,B,
40800,S.BENEDETTO SAMBRO-CASTIGLIONE P.,40840,P.C. PRECEDENZE,F043,9.44,2,TE,F,BAB-CC,CTCACCM,SCMT,SI,PC22,D4,BO,,P261
65180,LA STORTA,65183,LA GIUSTINIANA,N007,2.88,2,TE,N,BAB-CC,SCCACCM,SCMT,SI,FS,C3L,RM,,P053
50140,FILATTIERA,50180,VILLAFRANCA-BAGNONE,F047,4.43,1,TE,F,BCA,CTC,SCMT,SI,PC22,C3L,FI,,
68264,DEV.ESTR.NAPOLI GIANTURCO,70580,NAPOLI CENTRALE,N008,0.92,1,TE,N,ALT,SCC,SCMT,SI,FS,D4,NA,,
12460,TB.PC.SEVESO,14779,MILANO CENTRALE,N002,3.7,2,TE,N,BAB-CC,SCCACCM,SCMT,SI,PC45,D4,MI,,
51539,IL NETO,44960,SESTO FIORENTINO,F043,1.05,2,TE,F,BAB-CC,DC,SCMT,SI,PC80,D4,FI,,P076
79042,MANFREDONIA OVEST,79045,SIPONTO,C236,1.47,1,TD,CSP,ALT,SPO,SCMT,NO,PC45,D4,BA,,
30611,DEV.RACCORDO PARTENZE,33083,DEV.ESTREMO LATO CERVIGNANO A.G.,F035,0.21,1,TE,CS,BA-CF,DC,SCMT,SI,PC80,D4,TS,,0365A
03200,VALENZA,06523,CIPPO KM 0/14,C006,1.61,1,TE,CS,BCA,CTC,SCMT,NO,PC45,C3,TO,,
84080,BRANCALEONE,84120,CAPO SPARTIVENTO,C162,6.11,1,TD,CS,BCA,CTC,SCMT,SI,PC32,C3L,RC,,P245
41760,BIVIO BATTIFERRO,42700,BOLOGNA CENTRALE,N005,3.38,2,TE,N,BA-CF,CTC,SCMT,SI,PC45,D4,BO,,
80450,GUARDIA PIEMONTESE TERME,80480,FUSCALDO,F075,6.72,2,TE,F,BAB-CC,CTC,SCMT,SI,PC32,D4L,RC,,
37880,OVADA,38320,OVADA NORD,C193,2.2,1,TE,CST,BCA,SCC,SCMT,SI,PC45,D4,GE,,
52870,MONTEPULCIANO,52880,P.M. MONTALLESE,C123,9.09,1,TD,CS,BCA,CTC,SCMT,NO,FS,D4L,FI,,
85100,BIVIO S.ANTONELLO,85140,CASTIGLIONE COSENTINO,C168,4.59,1,TE,CS,BCA,CTC,SCMT,SI,PC45,C3,RC,,
31040,CERVIGNANO-AQUILEIA-GRADO,33083,DEV.ESTREMO LATO CERVIGNANO A.G.,F035,1.5,1,TE,F,BA-CF,DC,SCMT,SI,PC80,D4,TS,,
20103,MEZZANI-RONDANI,20140,COLORNO,C066,4.54,1,TD,CS,BCA,CTC,SCMT,NO,PC22,C3L,MI,,
77580,S.PIETRO VERNOTICO,77620,SQUINZANO,C151,6.74,2,TE,CS,BAB-CC,SCCACCM,SCMT,SI,PC80,D4,BA,,
34007,BIVIO P.C. SCAVALCAMENTO,37597,DEV.ESTR.ARQUATA,F019,0.49,2,TE,F,BAB-CC,SCC,SCMT,SI,PC22,D4L,GE,,
10740,SALUZZO,10745,MANTA,C243,3.45,1,TD,CSP,BCA,CTC,SCMT,NO,PC45,C3L,TO,,
81080,GIOIA TAURO,81120,PALMI,F077,8.37,2,TE,F,BAB-CC,CTC,SCMT,SI,PC32,D4L,RC,,
13728,S.DONATO MILANESE,13733,BORGOLOMBARDO,F041,2.07,2,TE,F,BAB-CC,DC,SCMT,SI,PC80,D4,MI,,
94140,CAGLIARI ELMAS,94127,ELMAS AEROPORTO,C188,1.71,2,TD,CS,BAB-CC,CTCACCM,SCMT,NO,PC30,D4,CA,,P254A
01040,SETTIMO TORINESE,01080,BRANDIZZO,F011,7.13,2,TE,F,BAB-CC,DC,SCMT,SI,PC80,D4,TO,,P222
05140,IVREA,05180,STRAMBINO,C002,9.08,1,TE,CS,BCA,CTC,SCMT,NO,FS,C3L,TO,,P123
75525,BARI ZONA INDUSTRIALE,75560,BARI PARCO NORD,F069,1.0,2,TE,F,BAB-CC,SCC,SCMT,SI,PC80,D4,BA,,P223
05820,CRESSA-FONTANETO,05810,PM BARAGGE,C034,3.31,1,TE,CS,BCA,CTC,SCMT,SI,PC80,D4L,TO,,
44160,PITECCIO,44200,VALDIBRANA,C115,6.29,1,TE,CS,BCA,CTC,SCMT,NO,FS,C3L,BO,,
24500,DOBBIACO,24540,VILLABASSA-BRAIES-VAL DI BRAIES,C067,4.77,1,TE,CS,BCA,CTC,SCMT,NO,PC80,D4L,VR,,
19580,S.ZENO FOLZANO,19620,BAGNOLO MELLA,C052,7.38,1,TE,CS,BCA,CTC,SCMT,NO,PC45,C3L,MI,,
18340,MONTELLO-GORLAGO,18343,CHIUDUNO,C048,3.77,1,TE,CS,BCA,SCCACCM,SCMT,NO,PC22,C3L,MI,,
20383,S.CRISTINA E BISSONE,20385,MIRADOLO TERME,C060,3.84,1,TD,CS,BCA,CTC,SCMT,NO,PC22,C3L,MI,,
30523,FRATTE CENTRO,30240,CAMPOSAMPIERO,C090,2.91,1,TE,CS,BCA,SCC,SCMT,NO,FS,C3L,VE,,
18380,GRUMELLO DEL MONTE,18420,PALAZZOLO SULL'OGLIO,C048,4.36,1,TE,CS,BCA,SCCACCM,SCMT,NO,PC22,C3L,MI,,
90980,DITTAINO,91020,RADDUSA-AGIRA,C178,5.76,1,TE,CS,BCA,CTC,SCMT,NO,FS,C3L,PA,,0275A
43720,BOLOGNA BORGO PANIGALE,43730,CASTELDEBOLE,N005,1.58,2,TE,N,BCAB,CTCACCM,SCMT,SI,FS,C3L,BO,,
28820,CARMIGNANO DI BRENTA,28840,FONTANIVA,C086,3.04,2,TE,CS,BCAB,SCC,SCMT,SI,PC80,D4L,VE,,
25300,BORGO VALSUGANA,25302,BORGO VALSUGANA EST,C232,0.85,1,TD,CST,BCA,CTC,SCMT,NO,FS,C3,VR,,P128
17663,DORIO,17700,DERVIO,C040,3.11,1,TE,CS,BCA,CTC,SCMT,NO,PC22,C3L,MI,,
12940,SESTO S.GIOVANNI,12980,MILANO GRECO PIRELLI,N002,3.71,2,TE,N,BAB-CC,SCCACCM,SCMT,SI,PC80,D4,MI,,
27050,PADOVA FASCIO SECONDARIO,28678,DEV.EST.PADOVA,F031,1.11,2,TE,F,BCA,DC,SCMT,SI,PC80,D4,VE,,
55340,VASTO S.SALVO,74600,MONTENERO-PETACCIATO,F067,10.63,2,TE,F,BCAB,SCC,SCMT,SI,PC45,D4,AN,,P223
84160,PALIZZI,84200,BOVA MARINA,C162,5.77,1,TD,CS,BCA,CTC,SCMT,SI,PC32,C3L,RC,,P245
10210,CARENTINO,10215,BERGAMASCO,C206,1.58,1,TD,CST,BCA,DL,SSC,NO,FS,C3L,TO,B,
49240,PIOMBINO,49280,PIOMBINO MARITTIMA (PIOMBINO),C120,1.23,1,TE,CS,ALT,DL,SCMT,SI,FS,C3L,FI,,
60840,TARQUINIA,60880,CIVITAVECCHIA,F051,19.9,2,TE,F,BAB-CC,SCC,SCMT,SI,PC32,D4,RM,,
21904,DEV. ESTREMO VR,21940,VERONA PORTA VESCOVO,F025,2.37,2,TE,F,BAB-CC,SCCACCM,SCMT,SI,PC80,D4,VR,,P222
04700,CHAMBAVE,04740,Châtillon-Saint-Vincent,C002,5.1,1,TD,CS,BCA,CTC,SCMT,NO,FS,C3L,TO,,P123
60080,2° BIVIO ORTE NORD,60120,ORTE,F053,5.88,2,TE,F,BAB-CC,CTC,SCMT,SI,PC22,D4L,RM,,
74143,DEV.INT AV/AC (PM ANAGNI),74170,P.C. CECCANO,A001,26.3,2,TE25,F,BRA,SCC,ERTMS_L2,SI,PC80,D4,RM,,P224
23680,BIVIO P.C. S.LUCIA,23870,DIRAMAZIONE VR SC-VR PN,F025,2.16,2,TE,F,BAB-CF,SCC,SCMT,SI,PC80,D4,VR,,P222
21277,MOIANA,21275,CASLETTO-ROGENO,C041,1.59,1,TD,CS,BCA,DL,SCMT,NO,PC22,D4L,MI,,P198
08396,AIROLE,08398,BEVERA,C010,6.41,1,TD,CS,BCA,CTC,SCMT,NO,FS,C3L,TO,,
26180,OSTETO PDE,26185,MARZANO PDE,A007,4.42,2,TE25,F,BRA,SCCACCM,ERTMS_L2,SI,PC80,D4,BO,,
06103,PIEDIMULERA,06100,PIEVE VERGONTE,C030,2.17,1,TE,CS,BCA,CTC,SCMT,SI,PC80,D4L,TO,,
93160,FALCONARA,93200,BUTERA,C210,12.98,1,TD,CST,BCA,CTC,SCMT,SI,FS,C3L,PA,,
83960,BIANCO,84000,AFRICO NUOVO,C162,4.13,1,TD,CS,BCA,CTC,SCMT,SI,PC32,C3L,RC,,P245
27390,PORTOGRUARO-CAORLE,27350,LATISANA-LIGNANO-BIBIONE,F035,0.0,2,TE,F,BCAB,DC,SCMT,SI,PC80,D4L,VE,,0365A
57580,RAIANO,57585,PRATOLA PELIGNA SUPERIORE,C231,6.35,1,TD,CST,BCA,CTC,SSC,NO,FS,C3L,AN,,P210A
08580,PISCINA DI PINEROLO,08610,PINEROLO OLIMPICA,C008,7.07,1,TE,CS,BCA,DL,SCMT,NO,FS,C3L,TO,,
87520,NIZZA DI SICILIA,87560,ROCCALUMERA-MANDANICI,C169,1.86,1,TE,CS,BCA,SCC,SCMT,SI,PC22,C3,PA,,
76885,P.M. S.NICOLA,76880,TARANTO,C159,2.47,2,TE,CS,BCAB,SCC,SCMT,SI,PC45,D4L,BA,,
69845,PAGANI,69860,NOCERA INFERIORE,F073,1.63,2,TE,F,BAB-CC,DC,SCMT,SI,PC32,D4,NA,,
60458,P.M. NORD ROMA SMISTAMENTO,60460,ROMA SMISTAMENTO,N007,1.16,2,TE,N,ALT,SCCACCM,SCMT,SI,PC45,D4L,RM,,
40300,FORLIMPOPOLI-BERTINORO,40340,CESENA,F063,11.12,2,TE,F,BAB-CC,SCCACCM,SCMT,SI,PC80,D4,BO,,P223
53480,MONTERONI D'ARBIA,53520,BUONCONVENTO,C228,12.55,1,TD,CST,BCA,CTC,SCMT,SI,FS,C3L,FI,,
21405,S.CASSIANO VALCHIAVENNA,21407,SAMOLACO,C038,3.7,1,TE,CS,BCA,CTC,SCMT,NO,PC22,C3L,MI,,
41460,CORONELLA,41500,POGGIO RENATICO,F031,5.77,2,TE,F,BAB-CC,DC,SCMT,SI,PC80,D4,BO,,P223
49705,OZZANO TARO,49740,FORNOVO,F047,3.84,1,TE,F,BA-CF,CTC,SCMT,SI,PC22,D4L,FI,,
65620,CAMPO DI CARNE,65660,PADIGLIONE,C130,4.31,1,TE,CS,BCA,SCCACCM,SCMT,NO,FS,C3L,RM,,
55220,CASALBORDINO-POLLUTRI,55260,PORTO DI VASTO,F067,6.06,2,TE,F,BCAB,SCC,SCMT,SI,PC45,D4,AN,,P223
17340,PONTE IN VALTELLINA,17343,POGGIRIDENTI-TRESIVIO-PIATEDA,C037,3.5,1,TE,CS,BCA,CTC,SCMT,NO,PC22,C3L,MI,,
48500,CHIUSI-CHIANCIANO TERME,52880,P.M. MONTALLESE,F055,9.73,2,TE,F,BRA,SCCACCM,ERTMS_L2,SI,PC22,D4L,FI,,
64083,DEV.EST.TUSCOLANA(LATO TIB.),64122,DEV.EST.TUSCOLANA(LATO CAS.),,0.0,2,TE,N,BA-CC,DC,SCMT,,n.c.,,RM,,
51677,FIVIZZANO-ROMETTA-SOLIERA,51679,FIVIZZANO-GASSANO,C119,2.75,1,TD,CS,BCA,CTC,SCMT,NO,FS,D4,FI,,
58340,MATELICA,58345,CERRETO D'ESI,C126,8.5,1,TD,CS,BCA,CTC,SCMT,NO,FS,C3L,AN,,P147
45000,FIRENZE CASTELLO,45040,FIRENZE RIFREDI,N006,2.6,2,TE,N,BAB-CC,SCCACCM,SCMT,SI,PC80,D4,FI,,
52120,DIECIMO-PESCAGLIA,52160,PONTE A MORIANO,C119,7.33,1,TD,CS,BCA,CTC,SCMT,NO,FS,D4L,FI,,
71200,"DEV.EST.NA C.LE (DEV.Km 0,894)",71203,P.M. CASORIA,F073,5.53,2,TE,F,BAB-CC,SCC,SCMT,SI,PC80,D4,NA,,P224
26185,MARZANO PDE,26190,S.GIORGIO PDE,A007,3.11,2,TE25,F,BRA,SCCACCM,ERTMS_L2,SI,PC80,D4,BO,,
95960,PORTO TORRES,95990,PORTO TORRES MARITTIMA,C241,0.58,1,TD,CSP,ALT,CTC,SCMT,NO,FS,C3,CA,,
72680,CAMPOBASSO,72645,S.MICHELE,C230,0.95,1,TD,CST,BCA,CTC,SCMT,NO,FS,C3L,NA,,P246
83240,SIMERI-CRICHI,83280,CATANZARO LIDO,C161,11.27,1,TD,CS,BCA,CTC,SCMT,SI,PC32,C3L,RC,,P245
86940,TRABIA,86965,S.NICOLA (TONNARA),C176,4.49,2,TE,CS,BAB-CC,SCC,SCMT,SI,PC22,C3,PA,,
21980,S.MARTINO BUON ALBERGO,22020,PC CALDIERO,F025,6.36,2,TE,F,BAB-CC,SCCACCM,SCMT,SI,PC80,D4,VR,,
20780,ARCISATE,20775,INDUNO,C049,2.68,2,TE,CS,BCAB,CTC,SCMT,SI,FS,D4,MI,,
02318,PONTE TANARO ALESSANDRIA,03207,"CIPPO KM 0/88,522",C007,0.9,2,TE,CS,BCAB,DL,SCMT,SI,PC45,D4L,TO,,P131
71751,BENEVENTO ACQUAFREDDA,68945,BENEVENTO,C202,4.21,1,TD,CST,BCA,CTC,SSC,NO,FS,C3L,NA,B,
11645,LESA,11680,MEINA,F013,4.07,2,TE,F,BA-CC,DC,SCMT,SI,PC50,D4,MI,,
37670,SAVONA P. DORIA,37700,SAVONA MARITTIMA,F009,2.54,1,TD,F,BEM,DL,SCMT,NO,FS,C3,GE,B,
24940,VILPIANO-NALLES,24980,TERLANO-ANDRIANO,C068,3.82,1,TE,CS,BCA,CTC,SCMT,NO,FS,C3,VR,,
26155,DIATERNA PDE,26160,BRENZONE PDE,A007,0.88,2,TE25,F,BRA,SCCACCM,ERTMS_L2,SI,PC80,D4,BO,,
19420,BOZZOLO,19460,MARCARIA,C063,5.37,1,TE,CS,BCA,CTC,SCMT,SI,PC45,D4,MI,,I178A
20303,ALBUZZANO,20340,BELGIOIOSO,C060,4.42,1,TD,CS,BCA,CTC,SCMT,NO,PC22,C3L,MI,,
26140,MONTE BIBELE PDE,26145,OSTERIA PDE,A007,2.79,2,TE25,F,BRA,SCCACCM,ERTMS_L2,SI,PC80,D4,BO,,
89605,SEGESTA-TEMPIO,89620,BRUCA,C204,3.24,1,TD,CST,BCA,CTC,SSC,NO,FS,C3L,PA,B,I162|P236
24120,SANGUINETTO,24160,CEREA,C074,5.48,1,TE,CS,BCA,CTC,SCMT,SI,PC80,D4L,VR,,
46480,CAMPIGLIA MARITTIMA,49130,DEV.INGR.CAMPIGLIA,C120,1.35,2,TE,CS,BCAB,SCC,SCMT,SI,FS,D4L,FI,,
58742,COLLI DEL TRONTO,58740,OFFIDA CASTEL DI LAMA,C124,2.38,1,TE,CS,BCA,CTC,SCMT,NO,FS,D4L,AN,,
56220,GENGA-S.VITTORE TERME,56260,SERRA S.QUIRICO,F065,6.9,1,TE,F,BCA,CTC,SCMT,SI,PC45,D4L,AN,,0298|I175|P239
14295,"CIPPO KM 30/23,462",14300,SAN MARTINO SICCOMARIO-CAVA MANARA,F005,4.22,2,TE,F,BAB-CC,SCCACCM,ERTMS_L2_SOVR,SI,PC45,D4,MI,,P133
12382,RHO DEV.E.LINEA NO,17192,RHO DEV.E.LINEA AV,N002,0.9,1,TE,N,BA-CC,SCCACCM,SCMT,SI,PC80,D4,MI,,
28860,CITTADELLA,28880,GALLIERA VENETA-TOMBOLO,C087,3.47,2,TE,CS,BCAB,SCC,SCMT,SI,PC80,D4L,VE,,
37960,CAMPO LIGURE-MASONE,38000,MELE,C098,6.97,2,TE,CS,BCA,SCC,SCMT,SI,PC45,D4L,GE,,P198
62380,SEZZE ROMANO,62420,PRIVERNO-FOSSANOVA,F057,15.17,2,TE,F,BA-CC,DC,SCMT,SI,PC30,C3,RM,,P224
45730,PISA DEV. NAVICELLI,45835,PISA DEV. TAGLIAFERRO,F045,1.04,2,TE,F,BAB-CC,SCC,SCMT,SI,PC32,D4,FI,,
26175,ROVIGO PDE,26180,OSTETO PDE,A007,4.29,2,TE25,F,BRA,SCCACCM,ERTMS_L2,SI,PC80,D4,BO,,
70340,ROMAGNANO-VIETRI-SALVITELLA,70380,BALVANO-RICIGLIANO,C136,6.39,1,TE,CS,BCA,CTC,SCMT,SI,PC22,C3L,NA,,
25927,QUATTRO VILLE,25937,QUATTRO VILLE SUD,C072,1.42,2,TE,CS,ALT,SCCACCM,SCMT,NO,PC45,D4L,BO,,
18060,MACHERIO-SOVICO,18063,LESMO,C047,3.37,1,TE,CS,BCA,DL,SCMT,NO,PC22,C3L,MI,,
90620,VALLELUNGA,90605,VALLEDOLMO,C177,9.1,1,TE,CS,BCA,CTC,SCMT,SI,FS,C3L,PA,,
01900,TROFARELLO,01940,CAMBIANO-SANTENA,F003,3.41,2,TE,F,BAB-CC,DC,SCMT,SI,PC32,D4,TO,,P131
02320,ALESSANDRIA,33835,AL CAVALCAVIA,C016,0.55,2,TE,CS,BCAB,CTC,SCMT,NO,PC45,D4L,TO,,
15905,CASTRONNO,15940,ALBIZZATE-SOLBIATE ARNO,C049,2.51,2,TE,CS,BCAB,CTC,SCMT,SI,PC22,C3L,MI,,
13150,P.M. BIVIO ADDA,17125,BIVIO CASIRATE,F023,2.9,2,TE,F,BAB-CC,SCCACCM,SCMT,SI,PC80,D4,MI,,
03285,BORGORATTO,03320,GAMALERO,C018,2.15,1,TE,CS,BCA,CTC,SCMT,NO,PC32,D4L,TO,,
28840,FONTANIVA,28860,CITTADELLA,C086,3.7,2,TE,CS,BCAB,SCC,SCMT,SI,PC80,D4L,VE,,
35977,BIVIO CASTELLUCCIO,35885,GENOVA PRA,N004,0.53,1,TE,N,BA-CC,SCCACCM,SCMT,SI,PC45,D4,GE,,
86100,PATTI-S.PIERO PATTI,86140,S.GIORGIO,C175,4.14,1,TE,CS,BCA,SCC,SCMT,SI,PC22,C3,PA,,
26088,P.M. RENO,26091,BIVIO VENEZIA,A005,1.73,2,TE,F,BRA,SCCACCM,ERTMS_L2,SI,PC80,D4,BO,,
91620,PETROSINO-STRASATTI,91630,TERRENOVE,C192,3.61,1,TD,CST,BCA,CTC,SCMT,NO,FS,C3L,PA,,
65705,ANZIO,65740,NETTUNO,C130,2.93,1,TE,CS,BCA,SCCACCM,SCMT,NO,FS,C3L,RM,,
52085,BORGO A MOZZANO,52120,DIECIMO-PESCAGLIA,C119,3.5,1,TD,CS,BCA,CTC,SCMT,NO,FS,D4L,FI,,
12420,MILANO CERTOSA,16555,MILANO VILLAPIZZONE,N002,1.28,2,TE,N,BAB-CC,SCCACCM,SCMT,SI,PC45,C3L,MI,,
21200,OGGIONO,21240,MOLTENO,C043,3.0,1,TD,CS,BCA,DC,SCMT,NO,FS,D4L,MI,,P198
90312,PALERMO LIBERTA',90315,FEDERICO,C184,0.0,1,TE,CS,BCA,DC,SCMT,SI,FS,C3L,PA,,
01120,CHIVASSO,05340,MONTANARO,C002,5.22,1,TE,CS,BCA,CTC,SCMT,NO,FS,C3L,TO,,P123
39842,CALDERARA-BARGELLINO,39845,P. M. SANTA VIOLA,N005,3.83,2,TE,N,BAB-CC,CTC,SCMT,SI,PC45,D4,BO,,
63423,PATERNO-S.PELINO,63420,AVEZZANO,C131,4.29,1,TE,CS,BEM,DC,SCMT,SI,PC22,C3L,RM,,A2001B|A2004E
46600,SCARLINO,46640,GAVORRANO,F051,8.02,2,TE,F,BAB-CC,SCC,SCMT,SI,PC80,D4,FI,,
67680,ACERRA,67720,CASALNUOVO,N008,3.21,2,TE,N,BAB-CC,SCC,SCMT,SI,PC45,C3L,NA,,0099A|0099B|0279A|0279B|0281|0284
29496,S.GIOVANNI DI CASARSA,29500,S.VITO AL TAGLIAMENTO,C205,3.46,1,TD,CST,BCA,CTC,SCMT,SI,PC45,C3L,TS,,P199
54750,SCERNE DI PINETO,54760,PINETO-ATRI,F067,4.46,2,TE,F,BAB-CC,SCC,SCMT,SI,PC80,D4,AN,,
82600,MIRTO-CROSIA,82640,CALOPEZZATI,C161,4.81,1,TD,CS,BCA,CTC,SCMT,SI,PC32,C3L,RC,,P245
47820,S.GIOVANNI VALDARNO,47860,MONTEVARCHI-TERRANUOVA,F053,5.43,2,TE,F,BAB-CC,CTC,SCMT,SI,PC22,D4L,FI,,
62605,FABRICA DI ROMA,62615,CAPRAROLA,,5.69,1,,CS,ALT,DU,,,n.c.,,RM,B,
29740,PONTE NELLE ALPI-POLPET,30569,STAZIONE PER L'ALPAGO,C085,7.32,1,TE,CS,BCA,CTC,SCMT,NO,FS,C3L,VE,,
94660,BAULADU-MILIS,94620,SOLARUSSA,C187,9.11,1,TD,CS,BCA,CTC,SCMT,NO,PC30,C3L,CA,,
54720,ROSETO DEGLI ABRUZZI,54750,SCERNE DI PINETO,F067,4.61,2,TE,F,BAB-CC,SCC,SCMT,SI,PC80,D4,AN,,
58140,MACERATA,58130,MACERATA UNIVERSITA',C126,1.71,1,TD,CS,BCA,CTC,SCMT,NO,FS,C3L,AN,,P147
01670,DEV.ESTR. NOVARA LATO TORINO,01680,NOVARA,F011,0.34,2,TE,F,BA-CF,DC,SCMT,SI,PC80,D4,TO,,
40720,MONZUNO-VADO,40760,GRIZZANA,F043,10.15,2,TE,F,BAB-CC,CTCACCM,SCMT,SI,PC22,D4,BO,,P261
20300,MOTTA S.DAMIANO,20303,ALBUZZANO,C060,3.35,1,TD,CS,BCA,CTC,SCMT,NO,PC22,C3L,MI,,
95300,BERCHIDDA,95380,MONTI-TELTI,C185,16.33,1,TD,CS,BCA,CTC,SCMT,NO,PC30,C3L,CA,,
42470,BOLOGNA INTERPORTO,41660,CASTELMAGGIORE,N005,3.03,1,TE,N,ALT,DC,SCMT,SI,PC80,D4,BO,,
37840,PRASCO-CREMOLINO,37850,MOLARE,C017,5.81,1,TE,CS,BCA,SCC,SCMT,SI,FS,C3L,GE,,P198
34000,ARQUATA SCRIVIA,37597,DEV.ESTR.ARQUATA,F019,1.02,1,TE,F,BA-CC,SCC,SCMT,SI,PC22,D4L,GE,,
73461,CASTELFRANCI,73451,CASTELVETERE,C223,3.17,1,TD,CST,BCA,CTC,SSC,NO,FS,<A,NA,B,
32060,UDINE,33010,BIVIO CARGNACCO,C094,6.12,1,TE,CS,BCA,DC,SCMT,SI,PC80,D4L,TS,,
60429,SETTEBAGNI,59480,BIVIO/PC SETTEBAGNI,N007,0.15,2,TE,N,BAB-CC,SCCACCM,SCMT,SI,PC45,D4L,RM,,
30690,TRIESTE C.LE GR SC. GRETTA,30710,TRIESTE C.LE GR SC. BARCOLA,F035,0.84,2,TE,F,BAB-CF,DC,SCMT,SI,PC80,D4,TS,,0365A
45680,PISA FM CAMPALDO,45684,PISA/BIN. PISA SAN ROSSORE (TIRRENICA),F045,0.8,2,TE,F,BAB-CC,SCC,SCMT,SI,PC32,D4,FI,,
51520,PISTOIA,44205,PISTOIA OVEST,C115,1.76,1,TE,CS,BCA,CTC,SCMT,NO,FS,C3L,BO,,
61540,COLLE MATTIA,61543,COLONNA GALLERIA,F061,2.54,2,TE,F,BAB-CC,SCCACCM,SCMT,SI,PC32,D4,RM,,
07065,SANFRE',07070,BANDITO,C015,3.4,1,TE,CS,BCA,DL,SCMT,NO,PC32,C3L,TO,,
22370,P.C. FLERES,22400,COLLE ISARCO,F027,6.64,2,TE,F,BAB-CC,SCC,SCMT,SI,PC80,D4L,VR,,P224
26190,S.GIORGIO PDE,26195,FIRENZUOLA PDE,A007,2.15,2,TE25,F,BRA,SCCACCM,ERTMS_L2,SI,PC80,D4,BO,,
95880,TISSI-USINI,95840,SCALA DI GIOCCA,C186,6.26,1,TD,CS,BCA,CTC,SCMT,NO,PC45,C3,CA,,
00700,COLLEGNO,00735,GRUGLIASCO,N001,2.3,2,TE,N,BAB-CC,SCCACCM,SCMT,SI,PC45,D4,TO,,
13943,S.STEFANO LODIGIANO,13948,P.M. PIACENZA OVEST,F041,4.16,2,TE,F,BAB-CC,DC,SCMT,SI,PC80,D4,MI,,
51240,PORCARI,51280,ALTOPASCIO,C116,4.85,1,TE,CS,BCA,CTC,SCMT,SI,FS,D4,FI,,
57140,ROCCA DI CORNO,57180,SELLA DI CORNO,C231,5.13,1,TD,CST,BCA,CTC,SSC,NO,FS,<A,AN,,P210A
90180,AGRIGENTO BASSA,90255,TEMPIO DI VULCANO,C220,5.56,1,TE,CST,ALT,SPO,SCMT,NO,FS,B2,PA,B,P247
03600,PONTI,03610,MONTECHIARO-DENICE,C019,4.16,1,TE,CS,BCA,CTC,SCMT,NO,PC32,C3,TO,,
69360,BOVINO-DELICETO,69385,PM BOVINO,F071,4.56,1,TE,F,BCA,CTC,SCMT,SI,PC22,C3L,NA,,0099A|0099B|0279A|0279B|0281|0284
12460,TB.PC.SEVESO,12980,MILANO GRECO PIRELLI,N002,2.18,2,TE,N,BAB-CC,SCCACCM,SCMT,SI,PC45,D4,MI,,
93920,AVOLA,93960,CASSIBILE,C174,9.09,1,TD,CS,BCA,SCCACCM,SSC,SI,FS,B2,PA,,
57880,BASTIA,57920,ASSISI,C127,3.39,1,TE,CS,BCA,CTC,SCMT,NO,FS,D4L,AN,,0334
57590,DEV. ESTR.LATO TERNI,57585,PRATOLA PELIGNA SUPERIORE,C231,4.24,1,TD,CST,BCA,CTC,SSC,NO,FS,C3L,AN,,P210A
09180,CARPIGNANO SESIA,09200,SILLAVENGO,C199,2.02,1,TD,CST,BCA,DL,SSC,NO,FS,B2L,TO,,
08390,BREIL SUR ROYA,08391,CONFINE FRA-ITA (VENTIMIGLIA),C010,6.93,1,TD,CS,BCA,CTC,SCMT,NO,FS,C3L,TO,,
76220,BRINDISI,77580,S.PIETRO VERNOTICO,C151,17.02,2,TE,CS,BAB-CC,SCCACCM,SCMT,SI,PC80,D4,BA,,
18517,CAPRIOLO,18520,PARATICO-SARNICO,C234,3.08,1,TD,CSP,ALT,SPO,NO,NO,PC22,C3,MI,,
92540,VIZZINI,92580,GRAMMICHELE,C172,11.67,1,TD,CS,BCA,CTC,SCMT,SI,PC22,C3L,PA,,
66420,CIVITA D'ANTINO-MORINO,66460,CIVITELLA ROVETO,C133,6.02,1,TD,CS,BCA,CTC,SSC,NO,FS,<A,RM,,
32060,UDINE,27880,BASILIANO,F037,0.0,2,TE,F,BCAB,SCC,SCMT,SI,PC80,D4L,TS,,
91440,CASTELVETRANO,91480,CAMPOBELLO DI MAZARA,C192,8.47,1,TD,CST,BCA,CTC,SCMT,NO,FS,C3L,PA,,
38580,FIORENZUOLA,38660,FIDENZA,F041,13.46,2,TE,F,BAB-CC,DC,SCMT,SI,PC45,D4,BO,,
54602,MARTINSICURO,54600,PORTO D'ASCOLI,F067,3.05,2,TE,F,BAB-CC,SCC,SCMT,SI,PC80,D4,AN,,
89220,ISOLA DELLE FEMMINE,89260,CAPACI,C181,2.24,2,TE,CS,BCAB,SCC,SCMT,SI,FS,C3,PA,,0036
40200,FAENZA,50840,BRISIGHELLA,C111,13.01,1,TD,CS,BCA,CTC,SSC,SI,FS,<A,FI,,P200
41160,S.ELENA-ESTE,41200,STANGHELLA,F031,8.32,2,TE,F,BAB-CC,DC,SCMT,SI,PC80,D4L,VE,,P223
19380,PIADENA,20095,S.GIOVANNI IN CROCE,C066,6.16,1,TD,CS,BCA,CTC,SCMT,NO,PC22,C3L,MI,,
40420,SAVIGNANO SUL RUBICONE,40460,SANTARCANGELO DI ROMAGNA,F063,5.06,2,TE,F,BAB-CC,SCCACCM,SCMT,SI,PC80,D4,BO,,P223
11725,DORMELLETTO,11800,SESTO CALENDE,F013,4.48,2,TE,F,BAB-CC,DC,SCMT,SI,PC50,D4L,MI,,
87310,FIUMARA GAZZI,87320,CONTESSE,C169,1.37,2,TE,CS,BAB-CC,SCC,SCMT,SI,PC22,C3,PA,,
77920,ROCCHETTA S.ANTONIO-LACEDONIA,73771,PISCIOLO,C223,8.09,1,TD,CST,BCA,CTC,SSC,NO,FS,<A,NA,B,
54200,LORETO,54240,PORTO RECANATI,F067,4.31,2,TE,F,BAB-CC,SCC,SCMT,SI,PC80,D4,AN,,
45040,FIRENZE RIFREDI,48565,DEVIATOIO OLMATELLO (FIRENZE RIFREDI),N006,2.11,1,TE,N,BA-CC,CTCACCM,SCMT,SI,PC80,D4,FI,,
95720,ARDARA,95760,PLOAGHE,C186,9.26,1,TD,CS,BCA,CTC,SCMT,NO,PC45,C3,CA,,
09920,PIEVETTA,09930,PRIOLA,C208,1.7,1,TD,CST,BCA,DL,SSC,NO,FS,B2L,TO,B,
41920,BAGNACAVALLO,41960,RUSSI,C107,6.36,1,TE,CS,BCA,CTC,SCMT,SI,PC80,D4L,BO,,
21900,VERONA PORTA NUOVA,23620,BIVIO P.C. S.MASSIMO,F027,3.02,2,TE,F,BAB-CC,SCC,SCMT,SI,PC80,D4,VR,,0361|P222
02020,VILLANOVA D'ASTI,02025,S.PAOLO SOLBRITO,F003,2.81,2,TE,F,BAB-CC,DC,SCMT,SI,PC32,D4,TO,,P131
46798,DEV.EST. FIRENZE STATUTO,49040,FIRENZE STATUTO,N006,0.43,2,TE,N,BAB-CC,CTCACCM,SCMT,SI,PC22,D4,FI,,
78165,POTENZA MACCHIA ROMANA,78200,POTENZA SUPERIORE,C154,0.94,1,TD,CS,BCA,CTC,SSC,SI,FS,C3L,BA,,1674
36300,RAPALLO,36305,ZOAGLI,F045,3.61,2,TE,F,BAB-CC,SCC,SCMT,SI,PC22,D4L,GE,,
10960,BRICHERASIO,10985,BIBIANA,C219,2.5,1,TE,CST,ALT,SPO,SCMT,NO,FS,C3L,TO,B,
70865,BIVIO NOLA,70880,NOLA,C143,8.07,2,TE,CS,BAB-CC,SCC,SCMT,NO,PC32,D4L,NA,,
24280,MONTAGNANA,24320,SALETTO,C213,5.97,1,TE,CST,BCA,CTC,SCMT,SI,PC80,D4L,VR,,
44783,S.AGATA SUL SANTERNO,44780,MASSALOMBARDA,C105,2.74,1,TD,CS,BCA,CTC,SSC,SI,PC32,D4L,BO,,
12085,CANEGRATE,12120,PARABIAGO,N002,2.43,2,TE,N,BAB-CC,DC,SCMT,SI,PC80,D4L,MI,,
62625,RONCIGLIONE,62635,MADONNA DEL PIANO,,5.36,1,,CS,ALT,DU,,,n.c.,,RM,B,
59903,P.C. CASTIGLIONE IN TEVERINA,59940,ALVIANO,F053,6.87,2,TE,F,BAB-CC,CTC,SCMT,SI,PC22,D4L,FI,,
45143,CA' DI BOSCHETTI,45180,VEZZANO LIGURE,F045,2.6,2,TE,F,BAB-CC,SCC,SCMT,SI,PC32,D4,FI,,
08733,SARRE,08735,SAINT-PIERRE,C003,2.44,1,TD,CS,BCA,DL,SSC,NO,FS,A,TO,B,
81200,SCILLA,81240,VILLA S.GIOVANNI CANNITELLO,F077,5.56,2,TE,F,BAB-CC,CTC,SCMT,SI,PC32,D4L,RC,,
04180,FOSSANO,04220,TRINITA'-BENE VAGIENNA,C012,5.98,2,TE,CS,BCA,DC,SCMT,NO,PC45,C3,TO,,
04420,CEVA,04460,SALE LANGHE,C014,5.61,1,TE,CS,BCA,DC,SCMT,NO,PC32,C3,TO,,
71260,S.MARTINO IN PENSILIS,74640,TERMOLI,C230,15.77,1,TD,CST,BCA,CTC,SSC,NO,FS,C3L,NA,,
09609,SAIRANO,09607,SAIRANO ZINASCO,C028,1.43,1,TD,CS,BCA,CTC,SCMT,NO,FS,D4L,TO,,
94380,S.GAVINO,94420,PABILLONIS,C187,7.93,1,TD,CS,BCA,CTCACCM,SCMT,NO,PC30,D4,CA,,P254A
73000,BOSCO REDOLE,71491,S.GIULIANO DEL SANNIO,C202,5.45,1,TD,CST,BCA,CTC,SSC,NO,FS,C3L,NA,B,
42200,DOPPIO BIVIO P.C. BEVERARA,42700,BOLOGNA CENTRALE,N005,3.16,2,TE,N,BAB-CC,CTCACCM,SCMT,SI,PC45,D4,BO,,
26052,P.C. RUBIERA,26057,BIVIO MODENA OVEST,A005,8.47,2,TE25,F,BRA,SCCACCM,ERTMS_L2,SI,PC80,D4,BO,,
12385,RHO FIERA,12420,MILANO CERTOSA,N002,4.09,2,TE,F,BAB-CC,SCCACCM,SCMT,SI,PC80,D4,MI,,
12780,SEREGNO,12820,DESIO,N002,3.16,2,TE,N,BAB-CC,SCCACCM,ERTMS_L2_SOVR,SI,PC80,D4L,MI,,
13060,PIOLTELLO-LIMITO,14820,MILANO SMISTAMENTO,N002,4.73,2,TE,N,BA-CC,SCCACCM,SCMT,SI,PC80,D4L,MI,,
59160,1° BIVIO ORVIETO SUD,59840,2° BIVIO ORVIETO SUD,F055,1.89,2,TE,F,BRA,SCCACCM,ERTMS_L2,SI,PC22,D4L,FI,,
20759,CONFINE CH/IT STABIO,20757,CANTELLO G.,,0.38,2,TE,CS,BCAB,DL,ERTMS_L1_SOVR,SI,FS,D4,MI,,
35998,DEV.ESTR.LATO GE.P.P.,36000,GENOVA BRIGNOLE,N004,1.35,2,TE,N,BA-CC,DC,SCMT,SI,PC22,D4,GE,,P234
35977,BIVIO CASTELLUCCIO,35885,GENOVA PRA,N004,0.53,2,TE,N,BAB-CC,SCCACCM,SCMT,SI,PC45,D4,GE,,
74140,P.M. ANAGNI,74143,DEV.INT AV/AC (PM ANAGNI),A001,0.92,2,TE25,F,BRA,SCC,ERTMS_L2,SI,PC80,D4,RM,,P224
13150,P.M. BIVIO ADDA,13220,TREVIGLIO,F023,2.74,2,TE,F,BAB-CC,SCCACCM,SCMT,SI,PC80,D4,MI,,
24200,LEGNAGO,26400,VILLABARTOLOMEA,C214,5.5,1,TD,CST,BCA,CTC,SCMT,NO,PC45,D4L,VR,,
47780,FIGLINE VALDARNO,47742,DEV.INGR.FIGLINE,F053,0.0,2,TE,F,BAB-CC,CTC,SCMT,SI,PC22,D4L,FI,,
40600,BIVIO CROCIALI,40603,BOLOGNA MAZZINI,N005,0.77,2,TE,N,BAB-CC,CTC,SCMT,SI,PC22,D4,BO,,P261
94340,SANLURI STATO,94380,S.GAVINO,C187,5.53,2,TD,CS,BCAB,CTCACCM,SCMT,NO,PC30,D4,CA,,P254A
32020,P.M. VAT,32100,UDINE PARCO,F037,6.76,1,TE,F,BCA,DC,SCMT,SI,PC80,D4,TS,,
94220,VILLASOR,94260,SERRAMANNA-NURAMINIS,C187,5.22,2,TD,CS,BCAB,CTCACCM,SCMT,NO,PC30,D4,CA,,P254A
95640,GOLFO ARANCI STAZIONE,95680,GOLFO ARANCI MARITTIMA,C237,1.5,1,TD,CSP,ALT,CTC,NO,NO,PC30,C3L,CA,,
27675,VENEZIA MESTRE OLIMPIA,27660,VENEZIA CARPENEDO,N003,2.94,2,TE,N,BAB-CC,SCC,SCMT,SI,PC80,D4L,VE,,0365A
29980,QUERO-VAS,30020,ALANO-FENER-VALDOBBIADENE,C078,5.5,1,TE,CS,BCA,CTC,SCMT,NO,FS,C3L,VE,,
12080,LEGNANO,12085,CANEGRATE,N002,2.99,2,TE,N,BAB-CC,DC,SCMT,SI,PC80,D4L,MI,,
77227,BRINDISI DI MONTAGNA,77265,TRIVIGNO,C155,4.77,1,TE,CS,BCA,CTC,SCMT,SI,PC25,C3,BA,,
00780,TORINO S.PAOLO,00840,QUADRIVIO ZAPPATA,N001,1.38,2,TE,N,BAB-CC,SCCACCM,SCMT,SI,PC45,D4,TO,,
57350,L' AQUILA S.GREGORIO,57380,S.DEMETRIO DE' VESTINI,C231,5.66,1,TD,CST,BCA,CTC,SSC,NO,FS,C3L,AN,,P210A
65419,PANTANELLA,65420,MARINO LAZIALE,C134,4.48,1,TE,CS,BCA,CTC,SCMT,SI,FS,A,RM,,
67160,SESSANO DEL MOLISE,73160,CARPINONE,C229,7.8,1,TD,CST,ALT,DU,SSC,NO,FS,C3L,AN,B,
55060,ORTONA,55207,S.VITO LANCIANO,F067,6.25,2,TE,F,BCAB,SCC,SCMT,SI,PC45,D4,AN,,P223
26064,"SEGN. CONFINE KM 1,624",26066,DEV.INTERCON.CASTELFRANCO,A005,1.02,2,TE,F,BAB-CC,SCCACCM,SCMT,SI,PC80,D4,BO,,
23380,ALA,23385,AVIO,F027,4.32,2,TE,F,BAB-CC,SCC,SCMT,SI,PC80,D4,VR,,P224
49305,LASTRA A SIGNA,48650,BIVIO P.C. SAMMINIATELLO,F049,6.66,2,TE,F,BAB-CC,CTC,SCMT,SI,PC80,D4,FI,,P076
26165,BRENTANA PDE,26170,P.M. S.PELLEGRINO,A007,1.28,2,TE25,F,BRA,SCCACCM,ERTMS_L2,SI,PC80,D4,BO,,
35420,LOANO,35460,PIETRA LIGURE,F009,3.19,1,TE,F,BCA,DC,SCMT,SI,PC22,D4,GE,,
89500,CASTELLAMMARE DEL GOLFO,89540,ALCAMO DIRAMAZIONE,C204,6.06,1,TD,CST,BCA,CTC,SCMT,NO,FS,C3L,PA,,P236
31080,TORVISCOSA,33081,DEV.ESTREMO LATO TORVISCOSA,F035,2.83,1,TE,F,BA-CF,DC,SCMT,SI,PC80,D4,TS,,0365A
26250,SEGN.CONF.B.VENEZIA,41755,BIVIO NAVILE,,1.46,2,TE,F,BAB-CC,SCC,SCMT,SI,PC80,D4,BO,,
44005,PONTE DELLA VENTURINA,44040,MOLINO DEL PALLONE,C115,4.18,1,TE,CS,BCA,CTC,SCMT,NO,FS,C3L,BO,,
71150,P.M. OVEST,71189,MADDALONI MARCIANISE UM1 FA/FT,F061,3.02,1,TE,CS,BA-CF,SCC,SCMT,SI,PC45,D4,NA,,
53780,CATTOLICA-S.GIOVANNI GABICCE,53820,PESARO,F063,15.1,2,TE,F,BAB-CC,SCCACCM,SCMT,SI,PC80,D4L,AN,,
76220,BRINDISI,76180,S.VITO DEI NORMANNI,C150,0.0,2,TE,CS,BCAB,SCC,SCMT,SI,PC45,D4L,BA,,P223
77920,ROCCHETTA S.ANTONIO-LACEDONIA,78260,S.NICOLA DI MELFI,C224,12.22,1,TD,CST,BCA,CTC,SCMT,NO,PC45,C3,BA,,
36580,FRAMURA,36585,BONASSOLA,F045,2.92,2,TE,F,BAB-CC,SCC,SCMT,SI,PC22,D4L,GE,,
09420,MONTIGLIO-MURISENGO,09435,CUNICO-SCANDELUZZA,C209,3.49,1,TD,CST,BCA,DL,SSC,SI,FS,C3,TO,B,
33301,OSOPPO,33341,MAjANO,C226,3.65,1,TD,CST,BCA,CTC,SSC,NO,FS,B2,TS,B,P199
13640,MILANO LAMBRATE,16536,MI. FORLANINI,N002,2.4,2,TE,N,BAB-CC,SCCACCM,SCMT,SI,PC80,D4,MI,,
61023,MARINA DI CERVETERI,61060,LADISPOLI-CERVETERI,F051,3.99,2,TE,F,BAB-CC,SCC,SCMT,SI,PC32,D4L,RM,,
90860,VILLAROSA,90900,ENNA,C178,10.89,1,TE,CS,BCA,CTC,SCMT,NO,FS,C3L,PA,,
41540,GALLIERA,41580,S.PIETRO IN CASALE,F031,5.31,2,TE,F,BAB-CC,DC,SCMT,SI,PC80,D4,BO,,P223
84280,MARINA DI S.LORENZO,84320,MELITO DI PORTO SALVO,C162,4.01,1,TD,CS,BCA,CTC,SCMT,SI,PC32,C3L,RC,,P245
80585,TORREMEZZO DI FALCONARA,80590,FIUMEFREDDO BRUZIO,F077,3.47,2,TE,F,BAB-CC,CTC,SCMT,SI,PC45,D4L,RC,,
85860,MILAZZO,85900,BARCELLONA-CASTROREALE,C175,7.94,2,TE,CS,BAB-CC,SCC,SCMT,SI,PC22,C3,PA,,
23250,CALLIANO,23220,MATTARELLO,F027,8.3,2,TE,F,BAB-CC,SCC,SCMT,SI,PC80,D4,VR,,P224
53860,FANO,53900,MAROTTA-MONDOLFO,F063,12.23,2,TE,F,BAB-CC,SCCACCM,SCMT,SI,PC80,D4L,AN,,
09410,S.ANNA ROBELLA,09420,MONTIGLIO-MURISENGO,C209,2.1,1,TD,CST,BCA,DL,SSC,SI,FS,C3,TO,B,
54640,ALBA ADRIATICA-NERETO-CONTROGUERRA,54602,MARTINSICURO,F067,5.87,2,TE,F,BAB-CC,SCC,SCMT,SI,PC80,D4,AN,,
15138,MILANO ROGOREDO DEV.U.,15140,MILANO SCALO ROMANA,N002,0.94,2,TE,CS,BAB-CC,CTC,SCMT,SI,PC45,C3L,MI,,
20420,CHIGNOLO PO,20423,LAMBRINIA,C060,2.64,1,TD,CS,BCA,CTC,SCMT,NO,PC22,C3L,MI,,
93800,ROSOLINI,93840,S.PAOLO DI NOTO,C174,7.27,1,TD,CS,BCA,SCCACCM,SSC,SI,FS,B2,PA,,
84820,SPEZZANO-ALBANESE TERME,84860,TARSIA,C168,7.19,1,TE,CS,BCA,CTC,SCMT,SI,PC45,C3,RC,,
26057,BIVIO MODENA OVEST,26058,"SEGN. CONFINE KM 2,805",A005,2.93,2,TE25,F,BRA,SCCACCM,ERTMS_L2,SI,PC80,D4,BO,,
60464,BIVIO P.C. NUOVO SALARIO,64061,P.M. VAL D'ALA ROMA SMISTAMENTO,N007,1.45,2,TE,N,BAB-CC,SCCACCM,SCMT,SI,PC32,C3L,RM,,
28415,VENEZIA MESTRE GAZZERA,28410,VENEZIA MESTRE OSPEDALE,N003,2.8,2,TE,N,BAB-CC,SCC,SCMT,SI,PC80,D4L,VE,,
24700,CASTELDARNE,24670,S.LORENZO,C067,5.67,1,TE,CS,BCA,CTC,SCMT,NO,PC80,D4L,VR,,
85540,MESSINA SCALO,87310,FIUMARA GAZZI,C169,1.61,2,TE,CS,BAB-CC,SCC,SCMT,SI,PC22,C3,PA,,
02320,ALESSANDRIA,02370,ALESSANDRIA SMISTAMENTO,C007,1.23,2,TE,F,ALT,DL,SCMT,SI,PC45,D4,TO,,
74960,RIGNANO GARGANICO,75000,FOGGIA,F067,14.07,2,TE,F,BAB-CC,SCC,SCMT,SI,PC80,D4,BA,,P223
43220,VOLTANA,43260,ALFONSINE,C101,8.94,1,TE,CS,BCA,CTC,SCMT,SI,PC32,D4L,BO,,
84370,MOTTA S.G.,84405,REGGIO DI CALABRIA BOCALE,C162,3.72,2,TE,CS,BCAB,CTC,SCMT,SI,PC32,C3,RC,,
75560,BARI PARCO NORD,77510,BARI LAMASINATA,C150,1.61,1,TE,F,BA-CF,DC,SCMT,SI,PC45,D4,BA,,
56380,JESI,56345,PANTIERE DI CASTELBELLINO,F065,6.16,2,TE,F,BCAB,CTC,SCMT,SI,PC45,D4L,AN,,
93200,BUTERA,93240,GELA,C210,12.4,1,TD,CST,BCA,CTC,SCMT,SI,FS,C3L,PA,,
13054,SEGRATE,13060,PIOLTELLO-LIMITO,N002,2.4,2,TE,N,BAB-CC,SCCACCM,SCMT,SI,PC80,D4,MI,,
65260,MONTE MARIO,65255,P.C. ROMA M. MARIO,N007,0.0,2,TE,N,BAB-CC,SCCACCM,SCMT,SI,FS,C3L,RM,,P053
84320,MELITO DI PORTO SALVO,84325,ANNA',C162,3.15,2,TE,CS,BCAB,CTC,SCMT,SI,PC32,C3,RC,,
69160,ARIANO IRPINO,69200,PIANEROTTOLO D'ARIANO,F071,4.58,1,TE,F,BCA,CTC,SCMT,SI,PC22,C3L,NA,,
41320,POLESELLA,41350,CANARO,F031,6.87,2,TE,F,BAB-CC,DC,SCMT,SI,PC80,D4,VE,,P223
84680,BIVIO SETTIMO,84600,BIVIO PANTANI,C164,15.77,1,TE,CS,BCA,CTC,SCMT,SI,PC45,C3,RC,,I107A
71651,CAMPOLATTARO,71660,FRAGNETO MONFORTE,C202,6.9,1,TD,CST,BCA,CTC,SSC,NO,FS,C3L,NA,B,
89310,PIRAINETO,89317,ORSA,C181,2.47,2,TE,CS,BCAB,SCC,SCMT,SI,FS,C3L,PA,,
58878,NEPEZZANO-PIANO D'ACCIO,58875,CASTELLALTO-CANZANO,C211,3.46,1,TE,CST,BCA,CTC,SCMT,NO,FS,C3L,AN,,
80105,ACQUAFREDDA,80160,MARATEA,F075,6.01,2,TE,F,BAB-CC,CTC,SCMT,SI,PC32,D4L,RC,,
60120,ORTE,60200,GALLESE IN TEVERINA,F053,8.67,2,TE,F,BAB-CC,SCCACCM,SCMT,SI,PC45,D4L,RM,,
03400,CASSINE,03440,STREVI,C018,6.77,1,TE,CS,BCA,CTC,SCMT,NO,PC32,D4L,TO,,
57020,CITTADUCALE,57030,SORGENTI DEL PESCHIERA,C231,5.82,1,TD,CST,BCA,CTC,SSC,NO,FS,<A,AN,,P210A
26095,PDE MONTECALVO,26097,PDE SAVENA,A007,4.3,2,TE25,F,BRA,SCCACCM,ERTMS_L2,SI,PC80,D4,BO,,
22140,MONTEBELLO,22160,BIVIO RONCHI,F025,8.52,2,TE,F,BAB-CC,SCCACCM,SCMT,SI,PC80,D4,VR,,0362A
48863,S.FREDIANO A SETTIMO,48940,NAVACCHIO,F049,2.53,2,TE,F,BAB-CC,SCC,SCMT,SI,PC80,D4,FI,,
74800,P.M. LESINA,74840,POGGIO IMPERIALE,F067,7.42,2,TE,F,BCAB,SCC,SCMT,SI,PC80,D4,BA,,P223
04500,SALICETO,04540,CENGIO,C014,3.02,1,TE,CS,BCA,DC,SCMT,NO,PC32,C3,TO,,
04620,QUART,04660,NUS,C002,4.58,1,TD,CS,BCA,CTC,SCMT,NO,FS,C3L,TO,,P123
89317,ORSA,89320,PALERMO AEROPORTO,C181,1.53,2,TE,CS,BCAB,SCC,SCMT,SI,FS,C3L,PA,,
03480,ACQUI TERME,03520,TERZO-MONTABONE,C019,3.85,1,TE,CS,BCA,CTC,SCMT,NO,PC32,C3,TO,,
99110,GORGO AL MONTICANO,99140,MOTTA DI LIVENZA,C084,4.14,1,TE,CS,BCA,CTCACCM,SCMT,SI,PC80,D4L,VE,,
33381,FORGARIA-BAGNI ANDUINS,33421,PINZANO,C226,3.07,1,TD,CST,BCA,CTC,SSC,NO,FS,B2,TS,B,P199
82260,ROSETO-CAPO SPULICO,82300,AMENDOLARA-ORIOLO,C160,4.83,1,TE,CS,BCA,CTC,SCMT,SI,PC45,C3,RC,,
01520,VERCELLI,01560,P.C. BIVIO SESIA,F011,2.29,2,TE,F,BAB-CC,DC,SCMT,SI,PC80,D4,TO,,
81480,FRANCAVILLA ANGITOLA-FILADELFIA,81520,PIZZO,F077,8.2,1,TE,F,BCA,CTC,SCMT,SI,FS,C3,RC,,
63103,RIOFREDDO,63100,ARSOLI,C132,2.26,1,TE,CS,BCA,SCCACCM,SCMT,SI,PC22,C3L,RM,,
22300,BRENNERO,22350,P.C. TERME DI BRENNERO,F027,4.32,2,TE,F,BAB-CC,SCC,SCMT,SI,PC80,D4L,VR,,P224
48583,S.DONNINO-BADIA,48610,BIVIO P.C. RENAI,F049,1.03,2,TE,F,BAB-CC,CTC,SCMT,SI,PC80,D4,FI,,P076
42200,DOPPIO BIVIO P.C. BEVERARA,42560,BIVIO TREBBO,N005,2.04,2,TE,N,BAB-CC,CTCACCM,SCMT,SI,PC80,D4,BO,,
22620,BRESSANONE,22660,CHIUSA,F027,10.12,2,TE,F,BAB-CC,SCC,SCMT,SI,PC80,D4L,VR,,P224
66467,CUPONE,66465,PESCOCANALE,C133,1.44,1,TD,CS,BCA,CTC,SSC,NO,FS,<A,RM,,
48620,SIGNA,48650,BIVIO P.C. SAMMINIATELLO,F049,9.96,2,TE,F,BAB-CC,CTC,SCMT,SI,PC80,D4,FI,,
81040,ROSARNO,81920,NICOTERA,F077,8.45,1,TE,F,BCA,CTC,SCMT,SI,FS,C3,RC,,
47618,DEV.EST.PM ROVEZZANO L.L.,47620,COMPIOBBI,F053,3.44,2,TE,F,BAB-CC,CTC,SCMT,SI,PC22,D4L,FI,,
48740,S.MINIATO-FUCECCHIO,48780,S.ROMANO-MONTOPOLI-S.CROCE,F049,5.92,2,TE,F,BAB-CC,SCC,SCMT,SI,PC80,D4,FI,,
16280,CARNATE-USMATE,16320,ARCORE,C046,5.25,2,TE,CS,BA-CF,DC,SCMT,NO,PC30,C3L,MI,,P054
09350,LAURIANO,09365,MONTEU DA PO,C209,1.66,1,TD,CST,BCA,DL,SSC,SI,FS,C3,TO,B,
70673,CASTELLUCCIO,70676,GALDO,,2.49,1,TD,CS,ALT,DU,,,n.c.,,NA,B,
60463,NUOVO SALARIO,60464,BIVIO P.C. NUOVO SALARIO,N007,0.3,2,TE,N,BAB-CC,SCCACCM,SCMT,SI,PC32,C3,RM,,
65060,CROCICCHIE,65100,ANGUILLARA,C129,5.24,1,TE,CS,BCA,CTC,SCMT,NO,FS,C3L,RM,,
95180,OZIERI-FRAIGAS,95140,OZIERI-CHILIVANI,C185,5.03,1,TD,CS,BCA,CTC,SCMT,NO,PC30,C3L,CA,,
75000,FOGGIA,75050,DEV. BINARIO IM LATO BA,F069,3.11,2,TE,F,BAB-CC,SCC,SCMT,SI,PC80,D4,BA,,P223
58745,SPINETOLI COLLI,58742,COLLI DEL TRONTO,C124,1.23,1,TE,CS,BCA,CTC,SCMT,NO,FS,D4L,AN,,
25385,TEZZE DI GRIGNO,29100,PRIMOLANO,C232,3.82,1,TD,CST,BCA,CTC,SCMT,NO,FS,C3,VR,,
06437,DEVIATOIO ESTREMO CASALE MONFERRATO,06740,CANDIA LOMELLINA,C218,12.99,1,TD,CST,BCA,DL,SCMT,NO,FS,C3L,TO,,
18600,CASALETTO VAPRIO,18640,CREMA,C057,6.95,1,TE,CS,BCA,CTC,SCMT,NO,PC45,C3L,MI,,
36000,GENOVA BRIGNOLE,36020,GENOVA STURLA,N004,3.01,2,TE,N,BAB-CC,SCC,SCMT,SI,PC22,D4L,GE,,
00112,CONFINE FRANCESE (MODANE),00120,P.C. FREJUS,F001,0.03,2,TE,F,BAB-CC,CTC,SCMT,SI,PC45,D4,TO,,
94700,PAULILATINO,94660,BAULADU-MILIS,C187,10.42,1,TD,CS,BCA,CTC,SCMT,NO,PC30,C3L,CA,,
17700,DERVIO,17740,BELLANO-TARTAVALLE TERME,C040,4.64,1,TE,CS,BCA,CTC,SCMT,NO,PC22,C3L,MI,,
29150,S.NAZARIO,29155,SOLAGNA,C221,3.5,1,TD,CST,BCA,CTC,SCMT,NO,FS,C3L,VE,,
08903,VERGNASCO,08905,SANDIGLIANO,C244,3.36,1,TE,CSP,BCA,DL,SCMT,NO,FS,C3L,TO,,
05420,COMIGNAGO,11720,ARONA,C227,7.42,1,TD,CST,BCA,CTC,SSC,NO,FS,C3L,TO,B,
32111,UDINE PARCO DEV. PRADAMANO,32160,BUTTRIO,F039,4.79,2,TE,F,BCA,DC,SCMT,SI,PC80,D4L,TS,,
74880,APRICENA,74920,S.SEVERO,F067,10.95,2,TE,F,BCAB,SCC,SCMT,SI,PC80,D4,BA,,P223
74347,NAPOLI AFRAGOLA,74349,DEV.DIR.NA AFRAGOLA,A001,1.54,2,TE,F,BRA,SCC,ERTMS_L2,SI,PC80,D4,NA,,0099A|0099B|0279A|0279B|0281|0284|P224
10240,CANELLI,10245,S.STEFANO BELBO,C206,4.47,1,TD,CST,BCA,DL,SSC,NO,FS,C3L,TO,B,
51537,PRATIGNONE,51539,IL NETO,F043,1.99,2,TE,F,BAB-CC,DC,SCMT,SI,PC80,D4,FI,,P076
67940,FALCIANO-MONDRAGONE-CARINOLA,67980,CANCELLO ARNONE,F057,8.26,2,TE,F,BA-CC,DC,SCMT,SI,PC45,C3,NA,,P224
11320,BIVIO P.C. VALLE,11360,VOGOGNA OSSOLA (linea Domo-Mi),F013,5.06,2,TE,F,BAB-CC,DC,SCMT,SI,PC80,D4,MI,,
90180,AGRIGENTO BASSA,90220,AGRIGENTO CENTRALE,C183,2.97,1,TE,CS,BCA,CTC,SCMT,SI,FS,B2,PA,,P247
51673,PALLERONE,51677,FIVIZZANO-ROMETTA-SOLIERA,C119,4.67,1,TD,CS,BCA,CTC,SCMT,NO,FS,D4,FI,,
46960,1° BIVIO VALDARNO SUD,47040,1° BIVIO AREZZO NORD,F055,15.16,2,TE,F,BRA,SCCACCM,ERTMS_L2,SI,PC22,D4L,FI,,
20900,VILLASANTA PARCO,20903,BUTTAFAVA,C042,2.48,1,TD,CS,BEM,DC,SCMT,NO,FS,C3,MI,,
26480,BADIA POLESINE,26520,LENDINARA,C214,9.77,1,TD,CST,BCA,CTC,SCMT,NO,PC45,D4L,VR,,
54123,ANCONA STADIO,54130,CAMERANO ASPIO,F067,4.25,2,TE,F,BAB-CC,SCC,SCMT,SI,PC80,D4,AN,,
34360,GENOVA SAMPIERDARENA,36800,GENOVA PIAZZA PRINCIPE,N004,3.07,2,TE,N,BA-CC,DC,SCMT,SI,PC22,D4,GE,,
01215,S.ANTONINO DI SALUGGIA,01280,LIVORNO FERRARIS,F011,4.22,2,TE,F,BAB-CC,DC,SCMT,SI,PC80,D4,TO,,
60720,CAPALBIO,60760,CHIARONE,F051,6.59,2,TE,F,BAB-CC,SCC,SCMT,SI,PC32,D4,FI,,
65255,P.C. ROMA M. MARIO,65189,S.FILIPPO NERI,N007,0.35,2,TE,N,BAB-CC,SCCACCM,SCMT,SI,FS,C3L,RM,,P053
12240,P.M. GHISOLFA,16560,MILANO NORD BOVISA,N002,0.97,2,TE,N,ALT,SCCACCM,SCMT,SI,PC45,D4,MI,,
26860,THIENE,26865,MARANO VICENTINO,C069,4.18,1,TD,CS,BCA,CTC,SCMT,NO,FS,C3L,VR,,
09930,PRIOLA,09935,GARESSIO,C208,5.89,1,TD,CST,BCA,DL,SSC,NO,FS,B2L,TO,B,
48420,CASTIGLION DEL LAGO,48460,P.M. PANICALE SANFATUCCHIO,F053,6.89,2,TE,F,BAB-CC,CTC,SCMT,SI,PC22,D4L,FI,,
83320,SQUILLACE,83360,MONTEPAONE-MONTAURO,C162,6.4,1,TD,CS,BCA,CTC,SCMT,SI,PC32,C3L,RC,,P245
62780,LUNGHEZZA,62713,PONTE DI NONA,N007,1.35,2,TE,N,BAB-CC,SCC,SCMT,SI,PC22,C3L,RM,,
42240,BIVIO ARCOVEGGIO,42265,BOLOGNA FIERE,N005,1.69,2,TE,N,BAB-CC,CTCACCM,SCMT,SI,PC80,D4,BO,,
34000,ARQUATA SCRIVIA,34007,BIVIO P.C. SCAVALCAMENTO,F019,1.51,2,TE,F,BAB-CC,SCC,SCMT,SI,PC22,D4L,GE,,
89125,PALERMO FRANCIA,89110,PALERMO DE GASPERI,C181,0.0,2,TE,CS,BCAB,SCC,SCMT,SI,FS,C3,PA,,0036
30770,BIVIO D'AURISINA SC. ESTR. GALLERIA,30800,BIVIO D'AURISINA,F035,0.85,2,TE,F,BAB-CF,DC,SCMT,SI,PC80,D4,TS,,
25937,QUATTRO VILLE SUD,38948,P.M. FRETO,C072,2.54,1,TE,CS,BA-CF,CTCACCM,SCMT,SI,PC45,D4L,BO,,
69240,SAVIGNANO GRECI,69280,MONTAGUTO-PANNI,F071,6.29,1,TE,F,BCA,CTC,SCMT,SI,PC22,C3L,NA,,
79580,S.NICOLA VARCO DI EBOLI,79660,CAPACCIO-ROCCADASPIDE,F075,11.96,2,TE,F,BAB-CC,CTC,SCMT,SI,PC32,D4L,RC,,
44000,PORRETTA TERME,44005,PONTE DELLA VENTURINA,C115,3.48,1,TE,CS,BCA,CTC,SCMT,NO,FS,C3L,BO,,
66465,PESCOCANALE,66463,CANISTRO,C133,2.83,1,TD,CS,BCA,CTC,SSC,NO,FS,<A,RM,,
38700,CASTELGUELFO,38740,PARMA,F041,12.41,2,TE,F,BAB-CC,DC,SCMT,SI,PC45,D4,BO,,
68265,NAPOLI GIANTURCO,69500,DOPPIO BIVIO MARITTIMA,N008,1.39,2,TE,N,BAB-CC,SCC,SCMT,SI,PC25,D4,NA,,
36540,DEIVA MARINA,36580,FRAMURA,F045,3.47,2,TE,F,BAB-CC,SCC,SCMT,SI,PC22,D4L,GE,,
26029,2° BIVIO PP FIDENZA OVEST,38660,FIDENZA,C055,3.53,1,TE,CS,BA-CF,DL,SCMT,SI,PC45,D4L,BO,,
27191,G.S. MESTRE,27200,MIRA-MIRANO,N003,7.67,2,TE,N,BAB-CC,SCC,SCMT,SI,PC80,D4,VE,,
25710,LEVATA,25720,ROMANORE,C071,6.66,1,TE,CS,BCA,CTC,SCMT,NO,PC45,D4L,VR,,
90420,CERDA,90460,SCIARA-ALIMINUSA,C180,5.59,1,TE,CS,BCA,CTC,SCMT,SI,FS,C3L,PA,,0275A
10990,LUSERNA S.GIOVANNI,11000,TORRE PELLICE,C219,1.82,1,TE,CST,ALT,SPO,SCMT,NO,FS,C3L,TO,B,
80700,CAMPORA-S.GIOVANNI-SERRA AIELLO,80740,NOCERA TIRINESE,F077,6.49,2,TE,F,BAB-CC,CTC,SCMT,SI,PC45,D4L,RC,,P140
57500,BEFFI,57505,ACCIANO,C231,5.08,1,TD,CST,BCA,CTC,SSC,NO,FS,C3L,AN,,P210A
46789,FI. STATUTO INTERCONNESSIONE,46798,DEV.EST. FIRENZE STATUTO,N006,0.45,2,TE,N,BAB-CC,CTCACCM,SCMT,SI,PC22,D4,FI,,
45100,LA SPEZIA CENTRALE,45140,LA SPEZIA MIGLIARINA,F045,2.8,2,TE,F,BAB-CC,SCC,SCMT,SI,PC32,D4,FI,,
21060,COSTA MASNAGA,21240,MOLTENO,C042,2.69,1,TD,CS,BCA,DC,SCMT,NO,FS,C3L,MI,,
24700,CASTELDARNE,24740,VANDOIES,C067,10.22,1,TE,CS,BCA,CTC,SCMT,NO,PC80,D4L,VR,,
13060,PIOLTELLO-LIMITO,13100,MELZO SCALO,F023,6.44,2,TE,F,BAB-CC,SCCACCM,SCMT,SI,PC80,D4,MI,,
75000,FOGGIA,76830,DEV.IM LATO BN/PZ,F071,2.95,2,TE,F,BCA,DC,SCMT,SI,PC45,C3,BA,,
50260,AULLA LUNIGIANA,51673,PALLERONE,C119,3.91,1,TD,CS,BCA,CTC,SCMT,NO,FS,D4,FI,,
45760,PISA / BIN. PISA CENTRALE,45835,PISA DEV. TAGLIAFERRO,F051,1.3,2,TE,F,BAB-CC,SCC,SCMT,SI,PC80,D4,FI,,
59520,ROMA TIBURTINA,64059,ROMA NOMENTANA L.M.,N007,2.65,2,TE,N,BAB-CC,SCCACCM,SCMT,SI,PC32,C3L,RM,,
09317,GHEMME,09315,SIZZANO,C035,2.81,1,TD,CS,BCA,DL,SSC,NO,FS,D4L,TO,,
43880,PIOPPE DI SALVARO,43920,VERGATO,N005,5.64,1,TE,N,BCA,CTCACCM,SCMT,SI,FS,C3L,BO,,
48582,LE PIAGGE,48583,S.DONNINO-BADIA,F049,2.62,2,TE,F,BAB-CC,CTC,SCMT,SI,PC80,D4,FI,,P076
29540,CORDOVADO SESTO,29550,TEGLIO VENETO,C205,4.77,1,TD,CST,BCA,CTC,SCMT,SI,PC45,C3L,TS,,P199
90315,FEDERICO,90317,FIERA,C184,0.61,1,TE,CS,BCA,DC,SCMT,SI,FS,C3L,PA,,
81000,MILETO,81040,ROSARNO,F077,12.9,2,TE,F,BAB-CC,CTC,SCMT,SI,PC45,D4L,RC,,P140
31940,TARCENTO,31980,TRICESIMO-S.PELAGIO,F037,6.37,2,TE,F,BAB-CC,SCC,SCMT,SI,PC80,D4,TS,,
70180,CAMPAGNA-SERRE-PERSANO,70220,CONTURSI TERME,C136,12.3,1,TE,CS,BCA,CTC,SCMT,SI,PC22,C3L,NA,,
58870,BELLANTE-RIPATTONE,58865,NOTARESCO,C211,3.14,1,TE,CST,BCA,CTC,SCMT,NO,FS,C3L,AN,,
93840,S.PAOLO DI NOTO,93880,NOTO,C174,8.23,1,TD,CS,BCA,SCCACCM,SSC,SI,FS,B2,PA,,
66600,SULMONA-INTRODACQUA,66640,PETTORANO SUL GIZIO,C229,10.11,1,TD,CST,ALT,DU,SSC,NO,FS,C3L,AN,B,
52800,SINALUNGA,52805,TORRITA DI SIENA,C123,6.34,1,TD,CS,BCA,CTC,SCMT,NO,FS,D4L,FI,,
68740,TELESE-CERRETO,68780,SOLOPACA,F071,4.14,1,TE,F,BCA,CTC,SCMT,SI,PC22,C3L,NA,,0099A|0099B|0279A|0279B|0281|0284
34180,GENOVA PONTEDECIMO,34210,GENOVA S.BIAGIO,F019,1.45,2,TE,F,BAB-CC,SCC,SCMT,SI,PC22,D4L,GE,,P221
27660,VENEZIA CARPENEDO,27640,GAGGIO PORTA EST,F035,6.81,2,TE,F,BAB-CC,SCC,SCMT,SI,PC80,D4L,VE,,0365A
65475,CASABIANCA,65477,S.MARIA DELLE MOLE,C135,1.59,1,TE,CS,BCA,CTC,SCMT,SI,FS,C3L,RM,,
02320,ALESSANDRIA,33835,AL CAVALCAVIA,F021,0.55,2,TE,F,BCA,DC,SCMT,SI,PC45,D4L,TO,,
28940,CASTELFRANCO VENETO,30180,FANZOLO,C079,6.7,1,TE,CS,BCA,CTC,SCMT,NO,FS,C3L,VE,,
04340,VICOFORTE-S.MICHELE,04380,LESEGNO,C013,4.52,2,TE,CS,BCA,DC,SCMT,NO,PC32,C3,TO,,
84482,REGGIO C. AEROPORTO,84485,REGGIO DI CALABRIA OMECA,C162,2.5,2,TE,CS,BCAB,CTC,SCMT,SI,PC32,C3,RC,,
11960,GALLARATE,12040,BUSTO ARSIZIO,N002,7.1,2,TE,N,BAB-CC,DC,SCMT,SI,PC80,D4L,MI,,
26115,LAURINZIANO PDE,26120,RIO DEI CANI PDE,A007,4.21,2,TE25,F,BRA,SCCACCM,ERTMS_L2,SI,PC80,D4,BO,,
00400,BUSSOLENO,00405,BRUZOLO DI SUSA,F001,4.59,2,TE,F,BAB-CC,DC,SCMT,SI,PC45,D4,TO,,P215
78080,FORENZA,78083,FILIANO,C154,5.29,1,TD,CS,BCA,CTC,SCMT,SI,FS,C3L,BA,,1674
26095,PDE MONTECALVO,26099,BOLOGNA CENTRALE AV,A007,7.84,2,TE25,F,BRA,SCCACCM,ERTMS_L2,SI,PC80,D4,BO,,
45000,FIRENZE CASTELLO,45040,FIRENZE RIFREDI,N006,2.6,2,TE,N,BAB-CC,SCCACCM,SCMT,SI,PC80,D4,FI,,
37145,GENOVA P.P. SOTTERRANEA,35998,DEV.ESTR.LATO GE.P.P.,N004,0.6,2,TE,N,,,,SI,PC22,D4,GE,,P234
06000,GRAVELLONA TOCE,05965,OMEGNA-CRUSINALLO,C033,4.23,1,TE,CS,BCA,CTC,SCMT,SI,PC80,D4L,TO,,
20095,S.GIOVANNI IN CROCE,20100,CASALMAGGIORE,C066,9.95,1,TD,CS,BCA,CTC,SCMT,NO,PC22,C3L,MI,,
01760,TRECATE,12300,MAGENTA,F011,11.96,2,TE,F,BAB-CC,SCCACCM,ERTMS_L2_SOVR,SI,PC80,D4,MI,,
12382,RHO DEV.E.LINEA NO,12385,RHO FIERA,N002,1.34,2,TE,N,BAB-CC,SCCACCM,SCMT,SI,PC80,D4,MI,,
26097,PDE SAVENA,26105,BIVIO EMILIA,A007,0.85,2,TE25,F,BRA,SCCACCM,ERTMS_L2,SI,PC80,D4,BO,,
56800,P.M. S.G. TEATINO,56770,CHIETI-MADONNA DELLE PIANE,C125,5.43,1,TE,CS,BCA,CTC,SCMT,SI,PC80,C3L,AN,,
00240,SALBERTRAND,00280,EXILLES,F001,3.74,2,TE,F,BAB-CC,DC,SCMT,SI,PC45,D4,TO,,
88220,BICOCCA,88185,CATANIA AEROPORTO FONTANAROSSA,C170,2.23,2,TE,CS,BAB-CF,DC,SCMT,SI,PC22,C3,PA,,0270
68071,QUARTO DI MARANO,68081,VIA CAMPANA,F059,2.06,2,,,,,SCMT,,n.c.,,NA,,
50560,DICOMANO,50600,VICCHIO,C110,7.54,1,TD,CS,BCA,CTC,SSC,SI,FS,B2,FI,,P200
14340,BRESSANA BOTTARONE,14380,PIZZALE LUNGAVILLA,F005,5.21,2,TE,F,BAB-CC,SCCACCM,ERTMS_L2_SOVR,SI,PC45,D4,MI,,P133
38460,PIACENZA,38500,PONTENURE,F041,8.83,2,TE,F,BAB-CC,DC,SCMT,SI,PC45,D4,BO,,
68300,ALBANOVA,68340,S.MARCELLINO-FRIGNANO,F057,3.7,2,TE,F,BAB-CC,SCC,SCMT,SI,PC45,C3,NA,,
38094,DEV.ESTR.GENOVA BORZOLI,38120,GENOVA BORZOLI - PES,C098,0.5,1,TE,N,BCA,SCC,SCMT,SI,PC45,D4L,GE,,P198
62703,LA RUSTICA UIR,62702,LA RUSTICA CITTA',N007,1.12,2,TE,N,BAB-CC,SCC,SCMT,SI,PC22,C3L,RM,,
24060,CASTEL D'ARIO,24065,BONFERRARO,C073,2.68,1,TE,CS,BCA,CTC,SCMT,SI,PC80,D4L,VR,,
26160,BRENZONE PDE,26165,BRENTANA PDE,A007,2.35,2,TE25,F,BRA,SCCACCM,ERTMS_L2,SI,PC80,D4,BO,,
57100,ANTRODOCO-BORGO VELINO,57105,ANTRODOCO CENTRO,C231,0.78,1,TD,CST,BCA,CTC,SSC,NO,FS,<A,AN,,P210A
53180,ROCCASTRADA,53183,STICCIANO,C228,8.87,1,TD,CST,BCA,CTC,SCMT,SI,FS,A,FI,,
86740,LASCARI-GRATTERI,86780,CAMPOFELICE,C175,4.69,2,TE,CS,BAB-CC,SCC,SCMT,SI,PC22,C3,PA,,
02785,VARALLO POMBIA,02790,MARANO TICINO,C022,4.54,1,TE,CS,BCA,DL,SCMT,SI,PC50,D4L,TO,,
33620,AVIANO,33660,BUDOIA-POLCENIGO,C226,5.69,1,TD,CST,BCA,CTC,SCMT,NO,FS,C3L,TS,,P199
50480,RUFINA,50483,SCOPETI,C110,2.76,1,TD,CS,BCA,CTC,SSC,SI,FS,B2,FI,,P200
81290,REGGIO DI CALABRIA CATONA,81340,REGGIO DI CALABRIA GALLICO,F077,2.64,2,TE,F,BAB-CC,CTC,SCMT,SI,PC32,C3,RC,,
29220,BASSANO DEL GRAPPA,30545,ROSA',C089,5.81,1,TE,CS,BCA,SCC,SCMT,NO,FS,C3L,VE,,
50260,AULLA LUNIGIANA,50300,S.STEFANO DI MAGRA,F047,9.03,2,TE,F,BAB-CC,SCC,SCMT,SI,PC22,D4L,FI,,
71232,SEGN.CONF.AFRAGOLA L.SA (COLLEG. NORD-SUD),74349,DEV.DIR.NA AFRAGOLA,A001,3.37,2,TE25,F,BRA,SCC,ERTMS_L2,SI,PC80,D4,NA,,0099A|0099B|0279A|0279B|0281|0284
16580,SPINETTA,33835,AL CAVALCAVIA,F021,7.02,2,TE,F,BCA,DC,SCMT,SI,PC45,D4L,MI,,
40760,GRIZZANA,40800,S.BENEDETTO SAMBRO-CASTIGLIONE P.,F043,5.11,2,TE,F,BAB-CC,CTCACCM,SCMT,SI,PC22,D4,BO,,P261
94147,ASSEMINI S.LUCIA,94145,ASSEMINI,C188,0.88,2,TD,CS,BAB-CC,CTCACCM,SCMT,NO,PC30,D4,CA,,P254A
45420,MASSA CENTRO,45460,FORTE DEI MARMI - SERRAVEZZA QUERCETA,F045,7.17,2,TE,F,BAB-CC,SCC,SCMT,SI,PC32,D4,FI,,
09520,LOMELLO,09517,MEDE,C028,5.13,1,TD,CS,BCA,CTC,SCMT,NO,FS,D4L,TO,,
93600,MODICA,93640,SCICLI,C174,9.71,1,TD,CS,BCA,SCCACCM,SSC,SI,FS,B2,PA,,
19883,CALVISANO,19930,VISANO,C065,3.64,1,TD,CS,BCA,CTC,SCMT,NO,PC22,C3L,MI,,
62140,ROMA CASILINA,63920,ROMA TERMINI,N007,4.26,2,TE,N,BAB-CC,DC,SCMT,SI,PC32,D4,RM,,
30585,SOFFRATTA,28145,D.E. CONEGLIANO,C085,10.19,1,TE,CS,BCA,CTC,SCMT,NO,FS,D4,VE,,
59480,BIVIO/PC SETTEBAGNI,59520,ROMA TIBURTINA,N007,11.72,2,TE,N,BAB-CC,SCCACCM,SCMT,SI,PC32,C3,RM,,
45140,LA SPEZIA MIGLIARINA,45143,CA' DI BOSCHETTI,F045,2.16,1,TE,F,BA-CC,SCC,SCMT,SI,PC32,D4,FI,,
90660,VILLALBA,90700,MARIANOPOLI,C177,5.47,1,TE,CS,BCA,CTC,SCMT,SI,FS,C3L,PA,,0275A
77800,ORDONA,77840,ASCOLI SATRIANO,C153,12.31,1,TD,CS,BCA,CTC,SCMT,SI,PC45,C3L,BA,,1674
32810,BIVIO D'AUR. SC. ESTR. VIADOTTO,32840,AURISINA,F035,2.09,2,TE,F,BCAB,DC,SCMT,SI,PC80,D4L,TS,,1604A
29290,RESANA,29320,PIOMBINO DESE,C092,3.97,1,TE,CS,BCA,SCC,SCMT,NO,PC80,D4L,VE,,
58710,MARINO DEL TRONTO-FOLIGNATO,58705,S.FILIPPO,C124,2.92,1,TE,CS,BCA,CTC,SCMT,NO,FS,D4L,AN,,
00840,QUADRIVIO ZAPPATA,02620,TORINO SMISTAMENTO NORD,N001,1.47,2,TE,N,BAB-CC,DL,SCMT,SI,PC45,D4,TO,,P217
09345,S.SEBASTIANO PO,09350,LAURIANO,C209,3.66,1,TD,CST,BCA,DL,SSC,SI,FS,C3,TO,B,
61280,ROMA S.PIETRO,65810,ROMA TRASTEVERE,N007,3.32,2,TE,N,BAB-CC,SCCACCM,SCMT,SI,PC32,C3,RM,,
72400,BARONISSI,72411,ACQUAMELA,C148,1.45,1,TE,CS,BCA,CTC,SCMT,SI,FS,A,NA,,I173
89580,CALATAFIMI,89605,SEGESTA-TEMPIO,C204,6.09,1,TD,CST,BCA,CTC,SSC,NO,FS,C3L,PA,B,I162|P236
43965,SILLA,44000,PORRETTA TERME,N005,2.49,1,TE,N,BCA,CTCACCM,SCMT,SI,FS,C3L,BO,,
26087,DEV.U.I. BOLOGNA S.RUFFILLO,40665,RASTIGNANO,F043,1.06,2,TE,F,BAB-CC,CTC,SCMT,SI,PC22,D4,BO,,
95930,S.GIORGIO DI SASSARI,95920,SASSARI,C241,4.77,1,TD,CS,BCA,CTC,SCMT,NO,FS,C3,CA,,
26400,VILLABARTOLOMEA,26440,CASTAGNARO,C214,5.74,1,TD,CST,BCA,CTC,SCMT,NO,PC45,D4L,VR,,
88940,RACALMUTO,88980,GROTTE,C201,2.37,1,TE,CST,BA-CF,CTC,SCMT,SI,FS,B2L,PA,,
21820,SOMMACAMPAGNA,21860,BIVIO P.C. FENILONE,F023,7.65,2,TE,F,BAB-CC,SCC,SCMT,SI,PC80,D4,VR,,0361
02060,VILLAFRANCA-CANTARANA,02065,BALDICHIERI-TIGLIOLE,F003,4.12,2,TE,F,BAB-CC,DC,SCMT,SI,PC32,D4,TO,,P131
35585,QUILIANO-VADO LIGURE,35605,BIVIO DORIA,F009,1.47,2,TE,F,BA-CF,DC,SCMT,SI,PC22,D4,GE,,P252
47038,SEGN.CONF.AR.NORD,48100,2° BIVIO AREZZO NORD,F055,0.47,2,TE,F,BRA,SCCACCM,ERTMS_L2,SI,PC22,D4L,FI,,
46789,FI. STATUTO INTERCONNESSIONE,48980,FIRENZE SANTA MARIA NOVELLA,N006,1.25,2,TE,N,BAB-CC,CTC,SCMT,SI,PC22,D4,FI,,P076
88820,SERRADIFALCO,88860,CANICATTI',C201,9.93,1,TE,CST,BCA,CTC,SCMT,SI,FS,C3L,PA,,
82920,GABELLA GRANDE,82960,CROTONE,C161,7.04,1,TD,CS,BCA,CTC,SCMT,SI,PC32,C3L,RC,,P245
12860,LISSONE-MUGGIO',12900,MONZA,N002,4.41,2,TE,N,BAB-CC,SCCACCM,SCMT,SI,PC80,D4L,MI,,
77360,SALANDRA-GROTTOLE,77400,FERRANDINA - SCALO MATERA,C155,13.14,1,TE,CS,BCA,CTC,SCMT,SI,PC25,C3,BA,,P238A
06105,PALLANZENO,06103,PIEDIMULERA,C030,2.17,1,TE,CS,BCA,CTC,SCMT,SI,PC80,D4L,TO,,
43480,CERVIA-MILANO M.MA,43520,CESENATICO,C102,7.42,1,TE,CS,BCA,CTC,SCMT,SI,PC32,D4L,BO,,
45960,LIVORNO CALAMBRONE,46030,DEV.ESTR. LIVORNO CALAMBRONE,F051,0.87,2,TE,F,BAB-CC,SCC,SCMT,SI,PC80,D4,FI,,
69860,NOCERA INFERIORE,69927,BIVIO S.LUCIA,F073,3.88,2,TE,F,BAB-CC,SCC,SCMT,SI,PC32,D4,NA,,
78345,PALAZZO S.GERVASIO-MONTEMILONE,78420,SPINAZZOLA,C224,9.03,1,TD,CST,ALT,DU,SSC,NO,FS,C3,BA,B,
06008,VOGOGNA OSSOLA (linea Domo-No),06100,PIEVE VERGONTE,C030,1.52,1,TE,CS,BCA,CTC,SCMT,SI,PC80,D4L,TO,,
09705,CASTELL'ALFERO,09700,PORTACOMARO,C218,3.19,1,TD,CST,BCA,DL,SSC,NO,FS,C3L,TO,B,
33108,VRTOJBA,33113,CONFINE DI STATO (SLO),F039,0.76,1,TD,F,BCA,DC,NO,NO,FS,C2,TS,,
95640,GOLFO ARANCI STAZIONE,95515,CALA SABINA,C237,4.9,1,TD,CS,BCA,CTC,SCMT,NO,PC30,C3L,CA,,
24200,LEGNAGO,24205,BOSCHI S.ANNA,C213,5.69,1,TE,CST,BCA,CTC,SCMT,SI,PC80,D4L,VR,,
31545,PC AUPA,31540,PONTEBBA,F037,22.91,2,TE,F,BAB-CC,SCC,SCMT,SI,PC80,D4,TS,,
68161,NAPOLI PIAZZA LEOPARDI,68200,NAPOLI MERGELLINA,N008,1.99,2,TE,N,BA-CC,SCC,SCMT,SI,PC22,C3,NA,,
89270,CARINI TORRE CIACHEA,89260,CAPACI,C181,2.36,2,TE,CS,BCAB,SCC,SCMT,SI,FS,C3,PA,,0036
68221,NAPOLI MONTESANTO,68231,NAPOLI PIAZZA CAVOUR,N008,1.32,2,TE,N,BA-CC,SCC,SCMT,SI,PC22,C3,NA,,
42160,BIVIO BERTALIA,42560,BIVIO TREBBO,N005,1.3,2,TE,N,BAB-CC,CTCACCM,SCMT,SI,PC80,D4,BO,,
02318,PONTE TANARO ALESSANDRIA,02320,ALESSANDRIA,F003,0.66,2,TE,F,BA-CF,DC,SCMT,SI,PC45,D4,TO,,P131
15265,TRAVEDONA-BIANDRONNO,15300,TERNATE-VARANO BORGHI,F015,3.16,1,TE,F,BCA,CTC,SCMT,SI,PC80,D4L,MI,,
30770,BIVIO D'AURISINA SC. ESTR. GALLERIA,30730,MIRAMARE,F035,6.65,2,TE,F,BAB-CF,DC,SCMT,SI,PC80,D4,TS,,0365A
16940,CASTEL S.GIOVANNI,16960,SARMATO,F021,4.36,2,TE,F,BCAB,SCCACCM,SCMT,SI,PC45,D4L,MI,,
18940,VILLANOVA D'ARDA,18980,BUSSETO,C055,7.09,1,TE,CS,BCA,CTC,SCMT,NO,PC45,D4L,MI,,
45500,PIETRASANTA,45503,CAMAIORE LIDO C.,F045,5.28,2,TE,F,BAB-CC,SCC,SCMT,SI,PC32,D4,FI,,
93960,CASSIBILE,93970,FONTANE BIANCHE,C174,2.08,1,TD,CS,BCA,SCCACCM,SSC,SI,FS,B2,PA,,
07850,VILLANOVA D'ARDENGHI,07920,CAVA CARBONARA,C021,3.09,1,TD,CS,BCA,CTC,SCMT,NO,FS,C3,TO,,
50300,S.STEFANO DI MAGRA,50407,PONZANO MAGRA,F047,2.27,1,TE,F,BCA,DC,NO,NO,PC32,D4L,FI,B,
46462,DEV.LINEA PIOMBINO,49130,DEV.INGR.CAMPIGLIA,C120,1.35,2,TE,CS,BCAB,SCC,SCMT,SI,FS,D4L,FI,,
51679,FIVIZZANO-GASSANO,51680,GRAGNOLA,C119,2.48,1,TD,CS,BCA,CTC,SCMT,NO,FS,D4,FI,,
65880,PONTE GALERIA,65843,MURATELLA,N007,5.57,2,TE,N,BCABM,DC,SCMT,SI,PC32,C3,RM,,
85780,PACE DEL MELA,85860,MILAZZO,C175,4.89,2,TE,CS,BAB-CC,SCC,SCMT,SI,PC22,C3,PA,,
09480,SETTIME-CINAGLIO-MOMBARONE,09500,SERRAVALLE D'ASTI,C209,2.43,1,TD,CST,BCA,DL,SSC,SI,FS,C3,TO,B,
54640,ALBA ADRIATICA-NERETO-CONTROGUERRA,54650,TORTORETO LIDO,F067,3.79,2,TE,F,BAB-CC,SCC,SCMT,SI,PC80,D4,AN,,
81280,VILLA S.GIOVANNI,84585,V.S.G. BOLANO,F077,1.18,1,TE,F,ALT,DL,SCMT,SI,PC32,D4,RC,,
71260,S.MARTINO IN PENSILIS,71300,URURI-ROTELLO,C230,11.85,1,TD,CST,BCA,CTC,SSC,NO,FS,C3L,NA,,
19660,MANERBIO,19700,VEROLANUOVA,C052,5.28,1,TE,CS,BCA,CTC,SCMT,NO,PC45,C3L,MI,,
16800,S.GIULETTA,16840,BRONI,F021,7.13,2,TE,F,BCAB,SCCACCM,SCMT,SI,PC45,D4L,MI,,
47320,1° BIVIO CHIUSI NORD,59000,1° BIVIO CHIUSI SUD,F055,19.78,2,TE,F,BRA,SCCACCM,ERTMS_L2,SI,PC22,D4L,FI,,
21360,CANTU',21323,BRENNA-ALZATE,C041,4.54,1,TD,CS,BCA,DL,SCMT,NO,PC22,D4L,MI,,P198
78161,TIERA,78162,P.M. TIERA,C154,1.32,1,TD,CS,BCA,CTC,SSC,SI,FS,C3L,BA,,1674
89780,MILO,89820,TRAPANI,C204,6.19,1,TD,CST,BCA,CTC,SSC,NO,FS,C3L,PA,B,I162|P236
44680,GRANAROLO FAENTINO,44885,COTIGNOLA,C104,3.43,1,TD,CS,BCA,CTC,SCMT,SI,PC32,D4L,BO,,
33879,BIVIO CAB. B (NOVI S.BOVO),33920,NOVI LIGURE,F003,2.05,2,TE,F,BA-CC,DC,SCMT,SI,PC32,D4L,GE,,
80920,ECCELLENTE,81480,FRANCAVILLA ANGITOLA-FILADELFIA,F077,3.85,1,TE,F,BCA,CTC,SCMT,SI,FS,C3,RC,,
00660,ALPIGNANO,00700,COLLEGNO,N001,4.22,2,TE,N,BAB-CC,SCCACCM,SCMT,SI,PC45,D4,TO,,
40000,P.M. MIRANDOLA-OZZANO,40008,OZZANO DELL' EMILIA,F063,2.11,2,TE,F,BAB-CC,CTC,SCMT,SI,PC80,D4,BO,,P223|P262A
47900,2° BIVIO VALDARNO SUD,47943,BUCINE,F053,4.52,2,TE,F,BAB-CC,CTC,SCMT,SI,PC22,D4L,FI,,
23980,MANTOVA FRASSINE,25680,MANTOVA,C073,6.31,1,TE,CS,BCA,CTC,SCMT,SI,PC80,D4L,VR,,
57060,CASTEL S.ANGELO,57065,CANETRA,C231,1.7,1,TD,CST,BCA,CTC,SSC,NO,FS,<A,AN,,P210A
60880,CIVITAVECCHIA,60940,S.MARINELLA,F051,8.9,2,TE,F,BAB-CC,SCC,SCMT,SI,PC32,D4L,RM,,
88000,ACIREALE,88030,CANNIZZARO,C169,7.24,2,TE,CS,BAB-CC,SCC,SCMT,SI,PC22,C3,PA,,
81380,REGGIO DI CALABRIA S.CATERINA,81350,REGGIO DI CALABRIA PENTIMELE,F077,1.83,2,TE,F,BAB-CC,CTC,SCMT,SI,PC32,C3,RC,,
40040,VARIGNANA,40080,CASTEL S.PIETRO TERME,F063,6.78,2,TE,F,BAB-CC,CTC,SCMT,SI,PC80,D4,BO,,P223|P262A
30569,STAZIONE PER L'ALPAGO,30573,S.CROCE DEL LAGO,C085,5.26,1,TE,CS,BCA,CTC,SCMT,NO,FS,C3L,VE,,
58865,NOTARESCO,58860,MOSCIANO S.ANGELO,C211,2.68,1,TE,CST,BCA,CTC,SCMT,NO,FS,C3L,AN,,
46960,1° BIVIO VALDARNO SUD,46970,SEGN.CONF.VALD.SUD,,4.83,2,,,,,ERTMS_L2,,n.c.,,FI,,
41100,BATTAGLIA TERME,41120,MONSELICE,F031,5.58,2,TE,F,BAB-CC,DC,SCMT,SI,PC80,D4L,VE,,P223
35540,FINALE LIGURE MARINA,35580,SPOTORNO-NOLI,F009,8.59,2,TE,F,BAB-CF,DC,SCMT,SI,PC22,D4,GE,,
52930,S.GIOVANNI D'ASSO,52935,TORRENIERI-MONTALCINO,C194,8.37,1,TD,CST,BCA,CTC,NO,NO,FS,B2L,FI,A,
05925,PETTENASCO,05920,ORTA-MIASINO,C033,3.28,1,TE,CS,BCA,CTC,SCMT,SI,PC80,D4L,TO,,
35998,DEV.ESTR.LATO GE.P.P.,36800,GENOVA PIAZZA PRINCIPE,N004,1.19,2,TE,N,BA-CC,DC,SCMT,SI,PC22,D4,GE,,
23340,MORI,23345,SERRAVALLE ALL'ADIGE,F027,6.05,2,TE,F,BAB-CC,SCC,SCMT,SI,PC80,D4,VR,,P224
33660,BUDOIA-POLCENIGO,33683,SACILE-S.LIBERALE,C226,8.41,1,TD,CST,BCA,CTC,SCMT,NO,FS,C3L,TS,,P199
31900,GEMONA DEL FRIULI,33301,OSOPPO,C226,4.77,1,TE,CST,BCA,CTC,SCMT,NO,FS,D4,TS,,P199
82480,THURIO,82520,CORIGLIANO CALABRO,C161,8.57,1,TD,CS,BCA,CTC,SCMT,SI,PC32,C3L,RC,,P245
58650,MELANO-MARISCHIO,58645,FABRIANO-CA' MAIANO,C239,1.24,1,TD,CSP,ALT,SPO,SSC,NO,FS,C3L,AN,B,
36070,GENOVA QUINTO AL MARE,36100,GENOVA NERVI,N004,1.65,2,TE,N,BAB-CC,SCC,SCMT,SI,PC22,D4L,GE,,
69927,BIVIO S.LUCIA,69940,SALERNO,F073,10.93,2,TE,F,BAB-CC,SCCACCM,SCMT,SI,PC32,D4,NA,,
67430,2° BIVIO CASERTA NORD,67460,CAPUA,F061,4.17,2,TE,F,BAB-CC,SCC,SCMT,SI,PC45,C3,NA,,
35139,DIANO,35220,ANDORA,F009,6.74,2,TE,F,BAB-CC,SCCACCM,SCMT,SI,PC22,D4,GE,,
39958,BOLOGNA S.VITALE,40600,BIVIO CROCIALI,N005,0.73,2,TE,N,BAB-CC,CTC,SCMT,SI,PC22,D4,BO,,
46520,VIGNALE RIOTORTO,46560,FOLLONICA,F051,8.6,2,TE,F,BAB-CC,SCC,SCMT,SI,PC80,D4,FI,,
93360,VITTORIA,93400,COMISO,C173,7.81,1,TD,CS,BCA,CTC,SCMT,NO,FS,B2,PA,,
84485,REGGIO DI CALABRIA OMECA,81420,REGGIO DI CALABRIA CENTRALE,C162,2.4,2,TE,CS,BCAB,CTC,SCMT,SI,PC32,C3,RC,,
49545,FELEGARA-S.ANDREA BAGNI,49740,FORNOVO,F047,4.28,1,TE,F,BA-CF,CTC,SCMT,SI,PC22,D4,FI,,
55480,NERA MONTORO,55520,NARNI-AMELIA,F065,5.44,2,TE,F,BCAB,DC,SCMT,SI,PC45,D4L,AN,,
79665,PAESTUM,79700,AGROPOLI-CASTELLABATE,F075,8.36,2,TE,F,BAB-CC,CTC,SCMT,SI,PC32,D4L,RC,,
21620,LONATO,21660,DESENZANO-SIRMIONE,F023,4.35,2,TE,F,BAB-CC,SCCACCM,SCMT,SI,PC80,D4,VR,,
24160,CEREA,24200,LEGNAGO,C075,7.36,2,TE,CS,BCA,CTC,SCMT,SI,PC80,D4L,VR,,
84680,BIVIO SETTIMO,85100,BIVIO S.ANTONELLO,C166,2.75,1,TE,CS,BCA,CTC,SCMT,NO,PC45,C3,RC,,
38920,RUBIERA,38943,MARZAGLIA,F041,4.54,2,TE,F,BAB-CC,SCCACCM,SCMT,SI,PC45,D4,BO,,P224
05885,BOLZANO NOVARESE,05880,GOZZANO,C033,1.67,1,TE,CS,BCA,CTC,SCMT,SI,PC80,D4L,TO,,
13060,PIOLTELLO-LIMITO,13640,MILANO LAMBRATE,N002,8.51,2,TE,N,BAB-CC,SCCACCM,SCMT,SI,PC80,D4,MI,,
03520,TERZO-MONTABONE,03560,BISTAGNO,C019,5.12,1,TE,CS,BCA,CTC,SCMT,NO,PC32,C3,TO,,
29740,PONTE NELLE ALPI-POLPET,29780,BELLUNO,C077,7.62,1,TE,CS,BCA,CTC,SCMT,NO,FS,C3L,VE,,
87375,SAN PAOLO,87400,GIAMPILIERI,C169,1.06,2,TE,CS,BAB-CC,SCC,SCMT,SI,PC22,C3,PA,,
46030,DEV.ESTR. LIVORNO CALAMBRONE,46035,PM LIVORNO DARSENA,F051,2.54,1,TE,F,ALT,DL,SCMT,SI,PC80,D4,FI,,
85725,SPADAFORA,85742,TORREGROTTA,C175,3.21,2,TE,CS,BAB-CC,SCC,SCMT,SI,PC22,C3,PA,,
61280,ROMA S.PIETRO,65345,QUATTRO VENTI,N007,2.05,2,TE,N,BAB-CC,SCCACCM,SCMT,SI,PC32,C3,RM,,P053
31900,GEMONA DEL FRIULI,31905,ARTEGNA,F037,6.05,2,TE,F,BAB-CC,SCC,SCMT,SI,PC80,D4,TS,,
75360,TRANI,75400,BISCEGLIE,F069,8.02,2,TE,F,BAB-CC,SCC,SCMT,SI,PC80,D4,BA,,P223
08960,BIELLA-CHIAVAZZA,08980,VIGLIANO-CANDELO,C199,3.61,1,TD,CST,BCA,DL,SSC,NO,FS,B2L,TO,,
26038,"SEGN. CONFINE KM 2,437",26039,2° BIVIO PC PARMA EST,A005,0.7,2,TE,F,BAB-CF,SCCACCM,SCMT,SI,PC80,D4,BO,,
27191,G.S. MESTRE,27300,VENEZIA MESTRE,N003,1.51,2,TE,N,BAB-CF,SCC,SCMT,SI,PC80,D4L,VE,,
44600,CAVANELLA D'ADIGE,44610,S.ANNA DI CHIOGGIA,C225,4.16,1,TD,CST,BCA,DPC,SSC,NO,PC80,C3,VE,,
67005,VILLA S.MICHELE,67040,VASTOGIRARDI,C229,1.15,1,TD,CST,ALT,DU,SSC,NO,FS,C3L,AN,B,
25025,BOLZANO CASANOVA,25020,PONTE D'ADIGE,C068,1.52,1,TE,CS,BCA,CTC,SCMT,NO,FS,C3,VR,,
64122,DEV.EST.TUSCOLANA(LATO CAS.),61380,ROMA TUSCOLANA,N007,1.62,2,TE,N,BA-CF,DC,SCMT,SI,PC32,D4,RM,,
35580,SPOTORNO-NOLI,35585,QUILIANO-VADO LIGURE,F009,6.49,2,TE,F,BA-CF,DC,SCMT,SI,PC22,D4,GE,,
06400,CASALE POPOLO,06437,DEVIATOIO ESTREMO CASALE MONFERRATO,C004,1.97,1,TE,CS,BCA,CTC,SCMTSSC,NO,PC45,C3L,TO,,
57680,PASSIGNANO SUL TRASIMENO,57685,TORRICELLA,C127,6.53,1,TE,CS,BCA,CTC,SCMT,NO,FS,C3L,AN,,0334
67420,PIGNATARO MAGGIORE,67430,2° BIVIO CASERTA NORD,F061,5.11,2,TE,F,BAB-CC,SCC,SCMT,SI,PC45,C3,NA,,
23620,BIVIO P.C. S.MASSIMO,23870,DIRAMAZIONE VR SC-VR PN,F027,2.15,2,TE,F,BAB-CF,SCC,SCMT,SI,PC80,D4,VR,,P222
90605,VALLEDOLMO,90580,MARCATOBIANCO,C177,3.57,1,TE,CS,BCA,CTC,SCMT,SI,FS,C3L,PA,,0275A
06227,BORGO REVEL,06240,CRESCENTINO,C005,7.1,1,TE,CS,BCA,CTC,SCMT,NO,PC45,C3,TO,,
88900,CASTROFILIPPO,88940,RACALMUTO,C201,8.13,1,TE,CST,BA-CF,CTC,SCMT,SI,FS,B2L,PA,,
47318,S.CONF. P.M. MONTALLESE,47320,1° BIVIO CHIUSI NORD,F055,1.39,2,TE,F,BRA,SCCACCM,ERTMS_L2,SI,PC22,D4L,FI,,
60433,FIDENE,60458,P.M. NORD ROMA SMISTAMENTO,N007,0.79,2,TE,N,BAB-CC,SCCACCM,SCMT,SI,PC45,D4L,RM,,
13103,POZZUOLO MARTESANA,13105,TRECELLA,F023,1.98,2,TE,F,BAB-CC,SCCACCM,SCMT,SI,PC80,D4,MI,,
77660,TREPUZZI,77680,SURBO,C151,6.83,2,TE,CS,BAB-CC,SCCACCM,SCMT,SI,PC80,D4,BA,,
87640,S.ALESSIO SICULO-FORZA D'AGRO',87680,LETOJANNI,C169,6.78,1,TE,CS,BCA,SCC,SCMT,SI,PC22,C3,PA,,
33580,MONTEREALE VALCELLINA,33620,AVIANO,C226,11.12,1,TD,CST,BCA,CTC,SCMT,NO,FS,C3L,TS,,P199
46120,ANTIGNANO,46160,QUERCIANELLA SONNINO,F051,6.53,2,TE,F,BAB-CC,SCC,SCMT,SI,PC22,D4,FI,,
76345,GRUMO APPULA,76420,SANNICANDRO,C158,7.14,2,TE,CS,BCAB,SCC,SCMT,SI,PC45,D4L,BA,,
41870,BARBIANO,41880,LUGO,C106,4.33,1,TE,CS,BCA,CTC,SCMT,SI,PC80,D4L,BO,,
01285,BIANZE',01360,TRONZANO,F011,5.6,2,TE,F,BAB-CC,DC,SCMT,SI,PC80,D4,TO,,
56000,GUALDO TADINO,56040,FOSSATO DI VICO-GUBBIO,F065,5.84,1,TE,F,BCA,CTC,SCMT,SI,PC45,D4L,AN,,
67640,CANCELLO,67680,ACERRA,F061,7.34,2,TE,F,BAB-CC,SCC,SCMT,SI,PC45,C3L,NA,,
13940,CODOGNO,13943,S.STEFANO LODIGIANO,F041,4.07,2,TE,F,BAB-CC,DC,SCMT,SI,PC80,D4,MI,,
43760,CASALECCHIO DI RENO,43770,BORGONUOVO,N005,3.53,1,TE,N,BCA,CTCACCM,SCMT,SI,FS,C3L,BO,,
03200,VALENZA,03205,VALMADONNA,C007,5.82,2,TE,CS,BCAB,DL,SCMT,SI,PC45,D4L,TO,,
08375,LA BRIGUE,08382,SAINT DALMAS DE TENDE,C010,3.64,1,TD,CS,BCA,CTC,SCMT,NO,FS,C3L,TO,,
70080,BATTIPAGLIA,79580,S.NICOLA VARCO DI EBOLI,F075,5.72,2,TE,F,BAB-CC,CTC,SCMT,SI,PC32,D4L,RC,,
73451,CASTELVETERE,73440,PATERNOPOLI,C223,3.03,1,TD,CST,BCA,CTC,SSC,NO,FS,<A,NA,B,
11240,BIVIO P.C. TOCE,11320,BIVIO P.C. VALLE,F013,4.75,2,TE,F,BAB-CC,DC,SCMT,SI,PC45,D4,MI,,
13773,S.ZENONE AL LAMBRO,13780,TAVAZZANO,F041,3.51,2,TE,F,BAB-CC,DC,SCMT,SI,PC80,D4,MI,,
87800,CALATABIANO,87840,FIUMEFREDDO SICILIA,C169,3.06,1,TE,CS,BCA,SCC,SCMT,SI,PC22,C3,PA,,0249
83600,MONASTERACE-STILO,83640,RIACE,C162,6.78,1,TD,CS,BCA,CTC,SCMT,SI,PC32,C3L,RC,,P245
18300,SERIATE,18303,ALBANO S.ALESSANDRO,C048,3.47,1,TE,CS,BCA,SCCACCM,SCMT,NO,PC22,C3L,MI,,
54050,ANCONA TORRETTE,54060,ANCONA,F063,3.44,2,TE,F,BAB-CC,SCC,SCMT,SI,PC80,D4L,AN,,
96100,CARBONIA STATO,96103,CARBONIA SERBARIU,C191,0.7,1,TD,CS,ALT,CTC,SSC,NO,FS,D4L,CA,,P254B
35885,GENOVA PRA,35972,GR SC GE VOLTRI,N004,0.48,2,TE,N,BAB-CC,SCCACCM,SCMT,SI,PC45,D4,GE,,
74760,P.M. RIPALTA,74800,P.M. LESINA,F067,7.24,1,TE,F,BCA,SCC,SCMT,SI,PC80,D4,BA,,0142B|P223
70460,BARAGIANO-RUOTI,70471,FRANCIOSA,C136,6.9,1,TE,CS,BCA,CTC,SCMT,SI,PC22,C3L,NA,,
78780,GROTTAGLIE,78820,VILLA CASTELLI,C157,5.78,1,TE,CS,BCA,CTC,SCMT,SI,PC45,C3,BA,,
53020,MONTE AMIATA,53025,S.ANGELO CINIGIANO,C194,10.88,1,TD,CST,BCA,CTC,NO,NO,FS,B2L,FI,A,
66555,LA FIORA,66560,TERRACINA,C222,6.51,1,TE,CST,ALT,SPO,SCMT,NO,FS,C3L,RM,B,P200
13640,MILANO LAMBRATE,13700,MILANO ROGOREDO,N002,5.79,2,TE,N,BAB-CC,SCCACCM,SCMT,SI,PC80,D4,MI,,
77960,LEONESSA,78000,MELFI,C154,9.95,1,TD,CS,BCA,CTC,SCMT,SI,FS,C3L,BA,,1674
51840,PIAZZA AL SERCHIO,51845,CAMPORGIANO,C119,4.14,1,TD,CS,BCA,CTC,SCMT,NO,FS,C3L,FI,,
57505,ACCIANO,57540,MOLINA-CASTELVECCHIO-SUBEQUO,C231,4.74,1,TD,CST,BCA,CTC,SSC,NO,FS,C3L,AN,,P210A
87960,CARRUBA,87965,GUARDIA-MANGANO-S.VENERINA,C169,3.94,2,TE,CS,BAB-CC,SCC,SCMT,SI,PC22,C3,PA,,
27300,VENEZIA MESTRE,27690,CONFLUENZA UD-TS,N003,0.97,2,TE,N,BAB-CC,SCC,SCMT,SI,PC80,D4L,VE,,
15600,LAVENO-MOMBELLO,15257,SANGIANO,F015,3.26,1,TE,F,BCA,CTC,SCMT,SI,PC80,D4L,MI,,
62140,ROMA CASILINA,64122,DEV.EST.TUSCOLANA(LATO CAS.),N007,1.62,2,TE,N,BA-CF,DC,SCMT,SI,PC32,D4,RM,,
26007,P.M. LIVRAGA,26012,BIVIO PIACENZA OVEST,A005,12.89,2,TE25,F,BRA,SCCACCM,ERTMS_L2,SI,PC80,D4,BO,,
17192,RHO DEV.E.LINEA AV,17193,"SEGN. CONFINE KM 121,700",A003,0.35,2,TE,F,BAB-CC,SCCACCM,SCMT,SI,PC80,D4,MI,,
70040,MONTECORVINO,70080,BATTIPAGLIA,F075,3.28,2,TE,F,BAB-CC,SCC,SCMT,SI,PC32,D4L,NA,,
88860,CANICATTI',92940,DELIA,C210,9.1,1,TD,CST,BCA,CTC,SCMT,SI,FS,C3L,PA,,
29320,PIOMBINO DESE,29348,TREBASELEGHE,C092,4.43,1,TE,CS,BCA,SCC,SCMT,SI,PC80,D4L,VE,,
55217,FOSSACESIA-TORINO DI SANGRO,55220,CASALBORDINO-POLLUTRI,F067,10.53,2,TE,F,BCAB,SCC,SCMT,SI,PC45,D4,AN,,P223
23735,P.C. OSTIGLIA NORD,23745,OSTIGLIA,F029,1.6,2,TE,F,BAB-CC,SCCACCM,SCMT,SI,PC80,D4,VR,,
81420,REGGIO DI CALABRIA CENTRALE,81385,REGGIO DI CALABRIA LIDO,F077,1.7,2,TE,F,BAB-CC,CTC,SCMT,SI,PC32,C3,RC,,
53820,PESARO,53860,FANO,F063,12.46,2,TE,F,BAB-CC,SCCACCM,SCMT,SI,PC80,D4L,AN,,
50710,CRESPINO DEL LAMONE,50713,BIFORCO,C111,8.15,1,TD,CS,BCA,CTC,SSC,SI,FS,<A,FI,,P200
85660,VILLAFRANCA TIRRENA-SAPONARA,85700,ROMETTA MESSINESE,C175,2.12,2,TE,CS,BAB-CC,SCC,SCMT,SI,PC22,C3,PA,,
54320,CIVITANOVA MARCHE-MONTEGRANARO,58020,MONTECOSARO,C126,7.45,1,TD,CS,BCA,CTC,SCMT,NO,FS,C3L,AN,,P147
44430,VAIO-OSPEDALE,38660,FIDENZA,C242,3.43,1,TE,CSP,ALT,SPO,SCMT,NO,FS,C3L,BO,,
04580,AOSTA,08725,AOSTA ISTITUTO,C003,1.24,1,TD,CS,BCA,DL,SSC,NO,FS,A,TO,B,
69860,NOCERA INFERIORE,72241,NOCERA INFERIORE MERCATO,C145,1.11,1,TE,CS,BCA,CTC,SCMT,SI,FS,C3L,NA,,
40200,FAENZA,44680,GRANAROLO FAENTINO,C103,8.91,1,TE,CS,BCA,CTC,SCMT,SI,PC80,D4L,BO,,
96085,CIXERRI,96060,VILLAMASSARGIA-DOMUSNOVAS,C191,6.33,1,TD,CS,BCA,CTC,SSC,NO,FS,D4L,CA,,P254B
76880,TARANTO,78700,NASISI,C157,4.0,1,TE,CS,BCA,CTC,SCMT,SI,PC45,C3,BA,,
54980,FRANCAVILLA AL MARE,55020,TOLLO-CANOSA SANNITA,F067,5.26,2,TE,F,BAB-CC,SCCACCM,SCMT,SI,PC45,D4,AN,,P223
13420,CHIARI,13460,ROVATO,F023,6.05,2,TE,F,BAB-CC,SCCACCM,SCMT,SI,PC80,D4,MI,,
06280,FONTANETTO PO,06285,PALAZZOLO VERCELLESE,C005,3.48,1,TE,CS,BCA,CTC,SCMT,NO,PC45,C3,TO,,
76296,MADONNA DELLA GROTTA SUD PUNTO D'INCENDIO,76300,MODUGNO,C158,3.17,2,TE,CS,BCAB,SCC,SCMT,SI,PC80,D4,BA,,
43260,ALFONSINE,43285,GLORIE,C101,4.26,1,TE,CS,BCA,CTC,SCMT,SI,PC32,D4L,BO,,
70865,BIVIO NOLA,71000,NOLA INTERPORTO,C143,1.78,1,TE,CS,BCA,SCC,NO,NO,PC45,D4,NA,,
26043,P.M. CAMPEGINE,26047,REGGIO EMILIA AV MEDIOPADANA,A005,9.38,2,TE25,F,BRA,SCCACCM,ERTMS_L2,SI,PC80,D4,BO,,
26084,SEGN. CONFINE RENO EST,26088,P.M. RENO,A005,0.24,2,TE,F,BRA,SCCACCM,ERTMS_L2,SI,PC80,D4,BO,,
48500,CHIUSI-CHIANCIANO TERME,59600,P.M. CITTA' DELLA PIEVE,F053,7.49,2,TE,F,BAB-CC,CTC,SCMT,SI,PC22,D4L,FI,,
96087,MONTE ARCAU,96085,CIXERRI,C191,4.4,1,TD,CS,BCA,CTC,SSC,NO,FS,D4L,CA,,P254B
72079,MONTORO SUPERIORE,72070,SOLOFRA,C215,4.7,1,TD,CST,BCA,CTC,SSC,SI,FS,<A,NA,,I173
62782,P.M. LUNGHEZZA ANIENE,62820,BAGNI DI TIVOLI,N007,5.19,2,TE,N,BCAB,SCC,SCMT,SI,PC22,C3L,RM,,
01080,BRANDIZZO,01120,CHIVASSO,F011,4.36,2,TE,F,BAB-CC,DC,SCMT,SI,PC80,D4,TO,,P222
40670,MUSIANO-PIAN DI MACINA,40680,PIANORO,F043,2.32,2,TE,F,BAB-CC,CTC,SCMT,SI,PC22,D4,BO,,P261
06520,GIAROLE,06523,CIPPO KM 0/14,C006,5.35,1,TE,CS,BCA,CTC,SCMT,NO,PC45,C3,TO,,
10735,"CIPPO KM 0/39,166",10740,SALUZZO,C245,14.1,1,TD,CSP,BCA,CTC,SCMT,NO,PC45,C3L,TO,,
45686,DEV. LA SPEZIA / LUCCA,53349,BINARI PISA S.ROSSORE (LINEA LUCCA),C117,0.48,1,TE,F,BA-CF,CTC,SCMT,SI,PC32,D4,FI,,
16410,ARCENE,16440,VERDELLO-DALMINE,C051,3.62,2,TE,CS,BAB-CC,SCCACCM,SCMT,NO,PC80,D4L,MI,,
67080,CAROVILLI-ROCCASICURA,67085,PESCOLANCIANO-CHIAUCI,C229,5.91,1,TD,CST,ALT,DU,SSC,NO,FS,C3L,AN,B,
26012,BIVIO PIACENZA OVEST,26013,"SEGN. CONFINE KM 2,953",A005,2.95,2,TE25,F,BRA,SCCACCM,ERTMS_L2,SI,PC80,D4,BO,,
26037,1° BIVIO PARMA EST,26038,"SEGN. CONFINE KM 2,437",A005,2.44,2,TE25,F,BRA,SCCACCM,ERTMS_L2,SI,PC80,D4,BO,,
70300,BUCCINO-S.GREGORIO MAGNO,70340,ROMAGNANO-VIETRI-SALVITELLA,C136,0.0,1,TE,CS,BCA,CTC,SCMT,SI,PC22,C3L,NA,,
05460,BORGOMANERO,05880,GOZZANO,C033,5.31,1,TE,CS,BCA,CTC,SCMT,SI,PC80,D4L,TO,,
34247,BIVIO RIVAROLO,34710,BIVIO P.C. BERSAGLIO,F019,1.05,1,TE,N,BA-CC,SCC,SCMT,SI,PC80,D4,GE,,
78740,MONTEIASI-MONTEMESOLA,78780,GROTTAGLIE,C157,5.51,1,TE,CS,BCA,CTC,SCMT,SI,PC45,C3,BA,,
55880,CAPODACQUA,55825,SCANZANO-BELFIORE,F065,5.28,1,TE,F,BCA,CTC,SCMT,SI,PC45,D4L,AN,,
33683,SACILE-S.LIBERALE,28100,SACILE,C226,2.01,1,TD,CST,BCA,CTC,SCMT,NO,FS,C3L,TS,,P199
90317,FIERA,90320,PALERMO SAMPOLO,C184,0.21,1,TE,CS,BCA,DC,SCMT,SI,FS,C3L,PA,,
16200,OLGIATE-CALCO-BRIVIO,16240,CERNUSCO-MERATE,C045,3.89,2,TE,CS,BAB-CF,DC,SCMT,NO,PC30,D4,MI,,
86020,FALCONE,86060,OLIVERI-TINDARI,C175,2.43,1,TE,CS,BCA,SCC,SCMT,SI,PC22,C3,PA,,
64083,DEV.EST.TUSCOLANA(LATO TIB.),59520,ROMA TIBURTINA,N007,3.76,2,TE,N,BA-CC,DC,SCMT,SI,PC32,D4,RM,,
29348,TREBASELEGHE,29360,NOALE-SCORZE',C092,4.04,1,TE,CS,BCA,SCC,SCMT,SI,PC80,D4L,VE,,
19460,MARCARIA,19463,S.MICHELE IN BOSCO,C063,3.13,1,TE,CS,BCA,CTC,SCMT,SI,PC45,D4,MI,,I178A
69860,NOCERA INFERIORE,72840,NOCERA SUPERIORE,C146,3.07,2,TE,CS,BCA,DC,SCMT,SI,PC22,D4,NA,,
42160,BIVIO BERTALIA,42200,DOPPIO BIVIO P.C. BEVERARA,N005,1.8,2,TE,N,BAB-CC,CTCACCM,SCMT,SI,PC80,D4,BO,,
45263,LUNI,45340,CARRARA-AVENZA,F045,4.6,2,TE,F,BAB-CC,SCC,SCMT,SI,PC32,D4,FI,,
37880,OVADA,37920,ROSSIGLIONE,C098,8.54,1,TE,CS,BCA,SCC,SCMT,SI,PC45,D4L,GE,,P198
08500,NONE,08540,AIRASCA,C008,4.63,1,TE,CS,BCA,DL,SCMT,NO,FS,D4L,TO,,
45540,VIAREGGIO,45620,TORRE DEL LAGO PUCCINI,F045,6.08,2,TE,F,BAB-CC,SCC,SCMT,SI,PC32,D4,FI,,
55480,NERA MONTORO,55475,S.LIBERATO,F065,3.54,2,TE,F,BCAB,DC,SCMT,SI,PC45,D4L,AN,,
27040,PADOVA,27050,PADOVA FASCIO SECONDARIO,F033,1.21,2,TE,F,BAB-CC,SCCACCM,SCMT,SI,PC80,D4,VE,,
53025,S.ANGELO CINIGIANO,53100,MONTE ANTICO,C194,6.37,1,TD,CST,BCA,CTC,NO,NO,FS,B2L,FI,A,
09935,GARESSIO,09936,TRAPPA,C208,2.6,1,TD,CST,ALT,SPO,SSC,NO,FS,B2L,TO,B,
06000,GRAVELLONA TOCE,06005,ORNAVASSO,C033,4.23,1,TE,CS,BCA,CTC,SCMT,SI,PC80,D4L,TO,,
55920,NOCERA UMBRA,55885,VALTOPINA,F065,5.36,1,TE,F,BCA,CTC,SCMT,SI,PC45,D4L,AN,,
59440,P.C. CAPENA,59480,BIVIO/PC SETTEBAGNI,F055,15.73,2,TE,F,BAB-CC,CTC,SCMT,SI,PC45,D4L,RM,,
29120,CISMON DEL GRAPPA,29125,S.MARINO,C221,4.24,1,TD,CST,BCA,CTC,SCMT,NO,FS,C3L,VE,,
13052,BIVIO LAMBRO,13054,SEGRATE,N002,3.67,2,TE,N,BAB-CC,SCCACCM,SCMT,SI,PC80,D4,MI,,
75900,POLIGNANO A MARE,75820,MOLA DI BARI,C150,0.0,2,TE,CS,BCAB,SCC,SCMT,SI,PC45,D4L,BA,,P223
30840,MONFALCONE,30805,SISTIANA-VISOGLIANO,F035,9.98,2,TE,F,BAB-CF,SCCACCM,SCMT,SI,PC80,D4L,TS,,0365A
72160,MERCATO S.SEVERINO,72360,FISCIANO,C148,3.67,1,TE,CS,BCA,CTC,SCMT,SI,FS,A,NA,,I173
68441,S.ANTIMO-S.ARPINO,68435,FRATTAMAGGIORE-GRUMO,N008,1.71,2,TE,N,BAB-CC,SCC,SCMT,SI,PC32,C3,NA,,
00360,P.C. MEANA,00400,BUSSOLENO,F001,7.36,2,TE,F,BAB-CC,DC,SCMT,SI,PC45,D4,TO,,
17820,LIERNA,17823,OLCIO,C040,2.83,1,TE,CS,BCA,CTC,SCMT,NO,PC22,C3L,MI,,
16547,MILANO PORTA VENEZIA,16546,MILANO DATEO,N002,1.31,2,TE,N,BA-CC,CTC,SCMT,SI,PC22,D4,MI,,
29820,SEDICO-BRIBANO,29860,S.GIUSTINA-CESIO,C078,4.26,1,TE,CS,BCA,CTC,SCMT,NO,FS,C3L,VE,,
73371,PERCIANTI ARIANELLO,73361,MONTEFALCIONE,C223,3.33,1,TD,CST,BCA,CTC,SSC,NO,FS,<A,NA,B,
58715,MALTIGNANO,58710,MARINO DEL TRONTO-FOLIGNATO,C124,2.73,1,TE,CS,BCA,CTC,SCMT,NO,FS,D4L,AN,,
04380,LESEGNO,04420,CEVA,C013,7.73,2,TE,CS,BCA,DC,SCMT,NO,PC32,C3,TO,,
05965,OMEGNA-CRUSINALLO,05960,OMEGNA,C033,3.11,1,TE,CS,BCA,CTC,SCMT,SI,PC80,D4L,TO,,
68485,AVERSA,68515,GRICIGNANO,C137,3.66,2,TE,CS,BAB-CC,SCC,SCMT,SI,PC32,C3L,NA,,
16536,MI. FORLANINI,13052,BIVIO LAMBRO,N002,1.79,2,TE,N,BA-CC,SCCACCM,SCMT,SI,PC22,D4,MI,,
30280,S.GIORGIO DELLE PERTICHE,30320,CAMPODARSEGO,C081,4.29,2,TE,CS,BAB-CF,SCC,SCMT,SI,PC80,D4L,VE,,
80285,GRISOLIA-S.MARIA,80320,DIAMANTE-BUONVICINO,F075,7.3,2,TE,F,BAB-CC,CTC,SCMT,SI,PC32,D4L,RC,,
17380,SONDRIO,17390,CASTIONE ANDEVENNO,C039,5.17,1,TE,CS,BCA,CTC,SCMT,NO,PC22,C3L,MI,,
09140,ROVASENDA,09160,GHISLARENGO,C199,5.12,1,TD,CST,BCA,DL,SSC,NO,FS,B2L,TO,,
51543,ZAMBRA,45000,FIRENZE CASTELLO,F043,1.22,2,TE,F,BAB-CC,DC,SCMT,SI,PC80,D4,FI,,
08240,BORGO S.DALMAZZO,08265,ROCCAVIONE,C010,1.6,1,TE,CS,BCA,CTC,SCMT,NO,FS,C3L,TO,,
68551,RECALE,67540,CASERTA,C137,2.32,2,TE,CS,BAB-CC,SCC,SCMT,SI,PC32,C3L,NA,,
94127,ELMAS AEROPORTO,94123,CAGLIARI S.GILLA,C188,4.69,2,TD,CS,BAB-CC,CTCACCM,SCMT,NO,PC30,D4,CA,,P254A
24670,S.LORENZO,24660,BRUNICO,C067,3.07,1,TE,CS,BCA,CTC,SCMT,NO,PC80,D4L,VR,,
75400,BISCEGLIE,75440,MOLFETTA,F069,9.34,2,TE,F,BAB-CC,SCC,SCMT,SI,PC80,D4,BA,,P223
59084,SEGN.CONF.ORVIETO N.,59760,2° BIVIO ORVIETO NORD,,0.42,2,TE,F,BRA,SCCACCM,ERTMS_L2,SI,PC22,D4L,FI,,
24740,VANDOIES,24780,RIO DI PUSTERIA,C067,5.38,1,TE,CS,BCA,CTC,SCMT,NO,PC80,D4L,VR,,
12240,P.M. GHISOLFA,12270,MILANO PORTA GARIBALDI,N002,2.93,2,TE,N,BAB-CC,SCCACCM,SCMT,SI,PC45,D4,MI,,
82180,ROCCA IMPERIALE,82220,MONTEGIORDANO,C160,6.92,1,TE,CS,BCA,CTC,SCMT,SI,PC45,C3,RC,,
64061,P.M. VAL D'ALA ROMA SMISTAMENTO,64058,VAL D'ALA,N007,0.09,2,TE,N,BAB-CC,SCCACCM,SCMT,SI,PC32,C3L,RM,,
12780,SEREGNO,18060,MACHERIO-SOVICO,C047,5.13,1,TE,CS,BCA,DL,SCMT,NO,PC22,C3L,MI,,
81640,BRIATICO,81680,ZAMBRONE,F077,4.94,1,TE,F,BCA,CTC,SCMT,SI,FS,C3,RC,,
08620,PINEROLO,10960,BRICHERASIO,C219,8.52,1,TE,CST,BEM,DL,SCMT,NO,FS,C3L,TO,B,
32280,MOSSA,32320,GORIZIA CENTRALE,F039,4.86,2,TE,F,BCA,DC,SCMT,SI,PC80,D4L,TS,,
27390,PORTOGRUARO-CAORLE,99180,PRAMAGGIORE-BLESSAGLIA,C084,9.08,1,TE,CS,BCA,CTCACCM,SCMT,SI,PC80,D4L,VE,,
04020,CARMAGNOLA,07060,SOMMARIVA BOSCO,C015,9.72,1,TE,CS,BCA,DL,SCMT,NO,PC32,C3L,TO,,
23680,BIVIO P.C. S.LUCIA,25480,DOSSOBUONO,C070,3.96,2,TE,CS,BAB-CF,SCC,SCMT,NO,PC45,D4L,VR,,P222
09322,PRATO SESIA,05500,ROMAGNANO SESIA,C035,2.2,1,TD,CS,BCA,DL,SSC,NO,FS,<A,TO,A,
12820,DESIO,12860,LISSONE-MUGGIO',N002,2.09,2,TE,N,BAB-CC,SCCACCM,SCMT,SI,PC80,D4L,MI,,
51470,PES PISTOIA,51480,SERRAVALLE PISTOIESE,C116,7.37,2,TE,CS,BAB-CC,CTCACCM,SCMT,SI,FS,D4,FI,,
13340,ROMANO,13380,CALCIO,F023,6.97,2,TE,F,BAB-CC,SCCACCM,SCMT,SI,PC80,D4,MI,,
51110,BIVIO MONTUOLO,51160,LUCCA,C117,6.41,1,TE,CS,BCA,CTC,SCMT,SI,FS,D4L,FI,,
20556,P.C. GAGGIANO,20560,GAGGIANO,C058,1.07,2,TE,CS,BAB-CC,CTC,SCMT,SI,FS,C3L,MI,,
26017,1° BIVIO PIACENZA EST,26024,P.C. PIACENZA,A005,3.84,2,TE25,F,BRA,SCCACCM,ERTMS_L2,SI,PC80,D4,BO,,
78260,S.NICOLA DI MELFI,78340,VENOSA-MASCHITO,C224,20.98,1,TD,CST,ALT,DU,SSC,NO,FS,C3,BA,B,
45180,VEZZANO LIGURE,50300,S.STEFANO DI MAGRA,F047,4.24,2,TE,F,BAB-CC,SCC,SCMT,SI,PC32,D4L,FI,,
25140,PERGINE,25143,S.CRISTOFORO AL LAGO-ISCHIA,C232,2.73,1,TD,CST,BCA,CTC,SCMT,NO,FS,C3,VR,,P128
47625,SIECI,47660,PONTASSIEVE,F053,4.16,2,TE,F,BAB-CC,CTC,SCMT,SI,PC22,D4L,FI,,
16160,AIRUNO,16200,OLGIATE-CALCO-BRIVIO,C045,3.43,2,TE,CS,BAB-CF,DC,SCMT,NO,PC30,D4,MI,,
48610,BIVIO P.C. RENAI,48620,SIGNA,F049,2.92,2,TE,F,BAB-CC,CTC,SCMT,SI,PC80,D4,FI,,
75524,CABINA LAMASINATA,75525,BARI ZONA INDUSTRIALE,F069,1.18,2,TE,F,BAB-CC,SCC,SCMT,SI,PC80,D4,BA,,P223
76291,BARI VILLAGGIO DEL LAVORATORE,76294,MADONNA DELLA GROTTA NORD PUNTO D'INCENDIO,C158,0.64,2,TE,CS,BCAB,SCC,SCMT,SI,PC80,D4,BA,,
67760,DOPPIO BIVIO CASSINO,68387,DEV.INT.NAPOLI C.LE,N008,2.55,2,TE,N,BA-CC,SCC,SCMT,SI,PC32,C3L,NA,,
45260,SARZANA,45263,LUNI,F045,5.9,2,TE,F,BAB-CC,SCC,SCMT,SI,PC32,D4,FI,,
17300,TRESENDA-APRICA-TEGLIO,17305,S.GIACOMO DI TEGLIO,C037,4.42,1,TE,CS,BCA,CTC,SCMT,NO,PC22,C3L,MI,,
09435,CUNICO-SCANDELUZZA,09440,MONTECHIARO D'ASTI,C209,4.89,1,TD,CST,BCA,DL,SSC,SI,FS,C3,TO,B,
43100,ARGENTA,43120,S.BIAGIO,C100,3.36,1,TE,CS,BCA,CTC,SCMT,SI,PC80,D4L,BO,,
89100,PALERMO NOTARBARTOLO,89099,PALERMO LOLLI,C176,2.79,1,TE,CS,BA-CF,DC,SCMT,SI,FS,C3L,PA,,0036|P235
00625,ROSTA,00660,ALPIGNANO,F001,5.22,2,TE,F,BAB-CC,SCCACCM,SCMT,SI,PC45,D4,TO,,
12900,MONZA,20860,MONZA SOBBORGHI,C042,1.03,1,TD,CS,BCA,DC,SCMT,NO,FS,C3,MI,,P054
73421,TAURASI,73411,LAPIO,C223,1.54,1,TD,CST,BCA,CTC,SSC,NO,FS,<A,NA,B,
65268,DEV.DIR.V.CLARA,60165,PINETO PES,N007,0.0,1,TE,N,ALT,SPO,SCMT,SI,FS,C3,RM,,0258_A
58145,URBISAGLIA-SFORZACOSTA,58155,POLLENZA,C126,4.48,1,TD,CS,BCA,CTC,SCMT,NO,FS,C3L,AN,,P147
86965,S.NICOLA (TONNARA),86980,ALTAVILLA MILICIA,C176,6.43,2,TE,CS,BAB-CC,SCC,SCMT,SI,PC22,C3,PA,,
67980,CANCELLO ARNONE,68020,VILLA LITERNO,F057,7.26,2,TE,F,BA-CC,DC,SCMT,SI,PC45,C3,NA,,P224
94580,ORISTANO,94620,SOLARUSSA,C187,9.77,1,TD,CS,BCA,CTC,SCMT,NO,PC30,C3L,CA,,
03000,BORGO LAVEZZARO,03005,ALBONESE,C025,2.48,2,TE,CS,BCA,DL,SCMTSSC,SI,PC80,D4L,TO,,
04780,MONTJOVET,04820,Verrès,C002,5.86,1,TD,CS,BCA,CTC,SCMT,NO,FS,C3L,TO,,P123
45960,LIVORNO CALAMBRONE,46020,LIVORNO CENTRALE,F051,3.69,2,TE,F,BAB-CC,SCC,SCMT,SI,PC32,D4,FI,,
86700,CEFALU',86710,P.P. OGLIASTRILLO,C175,3.42,1,TE,CS,BCA,SCC,SCMT,SI,PC22,C3,PA,,0336
03680,SPIGNO,03685,MERANA,C019,3.12,1,TE,CS,BCA,CTC,SCMT,NO,PC32,C3,TO,,
16555,MILANO VILLAPIZZONE,12240,P.M. GHISOLFA,N002,0.0,2,TE,N,BAB-CC,SCCACCM,SCMT,SI,PC45,C3L,MI,,
68081,VIA CAMPANA,68100,POZZUOLI SOLFATARA,F059,3.19,2,,,,,SCMT,,n.c.,,NA,,
66220,ARPINO,66187,SANTOPADRE,C133,2.42,1,TD,CS,BCA,CTC,SSC,NO,FS,<A,RM,,
25180,CALDONAZZO,25220,LEVICO TERME,C232,3.39,1,TD,CST,BCA,CTC,SCMT,NO,FS,C3,VR,,P128
28020,CASARSA,29496,S.GIOVANNI DI CASARSA,C205,1.67,1,TD,CST,BCA,CTC,SCMT,SI,PC45,C3L,TS,,P199
26440,CASTAGNARO,26480,BADIA POLESINE,C214,7.35,1,TD,CST,BCA,CTC,SCMT,NO,PC45,D4L,VR,,
18760,CASALBUTTANO,18800,OLMENETA,C057,6.31,1,TE,CS,BCA,CTC,SCMT,NO,PC45,C3L,MI,,
76500,GIOIA DEL COLLE,78620,SANTERAMO,C224,14.49,1,TD,CST,ALT,DU,SSC,NO,FS,C3,BA,B,
11130,NOVARA BOSCHETTO,11150,NOVARA NORD,A003,0.81,2,TE,F,ALT,DL,SCMT,SI,PC80,D4,TO,,
49700,COLLECCHIO,49705,OZZANO TARO,F047,7.41,1,TE,F,BA-CF,CTC,SCMT,SI,PC22,D4L,FI,,
90140,ARAGONA-CALDARE,90180,AGRIGENTO BASSA,C183,9.64,1,TE,CS,BCA,CTC,SCMT,SI,FS,B2,PA,,P247
00780,TORINO S.PAOLO,02498,DEV.ESTR. TO ORBASSANO,N001,4.93,2,TE,N,BAB-CC,SCCACCM,SCMT,SI,PC80,D4,TO,,
37110,GENOVA VIA DI FRANCIA,37140,GENOVA MARITTIMA UM S.LIMBANIA,N004,1.2,2,TE,N,BAB-CF,SCC,SCMT,SI,PC22,D4,GE,,
27320,VENEZIA PORTO MARGHERA,27818,DEV.ESTR.VENEZIA,N003,4.65,2,TE,N,BAB-CC,SCCACCM,SCMT,SI,PC22,D4L,VE,,
97060,CAMPOMIGLIAIO,97100,VAGLIA,C112,3.94,1,TD,CS,BCA,CTC,SSC,SI,FS,D4L,FI,,
36155,MULINETTI,36180,RECCO,F045,1.42,2,TE,F,BAB-CC,SCC,SCMT,SI,PC22,D4L,GE,,
67201,FONTANAROSA-CERVARO,67205,DEV. DIR. ROCCA D'EVANDRO AC/AV,F061,3.48,2,TE,F,BAB-CC,DC,SCMT,SI,PC45,C3,NA,,
24460,S.CANDIDO,24500,DOBBIACO,C067,3.79,1,TE,CS,BCA,CTC,SCMT,NO,PC80,D4L,VR,,
18160,CALUSCO,18200,TERNO,C047,5.13,1,TE,CS,BEM,DC,SCMT,NO,PC22,C3L,MI,,
20903,BUTTAFAVA,20905,BIASSONO-LESMO-PARCO,C042,1.24,1,TD,CS,BEM,DC,SCMT,NO,FS,C3,MI,,
68264,DEV.ESTR.NAPOLI GIANTURCO,68265,NAPOLI GIANTURCO,N008,0.21,2,TE,N,BA-CC,SCC,SCMT,SI,PC25,D4,NA,,
75560,BARI PARCO NORD,75600,BARI CENTRALE,F069,2.95,2,TE,F,BAB-CC,DC,SCMT,SI,PC45,D4,BA,,
71500,SEPINO,71511,SASSINORO,C202,1.81,1,TD,CST,BCA,CTC,SSC,NO,FS,C3L,NA,B,
68589,DEV.EST.LATO CASERTA,67627,PM MADDALONI,,2.92,2,TE,F,BAB-CC,SCCACCM,SCMT,SI,PC45,C3,NA,,0099A|0099B|0279A|0279B|0281|0284
01680,NOVARA,01685,DEV.ESTR. NOVARA LATO MILANO,F011,0.76,2,TE,F,BAB-CC,SCCACCM,SCMT,SI,PC80,D4,TO,,
61320,ROMA OSTIENSE,65810,ROMA TRASTEVERE,N007,1.53,2,TE,N,BCABM,DC,SCMT,SI,PC32,C3,RM,,
00885,TORINO PORTA SUSA,01820,TORINO LINGOTTO,N001,5.85,2,TE,N,BAB-CC,SCC,SCMT,SI,PC45,D4,TO,,
65483,CANCELLIERA,65500,CECCHINA,C135,3.21,1,TE,CS,BCA,CTC,SCMT,SI,FS,C3L,RM,,
54020,FALCONARA MARITTIMA,56425,FALCONARA STADIO,F065,1.6,2,TE,F,BAB-CC,CTC,SCMT,SI,PC80,D4L,AN,,0297A
78205,POTENZA UNIVERSITA',77160,POTENZA CENTRALE,C154,2.73,1,TD,CS,BCA,DC,SSC,SI,FS,C3L,BA,,1674
69120,MONTECALVO-BUONALBERGO-CASALBORE,69131,CASTELFRANCO,F071,4.39,1,TE,F,BCA,CTC,SCMT,SI,PC22,C3L,NA,,
76285,DEV.INNESTO BARI PARCO NORD,75560,BARI PARCO NORD,C158,1.54,1,TE,CS,BCA,SCC,SCMT,SI,PC80,D4,BA,,
52720,RAPOLANO TERME,52760,RIGOMAGNO,C123,12.6,1,TD,CS,BCA,CTC,SCMT,NO,FS,D4L,FI,,
97260,IL CIONFO,97223,PIAN Di MUGNONE,C112,3.36,1,TD,CS,BCA,CTC,SSC,SI,FS,D4L,FI,,
79040,FRATTAROLO,79042,MANFREDONIA OVEST,C236,2.86,1,TD,CSP,ALT,SPO,SCMT,NO,PC45,D4,BA,,
25683,BORGOCHIESANUOVA,25710,LEVATA,C071,2.04,1,TE,CS,BCA,CTC,SCMT,NO,PC45,D4L,VR,,
87360,GALATI,87365,PONTE SANTO STEFANO,C169,1.01,2,TE,CS,BAB-CC,SCC,SCMT,SI,PC22,C3,PA,,
19160,CAVA TIGOZZI,19200,CREMONA,C061,5.17,2,TE,CS,BCAB,CTC,SCMT,SI,PC45,D4L,MI,,
57840,PERUGIA PONTE S.GIOVANNI,57845,OSPEDALICCHIO,C127,5.73,1,TE,CS,BCA,CTC,SCMT,NO,FS,D4L,AN,,0334
30240,CAMPOSAMPIERO,30280,S.GIORGIO DELLE PERTICHE,C081,3.05,2,TE,CS,BAB-CF,SCC,SCMT,SI,PC80,D4L,VE,,
15980,CAVARIA-OGGIONA-IERAGO,11960,GALLARATE,C049,4.75,2,TE,CS,BCAB,CTC,SCMT,SI,PC22,C3L,MI,,
05790,SUNO,05785,VAPRIO D'AGOGNA,C034,2.74,1,TE,CS,BCA,CTC,SCMT,SI,PC80,D4L,TO,,
45503,CAMAIORE LIDO C.,45540,VIAREGGIO,F045,4.27,2,TE,F,BAB-CC,SCC,SCMT,SI,PC32,D4,FI,,
44480,LAMA,44490,BARICETTA,C225,6.95,1,TD,CST,BCA,DPC,SSC,NO,PC80,C3,VE,,
25805,VILLANOVA DI REGGIOLO,25840,ROLO-NOVI-FABBRICO,C072,4.02,1,TE,CS,BCA,CTC,SCMT,NO,PC45,D4L,BO,,
54760,PINETO-ATRI,54800,SILVI,F067,6.41,2,TE,F,BAB-CC,SCC,SCMT,SI,PC80,D4,AN,,
59840,2° BIVIO ORVIETO SUD,59903,P.C. CASTIGLIONE IN TEVERINA,F053,10.96,2,TE,F,BAB-CC,CTC,SCMT,SI,PC22,D4L,FI,,
17540,COSIO-TRAONA,17580,DELEBIO,C039,5.03,1,TE,CS,BCA,CTC,SCMT,NO,PC22,C3L,MI,,
00035,MODANE FOURNEAUX,00040,MODANE,F001,1.0,2,TE,F,ALT,CTC,NO,SI,PC45,D4,TO,,
19380,PIADENA,20040,CANNETO SULL'OGLIO,C065,3.09,1,TD,CS,BCA,CTC,SCMT,NO,PC22,C3L,MI,,
44570,ROSOLINA,44600,CAVANELLA D'ADIGE,C225,4.36,1,TD,CST,BCA,DPC,SSC,NO,PC80,C3,VE,,
68515,GRICIGNANO,74342,"SEGN. CONFINE KM 2,1",A001,1.45,2,TE,F,BAB-CC,SCC,SCMT,SI,PC80,D4,NA,,
25220,LEVICO TERME,25260,RONCEGNO BAGNI-MARTER,C232,8.82,1,TD,CST,BCA,CTC,SCMT,NO,FS,C3,VR,,P128
27085,BUSA DI VIGONZA,27120,VIGONZA-PIANIGA,F033,5.62,2,TE,F,BAB-CC,SCC,SCMT,SI,PC80,D4,VE,,
55960,GAIFANA,55925,PONTE PARRANO DI NOCERA UMBRA,F065,5.34,1,TE,F,BCA,CTC,SCMT,SI,PC45,D4L,AN,,
06440,CASALE MONFERRATO,06480,BORGO S.MARTINO,C006,7.14,1,TE,CS,BCA,CTC,SCMT,NO,PC45,C3,TO,,
70471,FRANCIOSA,70500,PICERNO,C136,5.08,1,TE,CS,BCA,CTC,SCMT,SI,PC22,C3L,NA,,
44535,CAVANELLA PO,44560,LOREO,C225,4.66,1,TD,CST,BCA,DPC,SSC,NO,PC80,C3,VE,,
51845,CAMPORGIANO,51850,POGGIO-CAREGGINE-VAGLI,C119,1.97,1,TD,CS,BCA,CTC,SCMT,NO,FS,C3L,FI,,
22520,LE CAVE,22560,FORTEZZA,F027,7.12,2,TE,F,BAB-CC,SCC,SCMT,SI,PC80,D4L,VR,,P224
09440,MONTECHIARO D'ASTI,09460,CHIUSANO-COSSOMBRATO,C209,2.35,1,TD,CST,BCA,DL,SSC,SI,FS,C3,TO,B,
20597,ALBAIRATE-VERMEZZO,20600,ABBIATEGRASSO,C058,3.26,1,TE,CS,BCA,CTC,SCMT,SI,FS,C3L,MI,,
24924,GARGAZZONE,24940,VILPIANO-NALLES,C068,3.23,1,TE,CS,BCA,CTC,SCMT,NO,FS,C3,VR,,
25302,BORGO VALSUGANA EST,25340,STRIGNO,C232,4.04,1,TD,CST,BCA,CTC,SCMT,NO,FS,C3,VR,,
63303,VILLA S.SEBASTIANO,63300,TAGLIACOZZO,C132,5.08,1,TE,CS,BCA,SCCACCM,SCMT,SI,PC22,C3L,RM,,
60280,STIMIGLIANO,60283,GAVIGNANO SABINO,F053,3.95,2,TE,F,BAB-CC,SCCACCM,SCMT,SI,PC45,D4L,RM,,
87720,TAORMINA,87760,ALCANTARA,C169,4.32,1,TE,CS,BCA,SCC,SCMT,SI,PC22,C3,PA,,
51360,PESCIA,51400,BORGO A BUGGIANO,C116,3.65,1,TE,CS,BCA,CTC,SCMT,SI,FS,D4,FI,,
31160,MUZZANA DEL TURGNANO,31120,S.GIORGIO DI NOGARO,F035,6.32,2,TE,F,BCAB,DC,SCMT,SI,PC80,D4L,TS,,0365A
01000,TORINO STURA,01010,ORIGINE LINEA AV,N001,1.41,2,TE,N,BAB-CC,SCCACCM,SCMT,SI,PC80,D4,TO,,
13737,S.GIULIANO MILANESE,13740,MELEGNANO,F041,4.7,2,TE,F,BAB-CC,DC,SCMT,SI,PC80,D4,MI,,
47160,P.C. RIGUTINO,47320,1° BIVIO CHIUSI NORD,F055,29.39,2,TE,F,BRA,SCCACCM,ERTMS_L2,SI,PC22,D4L,FI,,
71300,URURI-ROTELLO,71340,LARINO,C230,9.04,1,TD,CST,BCA,CTC,SSC,NO,FS,C3L,NA,,
18800,OLMENETA,18840,P.M. KM 5,C053,5.41,1,TE,CS,BCA,CTC,SCMT,NO,PC45,C3L,MI,,
07540,MARGARITA,07560,BEINETTE,C217,3.59,1,TD,CST,BCA,CTC,SCMT,NO,PC45,A,TO,B,
23620,BIVIO P.C. S.MASSIMO,23500,DOMEGLIARA,F027,16.43,2,TE,F,BAB-CC,SCC,SCMT,SI,PC80,D4,VR,,P224
72920,VIETRI SUL MARE,72930,DUOMO-VIA VERNIERI,C146,3.5,2,TE,CS,BCA,DC,SCMT,SI,PC22,D4,NA,,
67000,S.PIETRO AVELLANA-CAPRACOTTA,67005,VILLA S.MICHELE,C229,6.71,1,TD,CST,ALT,DU,SSC,NO,FS,C3L,AN,B,
33055,SEVEGLIANO,33057,STRASSOLDO,C095,3.76,1,TE,CS,BCA,DC,SCMT,SI,PC80,D4L,TS,,
75480,GIOVINAZZO,75520,BARI S.SPIRITO,F069,6.88,2,TE,F,BAB-CC,SCC,SCMT,SI,PC80,D4,BA,,P223
20907,MACHERIO-CANONICA,20940,TRIUGGIO-PONTE ALBIATE,C042,2.28,1,TD,CS,BEM,DC,SCMT,NO,FS,C3,MI,,
15640,LEGGIUNO-MONVALLE,15680,P.M. ISPRA,C036,6.3,1,TE,CS,BCA,CTC,SCMT,SI,PC80,D4L,MI,,
46760,GROSSETO,60560,ALBERESE,F051,14.5,2,TE,F,BAB-CC,SCC,SCMT,SI,PC80,D4,FI,,
87480,ALI' TERME,87520,NIZZA DI SICILIA,C169,2.79,1,TE,CS,BCA,SCC,SCMT,SI,PC22,C3,PA,,0249
18000,AMBIVERE-MAPELLO,18240,PONTE S.PIETRO,C044,3.83,1,TE,CS,BCA,DC,SCMT,NO,PC22,C3L,MI,,
29780,BELLUNO,29820,SEDICO-BRIBANO,C078,12.07,1,TE,CS,BCA,CTC,SCMT,NO,FS,C3L,VE,,
34940,TAGGIA-ARMA,34945,PES COSTARAINERA,F009,8.48,2,TE,F,BAB-CC,SCCACCM,SCMT,SI,PC22,D4,GE,,
09770,S.GIORGIO CASALE,09765,OZZANO MONFERRATO,C218,3.3,1,TD,CST,BCA,DL,SSC,NO,FS,C3L,TO,B,
96060,VILLAMASSARGIA-DOMUSNOVAS,96140,IGLESIAS,C190,9.12,1,TD,CS,BCA,CTC,SSC,NO,FS,D4L,CA,,
47980,LATERINA,48020,PONTICINO,F053,5.37,2,TE,F,BAB-CC,CTC,SCMT,SI,PC22,D4L,FI,,
66420,CIVITA D'ANTINO-MORINO,66385,MORREA-CASTRONOVO-RENDINARA,C133,3.38,1,TD,CS,BCA,CTC,SSC,NO,FS,<A,RM,,
59000,1° BIVIO CHIUSI SUD,59080,1° BIVIO ORVIETO NORD,F055,19.54,2,TE,F,BRA,SCCACCM,ERTMS_L2,SI,PC22,D4L,FI,,
71811,MONTORSI,71800,BENEVENTO PORTA RUFINA,C197,4.94,1,TD,CST,BCA,CTC,SSC,SI,FS,C3L,NA,,I173
26210,CARLONE PDE,26215,CARDINI PDE,A007,5.29,2,TE25,F,BRA,SCCACCM,ERTMS_L2,SI,PC80,D4,BO,,
71740,PIETRELCINA,71751,BENEVENTO ACQUAFREDDA,C202,9.02,1,TD,CST,BCA,CTC,SSC,NO,FS,C3L,NA,B,
74051,MADONNA DELLE GRAZIE,74080,GRAGNANO,C247,2.75,1,TE,CSP,BCA,DL,SCMT,NO,FS,B2,NA,A,
13700,MILANO ROGOREDO,16538,MILANO PORTA VITTORIA,N002,3.84,2,TE,N,BA-CC,CTC,SCMT,SI,PC22,D4,MI,,
26820,DUEVILLE,26825,VILLAVERLA-MONTECCHIO,C069,2.98,1,TD,CS,BCA,CTC,SCMT,NO,FS,C3L,VR,,
66850,ALFEDENA-SCONTRONE,66960,CASTEL DI SANGRO,C229,8.07,1,TD,CST,ALT,DU,SSC,NO,FS,C3L,AN,B,
96154,DEV.CHIL.LATO MACOM. (BRETELLA),95100,MORES-ITTIREDDU,C187,6.17,1,TD,CS,BCA,CTC,SCMT,NO,PC30,C3L,CA,,
09525,FERRERA LOMELLINA,09520,LOMELLO,C028,5.36,1,TD,CS,BCA,CTC,SCMT,NO,FS,D4L,TO,,
74349,DEV.DIR.NA AFRAGOLA,74352,"SEGN. CONFINE KM 214,76",A001,3.23,2,TE,F,BRA,SCC,ERTMS_L2,SI,PC80,D4,NA,,P224
74840,POGGIO IMPERIALE,74880,APRICENA,F067,4.21,2,TE,F,BCAB,SCC,SCMT,SI,PC80,D4,BA,,P223
70380,BALVANO-RICIGLIANO,70420,BELLA MURO,C136,7.76,1,TE,CS,BCA,CTC,SCMT,SI,PC22,C3L,NA,,
50640,BORGO S.LORENZO,50680,RONTA,C111,8.82,1,TD,CS,BCA,CTC,SSC,SI,FS,<A,FI,,P200
28300,LANCENIGO,28304,G.S. TREVISO,F037,3.86,2,TE,F,BCAB,SCC,SCMT,SI,PC80,D4L,VE,,
35705,CELLE,35740,VARAZZE,F007,2.51,2,TE,F,BAB-CC,DC,SCMT,SI,PC32,D4,GE,,
03900,D.ESTR.MONC.SANG,08420,MONCALIERI SANGONE,C008,0.74,2,TE,N,BAB-CF,SCCACCM,SCMT,NO,PC45,D4L,TO,,
20523,TREZZANO SUL NAVIGLIO,20556,P.C. GAGGIANO,C058,2.04,2,TE,CS,BAB-CC,CTC,SCMT,SI,FS,C3L,MI,,
36420,SESTRI LEVANTE,36460,RIVA TRIGOSO,F045,2.92,2,TE,F,BAB-CC,SCC,SCMT,SI,PC22,D4L,GE,,
71891,TUFO,71880,ALTAVILLA IRPINA,C197,2.7,1,TD,CST,BCA,CTC,SSC,SI,FS,C3L,NA,,I173
50020,P.M. GRONDOLA GUINADI,50060,PONTREMOLI,F047,9.26,2,TE,F,BCAB,CTC,SCMT,SI,PC22,C3L,FI,,
19880,VIADANA BRESCIANA,19883,CALVISANO,C065,3.33,1,TD,CS,BCA,CTC,SCMT,NO,PC22,C3L,MI,,
66177,COLFELICE,61940,ROCCASECCA,C133,5.1,1,TD,CS,BCA,CTC,SSC,NO,FS,C3L,RM,,
81345,REGGIO DI CALABRIA ARCHI,81350,REGGIO DI CALABRIA PENTIMELE,F077,1.04,2,TE,F,BAB-CC,CTC,SCMT,SI,PC32,C3,RC,,
34900,SAN REMO,34940,TAGGIA-ARMA,F009,6.1,2,TE,F,BAB-CC,SCCACCM,SCMT,SI,PC22,D4,GE,,
79220,CANOSA DI PUGLIA,79260,MINERVINO MURGE,C198,18.49,1,TD,CST,ALT,SPO,SCMT,SI,FS,C3L,BA,,
62660,ROMA PRENESTINA,74092,"SEGN. CONFINE KM 6,410",A001,2.15,2,TE,F,BAB-CC,SCC,SCMT,SI,PC80,D4,RM,,P224
51320,MONTECARLO-S.SALVATORE,51360,PESCIA,C116,4.48,1,TE,CS,BCA,CTC,SCMT,SI,FS,D4,FI,,
23715,ISOLA DELLA SCALA,26720,BOVOLONE,C212,9.72,1,TD,CST,BCA,CTC,SCMT,NO,FS,D4L,VR,,
58060,MORROVALLE-MONTE S.GIUSTO,58065,S.CLAUDIO,C126,4.21,1,TD,CS,BCA,CTC,SCMT,NO,FS,C3L,AN,,P147
33960,SERRAVALLE SCRIVIA,34000,ARQUATA SCRIVIA,F005,4.32,2,TE,F,BA-CC,DC,SCMT,SI,PC32,D4L,GE,,
06860,AGLIANO-CASTELNUOVO CALCEA,06920,NIZZA MONFERRATO,C195,8.24,1,TE,CST,BCA,DL,SCMT,SI,FS,C3L,TO,,
69940,SALERNO,70000,PONTECAGNANO,F075,9.62,2,TE,F,BAB-CC,SCC,SCMT,SI,PC32,D4L,NA,,
52080,BAGNI DI LUCCA,52085,BORGO A MOZZANO,C119,3.39,1,TD,CS,BCA,CTC,SCMT,NO,FS,D4L,FI,,
05260,CALUSO,05300,RODALLO,C002,3.33,1,TE,CS,BCA,CTC,SCMT,NO,FS,C3L,TO,,P123
83000,ISOLA CAPO RIZZUTO,83040,CUTRO,C161,10.41,1,TD,CS,BCA,CTC,SCMT,SI,PC32,C3L,RC,,P245
56640,SCAFA S.VALENTINO-CARAMANICO TERME,56605,PIANO D'ORTA BOLOGNANO,C125,4.75,1,TE,CS,BCA,CTC,SCMT,SI,PC45,C3L,AN,,
11800,SESTO CALENDE,11840,VERGIATE,F013,5.58,2,TE,F,BAB-CC,DC,SCMT,SI,PC80,D4L,MI,,
27191,G.S. MESTRE,30632,LIMITE FS (LINEA ADRIA),N003,2.18,1,TD,N,BCA,CTC,NO,SI,FS,D4,VE,,
03360,SEZZADIO,03400,CASSINE,C018,5.77,1,TE,CS,BCA,CTC,SCMT,NO,PC32,D4L,TO,,
85240,LAMEZIA TERME SAMBIASE,85280,LAMEZIA TERME NICASTRO,C163,3.16,1,TD,CS,BCA,SCCACCM,SCMT,SI,FS,C3L,RC,,P245
10520,S.VITTORIA,10545,POCAPAGLIA,C206,2.02,1,TE,CST,BCA,DL,SCMT,NO,FS,C3L,TO,,
72791,SESTO CAMPANO,67300,VAIRANO-CAIANELLO,F061,12.03,1,TE,F,BCA,DC,SCMT,NO,PC45,C3L,NA,,
34685,BIVIO SUCCURSALE,34850,BIVIO POLCEVERA,N004,0.83,2,TE,N,BAB-CC,SCC,SCMT,SI,PC22,D4,GE,,
02825,BELLINZAGO,02860,P.M. CAMERI,C023,1.25,1,TE,CS,BCA,DL,SCMT,SI,PC80,D4L,TO,,
60465,P.M. SALARIO ROMA SMISTAMENTO,60467,ROMA NOMENTANA L.L.,N007,1.17,2,TE,N,BAB-CC,SCCACCM,SCMT,SI,PC32,C3,RM,,
57115,ROCCA DI FONDI,57140,ROCCA DI CORNO,C231,6.09,1,TD,CST,BCA,CTC,SSC,NO,FS,<A,AN,,P210A
48460,P.M. PANICALE SANFATUCCHIO,48500,CHIUSI-CHIANCIANO TERME,F053,11.63,2,TE,F,BAB-CC,CTC,SCMT,SI,PC22,D4L,FI,,
66305,RIDOTTI-COLLEPIANO,66303,COMPRE S.VINCENZO,C133,4.52,1,TD,CS,BCA,CTC,SSC,NO,FS,<A,RM,,
31860,CARNIA,31545,PC AUPA,F037,22.91,2,TE,F,BAB-CC,SCC,SCMT,SI,PC80,D4,TS,,
28100,SACILE,28130,ORSAGO,F037,5.51,2,TE,F,BCAB,SCC,SCMT,SI,PC80,D4L,VE,,
26066,DEV.INTERCON.CASTELFRANCO,39040,SAMOGGIA,F041,4.51,2,TE,F,BAB-CC,SCCACCM,SCMT,SI,PC45,D4,BO,,P224
68340,S.MARCELLINO-FRIGNANO,68515,GRICIGNANO,C138,6.43,1,TE,CS,BA-CC,SCC,SCMT,SI,PC45,C3L,NA,,
50725,S.MARTINO IN GATTARA,50740,S.CASSIANO,C111,3.86,1,TD,CS,BCA,CTC,SSC,SI,FS,<A,FI,,P200
89940,CASTRONOVO DI SICILIA,89980,CAMMARATA-S.GIOVANNI GEMINI,C182,4.34,1,TE,CS,BCA,CTC,SCMT,SI,FS,A,PA,,P247
63780,ANVERSA-VILLALAGO-SCANNO,63740,PREZZA,C131,6.49,1,TE,CS,BCA,DC,SCMT,SI,PC22,C3L,RM,,A2001B|A2004E
52760,RIGOMAGNO,52800,SINALUNGA,C123,5.8,1,TD,CS,BCA,CTC,SCMT,NO,FS,D4L,FI,,
31905,ARTEGNA,31940,TARCENTO,F037,3.8,2,TE,F,BAB-CC,SCC,SCMT,SI,PC80,D4,TS,,
38948,P.M. FRETO,38960,MODENA,F041,3.58,2,TE,F,BAB-CC,SCCACCM,SCMT,SI,PC45,D4,BO,,P224
30880,MONF.DEV.S.POLO,32400,RONCHI DEI LEGIONARI NORD,F039,2.44,2,TE,F,BAB-CF,SCCACCM,SCMT,SI,PC80,D4L,TS,,
28063,FONTANAFREDDA,28100,SACILE,F037,6.42,2,TE,F,BCAB,SCC,SCMT,SI,PC80,D4L,TS,,
41880,LUGO,41920,BAGNACAVALLO,C107,4.41,1,TE,CS,BCA,CTC,SCMT,SI,PC80,D4L,BO,,
66345,ROCCAVIVI,66340,BALSORANO,C133,1.39,1,TD,CS,BCA,CTC,SSC,NO,FS,<A,RM,,
00160,BARDONECCHIA,00165,BEAULARD,F001,5.28,2,TE,F,BAB-CC,DC,SCMT,SI,PC45,D4,TO,,
33057,STRASSOLDO,33061,DEV.E. LATO UDINE,C095,0.06,1,TE,CS,BCA,DC,SCMT,SI,PC80,D4L,TS,,
16605,DEV. TORTONA,37440,RIVALTA SCRIVIA,F005,5.46,2,TE,F,BAB-CC,SCCACCM,SCMT,SI,PC45,D4L,GE,,
51960,BARGA-GALLICANO,52000,FORNACI DI BARGA,C119,3.34,1,TD,CS,BCA,CTC,SCMT,NO,FS,C3L,FI,,
49820,SOLIGNANO,49900,BERCETO,F047,8.19,2,TE,F,BCAB,CTC,SCMT,SI,PC22,C3L,FI,,
08140,BIVIO MADONNA DELL'OLMO,08180,CUNEO,C009,3.26,1,TE,CS,BCA,CTC,SCMT,NO,PC45,C3L,TO,,
59760,2° BIVIO ORVIETO NORD,59800,ORVIETO,F053,5.5,2,TE,F,BAB-CC,CTC,SCMT,SI,PC22,D4L,FI,,
91400,SALEMI-GIBELLINA,91440,CASTELVETRANO,C192,16.02,1,TD,CST,BCA,CTC,SCMT,NO,FS,C3L,PA,,
23005,MAGRE'-CORTACCIA,23040,SALORNO,F027,5.43,2,TE,F,BAB-CC,SCC,SCMT,SI,PC80,D4,VR,,P224
94460,URAS-MOGORO,94500,MARRUBIU-TERRALBA-ARBOREA,C187,8.33,1,TD,CS,BCA,CTC,SCMT,NO,PC30,D4,CA,,P254A
67900,SESSA AURUNCA-ROCCAMONFINA,67940,FALCIANO-MONDRAGONE-CARINOLA,F057,11.38,2,TE,F,BA-CC,DC,SCMT,SI,PC45,C3,NA,,P224
82840,TORRE MELISSA,82880,STRONGOLI,C161,8.63,1,TD,CS,BCA,CTC,SCMT,SI,PC32,C3L,RC,,P245
93250,GELA ANIC,93280,DIRILLO,C173,10.85,1,TD,CS,BCA,CTC,SCMT,NO,FS,B2,PA,,
78980,MESAGNE,78985,BRINDISI CITTADELLA DELLA RICERCA,C157,4.85,1,TE,CS,BCA,CTC,SCMT,SI,PC45,C3,BA,,
13220,TREVIGLIO,18560,CARAVAGGIO,C057,5.03,1,TE,CS,BCA,CTC,SCMT,NO,PC45,C3L,MI,,
00780,TORINO S.PAOLO,00880,BIVIO CROCETTA,N001,1.39,2,TE,N,BAB-CC,SCCACCM,SCMT,SI,PC80,D4,TO,,
47700,RIGNANO SULL'ARNO,47740,INCISA,F053,7.55,2,TE,F,BAB-CC,CTC,SCMT,SI,PC22,D4L,FI,,
24320,SALETTO,24360,OSPEDALETTO EUGANEO,C213,5.61,1,TE,CST,BCA,CTC,SCMT,SI,PC80,D4L,VR,,
07840,GARLASCO,07845,GROPELLO CAIROLI,C021,5.9,1,TD,CS,BCA,CTC,SCMT,NO,FS,C3,TO,,
54600,PORTO D'ASCOLI,58755,MONTEPRANDONE,C124,4.6,1,TE,CS,BCA,CTC,SCMT,NO,FS,D4L,AN,,
23150,TRENTO RONCAFORT,23160,TRENTO,F027,4.95,2,TE,F,BAB-CC,SCCACCM,SCMT,SI,PC80,D4,VR,,P224
44737,P.M. UNIGRA',43180,LAVEZZOLA,C105,3.68,1,TD,CS,BCA,CTC,SCMT,SI,PC32,D4L,BO,,
13948,P.M. PIACENZA OVEST,26013,"SEGN. CONFINE KM 2,953",A005,0.87,2,TE,F,BAB-CC,SCCACCM,SCMT,SI,PC80,D4,BO,,
61503,TOR VERGATA,61540,COLLE MATTIA,F061,5.14,2,TE,F,BAB-CC,SCCACCM,SCMT,SI,PC32,D4,RM,,
21403,PRATA CAMPORTACCIO,21405,S.CASSIANO VALCHIAVENNA,C038,4.5,1,TE,CS,BCA,CTC,SCMT,NO,PC22,C3L,MI,,
38094,DEV.ESTR.GENOVA BORZOLI,38120,GENOVA BORZOLI - PES,C098,0.5,1,TE,CS,BCA,SCC,SCMT,SI,PC45,D4L,GE,,P198
03685,MERANA,03720,PIANA,C019,4.9,1,TE,CS,BCA,CTC,SCMT,NO,PC32,C3,TO,,
01520,VERCELLI,06640,PERTENGO,C233,11.06,1,TD,CST,BCA,CTC,SSC,NO,FS,C3,TO,A,
76740,MASSAFRA,76780,BELLAVISTA,C159,9.4,2,TE,CS,BCAB,SCC,SCMT,SI,PC45,D4L,BA,,
48340,CAMUCIA CORTONA,48380,TERONTOLA-CORTONA,F053,6.36,2,TE,F,BAB-CC,CTC,SCMT,SI,PC22,D4L,FI,,
55700,SPOLETO,55740,CAMPELLO SUL CLITUNNO,F065,0.0,1,TE,F,BCA,CTC,SCMT,SI,PC45,D4L,AN,,0119
74920,S.SEVERO,74960,RIGNANO GARGANICO,F067,14.38,2,TE,F,BAB-CC,SCC,SCMT,SI,PC80,D4,BA,,P223
41660,CASTELMAGGIORE,41720,BOLOGNA CORTICELLA,N005,2.96,2,TE,N,BA-CC,CTC,SCMT,SI,PC45,D4,BO,,
12940,SESTO S.GIOVANNI,12980,MILANO GRECO PIRELLI,N002,3.71,2,TE,N,BAB-CC,SCCACCM,SCMT,SI,PC80,D4,MI,,
41620,S.GIORGIO DI PIANO,41656,FUNO CENTERGROSS,N005,5.94,2,TE,N,BAB-CC,DC,SCMT,SI,PC80,D4,BO,,P223
69500,DOPPIO BIVIO MARITTIMA,70640,NAPOLI TRACCIA,N008,1.46,2,TE,N,BA-CC,SCC,SCMT,SI,PC80,D4,NA,,
71671,CESE,71740,PIETRELCINA,C202,6.76,1,TD,CST,BCA,CTC,SSC,NO,FS,C3L,NA,B,
29220,BASSANO DEL GRAPPA,29230,CASSOLA,C091,5.88,1,TE,CS,BCA,SCC,SCMT,NO,FS,C3L,VE,,
95800,CAMPOMELA,95760,PLOAGHE,C186,8.81,1,TD,CS,BCA,CTC,SCMT,NO,PC45,C3,CA,,
29550,TEGLIO VENETO,27390,PORTOGRUARO-CAORLE,C205,3.9,1,TD,CST,BCA,CTC,SCMT,SI,PC45,C3L,TS,,P199
67500,S.MARIA CAPUA VETERE,67540,CASERTA,F061,6.28,2,TE,F,BAB-CC,SCC,SCMT,SI,PC45,C3,NA,,
08445,NICHELINO,08460,CANDIOLO,C008,4.79,1,TE,CS,BCA,DL,SCMT,NO,PC45,D4L,TO,,
67760,DOPPIO BIVIO CASSINO,70612,TRACCIA,N008,1.6,2,TE,N,BAB-CC,SCC,SCMT,SI,PC80,D4,NA,,P224
23387,BORGHETTO SULL'ADIGE,23420,PERI,F027,5.12,2,TE,F,BAB-CC,SCC,SCMT,SI,PC80,D4,VR,,P224
26087,DEV.U.I. BOLOGNA S.RUFFILLO,40640,BOLOGNA S.RUFFILLO,F043,1.43,2,TE,F,BAB-CC,CTC,SCMT,SI,PC22,D4,BO,,P261
80520,PAOLA,84600,BIVIO PANTANI,C164,2.1,1,TE,CS,BCA,CTC,SCMT,SI,PC45,C3,RC,,I107A
59200,P.C. CIVITELLA D'AGLIANO,59280,1° BIVIO ORTE NORD,F055,19.17,2,TE,F,BAB-CC,CTC,SCMT,SI,PC22,D4L,FI,,
67205,DEV. DIR. ROCCA D'EVANDRO AC/AV,67209,DEV. DIR. ROCCA D'EVANDRO,F061,0.23,2,TE,F,BAB-CC,DC,SCMT,SI,PC45,C3,NA,,
35900,GENOVA PEGLI,35940,GENOVA SESTRI PONENTE AEROPORTO,N004,2.53,2,TE,N,BAB-CC,SCC,SCMT,SI,PC45,D4,GE,,
12380,RHO,12385,RHO FIERA,N002,3.77,2,TE,N,BAB-CC,SCCACCM,SCMT,SI,PC80,D4,MI,,0294
68620,VALLE MADDALONI PES,68660,FRASSO-DUGENTA,,6.44,2,TE,F,BAB-CC,SCCACCM,SCMT,SI,PC80,D4,NA,,0099A|0099B|0279A|0279B|0281|0284
68121,CAVALLEGGERI AOSTA,68140,NAPOLI CAMPI FLEGREI,N008,0.63,2,TE,N,BAB-CC,SCC,SCMT,SI,PC22,C3,NA,,
12240,P.M. GHISOLFA,12270,MILANO PORTA GARIBALDI,N002,2.98,2,TE,N,BAB-CC,SCCACCM,SCMT,SI,PC45,C3L,MI,,
16555,MILANO VILLAPIZZONE,16554,MILANO LANCETTI,N002,2.3,2,TE,N,BA-CC,CTC,SCMT,SI,PC22,D4,MI,,
18120,PADERNO-ROBBIATE,18160,CALUSCO,C047,2.66,1,TE,CS,BCA,DC,SCMT,NO,PC22,<A,MI,,
62220,POMEZIA-S.PALOMBA,62260,CAMPOLEONE,F057,9.55,2,TE,F,BAB-CC,SCCACCM,SCMT,SI,PC30,C3,RM,,
28140,PIANZANO,28145,D.E. CONEGLIANO,F037,5.75,2,TE,F,BCAB,SCC,SCMT,SI,PC80,D4L,VE,,
66340,BALSORANO,66305,RIDOTTI-COLLEPIANO,C133,3.01,1,TD,CS,BCA,CTC,SSC,NO,FS,<A,RM,,
31040,CERVIGNANO-AQUILEIA-GRADO,31080,TORVISCOSA,F035,4.74,2,TE,F,BCAB,DC,SCMT,SI,PC80,D4L,TS,,
28403,BIVIO MAROCCO,29408,BIVIO P.C. SPINEA,N003,6.74,2,TE,N,BAB-CF,SCC,SCMT,SI,PC80,D4,VE,,
38386,PM SPINOLA RAGGI - PES,34850,BIVIO POLCEVERA,,3.66,2,TE,N,BAB-CC,SCC,SCMT,SI,PC45,D4,GE,,P198
26225,GINORI PDE,26236,"SEGN. CONFINE KM 5,611",A007,3.71,2,TE25,F,BRA,SCCACCM,ERTMS_L2,SI,PC80,D4,BO,,
59800,ORVIETO,59840,2° BIVIO ORVIETO SUD,F053,1.94,2,TE,F,BAB-CC,CTC,SCMT,SI,PC22,D4L,FI,,
94180,DECIMOMANNU,94147,ASSEMINI S.LUCIA,C188,2.54,2,TD,CS,BAB-CC,CTCACCM,SCMT,NO,PC30,D4,CA,,P254A
60110,DEV. INTERC. AV,63920,ROMA TERMINI,N007,3.42,2,TE,N,BAB-CC,DC,SCMT,SI,PC32,C3,RM,,
68485,AVERSA,68441,S.ANTIMO-S.ARPINO,N008,3.79,2,TE,N,BAB-CC,SCC,SCMT,SI,PC32,C3,NA,,
09765,OZZANO MONFERRATO,09760,SERRALUNGA-CERESETO,C218,5.28,1,TD,CST,BCA,DL,SSC,NO,FS,C3L,TO,B,
76460,ACQUAVIVA DELLE FONTI,76500,GIOIA DEL COLLE,C158,12.69,2,TE,CS,BCAB,SCC,SCMT,SI,PC45,D4L,BA,,
43840,MARZABOTTO,43845,PIAN DI VENOLA,N005,2.18,1,TE,N,BCA,CTCACCM,SCMT,SI,FS,C3L,BO,,
82560,ROSSANO,82565,TOSCANO,C161,5.45,1,TD,CS,BCA,CTC,SCMT,SI,PC32,C3L,RC,,P245
27300,VENEZIA MESTRE,27690,CONFLUENZA UD-TS,N003,0.97,2,TE,N,BAB-CC,SCC,SCMT,SI,PC80,D4L,VE,,0365A
51527,PRATO PORTA AL SERRAGLIO,44920,PRATO CENTRALE,C118,1.11,2,TE,CS,BAB-CC,DC,SCMT,SI,FS,D4,FI,,
86620,POLLINA-S.MAURO CASTELVERDE,86700,CEFALU',C175,14.98,1,TE,CS,BCA,SCC,SCMT,SI,PC22,C3,PA,,
16120,CALOLZIOCORTE-OLGINATE,17960,CISANO-CAPRINO BERGAMASCO,C044,8.09,1,TE,CS,BCA,DC,SCMT,NO,PC22,C3L,MI,,
54930,PESCARA TRIBUNALE,54980,FRANCAVILLA AL MARE,F067,6.57,2,TE,F,BCAB,SCC,SCMT,SI,PC45,D4,AN,,P223
33104,VRTOJBA DEV.MARK,33108,VRTOJBA,F039,1.09,1,TD,F,BCA,DC,NO,NO,FS,C2,TS,,
28940,CASTELFRANCO VENETO,28980,ALBAREDO,C088,6.28,2,TE,CS,BCAB,SCC,SCMT,SI,PC80,D4L,VE,,
02025,S.PAOLO SOLBRITO,02060,VILLAFRANCA-CANTARANA,F003,7.8,2,TE,F,BAB-CC,DC,SCMT,SI,PC32,D4,TO,,P131
57925,CANNARA,57960,SPELLO,C127,5.11,1,TE,CS,BCA,CTC,SCMT,NO,FS,D4L,AN,,0334
55020,TOLLO-CANOSA SANNITA,55060,ORTONA,F067,7.53,2,TE,F,BAB-CC,SCCACCM,SCMT,SI,PC45,D4,AN,,P223
26018,"SEGN. CONFINE KM 2,980",26019,2° BIVIO PIACENZA EST,A005,0.88,2,TE,F,BAB-CF,SCCACCM,SCMT,SI,PC80,D4,BO,,
88062,PICANELLO,88070,EUROPA,C169,0.71,2,TE,CS,BAB-CC,SCC,SCMT,SI,PC22,C3,PA,,
26560,FRATTA,26600,COSTA DI ROVIGO,C214,4.42,1,TD,CST,BCA,CTC,SCMT,NO,PC45,D4L,VR,,
35860,GENOVA VOLTRI,35862,GENOVA VOLTRI FM,N004,1.35,2,TE,N,BAB-CC,SCCACCM,SCMT,SI,PC45,D4,GE,,
62660,ROMA PRENESTINA,63920,ROMA TERMINI,N007,4.26,2,TE,N,BAB-CC,SCC,SCMT,SI,PC22,D4,RM,,
04300,MONDOVI',04340,VICOFORTE-S.MICHELE,C013,6.92,2,TE,CS,BCA,DC,SCMT,NO,PC32,C3,TO,,
30730,MIRAMARE,30710,TRIESTE C.LE GR SC. BARCOLA,F035,4.76,2,TE,F,BAB-CF,DC,SCMT,SI,PC80,D4,TS,,0365A
43960,RIOLA,43965,SILLA,N005,9.18,1,TE,N,BCA,CTCACCM,SCMT,SI,FS,C3L,BO,,
22560,FORTEZZA,22620,BRESSANONE,F027,10.18,2,TE,F,BAB-CC,SCC,SCMT,SI,PC80,D4L,VR,,P224
83920,BOVALINO,83960,BIANCO,C162,7.41,1,TD,CS,BCA,CTC,SCMT,SI,PC32,C3L,RC,,P245
26087,DEV.U.I. BOLOGNA S.RUFFILLO,26089,"SEGN. CONFINE KM 4,335",A007,0.87,2,TE,F,BAB-CC,SCCACCM,SCMT,SI,PC80,D4,BO,,
73040,GUARDIAREGIA,73060,S.POLO MATESE,C139,3.77,1,TD,CS,BCA,CTC,SCMT,NO,FS,C3L,NA,,P246
31040,CERVIGNANO-AQUILEIA-GRADO,33067,DEV.RACCORDO ARRIVI,C095,2.38,2,TE,F,BAB-CF,DC,SCMT,SI,PC80,D4L,TS,,
65265,ROMA BALDUINA,65267,APPIANO PROBA PETRONIA,N007,0.93,2,TE,N,BAB-CC,SCCACCM,SCMT,SI,FS,C3L,RM,,P053
12380,RHO,12382,RHO DEV.E.LINEA NO,N002,2.38,2,TE,N,BAB-CC,SCCACCM,SCMT,SI,PC80,D4,MI,,
43060,PORTOMAGGIORE,43100,ARGENTA,C100,9.71,1,TE,CS,BCA,CTC,SCMT,SI,PC80,D4L,BO,,
26082,SEGN. CONFINE RENO OVEST,39845,P. M. SANTA VIOLA,A005,0.1,2,TE,F,BRA,SCCACCM,ERTMS_L2,SI,PC80,D4,BO,,
00165,BEAULARD,00200,OULX-CESANA-CLAVIERE-SESTRIERE,F001,5.81,2,TE,F,BAB-CC,DC,SCMT,SI,PC45,D4,TO,,
62590,CASTEL BAGNOLO DI ORTE,62595,GALLESE BASSANELLO,,3.58,1,,CS,ALT,DU,,,n.c.,,RM,B,
40008,OZZANO DELL' EMILIA,40040,VARIGNANA,F063,3.24,2,TE,F,BAB-CC,CTC,SCMT,SI,PC80,D4,BO,,P223|P262A
92940,DELIA,92980,CAMPOBELLO-RAVANUSA,C210,7.46,1,TD,CST,BCA,CTC,SCMT,SI,FS,C3L,PA,,
26120,RIO DEI CANI PDE,26125,QUINZANO PDE,A007,6.0,2,TE25,F,BRA,SCCACCM,ERTMS_L2,SI,PC80,D4,BO,,
62420,PRIVERNO-FOSSANOVA,66543,CAPOCROCE,C222,3.14,1,TE,CST,ALT,SPO,SCMT,NO,FS,C3L,RM,B,P200
34360,GENOVA SAMPIERDARENA,37110,GENOVA VIA DI FRANCIA,N004,1.23,2,TE,N,BAB-CF,SCC,SCMT,SI,PC22,D4,GE,,
00740,BIVIO PRONDA,02498,DEV.ESTR. TO ORBASSANO,N001,3.11,2,TE,N,BAB-CC,SCCACCM,SCMT,SI,PC45,D4,TO,,P175
54880,PESCARA,54920,PESCARA PORTA NUOVA,F067,1.34,2,TE,F,BCAB,SCC,SCMT,SI,PC80,D4,AN,,
29100,PRIMOLANO,29120,CISMON DEL GRAPPA,C221,6.25,1,TD,CST,BCA,CTC,SCMT,NO,FS,C3L,VE,,
87020,S.FLAVIA-SOLUNTO-PORTICELLO,87060,BAGHERIA,C176,2.46,2,TE,CS,BAB-CC,SCC,SCMT,SI,PC22,C3,PA,,
46280,VADA,50935,P.M. ORCIANO,F051,17.92,1,TE,F,BCA,SCC,SCMT,NO,PC80,D4,FI,,
25640,S.ANTONIO MANTOVANO,25680,MANTOVA,C070,3.41,1,TE,CS,BCA,CTC,SCMT,NO,PC45,D4L,VR,,
77700,LECCE,77710,SURBO SCALO,C151,3.57,1,TE,CS,BCA,DC,SCMT,SI,PC45,D4,BA,,
27385,VENEZIA S.LUCIA,27818,DEV.ESTR.VENEZIA,N003,1.5,2,TE,N,BAB-CC,SCCACCM,SCMT,SI,PC22,D4L,VE,,
03280,CANTALUPO,03285,BORGORATTO,C018,3.46,1,TE,CS,BCA,CTC,SCMT,NO,PC32,D4L,TO,,
87350,MILI MARINA,87360,GALATI,C169,2.42,2,TE,CS,BAB-CC,SCC,SCMT,SI,PC22,C3,PA,,
54320,CIVITANOVA MARCHE-MONTEGRANARO,54360,PORTO S.ELPIDIO,F067,6.5,2,TE,F,BAB-CC,SCC,SCMT,SI,PC80,D4,AN,,
56450,SULMONA,63820,BUGNARA,C131,6.32,1,TE,CS,BCA,DC,SCMT,SI,PC22,C3L,RM,,A2001B|A2004E
52640,CASTELNUOVO BERARDENGA,52675,ASCIANO-MONTE OLIVETO MAGGIORE,C122,12.84,1,TD,CS,BCA,CTC,SCMT,NO,FS,D4L,FI,,
71210,P.C. VESUVIO,71220,BIVIO SARNO,F073,18.69,2,TE,F,BAB-CC,SCCACCM,SCMT,SI,PC80,D4,NA,,
25600,ROVERBELLA,25640,S.ANTONIO MANTOVANO,C070,7.29,1,TE,CS,BCA,CTC,SCMT,NO,PC45,D4L,VR,,
19300,GAZZO-PIEVE S.GIACOMO,19340,TORRE DE' PICENARDI,C062,7.62,1,TE,CS,BCA,CTC,SCMT,SI,PC45,D4L,MI,,
21580,PONTE S.MARCO-CALCINATO,21620,LONATO,F023,6.44,2,TE,F,BAB-CC,SCCACCM,SCMT,SI,PC80,D4,VR,,0361
87005,CASTELDACCIA,87020,S.FLAVIA-SOLUNTO-PORTICELLO,C176,2.63,2,TE,CS,BAB-CC,SCC,SCMT,SI,PC22,C3,PA,,
90460,SCIARA-ALIMINUSA,90500,MONTEMAGGIORE BELSITO,C180,9.89,1,TE,CS,BCA,CTC,SCMT,SI,FS,C3L,PA,,
76780,BELLAVISTA,76785,BIVIO P.C. METAPONTO,C159,4.13,2,TE,CS,BCAB,SCC,SCMT,SI,PC45,D4L,BA,,
71340,LARINO,71380,CASACALENDA-GUARDIALFIERA,C230,12.56,1,TD,CST,BCA,CTC,SSC,NO,FS,C3L,NA,,
88740,CALTANISSETTA CENTRALE,88780,S.CATALDO,C201,6.62,1,TE,CST,BCA,CTC,SCMT,SI,FS,C3L,PA,,
81840,RICADI CAPO VATICANO,81880,JOPPOLO,F077,8.33,1,TE,F,BCA,CTC,SCMT,SI,FS,C3,RC,,
01670,DEV.ESTR. NOVARA LATO TORINO,01680,NOVARA,C199,0.34,1,TE,CST,BCA,DL,SCMT,NO,PC80,D4,TO,,
04220,TRINITA'-BENE VAGIENNA,04260,MAGLIANO-CRAVA-MOROZZO,C012,6.92,2,TE,CS,BCA,DC,SCMT,NO,PC45,C3,TO,,
31232,MESTRE RACCORDO A/P,27191,G.S. MESTRE,N003,0.94,2,TE,N,ALT,DC,SCMT,SI,PC80,D4L,VE,,
66730,PALENA,66735,RIVISONDOLI-PESCOCOSTANZO,C229,5.67,1,TD,CST,ALT,DU,SSC,NO,FS,C3L,AN,B,
35972,GR SC GE VOLTRI,35862,GENOVA VOLTRI FM,N004,0.66,2,TE,N,BAB-CC,SCCACCM,SCMT,SI,PC45,D4,GE,,
38240,PREDOSA,33835,AL CAVALCAVIA,C193,18.66,1,TE,CST,BCA,SCC,SCMT,SI,PC45,D4,GE,,
61620,VALMONTONE,61660,COLLEFERRO-SEGNI-PALIANO,F061,8.03,2,TE,F,BAB-CC,SCCACCM,SCMT,SI,PC32,D4,RM,,
99030,FAGARE',99060,PONTE DI PIAVE,C084,2.4,1,TE,CS,BCA,CTCACCM,SCMT,SI,PC80,D4L,VE,,
02775,DORMELLETTO PAESE,02780,BORGO TICINO,C022,4.97,1,TE,CS,BCA,DL,SCMT,SI,PC50,D4L,TO,,
82420,SIBARI,82480,THURIO,C161,6.14,1,TD,CS,BCA,CTC,SCMT,SI,PC32,C3L,RC,,P245
80590,FIUMEFREDDO BRUZIO,80620,LONGOBARDI,F077,3.89,2,TE,F,BAB-CC,CTC,SCMT,SI,PC45,D4L,RC,,
53140,CIVITELLA PAGANICO,53180,ROCCASTRADA,C228,8.02,1,TD,CST,BCA,CTC,SCMT,SI,FS,A,FI,,
08020,MADDALENE,08060,CENTALLO,C009,5.19,1,TE,CS,BCA,CTC,SCMT,NO,PC45,C3L,TO,,
70727,MONTESANO,70733,CASALBUONO,,9.15,1,TD,CS,ALT,DU,,,n.c.,,NA,B,I107A|P238A
08905,SANDIGLIANO,08907,CANDELO,C244,3.62,1,TE,CSP,BCA,DL,SCMT,NO,FS,C3L,TO,,
11115,"SEGN. CONFINE KM 2,222",11130,NOVARA BOSCHETTO,A003,1.45,2,TE,F,BAB-CC,SCC,SCMT,SI,PC80,D4,TO,,
58185,TOLENTINO CAMPUS,58155,POLLENZA,C126,4.86,1,TD,CS,BCA,CTC,SCMT,NO,FS,C3L,AN,,P147
62983,VICOVARO,62980,CASTEL MADAMA,C132,3.23,1,TE,CS,BCA,SCCACCM,SCMT,SI,PC22,C3L,RM,,
59604,DEV.INT.LL/DDcpv,59004,SEGN.CONF. PM PIEVE,F055,0.58,2,TE,F,BRA,SCCACCM,ERTMS_L2,SI,PC22,D4L,FI,,
90565,LERCARA DIRAMAZIONE,90580,MARCATOBIANCO,C177,5.48,1,TE,CS,BCA,CTC,SCMT,SI,FS,C3L,PA,,0275A
16520,PINAROLO PO,16523,BARBIANELLO,F005,2.81,1,TE,F,BCA,SCCACCM,SCMT,SI,PC45,C3L,MI,,
72930,DUOMO-VIA VERNIERI,69940,SALERNO,C146,1.1,2,TE,CS,BCA,DC,SCMT,SI,PC22,D4,NA,,
51080,MASSAROSA-BOZZANO,51090,NOZZANO,C113,6.09,1,TE,CS,BCA,CTC,SCMT,SI,FS,D4,FI,,
74600,MONTENERO-PETACCIATO,74640,TERMOLI,F067,12.4,2,TE,F,BCAB,SCC,SCMT,SI,PC80,D4,AN,,P223
88620,TARGIA,88660,SIRACUSA,C171,6.6,2,TE,CS,BAB-CF,SCC,SCMT,SI,PC22,C3L,PA,,
21860,BIVIO P.C. FENILONE,23870,DIRAMAZIONE VR SC-VR PN,F023,2.04,2,TE,F,BAB-CF,SCC,SCMT,SI,PC80,D4,VR,,P222
56450,SULMONA,66600,SULMONA-INTRODACQUA,C229,2.96,1,TD,CST,ALT,DU,SSC,NO,FS,C3L,AN,B,
41120,MONSELICE,41160,S.ELENA-ESTE,F031,5.89,2,TE,F,BAB-CC,DC,SCMT,SI,PC80,D4L,VE,,P223
60940,S.MARINELLA,60980,S.SEVERA,F051,9.47,2,TE,F,BAB-CC,SCC,SCMT,SI,PC32,D4L,RM,,
73640,CONZA-ANDRETTA-CAIRANO,73631,SANZANO-OCCHINO,C223,5.77,1,TD,CST,BCA,CTC,SSC,NO,FS,<A,NA,B,
48260,P.M. RIGUTINO FRASSINETO,48300,CASTIGLION FIORENTINO,F053,5.71,2,TE,F,BAB-CC,CTC,SCMT,SI,PC22,D4L,FI,,
59600,P.M. CITTA' DELLA PIEVE,59604,DEV.INT.LL/DDcpv,F055,0.0,2,TE,F,BAB-CC,CTC,SCMT,SI,PC22,D4L,FI,,
56450,SULMONA,56470,DEV.ESTR.LATO PESCARA,C125,5.58,1,TE,CS,BCA,CTC,SCMT,SI,PC22,C3L,AN,,
33061,DEV.E. LATO UDINE,33064,CERVIGNANO SMISTAMENTO F.P.,C095,1.38,2,TE,CS,BAB-CF,DC,SCMT,SI,PC80,D4L,TS,,
02780,BORGO TICINO,02785,VARALLO POMBIA,C022,2.85,1,TE,CS,BCA,DL,SCMT,SI,PC50,D4L,TO,,
73640,CONZA-ANDRETTA-CAIRANO,73680,CALITRI-PESCOPAGANO,C223,8.04,1,TD,CST,BCA,CTC,SSC,NO,FS,<A,NA,B,
05060,BORGOFRANCO,05100,MONTALTO DORA,C002,2.74,1,TD,CS,BCA,CTC,SCMT,NO,FS,C3L,TO,,P123
57763,PERUGIA CAPITINI,57764,PERUGIA UNIVERSITA',C127,1.99,1,TE,CS,BCA,CTC,SCMT,NO,FS,C3L,AN,,0334
37200,ALTARE,37280,S.GIUSEPPE DI CAIRO,C093,6.05,1,TE,CS,BCA,SCC,SCMT,NO,PC32,C3L,GE,,
63300,TAGLIACOZZO,63260,SANTE MARIE,C132,4.46,1,TE,CS,BCA,SCCACCM,SCMT,SI,PC22,C3L,RM,,
60760,CHIARONE,60800,MONTALTO DI CASTRO,F051,15.12,2,TE,F,BAB-CC,SCC,SCMT,SI,PC32,D4,FI,,
69660,S.MARIA LA BRUNA,69665,TORRE ANNUNZIATA CITTA',F073,3.66,2,TE,F,BAB-CC,DC,SCMT,SI,PC25,D4L,NA,,
28350,S.TROVASO,28360,PREGANZIOL,F037,2.47,2,TE,F,BAB-CC,SCC,SCMT,SI,PC80,D4L,VE,,
85700,ROMETTA MESSINESE,85725,SPADAFORA,C175,2.24,2,TE,CS,BAB-CC,SCC,SCMT,SI,PC22,C3,PA,,
37480,POZZOLO FORMIGARO,37450,BIVIO POZZOLO F.,,4.44,1,TE,F,BA-CC,SCCACCM,SCMT,SI,PC32,D4L,GE,,P234
26082,SEGN. CONFINE RENO OVEST,26088,P.M. RENO,A005,0.57,2,TE,F,BRA,SCCACCM,ERTMS_L2,SI,PC80,D4,BO,,
15257,SANGIANO,15260,BESOZZO,F015,4.37,1,TE,F,BCA,CTC,SCMT,SI,PC80,D4L,MI,,
54800,SILVI,54840,MONTESILVANO,F067,5.85,2,TE,F,BAB-CC,SCC,SCMT,SI,PC80,D4,AN,,
58265,GAGLIOLE,58300,CASTELRAIMONDO-CAMERINO,C126,2.06,1,TD,CS,BCA,CTC,SCMT,NO,FS,C3L,AN,,P147
12900,MONZA,12940,SESTO S.GIOVANNI,N002,4.88,2,TE,N,BAB-CC,SCCACCM,SCMT,SI,PC80,D4,MI,,P222
34080,RONCO SCRIVIA,34600,MIGNANEGO,F019,8.8,2,TE,F,BAB-CC,SCC,SCMT,SI,PC22,D4L,GE,,
87440,SCALETTA ZANCLEA,87480,ALI' TERME,C169,6.03,1,TE,CS,BCA,SCC,SCMT,SI,PC22,C3,PA,,0249
13700,MILANO ROGOREDO,15136,MILANO ROGOREDO DEV.I,N002,1.83,2,TE,N,BAB-CC,SCCACCM,SCMT,SI,PC80,D4,MI,,
13460,ROVATO,18460,COCCAGLIO,C048,2.09,1,TE,CS,BCA,DC,SCMT,NO,PC22,C3L,MI,,
34955,IMPERIA,34945,PES COSTARAINERA,F009,7.5,2,TE,F,BAB-CC,SCCACCM,SCMT,SI,PC22,D4,GE,,
68140,NAPOLI CAMPI FLEGREI,68161,NAPOLI PIAZZA LEOPARDI,N008,0.45,2,TE,N,BA-CC,SCC,SCMT,SI,PC22,C3,NA,,
60800,MONTALTO DI CASTRO,60840,TARQUINIA,F051,15.37,2,TE,F,BAB-CC,SCC,SCMT,SI,PC32,D4,RM,,
20985,CASSAGO-NIBIONNO-BULCIAGO,21060,COSTA MASNAGA,C042,2.43,1,TD,CS,BEM,DC,SCMT,NO,FS,C3L,MI,,
67627,PM MADDALONI,68601,DEV.EST.LATO CANCELLO,F061,3.11,2,TE,F,BAB-CC,SCCACCM,SCMT,SI,PC45,C3,NA,,0099A|0099B|0279A|0279B|0281|0284
03320,GAMALERO,03360,SEZZADIO,C018,2.18,1,TE,CS,BCA,CTC,SCMT,NO,PC32,D4L,TO,,
74190,P.M. S.GIOVANNI,74210,P.M. S.ANGELO,A001,20.91,2,TE25,F,BRA,SCC,ERTMS_L2,SI,PC80,D4,RM,,P224
71150,P.M. OVEST,71185,MADDALONI MARCIANISE SM. UM 1,F061,2.86,2,TE,F,BAB-CC,SCC,SCMT,SI,PC45,D4,NA,,
67040,VASTOGIRARDI,67080,CAROVILLI-ROCCASICURA,C229,5.37,1,TD,CST,ALT,DU,SSC,NO,FS,C3L,AN,B,
74100,P.M. SALONE,74120,P.M. LABICO,A001,24.22,2,TE25,F,BRA,SCC,ERTMS_L2,SI,PC80,D4,RM,,P224
25103,POVO-MESIANO,25140,PERGINE,C232,8.6,1,TD,CST,BCA,CTC,SCMT,NO,FS,C3,VR,,P128
69080,CORSANO,69120,MONTECALVO-BUONALBERGO-CASALBORE,F071,8.79,1,TE,F,BCA,CTC,SCMT,SI,PC22,C3L,NA,,
56865,LABRO-MOGGIO,56900,GRECCIO,C231,5.62,1,TD,CST,BCA,CTC,SSC,NO,FS,C3L,AN,,P210A
22862,DEV. ESTREMO BOLZANO,25028,BOLZANO SUD,C068,2.3,1,TE,CS,BCA,CTC,SCMT,NO,FS,C3,VR,,P224
95425,SU CANALE,95380,MONTI-TELTI,C185,8.9,1,TD,CS,BCA,CTC,SCMT,NO,PC30,C3L,CA,,
63740,PREZZA,63700,GORIANO-SICOLI,C131,7.04,1,TE,CS,BCA,DC,SCMT,SI,PC22,C3L,RM,,A2001B|A2004E
18423,COLOGNE,18460,COCCAGLIO,C048,3.73,1,TE,CS,BCA,SCCACCM,SCMT,NO,PC22,C3L,MI,,
82220,MONTEGIORDANO,82260,ROSETO-CAPO SPULICO,C160,7.95,1,TE,CS,BCA,CTC,SCMT,SI,PC45,C3,RC,,
39790,OSTERIA NUOVA,39800,P.M. TAVERNELLE EMILIA,F029,1.25,2,TE,F,BAB-CC,CTC,SCMT,SI,PC80,D4,BO,,P224
30140,MONTEBELLUNA,30435,TREVIGNANO-SIGNORESSA,C083,4.97,1,TE,CS,BCA,CTC,SCMT,NO,FS,C3L,VE,,
59080,1° BIVIO ORVIETO NORD,59084,SEGN.CONF.ORVIETO N.,F055,0.97,2,TE,F,BRA,SCCACCM,ERTMS_L2,SI,PC22,D4L,FI,,
51200,TASSIGNANO CAPANNORI,51240,PORCARI,C116,3.93,1,TE,CS,BCA,CTC,SCMT,SI,FS,D4,FI,,
26028,"SEGN. CONFINE KM 2,860",26029,2° BIVIO PP FIDENZA OVEST,A005,0.84,2,TE,F,BAB-CF,SCCACCM,SCMT,SI,PC80,D4,BO,,
45180,VEZZANO LIGURE,45220,BIVIO P.C. ARCOLA,F045,2.17,2,TE,F,BAB-CC,SCC,SCMT,SI,PC32,D4,FI,,
37920,ROSSIGLIONE,37960,CAMPO LIGURE-MASONE,C098,5.43,1,TE,CS,BCA,SCC,SCMT,SI,PC45,D4L,GE,,P198
52040,GHIVIZZANO-COREGLIA,52080,BAGNI DI LUCCA,C119,4.7,1,TD,CS,BCA,CTC,SCMT,NO,FS,C3L,FI,,
56495,SULMONA S.RUFINA,57590,DEV. ESTR.LATO TERNI,,0.0,1,TD,CS,ALT,DL,SCMT,SI,FS,C3L,AN,,
15340,MORNAGO-CIMBRO,15343,BESNATE,F015,4.36,1,TE,F,BCA,CTC,SCMT,SI,PC80,D4L,MI,,
54042,PALOMBINA,54050,ANCONA TORRETTE,F063,2.25,2,TE,F,BAB-CC,SCC,SCMT,SI,PC80,D4L,AN,,
74232,"SEGN. CONFINE KM 3,326",74240,1° BIVIO CASSINO SUD,A001,3.33,2,TE25,F,BRA,SCC,ERTMS_L2,SI,PC80,D4,NA,,
24655,BRUNICO NORD,24650,PERCA-PLAN DE CORONES,C067,5.11,1,TE,CS,BCA,CTC,SCMT,NO,PC80,D4L,VR,,
54160,OSIMO-CASTELFIDARDO,54200,LORETO,F067,8.31,2,TE,F,BAB-CC,SCC,SCMT,SI,PC80,D4,AN,,
34007,BIVIO P.C. SCAVALCAMENTO,34020,RIGOROSO,F019,1.11,2,TE,F,BAB-CC,SCC,SCMT,SI,PC22,D4L,GE,,
21323,BRENNA-ALZATE,21320,ANZANO DEL PARCO,C041,2.1,1,TD,CS,BCA,DL,SCMT,NO,PC22,D4L,MI,,P198
01360,TRONZANO,01400,SANTHIA',F011,2.54,2,TE,F,BAB-CC,DC,SCMT,SI,PC80,D4,TO,,
72295,ARBOSTELLA,72300,ARECHI,C147,1.06,1,TE,CS,ALT,SPO,SCMT,SI,FS,C3,NA,,I177
58145,URBISAGLIA-SFORZACOSTA,58142,MACERATA FONTESCODELLA,C126,5.09,1,TD,CS,BCA,CTC,SCMT,NO,FS,C3L,AN,,P147
18579,CAPRALBA,18600,CASALETTO VAPRIO,C057,3.93,1,TE,CS,BCA,CTC,SCMT,NO,PC45,C3L,MI,,
62140,ROMA CASILINA,61460,CAPANNELLE,N007,5.72,2,TE,N,BAB-CC,DC,SCMT,SI,PC32,D4,RM,,P053
48650,BIVIO P.C. SAMMINIATELLO,48660,MONTELUPO-CAPRAIA,F049,1.68,2,TE,F,BAB-CC,CTC,SCMT,SI,PC80,D4,FI,,P076
77620,SQUINZANO,77660,TREPUZZI,C151,4.2,2,TE,CS,BAB-CC,SCCACCM,SCMT,SI,PC80,D4,BA,,
77116,BARI LOSETO,77119,BITRITTO,,1.41,1,TE,CS,BCA,SCC,SCMT,SI,PC22,C3,BA,,
68387,DEV.INT.NAPOLI C.LE,71200,"DEV.EST.NA C.LE (DEV.Km 0,894)",N008,0.37,2,TE,N,BA-CF,SCC,SCMT,SI,FS,D4,NA,,
93100,LICATA,93160,FALCONARA,C210,10.97,1,TD,CST,BCA,CTC,SCMT,SI,FS,C3L,PA,,
45143,CA' DI BOSCHETTI,45180,VEZZANO LIGURE,F045,2.6,1,TE,F,BA-CC,SCC,SCMT,SI,PC32,D4,FI,,
03280,CANTALUPO,10203,"CIPPO KM 0/8,356",C206,0.87,1,TD,CST,BCA,DL,SSC,NO,FS,C3L,TO,B,
30100,CORNUDA,30140,MONTEBELLUNA,C078,7.27,1,TE,CS,BCA,CTC,SCMT,NO,FS,C3L,VE,,
50065,SCORCETOLI,50140,FILATTIERA,F047,2.51,1,TE,F,BCA,CTC,SCMT,SI,PC22,C3L,FI,,
16920,ARENA PO,16940,CASTEL S.GIOVANNI,F021,6.65,2,TE,F,BCAB,SCCACCM,SCMT,SI,PC45,D4L,MI,,
03720,PIANA,03760,DEGO,C019,4.58,1,TE,CS,BCA,CTC,SCMT,NO,PC32,C3,TO,,
13640,MILANO LAMBRATE,14779,MILANO CENTRALE,N002,3.8,2,TE,N,BAB-CC,SCCACCM,SCMT,SI,PC45,D4,MI,,
62900,MARCELLINA PALOMBARA,62940,TIVOLI,C132,5.89,1,TE,CS,BCA,SCCACCM,SCMT,SI,PC22,C3L,RM,,
88860,CANICATTI',88900,CASTROFILIPPO,C201,9.26,1,TE,CST,BCA,CTC,SCMT,NO,FS,B2L,PA,,
76580,CASTELLANETA,76660,PALAGIANELLO,C159,5.2,2,TE,CS,BCAB,SCC,SCMT,SI,PC45,D4L,BA,,
72640,MATRICE-MONTAGANO-S.GIOVANNI IN GALDO,72645,S.MICHELE,C230,10.7,1,TD,CST,BCA,CTC,SCMT,NO,FS,C3L,NA,,P246
80020,CELLE BULGHERIA-ROCCAGLORIOSA,80025,TORRE ORSAIA,F075,7.6,2,TE,F,BAB-CC,CTC,SCMT,SI,PC32,D4L,RC,,
09937,ECA NASAGO',09940,ORMEA,C208,4.65,1,TD,CST,ALT,SPO,SSC,NO,FS,B2L,TO,B,
79940,PISCIOTTA-PALINURO,79980,P.M. S.MAURO LA BRUCA,F075,5.14,2,TE,F,BAB-CC,CTC,SCMT,SI,PC32,D4L,RC,,
19840,GHEDI,19880,VIADANA BRESCIANA,C065,5.69,1,TD,CS,BCA,CTC,SCMT,NO,PC22,C3L,MI,,
60458,P.M. NORD ROMA SMISTAMENTO,60463,NUOVO SALARIO,N007,1.71,2,TE,N,BAB-CC,SCCACCM,SCMT,SI,PC32,C3,RM,,
72211,LANZARA-FIMIANI,72200,CASTEL S.GIORGIO-ROCCAPIEMONTE,C216,1.18,1,TE,CST,BCA,CTC,SCMT,SI,FS,C3L,NA,,I173
84900,S.MARCO-ROGGIANO,84940,MONGRASSANO-CERVICATI,C168,8.48,1,TE,CS,BCA,CTC,SCMT,SI,PC45,C3,RC,,
95220,MADONNA DI CASTRO,95260,OSCHIRI,C185,9.41,1,TD,CS,BCA,CTC,SCMT,NO,PC30,C3L,CA,,
22060,S.BONIFACIO,22100,LONIGO,F025,5.73,2,TE,F,BAB-CC,SCCACCM,SCMT,SI,PC80,D4,VR,,
16740,VOGHERA,16700,PONTECURONE,F005,7.46,2,TE,F,BAB-CC,DC,SCMT,SI,PC45,D4L,MI,,P133
66640,PETTORANO SUL GIZIO,66642,CANSANO SCAVI DI OCRITICUM,C229,9.15,1,TD,CST,ALT,DU,SSC,NO,FS,C3L,AN,B,
03280,CANTALUPO,33835,AL CAVALCAVIA,C016,6.93,2,TE,CS,BCAB,CTC,SCMT,NO,PC32,D4L,TO,,
80885,CURINGA,80920,ECCELLENTE,F077,4.3,2,TE,F,BAB-CC,CTC,SCMT,SI,PC45,D4L,RC,,P140
16440,VERDELLO-DALMINE,16450,LEVATE,C051,2.27,2,TE,CS,BAB-CC,SCCACCM,SCMT,NO,PC80,D4L,MI,,
00735,GRUGLIASCO,00740,BIVIO PRONDA,N001,1.01,2,TE,N,BAB-CC,SCCACCM,SCMT,SI,PC45,D4,TO,,
66543,CAPOCROCE,66547,FRASSO,C222,4.09,1,TE,CST,ALT,SPO,SCMT,NO,FS,C3L,RM,B,P200
61860,CECCANO,61863,CASTRO-POFI-VALLECORSA,F061,8.65,2,TE,F,BAB-CC,DC,SCMT,SI,PC32,D4,RM,,
74260,P.M. TORA-PICCILLI,74280,P.C. PIGNATARO,A001,20.64,2,TE25,F,BRA,SCC,ERTMS_L2,SI,PC80,D4,NA,,P224
17020,S.NICOLO',38460,PIACENZA,F021,8.39,2,TE,F,BCA,SCCACCM,SCMT,SI,PC45,D4L,MI,,
37830,VISONE,37840,PRASCO-CREMOLINO,C017,4.33,1,TE,CS,BCA,SCC,SCMT,SI,FS,C3L,GE,,P198
56450,SULMONA,57590,DEV. ESTR.LATO TERNI,C231,4.24,1,TD,CST,BCA,CTC,SSC,NO,FS,C3L,AN,,
25920,SOLIERA MODENESE,25927,QUATTRO VILLE,C072,3.55,1,TE,CS,BCA,CTC,SCMT,NO,PC45,D4L,BO,,
57300,L'AQUILA,57330,BAZZANO,C231,5.7,1,TD,CST,BCA,CTC,SSC,NO,FS,C3L,AN,,P210A
88300,LENTINI DIRAMAZIONE,92380,SCORDIA,C172,13.62,1,TD,CS,BCA,CTC,SCMT,SI,PC22,C3L,PA,,
52360,CASTELFIORENTINO,52400,CERTALDO,C121,8.61,2,TD,CS,BCAB,CTC,SCMT,SI,FS,D4,FI,,P101
65267,APPIANO PROBA PETRONIA,65268,DEV.DIR.V.CLARA,N007,0.0,2,TE,N,BAB-CC,SCCACCM,SCMT,SI,FS,C3L,RM,,
76285,DEV.INNESTO BARI PARCO NORD,76256,DEV.ESTR.BARI C.LE,C158,1.94,1,TE,CS,BCA,DC,SCMT,SI,PC45,D4,BA,,
56300,CASTELPLANIO-CUPRAMONTANA,56340,MONTECAROTTO-CASTELBELLINO,F065,5.77,2,TE,F,BCAB,CTC,SCMT,SI,PC45,D4L,AN,,
20100,CASALMAGGIORE,20103,MEZZANI-RONDANI,C066,3.94,1,TD,CS,BCA,CTC,SCMT,NO,PC22,C3L,MI,,
74300,1° BIVIO CASERTA NORD,74322,"SEGN. CONFINE KM 5,619",A001,5.62,2,TE25,F,BRA,SCC,ERTMS_L2,SI,PC80,D4,NA,,
96015,VILLASPECIOSA-UTA,94180,DECIMOMANNU,C189,2.26,1,TD,CS,BCA,CTC,SCMT,NO,FS,D4L,CA,,
62340,LATINA,62380,SEZZE ROMANO,F057,9.2,2,TE,F,BA-CC,DC,SCMT,SI,PC30,C3,RM,,P224
08460,CANDIOLO,08500,NONE,C008,5.38,1,TE,CS,BCA,DL,SCMT,NO,FS,D4L,TO,,
83520,S.CATERINA DELLO JONIO,83560,GUARDAVALLE,C162,5.64,1,TD,CS,BCA,CTC,SCMT,SI,PC32,C3L,RC,,P245
87840,FIUMEFREDDO SICILIA,87880,MASCALI,C169,4.88,2,TE,CS,BA-CC,SCC,SCMT,SI,PC22,C3,PA,,
09603,PIEVE ALBIGNOLA,09600,SANNAZZARO,C028,4.45,1,TD,CS,BCA,CTC,SCMT,NO,FS,D4L,TO,,
12300,MAGENTA,12305,CORBETTA-S.STEFANO TICINO,F011,3.27,2,TE,F,BAB-CC,SCCACCM,ERTMS_L2_SOVR,SI,PC80,D4,MI,,
19120,ACQUANEGRA CREMONESE,19160,CAVA TIGOZZI,C061,5.56,1,TE,CS,BCA,CTC,SCMT,SI,PC45,D4L,MI,,
27620,QUARTO D'ALTINO,27580,MEOLO,F035,8.18,2,TE,F,BCAB,SCC,SCMT,SI,PC80,D4L,VE,,0365A
35998,DEV.ESTR.LATO GE.P.P.,36000,GENOVA BRIGNOLE,N004,1.45,2,TE,N,BA-CC,DC,SCMT,SI,PC22,D4,GE,,
49765,P.P.OSTERIAZZA,49780,P.C. CITERNA-TARO,F047,5.99,2,TE,F,BCAB,CTC,SCMT,SI,PC22,C3L,FI,,
08365,VIEVOLA,08370,TENDE,C010,8.18,1,TD,CS,BCA,CTC,SCMT,NO,FS,C3L,TO,,
10220,BRUNO,10225,CASTELNUOVO BELBO,C206,1.45,1,TD,CST,BCA,DL,SSC,NO,FS,C3L,TO,B,
00880,BIVIO CROCETTA,00885,TORINO PORTA SUSA,N001,1.8,2,TE,N,BAB-CC,SCCACCM,SCMT,SI,PC80,D4,TO,,
73200,ISERNIA,73240,S.AGAPITO-LONGANO,C141,6.52,1,TE,CS,BCA,CTC,SCMT,NO,FS,C3L,NA,,P246
41400,PONTELAGOSCURO,41440,FERRARA,F031,3.46,2,TE,F,BAB-CC,DC,SCMT,SI,PC80,D4,BO,,P223
19465,OSPITALETTO MANTOVANO,19500,CASTELLUCCHIO,C063,3.75,1,TE,CS,BCA,CTC,SCMT,SI,PC45,D4,MI,,I178A
57762,PERUGIA SILVESTRINI,57763,PERUGIA CAPITINI,C127,2.56,1,TE,CS,BCA,CTC,SCMT,NO,FS,C3L,AN,,0334
00460,BORGONE,00500,S.ANTONINO-VAIE,F001,3.53,2,TE,F,BAB-CC,DC,SCMT,SI,PC45,D4,TO,,P215
24205,BOSCHI S.ANNA,24240,BEVILACQUA,C213,3.08,1,TE,CST,BCA,CTC,SCMT,SI,PC80,D4L,VR,,
38800,S.ILARIO D'ENZA,38880,REGGIO EMILIA,F041,17.44,2,TE,F,BAB-CC,DC,SCMT,SI,PC45,D4,BO,,
66960,CASTEL DI SANGRO,67000,S.PIETRO AVELLANA-CAPRACOTTA,C229,9.64,1,TD,CST,ALT,DU,SSC,NO,FS,C3L,AN,B,
77440,PISTICCI,77480,BERNALDA,C155,12.2,1,TE,CS,BCA,CTC,SCMT,SI,PC25,C3,BA,,
54650,TORTORETO LIDO,54680,GIULIANOVA,F067,6.38,2,TE,F,BAB-CC,SCC,SCMT,SI,PC80,D4,AN,,
54480,CUPRAMARITTIMA,54520,GROTTAMMARE,F067,3.39,2,TE,F,BAB-CC,SCC,SCMT,SI,PC80,D4,AN,,
34000,ARQUATA SCRIVIA,34480,CASSANO SPINOLA,F005,8.66,2,TE,F,BA-CC,DC,SCMT,SI,PC22,D4L,GE,,
01680,NOVARA,11130,NOVARA BOSCHETTO,C024,0.34,1,TE,F,ALT,DL,SCMT,SI,PC80,D4,TO,,
53735,RIMINI MIRAMARE,53740,RICCIONE,F063,4.76,2,TE,F,BAB-CC,SCCACCM,SCMT,SI,PC80,D4L,AN,,
82800,CIRO',82840,TORRE MELISSA,C161,7.3,1,TD,CS,BCA,CTC,SCMT,SI,PC32,C3L,RC,,P245
56845,P.M. STRONCONE,56860,MARMORE,C231,8.61,1,TD,CST,BCA,CTC,SSC,NO,FS,C3L,AN,,P210A
08907,CANDELO,08940,BIELLA S.PAOLO,C244,2.94,1,TE,CSP,BCA,DL,SCMT,NO,FS,C3L,TO,,
45835,PISA DEV. TAGLIAFERRO,45880,BIVIO MORTELLINI,F051,4.79,2,TE,F,BAB-CC,SCC,SCMT,SI,PC80,D4,FI,,
24900,LANA POSTAL,24924,GARGAZZONE,C068,3.81,1,TE,CS,BCA,CTC,SCMT,NO,FS,C3,VR,,
63340,SCURCOLA MARSICANA,63303,VILLA S.SEBASTIANO,C132,3.05,1,TE,CS,BCA,SCCACCM,SCMT,SI,PC22,C3L,RM,,
62140,ROMA CASILINA,62180,TORRICOLA,N007,7.94,2,TE,N,BAB-CC,SCCACCM,SCMT,SI,PC32,C3,RM,,
30545,ROSA',30543,ROSSANO VENETO,C089,2.17,1,TE,CS,BCA,SCC,SCMT,NO,FS,C3L,VE,,
18303,ALBANO S.ALESSANDRO,18340,MONTELLO-GORLAGO,C048,3.59,1,TE,CS,BCA,SCCACCM,SCMT,NO,PC22,C3L,MI,,
77880,CANDELA-S.AGATA DI PUGLIA,77920,ROCCHETTA S.ANTONIO-LACEDONIA,C153,10.94,1,TD,CS,BCA,CTC,SCMT,SI,PC45,C3L,BA,,1674
01685,DEV.ESTR. NOVARA LATO MILANO,01760,TRECATE,F011,8.76,2,TE,F,BAB-CC,SCCACCM,ERTMS_L2_SOVR,SI,PC80,D4,TO,,
03980,VILLASTELLONE,04020,CARMAGNOLA,C011,8.35,2,TE,CS,BAB-CC,SCCACCM,SCMT,NO,PC45,D4L,TO,,
43440,LIDO DI CLASSE-LIDO DI SAVIO,43480,CERVIA-MILANO M.MA,C102,7.61,1,TE,CS,BCA,CTC,SCMT,SI,PC32,D4L,BO,,
54440,PEDASO,54480,CUPRAMARITTIMA,F067,8.05,2,TE,F,BAB-CC,SCC,SCMT,SI,PC80,D4,AN,,
09310,FARA,09307,BRIONA,C035,2.13,1,TD,CS,BCA,DL,SSC,NO,FS,D4L,TO,,
22440,VIPITENO VAL DI VIZZE,22480,CAMPO DI TRENS,F027,4.92,2,TE,F,BAB-CC,SCC,SCMT,SI,PC80,D4L,VR,,P224
47540,FIRENZE CAMPO DI MARTE,97263,LE CURE (IL CIONFO),N006,1.2,1,TD,N,BCA,SCCACCM,SCMT,SI,FS,D4L,FI,,
51533,CALENZANO,51537,PRATIGNONE,F043,1.53,2,TE,F,BAB-CC,DC,SCMT,SI,PC80,D4,FI,,P076
84480,REGGIO DI CALABRIA S.GREGORIO,84482,REGGIO C. AEROPORTO,C162,1.01,2,TE,CS,BCAB,CTC,SCMT,SI,PC32,C3,RC,,
62782,P.M. LUNGHEZZA ANIENE,62780,LUNGHEZZA,N007,0.44,2,TE,N,BAB-CC,SCC,SCMT,SI,PC22,C3L,RM,,
48020,PONTICINO,48100,2° BIVIO AREZZO NORD,F053,11.5,2,TE,F,BAB-CC,CTC,SCMT,SI,PC22,D4L,FI,,
22862,DEV. ESTREMO BOLZANO,22865,LAIVES,F027,5.83,2,TE,F,BAB-CC,SCC,SCMT,SI,PC80,D4,VR,,P224
78820,VILLA CASTELLI,78860,FRANCAVILLA FONTANA,C157,9.2,1,TE,CS,BCA,CTC,SCMT,SI,PC45,C3,BA,,
24540,VILLABASSA-BRAIES-VAL DI BRAIES,24580,MONGUELFO,C067,5.05,1,TE,CS,BCA,CTC,SCMT,NO,PC80,D4L,VR,,
27120,VIGONZA-PIANIGA,27160,DOLO,F033,4.11,2,TE,F,BAB-CC,SCC,SCMT,SI,PC80,D4,VE,,
11040,P.M. CIGLIANO,11045,"SEGN. CONFINE KM 5,152",A003,5.15,2,TE25,F,BRA,SCCACCM,ERTMS_L2,SI,PC80,D4,TO,,
11800,SESTO CALENDE,15780,CASTELLETTO TICINO,C036,2.07,1,TE,CS,BCA,DL,SCMT,SI,PC80,D4L,MI,,
77160,POTENZA CENTRALE,77200,VAGLIO BASILICATA,C155,7.45,1,TE,CS,BCA,CTC,SCMT,SI,PC25,C3,BA,,
35380,CERIALE,35400,BORGHETTO S.SPIRITO,F009,1.3,2,TE,F,BCA,DC,SCMT,SI,PC22,D4,GE,,
11035,"SEGN. CONFINE KM 0,938",11040,P.M. CIGLIANO,A003,30.86,2,TE25,F,BRA,SCCACCM,ERTMS_L2,SI,PC80,D4,TO,,
75560,BARI PARCO NORD,75600,BARI CENTRALE,C150,2.97,1,TE,F,BA-CF,DC,SCMT,SI,PC45,D4,BA,,
71665,PESCOSANNITA-FRAGNETO-L' ABATE,71671,CESE,C202,3.29,1,TD,CST,BCA,CTC,SSC,NO,FS,C3L,NA,B,
81920,NICOTERA,81880,JOPPOLO,F077,5.29,1,TE,F,BCA,CTC,SCMT,SI,FS,C3,RC,,
83640,RIACE,83680,CAULONIA,C162,7.34,1,TD,CS,BCA,CTC,SCMT,SI,PC32,C3L,RC,,P245
36110,BOGLIASCO,36115,PONTETTO,F045,0.9,2,TE,F,BAB-CC,SCC,SCMT,SI,PC22,D4L,GE,,
10480,MONTICELLO D'ALBA,10520,S.VITTORIA,C206,4.19,1,TE,CST,BCA,DL,SCMT,NO,FS,C3L,TO,,
46462,DEV.LINEA PIOMBINO,46480,CAMPIGLIA MARITTIMA,F051,1.07,2,TE,F,BAB-CC,SCC,SCMT,SI,PC80,D4,FI,,
45220,BIVIO P.C. ARCOLA,50354,"DEV.U.KM 109,489",F047,1.77,2,TE,F,BAB-CC,SCC,SCMT,NO,PC80,D4,FI,,
19340,TORRE DE' PICENARDI,19380,PIADENA,C062,6.7,1,TE,CS,BCA,CTC,SCMT,SI,PC45,D4L,MI,,
74280,P.C. PIGNATARO,74300,1° BIVIO CASERTA NORD,A001,3.3,2,TE25,F,BRA,SCC,ERTMS_L2,SI,PC80,D4,NA,,P224
29700,LONGARONE-ZOLDO,29710,FAE'-FORTOGNA,C076,3.28,1,TD,CS,BCA,CTC,SSC,NO,FS,C3L,VE,,
08360,LIMONE,08362,CONFINE ITA-FRA (LIMONE),C010,5.85,1,TD,CS,BCA,CTC,SCMT,NO,FS,C3L,TO,,
20980,BESANA,20983,RENATE-VEDUGGIO,C042,3.37,1,TD,CS,BEM,DC,SCMT,NO,FS,C3L,MI,,
67430,2° BIVIO CASERTA NORD,74322,"SEGN. CONFINE KM 5,619",A001,0.48,2,TE,F,BAB-CC,SCC,SCMT,SI,PC80,D4,NA,,
78940,LATIANO,78980,MESAGNE,C157,7.24,1,TE,CS,BCA,SCCACCM,SCMT,SI,PC45,C3,BA,,
30060,PEDEROBBA-CAVASO-POSSAGNO,30070,LEVADA,C078,4.71,1,TE,CS,BCA,CTC,SCMT,NO,FS,C3L,VE,,
14660,QUADRIVIO P.C. TURRO,16355,BIVIO P.C. MIRABELLO,N002,1.56,2,TE,N,BAB-CC,SCCACCM,SCMT,SI,PC45,C3L,MI,,P054
02140,ASTI,02200,CASTELLO D'ANNONE,F003,9.4,2,TE,F,BAB-CC,DC,SCMT,SI,PC32,D4,TO,,P131
39845,P. M. SANTA VIOLA,43720,BOLOGNA BORGO PANIGALE,N005,0.77,2,TE,N,BCAB,CTCACCM,SCMT,SI,FS,C3L,BO,,
93280,DIRILLO,93320,ACATE,C173,4.94,1,TD,CS,BCA,CTC,SCMT,NO,FS,B2,PA,,
25260,RONCEGNO BAGNI-MARTER,25300,BORGO VALSUGANA,C232,4.72,1,TD,CST,BCA,CTC,SCMT,NO,FS,C3,VR,,P128
56470,DEV.ESTR.LATO PESCARA,56480,PRATOLA PELIGNA,C125,5.58,1,TE,CS,BCA,CTC,SCMT,SI,PC22,C3L,AN,,
63420,AVEZZANO,63380,CAPPELLE-MAGLIANO,C132,5.33,1,TE,CS,BCA,SCCACCM,SCMT,SI,PC22,C3L,RM,,
21940,VERONA PORTA VESCOVO,21980,S.MARTINO BUON ALBERGO,F025,6.01,2,TE,F,BAB-CC,SCCACCM,SCMT,SI,PC80,D4,VR,,
94500,MARRUBIU-TERRALBA-ARBOREA,94540,S.ANNA,C187,6.6,1,TD,CS,BCA,CTC,SCMT,NO,PC30,D4,CA,,P254A
67640,CANCELLO,70865,BIVIO NOLA,C143,4.18,2,TE,CS,BAB-CC,SCC,SCMT,NO,PC45,D4L,NA,,
36700,CORNIGLIA,36705,MANAROLA,F045,1.97,2,TE,F,BAB-CC,SCC,SCMT,SI,PC22,D4L,GE,,
23620,BIVIO P.C. S.MASSIMO,23920,VERONA QUADRANTE EUROPA,F027,2.3,2,TE,F,BAB-CF,SCC,SCMT,SI,PC80,D4,VR,,
29710,FAE'-FORTOGNA,29740,PONTE NELLE ALPI-POLPET,C076,7.03,1,TD,CS,BCA,CTC,SSC,NO,FS,C3L,VE,,
43020,MONTESANTO,43060,PORTOMAGGIORE,C099,6.43,1,TE,CS,BCA,CTC,SCMT,SI,PC80,D4L,BO,,
56040,FOSSATO DI VICO-GUBBIO,56080,P.M. GALLERIA FOSSATO,F065,3.87,1,TE,F,BCA,CTC,SCMT,SI,PC45,D4L,AN,,
57920,ASSISI,57925,CANNARA,C127,5.63,1,TE,CS,BCA,CTC,SCMT,NO,FS,D4L,AN,,0334
61320,ROMA OSTIENSE,65810,ROMA TRASTEVERE,N007,1.53,2,TE,N,BAB-CC,SCCACCM,SCMT,SI,PC32,C3,RM,,P053
05100,MONTALTO DORA,05140,IVREA,C002,3.48,1,TD,CS,BCA,CTC,SCMT,NO,FS,C3L,TO,,P123
67085,PESCOLANCIANO-CHIAUCI,67160,SESSANO DEL MOLISE,C229,4.7,1,TD,CST,ALT,DU,SSC,NO,FS,C3L,AN,B,
83040,CUTRO,83080,S.LEONARDO DI CUTRO,C161,8.33,1,TD,CS,BCA,CTC,SCMT,SI,PC32,C3L,RC,,P245
06285,PALAZZOLO VERCELLESE,06320,TRINO VERCELLESE,C005,4.89,1,TE,CS,BCA,CTC,SCMT,NO,PC45,C3,TO,,
41240,ROVIGO,44475,CEREGNANO,C225,9.56,1,TD,CST,BCA,DL,SSC,NO,PC80,C3,VE,,
80625,BELMONTE CALABRO,80660,AMANTEA,F077,3.36,2,TE,F,BAB-CC,CTC,SCMT,SI,PC45,D4L,RC,,
39040,SAMOGGIA,39045,ANZOLA DELL'EMILIA,F041,4.39,2,TE,F,BAB-CC,SCCACCM,SCMT,SI,PC45,D4,BO,,P224
03480,ACQUI TERME,37830,VISONE,C017,2.6,1,TE,CS,BCA,SCC,SCMT,SI,FS,C3L,GE,,P198
71220,BIVIO SARNO,71230,P.M. TORRICCHIO,F073,2.66,2,TE,F,BAB-CC,SCCACCM,SCMT,SI,PC32,D4L,NA,,
36340,CHIAVARI,36380,LAVAGNA,F045,2.2,2,TE,F,BAB-CC,SCC,SCMT,SI,PC22,D4L,GE,,
19800,MONTIRONE,19840,GHEDI,C065,5.71,1,TD,CS,BCA,CTC,SCMT,NO,PC22,C3L,MI,,
93680,SAMPIERI,93720,POZZALLO,C174,9.96,1,TD,CS,BCA,SCCACCM,SSC,SI,FS,B2,PA,,
58345,CERRETO D'ESI,56180,ALBACINA,C126,3.85,1,TD,CS,BCA,CTC,SCMT,NO,FS,C3L,AN,,P147
21740,PESCHIERA DEL GARDA,21780,CASTELNUOVO DEL GARDA,F023,4.72,2,TE,F,BAB-CC,SCCACCM,SCMT,SI,PC80,D4,VR,,
46819,P.M. ROVEZZANO D.D.,47618,DEV.EST.PM ROVEZZANO L.L.,F053,0.81,1,TE,F,BAB-CC,SCCACCM,SCMT,SI,PC22,D4L,FI,,
93880,NOTO,93920,AVOLA,C174,6.5,1,TD,CS,BCA,SCCACCM,SSC,SI,FS,B2,PA,,
17128,PM BRESCIA OVEST,17131,SEGN. CONFINE BS,A009,12.34,2,TE,F,BRA,SCCACCM,ERTMS_L2,SI,PC80,D4,MI,,
60283,GAVIGNANO SABINO,60320,POGGIO MIRTETO,F053,4.31,2,TE,F,BAB-CC,SCCACCM,SCMT,SI,PC45,D4L,RM,,
91700,SPAGNUOLA,91740,MOZIA-BIRGI,C192,5.69,1,TD,CST,BCA,CTC,SCMT,NO,FS,C3L,PA,,
80780,GIZZERIA LIDO,80820,LAMEZIA TERME CENTRALE,F077,4.04,2,TE,F,BAB-CC,CTC,SCMT,SI,PC45,D4L,RC,,
11400,PREMOSELLO-CHIOVENDA,11440,CUZZAGO (Linea Domo-Mi),F013,3.69,2,TE,F,BA-CC,DC,SCMT,SI,PC50,D4,MI,,
68610,GS PM MADDALONI,68616,MONTE AGLIO OVEST PES,,0.0,2,TE,F,BAB-CC,SCCACCM,SCMT,SI,PC80,D4,NA,,0099A|0099B|0279A|0279B|0281|0284
99060,PONTE DI PIAVE,99100,ODERZO,C084,6.83,1,TE,CS,BCA,CTCACCM,SCMT,SI,PC80,D4L,VE,,
22120,P.C. MONTEBELLO,22140,MONTEBELLO,F025,0.62,2,TE,F,BAB-CC,SCCACCM,SCMT,SI,PC80,D4,VR,,0362A
16250,OSNAGO,16280,CARNATE-USMATE,C045,3.05,2,TE,CS,BAB-CF,DC,SCMT,NO,PC30,D4,MI,,
52400,CERTALDO,52440,BARBERINO VAL D'ELSA,C121,8.35,2,TD,CS,BCAB,CTC,SCMT,SI,FS,D4,FI,,P101
23120,LAVIS,23150,TRENTO RONCAFORT,F027,4.58,2,TE,F,BAB-CC,SCC,SCMT,SI,PC80,D4,VR,,P224
89323,PALERMO MAREDOLCE,89087,DEV.U.PALERMO EX BIVIO ORETO,C176,1.06,2,TE,CS,BA-CF,DC,SCMT,SI,FS,C3L,PA,,0036
71183,MADDALONI MARCIANISE SM. UM 1 PB 403,71189,MADDALONI MARCIANISE UM1 FA/FT,F061,1.42,2,TE,F,BAB-CC,SCC,SCMT,SI,PC45,D4,NA,,
35300,ALASSIO,35340,ALBENGA,F009,6.13,1,TE,F,BCA,SCCACCM,SCMT,SI,PC22,D4L,GE,,
17660,PIONA,17663,DORIO,C040,3.94,1,TE,CS,BCA,CTC,SCMT,NO,PC22,C3L,MI,,
82060,SCANZANO JONICO-MONTALBANO JONICO,82100,POLICORO-TURSI,C160,5.42,1,TE,CS,BCA,CTC,SCMT,SI,PC45,C3,RC,,
70920,PALMA-S.GENNARO,70960,SARNO,C143,8.64,2,TE,CS,BAB-CC,SCC,SCMT,NO,PC32,D4L,NA,,
53940,SENIGALLIA,53945,MARZOCCA,F063,6.87,2,TE,F,BAB-CC,SCCACCM,SCMT,SI,PC80,D4L,AN,,
83227,SELLIA MARINA,83240,SIMERI-CRICHI,C161,4.82,1,TD,CS,BCA,CTC,SCMT,SI,PC32,C3L,RC,,P245
06840,MONTEGROSSO,06860,AGLIANO-CASTELNUOVO CALCEA,C195,4.61,1,TE,CST,BCA,DL,SCMT,SI,FS,C3L,TO,,
72600,CAMPOLIETO-MONACILIONE,72640,MATRICE-MONTAGANO-S.GIOVANNI IN GALDO,C230,8.69,1,TD,CST,BCA,CTC,SSC,NO,FS,C3L,NA,,
78580,CASAL SABINI,78620,SANTERAMO,C224,10.7,1,TD,CST,ALT,DU,SSC,NO,FS,C3,BA,B,
09337,QUARONA,09327,BORGOSESIA,C035,5.92,1,TD,CS,ALT,SPO,SSC,NO,FS,<A,TO,A,
18720,SORESINA,18760,CASALBUTTANO,C057,8.85,1,TE,CS,BCA,CTC,SCMT,NO,PC45,C3L,MI,,
16546,MILANO DATEO,16538,MILANO PORTA VITTORIA,N002,1.16,2,TE,N,BA-CC,CTC,SCMT,SI,PC22,D4,MI,,
69541,PIETRARSA-S.GIORGIO A CREMANO,69580,PORTICI-ERCOLANO,N008,1.8,2,TE,N,BA-CC,DC,SCMT,SI,PC25,D4L,NA,,
64640,VITERBO PORTA FIORENTINA,64700,VITERBO PORTA ROMANA,C129,1.59,1,TE,CS,BA-CF,CTC,SCMT,NO,FS,C3L,RM,,
78120,CASTEL LAGOPESOLE,78123,POSSIDENTE,C154,1.82,1,TD,CS,BCA,CTC,SSC,SI,FS,C3L,BA,,1674
94143,ASSEMINI CARMINE,94140,CAGLIARI ELMAS,C188,3.34,2,TD,CS,BAB-CC,CTCACCM,SCMT,NO,PC30,D4,CA,,P254A
45760,PISA / BIN. PISA CENTRALE,45880,BIVIO MORTELLINI,F051,7.67,2,TE,F,BAB-CC,SCC,SCMT,SI,PC80,D4,FI,,
89540,ALCAMO DIRAMAZIONE,91360,GALLITELLO,C192,15.29,1,TD,CST,BCA,CTC,SCMT,NO,FS,C3L,PA,,
28880,GALLIERA VENETA-TOMBOLO,28900,S.MARTINO DI LUPARI,C087,2.3,2,TE,CS,BCAB,SCC,SCMT,SI,PC80,D4L,VE,,
89340,CINISI-TERRASINI,89380,PARTINICO,C204,13.81,1,TD,CST,BCA,CTC,SCMT,NO,FS,C3L,PA,,P236
51525,MONTALE-AGLIANA,51526,PRATO BORGONUOVO,C118,6.02,2,TE,CS,BAB-CC,DC,SCMT,SI,FS,D4,FI,,
33012,DEV. BIVIO CARGNACCO,33015,LUMIGNACCO,C094,0.84,1,TE,CS,BCA,DC,SCMT,SI,PC80,D4L,TS,,
94180,DECIMOMANNU,94220,VILLASOR,C187,9.24,2,TD,CS,BCAB,CTCACCM,SCMT,NO,PC30,D4,CA,,P254A
47780,FIGLINE VALDARNO,47820,S.GIOVANNI VALDARNO,F053,7.53,2,TE,F,BAB-CC,CTC,SCMT,SI,PC22,D4L,FI,,
67860,MINTURNO-SCAURI,67900,SESSA AURUNCA-ROCCAMONFINA,F057,14.98,2,TE,F,BA-CC,DC,SCMT,SI,PC45,C3,NA,,P224
95500,OLBIA,95470,OLBIA TERRANOVA,C185,0.4,1,TD,CS,BCA,CTC,SCMT,NO,PC30,C3L,CA,,
22960,ORA,23000,EGNA-TERMENO,F027,5.78,2,TE,F,BAB-CC,SCC,SCMT,SI,PC80,D4,VR,,P224
62702,LA RUSTICA CITTA',62700,TOR SAPIENZA,N007,1.8,2,TE,N,BAB-CC,SCC,SCMT,SI,PC22,C3L,RM,,
21485,DUBINO,17620,COLICO,,6.33,1,TE,CS,BCA,CTC,SCMT,NO,PC22,C3L,MI,,
09720,MONCALVO,09715,PENANGO,C218,5.43,1,TD,CST,BCA,DL,SSC,NO,FS,C3L,TO,B,
42040,RAVENNA,43400,CLASSE,C102,4.72,1,TE,CS,BCA,CTC,SCMT,SI,PC32,D4L,BO,,
92460,MILITELLO,92500,MINEO,C172,4.59,1,TD,CS,BCA,CTC,SCMT,SI,PC22,C3L,PA,,
26990,MESTRINO,27010,GS MONTA',F025,7.63,2,TE,F,BAB-CC,SCCACCM,ERTMS_L2_SOVR,SI,PC80,D4,VE,,
22220,VICENZA,26940,LERINO,F025,8.05,2,TE,F,BAB-CC,SCCACCM,ERTMS_L2_SOVR,SI,PC80,D4,VE,,
46280,VADA,46320,CECINA,F051,5.93,2,TE,F,BAB-CC,SCC,SCMT,SI,PC80,D4,FI,,
27050,PADOVA FASCIO SECONDARIO,27191,G.S. MESTRE,F033,25.78,2,TE,F,BAB-CC,SCCACCM,SCMT,SI,PC80,D4,VE,,
33510,FANNA-CAVASSO,33540,MANIAGO,C226,4.91,1,TD,CST,BCA,CTC,SSC,NO,FS,C3L,TS,B,P199
22480,CAMPO DI TRENS,22520,LE CAVE,F027,6.77,2,TE,F,BAB-CC,SCC,SCMT,SI,PC80,D4L,VR,,P224
25020,PONTE D'ADIGE,24985,SETTEQUERCE,C068,3.94,1,TE,CS,BCA,CTC,SCMT,NO,FS,C3,VR,,
73240,S.AGAPITO-LONGANO,73280,ROCCA RAVINDOLA,C141,10.99,1,TE,CS,BCA,CTC,SCMT,NO,FS,C3L,NA,,P246
06945,BAZZANA,06960,MOMBARUZZO,C195,3.75,1,TE,CST,BCA,DL,SCMT,SI,FS,C3L,TO,,
08320,VERNANTE,08360,LIMONE,C010,8.83,1,TE,CS,BCA,CTC,SCMT,NO,FS,C3L,TO,,
62260,CAMPOLEONE,62300,CISTERNA DI LATINA,F057,16.28,2,TE,F,BAB-CC,SCCACCM,SCMT,SI,PC30,C3,RM,,P224
72120,MONTORO FORINO,72160,MERCATO S.SEVERINO,C215,4.45,1,TD,CST,BCA,CTC,SCMT,SI,FS,<A,NA,,I173
65525,S.EUROSIA,65540,VELLETRI,C135,2.81,1,TE,CS,BCA,CTC,SCMT,SI,FS,C3L,RM,,
72480,FRATTE,72510,FRATTE VILLA COMUNALE,C148,0.43,1,TE,CS,BCA,CTC,SCMT,SI,FS,A,NA,,
63820,BUGNARA,63780,ANVERSA-VILLALAGO-SCANNO,C131,3.73,1,TE,CS,BCA,DC,SCMT,SI,PC22,C3L,RM,,A2001B|A2004E
33840,FRUGAROLO-BOSCOMARENGO,33879,BIVIO CAB. B (NOVI S.BOVO),F003,10.02,2,TE,F,BA-CC,DC,SCMT,SI,PC32,D4L,GE,,
59520,ROMA TIBURTINA,60467,ROMA NOMENTANA L.L.,N007,2.65,2,TE,N,BAB-CC,SCCACCM,SCMT,SI,PC32,C3,RM,,
89090,PALERMO VESPRI,89096,PALAZZO REALE-ORLEANS,C176,0.95,2,TE,CS,BA-CF,DC,SCMT,SI,FS,C3L,PA,,0036
13700,MILANO ROGOREDO,14940,P.M. TRECCA,N002,2.78,2,TE,N,BAB-CC,SCCACCM,SCMT,SI,PC80,D4,MI,,
27300,VENEZIA MESTRE,27320,VENEZIA PORTO MARGHERA,N003,2.28,2,TE,N,BAB-CC,SCCACCM,SCMT,SI,PC22,D4L,VE,,
29060,PAESE,29079,TREVISO SCALO P.S.Q.,C088,5.03,2,TE,CS,BCAB,SCC,SCMT,SI,PC80,D4L,VE,,
89420,TRAPPETO,89460,BALESTRATE,C204,3.01,1,TD,CST,BCA,CTC,SCMT,NO,FS,C3L,PA,,P236
18420,PALAZZOLO SULL'OGLIO,18423,COLOGNE,C048,4.3,1,TE,CS,BCA,SCCACCM,SCMT,NO,PC22,C3L,MI,,
30614,CERVIGNANO SMISTAMENTO,33083,DEV.ESTREMO LATO CERVIGNANO A.G.,F035,1.43,1,TE,CS,BA-CF,DC,SCMT,SI,PC80,D4,TS,,
75600,BARI CENTRALE,76256,DEV.ESTR.BARI C.LE,C158,0.65,1,TE,CS,BCA,DC,SCMT,SI,PC45,D4,BA,,
56680,ALANNO,56640,SCAFA S.VALENTINO-CARAMANICO TERME,C125,3.12,1,TE,CS,BCA,CTC,SCMT,SI,PC45,C3L,AN,,P240A|P240B
10360,CASTAGNOLE DELLE LANZE,10400,NEIVE,C206,4.02,1,TD,CST,BCA,DL,SCMT,NO,FS,C3L,TO,,
13220,TREVIGLIO,16400,TREVIGLIO OVEST,C051,1.34,1,TE,CS,BA-CC,SCCACCM,SCMT,NO,PC80,C3,MI,,
48380,TERONTOLA-CORTONA,57675,TUORO SUL TRASIMENO,C127,7.44,1,TE,CS,BCA,CTC,SCMT,NO,FS,C3L,AN,,0334
02960,VESPOLATE,03000,BORGO LAVEZZARO,C025,4.38,2,TE,CS,BCA,DL,SCMTSSC,SI,PC80,D4L,TO,,
09760,SERRALUNGA-CERESETO,09720,MONCALVO,C218,6.7,1,TD,CST,BCA,DL,SSC,NO,FS,C3L,TO,B,
69740,POMPEI,69780,SCAFATI,F073,1.83,2,TE,F,BAB-CC,DC,SCMT,SI,PC32,D4,NA,,
89700,FULGATORE,89780,MILO,C204,11.87,1,TD,CST,BCA,CTC,SSC,NO,FS,C3L,PA,B,I162|P236
68020,VILLA LITERNO,68060,GIUGLIANO-QUALIANO,F059,8.33,2,TE,F,BAB-CC,SCC,SCMT,SI,PC22,C3,NA,,
58220,TOLENTINO,58260,S.SEVERINO MARCHE,C126,9.99,1,TD,CS,BCA,CTC,SCMT,NO,FS,C3L,AN,,P147
51280,ALTOPASCIO,51320,MONTECARLO-S.SALVATORE,C116,4.65,1,TE,CS,BCA,CTC,SCMT,SI,FS,D4,FI,,
06365,BALZOLA,06400,CASALE POPOLO,C005,3.61,1,TE,CS,BCA,CTC,SCMT,NO,PC45,C3,TO,,
18903,S.GIULIANO PIACENTINO,18940,VILLANOVA D'ARDA,C055,4.74,1,TE,CS,BCA,CTC,SCMT,NO,PC45,D4L,MI,,
54920,PESCARA PORTA NUOVA,56812,PESCARA S.MARCO,C125,2.31,1,TE,CS,BCA,CTC,SCMT,SI,PC80,C3L,AN,,
09220,CASALEGGIO,09240,NIBBIA,C199,5.4,1,TD,CST,BCA,DL,SSC,NO,FS,B2L,TO,,
07510,ROCCADEBALDI,07515,POGLIOLA,C217,2.7,1,TD,CST,BCA,CTC,SCMT,NO,PC45,A,TO,B,
73361,MONTEFALCIONE,73360,SALZA IRPINA,C223,3.38,1,TD,CST,BCA,CTC,SSC,NO,FS,<A,NA,B,
70694,PERTOSA,70697,POLLA,,4.67,1,TD,CS,ALT,DU,,,n.c.,,NA,B,
12385,RHO FIERA,12420,MILANO CERTOSA,N002,4.09,2,TE,N,BAB-CC,SCCACCM,SCMT,SI,PC80,D4,MI,,
65420,MARINO LAZIALE,65423,CASTEL GANDOLFO,C134,3.28,1,TE,CS,BCA,CTC,SCMT,SI,FS,A,RM,,
77795,SANTUARIO INCORONATA,77800,ORDONA,C153,6.41,1,TD,CS,BCA,CTC,SCMT,SI,PC45,C3L,BA,,1674
41880,LUGO,44783,S.AGATA SUL SANTERNO,C105,5.44,1,TD,CS,BCA,CTC,SSC,SI,PC32,D4L,BO,,
66735,RIVISONDOLI-PESCOCOSTANZO,66840,ROCCARASO,C229,3.15,1,TD,CST,ALT,DU,SSC,NO,FS,C3L,AN,B,
26066,DEV.INTERCON.CASTELFRANCO,39000,CASTELFRANCO EMILIA,F041,3.37,2,TE,F,BAB-CC,SCCACCM,SCMT,SI,PC45,D4,BO,,P224
93440,DONNAFUGATA,93480,GENISI,C173,7.58,1,TD,CS,BCA,CTC,SSC,NO,FS,B2,PA,,
88580,PRIOLO MELILLI,88620,TARGIA,C171,7.04,1,TE,CS,BCA,SCC,SCMT,SI,PC22,C3L,PA,,
17960,CISANO-CAPRINO BERGAMASCO,17963,PONTIDA,C044,3.19,1,TE,CS,BCA,DC,SCMT,NO,PC22,C3L,MI,,
63463,AIELLI,63460,CELANO-OVINDOLI,C131,3.76,1,TE,CS,BEM,DC,SCMT,SI,PC22,C3L,RM,,A2001B|A2004E
66500,CAPISTRELLO,66467,CUPONE,C133,3.6,1,TD,CS,BCA,CTC,SSC,NO,FS,<A,RM,,
02205,ROCCHETTA TANARO-CERRO,02240,FELIZZANO,F003,7.23,2,TE,F,BAB-CC,DC,SCMT,SI,PC32,D4,TO,,P131
58220,TOLENTINO,58185,TOLENTINO CAMPUS,C126,2.12,1,TD,CS,BCA,CTC,SCMT,NO,FS,C3L,AN,,P147
94860,MACOMER,94900,CAMPEDA,C187,9.14,1,TD,CS,BCA,CTC,SCMT,NO,PC30,C3L,CA,,
39960,BIVIO S.VITALE,39970,SAN LAZZARO DI SAVENA,N005,2.54,2,TE,N,BAB-CC,CTC,SCMT,SI,PC80,D4,BO,,P223|P262A
12540,COMO S.GIOVANNI,12545,COMO CAMERLATA,F017,4.05,2,TE,F,BA-CC,DC,SCMT,SI,PC22,D4,MI,,P198
09390,BROZOLO,09405,COCCONATO,C209,4.94,1,TD,CST,BCA,DL,SSC,SI,FS,C3,TO,B,
44080,PRACCHIA,44090,S.MOMME',C115,3.15,1,TE,CS,BCA,CTC,SCMT,NO,FS,C3L,BO,,
91100,CATENANUOVA-CENTURIPE,91140,SFERRO,C178,11.71,2,TE,CS,BCAB,CTC,SCMT,NO,FS,D4,PA,,
89540,ALCAMO DIRAMAZIONE,89580,CALATAFIMI,C204,8.13,1,TD,CST,BCA,CTC,SSC,NO,FS,C3L,PA,B,I162|P236
50603,BORGO S.LORENZO-RIMORELLI,50640,BORGO S.LORENZO,C110,1.8,1,TD,CS,BCA,CTCACCM,SSC,SI,FS,B2,FI,,P200
42980,GAIBANELLA,43020,MONTESANTO,C099,7.19,1,TE,CS,BCA,CTC,SCMT,SI,PC80,D4L,BO,,
40840,P.C. PRECEDENZE,40880,VERNIO-MONTEPIANO,F043,9.96,2,TE,F,BAB-CC,CTCACCM,SCMT,SI,PC22,D4,BO,,P261
71150,P.M. OVEST,71160,BIVIO GRICIGNANO,F061,5.65,2,TE,CS,BAB-CC,SCC,SCMT,SI,PC45,D4,NA,,
60120,ORTE,62590,CASTEL BAGNOLO DI ORTE,,8.12,1,,CS,ALT,DU,,,n.c.,,RM,B,
11840,VERGIATE,11880,SOMMA LOMBARDO,F013,3.92,2,TE,F,BAB-CC,DC,SCMT,SI,PC80,D4L,MI,,
36660,MONTEROSSO,36665,VERNAZZA,F045,3.23,2,TE,F,BAB-CC,SCC,SCMT,SI,PC22,D4L,GE,,
68820,S.LORENZO MAGGIORE,68860,PONTE CASALDUNI,F071,4.25,1,TE,F,BCA,CTC,SCMT,SI,PC22,C3L,NA,,0099A|0099B|0279A|0279B|0281|0284
87100,FICARAZZI,87138,PALERMO ROCCELLA,C176,4.9,2,TE,CS,BAB-CC,SCC,SCMT,SI,PC22,C3,PA,,
88380,AGNONE DI SIRACUSA,88460,BRUCOLI,C171,11.54,1,TE,CS,BCA,SCC,SCMT,SI,PC22,C3L,PA,,0271A
68780,SOLOPACA,68820,S.LORENZO MAGGIORE,F071,7.83,1,TE,F,BCA,CTC,SCMT,SI,PC22,C3L,NA,,0099A|0099B|0279A|0279B|0281|0284
82380,VILLAPIANA-TORRE CERCHIARA,82420,SIBARI,C160,4.99,1,TE,CS,BCA,CTC,SCMT,SI,PC45,C3,RC,,
17500,MORBEGNO,17540,COSIO-TRAONA,C039,3.42,1,TE,CS,BCA,CTC,SCMT,NO,PC22,C3L,MI,,
47040,1° BIVIO AREZZO NORD,47120,1° BIVIO AREZZO SUD,F055,10.54,2,TE,F,BRA,SCCACCM,ERTMS_L2,SI,PC22,D4L,FI,,
79045,SIPONTO,79120,MANFREDONIA,C236,1.53,1,TD,CSP,ALT,SPO,SCMT,NO,PC45,D4,BA,,
88460,BRUCOLI,88500,AUGUSTA,C171,6.88,1,TE,CS,BCA,SCC,SCMT,SI,PC22,C3L,PA,,
00580,S.AMBROGIO,00620,AVIGLIANA,F001,3.62,2,TE,F,BAB-CC,DC,SCMT,SI,PC45,D4,TO,,P215
65023,VIGNA DI VALLE,65060,CROCICCHIE,C129,3.45,1,TE,CS,BCA,CTC,SCMT,NO,FS,C3L,RM,,
58260,S.SEVERINO MARCHE,58265,GAGLIOLE,C126,9.47,1,TD,CS,BCA,CTC,SCMT,NO,FS,C3L,AN,,P147
55207,S.VITO LANCIANO,55217,FOSSACESIA-TORINO DI SANGRO,F067,10.24,2,TE,F,BCAB,SCC,SCMT,SI,PC45,D4,AN,,P223
23460,P.C. DOLCE',23500,DOMEGLIARA,F027,9.21,2,TE,F,BAB-CC,SCC,SCMT,NO,PC80,D4,VR,,P224
72440,PELLEZZANO,72480,FRATTE,C148,6.04,1,TE,CS,BCA,CTC,SCMT,SI,FS,A,NA,,I173
53440,SIENA ZONA INDUSTRIALE,53445,PONTE A TRESSA,C228,2.57,1,TD,CST,BCA,CTC,SCMT,SI,FS,C3L,FI,,
29125,S.MARINO,29140,CARPANE'-VALSTAGNA,C221,5.02,1,TD,CST,BCA,CTC,SCMT,NO,FS,C3L,VE,,
53445,PONTE A TRESSA,53480,MONTERONI D'ARBIA,C228,3.04,1,TD,CST,BCA,CTC,SCMT,SI,FS,C3L,FI,,
34321,QUADRIVIO TORBELLA,34850,BIVIO POLCEVERA,N004,0.3,2,TE,N,BAB-CC,SCC,SCMT,SI,PC45,D4,GE,,P198
31200,PALAZZOLO DELLO STELLA,31160,MUZZANA DEL TURGNANO,F035,4.05,2,TE,F,BCAB,DC,SCMT,SI,PC80,D4L,TS,,0365A
62460,MONTE S.BIAGIO - TERRACINA MARE,62500,FONDI-SPERLONGA,F057,6.71,2,TE,F,BA-CC,DC,SCMT,SI,PC30,C3,RM,,P224
93240,GELA,93250,GELA ANIC,C173,3.04,1,TD,CS,BCA,CTC,SCMT,NO,FS,B2,PA,,P232
95020,GIAVE,94980,BONORVA,C187,7.22,1,TD,CS,BCA,CTC,SCMT,NO,PC30,C3L,CA,,
65700,MARECHIARO,65703,ANZIO COLONIA,C130,1.29,1,TE,CS,BCA,SCCACCM,SCMT,NO,FS,C3L,RM,,
17192,RHO DEV.E.LINEA AV,12385,RHO FIERA,N002,0.44,2,TE,F,BAB-CC,SCCACCM,SCMT,SI,PC80,D4,MI,,
18343,CHIUDUNO,18380,GRUMELLO DEL MONTE,C048,2.24,1,TE,CS,BCA,SCCACCM,SCMT,NO,PC22,C3L,MI,,
34220,GENOVA BOLZANETO,34247,BIVIO RIVAROLO,F019,2.23,2,TE,F,BAB-CC,SCC,SCMT,SI,PC22,D4L,GE,,P221
38280,ROCCAGRIMALDA,38320,OVADA NORD,C193,3.41,1,TE,CST,BCA,SCC,SCMT,SI,PC45,D4,GE,,
04140,SAVIGLIANO,04180,FOSSANO,C011,12.16,2,TE,CS,BCA,DC,SCMT,NO,PC45,D4L,TO,,
43845,PIAN DI VENOLA,43880,PIOPPE DI SALVARO,N005,4.04,1,TE,N,BCA,CTCACCM,SCMT,SI,FS,C3L,BO,,
45040,FIRENZE RIFREDI,48980,FIRENZE SANTA MARIA NOVELLA,N006,2.77,2,TE,N,BAB-CC,DC,SCMT,SI,PC22,C3,FI,,
28340,TREVISO CENTRALE,29079,TREVISO SCALO P.S.Q.,C088,1.64,2,TE,CS,BCAB,SCC,SCMT,SI,PC80,D4L,VE,,
27191,G.S. MESTRE,27300,VENEZIA MESTRE,N003,1.51,2,TE,N,BAB-CC,SCC,SCMT,SI,PC80,D4,VE,,
22100,LONIGO,22120,P.C. MONTEBELLO,F025,5.03,2,TE,F,BAB-CC,SCCACCM,SCMT,SI,PC80,D4,VR,,0362A
62020,PIEDIMONTE-VILLA S.LUCIA-AQUINO,62060,CASSINO,F061,8.99,2,TE,F,BAB-CC,DC,SCMT,SI,PC32,D4,RM,,
72290,MERCATELLO,72295,ARBOSTELLA,C147,1.16,1,TE,CS,ALT,SPO,SCMT,SI,FS,C3,NA,,
50600,VICCHIO,50603,BORGO S.LORENZO-RIMORELLI,C110,5.25,1,TD,CS,BCA,CTCACCM,SSC,SI,FS,B2,FI,,P200
65263,GEMELLI,65265,ROMA BALDUINA,N007,1.35,2,TE,N,BAB-CC,SCCACCM,SCMT,SI,FS,C3L,RM,,P053
42000,GODO,42040,RAVENNA,C108,12.94,1,TE,CS,BCA,CTC,SCMT,SI,PC32,D4L,BO,,
26067,P.M. ANZOLA,26088,P.M. RENO,A005,9.9,2,TE,F,BRA,SCCACCM,ERTMS_L2,SI,PC80,D4,BO,,
57340,PAGANICA,57350,L' AQUILA S.GREGORIO,C231,2.38,1,TD,CST,BCA,CTC,SSC,NO,FS,C3L,AN,,P210A
39560,MIRANDOLA,39600,S.FELICE SUL PANARO,F029,6.89,2,TE,F,BAB-CC,CTCACCM,SCMT,SI,PC80,D4,BO,,P224
69700,TORRE ANNUNZIATA C.LE,74031,ROVIGLIANO,C247,1.88,2,TE,CSP,BA-CF,DL,SCMT,NO,FS,C3L,NA,,
53660,CASINO DI TERRA,53665,PONTE GINORI,C207,6.65,1,TD,CST,ALT,SPO,SSC,NO,FS,C3L,FI,,
56260,SERRA S.QUIRICO,56300,CASTELPLANIO-CUPRAMONTANA,F065,6.25,1,TE,F,BCA,CTC,SCMT,SI,PC45,D4L,AN,,
54060,ANCONA,56802,ANCONA MARITTIMA,F065,1.72,1,,F,,,,SI,PC45,C3L,AN,B,
36380,LAVAGNA,36385,CAVI,F045,2.48,2,TE,F,BAB-CC,SCC,SCMT,SI,PC22,D4L,GE,,
24240,BEVILACQUA,24280,MONTAGNANA,C213,4.97,1,TE,CST,BCA,CTC,SCMT,SI,PC80,D4L,VR,,
56843,TERNI COSPEA,56845,P.M. STRONCONE,C231,3.03,1,TD,CST,BCA,CTC,SSC,NO,FS,C3L,AN,,P210A
44920,PRATO CENTRALE,44960,SESTO FIORENTINO,F043,8.39,2,TE,F,BA-CC,DC,SCMT,SI,PC80,D4,FI,,
35825,GENOVA VESIMA,35860,GENOVA VOLTRI,F007,3.94,2,TE,F,BAB-CC,DC,SCMT,SI,PC32,D4,GE,,
17307,CHIURO,17340,PONTE IN VALTELLINA,C037,1.29,1,TE,CS,BCA,CTC,SCMT,NO,PC22,C3L,MI,,
69700,TORRE ANNUNZIATA C.LE,69740,POMPEI,F073,3.17,2,TE,F,BAB-CC,DC,SCMT,SI,PC32,D4,NA,,
00885,TORINO PORTA SUSA,01000,TORINO STURA,N001,6.99,2,TE,N,BAB-CC,SCCACCM,SCMT,SI,PC80,D4,TO,,
01685,DEV.ESTR. NOVARA LATO MILANO,02955,GARBAGNA,C025,7.46,2,TE,CS,BCA,DL,SCMTSSC,SI,PC80,D4L,TO,,
34360,GENOVA SAMPIERDARENA,36820,GENOVA SAMPIERDARENA SMIST.TO,N004,0.75,2,TE,N,BAB-CF,SCC,SCMT,SI,PC22,D4,GE,,
45040,FIRENZE RIFREDI,48565,DEVIATOIO OLMATELLO (FIRENZE RIFREDI),N006,2.11,2,TE,N,BAB-CC,CTCACCM,SCMT,SI,PC80,D4,FI,,P076
46798,DEV.EST. FIRENZE STATUTO,47540,FIRENZE CAMPO DI MARTE,N006,2.38,2,TE,N,BAB-CC,SCCACCM,SCMT,SI,PC22,D4,FI,,
76785,BIVIO P.C. METAPONTO,76887,P.M.CAGIONI,C156,4.33,1,TE,CS,BCA,CTC,SCMT,SI,PC45,C3L,BA,,
61100,TORRE IN PIETRA-PALIDORO,61140,MACCARESE-FREGENE,F051,6.8,2,TE,F,BAB-CC,SCC,SCMT,SI,PC32,D4L,RM,,
08727,AOSTA VIALE EUROPA,08733,SARRE,C003,3.6,1,TD,CS,BCA,DL,SSC,NO,FS,A,TO,B,
13640,MILANO LAMBRATE,14820,MILANO SMISTAMENTO,N002,3.78,2,TE,N,BAB-CC,SCCACCM,SCMT,SI,PC80,D4,MI,,
26089,"SEGN. CONFINE KM 4,335",26090,MONTECALVO ICD PDE,A007,3.18,2,TE25,F,BRA,SCCACCM,ERTMS_L2,SI,PC80,D4,BO,,
34030,PIETRABISSARA,34040,ISOLA DEL CANTONE,F019,4.77,2,TE,F,BAB-CC,SCC,SCMT,SI,PC22,D4L,GE,,
13780,TAVAZZANO,13820,LODI,F041,7.72,2,TE,F,BAB-CC,DC,SCMT,SI,PC80,D4,MI,,
66303,COMPRE S.VINCENZO,66300,SORA,C133,5.31,1,TD,CS,BCA,CTC,SSC,NO,FS,<A,RM,,
48300,CASTIGLION FIORENTINO,48340,CAMUCIA CORTONA,F053,10.52,2,TE,F,BAB-CC,CTC,SCMT,SI,PC22,D4L,FI,,
41580,S.PIETRO IN CASALE,41620,S.GIORGIO DI PIANO,N005,6.11,2,TE,N,BAB-CC,DC,SCMT,SI,PC80,D4,BO,,P223
16523,BARBIANELLO,16840,BRONI,F005,4.54,1,TE,F,BCA,SCCACCM,SCMT,SI,PC45,C3L,MI,,
07060,SOMMARIVA BOSCO,07065,SANFRE',C015,2.97,1,TE,CS,BCA,DL,SCMT,NO,PC32,C3L,TO,,
94145,ASSEMINI,94143,ASSEMINI CARMINE,C188,1.56,2,TD,CS,BAB-CC,CTCACCM,SCMT,NO,PC30,D4,CA,,P254A
82640,CALOPEZZATI,82680,MANDATORICCIO-CAMPANA,C161,8.92,1,TD,CS,BCA,CTC,SCMT,SI,PC32,C3L,RC,,P245
90255,TEMPIO DI VULCANO,90260,PORTO EMPEDOCLE,C220,3.78,1,TE,CST,ALT,SPO,SCMT,NO,FS,B2,PA,B,P247
47742,DEV.INGR.FIGLINE,46883,SEGNALE DI CONFINE FIGLINE (DISPARI),F055,0.53,2,TE,F,BRA,SCCACCM,ERTMS_L2,SI,PC22,D4L,FI,,
79780,RUTINO,79820,OMIGNANO-SALENTO,F075,5.41,2,TE,F,BAB-CC,CTC,SCMT,SI,PC32,D4L,RC,,
06920,NIZZA MONFERRATO,06945,BAZZANA,C195,3.6,1,TE,CST,BCA,DL,SCMT,SI,FS,C3L,TO,,
49660,VICOFERTILE,49700,COLLECCHIO,F047,4.47,1,TE,F,BA-CF,CTC,SCMT,SI,PC22,D4L,FI,,
32250,CAPRIVA,32280,MOSSA,F039,2.35,2,TE,F,BCA,DC,SCMT,SI,PC80,D4L,TS,,
16280,CARNATE-USMATE,18120,PADERNO-ROBBIATE,C047,6.07,1,TE,CS,BCA,DC,SCMT,NO,PC22,<A,MI,,
16880,STRADELLA,16920,ARENA PO,F021,4.7,2,TE,F,BCAB,SCCACCM,SCMT,SI,PC45,D4L,MI,,
69440,PONTE ALBANITO,76840,P.M. CERVARO,F071,8.2,2,TE,F,BA-CC,CTCACCM,SCMT,SI,PC22,C3L,NA,,
30525,VILLA DEL CONTE,30523,FRATTE CENTRO,C090,4.87,1,TE,CS,BCA,SCC,SCMT,NO,FS,C3L,VE,,
28220,SUSEGANA,28260,SPRESIANO,F037,5.3,2,TE,F,BCAB,SCC,SCMT,SI,PC80,D4L,VE,,
67640,CANCELLO,71183,MADDALONI MARCIANISE SM. UM 1 PB 403,F061,3.27,2,TE,F,BAB-CC,SCC,SCMT,SI,PC45,D4,NA,,
61500,CIAMPINO,65475,CASABIANCA,C135,2.04,1,TE,CS,BCA,CTC,SCMT,SI,FS,C3L,RM,,
19700,VEROLANUOVA,19740,ROBECCO-PONTEVICO,C052,6.55,1,TE,CS,BCA,CTC,SCMT,NO,PC45,C3L,MI,,
68231,NAPOLI PIAZZA CAVOUR,68240,NAPOLI PIAZZA GARIBALDI,N008,1.6,2,TE,N,BA-CC,SCC,SCMT,SI,PC22,C3,NA,,
82345,VILLAPIANA LIDO,82380,VILLAPIANA-TORRE CERCHIARA,C160,2.41,1,TE,CS,BCA,CTC,SCMT,SI,PC45,C3,RC,,
17620,COLICO,17660,PIONA,C040,2.44,1,TE,CS,BCA,CTC,SCMT,NO,PC22,C3L,MI,,
94300,SAMASSI-SERRENTI,94340,SANLURI STATO,C187,6.87,2,TD,CS,BCAB,CTCACCM,SCMT,NO,PC30,D4,CA,,P254A
19963,REMEDELLO SOTTO,20000,ASOLA,C065,4.27,1,TD,CS,BCA,CTC,SCMT,NO,PC22,C3L,MI,,
03610,MONTECHIARO-DENICE,03640,MOMBALDONE-ROCCAVERANO,C019,4.11,1,TE,CS,BCA,CTC,SCMT,NO,PC32,C3,TO,,
12900,MONZA,16320,ARCORE,C046,6.56,2,TE,CS,BA-CC,DC,SCMT,NO,PC30,C3L,MI,,P054
02200,CASTELLO D'ANNONE,02205,ROCCHETTA TANARO-CERRO,F003,3.14,2,TE,F,BAB-CC,DC,SCMT,SI,PC32,D4,TO,,P131
18900,CASTELVETRO,18903,S.GIULIANO PIACENTINO,C055,3.31,1,TE,CS,BCA,CTC,SCMT,NO,PC45,D4L,MI,,
41010,ABANO,41040,TERME EUGANEE-ABANO-MONTEGROTTO,F031,3.33,2,TE,F,BAB-CC,SCC,SCMT,SI,PC80,D4L,VE,,P223
73000,BOSCO REDOLE,73040,GUARDIAREGIA,C139,3.44,1,TD,CS,BCA,CTC,SCMT,NO,FS,C3L,NA,,P246
08745,AVISE,08750,DERBY,C003,4.8,1,TD,CS,ALT,SPO,SSC,NO,FS,A,TO,B,
73581,S.ANGELO DEI LOMBARDI,73571,CAMPO DI NUSCO,C223,3.37,1,TD,CST,BCA,CTC,SSC,NO,FS,<A,NA,B,
43120,S.BIAGIO,43180,LAVEZZOLA,C100,4.15,1,TE,CS,BCA,CTC,SCMT,SI,PC80,D4L,BO,,
68387,DEV.INT.NAPOLI C.LE,68405,CASORIA,N008,7.82,2,TE,N,BAB-CC,SCC,SCMT,SI,PC32,C3,NA,,
24860,MERANO-MAIA BASSA,24900,LANA POSTAL,C068,6.38,1,TE,CS,BCA,CTC,SCMT,NO,FS,C3,VR,,
63380,CAPPELLE-MAGLIANO,63340,SCURCOLA MARSICANA,C132,2.45,1,TE,CS,BCA,SCCACCM,SCMT,SI,PC22,C3L,RM,,
25927,QUATTRO VILLE,25939,QUATTRO VILLE Z.I.,C072,4.36,1,TE,CS,ALT,SCCACCM,SCMT,SI,PC45,D4,BO,,
66385,MORREA-CASTRONOVO-RENDINARA,66380,S.VINCENZO VALLE ROVETO,C133,3.91,1,TD,CS,BCA,CTC,SSC,NO,FS,<A,RM,,
13780,TAVAZZANO,17248,BIVIO P.C. MELEGNANO,F041,4.62,2,TE,F,BAB-CC,DC,SCMT,SI,PC80,D4,MI,,
54240,PORTO RECANATI,54280,POTENZA PICENA-MONTELUPONE,F067,8.78,2,TE,F,BAB-CC,SCC,SCMT,SI,PC80,D4,AN,,
71840,CHIANCHE CEPPALONI,71880,ALTAVILLA IRPINA,C197,4.28,1,TD,CST,BCA,CTC,SSC,SI,FS,C3L,NA,,I173
38120,GENOVA BORZOLI - PES,38402,"CIPPO KM 0/8,674",N004,1.9,1,TE,N,BA-CC,SCCACCM,SCMT,SI,PC45,D4,GE,,
40260,FORLI',40283,VILLA SELVA,F063,4.74,2,TE,F,BAB-CC,SCCACCM,SCMT,SI,PC80,D4,BO,,P223
65477,S.MARIA DELLE MOLE,65480,PAVONA,C135,5.82,1,TE,CS,BCA,CTC,SCMT,SI,FS,C3L,RM,,
01560,P.C. BIVIO SESIA,01600,BORGO VERCELLI,F011,2.7,2,TE,F,BAB-CC,DC,SCMT,SI,PC80,D4,TO,,
27640,GAGGIO PORTA EST,27620,QUARTO D'ALTINO,F035,5.07,2,TE,F,BAB-CC,SCC,SCMT,SI,PC80,D4L,VE,,0365A
07920,CAVA CARBONARA,14200,PAVIA,C021,7.5,1,TD,CS,BCA,CTC,SCMT,NO,FS,D4L,TO,,
52680,ASCIANO,52925,TREQUANDA,C194,7.43,1,TD,CST,BCA,CTC,NO,NO,FS,A,FI,A,
95460,ENAS,95425,SU CANALE,C185,3.29,1,TD,CS,BCA,CTC,SCMT,NO,PC30,C3L,CA,,
83800,SIDERNO,83840,LOCRI,C162,5.33,1,TD,CS,BCA,CTC,SCMT,SI,PC32,C3L,RC,,P245
70697,POLLA,70703,ATENA,,7.11,1,TD,CS,ALT,DU,,,n.c.,,NA,B,I107A|P238A
46880,1° BIVIO VALDARNO NORD,46883,SEGNALE DI CONFINE FIGLINE (DISPARI),F055,1.73,2,TE,F,BRA,SCCACCM,ERTMS_L2,SI,PC22,D4L,FI,,
91480,CAMPOBELLO DI MAZARA,91520,S.NICOLA DI MAZARA,C192,5.43,1,TD,CST,BCA,CTC,SCMT,NO,FS,C3L,PA,,
77060,GINOSA,77100,METAPONTO,C156,9.32,1,TE,CS,BCA,CTC,SCMT,SI,PC45,C3L,BA,,
51800,MINUCCIANO-PIEVE-CASOLA,51840,PIAZZA AL SERCHIO,C119,8.33,1,TD,CS,BCA,CTC,SCMT,NO,FS,C3L,FI,,
67460,CAPUA,67500,S.MARIA CAPUA VETERE,F061,4.84,2,TE,F,BAB-CC,SCC,SCMT,SI,PC45,C3,NA,,
77200,VAGLIO BASILICATA,77227,BRINDISI DI MONTAGNA,C155,9.8,1,TE,CS,BCA,CTC,SCMT,SI,PC25,C3,BA,,
89180,PALERMO TOMMASO NATALE,89182,PALERMO SFERRACAVALLO,C181,1.35,2,TE,CS,BCAB,SCC,SCMT,SI,FS,C3,PA,,0036
14300,SAN MARTINO SICCOMARIO-CAVA MANARA,14340,BRESSANA BOTTARONE,F005,6.66,2,TE,F,BAB-CC,SCCACCM,ERTMS_L2_SOVR,SI,PC45,D4,MI,,P133
58020,MONTECOSARO,58060,MORROVALLE-MONTE S.GIUSTO,C126,5.36,1,TD,CS,BCA,CTC,SCMT,NO,FS,C3L,AN,,P147
48220,2° BIVIO AREZZO SUD,48260,P.M. RIGUTINO FRASSINETO,F053,3.95,2,TE,F,BAB-CC,CTC,SCMT,SI,PC22,D4L,FI,,
42265,BOLOGNA FIERE,42320,DOPPIO BIVIO RIMESSE,N005,1.6,2,TE,N,BAB-CC,CTCACCM,SCMT,SI,PC80,D4,BO,,
42120,BIVIO CALDERARA,42160,BIVIO BERTALIA,N005,2.57,2,TE,N,BAB-CC,CTCACCM,SCMT,SI,PC80,D4,BO,,
35977,BIVIO CASTELLUCCIO,35900,GENOVA PEGLI,N004,1.77,2,TE,N,BAB-CC,SCC,SCMT,SI,PC45,D4,GE,,
39045,ANZOLA DELL'EMILIA,39080,P.M. LAVINO,F041,3.21,2,TE,F,BAB-CC,SCCACCM,SCMT,SI,PC45,D4,BO,,P224
43400,CLASSE,43440,LIDO DI CLASSE-LIDO DI SAVIO,C102,8.86,1,TE,CS,BCA,CTC,SCMT,SI,PC32,D4L,BO,,
45040,FIRENZE RIFREDI,48980,FIRENZE SANTA MARIA NOVELLA,N006,2.77,2,TE,N,BAB-CC,DC,SCMT,SI,PC22,C3,FI,,
35998,DEV.ESTR.LATO GE.P.P.,36800,GENOVA PIAZZA PRINCIPE,N004,1.09,2,TE,N,BA-CC,DC,SCMT,SI,PC22,D4,GE,,
13640,MILANO LAMBRATE,13700,MILANO ROGOREDO,N002,5.79,2,TE,N,BAB-CC,SCCACCM,SCMT,SI,PC80,D4,MI,,
08391,CONFINE FRA-ITA (VENTIMIGLIA),08393,OLIVETTA-S.MICHELE,C010,1.63,1,TD,CS,BCA,CTC,SCMT,NO,FS,C3L,TO,,
45960,LIVORNO CALAMBRONE,46020,LIVORNO CENTRALE,F051,3.69,1,TE,F,BA-CF,SCC,SCMT,SI,PC32,D4,FI,,
11040,P.M. CIGLIANO,11070,P.M. ALICE CASTELLO,A003,6.85,2,TE25,F,BRA,SCCACCM,ERTMS_L2,SI,PC80,D4,TO,,
32100,UDINE PARCO,32111,UDINE PARCO DEV. PRADAMANO,F039,2.22,2,TE,F,BCA,DC,SCMT,SI,PC80,D4L,TS,,
86540,S.STEFANO DI CAMASTRA-MISTRETTA,86580,TUSA,C175,8.75,1,TE,CS,BCA,SCC,SCMT,SI,PC22,C3,PA,,
87920,GIARRE RIPOSTO,87960,CARRUBA,C169,4.91,2,TE,CS,BAB-CC,SCC,SCMT,SI,PC22,C3,PA,,
65185,IPOGEO DEGLI OTTAVI,65187,OTTAVIA,N007,0.94,2,TE,N,BAB-CC,SCCACCM,SCMT,SI,FS,C3L,RM,,P053
81560,VIBO MARINA,81640,BRIATICO,F077,8.63,1,TE,F,BCA,CTC,SCMT,SI,FS,C3,RC,,
70612,TRACCIA,68265,NAPOLI GIANTURCO,N008,1.4,2,TE,N,BAB-CC,SCC,SCMT,SI,PC80,D4,NA,,
57260,SASSA-TORNIMPARTE,57290,L'AQUILA SASSA N.S.I.,C231,1.48,1,TD,CST,BCA,CTC,SSC,NO,FS,<A,AN,,P210A
57380,S.DEMETRIO DE' VESTINI,57420,FAGNANO-CAMPANA,C231,5.54,1,TD,CST,BCA,CTC,SSC,NO,FS,C3L,AN,,P210A
39800,P.M. TAVERNELLE EMILIA,39840,BIVIO TAVERNELLE,N005,2.76,2,TE,N,BAB-CC,CTC,SCMT,SI,PC80,D4,BO,,
20522,CESANO BOSCONE,20523,TREZZANO SUL NAVIGLIO,C058,2.21,2,TE,CS,BAB-CC,CTC,SCMT,SI,FS,C3L,MI,,
21900,VERONA PORTA NUOVA,23680,BIVIO P.C. S.LUCIA,F029,3.5,2,TE,F,BAB-CC,SCC,SCMT,SI,PC80,D4,VR,,
28304,G.S. TREVISO,28340,TREVISO CENTRALE,F037,2.44,2,TE,F,BCAB,SCC,SCMT,SI,PC80,D4L,VE,,
74240,1° BIVIO CASSINO SUD,74260,P.M. TORA-PICCILLI,A001,10.52,2,TE25,F,BRA,SCC,ERTMS_L2,SI,PC80,D4,NA,,P224
76700,PALAGIANO-MOTTOLA,76740,MASSAFRA,C159,4.17,2,TE,CS,BCAB,SCC,SCMT,SI,PC45,D4L,BA,,
90540,ROCCAPALUMBA-ALIA,90565,LERCARA DIRAMAZIONE,C177,7.56,1,TE,CS,BCA,CTC,SCMT,SI,FS,C3L,PA,,
17963,PONTIDA,18000,AMBIVERE-MAPELLO,C044,3.19,1,TE,CS,BCA,DC,SCMT,NO,PC22,C3L,MI,,
09715,PENANGO,09710,TONCO-ALFIANO,C218,2.66,1,TD,CST,BCA,DL,SSC,NO,FS,C3L,TO,B,
64740,S.MARTINO AL CIMINO,64745,TRE CROCI,C129,6.36,1,TE,CS,BCA,CTC,SCMT,NO,FS,C3L,RM,,
34680,BIVIO P.C. FEGINO,34685,BIVIO SUCCURSALE,N004,0.74,2,TE,N,BAB-CC,SCC,SCMT,SI,PC22,D4,GE,,P221|P234
16550,MILANO REPUBBLICA,16547,MILANO PORTA VENEZIA,N002,0.95,2,TE,N,BA-CC,CTC,SCMT,SI,PC22,D4,MI,,
12460,TB.PC.SEVESO,14660,QUADRIVIO P.C. TURRO,N002,2.1,2,TE,N,BAB-CC,SCCACCM,SCMT,SI,PC80,D4,MI,,
58680,PERGOLA,58675,BELLISIO SOLFARE,C239,3.4,1,TD,CSP,ALT,SPO,SSC,NO,FS,C3L,AN,B,
17263,VILLA DI TIRANO,17265,BIANZONE,C037,2.33,1,TE,CS,BCA,CTC,SCMT,NO,PC22,C3L,MI,,
56812,PESCARA S.MARCO,56800,P.M. S.G. TEATINO,C125,4.26,1,TE,CS,BCA,CTC,SCMT,SI,PC80,C3L,AN,,
04580,AOSTA,04620,QUART,C002,7.87,1,TD,CS,BCA,CTC,SCMT,NO,FS,C3L,TO,,P123
33341,MAjANO,33355,CORNINO,C226,5.67,1,TD,CST,BCA,CTC,SSC,NO,FS,B2,TS,B,P199
01480,OLCENENGO,01520,VERCELLI,F011,8.57,2,TE,F,BAB-CC,DC,SCMT,SI,PC80,D4,TO,,
83880,ARDORE,83920,BOVALINO,C162,3.78,1,TD,CS,BCA,CTC,SCMT,SI,PC32,C3L,RC,,P245
65100,ANGUILLARA,65140,CESANO DI ROMA,C129,3.04,1,TE,CS,BCA,CTC,SCMT,NO,FS,C3L,RM,,
78200,POTENZA SUPERIORE,78205,POTENZA UNIVERSITA',C154,1.08,1,TD,CS,BCA,DC,SSC,SI,FS,C3L,BA,,1674
12160,VANZAGO-POGLIANO,12380,RHO,N002,0.0,2,TE,N,BAB-CC,DC,SCMT,SI,PC80,D4L,MI,,0294
23385,AVIO,23387,BORGHETTO SULL'ADIGE,F027,4.87,2,TE,F,BAB-CC,SCC,SCMT,SI,PC80,D4,VR,,P224
77113,BARI S.RITA,77116,BARI LOSETO,,3.25,1,TE,CS,BCA,SCC,SCMT,SI,PC22,C3,BA,,
63420,AVEZZANO,66500,CAPISTRELLO,C133,8.69,1,TD,CS,BCA,CTC,SSC,NO,FS,<A,RM,,
46821,DEV. EST. P.M. ROVEZZANO D.D.,46823,SEGNALE DI CONFINE PM ROVEZZANO,F055,1.4,2,TE,F,BRA,SCCACCM,ERTMS_L2,SI,PC22,D4L,FI,,
43520,CESENATICO,43545,GATTEO A MARE,C102,4.67,1,TE,CS,BCA,CTC,SCMT,SI,PC32,D4L,BO,,
56720,MANOPPELLO,56680,ALANNO,C125,4.56,1,TE,CS,BCA,CTC,SCMT,SI,PC45,C3L,AN,,P240A|P240B
70961,LAVORATE,72240,CODOLA,C142,3.45,1,TE,CS,BCA,DC,SCMT,NO,FS,C3L,NA,A,I173
70682,PETINA,70688,AULETTA,,4.45,1,TD,CS,ALT,DU,,,n.c.,,NA,B,
05540,GATTINARA,05580,ROVASENDA ALTA,C227,9.11,1,TD,CST,BCA,CTC,SSC,NO,FS,D4L,TO,B,
14120,VILLAMAGGIORE,14160,CERTOSA DI PAVIA,F005,7.66,2,TE,F,BAB-CC,DC,SCMT,SI,PC45,D4,MI,,P133
80745,FALERNA,80780,GIZZERIA LIDO,F077,7.67,2,TE,F,BAB-CC,CTC,SCMT,SI,PC45,D4L,RC,,
95505,RUDALZA,95500,OLBIA,C237,10.33,1,TD,CS,BCA,CTC,SCMT,NO,PC30,C3L,CA,,
73621,MORRA DE SANCTIS-TEORA,73611,LIONI-VALLE DELLE VITI,C223,2.31,1,TD,CST,BCA,CTC,SSC,NO,FS,<A,NA,B,
33010,BIVIO CARGNACCO,33153,UDINE PARCO DEV. LAIPACCO,C094,5.21,1,TE,CS,BCA,DC,SCMT,SI,PC80,D4,TS,,
25520,VILLAFRANCA DI VERONA,25560,MOZZECANE,C070,5.2,1,TE,CS,BCA,CTC,SCMT,NO,PC45,D4L,VR,,
57290,L'AQUILA SASSA N.S.I.,57295,L'AQUILA CAMPO DI PILE,C231,3.38,1,TD,CST,BCA,CTC,SSC,NO,FS,<A,AN,,P210A
30770,BIVIO D'AURISINA SC. ESTR. GALLERIA,32810,BIVIO D'AUR. SC. ESTR. VIADOTTO,F035,0.64,2,TE,F,BCAB,DC,SCMT,SI,PC80,D4,TS,,0365A
30690,TRIESTE C.LE GR SC. GRETTA,32490,TRIESTE C.LE GR SC. ROIANO,F035,0.74,1,TE,F,BA-CF,DC,SCMT,SI,PC80,D4,TS,,
21580,PONTE S.MARCO-CALCINATO,21550,BIVIO MAZZANO,F023,8.53,2,TE,F,BAB-CC,SCCACCM,SCMT,SI,PC80,D4,VR,,0361
90740,MIMIANI-S.CATALDO,90780,CALTANISSETTA XIRBI,C177,9.46,1,TE,CS,BCA,CTC,SCMT,SI,FS,C3L,PA,,
69780,SCAFATI,69820,ANGRI,F073,4.42,2,TE,F,BAB-CC,DC,SCMT,SI,PC32,D4,NA,,
46020,LIVORNO CENTRALE,46120,ANTIGNANO,F051,6.71,2,TE,F,BAB-CC,SCC,SCMT,SI,PC22,D4,FI,,
79860,VALLO DELLA LUCANIA-CASTELNUOVO,79900,ASCEA,F075,10.63,2,TE,F,BAB-CC,CTC,SCMT,SI,PC32,D4L,RC,,
61744,BIVIO P.C. SGURGOLA,61780,MOROLO,F061,4.21,2,TE,F,BAB-CC,DC,SCMT,SI,PC32,D4,RM,,
20945,VILLA RAVERIO,20980,BESANA,C042,2.53,1,TD,CS,BEM,DC,SCMT,NO,FS,C3,MI,,
50483,SCOPETI,50520,CONTEA-LONDA,C110,4.38,1,TD,CS,BCA,CTC,SSC,SI,FS,B2,FI,,P200
39958,BOLOGNA S.VITALE,39960,BIVIO S.VITALE,N005,1.38,2,TE,N,BAB-CC,CTC,SCMT,SI,PC45,D4,BO,,
09905,NUCETTO,09910,BAGNASCO,C208,4.29,1,TD,CST,BCA,DL,SSC,NO,FS,B2L,TO,B,
18800,OLMENETA,19740,ROBECCO-PONTEVICO,C052,5.55,1,TE,CS,BCA,CTC,SCMT,NO,PC45,C3L,MI,,
31080,TORVISCOSA,31120,S.GIORGIO DI NOGARO,F035,5.64,2,TE,F,BCAB,DC,SCMT,SI,PC80,D4L,TS,,0365A
68515,GRICIGNANO,71160,BIVIO GRICIGNANO,C138,4.08,1,TE,CS,BA-CC,SCC,SCMT,SI,PC45,D4,NA,,
30140,MONTEBELLUNA,30180,FANZOLO,C079,9.62,1,TE,CS,BCA,CTC,SCMT,NO,FS,C3L,VE,,
57425,FONTECCHIO,57430,TIONE DEGLI ABRUZZI,C231,3.73,1,TD,CST,BCA,CTC,SSC,NO,FS,C3L,AN,,P210A
22350,P.C. TERME DI BRENNERO,22370,P.C. FLERES,F027,4.59,2,TE,F,BAB-CC,SCC,SCMT,SI,PC80,D4L,VR,,P224
00405,BRUZOLO DI SUSA,00460,BORGONE,F001,2.85,2,TE,F,BAB-CC,DC,SCMT,SI,PC45,D4,TO,,P215
14200,PAVIA,14295,"CIPPO KM 30/23,462",F005,1.4,2,TE,F,BAB-CC,SCCACCM,ERTMS_L2_SOVR,SI,PC45,D4,MI,,P133
13700,MILANO ROGOREDO,13728,S.DONATO MILANESE,F041,2.14,2,TE,F,BAB-CC,DC,SCMT,SI,PC80,D4,MI,,
19077,MALEO,19080,PIZZIGHETTONE,C061,2.27,1,TE,CS,BCA,CTC,SCMT,SI,PC45,D4L,MI,,
74210,P.M. S.ANGELO,74240,1° BIVIO CASSINO SUD,A001,9.44,2,TE25,F,BRA,SCC,ERTMS_L2,SI,PC80,D4,NA,,P224
86180,GIOJOSA MAREA,86220,BROLO-FICARRA,C175,6.13,1,TE,CS,BCA,SCC,SCMT,SI,PC22,C3,PA,,
73720,MONTICCHIO,73691,S.TOMMASO DEL PIANO,C223,4.32,1,TD,CST,BCA,CTC,SSC,NO,FS,<A,NA,B,
55740,CAMPELLO SUL CLITUNNO,55780,TREVI,F065,6.48,2,TE,F,BAB-CC,CTC,SCMT,SI,PC45,D4L,AN,,
46440,S.VINCENZO,46462,DEV.LINEA PIOMBINO,F051,9.53,2,TE,F,BAB-CC,SCC,SCMT,SI,PC80,D4,FI,,
11090,P.C. RECETTO,11110,BIVIO NOVARA OVEST,A003,15.88,2,TE25,F,BRA,SCCACCM,ERTMS_L2,SI,PC80,D4,TO,,
66300,SORA,66260,ISOLA LIRI,C133,5.43,1,TD,CS,BCA,CTC,SSC,NO,FS,<A,RM,,
13733,BORGOLOMBARDO,13737,S.GIULIANO MILANESE,F041,1.93,2,TE,F,BAB-CC,DC,SCMT,SI,PC80,D4,MI,,
29360,NOALE-SCORZE',29370,SALZANO-ROBEGANO,C092,3.52,1,TE,CS,BCA,SCC,SCMT,SI,PC80,D4L,VE,,
35220,ANDORA,35240,LAIGUEGLIA,F009,2.84,1,TE,F,BCA,SCCACCM,SCMT,SI,PC22,D4L,GE,,
67209,DEV. DIR. ROCCA D'EVANDRO,67220,ROCCA D'EVANDRO-S.VITTORE,F061,0.42,1,TE,F,BA-CC,DC,SCMT,NO,PC45,D4L,NA,,
04180,FOSSANO,08020,MADDALENE,C009,6.76,1,TE,CS,BCA,CTC,SCMT,NO,PC45,C3L,TO,,
76500,GIOIA DEL COLLE,76570,P.M. GROTTALUPARA,C159,11.6,2,TE,CS,BCAB,SCC,SCMT,SI,PC45,D4L,BA,,
18063,LESMO,16280,CARNATE-USMATE,C047,5.45,1,TE,CS,BCA,DL,SCMT,NO,PC22,C3L,MI,,
56900,GRECCIO,56940,CONTIGLIANO,C231,5.93,1,TD,CST,BCA,CTC,SSC,NO,FS,C3L,AN,,P210A
06437,DEVIATOIO ESTREMO CASALE MONFERRATO,06440,CASALE MONFERRATO,C004,1.52,1,TE,CS,BCA,CTC,SCMT,NO,PC45,C3L,TO,,
30611,DEV.RACCORDO PARTENZE,33067,DEV.RACCORDO ARRIVI,F035,1.11,1,TE,CS,BCA,DC,SCMT,SI,PC80,D4,TS,,
47660,PONTASSIEVE,50480,RUFINA,C110,7.51,1,TD,CS,BCA,CTC,SSC,SI,FS,B2,FI,,P200
43730,CASTELDEBOLE,43740,CASALECCHIO GARIBALDI,N005,2.22,2,TE,N,BCAB,CTCACCM,SCMT,SI,FS,C3L,BO,,
33540,MANIAGO,33580,MONTEREALE VALCELLINA,C226,4.99,1,TD,CST,BCA,CTC,SCMT,NO,FS,C3L,TS,,P199
68387,DEV.INT.NAPOLI C.LE,70580,NAPOLI CENTRALE,N008,1.17,2,TE,N,BA-CF,SCC,SCMT,SI,FS,D4,NA,,
55885,VALTOPINA,55880,CAPODACQUA,F065,3.82,1,TE,F,BCA,CTC,SCMT,SI,PC45,D4L,AN,,
45380,MASSA ZONA INDUSTRIALE,45420,MASSA CENTRO,F045,3.17,2,TE,F,BAB-CC,SCC,SCMT,SI,PC32,D4,FI,,
89940,CASTRONOVO DI SICILIA,90565,LERCARA DIRAMAZIONE,C182,6.5,1,TE,CS,BCA,CTC,SCMT,SI,FS,A,PA,,P247
85470,MESSINA MARITTIMA,85480,MESSINA CENTRALE,,0.4,2,TE,CS,ALT,SCC,SCMT,SI,PC22,C3,PA,,
12420,MILANO CERTOSA,14560,BIVIO MUSOCCO,N002,1.13,2,TE,N,BAB-CC,SCCACCM,SCMT,SI,PC80,D4,MI,,
12660,CANTU'-CERMENATE,12700,CARIMATE,F017,2.41,2,TE,F,BAB-CC,SCCACCM,ERTMS_L2_SOVR,SI,PC80,D4,MI,,
14660,QUADRIVIO P.C. TURRO,14779,MILANO CENTRALE,N002,2.03,2,TE,N,BAB-CF,SCCACCM,SCMT,SI,PC45,D4,MI,,
68387,DEV.INT.NAPOLI C.LE,70580,NAPOLI CENTRALE,N008,1.17,2,TE,N,BAB-CC,SCC,SCMT,SI,FS,D4,NA,,
87325,TREMESTIERI,87350,MILI MARINA,C169,1.76,2,TE,CS,BAB-CC,SCC,SCMT,SI,PC22,C3,PA,,
79820,OMIGNANO-SALENTO,79860,VALLO DELLA LUCANIA-CASTELNUOVO,F075,3.29,2,TE,F,BAB-CC,CTC,SCMT,SI,PC32,D4L,RC,,
60243,COLLEVECCHIO-POGGIO SOMMAVILLA,60280,STIMIGLIANO,F053,4.03,2,TE,F,BAB-CC,SCCACCM,SCMT,SI,PC45,D4L,RM,,
22860,BOLZANO,22862,DEV. ESTREMO BOLZANO,F027,1.84,2,TE,F,BAB-CC,SCC,SCMT,SI,PC80,D4,VR,,P136|P224
02500,TORINO ORBASSANO FASCIO ARRIVI,02540,TORINO ORBASSANO FASCIO SUD,N001,1.33,2,TE,N,BA-CF,SCCACCM,SCMT,SI,PC80,D4,TO,,P175|P216
16600,TORTONA,16700,PONTECURONE,F005,8.75,2,TE,F,BAB-CC,DC,SCMT,SI,PC45,D4L,MI,,P133
89980,CAMMARATA-S.GIOVANNI GEMINI,90020,ACQUAVIVA-CASTELTERMINI,C182,10.52,1,TE,CS,BCA,CTC,SCMT,SI,FS,A,PA,,P247
30920,RONCHI DEI LEGIONARI SUD,30925,TRIESTE AIRPORT,F035,1.25,2,TE,F,BAB-CC,DC,SCMT,SI,PC80,D4L,TS,,0365A
72000,AVELLINO,71971,MONTEFREDANE,C197,3.54,1,TD,CST,BCA,CTC,SCMT,SI,FS,C3L,NA,,I173
33010,BIVIO CARGNACCO,33012,DEV. BIVIO CARGNACCO,C094,0.11,1,TE,CS,BCA,DC,SCMT,SI,PC80,D4L,TS,,
06810,MONGARDINO,06820,VIGLIANO D'ASTI,C195,2.01,1,TE,CST,BCA,DL,SCMT,SI,FS,C3L,TO,,
76785,BIVIO P.C. METAPONTO,76885,P.M. S.NICOLA,C159,1.44,2,TE,CS,BCAB,SCC,SCMT,SI,PC45,D4L,BA,,
14082,PIEVE EMANUELE,14120,VILLAMAGGIORE,F005,2.37,2,TE,F,BAB-CC,DC,SCMT,SI,PC45,D4,MI,,P133
59154,SEGN.CONF.ORVIETO SUD,59160,1° BIVIO ORVIETO SUD,,0.47,2,TE,F,BAB-CC,CTC,SCMT,SI,PC22,D4L,FI,,
12495,CHIASSO SMISTAMENTO,12505,CHIASSO,F017,2.94,1,TE,F,ALT,DC,ERTMS_L1_SOVR,NO,PC80,D4,MI,,
01820,TORINO LINGOTTO,02620,TORINO SMISTAMENTO NORD,N001,1.99,2,TE,N,BAB-CC,DL,SCMT,SI,PC45,D4,TO,,
80920,ECCELLENTE,80960,VIBO VALENTIA-PIZZO,F077,13.93,2,TE,F,BAB-CC,CTC,SCMT,SI,PC45,D4L,RC,,
79900,ASCEA,79940,PISCIOTTA-PALINURO,F075,8.72,2,TE,F,BAB-CC,CTC,SCMT,SI,PC32,D4L,RC,,
09323,GRIGNASCO,09322,PRATO SESIA,C035,5.01,1,TD,CS,BCA,DL,SSC,NO,FS,<A,TO,A,
85320,FEROLETO ANTICO-PIANOPOLI,85360,MARCELLINARA,C163,10.07,1,TD,CS,BCA,SCCACCM,SCMT,SI,FS,C3L,RC,,P245
05810,PM BARAGGE,05790,SUNO,C034,3.31,1,TE,CS,BCA,CTC,SCMT,SI,PC80,D4L,TO,,
45140,LA SPEZIA MIGLIARINA,45143,CA' DI BOSCHETTI,F045,2.16,2,TE,F,BAB-CC,SCC,SCMT,SI,PC32,D4,FI,,
44200,VALDIBRANA,44205,PISTOIA OVEST,C115,3.47,1,TE,CS,BCA,CTC,SCMT,NO,FS,C3L,BO,,
53100,MONTE ANTICO,53140,CIVITELLA PAGANICO,C228,8.15,1,TD,CST,BCA,CTC,SCMT,SI,FS,A,FI,,
38400,P.P. CORVI (posto passaggio doppio/semplice),38402,"CIPPO KM 0/8,674",N004,0.17,1,TE,N,BA-CC,SCCACCM,SCMT,SI,PC45,D4,GE,,P234
38660,FIDENZA,38700,CASTELGUELFO,F041,9.6,2,TE,F,BAB-CC,DC,SCMT,SI,PC45,D4,BO,,
53520,BUONCONVENTO,53523,MURLO,C228,8.75,1,TD,CST,BCA,CTC,SCMT,SI,FS,C3L,FI,,
09517,MEDE,03160,TORREBERETTI,C028,7.58,1,TD,CS,BCA,CTC,SCMT,NO,FS,D4L,TO,,
53740,RICCIONE,53745,MISANO ADRIATICO,F063,3.93,2,TE,F,BAB-CC,SCCACCM,SCMT,SI,PC80,D4L,AN,,
99150,ANNONE VENETO,99180,PRAMAGGIORE-BLESSAGLIA,C084,3.04,1,TE,CS,BCA,CTCACCM,SCMT,SI,PC80,D4L,VE,,
17248,BIVIO P.C. MELEGNANO,26004,"SEGN. CONFINE KM 190,229",A005,0.99,2,TE,F,BAB-CC,SCCACCM,SCMT,SI,PC80,D4,BO,,
14940,P.M. TRECCA,15136,MILANO ROGOREDO DEV.I,N002,0.95,2,TE,N,BAB-CC,SCCACCM,SCMT,SI,PC80,D4,MI,,
51160,LUCCA,51200,TASSIGNANO CAPANNORI,C116,5.18,1,TE,CS,BCA,CTC,SCMT,SI,FS,D4,FI,,
13940,CODOGNO,19077,MALEO,C061,5.45,1,TE,CS,BCA,CTC,SCMT,SI,PC45,D4L,MI,,
77267,ALBANO DI LUCANIA,77280,CAMPOMAGGIORE-PIETRAPERTOSA,C155,7.01,1,TE,CS,BCA,CTC,SCMT,SI,PC25,C3,BA,,
73160,CARPINONE,73200,ISERNIA,C140,10.63,1,TE,CS,BCA,SCCACCM,SCMT,NO,FS,C3L,NA,,P246
13102,MELZO,13103,POZZUOLO MARTESANA,F023,3.01,2,TE,F,BAB-CC,SCCACCM,SCMT,SI,PC80,D4,MI,,
91560,MAZARA DEL VALLO,91620,PETROSINO-STRASATTI,C192,11.37,1,TD,CST,BCA,CTC,SCMT,NO,FS,C3L,PA,,
95515,CALA SABINA,95510,MARINELLA,C237,3.82,1,TD,CS,BCA,CTC,SCMT,NO,PC30,C3L,CA,,
19620,BAGNOLO MELLA,19660,MANERBIO,C052,8.94,1,TE,CS,BCA,CTC,SCMT,NO,PC45,C3L,MI,,
66260,ISOLA LIRI,66220,ARPINO,C133,4.63,1,TD,CS,BCA,CTC,SSC,NO,FS,<A,RM,,
15600,LAVENO-MOMBELLO,15640,LEGGIUNO-MONVALLE,C036,4.01,1,TE,CS,BCA,CTC,SCMT,SI,PC80,D4L,MI,,
84860,TARSIA,84900,S.MARCO-ROGGIANO,C168,6.14,1,TE,CS,BCA,CTC,SCMT,SI,PC45,C3,RC,,
88340,LENTINI,88380,AGNONE DI SIRACUSA,C171,9.07,1,TE,CS,BCA,SCC,SCMT,SI,PC22,C3L,PA,,0271A
59280,1° BIVIO ORTE NORD,60080,2° BIVIO ORTE NORD,F055,1.54,2,TE,F,BAB-CC,CTC,SCMT,SI,PC22,D4L,RM,,
10203,"CIPPO KM 0/8,356",10205,OVIGLIO,C206,4.66,1,TD,CST,BCA,DL,SSC,NO,FS,C3L,TO,B,
41840,SOLAROLO,41870,BARBIANO,C106,4.12,1,TE,CS,BCA,CTC,SCMT,SI,PC80,D4L,BO,,
25760,SUZZARA,25763,PALIDANO,C072,3.03,1,TE,CS,BCA,CTC,SCMT,NO,PC45,D4L,BO,,
12700,CARIMATE,12740,CAMNAGO-LENTATE,F017,3.86,2,TE,F,BAB-CC,SCCACCM,ERTMS_L2_SOVR,SI,PC80,D4,MI,,
67260,TORA-PRESENZANO,67300,VAIRANO-CAIANELLO,F061,7.34,2,TE,F,BAB-CC,DC,SCMT,SI,PC45,C3,NA,,
01900,TROFARELLO,03980,VILLASTELLONE,C011,7.02,2,TE,CS,BAB-CC,SCCACCM,SCMT,NO,PC45,D4L,TO,,
03040,MORTARA,20680,PARONA LOMELLINA,C058,5.27,1,TE,CS,BCA,CTC,SCMT,SI,FS,C3L,MI,,
25720,ROMANORE,25760,SUZZARA,C071,7.74,1,TE,CS,BCA,CTC,SCMT,NO,PC45,D4L,VR,,
35780,COGOLETO,35820,ARENZANO,F007,3.14,2,TE,F,BAB-CC,DC,SCMT,SI,PC32,D4,GE,,
33920,NOVI LIGURE,33960,SERRAVALLE SCRIVIA,F005,7.13,2,TE,F,BA-CC,DC,SCMT,SI,PC32,D4L,GE,,P234
03900,D.ESTR.MONC.SANG,01820,TORINO LINGOTTO,N001,2.55,2,TE,N,BAB-CC,SCCACCM,SCMT,SI,PC45,D4,TO,,
27040,PADOVA,27050,PADOVA FASCIO SECONDARIO,F033,1.21,2,TE,F,BAB-CC,SCC,SCMT,SI,PC80,D4,VE,,
53290,RIGOLI,53280,RIPAFRATTA,C117,3.69,1,TE,CS,BCA,CTC,SCMT,SI,FS,D4L,FI,,
04660,NUS,04700,CHAMBAVE,C002,7.02,1,TD,CS,BCA,CTC,SCMT,NO,FS,C3L,TO,,P123
11440,CUZZAGO (Linea Domo-Mi),11480,MERGOZZO,F013,7.04,2,TE,F,BA-CC,DC,SCMT,SI,PC50,D4,MI,,
01860,MONCALIERI,01900,TROFARELLO,N001,5.02,2,TE,N,BAB-CC,SCCACCM,SCMT,SI,PC45,D4,TO,,
12620,BIVIO PC/ ROSALES,12623,CUCCIAGO,F017,3.01,2,TE,F,BAB-CC,SCCACCM,ERTMS_L2_SOVR,SI,PC80,D4,MI,,
15170,MILANO ROMOLO,15180,MILANO S.CRISTOFORO,N002,3.21,2,TE,CS,BAB-CC,CTC,SCMT,SI,PC45,C3L,MI,,
56180,ALBACINA,56220,GENGA-S.VITTORE TERME,F065,7.38,1,TE,F,BCA,CTC,SCMT,SI,PC45,D4L,AN,,
52280,PONTE A ELSA,52320,GRANAIOLO,C121,5.83,1,TD,CS,BCA,CTC,SCMT,SI,FS,D4,FI,,P101
90060,CAMPOFRANCO,90100,COMITINI,C182,11.52,1,TE,CS,BCA,CTC,SCMT,SI,FS,A,PA,,P247
01160,BIVIO CASTELROSSO,06200,VEROLENGO,C005,3.16,1,TE,CS,BCA,CTC,SCMT,NO,PC45,C3,TO,,
23860,VERONA PORTA NUOVA SCALO,23870,DIRAMAZIONE VR SC-VR PN,F025,0.1,2,TE,F,BAB-CF,SCC,SCMT,SI,PC80,D4,VR,,P222
34685,BIVIO SUCCURSALE,36940,GENOVA CAMPASSO,N004,1.98,1,TE,N,BA-CC,SCC,SCMT,SI,FS,C3L,GE,,P234
65345,QUATTRO VENTI,65810,ROMA TRASTEVERE,N007,1.25,2,TE,N,BAB-CC,SCCACCM,SCMT,SI,PC32,C3,RM,,P053
80880,S.PIETRO A MAIDA-MAIDA,80885,CURINGA,F077,3.41,2,TE,F,BAB-CC,CTC,SCMT,SI,PC45,D4L,RC,,P140
23705,BUTTAPIETRA,23715,ISOLA DELLA SCALA,F029,7.99,2,TE,F,BAB-CC,SCC,SCMT,SI,PC80,D4,VR,,P222|P224
32562,TRIESTE CAMPO MARZIO,32920,VILLA OPICINA,F035,14.9,1,TE,F,BCA,DC,SCMT,SI,PC45,C3L,TS,,
37850,MOLARE,37880,OVADA,C017,2.1,1,TE,CS,BCA,SCC,SCMT,SI,FS,C3L,GE,,P198
34145,PIANO ORIZZONTALE DEI GIOVI,34180,GENOVA PONTEDECIMO,F019,4.4,2,TE,F,BAB-CC,SCC,SCMT,SI,PC22,D4L,GE,,P221
30880,MONF.DEV.S.POLO,30920,RONCHI DEI LEGIONARI SUD,F035,2.19,2,TE,F,BAB-CF,SCCACCM,SCMT,SI,PC80,D4L,TS,,0365A
08393,OLIVETTA-S.MICHELE,08394,P.M. KM.11.959,C010,1.14,1,TD,CS,BCA,CTC,SCMT,NO,FS,C3L,TO,,
47536,DEVIATOIO FAENTINA (FIRENZE CAMPO DI MARTE),97262,FIRENZE S.MARCO VECCHIO (IL CIONFO),N006,0.53,1,TD,N,BA-CF,SCCACCM,SCMT,SI,FS,D4L,FI,,
10780,VERZUOLO,10785,COSTIGLIOLE SALUZZO,C243,3.31,1,TD,CSP,BCA,CTC,SCMT,NO,PC45,C3L,TO,,
16580,SPINETTA,16583,S.GIULIANO PIEMONTE,F021,6.21,2,TE,F,BCA,DC,SCMT,SI,PC45,D4L,MI,,
76840,P.M. CERVARO,77795,SANTUARIO INCORONATA,C153,3.85,1,TD,CS,BCA,CTC,SCMT,SI,PC45,C3L,BA,,1674
00200,OULX-CESANA-CLAVIERE-SESTRIERE,00240,SALBERTRAND,F001,5.94,2,TE,F,BAB-CC,DC,SCMT,SI,PC45,D4,TO,,
36705,MANAROLA,36740,RIOMAGGIORE,F045,0.76,2,TE,F,BAB-CC,SCC,SCMT,SI,PC22,D4L,GE,,
36060,GENOVA QUARTO DEI MILLE,36070,GENOVA QUINTO AL MARE,N004,2.03,2,TE,N,BAB-CC,SCC,SCMT,SI,PC22,D4L,GE,,
35640,SAVONA,37362,"CIPPO KM 0/1,493",C097,0.39,1,TE,CS,BCA,SCC,SCMT,SI,PC32,C3L,GE,,
04140,SAVIGLIANO,10735,"CIPPO KM 0/39,166",C245,0.78,1,TD,CSP,BCA,CTC,SCMT,NO,PC45,C3L,TO,,
26017,1° BIVIO PIACENZA EST,26018,"SEGN. CONFINE KM 2,980",A005,2.98,2,TE25,F,BRA,SCCACCM,ERTMS_L2,SI,PC80,D4,BO,,
19930,VISANO,19960,REMEDELLO SOPRA,C065,4.27,1,TD,CS,BCA,CTC,SCMT,NO,PC22,C3L,MI,,
59980,ATTIGLIANO BOMARZO,60080,2° BIVIO ORTE NORD,F053,7.71,2,TE,F,BAB-CC,CTC,SCMT,SI,PC22,D4L,RM,,
40080,CASTEL S.PIETRO TERME,40120,IMOLA,F063,11.02,2,TE,F,BAB-CC,CTC,SCMT,SI,PC80,D4,BO,,P223|P262A
56860,MARMORE,56865,LABRO-MOGGIO,C231,5.5,1,TD,CST,BCA,CTC,SSC,NO,FS,C3L,AN,,P210A
44780,MASSALOMBARDA,44750,S.PATRIZIO,C105,4.88,1,TD,CS,BCA,CTC,SSC,SI,PC32,D4L,BO,,
56345,PANTIERE DI CASTELBELLINO,56340,MONTECAROTTO-CASTELBELLINO,F065,2.81,2,TE,F,BCAB,CTC,SCMT,SI,PC45,D4L,AN,,
22660,CHIUSA,22700,PONTE GARDENA-LAION,F027,5.81,2,TE,F,BAB-CC,SCC,SCMT,SI,PC80,D4L,VR,,P224
21900,VERONA PORTA NUOVA,21904,DEV. ESTREMO VR,F025,1.01,2,TE,F,BAB-CC,SCCACCM,SCMT,SI,PC80,D4,VR,,P222
61140,MACCARESE-FREGENE,61200,ROMA AURELIA,N007,14.03,2,TE,N,BAB-CC,SCC,SCMT,SI,PC32,C3,RM,,
25840,ROLO-NOVI-FABBRICO,25880,CARPI,C072,11.58,1,TE,CS,BCA,CTC,SCMT,NO,PC45,D4L,BO,,
21407,SAMOLACO,21480,NOVATE MEZZOLA,C038,4.03,1,TE,CS,BCA,CTC,SCMT,NO,PC22,C3L,MI,,
17460,ARDENNO-MASINO,17463,TALAMONA,C039,4.93,1,TE,CS,BCA,CTC,SCMT,NO,PC22,C3L,MI,,
34360,GENOVA SAMPIERDARENA,36823,DEV.I.GE SAMP.SMIST.TO,N004,0.45,2,TE,N,BAB-CC,SCC,SCMT,SI,PC45,D4L,GE,,
77020,CASTELLANETA MARINA,77060,GINOSA,C156,8.55,1,TE,CS,BCA,CTC,SCMT,SI,PC45,C3L,BA,,
30640,TRIESTE CENTRALE,30690,TRIESTE C.LE GR SC. GRETTA,F035,1.42,2,TE,F,BAB-CF,DC,SCMT,SI,PC80,D4,TS,,
34040,ISOLA DEL CANTONE,34080,RONCO SCRIVIA,F019,3.81,2,TE,F,BAB-CC,SCC,SCMT,SI,PC22,D4L,GE,,
58880,TERAMO,58878,NEPEZZANO-PIANO D'ACCIO,C211,4.06,1,TE,CST,BCA,CTC,SCMT,NO,FS,C3L,AN,,
15780,CASTELLETTO TICINO,02820,OLEGGIO,C036,13.07,1,TE,CS,BCA,DL,SCMT,SI,PC80,D4L,MI,,
45140,LA SPEZIA MIGLIARINA,50400,LA SPEZIA MARITTIMA,F045,3.35,1,TE,F,BCA,SCC,SCMT,SI,PC32,D4,FI,,
27410,LISON,27390,PORTOGRUARO-CAORLE,F035,6.51,2,TE,F,BCAB,SCC,SCMT,SI,PC80,D4L,VE,,0365A
69000,PADULI SUL CALORE,69040,APICE-S.ARCANGELO-BONITO,F071,6.97,2,TE,F,BCA,CTC,SCMT,SI,PC22,C3L,NA,,
85360,MARCELLINARA,85400,SETTINGIANO,C163,4.45,1,TD,CS,BCA,SCCACCM,SCMT,SI,FS,C3L,RC,,P245
03040,MORTARA,03067,OLEVANO,C026,4.72,2,TE,CS,BCA,DL,SCMT,SI,PC45,D4L,TO,,
72735,DEV.EST. VENAFRO NORD,72740,VENAFRO,F061,2.02,1,TE,F,BCA,DC,SCMT,NO,PC45,D4L,NA,,
26110,RIOSTO PDE,26115,LAURINZIANO PDE,A007,3.65,2,TE25,F,BRA,SCCACCM,ERTMS_L2,SI,PC80,D4,BO,,
95220,MADONNA DI CASTRO,95180,OZIERI-FRAIGAS,C185,7.55,1,TD,CS,BCA,CTC,SCMT,NO,PC30,C3L,CA,,
13220,TREVIGLIO,13260,VIDALENGO,F023,4.0,2,TE,F,BAB-CC,SCCACCM,SCMT,SI,PC80,D4,MI,,
10440,ALBA,10460,MUSSOTTO,C206,2.27,1,TE,CST,BCA,DL,SCMT,NO,FS,C3L,TO,,
40665,RASTIGNANO,40670,MUSIANO-PIAN DI MACINA,F043,4.98,2,TE,F,BAB-CC,CTC,SCMT,SI,PC22,D4,BO,,P261
39845,P. M. SANTA VIOLA,42700,BOLOGNA CENTRALE,N005,4.16,2,TE,N,BCAB,CTC,SCMT,SI,PC45,D4,BO,,
55960,GAIFANA,56000,GUALDO TADINO,F065,7.1,1,TE,F,BCA,CTC,SCMT,SI,PC45,D4L,AN,,
52680,ASCIANO,52720,RAPOLANO TERME,C123,6.28,1,TD,CS,BCA,CTC,SCMT,NO,FS,D4L,FI,,
85540,MESSINA SCALO,85660,VILLAFRANCA TIRRENA-SAPONARA,C175,14.15,2,TE,CS,BAB-CC,SCC,SCMT,SI,PC22,C3,PA,,
00540,CONDOVE-CHIUSA S.MICHELE,00580,S.AMBROGIO,F001,3.59,2,TE,F,BAB-CC,DC,SCMT,SI,PC45,D4,TO,,P215
32490,TRIESTE C.LE GR SC. ROIANO,32562,TRIESTE CAMPO MARZIO,F035,6.93,2,TE,F,BAB-CF,DC,SCMT,SI,PC80,D4,TS,,
83400,SOVERATO,83440,S.ANDREA DELLO JONIO,C162,7.21,1,TD,CS,BCA,CTC,SCMT,SI,PC32,C3L,RC,,P245
70703,ATENA,70709,SALA CONSILINA,,6.73,1,TD,CS,ALT,DU,,,n.c.,,NA,B,I107A|P238A
44750,S.PATRIZIO,44740,CONSELICE,C105,2.36,1,TD,CS,BCA,CTC,SSC,SI,PC32,D4L,BO,,
61900,CEPRANO-FALVATERRA,61903,ISOLETTA-S.GIOVANNI INCARICO,F061,2.02,2,TE,F,BAB-CC,DC,SCMT,SI,PC32,D4,RM,,
69320,ORSARA DI PUGLIA,69360,BOVINO-DELICETO,F071,9.16,1,TE,F,BCA,CTC,SCMT,SI,PC22,C3L,NA,,
47620,COMPIOBBI,47625,SIECI,F053,3.45,2,TE,F,BAB-CC,CTC,SCMT,SI,PC22,D4L,FI,,
72780,CAPRIATI AL VOLTURNO,72791,SESTO CAMPANO,F061,2.99,1,TE,F,BCA,DC,SCMT,NO,PC45,C3L,NA,,
62595,GALLESE BASSANELLO,62600,CORCHIANO,,3.51,1,,CS,ALT,DU,,,n.c.,,RM,B,
44920,PRATO CENTRALE,51533,CALENZANO,F043,3.83,2,TE,F,BAB-CC,DC,SCMT,SI,PC80,D4,FI,,
29400,MAERNE DI MARTELLAGO,29408,BIVIO P.C. SPINEA,N003,3.48,2,TE,N,BAB-CF,SCC,SCMT,SI,PC80,D4L,VE,,
97262,FIRENZE S.MARCO VECCHIO (IL CIONFO),97260,IL CIONFO,N006,0.48,1,TD,N,BA-CF,SCCACCM,SCMT,SI,FS,D4L,FI,,
87370,PONTE SCHIAVO,87375,SAN PAOLO,C169,1.22,2,TE,CS,BAB-CC,SCC,SCMT,SI,PC22,C3,PA,,
31870,VENZONE,31900,GEMONA DEL FRIULI,F037,6.7,2,TE,F,BAB-CC,SCC,SCMT,SI,PC80,D4,TS,,
27040,PADOVA,41000,PADOVA CAMPO MARTE,F031,2.75,2,TE,F,BAB-CC,SCC,SCMT,SI,PC80,D4,VE,,
79035,AMENDOLA,79040,FRATTAROLO,C236,13.47,1,TD,CSP,ALT,SPO,SCMT,NO,PC45,D4,BA,,
21860,BIVIO P.C. FENILONE,23620,BIVIO P.C. S.MASSIMO,F027,1.24,2,TE,F,BAB-CC,SCC,SCMT,SI,PC80,D4,VR,,
27160,DOLO,27200,MIRA-MIRANO,F033,3.83,2,TE,F,BAB-CC,SCC,SCMT,SI,PC80,D4,VE,,
25880,CARPI,25920,SOLIERA MODENESE,C072,6.78,1,TE,CS,BCA,CTC,SCMT,NO,PC45,D4L,BO,,
40465,RIMINIFIERA,40500,RIMINI,F063,4.07,2,TE,F,BAB-CC,SCCACCM,SCMT,SI,PC80,D4,BO,,P223
12460,TB.PC.SEVESO,14560,BIVIO MUSOCCO,N002,3.7,2,TE,N,BAB-CC,SCCACCM,SCMT,SI,PC80,D4,MI,,
67300,VAIRANO-CAIANELLO,67321,RIARDO-PIETRAMELARA,F061,6.34,2,TE,F,BAB-CC,DC,SCMT,SI,PC45,C3,NA,,
71511,SASSINORO,71540,S.CROCE DEL SANNIO,C202,5.37,1,TD,CST,BCA,CTC,SSC,NO,FS,C3L,NA,B,
13500,OSPITALETTO-TRAVAGLIATO,13530,BRESCIA BIN.EST.,F023,7.11,2,TE,F,BAB-CC,SCCACCM,SCMT,SI,PC80,D4,MI,,
13100,MELZO SCALO,13102,MELZO,F023,0.85,2,TE,F,BAB-CC,SCCACCM,SCMT,SI,PC80,D4,MI,,
40380,GAMBETTOLA,40420,SAVIGNANO SUL RUBICONE,F063,6.58,2,TE,F,BAB-CC,SCCACCM,SCMT,SI,PC80,D4,BO,,P223
71183,MADDALONI MARCIANISE SM. UM 1 PB 403,71185,MADDALONI MARCIANISE SM. UM 1,F061,1.58,2,TE,F,BAB-CC,SCC,SCMT,SI,PC45,D4,NA,,0099A|0099B|0279A|0279B|0281|0284
23980,MANTOVA FRASSINE,23985,FASCIO VALDARO,C073,1.86,1,TE,CS,BCA,CTC,SCMT,SI,PC80,D4L,VR,,
65480,PAVONA,65483,CANCELLIERA,C135,1.72,1,TE,CS,BCA,CTC,SCMT,SI,FS,C3L,RM,,
73411,LAPIO,73400,MONTEMILETTO,C223,3.69,1,TD,CST,BCA,CTC,SSC,NO,FS,<A,NA,B,
88030,CANNIZZARO,88051,CATANIA OGNINA,C169,3.02,2,TE,CS,BAB-CC,SCC,SCMT,SI,PC22,C3,PA,,
46480,CAMPIGLIA MARITTIMA,46520,VIGNALE RIOTORTO,F051,8.6,2,TE,F,BAB-CC,SCC,SCMT,SI,PC80,D4,FI,,
20600,ABBIATEGRASSO,20640,VIGEVANO,C058,10.59,1,TE,CS,BCA,CTC,SCMT,SI,FS,C3L,MI,,
69200,PIANEROTTOLO D'ARIANO,69240,SAVIGNANO GRECI,F071,5.71,1,TE,F,BCA,CTC,SCMT,SI,PC22,C3L,NA,,
51465,PDE SERRAVALLE,51470,PES PISTOIA,C116,7.37,2,TE,CS,BAB-CC,CTCACCM,SCMT,SI,FS,D4,FI,,
04940,PONT-SAINT-MARTIN,04900,DONNAS,C002,2.59,1,TD,CS,BCA,CTC,SCMT,NO,FS,C3L,TO,,P123
32200,S.GIOVANNI AL NATISONE,32240,CORMONS,F039,5.45,2,TE,F,BCA,DC,SCMT,SI,PC80,D4L,TS,,
19500,CASTELLUCCHIO,25680,MANTOVA,C063,10.9,1,TE,CS,BCA,CTC,SCMT,SI,PC45,D4,MI,,I178A
06005,ORNAVASSO,06007,CUZZAGO (Linea Domo-No),C033,4.63,1,TE,CS,BCA,CTC,SCMT,SI,PC80,D4L,TO,,
69500,DOPPIO BIVIO MARITTIMA,71200,"DEV.EST.NA C.LE (DEV.Km 0,894)",N008,1.19,2,TE,N,BAB-CC,SCC,SCMT,SI,PC22,D4,NA,,
26775,ANCONETTA,26780,CAVAZZALE,C069,3.47,1,TD,CS,BCA,CTC,SCMT,NO,FS,C3L,VR,,
70220,CONTURSI TERME,70260,SICIGNANO,C136,6.3,1,TE,CS,BCA,CTC,SCMT,SI,PC22,C3L,NA,,
89620,BRUCA,89700,FULGATORE,C204,11.59,1,TD,CST,BCA,CTC,SSC,NO,FS,C3L,PA,B,I162|P236
67540,CASERTA,67600,MADDALONI INFERIORE,F061,5.76,2,TE,F,BAB-CC,SCCACCM,SCMT,SI,PC45,C3,NA,,
93060,S.OLIVA,93100,LICATA,C210,10.05,1,TD,CST,BCA,CTC,SCMT,SI,FS,C3L,PA,,
05185,MERCENASCO,05180,STRAMBINO,C002,3.23,1,TE,CS,BCA,CTC,SCMT,NO,FS,C3L,TO,,P123
25380,GRIGNO,25385,TEZZE DI GRIGNO,C232,4.99,1,TD,CST,BCA,CTC,SCMT,NO,FS,C3,VR,,
43285,GLORIE,43340,MEZZANO,C101,2.89,1,TE,CS,BCA,CTC,SCMT,SI,PC32,D4L,BO,,
89165,PALERMO CARDILLO,89180,PALERMO TOMMASO NATALE,C181,1.99,2,TE,CS,BCAB,SCC,SCMT,SI,FS,C3,PA,,0036
39845,P. M. SANTA VIOLA,42700,BOLOGNA CENTRALE,N005,4.16,2,TE,N,BAB-CC,CTC,SCMT,SI,PC45,D4,BO,,
35605,BIVIO DORIA,35640,SAVONA,F009,2.79,2,TE,F,BA-CF,DC,SCMT,SI,PC22,D4,GE,,
14160,CERTOSA DI PAVIA,14200,PAVIA,F005,7.74,2,TE,F,BAB-CC,DC,SCMT,SI,PC45,D4,MI,,P133
41960,RUSSI,42000,GODO,C108,3.42,1,TE,CS,BCA,CTC,SCMT,SI,PC32,D4L,BO,,
45180,VEZZANO LIGURE,50400,LA SPEZIA MARITTIMA,F045,4.59,1,TE,F,BCA,SCC,SCMT,SI,PC32,D4,FI,,
05620,BURONZO,05660,CARISIO,C227,8.73,1,TD,CST,BCA,CTC,SSC,NO,FS,<A,TO,B,
62940,TIVOLI,62980,CASTEL MADAMA,C132,7.73,1,TE,CS,BCA,SCCACCM,SCMT,SI,PC22,C3L,RM,,
57720,MAGIONE,57725,MONTE MELINO,C127,5.46,1,TE,CS,BCA,CTC,SCMT,NO,FS,C3L,AN,,0334
84940,MONGRASSANO-CERVICATI,84980,TORANO-LATTARICO,C168,5.19,1,TE,CS,BCA,CTC,SCMT,SI,PC45,C3,RC,,
66547,FRASSO,66555,LA FIORA,C222,3.95,1,TE,CST,ALT,SPO,SCMT,NO,FS,C3L,RM,B,P200
74040,CASTELLAMMARE DI STABIA,74051,MADONNA DELLE GRAZIE,C247,2.0,1,TE,CSP,BCA,DL,SCMT,NO,FS,B2,NA,A,
53183,STICCIANO,46720,MONTEPESCALI,C228,8.0,1,TD,CST,BCA,CTC,SCMT,SI,FS,A,FI,,
41440,FERRARA,42965,BIVIO RIVANA,C099,2.44,1,TE,CS,BCA,CTC,SCMT,SI,PC80,D4,BO,,
02900,VIGNALE,05740,CALTIGNAGA,C034,4.69,1,TE,CS,BCA,CTC,SCMT,SI,PC80,D4L,TO,,
01000,TORINO STURA,02403,TORINO REBAUDENGO FOSSATA,N001,3.49,2,TE,N,BAB-CC,SCCACCM,SCMT,SI,PC80,D4,TO,,
95500,OLBIA,95550,OLBIA ISOLA BIANCA,C185,2.39,1,TD,CS,ALT,CTC,NO,NO,FS,AL,CA,B,
79740,TORCHIARA,79780,RUTINO,F075,6.05,2,TE,F,BAB-CC,CTC,SCMT,SI,PC32,D4L,RC,,
80580,S.LUCIDO MARINA,80585,TORREMEZZO DI FALCONARA,F077,4.12,2,TE,F,BAB-CC,CTC,SCMT,SI,PC45,D4L,RC,,
26220,VAGLIA PDE,26225,GINORI PDE,A007,2.36,2,TE25,F,BRA,SCCACCM,ERTMS_L2,SI,PC80,D4,BO,,
34260,GENOVA RIVAROLO,34321,QUADRIVIO TORBELLA,N004,0.6,2,TE,N,BAB-CC,SCC,SCMT,SI,PC22,D4L,GE,,P198
78083,FILIANO,78120,CASTEL LAGOPESOLE,C154,6.14,1,TD,CS,BCA,CTC,SCMT,SI,FS,C3L,BA,,1674
63020,VALLE DELL'ANIENE-MANDELA-SAMBUCI,63060,ROVIANO,C132,8.15,1,TE,CS,BCA,SCCACCM,SCMT,SI,PC22,C3L,RM,,
95720,ARDARA,96152,DEV.CHIL.LATO P.T. (BRETELLA),C186,8.29,1,TD,CS,BCA,CTC,SCMT,NO,PC45,C3,CA,,
52440,BARBERINO VAL D'ELSA,52480,POGGIBONSI-S.GIMIGNANO,C121,4.66,2,TD,CS,BCAB,CTC,SCMT,SI,FS,D4,FI,,P101
08140,BIVIO MADONNA DELL'OLMO,08180,CUNEO,C243,3.26,1,TE,CS,BCA,CTC,SCMT,NO,PC45,C3L,TO,,
08980,VIGLIANO-CANDELO,09060,COSSATO,C199,5.37,1,TD,CST,BCA,DL,SSC,NO,FS,B2L,TO,,
20640,VIGEVANO,20680,PARONA LOMELLINA,C058,7.43,1,TE,CS,BCA,CTC,SCMT,SI,FS,C3L,MI,,
19080,PIZZIGHETTONE,19083,PONTE D'ADDA,C061,1.05,1,TE,CS,BCA,CTC,SCMT,SI,PC45,D4L,MI,,
16455,STEZZANO,16480,BERGAMO,C051,4.65,2,TE,CS,BAB-CC,SCCACCM,SCMT,NO,PC80,D4L,MI,,
87600,S.TERESA DI RIVA,87640,S.ALESSIO SICULO-FORZA D'AGRO',C169,3.1,1,TE,CS,BCA,SCC,SCMT,SI,PC22,C3,PA,,
39080,P.M. LAVINO,42120,BIVIO CALDERARA,N005,4.96,2,TE,N,BAB-CC,CTCACCM,SCMT,SI,PC45,D4,BO,,
29580,CALALZO-PIEVE DI CADORE-CORTINA,29620,PERAROLO DI CADORE,C076,10.46,1,TD,CS,BCA,CTC,SSC,NO,FS,C3L,VE,,
48860,CASCINA,48863,S.FREDIANO A SETTIMO,F049,2.35,2,TE,F,BAB-CC,SCC,SCMT,SI,PC80,D4,FI,,
26170,P.M. S.PELLEGRINO,26175,ROVIGO PDE,A007,1.16,2,TE25,F,BRA,SCCACCM,ERTMS_L2,SI,PC80,D4,BO,,
01120,CHIVASSO,01155,CASTELROSSO,F011,3.51,2,TE,F,BAB-CC,DC,SCMT,SI,PC80,D4,TO,,P222
37140,GENOVA MARITTIMA UM S.LIMBANIA,37145,GENOVA P.P. SOTTERRANEA,N004,0.6,2,TE,N,,,,SI,PC22,D4,GE,,
75780,BARI TORRE A MARE,75820,MOLA DI BARI,C150,7.7,2,TE,CS,BCAB,SCCACCM,SCMT,SI,PC45,D4L,BA,,P223
04020,CARMAGNOLA,04060,RACCONIGI,C011,9.08,2,TE,CS,BCAB,SCCACCM,SCMT,NO,PC45,D4L,TO,,
95140,OZIERI-CHILIVANI,96154,DEV.CHIL.LATO MACOM. (BRETELLA),C187,1.78,1,TD,CS,BCA,CTC,SCMT,NO,PC30,C3L,CA,,
71800,BENEVENTO PORTA RUFINA,71795,BENEVENTO ARCO TRAIANO,C197,1.33,1,TD,CST,BCA,CTC,SSC,SI,FS,C3L,NA,,I173
62660,ROMA PRENESTINA,59520,ROMA TIBURTINA,N007,2.94,2,TE,N,BAB-CC,SCC,SCMT,SI,PC22,C3L,RM,,
45680,PISA FM CAMPALDO,53347,DEV.ESTR. PISA S.ROSSORE,C117,1.14,1,TE,F,ALT,CTC,SCMT,SI,PC32,D4,FI,,
24580,MONGUELFO,24620,VALDAORA-ANTERSELVA,C067,6.95,1,TE,CS,BCA,CTC,SCMT,NO,PC80,D4L,VR,,
71208,DEV.DIR. P.M. CASORIA,71232,SEGN.CONF.AFRAGOLA L.SA (COLLEG. NORD-SUD),A001,0.92,2,TE,F,BAB-CC,SCC,SCMT,SI,PC80,D4,NA,,
28360,PREGANZIOL,28400,MOGLIANO VENETO,F037,4.65,2,TE,F,BAB-CC,SCC,SCMT,SI,PC80,D4L,VE,,
69820,ANGRI,69845,PAGANI,F073,3.52,2,TE,F,BAB-CC,DC,SCMT,SI,PC32,D4,NA,,
20237,MONTICELLI D'ONGINA,18900,CASTELVETRO,C056,4.02,1,TE,CS,BCA,CTC,SCMT,NO,PC45,D4L,MI,,
05785,VAPRIO D'AGOGNA,05780,MOMO,C034,3.13,1,TE,CS,BCA,CTC,SCMT,SI,PC80,D4L,TO,,
09327,BORGOSESIA,09323,GRIGNASCO,C035,5.6,1,TD,CS,BCA,DL,SSC,NO,FS,<A,TO,A,
82420,SIBARI,84820,SPEZZANO-ALBANESE TERME,C168,16.04,1,TE,CS,BCA,CTC,SCMT,SI,PC45,C3,RC,,
30070,LEVADA,30100,CORNUDA,C078,1.87,1,TE,CS,BCA,CTC,SCMT,NO,FS,C3L,VE,,
57295,L'AQUILA CAMPO DI PILE,57300,L'AQUILA,C231,3.08,1,TD,CST,BCA,CTC,SSC,NO,FS,<A,AN,,P210A
02790,MARANO TICINO,02820,OLEGGIO,C022,3.54,1,TE,CS,BCA,DL,SCMT,SI,PC50,D4L,TO,,
35640,SAVONA,35700,ALBISOLA,F007,5.19,2,TE,F,BAB-CC,DC,SCMT,SI,PC32,D4,GE,,
66180,ARCE,66177,COLFELICE,C133,4.21,1,TD,CS,BCA,CTC,SSC,NO,FS,C3L,RM,,
54880,PESCARA,54920,PESCARA PORTA NUOVA,C125,1.34,1,TE,CS,BCA,CTC,SCMT,SI,PC45,D4,AN,,
01670,DEV.ESTR. NOVARA LATO TORINO,09242,P.M. AGOGNATE,C199,3.36,1,TE,CST,BCA,DL,SCMT,NO,FS,B2L,TO,,
75060,INCORONATA,75100,ORTANOVA,F069,9.35,2,TE,F,BAB-CC,SCC,SCMT,SI,PC80,D4,BA,,P223
49940,OSTIA PARMENSE,49980,BORGO VAL DI TARO,F047,7.15,1,TE,F,BCA,CTC,SCMT,SI,PC22,C3L,FI,,
03080,VALLE LOMELLINA,03120,SARTIRANA,C026,4.49,2,TE,CS,BCA,DL,SCMT,SI,PC45,D4L,TO,,
93760,ISPICA,93800,ROSOLINI,C174,5.61,1,TD,CS,BCA,SCCACCM,SSC,SI,FS,B2,PA,,
15300,TERNATE-VARANO BORGHI,15340,MORNAGO-CIMBRO,F015,6.45,1,TE,F,BCA,CTC,SCMT,SI,PC80,D4L,MI,,
60640,ALBINIA,60680,ORBETELLO-MONTE ARGENTARIO,F051,6.5,2,TE,F,BAB-CC,SCC,SCMT,SI,PC32,D4,FI,,
13460,ROVATO,13500,OSPITALETTO-TRAVAGLIATO,F023,5.83,2,TE,F,BAB-CC,SCCACCM,SCMT,SI,PC80,D4,MI,,
03640,MOMBALDONE-ROCCAVERANO,03680,SPIGNO,C019,4.11,1,TE,CS,BCA,CTC,SCMT,NO,PC32,C3,TO,,
68020,VILLA LITERNO,68300,ALBANOVA,F057,5.86,2,TE,F,BAB-CC,SCC,SCMT,SI,PC45,C3,NA,,
69665,TORRE ANNUNZIATA CITTA',69700,TORRE ANNUNZIATA C.LE,F073,1.52,2,TE,F,BAB-CC,DC,SCMT,SI,PC25,D4L,NA,,
23300,ROVERETO,23340,MORI,F027,4.3,2,TE,F,BAB-CC,SCC,SCMT,SI,PC80,D4,VR,,P224
93400,COMISO,93440,DONNAFUGATA,C173,13.64,1,TD,CS,BCA,CTC,SSC,NO,FS,B2,PA,,
68515,GRICIGNANO,68545,MARCIANISE,C137,5.72,2,TE,CS,BAB-CC,SCC,SCMT,SI,PC32,C3L,NA,,
20423,LAMBRINIA,20425,ORIO LITTA,C060,1.84,1,TD,CS,BCA,CTC,SCMT,NO,PC22,C3L,MI,,
68240,NAPOLI PIAZZA GARIBALDI,68264,DEV.ESTR.NAPOLI GIANTURCO,N008,1.12,2,TE,N,BA-CC,SCC,SCMT,SI,PC22,C3,NA,,
86380,S.AGATA DI MILITELLO,86420,ACQUEDOLCI-S.FRATELLO,C175,5.01,1,TE,CS,BCA,SCC,SCMT,SI,PC22,C3,PA,,
46360,BOLGHERI,46400,CASTAGNETO CARDUCCI-DONORATICO,F051,8.59,2,TE,F,BAB-CC,SCC,SCMT,SI,PC80,D4,FI,,
01940,CAMBIANO-SANTENA,01980,PESSIONE,F003,5.37,2,TE,F,BAB-CC,DC,SCMT,SI,PC32,D4,TO,,P131
25093,TRENTO BARTOLAMEO,25100,VILLAZZANO,C232,2.22,1,TD,CST,BCA,CTC,SCMT,NO,FS,C3,VR,,0337A|P128
46840,P.C. S.DONATO,46823,SEGNALE DI CONFINE PM ROVEZZANO,F055,10.68,2,TE,F,BRA,SCCACCM,ERTMS_L2,SI,PC22,D4L,FI,,
35885,GENOVA PRA,35972,GR SC GE VOLTRI,N004,0.88,1,TE,N,BA-CC,SCCACCM,SCMT,SI,PC45,D4,GE,,
75524,CABINA LAMASINATA,77510,BARI LAMASINATA,F069,0.63,1,TE,F,BA-CF,DC,SCMT,SI,PC45,D4,BA,,
65417,SASSONE,65419,PANTANELLA,C134,0.87,1,TE,CS,BCA,CTC,SCMT,SI,FS,A,RM,,
62500,FONDI-SPERLONGA,62540,ITRI,F057,12.89,2,TE,F,BA-CC,DC,SCMT,SI,PC30,C3,RM,,P224
59160,1° BIVIO ORVIETO SUD,59200,P.C. CIVITELLA D'AGLIANO,F055,10.9,2,TE,F,BAB-CC,CTC,SCMT,SI,PC22,D4L,FI,,
83680,CAULONIA,83720,ROCCELLA JONICA,C162,5.81,1,TD,CS,BCA,CTC,SCMT,SI,PC32,C3L,RC,,P245
35460,PIETRA LIGURE,35500,BORGIO VEREZZI,F009,2.94,1,TE,F,BCA,DC,SCMT,SI,PC22,D4,GE,,
20860,MONZA SOBBORGHI,20900,VILLASANTA PARCO,C042,2.88,1,TD,CS,BCA,DC,SCMT,NO,FS,C3,MI,,
70960,SARNO,70961,LAVORATE,C142,4.33,1,TE,CS,BCA,DC,SCMT,NO,FS,C3L,NA,A,I173
61820,FROSINONE,61860,CECCANO,F061,6.49,2,TE,F,BAB-CC,DC,SCMT,SI,PC32,D4,RM,,
33061,DEV.E. LATO UDINE,33064,CERVIGNANO SMISTAMENTO F.P.,C095,1.38,1,TE,CS,BCA,DC,SCMT,SI,PC80,D4L,TS,,
39845,P. M. SANTA VIOLA,39847,FASCIO RAVONE,N005,2.22,2,TE,N,BAB-CC,CTC,SCMT,SI,PC45,D4,BO,,
58100,CORRIDONIA-MOGLIANO,58130,MACERATA UNIVERSITA',C126,3.75,1,TD,CS,BCA,CTC,SCMT,NO,FS,C3L,AN,,P147
72240,CODOLA,72211,LANZARA-FIMIANI,C216,1.34,1,TE,CST,BCA,CTC,SCMT,SI,FS,C3L,NA,,I173
43545,GATTEO A MARE,43560,BELLARIA,C102,3.26,1,TE,CS,BCA,CTC,SCMT,SI,PC32,D4L,BO,,
59520,ROMA TIBURTINA,60110,DEV. INTERC. AV,N007,1.09,2,TE,N,BAB-CC,DC,SCMT,SI,PC32,C3,RM,,
97020,S.PIERO A SIEVE,97060,CAMPOMIGLIAIO,C112,3.12,1,TD,CS,BCA,CTC,SSC,SI,FS,D4L,FI,,
03765,ROCCHETTA CAIRO,03800,CAIRO MONTENOTTE,C019,4.34,1,TE,CS,BCA,CTC,SCMT,NO,PC32,C3,TO,,
29860,S.GIUSTINA-CESIO,29900,BUSCHE-LENTIAI-MEL,C078,7.12,1,TE,CS,BCA,CTC,SCMT,NO,FS,C3L,VE,,
16740,VOGHERA,16780,CASTEGGIO,F021,9.49,2,TE,F,BCAB,SCCACCM,SCMT,SI,PC45,D4L,MI,,
79980,P.M. S.MAURO LA BRUCA,79985,CENTOLA-PALINURO-MARINA DI CAMEROTA,F075,4.25,2,TE,F,BAB-CC,CTC,SCMT,SI,PC32,D4L,RC,,
10235,CALAMANDRANA,10240,CANELLI,C206,4.42,1,TD,CST,BCA,DL,SSC,NO,FS,C3L,TO,B,
90940,LEONFORTE PIRATO,90980,DITTAINO,C178,9.47,1,TE,CS,BCA,CTC,SCMT,NO,FS,C3L,PA,,
06440,CASALE MONFERRATO,09770,S.GIORGIO CASALE,C218,6.82,1,TD,CST,BCA,DL,SSC,NO,FS,C3L,TO,B,
75050,DEV. BINARIO IM LATO BA,76830,DEV.IM LATO BN/PZ,F069,1.57,1,TE,F,BA-CF,SCC,SCMT,SI,PC80,D4,BA,,
95260,OSCHIRI,95300,BERCHIDDA,C185,10.0,1,TD,CS,BCA,CTC,SCMT,NO,PC30,C3L,CA,,
66642,CANSANO SCAVI DI OCRITICUM,66645,CANSANO,C229,3.35,1,TD,CST,ALT,DU,SSC,NO,FS,C3L,AN,B,
79985,CENTOLA-PALINURO-MARINA DI CAMEROTA,80020,CELLE BULGHERIA-ROCCAGLORIOSA,F075,4.54,2,TE,F,BAB-CC,CTC,SCMT,SI,PC32,D4L,RC,,
26980,GRISIGNANO DI ZOCCO,26990,MESTRINO,F025,5.86,2,TE,F,BAB-CC,SCCACCM,ERTMS_L2_SOVR,SI,PC80,D4,VE,,
52480,POGGIBONSI-S.GIMIGNANO,52520,CASTELLINA IN CHIANTI - MONTERIGGIONI,C121,10.91,1,TD,CS,BCA,CTC,SCMT,SI,FS,D4,FI,,P101
84040,FERRUZZANO,84080,BRANCALEONE,C162,6.29,1,TD,CS,BCA,CTC,SCMT,SI,PC32,C3L,RC,,P245
50210,P.P. CHIESACCIA (posto passaggio doppio/semplice),50260,AULLA LUNIGIANA,F047,4.28,2,TE,F,BAB-CC,SCC,SCMT,SI,PC22,C3L,FI,,
16517,BRESSANA ARGINE,16520,PINAROLO PO,F005,2.62,1,TE,F,BCA,SCCACCM,SCMT,SI,PC45,C3L,MI,,
25937,QUATTRO VILLE SUD,38960,MODENA,C072,3.68,2,TE,CS,BAB-CF,SCCACCM,SCMT,SI,PC45,D4L,BO,,
54520,GROTTAMMARE,54560,S.BENEDETTO DEL TRONTO,F067,4.52,2,TE,F,BAB-CC,SCC,SCMT,SI,PC80,D4,AN,,
14200,PAVIA,20297,PAVIA PORTA GARIBALDI,C060,2.41,1,TD,CS,BCA,CTC,SCMT,NO,PC22,C3L,MI,,
41040,TERME EUGANEE-ABANO-MONTEGROTTO,41100,BATTAGLIA TERME,F031,4.23,2,TE,F,BAB-CC,DC,SCMT,SI,PC80,D4L,VE,,P223
23725,NOGARA,24120,SANGUINETTO,C074,6.86,1,TE,CS,BCA,CTC,SCMT,SI,PC80,D4L,VR,,
67220,ROCCA D'EVANDRO-S.VITTORE,72731,S.PIETRO INFINE,F061,3.79,1,TE,F,BCA,DC,SCMT,NO,PC45,D4L,NA,,
17343,POGGIRIDENTI-TRESIVIO-PIATEDA,17380,SONDRIO,C037,4.92,1,TE,CS,BCA,CTC,SCMT,NO,PC22,C3L,MI,,
60360,FARA SABINA,60363,PIANABELLA DI MONTELIBRETTI,N007,6.03,2,TE,N,BAB-CC,SCCACCM,SCMT,SI,PC45,D4L,RM,,
89145,PALERMO LA MALFA,89165,PALERMO CARDILLO,C181,1.32,2,TE,CS,BCAB,SCC,SCMT,SI,FS,C3,PA,,0036
24400,ESTE,41120,MONSELICE,C213,8.19,1,TE,CST,BCA,CTC,SCMT,SI,PC80,D4L,VR,,
44440,SALSOMAGGIORE TERME,44430,VAIO-OSPEDALE,C242,5.6,1,TE,CSP,ALT,SPO,SCMT,NO,FS,C3L,BO,,
93320,ACATE,93360,VITTORIA,C173,10.3,1,TD,CS,BCA,CTC,SCMT,NO,FS,B2,PA,,
78340,VENOSA-MASCHITO,78345,PALAZZO S.GERVASIO-MONTEMILONE,C224,13.74,1,TD,CST,ALT,DU,SSC,NO,FS,C3,BA,B,
70140,EBOLI,70180,CAMPAGNA-SERRE-PERSANO,C136,5.97,1,TE,CS,BCA,CTC,SCMT,SI,PC22,C3L,NA,,I107A|P238A
68660,FRASSO-DUGENTA,68700,AMOROSI-MELIZZANO,F071,6.61,1,TE,F,BCA,CTC,SCMT,SI,PC22,C3L,NA,,0099A|0099B|0279A|0279B|0281|0284
75523,BARI PALESE MACCHIE,75524,CABINA LAMASINATA,F069,4.41,2,TE,F,BAB-CC,SCC,SCMT,SI,PC80,D4,BA,,P223
05300,RODALLO,05340,MONTANARO,C002,5.37,1,TE,CS,BCA,CTC,SCMT,NO,FS,C3L,TO,,P123
27690,CONFLUENZA UD-TS,28415,VENEZIA MESTRE GAZZERA,N003,0.17,2,TE,N,BAB-CC,SCC,SCMT,SI,PC80,D4L,VE,,
09684,ISOLA D'ASTI,09682,COSTIGLIOLE (MOTTA DI),C001,3.3,1,TD,CS,BCA,DL,SCMT,NO,FS,C3,TO,,
23745,OSTIGLIA,39480,POGGIO RUSCO,F029,11.07,2,TE,F,BAB-CC,SCCACCM,SCMT,SI,PC80,D4,VR,,P224
26047,REGGIO EMILIA AV MEDIOPADANA,26052,P.C. RUBIERA,A005,10.65,2,TE25,F,BRA,SCCACCM,ERTMS_L2,SI,PC80,D4,BO,,
63460,CELANO-OVINDOLI,63423,PATERNO-S.PELINO,C131,6.35,1,TE,CS,BEM,DC,SCMT,SI,PC22,C3L,RM,,A2001B|A2004E
34321,QUADRIVIO TORBELLA,34360,GENOVA SAMPIERDARENA,N004,2.08,2,TE,N,BAB-CC,SCC,SCMT,SI,PC22,D4,GE,,
03760,DEGO,03765,ROCCHETTA CAIRO,C019,2.85,1,TE,CS,BCA,CTC,SCMT,NO,PC32,C3,TO,,
47120,1° BIVIO AREZZO SUD,47160,P.C. RIGUTINO,F055,5.5,2,TE,F,BRA,SCCACCM,ERTMS_L2,SI,PC22,D4L,FI,,
24160,CEREA,26720,BOVOLONE,C212,9.83,1,TD,CST,BCA,CTC,SCMT,NO,FS,D4L,VR,,
12580,PM ALBATE,12620,BIVIO PC/ ROSALES,F017,1.34,2,TE,F,BAB-CC,SCCACCM,SCMT,SI,PC22,D4,MI,,
51855,VILLETTA S.ROMANO,51920,CASTELNUOVO GARFAGNANA,C119,4.89,1,TD,CS,BCA,CTC,SCMT,NO,FS,C3L,FI,,
05020,SETTIMO TAVAGNASCO,05060,BORGOFRANCO,C002,4.26,1,TD,CS,BCA,CTC,SCMT,NO,FS,C3L,TO,,P123
17420,S.PIETRO BERBENNO,17460,ARDENNO-MASINO,C039,7.03,1,TE,CS,BCA,CTC,SCMT,NO,PC22,C3L,MI,,
94900,CAMPEDA,94980,BONORVA,C187,10.17,1,TD,CS,BCA,CTC,SCMT,NO,PC30,C3L,CA,,
92380,SCORDIA,92420,FILDIDONNA,C172,8.06,1,TD,CS,BCA,CTC,SCMT,SI,PC22,C3L,PA,,
20140,COLORNO,20180,TORRILE S.POLO,C066,5.01,1,TD,CS,BCA,CTC,SCMT,NO,PC22,C3L,MI,,
85950,BIVIO TERME VIGLIATORE,86050,P.C. TINDARI,C175,0.0,2,TE,CS,BAB-CC,SCC,SCMT,SI,PC22,C3,PA,,
56380,JESI,56385,JESI INTERPORTO,F065,6.59,2,TE,F,BAB-CC,CTC,SCMT,SI,PC80,D4L,AN,,
50300,S.STEFANO DI MAGRA,50354,"DEV.U.KM 109,489",F047,1.87,2,TE,F,BAB-CC,SCC,SCMT,NO,PC80,D4,FI,,
34640,GENOVA S.QUIRICO,34680,BIVIO P.C. FEGINO,N004,4.4,2,TE,N,BAB-CC,SCC,SCMT,SI,PC22,D4L,GE,,
51400,BORGO A BUGGIANO,51435,MONTECATINI CENTRO,C116,3.29,1,TE,CS,BCA,CTC,SCMT,SI,FS,D4,FI,,
85470,MESSINA MARITTIMA,85480,MESSINA CENTRALE,,0.4,2,TE,CS,ALT,SCC,SCMT,SI,PC22,C3,PA,,
11520,VERBANIA-PALLANZA,11560,BAVENO,F013,4.93,2,TE,F,BA-CC,DC,SCMT,SI,PC50,D4,MI,,
29412,SPINEA,27191,G.S. MESTRE,N003,5.3,2,TE,N,BAB-CF,SCC,SCMT,SI,PC80,D4L,VE,,
39845,P. M. SANTA VIOLA,42700,BOLOGNA CENTRALE,N005,4.16,2,TE,N,BAB-CC,CTC,SCMT,SI,PC45,D4,BO,,
00620,AVIGLIANA,00625,ROSTA,F001,4.88,2,TE,F,BAB-CC,SCCACCM,SCMT,SI,PC45,D4,TO,,
94740,ABBASANTA,94780,BORORE,C187,10.87,1,TD,CS,BCA,CTC,SCMT,NO,PC30,C3L,CA,,
63260,SANTE MARIE,63220,COLLI DI MONTE BOVE,C132,5.78,1,TE,CS,BCA,SCCACCM,SCMT,SI,PC22,C3L,RM,,
71591,S.MARIA COLLE DI SERRA,71620,PONTELANDOLFO,C202,2.74,1,TD,CST,BCA,CTC,SSC,NO,FS,C3L,NA,B,
81240,VILLA S.GIOVANNI CANNITELLO,81280,VILLA S.GIOVANNI,F077,3.06,2,TE,F,BAB-CC,CTC,SCMT,SI,PC32,D4L,RC,,
64860,CAPRANICA-SUTRI,64900,BASSANO ROMANO,C129,3.88,1,TE,CS,BCA,CTC,SCMT,NO,FS,C3L,RM,,
01010,ORIGINE LINEA AV,11035,"SEGN. CONFINE KM 0,938",A003,0.72,2,TE,F,BAB-CC,SCC,SCMT,SI,PC80,D4,TO,,
21860,BIVIO P.C. FENILONE,23680,BIVIO P.C. S.LUCIA,F029,1.48,2,TE,F,BAB-CC,SCC,SCMT,SI,PC80,D4,VR,,P222
05500,ROMAGNANO SESIA,05540,GATTINARA,C227,3.16,1,TD,CST,BCA,CTC,SSC,NO,FS,D4L,TO,B,
87400,GIAMPILIERI,87440,SCALETTA ZANCLEA,C169,2.43,1,TE,CS,BCA,SCC,SCMT,SI,PC22,C3,PA,,0249
73691,S.TOMMASO DEL PIANO,73681,RAPONE-RUVO-S.FELE,C223,3.19,1,TD,CST,BCA,CTC,SSC,NO,FS,<A,NA,B,
63100,ARSOLI,63060,ROVIANO,C132,3.73,1,TE,CS,BCA,SCCACCM,SCMT,SI,PC22,C3L,RM,,
38500,PONTENURE,38540,CADEO,F041,6.13,2,TE,F,BAB-CC,DC,SCMT,SI,PC45,D4,BO,,
39480,POGGIO RUSCO,39560,MIRANDOLA,F029,10.04,2,TE,F,BAB-CC,CTCACCM,SCMT,SI,PC80,D4,BO,,P224
42965,BIVIO RIVANA,42980,GAIBANELLA,C099,7.35,1,TE,CS,BCA,CTC,SCMT,SI,PC80,D4L,BO,,
27690,CONFLUENZA UD-TS,31232,MESTRE RACCORDO A/P,N003,0.42,2,TE,N,ALT,DC,SCMT,SI,PC80,D4L,VE,,
77400,FERRANDINA - SCALO MATERA,77440,PISTICCI,C155,12.86,1,TE,CS,BCA,CTC,SCMT,SI,PC25,C3,BA,,
59520,ROMA TIBURTINA,63920,ROMA TERMINI,N007,4.5,2,TE,N,BA-CF,DC,SCMT,SI,PC32,C3,RM,,
67321,RIARDO-PIETRAMELARA,67340,TEANO,F061,5.73,2,TE,F,BAB-CC,DC,SCMT,SI,PC45,C3,NA,,
18245,BERGAMO OSPEDALE,16480,BERGAMO,C048,2.96,1,TE,CS,BCA,DC,SCMT,NO,PC22,C3L,MI,,0366A
49160,FIORENTINA DI PIOMBINO,49240,PIOMBINO,C120,0.0,1,TE,CS,BCA,DL,SCMT,SI,FS,D4L,FI,,
45686,DEV. LA SPEZIA / LUCCA,45730,PISA DEV. NAVICELLI,F045,1.06,2,TE,F,BAB-CC,SCC,SCMT,SI,PC32,D4,FI,,
82720,CARIATI,82760,CRUCOLI,C161,9.45,1,TD,CS,BCA,CTC,SCMT,SI,PC32,C3L,RC,,P245
29020,ISTRANA,29060,PAESE,C088,4.65,2,TE,CS,BCAB,SCC,SCMT,SI,PC80,D4L,VE,,
48700,EMPOLI,48740,S.MINIATO-FUCECCHIO,F049,9.61,2,TE,F,BAB-CC,SCC,SCMT,SI,PC80,D4,FI,,
64780,VETRALLA,64820,VICO MATRINO,C129,5.15,1,TE,CS,BCA,CTC,SCMT,NO,FS,C3L,RM,,
65580,APRILIA,65620,CAMPO DI CARNE,C130,4.54,1,TE,CS,BCA,SCCACCM,SCMT,NO,FS,C3L,RM,,
05740,CALTIGNAGA,05780,MOMO,C034,6.73,1,TE,CS,BCA,CTC,SCMT,SI,PC80,D4L,TO,,
26105,BIVIO EMILIA,26110,RIOSTO PDE,A007,2.37,2,TE25,F,BRA,SCCACCM,ERTMS_L2,SI,PC80,D4,BO,,
16240,CERNUSCO-MERATE,16250,OSNAGO,C045,2.02,2,TE,CS,BAB-CF,DC,SCMT,NO,PC30,D4,MI,,
09060,COSSATO,09140,ROVASENDA,C199,12.81,1,TD,CST,BCA,DL,SSC,NO,FS,B2L,TO,,
36180,RECCO,36220,CAMOGLI-S.FRUTTUOSO,F045,1.72,2,TE,F,BAB-CC,SCC,SCMT,SI,PC22,D4L,GE,,
62060,CASSINO,67201,FONTANAROSA-CERVARO,F061,5.48,2,TE,F,BAB-CC,DC,SCMT,SI,PC45,C3,NA,,
68598,MONTE AGLIO NORD PES,68610,GS PM MADDALONI,,0.0,2,TE,F,BAB-CC,SCCACCM,SCMT,SI,PC80,D4,NA,,0099A|0099B|0279A|0279B|0281|0284
09700,PORTACOMARO,02140,ASTI,C218,8.23,1,TD,CST,BCA,DL,SSC,NO,FS,C3L,TO,B,
20782,P.M.BEVERA,20780,ARCISATE,C049,1.34,2,TE,CS,BCAB,CTC,SCMT,SI,FS,D4,MI,,
97180,P.M. MONTORSOLI,97220,FIESOLE-CALDINE,C112,5.65,1,TD,CS,BCA,CTC,SSC,SI,FS,D4L,FI,,
28940,CASTELFRANCO VENETO,30240,CAMPOSAMPIERO,C080,0.0,2,TE,CS,BCAB,SCC,SCMT,SI,PC80,D4L,VE,,
92580,GRAMMICHELE,92620,CALTAGIRONE,C172,12.67,1,TD,CS,BCA,CTC,SCMT,SI,PC22,C3L,PA,,
07695,PALESTRO,07700,ROBBIO,C020,5.17,1,TD,CS,BCA,CTC,SCMT,NO,FS,C3,TO,,
13065,VIGNATE,13100,MELZO SCALO,F023,2.55,2,TE,F,BAB-CC,SCCACCM,SCMT,SI,PC80,D4,MI,,
38960,MODENA,39000,CASTELFRANCO EMILIA,F041,11.92,2,TE,F,BAB-CC,SCCACCM,SCMT,SI,PC45,D4,BO,,P224
92980,CAMPOBELLO-RAVANUSA,93060,S.OLIVA,C210,18.92,1,TD,CST,BCA,CTC,SCMT,SI,FS,C3L,PA,,
47860,MONTEVARCHI-TERRANUOVA,47900,2° BIVIO VALDARNO SUD,F053,3.2,2,TE,F,BAB-CC,CTC,SCMT,SI,PC22,D4L,FI,,
38740,PARMA,38800,S.ILARIO D'ENZA,F041,10.86,2,TE,F,BAB-CC,DC,SCMT,SI,PC45,D4,BO,,
21400,CHIAVENNA,21403,PRATA CAMPORTACCIO,C038,1.46,1,TE,CS,BCA,CTC,SCMT,NO,PC22,C3L,MI,,
44740,CONSELICE,44737,P.M. UNIGRA',C105,3.09,1,TD,CS,BCA,CTC,SSC,SI,PC32,D4L,BO,,
57800,PERUGIA,57840,PERUGIA PONTE S.GIOVANNI,C127,11.25,1,TE,CS,BCA,CTC,SCMT,NO,FS,C3L,AN,,0334
45686,DEV. LA SPEZIA / LUCCA,45760,PISA / BIN. PISA CENTRALE,C117,1.79,1,TE,F,BA-CC,CTC,SCMT,SI,PC80,D4,FI,,
00400,BUSSOLENO,08700,SUSA,C246,7.53,1,TE,CSP,ALT,SPO,SCMT,NO,FS,C3L,TO,,
22180,ALTAVILLA-TAVERNELLE,22220,VICENZA,F025,7.67,2,TE,F,BAB-CC,SCCACCM,SCMT,SI,PC80,D4,VR,,0362A
28400,MOGLIANO VENETO,28403,BIVIO MAROCCO,N003,3.48,2,TE,N,BAB-CC,SCC,SCMT,SI,PC80,D4L,VE,,
57845,OSPEDALICCHIO,57880,BASTIA,C127,3.57,1,TE,CS,BCA,CTC,SCMT,NO,FS,D4L,AN,,0334
25090,TRENTO S.CHIARA,25093,TRENTO BARTOLAMEO,C232,0.72,1,TD,CST,BCA,CTC,SCMT,NO,FS,C3,VR,,P128
87138,PALERMO ROCCELLA,87140,PALERMO C.LE BINARI BRANCACCIO,C176,1.47,2,TE,CS,BAB-CC,SCC,SCMT,SI,PC22,C3,PA,,0036
58645,FABRIANO-CA' MAIANO,56120,FABRIANO,C239,2.75,1,TD,CSP,ALT,SPO,SSC,NO,FS,C3L,AN,B,
61280,ROMA S.PIETRO,65269,VALLE AURELIA,N007,1.25,2,TE,N,BAB-CC,SCCACCM,SCMT,SI,FS,C3L,RM,,P053
75710,BARI TORRE QUETTA,75780,BARI TORRE A MARE,C150,7.53,2,TE,CS,BAB-CC,SCC,SCMT,SI,PC45,D4L,BA,,
17580,DELEBIO,17620,COLICO,C039,6.95,1,TE,CS,BCA,CTC,SCMT,NO,PC22,C3L,MI,,
20385,MIRADOLO TERME,20420,CHIGNOLO PO,C060,3.5,1,TD,CS,BCA,CTC,SCMT,NO,PC22,C3L,MI,,
43925,CARBONA,43960,RIOLA,N005,4.05,1,TE,N,BCA,CTCACCM,SCMT,SI,FS,C3L,BO,,
58670,MONTEROSSO MARCHE,58665,SASSOFERRATO-ARCEVIA,C239,4.73,1,TD,CSP,ALT,SPO,SSC,NO,FS,C3L,AN,B,
50060,PONTREMOLI,50065,SCORCETOLI,F047,4.1,1,TE,F,BCA,CTC,SCMT,SI,PC22,C3L,FI,,
67220,ROCCA D'EVANDRO-S.VITTORE,67241,MIGNANO DI MONTE LUNGO,F061,7.4,2,TE,F,BAB-CC,DC,SCMT,SI,PC45,C3,NA,,
04540,CENGIO,37280,S.GIUSEPPE DI CAIRO,C014,8.75,1,TE,CS,BCA,DC,SCMT,NO,PC32,C3,TO,,
01400,SANTHIA',01440,S.GERMANO VERCELLESE,F011,5.65,2,TE,F,BAB-CC,DC,SCMT,SI,PC80,D4,TO,,
55925,PONTE PARRANO DI NOCERA UMBRA,55920,NOCERA UMBRA,F065,4.86,1,TE,F,BCA,CTC,SCMT,SI,PC45,D4L,AN,,
17780,VARENNA-ESINO-PERLEDO,17783,FIUMELATTE,C040,1.95,1,TE,CS,BCA,CTC,SCMT,NO,PC22,C3L,MI,,
59080,1° BIVIO ORVIETO NORD,59154,SEGN.CONF.ORVIETO SUD,F055,10.15,2,TE,F,BRA,SCCACCM,ERTMS_L2,SI,PC22,D4L,FI,,
46163,CASTIGLIONCELLO,46240,ROSIGNANO,F051,2.93,2,TE,F,BAB-CC,SCC,SCMT,SI,PC22,D4,FI,,
28740,S.PIETRO IN GU',28820,CARMIGNANO DI BRENTA,C086,3.72,2,TE,CS,BCAB,SCC,SCMT,SI,PC80,D4L,VE,,
76285,DEV.INNESTO BARI PARCO NORD,77113,BARI S.RITA,,4.62,1,TE,CS,BCA,SCC,SCMT,SI,PC22,C3,BA,,
81340,REGGIO DI CALABRIA GALLICO,81345,REGGIO DI CALABRIA ARCHI,F077,1.78,2,TE,F,BAB-CC,CTC,SCMT,SI,PC32,C3,RC,,
23160,TRENTO,23220,MATTARELLO,F027,7.57,2,TE,F,BAB-CC,SCC,SCMT,SI,PC80,D4,VR,,P224
87140,PALERMO C.LE BINARI BRANCACCIO,87180,PALERMO CENTRALE,C176,2.9,2,TE,CS,BAB-CC,SCC,SCMT,SI,PC22,C3,PA,,0036
76285,DEV.INNESTO BARI PARCO NORD,76291,BARI VILLAGGIO DEL LAVORATORE,C158,2.12,2,TE,CS,BCAB,SCC,SCMT,SI,PC80,D4,BA,,
81040,ROSARNO,81080,GIOIA TAURO,F077,9.88,2,TE,F,BAB-CC,CTC,SCMT,SI,PC32,D4L,RC,,
21320,ANZANO DEL PARCO,21280,MERONE,C041,3.85,1,TD,CS,BCA,DL,SCMT,NO,PC22,D4L,MI,,P198
51435,MONTECATINI CENTRO,51440,MONTECATINI TERME,C116,0.83,1,TE,CS,BCA,CTC,SCMT,SI,FS,D4,FI,,
22920,BRONZOLO,22960,ORA,F027,5.12,2,TE,F,BAB-CC,SCC,SCMT,SI,PC80,D4,VR,,P224
78160,AVIGLIANO LUCANIA,78161,TIERA,C154,3.52,1,TD,CS,BCA,CTC,SSC,SI,FS,C3L,BA,,1674
30543,ROSSANO VENETO,28860,CITTADELLA,C089,6.63,1,TE,CS,BCA,SCC,SCMT,NO,FS,C3L,VE,,
39960,BIVIO S.VITALE,42320,DOPPIO BIVIO RIMESSE,N005,1.56,2,TE,N,BAB-CC,CTCACCM,SCMT,SI,PC80,D4,BO,,P223
17305,S.GIACOMO DI TEGLIO,17307,CHIURO,C037,2.77,1,TE,CS,BCA,CTC,SCMT,NO,PC22,C3L,MI,,
01820,TORINO LINGOTTO,02440,TORINO PORTA NUOVA,N001,4.32,2,TE,N,BAB-CC,SCCACCM,SCMT,SI,PC45,D4,TO,,
20820,PORTO CERESIO,20785,BISUSCHIO-VIGGIU',C049,4.48,1,TE,CS,BCA,CTC,SCMT,SI,FS,C3L,MI,,
38000,MELE,38040,GENOVA ACQUASANTA,C098,4.31,1,TE,CS,BCA,SCC,SCMT,SI,PC45,D4L,GE,,P198
83560,GUARDAVALLE,83600,MONASTERACE-STILO,C162,4.82,1,TD,CS,BCA,CTC,SCMT,SI,PC32,C3L,RC,,P245
57685,TORRICELLA,57720,MAGIONE,C127,2.8,1,TE,CS,BCA,CTC,SCMT,NO,FS,C3L,AN,,0334
12623,CUCCIAGO,12660,CANTU'-CERMENATE,F017,3.16,2,TE,F,BAB-CC,SCCACCM,ERTMS_L2_SOVR,SI,PC80,D4,MI,,
68860,PONTE CASALDUNI,68870,SBOCCO GALLERIA MASCAMBRONI,F071,4.86,1,TE,F,BCA,CTC,SCMT,SI,PC22,C3L,NA,,0099A|0099B|0279A|0279B|0281|0284
16120,CALOLZIOCORTE-OLGINATE,16160,AIRUNO,C045,5.72,2,TE,CS,BAB-CF,DC,SCMT,NO,PC30,C3L,MI,,
71660,FRAGNETO MONFORTE,71665,PESCOSANNITA-FRAGNETO-L' ABATE,C202,2.66,1,TD,CST,BCA,CTC,SSC,NO,FS,C3L,NA,B,
45880,BIVIO MORTELLINI,45920,TOMBOLO,F051,3.51,2,TE,F,BAB-CC,SCC,SCMT,SI,PC80,D4,FI,,
53345,S.GIULIANO TERME,53347,DEV.ESTR. PISA S.ROSSORE,C117,5.67,1,TE,CS,BCA,CTC,SCMT,SI,FS,D4L,FI,,
39680,CREVALCORE,39740,P.C. PERSICETO NORD,F029,8.28,2,TE,F,BAB-CC,CTCACCM,SCMT,SI,PC80,D4,BO,,P224
65260,MONTE MARIO,65263,GEMELLI,N007,1.52,2,TE,N,BAB-CC,SCCACCM,SCMT,SI,FS,C3L,RM,,P053
12420,MILANO CERTOSA,16555,MILANO VILLAPIZZONE,N002,1.28,2,TE,N,BA-CC,CTC,SCMT,SI,PC22,D4,MI,,
70260,SICIGNANO,70673,CASTELLUCCIO,,6.27,1,TD,CS,ALT,DU,,,n.c.,,NA,B,
68200,NAPOLI MERGELLINA,68211,NAPOLI PIAZZA AMEDEO,N008,1.66,2,TE,N,BA-CC,SCC,SCMT,SI,PC22,C3,NA,,
15260,BESOZZO,15265,TRAVEDONA-BIANDRONNO,F015,4.47,1,TE,F,BCA,CTC,SCMT,SI,PC80,D4L,MI,,
05460,BORGOMANERO,05820,CRESSA-FONTANETO,C034,6.54,1,TE,CS,BCA,CTC,SCMT,SI,PC80,D4L,TO,,
40603,BOLOGNA MAZZINI,40640,BOLOGNA S.RUFFILLO,N005,2.21,2,TE,N,BAB-CC,CTC,SCMT,SI,PC22,D4,BO,,P261
28940,CASTELFRANCO VENETO,29260,CASTELLO DI GODEGO,C091,5.24,1,TE,CS,BCA,SCC,SCMT,NO,FS,C3L,VE,,
07560,BEINETTE,07600,CUNEO GESSO,C217,7.81,1,TD,CST,BCA,CTC,SCMT,NO,PC45,A,TO,B,
86580,TUSA,86620,POLLINA-S.MAURO CASTELVERDE,C175,7.5,1,TE,CS,BCA,SCC,SCMT,SI,PC22,C3,PA,,
52805,TORRITA DI SIENA,52870,MONTEPULCIANO,C123,7.48,1,TD,CS,BCA,CTC,SCMT,NO,FS,D4L,FI,,
72411,ACQUAMELA,72440,PELLEZZANO,C148,1.3,1,TE,CS,BCA,CTC,SCMT,SI,FS,A,NA,,I173
77920,ROCCHETTA S.ANTONIO-LACEDONIA,77960,LEONESSA,C154,6.21,1,TD,CS,BCA,CTC,SCMT,SI,FS,C3L,BA,,1674
26057,BIVIO MODENA OVEST,26062,BIVIO CASTELFRANCO EST,A005,25.37,2,TE25,F,BRA,SCCACCM,ERTMS_L2,SI,PC80,D4,BO,,
72740,VENAFRO,73280,ROCCA RAVINDOLA,C141,7.49,1,TE,CS,BCA,CTC,SCMT,NO,FS,C3L,NA,,
75440,MOLFETTA,75480,GIOVINAZZO,F069,6.32,2,TE,F,BAB-CC,SCC,SCMT,SI,PC80,D4,BA,,P223
13260,VIDALENGO,13300,MORENGO-BARIANO,F023,4.97,2,TE,F,BAB-CC,SCCACCM,SCMT,SI,PC80,D4,MI,,
24650,PERCA-PLAN DE CORONES,24620,VALDAORA-ANTERSELVA,C067,5.49,1,TE,CS,BCA,CTC,SCMT,NO,PC80,D4L,VR,,
09710,TONCO-ALFIANO,09705,CASTELL'ALFERO,C218,3.4,1,TD,CST,BCA,DL,SSC,NO,FS,C3L,TO,B,
43560,BELLARIA,43600,IGEA MARINA,C102,2.67,1,TE,CS,BCA,CTC,SCMT,SI,PC32,D4L,BO,,
22160,BIVIO RONCHI,22180,ALTAVILLA-TAVERNELLE,F025,8.52,2,TE,F,BAB-CC,SCCACCM,SCMT,SI,PC80,D4,VR,,0362A
71795,BENEVENTO ARCO TRAIANO,68945,BENEVENTO,C197,1.14,1,TD,CST,BCA,CTC,SSC,SI,FS,C3L,NA,,I173
18640,CREMA,18643,MADIGNANO,C057,3.89,1,TE,CS,BCA,CTC,SCMT,NO,PC45,C3L,MI,,
70739,CASALETTO,70742,LAGONEGRO,,6.83,1,TD,CS,ALT,DU,,,n.c.,,NA,B,
33035,S.STEFANO UDINESE,33037,S.MARIA LA LONGA,C094,2.49,1,TE,CS,BCA,DC,SCMT,SI,PC80,D4L,TS,,
08100,S.BENIGNO DI CUNEO,08140,BIVIO MADONNA DELL'OLMO,C009,5.72,1,TE,CS,BCA,CTC,SCMT,NO,PC45,C3L,TO,,
76294,MADONNA DELLA GROTTA NORD PUNTO D'INCENDIO,76296,MADONNA DELLA GROTTA SUD PUNTO D'INCENDIO,C158,1.19,2,TE,CS,BCAB,SCC,SCMT,SI,PC80,D4,BA,,
81720,PARGHELIA,81760,TROPEA,F077,3.08,1,TE,F,BCA,CTC,SCMT,SI,FS,C3,RC,,
18980,BUSSETO,19020,CASTIONE DEI MARCHESI,C055,6.8,1,TE,CS,BCA,CTC,SCMT,NO,PC45,D4L,MI,,
39847,FASCIO RAVONE,42700,BOLOGNA CENTRALE,N005,1.94,2,TE,N,BAB-CC,CTC,SCMT,SI,PC45,D4,BO,,
66380,S.VINCENZO VALLE ROVETO,66345,ROCCAVIVI,C133,2.65,1,TD,CS,BCA,CTC,SSC,NO,FS,<A,RM,,
01285,BIANZE',11045,"SEGN. CONFINE KM 5,152",A003,0.97,2,TE,F,BAB-CC,SCC,SCMT,SI,PC80,D4,TO,,
72040,SERINO,72001,S.MICHELE DI SERINO,C215,1.96,1,TD,CST,BCA,CTC,SSC,SI,FS,<A,NA,,I173
93520,RAGUSA,93560,RAGUSA IBLA,C173,8.78,1,TD,CS,BCA,CTC,SSC,NO,FS,B2,PA,,
13530,BRESCIA BIN.EST.,17131,SEGN. CONFINE BS,A009,0.92,2,TE,F,BAB-CC,SCCACCM,SCMT,SI,PC80,D4,MI,,
99100,ODERZO,99110,GORGO AL MONTICANO,C084,5.12,1,TE,CS,BCA,CTCACCM,SCMT,SI,PC80,D4L,VE,,
68340,S.MARCELLINO-FRIGNANO,68485,AVERSA,F057,4.78,2,TE,F,BAB-CC,SCC,SCMT,SI,PC32,C3,NA,,
72280,TORRIONE,72285,PASTENA,C147,1.01,1,TE,CS,BCA,DL,SCMT,SI,FS,C3,NA,,
53900,MAROTTA-MONDOLFO,53940,SENIGALLIA,F063,9.05,2,TE,F,BAB-CC,SCCACCM,SCMT,SI,PC80,D4L,AN,,
56605,PIANO D'ORTA BOLOGNANO,56600,TORRE DEI PASSERI,C125,2.12,1,TE,CS,BCA,CTC,SCMT,SI,PC45,C3L,AN,,
60980,S.SEVERA,61023,MARINA DI CERVETERI,F051,8.03,2,TE,F,BAB-CC,SCC,SCMT,SI,PC32,D4L,RM,,
62540,ITRI,62580,FORMIA-GAETA,F057,5.92,2,TE,F,BA-CC,DC,SCMT,SI,PC30,C3,RM,,P224
01860,MONCALIERI,03900,D.ESTR.MONC.SANG,N001,1.14,2,TE,N,BAB-CC,SCCACCM,SCMT,SI,PC45,D4,TO,,
38880,REGGIO EMILIA,38920,RUBIERA,F041,11.85,2,TE,F,BAB-CC,DC,SCMT,SI,PC45,D4,BO,,
12380,RHO,12350,PREGNANA MILANESE,F011,4.83,2,TE,F,BAB-CC,SCCACCM,ERTMS_L2_SOVR,SI,PC80,D4,MI,,
89020,COMITINI-ZOLFARE,90140,ARAGONA-CALDARE,C201,4.96,1,TE,CST,BA-CF,CTC,SCMT,SI,FS,B2L,PA,,
82760,CRUCOLI,82800,CIRO',C161,13.54,1,TD,CS,BCA,CTC,SCMT,SI,PC32,C3L,RC,,P245
83080,S.LEONARDO DI CUTRO,83120,ROCCABERNARDA,C161,6.0,1,TD,CS,BCA,CTC,SCMT,SI,PC32,C3L,RC,,P245
05460,BORGOMANERO,05485,CUREGGIO,C227,3.5,1,TD,CST,BCA,CTC,SSC,NO,FS,C3L,TO,B,
78125,PIETRAGALLA,78160,AVIGLIANO LUCANIA,C154,4.61,1,TD,CS,BCA,CTC,SSC,SI,FS,C3L,BA,,1674
12420,MILANO CERTOSA,12460,TB.PC.SEVESO,N002,4.83,2,TE,N,BAB-CC,SCCACCM,SCMT,SI,PC80,D4,MI,,
62260,CAMPOLEONE,65580,APRILIA,C130,6.08,1,TE,CS,BCA,SCCACCM,SCMT,NO,FS,C3L,RM,,0359
03160,TORREBERETTI,03200,VALENZA,C027,6.23,2,TE,CS,BCA,DL,SCMT,SI,PC45,D4L,TO,,
57330,BAZZANO,57340,PAGANICA,C231,1.86,1,TD,CST,BCA,CTC,SSC,NO,FS,C3L,AN,,P210A
50720,MARRADI PALAZZUOLO SUL SENIO,50723,POPOLANO DI MARRADI,C111,2.34,1,TD,CS,BCA,CTC,SSC,SI,FS,<A,FI,,P200
54560,S.BENEDETTO DEL TRONTO,54600,PORTO D'ASCOLI,F067,4.78,2,TE,F,BAB-CC,SCC,SCMT,SI,PC80,D4,AN,,
59980,ATTIGLIANO BOMARZO,66040,SIPICCIANO,C196,5.41,1,TE,CST,BCA,CTC,SCMT,NO,FS,C3L,RM,,
44080,PRACCHIA,44045,BIAGIONI-LAGACCI,C115,5.07,1,TE,CS,BCA,CTC,SCMT,NO,FS,C3L,BO,,
61700,ANAGNI-FIUGGI,61740,SGURGOLA,F061,4.93,2,TE,F,BA-CC,DC,SCMT,SI,PC32,D4,RM,,
61140,MACCARESE-FREGENE,65880,PONTE GALERIA,N007,11.96,2,TE,N,BAB-CC,SCC,SCMT,SI,PC32,C3,RM,,
52560,SIENA,53440,SIENA ZONA INDUSTRIALE,C228,10.62,1,TD,CST,BCA,CTC,SCMT,SI,FS,C3L,FI,,
36140,PIEVE LIGURE,36150,SORI,F045,1.38,2,TE,F,BAB-CC,SCC,SCMT,SI,PC22,D4L,GE,,
54920,PESCARA PORTA NUOVA,54930,PESCARA TRIBUNALE,F067,1.22,2,TE,F,BCAB,SCC,SCMT,SI,PC45,D4,AN,,P223
17020,S.NICOLO',17000,ROTTOFRENO,F021,4.52,2,TE,F,BCAB,SCCACCM,SCMT,SI,PC45,D4L,MI,,
14340,BRESSANA BOTTARONE,16517,BRESSANA ARGINE,F005,2.98,1,TE,F,BCA,SCCACCM,SCMT,SI,PC45,C3L,MI,,
02500,TORINO ORBASSANO FASCIO ARRIVI,02542,TORINO ORBASSANO FASCIO MODALHOR,N001,1.33,1,TE,N,BA-CF,SCCACCM,SCMT,SI,PC45,D4,TO,,P175
36820,GENOVA SAMPIERDARENA SMIST.TO,37080,GENOVA MARITTIMA UM BACINO,N004,1.0,2,TE,N,BAB-CF,DL,SCMT,SI,PC45,D4,GE,,P060
70500,PICERNO,70540,TITO,C136,6.79,1,TE,CS,BCA,CTC,SCMT,SI,PC22,C3L,NA,,
43180,LAVEZZOLA,43220,VOLTANA,C101,5.32,1,TE,CS,BCA,CTC,SCMT,SI,PC32,D4L,BO,,
39840,BIVIO TAVERNELLE,39842,CALDERARA-BARGELLINO,N005,1.19,2,TE,N,BAB-CC,CTC,SCMT,SI,PC45,D4,BO,,
10745,MANTA,10780,VERZUOLO,C243,1.77,1,TD,CSP,BCA,CTC,SCMT,NO,PC45,C3L,TO,,
44095,CASTAGNO,44120,CORBEZZI,C115,2.36,1,TE,CS,BCA,CTC,SCMT,NO,FS,C3L,BO,,
61200,ROMA AURELIA,61280,ROMA S.PIETRO,N007,5.5,2,TE,N,BAB-CC,SCC,SCMT,SI,PC32,C3,RM,,
06140,VILLADOSSOLA,06105,PALLANZENO,C030,2.23,1,TE,CS,BCA,CTC,SCMT,SI,PC80,D4L,TO,,
83120,ROCCABERNARDA,83160,BOTRICELLO,C161,3.84,1,TD,CS,BCA,CTC,SCMT,SI,PC32,C3L,RC,,P245
16480,BERGAMO,18300,SERIATE,C048,4.16,1,TE,CS,BCA,SCCACCM,SCMT,NO,PC22,C3L,MI,,
32170,MANZANO,32200,S.GIOVANNI AL NATISONE,F039,2.19,2,TE,F,BCA,DC,SCMT,SI,PC80,D4L,TS,,
58140,MACERATA,58142,MACERATA FONTESCODELLA,C126,1.87,1,TD,CS,BCA,CTC,SCMT,NO,FS,C3L,AN,,P147
85480,MESSINA CENTRALE,85540,MESSINA SCALO,C169,1.48,2,TE,CS,ALT,SCC,SCMT,SI,PC22,C3,PA,,
80400,CAPO BONIFATI,80440,CETRARO,F075,8.06,2,TE,F,BAB-CC,CTC,SCMT,SI,PC32,D4L,RC,,
15140,MILANO SCALO ROMANA,15168,MILANO TIBALDI,N002,2.33,2,TE,CS,BAB-CC,CTC,SCMT,SI,PC45,C3L,MI,,
02955,GARBAGNA,02960,VESPOLATE,C025,3.81,2,TE,CS,BCA,DL,SCMTSSC,SI,PC80,D4L,TO,,
71840,CHIANCHE CEPPALONI,71811,MONTORSI,C197,3.57,1,TD,CST,BCA,CTC,SSC,SI,FS,C3L,NA,,I173
66043,SIPICCIANO-S.NICOLA,66040,SIPICCIANO,C196,1.93,1,TE,CST,BCA,CTC,SCMT,NO,FS,C3L,RM,,
13150,P.M. BIVIO ADDA,16400,TREVIGLIO OVEST,C050,2.53,2,TE,CS,BAB-CC,SCCACCM,SCMT,NO,PC80,D4L,MI,,
12305,CORBETTA-S.STEFANO TICINO,12340,VITTUONE-ARLUNO,F011,2.52,2,TE,F,BAB-CC,SCCACCM,ERTMS_L2_SOVR,SI,PC80,D4,MI,,
49900,BERCETO,49905,ROCCAMURATA,F047,5.47,1,TE,F,BCA,CTC,SCMT,SI,PC22,C3L,FI,,
66645,CANSANO,66720,CAMPO DI GIOVE,C229,5.38,1,TD,CST,ALT,DU,SSC,NO,FS,C3L,AN,B,
35640,SAVONA,37200,ALTARE,C093,17.22,1,TE,CS,BCA,SCC,SCMT,NO,PC32,C3L,GE,,
34955,IMPERIA,35139,DIANO,F009,4.87,2,TE,F,BAB-CC,SCCACCM,SCMT,SI,PC22,D4,GE,,
82100,POLICORO-TURSI,82140,NOVA SIRI-ROTONDELLA,C160,9.55,1,TE,CS,BCA,CTC,SCMT,SI,PC45,C3,RC,,
76340,BITETTO-PALO DEL COLLE,76345,GRUMO APPULA,C158,4.1,2,TE,CS,BCAB,SCC,SCMT,SI,PC45,D4L,BA,,
71620,PONTELANDOLFO,71651,CAMPOLATTARO,C202,2.44,1,TD,CST,BCA,CTC,SSC,NO,FS,C3L,NA,B,
61660,COLLEFERRO-SEGNI-PALIANO,61700,ANAGNI-FIUGGI,F061,8.92,2,TE,F,BA-CC,DC,SCMT,SI,PC32,D4,RM,,
60464,BIVIO P.C. NUOVO SALARIO,60465,P.M. SALARIO ROMA SMISTAMENTO,N007,1.47,2,TE,N,BAB-CC,SCCACCM,SCMT,SI,PC32,C3,RM,,
12740,CAMNAGO-LENTATE,12780,SEREGNO,F017,6.3,2,TE,F,BAB-CC,SCCACCM,ERTMS_L2_SOVR,SI,PC80,D4,MI,,
63220,COLLI DI MONTE BOVE,63180,CARSOLI,C132,6.4,1,TE,CS,BCA,SCCACCM,SCMT,SI,PC22,C3L,RM,,
85140,CASTIGLIONE COSENTINO,85180,COSENZA,C167,4.33,2,TE,CS,BCA,CTC,SCMT,SI,PC45,C3,RC,,
56520,POPOLI-VITTORITO,56560,BUSSI,C125,3.28,1,TE,CS,BCA,CTC,SCMT,SI,PC22,C3L,AN,,
58755,MONTEPRANDONE,58750,MONSAMPOLO DEL TRONTO,C124,2.71,1,TE,CS,BCA,CTC,SCMT,NO,FS,D4L,AN,,
11070,P.M. ALICE CASTELLO,11090,P.C. RECETTO,A003,29.56,2,TE25,F,BRA,SCCACCM,ERTMS_L2,SI,PC80,D4,TO,,
52000,FORNACI DI BARGA,52040,GHIVIZZANO-COREGLIA,C119,3.92,1,TD,CS,BCA,CTC,SCMT,NO,FS,C3L,FI,,
63540,COLLARMELE,63500,CERCHIO,C131,3.71,1,TE,CS,BEM,DC,SCMT,SI,PC22,C3L,RM,,A2001B|A2004E
25143,S.CRISTOFORO AL LAGO-ISCHIA,25145,CALCERANICA,C232,4.14,1,TD,CST,BCA,CTC,SCMT,NO,FS,C3,VR,,P128
61940,ROCCASECCA,62020,PIEDIMONTE-VILLA S.LUCIA-AQUINO,F061,8.0,2,TE,F,BAB-CC,DC,SCMT,SI,PC32,D4,RM,,
71540,S.CROCE DEL SANNIO,71580,MORCONE,C202,6.99,1,TD,CST,BCA,CTC,SSC,NO,FS,C3L,NA,B,
28060,PORDENONE,28063,FONTANAFREDDA,F037,6.42,2,TE,F,BCAB,SCC,SCMT,SI,PC80,D4L,TS,,
27350,LATISANA-LIGNANO-BIBIONE,31200,PALAZZOLO DELLO STELLA,F035,7.31,2,TE,F,BCAB,DC,SCMT,SI,PC80,D4L,TS,,0365A
62635,MADONNA DEL PIANO,64860,CAPRANICA-SUTRI,,2.24,1,,CS,ALT,DU,,,n.c.,,RM,B,
66840,ROCCARASO,66850,ALFEDENA-SCONTRONE,C229,16.44,1,TD,CST,ALT,DU,SSC,NO,FS,C3L,AN,B,
61320,ROMA OSTIENSE,61380,ROMA TUSCOLANA,N007,3.61,2,TE,N,BAB-CC,DC,SCMT,SI,PC32,C3,RM,,
00825,ORIGINE-TERMINE TO-MI,02440,TORINO PORTA NUOVA,N001,1.09,2,TE,N,BAB-CF,SCCACCM,SCMT,SI,PC45,D4,TO,,
15180,MILANO S.CRISTOFORO,20520,CORSICO,C058,1.81,2,TE,CS,BAB-CC,CTC,SCMT,SI,FS,C3L,MI,,
90100,COMITINI,90140,ARAGONA-CALDARE,C182,6.22,1,TE,CS,BCA,CTC,SCMT,SI,FS,A,PA,,P247
19580,S.ZENO FOLZANO,19800,MONTIRONE,C065,5.07,1,TD,CS,BCA,CTC,SCMT,NO,PC22,C3L,MI,,
20240,CAORSO,26019,2° BIVIO PIACENZA EST,C056,8.88,1,TE,CS,BCA,CTC,SCMT,NO,PC45,D4L,MI,,
01160,BIVIO CASTELROSSO,01200,TORRAZZA PIEMONTE,F011,3.15,2,TE,F,BAB-CC,DC,SCMT,SI,PC80,D4,TO,,
20943,CARATE-CALO',20945,VILLA RAVERIO,C042,1.99,1,TD,CS,BEM,DC,SCMT,NO,FS,C3,MI,,
12240,P.M. GHISOLFA,16555,MILANO VILLAPIZZONE,N002,0.52,2,TE,N,BAB-CC,SCCACCM,SCMT,SI,PC45,C3L,MI,,
65183,LA GIUSTINIANA,65185,IPOGEO DEGLI OTTAVI,N007,2.04,2,TE,N,BAB-CC,SCCACCM,SCMT,SI,FS,C3L,RM,,P053
17740,BELLANO-TARTAVALLE TERME,17780,VARENNA-ESINO-PERLEDO,C040,3.26,1,TE,CS,BCA,CTC,SCMT,NO,PC22,C3L,MI,,
38240,PREDOSA,38255,S.GIACOMO,C193,7.18,1,TE,CST,BCA,SCC,SCMT,SI,PC45,D4,GE,,
67209,DEV. DIR. ROCCA D'EVANDRO,67220,ROCCA D'EVANDRO-S.VITTORE,F061,0.42,2,TE,F,BAB-CC,DC,SCMT,SI,PC45,C3,NA,,
26062,BIVIO CASTELFRANCO EST,26064,"SEGN. CONFINE KM 1,624",A005,1.62,2,TE,F,BRA,SCCACCM,ERTMS_L2,SI,PC80,D4,BO,,
36820,GENOVA SAMPIERDARENA SMIST.TO,36823,DEV.I.GE SAMP.SMIST.TO,N004,0.52,1,TE,N,BA-CF,SCC,SCMT,SI,PC45,D4,GE,,
36740,RIOMAGGIORE,45100,LA SPEZIA CENTRALE,F045,6.69,2,TE,F,BAB-CC,SCC,SCMT,SI,PC22,D4L,GE,,
07845,GROPELLO CAIROLI,07850,VILLANOVA D'ARDENGHI,C021,4.0,1,TD,CS,BCA,CTC,SCMT,NO,FS,C3,TO,,
27540,FOSSALTA DI PIAVE,27500,S.DONA' DI PIAVE JESOLO,F035,5.0,2,TE,F,BCAB,SCC,SCMT,SI,PC80,D4L,VE,,0365A
50180,VILLAFRANCA-BAGNONE,50210,P.P. CHIESACCIA (posto passaggio doppio/semplice),F047,4.69,1,TE,F,BA-CC,SCC,SCMT,SI,PC22,C3L,FI,,
43770,BORGONUOVO,43775,PONTECCHIO MARCONI,N005,2.33,1,TE,N,BCA,CTCACCM,SCMT,SI,FS,C3L,BO,,
60320,POGGIO MIRTETO,60360,FARA SABINA,F053,11.39,2,TE,F,BAB-CC,SCCACCM,SCMT,SI,PC45,D4L,RM,,
20000,ASOLA,20040,CANNETO SULL'OGLIO,C065,8.22,1,TD,CS,BCA,CTC,SCMT,NO,PC22,C3L,MI,,
89110,PALERMO DE GASPERI,89100,PALERMO NOTARBARTOLO,C181,0.0,2,TE,CS,BCAB,SCC,SCMT,SI,FS,C3,PA,,0036
83440,S.ANDREA DELLO JONIO,83480,BADOLATO,C162,5.46,1,TD,CS,BCA,CTC,SCMT,SI,PC32,C3L,RC,,P245
66080,GROTTE S.STEFANO,66043,SIPICCIANO-S.NICOLA,C196,8.96,1,TE,CST,BCA,CTC,SCMT,NO,FS,C3L,RM,,
33064,CERVIGNANO SMISTAMENTO F.P.,33067,DEV.RACCORDO ARRIVI,C095,0.56,2,TE,F,BAB-CF,DC,SCMT,SI,PC80,D4L,TS,,
57105,ANTRODOCO CENTRO,57115,ROCCA DI FONDI,C231,7.93,1,TD,CST,BCA,CTC,SSC,NO,FS,<A,AN,,P210A
13640,MILANO LAMBRATE,14660,QUADRIVIO P.C. TURRO,N002,2.04,2,TE,N,BAB-CC,SCCACCM,SCMT,SI,PC80,D4,MI,,
85480,MESSINA CENTRALE,85540,MESSINA SCALO,C175,1.48,2,TE,CS,ALT,SCC,SCMT,SI,PC22,C3,PA,,
87965,GUARDIA-MANGANO-S.VENERINA,88000,ACIREALE,C169,7.91,2,TE,CS,BAB-CC,SCC,SCMT,SI,PC22,C3,PA,,
52600,ARBIA,52640,CASTELNUOVO BERARDENGA,C122,6.92,1,TD,CS,BCA,CTC,SCMT,NO,FS,D4L,FI,,
16840,BRONI,16880,STRADELLA,F021,3.79,2,TE,F,BCAB,SCCACCM,SCMT,SI,PC45,D4L,MI,,
68870,SBOCCO GALLERIA MASCAMBRONI,68900,VITULANO-FOGLIANISE,F071,1.16,1,TE,F,BCA,CTC,SCMT,SI,PC22,C3L,NA,,0099A|0099B|0279A|0279B|0281|0284
71960,PRATA PRATOLA,71891,TUFO,C197,3.85,1,TD,CST,BCA,CTC,SSC,SI,FS,C3L,NA,,I173
90780,CALTANISSETTA XIRBI,90820,IMERA,C178,6.68,1,TE,CS,BCA,CTC,SCMT,NO,FS,C3L,PA,,
50407,PONZANO MAGRA,45260,SARZANA,F047,4.25,1,TE,F,BCA,DC,NO,NO,PC32,D4L,FI,B,
11180,DOMODOSSOLA,11240,BIVIO P.C. TOCE,F013,3.13,2,TE,F,BAB-CC,DC,SCMT,SI,PC80,D4,MI,,
09315,SIZZANO,09310,FARA,C035,3.13,1,TD,CS,BCA,DL,SSC,NO,FS,D4L,TO,,
69620,TORRE DEL GRECO,69660,S.MARIA LA BRUNA,F073,5.17,2,TE,F,BAB-CC,DC,SCMT,SI,PC25,D4L,NA,,
30800,BIVIO D'AURISINA,32810,BIVIO D'AUR. SC. ESTR. VIADOTTO,F035,0.77,2,TE,F,BCAB,DC,SCMT,SI,PC80,D4,TS,,0365A
16600,TORTONA,34480,CASSANO SPINOLA,F005,15.85,2,TE,F,BA-CC,DC,SCMT,SI,PC22,D4L,GE,,
04900,DONNAS,04860,Hône-Bard,C002,2.91,1,TD,CS,BCA,CTC,SCMT,NO,FS,C3L,TO,,P123
62820,BAGNI DI TIVOLI,62860,GUIDONIA-MONTECELIO-S.ANGELO,N007,5.36,1,TE,N,BCA,DC,SCMT,SI,PC22,C3L,RM,,
72000,AVELLINO,73360,SALZA IRPINA,C223,7.35,1,TD,CST,BCA,CTC,SSC,NO,FS,<A,NA,B,
10785,COSTIGLIOLE SALUZZO,10900,BUSCA,C243,8.56,1,TD,CSP,BCA,CTC,SCMT,NO,PC45,C3L,TO,,
15720,TAINO-ANGERA,11800,SESTO CALENDE,C036,6.16,1,TE,CS,BCA,CTC,SCMT,SI,PC80,D4L,MI,,
59700,ALLERONA CASTEL VISCARDO,59760,2° BIVIO ORVIETO NORD,F053,5.08,2,TE,F,BAB-CC,CTC,SCMT,SI,PC22,D4L,FI,,
46720,MONTEPESCALI,46760,GROSSETO,F051,11.77,2,TE,F,BAB-CC,SCC,SCMT,SI,PC80,D4,FI,,
71380,CASACALENDA-GUARDIALFIERA,71420,BONEFRO-S.CROCE,C230,3.79,1,TD,CST,BCA,CTC,SSC,NO,FS,C3L,NA,,
80100,SAPRI,80105,ACQUAFREDDA,F075,6.3,2,TE,F,BAB-CC,CTC,SCMT,SI,PC32,D4L,RC,,
26205,P.M. S.PIERO A SIEVE,26210,CARLONE PDE,A007,4.85,2,TE25,F,BRA,SCCACCM,ERTMS_L2,SI,PC80,D4,BO,,
68589,DEV.EST.LATO CASERTA,68598,MONTE AGLIO NORD PES,,0.0,2,TE,F,BAB-CC,SCCACCM,SCMT,SI,PC80,D4,NA,,0099A|0099B|0279A|0279B|0281|0284
20905,BIASSONO-LESMO-PARCO,20907,MACHERIO-CANONICA,C042,1.75,1,TD,CS,BEM,DC,SCMT,NO,FS,C3,MI,,
30840,MONFALCONE,30880,MONF.DEV.S.POLO,F035,1.48,2,TE,F,BAB-CF,SCCACCM,SCMT,SI,PC80,D4L,TS,,0365A
84325,ANNA',84360,SALINE DI REGGIO,C162,3.66,2,TE,CS,BCAB,CTC,SCMT,SI,PC32,C3,RC,,
10225,CASTELNUOVO BELBO,10230,INCISA SCAPACCINO,C206,3.1,1,TD,CST,BCA,DL,SSC,NO,FS,C3L,TO,B,
55780,TREVI,55820,FOLIGNO,F065,8.88,2,TE,F,BAB-CC,CTC,SCMT,SI,PC45,D4L,AN,,
75700,BARI PARCO SUD,75710,BARI TORRE QUETTA,C150,1.54,2,TE,CS,BAB-CC,SCC,SCMT,SI,PC45,D4L,BA,,
36585,BONASSOLA,36620,LEVANTO,F045,2.93,2,TE,F,BAB-CC,SCC,SCMT,SI,PC22,D4L,GE,,
02440,TORINO PORTA NUOVA,02620,TORINO SMISTAMENTO NORD,N001,2.33,2,TE,N,ALT,DC,SCMT,SI,PC45,D4,TO,,
50680,RONTA,50710,CRESPINO DEL LAMONE,C111,12.92,1,TD,CS,BCA,CTC,SSC,SI,FS,<A,FI,,P200
80360,BELVEDERE MARITTIMO,80400,CAPO BONIFATI,F075,6.77,2,TE,F,BAB-CC,CTC,SCMT,SI,PC32,D4L,RC,,
23420,PERI,23460,P.C. DOLCE',F027,7.59,2,TE,F,BAB-CC,SCC,SCMT,SI,PC80,D4,VR,,P224
34247,BIVIO RIVAROLO,34260,GENOVA RIVAROLO,F019,0.55,2,TE,N,BAB-CC,SCC,SCMT,SI,PC22,D4L,GE,,
34100,BORGO FORNARI PER VOLTAGGIO,34140,BUSALLA,F019,1.58,2,TE,F,BAB-CC,SCC,SCMT,SI,PC22,D4L,GE,,P221
37280,S.GIUSEPPE DI CAIRO,37285,BRAGNO,C096,1.46,1,TE,CS,BCA,SCC,SCMT,SI,PC32,C3L,GE,,
40880,VERNIO-MONTEPIANO,40920,VAIANO,F043,10.38,2,TE,F,BAB-CC,CTC,SCMT,SI,PC22,D4,BO,,P261
28340,TREVISO CENTRALE,99010,OLMI,C084,7.14,1,TE,CS,BCA,CTCACCM,SCMT,SI,PC80,D4L,VE,,
61063,PALO LAZIALE,61100,TORRE IN PIETRA-PALIDORO,F051,6.97,2,TE,F,BAB-CC,SCC,SCMT,SI,PC32,D4L,RM,,
26145,OSTERIA PDE,26150,CASTELVECCHIO PDE,A007,2.71,2,TE25,F,BRA,SCCACCM,ERTMS_L2,SI,PC80,D4,BO,,
25763,PALIDANO,25800,GONZAGA-REGGIOLO,C072,4.74,1,TE,CS,BCA,CTC,SCMT,NO,PC45,D4L,BO,,
93560,RAGUSA IBLA,93600,MODICA,C173,10.76,1,TD,CS,BCA,CTC,SSC,NO,FS,B2,PA,,
68435,FRATTAMAGGIORE-GRUMO,68405,CASORIA,N008,4.73,2,TE,N,BAB-CC,SCC,SCMT,SI,PC32,C3,NA,,
29620,PERAROLO DI CADORE,29660,OSPITALE DI CADORE,C076,7.91,1,TD,CS,BCA,CTC,SSC,NO,FS,C3L,VE,,
15343,BESNATE,11960,GALLARATE,F015,5.16,1,TE,F,BCA,CTC,SCMT,SI,PC80,D4L,MI,,
42240,BIVIO ARCOVEGGIO,42700,BOLOGNA CENTRALE,N005,3.34,2,TE,N,BAB-CC,CTCACCM,SCMT,SI,PC45,D4,BO,,
72745,DEV.EST. VENAFRO SUD,72780,CAPRIATI AL VOLTURNO,F061,3.48,1,TE,F,BCA,DC,SCMT,NO,PC45,C3L,NA,,
60460,ROMA SMISTAMENTO,60465,P.M. SALARIO ROMA SMISTAMENTO,N007,2.16,1,TE,N,ALT,DC,SCMT,SI,PC32,C3,RM,,
55825,SCANZANO-BELFIORE,55820,FOLIGNO,F065,4.17,1,TE,F,BCA,CTC,SCMT,SI,PC45,D4L,AN,,
50747,FOGNANO,50840,BRISIGHELLA,C111,3.98,1,TD,CS,BCA,CTC,SSC,SI,FS,<A,FI,,P200
29370,SALZANO-ROBEGANO,29400,MAERNE DI MARTELLAGO,C092,3.82,1,TE,CS,BCA,SCC,SCMT,SI,PC80,D4L,VE,,
13700,MILANO ROGOREDO,14080,LOCATE TRIULZI,F005,8.21,2,TE,F,BAB-CC,DC,SCMT,SI,PC45,D4,MI,,0335|P133
63180,CARSOLI,63140,ORICOLA-PERETO,C132,4.58,1,TE,CS,BCA,SCCACCM,SCMT,SI,PC22,C3L,RM,,
74120,P.M. LABICO,74140,P.M. ANAGNI,A001,24.56,2,TE25,F,BRA,SCC,ERTMS_L2,SI,PC80,D4,RM,,P224
15565,CALDE',15600,LAVENO-MOMBELLO,F015,5.94,1,TE,F,BCA,CTC,SCMT,SI,PC80,D4L,MI,,
20560,GAGGIANO,20597,ALBAIRATE-VERMEZZO,C058,5.82,2,TE,CS,BAB-CC,CTC,SCMT,SI,FS,C3L,MI,,
87680,LETOJANNI,87720,TAORMINA,C169,4.94,1,TE,CS,BCA,SCC,SCMT,SI,PC22,C3,PA,,0249
73631,SANZANO-OCCHINO,73621,MORRA DE SANCTIS-TEORA,C223,3.71,1,TD,CST,BCA,CTC,SSC,NO,FS,<A,NA,B,
40340,CESENA,40380,GAMBETTOLA,F063,7.01,2,TE,F,BAB-CC,SCCACCM,SCMT,SI,PC80,D4,BO,,P223
56945,POGGIO FIDONI,56980,RIETI,C231,6.34,1,TD,CST,BCA,CTC,SSC,NO,FS,C3L,AN,,P210A
00840,QUADRIVIO ZAPPATA,00880,BIVIO CROCETTA,N001,0.67,2,TE,N,BAB-CC,SCCACCM,SCMT,SI,PC45,D4,TO,,
45540,VIAREGGIO,51080,MASSAROSA-BOZZANO,C113,8.78,1,TE,CS,BCA,CTC,SCMT,SI,FS,D4,FI,,
51850,POGGIO-CAREGGINE-VAGLI,51855,VILLETTA S.ROMANO,C119,1.46,1,TD,CS,BCA,CTC,SCMT,NO,FS,C3L,FI,,
54020,FALCONARA MARITTIMA,54042,PALOMBINA,F063,3.01,2,TE,F,BAB-CC,SCC,SCMT,SI,PC80,D4L,AN,,
16083,VERCURAGO-S.GIROLAMO,16120,CALOLZIOCORTE-OLGINATE,C044,1.47,2,TE,CS,BA-CF,DC,SCMT,NO,PC30,C3L,MI,,
51520,PISTOIA,51480,SERRAVALLE PISTOIESE,C116,5.5,2,TE,CS,BAB-CC,CTCACCM,SCMT,SI,FS,D4,FI,,
73681,RAPONE-RUVO-S.FELE,73680,CALITRI-PESCOPAGANO,C223,4.03,1,TD,CST,BCA,CTC,SSC,NO,FS,<A,NA,B,
06980,ALICE BELCOLLE,03480,ACQUI TERME,C195,8.01,1,TE,CST,BCA,DL,SCMT,SI,FS,C3L,TO,,
00840,QUADRIVIO ZAPPATA,00825,ORIGINE-TERMINE TO-MI,N001,0.0,2,TE,N,BAB-CC,SCCACCM,SCMT,SI,PC45,D4,TO,,
03040,MORTARA,06740,CANDIA LOMELLINA,C218,13.93,1,TD,CST,BCA,DL,SCMT,NO,FS,C3L,TO,,
49135,POPULONIA,49160,FIORENTINA DI PIOMBINO,C120,3.04,2,TE,CS,BCAB,SCC,SCMT,SI,FS,D4L,FI,,
31980,TRICESIMO-S.PELAGIO,32020,P.M. VAT,F037,7.48,2,TE,F,BAB-CC,SCC,SCMT,SI,PC80,D4,TS,,
01280,LIVORNO FERRARIS,01285,BIANZE',F011,4.39,2,TE,F,BAB-CC,DC,SCMT,SI,PC80,D4,TO,,
59520,ROMA TIBURTINA,62140,ROMA CASILINA,N007,4.31,2,TE,N,BAB-CC,DC,SCMT,SI,PC32,C3,RM,,
70715,SASSANO T.,70721,PADULA,,4.29,1,TD,CS,ALT,DU,,,n.c.,,NA,B,I107A|P238A
06240,CRESCENTINO,06280,FONTANETTO PO,C005,6.42,1,TE,CS,BCA,CTC,SCMT,NO,PC45,C3,TO,,
77840,ASCOLI SATRIANO,77880,CANDELA-S.AGATA DI PUGLIA,C153,7.86,1,TD,CS,BCA,CTC,SCMT,SI,PC45,C3L,BA,,1674
68900,VITULANO-FOGLIANISE,68945,BENEVENTO,F071,6.02,2,TE,F,BCA,CTC,SCMT,SI,PC22,C3L,NA,,
74092,"SEGN. CONFINE KM 6,410",74100,P.M. SALONE,A001,5.99,2,TE,F,BRA,SCC,ERTMS_L2,SI,PC80,D4,RM,,P224
47536,DEVIATOIO FAENTINA (FIRENZE CAMPO DI MARTE),48980,FIRENZE SANTA MARIA NOVELLA,N006,2.31,2,TE,N,BAB-CC,SCCACCM,SCMT,SI,PC22,C3,FI,,A5000_1
86780,CAMPOFELICE,86860,FIUMETORTO,C175,9.57,2,TE,CS,BAB-CC,SCC,SCMT,SI,PC22,C3,PA,,
57430,TIONE DEGLI ABRUZZI,57500,BEFFI,C231,1.77,1,TD,CST,BCA,CTC,SSC,NO,FS,C3L,AN,,P210A
76140,CAROVIGNO,76180,S.VITO DEI NORMANNI,C150,0.0,2,TE,CS,BCAB,SCC,SCMT,SI,PC45,D4L,BA,,P223
17860,MANDELLO DEL LARIO,17900,ABBADIA LARIANA,C040,2.45,1,TE,CS,BCA,CTC,SCMT,NO,PC22,C3L,MI,,
70880,NOLA,70920,PALMA-S.GENNARO,C143,6.73,2,TE,CS,BAB-CC,SCC,SCMT,NO,PC32,D4L,NA,,
22780,PRATO TIRES,22860,BOLZANO,F027,8.08,2,TE,F,BAB-CC,SCC,SCMT,SI,PC80,D4L,VR,,P224
06320,TRINO VERCELLESE,06360,MORANO SUL PO,C005,6.07,1,TE,CS,BCA,CTC,SCMT,NO,PC45,C3,TO,,
07705,NICORVO,03040,MORTARA,C020,5.82,1,TD,CS,BCA,CTC,SCMT,NO,FS,C3,TO,,
38080,GENOVA GRANARA,38090,GENOVA COSTA,C098,2.44,1,TE,CS,BCA,SCC,SCMT,SI,PC45,D4L,GE,,P198
58875,CASTELLALTO-CANZANO,58870,BELLANTE-RIPATTONE,C211,3.94,1,TE,CST,BCA,CTC,SCMT,NO,FS,C3L,AN,,
42560,BIVIO TREBBO,41720,BOLOGNA CORTICELLA,N005,2.03,2,TE,N,BAB-CC,CTCACCM,SCMT,SI,PC80,D4,BO,,
39080,P.M. LAVINO,39845,P. M. SANTA VIOLA,N005,5.36,2,TE,N,BAB-CC,CTC,SCMT,SI,PC45,D4,BO,,P224
61780,MOROLO,61783,FERENTINO-SUPINO,F061,5.08,2,TE,F,BAB-CC,DC,SCMT,SI,PC32,D4,RM,,
74143,DEV.INT AV/AC (PM ANAGNI),74162,"SEGN. CONFINE KM 3,168",A001,3.17,2,TE25,F,BRA,SCC,ERTMS_L2,SI,PC80,D4,RM,,
53347,DEV.ESTR. PISA S.ROSSORE,53349,BINARI PISA S.ROSSORE (LINEA LUCCA),C117,0.34,1,TE,F,BCA,CTC,SCMT,SI,PC32,D4,FI,,
86900,TERMINI IMERESE,86940,TRABIA,C176,5.13,2,TE,CS,BAB-CC,SCC,SCMT,SI,PC22,C3,PA,,
08140,BIVIO MADONNA DELL'OLMO,10900,BUSCA,C243,13.27,1,TD,CSP,BCA,CTC,SCMT,NO,PC45,C3L,TO,,
46816,FIRENZE ROVEZZANO,47540,FIRENZE CAMPO DI MARTE,N006,3.06,2,TE,N,BAB-CC,SCCACCM,SCMT,SI,PC22,D4L,FI,,P076
94123,CAGLIARI S.GILLA,94100,CAGLIARI,C188,1.53,2,TD,CS,BAB-CC,CTCACCM,SCMT,NO,PC30,D4,CA,,P254A
82140,NOVA SIRI-ROTONDELLA,82180,ROCCA IMPERIALE,C160,4.14,1,TE,CS,BCA,CTC,SCMT,SI,PC45,C3,RC,,
26090,MONTECALVO ICD PDE,26105,BIVIO EMILIA,A007,1.16,2,TE25,F,BRA,SCCACCM,ERTMS_L2,SI,PC80,D4,BO,,
73600,LIONI,73581,S.ANGELO DEI LOMBARDI,C223,2.79,1,TD,CST,BCA,CTC,SSC,NO,FS,<A,NA,B,
04060,RACCONIGI,04100,CAVALLERMAGGIORE,C011,7.05,2,TE,CS,BCA,DC,SCMT,NO,PC45,D4L,TO,,
13700,MILANO ROGOREDO,17248,BIVIO P.C. MELEGNANO,F041,13.89,2,TE,F,BAB-CC,DC,SCMT,SI,PC80,D4,MI,,
84240,CONDOFURI,84280,MARINA DI S.LORENZO,C162,4.37,1,TD,CS,BCA,CTC,SCMT,SI,PC32,C3L,RC,,P245
78540,ALTAMURA,78580,CASAL SABINI,C224,9.74,1,TD,CST,ALT,DU,SSC,NO,FS,C3,BA,B,
80820,LAMEZIA TERME CENTRALE,80880,S.PIETRO A MAIDA-MAIDA,F077,6.81,2,TE,F,BAB-CC,CTC,SCMT,SI,PC45,D4L,RC,,P140
78500,GRAVINA IN PUGLIA,78540,ALTAMURA,C224,11.62,1,TD,CST,ALT,DU,SSC,NO,FS,C3,BA,B,
87760,ALCANTARA,87800,CALATABIANO,C169,2.35,1,TE,CS,BCA,SCC,SCMT,SI,PC22,C3,PA,,
21780,CASTELNUOVO DEL GARDA,21820,SOMMACAMPAGNA,F023,6.92,2,TE,F,BAB-CC,SCCACCM,SCMT,SI,PC80,D4,VR,,0361
40920,VAIANO,44920,PRATO CENTRALE,F043,10.13,2,TE,F,BAB-CC,CTC,SCMT,SI,PC22,D4,BO,,P261
25937,QUATTRO VILLE SUD,26058,"SEGN. CONFINE KM 2,805",A005,1.54,2,TE,F,BAB-CF,SCCACCM,SCMT,SI,PC80,D4,BO,,
61744,BIVIO P.C. SGURGOLA,74162,"SEGN. CONFINE KM 3,168",A001,0.43,2,TE,F,BAB-CC,SCC,SCMT,SI,PC80,D4,RM,,
48140,AREZZO,48180,P.M. OLMO,F053,5.99,2,TE,F,BAB-CC,CTC,SCMT,SI,PC22,D4L,FI,,
33064,CERVIGNANO SMISTAMENTO F.P.,33067,DEV.RACCORDO ARRIVI,F035,0.56,1,TE,CS,BCA,DC,SCMT,SI,PC80,D4L,TS,,
74330,1° BIVIO P.C. GRICIGNANO,74342,"SEGN. CONFINE KM 2,1",A001,2.1,2,TE25,F,BRA,SCC,ERTMS_L2,SI,PC80,D4,NA,,
34780,VALLECROSIA,34820,BORDIGHERA,F009,2.6,2,TE,F,BAB-CC,DC,ERTMS_L1_SOVR,SI,PC22,D4,GE,,
15168,MILANO TIBALDI,15170,MILANO ROMOLO,N002,1.42,2,TE,CS,BAB-CC,CTC,SCMT,SI,PC45,C3L,MI,,
26012,BIVIO PIACENZA OVEST,26017,1° BIVIO PIACENZA EST,A005,13.66,2,TE25,F,BRA,SCCACCM,ERTMS_L2,SI,PC80,D4,BO,,
02140,ASTI,06810,MONGARDINO,C195,8.17,1,TE,CST,BCA,DL,SCMT,SI,FS,C3L,TO,,
04420,CEVA,09905,NUCETTO,C208,7.32,1,TD,CST,BCA,DL,SSC,NO,FS,B2L,TO,B,
11480,MERGOZZO,11520,VERBANIA-PALLANZA,F013,3.22,2,TE,F,BAB-CC,DC,SCMT,SI,PC50,D4,MI,,
68601,DEV.EST.LATO CANCELLO,67640,CANCELLO,,3.11,2,TE,F,BAB-CC,SCCACCM,SCMT,SI,PC45,C3,NA,,
48565,DEVIATOIO OLMATELLO (FIRENZE RIFREDI),49116,P.M. OSMANNORO,N006,3.63,2,TE,N,BAB-CC,CTC,SCMT,SI,PC80,D4,FI,,
23620,BIVIO P.C. S.MASSIMO,23680,BIVIO P.C. S.LUCIA,F027,2.06,2,TE,F,BAB-CC,SCC,SCMT,SI,PC80,D4,VR,,
81165,FAVAZZINA,81200,SCILLA,F077,4.19,2,TE,F,BAB-CC,CTC,SCMT,SI,PC32,D4L,RC,,
08420,MONCALIERI SANGONE,08445,NICHELINO,C008,2.3,1,TE,CS,BCA,DL,SCMT,NO,PC45,D4L,TO,,
09200,SILLAVENGO,09220,CASALEGGIO,C199,4.87,1,TD,CST,BCA,DL,SSC,NO,FS,B2L,TO,,
15137,MILANO ROGOREDO BIN.EST.,15138,MILANO ROGOREDO DEV.U.,N002,0.31,2,TE,N,BAB-CC,CTC,SCMT,SI,PC45,C3L,MI,,
02320,ALESSANDRIA,33835,AL CAVALCAVIA,F003,0.55,2,TE,F,BA-CC,DC,SCMT,SI,PC45,D4L,TO,,
00040,MODANE,00080,P.C. TERRES FROIDES,F001,4.4,2,TE,F,BAB-CC,CTC,SCMT,SI,PC45,D4,TO,,
07835,TROMELLO,07840,GARLASCO,C021,4.61,1,TD,CS,BCA,CTC,SCMT,NO,FS,C3,TO,,
11720,ARONA,02775,DORMELLETTO PAESE,C022,3.25,1,TE,CS,BCA,DL,SCMT,SI,PC50,D4L,TO,,
12580,PM ALBATE,21363,ALBATE-TRECALLO,C041,2.3,1,TD,CS,BCA,DL,SCMT,NO,PC22,D4L,MI,,P198
65523,S.GENNARO,65525,S.EUROSIA,C135,2.29,1,TE,CS,BCA,CTC,SCMT,SI,FS,C3L,RM,,
26024,P.C. PIACENZA,26027,1° BIVIO FIDENZA OVEST,A005,16.56,2,TE25,F,BRA,SCCACCM,ERTMS_L2,SI,PC80,D4,BO,,
78420,SPINAZZOLA,79260,MINERVINO MURGE,C198,22.36,1,TD,CST,ALT,SPO,SCMT,SI,FS,C3L,BA,,
40200,FAENZA,40260,FORLI',F063,15.71,2,TE,F,BAB-CC,SCCACCM,SCMT,SI,PC80,D4,BO,,P223
34140,BUSALLA,34145,PIANO ORIZZONTALE DEI GIOVI,F019,6.02,2,TE,F,BAB-CC,SCC,SCMT,SI,PC22,D4L,GE,,P221
65140,CESANO DI ROMA,65143,OLGIATA,N007,6.49,2,TE,N,BAB-CC,SCCACCM,SCMT,SI,FS,C3L,RM,,P053
59320,1° BIVIO ORTE SUD,60120,ORTE,F055,2.88,2,TE,F,BAB-CC,CTC,SCMT,SI,PC45,D4L,RM,,
68601,DEV.EST.LATO CANCELLO,68610,GS PM MADDALONI,,0.0,2,TE,F,BAB-CC,SCCACCM,SCMT,SI,PC80,D4,NA,,
12120,PARABIAGO,12160,VANZAGO-POGLIANO,N002,4.89,2,TE,N,BAB-CC,DC,SCMT,SI,PC80,D4L,MI,,0294
16555,MILANO VILLAPIZZONE,14560,BIVIO MUSOCCO,N002,0.84,2,TE,N,BAB-CC,SCCACCM,SCMT,SI,PC45,C3L,MI,,
13300,MORENGO-BARIANO,13340,ROMANO,F023,3.94,2,TE,F,BAB-CC,SCCACCM,SCMT,SI,PC80,D4,MI,,
52935,TORRENIERI-MONTALCINO,53020,MONTE AMIATA,C194,12.92,1,TD,CST,BCA,CTC,NO,NO,FS,B2L,FI,A,
60165,PINETO PES,60175,VIGNA CLARA,N007,0.0,1,TE,N,ALT,SPO,SCMT,SI,FS,C3,RM,,0258_A
54840,MONTESILVANO,54880,PESCARA,F067,6.98,2,TE,F,BAB-CC,SCC,SCMT,SI,PC80,D4,AN,,
46816,FIRENZE ROVEZZANO,47616,P.M. ROVEZZANO L.L.,F053,0.7,2,TE,N,BAB-CC,SCCACCM,SCMT,SI,PC22,D4L,FI,,P076
19260,VILLETTA MALAGNINO,19300,GAZZO-PIEVE S.GIACOMO,C062,6.13,1,TE,CS,BCA,CTC,SCMT,SI,PC45,D4L,MI,,
78985,BRINDISI CITTADELLA DELLA RICERCA,78990,BRINDISI PERRINO,C157,7.13,1,TE,CS,BCA,CTC,SCMT,SI,PC45,C3,BA,,
77280,CAMPOMAGGIORE-PIETRAPERTOSA,77285,CALCIANO,C155,11.92,1,TE,CS,BCA,CTC,SCMT,SI,PC25,C3,BA,,
35605,BIVIO DORIA,37670,SAVONA P. DORIA,F009,1.33,2,TE,F,BA-CF,DC,SCMT,SI,PC22,D4,GE,,
13900,CASALPUSTERLENGO,20460,OSPEDALETTO LODIGIANO,C060,6.72,1,TD,CS,BCA,CTC,SCMT,NO,PC22,C3L,MI,,
32360,REDIPUGLIA,32350,SAGRADO,F039,2.19,2,TE,F,BCA,DC,SCMT,SI,PC80,D4L,TS,,
81280,VILLA S.GIOVANNI,81290,REGGIO DI CALABRIA CATONA,F077,3.61,2,TE,F,BAB-CC,CTC,SCMT,SI,PC32,C3,RC,,
39630,CAMPOSANTO,39680,CREVALCORE,F029,7.8,2,TE,F,BAB-CC,CTCACCM,SCMT,SI,PC80,D4,BO,,P224
62700,TOR SAPIENZA,62668,PALMIRO TOGLIATTI,N007,1.16,2,TE,N,BAB-CC,SCC,SCMT,SI,PC22,C3L,RM,,
58748,SPINETOLI VILLA S.PIO X,58745,SPINETOLI COLLI,C124,2.65,1,TE,CS,BCA,CTC,SCMT,NO,FS,D4L,AN,,
43800,SASSO MARCONI,43805,LAMA DI RENO,N005,4.9,1,TE,N,BCA,CTCACCM,SCMT,SI,FS,C3L,BO,,
18900,CASTELVETRO,19200,CREMONA,C054,6.09,1,TE,CS,BCA,CTC,SCMT,NO,PC45,D4L,MI,,
44530,ADRIA,44535,CAVANELLA PO,C225,6.43,1,TD,CST,BCA,DPC,SSC,NO,PC80,C3,VE,,
88080,CATANIA CENTRALE,88180,CATANIA ACQUICELLA,C170,0.0,1,TE,CS,BA-CF,DC,SCMT,SI,PC22,C3,PA,,
84680,BIVIO SETTIMO,85140,CASTIGLIONE COSENTINO,C164,3.69,1,TE,CS,BCA,CTC,SCMT,SI,PC45,C3,RC,,
17265,BIANZONE,17300,TRESENDA-APRICA-TEGLIO,C037,2.96,1,TE,CS,BCA,CTC,SCMT,NO,PC22,C3L,MI,,
26125,QUINZANO PDE,26135,P.M. IDICE,A007,2.09,2,TE25,F,BRA,SCCACCM,ERTMS_L2,SI,PC80,D4,BO,,
16080,LECCO MAGGIANICO,16083,VERCURAGO-S.GIROLAMO,C044,2.2,2,TE,CS,BA-CF,DC,SCMT,NO,PC30,C3L,MI,,
20757,CANTELLO G.,20782,P.M.BEVERA,,3.15,2,TE,CS,BCAB,DL,ERTMS_L1_SOVR,SI,FS,D4,MI,,
27690,CONFLUENZA UD-TS,27675,VENEZIA MESTRE OLIMPIA,N003,2.94,2,TE,N,BAB-CC,SCC,SCMT,SI,PC80,D4L,VE,,
47660,PONTASSIEVE,47665,S.ELLERO,F053,5.08,2,TE,F,BAB-CC,CTC,SCMT,SI,PC22,D4L,FI,,
68111,BAGNOLI-AGNANO TERME,68121,CAVALLEGGERI AOSTA,N008,1.83,2,TE,N,BAB-CC,SCC,SCMT,SI,PC22,C3,NA,,
83760,GIOIOSA JONICA,83800,SIDERNO,C162,4.14,1,TD,CS,BCA,CTC,SCMT,SI,PC32,C3L,RC,,P245
12580,PM ALBATE,12545,COMO CAMERLATA,F017,0.89,2,TE,F,BA-CC,DC,SCMT,SI,PC22,D4,MI,,P198
87320,CONTESSE,87325,TREMESTIERI,C169,1.54,2,TE,CS,BAB-CC,SCC,SCMT,SI,PC22,C3,PA,,
82565,TOSCANO,82600,MIRTO-CROSIA,C161,6.47,1,TD,CS,BCA,CTC,SCMT,SI,PC32,C3L,RC,,P245
65187,OTTAVIA,65189,S.FILIPPO NERI,N007,1.7,2,TE,N,BAB-CC,SCCACCM,SCMT,SI,FS,C3L,RM,,P053
30573,S.CROCE DEL LAGO,30580,VITTORIO VENETO,C085,13.81,1,TE,CS,BCA,CTC,SCMT,NO,FS,C3L,VE,,
45920,TOMBOLO,46030,DEV.ESTR. LIVORNO CALAMBRONE,F051,4.77,2,TE,F,BAB-CC,SCC,SCMT,SI,PC80,D4,FI,,
72680,CAMPOBASSO,72685,DUCA D'AOSTA,C202,0.92,1,TD,CST,BCA,CTC,SCMT,NO,FS,C3L,NA,,P246
50935,P.M. ORCIANO,50940,COLLESALVETTI,F051,12.02,1,TE,F,BCA,SCC,SCMT,NO,PC80,D4,FI,,
04940,PONT-SAINT-MARTIN,05020,SETTIMO TAVAGNASCO,C002,5.67,1,TD,CS,BCA,CTC,SCMT,NO,FS,C3L,TO,,P123
01120,CHIVASSO,09345,S.SEBASTIANO PO,C209,6.57,1,TD,CST,BCA,DL,SSC,SI,FS,C3,TO,B,
77100,METAPONTO,82060,SCANZANO JONICO-MONTALBANO JONICO,C160,15.96,1,TE,CS,BCA,CTC,SCMT,SI,PC45,C3,RC,,
26027,1° BIVIO FIDENZA OVEST,26028,"SEGN. CONFINE KM 2,860",A005,2.86,2,TE25,F,BRA,SCCACCM,ERTMS_L2,SI,PC80,D4,BO,,
55820,FOLIGNO,57960,SPELLO,C127,4.9,1,TE,CS,BCA,CTC,SCMT,NO,FS,D4L,AN,,0334
68945,BENEVENTO,69000,PADULI SUL CALORE,F071,6.13,2,TE,F,BCA,CTC,SCMT,SI,PC22,C3L,NA,,
06920,NIZZA MONFERRATO,10235,CALAMANDRANA,C206,4.45,1,TD,CST,BCA,DL,SSC,NO,FS,C3L,TO,B,
22865,LAIVES,22920,BRONZOLO,F027,3.27,2,TE,F,BAB-CC,SCC,SCMT,SI,PC80,D4,VR,,P224
80580,S.LUCIDO MARINA,84600,BIVIO PANTANI,C165,4.15,1,TE,CS,BCA,CTC,SCMT,NO,PC45,C3,RC,,I107A
21860,BIVIO P.C. FENILONE,21900,VERONA PORTA NUOVA,F023,3.24,2,TE,F,BAB-CC,SCC,SCMT,SI,PC45,D4,VR,,P222
95935,S.GIOVANNI,95930,S.GIORGIO DI SASSARI,C241,1.52,1,TD,CS,BCA,CTC,SCMT,NO,FS,C3,CA,,
13900,CASALPUSTERLENGO,13940,CODOGNO,F041,4.87,2,TE,F,BAB-CC,DC,SCMT,SI,PC80,D4,MI,,
12980,MILANO GRECO PIRELLI,14660,QUADRIVIO P.C. TURRO,N002,1.84,2,TE,N,BAB-CC,SCCACCM,SCMT,SI,PC80,D4,MI,,
82520,CORIGLIANO CALABRO,82560,ROSSANO,C161,11.27,1,TD,CS,BCA,CTC,SCMT,SI,PC32,C3L,RC,,P245
48380,TERONTOLA-CORTONA,48420,CASTIGLION DEL LAGO,F053,10.01,2,TE,F,BAB-CC,CTC,SCMT,SI,PC22,D4L,FI,,
21483,VERCEIA,21485,DUBINO,C038,4.05,1,TE,CS,BCA,CTC,SCMT,NO,PC22,C3L,MI,,
09936,TRAPPA,09937,ECA NASAGO',C208,3.87,1,TD,CST,ALT,SPO,SSC,NO,FS,B2L,TO,B,
71971,MONTEFREDANE,71960,PRATA PRATOLA,C197,4.46,1,TD,CST,BCA,CTC,SCMT,SI,FS,C3L,NA,,I173
83840,LOCRI,83880,ARDORE,C162,8.13,1,TD,CS,BCA,CTC,SCMT,SI,PC32,C3L,RC,,P245
49740,FORNOVO,49765,P.P.OSTERIAZZA,F047,2.66,1,TE,F,BCA,CTC,SCMT,SI,PC22,C3L,FI,,
73431,LUOGOSANO-S.MANGO SUL CALORE,73421,TAURASI,C223,2.64,1,TD,CST,BCA,CTC,SSC,NO,FS,<A,NA,B,
48180,P.M. OLMO,48220,2° BIVIO AREZZO SUD,F053,2.1,2,TE,F,BAB-CC,CTC,SCMT,SI,PC22,D4L,FI,,
45340,CARRARA-AVENZA,45380,MASSA ZONA INDUSTRIALE,F045,3.56,2,TE,F,BAB-CC,SCC,SCMT,SI,PC32,D4,FI,,
58750,MONSAMPOLO DEL TRONTO,58748,SPINETOLI VILLA S.PIO X,C124,2.25,1,TE,CS,BCA,CTC,SCMT,NO,FS,D4L,AN,,
36020,GENOVA STURLA,36060,GENOVA QUARTO DEI MILLE,N004,1.56,2,TE,N,BAB-CC,SCC,SCMT,SI,PC22,D4L,GE,,
52160,PONTE A MORIANO,52200,S.PIETRO A VICO,C119,3.85,1,TD,CS,BCA,CTC,SCMT,NO,FS,D4L,FI,,
29230,CASSOLA,29260,CASTELLO DI GODEGO,C091,8.03,1,TE,CS,BCA,SCC,SCMT,NO,FS,C3L,VE,,
72200,CASTEL S.GIORGIO-ROCCAPIEMONTE,72171,VALLE DI MERCATO S.SEVERINO,C216,2.38,1,TE,CST,BCA,CTC,SCMT,SI,FS,C3L,NA,,I173
75900,POLIGNANO A MARE,75940,MONOPOLI,C150,7.58,2,TE,CS,BCAB,SCC,SCMT,SI,PC45,D4L,BA,,P223
17260,TIRANO,17263,VILLA DI TIRANO,C037,3.77,1,TE,CS,BCA,CTC,SCMT,NO,PC22,C3L,MI,,
38660,FIDENZA,49495,BORGHETTO PARMENSE,F047,5.66,1,TE,F,BA-CF,CTC,SCMT,SI,PC22,D4,FI,,
84405,REGGIO DI CALABRIA BOCALE,84440,REGGIO DI CALABRIA PELLARO,C162,2.8,2,TE,CS,BCAB,CTC,SCMT,SI,PC32,C3,RC,,
11110,BIVIO NOVARA OVEST,11115,"SEGN. CONFINE KM 2,222",A003,2.22,2,TE25,F,BRA,SCCACCM,ERTMS_L2,SI,PC80,D4,TO,,
62420,PRIVERNO-FOSSANOVA,62460,MONTE S.BIAGIO - TERRACINA MARE,F057,17.51,2,TE,F,BA-CC,DC,SCMT,SI,PC30,C3,RM,,P224
20340,BELGIOIOSO,20380,CORTEOLONA,C060,4.66,1,TD,CS,BCA,CTC,SCMT,NO,PC22,C3L,MI,,
12340,VITTUONE-ARLUNO,12350,PREGNANA MILANESE,F011,4.83,2,TE,F,BAB-CC,SCCACCM,ERTMS_L2_SOVR,SI,PC80,D4,MI,,
26084,SEGN. CONFINE RENO EST,39845,P. M. SANTA VIOLA,A005,0.58,2,TE,F,BAB-CC,SCCACCM,SCMT,SI,PC80,D4,BO,,
68616,MONTE AGLIO OVEST PES,68620,VALLE MADDALONI PES,,0.0,2,TE,F,BAB-CC,SCCACCM,SCMT,SI,PC80,D4,NA,,0099A|0099B|0279A|0279B|0281|0284
73080,BOIANO,73120,CANTALUPO DEL SANNIO,C139,8.35,1,TD,CS,BCA,CTC,SCMT,NO,FS,C3L,NA,,P246
46819,P.M. ROVEZZANO D.D.,46821,DEV. EST. P.M. ROVEZZANO D.D.,F055,0.76,2,TE,F,BRA,SCCACCM,ERTMS_L2,SI,PC22,D4L,FI,,
73400,MONTEMILETTO,73371,PERCIANTI ARIANELLO,C223,3.03,1,TD,CST,BCA,CTC,SSC,NO,FS,<A,NA,B,
74330,1° BIVIO P.C. GRICIGNANO,74347,NAPOLI AFRAGOLA,A001,14.31,2,TE25,F,BRA,SCC,ERTMS_L2,SI,PC80,D4,NA,,P224
13580,BRESCIA,17142,BRESCIA FM,,2.05,2,TE,F,BAB-CC,SCCACCM,SCMT,SI,PC80,D4,MI,,
56421,CASTELFERRETTI - FALCONARA AEROPORTO DELLE MARCHE,56425,FALCONARA STADIO,F065,2.87,2,TE,F,BAB-CC,CTC,SCMT,SI,PC80,D4L,AN,,
25028,BOLZANO SUD,25025,BOLZANO CASANOVA,C068,1.09,1,TE,CS,BCA,CTC,SCMT,NO,FS,C3,VR,,
89182,PALERMO SFERRACAVALLO,89220,ISOLA DELLE FEMMINE,C181,2.62,2,TE,CS,BCAB,SCC,SCMT,SI,FS,C3,PA,,0036
86300,ZAPPULLA,86340,S.MARCO D'ALUNZIO-TORRENOVA,C175,3.5,1,TE,CS,BCA,SCC,SCMT,SI,PC22,C3,PA,,
69927,BIVIO S.LUCIA,71230,P.M. TORRICCHIO,F073,2.09,2,TE,F,BAB-CC,SCCACCM,SCMT,SI,PC32,D4L,NA,,
67760,DOPPIO BIVIO CASSINO,70640,NAPOLI TRACCIA,N008,1.54,2,TE,N,BAB-CC,SCC,SCMT,SI,PC45,C3,NA,,
70260,SICIGNANO,70300,BUCCINO-S.GREGORIO MAGNO,C136,7.62,1,TE,CS,BCA,CTC,SCMT,SI,PC22,C3L,NA,,I107A|P238A
48100,2° BIVIO AREZZO NORD,48140,AREZZO,F053,4.65,2,TE,F,BAB-CC,CTC,SCMT,SI,PC22,D4L,FI,,
50640,BORGO S.LORENZO,97020,S.PIERO A SIEVE,C112,4.76,1,TD,CS,BCA,CTCACCM,SSC,SI,FS,D4L,FI,,
78460,POGGIORSINI,78500,GRAVINA IN PUGLIA,C224,18.34,1,TD,CST,ALT,DU,SSC,NO,FS,C3,BA,B,
37285,BRAGNO,37320,FERRANIA,C096,2.17,1,TE,CS,BCA,SCC,SCMT,SI,PC32,C3L,GE,,
57420,FAGNANO-CAMPANA,57425,FONTECCHIO,C231,5.01,1,TD,CST,BCA,CTC,SSC,NO,FS,C3L,AN,,P210A
02140,ASTI,09684,ISOLA D'ASTI,C001,8.89,1,TD,CS,BCA,DL,SCMT,NO,FS,C3,TO,,
65425,VILLETTA,65460,ALBANO LAZIALE,C134,1.59,1,TE,CS,BCA,CTC,SCMT,SI,FS,A,RM,,
67380,SPARANISE,67420,PIGNATARO MAGGIORE,F061,6.03,2,TE,F,BAB-CC,SCC,SCMT,SI,PC45,C3,NA,,
12270,MILANO PORTA GARIBALDI,16355,BIVIO P.C. MIRABELLO,N002,2.09,2,TE,N,BAB-CC,SCCACCM,SCMT,SI,PC45,C3L,MI,,P054
03040,MORTARA,07830,GAMBOLO'-REMONDO',C021,6.06,1,TD,CS,BCA,CTC,SCMT,NO,FS,C3,TO,,
74640,TERMOLI,74680,CAMPOMARINO,F067,6.84,1,TE,F,BCA,SCC,SCMT,SI,PC80,D4,BA,,P223
23300,ROVERETO,23250,CALLIANO,F027,7.71,2,TE,F,BAB-CC,SCC,SCMT,SI,PC80,D4,VR,,
68387,DEV.INT.NAPOLI C.LE,70580,NAPOLI CENTRALE,N008,1.12,2,TE,N,BA-CF,SCC,SCMT,SI,FS,C3,NA,,
40680,PIANORO,40720,MONZUNO-VADO,F043,9.16,2,TE,F,BAB-CC,CTCACCM,SCMT,SI,PC22,D4,BO,,P261
05500,ROMAGNANO SESIA,09317,GHEMME,C035,4.86,1,TD,CS,BCA,DL,SSC,NO,FS,D4L,TO,,
44490,BARICETTA,44530,ADRIA,C225,4.64,1,TD,CST,BCA,DPC,SSC,NO,PC80,C3,VE,,
80820,LAMEZIA TERME CENTRALE,85240,LAMEZIA TERME SAMBIASE,C163,5.93,1,TD,CS,BCA,SCCACCM,SCMT,SI,FS,C3L,RC,,P245
59660,FABRO-FICULLE,59700,ALLERONA CASTEL VISCARDO,F053,11.85,2,TE,F,BAB-CC,CTC,SCMT,SI,PC22,D4L,FI,,
72040,SERINO,72070,SOLOFRA,C215,3.57,1,TD,CST,BCA,CTC,SSC,SI,FS,<A,NA,,I173
76340,BITETTO-PALO DEL COLLE,76300,MODUGNO,C158,4.86,2,TE,CS,BCAB,SCC,SCMT,SI,PC80,D4,BA,,
35240,LAIGUEGLIA,35300,ALASSIO,F009,3.26,1,TE,F,BCA,SCCACCM,SCMT,SI,PC22,D4L,GE,,
81380,REGGIO DI CALABRIA S.CATERINA,81385,REGGIO DI CALABRIA LIDO,F077,1.49,2,TE,F,BAB-CC,CTC,SCMT,SI,PC32,C3,RC,,
87365,PONTE SANTO STEFANO,87370,PONTE SCHIAVO,C169,1.88,2,TE,CS,BAB-CC,SCC,SCMT,SI,PC22,C3,PA,,
59480,BIVIO/PC SETTEBAGNI,60433,FIDENE,N007,3.46,2,TE,N,BAB-CC,SCCACCM,SCMT,SI,PC45,D4L,RM,,
70709,SALA CONSILINA,70715,SASSANO T.,,4.8,1,TD,CS,ALT,DU,,,n.c.,,NA,B,I107A|P238A
46970,SEGN.CONF.VALD.SUD,47900,2° BIVIO VALDARNO SUD,F055,0.54,2,TE,F,BRA,SCCACCM,ERTMS_L2,SI,PC22,D4L,FI,,
09910,BAGNASCO,09920,PIEVETTA,C208,5.12,1,TD,CST,BCA,DL,SSC,NO,FS,B2L,TO,B,
01400,SANTHIA',05660,CARISIO,C227,5.13,1,TD,CST,BCA,CTC,SSC,NO,FS,<A,TO,B,
32320,GORIZIA CENTRALE,33113,CONFINE DI STATO (SLO),F039,2.58,1,TD,F,BCA,DC,NO,SI,PC80,C3,TS,,
06960,MOMBARUZZO,06980,ALICE BELCOLLE,C195,5.15,1,TE,CST,BCA,DL,SCMT,SI,FS,C3L,TO,,
27191,G.S. MESTRE,27300,VENEZIA MESTRE,N003,1.51,2,TE,N,BAB-CC,SCCACCM,SCMT,SI,PC80,D4,VE,,
26150,CASTELVECCHIO PDE,26155,DIATERNA PDE,A007,5.07,2,TE25,F,BRA,SCCACCM,ERTMS_L2,SI,PC80,D4,BO,,
02100,S.DAMIANO D'ASTI,02140,ASTI,F003,7.17,2,TE,F,BAB-CC,DC,SCMT,SI,PC32,D4,TO,,P131
06140,VILLADOSSOLA,11180,DOMODOSSOLA,C029,6.54,1,TE,CS,BCA,CTC,SCMT,SI,PC80,D4L,TO,,
19083,PONTE D'ADDA,19120,ACQUANEGRA CREMONESE,C061,7.83,1,TE,CS,BCA,CTC,SCMT,SI,PC45,D4L,MI,,
32360,REDIPUGLIA,32400,RONCHI DEI LEGIONARI NORD,F039,3.04,2,TE,F,BCAB,DC,SCMT,SI,PC80,D4L,TS,,
11680,MEINA,11720,ARONA,,4.85,2,TE,F,BA-CC,DC,SCMT,SI,PC50,D4,MI,,
45760,PISA / BIN. PISA CENTRALE,50940,COLLESALVETTI,F051,14.94,1,TE,F,BCA,SCC,SCMT,NO,PC80,D4,FI,,
62615,CAPRAROLA,62625,RONCIGLIONE,,4.01,1,,CS,ALT,DU,,,n.c.,,RM,B,
65143,OLGIATA,65180,LA STORTA,N007,2.13,2,TE,N,BAB-CC,SCCACCM,SCMT,SI,FS,C3L,RM,,P053
91070,SPARAGOGNA,91100,CATENANUOVA-CENTURIPE,C178,5.46,1,TE,CS,BCA,CTC,SCMT,NO,FS,C3L,PA,,0275A
85900,BARCELLONA-CASTROREALE,85940,TERME VIGLIATORE,C175,3.21,2,TE,CS,BAB-CC,SCC,SCMT,SI,PC22,C3,PA,,
19580,S.ZENO FOLZANO,13580,BRESCIA,C064,5.66,1,TE,CS,BCA,CTC,SCMT,NO,PC45,C3L,MI,,
10215,BERGAMASCO,10220,BRUNO,C206,3.12,1,TD,CST,BCA,DL,SSC,NO,FS,C3L,TO,B,
89300,CARINI,89270,CARINI TORRE CIACHEA,C181,3.34,2,TE,CS,BCAB,SCC,SCMT,SI,FS,C3,PA,,0036
36115,PONTETTO,36140,PIEVE LIGURE,F045,1.27,2,TE,F,BAB-CC,SCC,SCMT,SI,PC22,D4L,GE,,
07600,CUNEO GESSO,08140,BIVIO MADONNA DELL'OLMO,C217,3.08,1,TD,CST,BCA,CTC,SCMT,NO,PC45,C3L,TO,B,
15680,P.M. ISPRA,15720,TAINO-ANGERA,C036,4.53,1,TE,CS,BCA,CTC,SCMT,SI,PC80,D4L,MI,,
41755,BIVIO NAVILE,41760,BIVIO BATTIFERRO,N005,2.09,2,TE,N,BA-CC,CTC,SCMT,SI,PC45,D4,BO,,
65020,BRACCIANO,65023,VIGNA DI VALLE,C129,4.51,1,TE,CS,BCA,CTC,SCMT,NO,FS,C3L,RM,,
28900,S.MARTINO DI LUPARI,28940,CASTELFRANCO VENETO,C087,6.1,2,TE,CS,BCAB,SCC,SCMT,SI,PC80,D4L,VE,,
51160,LUCCA,52200,S.PIETRO A VICO,C119,5.23,1,TD,CS,BCA,CTC,SCMT,NO,FS,D4L,FI,,
50745,STRADA CASALE,50747,FOGNANO,C111,3.31,1,TD,CS,BCA,CTC,SSC,SI,FS,<A,FI,,P200
09340,VARALLO SESIA,09337,QUARONA,C035,6.36,1,TD,CS,ALT,SPO,SSC,NO,FS,<A,TO,A,
48565,DEVIATOIO OLMATELLO (FIRENZE RIFREDI),48580,P.M. FIRENZE CASCINE,N006,2.5,2,TE,N,BAB-CC,CTC,SCMT,SI,PC80,D4,FI,,P076
08265,ROCCAVIONE,08280,ROBILANTE,C010,2.9,1,TE,CS,BCA,CTC,SCMT,NO,FS,C3L,TO,,
80480,FUSCALDO,80520,PAOLA,F075,5.9,2,TE,F,BAB-CC,CTC,SCMT,SI,PC32,D4L,RC,,
28340,TREVISO CENTRALE,28350,S.TROVASO,F037,4.51,2,TE,F,BAB-CC,SCC,SCMT,SI,PC80,D4L,VE,,
56725,INTERPORTO D'ABRUZZO,56760,CHIETI,C125,3.78,1,TE,CS,BCA,CTC,SCMT,SI,PC80,C3L,AN,,
57030,SORGENTI DEL PESCHIERA,57060,CASTEL S.ANGELO,C231,2.5,1,TD,CST,BCA,CTC,SSC,NO,FS,<A,AN,,P210A
55560,TERNI,55620,GIUNCANO,F065,12.11,1,TE,F,BCA,CTC,SCMT,SI,PC45,D4L,AN,,
10245,S.STEFANO BELBO,10255,COSTIGLIOLE D'ASTI,C206,5.81,1,TD,CST,BCA,DL,SSC,NO,FS,C3L,TO,B,
16600,TORTONA,16605,DEV. TORTONA,F021,1.81,2,TE,F,BAB-CC,DC,SCMT,SI,PC45,D4L,MI,,
49130,DEV.INGR.CAMPIGLIA,49135,POPULONIA,C120,3.52,2,TE,CS,BCAB,SCC,SCMT,SI,FS,D4L,FI,,
09365,MONTEU DA PO,09380,CAVAGNOLO-BRUSASCO,C209,2.32,1,TD,CST,BCA,DL,SSC,SI,FS,C3,TO,B,
75516,ENZITETO CATINO (BARI S.SPIRITO),75520,BARI S.SPIRITO,F069,0.74,1,TE,F,ALT,SCC,SCMT,SI,PC45,D4,BA,B,P223
68100,POZZUOLI SOLFATARA,68111,BAGNOLI-AGNANO TERME,N008,3.64,2,TE,N,BAB-CC,SCC,SCMT,SI,PC22,C3,NA,,
65840,MAGLIANA,65815,VILLA BONELLI,N007,2.96,2,TE,N,BCABM,DC,SCMT,SI,PC32,C3,RM,,
00080,P.C. TERRES FROIDES,00112,CONFINE FRANCESE (MODANE),F001,6.93,2,TE,F,BAB-CC,CTC,SCMT,SI,PC45,D4,TO,,
49905,ROCCAMURATA,49940,OSTIA PARMENSE,F047,2.92,1,TE,F,BCA,CTC,SCMT,SI,PC22,C3L,FI,,
41960,RUSSI,42000,GODO,C108,3.42,1,TE,CS,BCA,CTC,SCMT,SI,PC32,D4L,BO,,
72001,S.MICHELE DI SERINO,72000,AVELLINO,C215,6.22,1,TD,CST,BCA,CTC,SSC,SI,FS,<A,NA,,I173
36385,CAVI,36420,SESTRI LEVANTE,F045,2.78,2,TE,F,BAB-CC,SCC,SCMT,SI,PC22,D4L,GE,,
36460,RIVA TRIGOSO,36500,MONEGLIA,F045,5.24,2,TE,F,BAB-CC,SCC,SCMT,SI,PC22,D4L,GE,,
78162,P.M. TIERA,78165,POTENZA MACCHIA ROMANA,C154,4.41,1,TD,CS,BCA,CTC,SSC,SI,FS,C3L,BA,,1674
72090,BORGO,72079,MONTORO SUPERIORE,C215,4.49,1,TD,CST,BCA,CTC,SSC,SI,FS,<A,NA,,I173
61583,LABICO,61620,VALMONTONE,F061,3.09,2,TE,F,BAB-CC,SCCACCM,SCMT,SI,PC32,D4,RM,,
23000,EGNA-TERMENO,23005,MAGRE'-CORTACCIA,F027,3.97,2,TE,F,BAB-CC,SCC,SCMT,SI,PC80,D4,VR,,P224
57764,PERUGIA UNIVERSITA',57800,PERUGIA,C127,2.19,1,TE,CS,BCA,CTC,SCMT,NO,FS,C3L,AN,,0334
73760,MONTEVERDE,73731,AQUILONIA,C223,3.93,1,TD,CST,BCA,CTC,SSC,NO,FS,<A,NA,B,
38418,PES DORIA,35972,GR SC GE VOLTRI,N004,0.0,2,TE,N,BAB-CC,SCCACCM,SCMT,SI,PC45,D4,GE,,
44120,CORBEZZI,44160,PITECCIO,C115,5.98,1,TE,CS,BCA,CTC,SCMT,NO,FS,C3L,BO,,
08725,AOSTA ISTITUTO,08727,AOSTA VIALE EUROPA,C003,0.98,1,TD,CS,BCA,DL,SSC,NO,FS,A,TO,B,
61500,CIAMPINO,65415,ACQUA ACETOSA,C134,1.82,1,TE,CS,BCA,CTC,SCMT,SI,FS,A,RM,,
56120,FABRIANO,56085,CANCELLI DI FABRIANO,F065,6.95,1,TE,F,BCA,CTC,SCMT,SI,PC45,D4L,AN,,
61500,CIAMPINO,65380,FRASCATI,C235,9.66,1,TE,CSP,ALT,SPO,SCMT,SI,FS,C3L,RM,,1417
72285,PASTENA,72290,MERCATELLO,C147,0.77,1,TE,CS,BCA,DL,SCMT,SI,FS,C3,NA,,
11640,BELGIRATE,11645,LESA,F013,2.24,2,TE,F,BA-CC,DC,SCMT,SI,PC50,D4,MI,,
42320,DOPPIO BIVIO RIMESSE,42400,BOLOGNA S.DONATO,N005,1.05,2,TE,N,BAB-CC,CTCACCM,SCMT,SI,PC80,D4,BO,,
33010,BIVIO CARGNACCO,33012,DEV. BIVIO CARGNACCO,C094,0.11,1,TE,CS,BCA,DC,SCMT,SI,PC80,D4L,TS,,
08940,BIELLA S.PAOLO,08960,BIELLA-CHIAVAZZA,C199,1.45,1,TD,CST,BCA,DL,SSC,NO,FS,B2L,TO,,
51950,FOSCIANDORA-CESERANA,51955,CASTELVECCHIO PASCOLI,C119,3.7,1,TD,CS,BCA,CTC,SCMT,NO,FS,C3L,FI,,
23080,MEZZOCORONA,23120,LAVIS,F027,7.3,2,TE,F,BAB-CC,SCC,SCMT,SI,PC80,D4,VR,,P224
56085,CANCELLI DI FABRIANO,56080,P.M. GALLERIA FOSSATO,F065,5.35,1,TE,F,BCA,CTC,SCMT,SI,PC45,D4L,AN,,
27385,VENEZIA S.LUCIA,27818,DEV.ESTR.VENEZIA,N003,1.5,2,TE,N,BAB-CC,SCCACCM,SCMT,SI,PC22,D4L,VE,,
66187,SANTOPADRE,66185,FONTANA LIRI,C133,3.28,1,TD,CS,BCA,CTC,SSC,NO,FS,<A,RM,,
46680,GIUNCARICO,46720,MONTEPESCALI,F051,7.19,2,TE,F,BAB-CC,SCC,SCMT,SI,PC80,D4,FI,,
41000,PADOVA CAMPO MARTE,41010,ABANO,F031,6.92,2,TE,F,BAB-CC,SCC,SCMT,SI,PC80,D4L,VE,,P223
23680,BIVIO P.C. S.LUCIA,23705,BUTTAPIETRA,F029,9.29,2,TE,F,BAB-CC,SCC,SCMT,SI,PC80,D4,VR,,P222|P224
56565,TOCCO-CASTIGLIONE,56560,BUSSI,C125,6.47,1,TE,CS,BCA,CTC,SCMT,SI,PC22,C3L,AN,,
49980,BORGO VAL DI TARO,50020,P.M. GRONDOLA GUINADI,F047,8.67,2,TE,F,BCAB,CTC,SCMT,SI,PC22,C3L,FI,,
94700,PAULILATINO,94740,ABBASANTA,C187,6.75,1,TD,CS,BCA,CTC,SCMT,NO,PC30,C3L,CA,,
66463,CANISTRO,66460,CIVITELLA ROVETO,C133,3.15,1,TD,CS,BCA,CTC,SSC,NO,FS,<A,RM,,
56420,CHIARAVALLE,56385,JESI INTERPORTO,F065,4.2,2,TE,F,BAB-CC,CTC,SCMT,SI,PC80,D4L,AN,,
29900,BUSCHE-LENTIAI-MEL,29940,FELTRE,C078,7.08,1,TE,CS,BCA,CTC,SCMT,NO,FS,C3L,VE,,
34710,BIVIO P.C. BERSAGLIO,36800,GENOVA PIAZZA PRINCIPE,N004,3.09,2,TE,N,BAB-CC,SCC,SCMT,SI,PC22,D4L,GE,,P221
60600,TALAMONE,60640,ALBINIA,F051,7.93,2,TE,F,BAB-CC,SCC,SCMT,SI,PC80,D4,FI,,
43600,IGEA MARINA,43605,RIMINI TORRE PEDRERA,C102,3.38,1,TE,CS,BCA,CTC,SCMT,SI,PC32,D4L,BO,,
71580,MORCONE,71591,S.MARIA COLLE DI SERRA,C202,4.91,1,TD,CST,BCA,CTC,SSC,NO,FS,C3L,NA,B,
18240,PONTE S.PIETRO,18245,BERGAMO OSPEDALE,C048,4.79,1,TE,CS,BCA,DC,SCMT,NO,PC22,C3L,MI,,
54280,POTENZA PICENA-MONTELUPONE,54320,CIVITANOVA MARCHE-MONTEGRANARO,F067,6.11,2,TE,F,BAB-CC,SCC,SCMT,SI,PC80,D4,AN,,
47040,1° BIVIO AREZZO NORD,47038,SEGN.CONF.AR.NORD,,2.2,2,TE,F,BRA,SCCACCM,ERTMS_L2,SI,PC22,D4L,FI,,
80660,AMANTEA,80700,CAMPORA-S.GIOVANNI-SERRA AIELLO,F077,7.59,2,TE,F,BAB-CC,CTC,SCMT,SI,PC45,D4L,RC,,
15860,VARESE,20766,P.P. INDUNO OLONA,C049,2.72,1,TE,CS,BCA,CTC,SCMT,SI,FS,D4,MI,,
33015,LUMIGNACCO,33030,RISANO,C094,2.82,1,TE,CS,BCA,DC,SCMT,SI,PC80,D4L,TS,,
79220,CANOSA DI PUGLIA,79175,CANNE DELLA BATTAGLIA,C198,13.05,1,TD,CST,ALT,SPO,SCMT,SI,FS,C3L,BA,,
47616,P.M. ROVEZZANO L.L.,47618,DEV.EST.PM ROVEZZANO L.L.,F053,0.81,2,TE,F,BAB-CC,SCCACCM,SCMT,SI,PC22,D4L,FI,,
51527,PRATO PORTA AL SERRAGLIO,51526,PRATO BORGONUOVO,C118,2.04,2,TE,CS,BAB-CC,DC,SCMT,SI,FS,D4,FI,,
03067,OLEVANO,03080,VALLE LOMELLINA,C026,7.13,2,TE,CS,BCA,DL,SCMT,SI,PC45,D4L,TO,,
09405,COCCONATO,09410,S.ANNA ROBELLA,C209,1.87,1,TD,CST,BCA,DL,SSC,SI,FS,C3,TO,B,
52925,TREQUANDA,52930,S.GIOVANNI D'ASSO,C194,5.25,1,TD,CST,BCA,CTC,NO,NO,FS,A,FI,A,
88070,EUROPA,88080,CATANIA CENTRALE,C169,1.17,2,TE,CS,BAB-CC,SCC,SCMT,SI,PC22,C3,PA,,
92660,PIANO CARBONE,92740,NISCEMI,C172,12.3,1,TD,CS,BCA,CTC,SSC,NO,PC22,C3,PA,B,P232
10460,MUSSOTTO,10480,MONTICELLO D'ALBA,C206,4.27,1,TE,CST,BCA,DL,SCMT,NO,FS,C3L,TO,,
64640,VITERBO PORTA FIORENTINA,66120,MONTEFIASCONE,C196,12.39,1,TE,CST,BCA,CTC,SCMT,NO,FS,C3L,RM,,
88660,SIRACUSA,94000,S.TERESA LONGARINI,C174,9.04,1,TD,CS,BCA,SCCACCM,SSC,SI,FS,B2,PA,,
29660,OSPITALE DI CADORE,29700,LONGARONE-ZOLDO,C076,7.54,1,TD,CS,BCA,CTC,SSC,NO,FS,C3L,VE,,
40120,IMOLA,40160,CASTELBOLOGNESE - RIOLO TERME,F063,7.78,2,TE,F,BAB-CC,CTC,SCMT,SI,PC80,D4,BO,,P223|P262A
63620,CARRITO-ORTONA,63580,PESCINA,C131,5.05,1,TE,CS,BEM,DC,SCMT,SI,PC22,C3L,RM,,A2001B|A2004E
75300,BARLETTA,75360,TRANI,F069,12.59,2,TE,F,BAB-CC,SCC,SCMT,SI,PC80,D4,BA,,P223
70540,TITO,77160,POTENZA CENTRALE,C136,10.29,1,TE,CS,BCA,CTC,SCMT,SI,PC22,C3L,NA,,
61320,ROMA OSTIENSE,61380,ROMA TUSCOLANA,N007,3.61,2,TE,N,BA-CC,DC,SCMT,SI,PC32,D4,RM,,P053
44475,CEREGNANO,44480,LAMA,C225,3.41,1,TD,CST,BCA,DL,SSC,NO,PC80,C3,VE,,
26780,CAVAZZALE,26820,DUEVILLE,C069,4.94,1,TD,CS,BCA,CTC,SCMT,NO,FS,C3L,VR,,
04260,MAGLIANO-CRAVA-MOROZZO,04300,MONDOVI',C012,6.09,2,TE,CS,BCA,DC,SCMT,NO,PC45,C3,TO,,
17390,CASTIONE ANDEVENNO,17420,S.PIETRO BERBENNO,C039,5.32,1,TE,CS,BCA,CTC,SCMT,NO,PC22,C3L,MI,,
73440,PATERNOPOLI,73431,LUOGOSANO-S.MANGO SUL CALORE,C223,1.74,1,TD,CST,BCA,CTC,SSC,NO,FS,<A,NA,B,
91630,TERRENOVE,91660,MARSALA,C192,6.05,1,TD,CST,BCA,CTC,SCMT,NO,FS,C3L,PA,,
99216,SANSECONDO,99214,BAUCCA-GARAVELLE,C251,0.0,1,TE,CS,BCA,CTC,NO,NO,FS,<A,AN,,
99218,CANOSCIO,99216,SANSECONDO,C251,0.0,1,TE,CS,BCA,CTC,NO,NO,FS,<A,AN,,
99236,MONTECASTELLI PONTE TEVERE,99234,RANCHI,C251,0.0,1,TE,CS,BCA,CTC,NO,NO,FS,<A,AN,,
99254,MONTECORONA,99252,UMBERTIDE,C251,0.0,1,TE,CS,BCA,CTC,NO,NO,FS,<A,AN,,
99262,PIERANTONIO,99254,MONTECORONA,C251,0.0,1,TE,CS,BCA,CTC,NO,NO,FS,<A,AN,,
99272,SOLFAGNANO PARLESCA,99264,PALAZZACCIA,C251,0.0,1,TE,CS,BCA,CTC,NO,NO,FS,<A,AN,,
99282,PONTE PATTOLI,99274,S.BARTOLOMEO-RESINA,C251,0.0,1,TE,CS,BCA,CTC,NO,NO,FS,<A,AN,,
99284,RAMAZZANO,99282,PONTE PATTOLI,C251,0.0,1,TE,CS,BCA,CTC,NO,NO,FS,<A,AN,,
99294,PRETOLA,99292,PONTE FELCINO,C251,0.0,1,TE,CS,BCA,CTC,NO,NO,FS,<A,AN,,
57840,PERUGIA PONTE S.GIOVANNI,99296,PONTE VALLECEPPI,C251,0.0,1,TE,CS,BCA,CTC,NO,NO,FS,<A,AN,,
99296,PONTE VALLECEPPI,99294,PRETOLA,C251,0.0,1,TE,CS,BCA,CTC,NO,NO,FS,<A,AN,,
99292,PONTE FELCINO,99286,VILLA PITIGNANO,C251,0.0,1,TE,CS,BCA,CTC,NO,NO,FS,<A,AN,,
99286,VILLA PITIGNANO,99284,RAMAZZANO,C251,0.0,1,TE,CS,BCA,CTC,NO,NO,FS,<A,AN,,
99274,S.BARTOLOMEO-RESINA,99272,SOLFAGNANO PARLESCA,C251,0.0,1,TE,CS,BCA,CTC,NO,NO,FS,<A,AN,,
99264,PALAZZACCIA,99262,PIERANTONIO,C251,0.0,1,TE,CS,BCA,CTC,NO,NO,FS,<A,AN,,
99252,UMBERTIDE,99244,NICCONE,C251,0.0,1,TE,CS,BCA,CTC,NO,NO,FS,<A,AN,,
99244,NICCONE,99242,MONTECASTELLI,C251,0.0,1,TE,CS,BCA,CTC,NO,NO,FS,<A,AN,,
99242,MONTECASTELLI,99236,MONTECASTELLI PONTE TEVERE,C251,0.0,1,TE,CS,BCA,CTC,NO,NO,FS,<A,AN,,
99234,RANCHI,99232,TRESTINA,C251,0.0,1,TE,CS,BCA,CTC,NO,NO,FS,<A,AN,,
99232,TRESTINA,99218,CANOSCIO,C251,0.0,1,TE,CS,BCA,CTC,NO,NO,FS,<A,AN,,
99214,BAUCCA-GARAVELLE,99212,CITTA' DI CASTELLO,C251,0.0,1,TE,CS,BCA,CTC,NO,NO,FS,<A,AN,,
99302,PISCILLE,99304,PERUGIA PALLOTT,,0.0,1,TE,CS,BCA,CTC,NO,NO,FS,<A,AN,,
57840,PERUGIA PONTE S.GIOVANNI,99302,PISCILLE,,0.0,1,TE,CS,BCA,CTC,NO,NO,FS,<A,AN,,
99304,PERUGIA PALLOTT,99306,PERUGIA S.ANNA,,0.0,1,TE,CS,BCA,CTC,NO,NO,FS,<A,AN,,
99212,CITTA' DI CASTELLO,99313,CITTA' DI CASTELLO - FORNACE,,0.0,1,,,,,,,n.c.,,AN,B,
99313,CITTA' DI CASTELLO - FORNACE,99316,CITTA' DI CASTELLO - ZONA INDUSTRIALE,,0.0,1,,,,,,,n.c.,,AN,B,
99316,CITTA' DI CASTELLO - ZONA INDUSTRIALE,99319,CERBARA,,0.0,1,,,,,,,n.c.,,AN,B,
99319,CERBARA,99322,SELCI LAMA,,0.0,1,,,,,,,n.c.,,AN,B,
99322,SELCI LAMA,99325,SAN GIUSTINO,,0.0,1,,,,,,,n.c.,,AN,B,
99325,SAN GIUSTINO,99328,LA DOGANA,,0.0,1,,,,,,,n.c.,,AN,B,
99328,LA DOGANA,99331,TREBBIO,,0.0,1,,,,,,,n.c.,,AN,B,
99331,TREBBIO,99334,SANSEPOLCRO,,0.0,1,,,,,,,n.c.,,AN,B,
57840,PERUGIA PONTE S.GIOVANNI,99347,BALANZANO,,0.0,1,,,,,,,n.c.,,AN,B,
99347,BALANZANO,99350,SAN MARTINO,,0.0,1,,,,,,,n.c.,,AN,B,
99350,SAN MARTINO,99353,DERUTA,,0.0,1,,,,,,,n.c.,,AN,B,
99353,DERUTA,99356,FANCIULLATA,,0.0,1,,,,,,,n.c.,,AN,B,
99356,FANCIULLATA,99359,PAPIANO,,0.0,1,,,,,,,n.c.,,AN,B,
99359,PAPIANO,99362,CERQUETO,,0.0,1,,,,,,,n.c.,,AN,B,
99362,CERQUETO,99365,MARSCIANO,,0.0,1,,,,,,,n.c.,,AN,B,
99365,MARSCIANO,99368,FRATTA TODINA,,0.0,1,,,,,,,n.c.,,AN,B,
99368,FRATTA TODINA,99371,ILCI - PIAN DEI MORI,,0.0,1,,,,,,,n.c.,,AN,B,
99371,ILCI - PIAN DEI MORI,99374,PIAN DI PORTO - C.C.,,0.0,1,,,,,,,n.c.,,AN,B,
99374,PIAN DI PORTO - C.C.,99377,TODI - PONTE RIO,,0.0,1,,,,,,,n.c.,,AN,B,
99377,TODI - PONTE RIO,99380,TODI - PONTE NAIA,,0.0,1,,,,,,,n.c.,,AN,B,
99380,TODI - PONTE NAIA,99383,COLLEVALENZA R.R.,,0.0,1,,,,,,,n.c.,,AN,B,
99383,COLLEVALENZA R.R.,99386,SAN FAUSTINO - CASIGLIANO,,0.0,1,,,,,,,n.c.,,AN,B,
99386,SAN FAUSTINO - CASIGLIANO,99389,MASSA MARTANA,,0.0,1,,,,,,,n.c.,,AN,B,
99389,MASSA MARTANA,99392,ACQUASPARTA,,0.0,1,,,,,,,n.c.,,AN,B,
99392,ACQUASPARTA,99395,FURAPANE,,0.0,1,,,,,,,n.c.,,AN,B,
99395,FURAPANE,99398,MONTECASTRILLI,,0.0,1,,,,,,,n.c.,,AN,B,
99398,MONTECASTRILLI,99402,SANGEMINI,,0.0,1,,,,,,,n.c.,,AN,B,
99402,SANGEMINI,99405,CESI,,0.0,1,,,,,,,n.c.,,AN,B,
99405,CESI,99408,TERNI - BORGO RIVO,,0.0,1,,,,,,,n.c.,,AN,B,
99408,TERNI - BORGO RIVO,55560,TERNI,,0.0,1,,,,,,,n.c.,,AN,B,
02403,TORINO REBAUDENGO FOSSATA,07109,TORINO GROSSETO,C262,0.0,2,TE,CS,BCA,CTC,SCMT,NO,PC22,C3,TO,,
07109,TORINO GROSSETO,07112,RIGOLA STADIO - PES,C262,0.0,2,TE,CS,BCA,CTC,SCMT,NO,PC22,C3,TO,,
07112,RIGOLA STADIO - PES,07115,VENARIA REALE,C262,0.0,2,TE,CS,BCA,CTC,SCMT,NO,PC22,C3,TO,,
07115,VENARIA REALE,07121,BORGARO,C262,0.0,2,TE,CS,BCA,CTC,SCMT,NO,PC22,C3,TO,,
07121,BORGARO,07127,CASELLE TORINESE,C262,0.0,2,TE,CS,BCA,CTC,SCMT,NO,PC22,C3,TO,,
07127,CASELLE TORINESE,07130,TORINO AEROPORTO,C262,0.0,2,TE,CS,BCA,CTC,SCMT,NO,PC22,C3,TO,,
07130,TORINO AEROPORTO,07136,S. MAURIZIO C.SE,C262,0.0,2,TE,CS,BCA,CTC,SCMT,NO,PC22,C3,TO,,
07136,S. MAURIZIO C.SE,07142,CIRIE',C262,0.0,2,TE,CS,BCA,CTC,SCMT,NO,PC22,C3,TO,,
07142,CIRIE',07148,NOLE,C262,0.0,1,TE,CS,BCA,CTC,SCMT,NO,PC22,C3L,TO,,
07148,NOLE,07154,VILLANOVA GROSSO,C262,0.0,1,TE,CS,BCA,CTC,SCMT,NO,PC22,C3L,TO,,
07154,VILLANOVA GROSSO,07157,MATHI,C262,0.0,1,TE,CS,BCA,CTC,SCMT,NO,PC22,C3L,TO,,
07157,MATHI,07163,BALANGERO,C262,0.0,1,TE,CS,BCA,CTC,SCMT,NO,PC22,C3L,TO,,
07163,BALANGERO,07169,LANZO TORINESE,C262,0.0,1,TE,CS,BCA,CTC,SCMT,NO,PC22,C3L,TO,,
07169,LANZO TORINESE,07172,GERMAGNANO,C262,0.0,1,TE,CS,BCA,CTC,SCMT,NO,PC22,C3L,TO,,
07172,GERMAGNANO,07180,FUNGHERA,,0.0,1,,CS,,,,NO,n.c.,,TO,B,
07180,FUNGHERA,07184,TRAVES,,0.0,1,,CS,,,,NO,n.c.,,TO,B,
07184,TRAVES,07188,LOSA,,0.0,1,,CS,,,,NO,n.c.,,TO,B,
07188,LOSA,07192,PESSINETTO,,0.0,1,,CS,,,,NO,n.c.,,TO,B,
07192,PESSINETTO,07200,MEZZENILE,C262,0.0,1,,CS,,,,NO,n.c.,,TO,B,
07200,MEZZENILE,07204,CERES,C262,0.0,1,,CS,,,,NO,n.c.,,TO,B,
01040,SETTIMO TORINESE,07224,VOLPIANO,C260,0.0,1,TE,CS,BCA,CTC,SCMT,NO,PC45,C2,TO,,
07224,VOLPIANO,07232,S. BENIGNO,C262,0.0,1,TE,CS,BCA,CTC,SCMT,NO,PC45,C2,TO,,
07232,S. BENIGNO,07240,BOSCONERO,C262,0.0,1,TE,CS,BCA,CTC,SCMT,NO,PC45,C2,TO,,
07240,BOSCONERO,07248,FELETTO,C260,0.0,1,TE,CS,BCA,CTC,SCMT,NO,PC45,C2,TO,,
07248,FELETTO,07256,RIVAROLO,C260,0.0,1,TE,CS,BCA,CTC,SCMT,NO,PC45,C2,TO,,
07256,RIVAROLO,07264,FAVRIA,,0.0,1,,CS,,,,NO,n.c.,,TO,B,
07264,FAVRIA,07268,SALASSA,,0.0,1,,CS,,,,NO,n.c.,,TO,B,
07268,SALASSA,07272,VALPERGA,,0.0,1,,CS,,,,NO,n.c.,,TO,B,
07272,VALPERGA,07276,CUORGNE',,0.0,1,,CS,,,,NO,n.c.,,TO,B,
07276,CUORGNE',07280,CAMPORE,,0.0,1,,CS,,,,NO,n.c.,,TO,B,
07280,CAMPORE,07284,PONT,,0.0,1,,CS,,,,NO,n.c.,,TO,B,
